"job.id","time","pval","pval.adj","decision"
1,0,1,1,FALSE
1,0.111111111111111,1,1,FALSE
1,0.222222222222222,1,1,FALSE
1,0.333333333333333,1,1,FALSE
1,0.444444444444444,0.103896103896104,0.935064935064935,FALSE
1,0.555555555555556,0.105894105894106,0.953046953046953,FALSE
1,0.666666666666667,0.46953046953047,1,FALSE
1,0.777777777777778,1,1,FALSE
1,0.888888888888889,1,1,FALSE
1,1,1,1,FALSE
2,0,1,1,FALSE
2,0.111111111111111,1,1,FALSE
2,0.222222222222222,1,1,FALSE
2,0.333333333333333,1,1,FALSE
2,0.444444444444444,1,1,FALSE
2,0.555555555555556,0.245754245754246,1,FALSE
2,0.666666666666667,1,1,FALSE
2,0.777777777777778,1,1,FALSE
2,0.888888888888889,1,1,FALSE
2,1,1,1,FALSE
3,0,1,1,FALSE
3,0.111111111111111,1,1,FALSE
3,0.222222222222222,1,1,FALSE
3,0.333333333333333,1,1,FALSE
3,0.444444444444444,1,1,FALSE
3,0.555555555555556,1,1,FALSE
3,0.666666666666667,1,1,FALSE
3,0.777777777777778,1,1,FALSE
3,0.888888888888889,1,1,FALSE
3,1,1,1,FALSE
4,0,1,1,FALSE
4,0.111111111111111,1,1,FALSE
4,0.222222222222222,1,1,FALSE
4,0.333333333333333,1,1,FALSE
4,0.444444444444444,1,1,FALSE
4,0.555555555555556,1,1,FALSE
4,0.666666666666667,1,1,FALSE
4,0.777777777777778,0.50949050949051,1,FALSE
4,0.888888888888889,0.08991008991009,0.8991008991009,FALSE
4,1,1,1,FALSE
5,0,1,1,FALSE
5,0.111111111111111,1,1,FALSE
5,0.222222222222222,1,1,FALSE
5,0.333333333333333,1,1,FALSE
5,0.444444444444444,1,1,FALSE
5,0.555555555555556,0.619380619380619,1,FALSE
5,0.666666666666667,1,1,FALSE
5,0.777777777777778,1,1,FALSE
5,0.888888888888889,1,1,FALSE
5,1,1,1,FALSE
6,0,1,1,FALSE
6,0.111111111111111,0.0299700299700301,0.20979020979021,FALSE
6,0.222222222222222,0.0159840159840159,0.137862137862138,FALSE
6,0.333333333333333,0.045954045954046,0.275724275724276,FALSE
6,0.444444444444444,0.0419580419580419,0.251748251748251,FALSE
6,0.555555555555556,0.33966033966034,1,FALSE
6,0.666666666666667,0.0619380619380618,0.371628371628371,FALSE
6,0.777777777777778,0.743256743256743,1,FALSE
6,0.888888888888889,1,1,FALSE
6,1,1,1,FALSE
7,0,1,1,FALSE
7,0.111111111111111,1,1,FALSE
7,0.222222222222222,1,1,FALSE
7,0.333333333333333,1,1,FALSE
7,0.444444444444444,0.381618381618382,1,FALSE
7,0.555555555555556,0.421578421578422,1,FALSE
7,0.666666666666667,1,1,FALSE
7,0.777777777777778,1,1,FALSE
7,0.888888888888889,1,1,FALSE
7,1,1,1,FALSE
8,0,0.677322677322677,1,FALSE
8,0.111111111111111,1,1,FALSE
8,0.222222222222222,1,1,FALSE
8,0.333333333333333,1,1,FALSE
8,0.444444444444444,0.107892107892108,1,FALSE
8,0.555555555555556,0.673326673326673,1,FALSE
8,0.666666666666667,1,1,FALSE
8,0.777777777777778,1,1,FALSE
8,0.888888888888889,1,1,FALSE
8,1,1,1,FALSE
9,0,1,1,FALSE
9,0.111111111111111,1,1,FALSE
9,0.222222222222222,1,1,FALSE
9,0.333333333333333,1,1,FALSE
9,0.444444444444444,0.115884115884116,1,FALSE
9,0.555555555555556,0.063936063936064,0.57942057942058,FALSE
9,0.666666666666667,1,1,FALSE
9,0.777777777777778,1,1,FALSE
9,0.888888888888889,1,1,FALSE
9,1,1,1,FALSE
10,0,0.111888111888112,0.335664335664336,FALSE
10,0.111111111111111,0.753246753246753,0.753246753246753,FALSE
10,0.222222222222222,0.663336663336663,0.753246753246753,FALSE
10,0.333333333333333,0.0299700299700301,0.167832167832168,FALSE
10,0.444444444444444,0.00199800199800193,0.0179820179820174,TRUE
10,0.555555555555556,0.00199800199800193,0.0179820179820174,TRUE
10,0.666666666666667,0.00599400599400601,0.0479520479520481,TRUE
10,0.777777777777778,0.0679320679320679,0.223776223776224,FALSE
10,0.888888888888889,0.10989010989011,0.32967032967033,FALSE
10,1,0.017982017982018,0.107892107892108,FALSE
11,0,0.017982017982018,0.125874125874126,FALSE
11,0.111111111111111,0.30969030969031,0.371628371628372,FALSE
11,0.222222222222222,0.121878121878122,0.371628371628372,FALSE
11,0.333333333333333,0.113886113886114,0.371628371628372,FALSE
11,0.444444444444444,0.0339660339660339,0.203796203796204,FALSE
11,0.555555555555556,0.037962037962038,0.227772227772228,FALSE
11,0.666666666666667,0.32967032967033,0.371628371628372,FALSE
11,0.777777777777778,0.371628371628372,0.371628371628372,FALSE
11,0.888888888888889,0.0359640359640359,0.215784215784215,FALSE
11,1,0.00799200799200794,0.075924075924076,TRUE
12,0,1,1,FALSE
12,0.111111111111111,1,1,FALSE
12,0.222222222222222,0.741258741258741,1,FALSE
12,0.333333333333333,0.17982017982018,1,FALSE
12,0.444444444444444,0.133866133866134,1,FALSE
12,0.555555555555556,0.0239760239760241,0.239760239760241,FALSE
12,0.666666666666667,1,1,FALSE
12,0.777777777777778,1,1,FALSE
12,0.888888888888889,1,1,FALSE
12,1,1,1,FALSE
13,0,1,1,FALSE
13,0.111111111111111,1,1,FALSE
13,0.222222222222222,1,1,FALSE
13,0.333333333333333,1,1,FALSE
13,0.444444444444444,1,1,FALSE
13,0.555555555555556,0.35964035964036,1,FALSE
13,0.666666666666667,0.257742257742258,1,FALSE
13,0.777777777777778,1,1,FALSE
13,0.888888888888889,1,1,FALSE
13,1,1,1,FALSE
14,0,1,1,FALSE
14,0.111111111111111,1,1,FALSE
14,0.222222222222222,1,1,FALSE
14,0.333333333333333,1,1,FALSE
14,0.444444444444444,1,1,FALSE
14,0.555555555555556,1,1,FALSE
14,0.666666666666667,1,1,FALSE
14,0.777777777777778,0.559440559440559,1,FALSE
14,0.888888888888889,1,1,FALSE
14,1,1,1,FALSE
15,0,0.479520479520479,1,FALSE
15,0.111111111111111,0.725274725274725,1,FALSE
15,0.222222222222222,1,1,FALSE
15,0.333333333333333,1,1,FALSE
15,0.444444444444444,0.347652347652348,1,FALSE
15,0.555555555555556,1,1,FALSE
15,0.666666666666667,1,1,FALSE
15,0.777777777777778,1,1,FALSE
15,0.888888888888889,1,1,FALSE
15,1,1,1,FALSE
16,0,1,1,FALSE
16,0.111111111111111,0.515484515484516,1,FALSE
16,0.222222222222222,1,1,FALSE
16,0.333333333333333,0.337662337662338,1,FALSE
16,0.444444444444444,0.285714285714286,1,FALSE
16,0.555555555555556,0.931068931068931,1,FALSE
16,0.666666666666667,0.401598401598402,1,FALSE
16,0.777777777777778,1,1,FALSE
16,0.888888888888889,1,1,FALSE
16,1,1,1,FALSE
17,0,1,1,FALSE
17,0.111111111111111,1,1,FALSE
17,0.222222222222222,1,1,FALSE
17,0.333333333333333,1,1,FALSE
17,0.444444444444444,1,1,FALSE
17,0.555555555555556,0.763236763236763,1,FALSE
17,0.666666666666667,1,1,FALSE
17,0.777777777777778,1,1,FALSE
17,0.888888888888889,1,1,FALSE
17,1,1,1,FALSE
18,0,0.675324675324675,1,FALSE
18,0.111111111111111,1,1,FALSE
18,0.222222222222222,1,1,FALSE
18,0.333333333333333,1,1,FALSE
18,0.444444444444444,0.01998001998002,0.17982017982018,FALSE
18,0.555555555555556,0.00199800199800193,0.0199800199800193,TRUE
18,0.666666666666667,0.227772227772228,1,FALSE
18,0.777777777777778,0.30969030969031,1,FALSE
18,0.888888888888889,1,1,FALSE
18,1,0.911088911088911,1,FALSE
19,0,0.055944055944056,0.503496503496504,FALSE
19,0.111111111111111,1,1,FALSE
19,0.222222222222222,0.231768231768232,1,FALSE
19,0.333333333333333,1,1,FALSE
19,0.444444444444444,0.267732267732268,1,FALSE
19,0.555555555555556,0.887112887112887,1,FALSE
19,0.666666666666667,1,1,FALSE
19,0.777777777777778,0.245754245754246,1,FALSE
19,0.888888888888889,0.0359640359640359,0.323676323676323,FALSE
19,1,1,1,FALSE
20,0,1,1,FALSE
20,0.111111111111111,1,1,FALSE
20,0.222222222222222,1,1,FALSE
20,0.333333333333333,1,1,FALSE
20,0.444444444444444,1,1,FALSE
20,0.555555555555556,1,1,FALSE
20,0.666666666666667,1,1,FALSE
20,0.777777777777778,1,1,FALSE
20,0.888888888888889,1,1,FALSE
20,1,1,1,FALSE
21,0,0.0299700299700301,0.20979020979021,FALSE
21,0.111111111111111,0.111888111888112,0.559440559440559,FALSE
21,0.222222222222222,0.997002997002997,1,FALSE
21,0.333333333333333,0.00399600399600408,0.0399600399600408,TRUE
21,0.444444444444444,0.01998001998002,0.13986013986014,FALSE
21,0.555555555555556,0.961038961038961,1,FALSE
21,0.666666666666667,0.017982017982018,0.125874125874126,FALSE
21,0.777777777777778,0.12987012987013,0.64935064935065,FALSE
21,0.888888888888889,1,1,FALSE
21,1,0.265734265734266,1,FALSE
22,0,0.739260739260739,1,FALSE
22,0.111111111111111,0.0679320679320679,0.611388611388611,FALSE
22,0.222222222222222,1,1,FALSE
22,0.333333333333333,1,1,FALSE
22,0.444444444444444,1,1,FALSE
22,0.555555555555556,0.00199800199800193,0.0199800199800193,TRUE
22,0.666666666666667,0.243756243756244,1,FALSE
22,0.777777777777778,1,1,FALSE
22,0.888888888888889,1,1,FALSE
22,1,1,1,FALSE
23,0,0.353646353646354,1,FALSE
23,0.111111111111111,1,1,FALSE
23,0.222222222222222,1,1,FALSE
23,0.333333333333333,0.287712287712288,1,FALSE
23,0.444444444444444,0.00799200799200794,0.0799200799200794,TRUE
23,0.555555555555556,0.10989010989011,0.87912087912088,FALSE
23,0.666666666666667,0.0399600399600399,0.359640359640359,FALSE
23,0.777777777777778,1,1,FALSE
23,0.888888888888889,0.991008991008991,1,FALSE
23,1,0.523476523476524,1,FALSE
24,0,1,1,FALSE
24,0.111111111111111,1,1,FALSE
24,0.222222222222222,1,1,FALSE
24,0.333333333333333,1,1,FALSE
24,0.444444444444444,1,1,FALSE
24,0.555555555555556,1,1,FALSE
24,0.666666666666667,1,1,FALSE
24,0.777777777777778,1,1,FALSE
24,0.888888888888889,1,1,FALSE
24,1,1,1,FALSE
25,0,0.995004995004995,1,FALSE
25,0.111111111111111,0.00399600399600408,0.0399600399600408,TRUE
25,0.222222222222222,1,1,FALSE
25,0.333333333333333,0.337662337662338,1,FALSE
25,0.444444444444444,0.131868131868132,0.675324675324675,FALSE
25,0.555555555555556,0.195804195804196,0.844155844155844,FALSE
25,0.666666666666667,0.267732267732268,1,FALSE
25,0.777777777777778,1,1,FALSE
25,0.888888888888889,0.307692307692308,1,FALSE
25,1,0.247752247752248,0.991008991008991,FALSE
26,0,1,1,FALSE
26,0.111111111111111,1,1,FALSE
26,0.222222222222222,1,1,FALSE
26,0.333333333333333,1,1,FALSE
26,0.444444444444444,1,1,FALSE
26,0.555555555555556,0.165834165834166,1,FALSE
26,0.666666666666667,1,1,FALSE
26,0.777777777777778,1,1,FALSE
26,0.888888888888889,0.261738261738262,1,FALSE
26,1,0.331668331668332,1,FALSE
27,0,1,1,FALSE
27,0.111111111111111,1,1,FALSE
27,0.222222222222222,1,1,FALSE
27,0.333333333333333,1,1,FALSE
27,0.444444444444444,1,1,FALSE
27,0.555555555555556,1,1,FALSE
27,0.666666666666667,0.337662337662338,1,FALSE
27,0.777777777777778,1,1,FALSE
27,0.888888888888889,0.993006993006993,1,FALSE
27,1,0.645354645354645,1,FALSE
28,0,0.813186813186813,1,FALSE
28,0.111111111111111,1,1,FALSE
28,0.222222222222222,0.853146853146853,1,FALSE
28,0.333333333333333,1,1,FALSE
28,0.444444444444444,1,1,FALSE
28,0.555555555555556,0.0279720279720279,0.279720279720279,FALSE
28,0.666666666666667,1,1,FALSE
28,0.777777777777778,1,1,FALSE
28,0.888888888888889,1,1,FALSE
28,1,0.869130869130869,1,FALSE
29,0,1,1,FALSE
29,0.111111111111111,1,1,FALSE
29,0.222222222222222,1,1,FALSE
29,0.333333333333333,1,1,FALSE
29,0.444444444444444,1,1,FALSE
29,0.555555555555556,1,1,FALSE
29,0.666666666666667,1,1,FALSE
29,0.777777777777778,1,1,FALSE
29,0.888888888888889,1,1,FALSE
29,1,1,1,FALSE
30,0,1,1,FALSE
30,0.111111111111111,1,1,FALSE
30,0.222222222222222,1,1,FALSE
30,0.333333333333333,1,1,FALSE
30,0.444444444444444,1,1,FALSE
30,0.555555555555556,1,1,FALSE
30,0.666666666666667,0.609390609390609,1,FALSE
30,0.777777777777778,0.217782217782218,1,FALSE
30,0.888888888888889,1,1,FALSE
30,1,1,1,FALSE
31,0,1,1,FALSE
31,0.111111111111111,1,1,FALSE
31,0.222222222222222,1,1,FALSE
31,0.333333333333333,1,1,FALSE
31,0.444444444444444,0.0919080919080919,0.735264735264735,FALSE
31,0.555555555555556,0.00599400599400601,0.0599400599400601,TRUE
31,0.666666666666667,0.151848151848152,1,FALSE
31,0.777777777777778,1,1,FALSE
31,0.888888888888889,0.213786213786214,1,FALSE
31,1,0.353646353646354,1,FALSE
32,0,1,1,FALSE
32,0.111111111111111,1,1,FALSE
32,0.222222222222222,1,1,FALSE
32,0.333333333333333,1,1,FALSE
32,0.444444444444444,0.461538461538461,1,FALSE
32,0.555555555555556,1,1,FALSE
32,0.666666666666667,1,1,FALSE
32,0.777777777777778,1,1,FALSE
32,0.888888888888889,1,1,FALSE
32,1,1,1,FALSE
33,0,0.739260739260739,1,FALSE
33,0.111111111111111,1,1,FALSE
33,0.222222222222222,1,1,FALSE
33,0.333333333333333,1,1,FALSE
33,0.444444444444444,0.111888111888112,1,FALSE
33,0.555555555555556,0.06993006993007,0.62937062937063,FALSE
33,0.666666666666667,1,1,FALSE
33,0.777777777777778,1,1,FALSE
33,0.888888888888889,1,1,FALSE
33,1,1,1,FALSE
34,0,1,1,FALSE
34,0.111111111111111,1,1,FALSE
34,0.222222222222222,1,1,FALSE
34,0.333333333333333,1,1,FALSE
34,0.444444444444444,0.35964035964036,1,FALSE
34,0.555555555555556,1,1,FALSE
34,0.666666666666667,1,1,FALSE
34,0.777777777777778,1,1,FALSE
34,0.888888888888889,1,1,FALSE
34,1,1,1,FALSE
35,0,0.225774225774226,0.684648684648685,FALSE
35,0.111111111111111,0.0659340659340659,0.471528471528472,FALSE
35,0.222222222222222,0.117882117882118,0.589410589410589,FALSE
35,0.333333333333333,0.337662337662338,0.77022977022977,FALSE
35,0.444444444444444,0.051948051948052,0.415584415584416,FALSE
35,0.555555555555556,0.013986013986014,0.13986013986014,FALSE
35,0.666666666666667,1,1,FALSE
35,0.777777777777778,0.375624375624376,0.77022977022977,FALSE
35,0.888888888888889,0.513486513486513,1,FALSE
35,1,0.35964035964036,0.77022977022977,FALSE
36,0,1,1,FALSE
36,0.111111111111111,1,1,FALSE
36,0.222222222222222,1,1,FALSE
36,0.333333333333333,1,1,FALSE
36,0.444444444444444,0.00799200799200794,0.0799200799200794,TRUE
36,0.555555555555556,1,1,FALSE
36,0.666666666666667,1,1,FALSE
36,0.777777777777778,1,1,FALSE
36,0.888888888888889,1,1,FALSE
36,1,1,1,FALSE
37,0,0.409590409590409,1,FALSE
37,0.111111111111111,0.427572427572428,1,FALSE
37,0.222222222222222,1,1,FALSE
37,0.333333333333333,1,1,FALSE
37,0.444444444444444,0.12987012987013,1,FALSE
37,0.555555555555556,0.501498501498501,1,FALSE
37,0.666666666666667,1,1,FALSE
37,0.777777777777778,1,1,FALSE
37,0.888888888888889,1,1,FALSE
37,1,1,1,FALSE
38,0,1,1,FALSE
38,0.111111111111111,1,1,FALSE
38,0.222222222222222,1,1,FALSE
38,0.333333333333333,1,1,FALSE
38,0.444444444444444,0.769230769230769,1,FALSE
38,0.555555555555556,0.253746253746254,1,FALSE
38,0.666666666666667,1,1,FALSE
38,0.777777777777778,1,1,FALSE
38,0.888888888888889,1,1,FALSE
38,1,1,1,FALSE
39,0,0.0239760239760241,0.191808191808192,FALSE
39,0.111111111111111,0.143856143856144,0.431568431568432,FALSE
39,0.222222222222222,0.113886113886114,0.407592407592408,FALSE
39,0.333333333333333,0.00599400599400601,0.0539460539460541,TRUE
39,0.444444444444444,0.00199800199800193,0.0199800199800193,TRUE
39,0.555555555555556,0.203796203796204,0.611388611388611,FALSE
39,0.666666666666667,0.11988011988012,0.407592407592408,FALSE
39,0.777777777777778,0.45954045954046,0.919080919080919,FALSE
39,0.888888888888889,1,1,FALSE
39,1,0.165834165834166,0.497502497502497,FALSE
40,0,1,1,FALSE
40,0.111111111111111,0.0799200799200799,0.799200799200799,FALSE
40,0.222222222222222,1,1,FALSE
40,0.333333333333333,1,1,FALSE
40,0.444444444444444,1,1,FALSE
40,0.555555555555556,1,1,FALSE
40,0.666666666666667,1,1,FALSE
40,0.777777777777778,0.413586413586414,1,FALSE
40,0.888888888888889,1,1,FALSE
40,1,0.561438561438562,1,FALSE
41,0,0.265734265734266,1,FALSE
41,0.111111111111111,0.751248751248751,1,FALSE
41,0.222222222222222,0.949050949050949,1,FALSE
41,0.333333333333333,1,1,FALSE
41,0.444444444444444,0.131868131868132,1,FALSE
41,0.555555555555556,0.17982017982018,1,FALSE
41,0.666666666666667,0.977022977022977,1,FALSE
41,0.777777777777778,1,1,FALSE
41,0.888888888888889,0.535464535464536,1,FALSE
41,1,0.617382617382617,1,FALSE
42,0,0.00599400599400601,0.017982017982018,TRUE
42,0.111111111111111,0.0359640359640359,0.0719280719280717,FALSE
42,0.222222222222222,0.00199800199800193,0.00799200799200772,TRUE
42,0.333333333333333,0.00199800199800193,0.00799200799200772,TRUE
42,0.444444444444444,0.00199800199800193,0.00799200799200772,TRUE
42,0.555555555555556,0.00199800199800193,0.00799200799200772,TRUE
42,0.666666666666667,0.00199800199800193,0.00799200799200772,TRUE
42,0.777777777777778,0.00199800199800193,0.00799200799200772,TRUE
42,0.888888888888889,0.00199800199800193,0.00799200799200772,TRUE
42,1,1,1,FALSE
43,0,1,1,FALSE
43,0.111111111111111,1,1,FALSE
43,0.222222222222222,1,1,FALSE
43,0.333333333333333,1,1,FALSE
43,0.444444444444444,0.00599400599400601,0.0599400599400601,TRUE
43,0.555555555555556,0.287712287712288,1,FALSE
43,0.666666666666667,1,1,FALSE
43,0.777777777777778,1,1,FALSE
43,0.888888888888889,1,1,FALSE
43,1,1,1,FALSE
44,0,0.057942057942058,0.231768231768232,FALSE
44,0.111111111111111,0.793206793206793,0.793206793206793,FALSE
44,0.222222222222222,0.227772227772228,0.455544455544456,FALSE
44,0.333333333333333,0.00199800199800193,0.0179820179820174,TRUE
44,0.444444444444444,0.00199800199800193,0.0179820179820174,TRUE
44,0.555555555555556,0.011988011988012,0.0839160839160842,FALSE
44,0.666666666666667,0.00399600399600408,0.0319680319680327,TRUE
44,0.777777777777778,0.0679320679320679,0.271728271728271,FALSE
44,0.888888888888889,0.241758241758242,0.483516483516484,FALSE
44,1,0.0859140859140859,0.322344322344322,FALSE
45,0,0.727272727272727,1,FALSE
45,0.111111111111111,0.657342657342657,1,FALSE
45,0.222222222222222,1,1,FALSE
45,0.333333333333333,1,1,FALSE
45,0.444444444444444,0.0679320679320679,0.543456543456543,FALSE
45,0.555555555555556,0.043956043956044,0.351648351648352,FALSE
45,0.666666666666667,0.215784215784216,1,FALSE
45,0.777777777777778,0.0299700299700301,0.269730269730271,FALSE
45,0.888888888888889,0.393606393606394,1,FALSE
45,1,0.323676323676324,1,FALSE
46,0,1,1,FALSE
46,0.111111111111111,1,1,FALSE
46,0.222222222222222,0.941058941058941,1,FALSE
46,0.333333333333333,1,1,FALSE
46,0.444444444444444,1,1,FALSE
46,0.555555555555556,0.789210789210789,1,FALSE
46,0.666666666666667,1,1,FALSE
46,0.777777777777778,1,1,FALSE
46,0.888888888888889,1,1,FALSE
46,1,0.521478521478522,1,FALSE
47,0,0.587412587412588,1,FALSE
47,0.111111111111111,1,1,FALSE
47,0.222222222222222,1,1,FALSE
47,0.333333333333333,0.153846153846154,1,FALSE
47,0.444444444444444,0.00199800199800193,0.0199800199800193,TRUE
47,0.555555555555556,0.107892107892108,0.863136863136862,FALSE
47,0.666666666666667,1,1,FALSE
47,0.777777777777778,1,1,FALSE
47,0.888888888888889,1,1,FALSE
47,1,1,1,FALSE
48,0,1,1,FALSE
48,0.111111111111111,1,1,FALSE
48,0.222222222222222,1,1,FALSE
48,0.333333333333333,1,1,FALSE
48,0.444444444444444,0.613386613386613,1,FALSE
48,0.555555555555556,0.305694305694306,1,FALSE
48,0.666666666666667,1,1,FALSE
48,0.777777777777778,1,1,FALSE
48,0.888888888888889,1,1,FALSE
48,1,1,1,FALSE
49,0,0.733266733266733,1,FALSE
49,0.111111111111111,1,1,FALSE
49,0.222222222222222,1,1,FALSE
49,0.333333333333333,1,1,FALSE
49,0.444444444444444,1,1,FALSE
49,0.555555555555556,1,1,FALSE
49,0.666666666666667,1,1,FALSE
49,0.777777777777778,0.411588411588412,1,FALSE
49,0.888888888888889,0.26973026973027,1,FALSE
49,1,0.00399600399600408,0.0399600399600408,TRUE
50,0,1,1,FALSE
50,0.111111111111111,1,1,FALSE
50,0.222222222222222,1,1,FALSE
50,0.333333333333333,1,1,FALSE
50,0.444444444444444,1,1,FALSE
50,0.555555555555556,1,1,FALSE
50,0.666666666666667,1,1,FALSE
50,0.777777777777778,1,1,FALSE
50,0.888888888888889,1,1,FALSE
50,1,1,1,FALSE
51,0,1,1,FALSE
51,0.111111111111111,1,1,FALSE
51,0.222222222222222,1,1,FALSE
51,0.333333333333333,1,1,FALSE
51,0.444444444444444,1,1,FALSE
51,0.555555555555556,1,1,FALSE
51,0.666666666666667,1,1,FALSE
51,0.777777777777778,1,1,FALSE
51,0.888888888888889,1,1,FALSE
51,1,0.135864135864136,1,FALSE
52,0,1,1,FALSE
52,0.111111111111111,1,1,FALSE
52,0.222222222222222,1,1,FALSE
52,0.333333333333333,1,1,FALSE
52,0.444444444444444,1,1,FALSE
52,0.555555555555556,1,1,FALSE
52,0.666666666666667,1,1,FALSE
52,0.777777777777778,0.285714285714286,1,FALSE
52,0.888888888888889,0.06993006993007,0.62937062937063,FALSE
52,1,0.00399600399600408,0.0399600399600408,TRUE
53,0,1,1,FALSE
53,0.111111111111111,1,1,FALSE
53,0.222222222222222,1,1,FALSE
53,0.333333333333333,1,1,FALSE
53,0.444444444444444,0.117882117882118,0.943056943056943,FALSE
53,0.555555555555556,0.031968031968032,0.31968031968032,FALSE
53,0.666666666666667,0.257742257742258,1,FALSE
53,0.777777777777778,0.867132867132867,1,FALSE
53,0.888888888888889,0.175824175824176,1,FALSE
53,1,1,1,FALSE
54,0,0.291708291708292,1,FALSE
54,0.111111111111111,1,1,FALSE
54,0.222222222222222,1,1,FALSE
54,0.333333333333333,1,1,FALSE
54,0.444444444444444,1,1,FALSE
54,0.555555555555556,1,1,FALSE
54,0.666666666666667,1,1,FALSE
54,0.777777777777778,1,1,FALSE
54,0.888888888888889,0.103896103896104,1,FALSE
54,1,0.495504495504496,1,FALSE
55,0,1,1,FALSE
55,0.111111111111111,1,1,FALSE
55,0.222222222222222,1,1,FALSE
55,0.333333333333333,1,1,FALSE
55,0.444444444444444,0.207792207792208,1,FALSE
55,0.555555555555556,0.0419580419580419,0.419580419580419,FALSE
55,0.666666666666667,1,1,FALSE
55,0.777777777777778,1,1,FALSE
55,0.888888888888889,1,1,FALSE
55,1,1,1,FALSE
56,0,1,1,FALSE
56,0.111111111111111,1,1,FALSE
56,0.222222222222222,1,1,FALSE
56,0.333333333333333,1,1,FALSE
56,0.444444444444444,0.12987012987013,1,FALSE
56,0.555555555555556,0.0619380619380618,0.619380619380618,FALSE
56,0.666666666666667,1,1,FALSE
56,0.777777777777778,1,1,FALSE
56,0.888888888888889,1,1,FALSE
56,1,1,1,FALSE
57,0,1,1,FALSE
57,0.111111111111111,1,1,FALSE
57,0.222222222222222,0.30969030969031,1,FALSE
57,0.333333333333333,1,1,FALSE
57,0.444444444444444,0.191808191808192,1,FALSE
57,0.555555555555556,0.263736263736264,1,FALSE
57,0.666666666666667,1,1,FALSE
57,0.777777777777778,1,1,FALSE
57,0.888888888888889,1,1,FALSE
57,1,1,1,FALSE
58,0,1,1,FALSE
58,0.111111111111111,1,1,FALSE
58,0.222222222222222,1,1,FALSE
58,0.333333333333333,1,1,FALSE
58,0.444444444444444,0.025974025974026,0.233766233766234,FALSE
58,0.555555555555556,0.037962037962038,0.341658341658342,FALSE
58,0.666666666666667,1,1,FALSE
58,0.777777777777778,0.203796203796204,1,FALSE
58,0.888888888888889,1,1,FALSE
58,1,1,1,FALSE
59,0,1,1,FALSE
59,0.111111111111111,1,1,FALSE
59,0.222222222222222,1,1,FALSE
59,0.333333333333333,1,1,FALSE
59,0.444444444444444,1,1,FALSE
59,0.555555555555556,0.511488511488511,1,FALSE
59,0.666666666666667,1,1,FALSE
59,0.777777777777778,1,1,FALSE
59,0.888888888888889,1,1,FALSE
59,1,1,1,FALSE
60,0,0.985014985014985,1,FALSE
60,0.111111111111111,0.611388611388611,1,FALSE
60,0.222222222222222,0.435564435564435,1,FALSE
60,0.333333333333333,1,1,FALSE
60,0.444444444444444,0.26973026973027,1,FALSE
60,0.555555555555556,0.727272727272727,1,FALSE
60,0.666666666666667,1,1,FALSE
60,0.777777777777778,0.15984015984016,1,FALSE
60,0.888888888888889,0.723276723276723,1,FALSE
60,1,0.687312687312687,1,FALSE
61,0,1,1,FALSE
61,0.111111111111111,0.06993006993007,0.62937062937063,FALSE
61,0.222222222222222,1,1,FALSE
61,0.333333333333333,0.321678321678322,1,FALSE
61,0.444444444444444,0.00199800199800193,0.0199800199800193,TRUE
61,0.555555555555556,1,1,FALSE
61,0.666666666666667,0.365634365634366,1,FALSE
61,0.777777777777778,1,1,FALSE
61,0.888888888888889,0.997002997002997,1,FALSE
61,1,0.48951048951049,1,FALSE
62,0,0.345654345654346,1,FALSE
62,0.111111111111111,1,1,FALSE
62,0.222222222222222,1,1,FALSE
62,0.333333333333333,1,1,FALSE
62,0.444444444444444,0.781218781218781,1,FALSE
62,0.555555555555556,0.773226773226773,1,FALSE
62,0.666666666666667,1,1,FALSE
62,0.777777777777778,1,1,FALSE
62,0.888888888888889,1,1,FALSE
62,1,1,1,FALSE
63,0,1,1,FALSE
63,0.111111111111111,1,1,FALSE
63,0.222222222222222,0.20979020979021,1,FALSE
63,0.333333333333333,1,1,FALSE
63,0.444444444444444,1,1,FALSE
63,0.555555555555556,1,1,FALSE
63,0.666666666666667,1,1,FALSE
63,0.777777777777778,1,1,FALSE
63,0.888888888888889,1,1,FALSE
63,1,0.22977022977023,1,FALSE
64,0,1,1,FALSE
64,0.111111111111111,1,1,FALSE
64,0.222222222222222,1,1,FALSE
64,0.333333333333333,0.0099900099900101,0.099900099900101,FALSE
64,0.444444444444444,1,1,FALSE
64,0.555555555555556,1,1,FALSE
64,0.666666666666667,1,1,FALSE
64,0.777777777777778,1,1,FALSE
64,0.888888888888889,1,1,FALSE
64,1,1,1,FALSE
65,0,1,1,FALSE
65,0.111111111111111,1,1,FALSE
65,0.222222222222222,1,1,FALSE
65,0.333333333333333,1,1,FALSE
65,0.444444444444444,1,1,FALSE
65,0.555555555555556,1,1,FALSE
65,0.666666666666667,1,1,FALSE
65,0.777777777777778,1,1,FALSE
65,0.888888888888889,1,1,FALSE
65,1,1,1,FALSE
66,0,1,1,FALSE
66,0.111111111111111,1,1,FALSE
66,0.222222222222222,1,1,FALSE
66,0.333333333333333,1,1,FALSE
66,0.444444444444444,1,1,FALSE
66,0.555555555555556,0.185814185814186,1,FALSE
66,0.666666666666667,1,1,FALSE
66,0.777777777777778,1,1,FALSE
66,0.888888888888889,0.583416583416583,1,FALSE
66,1,1,1,FALSE
67,0,1,1,FALSE
67,0.111111111111111,1,1,FALSE
67,0.222222222222222,0.305694305694306,1,FALSE
67,0.333333333333333,1,1,FALSE
67,0.444444444444444,0.215784215784216,1,FALSE
67,0.555555555555556,0.167832167832168,1,FALSE
67,0.666666666666667,0.741258741258741,1,FALSE
67,0.777777777777778,1,1,FALSE
67,0.888888888888889,0.193806193806194,1,FALSE
67,1,0.18981018981019,1,FALSE
68,0,1,1,FALSE
68,0.111111111111111,0.477522477522478,1,FALSE
68,0.222222222222222,1,1,FALSE
68,0.333333333333333,1,1,FALSE
68,0.444444444444444,0.08991008991009,0.8991008991009,FALSE
68,0.555555555555556,0.425574425574426,1,FALSE
68,0.666666666666667,1,1,FALSE
68,0.777777777777778,1,1,FALSE
68,0.888888888888889,1,1,FALSE
68,1,1,1,FALSE
69,0,0.799200799200799,1,FALSE
69,0.111111111111111,1,1,FALSE
69,0.222222222222222,0.561438561438562,1,FALSE
69,0.333333333333333,1,1,FALSE
69,0.444444444444444,0.281718281718282,1,FALSE
69,0.555555555555556,1,1,FALSE
69,0.666666666666667,0.599400599400599,1,FALSE
69,0.777777777777778,1,1,FALSE
69,0.888888888888889,0.963036963036963,1,FALSE
69,1,0.277722277722278,1,FALSE
70,0,0.313686313686314,1,FALSE
70,0.111111111111111,0.849150849150849,1,FALSE
70,0.222222222222222,1,1,FALSE
70,0.333333333333333,0.441558441558441,1,FALSE
70,0.444444444444444,0.00399600399600408,0.0359640359640367,TRUE
70,0.555555555555556,0.00399600399600408,0.0359640359640367,TRUE
70,0.666666666666667,0.0999000999000998,0.699300699300699,FALSE
70,0.777777777777778,0.893106893106893,1,FALSE
70,0.888888888888889,0.0859140859140859,0.601398601398601,FALSE
70,1,0.373626373626374,1,FALSE
71,0,0.835164835164835,1,FALSE
71,0.111111111111111,1,1,FALSE
71,0.222222222222222,1,1,FALSE
71,0.333333333333333,0.281718281718282,1,FALSE
71,0.444444444444444,0.147852147852148,1,FALSE
71,0.555555555555556,1,1,FALSE
71,0.666666666666667,1,1,FALSE
71,0.777777777777778,0.377622377622378,1,FALSE
71,0.888888888888889,1,1,FALSE
71,1,1,1,FALSE
72,0,0.0339660339660339,0.163170163170163,FALSE
72,0.111111111111111,0.0239760239760241,0.143856143856144,FALSE
72,0.222222222222222,0.0979020979020979,0.293706293706294,FALSE
72,0.333333333333333,0.055944055944056,0.195804195804196,FALSE
72,0.444444444444444,0.057942057942058,0.195804195804196,FALSE
72,0.555555555555556,0.613386613386613,0.885114885114885,FALSE
72,0.666666666666667,0.0919080919080919,0.275724275724276,FALSE
72,0.777777777777778,0.00399600399600408,0.0399600399600408,TRUE
72,0.888888888888889,0.08991008991009,0.26973026973027,FALSE
72,1,0.885114885114885,0.885114885114885,FALSE
73,0,1,1,FALSE
73,0.111111111111111,1,1,FALSE
73,0.222222222222222,1,1,FALSE
73,0.333333333333333,1,1,FALSE
73,0.444444444444444,1,1,FALSE
73,0.555555555555556,1,1,FALSE
73,0.666666666666667,1,1,FALSE
73,0.777777777777778,1,1,FALSE
73,0.888888888888889,1,1,FALSE
73,1,1,1,FALSE
74,0,0.135864135864136,1,FALSE
74,0.111111111111111,1,1,FALSE
74,0.222222222222222,1,1,FALSE
74,0.333333333333333,0.0479520479520479,0.431568431568431,FALSE
74,0.444444444444444,0.00599400599400601,0.0599400599400601,TRUE
74,0.555555555555556,1,1,FALSE
74,0.666666666666667,1,1,FALSE
74,0.777777777777778,1,1,FALSE
74,0.888888888888889,0.311688311688312,1,FALSE
74,1,1,1,FALSE
75,0,0.985014985014985,1,FALSE
75,0.111111111111111,0.779220779220779,1,FALSE
75,0.222222222222222,1,1,FALSE
75,0.333333333333333,0.163836163836164,0.983016983016983,FALSE
75,0.444444444444444,0.0399600399600399,0.359640359640359,FALSE
75,0.555555555555556,0.135864135864136,0.815184815184816,FALSE
75,0.666666666666667,0.165834165834166,0.995004995004995,FALSE
75,0.777777777777778,0.057942057942058,0.442224442224442,FALSE
75,0.888888888888889,0.981018981018981,1,FALSE
75,1,0.737262737262737,1,FALSE
76,0,1,1,FALSE
76,0.111111111111111,1,1,FALSE
76,0.222222222222222,0.825174825174825,1,FALSE
76,0.333333333333333,0.04995004995005,0.3996003996004,FALSE
76,0.444444444444444,0.0619380619380618,0.495504495504495,FALSE
76,0.555555555555556,0.00799200799200794,0.0799200799200794,TRUE
76,0.666666666666667,0.147852147852148,0.887112887112888,FALSE
76,0.777777777777778,0.513486513486513,1,FALSE
76,0.888888888888889,1,1,FALSE
76,1,0.22977022977023,1,FALSE
77,0,1,1,FALSE
77,0.111111111111111,1,1,FALSE
77,0.222222222222222,1,1,FALSE
77,0.333333333333333,1,1,FALSE
77,0.444444444444444,1,1,FALSE
77,0.555555555555556,1,1,FALSE
77,0.666666666666667,1,1,FALSE
77,0.777777777777778,1,1,FALSE
77,0.888888888888889,1,1,FALSE
77,1,1,1,FALSE
78,0,0.639360639360639,1,FALSE
78,0.111111111111111,1,1,FALSE
78,0.222222222222222,1,1,FALSE
78,0.333333333333333,1,1,FALSE
78,0.444444444444444,1,1,FALSE
78,0.555555555555556,0.703296703296703,1,FALSE
78,0.666666666666667,1,1,FALSE
78,0.777777777777778,1,1,FALSE
78,0.888888888888889,1,1,FALSE
78,1,1,1,FALSE
79,0,0.931068931068931,1,FALSE
79,0.111111111111111,1,1,FALSE
79,0.222222222222222,1,1,FALSE
79,0.333333333333333,1,1,FALSE
79,0.444444444444444,1,1,FALSE
79,0.555555555555556,0.153846153846154,1,FALSE
79,0.666666666666667,1,1,FALSE
79,0.777777777777778,1,1,FALSE
79,0.888888888888889,0.839160839160839,1,FALSE
79,1,1,1,FALSE
80,0,0.38961038961039,0.777222777222777,FALSE
80,0.111111111111111,0.713286713286713,0.777222777222777,FALSE
80,0.222222222222222,0.287712287712288,0.777222777222777,FALSE
80,0.333333333333333,0.0659340659340659,0.461538461538461,FALSE
80,0.444444444444444,0.137862137862138,0.649350649350649,FALSE
80,0.555555555555556,0.201798201798202,0.777222777222777,FALSE
80,0.666666666666667,0.0799200799200799,0.479520479520479,FALSE
80,0.777777777777778,0.103896103896104,0.575424575424575,FALSE
80,0.888888888888889,0.777222777222777,0.777222777222777,FALSE
80,1,0.103896103896104,0.575424575424575,FALSE
81,0,0.031968031968032,0.199300699300699,FALSE
81,0.111111111111111,1,1,FALSE
81,0.222222222222222,0.0479520479520479,0.239760239760239,FALSE
81,0.333333333333333,0.00599400599400601,0.0599400599400601,TRUE
81,0.444444444444444,0.083916083916084,0.335664335664336,FALSE
81,0.555555555555556,1,1,FALSE
81,0.666666666666667,0.183816183816184,0.551448551448551,FALSE
81,0.777777777777778,0.113886113886114,0.367632367632368,FALSE
81,0.888888888888889,0.105894105894106,0.367632367632368,FALSE
81,1,0.0159840159840159,0.143856143856143,FALSE
82,0,0.0999000999000998,0.499500499500499,FALSE
82,0.111111111111111,0.345654345654346,0.683316683316683,FALSE
82,0.222222222222222,0.683316683316683,0.683316683316683,FALSE
82,0.333333333333333,0.619380619380619,0.683316683316683,FALSE
82,0.444444444444444,0.121878121878122,0.599400599400599,FALSE
82,0.555555555555556,0.10989010989011,0.54945054945055,FALSE
82,0.666666666666667,0.35964035964036,0.683316683316683,FALSE
82,0.777777777777778,0.127872127872128,0.599400599400599,FALSE
82,0.888888888888889,0.00199800199800193,0.0199800199800193,TRUE
82,1,0.157842157842158,0.631368631368631,FALSE
83,0,0.477522477522478,1,FALSE
83,0.111111111111111,0.587412587412588,1,FALSE
83,0.222222222222222,0.0719280719280719,0.575424575424575,FALSE
83,0.333333333333333,0.231768231768232,0.979020979020979,FALSE
83,0.444444444444444,0.155844155844156,0.881118881118881,FALSE
83,0.555555555555556,1,1,FALSE
83,0.666666666666667,0.201798201798202,0.979020979020979,FALSE
83,0.777777777777778,0.331668331668332,1,FALSE
83,0.888888888888889,1,1,FALSE
83,1,0.155844155844156,0.881118881118881,FALSE
84,0,0.173826173826174,1,FALSE
84,0.111111111111111,0.363636363636364,1,FALSE
84,0.222222222222222,0.105894105894106,0.741258741258741,FALSE
84,0.333333333333333,0.719280719280719,1,FALSE
84,0.444444444444444,1,1,FALSE
84,0.555555555555556,0.0479520479520479,0.431568431568431,FALSE
84,0.666666666666667,0.0399600399600399,0.359640359640359,FALSE
84,0.777777777777778,0.217782217782218,1,FALSE
84,0.888888888888889,1,1,FALSE
84,1,1,1,FALSE
85,0,1,1,FALSE
85,0.111111111111111,1,1,FALSE
85,0.222222222222222,1,1,FALSE
85,0.333333333333333,0.501498501498501,1,FALSE
85,0.444444444444444,1,1,FALSE
85,0.555555555555556,0.491508491508492,1,FALSE
85,0.666666666666667,1,1,FALSE
85,0.777777777777778,1,1,FALSE
85,0.888888888888889,1,1,FALSE
85,1,0.581418581418581,1,FALSE
86,0,0.421578421578422,1,FALSE
86,0.111111111111111,0.107892107892108,0.948551448551448,FALSE
86,0.222222222222222,0.815184815184815,1,FALSE
86,0.333333333333333,0.377622377622378,1,FALSE
86,0.444444444444444,0.2997002997003,1,FALSE
86,0.555555555555556,1,1,FALSE
86,0.666666666666667,0.577422577422577,1,FALSE
86,0.777777777777778,1,1,FALSE
86,0.888888888888889,1,1,FALSE
86,1,0.413586413586414,1,FALSE
87,0,0.083916083916084,0.764235764235764,FALSE
87,0.111111111111111,1,1,FALSE
87,0.222222222222222,1,1,FALSE
87,0.333333333333333,1,1,FALSE
87,0.444444444444444,1,1,FALSE
87,0.555555555555556,1,1,FALSE
87,0.666666666666667,1,1,FALSE
87,0.777777777777778,0.23976023976024,1,FALSE
87,0.888888888888889,0.231768231768232,1,FALSE
87,1,0.305694305694306,1,FALSE
88,0,0.351648351648352,1,FALSE
88,0.111111111111111,0.111888111888112,1,FALSE
88,0.222222222222222,0.355644355644356,1,FALSE
88,0.333333333333333,1,1,FALSE
88,0.444444444444444,1,1,FALSE
88,0.555555555555556,1,1,FALSE
88,0.666666666666667,0.889110889110889,1,FALSE
88,0.777777777777778,1,1,FALSE
88,0.888888888888889,1,1,FALSE
88,1,0.271728271728272,1,FALSE
89,0,1,1,FALSE
89,0.111111111111111,1,1,FALSE
89,0.222222222222222,1,1,FALSE
89,0.333333333333333,1,1,FALSE
89,0.444444444444444,1,1,FALSE
89,0.555555555555556,0.013986013986014,0.13986013986014,FALSE
89,0.666666666666667,1,1,FALSE
89,0.777777777777778,1,1,FALSE
89,0.888888888888889,0.12987012987013,1,FALSE
89,1,0.367632367632368,1,FALSE
90,0,1,1,FALSE
90,0.111111111111111,1,1,FALSE
90,0.222222222222222,1,1,FALSE
90,0.333333333333333,1,1,FALSE
90,0.444444444444444,1,1,FALSE
90,0.555555555555556,1,1,FALSE
90,0.666666666666667,1,1,FALSE
90,0.777777777777778,1,1,FALSE
90,0.888888888888889,1,1,FALSE
90,1,1,1,FALSE
91,0,0.0939060939060938,0.722477522477523,FALSE
91,0.111111111111111,0.0279720279720279,0.279720279720279,FALSE
91,0.222222222222222,0.0999000999000998,0.722477522477523,FALSE
91,0.333333333333333,0.633366633366633,0.761238761238761,FALSE
91,0.444444444444444,0.451548451548452,0.761238761238761,FALSE
91,0.555555555555556,0.761238761238761,0.761238761238761,FALSE
91,0.666666666666667,0.237762237762238,0.761238761238761,FALSE
91,0.777777777777778,0.445554445554446,0.761238761238761,FALSE
91,0.888888888888889,0.635364635364635,0.761238761238761,FALSE
91,1,0.407592407592408,0.761238761238761,FALSE
92,0,1,1,FALSE
92,0.111111111111111,1,1,FALSE
92,0.222222222222222,1,1,FALSE
92,0.333333333333333,1,1,FALSE
92,0.444444444444444,1,1,FALSE
92,0.555555555555556,1,1,FALSE
92,0.666666666666667,1,1,FALSE
92,0.777777777777778,1,1,FALSE
92,0.888888888888889,1,1,FALSE
92,1,1,1,FALSE
93,0,0.697302697302697,1,FALSE
93,0.111111111111111,0.233766233766234,1,FALSE
93,0.222222222222222,1,1,FALSE
93,0.333333333333333,0.769230769230769,1,FALSE
93,0.444444444444444,0.43956043956044,1,FALSE
93,0.555555555555556,0.12987012987013,0.935064935064935,FALSE
93,0.666666666666667,0.161838161838162,1,FALSE
93,0.777777777777778,1,1,FALSE
93,0.888888888888889,0.615384615384615,1,FALSE
93,1,0.147852147852148,1,FALSE
94,0,0.22977022977023,1,FALSE
94,0.111111111111111,1,1,FALSE
94,0.222222222222222,1,1,FALSE
94,0.333333333333333,1,1,FALSE
94,0.444444444444444,1,1,FALSE
94,0.555555555555556,1,1,FALSE
94,0.666666666666667,1,1,FALSE
94,0.777777777777778,1,1,FALSE
94,0.888888888888889,1,1,FALSE
94,1,1,1,FALSE
95,0,1,1,FALSE
95,0.111111111111111,1,1,FALSE
95,0.222222222222222,1,1,FALSE
95,0.333333333333333,1,1,FALSE
95,0.444444444444444,0.177822177822178,1,FALSE
95,0.555555555555556,1,1,FALSE
95,0.666666666666667,1,1,FALSE
95,0.777777777777778,1,1,FALSE
95,0.888888888888889,1,1,FALSE
95,1,1,1,FALSE
96,0,0.579420579420579,1,FALSE
96,0.111111111111111,1,1,FALSE
96,0.222222222222222,0.875124875124875,1,FALSE
96,0.333333333333333,0.653346653346653,1,FALSE
96,0.444444444444444,0.315684315684316,1,FALSE
96,0.555555555555556,0.177822177822178,1,FALSE
96,0.666666666666667,0.0339660339660339,0.305694305694305,FALSE
96,0.777777777777778,0.00599400599400601,0.0599400599400601,TRUE
96,0.888888888888889,1,1,FALSE
96,1,0.723276723276723,1,FALSE
97,0,0.877122877122877,1,FALSE
97,0.111111111111111,1,1,FALSE
97,0.222222222222222,1,1,FALSE
97,0.333333333333333,1,1,FALSE
97,0.444444444444444,1,1,FALSE
97,0.555555555555556,0.157842157842158,1,FALSE
97,0.666666666666667,0.115884115884116,1,FALSE
97,0.777777777777778,1,1,FALSE
97,0.888888888888889,1,1,FALSE
97,1,1,1,FALSE
98,0,0.0659340659340659,0.659340659340659,FALSE
98,0.111111111111111,0.357642357642358,1,FALSE
98,0.222222222222222,1,1,FALSE
98,0.333333333333333,1,1,FALSE
98,0.444444444444444,1,1,FALSE
98,0.555555555555556,0.959040959040959,1,FALSE
98,0.666666666666667,1,1,FALSE
98,0.777777777777778,1,1,FALSE
98,0.888888888888889,1,1,FALSE
98,1,1,1,FALSE
99,0,1,1,FALSE
99,0.111111111111111,1,1,FALSE
99,0.222222222222222,1,1,FALSE
99,0.333333333333333,1,1,FALSE
99,0.444444444444444,0.699300699300699,1,FALSE
99,0.555555555555556,1,1,FALSE
99,0.666666666666667,1,1,FALSE
99,0.777777777777778,1,1,FALSE
99,0.888888888888889,1,1,FALSE
99,1,1,1,FALSE
100,0,1,1,FALSE
100,0.111111111111111,1,1,FALSE
100,0.222222222222222,1,1,FALSE
100,0.333333333333333,1,1,FALSE
100,0.444444444444444,1,1,FALSE
100,0.555555555555556,1,1,FALSE
100,0.666666666666667,1,1,FALSE
100,0.777777777777778,1,1,FALSE
100,0.888888888888889,1,1,FALSE
100,1,0.165834165834166,1,FALSE
101,0,1,1,FALSE
101,0.111111111111111,1,1,FALSE
101,0.222222222222222,0.167832167832168,1,FALSE
101,0.333333333333333,0.0219780219780219,0.219780219780219,FALSE
101,0.444444444444444,0.0799200799200799,0.639360639360639,FALSE
101,0.555555555555556,1,1,FALSE
101,0.666666666666667,1,1,FALSE
101,0.777777777777778,1,1,FALSE
101,0.888888888888889,0.205794205794206,1,FALSE
101,1,0.243756243756244,1,FALSE
102,0,0.501498501498501,1,FALSE
102,0.111111111111111,0.353646353646354,1,FALSE
102,0.222222222222222,0.293706293706294,1,FALSE
102,0.333333333333333,1,1,FALSE
102,0.444444444444444,1,1,FALSE
102,0.555555555555556,0.0539460539460539,0.431568431568431,FALSE
102,0.666666666666667,1,1,FALSE
102,0.777777777777778,0.0599400599400599,0.479520479520479,FALSE
102,0.888888888888889,0.431568431568432,1,FALSE
102,1,0.011988011988012,0.11988011988012,FALSE
103,0,0.709290709290709,0.871128871128871,FALSE
103,0.111111111111111,0.141858141858142,0.851148851148851,FALSE
103,0.222222222222222,0.44955044955045,0.871128871128871,FALSE
103,0.333333333333333,0.185814185814186,0.871128871128871,FALSE
103,0.444444444444444,0.0739260739260739,0.591408591408591,FALSE
103,0.555555555555556,0.267732267732268,0.871128871128871,FALSE
103,0.666666666666667,0.305694305694306,0.871128871128871,FALSE
103,0.777777777777778,0.669330669330669,0.871128871128871,FALSE
103,0.888888888888889,0.871128871128871,0.871128871128871,FALSE
103,1,0.227772227772228,0.871128871128871,FALSE
104,0,1,1,FALSE
104,0.111111111111111,1,1,FALSE
104,0.222222222222222,1,1,FALSE
104,0.333333333333333,1,1,FALSE
104,0.444444444444444,0.025974025974026,0.25974025974026,FALSE
104,0.555555555555556,0.0719280719280719,0.647352647352647,FALSE
104,0.666666666666667,1,1,FALSE
104,0.777777777777778,1,1,FALSE
104,0.888888888888889,1,1,FALSE
104,1,1,1,FALSE
105,0,0.523476523476524,1,FALSE
105,0.111111111111111,1,1,FALSE
105,0.222222222222222,0.203796203796204,1,FALSE
105,0.333333333333333,0.0299700299700301,0.239760239760241,FALSE
105,0.444444444444444,0.00199800199800193,0.0199800199800193,TRUE
105,0.555555555555556,0.0279720279720279,0.223776223776223,FALSE
105,0.666666666666667,0.261738261738262,1,FALSE
105,0.777777777777778,1,1,FALSE
105,0.888888888888889,1,1,FALSE
105,1,1,1,FALSE
106,0,1,1,FALSE
106,0.111111111111111,0.787212787212787,1,FALSE
106,0.222222222222222,0.223776223776224,1,FALSE
106,0.333333333333333,1,1,FALSE
106,0.444444444444444,0.0879120879120878,0.615384615384615,FALSE
106,0.555555555555556,0.115884115884116,0.783216783216783,FALSE
106,0.666666666666667,0.0279720279720279,0.279720279720279,FALSE
106,0.777777777777778,1,1,FALSE
106,0.888888888888889,0.135864135864136,0.815184815184816,FALSE
106,1,0.895104895104895,1,FALSE
107,0,0.739260739260739,1,FALSE
107,0.111111111111111,1,1,FALSE
107,0.222222222222222,1,1,FALSE
107,0.333333333333333,1,1,FALSE
107,0.444444444444444,0.443556443556444,1,FALSE
107,0.555555555555556,0.06993006993007,0.6993006993007,FALSE
107,0.666666666666667,1,1,FALSE
107,0.777777777777778,1,1,FALSE
107,0.888888888888889,1,1,FALSE
107,1,1,1,FALSE
108,0,0.803196803196803,1,FALSE
108,0.111111111111111,1,1,FALSE
108,0.222222222222222,1,1,FALSE
108,0.333333333333333,1,1,FALSE
108,0.444444444444444,1,1,FALSE
108,0.555555555555556,1,1,FALSE
108,0.666666666666667,1,1,FALSE
108,0.777777777777778,1,1,FALSE
108,0.888888888888889,1,1,FALSE
108,1,0.755244755244755,1,FALSE
109,0,1,1,FALSE
109,0.111111111111111,1,1,FALSE
109,0.222222222222222,1,1,FALSE
109,0.333333333333333,0.17982017982018,1,FALSE
109,0.444444444444444,1,1,FALSE
109,0.555555555555556,0.263736263736264,1,FALSE
109,0.666666666666667,1,1,FALSE
109,0.777777777777778,1,1,FALSE
109,0.888888888888889,1,1,FALSE
109,1,1,1,FALSE
110,0,0.669330669330669,1,FALSE
110,0.111111111111111,1,1,FALSE
110,0.222222222222222,1,1,FALSE
110,0.333333333333333,1,1,FALSE
110,0.444444444444444,0.977022977022977,1,FALSE
110,0.555555555555556,1,1,FALSE
110,0.666666666666667,1,1,FALSE
110,0.777777777777778,1,1,FALSE
110,0.888888888888889,0.551448551448551,1,FALSE
110,1,1,1,FALSE
111,0,1,1,FALSE
111,0.111111111111111,1,1,FALSE
111,0.222222222222222,1,1,FALSE
111,0.333333333333333,1,1,FALSE
111,0.444444444444444,0.315684315684316,1,FALSE
111,0.555555555555556,0.21978021978022,1,FALSE
111,0.666666666666667,0.16983016983017,1,FALSE
111,0.777777777777778,1,1,FALSE
111,0.888888888888889,1,1,FALSE
111,1,1,1,FALSE
112,0,1,1,FALSE
112,0.111111111111111,1,1,FALSE
112,0.222222222222222,1,1,FALSE
112,0.333333333333333,0.50949050949051,1,FALSE
112,0.444444444444444,0.0339660339660339,0.305694305694305,FALSE
112,0.555555555555556,0.0539460539460539,0.485514485514485,FALSE
112,0.666666666666667,0.507492507492507,1,FALSE
112,0.777777777777778,0.905094905094905,1,FALSE
112,0.888888888888889,0.471528471528472,1,FALSE
112,1,1,1,FALSE
113,0,0.833166833166833,1,FALSE
113,0.111111111111111,1,1,FALSE
113,0.222222222222222,1,1,FALSE
113,0.333333333333333,1,1,FALSE
113,0.444444444444444,1,1,FALSE
113,0.555555555555556,1,1,FALSE
113,0.666666666666667,1,1,FALSE
113,0.777777777777778,1,1,FALSE
113,0.888888888888889,0.38961038961039,1,FALSE
113,1,1,1,FALSE
114,0,0.0159840159840159,0.0959040959040953,FALSE
114,0.111111111111111,0.52947052947053,1,FALSE
114,0.222222222222222,0.479520479520479,1,FALSE
114,0.333333333333333,0.10989010989011,0.54945054945055,FALSE
114,0.444444444444444,0.00199800199800193,0.0199800199800193,TRUE
114,0.555555555555556,0.00799200799200794,0.0559440559440556,TRUE
114,0.666666666666667,0.0159840159840159,0.0959040959040953,FALSE
114,0.777777777777778,1,1,FALSE
114,0.888888888888889,1,1,FALSE
114,1,0.011988011988012,0.0719280719280722,FALSE
115,0,1,1,FALSE
115,0.111111111111111,1,1,FALSE
115,0.222222222222222,1,1,FALSE
115,0.333333333333333,1,1,FALSE
115,0.444444444444444,1,1,FALSE
115,0.555555555555556,0.117882117882118,1,FALSE
115,0.666666666666667,1,1,FALSE
115,0.777777777777778,1,1,FALSE
115,0.888888888888889,1,1,FALSE
115,1,1,1,FALSE
116,0,1,1,FALSE
116,0.111111111111111,1,1,FALSE
116,0.222222222222222,1,1,FALSE
116,0.333333333333333,1,1,FALSE
116,0.444444444444444,0.285714285714286,1,FALSE
116,0.555555555555556,0.011988011988012,0.11988011988012,FALSE
116,0.666666666666667,1,1,FALSE
116,0.777777777777778,1,1,FALSE
116,0.888888888888889,1,1,FALSE
116,1,1,1,FALSE
117,0,1,1,FALSE
117,0.111111111111111,1,1,FALSE
117,0.222222222222222,1,1,FALSE
117,0.333333333333333,1,1,FALSE
117,0.444444444444444,1,1,FALSE
117,0.555555555555556,1,1,FALSE
117,0.666666666666667,1,1,FALSE
117,0.777777777777778,0.131868131868132,1,FALSE
117,0.888888888888889,1,1,FALSE
117,1,1,1,FALSE
118,0,1,1,FALSE
118,0.111111111111111,1,1,FALSE
118,0.222222222222222,1,1,FALSE
118,0.333333333333333,1,1,FALSE
118,0.444444444444444,1,1,FALSE
118,0.555555555555556,1,1,FALSE
118,0.666666666666667,1,1,FALSE
118,0.777777777777778,1,1,FALSE
118,0.888888888888889,1,1,FALSE
118,1,1,1,FALSE
119,0,0.175824175824176,0.879120879120879,FALSE
119,0.111111111111111,0.487512487512487,1,FALSE
119,0.222222222222222,0.083916083916084,0.503496503496504,FALSE
119,0.333333333333333,0.00799200799200794,0.0719280719280715,TRUE
119,0.444444444444444,0.0099900099900101,0.0899100899100909,FALSE
119,0.555555555555556,0.0279720279720279,0.223776223776223,FALSE
119,0.666666666666667,0.113886113886114,0.569430569430569,FALSE
119,0.777777777777778,1,1,FALSE
119,0.888888888888889,1,1,FALSE
119,1,0.941058941058941,1,FALSE
120,0,1,1,FALSE
120,0.111111111111111,1,1,FALSE
120,0.222222222222222,1,1,FALSE
120,0.333333333333333,1,1,FALSE
120,0.444444444444444,0.0359640359640359,0.359640359640359,FALSE
120,0.555555555555556,0.103896103896104,0.935064935064935,FALSE
120,0.666666666666667,1,1,FALSE
120,0.777777777777778,1,1,FALSE
120,0.888888888888889,1,1,FALSE
120,1,1,1,FALSE
121,0,0.177822177822178,0.889110889110889,FALSE
121,0.111111111111111,0.0159840159840159,0.159840159840159,FALSE
121,0.222222222222222,0.057942057942058,0.463536463536464,FALSE
121,0.333333333333333,0.433566433566434,1,FALSE
121,0.444444444444444,0.563436563436563,1,FALSE
121,0.555555555555556,0.227772227772228,0.939060939060939,FALSE
121,0.666666666666667,1,1,FALSE
121,0.777777777777778,1,1,FALSE
121,0.888888888888889,0.321678321678322,1,FALSE
121,1,0.0479520479520479,0.383616383616383,FALSE
122,0,1,1,FALSE
122,0.111111111111111,1,1,FALSE
122,0.222222222222222,1,1,FALSE
122,0.333333333333333,1,1,FALSE
122,0.444444444444444,1,1,FALSE
122,0.555555555555556,1,1,FALSE
122,0.666666666666667,1,1,FALSE
122,0.777777777777778,1,1,FALSE
122,0.888888888888889,1,1,FALSE
122,1,1,1,FALSE
123,0,1,1,FALSE
123,0.111111111111111,1,1,FALSE
123,0.222222222222222,1,1,FALSE
123,0.333333333333333,1,1,FALSE
123,0.444444444444444,0.2997002997003,1,FALSE
123,0.555555555555556,1,1,FALSE
123,0.666666666666667,1,1,FALSE
123,0.777777777777778,1,1,FALSE
123,0.888888888888889,1,1,FALSE
123,1,1,1,FALSE
124,0,0.18981018981019,1,FALSE
124,0.111111111111111,1,1,FALSE
124,0.222222222222222,1,1,FALSE
124,0.333333333333333,0.285714285714286,1,FALSE
124,0.444444444444444,0.335664335664336,1,FALSE
124,0.555555555555556,1,1,FALSE
124,0.666666666666667,0.897102897102897,1,FALSE
124,0.777777777777778,0.831168831168831,1,FALSE
124,0.888888888888889,1,1,FALSE
124,1,0.277722277722278,1,FALSE
125,0,1,1,FALSE
125,0.111111111111111,1,1,FALSE
125,0.222222222222222,1,1,FALSE
125,0.333333333333333,1,1,FALSE
125,0.444444444444444,1,1,FALSE
125,0.555555555555556,1,1,FALSE
125,0.666666666666667,1,1,FALSE
125,0.777777777777778,1,1,FALSE
125,0.888888888888889,1,1,FALSE
125,1,1,1,FALSE
126,0,0.535464535464536,1,FALSE
126,0.111111111111111,1,1,FALSE
126,0.222222222222222,1,1,FALSE
126,0.333333333333333,1,1,FALSE
126,0.444444444444444,1,1,FALSE
126,0.555555555555556,0.117882117882118,1,FALSE
126,0.666666666666667,1,1,FALSE
126,0.777777777777778,1,1,FALSE
126,0.888888888888889,1,1,FALSE
126,1,0.187812187812188,1,FALSE
127,0,1,1,FALSE
127,0.111111111111111,1,1,FALSE
127,0.222222222222222,1,1,FALSE
127,0.333333333333333,0.031968031968032,0.255744255744256,FALSE
127,0.444444444444444,0.00799200799200794,0.0719280719280715,TRUE
127,0.555555555555556,0.00799200799200794,0.0719280719280715,TRUE
127,0.666666666666667,0.0739260739260739,0.517482517482517,FALSE
127,0.777777777777778,0.563436563436563,1,FALSE
127,0.888888888888889,1,1,FALSE
127,1,1,1,FALSE
128,0,1,1,FALSE
128,0.111111111111111,1,1,FALSE
128,0.222222222222222,1,1,FALSE
128,0.333333333333333,1,1,FALSE
128,0.444444444444444,0.0479520479520479,0.479520479520479,FALSE
128,0.555555555555556,0.181818181818182,1,FALSE
128,0.666666666666667,1,1,FALSE
128,0.777777777777778,1,1,FALSE
128,0.888888888888889,1,1,FALSE
128,1,0.929070929070929,1,FALSE
129,0,0.1998001998002,1,FALSE
129,0.111111111111111,1,1,FALSE
129,0.222222222222222,0.823176823176823,1,FALSE
129,0.333333333333333,0.045954045954046,0.367632367632368,FALSE
129,0.444444444444444,0.00199800199800193,0.0199800199800193,TRUE
129,0.555555555555556,0.0339660339660339,0.271728271728271,FALSE
129,0.666666666666667,1,1,FALSE
129,0.777777777777778,0.467532467532467,1,FALSE
129,0.888888888888889,0.357642357642358,1,FALSE
129,1,0.675324675324675,1,FALSE
130,0,1,1,FALSE
130,0.111111111111111,0.791208791208791,1,FALSE
130,0.222222222222222,1,1,FALSE
130,0.333333333333333,1,1,FALSE
130,0.444444444444444,1,1,FALSE
130,0.555555555555556,1,1,FALSE
130,0.666666666666667,1,1,FALSE
130,0.777777777777778,1,1,FALSE
130,0.888888888888889,1,1,FALSE
130,1,0.26973026973027,1,FALSE
131,0,1,1,FALSE
131,0.111111111111111,1,1,FALSE
131,0.222222222222222,1,1,FALSE
131,0.333333333333333,0.0099900099900101,0.0899100899100909,FALSE
131,0.444444444444444,0.13986013986014,0.965034965034965,FALSE
131,0.555555555555556,0.013986013986014,0.125874125874126,FALSE
131,0.666666666666667,0.191808191808192,1,FALSE
131,0.777777777777778,1,1,FALSE
131,0.888888888888889,1,1,FALSE
131,1,0.275724275724276,1,FALSE
132,0,0.457542457542458,1,FALSE
132,0.111111111111111,1,1,FALSE
132,0.222222222222222,1,1,FALSE
132,0.333333333333333,1,1,FALSE
132,0.444444444444444,0.411588411588412,1,FALSE
132,0.555555555555556,0.251748251748252,1,FALSE
132,0.666666666666667,1,1,FALSE
132,0.777777777777778,1,1,FALSE
132,0.888888888888889,1,1,FALSE
132,1,1,1,FALSE
133,0,1,1,FALSE
133,0.111111111111111,1,1,FALSE
133,0.222222222222222,1,1,FALSE
133,0.333333333333333,1,1,FALSE
133,0.444444444444444,1,1,FALSE
133,0.555555555555556,1,1,FALSE
133,0.666666666666667,1,1,FALSE
133,0.777777777777778,1,1,FALSE
133,0.888888888888889,1,1,FALSE
133,1,1,1,FALSE
134,0,1,1,FALSE
134,0.111111111111111,0.997002997002997,1,FALSE
134,0.222222222222222,1,1,FALSE
134,0.333333333333333,0.481518481518481,1,FALSE
134,0.444444444444444,0.01998001998002,0.17982017982018,FALSE
134,0.555555555555556,0.00799200799200794,0.0799200799200794,TRUE
134,0.666666666666667,0.407592407592408,1,FALSE
134,0.777777777777778,0.201798201798202,1,FALSE
134,0.888888888888889,0.37962037962038,1,FALSE
134,1,0.889110889110889,1,FALSE
135,0,1,1,FALSE
135,0.111111111111111,1,1,FALSE
135,0.222222222222222,1,1,FALSE
135,0.333333333333333,1,1,FALSE
135,0.444444444444444,1,1,FALSE
135,0.555555555555556,1,1,FALSE
135,0.666666666666667,1,1,FALSE
135,0.777777777777778,1,1,FALSE
135,0.888888888888889,1,1,FALSE
135,1,1,1,FALSE
136,0,1,1,FALSE
136,0.111111111111111,1,1,FALSE
136,0.222222222222222,1,1,FALSE
136,0.333333333333333,1,1,FALSE
136,0.444444444444444,0.0099900099900101,0.099900099900101,FALSE
136,0.555555555555556,1,1,FALSE
136,0.666666666666667,1,1,FALSE
136,0.777777777777778,1,1,FALSE
136,0.888888888888889,1,1,FALSE
136,1,1,1,FALSE
137,0,0.675324675324675,1,FALSE
137,0.111111111111111,0.013986013986014,0.0839160839160837,FALSE
137,0.222222222222222,1,1,FALSE
137,0.333333333333333,0.0159840159840159,0.0959040959040953,FALSE
137,0.444444444444444,0.00399600399600408,0.0319680319680327,TRUE
137,0.555555555555556,0.00199800199800193,0.0179820179820174,TRUE
137,0.666666666666667,0.00199800199800193,0.0179820179820174,TRUE
137,0.777777777777778,0.851148851148851,1,FALSE
137,0.888888888888889,0.293706293706294,1,FALSE
137,1,0.045954045954046,0.22977022977023,FALSE
138,0,0.885114885114885,1,FALSE
138,0.111111111111111,1,1,FALSE
138,0.222222222222222,1,1,FALSE
138,0.333333333333333,1,1,FALSE
138,0.444444444444444,0.055944055944056,0.503496503496504,FALSE
138,0.555555555555556,0.0919080919080919,0.827172827172827,FALSE
138,0.666666666666667,1,1,FALSE
138,0.777777777777778,1,1,FALSE
138,0.888888888888889,1,1,FALSE
138,1,0.205794205794206,1,FALSE
139,0,1,1,FALSE
139,0.111111111111111,1,1,FALSE
139,0.222222222222222,0.607392607392607,1,FALSE
139,0.333333333333333,0.08991008991009,0.587412587412587,FALSE
139,0.444444444444444,0.11988011988012,0.671328671328671,FALSE
139,0.555555555555556,0.335664335664336,1,FALSE
139,0.666666666666667,0.275724275724276,1,FALSE
139,0.777777777777778,0.13986013986014,0.699300699300699,FALSE
139,0.888888888888889,0.133866133866134,0.671328671328671,FALSE
139,1,0.285714285714286,1,FALSE
140,0,1,1,FALSE
140,0.111111111111111,1,1,FALSE
140,0.222222222222222,1,1,FALSE
140,0.333333333333333,1,1,FALSE
140,0.444444444444444,0.0099900099900101,0.0999000999000998,FALSE
140,0.555555555555556,0.01998001998002,0.17982017982018,FALSE
140,0.666666666666667,0.363636363636364,1,FALSE
140,0.777777777777778,1,1,FALSE
140,0.888888888888889,1,1,FALSE
140,1,1,1,FALSE
141,0,1,1,FALSE
141,0.111111111111111,0.579420579420579,1,FALSE
141,0.222222222222222,1,1,FALSE
141,0.333333333333333,0.215784215784216,1,FALSE
141,0.444444444444444,0.235764235764236,1,FALSE
141,0.555555555555556,0.295704295704296,1,FALSE
141,0.666666666666667,1,1,FALSE
141,0.777777777777778,1,1,FALSE
141,0.888888888888889,1,1,FALSE
141,1,0.32967032967033,1,FALSE
142,0,0.0999000999000998,0.799200799200799,FALSE
142,0.111111111111111,1,1,FALSE
142,0.222222222222222,0.759240759240759,1,FALSE
142,0.333333333333333,1,1,FALSE
142,0.444444444444444,0.0099900099900101,0.099900099900101,FALSE
142,0.555555555555556,0.037962037962038,0.341658341658342,FALSE
142,0.666666666666667,0.573426573426573,1,FALSE
142,0.777777777777778,0.935064935064935,1,FALSE
142,0.888888888888889,0.879120879120879,1,FALSE
142,1,0.315684315684316,1,FALSE
143,0,0.609390609390609,1,FALSE
143,0.111111111111111,1,1,FALSE
143,0.222222222222222,1,1,FALSE
143,0.333333333333333,1,1,FALSE
143,0.444444444444444,0.33966033966034,1,FALSE
143,0.555555555555556,0.747252747252747,1,FALSE
143,0.666666666666667,1,1,FALSE
143,0.777777777777778,1,1,FALSE
143,0.888888888888889,1,1,FALSE
143,1,1,1,FALSE
144,0,1,1,FALSE
144,0.111111111111111,1,1,FALSE
144,0.222222222222222,1,1,FALSE
144,0.333333333333333,1,1,FALSE
144,0.444444444444444,0.417582417582418,1,FALSE
144,0.555555555555556,0.117882117882118,1,FALSE
144,0.666666666666667,1,1,FALSE
144,0.777777777777778,1,1,FALSE
144,0.888888888888889,1,1,FALSE
144,1,0.351648351648352,1,FALSE
145,0,1,1,FALSE
145,0.111111111111111,1,1,FALSE
145,0.222222222222222,1,1,FALSE
145,0.333333333333333,1,1,FALSE
145,0.444444444444444,0.257742257742258,1,FALSE
145,0.555555555555556,1,1,FALSE
145,0.666666666666667,0.817182817182817,1,FALSE
145,0.777777777777778,1,1,FALSE
145,0.888888888888889,0.38961038961039,1,FALSE
145,1,1,1,FALSE
146,0,0.025974025974026,0.181818181818182,FALSE
146,0.111111111111111,0.203796203796204,0.815184815184815,FALSE
146,0.222222222222222,0.847152847152847,1,FALSE
146,0.333333333333333,0.629370629370629,1,FALSE
146,0.444444444444444,0.0539460539460539,0.2997002997003,FALSE
146,0.555555555555556,0.00799200799200794,0.0719280719280715,TRUE
146,0.666666666666667,0.057942057942058,0.2997002997003,FALSE
146,0.777777777777778,1,1,FALSE
146,0.888888888888889,0.0999000999000998,0.499500499500499,FALSE
146,1,0.013986013986014,0.116883116883117,FALSE
147,0,1,1,FALSE
147,0.111111111111111,1,1,FALSE
147,0.222222222222222,1,1,FALSE
147,0.333333333333333,0.00799200799200794,0.0799200799200794,TRUE
147,0.444444444444444,1,1,FALSE
147,0.555555555555556,1,1,FALSE
147,0.666666666666667,0.535464535464536,1,FALSE
147,0.777777777777778,1,1,FALSE
147,0.888888888888889,1,1,FALSE
147,1,1,1,FALSE
148,0,0.031968031968032,0.206293706293706,FALSE
148,0.111111111111111,0.151848151848152,0.303696303696304,FALSE
148,0.222222222222222,0.0879120879120878,0.263736263736263,FALSE
148,0.333333333333333,0.117882117882118,0.275724275724276,FALSE
148,0.444444444444444,0.115884115884116,0.275724275724276,FALSE
148,0.555555555555556,0.0339660339660339,0.206293706293706,FALSE
148,0.666666666666667,0.183816183816184,0.367632367632368,FALSE
148,0.777777777777778,1,1,FALSE
148,0.888888888888889,0.025974025974026,0.188611388611389,FALSE
148,1,0.0779220779220779,0.245088245088245,FALSE
149,0,1,1,FALSE
149,0.111111111111111,1,1,FALSE
149,0.222222222222222,1,1,FALSE
149,0.333333333333333,1,1,FALSE
149,0.444444444444444,1,1,FALSE
149,0.555555555555556,1,1,FALSE
149,0.666666666666667,1,1,FALSE
149,0.777777777777778,0.00399600399600408,0.0399600399600408,TRUE
149,0.888888888888889,0.559440559440559,1,FALSE
149,1,1,1,FALSE
150,0,0.241758241758242,0.483516483516484,FALSE
150,0.111111111111111,0.00199800199800193,0.0179820179820174,TRUE
150,0.222222222222222,0.057942057942058,0.231768231768232,FALSE
150,0.333333333333333,0.131868131868132,0.362637362637363,FALSE
150,0.444444444444444,0.0279720279720279,0.163836163836164,FALSE
150,0.555555555555556,0.0819180819180818,0.263736263736264,FALSE
150,0.666666666666667,0.04995004995005,0.204795204795205,FALSE
150,0.777777777777778,0.00199800199800193,0.0179820179820174,TRUE
150,0.888888888888889,0.0099900099900101,0.0799200799200808,FALSE
150,1,0.941058941058941,0.941058941058941,FALSE
151,0,1,1,FALSE
151,0.111111111111111,1,1,FALSE
151,0.222222222222222,1,1,FALSE
151,0.333333333333333,1,1,FALSE
151,0.444444444444444,1,1,FALSE
151,0.555555555555556,1,1,FALSE
151,0.666666666666667,1,1,FALSE
151,0.777777777777778,1,1,FALSE
151,0.888888888888889,1,1,FALSE
151,1,1,1,FALSE
152,0,0.00799200799200794,0.0799200799200794,TRUE
152,0.111111111111111,0.115884115884116,1,FALSE
152,0.222222222222222,1,1,FALSE
152,0.333333333333333,1,1,FALSE
152,0.444444444444444,1,1,FALSE
152,0.555555555555556,0.687312687312687,1,FALSE
152,0.666666666666667,1,1,FALSE
152,0.777777777777778,1,1,FALSE
152,0.888888888888889,1,1,FALSE
152,1,0.505494505494505,1,FALSE
153,0,1,1,FALSE
153,0.111111111111111,1,1,FALSE
153,0.222222222222222,0.175824175824176,1,FALSE
153,0.333333333333333,1,1,FALSE
153,0.444444444444444,0.871128871128871,1,FALSE
153,0.555555555555556,0.481518481518481,1,FALSE
153,0.666666666666667,1,1,FALSE
153,0.777777777777778,1,1,FALSE
153,0.888888888888889,1,1,FALSE
153,1,1,1,FALSE
154,0,1,1,FALSE
154,0.111111111111111,1,1,FALSE
154,0.222222222222222,1,1,FALSE
154,0.333333333333333,1,1,FALSE
154,0.444444444444444,1,1,FALSE
154,0.555555555555556,1,1,FALSE
154,0.666666666666667,1,1,FALSE
154,0.777777777777778,1,1,FALSE
154,0.888888888888889,1,1,FALSE
154,1,1,1,FALSE
155,0,1,1,FALSE
155,0.111111111111111,1,1,FALSE
155,0.222222222222222,1,1,FALSE
155,0.333333333333333,0.297702297702298,1,FALSE
155,0.444444444444444,0.013986013986014,0.13986013986014,FALSE
155,0.555555555555556,0.111888111888112,0.923076923076923,FALSE
155,0.666666666666667,0.307692307692308,1,FALSE
155,0.777777777777778,1,1,FALSE
155,0.888888888888889,1,1,FALSE
155,1,1,1,FALSE
156,0,1,1,FALSE
156,0.111111111111111,1,1,FALSE
156,0.222222222222222,1,1,FALSE
156,0.333333333333333,1,1,FALSE
156,0.444444444444444,0.797202797202797,1,FALSE
156,0.555555555555556,1,1,FALSE
156,0.666666666666667,1,1,FALSE
156,0.777777777777778,1,1,FALSE
156,0.888888888888889,1,1,FALSE
156,1,1,1,FALSE
157,0,0.0219780219780219,0.109890109890109,FALSE
157,0.111111111111111,0.161838161838162,0.485514485514486,FALSE
157,0.222222222222222,0.00199800199800193,0.0119880119880116,TRUE
157,0.333333333333333,0.00199800199800193,0.0119880119880116,TRUE
157,0.444444444444444,0.00199800199800193,0.0119880119880116,TRUE
157,0.555555555555556,0.00199800199800193,0.0119880119880116,TRUE
157,0.666666666666667,0.00199800199800193,0.0119880119880116,TRUE
157,0.777777777777778,0.0479520479520479,0.191808191808192,FALSE
157,0.888888888888889,1,1,FALSE
157,1,0.961038961038961,1,FALSE
158,0,1,1,FALSE
158,0.111111111111111,1,1,FALSE
158,0.222222222222222,1,1,FALSE
158,0.333333333333333,1,1,FALSE
158,0.444444444444444,0.025974025974026,0.233766233766234,FALSE
158,0.555555555555556,0.017982017982018,0.161838161838162,FALSE
158,0.666666666666667,0.0799200799200799,0.639360639360639,FALSE
158,0.777777777777778,1,1,FALSE
158,0.888888888888889,1,1,FALSE
158,1,0.195804195804196,1,FALSE
159,0,1,1,FALSE
159,0.111111111111111,1,1,FALSE
159,0.222222222222222,1,1,FALSE
159,0.333333333333333,1,1,FALSE
159,0.444444444444444,0.025974025974026,0.25974025974026,FALSE
159,0.555555555555556,0.939060939060939,1,FALSE
159,0.666666666666667,0.0879120879120878,0.79120879120879,FALSE
159,0.777777777777778,0.305694305694306,1,FALSE
159,0.888888888888889,1,1,FALSE
159,1,1,1,FALSE
160,0,1,1,FALSE
160,0.111111111111111,1,1,FALSE
160,0.222222222222222,1,1,FALSE
160,0.333333333333333,1,1,FALSE
160,0.444444444444444,1,1,FALSE
160,0.555555555555556,0.0779220779220779,0.779220779220779,FALSE
160,0.666666666666667,1,1,FALSE
160,0.777777777777778,1,1,FALSE
160,0.888888888888889,1,1,FALSE
160,1,1,1,FALSE
161,0,1,1,FALSE
161,0.111111111111111,0.927072927072927,1,FALSE
161,0.222222222222222,1,1,FALSE
161,0.333333333333333,1,1,FALSE
161,0.444444444444444,1,1,FALSE
161,0.555555555555556,1,1,FALSE
161,0.666666666666667,1,1,FALSE
161,0.777777777777778,1,1,FALSE
161,0.888888888888889,1,1,FALSE
161,1,0.663336663336663,1,FALSE
162,0,0.0819180819180818,0.245754245754245,FALSE
162,0.111111111111111,0.115884115884116,0.245754245754246,FALSE
162,0.222222222222222,0.06993006993007,0.218448218448218,FALSE
162,0.333333333333333,0.00199800199800193,0.0159840159840154,TRUE
162,0.444444444444444,0.00199800199800193,0.0159840159840154,TRUE
162,0.555555555555556,0.00199800199800193,0.0159840159840154,TRUE
162,0.666666666666667,0.0939060939060938,0.245754245754246,FALSE
162,0.777777777777778,0.163836163836164,0.327672327672328,FALSE
162,0.888888888888889,0.031968031968032,0.173826173826174,FALSE
162,1,0.987012987012987,0.987012987012987,FALSE
163,0,1,1,FALSE
163,0.111111111111111,1,1,FALSE
163,0.222222222222222,1,1,FALSE
163,0.333333333333333,1,1,FALSE
163,0.444444444444444,1,1,FALSE
163,0.555555555555556,0.0359640359640359,0.359640359640359,FALSE
163,0.666666666666667,0.401598401598402,1,FALSE
163,0.777777777777778,1,1,FALSE
163,0.888888888888889,1,1,FALSE
163,1,1,1,FALSE
164,0,0.709290709290709,1,FALSE
164,0.111111111111111,1,1,FALSE
164,0.222222222222222,1,1,FALSE
164,0.333333333333333,1,1,FALSE
164,0.444444444444444,0.00399600399600408,0.0399600399600408,TRUE
164,0.555555555555556,0.0339660339660339,0.305694305694305,FALSE
164,0.666666666666667,1,1,FALSE
164,0.777777777777778,1,1,FALSE
164,0.888888888888889,1,1,FALSE
164,1,1,1,FALSE
165,0,1,1,FALSE
165,0.111111111111111,1,1,FALSE
165,0.222222222222222,1,1,FALSE
165,0.333333333333333,1,1,FALSE
165,0.444444444444444,1,1,FALSE
165,0.555555555555556,1,1,FALSE
165,0.666666666666667,1,1,FALSE
165,0.777777777777778,1,1,FALSE
165,0.888888888888889,1,1,FALSE
165,1,1,1,FALSE
166,0,1,1,FALSE
166,0.111111111111111,1,1,FALSE
166,0.222222222222222,1,1,FALSE
166,0.333333333333333,1,1,FALSE
166,0.444444444444444,1,1,FALSE
166,0.555555555555556,0.667332667332667,1,FALSE
166,0.666666666666667,1,1,FALSE
166,0.777777777777778,1,1,FALSE
166,0.888888888888889,0.3996003996004,1,FALSE
166,1,0.785214785214785,1,FALSE
167,0,1,1,FALSE
167,0.111111111111111,1,1,FALSE
167,0.222222222222222,1,1,FALSE
167,0.333333333333333,1,1,FALSE
167,0.444444444444444,1,1,FALSE
167,0.555555555555556,0.307692307692308,1,FALSE
167,0.666666666666667,1,1,FALSE
167,0.777777777777778,1,1,FALSE
167,0.888888888888889,0.261738261738262,1,FALSE
167,1,0.25974025974026,1,FALSE
168,0,1,1,FALSE
168,0.111111111111111,1,1,FALSE
168,0.222222222222222,1,1,FALSE
168,0.333333333333333,1,1,FALSE
168,0.444444444444444,0.401598401598402,1,FALSE
168,0.555555555555556,0.0999000999000998,0.899100899100899,FALSE
168,0.666666666666667,0.00599400599400601,0.0599400599400601,TRUE
168,0.777777777777778,1,1,FALSE
168,0.888888888888889,1,1,FALSE
168,1,1,1,FALSE
169,0,0.0619380619380618,0.619380619380618,FALSE
169,0.111111111111111,1,1,FALSE
169,0.222222222222222,0.783216783216783,1,FALSE
169,0.333333333333333,0.811188811188811,1,FALSE
169,0.444444444444444,0.21978021978022,1,FALSE
169,0.555555555555556,1,1,FALSE
169,0.666666666666667,0.725274725274725,1,FALSE
169,0.777777777777778,0.793206793206793,1,FALSE
169,0.888888888888889,0.855144855144855,1,FALSE
169,1,0.193806193806194,1,FALSE
170,0,1,1,FALSE
170,0.111111111111111,1,1,FALSE
170,0.222222222222222,1,1,FALSE
170,0.333333333333333,0.935064935064935,1,FALSE
170,0.444444444444444,1,1,FALSE
170,0.555555555555556,0.04995004995005,0.4995004995005,FALSE
170,0.666666666666667,1,1,FALSE
170,0.777777777777778,1,1,FALSE
170,0.888888888888889,1,1,FALSE
170,1,1,1,FALSE
171,0,0.807192807192807,1,FALSE
171,0.111111111111111,1,1,FALSE
171,0.222222222222222,1,1,FALSE
171,0.333333333333333,1,1,FALSE
171,0.444444444444444,0.0219780219780219,0.219780219780219,FALSE
171,0.555555555555556,0.08991008991009,0.80919080919081,FALSE
171,0.666666666666667,0.20979020979021,1,FALSE
171,0.777777777777778,1,1,FALSE
171,0.888888888888889,1,1,FALSE
171,1,0.859140859140859,1,FALSE
172,0,0.0159840159840159,0.104895104895105,FALSE
172,0.111111111111111,0.203796203796204,0.611388611388611,FALSE
172,0.222222222222222,0.115884115884116,0.407592407592408,FALSE
172,0.333333333333333,0.013986013986014,0.0979020979020977,FALSE
172,0.444444444444444,0.183816183816184,0.551448551448551,FALSE
172,0.555555555555556,1,1,FALSE
172,0.666666666666667,1,1,FALSE
172,0.777777777777778,0.0299700299700301,0.17982017982018,FALSE
172,0.888888888888889,0.017982017982018,0.107892107892108,FALSE
172,1,0.013986013986014,0.0979020979020977,FALSE
173,0,1,1,FALSE
173,0.111111111111111,1,1,FALSE
173,0.222222222222222,1,1,FALSE
173,0.333333333333333,1,1,FALSE
173,0.444444444444444,1,1,FALSE
173,0.555555555555556,1,1,FALSE
173,0.666666666666667,1,1,FALSE
173,0.777777777777778,1,1,FALSE
173,0.888888888888889,1,1,FALSE
173,1,1,1,FALSE
174,0,0.953046953046953,1,FALSE
174,0.111111111111111,1,1,FALSE
174,0.222222222222222,0.135864135864136,0.815184815184816,FALSE
174,0.333333333333333,0.055944055944056,0.391608391608392,FALSE
174,0.444444444444444,0.00199800199800193,0.0179820179820174,TRUE
174,0.555555555555556,0.00199800199800193,0.0179820179820174,TRUE
174,0.666666666666667,0.037962037962038,0.265734265734266,FALSE
174,0.777777777777778,0.999000999000999,1,FALSE
174,0.888888888888889,0.659340659340659,1,FALSE
174,1,0.693306693306693,1,FALSE
175,0,1,1,FALSE
175,0.111111111111111,1,1,FALSE
175,0.222222222222222,1,1,FALSE
175,0.333333333333333,1,1,FALSE
175,0.444444444444444,0.04995004995005,0.44955044955045,FALSE
175,0.555555555555556,0.00599400599400601,0.0599400599400601,TRUE
175,0.666666666666667,1,1,FALSE
175,0.777777777777778,1,1,FALSE
175,0.888888888888889,1,1,FALSE
175,1,1,1,FALSE
176,0,0.331668331668332,1,FALSE
176,0.111111111111111,1,1,FALSE
176,0.222222222222222,1,1,FALSE
176,0.333333333333333,0.46953046953047,1,FALSE
176,0.444444444444444,0.105894105894106,0.847152847152847,FALSE
176,0.555555555555556,0.00199800199800193,0.0199800199800193,TRUE
176,0.666666666666667,0.729270729270729,1,FALSE
176,0.777777777777778,0.025974025974026,0.233766233766234,FALSE
176,0.888888888888889,0.977022977022977,1,FALSE
176,1,0.285714285714286,1,FALSE
177,0,1,1,FALSE
177,0.111111111111111,1,1,FALSE
177,0.222222222222222,1,1,FALSE
177,0.333333333333333,1,1,FALSE
177,0.444444444444444,0.223776223776224,1,FALSE
177,0.555555555555556,0.00799200799200794,0.0799200799200794,TRUE
177,0.666666666666667,1,1,FALSE
177,0.777777777777778,1,1,FALSE
177,0.888888888888889,1,1,FALSE
177,1,1,1,FALSE
178,0,1,1,FALSE
178,0.111111111111111,1,1,FALSE
178,0.222222222222222,1,1,FALSE
178,0.333333333333333,1,1,FALSE
178,0.444444444444444,0.297702297702298,1,FALSE
178,0.555555555555556,1,1,FALSE
178,0.666666666666667,1,1,FALSE
178,0.777777777777778,1,1,FALSE
178,0.888888888888889,1,1,FALSE
178,1,1,1,FALSE
179,0,0.461538461538461,1,FALSE
179,0.111111111111111,1,1,FALSE
179,0.222222222222222,1,1,FALSE
179,0.333333333333333,0.855144855144855,1,FALSE
179,0.444444444444444,0.297702297702298,1,FALSE
179,0.555555555555556,1,1,FALSE
179,0.666666666666667,1,1,FALSE
179,0.777777777777778,1,1,FALSE
179,0.888888888888889,1,1,FALSE
179,1,1,1,FALSE
180,0,1,1,FALSE
180,0.111111111111111,1,1,FALSE
180,0.222222222222222,0.23976023976024,1,FALSE
180,0.333333333333333,1,1,FALSE
180,0.444444444444444,1,1,FALSE
180,0.555555555555556,1,1,FALSE
180,0.666666666666667,1,1,FALSE
180,0.777777777777778,1,1,FALSE
180,0.888888888888889,1,1,FALSE
180,1,0.499500499500499,1,FALSE
181,0,1,1,FALSE
181,0.111111111111111,1,1,FALSE
181,0.222222222222222,1,1,FALSE
181,0.333333333333333,1,1,FALSE
181,0.444444444444444,1,1,FALSE
181,0.555555555555556,0.285714285714286,1,FALSE
181,0.666666666666667,0.919080919080919,1,FALSE
181,0.777777777777778,1,1,FALSE
181,0.888888888888889,1,1,FALSE
181,1,1,1,FALSE
182,0,1,1,FALSE
182,0.111111111111111,1,1,FALSE
182,0.222222222222222,1,1,FALSE
182,0.333333333333333,1,1,FALSE
182,0.444444444444444,0.337662337662338,1,FALSE
182,0.555555555555556,1,1,FALSE
182,0.666666666666667,1,1,FALSE
182,0.777777777777778,1,1,FALSE
182,0.888888888888889,1,1,FALSE
182,1,0.833166833166833,1,FALSE
183,0,1,1,FALSE
183,0.111111111111111,1,1,FALSE
183,0.222222222222222,1,1,FALSE
183,0.333333333333333,0.383616383616384,1,FALSE
183,0.444444444444444,0.233766233766234,1,FALSE
183,0.555555555555556,0.0659340659340659,0.659340659340659,FALSE
183,0.666666666666667,1,1,FALSE
183,0.777777777777778,1,1,FALSE
183,0.888888888888889,1,1,FALSE
183,1,1,1,FALSE
184,0,1,1,FALSE
184,0.111111111111111,0.791208791208791,1,FALSE
184,0.222222222222222,0.293706293706294,1,FALSE
184,0.333333333333333,1,1,FALSE
184,0.444444444444444,0.031968031968032,0.287712287712288,FALSE
184,0.555555555555556,0.00399600399600408,0.0399600399600408,TRUE
184,0.666666666666667,0.211788211788212,1,FALSE
184,0.777777777777778,0.2997002997003,1,FALSE
184,0.888888888888889,0.165834165834166,0.899100899100899,FALSE
184,1,0.451548451548452,1,FALSE
185,0,1,1,FALSE
185,0.111111111111111,1,1,FALSE
185,0.222222222222222,1,1,FALSE
185,0.333333333333333,1,1,FALSE
185,0.444444444444444,1,1,FALSE
185,0.555555555555556,1,1,FALSE
185,0.666666666666667,1,1,FALSE
185,0.777777777777778,1,1,FALSE
185,0.888888888888889,0.313686313686314,1,FALSE
185,1,0.295704295704296,1,FALSE
186,0,1,1,FALSE
186,0.111111111111111,0.461538461538461,1,FALSE
186,0.222222222222222,1,1,FALSE
186,0.333333333333333,1,1,FALSE
186,0.444444444444444,0.173826173826174,1,FALSE
186,0.555555555555556,0.167832167832168,1,FALSE
186,0.666666666666667,1,1,FALSE
186,0.777777777777778,1,1,FALSE
186,0.888888888888889,0.607392607392607,1,FALSE
186,1,1,1,FALSE
187,0,0.607392607392607,1,FALSE
187,0.111111111111111,1,1,FALSE
187,0.222222222222222,0.599400599400599,1,FALSE
187,0.333333333333333,0.037962037962038,0.265734265734266,FALSE
187,0.444444444444444,0.00599400599400601,0.0599400599400601,TRUE
187,0.555555555555556,0.0219780219780219,0.175824175824175,FALSE
187,0.666666666666667,0.0599400599400599,0.419580419580419,FALSE
187,0.777777777777778,1,1,FALSE
187,0.888888888888889,1,1,FALSE
187,1,0.481518481518481,1,FALSE
188,0,1,1,FALSE
188,0.111111111111111,1,1,FALSE
188,0.222222222222222,0.523476523476524,1,FALSE
188,0.333333333333333,1,1,FALSE
188,0.444444444444444,0.0479520479520479,0.479520479520479,FALSE
188,0.555555555555556,1,1,FALSE
188,0.666666666666667,1,1,FALSE
188,0.777777777777778,1,1,FALSE
188,0.888888888888889,1,1,FALSE
188,1,0.999000999000999,1,FALSE
189,0,1,1,FALSE
189,0.111111111111111,1,1,FALSE
189,0.222222222222222,0.243756243756244,1,FALSE
189,0.333333333333333,1,1,FALSE
189,0.444444444444444,0.045954045954046,0.45954045954046,FALSE
189,0.555555555555556,1,1,FALSE
189,0.666666666666667,1,1,FALSE
189,0.777777777777778,1,1,FALSE
189,0.888888888888889,1,1,FALSE
189,1,0.273726273726274,1,FALSE
190,0,0.0099900099900101,0.0899100899100909,FALSE
190,0.111111111111111,0.011988011988012,0.107892107892108,FALSE
190,0.222222222222222,0.205794205794206,0.617382617382617,FALSE
190,0.333333333333333,1,1,FALSE
190,0.444444444444444,0.14985014985015,0.507492507492508,FALSE
190,0.555555555555556,0.17982017982018,0.539460539460539,FALSE
190,0.666666666666667,1,1,FALSE
190,0.777777777777778,0.0419580419580419,0.293706293706293,FALSE
190,0.888888888888889,0.0539460539460539,0.355244755244755,FALSE
190,1,0.253746253746254,0.761238761238761,FALSE
191,0,0.225774225774226,0.677322677322677,FALSE
191,0.111111111111111,0.191808191808192,0.575424575424575,FALSE
191,0.222222222222222,0.045954045954046,0.275724275724276,FALSE
191,0.333333333333333,0.057942057942058,0.323676323676323,FALSE
191,0.444444444444444,0.00199800199800193,0.0199800199800193,TRUE
191,0.555555555555556,0.00799200799200794,0.0719280719280715,TRUE
191,0.666666666666667,1,1,FALSE
191,0.777777777777778,0.767232767232767,1,FALSE
191,0.888888888888889,0.083916083916084,0.376290376290376,FALSE
191,1,0.107892107892108,0.431568431568431,FALSE
192,0,0.707292707292707,1,FALSE
192,0.111111111111111,1,1,FALSE
192,0.222222222222222,1,1,FALSE
192,0.333333333333333,0.621378621378621,1,FALSE
192,0.444444444444444,0.889110889110889,1,FALSE
192,0.555555555555556,0.0619380619380618,0.619380619380618,FALSE
192,0.666666666666667,1,1,FALSE
192,0.777777777777778,1,1,FALSE
192,0.888888888888889,0.561438561438562,1,FALSE
192,1,1,1,FALSE
193,0,1,1,FALSE
193,0.111111111111111,1,1,FALSE
193,0.222222222222222,1,1,FALSE
193,0.333333333333333,1,1,FALSE
193,0.444444444444444,1,1,FALSE
193,0.555555555555556,1,1,FALSE
193,0.666666666666667,1,1,FALSE
193,0.777777777777778,1,1,FALSE
193,0.888888888888889,1,1,FALSE
193,1,1,1,FALSE
194,0,1,1,FALSE
194,0.111111111111111,0.601398601398601,1,FALSE
194,0.222222222222222,1,1,FALSE
194,0.333333333333333,1,1,FALSE
194,0.444444444444444,1,1,FALSE
194,0.555555555555556,1,1,FALSE
194,0.666666666666667,1,1,FALSE
194,0.777777777777778,1,1,FALSE
194,0.888888888888889,1,1,FALSE
194,1,0.819180819180819,1,FALSE
195,0,1,1,FALSE
195,0.111111111111111,1,1,FALSE
195,0.222222222222222,1,1,FALSE
195,0.333333333333333,0.283716283716284,1,FALSE
195,0.444444444444444,1,1,FALSE
195,0.555555555555556,1,1,FALSE
195,0.666666666666667,1,1,FALSE
195,0.777777777777778,1,1,FALSE
195,0.888888888888889,1,1,FALSE
195,1,1,1,FALSE
196,0,0.395604395604396,1,FALSE
196,0.111111111111111,1,1,FALSE
196,0.222222222222222,1,1,FALSE
196,0.333333333333333,0.937062937062937,1,FALSE
196,0.444444444444444,0.813186813186813,1,FALSE
196,0.555555555555556,1,1,FALSE
196,0.666666666666667,0.641358641358641,1,FALSE
196,0.777777777777778,1,1,FALSE
196,0.888888888888889,0.785214785214785,1,FALSE
196,1,1,1,FALSE
197,0,1,1,FALSE
197,0.111111111111111,1,1,FALSE
197,0.222222222222222,1,1,FALSE
197,0.333333333333333,0.611388611388611,1,FALSE
197,0.444444444444444,0.063936063936064,0.63936063936064,FALSE
197,0.555555555555556,0.18981018981019,1,FALSE
197,0.666666666666667,1,1,FALSE
197,0.777777777777778,1,1,FALSE
197,0.888888888888889,1,1,FALSE
197,1,0.829170829170829,1,FALSE
198,0,1,1,FALSE
198,0.111111111111111,1,1,FALSE
198,0.222222222222222,0.403596403596404,1,FALSE
198,0.333333333333333,1,1,FALSE
198,0.444444444444444,1,1,FALSE
198,0.555555555555556,1,1,FALSE
198,0.666666666666667,1,1,FALSE
198,0.777777777777778,1,1,FALSE
198,0.888888888888889,1,1,FALSE
198,1,1,1,FALSE
199,0,1,1,FALSE
199,0.111111111111111,1,1,FALSE
199,0.222222222222222,1,1,FALSE
199,0.333333333333333,1,1,FALSE
199,0.444444444444444,0.227772227772228,1,FALSE
199,0.555555555555556,0.34965034965035,1,FALSE
199,0.666666666666667,1,1,FALSE
199,0.777777777777778,1,1,FALSE
199,0.888888888888889,1,1,FALSE
199,1,1,1,FALSE
200,0,1,1,FALSE
200,0.111111111111111,0.515484515484516,1,FALSE
200,0.222222222222222,1,1,FALSE
200,0.333333333333333,1,1,FALSE
200,0.444444444444444,0.00199800199800193,0.0199800199800193,TRUE
200,0.555555555555556,0.0619380619380618,0.557442557442557,FALSE
200,0.666666666666667,0.363636363636364,1,FALSE
200,0.777777777777778,1,1,FALSE
200,0.888888888888889,1,1,FALSE
200,1,1,1,FALSE
201,0,1,1,FALSE
201,0.111111111111111,1,1,FALSE
201,0.222222222222222,1,1,FALSE
201,0.333333333333333,1,1,FALSE
201,0.444444444444444,0.00199800199800193,0.0199800199800193,TRUE
201,0.555555555555556,0.025974025974026,0.207792207792208,FALSE
201,0.666666666666667,0.045954045954046,0.367632367632368,FALSE
201,0.777777777777778,0.841158841158841,1,FALSE
201,0.888888888888889,1,1,FALSE
201,1,1,1,FALSE
202,0,0.161838161838162,1,FALSE
202,0.111111111111111,0.925074925074925,1,FALSE
202,0.222222222222222,1,1,FALSE
202,0.333333333333333,0.08991008991009,0.773226773226773,FALSE
202,0.444444444444444,0.251748251748252,1,FALSE
202,0.555555555555556,0.639360639360639,1,FALSE
202,0.666666666666667,1,1,FALSE
202,0.777777777777778,0.581418581418581,1,FALSE
202,0.888888888888889,1,1,FALSE
202,1,0.257742257742258,1,FALSE
203,0,1,1,FALSE
203,0.111111111111111,1,1,FALSE
203,0.222222222222222,1,1,FALSE
203,0.333333333333333,1,1,FALSE
203,0.444444444444444,1,1,FALSE
203,0.555555555555556,0.0619380619380618,0.619380619380618,FALSE
203,0.666666666666667,1,1,FALSE
203,0.777777777777778,1,1,FALSE
203,0.888888888888889,1,1,FALSE
203,1,1,1,FALSE
204,0,1,1,FALSE
204,0.111111111111111,1,1,FALSE
204,0.222222222222222,1,1,FALSE
204,0.333333333333333,1,1,FALSE
204,0.444444444444444,0.0619380619380618,0.557442557442557,FALSE
204,0.555555555555556,1,1,FALSE
204,0.666666666666667,1,1,FALSE
204,0.777777777777778,1,1,FALSE
204,0.888888888888889,1,1,FALSE
204,1,0.0159840159840159,0.159840159840159,FALSE
205,0,1,1,FALSE
205,0.111111111111111,1,1,FALSE
205,0.222222222222222,1,1,FALSE
205,0.333333333333333,1,1,FALSE
205,0.444444444444444,0.165834165834166,1,FALSE
205,0.555555555555556,0.0719280719280719,0.719280719280719,FALSE
205,0.666666666666667,1,1,FALSE
205,0.777777777777778,1,1,FALSE
205,0.888888888888889,1,1,FALSE
205,1,1,1,FALSE
206,0,1,1,FALSE
206,0.111111111111111,1,1,FALSE
206,0.222222222222222,1,1,FALSE
206,0.333333333333333,1,1,FALSE
206,0.444444444444444,0.031968031968032,0.31968031968032,FALSE
206,0.555555555555556,1,1,FALSE
206,0.666666666666667,0.36963036963037,1,FALSE
206,0.777777777777778,1,1,FALSE
206,0.888888888888889,1,1,FALSE
206,1,1,1,FALSE
207,0,0.605394605394605,1,FALSE
207,0.111111111111111,1,1,FALSE
207,0.222222222222222,1,1,FALSE
207,0.333333333333333,0.183816183816184,1,FALSE
207,0.444444444444444,0.00199800199800193,0.0179820179820174,TRUE
207,0.555555555555556,0.00199800199800193,0.0179820179820174,TRUE
207,0.666666666666667,0.689310689310689,1,FALSE
207,0.777777777777778,1,1,FALSE
207,0.888888888888889,1,1,FALSE
207,1,1,1,FALSE
208,0,1,1,FALSE
208,0.111111111111111,1,1,FALSE
208,0.222222222222222,1,1,FALSE
208,0.333333333333333,1,1,FALSE
208,0.444444444444444,0.013986013986014,0.13986013986014,FALSE
208,0.555555555555556,0.303696303696304,1,FALSE
208,0.666666666666667,1,1,FALSE
208,0.777777777777778,1,1,FALSE
208,0.888888888888889,1,1,FALSE
208,1,1,1,FALSE
209,0,1,1,FALSE
209,0.111111111111111,1,1,FALSE
209,0.222222222222222,1,1,FALSE
209,0.333333333333333,1,1,FALSE
209,0.444444444444444,0.0399600399600399,0.359640359640359,FALSE
209,0.555555555555556,0.00399600399600408,0.0399600399600408,TRUE
209,0.666666666666667,0.475524475524476,1,FALSE
209,0.777777777777778,1,1,FALSE
209,0.888888888888889,1,1,FALSE
209,1,1,1,FALSE
210,0,0.13986013986014,0.664335664335665,FALSE
210,0.111111111111111,0.057942057942058,0.347652347652348,FALSE
210,0.222222222222222,0.539460539460539,1,FALSE
210,0.333333333333333,1,1,FALSE
210,0.444444444444444,0.125874125874126,0.629370629370629,FALSE
210,0.555555555555556,0.265734265734266,1,FALSE
210,0.666666666666667,1,1,FALSE
210,0.777777777777778,0.0279720279720279,0.223776223776223,FALSE
210,0.888888888888889,0.00199800199800193,0.0199800199800193,TRUE
210,1,0.025974025974026,0.207792207792208,FALSE
211,0,1,1,FALSE
211,0.111111111111111,1,1,FALSE
211,0.222222222222222,1,1,FALSE
211,0.333333333333333,1,1,FALSE
211,0.444444444444444,0.895104895104895,1,FALSE
211,0.555555555555556,0.30969030969031,1,FALSE
211,0.666666666666667,1,1,FALSE
211,0.777777777777778,1,1,FALSE
211,0.888888888888889,1,1,FALSE
211,1,1,1,FALSE
212,0,1,1,FALSE
212,0.111111111111111,1,1,FALSE
212,0.222222222222222,1,1,FALSE
212,0.333333333333333,1,1,FALSE
212,0.444444444444444,0.16983016983017,1,FALSE
212,0.555555555555556,0.165834165834166,1,FALSE
212,0.666666666666667,1,1,FALSE
212,0.777777777777778,1,1,FALSE
212,0.888888888888889,1,1,FALSE
212,1,1,1,FALSE
213,0,1,1,FALSE
213,0.111111111111111,1,1,FALSE
213,0.222222222222222,1,1,FALSE
213,0.333333333333333,1,1,FALSE
213,0.444444444444444,1,1,FALSE
213,0.555555555555556,0.195804195804196,1,FALSE
213,0.666666666666667,1,1,FALSE
213,0.777777777777778,1,1,FALSE
213,0.888888888888889,1,1,FALSE
213,1,1,1,FALSE
214,0,1,1,FALSE
214,0.111111111111111,1,1,FALSE
214,0.222222222222222,1,1,FALSE
214,0.333333333333333,1,1,FALSE
214,0.444444444444444,1,1,FALSE
214,0.555555555555556,0.013986013986014,0.13986013986014,FALSE
214,0.666666666666667,1,1,FALSE
214,0.777777777777778,0.12987012987013,0.951048951048951,FALSE
214,0.888888888888889,0.237762237762238,1,FALSE
214,1,0.0619380619380618,0.557442557442557,FALSE
215,0,1,1,FALSE
215,0.111111111111111,1,1,FALSE
215,0.222222222222222,1,1,FALSE
215,0.333333333333333,0.101898101898102,0.815184815184816,FALSE
215,0.444444444444444,0.145854145854146,1,FALSE
215,0.555555555555556,0.131868131868132,1,FALSE
215,0.666666666666667,1,1,FALSE
215,0.777777777777778,1,1,FALSE
215,0.888888888888889,1,1,FALSE
215,1,1,1,FALSE
216,0,1,1,FALSE
216,0.111111111111111,0.197802197802198,0.989010989010989,FALSE
216,0.222222222222222,1,1,FALSE
216,0.333333333333333,0.303696303696304,1,FALSE
216,0.444444444444444,0.0419580419580419,0.335664335664335,FALSE
216,0.555555555555556,0.00199800199800193,0.0199800199800193,TRUE
216,0.666666666666667,0.025974025974026,0.207792207792208,FALSE
216,0.777777777777778,0.637362637362637,1,FALSE
216,0.888888888888889,0.627372627372627,1,FALSE
216,1,0.13986013986014,0.839160839160839,FALSE
217,0,1,1,FALSE
217,0.111111111111111,1,1,FALSE
217,0.222222222222222,1,1,FALSE
217,0.333333333333333,1,1,FALSE
217,0.444444444444444,0.113886113886114,1,FALSE
217,0.555555555555556,0.00199800199800193,0.0199800199800193,TRUE
217,0.666666666666667,1,1,FALSE
217,0.777777777777778,1,1,FALSE
217,0.888888888888889,1,1,FALSE
217,1,1,1,FALSE
218,0,1,1,FALSE
218,0.111111111111111,1,1,FALSE
218,0.222222222222222,1,1,FALSE
218,0.333333333333333,1,1,FALSE
218,0.444444444444444,0.0339660339660339,0.339660339660339,FALSE
218,0.555555555555556,1,1,FALSE
218,0.666666666666667,1,1,FALSE
218,0.777777777777778,1,1,FALSE
218,0.888888888888889,1,1,FALSE
218,1,1,1,FALSE
219,0,1,1,FALSE
219,0.111111111111111,1,1,FALSE
219,0.222222222222222,1,1,FALSE
219,0.333333333333333,1,1,FALSE
219,0.444444444444444,0.0739260739260739,0.665334665334665,FALSE
219,0.555555555555556,0.025974025974026,0.25974025974026,FALSE
219,0.666666666666667,1,1,FALSE
219,0.777777777777778,1,1,FALSE
219,0.888888888888889,1,1,FALSE
219,1,1,1,FALSE
220,0,0.981018981018981,1,FALSE
220,0.111111111111111,0.355644355644356,1,FALSE
220,0.222222222222222,0.915084915084915,1,FALSE
220,0.333333333333333,0.123876123876124,0.61938061938062,FALSE
220,0.444444444444444,0.013986013986014,0.111888111888112,FALSE
220,0.555555555555556,0.0299700299700301,0.20979020979021,FALSE
220,0.666666666666667,0.117882117882118,0.589410589410589,FALSE
220,0.777777777777778,1,1,FALSE
220,0.888888888888889,0.017982017982018,0.135864135864136,FALSE
220,1,0.0339660339660339,0.237762237762237,FALSE
221,0,1,1,FALSE
221,0.111111111111111,0.547452547452547,1,FALSE
221,0.222222222222222,1,1,FALSE
221,0.333333333333333,1,1,FALSE
221,0.444444444444444,1,1,FALSE
221,0.555555555555556,0.547452547452547,1,FALSE
221,0.666666666666667,0.355644355644356,1,FALSE
221,0.777777777777778,1,1,FALSE
221,0.888888888888889,1,1,FALSE
221,1,1,1,FALSE
222,0,0.343656343656344,1,FALSE
222,0.111111111111111,1,1,FALSE
222,0.222222222222222,1,1,FALSE
222,0.333333333333333,0.291708291708292,1,FALSE
222,0.444444444444444,0.01998001998002,0.17982017982018,FALSE
222,0.555555555555556,0.00799200799200794,0.0799200799200794,TRUE
222,0.666666666666667,0.115884115884116,0.801864801864802,FALSE
222,0.777777777777778,1,1,FALSE
222,0.888888888888889,1,1,FALSE
222,1,0.235764235764236,1,FALSE
223,0,0.147852147852148,0.887112887112888,FALSE
223,0.111111111111111,1,1,FALSE
223,0.222222222222222,1,1,FALSE
223,0.333333333333333,0.057942057942058,0.463536463536464,FALSE
223,0.444444444444444,0.01998001998002,0.17982017982018,FALSE
223,0.555555555555556,0.231768231768232,1,FALSE
223,0.666666666666667,0.0299700299700301,0.260739260739261,FALSE
223,0.777777777777778,1,1,FALSE
223,0.888888888888889,1,1,FALSE
223,1,1,1,FALSE
224,0,0.261738261738262,1,FALSE
224,0.111111111111111,0.051948051948052,0.311688311688312,FALSE
224,0.222222222222222,0.795204795204795,1,FALSE
224,0.333333333333333,0.131868131868132,0.654345654345654,FALSE
224,0.444444444444444,0.0939060939060938,0.469530469530469,FALSE
224,0.555555555555556,0.025974025974026,0.233766233766234,FALSE
224,0.666666666666667,0.10989010989011,0.54945054945055,FALSE
224,0.777777777777778,0.959040959040959,1,FALSE
224,0.888888888888889,1,1,FALSE
224,1,0.12987012987013,0.64935064935065,FALSE
225,0,0.183816183816184,0.919080919080919,FALSE
225,0.111111111111111,0.603396603396603,1,FALSE
225,0.222222222222222,0.107892107892108,0.755244755244755,FALSE
225,0.333333333333333,1,1,FALSE
225,0.444444444444444,0.25974025974026,1,FALSE
225,0.555555555555556,0.0539460539460539,0.485514485514485,FALSE
225,0.666666666666667,0.867132867132867,1,FALSE
225,0.777777777777778,0.0859140859140859,0.687312687312687,FALSE
225,0.888888888888889,0.42957042957043,1,FALSE
225,1,0.485514485514486,1,FALSE
226,0,1,1,FALSE
226,0.111111111111111,1,1,FALSE
226,0.222222222222222,1,1,FALSE
226,0.333333333333333,1,1,FALSE
226,0.444444444444444,1,1,FALSE
226,0.555555555555556,0.2997002997003,1,FALSE
226,0.666666666666667,1,1,FALSE
226,0.777777777777778,1,1,FALSE
226,0.888888888888889,1,1,FALSE
226,1,1,1,FALSE
227,0,1,1,FALSE
227,0.111111111111111,1,1,FALSE
227,0.222222222222222,1,1,FALSE
227,0.333333333333333,1,1,FALSE
227,0.444444444444444,0.145854145854146,1,FALSE
227,0.555555555555556,1,1,FALSE
227,0.666666666666667,1,1,FALSE
227,0.777777777777778,1,1,FALSE
227,0.888888888888889,1,1,FALSE
227,1,1,1,FALSE
228,0,0.355644355644356,1,FALSE
228,0.111111111111111,0.0799200799200799,0.559440559440559,FALSE
228,0.222222222222222,0.121878121878122,0.82983682983683,FALSE
228,0.333333333333333,0.25974025974026,1,FALSE
228,0.444444444444444,0.00399600399600408,0.0359640359640367,TRUE
228,0.555555555555556,0.00599400599400601,0.0539460539460541,TRUE
228,0.666666666666667,0.545454545454545,1,FALSE
228,0.777777777777778,1,1,FALSE
228,0.888888888888889,1,1,FALSE
228,1,0.799200799200799,1,FALSE
229,0,0.031968031968032,0.31968031968032,FALSE
229,0.111111111111111,0.997002997002997,1,FALSE
229,0.222222222222222,1,1,FALSE
229,0.333333333333333,1,1,FALSE
229,0.444444444444444,1,1,FALSE
229,0.555555555555556,0.203796203796204,1,FALSE
229,0.666666666666667,1,1,FALSE
229,0.777777777777778,1,1,FALSE
229,0.888888888888889,1,1,FALSE
229,1,1,1,FALSE
230,0,0.581418581418581,1,FALSE
230,0.111111111111111,1,1,FALSE
230,0.222222222222222,1,1,FALSE
230,0.333333333333333,1,1,FALSE
230,0.444444444444444,0.031968031968032,0.287712287712288,FALSE
230,0.555555555555556,0.00399600399600408,0.0399600399600408,TRUE
230,0.666666666666667,0.709290709290709,1,FALSE
230,0.777777777777778,1,1,FALSE
230,0.888888888888889,1,1,FALSE
230,1,1,1,FALSE
231,0,0.503496503496504,1,FALSE
231,0.111111111111111,1,1,FALSE
231,0.222222222222222,1,1,FALSE
231,0.333333333333333,1,1,FALSE
231,0.444444444444444,0.287712287712288,1,FALSE
231,0.555555555555556,0.00199800199800193,0.0179820179820174,TRUE
231,0.666666666666667,0.00199800199800193,0.0179820179820174,TRUE
231,0.777777777777778,1,1,FALSE
231,0.888888888888889,0.657342657342657,1,FALSE
231,1,1,1,FALSE
232,0,0.165834165834166,0.829170829170829,FALSE
232,0.111111111111111,0.221778221778222,1,FALSE
232,0.222222222222222,1,1,FALSE
232,0.333333333333333,0.133866133866134,0.669330669330669,FALSE
232,0.444444444444444,0.00599400599400601,0.0599400599400601,TRUE
232,0.555555555555556,0.171828171828172,0.859140859140859,FALSE
232,0.666666666666667,0.163836163836164,0.819180819180819,FALSE
232,0.777777777777778,0.797202797202797,1,FALSE
232,0.888888888888889,1,1,FALSE
232,1,1,1,FALSE
233,0,1,1,FALSE
233,0.111111111111111,1,1,FALSE
233,0.222222222222222,1,1,FALSE
233,0.333333333333333,1,1,FALSE
233,0.444444444444444,0.00599400599400601,0.0599400599400601,TRUE
233,0.555555555555556,0.727272727272727,1,FALSE
233,0.666666666666667,1,1,FALSE
233,0.777777777777778,1,1,FALSE
233,0.888888888888889,1,1,FALSE
233,1,1,1,FALSE
234,0,1,1,FALSE
234,0.111111111111111,1,1,FALSE
234,0.222222222222222,1,1,FALSE
234,0.333333333333333,1,1,FALSE
234,0.444444444444444,1,1,FALSE
234,0.555555555555556,0.28971028971029,1,FALSE
234,0.666666666666667,1,1,FALSE
234,0.777777777777778,1,1,FALSE
234,0.888888888888889,1,1,FALSE
234,1,1,1,FALSE
235,0,1,1,FALSE
235,0.111111111111111,1,1,FALSE
235,0.222222222222222,1,1,FALSE
235,0.333333333333333,1,1,FALSE
235,0.444444444444444,0.117882117882118,1,FALSE
235,0.555555555555556,1,1,FALSE
235,0.666666666666667,1,1,FALSE
235,0.777777777777778,1,1,FALSE
235,0.888888888888889,1,1,FALSE
235,1,1,1,FALSE
236,0,0.051948051948052,0.399600399600399,FALSE
236,0.111111111111111,0.00799200799200794,0.0799200799200794,TRUE
236,0.222222222222222,0.0999000999000998,0.636363636363637,FALSE
236,0.333333333333333,1,1,FALSE
236,0.444444444444444,0.181818181818182,1,FALSE
236,0.555555555555556,0.0219780219780219,0.197802197802197,FALSE
236,0.666666666666667,1,1,FALSE
236,0.777777777777778,1,1,FALSE
236,0.888888888888889,1,1,FALSE
236,1,0.635364635364635,1,FALSE
237,0,1,1,FALSE
237,0.111111111111111,0.569430569430569,1,FALSE
237,0.222222222222222,1,1,FALSE
237,0.333333333333333,1,1,FALSE
237,0.444444444444444,0.117882117882118,1,FALSE
237,0.555555555555556,0.00599400599400601,0.0599400599400601,TRUE
237,0.666666666666667,1,1,FALSE
237,0.777777777777778,1,1,FALSE
237,0.888888888888889,1,1,FALSE
237,1,1,1,FALSE
238,0,1,1,FALSE
238,0.111111111111111,1,1,FALSE
238,0.222222222222222,1,1,FALSE
238,0.333333333333333,1,1,FALSE
238,0.444444444444444,1,1,FALSE
238,0.555555555555556,0.121878121878122,1,FALSE
238,0.666666666666667,0.937062937062937,1,FALSE
238,0.777777777777778,1,1,FALSE
238,0.888888888888889,1,1,FALSE
238,1,1,1,FALSE
239,0,1,1,FALSE
239,0.111111111111111,1,1,FALSE
239,0.222222222222222,1,1,FALSE
239,0.333333333333333,0.0779220779220779,0.623376623376624,FALSE
239,0.444444444444444,0.00199800199800193,0.0199800199800193,TRUE
239,0.555555555555556,0.115884115884116,0.927072927072928,FALSE
239,0.666666666666667,0.637362637362637,1,FALSE
239,0.777777777777778,1,1,FALSE
239,0.888888888888889,1,1,FALSE
239,1,1,1,FALSE
240,0,0.207792207792208,1,FALSE
240,0.111111111111111,1,1,FALSE
240,0.222222222222222,1,1,FALSE
240,0.333333333333333,0.14985014985015,1,FALSE
240,0.444444444444444,0.00199800199800193,0.0199800199800193,TRUE
240,0.555555555555556,0.013986013986014,0.125874125874126,FALSE
240,0.666666666666667,1,1,FALSE
240,0.777777777777778,1,1,FALSE
240,0.888888888888889,1,1,FALSE
240,1,1,1,FALSE
241,0,0.639360639360639,1,FALSE
241,0.111111111111111,0.737262737262737,1,FALSE
241,0.222222222222222,1,1,FALSE
241,0.333333333333333,1,1,FALSE
241,0.444444444444444,0.00599400599400601,0.0599400599400601,TRUE
241,0.555555555555556,0.415584415584416,1,FALSE
241,0.666666666666667,0.173826173826174,1,FALSE
241,0.777777777777778,1,1,FALSE
241,0.888888888888889,1,1,FALSE
241,1,0.625374625374625,1,FALSE
242,0,1,1,FALSE
242,0.111111111111111,1,1,FALSE
242,0.222222222222222,1,1,FALSE
242,0.333333333333333,1,1,FALSE
242,0.444444444444444,0.117882117882118,1,FALSE
242,0.555555555555556,0.013986013986014,0.13986013986014,FALSE
242,0.666666666666667,0.27972027972028,1,FALSE
242,0.777777777777778,0.991008991008991,1,FALSE
242,0.888888888888889,1,1,FALSE
242,1,1,1,FALSE
243,0,0.971028971028971,1,FALSE
243,0.111111111111111,1,1,FALSE
243,0.222222222222222,1,1,FALSE
243,0.333333333333333,0.11988011988012,0.839160839160839,FALSE
243,0.444444444444444,0.017982017982018,0.161838161838162,FALSE
243,0.555555555555556,0.017982017982018,0.161838161838162,FALSE
243,0.666666666666667,0.0979020979020979,0.685314685314685,FALSE
243,0.777777777777778,1,1,FALSE
243,0.888888888888889,1,1,FALSE
243,1,1,1,FALSE
244,0,0.957042957042957,1,FALSE
244,0.111111111111111,1,1,FALSE
244,0.222222222222222,1,1,FALSE
244,0.333333333333333,1,1,FALSE
244,0.444444444444444,0.0859140859140859,0.773226773226773,FALSE
244,0.555555555555556,0.00399600399600408,0.0399600399600408,TRUE
244,0.666666666666667,0.933066933066933,1,FALSE
244,0.777777777777778,1,1,FALSE
244,0.888888888888889,1,1,FALSE
244,1,1,1,FALSE
245,0,1,1,FALSE
245,0.111111111111111,1,1,FALSE
245,0.222222222222222,1,1,FALSE
245,0.333333333333333,0.275724275724276,1,FALSE
245,0.444444444444444,1,1,FALSE
245,0.555555555555556,1,1,FALSE
245,0.666666666666667,1,1,FALSE
245,0.777777777777778,1,1,FALSE
245,0.888888888888889,1,1,FALSE
245,1,1,1,FALSE
246,0,1,1,FALSE
246,0.111111111111111,0.549450549450549,1,FALSE
246,0.222222222222222,1,1,FALSE
246,0.333333333333333,1,1,FALSE
246,0.444444444444444,1,1,FALSE
246,0.555555555555556,0.025974025974026,0.25974025974026,FALSE
246,0.666666666666667,0.307692307692308,1,FALSE
246,0.777777777777778,1,1,FALSE
246,0.888888888888889,1,1,FALSE
246,1,0.979020979020979,1,FALSE
247,0,0.135864135864136,0.67932067932068,FALSE
247,0.111111111111111,0.131868131868132,0.659340659340659,FALSE
247,0.222222222222222,1,1,FALSE
247,0.333333333333333,0.565434565434565,1,FALSE
247,0.444444444444444,0.00599400599400601,0.0599400599400601,TRUE
247,0.555555555555556,0.0219780219780219,0.197802197802197,FALSE
247,0.666666666666667,0.10989010989011,0.54945054945055,FALSE
247,0.777777777777778,0.177822177822178,0.889110889110889,FALSE
247,0.888888888888889,0.989010989010989,1,FALSE
247,1,1,1,FALSE
248,0,1,1,FALSE
248,0.111111111111111,1,1,FALSE
248,0.222222222222222,1,1,FALSE
248,0.333333333333333,1,1,FALSE
248,0.444444444444444,0.0239760239760241,0.215784215784216,FALSE
248,0.555555555555556,0.00199800199800193,0.0199800199800193,TRUE
248,0.666666666666667,1,1,FALSE
248,0.777777777777778,0.483516483516484,1,FALSE
248,0.888888888888889,0.201798201798202,1,FALSE
248,1,0.445554445554446,1,FALSE
249,0,1,1,FALSE
249,0.111111111111111,1,1,FALSE
249,0.222222222222222,1,1,FALSE
249,0.333333333333333,1,1,FALSE
249,0.444444444444444,1,1,FALSE
249,0.555555555555556,1,1,FALSE
249,0.666666666666667,1,1,FALSE
249,0.777777777777778,1,1,FALSE
249,0.888888888888889,1,1,FALSE
249,1,0.52947052947053,1,FALSE
250,0,1,1,FALSE
250,0.111111111111111,1,1,FALSE
250,0.222222222222222,1,1,FALSE
250,0.333333333333333,1,1,FALSE
250,0.444444444444444,1,1,FALSE
250,0.555555555555556,0.011988011988012,0.11988011988012,FALSE
250,0.666666666666667,0.083916083916084,0.755244755244756,FALSE
250,0.777777777777778,1,1,FALSE
250,0.888888888888889,1,1,FALSE
250,1,1,1,FALSE
251,0,1,1,FALSE
251,0.111111111111111,1,1,FALSE
251,0.222222222222222,1,1,FALSE
251,0.333333333333333,1,1,FALSE
251,0.444444444444444,0.0339660339660339,0.339660339660339,FALSE
251,0.555555555555556,0.0719280719280719,0.647352647352647,FALSE
251,0.666666666666667,1,1,FALSE
251,0.777777777777778,1,1,FALSE
251,0.888888888888889,1,1,FALSE
251,1,1,1,FALSE
252,0,1,1,FALSE
252,0.111111111111111,1,1,FALSE
252,0.222222222222222,1,1,FALSE
252,0.333333333333333,1,1,FALSE
252,0.444444444444444,1,1,FALSE
252,0.555555555555556,0.12987012987013,1,FALSE
252,0.666666666666667,0.46953046953047,1,FALSE
252,0.777777777777778,1,1,FALSE
252,0.888888888888889,1,1,FALSE
252,1,1,1,FALSE
253,0,1,1,FALSE
253,0.111111111111111,1,1,FALSE
253,0.222222222222222,1,1,FALSE
253,0.333333333333333,1,1,FALSE
253,0.444444444444444,0.00199800199800193,0.0199800199800193,TRUE
253,0.555555555555556,1,1,FALSE
253,0.666666666666667,0.013986013986014,0.125874125874126,FALSE
253,0.777777777777778,1,1,FALSE
253,0.888888888888889,1,1,FALSE
253,1,1,1,FALSE
254,0,1,1,FALSE
254,0.111111111111111,1,1,FALSE
254,0.222222222222222,1,1,FALSE
254,0.333333333333333,1,1,FALSE
254,0.444444444444444,1,1,FALSE
254,0.555555555555556,0.321678321678322,1,FALSE
254,0.666666666666667,1,1,FALSE
254,0.777777777777778,1,1,FALSE
254,0.888888888888889,1,1,FALSE
254,1,0.977022977022977,1,FALSE
255,0,1,1,FALSE
255,0.111111111111111,1,1,FALSE
255,0.222222222222222,0.809190809190809,1,FALSE
255,0.333333333333333,0.181818181818182,1,FALSE
255,0.444444444444444,0.499500499500499,1,FALSE
255,0.555555555555556,1,1,FALSE
255,0.666666666666667,1,1,FALSE
255,0.777777777777778,1,1,FALSE
255,0.888888888888889,1,1,FALSE
255,1,1,1,FALSE
256,0,1,1,FALSE
256,0.111111111111111,1,1,FALSE
256,0.222222222222222,1,1,FALSE
256,0.333333333333333,1,1,FALSE
256,0.444444444444444,0.051948051948052,0.467532467532468,FALSE
256,0.555555555555556,0.0239760239760241,0.239760239760241,FALSE
256,0.666666666666667,1,1,FALSE
256,0.777777777777778,1,1,FALSE
256,0.888888888888889,1,1,FALSE
256,1,1,1,FALSE
257,0,1,1,FALSE
257,0.111111111111111,1,1,FALSE
257,0.222222222222222,1,1,FALSE
257,0.333333333333333,1,1,FALSE
257,0.444444444444444,1,1,FALSE
257,0.555555555555556,1,1,FALSE
257,0.666666666666667,1,1,FALSE
257,0.777777777777778,1,1,FALSE
257,0.888888888888889,1,1,FALSE
257,1,1,1,FALSE
258,0,1,1,FALSE
258,0.111111111111111,1,1,FALSE
258,0.222222222222222,1,1,FALSE
258,0.333333333333333,0.111888111888112,0.783216783216783,FALSE
258,0.444444444444444,0.00399600399600408,0.0399600399600408,TRUE
258,0.555555555555556,0.025974025974026,0.233766233766234,FALSE
258,0.666666666666667,0.653346653346653,1,FALSE
258,0.777777777777778,0.735264735264735,1,FALSE
258,0.888888888888889,0.177822177822178,1,FALSE
258,1,1,1,FALSE
259,0,1,1,FALSE
259,0.111111111111111,1,1,FALSE
259,0.222222222222222,1,1,FALSE
259,0.333333333333333,1,1,FALSE
259,0.444444444444444,0.143856143856144,1,FALSE
259,0.555555555555556,0.0739260739260739,0.719280719280719,FALSE
259,0.666666666666667,1,1,FALSE
259,0.777777777777778,1,1,FALSE
259,0.888888888888889,1,1,FALSE
259,1,1,1,FALSE
260,0,1,1,FALSE
260,0.111111111111111,1,1,FALSE
260,0.222222222222222,1,1,FALSE
260,0.333333333333333,1,1,FALSE
260,0.444444444444444,1,1,FALSE
260,0.555555555555556,1,1,FALSE
260,0.666666666666667,1,1,FALSE
260,0.777777777777778,1,1,FALSE
260,0.888888888888889,1,1,FALSE
260,1,1,1,FALSE
261,0,1,1,FALSE
261,0.111111111111111,1,1,FALSE
261,0.222222222222222,1,1,FALSE
261,0.333333333333333,1,1,FALSE
261,0.444444444444444,1,1,FALSE
261,0.555555555555556,1,1,FALSE
261,0.666666666666667,1,1,FALSE
261,0.777777777777778,1,1,FALSE
261,0.888888888888889,1,1,FALSE
261,1,1,1,FALSE
262,0,1,1,FALSE
262,0.111111111111111,1,1,FALSE
262,0.222222222222222,1,1,FALSE
262,0.333333333333333,1,1,FALSE
262,0.444444444444444,0.277722277722278,1,FALSE
262,0.555555555555556,1,1,FALSE
262,0.666666666666667,1,1,FALSE
262,0.777777777777778,1,1,FALSE
262,0.888888888888889,1,1,FALSE
262,1,0.629370629370629,1,FALSE
263,0,1,1,FALSE
263,0.111111111111111,1,1,FALSE
263,0.222222222222222,1,1,FALSE
263,0.333333333333333,0.0879120879120878,0.79120879120879,FALSE
263,0.444444444444444,1,1,FALSE
263,0.555555555555556,0.00399600399600408,0.0399600399600408,TRUE
263,0.666666666666667,1,1,FALSE
263,0.777777777777778,1,1,FALSE
263,0.888888888888889,1,1,FALSE
263,1,1,1,FALSE
264,0,1,1,FALSE
264,0.111111111111111,1,1,FALSE
264,0.222222222222222,1,1,FALSE
264,0.333333333333333,0.381618381618382,1,FALSE
264,0.444444444444444,0.125874125874126,1,FALSE
264,0.555555555555556,0.445554445554446,1,FALSE
264,0.666666666666667,0.10989010989011,0.989010989010989,FALSE
264,0.777777777777778,0.753246753246753,1,FALSE
264,0.888888888888889,1,1,FALSE
264,1,1,1,FALSE
265,0,1,1,FALSE
265,0.111111111111111,1,1,FALSE
265,0.222222222222222,1,1,FALSE
265,0.333333333333333,1,1,FALSE
265,0.444444444444444,0.063936063936064,0.63936063936064,FALSE
265,0.555555555555556,1,1,FALSE
265,0.666666666666667,1,1,FALSE
265,0.777777777777778,1,1,FALSE
265,0.888888888888889,1,1,FALSE
265,1,1,1,FALSE
266,0,0.353646353646354,0.375624375624376,FALSE
266,0.111111111111111,0.0479520479520479,0.191808191808192,FALSE
266,0.222222222222222,0.0339660339660339,0.16983016983017,FALSE
266,0.333333333333333,0.00199800199800193,0.0159840159840154,TRUE
266,0.444444444444444,0.00199800199800193,0.0159840159840154,TRUE
266,0.555555555555556,0.00199800199800193,0.0159840159840154,TRUE
266,0.666666666666667,0.051948051948052,0.207792207792208,FALSE
266,0.777777777777778,0.375624375624376,0.375624375624376,FALSE
266,0.888888888888889,0.351648351648352,0.375624375624376,FALSE
266,1,0.06993006993007,0.27972027972028,FALSE
267,0,1,1,FALSE
267,0.111111111111111,1,1,FALSE
267,0.222222222222222,1,1,FALSE
267,0.333333333333333,0.305694305694306,1,FALSE
267,0.444444444444444,0.00799200799200794,0.0799200799200794,TRUE
267,0.555555555555556,0.0219780219780219,0.197802197802197,FALSE
267,0.666666666666667,1,1,FALSE
267,0.777777777777778,1,1,FALSE
267,0.888888888888889,1,1,FALSE
267,1,1,1,FALSE
268,0,1,1,FALSE
268,0.111111111111111,1,1,FALSE
268,0.222222222222222,1,1,FALSE
268,0.333333333333333,1,1,FALSE
268,0.444444444444444,0.201798201798202,1,FALSE
268,0.555555555555556,0.08991008991009,0.8991008991009,FALSE
268,0.666666666666667,1,1,FALSE
268,0.777777777777778,1,1,FALSE
268,0.888888888888889,1,1,FALSE
268,1,1,1,FALSE
269,0,1,1,FALSE
269,0.111111111111111,1,1,FALSE
269,0.222222222222222,1,1,FALSE
269,0.333333333333333,1,1,FALSE
269,0.444444444444444,0.383616383616384,1,FALSE
269,0.555555555555556,0.127872127872128,1,FALSE
269,0.666666666666667,0.131868131868132,1,FALSE
269,0.777777777777778,0.205794205794206,1,FALSE
269,0.888888888888889,0.373626373626374,1,FALSE
269,1,1,1,FALSE
270,0,0.271728271728272,1,FALSE
270,0.111111111111111,0.133866133866134,1,FALSE
270,0.222222222222222,1,1,FALSE
270,0.333333333333333,1,1,FALSE
270,0.444444444444444,0.973026973026973,1,FALSE
270,0.555555555555556,0.0819180819180818,0.737262737262736,FALSE
270,0.666666666666667,1,1,FALSE
270,0.777777777777778,1,1,FALSE
270,0.888888888888889,1,1,FALSE
270,1,1,1,FALSE
271,0,1,1,FALSE
271,0.111111111111111,0.277722277722278,1,FALSE
271,0.222222222222222,1,1,FALSE
271,0.333333333333333,1,1,FALSE
271,0.444444444444444,1,1,FALSE
271,0.555555555555556,0.013986013986014,0.13986013986014,FALSE
271,0.666666666666667,0.117882117882118,1,FALSE
271,0.777777777777778,1,1,FALSE
271,0.888888888888889,1,1,FALSE
271,1,1,1,FALSE
272,0,1,1,FALSE
272,0.111111111111111,1,1,FALSE
272,0.222222222222222,1,1,FALSE
272,0.333333333333333,0.0939060939060938,0.751248751248751,FALSE
272,0.444444444444444,0.0399600399600399,0.399600399600399,FALSE
272,0.555555555555556,0.135864135864136,1,FALSE
272,0.666666666666667,1,1,FALSE
272,0.777777777777778,1,1,FALSE
272,0.888888888888889,1,1,FALSE
272,1,1,1,FALSE
273,0,1,1,FALSE
273,0.111111111111111,1,1,FALSE
273,0.222222222222222,1,1,FALSE
273,0.333333333333333,1,1,FALSE
273,0.444444444444444,1,1,FALSE
273,0.555555555555556,1,1,FALSE
273,0.666666666666667,1,1,FALSE
273,0.777777777777778,1,1,FALSE
273,0.888888888888889,1,1,FALSE
273,1,1,1,FALSE
274,0,0.409590409590409,1,FALSE
274,0.111111111111111,1,1,FALSE
274,0.222222222222222,1,1,FALSE
274,0.333333333333333,1,1,FALSE
274,0.444444444444444,0.013986013986014,0.125874125874126,FALSE
274,0.555555555555556,0.017982017982018,0.161838161838162,FALSE
274,0.666666666666667,1,1,FALSE
274,0.777777777777778,1,1,FALSE
274,0.888888888888889,1,1,FALSE
274,1,1,1,FALSE
275,0,0.759240759240759,1,FALSE
275,0.111111111111111,1,1,FALSE
275,0.222222222222222,1,1,FALSE
275,0.333333333333333,0.859140859140859,1,FALSE
275,0.444444444444444,0.063936063936064,0.63936063936064,FALSE
275,0.555555555555556,0.191808191808192,1,FALSE
275,0.666666666666667,0.939060939060939,1,FALSE
275,0.777777777777778,1,1,FALSE
275,0.888888888888889,1,1,FALSE
275,1,1,1,FALSE
276,0,1,1,FALSE
276,0.111111111111111,0.831168831168831,1,FALSE
276,0.222222222222222,0.327672327672328,1,FALSE
276,0.333333333333333,1,1,FALSE
276,0.444444444444444,0.01998001998002,0.17982017982018,FALSE
276,0.555555555555556,0.00199800199800193,0.0199800199800193,TRUE
276,0.666666666666667,0.0879120879120878,0.703296703296703,FALSE
276,0.777777777777778,1,1,FALSE
276,0.888888888888889,1,1,FALSE
276,1,1,1,FALSE
277,0,0.177822177822178,1,FALSE
277,0.111111111111111,1,1,FALSE
277,0.222222222222222,1,1,FALSE
277,0.333333333333333,0.0539460539460539,0.391608391608392,FALSE
277,0.444444444444444,0.00199800199800193,0.0179820179820174,TRUE
277,0.555555555555556,0.00199800199800193,0.0179820179820174,TRUE
277,0.666666666666667,0.0979020979020979,0.622377622377622,FALSE
277,0.777777777777778,1,1,FALSE
277,0.888888888888889,1,1,FALSE
277,1,1,1,FALSE
278,0,1,1,FALSE
278,0.111111111111111,0.373626373626374,1,FALSE
278,0.222222222222222,1,1,FALSE
278,0.333333333333333,1,1,FALSE
278,0.444444444444444,0.00199800199800193,0.0199800199800193,TRUE
278,0.555555555555556,0.20979020979021,1,FALSE
278,0.666666666666667,1,1,FALSE
278,0.777777777777778,1,1,FALSE
278,0.888888888888889,1,1,FALSE
278,1,1,1,FALSE
279,0,1,1,FALSE
279,0.111111111111111,1,1,FALSE
279,0.222222222222222,1,1,FALSE
279,0.333333333333333,1,1,FALSE
279,0.444444444444444,0.013986013986014,0.13986013986014,FALSE
279,0.555555555555556,0.06993006993007,0.62937062937063,FALSE
279,0.666666666666667,0.26973026973027,1,FALSE
279,0.777777777777778,1,1,FALSE
279,0.888888888888889,1,1,FALSE
279,1,1,1,FALSE
280,0,1,1,FALSE
280,0.111111111111111,0.431568431568432,1,FALSE
280,0.222222222222222,1,1,FALSE
280,0.333333333333333,0.283716283716284,1,FALSE
280,0.444444444444444,0.00399600399600408,0.0319680319680327,TRUE
280,0.555555555555556,0.00199800199800193,0.0199800199800193,TRUE
280,0.666666666666667,0.00599400599400601,0.0479520479520481,TRUE
280,0.777777777777778,1,1,FALSE
280,0.888888888888889,1,1,FALSE
280,1,1,1,FALSE
281,0,1,1,FALSE
281,0.111111111111111,1,1,FALSE
281,0.222222222222222,1,1,FALSE
281,0.333333333333333,1,1,FALSE
281,0.444444444444444,0.215784215784216,1,FALSE
281,0.555555555555556,0.0159840159840159,0.159840159840159,FALSE
281,0.666666666666667,0.117882117882118,0.971028971028971,FALSE
281,0.777777777777778,1,1,FALSE
281,0.888888888888889,1,1,FALSE
281,1,0.587412587412588,1,FALSE
282,0,0.157842157842158,1,FALSE
282,0.111111111111111,0.405594405594406,1,FALSE
282,0.222222222222222,1,1,FALSE
282,0.333333333333333,1,1,FALSE
282,0.444444444444444,0.025974025974026,0.25974025974026,FALSE
282,0.555555555555556,0.0599400599400599,0.539460539460539,FALSE
282,0.666666666666667,1,1,FALSE
282,0.777777777777778,1,1,FALSE
282,0.888888888888889,1,1,FALSE
282,1,1,1,FALSE
283,0,1,1,FALSE
283,0.111111111111111,1,1,FALSE
283,0.222222222222222,0.947052947052947,1,FALSE
283,0.333333333333333,0.12987012987013,0.909090909090909,FALSE
283,0.444444444444444,0.095904095904096,0.671328671328672,FALSE
283,0.555555555555556,0.0159840159840159,0.143856143856143,FALSE
283,0.666666666666667,0.0099900099900101,0.0899100899100909,FALSE
283,0.777777777777778,0.891108891108891,1,FALSE
283,0.888888888888889,0.537462537462537,1,FALSE
283,1,0.867132867132867,1,FALSE
284,0,1,1,FALSE
284,0.111111111111111,1,1,FALSE
284,0.222222222222222,1,1,FALSE
284,0.333333333333333,0.735264735264735,1,FALSE
284,0.444444444444444,0.0099900099900101,0.0899100899100909,FALSE
284,0.555555555555556,0.00199800199800193,0.0199800199800193,TRUE
284,0.666666666666667,0.26973026973027,1,FALSE
284,0.777777777777778,0.647352647352647,1,FALSE
284,0.888888888888889,0.105894105894106,0.847152847152847,FALSE
284,1,0.447552447552447,1,FALSE
285,0,1,1,FALSE
285,0.111111111111111,1,1,FALSE
285,0.222222222222222,1,1,FALSE
285,0.333333333333333,1,1,FALSE
285,0.444444444444444,0.703296703296703,1,FALSE
285,0.555555555555556,0.711288711288711,1,FALSE
285,0.666666666666667,1,1,FALSE
285,0.777777777777778,1,1,FALSE
285,0.888888888888889,1,1,FALSE
285,1,1,1,FALSE
286,0,1,1,FALSE
286,0.111111111111111,1,1,FALSE
286,0.222222222222222,1,1,FALSE
286,0.333333333333333,1,1,FALSE
286,0.444444444444444,0.00399600399600408,0.0399600399600408,TRUE
286,0.555555555555556,0.225774225774226,1,FALSE
286,0.666666666666667,1,1,FALSE
286,0.777777777777778,0.111888111888112,0.895104895104895,FALSE
286,0.888888888888889,1,1,FALSE
286,1,0.095904095904096,0.767232767232768,FALSE
287,0,1,1,FALSE
287,0.111111111111111,1,1,FALSE
287,0.222222222222222,0.401598401598402,1,FALSE
287,0.333333333333333,1,1,FALSE
287,0.444444444444444,1,1,FALSE
287,0.555555555555556,1,1,FALSE
287,0.666666666666667,1,1,FALSE
287,0.777777777777778,0.817182817182817,1,FALSE
287,0.888888888888889,0.305694305694306,1,FALSE
287,1,1,1,FALSE
288,0,1,1,FALSE
288,0.111111111111111,1,1,FALSE
288,0.222222222222222,1,1,FALSE
288,0.333333333333333,1,1,FALSE
288,0.444444444444444,0.353646353646354,1,FALSE
288,0.555555555555556,0.621378621378621,1,FALSE
288,0.666666666666667,1,1,FALSE
288,0.777777777777778,1,1,FALSE
288,0.888888888888889,1,1,FALSE
288,1,1,1,FALSE
289,0,0.201798201798202,1,FALSE
289,0.111111111111111,1,1,FALSE
289,0.222222222222222,1,1,FALSE
289,0.333333333333333,0.0219780219780219,0.219780219780219,FALSE
289,0.444444444444444,0.205794205794206,1,FALSE
289,0.555555555555556,1,1,FALSE
289,0.666666666666667,0.869130869130869,1,FALSE
289,0.777777777777778,0.787212787212787,1,FALSE
289,0.888888888888889,0.1998001998002,1,FALSE
289,1,0.879120879120879,1,FALSE
290,0,0.0739260739260739,0.212787212787213,FALSE
290,0.111111111111111,0.113886113886114,0.227772227772228,FALSE
290,0.222222222222222,1,1,FALSE
290,0.333333333333333,0.141858141858142,0.283716283716284,FALSE
290,0.444444444444444,0.00599400599400601,0.0419580419580421,TRUE
290,0.555555555555556,0.00199800199800193,0.0179820179820174,TRUE
290,0.666666666666667,0.00199800199800193,0.0179820179820174,TRUE
290,0.777777777777778,0.10989010989011,0.21978021978022,FALSE
290,0.888888888888889,0.01998001998002,0.11988011988012,FALSE
290,1,0.00799200799200794,0.0559440559440556,TRUE
291,0,1,1,FALSE
291,0.111111111111111,1,1,FALSE
291,0.222222222222222,1,1,FALSE
291,0.333333333333333,1,1,FALSE
291,0.444444444444444,0.00199800199800193,0.0199800199800193,TRUE
291,0.555555555555556,0.205794205794206,1,FALSE
291,0.666666666666667,1,1,FALSE
291,0.777777777777778,1,1,FALSE
291,0.888888888888889,1,1,FALSE
291,1,1,1,FALSE
292,0,1,1,FALSE
292,0.111111111111111,1,1,FALSE
292,0.222222222222222,1,1,FALSE
292,0.333333333333333,1,1,FALSE
292,0.444444444444444,0.04995004995005,0.44955044955045,FALSE
292,0.555555555555556,0.04995004995005,0.44955044955045,FALSE
292,0.666666666666667,0.971028971028971,1,FALSE
292,0.777777777777778,1,1,FALSE
292,0.888888888888889,1,1,FALSE
292,1,0.577422577422577,1,FALSE
293,0,1,1,FALSE
293,0.111111111111111,1,1,FALSE
293,0.222222222222222,1,1,FALSE
293,0.333333333333333,0.105894105894106,0.847152847152847,FALSE
293,0.444444444444444,0.00599400599400601,0.0599400599400601,TRUE
293,0.555555555555556,0.011988011988012,0.107892107892108,FALSE
293,0.666666666666667,1,1,FALSE
293,0.777777777777778,1,1,FALSE
293,0.888888888888889,1,1,FALSE
293,1,1,1,FALSE
294,0,0.879120879120879,1,FALSE
294,0.111111111111111,1,1,FALSE
294,0.222222222222222,1,1,FALSE
294,0.333333333333333,1,1,FALSE
294,0.444444444444444,0.04995004995005,0.44955044955045,FALSE
294,0.555555555555556,0.00199800199800193,0.0199800199800193,TRUE
294,0.666666666666667,1,1,FALSE
294,0.777777777777778,1,1,FALSE
294,0.888888888888889,0.117882117882118,0.943056943056943,FALSE
294,1,0.433566433566434,1,FALSE
295,0,0.965034965034965,1,FALSE
295,0.111111111111111,1,1,FALSE
295,0.222222222222222,1,1,FALSE
295,0.333333333333333,0.351648351648352,1,FALSE
295,0.444444444444444,0.0299700299700301,0.269730269730271,FALSE
295,0.555555555555556,0.00799200799200794,0.0799200799200794,TRUE
295,0.666666666666667,0.235764235764236,1,FALSE
295,0.777777777777778,1,1,FALSE
295,0.888888888888889,1,1,FALSE
295,1,1,1,FALSE
296,0,0.957042957042957,1,FALSE
296,0.111111111111111,1,1,FALSE
296,0.222222222222222,1,1,FALSE
296,0.333333333333333,1,1,FALSE
296,0.444444444444444,1,1,FALSE
296,0.555555555555556,1,1,FALSE
296,0.666666666666667,1,1,FALSE
296,0.777777777777778,1,1,FALSE
296,0.888888888888889,1,1,FALSE
296,1,1,1,FALSE
297,0,0.613386613386613,1,FALSE
297,0.111111111111111,1,1,FALSE
297,0.222222222222222,1,1,FALSE
297,0.333333333333333,1,1,FALSE
297,0.444444444444444,1,1,FALSE
297,0.555555555555556,0.267732267732268,1,FALSE
297,0.666666666666667,1,1,FALSE
297,0.777777777777778,1,1,FALSE
297,0.888888888888889,1,1,FALSE
297,1,1,1,FALSE
298,0,1,1,FALSE
298,0.111111111111111,1,1,FALSE
298,0.222222222222222,1,1,FALSE
298,0.333333333333333,1,1,FALSE
298,0.444444444444444,0.629370629370629,1,FALSE
298,0.555555555555556,1,1,FALSE
298,0.666666666666667,1,1,FALSE
298,0.777777777777778,1,1,FALSE
298,0.888888888888889,0.153846153846154,1,FALSE
298,1,1,1,FALSE
299,0,1,1,FALSE
299,0.111111111111111,1,1,FALSE
299,0.222222222222222,1,1,FALSE
299,0.333333333333333,1,1,FALSE
299,0.444444444444444,0.0099900099900101,0.0899100899100909,FALSE
299,0.555555555555556,0.00399600399600408,0.0399600399600408,TRUE
299,0.666666666666667,0.187812187812188,1,FALSE
299,0.777777777777778,1,1,FALSE
299,0.888888888888889,1,1,FALSE
299,1,1,1,FALSE
300,0,1,1,FALSE
300,0.111111111111111,0.483516483516484,1,FALSE
300,0.222222222222222,0.32967032967033,1,FALSE
300,0.333333333333333,0.719280719280719,1,FALSE
300,0.444444444444444,0.057942057942058,0.521478521478522,FALSE
300,0.555555555555556,0.011988011988012,0.11988011988012,FALSE
300,0.666666666666667,0.301698301698302,1,FALSE
300,0.777777777777778,0.925074925074925,1,FALSE
300,0.888888888888889,0.253746253746254,1,FALSE
300,1,0.283716283716284,1,FALSE
301,0,0.00399600399600408,0.0359640359640367,TRUE
301,0.111111111111111,1,1,FALSE
301,0.222222222222222,0.739260739260739,1,FALSE
301,0.333333333333333,0.0099900099900101,0.0699300699300707,FALSE
301,0.444444444444444,0.00199800199800193,0.0199800199800193,TRUE
301,0.555555555555556,0.0159840159840159,0.111888111888111,FALSE
301,0.666666666666667,1,1,FALSE
301,0.777777777777778,0.161838161838162,0.80919080919081,FALSE
301,0.888888888888889,0.929070929070929,1,FALSE
301,1,0.241758241758242,1,FALSE
302,0,1,1,FALSE
302,0.111111111111111,1,1,FALSE
302,0.222222222222222,0.191808191808192,1,FALSE
302,0.333333333333333,0.581418581418581,1,FALSE
302,0.444444444444444,0.00199800199800193,0.0199800199800193,TRUE
302,0.555555555555556,0.00799200799200794,0.0719280719280715,TRUE
302,0.666666666666667,1,1,FALSE
302,0.777777777777778,1,1,FALSE
302,0.888888888888889,0.839160839160839,1,FALSE
302,1,1,1,FALSE
303,0,0.213786213786214,1,FALSE
303,0.111111111111111,0.50949050949051,1,FALSE
303,0.222222222222222,1,1,FALSE
303,0.333333333333333,0.679320679320679,1,FALSE
303,0.444444444444444,0.00199800199800193,0.0179820179820174,TRUE
303,0.555555555555556,0.00199800199800193,0.0179820179820174,TRUE
303,0.666666666666667,0.641358641358641,1,FALSE
303,0.777777777777778,1,1,FALSE
303,0.888888888888889,0.38961038961039,1,FALSE
303,1,1,1,FALSE
304,0,0.0859140859140859,0.773226773226773,FALSE
304,0.111111111111111,1,1,FALSE
304,0.222222222222222,1,1,FALSE
304,0.333333333333333,1,1,FALSE
304,0.444444444444444,1,1,FALSE
304,0.555555555555556,0.00199800199800193,0.0199800199800193,TRUE
304,0.666666666666667,1,1,FALSE
304,0.777777777777778,1,1,FALSE
304,0.888888888888889,1,1,FALSE
304,1,1,1,FALSE
305,0,1,1,FALSE
305,0.111111111111111,1,1,FALSE
305,0.222222222222222,1,1,FALSE
305,0.333333333333333,1,1,FALSE
305,0.444444444444444,0.00199800199800193,0.0199800199800193,TRUE
305,0.555555555555556,0.00799200799200794,0.0719280719280715,TRUE
305,0.666666666666667,0.0879120879120878,0.703296703296703,FALSE
305,0.777777777777778,1,1,FALSE
305,0.888888888888889,1,1,FALSE
305,1,1,1,FALSE
306,0,1,1,FALSE
306,0.111111111111111,1,1,FALSE
306,0.222222222222222,0.955044955044955,1,FALSE
306,0.333333333333333,1,1,FALSE
306,0.444444444444444,0.055944055944056,0.503496503496504,FALSE
306,0.555555555555556,0.011988011988012,0.11988011988012,FALSE
306,0.666666666666667,1,1,FALSE
306,0.777777777777778,1,1,FALSE
306,0.888888888888889,0.387612387612388,1,FALSE
306,1,0.26973026973027,1,FALSE
307,0,1,1,FALSE
307,0.111111111111111,0.293706293706294,1,FALSE
307,0.222222222222222,0.25974025974026,1,FALSE
307,0.333333333333333,1,1,FALSE
307,0.444444444444444,0.00399600399600408,0.0399600399600408,TRUE
307,0.555555555555556,0.187812187812188,1,FALSE
307,0.666666666666667,1,1,FALSE
307,0.777777777777778,1,1,FALSE
307,0.888888888888889,1,1,FALSE
307,1,0.13986013986014,0.979020979020979,FALSE
308,0,1,1,FALSE
308,0.111111111111111,1,1,FALSE
308,0.222222222222222,1,1,FALSE
308,0.333333333333333,1,1,FALSE
308,0.444444444444444,1,1,FALSE
308,0.555555555555556,0.127872127872128,1,FALSE
308,0.666666666666667,1,1,FALSE
308,0.777777777777778,1,1,FALSE
308,0.888888888888889,1,1,FALSE
308,1,1,1,FALSE
309,0,1,1,FALSE
309,0.111111111111111,1,1,FALSE
309,0.222222222222222,1,1,FALSE
309,0.333333333333333,0.985014985014985,1,FALSE
309,0.444444444444444,0.26973026973027,1,FALSE
309,0.555555555555556,0.121878121878122,1,FALSE
309,0.666666666666667,1,1,FALSE
309,0.777777777777778,1,1,FALSE
309,0.888888888888889,1,1,FALSE
309,1,0.265734265734266,1,FALSE
310,0,1,1,FALSE
310,0.111111111111111,1,1,FALSE
310,0.222222222222222,0.43956043956044,1,FALSE
310,0.333333333333333,0.043956043956044,0.307692307692308,FALSE
310,0.444444444444444,0.00799200799200794,0.0719280719280715,TRUE
310,0.555555555555556,0.00399600399600408,0.0399600399600397,TRUE
310,0.666666666666667,0.063936063936064,0.447552447552448,FALSE
310,0.777777777777778,0.921078921078921,1,FALSE
310,0.888888888888889,1,1,FALSE
310,1,1,1,FALSE
311,0,1,1,FALSE
311,0.111111111111111,1,1,FALSE
311,0.222222222222222,1,1,FALSE
311,0.333333333333333,0.779220779220779,1,FALSE
311,0.444444444444444,0.00199800199800193,0.0179820179820174,TRUE
311,0.555555555555556,0.00199800199800193,0.0179820179820174,TRUE
311,0.666666666666667,1,1,FALSE
311,0.777777777777778,1,1,FALSE
311,0.888888888888889,1,1,FALSE
311,1,1,1,FALSE
312,0,0.037962037962038,0.18981018981019,FALSE
312,0.111111111111111,1,1,FALSE
312,0.222222222222222,1,1,FALSE
312,0.333333333333333,0.00599400599400601,0.0419580419580421,TRUE
312,0.444444444444444,0.00199800199800193,0.0179820179820174,TRUE
312,0.555555555555556,0.00199800199800193,0.0179820179820174,TRUE
312,0.666666666666667,0.00799200799200794,0.0559440559440556,TRUE
312,0.777777777777778,0.0799200799200799,0.31968031968032,FALSE
312,0.888888888888889,0.203796203796204,0.611388611388611,FALSE
312,1,0.08991008991009,0.35964035964036,FALSE
313,0,0.195804195804196,0.783216783216783,FALSE
313,0.111111111111111,1,1,FALSE
313,0.222222222222222,1,1,FALSE
313,0.333333333333333,0.26973026973027,1,FALSE
313,0.444444444444444,0.0159840159840159,0.127872127872127,FALSE
313,0.555555555555556,0.0099900099900101,0.0799200799200808,FALSE
313,0.666666666666667,0.747252747252747,1,FALSE
313,0.777777777777778,0.223776223776224,0.895104895104895,FALSE
313,0.888888888888889,0.0419580419580419,0.293706293706293,FALSE
313,1,0.00399600399600408,0.0399600399600408,TRUE
314,0,1,1,FALSE
314,0.111111111111111,1,1,FALSE
314,0.222222222222222,1,1,FALSE
314,0.333333333333333,1,1,FALSE
314,0.444444444444444,0.025974025974026,0.239760239760239,FALSE
314,0.555555555555556,0.0479520479520479,0.431568431568431,FALSE
314,0.666666666666667,1,1,FALSE
314,0.777777777777778,1,1,FALSE
314,0.888888888888889,1,1,FALSE
314,1,1,1,FALSE
315,0,0.365634365634366,1,FALSE
315,0.111111111111111,1,1,FALSE
315,0.222222222222222,1,1,FALSE
315,0.333333333333333,0.01998001998002,0.11988011988012,FALSE
315,0.444444444444444,0.00399600399600408,0.0319680319680327,TRUE
315,0.555555555555556,0.00599400599400601,0.0419580419580421,TRUE
315,0.666666666666667,1,1,FALSE
315,0.777777777777778,0.585414585414585,1,FALSE
315,0.888888888888889,0.0099900099900101,0.0699300699300699,FALSE
315,1,0.00599400599400601,0.0419580419580421,TRUE
316,0,1,1,FALSE
316,0.111111111111111,1,1,FALSE
316,0.222222222222222,1,1,FALSE
316,0.333333333333333,1,1,FALSE
316,0.444444444444444,0.0299700299700301,0.269730269730271,FALSE
316,0.555555555555556,0.00199800199800193,0.0199800199800193,TRUE
316,0.666666666666667,1,1,FALSE
316,0.777777777777778,1,1,FALSE
316,0.888888888888889,1,1,FALSE
316,1,1,1,FALSE
317,0,0.0859140859140859,0.687312687312687,FALSE
317,0.111111111111111,0.0279720279720279,0.251748251748251,FALSE
317,0.222222222222222,1,1,FALSE
317,0.333333333333333,1,1,FALSE
317,0.444444444444444,0.38961038961039,1,FALSE
317,0.555555555555556,0.04995004995005,0.3996003996004,FALSE
317,0.666666666666667,1,1,FALSE
317,0.777777777777778,1,1,FALSE
317,0.888888888888889,1,1,FALSE
317,1,0.471528471528472,1,FALSE
318,0,1,1,FALSE
318,0.111111111111111,1,1,FALSE
318,0.222222222222222,1,1,FALSE
318,0.333333333333333,1,1,FALSE
318,0.444444444444444,1,1,FALSE
318,0.555555555555556,0.013986013986014,0.13986013986014,FALSE
318,0.666666666666667,1,1,FALSE
318,0.777777777777778,1,1,FALSE
318,0.888888888888889,1,1,FALSE
318,1,1,1,FALSE
319,0,1,1,FALSE
319,0.111111111111111,0.453546453546454,1,FALSE
319,0.222222222222222,0.593406593406593,1,FALSE
319,0.333333333333333,0.201798201798202,1,FALSE
319,0.444444444444444,0.00199800199800193,0.0199800199800193,TRUE
319,0.555555555555556,0.013986013986014,0.125874125874126,FALSE
319,0.666666666666667,0.0339660339660339,0.271728271728271,FALSE
319,0.777777777777778,0.915084915084915,1,FALSE
319,0.888888888888889,0.52947052947053,1,FALSE
319,1,1,1,FALSE
320,0,0.135864135864136,1,FALSE
320,0.111111111111111,1,1,FALSE
320,0.222222222222222,1,1,FALSE
320,0.333333333333333,1,1,FALSE
320,0.444444444444444,0.013986013986014,0.13986013986014,FALSE
320,0.555555555555556,1,1,FALSE
320,0.666666666666667,1,1,FALSE
320,0.777777777777778,1,1,FALSE
320,0.888888888888889,1,1,FALSE
320,1,0.487512487512487,1,FALSE
321,0,1,1,FALSE
321,0.111111111111111,1,1,FALSE
321,0.222222222222222,1,1,FALSE
321,0.333333333333333,1,1,FALSE
321,0.444444444444444,0.031968031968032,0.31968031968032,FALSE
321,0.555555555555556,1,1,FALSE
321,0.666666666666667,1,1,FALSE
321,0.777777777777778,1,1,FALSE
321,0.888888888888889,1,1,FALSE
321,1,1,1,FALSE
322,0,1,1,FALSE
322,0.111111111111111,1,1,FALSE
322,0.222222222222222,1,1,FALSE
322,0.333333333333333,1,1,FALSE
322,0.444444444444444,0.123876123876124,1,FALSE
322,0.555555555555556,0.0859140859140859,0.773226773226773,FALSE
322,0.666666666666667,1,1,FALSE
322,0.777777777777778,1,1,FALSE
322,0.888888888888889,1,1,FALSE
322,1,1,1,FALSE
323,0,1,1,FALSE
323,0.111111111111111,1,1,FALSE
323,0.222222222222222,1,1,FALSE
323,0.333333333333333,1,1,FALSE
323,0.444444444444444,0.013986013986014,0.13986013986014,FALSE
323,0.555555555555556,0.04995004995005,0.44955044955045,FALSE
323,0.666666666666667,1,1,FALSE
323,0.777777777777778,1,1,FALSE
323,0.888888888888889,1,1,FALSE
323,1,1,1,FALSE
324,0,1,1,FALSE
324,0.111111111111111,0.495504495504496,1,FALSE
324,0.222222222222222,1,1,FALSE
324,0.333333333333333,0.057942057942058,0.463536463536464,FALSE
324,0.444444444444444,0.00799200799200794,0.0719280719280715,TRUE
324,0.555555555555556,0.00199800199800193,0.0199800199800193,TRUE
324,0.666666666666667,0.599400599400599,1,FALSE
324,0.777777777777778,1,1,FALSE
324,0.888888888888889,1,1,FALSE
324,1,1,1,FALSE
325,0,1,1,FALSE
325,0.111111111111111,1,1,FALSE
325,0.222222222222222,1,1,FALSE
325,0.333333333333333,1,1,FALSE
325,0.444444444444444,0.025974025974026,0.233766233766234,FALSE
325,0.555555555555556,0.00199800199800193,0.0199800199800193,TRUE
325,0.666666666666667,1,1,FALSE
325,0.777777777777778,1,1,FALSE
325,0.888888888888889,1,1,FALSE
325,1,1,1,FALSE
326,0,1,1,FALSE
326,0.111111111111111,1,1,FALSE
326,0.222222222222222,1,1,FALSE
326,0.333333333333333,1,1,FALSE
326,0.444444444444444,0.00199800199800193,0.0179820179820174,TRUE
326,0.555555555555556,0.00199800199800193,0.0179820179820174,TRUE
326,0.666666666666667,0.017982017982018,0.143856143856144,FALSE
326,0.777777777777778,1,1,FALSE
326,0.888888888888889,1,1,FALSE
326,1,1,1,FALSE
327,0,1,1,FALSE
327,0.111111111111111,1,1,FALSE
327,0.222222222222222,1,1,FALSE
327,0.333333333333333,1,1,FALSE
327,0.444444444444444,0.215784215784216,1,FALSE
327,0.555555555555556,0.0719280719280719,0.719280719280719,FALSE
327,0.666666666666667,1,1,FALSE
327,0.777777777777778,1,1,FALSE
327,0.888888888888889,1,1,FALSE
327,1,1,1,FALSE
328,0,1,1,FALSE
328,0.111111111111111,1,1,FALSE
328,0.222222222222222,1,1,FALSE
328,0.333333333333333,1,1,FALSE
328,0.444444444444444,0.043956043956044,0.43956043956044,FALSE
328,0.555555555555556,0.137862137862138,1,FALSE
328,0.666666666666667,1,1,FALSE
328,0.777777777777778,1,1,FALSE
328,0.888888888888889,1,1,FALSE
328,1,1,1,FALSE
329,0,0.753246753246753,1,FALSE
329,0.111111111111111,1,1,FALSE
329,0.222222222222222,1,1,FALSE
329,0.333333333333333,0.627372627372627,1,FALSE
329,0.444444444444444,0.0099900099900101,0.0899100899100909,FALSE
329,0.555555555555556,0.00199800199800193,0.0199800199800193,TRUE
329,0.666666666666667,0.615384615384615,1,FALSE
329,0.777777777777778,1,1,FALSE
329,0.888888888888889,1,1,FALSE
329,1,1,1,FALSE
330,0,0.0399600399600399,0.23976023976024,FALSE
330,0.111111111111111,0.519480519480519,1,FALSE
330,0.222222222222222,1,1,FALSE
330,0.333333333333333,0.00599400599400601,0.0479520479520481,TRUE
330,0.444444444444444,0.00199800199800193,0.0179820179820174,TRUE
330,0.555555555555556,0.00199800199800193,0.0179820179820174,TRUE
330,0.666666666666667,0.017982017982018,0.125874125874126,FALSE
330,0.777777777777778,1,1,FALSE
330,0.888888888888889,0.541458541458542,1,FALSE
330,1,0.241758241758242,0.967032967032967,FALSE
331,0,0.177822177822178,1,FALSE
331,0.111111111111111,1,1,FALSE
331,0.222222222222222,1,1,FALSE
331,0.333333333333333,0.639360639360639,1,FALSE
331,0.444444444444444,0.0359640359640359,0.287712287712287,FALSE
331,0.555555555555556,0.00399600399600408,0.0399600399600408,TRUE
331,0.666666666666667,0.0399600399600399,0.31968031968032,FALSE
331,0.777777777777778,1,1,FALSE
331,0.888888888888889,0.083916083916084,0.587412587412588,FALSE
331,1,1,1,FALSE
332,0,1,1,FALSE
332,0.111111111111111,1,1,FALSE
332,0.222222222222222,1,1,FALSE
332,0.333333333333333,1,1,FALSE
332,0.444444444444444,0.013986013986014,0.125874125874126,FALSE
332,0.555555555555556,0.00199800199800193,0.0199800199800193,TRUE
332,0.666666666666667,0.905094905094905,1,FALSE
332,0.777777777777778,1,1,FALSE
332,0.888888888888889,1,1,FALSE
332,1,1,1,FALSE
333,0,0.843156843156843,1,FALSE
333,0.111111111111111,1,1,FALSE
333,0.222222222222222,0.133866133866134,0.803196803196803,FALSE
333,0.333333333333333,0.00199800199800193,0.0179820179820174,TRUE
333,0.444444444444444,0.00199800199800193,0.0179820179820174,TRUE
333,0.555555555555556,0.00399600399600408,0.0319680319680327,TRUE
333,0.666666666666667,0.107892107892108,0.647352647352647,FALSE
333,0.777777777777778,0.817182817182817,1,FALSE
333,0.888888888888889,0.981018981018981,1,FALSE
333,1,1,1,FALSE
334,0,0.751248751248751,1,FALSE
334,0.111111111111111,1,1,FALSE
334,0.222222222222222,1,1,FALSE
334,0.333333333333333,0.301698301698302,1,FALSE
334,0.444444444444444,0.00399600399600408,0.0319680319680318,TRUE
334,0.555555555555556,0.00199800199800193,0.0199800199800193,TRUE
334,0.666666666666667,0.00599400599400601,0.0419580419580421,TRUE
334,0.777777777777778,1,1,FALSE
334,0.888888888888889,0.00799200799200794,0.0559440559440556,FALSE
334,1,0.0739260739260739,0.443556443556443,FALSE
335,0,1,1,FALSE
335,0.111111111111111,1,1,FALSE
335,0.222222222222222,1,1,FALSE
335,0.333333333333333,0.13986013986014,1,FALSE
335,0.444444444444444,0.013986013986014,0.13986013986014,FALSE
335,0.555555555555556,0.051948051948052,0.467532467532468,FALSE
335,0.666666666666667,0.627372627372627,1,FALSE
335,0.777777777777778,1,1,FALSE
335,0.888888888888889,0.571428571428571,1,FALSE
335,1,1,1,FALSE
336,0,1,1,FALSE
336,0.111111111111111,1,1,FALSE
336,0.222222222222222,1,1,FALSE
336,0.333333333333333,1,1,FALSE
336,0.444444444444444,1,1,FALSE
336,0.555555555555556,0.011988011988012,0.11988011988012,FALSE
336,0.666666666666667,1,1,FALSE
336,0.777777777777778,1,1,FALSE
336,0.888888888888889,1,1,FALSE
336,1,1,1,FALSE
337,0,0.423576423576424,1,FALSE
337,0.111111111111111,1,1,FALSE
337,0.222222222222222,1,1,FALSE
337,0.333333333333333,0.587412587412588,1,FALSE
337,0.444444444444444,0.00199800199800193,0.0159840159840154,TRUE
337,0.555555555555556,0.00199800199800193,0.0159840159840154,TRUE
337,0.666666666666667,0.00199800199800193,0.0159840159840154,TRUE
337,0.777777777777778,0.0739260739260739,0.443556443556443,FALSE
337,0.888888888888889,0.305694305694306,1,FALSE
337,1,0.0859140859140859,0.515484515484515,FALSE
338,0,0.24975024975025,1,FALSE
338,0.111111111111111,0.205794205794206,1,FALSE
338,0.222222222222222,0.421578421578422,1,FALSE
338,0.333333333333333,0.0239760239760241,0.191808191808192,FALSE
338,0.444444444444444,0.00399600399600408,0.0359640359640367,TRUE
338,0.555555555555556,0.00199800199800193,0.0199800199800193,TRUE
338,0.666666666666667,0.33966033966034,1,FALSE
338,0.777777777777778,1,1,FALSE
338,0.888888888888889,1,1,FALSE
338,1,1,1,FALSE
339,0,1,1,FALSE
339,0.111111111111111,1,1,FALSE
339,0.222222222222222,1,1,FALSE
339,0.333333333333333,1,1,FALSE
339,0.444444444444444,0.043956043956044,0.395604395604396,FALSE
339,0.555555555555556,0.017982017982018,0.17982017982018,FALSE
339,0.666666666666667,1,1,FALSE
339,0.777777777777778,1,1,FALSE
339,0.888888888888889,1,1,FALSE
339,1,1,1,FALSE
340,0,1,1,FALSE
340,0.111111111111111,1,1,FALSE
340,0.222222222222222,1,1,FALSE
340,0.333333333333333,1,1,FALSE
340,0.444444444444444,0.571428571428571,1,FALSE
340,0.555555555555556,0.175824175824176,1,FALSE
340,0.666666666666667,1,1,FALSE
340,0.777777777777778,1,1,FALSE
340,0.888888888888889,1,1,FALSE
340,1,0.863136863136863,1,FALSE
341,0,1,1,FALSE
341,0.111111111111111,0.639360639360639,1,FALSE
341,0.222222222222222,1,1,FALSE
341,0.333333333333333,1,1,FALSE
341,0.444444444444444,0.00399600399600408,0.0399600399600408,TRUE
341,0.555555555555556,0.103896103896104,0.935064935064935,FALSE
341,0.666666666666667,1,1,FALSE
341,0.777777777777778,1,1,FALSE
341,0.888888888888889,1,1,FALSE
341,1,0.569430569430569,1,FALSE
342,0,1,1,FALSE
342,0.111111111111111,0.751248751248751,1,FALSE
342,0.222222222222222,0.125874125874126,0.755244755244755,FALSE
342,0.333333333333333,0.063936063936064,0.44055944055944,FALSE
342,0.444444444444444,0.017982017982018,0.143856143856144,FALSE
342,0.555555555555556,0.00199800199800193,0.0199800199800193,TRUE
342,0.666666666666667,0.00799200799200794,0.0719280719280715,TRUE
342,0.777777777777778,1,1,FALSE
342,0.888888888888889,1,1,FALSE
342,1,1,1,FALSE
343,0,1,1,FALSE
343,0.111111111111111,1,1,FALSE
343,0.222222222222222,1,1,FALSE
343,0.333333333333333,1,1,FALSE
343,0.444444444444444,0.20979020979021,1,FALSE
343,0.555555555555556,0.00199800199800193,0.0199800199800193,TRUE
343,0.666666666666667,1,1,FALSE
343,0.777777777777778,1,1,FALSE
343,0.888888888888889,0.103896103896104,0.831168831168831,FALSE
343,1,0.271728271728272,1,FALSE
344,0,1,1,FALSE
344,0.111111111111111,1,1,FALSE
344,0.222222222222222,1,1,FALSE
344,0.333333333333333,1,1,FALSE
344,0.444444444444444,1,1,FALSE
344,0.555555555555556,1,1,FALSE
344,0.666666666666667,1,1,FALSE
344,0.777777777777778,1,1,FALSE
344,0.888888888888889,1,1,FALSE
344,1,1,1,FALSE
345,0,1,1,FALSE
345,0.111111111111111,1,1,FALSE
345,0.222222222222222,1,1,FALSE
345,0.333333333333333,1,1,FALSE
345,0.444444444444444,0.01998001998002,0.17982017982018,FALSE
345,0.555555555555556,0.0239760239760241,0.215784215784216,FALSE
345,0.666666666666667,1,1,FALSE
345,0.777777777777778,1,1,FALSE
345,0.888888888888889,1,1,FALSE
345,1,1,1,FALSE
346,0,1,1,FALSE
346,0.111111111111111,1,1,FALSE
346,0.222222222222222,1,1,FALSE
346,0.333333333333333,0.00799200799200794,0.0639360639360635,TRUE
346,0.444444444444444,0.00399600399600408,0.0359640359640357,TRUE
346,0.555555555555556,0.00199800199800193,0.0199800199800193,TRUE
346,0.666666666666667,1,1,FALSE
346,0.777777777777778,1,1,FALSE
346,0.888888888888889,1,1,FALSE
346,1,0.847152847152847,1,FALSE
347,0,1,1,FALSE
347,0.111111111111111,1,1,FALSE
347,0.222222222222222,1,1,FALSE
347,0.333333333333333,0.0539460539460539,0.377622377622377,FALSE
347,0.444444444444444,0.00199800199800193,0.0179820179820174,TRUE
347,0.555555555555556,0.00199800199800193,0.0179820179820174,TRUE
347,0.666666666666667,0.06993006993007,0.48951048951049,FALSE
347,0.777777777777778,0.361638361638362,1,FALSE
347,0.888888888888889,1,1,FALSE
347,1,1,1,FALSE
348,0,1,1,FALSE
348,0.111111111111111,1,1,FALSE
348,0.222222222222222,1,1,FALSE
348,0.333333333333333,1,1,FALSE
348,0.444444444444444,0.171828171828172,1,FALSE
348,0.555555555555556,0.605394605394605,1,FALSE
348,0.666666666666667,1,1,FALSE
348,0.777777777777778,1,1,FALSE
348,0.888888888888889,1,1,FALSE
348,1,0.327672327672328,1,FALSE
349,0,1,1,FALSE
349,0.111111111111111,1,1,FALSE
349,0.222222222222222,1,1,FALSE
349,0.333333333333333,1,1,FALSE
349,0.444444444444444,0.11988011988012,1,FALSE
349,0.555555555555556,0.00199800199800193,0.0199800199800193,TRUE
349,0.666666666666667,1,1,FALSE
349,0.777777777777778,1,1,FALSE
349,0.888888888888889,1,1,FALSE
349,1,1,1,FALSE
350,0,1,1,FALSE
350,0.111111111111111,1,1,FALSE
350,0.222222222222222,1,1,FALSE
350,0.333333333333333,1,1,FALSE
350,0.444444444444444,0.00199800199800193,0.0199800199800193,TRUE
350,0.555555555555556,1,1,FALSE
350,0.666666666666667,0.125874125874126,1,FALSE
350,0.777777777777778,1,1,FALSE
350,0.888888888888889,1,1,FALSE
350,1,1,1,FALSE
351,0,0.013986013986014,0.0699300699300698,FALSE
351,0.111111111111111,0.201798201798202,0.807192807192807,FALSE
351,0.222222222222222,0.0159840159840159,0.0799200799200794,FALSE
351,0.333333333333333,0.00599400599400601,0.0372960372960371,TRUE
351,0.444444444444444,0.00799200799200794,0.0479520479520477,TRUE
351,0.555555555555556,0.00199800199800193,0.0199800199800193,TRUE
351,0.666666666666667,0.0159840159840159,0.0799200799200794,FALSE
351,0.777777777777778,0.867132867132867,1,FALSE
351,0.888888888888889,1,1,FALSE
351,1,0.905094905094905,1,FALSE
352,0,0.115884115884116,0.811188811188812,FALSE
352,0.111111111111111,1,1,FALSE
352,0.222222222222222,1,1,FALSE
352,0.333333333333333,0.083916083916084,0.587412587412588,FALSE
352,0.444444444444444,0.0359640359640359,0.323676323676323,FALSE
352,0.555555555555556,0.0479520479520479,0.383616383616383,FALSE
352,0.666666666666667,1,1,FALSE
352,0.777777777777778,1,1,FALSE
352,0.888888888888889,1,1,FALSE
352,1,0.34965034965035,1,FALSE
353,0,1,1,FALSE
353,0.111111111111111,1,1,FALSE
353,0.222222222222222,1,1,FALSE
353,0.333333333333333,0.621378621378621,1,FALSE
353,0.444444444444444,0.00199800199800193,0.0199800199800193,TRUE
353,0.555555555555556,0.045954045954046,0.413586413586414,FALSE
353,0.666666666666667,1,1,FALSE
353,0.777777777777778,1,1,FALSE
353,0.888888888888889,1,1,FALSE
353,1,1,1,FALSE
354,0,1,1,FALSE
354,0.111111111111111,1,1,FALSE
354,0.222222222222222,1,1,FALSE
354,0.333333333333333,1,1,FALSE
354,0.444444444444444,0.0419580419580419,0.377622377622377,FALSE
354,0.555555555555556,0.00399600399600408,0.0399600399600408,TRUE
354,0.666666666666667,1,1,FALSE
354,0.777777777777778,1,1,FALSE
354,0.888888888888889,1,1,FALSE
354,1,1,1,FALSE
355,0,1,1,FALSE
355,0.111111111111111,1,1,FALSE
355,0.222222222222222,1,1,FALSE
355,0.333333333333333,0.639360639360639,1,FALSE
355,0.444444444444444,0.00199800199800193,0.0179820179820174,TRUE
355,0.555555555555556,0.00199800199800193,0.0179820179820174,TRUE
355,0.666666666666667,1,1,FALSE
355,0.777777777777778,1,1,FALSE
355,0.888888888888889,1,1,FALSE
355,1,1,1,FALSE
356,0,0.511488511488511,1,FALSE
356,0.111111111111111,1,1,FALSE
356,0.222222222222222,1,1,FALSE
356,0.333333333333333,1,1,FALSE
356,0.444444444444444,0.00199800199800193,0.0179820179820174,TRUE
356,0.555555555555556,0.00199800199800193,0.0179820179820174,TRUE
356,0.666666666666667,1,1,FALSE
356,0.777777777777778,1,1,FALSE
356,0.888888888888889,1,1,FALSE
356,1,1,1,FALSE
357,0,1,1,FALSE
357,0.111111111111111,1,1,FALSE
357,0.222222222222222,1,1,FALSE
357,0.333333333333333,1,1,FALSE
357,0.444444444444444,0.0679320679320679,0.611388611388611,FALSE
357,0.555555555555556,1,1,FALSE
357,0.666666666666667,1,1,FALSE
357,0.777777777777778,0.121878121878122,1,FALSE
357,0.888888888888889,1,1,FALSE
357,1,1,1,FALSE
358,0,0.0219780219780219,0.175824175824175,FALSE
358,0.111111111111111,1,1,FALSE
358,0.222222222222222,1,1,FALSE
358,0.333333333333333,0.267732267732268,1,FALSE
358,0.444444444444444,0.00199800199800193,0.0199800199800193,TRUE
358,0.555555555555556,0.00599400599400601,0.0539460539460541,TRUE
358,0.666666666666667,1,1,FALSE
358,0.777777777777778,0.853146853146853,1,FALSE
358,0.888888888888889,1,1,FALSE
358,1,0.243756243756244,1,FALSE
359,0,1,1,FALSE
359,0.111111111111111,1,1,FALSE
359,0.222222222222222,1,1,FALSE
359,0.333333333333333,1,1,FALSE
359,0.444444444444444,0.00199800199800193,0.0199800199800193,TRUE
359,0.555555555555556,0.00599400599400601,0.0539460539460541,TRUE
359,0.666666666666667,1,1,FALSE
359,0.777777777777778,1,1,FALSE
359,0.888888888888889,0.367632367632368,1,FALSE
359,1,1,1,FALSE
360,0,0.991008991008991,1,FALSE
360,0.111111111111111,0.151848151848152,1,FALSE
360,0.222222222222222,0.907092907092907,1,FALSE
360,0.333333333333333,0.075924075924076,0.607392607392607,FALSE
360,0.444444444444444,0.00199800199800193,0.0179820179820174,TRUE
360,0.555555555555556,0.00199800199800193,0.0179820179820174,TRUE
360,0.666666666666667,1,1,FALSE
360,0.777777777777778,1,1,FALSE
360,0.888888888888889,1,1,FALSE
360,1,1,1,FALSE
361,0,0.0279720279720279,0.195804195804195,FALSE
361,0.111111111111111,0.695304695304695,1,FALSE
361,0.222222222222222,1,1,FALSE
361,0.333333333333333,0.00199800199800193,0.0179820179820174,TRUE
361,0.444444444444444,0.00199800199800193,0.0179820179820174,TRUE
361,0.555555555555556,0.0219780219780219,0.153846153846153,FALSE
361,0.666666666666667,0.151848151848152,0.911088911088911,FALSE
361,0.777777777777778,1,1,FALSE
361,0.888888888888889,0.901098901098901,1,FALSE
361,1,0.869130869130869,1,FALSE
362,0,0.503496503496504,1,FALSE
362,0.111111111111111,0.0159840159840159,0.127872127872127,FALSE
362,0.222222222222222,1,1,FALSE
362,0.333333333333333,0.083916083916084,0.503496503496504,FALSE
362,0.444444444444444,0.01998001998002,0.15984015984016,FALSE
362,0.555555555555556,0.00799200799200794,0.0719280719280715,TRUE
362,0.666666666666667,0.267732267732268,1,FALSE
362,0.777777777777778,0.857142857142857,1,FALSE
362,0.888888888888889,0.095904095904096,0.575424575424576,FALSE
362,1,0.887112887112887,1,FALSE
363,0,1,1,FALSE
363,0.111111111111111,1,1,FALSE
363,0.222222222222222,1,1,FALSE
363,0.333333333333333,1,1,FALSE
363,0.444444444444444,0.0099900099900101,0.0999000999000998,FALSE
363,0.555555555555556,0.01998001998002,0.17982017982018,FALSE
363,0.666666666666667,0.371628371628372,1,FALSE
363,0.777777777777778,1,1,FALSE
363,0.888888888888889,1,1,FALSE
363,1,1,1,FALSE
364,0,1,1,FALSE
364,0.111111111111111,1,1,FALSE
364,0.222222222222222,1,1,FALSE
364,0.333333333333333,0.383616383616384,1,FALSE
364,0.444444444444444,0.0099900099900101,0.0899100899100909,FALSE
364,0.555555555555556,0.00199800199800193,0.0199800199800193,TRUE
364,0.666666666666667,0.647352647352647,1,FALSE
364,0.777777777777778,1,1,FALSE
364,0.888888888888889,1,1,FALSE
364,1,1,1,FALSE
365,0,1,1,FALSE
365,0.111111111111111,1,1,FALSE
365,0.222222222222222,1,1,FALSE
365,0.333333333333333,0.415584415584416,1,FALSE
365,0.444444444444444,0.031968031968032,0.287712287712288,FALSE
365,0.555555555555556,0.00199800199800193,0.0199800199800193,TRUE
365,0.666666666666667,0.185814185814186,1,FALSE
365,0.777777777777778,1,1,FALSE
365,0.888888888888889,1,1,FALSE
365,1,0.869130869130869,1,FALSE
366,0,1,1,FALSE
366,0.111111111111111,1,1,FALSE
366,0.222222222222222,1,1,FALSE
366,0.333333333333333,1,1,FALSE
366,0.444444444444444,0.00199800199800193,0.0199800199800193,TRUE
366,0.555555555555556,0.00799200799200794,0.0719280719280715,TRUE
366,0.666666666666667,0.253746253746254,1,FALSE
366,0.777777777777778,1,1,FALSE
366,0.888888888888889,0.593406593406593,1,FALSE
366,1,0.0659340659340659,0.527472527472527,FALSE
367,0,1,1,FALSE
367,0.111111111111111,1,1,FALSE
367,0.222222222222222,0.823176823176823,1,FALSE
367,0.333333333333333,0.0599400599400599,0.479520479520479,FALSE
367,0.444444444444444,0.025974025974026,0.233766233766234,FALSE
367,0.555555555555556,0.00599400599400601,0.0599400599400601,TRUE
367,0.666666666666667,0.735264735264735,1,FALSE
367,0.777777777777778,1,1,FALSE
367,0.888888888888889,1,1,FALSE
367,1,1,1,FALSE
368,0,1,1,FALSE
368,0.111111111111111,1,1,FALSE
368,0.222222222222222,1,1,FALSE
368,0.333333333333333,0.915084915084915,1,FALSE
368,0.444444444444444,0.0279720279720279,0.223776223776223,FALSE
368,0.555555555555556,0.00199800199800193,0.0199800199800193,TRUE
368,0.666666666666667,0.025974025974026,0.207792207792208,FALSE
368,0.777777777777778,0.707292707292707,1,FALSE
368,0.888888888888889,1,1,FALSE
368,1,1,1,FALSE
369,0,1,1,FALSE
369,0.111111111111111,1,1,FALSE
369,0.222222222222222,1,1,FALSE
369,0.333333333333333,0.08991008991009,0.62937062937063,FALSE
369,0.444444444444444,0.00199800199800193,0.0179820179820174,TRUE
369,0.555555555555556,0.00199800199800193,0.0179820179820174,TRUE
369,0.666666666666667,0.0659340659340659,0.461538461538461,FALSE
369,0.777777777777778,1,1,FALSE
369,0.888888888888889,1,1,FALSE
369,1,0.3996003996004,1,FALSE
370,0,1,1,FALSE
370,0.111111111111111,1,1,FALSE
370,0.222222222222222,1,1,FALSE
370,0.333333333333333,1,1,FALSE
370,0.444444444444444,1,1,FALSE
370,0.555555555555556,0.00199800199800193,0.0199800199800193,TRUE
370,0.666666666666667,0.31968031968032,1,FALSE
370,0.777777777777778,1,1,FALSE
370,0.888888888888889,1,1,FALSE
370,1,1,1,FALSE
371,0,0.191808191808192,1,FALSE
371,0.111111111111111,0.967032967032967,1,FALSE
371,0.222222222222222,0.643356643356643,1,FALSE
371,0.333333333333333,0.00399600399600408,0.0359640359640367,TRUE
371,0.444444444444444,0.0099900099900101,0.0799200799200808,FALSE
371,0.555555555555556,0.00199800199800193,0.0199800199800193,TRUE
371,0.666666666666667,0.0539460539460539,0.377622377622377,FALSE
371,0.777777777777778,1,1,FALSE
371,0.888888888888889,1,1,FALSE
371,1,0.431568431568432,1,FALSE
372,0,1,1,FALSE
372,0.111111111111111,0.191808191808192,0.959040959040959,FALSE
372,0.222222222222222,1,1,FALSE
372,0.333333333333333,1,1,FALSE
372,0.444444444444444,0.00599400599400601,0.0599400599400601,TRUE
372,0.555555555555556,0.013986013986014,0.125874125874126,FALSE
372,0.666666666666667,0.0819180819180818,0.491508491508491,FALSE
372,0.777777777777778,0.151848151848152,0.759240759240759,FALSE
372,0.888888888888889,0.135864135864136,0.67932067932068,FALSE
372,1,0.409590409590409,1,FALSE
373,0,1,1,FALSE
373,0.111111111111111,0.735264735264735,1,FALSE
373,0.222222222222222,1,1,FALSE
373,0.333333333333333,0.017982017982018,0.161838161838162,FALSE
373,0.444444444444444,0.00599400599400601,0.0599400599400601,TRUE
373,0.555555555555556,0.10989010989011,0.87912087912088,FALSE
373,0.666666666666667,0.961038961038961,1,FALSE
373,0.777777777777778,1,1,FALSE
373,0.888888888888889,1,1,FALSE
373,1,1,1,FALSE
374,0,1,1,FALSE
374,0.111111111111111,1,1,FALSE
374,0.222222222222222,1,1,FALSE
374,0.333333333333333,0.555444555444556,1,FALSE
374,0.444444444444444,0.00199800199800193,0.0179820179820174,TRUE
374,0.555555555555556,0.00199800199800193,0.0179820179820174,TRUE
374,0.666666666666667,0.013986013986014,0.111888111888112,FALSE
374,0.777777777777778,1,1,FALSE
374,0.888888888888889,1,1,FALSE
374,1,1,1,FALSE
375,0,1,1,FALSE
375,0.111111111111111,1,1,FALSE
375,0.222222222222222,1,1,FALSE
375,0.333333333333333,1,1,FALSE
375,0.444444444444444,0.0219780219780219,0.219780219780219,FALSE
375,0.555555555555556,0.0859140859140859,0.773226773226773,FALSE
375,0.666666666666667,1,1,FALSE
375,0.777777777777778,1,1,FALSE
375,0.888888888888889,1,1,FALSE
375,1,1,1,FALSE
376,0,1,1,FALSE
376,0.111111111111111,0.799200799200799,1,FALSE
376,0.222222222222222,0.193806193806194,1,FALSE
376,0.333333333333333,0.847152847152847,1,FALSE
376,0.444444444444444,0.0739260739260739,0.591408591408591,FALSE
376,0.555555555555556,0.10989010989011,0.775224775224776,FALSE
376,0.666666666666667,1,1,FALSE
376,0.777777777777778,1,1,FALSE
376,0.888888888888889,1,1,FALSE
376,1,0.0799200799200799,0.639360639360639,FALSE
377,0,1,1,FALSE
377,0.111111111111111,1,1,FALSE
377,0.222222222222222,1,1,FALSE
377,0.333333333333333,1,1,FALSE
377,0.444444444444444,0.295704295704296,1,FALSE
377,0.555555555555556,0.00399600399600408,0.0399600399600408,TRUE
377,0.666666666666667,0.643356643356643,1,FALSE
377,0.777777777777778,1,1,FALSE
377,0.888888888888889,1,1,FALSE
377,1,0.131868131868132,1,FALSE
378,0,1,1,FALSE
378,0.111111111111111,0.795204795204795,1,FALSE
378,0.222222222222222,0.681318681318681,1,FALSE
378,0.333333333333333,0.045954045954046,0.22977022977023,FALSE
378,0.444444444444444,0.051948051948052,0.25974025974026,FALSE
378,0.555555555555556,0.013986013986014,0.107892107892108,FALSE
378,0.666666666666667,0.00199800199800193,0.0199800199800193,TRUE
378,0.777777777777778,0.0479520479520479,0.239760239760239,FALSE
378,0.888888888888889,0.0539460539460539,0.269730269730269,FALSE
378,1,0.225774225774226,0.903096903096903,FALSE
379,0,0.10989010989011,0.302697302697303,FALSE
379,0.111111111111111,1,1,FALSE
379,0.222222222222222,0.16983016983017,0.33966033966034,FALSE
379,0.333333333333333,0.00399600399600408,0.0319680319680327,TRUE
379,0.444444444444444,0.00199800199800193,0.0179820179820174,TRUE
379,0.555555555555556,0.00399600399600408,0.0319680319680327,TRUE
379,0.666666666666667,0.01998001998002,0.11988011988012,FALSE
379,0.777777777777778,0.201798201798202,0.403596403596404,FALSE
379,0.888888888888889,0.181818181818182,0.363636363636364,FALSE
379,1,0.017982017982018,0.107892107892108,FALSE
380,0,0.33966033966034,1,FALSE
380,0.111111111111111,1,1,FALSE
380,0.222222222222222,1,1,FALSE
380,0.333333333333333,0.235764235764236,1,FALSE
380,0.444444444444444,0.0399600399600399,0.359640359640359,FALSE
380,0.555555555555556,0.0219780219780219,0.1998001998002,FALSE
380,0.666666666666667,1,1,FALSE
380,0.777777777777778,1,1,FALSE
380,0.888888888888889,1,1,FALSE
380,1,0.255744255744256,1,FALSE
381,0,1,1,FALSE
381,0.111111111111111,1,1,FALSE
381,0.222222222222222,1,1,FALSE
381,0.333333333333333,0.981018981018981,1,FALSE
381,0.444444444444444,0.0219780219780219,0.219780219780219,FALSE
381,0.555555555555556,0.083916083916084,0.683316683316683,FALSE
381,0.666666666666667,0.151848151848152,1,FALSE
381,0.777777777777778,1,1,FALSE
381,0.888888888888889,1,1,FALSE
381,1,1,1,FALSE
382,0,1,1,FALSE
382,0.111111111111111,1,1,FALSE
382,0.222222222222222,1,1,FALSE
382,0.333333333333333,1,1,FALSE
382,0.444444444444444,0.011988011988012,0.11988011988012,FALSE
382,0.555555555555556,1,1,FALSE
382,0.666666666666667,1,1,FALSE
382,0.777777777777778,1,1,FALSE
382,0.888888888888889,1,1,FALSE
382,1,1,1,FALSE
383,0,1,1,FALSE
383,0.111111111111111,0.103896103896104,0.727272727272728,FALSE
383,0.222222222222222,1,1,FALSE
383,0.333333333333333,0.00599400599400601,0.0539460539460541,TRUE
383,0.444444444444444,0.00199800199800193,0.0199800199800193,TRUE
383,0.555555555555556,0.0419580419580419,0.335664335664335,FALSE
383,0.666666666666667,1,1,FALSE
383,0.777777777777778,1,1,FALSE
383,0.888888888888889,1,1,FALSE
383,1,1,1,FALSE
384,0,0.533466533466533,1,FALSE
384,0.111111111111111,1,1,FALSE
384,0.222222222222222,1,1,FALSE
384,0.333333333333333,1,1,FALSE
384,0.444444444444444,0.031968031968032,0.31968031968032,FALSE
384,0.555555555555556,0.217782217782218,1,FALSE
384,0.666666666666667,1,1,FALSE
384,0.777777777777778,1,1,FALSE
384,0.888888888888889,1,1,FALSE
384,1,1,1,FALSE
385,0,0.595404595404595,1,FALSE
385,0.111111111111111,0.927072927072927,1,FALSE
385,0.222222222222222,1,1,FALSE
385,0.333333333333333,0.871128871128871,1,FALSE
385,0.444444444444444,0.00199800199800193,0.0199800199800193,TRUE
385,0.555555555555556,0.0219780219780219,0.197802197802197,FALSE
385,0.666666666666667,1,1,FALSE
385,0.777777777777778,1,1,FALSE
385,0.888888888888889,1,1,FALSE
385,1,1,1,FALSE
386,0,1,1,FALSE
386,0.111111111111111,1,1,FALSE
386,0.222222222222222,1,1,FALSE
386,0.333333333333333,1,1,FALSE
386,0.444444444444444,0.273726273726274,1,FALSE
386,0.555555555555556,0.00199800199800193,0.0199800199800193,TRUE
386,0.666666666666667,1,1,FALSE
386,0.777777777777778,1,1,FALSE
386,0.888888888888889,0.485514485514486,1,FALSE
386,1,1,1,FALSE
387,0,0.615384615384615,1,FALSE
387,0.111111111111111,0.437562437562438,1,FALSE
387,0.222222222222222,1,1,FALSE
387,0.333333333333333,0.0719280719280719,0.503496503496504,FALSE
387,0.444444444444444,0.00199800199800193,0.0179820179820174,TRUE
387,0.555555555555556,0.00199800199800193,0.0179820179820174,TRUE
387,0.666666666666667,0.163836163836164,0.923076923076923,FALSE
387,0.777777777777778,0.161838161838162,0.923076923076923,FALSE
387,0.888888888888889,0.475524475524476,1,FALSE
387,1,1,1,FALSE
388,0,1,1,FALSE
388,0.111111111111111,1,1,FALSE
388,0.222222222222222,1,1,FALSE
388,0.333333333333333,1,1,FALSE
388,0.444444444444444,0.0659340659340659,0.659340659340659,FALSE
388,0.555555555555556,0.177822177822178,1,FALSE
388,0.666666666666667,1,1,FALSE
388,0.777777777777778,1,1,FALSE
388,0.888888888888889,1,1,FALSE
388,1,1,1,FALSE
389,0,1,1,FALSE
389,0.111111111111111,1,1,FALSE
389,0.222222222222222,1,1,FALSE
389,0.333333333333333,0.145854145854146,1,FALSE
389,0.444444444444444,0.00199800199800193,0.0199800199800193,TRUE
389,0.555555555555556,0.013986013986014,0.125874125874126,FALSE
389,0.666666666666667,1,1,FALSE
389,0.777777777777778,1,1,FALSE
389,0.888888888888889,1,1,FALSE
389,1,1,1,FALSE
390,0,1,1,FALSE
390,0.111111111111111,1,1,FALSE
390,0.222222222222222,1,1,FALSE
390,0.333333333333333,1,1,FALSE
390,0.444444444444444,0.00599400599400601,0.0599400599400601,TRUE
390,0.555555555555556,0.0419580419580419,0.377622377622377,FALSE
390,0.666666666666667,1,1,FALSE
390,0.777777777777778,1,1,FALSE
390,0.888888888888889,1,1,FALSE
390,1,1,1,FALSE
391,0,1,1,FALSE
391,0.111111111111111,1,1,FALSE
391,0.222222222222222,0.763236763236763,1,FALSE
391,0.333333333333333,0.0159840159840159,0.127872127872127,FALSE
391,0.444444444444444,0.00199800199800193,0.0179820179820174,TRUE
391,0.555555555555556,0.00199800199800193,0.0179820179820174,TRUE
391,0.666666666666667,0.037962037962038,0.265734265734266,FALSE
391,0.777777777777778,1,1,FALSE
391,0.888888888888889,1,1,FALSE
391,1,0.20979020979021,1,FALSE
392,0,0.867132867132867,1,FALSE
392,0.111111111111111,1,1,FALSE
392,0.222222222222222,1,1,FALSE
392,0.333333333333333,1,1,FALSE
392,0.444444444444444,0.363636363636364,1,FALSE
392,0.555555555555556,0.055944055944056,0.55944055944056,FALSE
392,0.666666666666667,1,1,FALSE
392,0.777777777777778,1,1,FALSE
392,0.888888888888889,0.367632367632368,1,FALSE
392,1,0.537462537462537,1,FALSE
393,0,1,1,FALSE
393,0.111111111111111,1,1,FALSE
393,0.222222222222222,1,1,FALSE
393,0.333333333333333,0.157842157842158,0.947052947052947,FALSE
393,0.444444444444444,0.00399600399600408,0.0359640359640367,TRUE
393,0.555555555555556,0.00599400599400601,0.0539460539460541,TRUE
393,0.666666666666667,0.10989010989011,0.65934065934066,FALSE
393,0.777777777777778,1,1,FALSE
393,0.888888888888889,1,1,FALSE
393,1,0.175824175824176,1,FALSE
394,0,1,1,FALSE
394,0.111111111111111,1,1,FALSE
394,0.222222222222222,1,1,FALSE
394,0.333333333333333,0.017982017982018,0.125874125874126,FALSE
394,0.444444444444444,0.00399600399600408,0.0319680319680327,TRUE
394,0.555555555555556,0.00199800199800193,0.0199800199800193,TRUE
394,0.666666666666667,0.00599400599400601,0.0479520479520481,TRUE
394,0.777777777777778,0.0979020979020979,0.45954045954046,FALSE
394,0.888888888888889,0.183816183816184,0.735264735264735,FALSE
394,1,0.0879120879120878,0.439560439560439,FALSE
395,0,1,1,FALSE
395,0.111111111111111,0.167832167832168,1,FALSE
395,0.222222222222222,1,1,FALSE
395,0.333333333333333,1,1,FALSE
395,0.444444444444444,0.00199800199800193,0.0199800199800193,TRUE
395,0.555555555555556,1,1,FALSE
395,0.666666666666667,1,1,FALSE
395,0.777777777777778,0.205794205794206,1,FALSE
395,0.888888888888889,0.255744255744256,1,FALSE
395,1,0.241758241758242,1,FALSE
396,0,1,1,FALSE
396,0.111111111111111,1,1,FALSE
396,0.222222222222222,1,1,FALSE
396,0.333333333333333,1,1,FALSE
396,0.444444444444444,0.00599400599400601,0.0599400599400601,TRUE
396,0.555555555555556,0.01998001998002,0.17982017982018,FALSE
396,0.666666666666667,1,1,FALSE
396,0.777777777777778,1,1,FALSE
396,0.888888888888889,1,1,FALSE
396,1,1,1,FALSE
397,0,0.651348651348651,1,FALSE
397,0.111111111111111,1,1,FALSE
397,0.222222222222222,0.995004995004995,1,FALSE
397,0.333333333333333,0.00799200799200794,0.0719280719280715,TRUE
397,0.444444444444444,0.00199800199800193,0.0199800199800193,TRUE
397,0.555555555555556,0.0399600399600399,0.31968031968032,FALSE
397,0.666666666666667,0.13986013986014,0.979020979020979,FALSE
397,0.777777777777778,0.567432567432568,1,FALSE
397,0.888888888888889,0.403596403596404,1,FALSE
397,1,1,1,FALSE
398,0,0.185814185814186,1,FALSE
398,0.111111111111111,1,1,FALSE
398,0.222222222222222,1,1,FALSE
398,0.333333333333333,0.477522477522478,1,FALSE
398,0.444444444444444,0.00199800199800193,0.0199800199800193,TRUE
398,0.555555555555556,0.0159840159840159,0.143856143856143,FALSE
398,0.666666666666667,1,1,FALSE
398,0.777777777777778,1,1,FALSE
398,0.888888888888889,1,1,FALSE
398,1,0.251748251748252,1,FALSE
399,0,0.325674325674326,1,FALSE
399,0.111111111111111,1,1,FALSE
399,0.222222222222222,1,1,FALSE
399,0.333333333333333,1,1,FALSE
399,0.444444444444444,0.00399600399600408,0.0359640359640367,TRUE
399,0.555555555555556,0.00599400599400601,0.0539460539460541,TRUE
399,0.666666666666667,1,1,FALSE
399,0.777777777777778,1,1,FALSE
399,0.888888888888889,1,1,FALSE
399,1,1,1,FALSE
400,0,0.383616383616384,1,FALSE
400,0.111111111111111,1,1,FALSE
400,0.222222222222222,1,1,FALSE
400,0.333333333333333,1,1,FALSE
400,0.444444444444444,0.04995004995005,0.3996003996004,FALSE
400,0.555555555555556,0.00199800199800193,0.0199800199800193,TRUE
400,0.666666666666667,0.031968031968032,0.255744255744256,FALSE
400,0.777777777777778,1,1,FALSE
400,0.888888888888889,1,1,FALSE
400,1,0.979020979020979,1,FALSE
401,0,1,1,FALSE
401,0.111111111111111,1,1,FALSE
401,0.222222222222222,1,1,FALSE
401,0.333333333333333,1,1,FALSE
401,0.444444444444444,0.00199800199800193,0.0179820179820174,TRUE
401,0.555555555555556,0.00199800199800193,0.0179820179820174,TRUE
401,0.666666666666667,1,1,FALSE
401,0.777777777777778,1,1,FALSE
401,0.888888888888889,1,1,FALSE
401,1,0.673326673326673,1,FALSE
402,0,0.133866133866134,0.669330669330669,FALSE
402,0.111111111111111,0.04995004995005,0.34965034965035,FALSE
402,0.222222222222222,0.057942057942058,0.405594405594406,FALSE
402,0.333333333333333,1,1,FALSE
402,0.444444444444444,0.0739260739260739,0.443556443556443,FALSE
402,0.555555555555556,0.0239760239760241,0.215784215784216,FALSE
402,0.666666666666667,0.17982017982018,0.899100899100899,FALSE
402,0.777777777777778,1,1,FALSE
402,0.888888888888889,1,1,FALSE
402,1,1,1,FALSE
403,0,0.147852147852148,0.591408591408592,FALSE
403,0.111111111111111,0.805194805194805,1,FALSE
403,0.222222222222222,0.075924075924076,0.36963036963037,FALSE
403,0.333333333333333,0.00199800199800193,0.0139860139860135,TRUE
403,0.444444444444444,0.00199800199800193,0.0139860139860135,TRUE
403,0.555555555555556,0.00199800199800193,0.0139860139860135,TRUE
403,0.666666666666667,0.00199800199800193,0.0139860139860135,TRUE
403,0.777777777777778,0.0719280719280719,0.35964035964036,FALSE
403,0.888888888888889,1,1,FALSE
403,1,0.829170829170829,1,FALSE
404,0,1,1,FALSE
404,0.111111111111111,1,1,FALSE
404,0.222222222222222,1,1,FALSE
404,0.333333333333333,0.00399600399600408,0.0319680319680327,TRUE
404,0.444444444444444,0.00199800199800193,0.0179820179820174,TRUE
404,0.555555555555556,0.00199800199800193,0.0179820179820174,TRUE
404,0.666666666666667,0.581418581418581,1,FALSE
404,0.777777777777778,1,1,FALSE
404,0.888888888888889,1,1,FALSE
404,1,0.939060939060939,1,FALSE
405,0,0.253746253746254,1,FALSE
405,0.111111111111111,1,1,FALSE
405,0.222222222222222,1,1,FALSE
405,0.333333333333333,1,1,FALSE
405,0.444444444444444,0.0239760239760241,0.191808191808192,FALSE
405,0.555555555555556,0.00599400599400601,0.0539460539460541,TRUE
405,0.666666666666667,0.00399600399600408,0.0359640359640367,TRUE
405,0.777777777777778,1,1,FALSE
405,0.888888888888889,1,1,FALSE
405,1,0.345654345654346,1,FALSE
406,0,1,1,FALSE
406,0.111111111111111,1,1,FALSE
406,0.222222222222222,1,1,FALSE
406,0.333333333333333,0.0539460539460539,0.431568431568431,FALSE
406,0.444444444444444,0.00199800199800193,0.0199800199800193,TRUE
406,0.555555555555556,0.0419580419580419,0.335664335664335,FALSE
406,0.666666666666667,1,1,FALSE
406,0.777777777777778,0.889110889110889,1,FALSE
406,0.888888888888889,1,1,FALSE
406,1,1,1,FALSE
407,0,1,1,FALSE
407,0.111111111111111,1,1,FALSE
407,0.222222222222222,1,1,FALSE
407,0.333333333333333,0.163836163836164,1,FALSE
407,0.444444444444444,0.031968031968032,0.31968031968032,FALSE
407,0.555555555555556,0.125874125874126,1,FALSE
407,0.666666666666667,1,1,FALSE
407,0.777777777777778,1,1,FALSE
407,0.888888888888889,1,1,FALSE
407,1,0.967032967032967,1,FALSE
408,0,0.323676323676324,1,FALSE
408,0.111111111111111,0.27972027972028,1,FALSE
408,0.222222222222222,0.055944055944056,0.447552447552448,FALSE
408,0.333333333333333,1,1,FALSE
408,0.444444444444444,0.0239760239760241,0.215784215784216,FALSE
408,0.555555555555556,0.00399600399600408,0.0399600399600408,TRUE
408,0.666666666666667,1,1,FALSE
408,0.777777777777778,0.539460539460539,1,FALSE
408,0.888888888888889,0.157842157842158,0.789210789210789,FALSE
408,1,0.211788211788212,0.847152847152847,FALSE
409,0,1,1,FALSE
409,0.111111111111111,1,1,FALSE
409,0.222222222222222,1,1,FALSE
409,0.333333333333333,1,1,FALSE
409,0.444444444444444,0.00199800199800193,0.0179820179820174,TRUE
409,0.555555555555556,0.00199800199800193,0.0179820179820174,TRUE
409,0.666666666666667,0.231768231768232,1,FALSE
409,0.777777777777778,1,1,FALSE
409,0.888888888888889,1,1,FALSE
409,1,0.30969030969031,1,FALSE
410,0,0.0919080919080919,0.551448551448551,FALSE
410,0.111111111111111,0.847152847152847,1,FALSE
410,0.222222222222222,1,1,FALSE
410,0.333333333333333,0.0539460539460539,0.323676323676323,FALSE
410,0.444444444444444,0.00199800199800193,0.0179820179820174,TRUE
410,0.555555555555556,0.00199800199800193,0.0179820179820174,TRUE
410,0.666666666666667,0.00599400599400601,0.0479520479520481,TRUE
410,0.777777777777778,0.729270729270729,1,FALSE
410,0.888888888888889,0.407592407592408,1,FALSE
410,1,1,1,FALSE
411,0,1,1,FALSE
411,0.111111111111111,1,1,FALSE
411,0.222222222222222,0.571428571428571,1,FALSE
411,0.333333333333333,0.0239760239760241,0.191808191808192,FALSE
411,0.444444444444444,0.00599400599400601,0.0599400599400601,TRUE
411,0.555555555555556,0.017982017982018,0.143856143856144,FALSE
411,0.666666666666667,0.06993006993007,0.48951048951049,FALSE
411,0.777777777777778,1,1,FALSE
411,0.888888888888889,1,1,FALSE
411,1,0.195804195804196,1,FALSE
412,0,1,1,FALSE
412,0.111111111111111,1,1,FALSE
412,0.222222222222222,1,1,FALSE
412,0.333333333333333,0.00199800199800193,0.0199800199800193,TRUE
412,0.444444444444444,0.00799200799200794,0.0719280719280715,TRUE
412,0.555555555555556,0.017982017982018,0.143856143856144,FALSE
412,0.666666666666667,1,1,FALSE
412,0.777777777777778,1,1,FALSE
412,0.888888888888889,0.577422577422577,1,FALSE
412,1,1,1,FALSE
413,0,1,1,FALSE
413,0.111111111111111,0.687312687312687,1,FALSE
413,0.222222222222222,1,1,FALSE
413,0.333333333333333,1,1,FALSE
413,0.444444444444444,0.00599400599400601,0.0539460539460541,TRUE
413,0.555555555555556,0.00199800199800193,0.0199800199800193,TRUE
413,0.666666666666667,0.0919080919080919,0.735264735264735,FALSE
413,0.777777777777778,1,1,FALSE
413,0.888888888888889,0.307692307692308,1,FALSE
413,1,1,1,FALSE
414,0,1,1,FALSE
414,0.111111111111111,1,1,FALSE
414,0.222222222222222,0.875124875124875,1,FALSE
414,0.333333333333333,0.215784215784216,1,FALSE
414,0.444444444444444,0.0219780219780219,0.197802197802197,FALSE
414,0.555555555555556,0.00199800199800193,0.0199800199800193,TRUE
414,0.666666666666667,0.127872127872128,0.895104895104896,FALSE
414,0.777777777777778,1,1,FALSE
414,0.888888888888889,1,1,FALSE
414,1,1,1,FALSE
415,0,0.467532467532467,1,FALSE
415,0.111111111111111,0.025974025974026,0.233766233766234,FALSE
415,0.222222222222222,0.811188811188811,1,FALSE
415,0.333333333333333,1,1,FALSE
415,0.444444444444444,0.00199800199800193,0.0199800199800193,TRUE
415,0.555555555555556,0.31968031968032,1,FALSE
415,0.666666666666667,1,1,FALSE
415,0.777777777777778,1,1,FALSE
415,0.888888888888889,1,1,FALSE
415,1,1,1,FALSE
416,0,0.657342657342657,1,FALSE
416,0.111111111111111,0.955044955044955,1,FALSE
416,0.222222222222222,1,1,FALSE
416,0.333333333333333,0.0939060939060938,0.657342657342657,FALSE
416,0.444444444444444,0.00199800199800193,0.0179820179820174,TRUE
416,0.555555555555556,0.00199800199800193,0.0179820179820174,TRUE
416,0.666666666666667,0.0999000999000998,0.699300699300699,FALSE
416,0.777777777777778,1,1,FALSE
416,0.888888888888889,1,1,FALSE
416,1,1,1,FALSE
417,0,1,1,FALSE
417,0.111111111111111,1,1,FALSE
417,0.222222222222222,1,1,FALSE
417,0.333333333333333,0.601398601398601,1,FALSE
417,0.444444444444444,0.043956043956044,0.351648351648352,FALSE
417,0.555555555555556,0.00399600399600408,0.0399600399600408,TRUE
417,0.666666666666667,0.025974025974026,0.207792207792208,FALSE
417,0.777777777777778,1,1,FALSE
417,0.888888888888889,1,1,FALSE
417,1,1,1,FALSE
418,0,0.083916083916084,0.41958041958042,FALSE
418,0.111111111111111,1,1,FALSE
418,0.222222222222222,1,1,FALSE
418,0.333333333333333,0.00199800199800193,0.0139860139860135,TRUE
418,0.444444444444444,0.00199800199800193,0.0139860139860135,TRUE
418,0.555555555555556,0.00199800199800193,0.0139860139860135,TRUE
418,0.666666666666667,0.00399600399600408,0.0239760239760245,TRUE
418,0.777777777777778,0.173826173826174,0.695304695304696,FALSE
418,0.888888888888889,1,1,FALSE
418,1,0.00399600399600408,0.0239760239760245,TRUE
419,0,0.555444555444556,1,FALSE
419,0.111111111111111,1,1,FALSE
419,0.222222222222222,1,1,FALSE
419,0.333333333333333,0.0219780219780219,0.175824175824175,FALSE
419,0.444444444444444,0.00199800199800193,0.0199800199800193,TRUE
419,0.555555555555556,0.00599400599400601,0.0539460539460541,TRUE
419,0.666666666666667,1,1,FALSE
419,0.777777777777778,0.337662337662338,1,FALSE
419,0.888888888888889,0.985014985014985,1,FALSE
419,1,0.41958041958042,1,FALSE
420,0,1,1,FALSE
420,0.111111111111111,1,1,FALSE
420,0.222222222222222,1,1,FALSE
420,0.333333333333333,1,1,FALSE
420,0.444444444444444,0.0339660339660339,0.305694305694305,FALSE
420,0.555555555555556,0.00199800199800193,0.0199800199800193,TRUE
420,0.666666666666667,1,1,FALSE
420,0.777777777777778,1,1,FALSE
420,0.888888888888889,1,1,FALSE
420,1,1,1,FALSE
421,0,1,1,FALSE
421,0.111111111111111,1,1,FALSE
421,0.222222222222222,1,1,FALSE
421,0.333333333333333,1,1,FALSE
421,0.444444444444444,0.00199800199800193,0.0179820179820174,TRUE
421,0.555555555555556,0.00199800199800193,0.0179820179820174,TRUE
421,0.666666666666667,0.18981018981019,1,FALSE
421,0.777777777777778,1,1,FALSE
421,0.888888888888889,1,1,FALSE
421,1,1,1,FALSE
422,0,0.753246753246753,1,FALSE
422,0.111111111111111,0.721278721278721,1,FALSE
422,0.222222222222222,0.271728271728272,1,FALSE
422,0.333333333333333,0.943056943056943,1,FALSE
422,0.444444444444444,0.00199800199800193,0.0179820179820174,TRUE
422,0.555555555555556,0.00199800199800193,0.0179820179820174,TRUE
422,0.666666666666667,0.013986013986014,0.111888111888112,FALSE
422,0.777777777777778,1,1,FALSE
422,0.888888888888889,0.623376623376623,1,FALSE
422,1,0.969030969030969,1,FALSE
423,0,1,1,FALSE
423,0.111111111111111,1,1,FALSE
423,0.222222222222222,1,1,FALSE
423,0.333333333333333,0.0419580419580419,0.251748251748251,FALSE
423,0.444444444444444,0.00399600399600408,0.0359640359640367,TRUE
423,0.555555555555556,0.00199800199800193,0.0199800199800193,TRUE
423,0.666666666666667,0.031968031968032,0.223776223776224,FALSE
423,0.777777777777778,1,1,FALSE
423,0.888888888888889,1,1,FALSE
423,1,0.06993006993007,0.41958041958042,FALSE
424,0,0.157842157842158,1,FALSE
424,0.111111111111111,0.829170829170829,1,FALSE
424,0.222222222222222,1,1,FALSE
424,0.333333333333333,0.829170829170829,1,FALSE
424,0.444444444444444,0.00399600399600408,0.0359640359640367,TRUE
424,0.555555555555556,0.00199800199800193,0.0199800199800193,TRUE
424,0.666666666666667,1,1,FALSE
424,0.777777777777778,0.191808191808192,1,FALSE
424,0.888888888888889,0.867132867132867,1,FALSE
424,1,1,1,FALSE
425,0,1,1,FALSE
425,0.111111111111111,1,1,FALSE
425,0.222222222222222,1,1,FALSE
425,0.333333333333333,0.00199800199800193,0.0159840159840154,TRUE
425,0.444444444444444,0.00199800199800193,0.0159840159840154,TRUE
425,0.555555555555556,0.00199800199800193,0.0159840159840154,TRUE
425,0.666666666666667,0.0159840159840159,0.111888111888111,FALSE
425,0.777777777777778,1,1,FALSE
425,0.888888888888889,1,1,FALSE
425,1,1,1,FALSE
426,0,0.977022977022977,1,FALSE
426,0.111111111111111,1,1,FALSE
426,0.222222222222222,0.691308691308691,1,FALSE
426,0.333333333333333,0.00399600399600408,0.0319680319680327,TRUE
426,0.444444444444444,0.00199800199800193,0.0179820179820174,TRUE
426,0.555555555555556,0.00199800199800193,0.0179820179820174,TRUE
426,0.666666666666667,0.0099900099900101,0.0699300699300707,FALSE
426,0.777777777777778,0.557442557442557,1,FALSE
426,0.888888888888889,0.281718281718282,1,FALSE
426,1,0.025974025974026,0.155844155844156,FALSE
427,0,0.0999000999000998,0.699300699300699,FALSE
427,0.111111111111111,1,1,FALSE
427,0.222222222222222,0.723276723276723,1,FALSE
427,0.333333333333333,0.117882117882118,0.707292707292707,FALSE
427,0.444444444444444,0.0279720279720279,0.251748251748251,FALSE
427,0.555555555555556,0.00199800199800193,0.0199800199800193,TRUE
427,0.666666666666667,1,1,FALSE
427,0.777777777777778,1,1,FALSE
427,0.888888888888889,1,1,FALSE
427,1,0.201798201798202,1,FALSE
428,0,0.0919080919080919,0.827172827172827,FALSE
428,0.111111111111111,1,1,FALSE
428,0.222222222222222,1,1,FALSE
428,0.333333333333333,1,1,FALSE
428,0.444444444444444,0.0239760239760241,0.239760239760241,FALSE
428,0.555555555555556,0.565434565434565,1,FALSE
428,0.666666666666667,1,1,FALSE
428,0.777777777777778,1,1,FALSE
428,0.888888888888889,1,1,FALSE
428,1,1,1,FALSE
429,0,0.00399600399600408,0.0279720279720286,TRUE
429,0.111111111111111,0.00399600399600408,0.0279720279720286,TRUE
429,0.222222222222222,0.207792207792208,0.207792207792208,FALSE
429,0.333333333333333,0.117882117882118,0.207792207792208,FALSE
429,0.444444444444444,0.0099900099900101,0.0499500499500505,FALSE
429,0.555555555555556,0.00399600399600408,0.0279720279720286,TRUE
429,0.666666666666667,0.083916083916084,0.207792207792208,FALSE
429,0.777777777777778,0.011988011988012,0.0599400599400601,FALSE
429,0.888888888888889,0.185814185814186,0.207792207792208,FALSE
429,1,0.013986013986014,0.0699300699300698,FALSE
430,0,0.589410589410589,1,FALSE
430,0.111111111111111,1,1,FALSE
430,0.222222222222222,1,1,FALSE
430,0.333333333333333,0.245754245754246,1,FALSE
430,0.444444444444444,0.025974025974026,0.181818181818182,FALSE
430,0.555555555555556,0.0159840159840159,0.111888111888111,FALSE
430,0.666666666666667,1,1,FALSE
430,0.777777777777778,1,1,FALSE
430,0.888888888888889,0.013986013986014,0.103896103896104,FALSE
430,1,0.00199800199800193,0.0199800199800193,TRUE
431,0,0.261738261738262,1,FALSE
431,0.111111111111111,0.645354645354645,1,FALSE
431,0.222222222222222,1,1,FALSE
431,0.333333333333333,0.451548451548452,1,FALSE
431,0.444444444444444,0.00199800199800193,0.0179820179820174,TRUE
431,0.555555555555556,0.00199800199800193,0.0179820179820174,TRUE
431,0.666666666666667,1,1,FALSE
431,0.777777777777778,1,1,FALSE
431,0.888888888888889,1,1,FALSE
431,1,1,1,FALSE
432,0,1,1,FALSE
432,0.111111111111111,1,1,FALSE
432,0.222222222222222,1,1,FALSE
432,0.333333333333333,1,1,FALSE
432,0.444444444444444,0.0339660339660339,0.305694305694305,FALSE
432,0.555555555555556,0.00199800199800193,0.0199800199800193,TRUE
432,0.666666666666667,1,1,FALSE
432,0.777777777777778,1,1,FALSE
432,0.888888888888889,1,1,FALSE
432,1,1,1,FALSE
433,0,1,1,FALSE
433,0.111111111111111,1,1,FALSE
433,0.222222222222222,1,1,FALSE
433,0.333333333333333,0.443556443556444,1,FALSE
433,0.444444444444444,0.00199800199800193,0.0179820179820174,TRUE
433,0.555555555555556,0.00199800199800193,0.0179820179820174,TRUE
433,0.666666666666667,0.201798201798202,1,FALSE
433,0.777777777777778,1,1,FALSE
433,0.888888888888889,1,1,FALSE
433,1,1,1,FALSE
434,0,1,1,FALSE
434,0.111111111111111,0.411588411588412,1,FALSE
434,0.222222222222222,0.761238761238761,1,FALSE
434,0.333333333333333,0.057942057942058,0.347652347652348,FALSE
434,0.444444444444444,0.00199800199800193,0.0179820179820174,TRUE
434,0.555555555555556,0.00399600399600408,0.0319680319680327,TRUE
434,0.666666666666667,0.0239760239760241,0.167832167832168,FALSE
434,0.777777777777778,0.00199800199800193,0.0179820179820174,TRUE
434,0.888888888888889,0.311688311688312,1,FALSE
434,1,0.615384615384615,1,FALSE
435,0,1,1,FALSE
435,0.111111111111111,1,1,FALSE
435,0.222222222222222,1,1,FALSE
435,0.333333333333333,0.00399600399600408,0.0359640359640367,TRUE
435,0.444444444444444,0.00199800199800193,0.0199800199800193,TRUE
435,0.555555555555556,0.217782217782218,1,FALSE
435,0.666666666666667,1,1,FALSE
435,0.777777777777778,0.769230769230769,1,FALSE
435,0.888888888888889,1,1,FALSE
435,1,0.969030969030969,1,FALSE
436,0,0.157842157842158,0.699300699300699,FALSE
436,0.111111111111111,0.155844155844156,0.699300699300699,FALSE
436,0.222222222222222,0.765234765234765,1,FALSE
436,0.333333333333333,0.0279720279720279,0.195804195804195,FALSE
436,0.444444444444444,0.00199800199800193,0.0179820179820174,TRUE
436,0.555555555555556,0.00199800199800193,0.0179820179820174,TRUE
436,0.666666666666667,0.00599400599400601,0.0479520479520481,TRUE
436,0.777777777777778,0.27972027972028,0.979020979020979,FALSE
436,0.888888888888889,0.48951048951049,1,FALSE
436,1,1,1,FALSE
437,0,1,1,FALSE
437,0.111111111111111,0.683316683316683,1,FALSE
437,0.222222222222222,1,1,FALSE
437,0.333333333333333,1,1,FALSE
437,0.444444444444444,0.00199800199800193,0.0199800199800193,TRUE
437,0.555555555555556,0.017982017982018,0.161838161838162,FALSE
437,0.666666666666667,1,1,FALSE
437,0.777777777777778,1,1,FALSE
437,0.888888888888889,1,1,FALSE
437,1,1,1,FALSE
438,0,1,1,FALSE
438,0.111111111111111,0.13986013986014,0.839160839160839,FALSE
438,0.222222222222222,0.507492507492507,1,FALSE
438,0.333333333333333,0.111888111888112,0.783216783216783,FALSE
438,0.444444444444444,0.00199800199800193,0.0199800199800193,TRUE
438,0.555555555555556,0.055944055944056,0.447552447552448,FALSE
438,0.666666666666667,1,1,FALSE
438,0.777777777777778,0.695304695304695,1,FALSE
438,0.888888888888889,0.345654345654346,1,FALSE
438,1,0.28971028971029,1,FALSE
439,0,0.405594405594406,1,FALSE
439,0.111111111111111,0.195804195804196,1,FALSE
439,0.222222222222222,0.643356643356643,1,FALSE
439,0.333333333333333,0.025974025974026,0.181818181818182,FALSE
439,0.444444444444444,0.00199800199800193,0.0179820179820174,TRUE
439,0.555555555555556,0.00199800199800193,0.0179820179820174,TRUE
439,0.666666666666667,0.0099900099900101,0.0799200799200808,FALSE
439,0.777777777777778,1,1,FALSE
439,0.888888888888889,1,1,FALSE
439,1,1,1,FALSE
440,0,1,1,FALSE
440,0.111111111111111,1,1,FALSE
440,0.222222222222222,1,1,FALSE
440,0.333333333333333,0.017982017982018,0.161838161838162,FALSE
440,0.444444444444444,0.00199800199800193,0.0199800199800193,TRUE
440,0.555555555555556,0.0739260739260739,0.591408591408591,FALSE
440,0.666666666666667,1,1,FALSE
440,0.777777777777778,1,1,FALSE
440,0.888888888888889,1,1,FALSE
440,1,1,1,FALSE
441,0,1,1,FALSE
441,0.111111111111111,0.563436563436563,1,FALSE
441,0.222222222222222,0.373626373626374,1,FALSE
441,0.333333333333333,0.693306693306693,1,FALSE
441,0.444444444444444,0.00199800199800193,0.0199800199800193,TRUE
441,0.555555555555556,0.00399600399600408,0.0359640359640367,TRUE
441,0.666666666666667,0.367632367632368,1,FALSE
441,0.777777777777778,1,1,FALSE
441,0.888888888888889,0.879120879120879,1,FALSE
441,1,0.363636363636364,1,FALSE
442,0,1,1,FALSE
442,0.111111111111111,0.765234765234765,1,FALSE
442,0.222222222222222,0.685314685314685,1,FALSE
442,0.333333333333333,0.0399600399600399,0.27972027972028,FALSE
442,0.444444444444444,0.00199800199800193,0.0179820179820174,TRUE
442,0.555555555555556,0.00199800199800193,0.0179820179820174,TRUE
442,0.666666666666667,0.025974025974026,0.181818181818182,FALSE
442,0.777777777777778,0.899100899100899,1,FALSE
442,0.888888888888889,1,1,FALSE
442,1,0.463536463536464,1,FALSE
443,0,1,1,FALSE
443,0.111111111111111,1,1,FALSE
443,0.222222222222222,1,1,FALSE
443,0.333333333333333,1,1,FALSE
443,0.444444444444444,0.127872127872128,1,FALSE
443,0.555555555555556,0.0159840159840159,0.159840159840159,FALSE
443,0.666666666666667,1,1,FALSE
443,0.777777777777778,1,1,FALSE
443,0.888888888888889,1,1,FALSE
443,1,1,1,FALSE
444,0,1,1,FALSE
444,0.111111111111111,1,1,FALSE
444,0.222222222222222,1,1,FALSE
444,0.333333333333333,0.477522477522478,1,FALSE
444,0.444444444444444,0.00399600399600408,0.0359640359640367,TRUE
444,0.555555555555556,0.00199800199800193,0.0199800199800193,TRUE
444,0.666666666666667,0.263736263736264,1,FALSE
444,0.777777777777778,1,1,FALSE
444,0.888888888888889,1,1,FALSE
444,1,0.341658341658342,1,FALSE
445,0,1,1,FALSE
445,0.111111111111111,0.0399600399600399,0.27972027972028,FALSE
445,0.222222222222222,1,1,FALSE
445,0.333333333333333,0.203796203796204,1,FALSE
445,0.444444444444444,0.00199800199800193,0.0179820179820174,TRUE
445,0.555555555555556,0.00199800199800193,0.0179820179820174,TRUE
445,0.666666666666667,1,1,FALSE
445,0.777777777777778,0.511488511488511,1,FALSE
445,0.888888888888889,1,1,FALSE
445,1,0.0099900099900101,0.0799200799200808,FALSE
446,0,1,1,FALSE
446,0.111111111111111,1,1,FALSE
446,0.222222222222222,1,1,FALSE
446,0.333333333333333,1,1,FALSE
446,0.444444444444444,0.0979020979020979,0.783216783216783,FALSE
446,0.555555555555556,0.00599400599400601,0.0599400599400601,TRUE
446,0.666666666666667,0.0279720279720279,0.251748251748251,FALSE
446,0.777777777777778,1,1,FALSE
446,0.888888888888889,1,1,FALSE
446,1,1,1,FALSE
447,0,1,1,FALSE
447,0.111111111111111,1,1,FALSE
447,0.222222222222222,1,1,FALSE
447,0.333333333333333,1,1,FALSE
447,0.444444444444444,1,1,FALSE
447,0.555555555555556,0.0359640359640359,0.359640359640359,FALSE
447,0.666666666666667,1,1,FALSE
447,0.777777777777778,1,1,FALSE
447,0.888888888888889,1,1,FALSE
447,1,1,1,FALSE
448,0,1,1,FALSE
448,0.111111111111111,1,1,FALSE
448,0.222222222222222,1,1,FALSE
448,0.333333333333333,1,1,FALSE
448,0.444444444444444,1,1,FALSE
448,0.555555555555556,0.00399600399600408,0.0399600399600408,TRUE
448,0.666666666666667,1,1,FALSE
448,0.777777777777778,1,1,FALSE
448,0.888888888888889,1,1,FALSE
448,1,1,1,FALSE
449,0,0.291708291708292,0.519480519480519,FALSE
449,0.111111111111111,0.501498501498501,0.519480519480519,FALSE
449,0.222222222222222,0.421578421578422,0.519480519480519,FALSE
449,0.333333333333333,0.00199800199800193,0.0159840159840154,TRUE
449,0.444444444444444,0.00199800199800193,0.0159840159840154,TRUE
449,0.555555555555556,0.00199800199800193,0.0159840159840154,TRUE
449,0.666666666666667,0.0339660339660339,0.237762237762237,FALSE
449,0.777777777777778,0.323676323676324,0.519480519480519,FALSE
449,0.888888888888889,0.519480519480519,0.519480519480519,FALSE
449,1,0.173826173826174,0.519480519480519,FALSE
450,0,0.16983016983017,1,FALSE
450,0.111111111111111,1,1,FALSE
450,0.222222222222222,1,1,FALSE
450,0.333333333333333,1,1,FALSE
450,0.444444444444444,0.0339660339660339,0.271728271728271,FALSE
450,0.555555555555556,0.00199800199800193,0.0199800199800193,TRUE
450,0.666666666666667,0.0339660339660339,0.271728271728271,FALSE
450,0.777777777777778,1,1,FALSE
450,0.888888888888889,1,1,FALSE
450,1,1,1,FALSE
451,0,1,1,FALSE
451,0.111111111111111,1,1,FALSE
451,0.222222222222222,0.277722277722278,1,FALSE
451,0.333333333333333,0.013986013986014,0.111888111888112,FALSE
451,0.444444444444444,0.00199800199800193,0.0179820179820174,TRUE
451,0.555555555555556,0.00199800199800193,0.0179820179820174,TRUE
451,0.666666666666667,0.113886113886114,0.797202797202797,FALSE
451,0.777777777777778,0.34965034965035,1,FALSE
451,0.888888888888889,1,1,FALSE
451,1,1,1,FALSE
452,0,0.0239760239760241,0.239760239760241,FALSE
452,0.111111111111111,0.187812187812188,1,FALSE
452,0.222222222222222,1,1,FALSE
452,0.333333333333333,1,1,FALSE
452,0.444444444444444,0.0819180819180818,0.573426573426573,FALSE
452,0.555555555555556,0.123876123876124,0.743256743256743,FALSE
452,0.666666666666667,1,1,FALSE
452,0.777777777777778,0.693306693306693,1,FALSE
452,0.888888888888889,0.103896103896104,0.657342657342658,FALSE
452,1,1,1,FALSE
453,0,0.461538461538461,1,FALSE
453,0.111111111111111,1,1,FALSE
453,0.222222222222222,1,1,FALSE
453,0.333333333333333,1,1,FALSE
453,0.444444444444444,0.00199800199800193,0.0199800199800193,TRUE
453,0.555555555555556,0.00599400599400601,0.0539460539460541,TRUE
453,0.666666666666667,1,1,FALSE
453,0.777777777777778,1,1,FALSE
453,0.888888888888889,1,1,FALSE
453,1,1,1,FALSE
454,0,1,1,FALSE
454,0.111111111111111,1,1,FALSE
454,0.222222222222222,1,1,FALSE
454,0.333333333333333,0.125874125874126,1,FALSE
454,0.444444444444444,0.123876123876124,0.991008991008991,FALSE
454,0.555555555555556,0.00599400599400601,0.0599400599400601,TRUE
454,0.666666666666667,1,1,FALSE
454,0.777777777777778,1,1,FALSE
454,0.888888888888889,1,1,FALSE
454,1,1,1,FALSE
455,0,1,1,FALSE
455,0.111111111111111,1,1,FALSE
455,0.222222222222222,1,1,FALSE
455,0.333333333333333,0.00599400599400601,0.0479520479520481,TRUE
455,0.444444444444444,0.00199800199800193,0.0179820179820174,TRUE
455,0.555555555555556,0.00199800199800193,0.0179820179820174,TRUE
455,0.666666666666667,0.0599400599400599,0.419580419580419,FALSE
455,0.777777777777778,1,1,FALSE
455,0.888888888888889,1,1,FALSE
455,1,1,1,FALSE
456,0,1,1,FALSE
456,0.111111111111111,1,1,FALSE
456,0.222222222222222,1,1,FALSE
456,0.333333333333333,0.12987012987013,0.909090909090909,FALSE
456,0.444444444444444,0.00199800199800193,0.0199800199800193,TRUE
456,0.555555555555556,0.00599400599400601,0.0539460539460541,TRUE
456,0.666666666666667,0.011988011988012,0.0959040959040962,FALSE
456,0.777777777777778,0.759240759240759,1,FALSE
456,0.888888888888889,1,1,FALSE
456,1,1,1,FALSE
457,0,0.515484515484516,1,FALSE
457,0.111111111111111,1,1,FALSE
457,0.222222222222222,1,1,FALSE
457,0.333333333333333,0.00399600399600408,0.0319680319680327,TRUE
457,0.444444444444444,0.00399600399600408,0.0319680319680327,TRUE
457,0.555555555555556,0.00199800199800193,0.0179820179820174,TRUE
457,0.666666666666667,1,1,FALSE
457,0.777777777777778,1,1,FALSE
457,0.888888888888889,1,1,FALSE
457,1,1,1,FALSE
458,0,1,1,FALSE
458,0.111111111111111,0.00399600399600408,0.0399600399600408,TRUE
458,0.222222222222222,1,1,FALSE
458,0.333333333333333,1,1,FALSE
458,0.444444444444444,0.017982017982018,0.161838161838162,FALSE
458,0.555555555555556,0.2997002997003,1,FALSE
458,0.666666666666667,1,1,FALSE
458,0.777777777777778,1,1,FALSE
458,0.888888888888889,0.121878121878122,0.975024975024976,FALSE
458,1,0.915084915084915,1,FALSE
459,0,1,1,FALSE
459,0.111111111111111,1,1,FALSE
459,0.222222222222222,1,1,FALSE
459,0.333333333333333,1,1,FALSE
459,0.444444444444444,0.037962037962038,0.341658341658342,FALSE
459,0.555555555555556,0.017982017982018,0.17982017982018,FALSE
459,0.666666666666667,1,1,FALSE
459,0.777777777777778,1,1,FALSE
459,0.888888888888889,0.191808191808192,1,FALSE
459,1,1,1,FALSE
460,0,1,1,FALSE
460,0.111111111111111,1,1,FALSE
460,0.222222222222222,1,1,FALSE
460,0.333333333333333,1,1,FALSE
460,0.444444444444444,0.0099900099900101,0.0899100899100909,FALSE
460,0.555555555555556,0.00399600399600408,0.0399600399600408,TRUE
460,0.666666666666667,0.0679320679320679,0.543456543456543,FALSE
460,0.777777777777778,0.769230769230769,1,FALSE
460,0.888888888888889,1,1,FALSE
460,1,1,1,FALSE
461,0,0.113886113886114,0.569430569430569,FALSE
461,0.111111111111111,0.467532467532467,1,FALSE
461,0.222222222222222,1,1,FALSE
461,0.333333333333333,0.143856143856144,0.719280719280719,FALSE
461,0.444444444444444,0.00799200799200794,0.0719280719280715,TRUE
461,0.555555555555556,0.00199800199800193,0.0199800199800193,TRUE
461,0.666666666666667,0.0399600399600399,0.27972027972028,FALSE
461,0.777777777777778,0.837162837162837,1,FALSE
461,0.888888888888889,0.371628371628372,1,FALSE
461,1,0.0239760239760241,0.167832167832168,FALSE
462,0,1,1,FALSE
462,0.111111111111111,1,1,FALSE
462,0.222222222222222,1,1,FALSE
462,0.333333333333333,0.0399600399600399,0.31968031968032,FALSE
462,0.444444444444444,0.00399600399600408,0.0359640359640367,TRUE
462,0.555555555555556,0.00199800199800193,0.0199800199800193,TRUE
462,0.666666666666667,1,1,FALSE
462,0.777777777777778,1,1,FALSE
462,0.888888888888889,1,1,FALSE
462,1,1,1,FALSE
463,0,0.929070929070929,1,FALSE
463,0.111111111111111,1,1,FALSE
463,0.222222222222222,1,1,FALSE
463,0.333333333333333,0.0979020979020979,0.685314685314685,FALSE
463,0.444444444444444,0.00399600399600408,0.0399600399600408,TRUE
463,0.555555555555556,0.0159840159840159,0.127872127872127,FALSE
463,0.666666666666667,0.017982017982018,0.143856143856144,FALSE
463,0.777777777777778,1,1,FALSE
463,0.888888888888889,0.757242757242757,1,FALSE
463,1,0.713286713286713,1,FALSE
464,0,1,1,FALSE
464,0.111111111111111,1,1,FALSE
464,0.222222222222222,1,1,FALSE
464,0.333333333333333,0.203796203796204,1,FALSE
464,0.444444444444444,0.011988011988012,0.107892107892108,FALSE
464,0.555555555555556,0.00199800199800193,0.0199800199800193,TRUE
464,0.666666666666667,1,1,FALSE
464,0.777777777777778,1,1,FALSE
464,0.888888888888889,1,1,FALSE
464,1,0.125874125874126,0.881118881118881,FALSE
465,0,1,1,FALSE
465,0.111111111111111,1,1,FALSE
465,0.222222222222222,0.181818181818182,1,FALSE
465,0.333333333333333,0.00799200799200794,0.0639360639360635,TRUE
465,0.444444444444444,0.00199800199800193,0.0179820179820174,TRUE
465,0.555555555555556,0.00199800199800193,0.0179820179820174,TRUE
465,0.666666666666667,0.611388611388611,1,FALSE
465,0.777777777777778,1,1,FALSE
465,0.888888888888889,0.995004995004995,1,FALSE
465,1,1,1,FALSE
466,0,0.127872127872128,1,FALSE
466,0.111111111111111,1,1,FALSE
466,0.222222222222222,1,1,FALSE
466,0.333333333333333,0.895104895104895,1,FALSE
466,0.444444444444444,0.013986013986014,0.125874125874126,FALSE
466,0.555555555555556,0.00399600399600408,0.0399600399600408,TRUE
466,0.666666666666667,1,1,FALSE
466,0.777777777777778,0.523476523476524,1,FALSE
466,0.888888888888889,1,1,FALSE
466,1,1,1,FALSE
467,0,0.281718281718282,1,FALSE
467,0.111111111111111,1,1,FALSE
467,0.222222222222222,1,1,FALSE
467,0.333333333333333,1,1,FALSE
467,0.444444444444444,0.011988011988012,0.11988011988012,FALSE
467,0.555555555555556,0.0779220779220779,0.701298701298702,FALSE
467,0.666666666666667,1,1,FALSE
467,0.777777777777778,1,1,FALSE
467,0.888888888888889,1,1,FALSE
467,1,1,1,FALSE
468,0,1,1,FALSE
468,0.111111111111111,0.441558441558441,1,FALSE
468,0.222222222222222,0.843156843156843,1,FALSE
468,0.333333333333333,0.037962037962038,0.265734265734266,FALSE
468,0.444444444444444,0.00199800199800193,0.0179820179820174,TRUE
468,0.555555555555556,0.00199800199800193,0.0179820179820174,TRUE
468,0.666666666666667,0.063936063936064,0.447552447552448,FALSE
468,0.777777777777778,1,1,FALSE
468,0.888888888888889,1,1,FALSE
468,1,1,1,FALSE
469,0,0.33966033966034,1,FALSE
469,0.111111111111111,1,1,FALSE
469,0.222222222222222,1,1,FALSE
469,0.333333333333333,0.0099900099900101,0.0899100899100909,FALSE
469,0.444444444444444,0.051948051948052,0.415584415584416,FALSE
469,0.555555555555556,0.00599400599400601,0.0539460539460541,TRUE
469,0.666666666666667,0.471528471528472,1,FALSE
469,0.777777777777778,1,1,FALSE
469,0.888888888888889,1,1,FALSE
469,1,1,1,FALSE
470,0,0.993006993006993,1,FALSE
470,0.111111111111111,1,1,FALSE
470,0.222222222222222,1,1,FALSE
470,0.333333333333333,1,1,FALSE
470,0.444444444444444,0.057942057942058,0.463536463536464,FALSE
470,0.555555555555556,0.00199800199800193,0.0199800199800193,TRUE
470,0.666666666666667,0.00399600399600408,0.0359640359640367,TRUE
470,0.777777777777778,0.837162837162837,1,FALSE
470,0.888888888888889,1,1,FALSE
470,1,0.453546453546454,1,FALSE
471,0,0.00399600399600408,0.0359640359640367,TRUE
471,0.111111111111111,0.00599400599400601,0.0479520479520481,TRUE
471,0.222222222222222,0.801198801198801,1,FALSE
471,0.333333333333333,0.287712287712288,0.863136863136863,FALSE
471,0.444444444444444,0.0159840159840159,0.0959040959040953,FALSE
471,0.555555555555556,0.237762237762238,0.713286713286713,FALSE
471,0.666666666666667,1,1,FALSE
471,0.777777777777778,0.0359640359640359,0.179820179820179,FALSE
471,0.888888888888889,0.0299700299700301,0.14985014985015,FALSE
471,1,0.013986013986014,0.0839160839160837,FALSE
472,0,1,1,FALSE
472,0.111111111111111,1,1,FALSE
472,0.222222222222222,1,1,FALSE
472,0.333333333333333,0.01998001998002,0.15984015984016,FALSE
472,0.444444444444444,0.00199800199800193,0.0199800199800193,TRUE
472,0.555555555555556,0.00799200799200794,0.0719280719280715,TRUE
472,0.666666666666667,1,1,FALSE
472,0.777777777777778,1,1,FALSE
472,0.888888888888889,1,1,FALSE
472,1,0.337662337662338,1,FALSE
473,0,1,1,FALSE
473,0.111111111111111,1,1,FALSE
473,0.222222222222222,1,1,FALSE
473,0.333333333333333,0.423576423576424,1,FALSE
473,0.444444444444444,0.00599400599400601,0.0539460539460541,TRUE
473,0.555555555555556,0.00199800199800193,0.0199800199800193,TRUE
473,0.666666666666667,1,1,FALSE
473,0.777777777777778,1,1,FALSE
473,0.888888888888889,1,1,FALSE
473,1,1,1,FALSE
474,0,1,1,FALSE
474,0.111111111111111,1,1,FALSE
474,0.222222222222222,1,1,FALSE
474,0.333333333333333,0.0219780219780219,0.153846153846153,FALSE
474,0.444444444444444,0.011988011988012,0.0989010989010985,FALSE
474,0.555555555555556,0.00199800199800193,0.0199800199800193,TRUE
474,0.666666666666667,0.037962037962038,0.265734265734266,FALSE
474,0.777777777777778,1,1,FALSE
474,0.888888888888889,1,1,FALSE
474,1,1,1,FALSE
475,0,1,1,FALSE
475,0.111111111111111,1,1,FALSE
475,0.222222222222222,1,1,FALSE
475,0.333333333333333,1,1,FALSE
475,0.444444444444444,0.00199800199800193,0.0179820179820174,TRUE
475,0.555555555555556,0.00199800199800193,0.0179820179820174,TRUE
475,0.666666666666667,0.063936063936064,0.511488511488512,FALSE
475,0.777777777777778,1,1,FALSE
475,0.888888888888889,1,1,FALSE
475,1,1,1,FALSE
476,0,1,1,FALSE
476,0.111111111111111,1,1,FALSE
476,0.222222222222222,1,1,FALSE
476,0.333333333333333,1,1,FALSE
476,0.444444444444444,0.253746253746254,1,FALSE
476,0.555555555555556,0.00199800199800193,0.0179820179820174,TRUE
476,0.666666666666667,0.00199800199800193,0.0179820179820174,TRUE
476,0.777777777777778,0.745254745254745,1,FALSE
476,0.888888888888889,1,1,FALSE
476,1,1,1,FALSE
477,0,1,1,FALSE
477,0.111111111111111,0.22977022977023,0.919080919080919,FALSE
477,0.222222222222222,0.00399600399600408,0.0319680319680327,TRUE
477,0.333333333333333,0.0099900099900101,0.0699300699300707,FALSE
477,0.444444444444444,0.0339660339660339,0.203796203796204,FALSE
477,0.555555555555556,0.00199800199800193,0.0179820179820174,TRUE
477,0.666666666666667,0.00199800199800193,0.0179820179820174,TRUE
477,0.777777777777778,1,1,FALSE
477,0.888888888888889,0.277722277722278,1,FALSE
477,1,1,1,FALSE
478,0,0.117882117882118,0.707292707292707,FALSE
478,0.111111111111111,0.00199800199800193,0.0159840159840154,TRUE
478,0.222222222222222,0.25974025974026,1,FALSE
478,0.333333333333333,1,1,FALSE
478,0.444444444444444,0.00199800199800193,0.0159840159840154,TRUE
478,0.555555555555556,0.00199800199800193,0.0159840159840154,TRUE
478,0.666666666666667,0.00399600399600408,0.0279720279720286,TRUE
478,0.777777777777778,1,1,FALSE
478,0.888888888888889,1,1,FALSE
478,1,1,1,FALSE
479,0,1,1,FALSE
479,0.111111111111111,1,1,FALSE
479,0.222222222222222,1,1,FALSE
479,0.333333333333333,0.867132867132867,1,FALSE
479,0.444444444444444,0.00199800199800193,0.0199800199800193,TRUE
479,0.555555555555556,0.00399600399600408,0.0359640359640367,TRUE
479,0.666666666666667,0.867132867132867,1,FALSE
479,0.777777777777778,1,1,FALSE
479,0.888888888888889,1,1,FALSE
479,1,1,1,FALSE
480,0,1,1,FALSE
480,0.111111111111111,1,1,FALSE
480,0.222222222222222,1,1,FALSE
480,0.333333333333333,1,1,FALSE
480,0.444444444444444,0.00199800199800193,0.0179820179820174,TRUE
480,0.555555555555556,0.00199800199800193,0.0179820179820174,TRUE
480,0.666666666666667,1,1,FALSE
480,0.777777777777778,1,1,FALSE
480,0.888888888888889,1,1,FALSE
480,1,1,1,FALSE
481,0,1,1,FALSE
481,0.111111111111111,1,1,FALSE
481,0.222222222222222,1,1,FALSE
481,0.333333333333333,1,1,FALSE
481,0.444444444444444,0.00199800199800193,0.0179820179820174,TRUE
481,0.555555555555556,0.00199800199800193,0.0179820179820174,TRUE
481,0.666666666666667,1,1,FALSE
481,0.777777777777778,1,1,FALSE
481,0.888888888888889,1,1,FALSE
481,1,1,1,FALSE
482,0,1,1,FALSE
482,0.111111111111111,1,1,FALSE
482,0.222222222222222,1,1,FALSE
482,0.333333333333333,0.561438561438562,1,FALSE
482,0.444444444444444,0.00199800199800193,0.0179820179820174,TRUE
482,0.555555555555556,0.00199800199800193,0.0179820179820174,TRUE
482,0.666666666666667,0.495504495504496,1,FALSE
482,0.777777777777778,1,1,FALSE
482,0.888888888888889,1,1,FALSE
482,1,1,1,FALSE
483,0,1,1,FALSE
483,0.111111111111111,1,1,FALSE
483,0.222222222222222,1,1,FALSE
483,0.333333333333333,1,1,FALSE
483,0.444444444444444,0.00199800199800193,0.0199800199800193,TRUE
483,0.555555555555556,0.20979020979021,1,FALSE
483,0.666666666666667,1,1,FALSE
483,0.777777777777778,1,1,FALSE
483,0.888888888888889,1,1,FALSE
483,1,1,1,FALSE
484,0,0.00199800199800193,0.0159840159840154,TRUE
484,0.111111111111111,1,1,FALSE
484,0.222222222222222,1,1,FALSE
484,0.333333333333333,0.0159840159840159,0.111888111888111,FALSE
484,0.444444444444444,0.00199800199800193,0.0159840159840154,TRUE
484,0.555555555555556,0.00199800199800193,0.0159840159840154,TRUE
484,0.666666666666667,0.125874125874126,0.755244755244755,FALSE
484,0.777777777777778,0.577422577422577,1,FALSE
484,0.888888888888889,0.915084915084915,1,FALSE
484,1,1,1,FALSE
485,0,1,1,FALSE
485,0.111111111111111,1,1,FALSE
485,0.222222222222222,1,1,FALSE
485,0.333333333333333,1,1,FALSE
485,0.444444444444444,0.0219780219780219,0.197802197802197,FALSE
485,0.555555555555556,0.0339660339660339,0.305694305694305,FALSE
485,0.666666666666667,1,1,FALSE
485,0.777777777777778,1,1,FALSE
485,0.888888888888889,1,1,FALSE
485,1,1,1,FALSE
486,0,1,1,FALSE
486,0.111111111111111,1,1,FALSE
486,0.222222222222222,1,1,FALSE
486,0.333333333333333,1,1,FALSE
486,0.444444444444444,0.00199800199800193,0.0179820179820174,TRUE
486,0.555555555555556,0.00199800199800193,0.0179820179820174,TRUE
486,0.666666666666667,1,1,FALSE
486,0.777777777777778,1,1,FALSE
486,0.888888888888889,1,1,FALSE
486,1,1,1,FALSE
487,0,1,1,FALSE
487,0.111111111111111,1,1,FALSE
487,0.222222222222222,1,1,FALSE
487,0.333333333333333,1,1,FALSE
487,0.444444444444444,0.025974025974026,0.233766233766234,FALSE
487,0.555555555555556,0.00199800199800193,0.0199800199800193,TRUE
487,0.666666666666667,1,1,FALSE
487,0.777777777777778,1,1,FALSE
487,0.888888888888889,1,1,FALSE
487,1,1,1,FALSE
488,0,1,1,FALSE
488,0.111111111111111,1,1,FALSE
488,0.222222222222222,1,1,FALSE
488,0.333333333333333,1,1,FALSE
488,0.444444444444444,0.013986013986014,0.125874125874126,FALSE
488,0.555555555555556,0.00599400599400601,0.0599400599400601,TRUE
488,0.666666666666667,1,1,FALSE
488,0.777777777777778,1,1,FALSE
488,0.888888888888889,1,1,FALSE
488,1,1,1,FALSE
489,0,1,1,FALSE
489,0.111111111111111,1,1,FALSE
489,0.222222222222222,1,1,FALSE
489,0.333333333333333,1,1,FALSE
489,0.444444444444444,0.0859140859140859,0.773226773226773,FALSE
489,0.555555555555556,0.00399600399600408,0.0399600399600408,TRUE
489,0.666666666666667,1,1,FALSE
489,0.777777777777778,1,1,FALSE
489,0.888888888888889,1,1,FALSE
489,1,0.181818181818182,1,FALSE
490,0,1,1,FALSE
490,0.111111111111111,1,1,FALSE
490,0.222222222222222,0.961038961038961,1,FALSE
490,0.333333333333333,0.0479520479520479,0.335664335664335,FALSE
490,0.444444444444444,0.00599400599400601,0.0539460539460541,TRUE
490,0.555555555555556,0.017982017982018,0.143856143856144,FALSE
490,0.666666666666667,0.00799200799200794,0.0719280719280715,TRUE
490,0.777777777777778,1,1,FALSE
490,0.888888888888889,0.629370629370629,1,FALSE
490,1,0.43956043956044,1,FALSE
491,0,0.0659340659340659,0.527472527472527,FALSE
491,0.111111111111111,1,1,FALSE
491,0.222222222222222,1,1,FALSE
491,0.333333333333333,1,1,FALSE
491,0.444444444444444,0.00199800199800193,0.0179820179820174,TRUE
491,0.555555555555556,0.00199800199800193,0.0179820179820174,TRUE
491,0.666666666666667,0.607392607392607,1,FALSE
491,0.777777777777778,1,1,FALSE
491,0.888888888888889,1,1,FALSE
491,1,0.161838161838162,1,FALSE
492,0,0.575424575424575,1,FALSE
492,0.111111111111111,1,1,FALSE
492,0.222222222222222,0.17982017982018,1,FALSE
492,0.333333333333333,0.0159840159840159,0.111888111888111,FALSE
492,0.444444444444444,0.00199800199800193,0.0159840159840154,TRUE
492,0.555555555555556,0.00199800199800193,0.0159840159840154,TRUE
492,0.666666666666667,0.00199800199800193,0.0159840159840154,TRUE
492,0.777777777777778,1,1,FALSE
492,0.888888888888889,1,1,FALSE
492,1,1,1,FALSE
493,0,1,1,FALSE
493,0.111111111111111,1,1,FALSE
493,0.222222222222222,1,1,FALSE
493,0.333333333333333,0.00199800199800193,0.0179820179820174,TRUE
493,0.444444444444444,0.00199800199800193,0.0179820179820174,TRUE
493,0.555555555555556,0.0299700299700301,0.239760239760241,FALSE
493,0.666666666666667,1,1,FALSE
493,0.777777777777778,1,1,FALSE
493,0.888888888888889,1,1,FALSE
493,1,1,1,FALSE
494,0,1,1,FALSE
494,0.111111111111111,1,1,FALSE
494,0.222222222222222,1,1,FALSE
494,0.333333333333333,0.017982017982018,0.143856143856144,FALSE
494,0.444444444444444,0.00199800199800193,0.0179820179820174,TRUE
494,0.555555555555556,0.00199800199800193,0.0179820179820174,TRUE
494,0.666666666666667,0.545454545454545,1,FALSE
494,0.777777777777778,1,1,FALSE
494,0.888888888888889,0.215784215784216,1,FALSE
494,1,0.131868131868132,0.791208791208791,FALSE
495,0,1,1,FALSE
495,0.111111111111111,1,1,FALSE
495,0.222222222222222,0.809190809190809,1,FALSE
495,0.333333333333333,0.00399600399600408,0.0319680319680327,TRUE
495,0.444444444444444,0.00199800199800193,0.0179820179820174,TRUE
495,0.555555555555556,0.00399600399600408,0.0319680319680327,TRUE
495,0.666666666666667,1,1,FALSE
495,0.777777777777778,1,1,FALSE
495,0.888888888888889,1,1,FALSE
495,1,1,1,FALSE
496,0,0.0359640359640359,0.179820179820179,FALSE
496,0.111111111111111,0.00399600399600408,0.0359640359640367,TRUE
496,0.222222222222222,0.051948051948052,0.25974025974026,FALSE
496,0.333333333333333,0.867132867132867,1,FALSE
496,0.444444444444444,0.0099900099900101,0.0799200799200808,FALSE
496,0.555555555555556,0.00199800199800193,0.0199800199800193,TRUE
496,0.666666666666667,0.0279720279720279,0.155844155844156,FALSE
496,0.777777777777778,1,1,FALSE
496,0.888888888888889,0.401598401598402,1,FALSE
496,1,0.177822177822178,0.711288711288711,FALSE
497,0,1,1,FALSE
497,0.111111111111111,1,1,FALSE
497,0.222222222222222,1,1,FALSE
497,0.333333333333333,1,1,FALSE
497,0.444444444444444,0.00199800199800193,0.0199800199800193,TRUE
497,0.555555555555556,0.013986013986014,0.125874125874126,FALSE
497,0.666666666666667,1,1,FALSE
497,0.777777777777778,1,1,FALSE
497,0.888888888888889,1,1,FALSE
497,1,1,1,FALSE
498,0,0.607392607392607,0.951048951048951,FALSE
498,0.111111111111111,0.503496503496504,0.951048951048951,FALSE
498,0.222222222222222,0.951048951048951,0.951048951048951,FALSE
498,0.333333333333333,0.013986013986014,0.111888111888112,FALSE
498,0.444444444444444,0.00199800199800193,0.0179820179820174,TRUE
498,0.555555555555556,0.00199800199800193,0.0179820179820174,TRUE
498,0.666666666666667,0.157842157842158,0.759240759240759,FALSE
498,0.777777777777778,0.495504495504496,0.951048951048951,FALSE
498,0.888888888888889,0.0939060939060938,0.473526473526473,FALSE
498,1,0.06993006993007,0.41958041958042,FALSE
499,0,1,1,FALSE
499,0.111111111111111,1,1,FALSE
499,0.222222222222222,1,1,FALSE
499,0.333333333333333,0.125874125874126,1,FALSE
499,0.444444444444444,0.00199800199800193,0.0199800199800193,TRUE
499,0.555555555555556,0.0399600399600399,0.359640359640359,FALSE
499,0.666666666666667,0.855144855144855,1,FALSE
499,0.777777777777778,1,1,FALSE
499,0.888888888888889,0.561438561438562,1,FALSE
499,1,1,1,FALSE
500,0,0.14985014985015,0.5994005994006,FALSE
500,0.111111111111111,0.585414585414585,1,FALSE
500,0.222222222222222,1,1,FALSE
500,0.333333333333333,0.0219780219780219,0.175824175824175,FALSE
500,0.444444444444444,0.00199800199800193,0.0199800199800193,TRUE
500,0.555555555555556,0.00599400599400601,0.0539460539460541,TRUE
500,0.666666666666667,0.0939060939060938,0.469530469530469,FALSE
500,0.777777777777778,0.231768231768232,0.927072927072927,FALSE
500,0.888888888888889,0.145854145854146,0.583416583416583,FALSE
500,1,1,1,FALSE
501,0,0.057942057942058,0.415584415584416,FALSE
501,0.111111111111111,0.889110889110889,1,FALSE
501,0.222222222222222,1,1,FALSE
501,0.333333333333333,0.147852147852148,0.887112887112888,FALSE
501,0.444444444444444,0.0239760239760241,0.215784215784216,FALSE
501,0.555555555555556,0.0099900099900101,0.099900099900101,FALSE
501,0.666666666666667,1,1,FALSE
501,0.777777777777778,1,1,FALSE
501,0.888888888888889,0.155844155844156,0.935064935064935,FALSE
501,1,1,1,FALSE
502,0,1,1,FALSE
502,0.111111111111111,1,1,FALSE
502,0.222222222222222,1,1,FALSE
502,0.333333333333333,0.161838161838162,1,FALSE
502,0.444444444444444,0.00599400599400601,0.0539460539460541,TRUE
502,0.555555555555556,0.00199800199800193,0.0199800199800193,TRUE
502,0.666666666666667,0.051948051948052,0.415584415584416,FALSE
502,0.777777777777778,1,1,FALSE
502,0.888888888888889,1,1,FALSE
502,1,1,1,FALSE
503,0,0.677322677322677,1,FALSE
503,0.111111111111111,0.979020979020979,1,FALSE
503,0.222222222222222,1,1,FALSE
503,0.333333333333333,1,1,FALSE
503,0.444444444444444,0.00199800199800193,0.0199800199800193,TRUE
503,0.555555555555556,0.105894105894106,0.953046953046953,FALSE
503,0.666666666666667,1,1,FALSE
503,0.777777777777778,1,1,FALSE
503,0.888888888888889,1,1,FALSE
503,1,1,1,FALSE
504,0,0.22977022977023,1,FALSE
504,0.111111111111111,0.601398601398601,1,FALSE
504,0.222222222222222,1,1,FALSE
504,0.333333333333333,0.0219780219780219,0.175824175824175,FALSE
504,0.444444444444444,0.00399600399600408,0.0359640359640367,TRUE
504,0.555555555555556,0.00399600399600408,0.0359640359640367,TRUE
504,0.666666666666667,0.135864135864136,0.815184815184816,FALSE
504,0.777777777777778,1,1,FALSE
504,0.888888888888889,1,1,FALSE
504,1,0.519480519480519,1,FALSE
505,0,0.46953046953047,1,FALSE
505,0.111111111111111,1,1,FALSE
505,0.222222222222222,1,1,FALSE
505,0.333333333333333,0.00199800199800193,0.0179820179820174,TRUE
505,0.444444444444444,0.00399600399600408,0.0319680319680327,TRUE
505,0.555555555555556,0.00199800199800193,0.0179820179820174,TRUE
505,0.666666666666667,0.045954045954046,0.321678321678322,FALSE
505,0.777777777777778,1,1,FALSE
505,0.888888888888889,0.885114885114885,1,FALSE
505,1,1,1,FALSE
506,0,1,1,FALSE
506,0.111111111111111,1,1,FALSE
506,0.222222222222222,0.391608391608392,1,FALSE
506,0.333333333333333,0.00399600399600408,0.0319680319680327,TRUE
506,0.444444444444444,0.00199800199800193,0.0179820179820174,TRUE
506,0.555555555555556,0.00199800199800193,0.0179820179820174,TRUE
506,0.666666666666667,0.011988011988012,0.0839160839160842,FALSE
506,0.777777777777778,1,1,FALSE
506,0.888888888888889,0.925074925074925,1,FALSE
506,1,1,1,FALSE
507,0,0.107892107892108,0.97102897102897,FALSE
507,0.111111111111111,0.04995004995005,0.4995004995005,FALSE
507,0.222222222222222,1,1,FALSE
507,0.333333333333333,1,1,FALSE
507,0.444444444444444,0.275724275724276,1,FALSE
507,0.555555555555556,0.335664335664336,1,FALSE
507,0.666666666666667,1,1,FALSE
507,0.777777777777778,1,1,FALSE
507,0.888888888888889,1,1,FALSE
507,1,0.475524475524476,1,FALSE
508,0,1,1,FALSE
508,0.111111111111111,1,1,FALSE
508,0.222222222222222,1,1,FALSE
508,0.333333333333333,0.131868131868132,0.923076923076923,FALSE
508,0.444444444444444,0.00199800199800193,0.0199800199800193,TRUE
508,0.555555555555556,0.00799200799200794,0.0719280719280715,TRUE
508,0.666666666666667,0.017982017982018,0.143856143856144,FALSE
508,0.777777777777778,1,1,FALSE
508,0.888888888888889,1,1,FALSE
508,1,1,1,FALSE
509,0,0.787212787212787,1,FALSE
509,0.111111111111111,1,1,FALSE
509,0.222222222222222,1,1,FALSE
509,0.333333333333333,0.00399600399600408,0.0319680319680327,TRUE
509,0.444444444444444,0.00199800199800193,0.0179820179820174,TRUE
509,0.555555555555556,0.00199800199800193,0.0179820179820174,TRUE
509,0.666666666666667,0.271728271728272,1,FALSE
509,0.777777777777778,0.225774225774226,0.934065934065934,FALSE
509,0.888888888888889,0.235764235764236,0.943056943056943,FALSE
509,1,0.373626373626374,1,FALSE
510,0,1,1,FALSE
510,0.111111111111111,1,1,FALSE
510,0.222222222222222,1,1,FALSE
510,0.333333333333333,0.00199800199800193,0.0199800199800193,TRUE
510,0.444444444444444,0.013986013986014,0.111888111888112,FALSE
510,0.555555555555556,0.00799200799200794,0.0639360639360635,TRUE
510,0.666666666666667,1,1,FALSE
510,0.777777777777778,1,1,FALSE
510,0.888888888888889,1,1,FALSE
510,1,1,1,FALSE
511,0,0.835164835164835,1,FALSE
511,0.111111111111111,1,1,FALSE
511,0.222222222222222,0.11988011988012,0.719280719280719,FALSE
511,0.333333333333333,0.00199800199800193,0.0159840159840154,TRUE
511,0.444444444444444,0.00399600399600408,0.0279720279720286,TRUE
511,0.555555555555556,0.00199800199800193,0.0159840159840154,TRUE
511,0.666666666666667,0.00399600399600408,0.0279720279720286,TRUE
511,0.777777777777778,0.473526473526473,1,FALSE
511,0.888888888888889,1,1,FALSE
511,1,1,1,FALSE
512,0,1,1,FALSE
512,0.111111111111111,1,1,FALSE
512,0.222222222222222,1,1,FALSE
512,0.333333333333333,1,1,FALSE
512,0.444444444444444,0.00199800199800193,0.0179820179820174,TRUE
512,0.555555555555556,0.00199800199800193,0.0179820179820174,TRUE
512,0.666666666666667,0.111888111888112,0.895104895104895,FALSE
512,0.777777777777778,1,1,FALSE
512,0.888888888888889,1,1,FALSE
512,1,1,1,FALSE
513,0,0.36963036963037,1,FALSE
513,0.111111111111111,1,1,FALSE
513,0.222222222222222,1,1,FALSE
513,0.333333333333333,0.045954045954046,0.321678321678322,FALSE
513,0.444444444444444,0.00199800199800193,0.0179820179820174,TRUE
513,0.555555555555556,0.00199800199800193,0.0179820179820174,TRUE
513,0.666666666666667,0.00399600399600408,0.0319680319680327,TRUE
513,0.777777777777778,1,1,FALSE
513,0.888888888888889,0.321678321678322,1,FALSE
513,1,0.18981018981019,0.924075924075924,FALSE
514,0,0.395604395604396,1,FALSE
514,0.111111111111111,1,1,FALSE
514,0.222222222222222,1,1,FALSE
514,0.333333333333333,0.973026973026973,1,FALSE
514,0.444444444444444,0.00399600399600408,0.0359640359640357,TRUE
514,0.555555555555556,0.00199800199800193,0.0199800199800193,TRUE
514,0.666666666666667,0.00799200799200794,0.0639360639360635,TRUE
514,0.777777777777778,1,1,FALSE
514,0.888888888888889,1,1,FALSE
514,1,0.493506493506493,1,FALSE
515,0,1,1,FALSE
515,0.111111111111111,1,1,FALSE
515,0.222222222222222,0.987012987012987,1,FALSE
515,0.333333333333333,0.177822177822178,1,FALSE
515,0.444444444444444,0.00399600399600408,0.0359640359640367,TRUE
515,0.555555555555556,0.00199800199800193,0.0199800199800193,TRUE
515,0.666666666666667,0.0399600399600399,0.31968031968032,FALSE
515,0.777777777777778,1,1,FALSE
515,0.888888888888889,1,1,FALSE
515,1,1,1,FALSE
516,0,1,1,FALSE
516,0.111111111111111,0.341658341658342,1,FALSE
516,0.222222222222222,0.0359640359640359,0.179820179820179,FALSE
516,0.333333333333333,0.011988011988012,0.0719280719280722,FALSE
516,0.444444444444444,0.00199800199800193,0.0179820179820174,TRUE
516,0.555555555555556,0.00199800199800193,0.0179820179820174,TRUE
516,0.666666666666667,0.00399600399600408,0.0319680319680321,TRUE
516,0.777777777777778,1,1,FALSE
516,0.888888888888889,0.14985014985015,0.5994005994006,FALSE
516,1,0.0099900099900101,0.0599400599400606,FALSE
517,0,1,1,FALSE
517,0.111111111111111,1,1,FALSE
517,0.222222222222222,1,1,FALSE
517,0.333333333333333,0.293706293706294,1,FALSE
517,0.444444444444444,0.00199800199800193,0.0179820179820174,TRUE
517,0.555555555555556,0.00199800199800193,0.0179820179820174,TRUE
517,0.666666666666667,0.763236763236763,1,FALSE
517,0.777777777777778,1,1,FALSE
517,0.888888888888889,1,1,FALSE
517,1,1,1,FALSE
518,0,1,1,FALSE
518,0.111111111111111,1,1,FALSE
518,0.222222222222222,1,1,FALSE
518,0.333333333333333,0.625374625374625,1,FALSE
518,0.444444444444444,0.00199800199800193,0.0159840159840154,TRUE
518,0.555555555555556,0.00199800199800193,0.0159840159840154,TRUE
518,0.666666666666667,0.00199800199800193,0.0159840159840154,TRUE
518,0.777777777777778,1,1,FALSE
518,0.888888888888889,1,1,FALSE
518,1,0.123876123876124,0.867132867132867,FALSE
519,0,0.981018981018981,1,FALSE
519,0.111111111111111,1,1,FALSE
519,0.222222222222222,1,1,FALSE
519,0.333333333333333,0.20979020979021,1,FALSE
519,0.444444444444444,0.00199800199800193,0.0199800199800193,TRUE
519,0.555555555555556,0.00399600399600408,0.0359640359640367,TRUE
519,0.666666666666667,0.043956043956044,0.351648351648352,FALSE
519,0.777777777777778,1,1,FALSE
519,0.888888888888889,1,1,FALSE
519,1,1,1,FALSE
520,0,0.385614385614386,1,FALSE
520,0.111111111111111,0.0219780219780219,0.175824175824175,FALSE
520,0.222222222222222,0.131868131868132,0.659340659340659,FALSE
520,0.333333333333333,1,1,FALSE
520,0.444444444444444,0.00199800199800193,0.0179820179820174,TRUE
520,0.555555555555556,0.00199800199800193,0.0179820179820174,TRUE
520,0.666666666666667,1,1,FALSE
520,0.777777777777778,0.155844155844156,0.779220779220779,FALSE
520,0.888888888888889,0.859140859140859,1,FALSE
520,1,0.0799200799200799,0.467532467532468,FALSE
521,0,1,1,FALSE
521,0.111111111111111,1,1,FALSE
521,0.222222222222222,1,1,FALSE
521,0.333333333333333,0.00599400599400601,0.0479520479520481,TRUE
521,0.444444444444444,0.00199800199800193,0.0179820179820174,TRUE
521,0.555555555555556,0.00199800199800193,0.0179820179820174,TRUE
521,0.666666666666667,1,1,FALSE
521,0.777777777777778,1,1,FALSE
521,0.888888888888889,1,1,FALSE
521,1,0.133866133866134,0.937062937062936,FALSE
522,0,1,1,FALSE
522,0.111111111111111,0.929070929070929,1,FALSE
522,0.222222222222222,1,1,FALSE
522,0.333333333333333,0.223776223776224,1,FALSE
522,0.444444444444444,0.00199800199800193,0.0179820179820174,TRUE
522,0.555555555555556,0.00199800199800193,0.0179820179820174,TRUE
522,0.666666666666667,0.0219780219780219,0.175824175824175,FALSE
522,0.777777777777778,1,1,FALSE
522,0.888888888888889,1,1,FALSE
522,1,0.403596403596404,1,FALSE
523,0,1,1,FALSE
523,0.111111111111111,1,1,FALSE
523,0.222222222222222,1,1,FALSE
523,0.333333333333333,1,1,FALSE
523,0.444444444444444,0.0219780219780219,0.197802197802197,FALSE
523,0.555555555555556,0.00199800199800193,0.0199800199800193,TRUE
523,0.666666666666667,1,1,FALSE
523,0.777777777777778,1,1,FALSE
523,0.888888888888889,1,1,FALSE
523,1,1,1,FALSE
524,0,1,1,FALSE
524,0.111111111111111,0.403596403596404,1,FALSE
524,0.222222222222222,1,1,FALSE
524,0.333333333333333,0.0599400599400599,0.359640359640359,FALSE
524,0.444444444444444,0.00199800199800193,0.0179820179820174,TRUE
524,0.555555555555556,0.00199800199800193,0.0179820179820174,TRUE
524,0.666666666666667,0.00399600399600408,0.0319680319680327,TRUE
524,0.777777777777778,0.455544455544455,1,FALSE
524,0.888888888888889,0.011988011988012,0.0839160839160842,FALSE
524,1,1,1,FALSE
525,0,1,1,FALSE
525,0.111111111111111,1,1,FALSE
525,0.222222222222222,1,1,FALSE
525,0.333333333333333,1,1,FALSE
525,0.444444444444444,0.00199800199800193,0.0179820179820174,TRUE
525,0.555555555555556,0.00199800199800193,0.0179820179820174,TRUE
525,0.666666666666667,1,1,FALSE
525,0.777777777777778,1,1,FALSE
525,0.888888888888889,1,1,FALSE
525,1,1,1,FALSE
526,0,1,1,FALSE
526,0.111111111111111,0.28971028971029,1,FALSE
526,0.222222222222222,0.243756243756244,1,FALSE
526,0.333333333333333,0.00199800199800193,0.0159840159840154,TRUE
526,0.444444444444444,0.00199800199800193,0.0159840159840154,TRUE
526,0.555555555555556,0.00199800199800193,0.0159840159840154,TRUE
526,0.666666666666667,0.00799200799200794,0.0559440559440556,TRUE
526,0.777777777777778,0.525474525474525,1,FALSE
526,0.888888888888889,1,1,FALSE
526,1,1,1,FALSE
527,0,0.751248751248751,1,FALSE
527,0.111111111111111,0.759240759240759,1,FALSE
527,0.222222222222222,0.909090909090909,1,FALSE
527,0.333333333333333,0.131868131868132,0.923076923076923,FALSE
527,0.444444444444444,0.00199800199800193,0.0179820179820174,TRUE
527,0.555555555555556,0.00199800199800193,0.0179820179820174,TRUE
527,0.666666666666667,0.0239760239760241,0.191808191808192,FALSE
527,0.777777777777778,0.863136863136863,1,FALSE
527,0.888888888888889,1,1,FALSE
527,1,0.341658341658342,1,FALSE
528,0,1,1,FALSE
528,0.111111111111111,1,1,FALSE
528,0.222222222222222,1,1,FALSE
528,0.333333333333333,0.975024975024975,1,FALSE
528,0.444444444444444,0.00199800199800193,0.0199800199800193,TRUE
528,0.555555555555556,0.0279720279720279,0.251748251748251,FALSE
528,0.666666666666667,1,1,FALSE
528,0.777777777777778,1,1,FALSE
528,0.888888888888889,1,1,FALSE
528,1,1,1,FALSE
529,0,1,1,FALSE
529,0.111111111111111,0.167832167832168,0.709290709290709,FALSE
529,0.222222222222222,0.04995004995005,0.34965034965035,FALSE
529,0.333333333333333,0.137862137862138,0.689310689310689,FALSE
529,0.444444444444444,0.00199800199800193,0.0159840159840154,TRUE
529,0.555555555555556,0.00199800199800193,0.0159840159840154,TRUE
529,0.666666666666667,0.00199800199800193,0.0159840159840154,TRUE
529,0.777777777777778,0.571428571428571,1,FALSE
529,0.888888888888889,0.933066933066933,1,FALSE
529,1,0.283716283716284,1,FALSE
530,0,1,1,FALSE
530,0.111111111111111,1,1,FALSE
530,0.222222222222222,0.525474525474525,1,FALSE
530,0.333333333333333,0.017982017982018,0.143856143856144,FALSE
530,0.444444444444444,0.00199800199800193,0.0199800199800193,TRUE
530,0.555555555555556,0.00599400599400601,0.0539460539460541,TRUE
530,0.666666666666667,0.579420579420579,1,FALSE
530,0.777777777777778,1,1,FALSE
530,0.888888888888889,1,1,FALSE
530,1,0.843156843156843,1,FALSE
531,0,0.0159840159840159,0.159840159840159,FALSE
531,0.111111111111111,0.1998001998002,1,FALSE
531,0.222222222222222,1,1,FALSE
531,0.333333333333333,1,1,FALSE
531,0.444444444444444,0.841158841158841,1,FALSE
531,0.555555555555556,0.0399600399600399,0.359640359640359,FALSE
531,0.666666666666667,1,1,FALSE
531,0.777777777777778,1,1,FALSE
531,0.888888888888889,1,1,FALSE
531,1,1,1,FALSE
532,0,0.41958041958042,1,FALSE
532,0.111111111111111,1,1,FALSE
532,0.222222222222222,1,1,FALSE
532,0.333333333333333,0.00399600399600408,0.0279720279720286,TRUE
532,0.444444444444444,0.00199800199800193,0.0159840159840154,TRUE
532,0.555555555555556,0.00199800199800193,0.0159840159840154,TRUE
532,0.666666666666667,0.00199800199800193,0.0159840159840154,TRUE
532,0.777777777777778,0.361638361638362,1,FALSE
532,0.888888888888889,1,1,FALSE
532,1,1,1,FALSE
533,0,1,1,FALSE
533,0.111111111111111,1,1,FALSE
533,0.222222222222222,1,1,FALSE
533,0.333333333333333,0.0819180819180818,0.655344655344654,FALSE
533,0.444444444444444,0.00199800199800193,0.0179820179820174,TRUE
533,0.555555555555556,0.00199800199800193,0.0179820179820174,TRUE
533,0.666666666666667,1,1,FALSE
533,0.777777777777778,1,1,FALSE
533,0.888888888888889,1,1,FALSE
533,1,1,1,FALSE
534,0,1,1,FALSE
534,0.111111111111111,1,1,FALSE
534,0.222222222222222,1,1,FALSE
534,0.333333333333333,1,1,FALSE
534,0.444444444444444,0.00599400599400601,0.0539460539460541,TRUE
534,0.555555555555556,0.00199800199800193,0.0199800199800193,TRUE
534,0.666666666666667,1,1,FALSE
534,0.777777777777778,1,1,FALSE
534,0.888888888888889,1,1,FALSE
534,1,1,1,FALSE
535,0,0.357642357642358,1,FALSE
535,0.111111111111111,1,1,FALSE
535,0.222222222222222,0.517482517482518,1,FALSE
535,0.333333333333333,0.063936063936064,0.447552447552448,FALSE
535,0.444444444444444,0.0479520479520479,0.335664335664335,FALSE
535,0.555555555555556,0.011988011988012,0.107892107892108,FALSE
535,0.666666666666667,0.00599400599400601,0.0599400599400601,TRUE
535,0.777777777777778,1,1,FALSE
535,0.888888888888889,1,1,FALSE
535,1,0.151848151848152,0.911088911088911,FALSE
536,0,0.233766233766234,1,FALSE
536,0.111111111111111,1,1,FALSE
536,0.222222222222222,1,1,FALSE
536,0.333333333333333,0.0999000999000998,0.699300699300699,FALSE
536,0.444444444444444,0.00199800199800193,0.0179820179820174,TRUE
536,0.555555555555556,0.00199800199800193,0.0179820179820174,TRUE
536,0.666666666666667,0.105894105894106,0.741258741258741,FALSE
536,0.777777777777778,1,1,FALSE
536,0.888888888888889,1,1,FALSE
536,1,0.341658341658342,1,FALSE
537,0,1,1,FALSE
537,0.111111111111111,1,1,FALSE
537,0.222222222222222,1,1,FALSE
537,0.333333333333333,1,1,FALSE
537,0.444444444444444,0.00199800199800193,0.0179820179820174,TRUE
537,0.555555555555556,0.00199800199800193,0.0179820179820174,TRUE
537,0.666666666666667,0.573426573426573,1,FALSE
537,0.777777777777778,1,1,FALSE
537,0.888888888888889,1,1,FALSE
537,1,1,1,FALSE
538,0,1,1,FALSE
538,0.111111111111111,1,1,FALSE
538,0.222222222222222,1,1,FALSE
538,0.333333333333333,0.0419580419580419,0.335664335664335,FALSE
538,0.444444444444444,0.00399600399600408,0.0399600399600397,TRUE
538,0.555555555555556,0.00799200799200794,0.0719280719280715,TRUE
538,0.666666666666667,0.375624375624376,1,FALSE
538,0.777777777777778,1,1,FALSE
538,0.888888888888889,1,1,FALSE
538,1,1,1,FALSE
539,0,1,1,FALSE
539,0.111111111111111,1,1,FALSE
539,0.222222222222222,1,1,FALSE
539,0.333333333333333,0.00199800199800193,0.0179820179820174,TRUE
539,0.444444444444444,0.00199800199800193,0.0179820179820174,TRUE
539,0.555555555555556,0.00399600399600408,0.0319680319680327,TRUE
539,0.666666666666667,0.833166833166833,1,FALSE
539,0.777777777777778,1,1,FALSE
539,0.888888888888889,1,1,FALSE
539,1,1,1,FALSE
540,0,0.153846153846154,0.769230769230769,FALSE
540,0.111111111111111,0.623376623376623,1,FALSE
540,0.222222222222222,0.631368631368631,1,FALSE
540,0.333333333333333,0.037962037962038,0.303696303696304,FALSE
540,0.444444444444444,0.0299700299700301,0.239760239760241,FALSE
540,0.555555555555556,0.00199800199800193,0.0199800199800193,TRUE
540,0.666666666666667,0.0819180819180818,0.461538461538461,FALSE
540,0.777777777777778,0.525474525474525,1,FALSE
540,0.888888888888889,0.117882117882118,0.589410589410589,FALSE
540,1,1,1,FALSE
541,0,0.26973026973027,1,FALSE
541,0.111111111111111,1,1,FALSE
541,0.222222222222222,1,1,FALSE
541,0.333333333333333,0.011988011988012,0.0959040959040962,FALSE
541,0.444444444444444,0.00199800199800193,0.0179820179820174,TRUE
541,0.555555555555556,0.00199800199800193,0.0179820179820174,TRUE
541,0.666666666666667,0.727272727272727,1,FALSE
541,0.777777777777778,0.967032967032967,1,FALSE
541,0.888888888888889,1,1,FALSE
541,1,1,1,FALSE
542,0,1,1,FALSE
542,0.111111111111111,1,1,FALSE
542,0.222222222222222,1,1,FALSE
542,0.333333333333333,0.0859140859140859,0.515484515484515,FALSE
542,0.444444444444444,0.00199800199800193,0.0199800199800193,TRUE
542,0.555555555555556,0.00799200799200794,0.0719280719280715,TRUE
542,0.666666666666667,0.0619380619380618,0.371628371628371,FALSE
542,0.777777777777778,1,1,FALSE
542,0.888888888888889,0.301698301698302,1,FALSE
542,1,0.063936063936064,0.383616383616384,FALSE
543,0,1,1,FALSE
543,0.111111111111111,1,1,FALSE
543,0.222222222222222,1,1,FALSE
543,0.333333333333333,0.00399600399600408,0.0319680319680318,TRUE
543,0.444444444444444,0.00199800199800193,0.0179820179820174,TRUE
543,0.555555555555556,0.00199800199800193,0.0179820179820174,TRUE
543,0.666666666666667,0.00799200799200794,0.0559440559440556,TRUE
543,0.777777777777778,1,1,FALSE
543,0.888888888888889,1,1,FALSE
543,1,0.331668331668332,1,FALSE
544,0,0.471528471528472,1,FALSE
544,0.111111111111111,0.315684315684316,1,FALSE
544,0.222222222222222,1,1,FALSE
544,0.333333333333333,0.0099900099900101,0.0799200799200808,FALSE
544,0.444444444444444,0.00199800199800193,0.0179820179820174,TRUE
544,0.555555555555556,0.00199800199800193,0.0179820179820174,TRUE
544,0.666666666666667,0.177822177822178,0.943056943056943,FALSE
544,0.777777777777778,1,1,FALSE
544,0.888888888888889,1,1,FALSE
544,1,0.0239760239760241,0.167832167832168,FALSE
545,0,1,1,FALSE
545,0.111111111111111,1,1,FALSE
545,0.222222222222222,0.867132867132867,1,FALSE
545,0.333333333333333,1,1,FALSE
545,0.444444444444444,0.125874125874126,1,FALSE
545,0.555555555555556,1,1,FALSE
545,0.666666666666667,1,1,FALSE
545,0.777777777777778,1,1,FALSE
545,0.888888888888889,1,1,FALSE
545,1,0.519480519480519,1,FALSE
546,0,1,1,FALSE
546,0.111111111111111,1,1,FALSE
546,0.222222222222222,0.739260739260739,1,FALSE
546,0.333333333333333,0.051948051948052,0.415584415584416,FALSE
546,0.444444444444444,0.00199800199800193,0.0179820179820174,TRUE
546,0.555555555555556,0.00199800199800193,0.0179820179820174,TRUE
546,0.666666666666667,0.291708291708292,1,FALSE
546,0.777777777777778,1,1,FALSE
546,0.888888888888889,1,1,FALSE
546,1,1,1,FALSE
547,0,0.063936063936064,0.447552447552448,FALSE
547,0.111111111111111,0.28971028971029,1,FALSE
547,0.222222222222222,0.691308691308691,1,FALSE
547,0.333333333333333,0.00199800199800193,0.0179820179820174,TRUE
547,0.444444444444444,0.00199800199800193,0.0179820179820174,TRUE
547,0.555555555555556,0.0339660339660339,0.255744255744256,FALSE
547,0.666666666666667,1,1,FALSE
547,0.777777777777778,1,1,FALSE
547,0.888888888888889,0.685314685314685,1,FALSE
547,1,0.365634365634366,1,FALSE
548,0,1,1,FALSE
548,0.111111111111111,1,1,FALSE
548,0.222222222222222,1,1,FALSE
548,0.333333333333333,1,1,FALSE
548,0.444444444444444,0.00799200799200794,0.0799200799200794,TRUE
548,0.555555555555556,0.01998001998002,0.17982017982018,FALSE
548,0.666666666666667,0.0999000999000998,0.799200799200799,FALSE
548,0.777777777777778,1,1,FALSE
548,0.888888888888889,1,1,FALSE
548,1,1,1,FALSE
549,0,1,1,FALSE
549,0.111111111111111,1,1,FALSE
549,0.222222222222222,1,1,FALSE
549,0.333333333333333,0.43956043956044,1,FALSE
549,0.444444444444444,0.00199800199800193,0.0199800199800193,TRUE
549,0.555555555555556,0.00399600399600408,0.0359640359640367,TRUE
549,0.666666666666667,1,1,FALSE
549,0.777777777777778,1,1,FALSE
549,0.888888888888889,1,1,FALSE
549,1,1,1,FALSE
550,0,1,1,FALSE
550,0.111111111111111,1,1,FALSE
550,0.222222222222222,1,1,FALSE
550,0.333333333333333,0.01998001998002,0.15984015984016,FALSE
550,0.444444444444444,0.00199800199800193,0.0179820179820174,TRUE
550,0.555555555555556,0.00199800199800193,0.0179820179820174,TRUE
550,0.666666666666667,0.0939060939060938,0.563436563436563,FALSE
550,0.777777777777778,1,1,FALSE
550,0.888888888888889,0.187812187812188,0.939060939060939,FALSE
550,1,0.21978021978022,1,FALSE
551,0,0.763236763236763,1,FALSE
551,0.111111111111111,1,1,FALSE
551,0.222222222222222,1,1,FALSE
551,0.333333333333333,0.0159840159840159,0.127872127872127,FALSE
551,0.444444444444444,0.00199800199800193,0.0199800199800193,TRUE
551,0.555555555555556,0.00399600399600408,0.0359640359640367,TRUE
551,0.666666666666667,1,1,FALSE
551,0.777777777777778,1,1,FALSE
551,0.888888888888889,1,1,FALSE
551,1,1,1,FALSE
552,0,0.747252747252747,1,FALSE
552,0.111111111111111,1,1,FALSE
552,0.222222222222222,1,1,FALSE
552,0.333333333333333,0.0659340659340659,0.461538461538461,FALSE
552,0.444444444444444,0.00399600399600408,0.0359640359640357,TRUE
552,0.555555555555556,0.00199800199800193,0.0199800199800193,TRUE
552,0.666666666666667,0.00799200799200794,0.0639360639360635,TRUE
552,0.777777777777778,1,1,FALSE
552,0.888888888888889,1,1,FALSE
552,1,1,1,FALSE
553,0,1,1,FALSE
553,0.111111111111111,1,1,FALSE
553,0.222222222222222,1,1,FALSE
553,0.333333333333333,0.263736263736264,1,FALSE
553,0.444444444444444,0.00199800199800193,0.0179820179820174,TRUE
553,0.555555555555556,0.00199800199800193,0.0179820179820174,TRUE
553,0.666666666666667,0.013986013986014,0.111888111888112,FALSE
553,0.777777777777778,1,1,FALSE
553,0.888888888888889,0.797202797202797,1,FALSE
553,1,1,1,FALSE
554,0,1,1,FALSE
554,0.111111111111111,1,1,FALSE
554,0.222222222222222,1,1,FALSE
554,0.333333333333333,0.719280719280719,1,FALSE
554,0.444444444444444,0.00199800199800193,0.0179820179820174,TRUE
554,0.555555555555556,0.00199800199800193,0.0179820179820174,TRUE
554,0.666666666666667,0.00399600399600408,0.0319680319680327,TRUE
554,0.777777777777778,1,1,FALSE
554,0.888888888888889,0.327672327672328,1,FALSE
554,1,0.709290709290709,1,FALSE
555,0,0.265734265734266,1,FALSE
555,0.111111111111111,0.811188811188811,1,FALSE
555,0.222222222222222,1,1,FALSE
555,0.333333333333333,0.025974025974026,0.207792207792208,FALSE
555,0.444444444444444,0.00199800199800193,0.0199800199800193,TRUE
555,0.555555555555556,0.0159840159840159,0.127872127872127,FALSE
555,0.666666666666667,0.203796203796204,1,FALSE
555,0.777777777777778,1,1,FALSE
555,0.888888888888889,1,1,FALSE
555,1,0.679320679320679,1,FALSE
556,0,1,1,FALSE
556,0.111111111111111,1,1,FALSE
556,0.222222222222222,1,1,FALSE
556,0.333333333333333,1,1,FALSE
556,0.444444444444444,0.00199800199800193,0.0199800199800193,TRUE
556,0.555555555555556,0.00599400599400601,0.0539460539460541,TRUE
556,0.666666666666667,1,1,FALSE
556,0.777777777777778,1,1,FALSE
556,0.888888888888889,1,1,FALSE
556,1,1,1,FALSE
557,0,0.031968031968032,0.191808191808192,FALSE
557,0.111111111111111,0.33966033966034,1,FALSE
557,0.222222222222222,1,1,FALSE
557,0.333333333333333,0.00799200799200794,0.0559440559440556,TRUE
557,0.444444444444444,0.00799200799200794,0.0559440559440556,TRUE
557,0.555555555555556,0.00199800199800193,0.0199800199800193,TRUE
557,0.666666666666667,0.00599400599400601,0.0419580419580421,TRUE
557,0.777777777777778,1,1,FALSE
557,0.888888888888889,0.231768231768232,0.927072927072927,FALSE
557,1,0.537462537462537,1,FALSE
558,0,0.395604395604396,1,FALSE
558,0.111111111111111,0.537462537462537,1,FALSE
558,0.222222222222222,1,1,FALSE
558,0.333333333333333,0.127872127872128,0.895104895104896,FALSE
558,0.444444444444444,0.00199800199800193,0.0199800199800193,TRUE
558,0.555555555555556,0.00799200799200794,0.0719280719280715,TRUE
558,0.666666666666667,0.0279720279720279,0.223776223776223,FALSE
558,0.777777777777778,1,1,FALSE
558,0.888888888888889,1,1,FALSE
558,1,0.835164835164835,1,FALSE
559,0,0.191808191808192,1,FALSE
559,0.111111111111111,1,1,FALSE
559,0.222222222222222,1,1,FALSE
559,0.333333333333333,0.273726273726274,1,FALSE
559,0.444444444444444,0.017982017982018,0.143856143856144,FALSE
559,0.555555555555556,0.00199800199800193,0.0199800199800193,TRUE
559,0.666666666666667,0.00799200799200794,0.0719280719280715,TRUE
559,0.777777777777778,1,1,FALSE
559,0.888888888888889,1,1,FALSE
559,1,1,1,FALSE
560,0,1,1,FALSE
560,0.111111111111111,1,1,FALSE
560,0.222222222222222,1,1,FALSE
560,0.333333333333333,0.483516483516484,1,FALSE
560,0.444444444444444,0.0219780219780219,0.175824175824175,FALSE
560,0.555555555555556,0.00199800199800193,0.0199800199800193,TRUE
560,0.666666666666667,0.0299700299700301,0.239760239760241,FALSE
560,0.777777777777778,1,1,FALSE
560,0.888888888888889,0.745254745254745,1,FALSE
560,1,1,1,FALSE
561,0,1,1,FALSE
561,0.111111111111111,1,1,FALSE
561,0.222222222222222,1,1,FALSE
561,0.333333333333333,1,1,FALSE
561,0.444444444444444,0.017982017982018,0.161838161838162,FALSE
561,0.555555555555556,0.00199800199800193,0.0199800199800193,TRUE
561,0.666666666666667,1,1,FALSE
561,0.777777777777778,1,1,FALSE
561,0.888888888888889,1,1,FALSE
561,1,1,1,FALSE
562,0,1,1,FALSE
562,0.111111111111111,1,1,FALSE
562,0.222222222222222,1,1,FALSE
562,0.333333333333333,0.0479520479520479,0.431568431568431,FALSE
562,0.444444444444444,0.00199800199800193,0.0199800199800193,TRUE
562,0.555555555555556,0.517482517482518,1,FALSE
562,0.666666666666667,1,1,FALSE
562,0.777777777777778,1,1,FALSE
562,0.888888888888889,0.673326673326673,1,FALSE
562,1,1,1,FALSE
563,0,1,1,FALSE
563,0.111111111111111,1,1,FALSE
563,0.222222222222222,1,1,FALSE
563,0.333333333333333,1,1,FALSE
563,0.444444444444444,0.043956043956044,0.395604395604396,FALSE
563,0.555555555555556,0.0739260739260739,0.665334665334665,FALSE
563,0.666666666666667,1,1,FALSE
563,0.777777777777778,1,1,FALSE
563,0.888888888888889,1,1,FALSE
563,1,1,1,FALSE
564,0,1,1,FALSE
564,0.111111111111111,1,1,FALSE
564,0.222222222222222,1,1,FALSE
564,0.333333333333333,1,1,FALSE
564,0.444444444444444,0.0219780219780219,0.197802197802197,FALSE
564,0.555555555555556,0.017982017982018,0.161838161838162,FALSE
564,0.666666666666667,1,1,FALSE
564,0.777777777777778,1,1,FALSE
564,0.888888888888889,1,1,FALSE
564,1,1,1,FALSE
565,0,0.327672327672328,1,FALSE
565,0.111111111111111,0.231768231768232,1,FALSE
565,0.222222222222222,1,1,FALSE
565,0.333333333333333,0.523476523476524,1,FALSE
565,0.444444444444444,0.00399600399600408,0.0359640359640367,TRUE
565,0.555555555555556,0.00399600399600408,0.0359640359640367,TRUE
565,0.666666666666667,1,1,FALSE
565,0.777777777777778,0.615384615384615,1,FALSE
565,0.888888888888889,0.345654345654346,1,FALSE
565,1,0.057942057942058,0.463536463536464,FALSE
566,0,0.995004995004995,1,FALSE
566,0.111111111111111,1,1,FALSE
566,0.222222222222222,1,1,FALSE
566,0.333333333333333,0.00199800199800193,0.0139860139860135,TRUE
566,0.444444444444444,0.00199800199800193,0.0139860139860135,TRUE
566,0.555555555555556,0.00199800199800193,0.0139860139860135,TRUE
566,0.666666666666667,0.00199800199800193,0.0139860139860135,TRUE
566,0.777777777777778,1,1,FALSE
566,0.888888888888889,1,1,FALSE
566,1,1,1,FALSE
567,0,1,1,FALSE
567,0.111111111111111,1,1,FALSE
567,0.222222222222222,1,1,FALSE
567,0.333333333333333,0.747252747252747,1,FALSE
567,0.444444444444444,0.00199800199800193,0.0179820179820174,TRUE
567,0.555555555555556,0.00199800199800193,0.0179820179820174,TRUE
567,0.666666666666667,1,1,FALSE
567,0.777777777777778,1,1,FALSE
567,0.888888888888889,1,1,FALSE
567,1,1,1,FALSE
568,0,1,1,FALSE
568,0.111111111111111,0.937062937062937,1,FALSE
568,0.222222222222222,1,1,FALSE
568,0.333333333333333,0.00199800199800193,0.0159840159840154,TRUE
568,0.444444444444444,0.00199800199800193,0.0159840159840154,TRUE
568,0.555555555555556,0.00199800199800193,0.0159840159840154,TRUE
568,0.666666666666667,0.0099900099900101,0.0699300699300707,FALSE
568,0.777777777777778,1,1,FALSE
568,0.888888888888889,1,1,FALSE
568,1,1,1,FALSE
569,0,0.255744255744256,1,FALSE
569,0.111111111111111,1,1,FALSE
569,0.222222222222222,1,1,FALSE
569,0.333333333333333,1,1,FALSE
569,0.444444444444444,0.00199800199800193,0.0199800199800193,TRUE
569,0.555555555555556,0.00599400599400601,0.0539460539460541,TRUE
569,0.666666666666667,1,1,FALSE
569,0.777777777777778,1,1,FALSE
569,0.888888888888889,0.277722277722278,1,FALSE
569,1,0.551448551448551,1,FALSE
570,0,1,1,FALSE
570,0.111111111111111,1,1,FALSE
570,0.222222222222222,1,1,FALSE
570,0.333333333333333,0.0239760239760241,0.167832167832168,FALSE
570,0.444444444444444,0.00199800199800193,0.0179820179820174,TRUE
570,0.555555555555556,0.00199800199800193,0.0179820179820174,TRUE
570,0.666666666666667,0.025974025974026,0.181818181818182,FALSE
570,0.777777777777778,0.909090909090909,1,FALSE
570,0.888888888888889,1,1,FALSE
570,1,0.937062937062937,1,FALSE
571,0,1,1,FALSE
571,0.111111111111111,1,1,FALSE
571,0.222222222222222,1,1,FALSE
571,0.333333333333333,1,1,FALSE
571,0.444444444444444,0.0719280719280719,0.647352647352647,FALSE
571,0.555555555555556,0.00599400599400601,0.0599400599400601,TRUE
571,0.666666666666667,1,1,FALSE
571,0.777777777777778,1,1,FALSE
571,0.888888888888889,1,1,FALSE
571,1,1,1,FALSE
572,0,1,1,FALSE
572,0.111111111111111,0.277722277722278,1,FALSE
572,0.222222222222222,0.799200799200799,1,FALSE
572,0.333333333333333,0.0819180819180818,0.573426573426573,FALSE
572,0.444444444444444,0.00199800199800193,0.0179820179820174,TRUE
572,0.555555555555556,0.00199800199800193,0.0179820179820174,TRUE
572,0.666666666666667,0.031968031968032,0.255744255744256,FALSE
572,0.777777777777778,0.461538461538461,1,FALSE
572,0.888888888888889,1,1,FALSE
572,1,0.267732267732268,1,FALSE
573,0,1,1,FALSE
573,0.111111111111111,1,1,FALSE
573,0.222222222222222,1,1,FALSE
573,0.333333333333333,1,1,FALSE
573,0.444444444444444,0.00199800199800193,0.0199800199800193,TRUE
573,0.555555555555556,0.0939060939060938,0.845154845154845,FALSE
573,0.666666666666667,1,1,FALSE
573,0.777777777777778,1,1,FALSE
573,0.888888888888889,1,1,FALSE
573,1,1,1,FALSE
574,0,1,1,FALSE
574,0.111111111111111,1,1,FALSE
574,0.222222222222222,0.905094905094905,1,FALSE
574,0.333333333333333,0.0599400599400599,0.479520479520479,FALSE
574,0.444444444444444,0.0099900099900101,0.099900099900101,FALSE
574,0.555555555555556,0.0419580419580419,0.335664335664335,FALSE
574,0.666666666666667,0.435564435564435,1,FALSE
574,0.777777777777778,1,1,FALSE
574,0.888888888888889,0.921078921078921,1,FALSE
574,1,0.879120879120879,1,FALSE
575,0,1,1,FALSE
575,0.111111111111111,1,1,FALSE
575,0.222222222222222,1,1,FALSE
575,0.333333333333333,0.00199800199800193,0.0159840159840154,TRUE
575,0.444444444444444,0.00199800199800193,0.0159840159840154,TRUE
575,0.555555555555556,0.00199800199800193,0.0159840159840154,TRUE
575,0.666666666666667,0.0419580419580419,0.293706293706293,FALSE
575,0.777777777777778,1,1,FALSE
575,0.888888888888889,1,1,FALSE
575,1,1,1,FALSE
576,0,1,1,FALSE
576,0.111111111111111,1,1,FALSE
576,0.222222222222222,1,1,FALSE
576,0.333333333333333,0.0679320679320679,0.543456543456543,FALSE
576,0.444444444444444,0.00199800199800193,0.0179820179820174,TRUE
576,0.555555555555556,0.00199800199800193,0.0179820179820174,TRUE
576,0.666666666666667,0.20979020979021,1,FALSE
576,0.777777777777778,1,1,FALSE
576,0.888888888888889,1,1,FALSE
576,1,1,1,FALSE
577,0,1,1,FALSE
577,0.111111111111111,1,1,FALSE
577,0.222222222222222,1,1,FALSE
577,0.333333333333333,0.0299700299700301,0.17982017982018,FALSE
577,0.444444444444444,0.00199800199800193,0.0179820179820174,TRUE
577,0.555555555555556,0.00199800199800193,0.0179820179820174,TRUE
577,0.666666666666667,0.025974025974026,0.155844155844156,FALSE
577,0.777777777777778,0.725274725274725,1,FALSE
577,0.888888888888889,0.0819180819180818,0.409590409590409,FALSE
577,1,0.0219780219780219,0.131868131868131,FALSE
578,0,1,1,FALSE
578,0.111111111111111,1,1,FALSE
578,0.222222222222222,1,1,FALSE
578,0.333333333333333,0.0359640359640359,0.287712287712287,FALSE
578,0.444444444444444,0.00199800199800193,0.0199800199800193,TRUE
578,0.555555555555556,0.00799200799200794,0.0719280719280715,TRUE
578,0.666666666666667,0.207792207792208,1,FALSE
578,0.777777777777778,1,1,FALSE
578,0.888888888888889,1,1,FALSE
578,1,0.939060939060939,1,FALSE
579,0,1,1,FALSE
579,0.111111111111111,0.981018981018981,1,FALSE
579,0.222222222222222,1,1,FALSE
579,0.333333333333333,1,1,FALSE
579,0.444444444444444,0.00199800199800193,0.0159840159840154,TRUE
579,0.555555555555556,0.00199800199800193,0.0159840159840154,TRUE
579,0.666666666666667,0.00199800199800193,0.0159840159840154,TRUE
579,0.777777777777778,1,1,FALSE
579,0.888888888888889,1,1,FALSE
579,1,1,1,FALSE
580,0,1,1,FALSE
580,0.111111111111111,1,1,FALSE
580,0.222222222222222,1,1,FALSE
580,0.333333333333333,0.00799200799200794,0.0639360639360635,TRUE
580,0.444444444444444,0.00199800199800193,0.0179820179820174,TRUE
580,0.555555555555556,0.00199800199800193,0.0179820179820174,TRUE
580,0.666666666666667,0.193806193806194,1,FALSE
580,0.777777777777778,0.983016983016983,1,FALSE
580,0.888888888888889,0.0779220779220779,0.545454545454546,FALSE
580,1,1,1,FALSE
581,0,1,1,FALSE
581,0.111111111111111,0.521478521478522,1,FALSE
581,0.222222222222222,0.0799200799200799,0.479520479520479,FALSE
581,0.333333333333333,0.00199800199800193,0.0159840159840154,TRUE
581,0.444444444444444,0.00199800199800193,0.0159840159840154,TRUE
581,0.555555555555556,0.00199800199800193,0.0159840159840154,TRUE
581,0.666666666666667,0.01998001998002,0.13986013986014,FALSE
581,0.777777777777778,1,1,FALSE
581,0.888888888888889,0.791208791208791,1,FALSE
581,1,0.381618381618382,1,FALSE
582,0,0.185814185814186,0.557442557442557,FALSE
582,0.111111111111111,0.193806193806194,0.581418581418582,FALSE
582,0.222222222222222,1,1,FALSE
582,0.333333333333333,0.00199800199800193,0.0179820179820174,TRUE
582,0.444444444444444,0.00199800199800193,0.0179820179820174,TRUE
582,0.555555555555556,0.00399600399600408,0.0319680319680327,TRUE
582,0.666666666666667,0.0359640359640359,0.215784215784215,FALSE
582,0.777777777777778,0.277722277722278,0.833166833166833,FALSE
582,0.888888888888889,0.749250749250749,1,FALSE
582,1,0.051948051948052,0.311688311688312,FALSE
583,0,1,1,FALSE
583,0.111111111111111,1,1,FALSE
583,0.222222222222222,1,1,FALSE
583,0.333333333333333,0.0099900099900101,0.0799200799200808,FALSE
583,0.444444444444444,0.00199800199800193,0.0179820179820174,TRUE
583,0.555555555555556,0.00199800199800193,0.0179820179820174,TRUE
583,0.666666666666667,1,1,FALSE
583,0.777777777777778,1,1,FALSE
583,0.888888888888889,1,1,FALSE
583,1,1,1,FALSE
584,0,0.725274725274725,1,FALSE
584,0.111111111111111,1,1,FALSE
584,0.222222222222222,0.307692307692308,1,FALSE
584,0.333333333333333,0.00199800199800193,0.0179820179820174,TRUE
584,0.444444444444444,0.00199800199800193,0.0179820179820174,TRUE
584,0.555555555555556,0.00399600399600408,0.0319680319680327,TRUE
584,0.666666666666667,0.0879120879120878,0.615384615384615,FALSE
584,0.777777777777778,0.603396603396603,1,FALSE
584,0.888888888888889,0.433566433566434,1,FALSE
584,1,0.947052947052947,1,FALSE
585,0,1,1,FALSE
585,0.111111111111111,1,1,FALSE
585,0.222222222222222,1,1,FALSE
585,0.333333333333333,1,1,FALSE
585,0.444444444444444,0.00399600399600408,0.0359640359640367,TRUE
585,0.555555555555556,0.00199800199800193,0.0199800199800193,TRUE
585,0.666666666666667,1,1,FALSE
585,0.777777777777778,1,1,FALSE
585,0.888888888888889,1,1,FALSE
585,1,1,1,FALSE
586,0,0.0299700299700301,0.239760239760241,FALSE
586,0.111111111111111,1,1,FALSE
586,0.222222222222222,0.075924075924076,0.531468531468532,FALSE
586,0.333333333333333,1,1,FALSE
586,0.444444444444444,0.00199800199800193,0.0179820179820174,TRUE
586,0.555555555555556,0.00199800199800193,0.0179820179820174,TRUE
586,0.666666666666667,1,1,FALSE
586,0.777777777777778,1,1,FALSE
586,0.888888888888889,1,1,FALSE
586,1,1,1,FALSE
587,0,1,1,FALSE
587,0.111111111111111,1,1,FALSE
587,0.222222222222222,1,1,FALSE
587,0.333333333333333,0.017982017982018,0.143856143856144,FALSE
587,0.444444444444444,0.00199800199800193,0.0179820179820174,TRUE
587,0.555555555555556,0.00199800199800193,0.0179820179820174,TRUE
587,0.666666666666667,0.383616383616384,1,FALSE
587,0.777777777777778,1,1,FALSE
587,0.888888888888889,1,1,FALSE
587,1,1,1,FALSE
588,0,1,1,FALSE
588,0.111111111111111,1,1,FALSE
588,0.222222222222222,1,1,FALSE
588,0.333333333333333,0.385614385614386,1,FALSE
588,0.444444444444444,0.00199800199800193,0.0179820179820174,TRUE
588,0.555555555555556,0.00199800199800193,0.0179820179820174,TRUE
588,0.666666666666667,0.0879120879120878,0.703296703296703,FALSE
588,0.777777777777778,1,1,FALSE
588,0.888888888888889,1,1,FALSE
588,1,0.211788211788212,1,FALSE
589,0,1,1,FALSE
589,0.111111111111111,1,1,FALSE
589,0.222222222222222,1,1,FALSE
589,0.333333333333333,0.031968031968032,0.255744255744256,FALSE
589,0.444444444444444,0.00199800199800193,0.0179820179820174,TRUE
589,0.555555555555556,0.00199800199800193,0.0179820179820174,TRUE
589,0.666666666666667,1,1,FALSE
589,0.777777777777778,1,1,FALSE
589,0.888888888888889,1,1,FALSE
589,1,1,1,FALSE
590,0,1,1,FALSE
590,0.111111111111111,1,1,FALSE
590,0.222222222222222,1,1,FALSE
590,0.333333333333333,0.691308691308691,1,FALSE
590,0.444444444444444,0.00399600399600408,0.0399600399600408,TRUE
590,0.555555555555556,0.0099900099900101,0.0899100899100909,FALSE
590,0.666666666666667,0.045954045954046,0.367632367632368,FALSE
590,0.777777777777778,1,1,FALSE
590,0.888888888888889,1,1,FALSE
590,1,1,1,FALSE
591,0,1,1,FALSE
591,0.111111111111111,1,1,FALSE
591,0.222222222222222,1,1,FALSE
591,0.333333333333333,1,1,FALSE
591,0.444444444444444,0.00199800199800193,0.0199800199800193,TRUE
591,0.555555555555556,0.0099900099900101,0.0899100899100909,FALSE
591,0.666666666666667,1,1,FALSE
591,0.777777777777778,1,1,FALSE
591,0.888888888888889,0.16983016983017,1,FALSE
591,1,0.26973026973027,1,FALSE
592,0,1,1,FALSE
592,0.111111111111111,1,1,FALSE
592,0.222222222222222,1,1,FALSE
592,0.333333333333333,1,1,FALSE
592,0.444444444444444,0.00199800199800193,0.0199800199800193,TRUE
592,0.555555555555556,0.00399600399600408,0.0359640359640367,TRUE
592,0.666666666666667,1,1,FALSE
592,0.777777777777778,1,1,FALSE
592,0.888888888888889,1,1,FALSE
592,1,1,1,FALSE
593,0,1,1,FALSE
593,0.111111111111111,0.297702297702298,1,FALSE
593,0.222222222222222,1,1,FALSE
593,0.333333333333333,1,1,FALSE
593,0.444444444444444,0.00199800199800193,0.0179820179820174,TRUE
593,0.555555555555556,0.00199800199800193,0.0179820179820174,TRUE
593,0.666666666666667,0.037962037962038,0.303696303696304,FALSE
593,0.777777777777778,1,1,FALSE
593,0.888888888888889,1,1,FALSE
593,1,1,1,FALSE
594,0,1,1,FALSE
594,0.111111111111111,0.741258741258741,1,FALSE
594,0.222222222222222,0.167832167832168,1,FALSE
594,0.333333333333333,1,1,FALSE
594,0.444444444444444,0.0099900099900101,0.0899100899100909,FALSE
594,0.555555555555556,0.00199800199800193,0.0199800199800193,TRUE
594,0.666666666666667,0.835164835164835,1,FALSE
594,0.777777777777778,0.487512487512487,1,FALSE
594,0.888888888888889,0.0399600399600399,0.31968031968032,FALSE
594,1,0.187812187812188,1,FALSE
595,0,0.337662337662338,1,FALSE
595,0.111111111111111,1,1,FALSE
595,0.222222222222222,1,1,FALSE
595,0.333333333333333,0.105894105894106,0.741258741258741,FALSE
595,0.444444444444444,0.00599400599400601,0.0479520479520481,TRUE
595,0.555555555555556,0.00199800199800193,0.0199800199800193,TRUE
595,0.666666666666667,0.00599400599400601,0.0479520479520481,TRUE
595,0.777777777777778,0.853146853146853,1,FALSE
595,0.888888888888889,1,1,FALSE
595,1,1,1,FALSE
596,0,1,1,FALSE
596,0.111111111111111,1,1,FALSE
596,0.222222222222222,1,1,FALSE
596,0.333333333333333,0.335664335664336,1,FALSE
596,0.444444444444444,0.00199800199800193,0.0179820179820174,TRUE
596,0.555555555555556,0.00199800199800193,0.0179820179820174,TRUE
596,0.666666666666667,0.381618381618382,1,FALSE
596,0.777777777777778,1,1,FALSE
596,0.888888888888889,1,1,FALSE
596,1,1,1,FALSE
597,0,1,1,FALSE
597,0.111111111111111,1,1,FALSE
597,0.222222222222222,0.519480519480519,1,FALSE
597,0.333333333333333,0.0339660339660339,0.237762237762237,FALSE
597,0.444444444444444,0.00199800199800193,0.0179820179820174,TRUE
597,0.555555555555556,0.00199800199800193,0.0179820179820174,TRUE
597,0.666666666666667,0.00399600399600408,0.0319680319680327,TRUE
597,0.777777777777778,0.517482517482518,1,FALSE
597,0.888888888888889,1,1,FALSE
597,1,0.527472527472527,1,FALSE
598,0,0.271728271728272,1,FALSE
598,0.111111111111111,0.101898101898102,0.611388611388612,FALSE
598,0.222222222222222,1,1,FALSE
598,0.333333333333333,0.00599400599400601,0.0479520479520481,TRUE
598,0.444444444444444,0.00199800199800193,0.0179820179820174,TRUE
598,0.555555555555556,0.00199800199800193,0.0179820179820174,TRUE
598,0.666666666666667,0.105894105894106,0.635364635364635,FALSE
598,0.777777777777778,1,1,FALSE
598,0.888888888888889,1,1,FALSE
598,1,1,1,FALSE
599,0,0.06993006993007,0.41958041958042,FALSE
599,0.111111111111111,0.875124875124875,1,FALSE
599,0.222222222222222,0.835164835164835,1,FALSE
599,0.333333333333333,0.017982017982018,0.125874125874126,FALSE
599,0.444444444444444,0.00199800199800193,0.0179820179820174,TRUE
599,0.555555555555556,0.00199800199800193,0.0179820179820174,TRUE
599,0.666666666666667,0.00599400599400601,0.0479520479520481,TRUE
599,0.777777777777778,0.899100899100899,1,FALSE
599,0.888888888888889,1,1,FALSE
599,1,1,1,FALSE
600,0,1,1,FALSE
600,0.111111111111111,0.195804195804196,1,FALSE
600,0.222222222222222,0.475524475524476,1,FALSE
600,0.333333333333333,0.829170829170829,1,FALSE
600,0.444444444444444,0.00599400599400601,0.0599400599400601,TRUE
600,0.555555555555556,0.0239760239760241,0.215784215784216,FALSE
600,0.666666666666667,0.517482517482518,1,FALSE
600,0.777777777777778,1,1,FALSE
600,0.888888888888889,0.701298701298701,1,FALSE
600,1,1,1,FALSE
601,0,NA,NA,FALSE
601,0.111111111111111,NA,NA,FALSE
601,0.222222222222222,NA,NA,FALSE
601,0.333333333333333,NA,NA,FALSE
601,0.444444444444444,NA,NA,FALSE
601,0.555555555555556,NA,NA,FALSE
601,0.666666666666667,NA,NA,FALSE
601,0.777777777777778,NA,NA,FALSE
601,0.888888888888889,NA,NA,FALSE
601,1,NA,NA,FALSE
602,0,NA,NA,FALSE
602,0.111111111111111,NA,NA,FALSE
602,0.222222222222222,NA,NA,FALSE
602,0.333333333333333,NA,NA,FALSE
602,0.444444444444444,NA,NA,FALSE
602,0.555555555555556,NA,NA,FALSE
602,0.666666666666667,NA,NA,FALSE
602,0.777777777777778,NA,NA,FALSE
602,0.888888888888889,NA,NA,FALSE
602,1,NA,NA,FALSE
603,0,NA,NA,FALSE
603,0.111111111111111,NA,NA,FALSE
603,0.222222222222222,NA,NA,FALSE
603,0.333333333333333,NA,NA,FALSE
603,0.444444444444444,NA,NA,FALSE
603,0.555555555555556,NA,NA,FALSE
603,0.666666666666667,NA,NA,FALSE
603,0.777777777777778,NA,NA,FALSE
603,0.888888888888889,NA,NA,FALSE
603,1,NA,NA,FALSE
604,0,NA,NA,FALSE
604,0.111111111111111,NA,NA,FALSE
604,0.222222222222222,NA,NA,FALSE
604,0.333333333333333,NA,NA,FALSE
604,0.444444444444444,NA,NA,FALSE
604,0.555555555555556,NA,NA,FALSE
604,0.666666666666667,NA,NA,FALSE
604,0.777777777777778,NA,NA,FALSE
604,0.888888888888889,NA,NA,FALSE
604,1,NA,NA,FALSE
605,0,NA,NA,FALSE
605,0.111111111111111,NA,NA,FALSE
605,0.222222222222222,NA,NA,FALSE
605,0.333333333333333,NA,NA,FALSE
605,0.444444444444444,NA,NA,FALSE
605,0.555555555555556,NA,NA,FALSE
605,0.666666666666667,NA,NA,FALSE
605,0.777777777777778,NA,NA,FALSE
605,0.888888888888889,NA,NA,FALSE
605,1,NA,NA,FALSE
606,0,NA,NA,FALSE
606,0.111111111111111,NA,NA,FALSE
606,0.222222222222222,NA,NA,FALSE
606,0.333333333333333,NA,NA,FALSE
606,0.444444444444444,NA,NA,FALSE
606,0.555555555555556,NA,NA,FALSE
606,0.666666666666667,NA,NA,FALSE
606,0.777777777777778,NA,NA,FALSE
606,0.888888888888889,NA,NA,FALSE
606,1,NA,NA,FALSE
607,0,NA,NA,FALSE
607,0.111111111111111,NA,NA,FALSE
607,0.222222222222222,NA,NA,FALSE
607,0.333333333333333,NA,NA,FALSE
607,0.444444444444444,NA,NA,FALSE
607,0.555555555555556,NA,NA,FALSE
607,0.666666666666667,NA,NA,FALSE
607,0.777777777777778,NA,NA,FALSE
607,0.888888888888889,NA,NA,FALSE
607,1,NA,NA,FALSE
608,0,NA,NA,FALSE
608,0.111111111111111,NA,NA,FALSE
608,0.222222222222222,NA,NA,FALSE
608,0.333333333333333,NA,NA,FALSE
608,0.444444444444444,NA,NA,FALSE
608,0.555555555555556,NA,NA,FALSE
608,0.666666666666667,NA,NA,FALSE
608,0.777777777777778,NA,NA,FALSE
608,0.888888888888889,NA,NA,FALSE
608,1,NA,NA,FALSE
609,0,NA,NA,FALSE
609,0.111111111111111,NA,NA,FALSE
609,0.222222222222222,NA,NA,FALSE
609,0.333333333333333,NA,NA,FALSE
609,0.444444444444444,NA,NA,FALSE
609,0.555555555555556,NA,NA,FALSE
609,0.666666666666667,NA,NA,FALSE
609,0.777777777777778,NA,NA,FALSE
609,0.888888888888889,NA,NA,FALSE
609,1,NA,NA,FALSE
610,0,NA,NA,FALSE
610,0.111111111111111,NA,NA,FALSE
610,0.222222222222222,NA,NA,FALSE
610,0.333333333333333,NA,NA,FALSE
610,0.444444444444444,NA,NA,TRUE
610,0.555555555555556,NA,NA,TRUE
610,0.666666666666667,NA,NA,TRUE
610,0.777777777777778,NA,NA,FALSE
610,0.888888888888889,NA,NA,FALSE
610,1,NA,NA,FALSE
611,0,NA,NA,FALSE
611,0.111111111111111,NA,NA,FALSE
611,0.222222222222222,NA,NA,FALSE
611,0.333333333333333,NA,NA,FALSE
611,0.444444444444444,NA,NA,FALSE
611,0.555555555555556,NA,NA,TRUE
611,0.666666666666667,NA,NA,FALSE
611,0.777777777777778,NA,NA,FALSE
611,0.888888888888889,NA,NA,FALSE
611,1,NA,NA,FALSE
612,0,NA,NA,FALSE
612,0.111111111111111,NA,NA,FALSE
612,0.222222222222222,NA,NA,FALSE
612,0.333333333333333,NA,NA,FALSE
612,0.444444444444444,NA,NA,FALSE
612,0.555555555555556,NA,NA,FALSE
612,0.666666666666667,NA,NA,FALSE
612,0.777777777777778,NA,NA,FALSE
612,0.888888888888889,NA,NA,FALSE
612,1,NA,NA,FALSE
613,0,NA,NA,FALSE
613,0.111111111111111,NA,NA,FALSE
613,0.222222222222222,NA,NA,FALSE
613,0.333333333333333,NA,NA,FALSE
613,0.444444444444444,NA,NA,FALSE
613,0.555555555555556,NA,NA,FALSE
613,0.666666666666667,NA,NA,FALSE
613,0.777777777777778,NA,NA,FALSE
613,0.888888888888889,NA,NA,FALSE
613,1,NA,NA,FALSE
614,0,NA,NA,FALSE
614,0.111111111111111,NA,NA,FALSE
614,0.222222222222222,NA,NA,FALSE
614,0.333333333333333,NA,NA,FALSE
614,0.444444444444444,NA,NA,FALSE
614,0.555555555555556,NA,NA,FALSE
614,0.666666666666667,NA,NA,FALSE
614,0.777777777777778,NA,NA,FALSE
614,0.888888888888889,NA,NA,FALSE
614,1,NA,NA,FALSE
615,0,NA,NA,FALSE
615,0.111111111111111,NA,NA,FALSE
615,0.222222222222222,NA,NA,FALSE
615,0.333333333333333,NA,NA,FALSE
615,0.444444444444444,NA,NA,FALSE
615,0.555555555555556,NA,NA,FALSE
615,0.666666666666667,NA,NA,FALSE
615,0.777777777777778,NA,NA,FALSE
615,0.888888888888889,NA,NA,FALSE
615,1,NA,NA,FALSE
616,0,NA,NA,FALSE
616,0.111111111111111,NA,NA,FALSE
616,0.222222222222222,NA,NA,FALSE
616,0.333333333333333,NA,NA,FALSE
616,0.444444444444444,NA,NA,FALSE
616,0.555555555555556,NA,NA,FALSE
616,0.666666666666667,NA,NA,FALSE
616,0.777777777777778,NA,NA,FALSE
616,0.888888888888889,NA,NA,FALSE
616,1,NA,NA,FALSE
617,0,NA,NA,FALSE
617,0.111111111111111,NA,NA,FALSE
617,0.222222222222222,NA,NA,FALSE
617,0.333333333333333,NA,NA,FALSE
617,0.444444444444444,NA,NA,FALSE
617,0.555555555555556,NA,NA,FALSE
617,0.666666666666667,NA,NA,FALSE
617,0.777777777777778,NA,NA,FALSE
617,0.888888888888889,NA,NA,FALSE
617,1,NA,NA,FALSE
618,0,NA,NA,FALSE
618,0.111111111111111,NA,NA,FALSE
618,0.222222222222222,NA,NA,FALSE
618,0.333333333333333,NA,NA,FALSE
618,0.444444444444444,NA,NA,FALSE
618,0.555555555555556,NA,NA,FALSE
618,0.666666666666667,NA,NA,FALSE
618,0.777777777777778,NA,NA,FALSE
618,0.888888888888889,NA,NA,FALSE
618,1,NA,NA,FALSE
619,0,NA,NA,FALSE
619,0.111111111111111,NA,NA,FALSE
619,0.222222222222222,NA,NA,FALSE
619,0.333333333333333,NA,NA,FALSE
619,0.444444444444444,NA,NA,FALSE
619,0.555555555555556,NA,NA,FALSE
619,0.666666666666667,NA,NA,FALSE
619,0.777777777777778,NA,NA,FALSE
619,0.888888888888889,NA,NA,FALSE
619,1,NA,NA,FALSE
620,0,NA,NA,FALSE
620,0.111111111111111,NA,NA,FALSE
620,0.222222222222222,NA,NA,FALSE
620,0.333333333333333,NA,NA,FALSE
620,0.444444444444444,NA,NA,FALSE
620,0.555555555555556,NA,NA,FALSE
620,0.666666666666667,NA,NA,FALSE
620,0.777777777777778,NA,NA,FALSE
620,0.888888888888889,NA,NA,FALSE
620,1,NA,NA,FALSE
621,0,NA,NA,FALSE
621,0.111111111111111,NA,NA,FALSE
621,0.222222222222222,NA,NA,FALSE
621,0.333333333333333,NA,NA,FALSE
621,0.444444444444444,NA,NA,FALSE
621,0.555555555555556,NA,NA,FALSE
621,0.666666666666667,NA,NA,FALSE
621,0.777777777777778,NA,NA,FALSE
621,0.888888888888889,NA,NA,FALSE
621,1,NA,NA,FALSE
622,0,NA,NA,FALSE
622,0.111111111111111,NA,NA,FALSE
622,0.222222222222222,NA,NA,FALSE
622,0.333333333333333,NA,NA,FALSE
622,0.444444444444444,NA,NA,FALSE
622,0.555555555555556,NA,NA,FALSE
622,0.666666666666667,NA,NA,FALSE
622,0.777777777777778,NA,NA,FALSE
622,0.888888888888889,NA,NA,FALSE
622,1,NA,NA,FALSE
623,0,NA,NA,FALSE
623,0.111111111111111,NA,NA,FALSE
623,0.222222222222222,NA,NA,FALSE
623,0.333333333333333,NA,NA,FALSE
623,0.444444444444444,NA,NA,TRUE
623,0.555555555555556,NA,NA,TRUE
623,0.666666666666667,NA,NA,TRUE
623,0.777777777777778,NA,NA,FALSE
623,0.888888888888889,NA,NA,FALSE
623,1,NA,NA,FALSE
624,0,NA,NA,FALSE
624,0.111111111111111,NA,NA,FALSE
624,0.222222222222222,NA,NA,FALSE
624,0.333333333333333,NA,NA,FALSE
624,0.444444444444444,NA,NA,FALSE
624,0.555555555555556,NA,NA,FALSE
624,0.666666666666667,NA,NA,FALSE
624,0.777777777777778,NA,NA,FALSE
624,0.888888888888889,NA,NA,FALSE
624,1,NA,NA,FALSE
625,0,NA,NA,FALSE
625,0.111111111111111,NA,NA,FALSE
625,0.222222222222222,NA,NA,FALSE
625,0.333333333333333,NA,NA,FALSE
625,0.444444444444444,NA,NA,FALSE
625,0.555555555555556,NA,NA,FALSE
625,0.666666666666667,NA,NA,FALSE
625,0.777777777777778,NA,NA,FALSE
625,0.888888888888889,NA,NA,FALSE
625,1,NA,NA,FALSE
626,0,NA,NA,FALSE
626,0.111111111111111,NA,NA,FALSE
626,0.222222222222222,NA,NA,FALSE
626,0.333333333333333,NA,NA,FALSE
626,0.444444444444444,NA,NA,FALSE
626,0.555555555555556,NA,NA,FALSE
626,0.666666666666667,NA,NA,FALSE
626,0.777777777777778,NA,NA,FALSE
626,0.888888888888889,NA,NA,FALSE
626,1,NA,NA,FALSE
627,0,NA,NA,FALSE
627,0.111111111111111,NA,NA,FALSE
627,0.222222222222222,NA,NA,FALSE
627,0.333333333333333,NA,NA,FALSE
627,0.444444444444444,NA,NA,FALSE
627,0.555555555555556,NA,NA,FALSE
627,0.666666666666667,NA,NA,FALSE
627,0.777777777777778,NA,NA,FALSE
627,0.888888888888889,NA,NA,FALSE
627,1,NA,NA,FALSE
628,0,NA,NA,FALSE
628,0.111111111111111,NA,NA,FALSE
628,0.222222222222222,NA,NA,FALSE
628,0.333333333333333,NA,NA,FALSE
628,0.444444444444444,NA,NA,FALSE
628,0.555555555555556,NA,NA,FALSE
628,0.666666666666667,NA,NA,FALSE
628,0.777777777777778,NA,NA,FALSE
628,0.888888888888889,NA,NA,FALSE
628,1,NA,NA,FALSE
629,0,NA,NA,FALSE
629,0.111111111111111,NA,NA,FALSE
629,0.222222222222222,NA,NA,FALSE
629,0.333333333333333,NA,NA,FALSE
629,0.444444444444444,NA,NA,FALSE
629,0.555555555555556,NA,NA,FALSE
629,0.666666666666667,NA,NA,FALSE
629,0.777777777777778,NA,NA,FALSE
629,0.888888888888889,NA,NA,FALSE
629,1,NA,NA,FALSE
630,0,NA,NA,FALSE
630,0.111111111111111,NA,NA,FALSE
630,0.222222222222222,NA,NA,FALSE
630,0.333333333333333,NA,NA,FALSE
630,0.444444444444444,NA,NA,FALSE
630,0.555555555555556,NA,NA,FALSE
630,0.666666666666667,NA,NA,FALSE
630,0.777777777777778,NA,NA,FALSE
630,0.888888888888889,NA,NA,FALSE
630,1,NA,NA,FALSE
631,0,NA,NA,FALSE
631,0.111111111111111,NA,NA,FALSE
631,0.222222222222222,NA,NA,FALSE
631,0.333333333333333,NA,NA,FALSE
631,0.444444444444444,NA,NA,FALSE
631,0.555555555555556,NA,NA,TRUE
631,0.666666666666667,NA,NA,FALSE
631,0.777777777777778,NA,NA,FALSE
631,0.888888888888889,NA,NA,FALSE
631,1,NA,NA,FALSE
632,0,NA,NA,FALSE
632,0.111111111111111,NA,NA,FALSE
632,0.222222222222222,NA,NA,FALSE
632,0.333333333333333,NA,NA,FALSE
632,0.444444444444444,NA,NA,FALSE
632,0.555555555555556,NA,NA,FALSE
632,0.666666666666667,NA,NA,FALSE
632,0.777777777777778,NA,NA,FALSE
632,0.888888888888889,NA,NA,FALSE
632,1,NA,NA,FALSE
633,0,NA,NA,FALSE
633,0.111111111111111,NA,NA,FALSE
633,0.222222222222222,NA,NA,FALSE
633,0.333333333333333,NA,NA,FALSE
633,0.444444444444444,NA,NA,TRUE
633,0.555555555555556,NA,NA,FALSE
633,0.666666666666667,NA,NA,FALSE
633,0.777777777777778,NA,NA,FALSE
633,0.888888888888889,NA,NA,FALSE
633,1,NA,NA,FALSE
634,0,NA,NA,FALSE
634,0.111111111111111,NA,NA,FALSE
634,0.222222222222222,NA,NA,FALSE
634,0.333333333333333,NA,NA,FALSE
634,0.444444444444444,NA,NA,FALSE
634,0.555555555555556,NA,NA,FALSE
634,0.666666666666667,NA,NA,FALSE
634,0.777777777777778,NA,NA,FALSE
634,0.888888888888889,NA,NA,FALSE
634,1,NA,NA,FALSE
635,0,NA,NA,FALSE
635,0.111111111111111,NA,NA,TRUE
635,0.222222222222222,NA,NA,TRUE
635,0.333333333333333,NA,NA,FALSE
635,0.444444444444444,NA,NA,FALSE
635,0.555555555555556,NA,NA,FALSE
635,0.666666666666667,NA,NA,FALSE
635,0.777777777777778,NA,NA,FALSE
635,0.888888888888889,NA,NA,FALSE
635,1,NA,NA,FALSE
636,0,NA,NA,FALSE
636,0.111111111111111,NA,NA,FALSE
636,0.222222222222222,NA,NA,FALSE
636,0.333333333333333,NA,NA,FALSE
636,0.444444444444444,NA,NA,FALSE
636,0.555555555555556,NA,NA,FALSE
636,0.666666666666667,NA,NA,FALSE
636,0.777777777777778,NA,NA,FALSE
636,0.888888888888889,NA,NA,FALSE
636,1,NA,NA,FALSE
637,0,NA,NA,FALSE
637,0.111111111111111,NA,NA,FALSE
637,0.222222222222222,NA,NA,FALSE
637,0.333333333333333,NA,NA,FALSE
637,0.444444444444444,NA,NA,FALSE
637,0.555555555555556,NA,NA,FALSE
637,0.666666666666667,NA,NA,FALSE
637,0.777777777777778,NA,NA,FALSE
637,0.888888888888889,NA,NA,FALSE
637,1,NA,NA,FALSE
638,0,NA,NA,FALSE
638,0.111111111111111,NA,NA,FALSE
638,0.222222222222222,NA,NA,FALSE
638,0.333333333333333,NA,NA,FALSE
638,0.444444444444444,NA,NA,FALSE
638,0.555555555555556,NA,NA,FALSE
638,0.666666666666667,NA,NA,FALSE
638,0.777777777777778,NA,NA,FALSE
638,0.888888888888889,NA,NA,FALSE
638,1,NA,NA,FALSE
639,0,NA,NA,FALSE
639,0.111111111111111,NA,NA,FALSE
639,0.222222222222222,NA,NA,FALSE
639,0.333333333333333,NA,NA,FALSE
639,0.444444444444444,NA,NA,FALSE
639,0.555555555555556,NA,NA,FALSE
639,0.666666666666667,NA,NA,FALSE
639,0.777777777777778,NA,NA,FALSE
639,0.888888888888889,NA,NA,FALSE
639,1,NA,NA,FALSE
640,0,NA,NA,FALSE
640,0.111111111111111,NA,NA,FALSE
640,0.222222222222222,NA,NA,FALSE
640,0.333333333333333,NA,NA,FALSE
640,0.444444444444444,NA,NA,FALSE
640,0.555555555555556,NA,NA,FALSE
640,0.666666666666667,NA,NA,FALSE
640,0.777777777777778,NA,NA,FALSE
640,0.888888888888889,NA,NA,FALSE
640,1,NA,NA,FALSE
641,0,NA,NA,FALSE
641,0.111111111111111,NA,NA,FALSE
641,0.222222222222222,NA,NA,FALSE
641,0.333333333333333,NA,NA,FALSE
641,0.444444444444444,NA,NA,FALSE
641,0.555555555555556,NA,NA,FALSE
641,0.666666666666667,NA,NA,FALSE
641,0.777777777777778,NA,NA,FALSE
641,0.888888888888889,NA,NA,FALSE
641,1,NA,NA,FALSE
642,0,NA,NA,FALSE
642,0.111111111111111,NA,NA,FALSE
642,0.222222222222222,NA,NA,TRUE
642,0.333333333333333,NA,NA,TRUE
642,0.444444444444444,NA,NA,TRUE
642,0.555555555555556,NA,NA,TRUE
642,0.666666666666667,NA,NA,TRUE
642,0.777777777777778,NA,NA,FALSE
642,0.888888888888889,NA,NA,TRUE
642,1,NA,NA,FALSE
643,0,NA,NA,FALSE
643,0.111111111111111,NA,NA,FALSE
643,0.222222222222222,NA,NA,FALSE
643,0.333333333333333,NA,NA,TRUE
643,0.444444444444444,NA,NA,TRUE
643,0.555555555555556,NA,NA,TRUE
643,0.666666666666667,NA,NA,FALSE
643,0.777777777777778,NA,NA,FALSE
643,0.888888888888889,NA,NA,FALSE
643,1,NA,NA,FALSE
644,0,NA,NA,FALSE
644,0.111111111111111,NA,NA,FALSE
644,0.222222222222222,NA,NA,TRUE
644,0.333333333333333,NA,NA,TRUE
644,0.444444444444444,NA,NA,TRUE
644,0.555555555555556,NA,NA,TRUE
644,0.666666666666667,NA,NA,FALSE
644,0.777777777777778,NA,NA,FALSE
644,0.888888888888889,NA,NA,FALSE
644,1,NA,NA,FALSE
645,0,NA,NA,FALSE
645,0.111111111111111,NA,NA,FALSE
645,0.222222222222222,NA,NA,FALSE
645,0.333333333333333,NA,NA,FALSE
645,0.444444444444444,NA,NA,FALSE
645,0.555555555555556,NA,NA,FALSE
645,0.666666666666667,NA,NA,FALSE
645,0.777777777777778,NA,NA,FALSE
645,0.888888888888889,NA,NA,FALSE
645,1,NA,NA,FALSE
646,0,NA,NA,FALSE
646,0.111111111111111,NA,NA,FALSE
646,0.222222222222222,NA,NA,FALSE
646,0.333333333333333,NA,NA,FALSE
646,0.444444444444444,NA,NA,FALSE
646,0.555555555555556,NA,NA,FALSE
646,0.666666666666667,NA,NA,FALSE
646,0.777777777777778,NA,NA,FALSE
646,0.888888888888889,NA,NA,FALSE
646,1,NA,NA,FALSE
647,0,NA,NA,FALSE
647,0.111111111111111,NA,NA,FALSE
647,0.222222222222222,NA,NA,FALSE
647,0.333333333333333,NA,NA,FALSE
647,0.444444444444444,NA,NA,TRUE
647,0.555555555555556,NA,NA,TRUE
647,0.666666666666667,NA,NA,TRUE
647,0.777777777777778,NA,NA,FALSE
647,0.888888888888889,NA,NA,FALSE
647,1,NA,NA,FALSE
648,0,NA,NA,FALSE
648,0.111111111111111,NA,NA,FALSE
648,0.222222222222222,NA,NA,FALSE
648,0.333333333333333,NA,NA,FALSE
648,0.444444444444444,NA,NA,FALSE
648,0.555555555555556,NA,NA,FALSE
648,0.666666666666667,NA,NA,FALSE
648,0.777777777777778,NA,NA,FALSE
648,0.888888888888889,NA,NA,FALSE
648,1,NA,NA,FALSE
649,0,NA,NA,FALSE
649,0.111111111111111,NA,NA,FALSE
649,0.222222222222222,NA,NA,FALSE
649,0.333333333333333,NA,NA,FALSE
649,0.444444444444444,NA,NA,FALSE
649,0.555555555555556,NA,NA,FALSE
649,0.666666666666667,NA,NA,FALSE
649,0.777777777777778,NA,NA,FALSE
649,0.888888888888889,NA,NA,FALSE
649,1,NA,NA,FALSE
650,0,NA,NA,FALSE
650,0.111111111111111,NA,NA,FALSE
650,0.222222222222222,NA,NA,FALSE
650,0.333333333333333,NA,NA,FALSE
650,0.444444444444444,NA,NA,FALSE
650,0.555555555555556,NA,NA,FALSE
650,0.666666666666667,NA,NA,FALSE
650,0.777777777777778,NA,NA,FALSE
650,0.888888888888889,NA,NA,FALSE
650,1,NA,NA,FALSE
651,0,NA,NA,FALSE
651,0.111111111111111,NA,NA,FALSE
651,0.222222222222222,NA,NA,FALSE
651,0.333333333333333,NA,NA,FALSE
651,0.444444444444444,NA,NA,FALSE
651,0.555555555555556,NA,NA,FALSE
651,0.666666666666667,NA,NA,FALSE
651,0.777777777777778,NA,NA,FALSE
651,0.888888888888889,NA,NA,FALSE
651,1,NA,NA,FALSE
652,0,NA,NA,FALSE
652,0.111111111111111,NA,NA,FALSE
652,0.222222222222222,NA,NA,FALSE
652,0.333333333333333,NA,NA,FALSE
652,0.444444444444444,NA,NA,FALSE
652,0.555555555555556,NA,NA,FALSE
652,0.666666666666667,NA,NA,FALSE
652,0.777777777777778,NA,NA,FALSE
652,0.888888888888889,NA,NA,FALSE
652,1,NA,NA,FALSE
653,0,NA,NA,FALSE
653,0.111111111111111,NA,NA,FALSE
653,0.222222222222222,NA,NA,FALSE
653,0.333333333333333,NA,NA,FALSE
653,0.444444444444444,NA,NA,TRUE
653,0.555555555555556,NA,NA,TRUE
653,0.666666666666667,NA,NA,FALSE
653,0.777777777777778,NA,NA,FALSE
653,0.888888888888889,NA,NA,FALSE
653,1,NA,NA,FALSE
654,0,NA,NA,FALSE
654,0.111111111111111,NA,NA,FALSE
654,0.222222222222222,NA,NA,FALSE
654,0.333333333333333,NA,NA,FALSE
654,0.444444444444444,NA,NA,FALSE
654,0.555555555555556,NA,NA,FALSE
654,0.666666666666667,NA,NA,FALSE
654,0.777777777777778,NA,NA,FALSE
654,0.888888888888889,NA,NA,FALSE
654,1,NA,NA,FALSE
655,0,NA,NA,FALSE
655,0.111111111111111,NA,NA,FALSE
655,0.222222222222222,NA,NA,FALSE
655,0.333333333333333,NA,NA,FALSE
655,0.444444444444444,NA,NA,FALSE
655,0.555555555555556,NA,NA,FALSE
655,0.666666666666667,NA,NA,FALSE
655,0.777777777777778,NA,NA,FALSE
655,0.888888888888889,NA,NA,FALSE
655,1,NA,NA,FALSE
656,0,NA,NA,FALSE
656,0.111111111111111,NA,NA,FALSE
656,0.222222222222222,NA,NA,FALSE
656,0.333333333333333,NA,NA,FALSE
656,0.444444444444444,NA,NA,FALSE
656,0.555555555555556,NA,NA,FALSE
656,0.666666666666667,NA,NA,FALSE
656,0.777777777777778,NA,NA,FALSE
656,0.888888888888889,NA,NA,FALSE
656,1,NA,NA,FALSE
657,0,NA,NA,FALSE
657,0.111111111111111,NA,NA,FALSE
657,0.222222222222222,NA,NA,FALSE
657,0.333333333333333,NA,NA,FALSE
657,0.444444444444444,NA,NA,FALSE
657,0.555555555555556,NA,NA,FALSE
657,0.666666666666667,NA,NA,FALSE
657,0.777777777777778,NA,NA,FALSE
657,0.888888888888889,NA,NA,FALSE
657,1,NA,NA,FALSE
658,0,NA,NA,FALSE
658,0.111111111111111,NA,NA,FALSE
658,0.222222222222222,NA,NA,FALSE
658,0.333333333333333,NA,NA,FALSE
658,0.444444444444444,NA,NA,TRUE
658,0.555555555555556,NA,NA,TRUE
658,0.666666666666667,NA,NA,TRUE
658,0.777777777777778,NA,NA,FALSE
658,0.888888888888889,NA,NA,FALSE
658,1,NA,NA,FALSE
659,0,NA,NA,FALSE
659,0.111111111111111,NA,NA,FALSE
659,0.222222222222222,NA,NA,FALSE
659,0.333333333333333,NA,NA,FALSE
659,0.444444444444444,NA,NA,FALSE
659,0.555555555555556,NA,NA,FALSE
659,0.666666666666667,NA,NA,FALSE
659,0.777777777777778,NA,NA,FALSE
659,0.888888888888889,NA,NA,FALSE
659,1,NA,NA,FALSE
660,0,NA,NA,FALSE
660,0.111111111111111,NA,NA,FALSE
660,0.222222222222222,NA,NA,FALSE
660,0.333333333333333,NA,NA,FALSE
660,0.444444444444444,NA,NA,FALSE
660,0.555555555555556,NA,NA,FALSE
660,0.666666666666667,NA,NA,FALSE
660,0.777777777777778,NA,NA,FALSE
660,0.888888888888889,NA,NA,FALSE
660,1,NA,NA,FALSE
661,0,NA,NA,FALSE
661,0.111111111111111,NA,NA,FALSE
661,0.222222222222222,NA,NA,FALSE
661,0.333333333333333,NA,NA,TRUE
661,0.444444444444444,NA,NA,TRUE
661,0.555555555555556,NA,NA,FALSE
661,0.666666666666667,NA,NA,FALSE
661,0.777777777777778,NA,NA,FALSE
661,0.888888888888889,NA,NA,FALSE
661,1,NA,NA,FALSE
662,0,NA,NA,FALSE
662,0.111111111111111,NA,NA,FALSE
662,0.222222222222222,NA,NA,FALSE
662,0.333333333333333,NA,NA,FALSE
662,0.444444444444444,NA,NA,FALSE
662,0.555555555555556,NA,NA,FALSE
662,0.666666666666667,NA,NA,FALSE
662,0.777777777777778,NA,NA,FALSE
662,0.888888888888889,NA,NA,FALSE
662,1,NA,NA,FALSE
663,0,NA,NA,FALSE
663,0.111111111111111,NA,NA,FALSE
663,0.222222222222222,NA,NA,FALSE
663,0.333333333333333,NA,NA,FALSE
663,0.444444444444444,NA,NA,FALSE
663,0.555555555555556,NA,NA,FALSE
663,0.666666666666667,NA,NA,FALSE
663,0.777777777777778,NA,NA,FALSE
663,0.888888888888889,NA,NA,FALSE
663,1,NA,NA,FALSE
664,0,NA,NA,FALSE
664,0.111111111111111,NA,NA,FALSE
664,0.222222222222222,NA,NA,FALSE
664,0.333333333333333,NA,NA,FALSE
664,0.444444444444444,NA,NA,FALSE
664,0.555555555555556,NA,NA,FALSE
664,0.666666666666667,NA,NA,FALSE
664,0.777777777777778,NA,NA,FALSE
664,0.888888888888889,NA,NA,FALSE
664,1,NA,NA,FALSE
665,0,NA,NA,FALSE
665,0.111111111111111,NA,NA,FALSE
665,0.222222222222222,NA,NA,FALSE
665,0.333333333333333,NA,NA,FALSE
665,0.444444444444444,NA,NA,FALSE
665,0.555555555555556,NA,NA,FALSE
665,0.666666666666667,NA,NA,FALSE
665,0.777777777777778,NA,NA,FALSE
665,0.888888888888889,NA,NA,FALSE
665,1,NA,NA,FALSE
666,0,NA,NA,FALSE
666,0.111111111111111,NA,NA,FALSE
666,0.222222222222222,NA,NA,FALSE
666,0.333333333333333,NA,NA,FALSE
666,0.444444444444444,NA,NA,FALSE
666,0.555555555555556,NA,NA,FALSE
666,0.666666666666667,NA,NA,FALSE
666,0.777777777777778,NA,NA,FALSE
666,0.888888888888889,NA,NA,FALSE
666,1,NA,NA,FALSE
667,0,NA,NA,FALSE
667,0.111111111111111,NA,NA,FALSE
667,0.222222222222222,NA,NA,FALSE
667,0.333333333333333,NA,NA,FALSE
667,0.444444444444444,NA,NA,FALSE
667,0.555555555555556,NA,NA,FALSE
667,0.666666666666667,NA,NA,FALSE
667,0.777777777777778,NA,NA,FALSE
667,0.888888888888889,NA,NA,FALSE
667,1,NA,NA,FALSE
668,0,NA,NA,FALSE
668,0.111111111111111,NA,NA,FALSE
668,0.222222222222222,NA,NA,FALSE
668,0.333333333333333,NA,NA,FALSE
668,0.444444444444444,NA,NA,FALSE
668,0.555555555555556,NA,NA,FALSE
668,0.666666666666667,NA,NA,FALSE
668,0.777777777777778,NA,NA,FALSE
668,0.888888888888889,NA,NA,FALSE
668,1,NA,NA,FALSE
669,0,NA,NA,FALSE
669,0.111111111111111,NA,NA,FALSE
669,0.222222222222222,NA,NA,FALSE
669,0.333333333333333,NA,NA,FALSE
669,0.444444444444444,NA,NA,FALSE
669,0.555555555555556,NA,NA,FALSE
669,0.666666666666667,NA,NA,FALSE
669,0.777777777777778,NA,NA,FALSE
669,0.888888888888889,NA,NA,FALSE
669,1,NA,NA,FALSE
670,0,NA,NA,FALSE
670,0.111111111111111,NA,NA,FALSE
670,0.222222222222222,NA,NA,FALSE
670,0.333333333333333,NA,NA,FALSE
670,0.444444444444444,NA,NA,TRUE
670,0.555555555555556,NA,NA,FALSE
670,0.666666666666667,NA,NA,FALSE
670,0.777777777777778,NA,NA,FALSE
670,0.888888888888889,NA,NA,FALSE
670,1,NA,NA,FALSE
671,0,NA,NA,FALSE
671,0.111111111111111,NA,NA,FALSE
671,0.222222222222222,NA,NA,FALSE
671,0.333333333333333,NA,NA,FALSE
671,0.444444444444444,NA,NA,FALSE
671,0.555555555555556,NA,NA,FALSE
671,0.666666666666667,NA,NA,FALSE
671,0.777777777777778,NA,NA,FALSE
671,0.888888888888889,NA,NA,FALSE
671,1,NA,NA,FALSE
672,0,NA,NA,FALSE
672,0.111111111111111,NA,NA,FALSE
672,0.222222222222222,NA,NA,FALSE
672,0.333333333333333,NA,NA,TRUE
672,0.444444444444444,NA,NA,TRUE
672,0.555555555555556,NA,NA,TRUE
672,0.666666666666667,NA,NA,TRUE
672,0.777777777777778,NA,NA,TRUE
672,0.888888888888889,NA,NA,TRUE
672,1,NA,NA,FALSE
673,0,NA,NA,FALSE
673,0.111111111111111,NA,NA,FALSE
673,0.222222222222222,NA,NA,FALSE
673,0.333333333333333,NA,NA,FALSE
673,0.444444444444444,NA,NA,FALSE
673,0.555555555555556,NA,NA,FALSE
673,0.666666666666667,NA,NA,FALSE
673,0.777777777777778,NA,NA,FALSE
673,0.888888888888889,NA,NA,FALSE
673,1,NA,NA,FALSE
674,0,NA,NA,FALSE
674,0.111111111111111,NA,NA,FALSE
674,0.222222222222222,NA,NA,FALSE
674,0.333333333333333,NA,NA,FALSE
674,0.444444444444444,NA,NA,FALSE
674,0.555555555555556,NA,NA,FALSE
674,0.666666666666667,NA,NA,FALSE
674,0.777777777777778,NA,NA,FALSE
674,0.888888888888889,NA,NA,FALSE
674,1,NA,NA,FALSE
675,0,NA,NA,FALSE
675,0.111111111111111,NA,NA,FALSE
675,0.222222222222222,NA,NA,FALSE
675,0.333333333333333,NA,NA,FALSE
675,0.444444444444444,NA,NA,FALSE
675,0.555555555555556,NA,NA,FALSE
675,0.666666666666667,NA,NA,FALSE
675,0.777777777777778,NA,NA,FALSE
675,0.888888888888889,NA,NA,FALSE
675,1,NA,NA,FALSE
676,0,NA,NA,FALSE
676,0.111111111111111,NA,NA,FALSE
676,0.222222222222222,NA,NA,FALSE
676,0.333333333333333,NA,NA,FALSE
676,0.444444444444444,NA,NA,FALSE
676,0.555555555555556,NA,NA,FALSE
676,0.666666666666667,NA,NA,FALSE
676,0.777777777777778,NA,NA,FALSE
676,0.888888888888889,NA,NA,FALSE
676,1,NA,NA,FALSE
677,0,NA,NA,FALSE
677,0.111111111111111,NA,NA,FALSE
677,0.222222222222222,NA,NA,FALSE
677,0.333333333333333,NA,NA,FALSE
677,0.444444444444444,NA,NA,FALSE
677,0.555555555555556,NA,NA,FALSE
677,0.666666666666667,NA,NA,FALSE
677,0.777777777777778,NA,NA,FALSE
677,0.888888888888889,NA,NA,FALSE
677,1,NA,NA,FALSE
678,0,NA,NA,FALSE
678,0.111111111111111,NA,NA,FALSE
678,0.222222222222222,NA,NA,FALSE
678,0.333333333333333,NA,NA,FALSE
678,0.444444444444444,NA,NA,FALSE
678,0.555555555555556,NA,NA,FALSE
678,0.666666666666667,NA,NA,FALSE
678,0.777777777777778,NA,NA,FALSE
678,0.888888888888889,NA,NA,FALSE
678,1,NA,NA,FALSE
679,0,NA,NA,FALSE
679,0.111111111111111,NA,NA,FALSE
679,0.222222222222222,NA,NA,FALSE
679,0.333333333333333,NA,NA,FALSE
679,0.444444444444444,NA,NA,FALSE
679,0.555555555555556,NA,NA,TRUE
679,0.666666666666667,NA,NA,FALSE
679,0.777777777777778,NA,NA,FALSE
679,0.888888888888889,NA,NA,FALSE
679,1,NA,NA,FALSE
680,0,NA,NA,FALSE
680,0.111111111111111,NA,NA,FALSE
680,0.222222222222222,NA,NA,FALSE
680,0.333333333333333,NA,NA,FALSE
680,0.444444444444444,NA,NA,FALSE
680,0.555555555555556,NA,NA,FALSE
680,0.666666666666667,NA,NA,FALSE
680,0.777777777777778,NA,NA,FALSE
680,0.888888888888889,NA,NA,FALSE
680,1,NA,NA,FALSE
681,0,NA,NA,FALSE
681,0.111111111111111,NA,NA,FALSE
681,0.222222222222222,NA,NA,FALSE
681,0.333333333333333,NA,NA,FALSE
681,0.444444444444444,NA,NA,FALSE
681,0.555555555555556,NA,NA,FALSE
681,0.666666666666667,NA,NA,FALSE
681,0.777777777777778,NA,NA,FALSE
681,0.888888888888889,NA,NA,FALSE
681,1,NA,NA,FALSE
682,0,NA,NA,FALSE
682,0.111111111111111,NA,NA,FALSE
682,0.222222222222222,NA,NA,FALSE
682,0.333333333333333,NA,NA,FALSE
682,0.444444444444444,NA,NA,FALSE
682,0.555555555555556,NA,NA,FALSE
682,0.666666666666667,NA,NA,FALSE
682,0.777777777777778,NA,NA,FALSE
682,0.888888888888889,NA,NA,FALSE
682,1,NA,NA,FALSE
683,0,NA,NA,FALSE
683,0.111111111111111,NA,NA,FALSE
683,0.222222222222222,NA,NA,FALSE
683,0.333333333333333,NA,NA,FALSE
683,0.444444444444444,NA,NA,FALSE
683,0.555555555555556,NA,NA,FALSE
683,0.666666666666667,NA,NA,FALSE
683,0.777777777777778,NA,NA,FALSE
683,0.888888888888889,NA,NA,FALSE
683,1,NA,NA,FALSE
684,0,NA,NA,FALSE
684,0.111111111111111,NA,NA,FALSE
684,0.222222222222222,NA,NA,FALSE
684,0.333333333333333,NA,NA,FALSE
684,0.444444444444444,NA,NA,FALSE
684,0.555555555555556,NA,NA,FALSE
684,0.666666666666667,NA,NA,FALSE
684,0.777777777777778,NA,NA,FALSE
684,0.888888888888889,NA,NA,FALSE
684,1,NA,NA,FALSE
685,0,NA,NA,FALSE
685,0.111111111111111,NA,NA,FALSE
685,0.222222222222222,NA,NA,FALSE
685,0.333333333333333,NA,NA,FALSE
685,0.444444444444444,NA,NA,FALSE
685,0.555555555555556,NA,NA,FALSE
685,0.666666666666667,NA,NA,FALSE
685,0.777777777777778,NA,NA,FALSE
685,0.888888888888889,NA,NA,FALSE
685,1,NA,NA,FALSE
686,0,NA,NA,FALSE
686,0.111111111111111,NA,NA,FALSE
686,0.222222222222222,NA,NA,FALSE
686,0.333333333333333,NA,NA,FALSE
686,0.444444444444444,NA,NA,FALSE
686,0.555555555555556,NA,NA,FALSE
686,0.666666666666667,NA,NA,FALSE
686,0.777777777777778,NA,NA,FALSE
686,0.888888888888889,NA,NA,FALSE
686,1,NA,NA,TRUE
687,0,NA,NA,FALSE
687,0.111111111111111,NA,NA,FALSE
687,0.222222222222222,NA,NA,FALSE
687,0.333333333333333,NA,NA,FALSE
687,0.444444444444444,NA,NA,FALSE
687,0.555555555555556,NA,NA,FALSE
687,0.666666666666667,NA,NA,FALSE
687,0.777777777777778,NA,NA,FALSE
687,0.888888888888889,NA,NA,FALSE
687,1,NA,NA,FALSE
688,0,NA,NA,FALSE
688,0.111111111111111,NA,NA,FALSE
688,0.222222222222222,NA,NA,FALSE
688,0.333333333333333,NA,NA,FALSE
688,0.444444444444444,NA,NA,FALSE
688,0.555555555555556,NA,NA,FALSE
688,0.666666666666667,NA,NA,FALSE
688,0.777777777777778,NA,NA,FALSE
688,0.888888888888889,NA,NA,FALSE
688,1,NA,NA,FALSE
689,0,NA,NA,FALSE
689,0.111111111111111,NA,NA,FALSE
689,0.222222222222222,NA,NA,FALSE
689,0.333333333333333,NA,NA,FALSE
689,0.444444444444444,NA,NA,FALSE
689,0.555555555555556,NA,NA,FALSE
689,0.666666666666667,NA,NA,FALSE
689,0.777777777777778,NA,NA,FALSE
689,0.888888888888889,NA,NA,FALSE
689,1,NA,NA,FALSE
690,0,NA,NA,FALSE
690,0.111111111111111,NA,NA,FALSE
690,0.222222222222222,NA,NA,FALSE
690,0.333333333333333,NA,NA,FALSE
690,0.444444444444444,NA,NA,FALSE
690,0.555555555555556,NA,NA,FALSE
690,0.666666666666667,NA,NA,FALSE
690,0.777777777777778,NA,NA,FALSE
690,0.888888888888889,NA,NA,FALSE
690,1,NA,NA,FALSE
691,0,NA,NA,FALSE
691,0.111111111111111,NA,NA,FALSE
691,0.222222222222222,NA,NA,FALSE
691,0.333333333333333,NA,NA,FALSE
691,0.444444444444444,NA,NA,FALSE
691,0.555555555555556,NA,NA,FALSE
691,0.666666666666667,NA,NA,FALSE
691,0.777777777777778,NA,NA,FALSE
691,0.888888888888889,NA,NA,FALSE
691,1,NA,NA,FALSE
692,0,NA,NA,FALSE
692,0.111111111111111,NA,NA,FALSE
692,0.222222222222222,NA,NA,FALSE
692,0.333333333333333,NA,NA,FALSE
692,0.444444444444444,NA,NA,FALSE
692,0.555555555555556,NA,NA,FALSE
692,0.666666666666667,NA,NA,FALSE
692,0.777777777777778,NA,NA,FALSE
692,0.888888888888889,NA,NA,FALSE
692,1,NA,NA,FALSE
693,0,NA,NA,FALSE
693,0.111111111111111,NA,NA,FALSE
693,0.222222222222222,NA,NA,FALSE
693,0.333333333333333,NA,NA,FALSE
693,0.444444444444444,NA,NA,FALSE
693,0.555555555555556,NA,NA,FALSE
693,0.666666666666667,NA,NA,FALSE
693,0.777777777777778,NA,NA,FALSE
693,0.888888888888889,NA,NA,FALSE
693,1,NA,NA,FALSE
694,0,NA,NA,FALSE
694,0.111111111111111,NA,NA,FALSE
694,0.222222222222222,NA,NA,FALSE
694,0.333333333333333,NA,NA,FALSE
694,0.444444444444444,NA,NA,FALSE
694,0.555555555555556,NA,NA,FALSE
694,0.666666666666667,NA,NA,FALSE
694,0.777777777777778,NA,NA,FALSE
694,0.888888888888889,NA,NA,FALSE
694,1,NA,NA,FALSE
695,0,NA,NA,FALSE
695,0.111111111111111,NA,NA,FALSE
695,0.222222222222222,NA,NA,FALSE
695,0.333333333333333,NA,NA,FALSE
695,0.444444444444444,NA,NA,FALSE
695,0.555555555555556,NA,NA,FALSE
695,0.666666666666667,NA,NA,FALSE
695,0.777777777777778,NA,NA,FALSE
695,0.888888888888889,NA,NA,FALSE
695,1,NA,NA,FALSE
696,0,NA,NA,FALSE
696,0.111111111111111,NA,NA,FALSE
696,0.222222222222222,NA,NA,FALSE
696,0.333333333333333,NA,NA,FALSE
696,0.444444444444444,NA,NA,FALSE
696,0.555555555555556,NA,NA,FALSE
696,0.666666666666667,NA,NA,FALSE
696,0.777777777777778,NA,NA,FALSE
696,0.888888888888889,NA,NA,FALSE
696,1,NA,NA,FALSE
697,0,NA,NA,FALSE
697,0.111111111111111,NA,NA,FALSE
697,0.222222222222222,NA,NA,FALSE
697,0.333333333333333,NA,NA,FALSE
697,0.444444444444444,NA,NA,FALSE
697,0.555555555555556,NA,NA,FALSE
697,0.666666666666667,NA,NA,FALSE
697,0.777777777777778,NA,NA,FALSE
697,0.888888888888889,NA,NA,FALSE
697,1,NA,NA,FALSE
698,0,NA,NA,FALSE
698,0.111111111111111,NA,NA,FALSE
698,0.222222222222222,NA,NA,FALSE
698,0.333333333333333,NA,NA,FALSE
698,0.444444444444444,NA,NA,FALSE
698,0.555555555555556,NA,NA,FALSE
698,0.666666666666667,NA,NA,FALSE
698,0.777777777777778,NA,NA,FALSE
698,0.888888888888889,NA,NA,FALSE
698,1,NA,NA,FALSE
699,0,NA,NA,FALSE
699,0.111111111111111,NA,NA,FALSE
699,0.222222222222222,NA,NA,FALSE
699,0.333333333333333,NA,NA,FALSE
699,0.444444444444444,NA,NA,FALSE
699,0.555555555555556,NA,NA,FALSE
699,0.666666666666667,NA,NA,FALSE
699,0.777777777777778,NA,NA,FALSE
699,0.888888888888889,NA,NA,FALSE
699,1,NA,NA,FALSE
700,0,NA,NA,FALSE
700,0.111111111111111,NA,NA,FALSE
700,0.222222222222222,NA,NA,FALSE
700,0.333333333333333,NA,NA,FALSE
700,0.444444444444444,NA,NA,FALSE
700,0.555555555555556,NA,NA,FALSE
700,0.666666666666667,NA,NA,FALSE
700,0.777777777777778,NA,NA,FALSE
700,0.888888888888889,NA,NA,FALSE
700,1,NA,NA,FALSE
701,0,NA,NA,FALSE
701,0.111111111111111,NA,NA,FALSE
701,0.222222222222222,NA,NA,FALSE
701,0.333333333333333,NA,NA,FALSE
701,0.444444444444444,NA,NA,FALSE
701,0.555555555555556,NA,NA,FALSE
701,0.666666666666667,NA,NA,FALSE
701,0.777777777777778,NA,NA,FALSE
701,0.888888888888889,NA,NA,FALSE
701,1,NA,NA,FALSE
702,0,NA,NA,FALSE
702,0.111111111111111,NA,NA,FALSE
702,0.222222222222222,NA,NA,FALSE
702,0.333333333333333,NA,NA,FALSE
702,0.444444444444444,NA,NA,FALSE
702,0.555555555555556,NA,NA,FALSE
702,0.666666666666667,NA,NA,FALSE
702,0.777777777777778,NA,NA,FALSE
702,0.888888888888889,NA,NA,FALSE
702,1,NA,NA,FALSE
703,0,NA,NA,FALSE
703,0.111111111111111,NA,NA,FALSE
703,0.222222222222222,NA,NA,FALSE
703,0.333333333333333,NA,NA,FALSE
703,0.444444444444444,NA,NA,TRUE
703,0.555555555555556,NA,NA,TRUE
703,0.666666666666667,NA,NA,FALSE
703,0.777777777777778,NA,NA,FALSE
703,0.888888888888889,NA,NA,FALSE
703,1,NA,NA,FALSE
704,0,NA,NA,FALSE
704,0.111111111111111,NA,NA,FALSE
704,0.222222222222222,NA,NA,FALSE
704,0.333333333333333,NA,NA,FALSE
704,0.444444444444444,NA,NA,FALSE
704,0.555555555555556,NA,NA,FALSE
704,0.666666666666667,NA,NA,FALSE
704,0.777777777777778,NA,NA,FALSE
704,0.888888888888889,NA,NA,FALSE
704,1,NA,NA,FALSE
705,0,NA,NA,FALSE
705,0.111111111111111,NA,NA,FALSE
705,0.222222222222222,NA,NA,FALSE
705,0.333333333333333,NA,NA,TRUE
705,0.444444444444444,NA,NA,TRUE
705,0.555555555555556,NA,NA,TRUE
705,0.666666666666667,NA,NA,TRUE
705,0.777777777777778,NA,NA,FALSE
705,0.888888888888889,NA,NA,FALSE
705,1,NA,NA,FALSE
706,0,NA,NA,FALSE
706,0.111111111111111,NA,NA,FALSE
706,0.222222222222222,NA,NA,FALSE
706,0.333333333333333,NA,NA,FALSE
706,0.444444444444444,NA,NA,FALSE
706,0.555555555555556,NA,NA,FALSE
706,0.666666666666667,NA,NA,FALSE
706,0.777777777777778,NA,NA,FALSE
706,0.888888888888889,NA,NA,FALSE
706,1,NA,NA,FALSE
707,0,NA,NA,FALSE
707,0.111111111111111,NA,NA,FALSE
707,0.222222222222222,NA,NA,FALSE
707,0.333333333333333,NA,NA,FALSE
707,0.444444444444444,NA,NA,FALSE
707,0.555555555555556,NA,NA,FALSE
707,0.666666666666667,NA,NA,FALSE
707,0.777777777777778,NA,NA,FALSE
707,0.888888888888889,NA,NA,FALSE
707,1,NA,NA,FALSE
708,0,NA,NA,FALSE
708,0.111111111111111,NA,NA,FALSE
708,0.222222222222222,NA,NA,FALSE
708,0.333333333333333,NA,NA,FALSE
708,0.444444444444444,NA,NA,FALSE
708,0.555555555555556,NA,NA,FALSE
708,0.666666666666667,NA,NA,FALSE
708,0.777777777777778,NA,NA,FALSE
708,0.888888888888889,NA,NA,FALSE
708,1,NA,NA,FALSE
709,0,NA,NA,FALSE
709,0.111111111111111,NA,NA,FALSE
709,0.222222222222222,NA,NA,FALSE
709,0.333333333333333,NA,NA,FALSE
709,0.444444444444444,NA,NA,FALSE
709,0.555555555555556,NA,NA,FALSE
709,0.666666666666667,NA,NA,FALSE
709,0.777777777777778,NA,NA,FALSE
709,0.888888888888889,NA,NA,FALSE
709,1,NA,NA,FALSE
710,0,NA,NA,FALSE
710,0.111111111111111,NA,NA,FALSE
710,0.222222222222222,NA,NA,FALSE
710,0.333333333333333,NA,NA,FALSE
710,0.444444444444444,NA,NA,FALSE
710,0.555555555555556,NA,NA,FALSE
710,0.666666666666667,NA,NA,FALSE
710,0.777777777777778,NA,NA,FALSE
710,0.888888888888889,NA,NA,FALSE
710,1,NA,NA,FALSE
711,0,NA,NA,FALSE
711,0.111111111111111,NA,NA,FALSE
711,0.222222222222222,NA,NA,FALSE
711,0.333333333333333,NA,NA,FALSE
711,0.444444444444444,NA,NA,FALSE
711,0.555555555555556,NA,NA,FALSE
711,0.666666666666667,NA,NA,FALSE
711,0.777777777777778,NA,NA,FALSE
711,0.888888888888889,NA,NA,FALSE
711,1,NA,NA,FALSE
712,0,NA,NA,FALSE
712,0.111111111111111,NA,NA,FALSE
712,0.222222222222222,NA,NA,TRUE
712,0.333333333333333,NA,NA,TRUE
712,0.444444444444444,NA,NA,TRUE
712,0.555555555555556,NA,NA,TRUE
712,0.666666666666667,NA,NA,FALSE
712,0.777777777777778,NA,NA,FALSE
712,0.888888888888889,NA,NA,FALSE
712,1,NA,NA,FALSE
713,0,NA,NA,FALSE
713,0.111111111111111,NA,NA,FALSE
713,0.222222222222222,NA,NA,FALSE
713,0.333333333333333,NA,NA,FALSE
713,0.444444444444444,NA,NA,FALSE
713,0.555555555555556,NA,NA,FALSE
713,0.666666666666667,NA,NA,FALSE
713,0.777777777777778,NA,NA,FALSE
713,0.888888888888889,NA,NA,FALSE
713,1,NA,NA,FALSE
714,0,NA,NA,FALSE
714,0.111111111111111,NA,NA,FALSE
714,0.222222222222222,NA,NA,FALSE
714,0.333333333333333,NA,NA,FALSE
714,0.444444444444444,NA,NA,FALSE
714,0.555555555555556,NA,NA,FALSE
714,0.666666666666667,NA,NA,FALSE
714,0.777777777777778,NA,NA,FALSE
714,0.888888888888889,NA,NA,FALSE
714,1,NA,NA,FALSE
715,0,NA,NA,FALSE
715,0.111111111111111,NA,NA,FALSE
715,0.222222222222222,NA,NA,FALSE
715,0.333333333333333,NA,NA,FALSE
715,0.444444444444444,NA,NA,TRUE
715,0.555555555555556,NA,NA,TRUE
715,0.666666666666667,NA,NA,FALSE
715,0.777777777777778,NA,NA,FALSE
715,0.888888888888889,NA,NA,FALSE
715,1,NA,NA,FALSE
716,0,NA,NA,FALSE
716,0.111111111111111,NA,NA,FALSE
716,0.222222222222222,NA,NA,FALSE
716,0.333333333333333,NA,NA,FALSE
716,0.444444444444444,NA,NA,FALSE
716,0.555555555555556,NA,NA,TRUE
716,0.666666666666667,NA,NA,FALSE
716,0.777777777777778,NA,NA,FALSE
716,0.888888888888889,NA,NA,FALSE
716,1,NA,NA,FALSE
717,0,NA,NA,FALSE
717,0.111111111111111,NA,NA,FALSE
717,0.222222222222222,NA,NA,FALSE
717,0.333333333333333,NA,NA,FALSE
717,0.444444444444444,NA,NA,FALSE
717,0.555555555555556,NA,NA,FALSE
717,0.666666666666667,NA,NA,FALSE
717,0.777777777777778,NA,NA,FALSE
717,0.888888888888889,NA,NA,FALSE
717,1,NA,NA,FALSE
718,0,NA,NA,FALSE
718,0.111111111111111,NA,NA,FALSE
718,0.222222222222222,NA,NA,FALSE
718,0.333333333333333,NA,NA,FALSE
718,0.444444444444444,NA,NA,FALSE
718,0.555555555555556,NA,NA,FALSE
718,0.666666666666667,NA,NA,FALSE
718,0.777777777777778,NA,NA,FALSE
718,0.888888888888889,NA,NA,FALSE
718,1,NA,NA,FALSE
719,0,NA,NA,FALSE
719,0.111111111111111,NA,NA,FALSE
719,0.222222222222222,NA,NA,FALSE
719,0.333333333333333,NA,NA,TRUE
719,0.444444444444444,NA,NA,TRUE
719,0.555555555555556,NA,NA,FALSE
719,0.666666666666667,NA,NA,FALSE
719,0.777777777777778,NA,NA,FALSE
719,0.888888888888889,NA,NA,FALSE
719,1,NA,NA,FALSE
720,0,NA,NA,FALSE
720,0.111111111111111,NA,NA,FALSE
720,0.222222222222222,NA,NA,FALSE
720,0.333333333333333,NA,NA,FALSE
720,0.444444444444444,NA,NA,FALSE
720,0.555555555555556,NA,NA,TRUE
720,0.666666666666667,NA,NA,FALSE
720,0.777777777777778,NA,NA,FALSE
720,0.888888888888889,NA,NA,FALSE
720,1,NA,NA,FALSE
721,0,NA,NA,FALSE
721,0.111111111111111,NA,NA,FALSE
721,0.222222222222222,NA,NA,FALSE
721,0.333333333333333,NA,NA,FALSE
721,0.444444444444444,NA,NA,FALSE
721,0.555555555555556,NA,NA,FALSE
721,0.666666666666667,NA,NA,FALSE
721,0.777777777777778,NA,NA,FALSE
721,0.888888888888889,NA,NA,FALSE
721,1,NA,NA,FALSE
722,0,NA,NA,FALSE
722,0.111111111111111,NA,NA,FALSE
722,0.222222222222222,NA,NA,FALSE
722,0.333333333333333,NA,NA,FALSE
722,0.444444444444444,NA,NA,FALSE
722,0.555555555555556,NA,NA,FALSE
722,0.666666666666667,NA,NA,FALSE
722,0.777777777777778,NA,NA,FALSE
722,0.888888888888889,NA,NA,FALSE
722,1,NA,NA,FALSE
723,0,NA,NA,FALSE
723,0.111111111111111,NA,NA,FALSE
723,0.222222222222222,NA,NA,FALSE
723,0.333333333333333,NA,NA,FALSE
723,0.444444444444444,NA,NA,FALSE
723,0.555555555555556,NA,NA,FALSE
723,0.666666666666667,NA,NA,FALSE
723,0.777777777777778,NA,NA,FALSE
723,0.888888888888889,NA,NA,FALSE
723,1,NA,NA,FALSE
724,0,NA,NA,FALSE
724,0.111111111111111,NA,NA,FALSE
724,0.222222222222222,NA,NA,FALSE
724,0.333333333333333,NA,NA,FALSE
724,0.444444444444444,NA,NA,FALSE
724,0.555555555555556,NA,NA,FALSE
724,0.666666666666667,NA,NA,FALSE
724,0.777777777777778,NA,NA,FALSE
724,0.888888888888889,NA,NA,FALSE
724,1,NA,NA,FALSE
725,0,NA,NA,FALSE
725,0.111111111111111,NA,NA,FALSE
725,0.222222222222222,NA,NA,FALSE
725,0.333333333333333,NA,NA,FALSE
725,0.444444444444444,NA,NA,FALSE
725,0.555555555555556,NA,NA,FALSE
725,0.666666666666667,NA,NA,FALSE
725,0.777777777777778,NA,NA,FALSE
725,0.888888888888889,NA,NA,FALSE
725,1,NA,NA,FALSE
726,0,NA,NA,FALSE
726,0.111111111111111,NA,NA,FALSE
726,0.222222222222222,NA,NA,FALSE
726,0.333333333333333,NA,NA,FALSE
726,0.444444444444444,NA,NA,FALSE
726,0.555555555555556,NA,NA,FALSE
726,0.666666666666667,NA,NA,FALSE
726,0.777777777777778,NA,NA,FALSE
726,0.888888888888889,NA,NA,FALSE
726,1,NA,NA,FALSE
727,0,NA,NA,FALSE
727,0.111111111111111,NA,NA,TRUE
727,0.222222222222222,NA,NA,TRUE
727,0.333333333333333,NA,NA,TRUE
727,0.444444444444444,NA,NA,TRUE
727,0.555555555555556,NA,NA,TRUE
727,0.666666666666667,NA,NA,TRUE
727,0.777777777777778,NA,NA,TRUE
727,0.888888888888889,NA,NA,TRUE
727,1,NA,NA,TRUE
728,0,NA,NA,FALSE
728,0.111111111111111,NA,NA,FALSE
728,0.222222222222222,NA,NA,FALSE
728,0.333333333333333,NA,NA,FALSE
728,0.444444444444444,NA,NA,FALSE
728,0.555555555555556,NA,NA,FALSE
728,0.666666666666667,NA,NA,FALSE
728,0.777777777777778,NA,NA,FALSE
728,0.888888888888889,NA,NA,FALSE
728,1,NA,NA,FALSE
729,0,NA,NA,FALSE
729,0.111111111111111,NA,NA,FALSE
729,0.222222222222222,NA,NA,FALSE
729,0.333333333333333,NA,NA,FALSE
729,0.444444444444444,NA,NA,TRUE
729,0.555555555555556,NA,NA,TRUE
729,0.666666666666667,NA,NA,FALSE
729,0.777777777777778,NA,NA,FALSE
729,0.888888888888889,NA,NA,FALSE
729,1,NA,NA,FALSE
730,0,NA,NA,FALSE
730,0.111111111111111,NA,NA,FALSE
730,0.222222222222222,NA,NA,FALSE
730,0.333333333333333,NA,NA,FALSE
730,0.444444444444444,NA,NA,FALSE
730,0.555555555555556,NA,NA,FALSE
730,0.666666666666667,NA,NA,FALSE
730,0.777777777777778,NA,NA,FALSE
730,0.888888888888889,NA,NA,FALSE
730,1,NA,NA,FALSE
731,0,NA,NA,FALSE
731,0.111111111111111,NA,NA,FALSE
731,0.222222222222222,NA,NA,FALSE
731,0.333333333333333,NA,NA,FALSE
731,0.444444444444444,NA,NA,FALSE
731,0.555555555555556,NA,NA,FALSE
731,0.666666666666667,NA,NA,FALSE
731,0.777777777777778,NA,NA,FALSE
731,0.888888888888889,NA,NA,FALSE
731,1,NA,NA,FALSE
732,0,NA,NA,FALSE
732,0.111111111111111,NA,NA,FALSE
732,0.222222222222222,NA,NA,FALSE
732,0.333333333333333,NA,NA,FALSE
732,0.444444444444444,NA,NA,FALSE
732,0.555555555555556,NA,NA,FALSE
732,0.666666666666667,NA,NA,FALSE
732,0.777777777777778,NA,NA,FALSE
732,0.888888888888889,NA,NA,FALSE
732,1,NA,NA,FALSE
733,0,NA,NA,FALSE
733,0.111111111111111,NA,NA,FALSE
733,0.222222222222222,NA,NA,FALSE
733,0.333333333333333,NA,NA,FALSE
733,0.444444444444444,NA,NA,TRUE
733,0.555555555555556,NA,NA,TRUE
733,0.666666666666667,NA,NA,TRUE
733,0.777777777777778,NA,NA,TRUE
733,0.888888888888889,NA,NA,TRUE
733,1,NA,NA,TRUE
734,0,NA,NA,FALSE
734,0.111111111111111,NA,NA,FALSE
734,0.222222222222222,NA,NA,FALSE
734,0.333333333333333,NA,NA,FALSE
734,0.444444444444444,NA,NA,TRUE
734,0.555555555555556,NA,NA,TRUE
734,0.666666666666667,NA,NA,FALSE
734,0.777777777777778,NA,NA,FALSE
734,0.888888888888889,NA,NA,FALSE
734,1,NA,NA,FALSE
735,0,NA,NA,FALSE
735,0.111111111111111,NA,NA,FALSE
735,0.222222222222222,NA,NA,FALSE
735,0.333333333333333,NA,NA,FALSE
735,0.444444444444444,NA,NA,FALSE
735,0.555555555555556,NA,NA,FALSE
735,0.666666666666667,NA,NA,FALSE
735,0.777777777777778,NA,NA,FALSE
735,0.888888888888889,NA,NA,FALSE
735,1,NA,NA,FALSE
736,0,NA,NA,FALSE
736,0.111111111111111,NA,NA,FALSE
736,0.222222222222222,NA,NA,FALSE
736,0.333333333333333,NA,NA,TRUE
736,0.444444444444444,NA,NA,TRUE
736,0.555555555555556,NA,NA,TRUE
736,0.666666666666667,NA,NA,FALSE
736,0.777777777777778,NA,NA,FALSE
736,0.888888888888889,NA,NA,FALSE
736,1,NA,NA,FALSE
737,0,NA,NA,FALSE
737,0.111111111111111,NA,NA,FALSE
737,0.222222222222222,NA,NA,FALSE
737,0.333333333333333,NA,NA,FALSE
737,0.444444444444444,NA,NA,FALSE
737,0.555555555555556,NA,NA,TRUE
737,0.666666666666667,NA,NA,TRUE
737,0.777777777777778,NA,NA,FALSE
737,0.888888888888889,NA,NA,FALSE
737,1,NA,NA,FALSE
738,0,NA,NA,FALSE
738,0.111111111111111,NA,NA,FALSE
738,0.222222222222222,NA,NA,FALSE
738,0.333333333333333,NA,NA,FALSE
738,0.444444444444444,NA,NA,FALSE
738,0.555555555555556,NA,NA,FALSE
738,0.666666666666667,NA,NA,FALSE
738,0.777777777777778,NA,NA,FALSE
738,0.888888888888889,NA,NA,FALSE
738,1,NA,NA,FALSE
739,0,NA,NA,FALSE
739,0.111111111111111,NA,NA,FALSE
739,0.222222222222222,NA,NA,FALSE
739,0.333333333333333,NA,NA,FALSE
739,0.444444444444444,NA,NA,FALSE
739,0.555555555555556,NA,NA,FALSE
739,0.666666666666667,NA,NA,FALSE
739,0.777777777777778,NA,NA,FALSE
739,0.888888888888889,NA,NA,FALSE
739,1,NA,NA,FALSE
740,0,NA,NA,FALSE
740,0.111111111111111,NA,NA,FALSE
740,0.222222222222222,NA,NA,FALSE
740,0.333333333333333,NA,NA,FALSE
740,0.444444444444444,NA,NA,TRUE
740,0.555555555555556,NA,NA,TRUE
740,0.666666666666667,NA,NA,TRUE
740,0.777777777777778,NA,NA,FALSE
740,0.888888888888889,NA,NA,FALSE
740,1,NA,NA,FALSE
741,0,NA,NA,FALSE
741,0.111111111111111,NA,NA,FALSE
741,0.222222222222222,NA,NA,FALSE
741,0.333333333333333,NA,NA,FALSE
741,0.444444444444444,NA,NA,FALSE
741,0.555555555555556,NA,NA,FALSE
741,0.666666666666667,NA,NA,FALSE
741,0.777777777777778,NA,NA,FALSE
741,0.888888888888889,NA,NA,FALSE
741,1,NA,NA,FALSE
742,0,NA,NA,FALSE
742,0.111111111111111,NA,NA,FALSE
742,0.222222222222222,NA,NA,FALSE
742,0.333333333333333,NA,NA,FALSE
742,0.444444444444444,NA,NA,TRUE
742,0.555555555555556,NA,NA,FALSE
742,0.666666666666667,NA,NA,FALSE
742,0.777777777777778,NA,NA,FALSE
742,0.888888888888889,NA,NA,FALSE
742,1,NA,NA,FALSE
743,0,NA,NA,FALSE
743,0.111111111111111,NA,NA,FALSE
743,0.222222222222222,NA,NA,FALSE
743,0.333333333333333,NA,NA,FALSE
743,0.444444444444444,NA,NA,FALSE
743,0.555555555555556,NA,NA,FALSE
743,0.666666666666667,NA,NA,FALSE
743,0.777777777777778,NA,NA,FALSE
743,0.888888888888889,NA,NA,FALSE
743,1,NA,NA,FALSE
744,0,NA,NA,FALSE
744,0.111111111111111,NA,NA,FALSE
744,0.222222222222222,NA,NA,FALSE
744,0.333333333333333,NA,NA,FALSE
744,0.444444444444444,NA,NA,FALSE
744,0.555555555555556,NA,NA,FALSE
744,0.666666666666667,NA,NA,FALSE
744,0.777777777777778,NA,NA,FALSE
744,0.888888888888889,NA,NA,FALSE
744,1,NA,NA,FALSE
745,0,NA,NA,FALSE
745,0.111111111111111,NA,NA,FALSE
745,0.222222222222222,NA,NA,FALSE
745,0.333333333333333,NA,NA,FALSE
745,0.444444444444444,NA,NA,FALSE
745,0.555555555555556,NA,NA,FALSE
745,0.666666666666667,NA,NA,FALSE
745,0.777777777777778,NA,NA,FALSE
745,0.888888888888889,NA,NA,FALSE
745,1,NA,NA,FALSE
746,0,NA,NA,FALSE
746,0.111111111111111,NA,NA,FALSE
746,0.222222222222222,NA,NA,FALSE
746,0.333333333333333,NA,NA,FALSE
746,0.444444444444444,NA,NA,FALSE
746,0.555555555555556,NA,NA,TRUE
746,0.666666666666667,NA,NA,FALSE
746,0.777777777777778,NA,NA,FALSE
746,0.888888888888889,NA,NA,FALSE
746,1,NA,NA,FALSE
747,0,NA,NA,FALSE
747,0.111111111111111,NA,NA,FALSE
747,0.222222222222222,NA,NA,TRUE
747,0.333333333333333,NA,NA,TRUE
747,0.444444444444444,NA,NA,TRUE
747,0.555555555555556,NA,NA,TRUE
747,0.666666666666667,NA,NA,TRUE
747,0.777777777777778,NA,NA,FALSE
747,0.888888888888889,NA,NA,FALSE
747,1,NA,NA,FALSE
748,0,NA,NA,FALSE
748,0.111111111111111,NA,NA,FALSE
748,0.222222222222222,NA,NA,FALSE
748,0.333333333333333,NA,NA,FALSE
748,0.444444444444444,NA,NA,FALSE
748,0.555555555555556,NA,NA,FALSE
748,0.666666666666667,NA,NA,FALSE
748,0.777777777777778,NA,NA,FALSE
748,0.888888888888889,NA,NA,FALSE
748,1,NA,NA,FALSE
749,0,NA,NA,FALSE
749,0.111111111111111,NA,NA,FALSE
749,0.222222222222222,NA,NA,FALSE
749,0.333333333333333,NA,NA,FALSE
749,0.444444444444444,NA,NA,FALSE
749,0.555555555555556,NA,NA,FALSE
749,0.666666666666667,NA,NA,FALSE
749,0.777777777777778,NA,NA,FALSE
749,0.888888888888889,NA,NA,FALSE
749,1,NA,NA,FALSE
750,0,NA,NA,FALSE
750,0.111111111111111,NA,NA,FALSE
750,0.222222222222222,NA,NA,FALSE
750,0.333333333333333,NA,NA,FALSE
750,0.444444444444444,NA,NA,TRUE
750,0.555555555555556,NA,NA,TRUE
750,0.666666666666667,NA,NA,FALSE
750,0.777777777777778,NA,NA,FALSE
750,0.888888888888889,NA,NA,FALSE
750,1,NA,NA,FALSE
751,0,NA,NA,FALSE
751,0.111111111111111,NA,NA,FALSE
751,0.222222222222222,NA,NA,FALSE
751,0.333333333333333,NA,NA,FALSE
751,0.444444444444444,NA,NA,FALSE
751,0.555555555555556,NA,NA,FALSE
751,0.666666666666667,NA,NA,FALSE
751,0.777777777777778,NA,NA,FALSE
751,0.888888888888889,NA,NA,FALSE
751,1,NA,NA,FALSE
752,0,NA,NA,FALSE
752,0.111111111111111,NA,NA,FALSE
752,0.222222222222222,NA,NA,FALSE
752,0.333333333333333,NA,NA,FALSE
752,0.444444444444444,NA,NA,FALSE
752,0.555555555555556,NA,NA,FALSE
752,0.666666666666667,NA,NA,FALSE
752,0.777777777777778,NA,NA,FALSE
752,0.888888888888889,NA,NA,FALSE
752,1,NA,NA,FALSE
753,0,NA,NA,FALSE
753,0.111111111111111,NA,NA,FALSE
753,0.222222222222222,NA,NA,FALSE
753,0.333333333333333,NA,NA,FALSE
753,0.444444444444444,NA,NA,FALSE
753,0.555555555555556,NA,NA,FALSE
753,0.666666666666667,NA,NA,FALSE
753,0.777777777777778,NA,NA,FALSE
753,0.888888888888889,NA,NA,FALSE
753,1,NA,NA,FALSE
754,0,NA,NA,FALSE
754,0.111111111111111,NA,NA,FALSE
754,0.222222222222222,NA,NA,FALSE
754,0.333333333333333,NA,NA,FALSE
754,0.444444444444444,NA,NA,FALSE
754,0.555555555555556,NA,NA,FALSE
754,0.666666666666667,NA,NA,FALSE
754,0.777777777777778,NA,NA,FALSE
754,0.888888888888889,NA,NA,FALSE
754,1,NA,NA,FALSE
755,0,NA,NA,FALSE
755,0.111111111111111,NA,NA,FALSE
755,0.222222222222222,NA,NA,FALSE
755,0.333333333333333,NA,NA,TRUE
755,0.444444444444444,NA,NA,TRUE
755,0.555555555555556,NA,NA,FALSE
755,0.666666666666667,NA,NA,FALSE
755,0.777777777777778,NA,NA,FALSE
755,0.888888888888889,NA,NA,FALSE
755,1,NA,NA,FALSE
756,0,NA,NA,FALSE
756,0.111111111111111,NA,NA,FALSE
756,0.222222222222222,NA,NA,FALSE
756,0.333333333333333,NA,NA,FALSE
756,0.444444444444444,NA,NA,FALSE
756,0.555555555555556,NA,NA,FALSE
756,0.666666666666667,NA,NA,FALSE
756,0.777777777777778,NA,NA,FALSE
756,0.888888888888889,NA,NA,FALSE
756,1,NA,NA,FALSE
757,0,NA,NA,FALSE
757,0.111111111111111,NA,NA,FALSE
757,0.222222222222222,NA,NA,FALSE
757,0.333333333333333,NA,NA,TRUE
757,0.444444444444444,NA,NA,TRUE
757,0.555555555555556,NA,NA,TRUE
757,0.666666666666667,NA,NA,TRUE
757,0.777777777777778,NA,NA,TRUE
757,0.888888888888889,NA,NA,FALSE
757,1,NA,NA,TRUE
758,0,NA,NA,FALSE
758,0.111111111111111,NA,NA,FALSE
758,0.222222222222222,NA,NA,FALSE
758,0.333333333333333,NA,NA,TRUE
758,0.444444444444444,NA,NA,TRUE
758,0.555555555555556,NA,NA,TRUE
758,0.666666666666667,NA,NA,TRUE
758,0.777777777777778,NA,NA,TRUE
758,0.888888888888889,NA,NA,TRUE
758,1,NA,NA,TRUE
759,0,NA,NA,FALSE
759,0.111111111111111,NA,NA,FALSE
759,0.222222222222222,NA,NA,FALSE
759,0.333333333333333,NA,NA,FALSE
759,0.444444444444444,NA,NA,TRUE
759,0.555555555555556,NA,NA,TRUE
759,0.666666666666667,NA,NA,TRUE
759,0.777777777777778,NA,NA,TRUE
759,0.888888888888889,NA,NA,FALSE
759,1,NA,NA,TRUE
760,0,NA,NA,FALSE
760,0.111111111111111,NA,NA,FALSE
760,0.222222222222222,NA,NA,FALSE
760,0.333333333333333,NA,NA,FALSE
760,0.444444444444444,NA,NA,FALSE
760,0.555555555555556,NA,NA,FALSE
760,0.666666666666667,NA,NA,FALSE
760,0.777777777777778,NA,NA,FALSE
760,0.888888888888889,NA,NA,FALSE
760,1,NA,NA,FALSE
761,0,NA,NA,FALSE
761,0.111111111111111,NA,NA,FALSE
761,0.222222222222222,NA,NA,FALSE
761,0.333333333333333,NA,NA,FALSE
761,0.444444444444444,NA,NA,FALSE
761,0.555555555555556,NA,NA,FALSE
761,0.666666666666667,NA,NA,FALSE
761,0.777777777777778,NA,NA,FALSE
761,0.888888888888889,NA,NA,FALSE
761,1,NA,NA,FALSE
762,0,NA,NA,FALSE
762,0.111111111111111,NA,NA,FALSE
762,0.222222222222222,NA,NA,FALSE
762,0.333333333333333,NA,NA,TRUE
762,0.444444444444444,NA,NA,TRUE
762,0.555555555555556,NA,NA,TRUE
762,0.666666666666667,NA,NA,FALSE
762,0.777777777777778,NA,NA,FALSE
762,0.888888888888889,NA,NA,FALSE
762,1,NA,NA,FALSE
763,0,NA,NA,FALSE
763,0.111111111111111,NA,NA,FALSE
763,0.222222222222222,NA,NA,FALSE
763,0.333333333333333,NA,NA,FALSE
763,0.444444444444444,NA,NA,FALSE
763,0.555555555555556,NA,NA,FALSE
763,0.666666666666667,NA,NA,FALSE
763,0.777777777777778,NA,NA,FALSE
763,0.888888888888889,NA,NA,FALSE
763,1,NA,NA,FALSE
764,0,NA,NA,FALSE
764,0.111111111111111,NA,NA,FALSE
764,0.222222222222222,NA,NA,FALSE
764,0.333333333333333,NA,NA,FALSE
764,0.444444444444444,NA,NA,TRUE
764,0.555555555555556,NA,NA,TRUE
764,0.666666666666667,NA,NA,FALSE
764,0.777777777777778,NA,NA,FALSE
764,0.888888888888889,NA,NA,FALSE
764,1,NA,NA,FALSE
765,0,NA,NA,FALSE
765,0.111111111111111,NA,NA,FALSE
765,0.222222222222222,NA,NA,FALSE
765,0.333333333333333,NA,NA,FALSE
765,0.444444444444444,NA,NA,FALSE
765,0.555555555555556,NA,NA,FALSE
765,0.666666666666667,NA,NA,FALSE
765,0.777777777777778,NA,NA,FALSE
765,0.888888888888889,NA,NA,FALSE
765,1,NA,NA,FALSE
766,0,NA,NA,FALSE
766,0.111111111111111,NA,NA,FALSE
766,0.222222222222222,NA,NA,FALSE
766,0.333333333333333,NA,NA,FALSE
766,0.444444444444444,NA,NA,FALSE
766,0.555555555555556,NA,NA,FALSE
766,0.666666666666667,NA,NA,FALSE
766,0.777777777777778,NA,NA,FALSE
766,0.888888888888889,NA,NA,FALSE
766,1,NA,NA,FALSE
767,0,NA,NA,FALSE
767,0.111111111111111,NA,NA,FALSE
767,0.222222222222222,NA,NA,FALSE
767,0.333333333333333,NA,NA,FALSE
767,0.444444444444444,NA,NA,FALSE
767,0.555555555555556,NA,NA,FALSE
767,0.666666666666667,NA,NA,FALSE
767,0.777777777777778,NA,NA,FALSE
767,0.888888888888889,NA,NA,FALSE
767,1,NA,NA,FALSE
768,0,NA,NA,FALSE
768,0.111111111111111,NA,NA,FALSE
768,0.222222222222222,NA,NA,FALSE
768,0.333333333333333,NA,NA,FALSE
768,0.444444444444444,NA,NA,FALSE
768,0.555555555555556,NA,NA,FALSE
768,0.666666666666667,NA,NA,TRUE
768,0.777777777777778,NA,NA,FALSE
768,0.888888888888889,NA,NA,FALSE
768,1,NA,NA,FALSE
769,0,NA,NA,FALSE
769,0.111111111111111,NA,NA,FALSE
769,0.222222222222222,NA,NA,FALSE
769,0.333333333333333,NA,NA,TRUE
769,0.444444444444444,NA,NA,TRUE
769,0.555555555555556,NA,NA,TRUE
769,0.666666666666667,NA,NA,TRUE
769,0.777777777777778,NA,NA,FALSE
769,0.888888888888889,NA,NA,FALSE
769,1,NA,NA,FALSE
770,0,NA,NA,FALSE
770,0.111111111111111,NA,NA,FALSE
770,0.222222222222222,NA,NA,FALSE
770,0.333333333333333,NA,NA,FALSE
770,0.444444444444444,NA,NA,FALSE
770,0.555555555555556,NA,NA,FALSE
770,0.666666666666667,NA,NA,FALSE
770,0.777777777777778,NA,NA,FALSE
770,0.888888888888889,NA,NA,FALSE
770,1,NA,NA,FALSE
771,0,NA,NA,FALSE
771,0.111111111111111,NA,NA,FALSE
771,0.222222222222222,NA,NA,FALSE
771,0.333333333333333,NA,NA,FALSE
771,0.444444444444444,NA,NA,FALSE
771,0.555555555555556,NA,NA,FALSE
771,0.666666666666667,NA,NA,FALSE
771,0.777777777777778,NA,NA,FALSE
771,0.888888888888889,NA,NA,FALSE
771,1,NA,NA,FALSE
772,0,NA,NA,FALSE
772,0.111111111111111,NA,NA,FALSE
772,0.222222222222222,NA,NA,FALSE
772,0.333333333333333,NA,NA,FALSE
772,0.444444444444444,NA,NA,FALSE
772,0.555555555555556,NA,NA,FALSE
772,0.666666666666667,NA,NA,FALSE
772,0.777777777777778,NA,NA,FALSE
772,0.888888888888889,NA,NA,FALSE
772,1,NA,NA,FALSE
773,0,NA,NA,FALSE
773,0.111111111111111,NA,NA,FALSE
773,0.222222222222222,NA,NA,FALSE
773,0.333333333333333,NA,NA,FALSE
773,0.444444444444444,NA,NA,FALSE
773,0.555555555555556,NA,NA,FALSE
773,0.666666666666667,NA,NA,FALSE
773,0.777777777777778,NA,NA,FALSE
773,0.888888888888889,NA,NA,FALSE
773,1,NA,NA,FALSE
774,0,NA,NA,FALSE
774,0.111111111111111,NA,NA,FALSE
774,0.222222222222222,NA,NA,FALSE
774,0.333333333333333,NA,NA,FALSE
774,0.444444444444444,NA,NA,FALSE
774,0.555555555555556,NA,NA,FALSE
774,0.666666666666667,NA,NA,FALSE
774,0.777777777777778,NA,NA,FALSE
774,0.888888888888889,NA,NA,FALSE
774,1,NA,NA,FALSE
775,0,NA,NA,FALSE
775,0.111111111111111,NA,NA,FALSE
775,0.222222222222222,NA,NA,FALSE
775,0.333333333333333,NA,NA,FALSE
775,0.444444444444444,NA,NA,TRUE
775,0.555555555555556,NA,NA,TRUE
775,0.666666666666667,NA,NA,FALSE
775,0.777777777777778,NA,NA,FALSE
775,0.888888888888889,NA,NA,FALSE
775,1,NA,NA,FALSE
776,0,NA,NA,FALSE
776,0.111111111111111,NA,NA,FALSE
776,0.222222222222222,NA,NA,FALSE
776,0.333333333333333,NA,NA,FALSE
776,0.444444444444444,NA,NA,FALSE
776,0.555555555555556,NA,NA,FALSE
776,0.666666666666667,NA,NA,FALSE
776,0.777777777777778,NA,NA,FALSE
776,0.888888888888889,NA,NA,FALSE
776,1,NA,NA,FALSE
777,0,NA,NA,FALSE
777,0.111111111111111,NA,NA,FALSE
777,0.222222222222222,NA,NA,FALSE
777,0.333333333333333,NA,NA,FALSE
777,0.444444444444444,NA,NA,FALSE
777,0.555555555555556,NA,NA,FALSE
777,0.666666666666667,NA,NA,FALSE
777,0.777777777777778,NA,NA,FALSE
777,0.888888888888889,NA,NA,FALSE
777,1,NA,NA,FALSE
778,0,NA,NA,FALSE
778,0.111111111111111,NA,NA,FALSE
778,0.222222222222222,NA,NA,FALSE
778,0.333333333333333,NA,NA,FALSE
778,0.444444444444444,NA,NA,FALSE
778,0.555555555555556,NA,NA,FALSE
778,0.666666666666667,NA,NA,FALSE
778,0.777777777777778,NA,NA,FALSE
778,0.888888888888889,NA,NA,FALSE
778,1,NA,NA,FALSE
779,0,NA,NA,FALSE
779,0.111111111111111,NA,NA,FALSE
779,0.222222222222222,NA,NA,FALSE
779,0.333333333333333,NA,NA,FALSE
779,0.444444444444444,NA,NA,FALSE
779,0.555555555555556,NA,NA,FALSE
779,0.666666666666667,NA,NA,FALSE
779,0.777777777777778,NA,NA,FALSE
779,0.888888888888889,NA,NA,FALSE
779,1,NA,NA,FALSE
780,0,NA,NA,FALSE
780,0.111111111111111,NA,NA,FALSE
780,0.222222222222222,NA,NA,FALSE
780,0.333333333333333,NA,NA,FALSE
780,0.444444444444444,NA,NA,FALSE
780,0.555555555555556,NA,NA,FALSE
780,0.666666666666667,NA,NA,FALSE
780,0.777777777777778,NA,NA,FALSE
780,0.888888888888889,NA,NA,FALSE
780,1,NA,NA,FALSE
781,0,NA,NA,FALSE
781,0.111111111111111,NA,NA,FALSE
781,0.222222222222222,NA,NA,FALSE
781,0.333333333333333,NA,NA,FALSE
781,0.444444444444444,NA,NA,FALSE
781,0.555555555555556,NA,NA,FALSE
781,0.666666666666667,NA,NA,FALSE
781,0.777777777777778,NA,NA,FALSE
781,0.888888888888889,NA,NA,FALSE
781,1,NA,NA,FALSE
782,0,NA,NA,FALSE
782,0.111111111111111,NA,NA,FALSE
782,0.222222222222222,NA,NA,FALSE
782,0.333333333333333,NA,NA,FALSE
782,0.444444444444444,NA,NA,FALSE
782,0.555555555555556,NA,NA,FALSE
782,0.666666666666667,NA,NA,FALSE
782,0.777777777777778,NA,NA,FALSE
782,0.888888888888889,NA,NA,FALSE
782,1,NA,NA,FALSE
783,0,NA,NA,FALSE
783,0.111111111111111,NA,NA,FALSE
783,0.222222222222222,NA,NA,FALSE
783,0.333333333333333,NA,NA,FALSE
783,0.444444444444444,NA,NA,FALSE
783,0.555555555555556,NA,NA,FALSE
783,0.666666666666667,NA,NA,FALSE
783,0.777777777777778,NA,NA,FALSE
783,0.888888888888889,NA,NA,FALSE
783,1,NA,NA,FALSE
784,0,NA,NA,FALSE
784,0.111111111111111,NA,NA,FALSE
784,0.222222222222222,NA,NA,FALSE
784,0.333333333333333,NA,NA,TRUE
784,0.444444444444444,NA,NA,TRUE
784,0.555555555555556,NA,NA,TRUE
784,0.666666666666667,NA,NA,FALSE
784,0.777777777777778,NA,NA,FALSE
784,0.888888888888889,NA,NA,FALSE
784,1,NA,NA,FALSE
785,0,NA,NA,FALSE
785,0.111111111111111,NA,NA,FALSE
785,0.222222222222222,NA,NA,FALSE
785,0.333333333333333,NA,NA,FALSE
785,0.444444444444444,NA,NA,FALSE
785,0.555555555555556,NA,NA,FALSE
785,0.666666666666667,NA,NA,FALSE
785,0.777777777777778,NA,NA,FALSE
785,0.888888888888889,NA,NA,FALSE
785,1,NA,NA,FALSE
786,0,NA,NA,FALSE
786,0.111111111111111,NA,NA,FALSE
786,0.222222222222222,NA,NA,FALSE
786,0.333333333333333,NA,NA,FALSE
786,0.444444444444444,NA,NA,FALSE
786,0.555555555555556,NA,NA,FALSE
786,0.666666666666667,NA,NA,FALSE
786,0.777777777777778,NA,NA,FALSE
786,0.888888888888889,NA,NA,FALSE
786,1,NA,NA,FALSE
787,0,NA,NA,FALSE
787,0.111111111111111,NA,NA,FALSE
787,0.222222222222222,NA,NA,FALSE
787,0.333333333333333,NA,NA,FALSE
787,0.444444444444444,NA,NA,TRUE
787,0.555555555555556,NA,NA,FALSE
787,0.666666666666667,NA,NA,FALSE
787,0.777777777777778,NA,NA,FALSE
787,0.888888888888889,NA,NA,FALSE
787,1,NA,NA,TRUE
788,0,NA,NA,FALSE
788,0.111111111111111,NA,NA,FALSE
788,0.222222222222222,NA,NA,FALSE
788,0.333333333333333,NA,NA,FALSE
788,0.444444444444444,NA,NA,TRUE
788,0.555555555555556,NA,NA,FALSE
788,0.666666666666667,NA,NA,FALSE
788,0.777777777777778,NA,NA,FALSE
788,0.888888888888889,NA,NA,FALSE
788,1,NA,NA,FALSE
789,0,NA,NA,FALSE
789,0.111111111111111,NA,NA,FALSE
789,0.222222222222222,NA,NA,FALSE
789,0.333333333333333,NA,NA,FALSE
789,0.444444444444444,NA,NA,FALSE
789,0.555555555555556,NA,NA,FALSE
789,0.666666666666667,NA,NA,FALSE
789,0.777777777777778,NA,NA,FALSE
789,0.888888888888889,NA,NA,FALSE
789,1,NA,NA,FALSE
790,0,NA,NA,FALSE
790,0.111111111111111,NA,NA,FALSE
790,0.222222222222222,NA,NA,FALSE
790,0.333333333333333,NA,NA,FALSE
790,0.444444444444444,NA,NA,FALSE
790,0.555555555555556,NA,NA,FALSE
790,0.666666666666667,NA,NA,FALSE
790,0.777777777777778,NA,NA,FALSE
790,0.888888888888889,NA,NA,FALSE
790,1,NA,NA,FALSE
791,0,NA,NA,FALSE
791,0.111111111111111,NA,NA,FALSE
791,0.222222222222222,NA,NA,FALSE
791,0.333333333333333,NA,NA,FALSE
791,0.444444444444444,NA,NA,TRUE
791,0.555555555555556,NA,NA,TRUE
791,0.666666666666667,NA,NA,FALSE
791,0.777777777777778,NA,NA,FALSE
791,0.888888888888889,NA,NA,FALSE
791,1,NA,NA,FALSE
792,0,NA,NA,FALSE
792,0.111111111111111,NA,NA,FALSE
792,0.222222222222222,NA,NA,FALSE
792,0.333333333333333,NA,NA,FALSE
792,0.444444444444444,NA,NA,FALSE
792,0.555555555555556,NA,NA,TRUE
792,0.666666666666667,NA,NA,FALSE
792,0.777777777777778,NA,NA,FALSE
792,0.888888888888889,NA,NA,FALSE
792,1,NA,NA,FALSE
793,0,NA,NA,FALSE
793,0.111111111111111,NA,NA,FALSE
793,0.222222222222222,NA,NA,FALSE
793,0.333333333333333,NA,NA,FALSE
793,0.444444444444444,NA,NA,FALSE
793,0.555555555555556,NA,NA,FALSE
793,0.666666666666667,NA,NA,FALSE
793,0.777777777777778,NA,NA,FALSE
793,0.888888888888889,NA,NA,FALSE
793,1,NA,NA,FALSE
794,0,NA,NA,FALSE
794,0.111111111111111,NA,NA,FALSE
794,0.222222222222222,NA,NA,FALSE
794,0.333333333333333,NA,NA,FALSE
794,0.444444444444444,NA,NA,FALSE
794,0.555555555555556,NA,NA,FALSE
794,0.666666666666667,NA,NA,FALSE
794,0.777777777777778,NA,NA,FALSE
794,0.888888888888889,NA,NA,FALSE
794,1,NA,NA,FALSE
795,0,NA,NA,FALSE
795,0.111111111111111,NA,NA,FALSE
795,0.222222222222222,NA,NA,FALSE
795,0.333333333333333,NA,NA,FALSE
795,0.444444444444444,NA,NA,FALSE
795,0.555555555555556,NA,NA,FALSE
795,0.666666666666667,NA,NA,FALSE
795,0.777777777777778,NA,NA,FALSE
795,0.888888888888889,NA,NA,FALSE
795,1,NA,NA,FALSE
796,0,NA,NA,FALSE
796,0.111111111111111,NA,NA,FALSE
796,0.222222222222222,NA,NA,FALSE
796,0.333333333333333,NA,NA,FALSE
796,0.444444444444444,NA,NA,FALSE
796,0.555555555555556,NA,NA,FALSE
796,0.666666666666667,NA,NA,FALSE
796,0.777777777777778,NA,NA,FALSE
796,0.888888888888889,NA,NA,FALSE
796,1,NA,NA,FALSE
797,0,NA,NA,FALSE
797,0.111111111111111,NA,NA,FALSE
797,0.222222222222222,NA,NA,FALSE
797,0.333333333333333,NA,NA,FALSE
797,0.444444444444444,NA,NA,FALSE
797,0.555555555555556,NA,NA,FALSE
797,0.666666666666667,NA,NA,FALSE
797,0.777777777777778,NA,NA,FALSE
797,0.888888888888889,NA,NA,FALSE
797,1,NA,NA,FALSE
798,0,NA,NA,FALSE
798,0.111111111111111,NA,NA,FALSE
798,0.222222222222222,NA,NA,FALSE
798,0.333333333333333,NA,NA,FALSE
798,0.444444444444444,NA,NA,FALSE
798,0.555555555555556,NA,NA,FALSE
798,0.666666666666667,NA,NA,FALSE
798,0.777777777777778,NA,NA,FALSE
798,0.888888888888889,NA,NA,FALSE
798,1,NA,NA,FALSE
799,0,NA,NA,FALSE
799,0.111111111111111,NA,NA,FALSE
799,0.222222222222222,NA,NA,FALSE
799,0.333333333333333,NA,NA,FALSE
799,0.444444444444444,NA,NA,FALSE
799,0.555555555555556,NA,NA,FALSE
799,0.666666666666667,NA,NA,FALSE
799,0.777777777777778,NA,NA,FALSE
799,0.888888888888889,NA,NA,FALSE
799,1,NA,NA,FALSE
800,0,NA,NA,FALSE
800,0.111111111111111,NA,NA,FALSE
800,0.222222222222222,NA,NA,FALSE
800,0.333333333333333,NA,NA,FALSE
800,0.444444444444444,NA,NA,FALSE
800,0.555555555555556,NA,NA,FALSE
800,0.666666666666667,NA,NA,FALSE
800,0.777777777777778,NA,NA,FALSE
800,0.888888888888889,NA,NA,FALSE
800,1,NA,NA,FALSE
801,0,NA,NA,FALSE
801,0.111111111111111,NA,NA,FALSE
801,0.222222222222222,NA,NA,FALSE
801,0.333333333333333,NA,NA,TRUE
801,0.444444444444444,NA,NA,TRUE
801,0.555555555555556,NA,NA,TRUE
801,0.666666666666667,NA,NA,TRUE
801,0.777777777777778,NA,NA,TRUE
801,0.888888888888889,NA,NA,FALSE
801,1,NA,NA,FALSE
802,0,NA,NA,FALSE
802,0.111111111111111,NA,NA,FALSE
802,0.222222222222222,NA,NA,FALSE
802,0.333333333333333,NA,NA,TRUE
802,0.444444444444444,NA,NA,FALSE
802,0.555555555555556,NA,NA,FALSE
802,0.666666666666667,NA,NA,FALSE
802,0.777777777777778,NA,NA,FALSE
802,0.888888888888889,NA,NA,FALSE
802,1,NA,NA,FALSE
803,0,NA,NA,FALSE
803,0.111111111111111,NA,NA,FALSE
803,0.222222222222222,NA,NA,FALSE
803,0.333333333333333,NA,NA,FALSE
803,0.444444444444444,NA,NA,FALSE
803,0.555555555555556,NA,NA,FALSE
803,0.666666666666667,NA,NA,FALSE
803,0.777777777777778,NA,NA,FALSE
803,0.888888888888889,NA,NA,FALSE
803,1,NA,NA,FALSE
804,0,NA,NA,FALSE
804,0.111111111111111,NA,NA,FALSE
804,0.222222222222222,NA,NA,FALSE
804,0.333333333333333,NA,NA,FALSE
804,0.444444444444444,NA,NA,FALSE
804,0.555555555555556,NA,NA,FALSE
804,0.666666666666667,NA,NA,FALSE
804,0.777777777777778,NA,NA,FALSE
804,0.888888888888889,NA,NA,FALSE
804,1,NA,NA,FALSE
805,0,NA,NA,FALSE
805,0.111111111111111,NA,NA,FALSE
805,0.222222222222222,NA,NA,FALSE
805,0.333333333333333,NA,NA,FALSE
805,0.444444444444444,NA,NA,FALSE
805,0.555555555555556,NA,NA,FALSE
805,0.666666666666667,NA,NA,FALSE
805,0.777777777777778,NA,NA,FALSE
805,0.888888888888889,NA,NA,FALSE
805,1,NA,NA,FALSE
806,0,NA,NA,FALSE
806,0.111111111111111,NA,NA,FALSE
806,0.222222222222222,NA,NA,FALSE
806,0.333333333333333,NA,NA,FALSE
806,0.444444444444444,NA,NA,FALSE
806,0.555555555555556,NA,NA,FALSE
806,0.666666666666667,NA,NA,FALSE
806,0.777777777777778,NA,NA,FALSE
806,0.888888888888889,NA,NA,FALSE
806,1,NA,NA,FALSE
807,0,NA,NA,FALSE
807,0.111111111111111,NA,NA,FALSE
807,0.222222222222222,NA,NA,FALSE
807,0.333333333333333,NA,NA,TRUE
807,0.444444444444444,NA,NA,TRUE
807,0.555555555555556,NA,NA,TRUE
807,0.666666666666667,NA,NA,TRUE
807,0.777777777777778,NA,NA,FALSE
807,0.888888888888889,NA,NA,FALSE
807,1,NA,NA,FALSE
808,0,NA,NA,FALSE
808,0.111111111111111,NA,NA,FALSE
808,0.222222222222222,NA,NA,FALSE
808,0.333333333333333,NA,NA,FALSE
808,0.444444444444444,NA,NA,FALSE
808,0.555555555555556,NA,NA,FALSE
808,0.666666666666667,NA,NA,FALSE
808,0.777777777777778,NA,NA,FALSE
808,0.888888888888889,NA,NA,FALSE
808,1,NA,NA,FALSE
809,0,NA,NA,FALSE
809,0.111111111111111,NA,NA,FALSE
809,0.222222222222222,NA,NA,FALSE
809,0.333333333333333,NA,NA,FALSE
809,0.444444444444444,NA,NA,FALSE
809,0.555555555555556,NA,NA,FALSE
809,0.666666666666667,NA,NA,FALSE
809,0.777777777777778,NA,NA,FALSE
809,0.888888888888889,NA,NA,FALSE
809,1,NA,NA,FALSE
810,0,NA,NA,FALSE
810,0.111111111111111,NA,NA,FALSE
810,0.222222222222222,NA,NA,FALSE
810,0.333333333333333,NA,NA,FALSE
810,0.444444444444444,NA,NA,FALSE
810,0.555555555555556,NA,NA,FALSE
810,0.666666666666667,NA,NA,FALSE
810,0.777777777777778,NA,NA,FALSE
810,0.888888888888889,NA,NA,FALSE
810,1,NA,NA,FALSE
811,0,NA,NA,FALSE
811,0.111111111111111,NA,NA,FALSE
811,0.222222222222222,NA,NA,FALSE
811,0.333333333333333,NA,NA,FALSE
811,0.444444444444444,NA,NA,FALSE
811,0.555555555555556,NA,NA,FALSE
811,0.666666666666667,NA,NA,FALSE
811,0.777777777777778,NA,NA,FALSE
811,0.888888888888889,NA,NA,FALSE
811,1,NA,NA,FALSE
812,0,NA,NA,FALSE
812,0.111111111111111,NA,NA,FALSE
812,0.222222222222222,NA,NA,FALSE
812,0.333333333333333,NA,NA,FALSE
812,0.444444444444444,NA,NA,FALSE
812,0.555555555555556,NA,NA,FALSE
812,0.666666666666667,NA,NA,FALSE
812,0.777777777777778,NA,NA,FALSE
812,0.888888888888889,NA,NA,FALSE
812,1,NA,NA,FALSE
813,0,NA,NA,FALSE
813,0.111111111111111,NA,NA,FALSE
813,0.222222222222222,NA,NA,FALSE
813,0.333333333333333,NA,NA,FALSE
813,0.444444444444444,NA,NA,FALSE
813,0.555555555555556,NA,NA,FALSE
813,0.666666666666667,NA,NA,FALSE
813,0.777777777777778,NA,NA,FALSE
813,0.888888888888889,NA,NA,FALSE
813,1,NA,NA,FALSE
814,0,NA,NA,FALSE
814,0.111111111111111,NA,NA,FALSE
814,0.222222222222222,NA,NA,FALSE
814,0.333333333333333,NA,NA,FALSE
814,0.444444444444444,NA,NA,FALSE
814,0.555555555555556,NA,NA,FALSE
814,0.666666666666667,NA,NA,FALSE
814,0.777777777777778,NA,NA,FALSE
814,0.888888888888889,NA,NA,FALSE
814,1,NA,NA,FALSE
815,0,NA,NA,FALSE
815,0.111111111111111,NA,NA,FALSE
815,0.222222222222222,NA,NA,FALSE
815,0.333333333333333,NA,NA,FALSE
815,0.444444444444444,NA,NA,FALSE
815,0.555555555555556,NA,NA,FALSE
815,0.666666666666667,NA,NA,FALSE
815,0.777777777777778,NA,NA,FALSE
815,0.888888888888889,NA,NA,FALSE
815,1,NA,NA,FALSE
816,0,NA,NA,FALSE
816,0.111111111111111,NA,NA,FALSE
816,0.222222222222222,NA,NA,FALSE
816,0.333333333333333,NA,NA,FALSE
816,0.444444444444444,NA,NA,TRUE
816,0.555555555555556,NA,NA,TRUE
816,0.666666666666667,NA,NA,TRUE
816,0.777777777777778,NA,NA,TRUE
816,0.888888888888889,NA,NA,TRUE
816,1,NA,NA,TRUE
817,0,NA,NA,FALSE
817,0.111111111111111,NA,NA,FALSE
817,0.222222222222222,NA,NA,FALSE
817,0.333333333333333,NA,NA,FALSE
817,0.444444444444444,NA,NA,TRUE
817,0.555555555555556,NA,NA,TRUE
817,0.666666666666667,NA,NA,TRUE
817,0.777777777777778,NA,NA,FALSE
817,0.888888888888889,NA,NA,FALSE
817,1,NA,NA,FALSE
818,0,NA,NA,FALSE
818,0.111111111111111,NA,NA,FALSE
818,0.222222222222222,NA,NA,FALSE
818,0.333333333333333,NA,NA,FALSE
818,0.444444444444444,NA,NA,FALSE
818,0.555555555555556,NA,NA,FALSE
818,0.666666666666667,NA,NA,FALSE
818,0.777777777777778,NA,NA,FALSE
818,0.888888888888889,NA,NA,FALSE
818,1,NA,NA,FALSE
819,0,NA,NA,FALSE
819,0.111111111111111,NA,NA,FALSE
819,0.222222222222222,NA,NA,FALSE
819,0.333333333333333,NA,NA,FALSE
819,0.444444444444444,NA,NA,FALSE
819,0.555555555555556,NA,NA,TRUE
819,0.666666666666667,NA,NA,FALSE
819,0.777777777777778,NA,NA,FALSE
819,0.888888888888889,NA,NA,FALSE
819,1,NA,NA,FALSE
820,0,NA,NA,FALSE
820,0.111111111111111,NA,NA,FALSE
820,0.222222222222222,NA,NA,FALSE
820,0.333333333333333,NA,NA,TRUE
820,0.444444444444444,NA,NA,TRUE
820,0.555555555555556,NA,NA,TRUE
820,0.666666666666667,NA,NA,TRUE
820,0.777777777777778,NA,NA,FALSE
820,0.888888888888889,NA,NA,FALSE
820,1,NA,NA,FALSE
821,0,NA,NA,FALSE
821,0.111111111111111,NA,NA,FALSE
821,0.222222222222222,NA,NA,FALSE
821,0.333333333333333,NA,NA,FALSE
821,0.444444444444444,NA,NA,FALSE
821,0.555555555555556,NA,NA,FALSE
821,0.666666666666667,NA,NA,FALSE
821,0.777777777777778,NA,NA,FALSE
821,0.888888888888889,NA,NA,FALSE
821,1,NA,NA,FALSE
822,0,NA,NA,FALSE
822,0.111111111111111,NA,NA,FALSE
822,0.222222222222222,NA,NA,FALSE
822,0.333333333333333,NA,NA,FALSE
822,0.444444444444444,NA,NA,FALSE
822,0.555555555555556,NA,NA,FALSE
822,0.666666666666667,NA,NA,FALSE
822,0.777777777777778,NA,NA,FALSE
822,0.888888888888889,NA,NA,FALSE
822,1,NA,NA,FALSE
823,0,NA,NA,FALSE
823,0.111111111111111,NA,NA,FALSE
823,0.222222222222222,NA,NA,FALSE
823,0.333333333333333,NA,NA,TRUE
823,0.444444444444444,NA,NA,TRUE
823,0.555555555555556,NA,NA,TRUE
823,0.666666666666667,NA,NA,TRUE
823,0.777777777777778,NA,NA,FALSE
823,0.888888888888889,NA,NA,FALSE
823,1,NA,NA,FALSE
824,0,NA,NA,FALSE
824,0.111111111111111,NA,NA,FALSE
824,0.222222222222222,NA,NA,FALSE
824,0.333333333333333,NA,NA,FALSE
824,0.444444444444444,NA,NA,FALSE
824,0.555555555555556,NA,NA,FALSE
824,0.666666666666667,NA,NA,FALSE
824,0.777777777777778,NA,NA,FALSE
824,0.888888888888889,NA,NA,FALSE
824,1,NA,NA,FALSE
825,0,NA,NA,FALSE
825,0.111111111111111,NA,NA,FALSE
825,0.222222222222222,NA,NA,FALSE
825,0.333333333333333,NA,NA,FALSE
825,0.444444444444444,NA,NA,FALSE
825,0.555555555555556,NA,NA,FALSE
825,0.666666666666667,NA,NA,FALSE
825,0.777777777777778,NA,NA,FALSE
825,0.888888888888889,NA,NA,FALSE
825,1,NA,NA,FALSE
826,0,NA,NA,FALSE
826,0.111111111111111,NA,NA,FALSE
826,0.222222222222222,NA,NA,FALSE
826,0.333333333333333,NA,NA,FALSE
826,0.444444444444444,NA,NA,FALSE
826,0.555555555555556,NA,NA,FALSE
826,0.666666666666667,NA,NA,FALSE
826,0.777777777777778,NA,NA,FALSE
826,0.888888888888889,NA,NA,FALSE
826,1,NA,NA,FALSE
827,0,NA,NA,FALSE
827,0.111111111111111,NA,NA,FALSE
827,0.222222222222222,NA,NA,FALSE
827,0.333333333333333,NA,NA,FALSE
827,0.444444444444444,NA,NA,FALSE
827,0.555555555555556,NA,NA,FALSE
827,0.666666666666667,NA,NA,FALSE
827,0.777777777777778,NA,NA,FALSE
827,0.888888888888889,NA,NA,FALSE
827,1,NA,NA,FALSE
828,0,NA,NA,FALSE
828,0.111111111111111,NA,NA,FALSE
828,0.222222222222222,NA,NA,FALSE
828,0.333333333333333,NA,NA,FALSE
828,0.444444444444444,NA,NA,FALSE
828,0.555555555555556,NA,NA,FALSE
828,0.666666666666667,NA,NA,FALSE
828,0.777777777777778,NA,NA,FALSE
828,0.888888888888889,NA,NA,FALSE
828,1,NA,NA,FALSE
829,0,NA,NA,FALSE
829,0.111111111111111,NA,NA,FALSE
829,0.222222222222222,NA,NA,FALSE
829,0.333333333333333,NA,NA,FALSE
829,0.444444444444444,NA,NA,FALSE
829,0.555555555555556,NA,NA,FALSE
829,0.666666666666667,NA,NA,FALSE
829,0.777777777777778,NA,NA,FALSE
829,0.888888888888889,NA,NA,FALSE
829,1,NA,NA,FALSE
830,0,NA,NA,FALSE
830,0.111111111111111,NA,NA,FALSE
830,0.222222222222222,NA,NA,FALSE
830,0.333333333333333,NA,NA,FALSE
830,0.444444444444444,NA,NA,TRUE
830,0.555555555555556,NA,NA,FALSE
830,0.666666666666667,NA,NA,FALSE
830,0.777777777777778,NA,NA,FALSE
830,0.888888888888889,NA,NA,FALSE
830,1,NA,NA,FALSE
831,0,NA,NA,FALSE
831,0.111111111111111,NA,NA,FALSE
831,0.222222222222222,NA,NA,FALSE
831,0.333333333333333,NA,NA,FALSE
831,0.444444444444444,NA,NA,FALSE
831,0.555555555555556,NA,NA,FALSE
831,0.666666666666667,NA,NA,FALSE
831,0.777777777777778,NA,NA,FALSE
831,0.888888888888889,NA,NA,FALSE
831,1,NA,NA,FALSE
832,0,NA,NA,FALSE
832,0.111111111111111,NA,NA,FALSE
832,0.222222222222222,NA,NA,FALSE
832,0.333333333333333,NA,NA,FALSE
832,0.444444444444444,NA,NA,TRUE
832,0.555555555555556,NA,NA,FALSE
832,0.666666666666667,NA,NA,FALSE
832,0.777777777777778,NA,NA,FALSE
832,0.888888888888889,NA,NA,FALSE
832,1,NA,NA,FALSE
833,0,NA,NA,FALSE
833,0.111111111111111,NA,NA,FALSE
833,0.222222222222222,NA,NA,FALSE
833,0.333333333333333,NA,NA,FALSE
833,0.444444444444444,NA,NA,TRUE
833,0.555555555555556,NA,NA,TRUE
833,0.666666666666667,NA,NA,FALSE
833,0.777777777777778,NA,NA,FALSE
833,0.888888888888889,NA,NA,FALSE
833,1,NA,NA,FALSE
834,0,NA,NA,FALSE
834,0.111111111111111,NA,NA,FALSE
834,0.222222222222222,NA,NA,FALSE
834,0.333333333333333,NA,NA,FALSE
834,0.444444444444444,NA,NA,FALSE
834,0.555555555555556,NA,NA,FALSE
834,0.666666666666667,NA,NA,FALSE
834,0.777777777777778,NA,NA,FALSE
834,0.888888888888889,NA,NA,FALSE
834,1,NA,NA,FALSE
835,0,NA,NA,FALSE
835,0.111111111111111,NA,NA,FALSE
835,0.222222222222222,NA,NA,FALSE
835,0.333333333333333,NA,NA,FALSE
835,0.444444444444444,NA,NA,FALSE
835,0.555555555555556,NA,NA,FALSE
835,0.666666666666667,NA,NA,FALSE
835,0.777777777777778,NA,NA,FALSE
835,0.888888888888889,NA,NA,FALSE
835,1,NA,NA,FALSE
836,0,NA,NA,FALSE
836,0.111111111111111,NA,NA,FALSE
836,0.222222222222222,NA,NA,FALSE
836,0.333333333333333,NA,NA,FALSE
836,0.444444444444444,NA,NA,FALSE
836,0.555555555555556,NA,NA,FALSE
836,0.666666666666667,NA,NA,FALSE
836,0.777777777777778,NA,NA,FALSE
836,0.888888888888889,NA,NA,FALSE
836,1,NA,NA,FALSE
837,0,NA,NA,FALSE
837,0.111111111111111,NA,NA,FALSE
837,0.222222222222222,NA,NA,FALSE
837,0.333333333333333,NA,NA,FALSE
837,0.444444444444444,NA,NA,FALSE
837,0.555555555555556,NA,NA,FALSE
837,0.666666666666667,NA,NA,FALSE
837,0.777777777777778,NA,NA,FALSE
837,0.888888888888889,NA,NA,FALSE
837,1,NA,NA,FALSE
838,0,NA,NA,FALSE
838,0.111111111111111,NA,NA,FALSE
838,0.222222222222222,NA,NA,FALSE
838,0.333333333333333,NA,NA,FALSE
838,0.444444444444444,NA,NA,FALSE
838,0.555555555555556,NA,NA,FALSE
838,0.666666666666667,NA,NA,FALSE
838,0.777777777777778,NA,NA,FALSE
838,0.888888888888889,NA,NA,FALSE
838,1,NA,NA,FALSE
839,0,NA,NA,FALSE
839,0.111111111111111,NA,NA,FALSE
839,0.222222222222222,NA,NA,FALSE
839,0.333333333333333,NA,NA,FALSE
839,0.444444444444444,NA,NA,TRUE
839,0.555555555555556,NA,NA,FALSE
839,0.666666666666667,NA,NA,FALSE
839,0.777777777777778,NA,NA,FALSE
839,0.888888888888889,NA,NA,FALSE
839,1,NA,NA,FALSE
840,0,NA,NA,FALSE
840,0.111111111111111,NA,NA,FALSE
840,0.222222222222222,NA,NA,FALSE
840,0.333333333333333,NA,NA,TRUE
840,0.444444444444444,NA,NA,TRUE
840,0.555555555555556,NA,NA,TRUE
840,0.666666666666667,NA,NA,TRUE
840,0.777777777777778,NA,NA,TRUE
840,0.888888888888889,NA,NA,TRUE
840,1,NA,NA,TRUE
841,0,NA,NA,FALSE
841,0.111111111111111,NA,NA,FALSE
841,0.222222222222222,NA,NA,FALSE
841,0.333333333333333,NA,NA,FALSE
841,0.444444444444444,NA,NA,TRUE
841,0.555555555555556,NA,NA,TRUE
841,0.666666666666667,NA,NA,FALSE
841,0.777777777777778,NA,NA,FALSE
841,0.888888888888889,NA,NA,FALSE
841,1,NA,NA,FALSE
842,0,NA,NA,FALSE
842,0.111111111111111,NA,NA,FALSE
842,0.222222222222222,NA,NA,FALSE
842,0.333333333333333,NA,NA,FALSE
842,0.444444444444444,NA,NA,FALSE
842,0.555555555555556,NA,NA,FALSE
842,0.666666666666667,NA,NA,FALSE
842,0.777777777777778,NA,NA,FALSE
842,0.888888888888889,NA,NA,FALSE
842,1,NA,NA,FALSE
843,0,NA,NA,FALSE
843,0.111111111111111,NA,NA,FALSE
843,0.222222222222222,NA,NA,FALSE
843,0.333333333333333,NA,NA,FALSE
843,0.444444444444444,NA,NA,FALSE
843,0.555555555555556,NA,NA,FALSE
843,0.666666666666667,NA,NA,FALSE
843,0.777777777777778,NA,NA,FALSE
843,0.888888888888889,NA,NA,FALSE
843,1,NA,NA,FALSE
844,0,NA,NA,FALSE
844,0.111111111111111,NA,NA,FALSE
844,0.222222222222222,NA,NA,FALSE
844,0.333333333333333,NA,NA,FALSE
844,0.444444444444444,NA,NA,FALSE
844,0.555555555555556,NA,NA,FALSE
844,0.666666666666667,NA,NA,FALSE
844,0.777777777777778,NA,NA,FALSE
844,0.888888888888889,NA,NA,FALSE
844,1,NA,NA,FALSE
845,0,NA,NA,FALSE
845,0.111111111111111,NA,NA,FALSE
845,0.222222222222222,NA,NA,FALSE
845,0.333333333333333,NA,NA,FALSE
845,0.444444444444444,NA,NA,FALSE
845,0.555555555555556,NA,NA,FALSE
845,0.666666666666667,NA,NA,FALSE
845,0.777777777777778,NA,NA,FALSE
845,0.888888888888889,NA,NA,FALSE
845,1,NA,NA,FALSE
846,0,NA,NA,FALSE
846,0.111111111111111,NA,NA,FALSE
846,0.222222222222222,NA,NA,FALSE
846,0.333333333333333,NA,NA,FALSE
846,0.444444444444444,NA,NA,FALSE
846,0.555555555555556,NA,NA,TRUE
846,0.666666666666667,NA,NA,FALSE
846,0.777777777777778,NA,NA,FALSE
846,0.888888888888889,NA,NA,FALSE
846,1,NA,NA,FALSE
847,0,NA,NA,FALSE
847,0.111111111111111,NA,NA,FALSE
847,0.222222222222222,NA,NA,FALSE
847,0.333333333333333,NA,NA,FALSE
847,0.444444444444444,NA,NA,TRUE
847,0.555555555555556,NA,NA,TRUE
847,0.666666666666667,NA,NA,TRUE
847,0.777777777777778,NA,NA,TRUE
847,0.888888888888889,NA,NA,TRUE
847,1,NA,NA,FALSE
848,0,NA,NA,FALSE
848,0.111111111111111,NA,NA,FALSE
848,0.222222222222222,NA,NA,FALSE
848,0.333333333333333,NA,NA,FALSE
848,0.444444444444444,NA,NA,FALSE
848,0.555555555555556,NA,NA,TRUE
848,0.666666666666667,NA,NA,FALSE
848,0.777777777777778,NA,NA,FALSE
848,0.888888888888889,NA,NA,FALSE
848,1,NA,NA,FALSE
849,0,NA,NA,FALSE
849,0.111111111111111,NA,NA,FALSE
849,0.222222222222222,NA,NA,FALSE
849,0.333333333333333,NA,NA,FALSE
849,0.444444444444444,NA,NA,FALSE
849,0.555555555555556,NA,NA,FALSE
849,0.666666666666667,NA,NA,FALSE
849,0.777777777777778,NA,NA,FALSE
849,0.888888888888889,NA,NA,FALSE
849,1,NA,NA,FALSE
850,0,NA,NA,FALSE
850,0.111111111111111,NA,NA,FALSE
850,0.222222222222222,NA,NA,FALSE
850,0.333333333333333,NA,NA,FALSE
850,0.444444444444444,NA,NA,TRUE
850,0.555555555555556,NA,NA,TRUE
850,0.666666666666667,NA,NA,FALSE
850,0.777777777777778,NA,NA,FALSE
850,0.888888888888889,NA,NA,FALSE
850,1,NA,NA,FALSE
851,0,NA,NA,FALSE
851,0.111111111111111,NA,NA,FALSE
851,0.222222222222222,NA,NA,FALSE
851,0.333333333333333,NA,NA,TRUE
851,0.444444444444444,NA,NA,TRUE
851,0.555555555555556,NA,NA,TRUE
851,0.666666666666667,NA,NA,TRUE
851,0.777777777777778,NA,NA,FALSE
851,0.888888888888889,NA,NA,FALSE
851,1,NA,NA,FALSE
852,0,NA,NA,FALSE
852,0.111111111111111,NA,NA,FALSE
852,0.222222222222222,NA,NA,FALSE
852,0.333333333333333,NA,NA,FALSE
852,0.444444444444444,NA,NA,FALSE
852,0.555555555555556,NA,NA,FALSE
852,0.666666666666667,NA,NA,FALSE
852,0.777777777777778,NA,NA,FALSE
852,0.888888888888889,NA,NA,FALSE
852,1,NA,NA,FALSE
853,0,NA,NA,FALSE
853,0.111111111111111,NA,NA,FALSE
853,0.222222222222222,NA,NA,FALSE
853,0.333333333333333,NA,NA,TRUE
853,0.444444444444444,NA,NA,TRUE
853,0.555555555555556,NA,NA,TRUE
853,0.666666666666667,NA,NA,TRUE
853,0.777777777777778,NA,NA,FALSE
853,0.888888888888889,NA,NA,FALSE
853,1,NA,NA,FALSE
854,0,NA,NA,FALSE
854,0.111111111111111,NA,NA,FALSE
854,0.222222222222222,NA,NA,FALSE
854,0.333333333333333,NA,NA,FALSE
854,0.444444444444444,NA,NA,FALSE
854,0.555555555555556,NA,NA,FALSE
854,0.666666666666667,NA,NA,FALSE
854,0.777777777777778,NA,NA,FALSE
854,0.888888888888889,NA,NA,FALSE
854,1,NA,NA,FALSE
855,0,NA,NA,FALSE
855,0.111111111111111,NA,NA,FALSE
855,0.222222222222222,NA,NA,FALSE
855,0.333333333333333,NA,NA,FALSE
855,0.444444444444444,NA,NA,FALSE
855,0.555555555555556,NA,NA,FALSE
855,0.666666666666667,NA,NA,FALSE
855,0.777777777777778,NA,NA,FALSE
855,0.888888888888889,NA,NA,FALSE
855,1,NA,NA,FALSE
856,0,NA,NA,FALSE
856,0.111111111111111,NA,NA,FALSE
856,0.222222222222222,NA,NA,FALSE
856,0.333333333333333,NA,NA,FALSE
856,0.444444444444444,NA,NA,TRUE
856,0.555555555555556,NA,NA,TRUE
856,0.666666666666667,NA,NA,FALSE
856,0.777777777777778,NA,NA,FALSE
856,0.888888888888889,NA,NA,FALSE
856,1,NA,NA,FALSE
857,0,NA,NA,FALSE
857,0.111111111111111,NA,NA,FALSE
857,0.222222222222222,NA,NA,FALSE
857,0.333333333333333,NA,NA,FALSE
857,0.444444444444444,NA,NA,FALSE
857,0.555555555555556,NA,NA,FALSE
857,0.666666666666667,NA,NA,FALSE
857,0.777777777777778,NA,NA,FALSE
857,0.888888888888889,NA,NA,FALSE
857,1,NA,NA,FALSE
858,0,NA,NA,FALSE
858,0.111111111111111,NA,NA,FALSE
858,0.222222222222222,NA,NA,FALSE
858,0.333333333333333,NA,NA,TRUE
858,0.444444444444444,NA,NA,TRUE
858,0.555555555555556,NA,NA,TRUE
858,0.666666666666667,NA,NA,FALSE
858,0.777777777777778,NA,NA,FALSE
858,0.888888888888889,NA,NA,FALSE
858,1,NA,NA,FALSE
859,0,NA,NA,FALSE
859,0.111111111111111,NA,NA,FALSE
859,0.222222222222222,NA,NA,FALSE
859,0.333333333333333,NA,NA,FALSE
859,0.444444444444444,NA,NA,FALSE
859,0.555555555555556,NA,NA,TRUE
859,0.666666666666667,NA,NA,FALSE
859,0.777777777777778,NA,NA,FALSE
859,0.888888888888889,NA,NA,FALSE
859,1,NA,NA,FALSE
860,0,NA,NA,FALSE
860,0.111111111111111,NA,NA,FALSE
860,0.222222222222222,NA,NA,FALSE
860,0.333333333333333,NA,NA,FALSE
860,0.444444444444444,NA,NA,FALSE
860,0.555555555555556,NA,NA,FALSE
860,0.666666666666667,NA,NA,FALSE
860,0.777777777777778,NA,NA,FALSE
860,0.888888888888889,NA,NA,FALSE
860,1,NA,NA,FALSE
861,0,NA,NA,FALSE
861,0.111111111111111,NA,NA,FALSE
861,0.222222222222222,NA,NA,FALSE
861,0.333333333333333,NA,NA,FALSE
861,0.444444444444444,NA,NA,FALSE
861,0.555555555555556,NA,NA,FALSE
861,0.666666666666667,NA,NA,FALSE
861,0.777777777777778,NA,NA,FALSE
861,0.888888888888889,NA,NA,FALSE
861,1,NA,NA,FALSE
862,0,NA,NA,FALSE
862,0.111111111111111,NA,NA,FALSE
862,0.222222222222222,NA,NA,FALSE
862,0.333333333333333,NA,NA,FALSE
862,0.444444444444444,NA,NA,FALSE
862,0.555555555555556,NA,NA,FALSE
862,0.666666666666667,NA,NA,FALSE
862,0.777777777777778,NA,NA,FALSE
862,0.888888888888889,NA,NA,FALSE
862,1,NA,NA,FALSE
863,0,NA,NA,FALSE
863,0.111111111111111,NA,NA,FALSE
863,0.222222222222222,NA,NA,FALSE
863,0.333333333333333,NA,NA,FALSE
863,0.444444444444444,NA,NA,FALSE
863,0.555555555555556,NA,NA,TRUE
863,0.666666666666667,NA,NA,FALSE
863,0.777777777777778,NA,NA,FALSE
863,0.888888888888889,NA,NA,FALSE
863,1,NA,NA,FALSE
864,0,NA,NA,FALSE
864,0.111111111111111,NA,NA,FALSE
864,0.222222222222222,NA,NA,FALSE
864,0.333333333333333,NA,NA,FALSE
864,0.444444444444444,NA,NA,FALSE
864,0.555555555555556,NA,NA,FALSE
864,0.666666666666667,NA,NA,FALSE
864,0.777777777777778,NA,NA,FALSE
864,0.888888888888889,NA,NA,FALSE
864,1,NA,NA,FALSE
865,0,NA,NA,FALSE
865,0.111111111111111,NA,NA,FALSE
865,0.222222222222222,NA,NA,FALSE
865,0.333333333333333,NA,NA,TRUE
865,0.444444444444444,NA,NA,TRUE
865,0.555555555555556,NA,NA,TRUE
865,0.666666666666667,NA,NA,TRUE
865,0.777777777777778,NA,NA,TRUE
865,0.888888888888889,NA,NA,FALSE
865,1,NA,NA,FALSE
866,0,NA,NA,FALSE
866,0.111111111111111,NA,NA,FALSE
866,0.222222222222222,NA,NA,FALSE
866,0.333333333333333,NA,NA,TRUE
866,0.444444444444444,NA,NA,TRUE
866,0.555555555555556,NA,NA,TRUE
866,0.666666666666667,NA,NA,TRUE
866,0.777777777777778,NA,NA,TRUE
866,0.888888888888889,NA,NA,TRUE
866,1,NA,NA,TRUE
867,0,NA,NA,FALSE
867,0.111111111111111,NA,NA,FALSE
867,0.222222222222222,NA,NA,FALSE
867,0.333333333333333,NA,NA,FALSE
867,0.444444444444444,NA,NA,FALSE
867,0.555555555555556,NA,NA,FALSE
867,0.666666666666667,NA,NA,FALSE
867,0.777777777777778,NA,NA,FALSE
867,0.888888888888889,NA,NA,FALSE
867,1,NA,NA,FALSE
868,0,NA,NA,FALSE
868,0.111111111111111,NA,NA,FALSE
868,0.222222222222222,NA,NA,FALSE
868,0.333333333333333,NA,NA,FALSE
868,0.444444444444444,NA,NA,FALSE
868,0.555555555555556,NA,NA,FALSE
868,0.666666666666667,NA,NA,FALSE
868,0.777777777777778,NA,NA,FALSE
868,0.888888888888889,NA,NA,FALSE
868,1,NA,NA,FALSE
869,0,NA,NA,FALSE
869,0.111111111111111,NA,NA,FALSE
869,0.222222222222222,NA,NA,FALSE
869,0.333333333333333,NA,NA,FALSE
869,0.444444444444444,NA,NA,FALSE
869,0.555555555555556,NA,NA,FALSE
869,0.666666666666667,NA,NA,FALSE
869,0.777777777777778,NA,NA,FALSE
869,0.888888888888889,NA,NA,FALSE
869,1,NA,NA,FALSE
870,0,NA,NA,FALSE
870,0.111111111111111,NA,NA,FALSE
870,0.222222222222222,NA,NA,FALSE
870,0.333333333333333,NA,NA,FALSE
870,0.444444444444444,NA,NA,FALSE
870,0.555555555555556,NA,NA,FALSE
870,0.666666666666667,NA,NA,FALSE
870,0.777777777777778,NA,NA,FALSE
870,0.888888888888889,NA,NA,FALSE
870,1,NA,NA,FALSE
871,0,NA,NA,FALSE
871,0.111111111111111,NA,NA,TRUE
871,0.222222222222222,NA,NA,TRUE
871,0.333333333333333,NA,NA,TRUE
871,0.444444444444444,NA,NA,TRUE
871,0.555555555555556,NA,NA,TRUE
871,0.666666666666667,NA,NA,TRUE
871,0.777777777777778,NA,NA,TRUE
871,0.888888888888889,NA,NA,FALSE
871,1,NA,NA,FALSE
872,0,NA,NA,FALSE
872,0.111111111111111,NA,NA,FALSE
872,0.222222222222222,NA,NA,FALSE
872,0.333333333333333,NA,NA,FALSE
872,0.444444444444444,NA,NA,FALSE
872,0.555555555555556,NA,NA,FALSE
872,0.666666666666667,NA,NA,FALSE
872,0.777777777777778,NA,NA,FALSE
872,0.888888888888889,NA,NA,FALSE
872,1,NA,NA,FALSE
873,0,NA,NA,FALSE
873,0.111111111111111,NA,NA,FALSE
873,0.222222222222222,NA,NA,FALSE
873,0.333333333333333,NA,NA,FALSE
873,0.444444444444444,NA,NA,FALSE
873,0.555555555555556,NA,NA,FALSE
873,0.666666666666667,NA,NA,FALSE
873,0.777777777777778,NA,NA,FALSE
873,0.888888888888889,NA,NA,FALSE
873,1,NA,NA,FALSE
874,0,NA,NA,FALSE
874,0.111111111111111,NA,NA,FALSE
874,0.222222222222222,NA,NA,FALSE
874,0.333333333333333,NA,NA,FALSE
874,0.444444444444444,NA,NA,FALSE
874,0.555555555555556,NA,NA,TRUE
874,0.666666666666667,NA,NA,FALSE
874,0.777777777777778,NA,NA,FALSE
874,0.888888888888889,NA,NA,FALSE
874,1,NA,NA,FALSE
875,0,NA,NA,FALSE
875,0.111111111111111,NA,NA,FALSE
875,0.222222222222222,NA,NA,FALSE
875,0.333333333333333,NA,NA,FALSE
875,0.444444444444444,NA,NA,FALSE
875,0.555555555555556,NA,NA,FALSE
875,0.666666666666667,NA,NA,FALSE
875,0.777777777777778,NA,NA,FALSE
875,0.888888888888889,NA,NA,FALSE
875,1,NA,NA,FALSE
876,0,NA,NA,FALSE
876,0.111111111111111,NA,NA,TRUE
876,0.222222222222222,NA,NA,TRUE
876,0.333333333333333,NA,NA,TRUE
876,0.444444444444444,NA,NA,TRUE
876,0.555555555555556,NA,NA,TRUE
876,0.666666666666667,NA,NA,TRUE
876,0.777777777777778,NA,NA,TRUE
876,0.888888888888889,NA,NA,FALSE
876,1,NA,NA,FALSE
877,0,NA,NA,FALSE
877,0.111111111111111,NA,NA,TRUE
877,0.222222222222222,NA,NA,TRUE
877,0.333333333333333,NA,NA,TRUE
877,0.444444444444444,NA,NA,TRUE
877,0.555555555555556,NA,NA,TRUE
877,0.666666666666667,NA,NA,TRUE
877,0.777777777777778,NA,NA,TRUE
877,0.888888888888889,NA,NA,TRUE
877,1,NA,NA,FALSE
878,0,NA,NA,FALSE
878,0.111111111111111,NA,NA,FALSE
878,0.222222222222222,NA,NA,FALSE
878,0.333333333333333,NA,NA,FALSE
878,0.444444444444444,NA,NA,TRUE
878,0.555555555555556,NA,NA,TRUE
878,0.666666666666667,NA,NA,FALSE
878,0.777777777777778,NA,NA,FALSE
878,0.888888888888889,NA,NA,FALSE
878,1,NA,NA,FALSE
879,0,NA,NA,FALSE
879,0.111111111111111,NA,NA,FALSE
879,0.222222222222222,NA,NA,FALSE
879,0.333333333333333,NA,NA,FALSE
879,0.444444444444444,NA,NA,FALSE
879,0.555555555555556,NA,NA,FALSE
879,0.666666666666667,NA,NA,FALSE
879,0.777777777777778,NA,NA,FALSE
879,0.888888888888889,NA,NA,FALSE
879,1,NA,NA,FALSE
880,0,NA,NA,FALSE
880,0.111111111111111,NA,NA,FALSE
880,0.222222222222222,NA,NA,TRUE
880,0.333333333333333,NA,NA,TRUE
880,0.444444444444444,NA,NA,TRUE
880,0.555555555555556,NA,NA,TRUE
880,0.666666666666667,NA,NA,FALSE
880,0.777777777777778,NA,NA,FALSE
880,0.888888888888889,NA,NA,FALSE
880,1,NA,NA,FALSE
881,0,NA,NA,FALSE
881,0.111111111111111,NA,NA,FALSE
881,0.222222222222222,NA,NA,FALSE
881,0.333333333333333,NA,NA,FALSE
881,0.444444444444444,NA,NA,FALSE
881,0.555555555555556,NA,NA,FALSE
881,0.666666666666667,NA,NA,FALSE
881,0.777777777777778,NA,NA,FALSE
881,0.888888888888889,NA,NA,FALSE
881,1,NA,NA,FALSE
882,0,NA,NA,FALSE
882,0.111111111111111,NA,NA,FALSE
882,0.222222222222222,NA,NA,FALSE
882,0.333333333333333,NA,NA,FALSE
882,0.444444444444444,NA,NA,FALSE
882,0.555555555555556,NA,NA,FALSE
882,0.666666666666667,NA,NA,FALSE
882,0.777777777777778,NA,NA,FALSE
882,0.888888888888889,NA,NA,FALSE
882,1,NA,NA,FALSE
883,0,NA,NA,FALSE
883,0.111111111111111,NA,NA,FALSE
883,0.222222222222222,NA,NA,FALSE
883,0.333333333333333,NA,NA,FALSE
883,0.444444444444444,NA,NA,FALSE
883,0.555555555555556,NA,NA,TRUE
883,0.666666666666667,NA,NA,TRUE
883,0.777777777777778,NA,NA,FALSE
883,0.888888888888889,NA,NA,FALSE
883,1,NA,NA,FALSE
884,0,NA,NA,FALSE
884,0.111111111111111,NA,NA,FALSE
884,0.222222222222222,NA,NA,FALSE
884,0.333333333333333,NA,NA,TRUE
884,0.444444444444444,NA,NA,TRUE
884,0.555555555555556,NA,NA,TRUE
884,0.666666666666667,NA,NA,TRUE
884,0.777777777777778,NA,NA,TRUE
884,0.888888888888889,NA,NA,TRUE
884,1,NA,NA,TRUE
885,0,NA,NA,FALSE
885,0.111111111111111,NA,NA,FALSE
885,0.222222222222222,NA,NA,FALSE
885,0.333333333333333,NA,NA,FALSE
885,0.444444444444444,NA,NA,FALSE
885,0.555555555555556,NA,NA,FALSE
885,0.666666666666667,NA,NA,FALSE
885,0.777777777777778,NA,NA,FALSE
885,0.888888888888889,NA,NA,FALSE
885,1,NA,NA,FALSE
886,0,NA,NA,FALSE
886,0.111111111111111,NA,NA,FALSE
886,0.222222222222222,NA,NA,FALSE
886,0.333333333333333,NA,NA,FALSE
886,0.444444444444444,NA,NA,TRUE
886,0.555555555555556,NA,NA,FALSE
886,0.666666666666667,NA,NA,FALSE
886,0.777777777777778,NA,NA,FALSE
886,0.888888888888889,NA,NA,FALSE
886,1,NA,NA,FALSE
887,0,NA,NA,FALSE
887,0.111111111111111,NA,NA,FALSE
887,0.222222222222222,NA,NA,FALSE
887,0.333333333333333,NA,NA,FALSE
887,0.444444444444444,NA,NA,FALSE
887,0.555555555555556,NA,NA,FALSE
887,0.666666666666667,NA,NA,FALSE
887,0.777777777777778,NA,NA,FALSE
887,0.888888888888889,NA,NA,FALSE
887,1,NA,NA,FALSE
888,0,NA,NA,FALSE
888,0.111111111111111,NA,NA,FALSE
888,0.222222222222222,NA,NA,FALSE
888,0.333333333333333,NA,NA,FALSE
888,0.444444444444444,NA,NA,FALSE
888,0.555555555555556,NA,NA,FALSE
888,0.666666666666667,NA,NA,FALSE
888,0.777777777777778,NA,NA,FALSE
888,0.888888888888889,NA,NA,FALSE
888,1,NA,NA,FALSE
889,0,NA,NA,FALSE
889,0.111111111111111,NA,NA,FALSE
889,0.222222222222222,NA,NA,FALSE
889,0.333333333333333,NA,NA,FALSE
889,0.444444444444444,NA,NA,FALSE
889,0.555555555555556,NA,NA,FALSE
889,0.666666666666667,NA,NA,FALSE
889,0.777777777777778,NA,NA,FALSE
889,0.888888888888889,NA,NA,FALSE
889,1,NA,NA,FALSE
890,0,NA,NA,FALSE
890,0.111111111111111,NA,NA,FALSE
890,0.222222222222222,NA,NA,FALSE
890,0.333333333333333,NA,NA,TRUE
890,0.444444444444444,NA,NA,TRUE
890,0.555555555555556,NA,NA,TRUE
890,0.666666666666667,NA,NA,FALSE
890,0.777777777777778,NA,NA,FALSE
890,0.888888888888889,NA,NA,FALSE
890,1,NA,NA,FALSE
891,0,NA,NA,FALSE
891,0.111111111111111,NA,NA,FALSE
891,0.222222222222222,NA,NA,FALSE
891,0.333333333333333,NA,NA,FALSE
891,0.444444444444444,NA,NA,TRUE
891,0.555555555555556,NA,NA,FALSE
891,0.666666666666667,NA,NA,FALSE
891,0.777777777777778,NA,NA,FALSE
891,0.888888888888889,NA,NA,FALSE
891,1,NA,NA,FALSE
892,0,NA,NA,FALSE
892,0.111111111111111,NA,NA,FALSE
892,0.222222222222222,NA,NA,FALSE
892,0.333333333333333,NA,NA,FALSE
892,0.444444444444444,NA,NA,FALSE
892,0.555555555555556,NA,NA,FALSE
892,0.666666666666667,NA,NA,FALSE
892,0.777777777777778,NA,NA,FALSE
892,0.888888888888889,NA,NA,FALSE
892,1,NA,NA,FALSE
893,0,NA,NA,FALSE
893,0.111111111111111,NA,NA,FALSE
893,0.222222222222222,NA,NA,FALSE
893,0.333333333333333,NA,NA,FALSE
893,0.444444444444444,NA,NA,TRUE
893,0.555555555555556,NA,NA,TRUE
893,0.666666666666667,NA,NA,FALSE
893,0.777777777777778,NA,NA,FALSE
893,0.888888888888889,NA,NA,FALSE
893,1,NA,NA,FALSE
894,0,NA,NA,FALSE
894,0.111111111111111,NA,NA,FALSE
894,0.222222222222222,NA,NA,FALSE
894,0.333333333333333,NA,NA,FALSE
894,0.444444444444444,NA,NA,FALSE
894,0.555555555555556,NA,NA,FALSE
894,0.666666666666667,NA,NA,FALSE
894,0.777777777777778,NA,NA,FALSE
894,0.888888888888889,NA,NA,FALSE
894,1,NA,NA,FALSE
895,0,NA,NA,FALSE
895,0.111111111111111,NA,NA,FALSE
895,0.222222222222222,NA,NA,FALSE
895,0.333333333333333,NA,NA,FALSE
895,0.444444444444444,NA,NA,FALSE
895,0.555555555555556,NA,NA,TRUE
895,0.666666666666667,NA,NA,FALSE
895,0.777777777777778,NA,NA,FALSE
895,0.888888888888889,NA,NA,FALSE
895,1,NA,NA,FALSE
896,0,NA,NA,FALSE
896,0.111111111111111,NA,NA,FALSE
896,0.222222222222222,NA,NA,FALSE
896,0.333333333333333,NA,NA,FALSE
896,0.444444444444444,NA,NA,FALSE
896,0.555555555555556,NA,NA,FALSE
896,0.666666666666667,NA,NA,FALSE
896,0.777777777777778,NA,NA,FALSE
896,0.888888888888889,NA,NA,FALSE
896,1,NA,NA,FALSE
897,0,NA,NA,FALSE
897,0.111111111111111,NA,NA,FALSE
897,0.222222222222222,NA,NA,FALSE
897,0.333333333333333,NA,NA,FALSE
897,0.444444444444444,NA,NA,FALSE
897,0.555555555555556,NA,NA,FALSE
897,0.666666666666667,NA,NA,FALSE
897,0.777777777777778,NA,NA,FALSE
897,0.888888888888889,NA,NA,FALSE
897,1,NA,NA,FALSE
898,0,NA,NA,FALSE
898,0.111111111111111,NA,NA,FALSE
898,0.222222222222222,NA,NA,FALSE
898,0.333333333333333,NA,NA,FALSE
898,0.444444444444444,NA,NA,FALSE
898,0.555555555555556,NA,NA,FALSE
898,0.666666666666667,NA,NA,FALSE
898,0.777777777777778,NA,NA,FALSE
898,0.888888888888889,NA,NA,FALSE
898,1,NA,NA,FALSE
899,0,NA,NA,FALSE
899,0.111111111111111,NA,NA,FALSE
899,0.222222222222222,NA,NA,FALSE
899,0.333333333333333,NA,NA,FALSE
899,0.444444444444444,NA,NA,FALSE
899,0.555555555555556,NA,NA,FALSE
899,0.666666666666667,NA,NA,FALSE
899,0.777777777777778,NA,NA,FALSE
899,0.888888888888889,NA,NA,FALSE
899,1,NA,NA,FALSE
900,0,NA,NA,FALSE
900,0.111111111111111,NA,NA,FALSE
900,0.222222222222222,NA,NA,FALSE
900,0.333333333333333,NA,NA,FALSE
900,0.444444444444444,NA,NA,FALSE
900,0.555555555555556,NA,NA,FALSE
900,0.666666666666667,NA,NA,FALSE
900,0.777777777777778,NA,NA,FALSE
900,0.888888888888889,NA,NA,FALSE
900,1,NA,NA,FALSE
901,0,NA,NA,FALSE
901,0.111111111111111,NA,NA,FALSE
901,0.222222222222222,NA,NA,FALSE
901,0.333333333333333,NA,NA,FALSE
901,0.444444444444444,NA,NA,TRUE
901,0.555555555555556,NA,NA,TRUE
901,0.666666666666667,NA,NA,FALSE
901,0.777777777777778,NA,NA,FALSE
901,0.888888888888889,NA,NA,FALSE
901,1,NA,NA,FALSE
902,0,NA,NA,FALSE
902,0.111111111111111,NA,NA,FALSE
902,0.222222222222222,NA,NA,FALSE
902,0.333333333333333,NA,NA,FALSE
902,0.444444444444444,NA,NA,FALSE
902,0.555555555555556,NA,NA,FALSE
902,0.666666666666667,NA,NA,FALSE
902,0.777777777777778,NA,NA,FALSE
902,0.888888888888889,NA,NA,FALSE
902,1,NA,NA,FALSE
903,0,NA,NA,FALSE
903,0.111111111111111,NA,NA,FALSE
903,0.222222222222222,NA,NA,FALSE
903,0.333333333333333,NA,NA,TRUE
903,0.444444444444444,NA,NA,TRUE
903,0.555555555555556,NA,NA,TRUE
903,0.666666666666667,NA,NA,FALSE
903,0.777777777777778,NA,NA,FALSE
903,0.888888888888889,NA,NA,FALSE
903,1,NA,NA,FALSE
904,0,NA,NA,FALSE
904,0.111111111111111,NA,NA,FALSE
904,0.222222222222222,NA,NA,FALSE
904,0.333333333333333,NA,NA,FALSE
904,0.444444444444444,NA,NA,FALSE
904,0.555555555555556,NA,NA,TRUE
904,0.666666666666667,NA,NA,FALSE
904,0.777777777777778,NA,NA,FALSE
904,0.888888888888889,NA,NA,FALSE
904,1,NA,NA,FALSE
905,0,NA,NA,FALSE
905,0.111111111111111,NA,NA,FALSE
905,0.222222222222222,NA,NA,FALSE
905,0.333333333333333,NA,NA,FALSE
905,0.444444444444444,NA,NA,TRUE
905,0.555555555555556,NA,NA,TRUE
905,0.666666666666667,NA,NA,FALSE
905,0.777777777777778,NA,NA,FALSE
905,0.888888888888889,NA,NA,FALSE
905,1,NA,NA,FALSE
906,0,NA,NA,FALSE
906,0.111111111111111,NA,NA,FALSE
906,0.222222222222222,NA,NA,FALSE
906,0.333333333333333,NA,NA,FALSE
906,0.444444444444444,NA,NA,FALSE
906,0.555555555555556,NA,NA,FALSE
906,0.666666666666667,NA,NA,FALSE
906,0.777777777777778,NA,NA,FALSE
906,0.888888888888889,NA,NA,FALSE
906,1,NA,NA,FALSE
907,0,NA,NA,FALSE
907,0.111111111111111,NA,NA,FALSE
907,0.222222222222222,NA,NA,FALSE
907,0.333333333333333,NA,NA,FALSE
907,0.444444444444444,NA,NA,TRUE
907,0.555555555555556,NA,NA,TRUE
907,0.666666666666667,NA,NA,FALSE
907,0.777777777777778,NA,NA,FALSE
907,0.888888888888889,NA,NA,FALSE
907,1,NA,NA,FALSE
908,0,NA,NA,FALSE
908,0.111111111111111,NA,NA,FALSE
908,0.222222222222222,NA,NA,FALSE
908,0.333333333333333,NA,NA,FALSE
908,0.444444444444444,NA,NA,FALSE
908,0.555555555555556,NA,NA,FALSE
908,0.666666666666667,NA,NA,FALSE
908,0.777777777777778,NA,NA,FALSE
908,0.888888888888889,NA,NA,FALSE
908,1,NA,NA,FALSE
909,0,NA,NA,FALSE
909,0.111111111111111,NA,NA,FALSE
909,0.222222222222222,NA,NA,FALSE
909,0.333333333333333,NA,NA,FALSE
909,0.444444444444444,NA,NA,FALSE
909,0.555555555555556,NA,NA,FALSE
909,0.666666666666667,NA,NA,FALSE
909,0.777777777777778,NA,NA,FALSE
909,0.888888888888889,NA,NA,FALSE
909,1,NA,NA,FALSE
910,0,NA,NA,FALSE
910,0.111111111111111,NA,NA,FALSE
910,0.222222222222222,NA,NA,TRUE
910,0.333333333333333,NA,NA,TRUE
910,0.444444444444444,NA,NA,TRUE
910,0.555555555555556,NA,NA,TRUE
910,0.666666666666667,NA,NA,TRUE
910,0.777777777777778,NA,NA,FALSE
910,0.888888888888889,NA,NA,FALSE
910,1,NA,NA,FALSE
911,0,NA,NA,FALSE
911,0.111111111111111,NA,NA,TRUE
911,0.222222222222222,NA,NA,TRUE
911,0.333333333333333,NA,NA,TRUE
911,0.444444444444444,NA,NA,TRUE
911,0.555555555555556,NA,NA,TRUE
911,0.666666666666667,NA,NA,TRUE
911,0.777777777777778,NA,NA,FALSE
911,0.888888888888889,NA,NA,FALSE
911,1,NA,NA,FALSE
912,0,NA,NA,FALSE
912,0.111111111111111,NA,NA,FALSE
912,0.222222222222222,NA,NA,FALSE
912,0.333333333333333,NA,NA,TRUE
912,0.444444444444444,NA,NA,TRUE
912,0.555555555555556,NA,NA,TRUE
912,0.666666666666667,NA,NA,TRUE
912,0.777777777777778,NA,NA,TRUE
912,0.888888888888889,NA,NA,TRUE
912,1,NA,NA,FALSE
913,0,NA,NA,FALSE
913,0.111111111111111,NA,NA,FALSE
913,0.222222222222222,NA,NA,FALSE
913,0.333333333333333,NA,NA,FALSE
913,0.444444444444444,NA,NA,TRUE
913,0.555555555555556,NA,NA,TRUE
913,0.666666666666667,NA,NA,FALSE
913,0.777777777777778,NA,NA,FALSE
913,0.888888888888889,NA,NA,FALSE
913,1,NA,NA,FALSE
914,0,NA,NA,FALSE
914,0.111111111111111,NA,NA,FALSE
914,0.222222222222222,NA,NA,FALSE
914,0.333333333333333,NA,NA,FALSE
914,0.444444444444444,NA,NA,FALSE
914,0.555555555555556,NA,NA,FALSE
914,0.666666666666667,NA,NA,FALSE
914,0.777777777777778,NA,NA,FALSE
914,0.888888888888889,NA,NA,FALSE
914,1,NA,NA,FALSE
915,0,NA,NA,FALSE
915,0.111111111111111,NA,NA,FALSE
915,0.222222222222222,NA,NA,FALSE
915,0.333333333333333,NA,NA,TRUE
915,0.444444444444444,NA,NA,TRUE
915,0.555555555555556,NA,NA,TRUE
915,0.666666666666667,NA,NA,FALSE
915,0.777777777777778,NA,NA,FALSE
915,0.888888888888889,NA,NA,FALSE
915,1,NA,NA,FALSE
916,0,NA,NA,FALSE
916,0.111111111111111,NA,NA,FALSE
916,0.222222222222222,NA,NA,TRUE
916,0.333333333333333,NA,NA,TRUE
916,0.444444444444444,NA,NA,TRUE
916,0.555555555555556,NA,NA,TRUE
916,0.666666666666667,NA,NA,TRUE
916,0.777777777777778,NA,NA,FALSE
916,0.888888888888889,NA,NA,FALSE
916,1,NA,NA,FALSE
917,0,NA,NA,FALSE
917,0.111111111111111,NA,NA,FALSE
917,0.222222222222222,NA,NA,FALSE
917,0.333333333333333,NA,NA,FALSE
917,0.444444444444444,NA,NA,FALSE
917,0.555555555555556,NA,NA,FALSE
917,0.666666666666667,NA,NA,FALSE
917,0.777777777777778,NA,NA,FALSE
917,0.888888888888889,NA,NA,FALSE
917,1,NA,NA,FALSE
918,0,NA,NA,FALSE
918,0.111111111111111,NA,NA,FALSE
918,0.222222222222222,NA,NA,FALSE
918,0.333333333333333,NA,NA,FALSE
918,0.444444444444444,NA,NA,FALSE
918,0.555555555555556,NA,NA,FALSE
918,0.666666666666667,NA,NA,FALSE
918,0.777777777777778,NA,NA,FALSE
918,0.888888888888889,NA,NA,FALSE
918,1,NA,NA,FALSE
919,0,NA,NA,FALSE
919,0.111111111111111,NA,NA,FALSE
919,0.222222222222222,NA,NA,FALSE
919,0.333333333333333,NA,NA,TRUE
919,0.444444444444444,NA,NA,TRUE
919,0.555555555555556,NA,NA,TRUE
919,0.666666666666667,NA,NA,TRUE
919,0.777777777777778,NA,NA,FALSE
919,0.888888888888889,NA,NA,FALSE
919,1,NA,NA,FALSE
920,0,NA,NA,FALSE
920,0.111111111111111,NA,NA,FALSE
920,0.222222222222222,NA,NA,FALSE
920,0.333333333333333,NA,NA,FALSE
920,0.444444444444444,NA,NA,TRUE
920,0.555555555555556,NA,NA,TRUE
920,0.666666666666667,NA,NA,TRUE
920,0.777777777777778,NA,NA,FALSE
920,0.888888888888889,NA,NA,FALSE
920,1,NA,NA,FALSE
921,0,NA,NA,FALSE
921,0.111111111111111,NA,NA,FALSE
921,0.222222222222222,NA,NA,FALSE
921,0.333333333333333,NA,NA,FALSE
921,0.444444444444444,NA,NA,FALSE
921,0.555555555555556,NA,NA,FALSE
921,0.666666666666667,NA,NA,FALSE
921,0.777777777777778,NA,NA,FALSE
921,0.888888888888889,NA,NA,FALSE
921,1,NA,NA,FALSE
922,0,NA,NA,FALSE
922,0.111111111111111,NA,NA,FALSE
922,0.222222222222222,NA,NA,FALSE
922,0.333333333333333,NA,NA,FALSE
922,0.444444444444444,NA,NA,FALSE
922,0.555555555555556,NA,NA,FALSE
922,0.666666666666667,NA,NA,FALSE
922,0.777777777777778,NA,NA,FALSE
922,0.888888888888889,NA,NA,FALSE
922,1,NA,NA,FALSE
923,0,NA,NA,FALSE
923,0.111111111111111,NA,NA,FALSE
923,0.222222222222222,NA,NA,FALSE
923,0.333333333333333,NA,NA,FALSE
923,0.444444444444444,NA,NA,TRUE
923,0.555555555555556,NA,NA,TRUE
923,0.666666666666667,NA,NA,FALSE
923,0.777777777777778,NA,NA,FALSE
923,0.888888888888889,NA,NA,FALSE
923,1,NA,NA,FALSE
924,0,NA,NA,FALSE
924,0.111111111111111,NA,NA,FALSE
924,0.222222222222222,NA,NA,FALSE
924,0.333333333333333,NA,NA,TRUE
924,0.444444444444444,NA,NA,TRUE
924,0.555555555555556,NA,NA,TRUE
924,0.666666666666667,NA,NA,TRUE
924,0.777777777777778,NA,NA,FALSE
924,0.888888888888889,NA,NA,FALSE
924,1,NA,NA,FALSE
925,0,NA,NA,FALSE
925,0.111111111111111,NA,NA,FALSE
925,0.222222222222222,NA,NA,FALSE
925,0.333333333333333,NA,NA,FALSE
925,0.444444444444444,NA,NA,TRUE
925,0.555555555555556,NA,NA,TRUE
925,0.666666666666667,NA,NA,TRUE
925,0.777777777777778,NA,NA,FALSE
925,0.888888888888889,NA,NA,FALSE
925,1,NA,NA,FALSE
926,0,NA,NA,FALSE
926,0.111111111111111,NA,NA,FALSE
926,0.222222222222222,NA,NA,FALSE
926,0.333333333333333,NA,NA,TRUE
926,0.444444444444444,NA,NA,TRUE
926,0.555555555555556,NA,NA,TRUE
926,0.666666666666667,NA,NA,TRUE
926,0.777777777777778,NA,NA,FALSE
926,0.888888888888889,NA,NA,FALSE
926,1,NA,NA,FALSE
927,0,NA,NA,FALSE
927,0.111111111111111,NA,NA,FALSE
927,0.222222222222222,NA,NA,FALSE
927,0.333333333333333,NA,NA,FALSE
927,0.444444444444444,NA,NA,FALSE
927,0.555555555555556,NA,NA,FALSE
927,0.666666666666667,NA,NA,FALSE
927,0.777777777777778,NA,NA,FALSE
927,0.888888888888889,NA,NA,FALSE
927,1,NA,NA,FALSE
928,0,NA,NA,FALSE
928,0.111111111111111,NA,NA,FALSE
928,0.222222222222222,NA,NA,FALSE
928,0.333333333333333,NA,NA,FALSE
928,0.444444444444444,NA,NA,FALSE
928,0.555555555555556,NA,NA,FALSE
928,0.666666666666667,NA,NA,FALSE
928,0.777777777777778,NA,NA,FALSE
928,0.888888888888889,NA,NA,FALSE
928,1,NA,NA,FALSE
929,0,NA,NA,FALSE
929,0.111111111111111,NA,NA,FALSE
929,0.222222222222222,NA,NA,FALSE
929,0.333333333333333,NA,NA,TRUE
929,0.444444444444444,NA,NA,TRUE
929,0.555555555555556,NA,NA,TRUE
929,0.666666666666667,NA,NA,FALSE
929,0.777777777777778,NA,NA,FALSE
929,0.888888888888889,NA,NA,FALSE
929,1,NA,NA,FALSE
930,0,NA,NA,FALSE
930,0.111111111111111,NA,NA,FALSE
930,0.222222222222222,NA,NA,FALSE
930,0.333333333333333,NA,NA,FALSE
930,0.444444444444444,NA,NA,TRUE
930,0.555555555555556,NA,NA,TRUE
930,0.666666666666667,NA,NA,FALSE
930,0.777777777777778,NA,NA,FALSE
930,0.888888888888889,NA,NA,FALSE
930,1,NA,NA,FALSE
931,0,NA,NA,FALSE
931,0.111111111111111,NA,NA,FALSE
931,0.222222222222222,NA,NA,FALSE
931,0.333333333333333,NA,NA,FALSE
931,0.444444444444444,NA,NA,FALSE
931,0.555555555555556,NA,NA,TRUE
931,0.666666666666667,NA,NA,FALSE
931,0.777777777777778,NA,NA,FALSE
931,0.888888888888889,NA,NA,FALSE
931,1,NA,NA,FALSE
932,0,NA,NA,FALSE
932,0.111111111111111,NA,NA,FALSE
932,0.222222222222222,NA,NA,TRUE
932,0.333333333333333,NA,NA,TRUE
932,0.444444444444444,NA,NA,TRUE
932,0.555555555555556,NA,NA,TRUE
932,0.666666666666667,NA,NA,FALSE
932,0.777777777777778,NA,NA,FALSE
932,0.888888888888889,NA,NA,FALSE
932,1,NA,NA,FALSE
933,0,NA,NA,FALSE
933,0.111111111111111,NA,NA,FALSE
933,0.222222222222222,NA,NA,FALSE
933,0.333333333333333,NA,NA,TRUE
933,0.444444444444444,NA,NA,TRUE
933,0.555555555555556,NA,NA,TRUE
933,0.666666666666667,NA,NA,TRUE
933,0.777777777777778,NA,NA,FALSE
933,0.888888888888889,NA,NA,FALSE
933,1,NA,NA,FALSE
934,0,NA,NA,FALSE
934,0.111111111111111,NA,NA,FALSE
934,0.222222222222222,NA,NA,FALSE
934,0.333333333333333,NA,NA,FALSE
934,0.444444444444444,NA,NA,FALSE
934,0.555555555555556,NA,NA,FALSE
934,0.666666666666667,NA,NA,FALSE
934,0.777777777777778,NA,NA,FALSE
934,0.888888888888889,NA,NA,FALSE
934,1,NA,NA,FALSE
935,0,NA,NA,FALSE
935,0.111111111111111,NA,NA,FALSE
935,0.222222222222222,NA,NA,FALSE
935,0.333333333333333,NA,NA,FALSE
935,0.444444444444444,NA,NA,FALSE
935,0.555555555555556,NA,NA,FALSE
935,0.666666666666667,NA,NA,FALSE
935,0.777777777777778,NA,NA,FALSE
935,0.888888888888889,NA,NA,FALSE
935,1,NA,NA,FALSE
936,0,NA,NA,FALSE
936,0.111111111111111,NA,NA,FALSE
936,0.222222222222222,NA,NA,FALSE
936,0.333333333333333,NA,NA,FALSE
936,0.444444444444444,NA,NA,FALSE
936,0.555555555555556,NA,NA,FALSE
936,0.666666666666667,NA,NA,FALSE
936,0.777777777777778,NA,NA,FALSE
936,0.888888888888889,NA,NA,FALSE
936,1,NA,NA,FALSE
937,0,NA,NA,FALSE
937,0.111111111111111,NA,NA,FALSE
937,0.222222222222222,NA,NA,FALSE
937,0.333333333333333,NA,NA,FALSE
937,0.444444444444444,NA,NA,TRUE
937,0.555555555555556,NA,NA,TRUE
937,0.666666666666667,NA,NA,TRUE
937,0.777777777777778,NA,NA,FALSE
937,0.888888888888889,NA,NA,FALSE
937,1,NA,NA,FALSE
938,0,NA,NA,FALSE
938,0.111111111111111,NA,NA,FALSE
938,0.222222222222222,NA,NA,FALSE
938,0.333333333333333,NA,NA,TRUE
938,0.444444444444444,NA,NA,TRUE
938,0.555555555555556,NA,NA,TRUE
938,0.666666666666667,NA,NA,TRUE
938,0.777777777777778,NA,NA,FALSE
938,0.888888888888889,NA,NA,FALSE
938,1,NA,NA,FALSE
939,0,NA,NA,FALSE
939,0.111111111111111,NA,NA,FALSE
939,0.222222222222222,NA,NA,FALSE
939,0.333333333333333,NA,NA,FALSE
939,0.444444444444444,NA,NA,TRUE
939,0.555555555555556,NA,NA,TRUE
939,0.666666666666667,NA,NA,FALSE
939,0.777777777777778,NA,NA,FALSE
939,0.888888888888889,NA,NA,FALSE
939,1,NA,NA,FALSE
940,0,NA,NA,FALSE
940,0.111111111111111,NA,NA,FALSE
940,0.222222222222222,NA,NA,FALSE
940,0.333333333333333,NA,NA,FALSE
940,0.444444444444444,NA,NA,FALSE
940,0.555555555555556,NA,NA,FALSE
940,0.666666666666667,NA,NA,FALSE
940,0.777777777777778,NA,NA,FALSE
940,0.888888888888889,NA,NA,FALSE
940,1,NA,NA,FALSE
941,0,NA,NA,FALSE
941,0.111111111111111,NA,NA,FALSE
941,0.222222222222222,NA,NA,FALSE
941,0.333333333333333,NA,NA,FALSE
941,0.444444444444444,NA,NA,FALSE
941,0.555555555555556,NA,NA,FALSE
941,0.666666666666667,NA,NA,FALSE
941,0.777777777777778,NA,NA,FALSE
941,0.888888888888889,NA,NA,FALSE
941,1,NA,NA,FALSE
942,0,NA,NA,FALSE
942,0.111111111111111,NA,NA,FALSE
942,0.222222222222222,NA,NA,FALSE
942,0.333333333333333,NA,NA,TRUE
942,0.444444444444444,NA,NA,TRUE
942,0.555555555555556,NA,NA,TRUE
942,0.666666666666667,NA,NA,TRUE
942,0.777777777777778,NA,NA,FALSE
942,0.888888888888889,NA,NA,FALSE
942,1,NA,NA,FALSE
943,0,NA,NA,FALSE
943,0.111111111111111,NA,NA,FALSE
943,0.222222222222222,NA,NA,FALSE
943,0.333333333333333,NA,NA,FALSE
943,0.444444444444444,NA,NA,FALSE
943,0.555555555555556,NA,NA,TRUE
943,0.666666666666667,NA,NA,TRUE
943,0.777777777777778,NA,NA,FALSE
943,0.888888888888889,NA,NA,FALSE
943,1,NA,NA,FALSE
944,0,NA,NA,FALSE
944,0.111111111111111,NA,NA,FALSE
944,0.222222222222222,NA,NA,FALSE
944,0.333333333333333,NA,NA,FALSE
944,0.444444444444444,NA,NA,FALSE
944,0.555555555555556,NA,NA,FALSE
944,0.666666666666667,NA,NA,FALSE
944,0.777777777777778,NA,NA,FALSE
944,0.888888888888889,NA,NA,FALSE
944,1,NA,NA,FALSE
945,0,NA,NA,FALSE
945,0.111111111111111,NA,NA,FALSE
945,0.222222222222222,NA,NA,FALSE
945,0.333333333333333,NA,NA,FALSE
945,0.444444444444444,NA,NA,FALSE
945,0.555555555555556,NA,NA,TRUE
945,0.666666666666667,NA,NA,FALSE
945,0.777777777777778,NA,NA,FALSE
945,0.888888888888889,NA,NA,FALSE
945,1,NA,NA,FALSE
946,0,NA,NA,FALSE
946,0.111111111111111,NA,NA,FALSE
946,0.222222222222222,NA,NA,FALSE
946,0.333333333333333,NA,NA,TRUE
946,0.444444444444444,NA,NA,TRUE
946,0.555555555555556,NA,NA,TRUE
946,0.666666666666667,NA,NA,FALSE
946,0.777777777777778,NA,NA,FALSE
946,0.888888888888889,NA,NA,FALSE
946,1,NA,NA,FALSE
947,0,NA,NA,FALSE
947,0.111111111111111,NA,NA,FALSE
947,0.222222222222222,NA,NA,FALSE
947,0.333333333333333,NA,NA,FALSE
947,0.444444444444444,NA,NA,TRUE
947,0.555555555555556,NA,NA,TRUE
947,0.666666666666667,NA,NA,FALSE
947,0.777777777777778,NA,NA,FALSE
947,0.888888888888889,NA,NA,FALSE
947,1,NA,NA,FALSE
948,0,NA,NA,FALSE
948,0.111111111111111,NA,NA,FALSE
948,0.222222222222222,NA,NA,FALSE
948,0.333333333333333,NA,NA,FALSE
948,0.444444444444444,NA,NA,FALSE
948,0.555555555555556,NA,NA,FALSE
948,0.666666666666667,NA,NA,FALSE
948,0.777777777777778,NA,NA,FALSE
948,0.888888888888889,NA,NA,FALSE
948,1,NA,NA,FALSE
949,0,NA,NA,FALSE
949,0.111111111111111,NA,NA,FALSE
949,0.222222222222222,NA,NA,FALSE
949,0.333333333333333,NA,NA,FALSE
949,0.444444444444444,NA,NA,FALSE
949,0.555555555555556,NA,NA,TRUE
949,0.666666666666667,NA,NA,FALSE
949,0.777777777777778,NA,NA,FALSE
949,0.888888888888889,NA,NA,FALSE
949,1,NA,NA,FALSE
950,0,NA,NA,FALSE
950,0.111111111111111,NA,NA,TRUE
950,0.222222222222222,NA,NA,TRUE
950,0.333333333333333,NA,NA,TRUE
950,0.444444444444444,NA,NA,TRUE
950,0.555555555555556,NA,NA,TRUE
950,0.666666666666667,NA,NA,TRUE
950,0.777777777777778,NA,NA,TRUE
950,0.888888888888889,NA,NA,TRUE
950,1,NA,NA,TRUE
951,0,NA,NA,FALSE
951,0.111111111111111,NA,NA,FALSE
951,0.222222222222222,NA,NA,TRUE
951,0.333333333333333,NA,NA,TRUE
951,0.444444444444444,NA,NA,TRUE
951,0.555555555555556,NA,NA,TRUE
951,0.666666666666667,NA,NA,FALSE
951,0.777777777777778,NA,NA,FALSE
951,0.888888888888889,NA,NA,FALSE
951,1,NA,NA,FALSE
952,0,NA,NA,FALSE
952,0.111111111111111,NA,NA,FALSE
952,0.222222222222222,NA,NA,FALSE
952,0.333333333333333,NA,NA,FALSE
952,0.444444444444444,NA,NA,FALSE
952,0.555555555555556,NA,NA,FALSE
952,0.666666666666667,NA,NA,FALSE
952,0.777777777777778,NA,NA,FALSE
952,0.888888888888889,NA,NA,FALSE
952,1,NA,NA,FALSE
953,0,NA,NA,FALSE
953,0.111111111111111,NA,NA,FALSE
953,0.222222222222222,NA,NA,FALSE
953,0.333333333333333,NA,NA,FALSE
953,0.444444444444444,NA,NA,TRUE
953,0.555555555555556,NA,NA,TRUE
953,0.666666666666667,NA,NA,FALSE
953,0.777777777777778,NA,NA,FALSE
953,0.888888888888889,NA,NA,FALSE
953,1,NA,NA,FALSE
954,0,NA,NA,FALSE
954,0.111111111111111,NA,NA,FALSE
954,0.222222222222222,NA,NA,FALSE
954,0.333333333333333,NA,NA,FALSE
954,0.444444444444444,NA,NA,TRUE
954,0.555555555555556,NA,NA,TRUE
954,0.666666666666667,NA,NA,FALSE
954,0.777777777777778,NA,NA,FALSE
954,0.888888888888889,NA,NA,FALSE
954,1,NA,NA,FALSE
955,0,NA,NA,FALSE
955,0.111111111111111,NA,NA,FALSE
955,0.222222222222222,NA,NA,FALSE
955,0.333333333333333,NA,NA,FALSE
955,0.444444444444444,NA,NA,FALSE
955,0.555555555555556,NA,NA,TRUE
955,0.666666666666667,NA,NA,FALSE
955,0.777777777777778,NA,NA,FALSE
955,0.888888888888889,NA,NA,FALSE
955,1,NA,NA,FALSE
956,0,NA,NA,FALSE
956,0.111111111111111,NA,NA,FALSE
956,0.222222222222222,NA,NA,FALSE
956,0.333333333333333,NA,NA,TRUE
956,0.444444444444444,NA,NA,TRUE
956,0.555555555555556,NA,NA,TRUE
956,0.666666666666667,NA,NA,TRUE
956,0.777777777777778,NA,NA,TRUE
956,0.888888888888889,NA,NA,FALSE
956,1,NA,NA,FALSE
957,0,NA,NA,FALSE
957,0.111111111111111,NA,NA,FALSE
957,0.222222222222222,NA,NA,FALSE
957,0.333333333333333,NA,NA,FALSE
957,0.444444444444444,NA,NA,FALSE
957,0.555555555555556,NA,NA,FALSE
957,0.666666666666667,NA,NA,FALSE
957,0.777777777777778,NA,NA,FALSE
957,0.888888888888889,NA,NA,FALSE
957,1,NA,NA,FALSE
958,0,NA,NA,FALSE
958,0.111111111111111,NA,NA,FALSE
958,0.222222222222222,NA,NA,FALSE
958,0.333333333333333,NA,NA,FALSE
958,0.444444444444444,NA,NA,FALSE
958,0.555555555555556,NA,NA,FALSE
958,0.666666666666667,NA,NA,FALSE
958,0.777777777777778,NA,NA,FALSE
958,0.888888888888889,NA,NA,FALSE
958,1,NA,NA,FALSE
959,0,NA,NA,FALSE
959,0.111111111111111,NA,NA,FALSE
959,0.222222222222222,NA,NA,FALSE
959,0.333333333333333,NA,NA,FALSE
959,0.444444444444444,NA,NA,FALSE
959,0.555555555555556,NA,NA,FALSE
959,0.666666666666667,NA,NA,FALSE
959,0.777777777777778,NA,NA,FALSE
959,0.888888888888889,NA,NA,FALSE
959,1,NA,NA,FALSE
960,0,NA,NA,FALSE
960,0.111111111111111,NA,NA,TRUE
960,0.222222222222222,NA,NA,TRUE
960,0.333333333333333,NA,NA,TRUE
960,0.444444444444444,NA,NA,TRUE
960,0.555555555555556,NA,NA,TRUE
960,0.666666666666667,NA,NA,TRUE
960,0.777777777777778,NA,NA,FALSE
960,0.888888888888889,NA,NA,FALSE
960,1,NA,NA,FALSE
961,0,NA,NA,FALSE
961,0.111111111111111,NA,NA,FALSE
961,0.222222222222222,NA,NA,FALSE
961,0.333333333333333,NA,NA,TRUE
961,0.444444444444444,NA,NA,TRUE
961,0.555555555555556,NA,NA,TRUE
961,0.666666666666667,NA,NA,TRUE
961,0.777777777777778,NA,NA,FALSE
961,0.888888888888889,NA,NA,FALSE
961,1,NA,NA,FALSE
962,0,NA,NA,FALSE
962,0.111111111111111,NA,NA,FALSE
962,0.222222222222222,NA,NA,FALSE
962,0.333333333333333,NA,NA,FALSE
962,0.444444444444444,NA,NA,FALSE
962,0.555555555555556,NA,NA,FALSE
962,0.666666666666667,NA,NA,FALSE
962,0.777777777777778,NA,NA,FALSE
962,0.888888888888889,NA,NA,FALSE
962,1,NA,NA,FALSE
963,0,NA,NA,FALSE
963,0.111111111111111,NA,NA,FALSE
963,0.222222222222222,NA,NA,FALSE
963,0.333333333333333,NA,NA,FALSE
963,0.444444444444444,NA,NA,FALSE
963,0.555555555555556,NA,NA,FALSE
963,0.666666666666667,NA,NA,FALSE
963,0.777777777777778,NA,NA,FALSE
963,0.888888888888889,NA,NA,FALSE
963,1,NA,NA,FALSE
964,0,NA,NA,FALSE
964,0.111111111111111,NA,NA,FALSE
964,0.222222222222222,NA,NA,FALSE
964,0.333333333333333,NA,NA,TRUE
964,0.444444444444444,NA,NA,TRUE
964,0.555555555555556,NA,NA,TRUE
964,0.666666666666667,NA,NA,FALSE
964,0.777777777777778,NA,NA,FALSE
964,0.888888888888889,NA,NA,FALSE
964,1,NA,NA,FALSE
965,0,NA,NA,FALSE
965,0.111111111111111,NA,NA,FALSE
965,0.222222222222222,NA,NA,FALSE
965,0.333333333333333,NA,NA,TRUE
965,0.444444444444444,NA,NA,TRUE
965,0.555555555555556,NA,NA,TRUE
965,0.666666666666667,NA,NA,TRUE
965,0.777777777777778,NA,NA,FALSE
965,0.888888888888889,NA,NA,FALSE
965,1,NA,NA,FALSE
966,0,NA,NA,FALSE
966,0.111111111111111,NA,NA,FALSE
966,0.222222222222222,NA,NA,FALSE
966,0.333333333333333,NA,NA,FALSE
966,0.444444444444444,NA,NA,TRUE
966,0.555555555555556,NA,NA,TRUE
966,0.666666666666667,NA,NA,TRUE
966,0.777777777777778,NA,NA,FALSE
966,0.888888888888889,NA,NA,FALSE
966,1,NA,NA,TRUE
967,0,NA,NA,FALSE
967,0.111111111111111,NA,NA,FALSE
967,0.222222222222222,NA,NA,FALSE
967,0.333333333333333,NA,NA,TRUE
967,0.444444444444444,NA,NA,TRUE
967,0.555555555555556,NA,NA,TRUE
967,0.666666666666667,NA,NA,TRUE
967,0.777777777777778,NA,NA,FALSE
967,0.888888888888889,NA,NA,FALSE
967,1,NA,NA,FALSE
968,0,NA,NA,FALSE
968,0.111111111111111,NA,NA,FALSE
968,0.222222222222222,NA,NA,FALSE
968,0.333333333333333,NA,NA,FALSE
968,0.444444444444444,NA,NA,TRUE
968,0.555555555555556,NA,NA,TRUE
968,0.666666666666667,NA,NA,TRUE
968,0.777777777777778,NA,NA,TRUE
968,0.888888888888889,NA,NA,FALSE
968,1,NA,NA,FALSE
969,0,NA,NA,FALSE
969,0.111111111111111,NA,NA,FALSE
969,0.222222222222222,NA,NA,FALSE
969,0.333333333333333,NA,NA,TRUE
969,0.444444444444444,NA,NA,TRUE
969,0.555555555555556,NA,NA,TRUE
969,0.666666666666667,NA,NA,FALSE
969,0.777777777777778,NA,NA,FALSE
969,0.888888888888889,NA,NA,FALSE
969,1,NA,NA,FALSE
970,0,NA,NA,FALSE
970,0.111111111111111,NA,NA,FALSE
970,0.222222222222222,NA,NA,FALSE
970,0.333333333333333,NA,NA,FALSE
970,0.444444444444444,NA,NA,FALSE
970,0.555555555555556,NA,NA,TRUE
970,0.666666666666667,NA,NA,FALSE
970,0.777777777777778,NA,NA,FALSE
970,0.888888888888889,NA,NA,FALSE
970,1,NA,NA,FALSE
971,0,NA,NA,FALSE
971,0.111111111111111,NA,NA,FALSE
971,0.222222222222222,NA,NA,TRUE
971,0.333333333333333,NA,NA,TRUE
971,0.444444444444444,NA,NA,TRUE
971,0.555555555555556,NA,NA,TRUE
971,0.666666666666667,NA,NA,TRUE
971,0.777777777777778,NA,NA,FALSE
971,0.888888888888889,NA,NA,FALSE
971,1,NA,NA,FALSE
972,0,NA,NA,FALSE
972,0.111111111111111,NA,NA,FALSE
972,0.222222222222222,NA,NA,FALSE
972,0.333333333333333,NA,NA,FALSE
972,0.444444444444444,NA,NA,TRUE
972,0.555555555555556,NA,NA,TRUE
972,0.666666666666667,NA,NA,TRUE
972,0.777777777777778,NA,NA,FALSE
972,0.888888888888889,NA,NA,FALSE
972,1,NA,NA,FALSE
973,0,NA,NA,FALSE
973,0.111111111111111,NA,NA,FALSE
973,0.222222222222222,NA,NA,FALSE
973,0.333333333333333,NA,NA,TRUE
973,0.444444444444444,NA,NA,TRUE
973,0.555555555555556,NA,NA,FALSE
973,0.666666666666667,NA,NA,FALSE
973,0.777777777777778,NA,NA,FALSE
973,0.888888888888889,NA,NA,FALSE
973,1,NA,NA,FALSE
974,0,NA,NA,FALSE
974,0.111111111111111,NA,NA,FALSE
974,0.222222222222222,NA,NA,FALSE
974,0.333333333333333,NA,NA,FALSE
974,0.444444444444444,NA,NA,TRUE
974,0.555555555555556,NA,NA,TRUE
974,0.666666666666667,NA,NA,TRUE
974,0.777777777777778,NA,NA,FALSE
974,0.888888888888889,NA,NA,FALSE
974,1,NA,NA,FALSE
975,0,NA,NA,FALSE
975,0.111111111111111,NA,NA,FALSE
975,0.222222222222222,NA,NA,FALSE
975,0.333333333333333,NA,NA,FALSE
975,0.444444444444444,NA,NA,TRUE
975,0.555555555555556,NA,NA,TRUE
975,0.666666666666667,NA,NA,FALSE
975,0.777777777777778,NA,NA,FALSE
975,0.888888888888889,NA,NA,FALSE
975,1,NA,NA,TRUE
976,0,NA,NA,FALSE
976,0.111111111111111,NA,NA,FALSE
976,0.222222222222222,NA,NA,TRUE
976,0.333333333333333,NA,NA,TRUE
976,0.444444444444444,NA,NA,TRUE
976,0.555555555555556,NA,NA,TRUE
976,0.666666666666667,NA,NA,FALSE
976,0.777777777777778,NA,NA,FALSE
976,0.888888888888889,NA,NA,FALSE
976,1,NA,NA,FALSE
977,0,NA,NA,FALSE
977,0.111111111111111,NA,NA,FALSE
977,0.222222222222222,NA,NA,FALSE
977,0.333333333333333,NA,NA,FALSE
977,0.444444444444444,NA,NA,FALSE
977,0.555555555555556,NA,NA,TRUE
977,0.666666666666667,NA,NA,TRUE
977,0.777777777777778,NA,NA,FALSE
977,0.888888888888889,NA,NA,FALSE
977,1,NA,NA,FALSE
978,0,NA,NA,FALSE
978,0.111111111111111,NA,NA,FALSE
978,0.222222222222222,NA,NA,FALSE
978,0.333333333333333,NA,NA,TRUE
978,0.444444444444444,NA,NA,TRUE
978,0.555555555555556,NA,NA,TRUE
978,0.666666666666667,NA,NA,TRUE
978,0.777777777777778,NA,NA,TRUE
978,0.888888888888889,NA,NA,TRUE
978,1,NA,NA,FALSE
979,0,NA,NA,FALSE
979,0.111111111111111,NA,NA,FALSE
979,0.222222222222222,NA,NA,FALSE
979,0.333333333333333,NA,NA,FALSE
979,0.444444444444444,NA,NA,TRUE
979,0.555555555555556,NA,NA,TRUE
979,0.666666666666667,NA,NA,TRUE
979,0.777777777777778,NA,NA,TRUE
979,0.888888888888889,NA,NA,FALSE
979,1,NA,NA,TRUE
980,0,NA,NA,FALSE
980,0.111111111111111,NA,NA,FALSE
980,0.222222222222222,NA,NA,FALSE
980,0.333333333333333,NA,NA,FALSE
980,0.444444444444444,NA,NA,FALSE
980,0.555555555555556,NA,NA,FALSE
980,0.666666666666667,NA,NA,FALSE
980,0.777777777777778,NA,NA,FALSE
980,0.888888888888889,NA,NA,FALSE
980,1,NA,NA,FALSE
981,0,NA,NA,FALSE
981,0.111111111111111,NA,NA,FALSE
981,0.222222222222222,NA,NA,FALSE
981,0.333333333333333,NA,NA,FALSE
981,0.444444444444444,NA,NA,FALSE
981,0.555555555555556,NA,NA,FALSE
981,0.666666666666667,NA,NA,FALSE
981,0.777777777777778,NA,NA,FALSE
981,0.888888888888889,NA,NA,FALSE
981,1,NA,NA,FALSE
982,0,NA,NA,FALSE
982,0.111111111111111,NA,NA,FALSE
982,0.222222222222222,NA,NA,FALSE
982,0.333333333333333,NA,NA,FALSE
982,0.444444444444444,NA,NA,FALSE
982,0.555555555555556,NA,NA,FALSE
982,0.666666666666667,NA,NA,FALSE
982,0.777777777777778,NA,NA,FALSE
982,0.888888888888889,NA,NA,FALSE
982,1,NA,NA,FALSE
983,0,NA,NA,FALSE
983,0.111111111111111,NA,NA,FALSE
983,0.222222222222222,NA,NA,FALSE
983,0.333333333333333,NA,NA,TRUE
983,0.444444444444444,NA,NA,TRUE
983,0.555555555555556,NA,NA,TRUE
983,0.666666666666667,NA,NA,FALSE
983,0.777777777777778,NA,NA,FALSE
983,0.888888888888889,NA,NA,FALSE
983,1,NA,NA,FALSE
984,0,NA,NA,FALSE
984,0.111111111111111,NA,NA,FALSE
984,0.222222222222222,NA,NA,FALSE
984,0.333333333333333,NA,NA,FALSE
984,0.444444444444444,NA,NA,FALSE
984,0.555555555555556,NA,NA,FALSE
984,0.666666666666667,NA,NA,FALSE
984,0.777777777777778,NA,NA,FALSE
984,0.888888888888889,NA,NA,FALSE
984,1,NA,NA,FALSE
985,0,NA,NA,FALSE
985,0.111111111111111,NA,NA,FALSE
985,0.222222222222222,NA,NA,FALSE
985,0.333333333333333,NA,NA,FALSE
985,0.444444444444444,NA,NA,FALSE
985,0.555555555555556,NA,NA,FALSE
985,0.666666666666667,NA,NA,FALSE
985,0.777777777777778,NA,NA,FALSE
985,0.888888888888889,NA,NA,FALSE
985,1,NA,NA,FALSE
986,0,NA,NA,FALSE
986,0.111111111111111,NA,NA,FALSE
986,0.222222222222222,NA,NA,FALSE
986,0.333333333333333,NA,NA,FALSE
986,0.444444444444444,NA,NA,FALSE
986,0.555555555555556,NA,NA,TRUE
986,0.666666666666667,NA,NA,FALSE
986,0.777777777777778,NA,NA,FALSE
986,0.888888888888889,NA,NA,FALSE
986,1,NA,NA,FALSE
987,0,NA,NA,FALSE
987,0.111111111111111,NA,NA,FALSE
987,0.222222222222222,NA,NA,FALSE
987,0.333333333333333,NA,NA,FALSE
987,0.444444444444444,NA,NA,TRUE
987,0.555555555555556,NA,NA,TRUE
987,0.666666666666667,NA,NA,TRUE
987,0.777777777777778,NA,NA,TRUE
987,0.888888888888889,NA,NA,TRUE
987,1,NA,NA,FALSE
988,0,NA,NA,FALSE
988,0.111111111111111,NA,NA,FALSE
988,0.222222222222222,NA,NA,FALSE
988,0.333333333333333,NA,NA,FALSE
988,0.444444444444444,NA,NA,FALSE
988,0.555555555555556,NA,NA,FALSE
988,0.666666666666667,NA,NA,FALSE
988,0.777777777777778,NA,NA,FALSE
988,0.888888888888889,NA,NA,FALSE
988,1,NA,NA,FALSE
989,0,NA,NA,FALSE
989,0.111111111111111,NA,NA,FALSE
989,0.222222222222222,NA,NA,TRUE
989,0.333333333333333,NA,NA,TRUE
989,0.444444444444444,NA,NA,TRUE
989,0.555555555555556,NA,NA,TRUE
989,0.666666666666667,NA,NA,TRUE
989,0.777777777777778,NA,NA,FALSE
989,0.888888888888889,NA,NA,FALSE
989,1,NA,NA,FALSE
990,0,NA,NA,FALSE
990,0.111111111111111,NA,NA,FALSE
990,0.222222222222222,NA,NA,FALSE
990,0.333333333333333,NA,NA,FALSE
990,0.444444444444444,NA,NA,FALSE
990,0.555555555555556,NA,NA,FALSE
990,0.666666666666667,NA,NA,FALSE
990,0.777777777777778,NA,NA,FALSE
990,0.888888888888889,NA,NA,FALSE
990,1,NA,NA,FALSE
991,0,NA,NA,FALSE
991,0.111111111111111,NA,NA,FALSE
991,0.222222222222222,NA,NA,FALSE
991,0.333333333333333,NA,NA,FALSE
991,0.444444444444444,NA,NA,FALSE
991,0.555555555555556,NA,NA,TRUE
991,0.666666666666667,NA,NA,FALSE
991,0.777777777777778,NA,NA,FALSE
991,0.888888888888889,NA,NA,FALSE
991,1,NA,NA,FALSE
992,0,NA,NA,FALSE
992,0.111111111111111,NA,NA,FALSE
992,0.222222222222222,NA,NA,FALSE
992,0.333333333333333,NA,NA,FALSE
992,0.444444444444444,NA,NA,FALSE
992,0.555555555555556,NA,NA,FALSE
992,0.666666666666667,NA,NA,FALSE
992,0.777777777777778,NA,NA,FALSE
992,0.888888888888889,NA,NA,FALSE
992,1,NA,NA,FALSE
993,0,NA,NA,FALSE
993,0.111111111111111,NA,NA,FALSE
993,0.222222222222222,NA,NA,FALSE
993,0.333333333333333,NA,NA,TRUE
993,0.444444444444444,NA,NA,TRUE
993,0.555555555555556,NA,NA,TRUE
993,0.666666666666667,NA,NA,TRUE
993,0.777777777777778,NA,NA,FALSE
993,0.888888888888889,NA,NA,FALSE
993,1,NA,NA,FALSE
994,0,NA,NA,FALSE
994,0.111111111111111,NA,NA,FALSE
994,0.222222222222222,NA,NA,FALSE
994,0.333333333333333,NA,NA,TRUE
994,0.444444444444444,NA,NA,TRUE
994,0.555555555555556,NA,NA,TRUE
994,0.666666666666667,NA,NA,TRUE
994,0.777777777777778,NA,NA,TRUE
994,0.888888888888889,NA,NA,FALSE
994,1,NA,NA,TRUE
995,0,NA,NA,FALSE
995,0.111111111111111,NA,NA,FALSE
995,0.222222222222222,NA,NA,FALSE
995,0.333333333333333,NA,NA,FALSE
995,0.444444444444444,NA,NA,TRUE
995,0.555555555555556,NA,NA,TRUE
995,0.666666666666667,NA,NA,FALSE
995,0.777777777777778,NA,NA,FALSE
995,0.888888888888889,NA,NA,FALSE
995,1,NA,NA,FALSE
996,0,NA,NA,FALSE
996,0.111111111111111,NA,NA,FALSE
996,0.222222222222222,NA,NA,FALSE
996,0.333333333333333,NA,NA,FALSE
996,0.444444444444444,NA,NA,FALSE
996,0.555555555555556,NA,NA,FALSE
996,0.666666666666667,NA,NA,FALSE
996,0.777777777777778,NA,NA,FALSE
996,0.888888888888889,NA,NA,FALSE
996,1,NA,NA,FALSE
997,0,NA,NA,FALSE
997,0.111111111111111,NA,NA,FALSE
997,0.222222222222222,NA,NA,FALSE
997,0.333333333333333,NA,NA,TRUE
997,0.444444444444444,NA,NA,TRUE
997,0.555555555555556,NA,NA,TRUE
997,0.666666666666667,NA,NA,TRUE
997,0.777777777777778,NA,NA,FALSE
997,0.888888888888889,NA,NA,FALSE
997,1,NA,NA,FALSE
998,0,NA,NA,FALSE
998,0.111111111111111,NA,NA,FALSE
998,0.222222222222222,NA,NA,FALSE
998,0.333333333333333,NA,NA,TRUE
998,0.444444444444444,NA,NA,TRUE
998,0.555555555555556,NA,NA,TRUE
998,0.666666666666667,NA,NA,FALSE
998,0.777777777777778,NA,NA,FALSE
998,0.888888888888889,NA,NA,FALSE
998,1,NA,NA,FALSE
999,0,NA,NA,FALSE
999,0.111111111111111,NA,NA,FALSE
999,0.222222222222222,NA,NA,FALSE
999,0.333333333333333,NA,NA,FALSE
999,0.444444444444444,NA,NA,TRUE
999,0.555555555555556,NA,NA,TRUE
999,0.666666666666667,NA,NA,FALSE
999,0.777777777777778,NA,NA,FALSE
999,0.888888888888889,NA,NA,FALSE
999,1,NA,NA,FALSE
1000,0,NA,NA,FALSE
1000,0.111111111111111,NA,NA,FALSE
1000,0.222222222222222,NA,NA,FALSE
1000,0.333333333333333,NA,NA,FALSE
1000,0.444444444444444,NA,NA,TRUE
1000,0.555555555555556,NA,NA,TRUE
1000,0.666666666666667,NA,NA,TRUE
1000,0.777777777777778,NA,NA,TRUE
1000,0.888888888888889,NA,NA,FALSE
1000,1,NA,NA,FALSE
1001,0,NA,NA,FALSE
1001,0.111111111111111,NA,NA,FALSE
1001,0.222222222222222,NA,NA,FALSE
1001,0.333333333333333,NA,NA,TRUE
1001,0.444444444444444,NA,NA,TRUE
1001,0.555555555555556,NA,NA,TRUE
1001,0.666666666666667,NA,NA,TRUE
1001,0.777777777777778,NA,NA,FALSE
1001,0.888888888888889,NA,NA,FALSE
1001,1,NA,NA,FALSE
1002,0,NA,NA,FALSE
1002,0.111111111111111,NA,NA,FALSE
1002,0.222222222222222,NA,NA,FALSE
1002,0.333333333333333,NA,NA,FALSE
1002,0.444444444444444,NA,NA,FALSE
1002,0.555555555555556,NA,NA,FALSE
1002,0.666666666666667,NA,NA,FALSE
1002,0.777777777777778,NA,NA,FALSE
1002,0.888888888888889,NA,NA,FALSE
1002,1,NA,NA,FALSE
1003,0,NA,NA,FALSE
1003,0.111111111111111,NA,NA,FALSE
1003,0.222222222222222,NA,NA,FALSE
1003,0.333333333333333,NA,NA,TRUE
1003,0.444444444444444,NA,NA,TRUE
1003,0.555555555555556,NA,NA,TRUE
1003,0.666666666666667,NA,NA,TRUE
1003,0.777777777777778,NA,NA,FALSE
1003,0.888888888888889,NA,NA,FALSE
1003,1,NA,NA,FALSE
1004,0,NA,NA,FALSE
1004,0.111111111111111,NA,NA,FALSE
1004,0.222222222222222,NA,NA,TRUE
1004,0.333333333333333,NA,NA,TRUE
1004,0.444444444444444,NA,NA,TRUE
1004,0.555555555555556,NA,NA,TRUE
1004,0.666666666666667,NA,NA,TRUE
1004,0.777777777777778,NA,NA,FALSE
1004,0.888888888888889,NA,NA,FALSE
1004,1,NA,NA,FALSE
1005,0,NA,NA,FALSE
1005,0.111111111111111,NA,NA,FALSE
1005,0.222222222222222,NA,NA,FALSE
1005,0.333333333333333,NA,NA,FALSE
1005,0.444444444444444,NA,NA,FALSE
1005,0.555555555555556,NA,NA,TRUE
1005,0.666666666666667,NA,NA,TRUE
1005,0.777777777777778,NA,NA,FALSE
1005,0.888888888888889,NA,NA,FALSE
1005,1,NA,NA,FALSE
1006,0,NA,NA,FALSE
1006,0.111111111111111,NA,NA,FALSE
1006,0.222222222222222,NA,NA,FALSE
1006,0.333333333333333,NA,NA,TRUE
1006,0.444444444444444,NA,NA,TRUE
1006,0.555555555555556,NA,NA,TRUE
1006,0.666666666666667,NA,NA,FALSE
1006,0.777777777777778,NA,NA,FALSE
1006,0.888888888888889,NA,NA,FALSE
1006,1,NA,NA,FALSE
1007,0,NA,NA,FALSE
1007,0.111111111111111,NA,NA,FALSE
1007,0.222222222222222,NA,NA,FALSE
1007,0.333333333333333,NA,NA,TRUE
1007,0.444444444444444,NA,NA,TRUE
1007,0.555555555555556,NA,NA,TRUE
1007,0.666666666666667,NA,NA,FALSE
1007,0.777777777777778,NA,NA,FALSE
1007,0.888888888888889,NA,NA,FALSE
1007,1,NA,NA,FALSE
1008,0,NA,NA,FALSE
1008,0.111111111111111,NA,NA,FALSE
1008,0.222222222222222,NA,NA,FALSE
1008,0.333333333333333,NA,NA,FALSE
1008,0.444444444444444,NA,NA,FALSE
1008,0.555555555555556,NA,NA,TRUE
1008,0.666666666666667,NA,NA,FALSE
1008,0.777777777777778,NA,NA,FALSE
1008,0.888888888888889,NA,NA,FALSE
1008,1,NA,NA,FALSE
1009,0,NA,NA,FALSE
1009,0.111111111111111,NA,NA,FALSE
1009,0.222222222222222,NA,NA,FALSE
1009,0.333333333333333,NA,NA,FALSE
1009,0.444444444444444,NA,NA,FALSE
1009,0.555555555555556,NA,NA,FALSE
1009,0.666666666666667,NA,NA,FALSE
1009,0.777777777777778,NA,NA,FALSE
1009,0.888888888888889,NA,NA,FALSE
1009,1,NA,NA,FALSE
1010,0,NA,NA,FALSE
1010,0.111111111111111,NA,NA,FALSE
1010,0.222222222222222,NA,NA,TRUE
1010,0.333333333333333,NA,NA,TRUE
1010,0.444444444444444,NA,NA,TRUE
1010,0.555555555555556,NA,NA,TRUE
1010,0.666666666666667,NA,NA,TRUE
1010,0.777777777777778,NA,NA,FALSE
1010,0.888888888888889,NA,NA,FALSE
1010,1,NA,NA,FALSE
1011,0,NA,NA,FALSE
1011,0.111111111111111,NA,NA,FALSE
1011,0.222222222222222,NA,NA,FALSE
1011,0.333333333333333,NA,NA,FALSE
1011,0.444444444444444,NA,NA,TRUE
1011,0.555555555555556,NA,NA,TRUE
1011,0.666666666666667,NA,NA,TRUE
1011,0.777777777777778,NA,NA,FALSE
1011,0.888888888888889,NA,NA,FALSE
1011,1,NA,NA,FALSE
1012,0,NA,NA,FALSE
1012,0.111111111111111,NA,NA,FALSE
1012,0.222222222222222,NA,NA,FALSE
1012,0.333333333333333,NA,NA,TRUE
1012,0.444444444444444,NA,NA,TRUE
1012,0.555555555555556,NA,NA,FALSE
1012,0.666666666666667,NA,NA,FALSE
1012,0.777777777777778,NA,NA,FALSE
1012,0.888888888888889,NA,NA,FALSE
1012,1,NA,NA,FALSE
1013,0,NA,NA,FALSE
1013,0.111111111111111,NA,NA,FALSE
1013,0.222222222222222,NA,NA,FALSE
1013,0.333333333333333,NA,NA,FALSE
1013,0.444444444444444,NA,NA,TRUE
1013,0.555555555555556,NA,NA,TRUE
1013,0.666666666666667,NA,NA,TRUE
1013,0.777777777777778,NA,NA,TRUE
1013,0.888888888888889,NA,NA,FALSE
1013,1,NA,NA,FALSE
1014,0,NA,NA,FALSE
1014,0.111111111111111,NA,NA,FALSE
1014,0.222222222222222,NA,NA,FALSE
1014,0.333333333333333,NA,NA,TRUE
1014,0.444444444444444,NA,NA,TRUE
1014,0.555555555555556,NA,NA,TRUE
1014,0.666666666666667,NA,NA,TRUE
1014,0.777777777777778,NA,NA,TRUE
1014,0.888888888888889,NA,NA,TRUE
1014,1,NA,NA,TRUE
1015,0,NA,NA,FALSE
1015,0.111111111111111,NA,NA,FALSE
1015,0.222222222222222,NA,NA,FALSE
1015,0.333333333333333,NA,NA,TRUE
1015,0.444444444444444,NA,NA,TRUE
1015,0.555555555555556,NA,NA,TRUE
1015,0.666666666666667,NA,NA,FALSE
1015,0.777777777777778,NA,NA,FALSE
1015,0.888888888888889,NA,NA,FALSE
1015,1,NA,NA,FALSE
1016,0,NA,NA,FALSE
1016,0.111111111111111,NA,NA,FALSE
1016,0.222222222222222,NA,NA,TRUE
1016,0.333333333333333,NA,NA,TRUE
1016,0.444444444444444,NA,NA,TRUE
1016,0.555555555555556,NA,NA,TRUE
1016,0.666666666666667,NA,NA,TRUE
1016,0.777777777777778,NA,NA,FALSE
1016,0.888888888888889,NA,NA,FALSE
1016,1,NA,NA,FALSE
1017,0,NA,NA,FALSE
1017,0.111111111111111,NA,NA,FALSE
1017,0.222222222222222,NA,NA,FALSE
1017,0.333333333333333,NA,NA,FALSE
1017,0.444444444444444,NA,NA,FALSE
1017,0.555555555555556,NA,NA,FALSE
1017,0.666666666666667,NA,NA,FALSE
1017,0.777777777777778,NA,NA,FALSE
1017,0.888888888888889,NA,NA,FALSE
1017,1,NA,NA,FALSE
1018,0,NA,NA,FALSE
1018,0.111111111111111,NA,NA,FALSE
1018,0.222222222222222,NA,NA,FALSE
1018,0.333333333333333,NA,NA,TRUE
1018,0.444444444444444,NA,NA,TRUE
1018,0.555555555555556,NA,NA,TRUE
1018,0.666666666666667,NA,NA,TRUE
1018,0.777777777777778,NA,NA,TRUE
1018,0.888888888888889,NA,NA,FALSE
1018,1,NA,NA,TRUE
1019,0,NA,NA,FALSE
1019,0.111111111111111,NA,NA,FALSE
1019,0.222222222222222,NA,NA,FALSE
1019,0.333333333333333,NA,NA,FALSE
1019,0.444444444444444,NA,NA,TRUE
1019,0.555555555555556,NA,NA,TRUE
1019,0.666666666666667,NA,NA,FALSE
1019,0.777777777777778,NA,NA,FALSE
1019,0.888888888888889,NA,NA,FALSE
1019,1,NA,NA,FALSE
1020,0,NA,NA,FALSE
1020,0.111111111111111,NA,NA,FALSE
1020,0.222222222222222,NA,NA,FALSE
1020,0.333333333333333,NA,NA,FALSE
1020,0.444444444444444,NA,NA,TRUE
1020,0.555555555555556,NA,NA,TRUE
1020,0.666666666666667,NA,NA,FALSE
1020,0.777777777777778,NA,NA,FALSE
1020,0.888888888888889,NA,NA,FALSE
1020,1,NA,NA,FALSE
1021,0,NA,NA,FALSE
1021,0.111111111111111,NA,NA,FALSE
1021,0.222222222222222,NA,NA,FALSE
1021,0.333333333333333,NA,NA,TRUE
1021,0.444444444444444,NA,NA,TRUE
1021,0.555555555555556,NA,NA,TRUE
1021,0.666666666666667,NA,NA,TRUE
1021,0.777777777777778,NA,NA,TRUE
1021,0.888888888888889,NA,NA,FALSE
1021,1,NA,NA,TRUE
1022,0,NA,NA,FALSE
1022,0.111111111111111,NA,NA,FALSE
1022,0.222222222222222,NA,NA,FALSE
1022,0.333333333333333,NA,NA,FALSE
1022,0.444444444444444,NA,NA,TRUE
1022,0.555555555555556,NA,NA,TRUE
1022,0.666666666666667,NA,NA,FALSE
1022,0.777777777777778,NA,NA,FALSE
1022,0.888888888888889,NA,NA,FALSE
1022,1,NA,NA,FALSE
1023,0,NA,NA,FALSE
1023,0.111111111111111,NA,NA,FALSE
1023,0.222222222222222,NA,NA,FALSE
1023,0.333333333333333,NA,NA,TRUE
1023,0.444444444444444,NA,NA,TRUE
1023,0.555555555555556,NA,NA,TRUE
1023,0.666666666666667,NA,NA,TRUE
1023,0.777777777777778,NA,NA,FALSE
1023,0.888888888888889,NA,NA,FALSE
1023,1,NA,NA,FALSE
1024,0,NA,NA,FALSE
1024,0.111111111111111,NA,NA,FALSE
1024,0.222222222222222,NA,NA,FALSE
1024,0.333333333333333,NA,NA,FALSE
1024,0.444444444444444,NA,NA,FALSE
1024,0.555555555555556,NA,NA,FALSE
1024,0.666666666666667,NA,NA,FALSE
1024,0.777777777777778,NA,NA,FALSE
1024,0.888888888888889,NA,NA,FALSE
1024,1,NA,NA,FALSE
1025,0,NA,NA,FALSE
1025,0.111111111111111,NA,NA,FALSE
1025,0.222222222222222,NA,NA,TRUE
1025,0.333333333333333,NA,NA,TRUE
1025,0.444444444444444,NA,NA,TRUE
1025,0.555555555555556,NA,NA,TRUE
1025,0.666666666666667,NA,NA,TRUE
1025,0.777777777777778,NA,NA,TRUE
1025,0.888888888888889,NA,NA,FALSE
1025,1,NA,NA,FALSE
1026,0,NA,NA,FALSE
1026,0.111111111111111,NA,NA,FALSE
1026,0.222222222222222,NA,NA,FALSE
1026,0.333333333333333,NA,NA,TRUE
1026,0.444444444444444,NA,NA,TRUE
1026,0.555555555555556,NA,NA,TRUE
1026,0.666666666666667,NA,NA,TRUE
1026,0.777777777777778,NA,NA,FALSE
1026,0.888888888888889,NA,NA,FALSE
1026,1,NA,NA,FALSE
1027,0,NA,NA,FALSE
1027,0.111111111111111,NA,NA,FALSE
1027,0.222222222222222,NA,NA,FALSE
1027,0.333333333333333,NA,NA,FALSE
1027,0.444444444444444,NA,NA,FALSE
1027,0.555555555555556,NA,NA,FALSE
1027,0.666666666666667,NA,NA,FALSE
1027,0.777777777777778,NA,NA,FALSE
1027,0.888888888888889,NA,NA,FALSE
1027,1,NA,NA,FALSE
1028,0,NA,NA,FALSE
1028,0.111111111111111,NA,NA,FALSE
1028,0.222222222222222,NA,NA,FALSE
1028,0.333333333333333,NA,NA,FALSE
1028,0.444444444444444,NA,NA,FALSE
1028,0.555555555555556,NA,NA,FALSE
1028,0.666666666666667,NA,NA,FALSE
1028,0.777777777777778,NA,NA,FALSE
1028,0.888888888888889,NA,NA,FALSE
1028,1,NA,NA,FALSE
1029,0,NA,NA,FALSE
1029,0.111111111111111,NA,NA,FALSE
1029,0.222222222222222,NA,NA,FALSE
1029,0.333333333333333,NA,NA,TRUE
1029,0.444444444444444,NA,NA,TRUE
1029,0.555555555555556,NA,NA,TRUE
1029,0.666666666666667,NA,NA,FALSE
1029,0.777777777777778,NA,NA,FALSE
1029,0.888888888888889,NA,NA,FALSE
1029,1,NA,NA,FALSE
1030,0,NA,NA,FALSE
1030,0.111111111111111,NA,NA,FALSE
1030,0.222222222222222,NA,NA,FALSE
1030,0.333333333333333,NA,NA,FALSE
1030,0.444444444444444,NA,NA,TRUE
1030,0.555555555555556,NA,NA,TRUE
1030,0.666666666666667,NA,NA,FALSE
1030,0.777777777777778,NA,NA,FALSE
1030,0.888888888888889,NA,NA,FALSE
1030,1,NA,NA,FALSE
1031,0,NA,NA,FALSE
1031,0.111111111111111,NA,NA,FALSE
1031,0.222222222222222,NA,NA,TRUE
1031,0.333333333333333,NA,NA,TRUE
1031,0.444444444444444,NA,NA,TRUE
1031,0.555555555555556,NA,NA,TRUE
1031,0.666666666666667,NA,NA,TRUE
1031,0.777777777777778,NA,NA,FALSE
1031,0.888888888888889,NA,NA,FALSE
1031,1,NA,NA,FALSE
1032,0,NA,NA,FALSE
1032,0.111111111111111,NA,NA,FALSE
1032,0.222222222222222,NA,NA,FALSE
1032,0.333333333333333,NA,NA,FALSE
1032,0.444444444444444,NA,NA,TRUE
1032,0.555555555555556,NA,NA,TRUE
1032,0.666666666666667,NA,NA,FALSE
1032,0.777777777777778,NA,NA,FALSE
1032,0.888888888888889,NA,NA,FALSE
1032,1,NA,NA,FALSE
1033,0,NA,NA,FALSE
1033,0.111111111111111,NA,NA,FALSE
1033,0.222222222222222,NA,NA,FALSE
1033,0.333333333333333,NA,NA,TRUE
1033,0.444444444444444,NA,NA,TRUE
1033,0.555555555555556,NA,NA,TRUE
1033,0.666666666666667,NA,NA,TRUE
1033,0.777777777777778,NA,NA,FALSE
1033,0.888888888888889,NA,NA,FALSE
1033,1,NA,NA,FALSE
1034,0,NA,NA,FALSE
1034,0.111111111111111,NA,NA,FALSE
1034,0.222222222222222,NA,NA,FALSE
1034,0.333333333333333,NA,NA,FALSE
1034,0.444444444444444,NA,NA,TRUE
1034,0.555555555555556,NA,NA,TRUE
1034,0.666666666666667,NA,NA,TRUE
1034,0.777777777777778,NA,NA,FALSE
1034,0.888888888888889,NA,NA,FALSE
1034,1,NA,NA,FALSE
1035,0,NA,NA,FALSE
1035,0.111111111111111,NA,NA,FALSE
1035,0.222222222222222,NA,NA,FALSE
1035,0.333333333333333,NA,NA,TRUE
1035,0.444444444444444,NA,NA,TRUE
1035,0.555555555555556,NA,NA,FALSE
1035,0.666666666666667,NA,NA,FALSE
1035,0.777777777777778,NA,NA,FALSE
1035,0.888888888888889,NA,NA,FALSE
1035,1,NA,NA,FALSE
1036,0,NA,NA,FALSE
1036,0.111111111111111,NA,NA,FALSE
1036,0.222222222222222,NA,NA,FALSE
1036,0.333333333333333,NA,NA,TRUE
1036,0.444444444444444,NA,NA,TRUE
1036,0.555555555555556,NA,NA,TRUE
1036,0.666666666666667,NA,NA,TRUE
1036,0.777777777777778,NA,NA,FALSE
1036,0.888888888888889,NA,NA,FALSE
1036,1,NA,NA,TRUE
1037,0,NA,NA,FALSE
1037,0.111111111111111,NA,NA,FALSE
1037,0.222222222222222,NA,NA,FALSE
1037,0.333333333333333,NA,NA,FALSE
1037,0.444444444444444,NA,NA,FALSE
1037,0.555555555555556,NA,NA,FALSE
1037,0.666666666666667,NA,NA,FALSE
1037,0.777777777777778,NA,NA,FALSE
1037,0.888888888888889,NA,NA,FALSE
1037,1,NA,NA,FALSE
1038,0,NA,NA,FALSE
1038,0.111111111111111,NA,NA,FALSE
1038,0.222222222222222,NA,NA,FALSE
1038,0.333333333333333,NA,NA,FALSE
1038,0.444444444444444,NA,NA,FALSE
1038,0.555555555555556,NA,NA,FALSE
1038,0.666666666666667,NA,NA,FALSE
1038,0.777777777777778,NA,NA,FALSE
1038,0.888888888888889,NA,NA,FALSE
1038,1,NA,NA,FALSE
1039,0,NA,NA,FALSE
1039,0.111111111111111,NA,NA,FALSE
1039,0.222222222222222,NA,NA,FALSE
1039,0.333333333333333,NA,NA,TRUE
1039,0.444444444444444,NA,NA,TRUE
1039,0.555555555555556,NA,NA,TRUE
1039,0.666666666666667,NA,NA,TRUE
1039,0.777777777777778,NA,NA,FALSE
1039,0.888888888888889,NA,NA,FALSE
1039,1,NA,NA,FALSE
1040,0,NA,NA,FALSE
1040,0.111111111111111,NA,NA,FALSE
1040,0.222222222222222,NA,NA,FALSE
1040,0.333333333333333,NA,NA,TRUE
1040,0.444444444444444,NA,NA,TRUE
1040,0.555555555555556,NA,NA,TRUE
1040,0.666666666666667,NA,NA,FALSE
1040,0.777777777777778,NA,NA,FALSE
1040,0.888888888888889,NA,NA,FALSE
1040,1,NA,NA,FALSE
1041,0,NA,NA,FALSE
1041,0.111111111111111,NA,NA,FALSE
1041,0.222222222222222,NA,NA,FALSE
1041,0.333333333333333,NA,NA,FALSE
1041,0.444444444444444,NA,NA,FALSE
1041,0.555555555555556,NA,NA,FALSE
1041,0.666666666666667,NA,NA,FALSE
1041,0.777777777777778,NA,NA,FALSE
1041,0.888888888888889,NA,NA,FALSE
1041,1,NA,NA,FALSE
1042,0,NA,NA,FALSE
1042,0.111111111111111,NA,NA,FALSE
1042,0.222222222222222,NA,NA,FALSE
1042,0.333333333333333,NA,NA,TRUE
1042,0.444444444444444,NA,NA,TRUE
1042,0.555555555555556,NA,NA,TRUE
1042,0.666666666666667,NA,NA,TRUE
1042,0.777777777777778,NA,NA,FALSE
1042,0.888888888888889,NA,NA,FALSE
1042,1,NA,NA,FALSE
1043,0,NA,NA,FALSE
1043,0.111111111111111,NA,NA,FALSE
1043,0.222222222222222,NA,NA,FALSE
1043,0.333333333333333,NA,NA,FALSE
1043,0.444444444444444,NA,NA,FALSE
1043,0.555555555555556,NA,NA,FALSE
1043,0.666666666666667,NA,NA,FALSE
1043,0.777777777777778,NA,NA,FALSE
1043,0.888888888888889,NA,NA,FALSE
1043,1,NA,NA,FALSE
1044,0,NA,NA,FALSE
1044,0.111111111111111,NA,NA,FALSE
1044,0.222222222222222,NA,NA,FALSE
1044,0.333333333333333,NA,NA,FALSE
1044,0.444444444444444,NA,NA,FALSE
1044,0.555555555555556,NA,NA,TRUE
1044,0.666666666666667,NA,NA,FALSE
1044,0.777777777777778,NA,NA,FALSE
1044,0.888888888888889,NA,NA,FALSE
1044,1,NA,NA,TRUE
1045,0,NA,NA,FALSE
1045,0.111111111111111,NA,NA,FALSE
1045,0.222222222222222,NA,NA,FALSE
1045,0.333333333333333,NA,NA,FALSE
1045,0.444444444444444,NA,NA,TRUE
1045,0.555555555555556,NA,NA,TRUE
1045,0.666666666666667,NA,NA,FALSE
1045,0.777777777777778,NA,NA,FALSE
1045,0.888888888888889,NA,NA,FALSE
1045,1,NA,NA,TRUE
1046,0,NA,NA,FALSE
1046,0.111111111111111,NA,NA,FALSE
1046,0.222222222222222,NA,NA,FALSE
1046,0.333333333333333,NA,NA,FALSE
1046,0.444444444444444,NA,NA,FALSE
1046,0.555555555555556,NA,NA,TRUE
1046,0.666666666666667,NA,NA,TRUE
1046,0.777777777777778,NA,NA,FALSE
1046,0.888888888888889,NA,NA,FALSE
1046,1,NA,NA,FALSE
1047,0,NA,NA,FALSE
1047,0.111111111111111,NA,NA,FALSE
1047,0.222222222222222,NA,NA,FALSE
1047,0.333333333333333,NA,NA,FALSE
1047,0.444444444444444,NA,NA,FALSE
1047,0.555555555555556,NA,NA,TRUE
1047,0.666666666666667,NA,NA,FALSE
1047,0.777777777777778,NA,NA,FALSE
1047,0.888888888888889,NA,NA,FALSE
1047,1,NA,NA,FALSE
1048,0,NA,NA,FALSE
1048,0.111111111111111,NA,NA,FALSE
1048,0.222222222222222,NA,NA,FALSE
1048,0.333333333333333,NA,NA,FALSE
1048,0.444444444444444,NA,NA,FALSE
1048,0.555555555555556,NA,NA,FALSE
1048,0.666666666666667,NA,NA,FALSE
1048,0.777777777777778,NA,NA,FALSE
1048,0.888888888888889,NA,NA,FALSE
1048,1,NA,NA,FALSE
1049,0,NA,NA,FALSE
1049,0.111111111111111,NA,NA,FALSE
1049,0.222222222222222,NA,NA,FALSE
1049,0.333333333333333,NA,NA,TRUE
1049,0.444444444444444,NA,NA,TRUE
1049,0.555555555555556,NA,NA,TRUE
1049,0.666666666666667,NA,NA,TRUE
1049,0.777777777777778,NA,NA,FALSE
1049,0.888888888888889,NA,NA,FALSE
1049,1,NA,NA,FALSE
1050,0,NA,NA,FALSE
1050,0.111111111111111,NA,NA,FALSE
1050,0.222222222222222,NA,NA,FALSE
1050,0.333333333333333,NA,NA,FALSE
1050,0.444444444444444,NA,NA,TRUE
1050,0.555555555555556,NA,NA,TRUE
1050,0.666666666666667,NA,NA,TRUE
1050,0.777777777777778,NA,NA,FALSE
1050,0.888888888888889,NA,NA,FALSE
1050,1,NA,NA,FALSE
1051,0,NA,NA,FALSE
1051,0.111111111111111,NA,NA,FALSE
1051,0.222222222222222,NA,NA,TRUE
1051,0.333333333333333,NA,NA,TRUE
1051,0.444444444444444,NA,NA,TRUE
1051,0.555555555555556,NA,NA,TRUE
1051,0.666666666666667,NA,NA,TRUE
1051,0.777777777777778,NA,NA,FALSE
1051,0.888888888888889,NA,NA,FALSE
1051,1,NA,NA,FALSE
1052,0,NA,NA,FALSE
1052,0.111111111111111,NA,NA,FALSE
1052,0.222222222222222,NA,NA,FALSE
1052,0.333333333333333,NA,NA,FALSE
1052,0.444444444444444,NA,NA,FALSE
1052,0.555555555555556,NA,NA,FALSE
1052,0.666666666666667,NA,NA,FALSE
1052,0.777777777777778,NA,NA,FALSE
1052,0.888888888888889,NA,NA,FALSE
1052,1,NA,NA,FALSE
1053,0,NA,NA,FALSE
1053,0.111111111111111,NA,NA,FALSE
1053,0.222222222222222,NA,NA,FALSE
1053,0.333333333333333,NA,NA,FALSE
1053,0.444444444444444,NA,NA,TRUE
1053,0.555555555555556,NA,NA,TRUE
1053,0.666666666666667,NA,NA,FALSE
1053,0.777777777777778,NA,NA,FALSE
1053,0.888888888888889,NA,NA,FALSE
1053,1,NA,NA,FALSE
1054,0,NA,NA,FALSE
1054,0.111111111111111,NA,NA,FALSE
1054,0.222222222222222,NA,NA,TRUE
1054,0.333333333333333,NA,NA,TRUE
1054,0.444444444444444,NA,NA,TRUE
1054,0.555555555555556,NA,NA,TRUE
1054,0.666666666666667,NA,NA,TRUE
1054,0.777777777777778,NA,NA,FALSE
1054,0.888888888888889,NA,NA,FALSE
1054,1,NA,NA,FALSE
1055,0,NA,NA,FALSE
1055,0.111111111111111,NA,NA,FALSE
1055,0.222222222222222,NA,NA,FALSE
1055,0.333333333333333,NA,NA,TRUE
1055,0.444444444444444,NA,NA,TRUE
1055,0.555555555555556,NA,NA,TRUE
1055,0.666666666666667,NA,NA,TRUE
1055,0.777777777777778,NA,NA,FALSE
1055,0.888888888888889,NA,NA,FALSE
1055,1,NA,NA,FALSE
1056,0,NA,NA,FALSE
1056,0.111111111111111,NA,NA,FALSE
1056,0.222222222222222,NA,NA,TRUE
1056,0.333333333333333,NA,NA,TRUE
1056,0.444444444444444,NA,NA,TRUE
1056,0.555555555555556,NA,NA,TRUE
1056,0.666666666666667,NA,NA,TRUE
1056,0.777777777777778,NA,NA,FALSE
1056,0.888888888888889,NA,NA,FALSE
1056,1,NA,NA,FALSE
1057,0,NA,NA,FALSE
1057,0.111111111111111,NA,NA,FALSE
1057,0.222222222222222,NA,NA,FALSE
1057,0.333333333333333,NA,NA,TRUE
1057,0.444444444444444,NA,NA,TRUE
1057,0.555555555555556,NA,NA,TRUE
1057,0.666666666666667,NA,NA,TRUE
1057,0.777777777777778,NA,NA,FALSE
1057,0.888888888888889,NA,NA,FALSE
1057,1,NA,NA,FALSE
1058,0,NA,NA,FALSE
1058,0.111111111111111,NA,NA,FALSE
1058,0.222222222222222,NA,NA,FALSE
1058,0.333333333333333,NA,NA,FALSE
1058,0.444444444444444,NA,NA,FALSE
1058,0.555555555555556,NA,NA,FALSE
1058,0.666666666666667,NA,NA,FALSE
1058,0.777777777777778,NA,NA,FALSE
1058,0.888888888888889,NA,NA,FALSE
1058,1,NA,NA,FALSE
1059,0,NA,NA,FALSE
1059,0.111111111111111,NA,NA,FALSE
1059,0.222222222222222,NA,NA,FALSE
1059,0.333333333333333,NA,NA,FALSE
1059,0.444444444444444,NA,NA,FALSE
1059,0.555555555555556,NA,NA,FALSE
1059,0.666666666666667,NA,NA,FALSE
1059,0.777777777777778,NA,NA,FALSE
1059,0.888888888888889,NA,NA,FALSE
1059,1,NA,NA,FALSE
1060,0,NA,NA,FALSE
1060,0.111111111111111,NA,NA,FALSE
1060,0.222222222222222,NA,NA,FALSE
1060,0.333333333333333,NA,NA,FALSE
1060,0.444444444444444,NA,NA,TRUE
1060,0.555555555555556,NA,NA,TRUE
1060,0.666666666666667,NA,NA,FALSE
1060,0.777777777777778,NA,NA,FALSE
1060,0.888888888888889,NA,NA,FALSE
1060,1,NA,NA,FALSE
1061,0,NA,NA,FALSE
1061,0.111111111111111,NA,NA,FALSE
1061,0.222222222222222,NA,NA,FALSE
1061,0.333333333333333,NA,NA,TRUE
1061,0.444444444444444,NA,NA,TRUE
1061,0.555555555555556,NA,NA,TRUE
1061,0.666666666666667,NA,NA,TRUE
1061,0.777777777777778,NA,NA,FALSE
1061,0.888888888888889,NA,NA,FALSE
1061,1,NA,NA,FALSE
1062,0,NA,NA,FALSE
1062,0.111111111111111,NA,NA,FALSE
1062,0.222222222222222,NA,NA,FALSE
1062,0.333333333333333,NA,NA,FALSE
1062,0.444444444444444,NA,NA,TRUE
1062,0.555555555555556,NA,NA,TRUE
1062,0.666666666666667,NA,NA,FALSE
1062,0.777777777777778,NA,NA,FALSE
1062,0.888888888888889,NA,NA,FALSE
1062,1,NA,NA,FALSE
1063,0,NA,NA,FALSE
1063,0.111111111111111,NA,NA,FALSE
1063,0.222222222222222,NA,NA,FALSE
1063,0.333333333333333,NA,NA,TRUE
1063,0.444444444444444,NA,NA,TRUE
1063,0.555555555555556,NA,NA,TRUE
1063,0.666666666666667,NA,NA,FALSE
1063,0.777777777777778,NA,NA,FALSE
1063,0.888888888888889,NA,NA,FALSE
1063,1,NA,NA,FALSE
1064,0,NA,NA,FALSE
1064,0.111111111111111,NA,NA,FALSE
1064,0.222222222222222,NA,NA,FALSE
1064,0.333333333333333,NA,NA,TRUE
1064,0.444444444444444,NA,NA,TRUE
1064,0.555555555555556,NA,NA,TRUE
1064,0.666666666666667,NA,NA,TRUE
1064,0.777777777777778,NA,NA,FALSE
1064,0.888888888888889,NA,NA,FALSE
1064,1,NA,NA,FALSE
1065,0,NA,NA,FALSE
1065,0.111111111111111,NA,NA,FALSE
1065,0.222222222222222,NA,NA,FALSE
1065,0.333333333333333,NA,NA,TRUE
1065,0.444444444444444,NA,NA,TRUE
1065,0.555555555555556,NA,NA,TRUE
1065,0.666666666666667,NA,NA,FALSE
1065,0.777777777777778,NA,NA,FALSE
1065,0.888888888888889,NA,NA,FALSE
1065,1,NA,NA,FALSE
1066,0,NA,NA,FALSE
1066,0.111111111111111,NA,NA,FALSE
1066,0.222222222222222,NA,NA,FALSE
1066,0.333333333333333,NA,NA,FALSE
1066,0.444444444444444,NA,NA,FALSE
1066,0.555555555555556,NA,NA,TRUE
1066,0.666666666666667,NA,NA,FALSE
1066,0.777777777777778,NA,NA,FALSE
1066,0.888888888888889,NA,NA,FALSE
1066,1,NA,NA,FALSE
1067,0,NA,NA,FALSE
1067,0.111111111111111,NA,NA,FALSE
1067,0.222222222222222,NA,NA,FALSE
1067,0.333333333333333,NA,NA,FALSE
1067,0.444444444444444,NA,NA,FALSE
1067,0.555555555555556,NA,NA,FALSE
1067,0.666666666666667,NA,NA,FALSE
1067,0.777777777777778,NA,NA,FALSE
1067,0.888888888888889,NA,NA,FALSE
1067,1,NA,NA,FALSE
1068,0,NA,NA,FALSE
1068,0.111111111111111,NA,NA,FALSE
1068,0.222222222222222,NA,NA,FALSE
1068,0.333333333333333,NA,NA,TRUE
1068,0.444444444444444,NA,NA,TRUE
1068,0.555555555555556,NA,NA,TRUE
1068,0.666666666666667,NA,NA,TRUE
1068,0.777777777777778,NA,NA,FALSE
1068,0.888888888888889,NA,NA,FALSE
1068,1,NA,NA,FALSE
1069,0,NA,NA,FALSE
1069,0.111111111111111,NA,NA,FALSE
1069,0.222222222222222,NA,NA,FALSE
1069,0.333333333333333,NA,NA,TRUE
1069,0.444444444444444,NA,NA,TRUE
1069,0.555555555555556,NA,NA,TRUE
1069,0.666666666666667,NA,NA,FALSE
1069,0.777777777777778,NA,NA,FALSE
1069,0.888888888888889,NA,NA,FALSE
1069,1,NA,NA,FALSE
1070,0,NA,NA,FALSE
1070,0.111111111111111,NA,NA,FALSE
1070,0.222222222222222,NA,NA,FALSE
1070,0.333333333333333,NA,NA,TRUE
1070,0.444444444444444,NA,NA,TRUE
1070,0.555555555555556,NA,NA,TRUE
1070,0.666666666666667,NA,NA,TRUE
1070,0.777777777777778,NA,NA,TRUE
1070,0.888888888888889,NA,NA,FALSE
1070,1,NA,NA,FALSE
1071,0,NA,NA,FALSE
1071,0.111111111111111,NA,NA,FALSE
1071,0.222222222222222,NA,NA,FALSE
1071,0.333333333333333,NA,NA,FALSE
1071,0.444444444444444,NA,NA,FALSE
1071,0.555555555555556,NA,NA,FALSE
1071,0.666666666666667,NA,NA,FALSE
1071,0.777777777777778,NA,NA,FALSE
1071,0.888888888888889,NA,NA,FALSE
1071,1,NA,NA,FALSE
1072,0,NA,NA,FALSE
1072,0.111111111111111,NA,NA,FALSE
1072,0.222222222222222,NA,NA,FALSE
1072,0.333333333333333,NA,NA,TRUE
1072,0.444444444444444,NA,NA,TRUE
1072,0.555555555555556,NA,NA,TRUE
1072,0.666666666666667,NA,NA,TRUE
1072,0.777777777777778,NA,NA,FALSE
1072,0.888888888888889,NA,NA,FALSE
1072,1,NA,NA,FALSE
1073,0,NA,NA,FALSE
1073,0.111111111111111,NA,NA,FALSE
1073,0.222222222222222,NA,NA,FALSE
1073,0.333333333333333,NA,NA,TRUE
1073,0.444444444444444,NA,NA,TRUE
1073,0.555555555555556,NA,NA,TRUE
1073,0.666666666666667,NA,NA,FALSE
1073,0.777777777777778,NA,NA,FALSE
1073,0.888888888888889,NA,NA,FALSE
1073,1,NA,NA,FALSE
1074,0,NA,NA,FALSE
1074,0.111111111111111,NA,NA,FALSE
1074,0.222222222222222,NA,NA,FALSE
1074,0.333333333333333,NA,NA,TRUE
1074,0.444444444444444,NA,NA,TRUE
1074,0.555555555555556,NA,NA,TRUE
1074,0.666666666666667,NA,NA,TRUE
1074,0.777777777777778,NA,NA,TRUE
1074,0.888888888888889,NA,NA,TRUE
1074,1,NA,NA,FALSE
1075,0,NA,NA,FALSE
1075,0.111111111111111,NA,NA,FALSE
1075,0.222222222222222,NA,NA,FALSE
1075,0.333333333333333,NA,NA,TRUE
1075,0.444444444444444,NA,NA,TRUE
1075,0.555555555555556,NA,NA,TRUE
1075,0.666666666666667,NA,NA,TRUE
1075,0.777777777777778,NA,NA,FALSE
1075,0.888888888888889,NA,NA,FALSE
1075,1,NA,NA,FALSE
1076,0,NA,NA,FALSE
1076,0.111111111111111,NA,NA,FALSE
1076,0.222222222222222,NA,NA,FALSE
1076,0.333333333333333,NA,NA,FALSE
1076,0.444444444444444,NA,NA,FALSE
1076,0.555555555555556,NA,NA,FALSE
1076,0.666666666666667,NA,NA,FALSE
1076,0.777777777777778,NA,NA,FALSE
1076,0.888888888888889,NA,NA,FALSE
1076,1,NA,NA,FALSE
1077,0,NA,NA,FALSE
1077,0.111111111111111,NA,NA,FALSE
1077,0.222222222222222,NA,NA,TRUE
1077,0.333333333333333,NA,NA,TRUE
1077,0.444444444444444,NA,NA,TRUE
1077,0.555555555555556,NA,NA,TRUE
1077,0.666666666666667,NA,NA,TRUE
1077,0.777777777777778,NA,NA,TRUE
1077,0.888888888888889,NA,NA,FALSE
1077,1,NA,NA,FALSE
1078,0,NA,NA,FALSE
1078,0.111111111111111,NA,NA,FALSE
1078,0.222222222222222,NA,NA,FALSE
1078,0.333333333333333,NA,NA,TRUE
1078,0.444444444444444,NA,NA,TRUE
1078,0.555555555555556,NA,NA,TRUE
1078,0.666666666666667,NA,NA,TRUE
1078,0.777777777777778,NA,NA,FALSE
1078,0.888888888888889,NA,NA,FALSE
1078,1,NA,NA,FALSE
1079,0,NA,NA,FALSE
1079,0.111111111111111,NA,NA,FALSE
1079,0.222222222222222,NA,NA,FALSE
1079,0.333333333333333,NA,NA,FALSE
1079,0.444444444444444,NA,NA,TRUE
1079,0.555555555555556,NA,NA,TRUE
1079,0.666666666666667,NA,NA,FALSE
1079,0.777777777777778,NA,NA,FALSE
1079,0.888888888888889,NA,NA,FALSE
1079,1,NA,NA,FALSE
1080,0,NA,NA,FALSE
1080,0.111111111111111,NA,NA,FALSE
1080,0.222222222222222,NA,NA,TRUE
1080,0.333333333333333,NA,NA,TRUE
1080,0.444444444444444,NA,NA,TRUE
1080,0.555555555555556,NA,NA,TRUE
1080,0.666666666666667,NA,NA,TRUE
1080,0.777777777777778,NA,NA,TRUE
1080,0.888888888888889,NA,NA,FALSE
1080,1,NA,NA,FALSE
1081,0,NA,NA,FALSE
1081,0.111111111111111,NA,NA,FALSE
1081,0.222222222222222,NA,NA,TRUE
1081,0.333333333333333,NA,NA,TRUE
1081,0.444444444444444,NA,NA,TRUE
1081,0.555555555555556,NA,NA,TRUE
1081,0.666666666666667,NA,NA,TRUE
1081,0.777777777777778,NA,NA,TRUE
1081,0.888888888888889,NA,NA,TRUE
1081,1,NA,NA,TRUE
1082,0,NA,NA,FALSE
1082,0.111111111111111,NA,NA,FALSE
1082,0.222222222222222,NA,NA,FALSE
1082,0.333333333333333,NA,NA,TRUE
1082,0.444444444444444,NA,NA,TRUE
1082,0.555555555555556,NA,NA,TRUE
1082,0.666666666666667,NA,NA,TRUE
1082,0.777777777777778,NA,NA,TRUE
1082,0.888888888888889,NA,NA,FALSE
1082,1,NA,NA,FALSE
1083,0,NA,NA,FALSE
1083,0.111111111111111,NA,NA,FALSE
1083,0.222222222222222,NA,NA,FALSE
1083,0.333333333333333,NA,NA,FALSE
1083,0.444444444444444,NA,NA,FALSE
1083,0.555555555555556,NA,NA,FALSE
1083,0.666666666666667,NA,NA,FALSE
1083,0.777777777777778,NA,NA,FALSE
1083,0.888888888888889,NA,NA,FALSE
1083,1,NA,NA,FALSE
1084,0,NA,NA,FALSE
1084,0.111111111111111,NA,NA,FALSE
1084,0.222222222222222,NA,NA,TRUE
1084,0.333333333333333,NA,NA,TRUE
1084,0.444444444444444,NA,NA,TRUE
1084,0.555555555555556,NA,NA,TRUE
1084,0.666666666666667,NA,NA,TRUE
1084,0.777777777777778,NA,NA,FALSE
1084,0.888888888888889,NA,NA,FALSE
1084,1,NA,NA,FALSE
1085,0,NA,NA,FALSE
1085,0.111111111111111,NA,NA,FALSE
1085,0.222222222222222,NA,NA,FALSE
1085,0.333333333333333,NA,NA,TRUE
1085,0.444444444444444,NA,NA,TRUE
1085,0.555555555555556,NA,NA,TRUE
1085,0.666666666666667,NA,NA,FALSE
1085,0.777777777777778,NA,NA,FALSE
1085,0.888888888888889,NA,NA,FALSE
1085,1,NA,NA,FALSE
1086,0,NA,NA,FALSE
1086,0.111111111111111,NA,NA,FALSE
1086,0.222222222222222,NA,NA,FALSE
1086,0.333333333333333,NA,NA,FALSE
1086,0.444444444444444,NA,NA,TRUE
1086,0.555555555555556,NA,NA,TRUE
1086,0.666666666666667,NA,NA,TRUE
1086,0.777777777777778,NA,NA,FALSE
1086,0.888888888888889,NA,NA,FALSE
1086,1,NA,NA,FALSE
1087,0,NA,NA,FALSE
1087,0.111111111111111,NA,NA,FALSE
1087,0.222222222222222,NA,NA,FALSE
1087,0.333333333333333,NA,NA,TRUE
1087,0.444444444444444,NA,NA,TRUE
1087,0.555555555555556,NA,NA,TRUE
1087,0.666666666666667,NA,NA,FALSE
1087,0.777777777777778,NA,NA,FALSE
1087,0.888888888888889,NA,NA,FALSE
1087,1,NA,NA,FALSE
1088,0,NA,NA,FALSE
1088,0.111111111111111,NA,NA,FALSE
1088,0.222222222222222,NA,NA,FALSE
1088,0.333333333333333,NA,NA,FALSE
1088,0.444444444444444,NA,NA,FALSE
1088,0.555555555555556,NA,NA,FALSE
1088,0.666666666666667,NA,NA,FALSE
1088,0.777777777777778,NA,NA,FALSE
1088,0.888888888888889,NA,NA,FALSE
1088,1,NA,NA,FALSE
1089,0,NA,NA,FALSE
1089,0.111111111111111,NA,NA,FALSE
1089,0.222222222222222,NA,NA,FALSE
1089,0.333333333333333,NA,NA,FALSE
1089,0.444444444444444,NA,NA,FALSE
1089,0.555555555555556,NA,NA,FALSE
1089,0.666666666666667,NA,NA,FALSE
1089,0.777777777777778,NA,NA,FALSE
1089,0.888888888888889,NA,NA,FALSE
1089,1,NA,NA,FALSE
1090,0,NA,NA,FALSE
1090,0.111111111111111,NA,NA,FALSE
1090,0.222222222222222,NA,NA,FALSE
1090,0.333333333333333,NA,NA,TRUE
1090,0.444444444444444,NA,NA,TRUE
1090,0.555555555555556,NA,NA,TRUE
1090,0.666666666666667,NA,NA,TRUE
1090,0.777777777777778,NA,NA,FALSE
1090,0.888888888888889,NA,NA,FALSE
1090,1,NA,NA,FALSE
1091,0,NA,NA,FALSE
1091,0.111111111111111,NA,NA,FALSE
1091,0.222222222222222,NA,NA,FALSE
1091,0.333333333333333,NA,NA,FALSE
1091,0.444444444444444,NA,NA,TRUE
1091,0.555555555555556,NA,NA,TRUE
1091,0.666666666666667,NA,NA,TRUE
1091,0.777777777777778,NA,NA,FALSE
1091,0.888888888888889,NA,NA,FALSE
1091,1,NA,NA,FALSE
1092,0,NA,NA,FALSE
1092,0.111111111111111,NA,NA,FALSE
1092,0.222222222222222,NA,NA,FALSE
1092,0.333333333333333,NA,NA,TRUE
1092,0.444444444444444,NA,NA,TRUE
1092,0.555555555555556,NA,NA,TRUE
1092,0.666666666666667,NA,NA,TRUE
1092,0.777777777777778,NA,NA,TRUE
1092,0.888888888888889,NA,NA,TRUE
1092,1,NA,NA,TRUE
1093,0,NA,NA,FALSE
1093,0.111111111111111,NA,NA,TRUE
1093,0.222222222222222,NA,NA,TRUE
1093,0.333333333333333,NA,NA,TRUE
1093,0.444444444444444,NA,NA,TRUE
1093,0.555555555555556,NA,NA,TRUE
1093,0.666666666666667,NA,NA,TRUE
1093,0.777777777777778,NA,NA,TRUE
1093,0.888888888888889,NA,NA,FALSE
1093,1,NA,NA,FALSE
1094,0,NA,NA,FALSE
1094,0.111111111111111,NA,NA,FALSE
1094,0.222222222222222,NA,NA,FALSE
1094,0.333333333333333,NA,NA,TRUE
1094,0.444444444444444,NA,NA,TRUE
1094,0.555555555555556,NA,NA,TRUE
1094,0.666666666666667,NA,NA,FALSE
1094,0.777777777777778,NA,NA,FALSE
1094,0.888888888888889,NA,NA,FALSE
1094,1,NA,NA,FALSE
1095,0,NA,NA,FALSE
1095,0.111111111111111,NA,NA,FALSE
1095,0.222222222222222,NA,NA,FALSE
1095,0.333333333333333,NA,NA,FALSE
1095,0.444444444444444,NA,NA,TRUE
1095,0.555555555555556,NA,NA,TRUE
1095,0.666666666666667,NA,NA,TRUE
1095,0.777777777777778,NA,NA,FALSE
1095,0.888888888888889,NA,NA,FALSE
1095,1,NA,NA,FALSE
1096,0,NA,NA,FALSE
1096,0.111111111111111,NA,NA,FALSE
1096,0.222222222222222,NA,NA,FALSE
1096,0.333333333333333,NA,NA,FALSE
1096,0.444444444444444,NA,NA,FALSE
1096,0.555555555555556,NA,NA,FALSE
1096,0.666666666666667,NA,NA,FALSE
1096,0.777777777777778,NA,NA,FALSE
1096,0.888888888888889,NA,NA,FALSE
1096,1,NA,NA,FALSE
1097,0,NA,NA,FALSE
1097,0.111111111111111,NA,NA,FALSE
1097,0.222222222222222,NA,NA,FALSE
1097,0.333333333333333,NA,NA,FALSE
1097,0.444444444444444,NA,NA,TRUE
1097,0.555555555555556,NA,NA,TRUE
1097,0.666666666666667,NA,NA,FALSE
1097,0.777777777777778,NA,NA,FALSE
1097,0.888888888888889,NA,NA,FALSE
1097,1,NA,NA,FALSE
1098,0,NA,NA,FALSE
1098,0.111111111111111,NA,NA,FALSE
1098,0.222222222222222,NA,NA,FALSE
1098,0.333333333333333,NA,NA,TRUE
1098,0.444444444444444,NA,NA,TRUE
1098,0.555555555555556,NA,NA,TRUE
1098,0.666666666666667,NA,NA,FALSE
1098,0.777777777777778,NA,NA,FALSE
1098,0.888888888888889,NA,NA,FALSE
1098,1,NA,NA,FALSE
1099,0,NA,NA,FALSE
1099,0.111111111111111,NA,NA,FALSE
1099,0.222222222222222,NA,NA,FALSE
1099,0.333333333333333,NA,NA,TRUE
1099,0.444444444444444,NA,NA,TRUE
1099,0.555555555555556,NA,NA,TRUE
1099,0.666666666666667,NA,NA,FALSE
1099,0.777777777777778,NA,NA,FALSE
1099,0.888888888888889,NA,NA,FALSE
1099,1,NA,NA,FALSE
1100,0,NA,NA,FALSE
1100,0.111111111111111,NA,NA,FALSE
1100,0.222222222222222,NA,NA,FALSE
1100,0.333333333333333,NA,NA,TRUE
1100,0.444444444444444,NA,NA,TRUE
1100,0.555555555555556,NA,NA,TRUE
1100,0.666666666666667,NA,NA,TRUE
1100,0.777777777777778,NA,NA,FALSE
1100,0.888888888888889,NA,NA,FALSE
1100,1,NA,NA,FALSE
1101,0,NA,NA,FALSE
1101,0.111111111111111,NA,NA,FALSE
1101,0.222222222222222,NA,NA,FALSE
1101,0.333333333333333,NA,NA,FALSE
1101,0.444444444444444,NA,NA,FALSE
1101,0.555555555555556,NA,NA,FALSE
1101,0.666666666666667,NA,NA,FALSE
1101,0.777777777777778,NA,NA,FALSE
1101,0.888888888888889,NA,NA,FALSE
1101,1,NA,NA,FALSE
1102,0,NA,NA,FALSE
1102,0.111111111111111,NA,NA,FALSE
1102,0.222222222222222,NA,NA,FALSE
1102,0.333333333333333,NA,NA,FALSE
1102,0.444444444444444,NA,NA,FALSE
1102,0.555555555555556,NA,NA,FALSE
1102,0.666666666666667,NA,NA,FALSE
1102,0.777777777777778,NA,NA,FALSE
1102,0.888888888888889,NA,NA,FALSE
1102,1,NA,NA,FALSE
1103,0,NA,NA,FALSE
1103,0.111111111111111,NA,NA,FALSE
1103,0.222222222222222,NA,NA,FALSE
1103,0.333333333333333,NA,NA,FALSE
1103,0.444444444444444,NA,NA,TRUE
1103,0.555555555555556,NA,NA,TRUE
1103,0.666666666666667,NA,NA,FALSE
1103,0.777777777777778,NA,NA,FALSE
1103,0.888888888888889,NA,NA,FALSE
1103,1,NA,NA,FALSE
1104,0,NA,NA,FALSE
1104,0.111111111111111,NA,NA,FALSE
1104,0.222222222222222,NA,NA,FALSE
1104,0.333333333333333,NA,NA,FALSE
1104,0.444444444444444,NA,NA,TRUE
1104,0.555555555555556,NA,NA,TRUE
1104,0.666666666666667,NA,NA,TRUE
1104,0.777777777777778,NA,NA,FALSE
1104,0.888888888888889,NA,NA,FALSE
1104,1,NA,NA,FALSE
1105,0,NA,NA,FALSE
1105,0.111111111111111,NA,NA,FALSE
1105,0.222222222222222,NA,NA,FALSE
1105,0.333333333333333,NA,NA,TRUE
1105,0.444444444444444,NA,NA,TRUE
1105,0.555555555555556,NA,NA,TRUE
1105,0.666666666666667,NA,NA,TRUE
1105,0.777777777777778,NA,NA,FALSE
1105,0.888888888888889,NA,NA,FALSE
1105,1,NA,NA,FALSE
1106,0,NA,NA,FALSE
1106,0.111111111111111,NA,NA,TRUE
1106,0.222222222222222,NA,NA,TRUE
1106,0.333333333333333,NA,NA,TRUE
1106,0.444444444444444,NA,NA,TRUE
1106,0.555555555555556,NA,NA,TRUE
1106,0.666666666666667,NA,NA,TRUE
1106,0.777777777777778,NA,NA,TRUE
1106,0.888888888888889,NA,NA,FALSE
1106,1,NA,NA,FALSE
1107,0,NA,NA,FALSE
1107,0.111111111111111,NA,NA,FALSE
1107,0.222222222222222,NA,NA,FALSE
1107,0.333333333333333,NA,NA,FALSE
1107,0.444444444444444,NA,NA,FALSE
1107,0.555555555555556,NA,NA,FALSE
1107,0.666666666666667,NA,NA,FALSE
1107,0.777777777777778,NA,NA,FALSE
1107,0.888888888888889,NA,NA,FALSE
1107,1,NA,NA,FALSE
1108,0,NA,NA,FALSE
1108,0.111111111111111,NA,NA,FALSE
1108,0.222222222222222,NA,NA,FALSE
1108,0.333333333333333,NA,NA,FALSE
1108,0.444444444444444,NA,NA,FALSE
1108,0.555555555555556,NA,NA,FALSE
1108,0.666666666666667,NA,NA,FALSE
1108,0.777777777777778,NA,NA,FALSE
1108,0.888888888888889,NA,NA,FALSE
1108,1,NA,NA,FALSE
1109,0,NA,NA,FALSE
1109,0.111111111111111,NA,NA,FALSE
1109,0.222222222222222,NA,NA,FALSE
1109,0.333333333333333,NA,NA,TRUE
1109,0.444444444444444,NA,NA,TRUE
1109,0.555555555555556,NA,NA,TRUE
1109,0.666666666666667,NA,NA,TRUE
1109,0.777777777777778,NA,NA,FALSE
1109,0.888888888888889,NA,NA,FALSE
1109,1,NA,NA,FALSE
1110,0,NA,NA,FALSE
1110,0.111111111111111,NA,NA,FALSE
1110,0.222222222222222,NA,NA,FALSE
1110,0.333333333333333,NA,NA,TRUE
1110,0.444444444444444,NA,NA,TRUE
1110,0.555555555555556,NA,NA,TRUE
1110,0.666666666666667,NA,NA,FALSE
1110,0.777777777777778,NA,NA,FALSE
1110,0.888888888888889,NA,NA,FALSE
1110,1,NA,NA,FALSE
1111,0,NA,NA,FALSE
1111,0.111111111111111,NA,NA,FALSE
1111,0.222222222222222,NA,NA,FALSE
1111,0.333333333333333,NA,NA,TRUE
1111,0.444444444444444,NA,NA,TRUE
1111,0.555555555555556,NA,NA,TRUE
1111,0.666666666666667,NA,NA,TRUE
1111,0.777777777777778,NA,NA,FALSE
1111,0.888888888888889,NA,NA,FALSE
1111,1,NA,NA,FALSE
1112,0,NA,NA,FALSE
1112,0.111111111111111,NA,NA,FALSE
1112,0.222222222222222,NA,NA,FALSE
1112,0.333333333333333,NA,NA,TRUE
1112,0.444444444444444,NA,NA,TRUE
1112,0.555555555555556,NA,NA,TRUE
1112,0.666666666666667,NA,NA,TRUE
1112,0.777777777777778,NA,NA,TRUE
1112,0.888888888888889,NA,NA,FALSE
1112,1,NA,NA,FALSE
1113,0,NA,NA,FALSE
1113,0.111111111111111,NA,NA,FALSE
1113,0.222222222222222,NA,NA,FALSE
1113,0.333333333333333,NA,NA,FALSE
1113,0.444444444444444,NA,NA,TRUE
1113,0.555555555555556,NA,NA,TRUE
1113,0.666666666666667,NA,NA,TRUE
1113,0.777777777777778,NA,NA,FALSE
1113,0.888888888888889,NA,NA,FALSE
1113,1,NA,NA,FALSE
1114,0,NA,NA,FALSE
1114,0.111111111111111,NA,NA,FALSE
1114,0.222222222222222,NA,NA,FALSE
1114,0.333333333333333,NA,NA,FALSE
1114,0.444444444444444,NA,NA,TRUE
1114,0.555555555555556,NA,NA,TRUE
1114,0.666666666666667,NA,NA,FALSE
1114,0.777777777777778,NA,NA,FALSE
1114,0.888888888888889,NA,NA,FALSE
1114,1,NA,NA,FALSE
1115,0,NA,NA,FALSE
1115,0.111111111111111,NA,NA,FALSE
1115,0.222222222222222,NA,NA,FALSE
1115,0.333333333333333,NA,NA,FALSE
1115,0.444444444444444,NA,NA,TRUE
1115,0.555555555555556,NA,NA,TRUE
1115,0.666666666666667,NA,NA,TRUE
1115,0.777777777777778,NA,NA,FALSE
1115,0.888888888888889,NA,NA,FALSE
1115,1,NA,NA,FALSE
1116,0,NA,NA,FALSE
1116,0.111111111111111,NA,NA,TRUE
1116,0.222222222222222,NA,NA,TRUE
1116,0.333333333333333,NA,NA,TRUE
1116,0.444444444444444,NA,NA,TRUE
1116,0.555555555555556,NA,NA,TRUE
1116,0.666666666666667,NA,NA,TRUE
1116,0.777777777777778,NA,NA,TRUE
1116,0.888888888888889,NA,NA,TRUE
1116,1,NA,NA,TRUE
1117,0,NA,NA,FALSE
1117,0.111111111111111,NA,NA,FALSE
1117,0.222222222222222,NA,NA,FALSE
1117,0.333333333333333,NA,NA,TRUE
1117,0.444444444444444,NA,NA,TRUE
1117,0.555555555555556,NA,NA,TRUE
1117,0.666666666666667,NA,NA,FALSE
1117,0.777777777777778,NA,NA,FALSE
1117,0.888888888888889,NA,NA,FALSE
1117,1,NA,NA,FALSE
1118,0,NA,NA,FALSE
1118,0.111111111111111,NA,NA,FALSE
1118,0.222222222222222,NA,NA,FALSE
1118,0.333333333333333,NA,NA,FALSE
1118,0.444444444444444,NA,NA,TRUE
1118,0.555555555555556,NA,NA,TRUE
1118,0.666666666666667,NA,NA,TRUE
1118,0.777777777777778,NA,NA,FALSE
1118,0.888888888888889,NA,NA,FALSE
1118,1,NA,NA,FALSE
1119,0,NA,NA,FALSE
1119,0.111111111111111,NA,NA,FALSE
1119,0.222222222222222,NA,NA,FALSE
1119,0.333333333333333,NA,NA,FALSE
1119,0.444444444444444,NA,NA,TRUE
1119,0.555555555555556,NA,NA,TRUE
1119,0.666666666666667,NA,NA,TRUE
1119,0.777777777777778,NA,NA,FALSE
1119,0.888888888888889,NA,NA,FALSE
1119,1,NA,NA,FALSE
1120,0,NA,NA,FALSE
1120,0.111111111111111,NA,NA,FALSE
1120,0.222222222222222,NA,NA,FALSE
1120,0.333333333333333,NA,NA,FALSE
1120,0.444444444444444,NA,NA,TRUE
1120,0.555555555555556,NA,NA,TRUE
1120,0.666666666666667,NA,NA,TRUE
1120,0.777777777777778,NA,NA,TRUE
1120,0.888888888888889,NA,NA,FALSE
1120,1,NA,NA,FALSE
1121,0,NA,NA,FALSE
1121,0.111111111111111,NA,NA,FALSE
1121,0.222222222222222,NA,NA,FALSE
1121,0.333333333333333,NA,NA,TRUE
1121,0.444444444444444,NA,NA,TRUE
1121,0.555555555555556,NA,NA,TRUE
1121,0.666666666666667,NA,NA,TRUE
1121,0.777777777777778,NA,NA,FALSE
1121,0.888888888888889,NA,NA,FALSE
1121,1,NA,NA,FALSE
1122,0,NA,NA,FALSE
1122,0.111111111111111,NA,NA,FALSE
1122,0.222222222222222,NA,NA,TRUE
1122,0.333333333333333,NA,NA,TRUE
1122,0.444444444444444,NA,NA,TRUE
1122,0.555555555555556,NA,NA,TRUE
1122,0.666666666666667,NA,NA,TRUE
1122,0.777777777777778,NA,NA,FALSE
1122,0.888888888888889,NA,NA,FALSE
1122,1,NA,NA,FALSE
1123,0,NA,NA,FALSE
1123,0.111111111111111,NA,NA,FALSE
1123,0.222222222222222,NA,NA,FALSE
1123,0.333333333333333,NA,NA,FALSE
1123,0.444444444444444,NA,NA,FALSE
1123,0.555555555555556,NA,NA,FALSE
1123,0.666666666666667,NA,NA,FALSE
1123,0.777777777777778,NA,NA,FALSE
1123,0.888888888888889,NA,NA,FALSE
1123,1,NA,NA,FALSE
1124,0,NA,NA,FALSE
1124,0.111111111111111,NA,NA,FALSE
1124,0.222222222222222,NA,NA,FALSE
1124,0.333333333333333,NA,NA,TRUE
1124,0.444444444444444,NA,NA,TRUE
1124,0.555555555555556,NA,NA,TRUE
1124,0.666666666666667,NA,NA,TRUE
1124,0.777777777777778,NA,NA,TRUE
1124,0.888888888888889,NA,NA,TRUE
1124,1,NA,NA,TRUE
1125,0,NA,NA,FALSE
1125,0.111111111111111,NA,NA,FALSE
1125,0.222222222222222,NA,NA,FALSE
1125,0.333333333333333,NA,NA,FALSE
1125,0.444444444444444,NA,NA,FALSE
1125,0.555555555555556,NA,NA,FALSE
1125,0.666666666666667,NA,NA,FALSE
1125,0.777777777777778,NA,NA,FALSE
1125,0.888888888888889,NA,NA,FALSE
1125,1,NA,NA,FALSE
1126,0,NA,NA,FALSE
1126,0.111111111111111,NA,NA,TRUE
1126,0.222222222222222,NA,NA,TRUE
1126,0.333333333333333,NA,NA,TRUE
1126,0.444444444444444,NA,NA,TRUE
1126,0.555555555555556,NA,NA,TRUE
1126,0.666666666666667,NA,NA,TRUE
1126,0.777777777777778,NA,NA,TRUE
1126,0.888888888888889,NA,NA,FALSE
1126,1,NA,NA,FALSE
1127,0,NA,NA,FALSE
1127,0.111111111111111,NA,NA,FALSE
1127,0.222222222222222,NA,NA,FALSE
1127,0.333333333333333,NA,NA,FALSE
1127,0.444444444444444,NA,NA,FALSE
1127,0.555555555555556,NA,NA,TRUE
1127,0.666666666666667,NA,NA,TRUE
1127,0.777777777777778,NA,NA,FALSE
1127,0.888888888888889,NA,NA,FALSE
1127,1,NA,NA,FALSE
1128,0,NA,NA,FALSE
1128,0.111111111111111,NA,NA,FALSE
1128,0.222222222222222,NA,NA,FALSE
1128,0.333333333333333,NA,NA,TRUE
1128,0.444444444444444,NA,NA,TRUE
1128,0.555555555555556,NA,NA,TRUE
1128,0.666666666666667,NA,NA,TRUE
1128,0.777777777777778,NA,NA,FALSE
1128,0.888888888888889,NA,NA,FALSE
1128,1,NA,NA,FALSE
1129,0,NA,NA,FALSE
1129,0.111111111111111,NA,NA,FALSE
1129,0.222222222222222,NA,NA,FALSE
1129,0.333333333333333,NA,NA,TRUE
1129,0.444444444444444,NA,NA,TRUE
1129,0.555555555555556,NA,NA,TRUE
1129,0.666666666666667,NA,NA,TRUE
1129,0.777777777777778,NA,NA,FALSE
1129,0.888888888888889,NA,NA,FALSE
1129,1,NA,NA,TRUE
1130,0,NA,NA,FALSE
1130,0.111111111111111,NA,NA,FALSE
1130,0.222222222222222,NA,NA,FALSE
1130,0.333333333333333,NA,NA,TRUE
1130,0.444444444444444,NA,NA,TRUE
1130,0.555555555555556,NA,NA,TRUE
1130,0.666666666666667,NA,NA,TRUE
1130,0.777777777777778,NA,NA,FALSE
1130,0.888888888888889,NA,NA,FALSE
1130,1,NA,NA,FALSE
1131,0,NA,NA,FALSE
1131,0.111111111111111,NA,NA,FALSE
1131,0.222222222222222,NA,NA,FALSE
1131,0.333333333333333,NA,NA,FALSE
1131,0.444444444444444,NA,NA,FALSE
1131,0.555555555555556,NA,NA,FALSE
1131,0.666666666666667,NA,NA,FALSE
1131,0.777777777777778,NA,NA,FALSE
1131,0.888888888888889,NA,NA,FALSE
1131,1,NA,NA,FALSE
1132,0,NA,NA,FALSE
1132,0.111111111111111,NA,NA,FALSE
1132,0.222222222222222,NA,NA,FALSE
1132,0.333333333333333,NA,NA,TRUE
1132,0.444444444444444,NA,NA,TRUE
1132,0.555555555555556,NA,NA,TRUE
1132,0.666666666666667,NA,NA,TRUE
1132,0.777777777777778,NA,NA,FALSE
1132,0.888888888888889,NA,NA,FALSE
1132,1,NA,NA,FALSE
1133,0,NA,NA,FALSE
1133,0.111111111111111,NA,NA,TRUE
1133,0.222222222222222,NA,NA,TRUE
1133,0.333333333333333,NA,NA,TRUE
1133,0.444444444444444,NA,NA,TRUE
1133,0.555555555555556,NA,NA,TRUE
1133,0.666666666666667,NA,NA,TRUE
1133,0.777777777777778,NA,NA,FALSE
1133,0.888888888888889,NA,NA,TRUE
1133,1,NA,NA,TRUE
1134,0,NA,NA,FALSE
1134,0.111111111111111,NA,NA,FALSE
1134,0.222222222222222,NA,NA,FALSE
1134,0.333333333333333,NA,NA,FALSE
1134,0.444444444444444,NA,NA,TRUE
1134,0.555555555555556,NA,NA,TRUE
1134,0.666666666666667,NA,NA,TRUE
1134,0.777777777777778,NA,NA,FALSE
1134,0.888888888888889,NA,NA,FALSE
1134,1,NA,NA,FALSE
1135,0,NA,NA,FALSE
1135,0.111111111111111,NA,NA,FALSE
1135,0.222222222222222,NA,NA,FALSE
1135,0.333333333333333,NA,NA,TRUE
1135,0.444444444444444,NA,NA,TRUE
1135,0.555555555555556,NA,NA,TRUE
1135,0.666666666666667,NA,NA,TRUE
1135,0.777777777777778,NA,NA,FALSE
1135,0.888888888888889,NA,NA,FALSE
1135,1,NA,NA,FALSE
1136,0,NA,NA,FALSE
1136,0.111111111111111,NA,NA,FALSE
1136,0.222222222222222,NA,NA,FALSE
1136,0.333333333333333,NA,NA,TRUE
1136,0.444444444444444,NA,NA,TRUE
1136,0.555555555555556,NA,NA,TRUE
1136,0.666666666666667,NA,NA,TRUE
1136,0.777777777777778,NA,NA,FALSE
1136,0.888888888888889,NA,NA,FALSE
1136,1,NA,NA,FALSE
1137,0,NA,NA,FALSE
1137,0.111111111111111,NA,NA,FALSE
1137,0.222222222222222,NA,NA,FALSE
1137,0.333333333333333,NA,NA,FALSE
1137,0.444444444444444,NA,NA,TRUE
1137,0.555555555555556,NA,NA,TRUE
1137,0.666666666666667,NA,NA,FALSE
1137,0.777777777777778,NA,NA,FALSE
1137,0.888888888888889,NA,NA,FALSE
1137,1,NA,NA,FALSE
1138,0,NA,NA,FALSE
1138,0.111111111111111,NA,NA,FALSE
1138,0.222222222222222,NA,NA,FALSE
1138,0.333333333333333,NA,NA,TRUE
1138,0.444444444444444,NA,NA,TRUE
1138,0.555555555555556,NA,NA,TRUE
1138,0.666666666666667,NA,NA,TRUE
1138,0.777777777777778,NA,NA,FALSE
1138,0.888888888888889,NA,NA,FALSE
1138,1,NA,NA,FALSE
1139,0,NA,NA,FALSE
1139,0.111111111111111,NA,NA,FALSE
1139,0.222222222222222,NA,NA,FALSE
1139,0.333333333333333,NA,NA,TRUE
1139,0.444444444444444,NA,NA,TRUE
1139,0.555555555555556,NA,NA,TRUE
1139,0.666666666666667,NA,NA,TRUE
1139,0.777777777777778,NA,NA,FALSE
1139,0.888888888888889,NA,NA,FALSE
1139,1,NA,NA,FALSE
1140,0,NA,NA,FALSE
1140,0.111111111111111,NA,NA,FALSE
1140,0.222222222222222,NA,NA,FALSE
1140,0.333333333333333,NA,NA,TRUE
1140,0.444444444444444,NA,NA,FALSE
1140,0.555555555555556,NA,NA,TRUE
1140,0.666666666666667,NA,NA,TRUE
1140,0.777777777777778,NA,NA,FALSE
1140,0.888888888888889,NA,NA,FALSE
1140,1,NA,NA,FALSE
1141,0,NA,NA,FALSE
1141,0.111111111111111,NA,NA,FALSE
1141,0.222222222222222,NA,NA,FALSE
1141,0.333333333333333,NA,NA,TRUE
1141,0.444444444444444,NA,NA,TRUE
1141,0.555555555555556,NA,NA,TRUE
1141,0.666666666666667,NA,NA,FALSE
1141,0.777777777777778,NA,NA,FALSE
1141,0.888888888888889,NA,NA,FALSE
1141,1,NA,NA,FALSE
1142,0,NA,NA,FALSE
1142,0.111111111111111,NA,NA,FALSE
1142,0.222222222222222,NA,NA,FALSE
1142,0.333333333333333,NA,NA,FALSE
1142,0.444444444444444,NA,NA,TRUE
1142,0.555555555555556,NA,NA,TRUE
1142,0.666666666666667,NA,NA,TRUE
1142,0.777777777777778,NA,NA,FALSE
1142,0.888888888888889,NA,NA,FALSE
1142,1,NA,NA,FALSE
1143,0,NA,NA,FALSE
1143,0.111111111111111,NA,NA,FALSE
1143,0.222222222222222,NA,NA,TRUE
1143,0.333333333333333,NA,NA,TRUE
1143,0.444444444444444,NA,NA,TRUE
1143,0.555555555555556,NA,NA,TRUE
1143,0.666666666666667,NA,NA,TRUE
1143,0.777777777777778,NA,NA,FALSE
1143,0.888888888888889,NA,NA,FALSE
1143,1,NA,NA,FALSE
1144,0,NA,NA,FALSE
1144,0.111111111111111,NA,NA,FALSE
1144,0.222222222222222,NA,NA,FALSE
1144,0.333333333333333,NA,NA,TRUE
1144,0.444444444444444,NA,NA,TRUE
1144,0.555555555555556,NA,NA,TRUE
1144,0.666666666666667,NA,NA,FALSE
1144,0.777777777777778,NA,NA,FALSE
1144,0.888888888888889,NA,NA,FALSE
1144,1,NA,NA,FALSE
1145,0,NA,NA,FALSE
1145,0.111111111111111,NA,NA,FALSE
1145,0.222222222222222,NA,NA,FALSE
1145,0.333333333333333,NA,NA,FALSE
1145,0.444444444444444,NA,NA,FALSE
1145,0.555555555555556,NA,NA,FALSE
1145,0.666666666666667,NA,NA,FALSE
1145,0.777777777777778,NA,NA,FALSE
1145,0.888888888888889,NA,NA,FALSE
1145,1,NA,NA,FALSE
1146,0,NA,NA,FALSE
1146,0.111111111111111,NA,NA,TRUE
1146,0.222222222222222,NA,NA,TRUE
1146,0.333333333333333,NA,NA,TRUE
1146,0.444444444444444,NA,NA,TRUE
1146,0.555555555555556,NA,NA,TRUE
1146,0.666666666666667,NA,NA,TRUE
1146,0.777777777777778,NA,NA,TRUE
1146,0.888888888888889,NA,NA,TRUE
1146,1,NA,NA,FALSE
1147,0,NA,NA,FALSE
1147,0.111111111111111,NA,NA,FALSE
1147,0.222222222222222,NA,NA,FALSE
1147,0.333333333333333,NA,NA,FALSE
1147,0.444444444444444,NA,NA,TRUE
1147,0.555555555555556,NA,NA,TRUE
1147,0.666666666666667,NA,NA,FALSE
1147,0.777777777777778,NA,NA,FALSE
1147,0.888888888888889,NA,NA,FALSE
1147,1,NA,NA,FALSE
1148,0,NA,NA,FALSE
1148,0.111111111111111,NA,NA,FALSE
1148,0.222222222222222,NA,NA,FALSE
1148,0.333333333333333,NA,NA,TRUE
1148,0.444444444444444,NA,NA,TRUE
1148,0.555555555555556,NA,NA,TRUE
1148,0.666666666666667,NA,NA,TRUE
1148,0.777777777777778,NA,NA,TRUE
1148,0.888888888888889,NA,NA,FALSE
1148,1,NA,NA,FALSE
1149,0,NA,NA,FALSE
1149,0.111111111111111,NA,NA,FALSE
1149,0.222222222222222,NA,NA,FALSE
1149,0.333333333333333,NA,NA,FALSE
1149,0.444444444444444,NA,NA,TRUE
1149,0.555555555555556,NA,NA,TRUE
1149,0.666666666666667,NA,NA,TRUE
1149,0.777777777777778,NA,NA,FALSE
1149,0.888888888888889,NA,NA,FALSE
1149,1,NA,NA,FALSE
1150,0,NA,NA,FALSE
1150,0.111111111111111,NA,NA,FALSE
1150,0.222222222222222,NA,NA,FALSE
1150,0.333333333333333,NA,NA,TRUE
1150,0.444444444444444,NA,NA,TRUE
1150,0.555555555555556,NA,NA,TRUE
1150,0.666666666666667,NA,NA,TRUE
1150,0.777777777777778,NA,NA,FALSE
1150,0.888888888888889,NA,NA,FALSE
1150,1,NA,NA,FALSE
1151,0,NA,NA,FALSE
1151,0.111111111111111,NA,NA,FALSE
1151,0.222222222222222,NA,NA,FALSE
1151,0.333333333333333,NA,NA,TRUE
1151,0.444444444444444,NA,NA,TRUE
1151,0.555555555555556,NA,NA,TRUE
1151,0.666666666666667,NA,NA,TRUE
1151,0.777777777777778,NA,NA,FALSE
1151,0.888888888888889,NA,NA,FALSE
1151,1,NA,NA,FALSE
1152,0,NA,NA,FALSE
1152,0.111111111111111,NA,NA,FALSE
1152,0.222222222222222,NA,NA,TRUE
1152,0.333333333333333,NA,NA,TRUE
1152,0.444444444444444,NA,NA,TRUE
1152,0.555555555555556,NA,NA,TRUE
1152,0.666666666666667,NA,NA,TRUE
1152,0.777777777777778,NA,NA,FALSE
1152,0.888888888888889,NA,NA,FALSE
1152,1,NA,NA,FALSE
1153,0,NA,NA,FALSE
1153,0.111111111111111,NA,NA,TRUE
1153,0.222222222222222,NA,NA,TRUE
1153,0.333333333333333,NA,NA,TRUE
1153,0.444444444444444,NA,NA,TRUE
1153,0.555555555555556,NA,NA,TRUE
1153,0.666666666666667,NA,NA,TRUE
1153,0.777777777777778,NA,NA,TRUE
1153,0.888888888888889,NA,NA,FALSE
1153,1,NA,NA,FALSE
1154,0,NA,NA,FALSE
1154,0.111111111111111,NA,NA,FALSE
1154,0.222222222222222,NA,NA,FALSE
1154,0.333333333333333,NA,NA,TRUE
1154,0.444444444444444,NA,NA,TRUE
1154,0.555555555555556,NA,NA,TRUE
1154,0.666666666666667,NA,NA,TRUE
1154,0.777777777777778,NA,NA,FALSE
1154,0.888888888888889,NA,NA,FALSE
1154,1,NA,NA,FALSE
1155,0,NA,NA,FALSE
1155,0.111111111111111,NA,NA,FALSE
1155,0.222222222222222,NA,NA,FALSE
1155,0.333333333333333,NA,NA,TRUE
1155,0.444444444444444,NA,NA,TRUE
1155,0.555555555555556,NA,NA,TRUE
1155,0.666666666666667,NA,NA,TRUE
1155,0.777777777777778,NA,NA,FALSE
1155,0.888888888888889,NA,NA,FALSE
1155,1,NA,NA,FALSE
1156,0,NA,NA,FALSE
1156,0.111111111111111,NA,NA,FALSE
1156,0.222222222222222,NA,NA,FALSE
1156,0.333333333333333,NA,NA,FALSE
1156,0.444444444444444,NA,NA,TRUE
1156,0.555555555555556,NA,NA,TRUE
1156,0.666666666666667,NA,NA,TRUE
1156,0.777777777777778,NA,NA,FALSE
1156,0.888888888888889,NA,NA,FALSE
1156,1,NA,NA,FALSE
1157,0,NA,NA,FALSE
1157,0.111111111111111,NA,NA,FALSE
1157,0.222222222222222,NA,NA,FALSE
1157,0.333333333333333,NA,NA,TRUE
1157,0.444444444444444,NA,NA,TRUE
1157,0.555555555555556,NA,NA,TRUE
1157,0.666666666666667,NA,NA,TRUE
1157,0.777777777777778,NA,NA,FALSE
1157,0.888888888888889,NA,NA,FALSE
1157,1,NA,NA,FALSE
1158,0,NA,NA,FALSE
1158,0.111111111111111,NA,NA,FALSE
1158,0.222222222222222,NA,NA,FALSE
1158,0.333333333333333,NA,NA,TRUE
1158,0.444444444444444,NA,NA,TRUE
1158,0.555555555555556,NA,NA,TRUE
1158,0.666666666666667,NA,NA,TRUE
1158,0.777777777777778,NA,NA,FALSE
1158,0.888888888888889,NA,NA,FALSE
1158,1,NA,NA,FALSE
1159,0,NA,NA,FALSE
1159,0.111111111111111,NA,NA,FALSE
1159,0.222222222222222,NA,NA,FALSE
1159,0.333333333333333,NA,NA,TRUE
1159,0.444444444444444,NA,NA,TRUE
1159,0.555555555555556,NA,NA,TRUE
1159,0.666666666666667,NA,NA,TRUE
1159,0.777777777777778,NA,NA,FALSE
1159,0.888888888888889,NA,NA,FALSE
1159,1,NA,NA,FALSE
1160,0,NA,NA,FALSE
1160,0.111111111111111,NA,NA,FALSE
1160,0.222222222222222,NA,NA,FALSE
1160,0.333333333333333,NA,NA,FALSE
1160,0.444444444444444,NA,NA,TRUE
1160,0.555555555555556,NA,NA,TRUE
1160,0.666666666666667,NA,NA,FALSE
1160,0.777777777777778,NA,NA,FALSE
1160,0.888888888888889,NA,NA,FALSE
1160,1,NA,NA,FALSE
1161,0,NA,NA,FALSE
1161,0.111111111111111,NA,NA,FALSE
1161,0.222222222222222,NA,NA,FALSE
1161,0.333333333333333,NA,NA,FALSE
1161,0.444444444444444,NA,NA,TRUE
1161,0.555555555555556,NA,NA,TRUE
1161,0.666666666666667,NA,NA,FALSE
1161,0.777777777777778,NA,NA,FALSE
1161,0.888888888888889,NA,NA,FALSE
1161,1,NA,NA,FALSE
1162,0,NA,NA,FALSE
1162,0.111111111111111,NA,NA,FALSE
1162,0.222222222222222,NA,NA,FALSE
1162,0.333333333333333,NA,NA,TRUE
1162,0.444444444444444,NA,NA,TRUE
1162,0.555555555555556,NA,NA,FALSE
1162,0.666666666666667,NA,NA,FALSE
1162,0.777777777777778,NA,NA,FALSE
1162,0.888888888888889,NA,NA,FALSE
1162,1,NA,NA,FALSE
1163,0,NA,NA,FALSE
1163,0.111111111111111,NA,NA,FALSE
1163,0.222222222222222,NA,NA,FALSE
1163,0.333333333333333,NA,NA,FALSE
1163,0.444444444444444,NA,NA,FALSE
1163,0.555555555555556,NA,NA,FALSE
1163,0.666666666666667,NA,NA,FALSE
1163,0.777777777777778,NA,NA,FALSE
1163,0.888888888888889,NA,NA,FALSE
1163,1,NA,NA,FALSE
1164,0,NA,NA,FALSE
1164,0.111111111111111,NA,NA,FALSE
1164,0.222222222222222,NA,NA,FALSE
1164,0.333333333333333,NA,NA,FALSE
1164,0.444444444444444,NA,NA,FALSE
1164,0.555555555555556,NA,NA,FALSE
1164,0.666666666666667,NA,NA,FALSE
1164,0.777777777777778,NA,NA,FALSE
1164,0.888888888888889,NA,NA,FALSE
1164,1,NA,NA,FALSE
1165,0,NA,NA,FALSE
1165,0.111111111111111,NA,NA,FALSE
1165,0.222222222222222,NA,NA,FALSE
1165,0.333333333333333,NA,NA,FALSE
1165,0.444444444444444,NA,NA,FALSE
1165,0.555555555555556,NA,NA,FALSE
1165,0.666666666666667,NA,NA,FALSE
1165,0.777777777777778,NA,NA,FALSE
1165,0.888888888888889,NA,NA,FALSE
1165,1,NA,NA,FALSE
1166,0,NA,NA,FALSE
1166,0.111111111111111,NA,NA,FALSE
1166,0.222222222222222,NA,NA,FALSE
1166,0.333333333333333,NA,NA,TRUE
1166,0.444444444444444,NA,NA,TRUE
1166,0.555555555555556,NA,NA,TRUE
1166,0.666666666666667,NA,NA,TRUE
1166,0.777777777777778,NA,NA,TRUE
1166,0.888888888888889,NA,NA,TRUE
1166,1,NA,NA,FALSE
1167,0,NA,NA,FALSE
1167,0.111111111111111,NA,NA,FALSE
1167,0.222222222222222,NA,NA,FALSE
1167,0.333333333333333,NA,NA,TRUE
1167,0.444444444444444,NA,NA,TRUE
1167,0.555555555555556,NA,NA,TRUE
1167,0.666666666666667,NA,NA,FALSE
1167,0.777777777777778,NA,NA,FALSE
1167,0.888888888888889,NA,NA,FALSE
1167,1,NA,NA,FALSE
1168,0,NA,NA,FALSE
1168,0.111111111111111,NA,NA,FALSE
1168,0.222222222222222,NA,NA,FALSE
1168,0.333333333333333,NA,NA,TRUE
1168,0.444444444444444,NA,NA,TRUE
1168,0.555555555555556,NA,NA,TRUE
1168,0.666666666666667,NA,NA,TRUE
1168,0.777777777777778,NA,NA,FALSE
1168,0.888888888888889,NA,NA,FALSE
1168,1,NA,NA,FALSE
1169,0,NA,NA,FALSE
1169,0.111111111111111,NA,NA,FALSE
1169,0.222222222222222,NA,NA,FALSE
1169,0.333333333333333,NA,NA,FALSE
1169,0.444444444444444,NA,NA,TRUE
1169,0.555555555555556,NA,NA,TRUE
1169,0.666666666666667,NA,NA,FALSE
1169,0.777777777777778,NA,NA,FALSE
1169,0.888888888888889,NA,NA,FALSE
1169,1,NA,NA,FALSE
1170,0,NA,NA,FALSE
1170,0.111111111111111,NA,NA,FALSE
1170,0.222222222222222,NA,NA,FALSE
1170,0.333333333333333,NA,NA,FALSE
1170,0.444444444444444,NA,NA,TRUE
1170,0.555555555555556,NA,NA,TRUE
1170,0.666666666666667,NA,NA,TRUE
1170,0.777777777777778,NA,NA,FALSE
1170,0.888888888888889,NA,NA,FALSE
1170,1,NA,NA,FALSE
1171,0,NA,NA,FALSE
1171,0.111111111111111,NA,NA,FALSE
1171,0.222222222222222,NA,NA,FALSE
1171,0.333333333333333,NA,NA,FALSE
1171,0.444444444444444,NA,NA,FALSE
1171,0.555555555555556,NA,NA,FALSE
1171,0.666666666666667,NA,NA,FALSE
1171,0.777777777777778,NA,NA,FALSE
1171,0.888888888888889,NA,NA,FALSE
1171,1,NA,NA,FALSE
1172,0,NA,NA,FALSE
1172,0.111111111111111,NA,NA,FALSE
1172,0.222222222222222,NA,NA,FALSE
1172,0.333333333333333,NA,NA,TRUE
1172,0.444444444444444,NA,NA,TRUE
1172,0.555555555555556,NA,NA,TRUE
1172,0.666666666666667,NA,NA,TRUE
1172,0.777777777777778,NA,NA,FALSE
1172,0.888888888888889,NA,NA,FALSE
1172,1,NA,NA,FALSE
1173,0,NA,NA,FALSE
1173,0.111111111111111,NA,NA,FALSE
1173,0.222222222222222,NA,NA,FALSE
1173,0.333333333333333,NA,NA,TRUE
1173,0.444444444444444,NA,NA,TRUE
1173,0.555555555555556,NA,NA,TRUE
1173,0.666666666666667,NA,NA,FALSE
1173,0.777777777777778,NA,NA,FALSE
1173,0.888888888888889,NA,NA,FALSE
1173,1,NA,NA,FALSE
1174,0,NA,NA,FALSE
1174,0.111111111111111,NA,NA,FALSE
1174,0.222222222222222,NA,NA,TRUE
1174,0.333333333333333,NA,NA,TRUE
1174,0.444444444444444,NA,NA,TRUE
1174,0.555555555555556,NA,NA,TRUE
1174,0.666666666666667,NA,NA,TRUE
1174,0.777777777777778,NA,NA,FALSE
1174,0.888888888888889,NA,NA,FALSE
1174,1,NA,NA,FALSE
1175,0,NA,NA,FALSE
1175,0.111111111111111,NA,NA,FALSE
1175,0.222222222222222,NA,NA,FALSE
1175,0.333333333333333,NA,NA,TRUE
1175,0.444444444444444,NA,NA,TRUE
1175,0.555555555555556,NA,NA,TRUE
1175,0.666666666666667,NA,NA,TRUE
1175,0.777777777777778,NA,NA,FALSE
1175,0.888888888888889,NA,NA,FALSE
1175,1,NA,NA,FALSE
1176,0,NA,NA,FALSE
1176,0.111111111111111,NA,NA,FALSE
1176,0.222222222222222,NA,NA,FALSE
1176,0.333333333333333,NA,NA,FALSE
1176,0.444444444444444,NA,NA,TRUE
1176,0.555555555555556,NA,NA,TRUE
1176,0.666666666666667,NA,NA,TRUE
1176,0.777777777777778,NA,NA,FALSE
1176,0.888888888888889,NA,NA,FALSE
1176,1,NA,NA,FALSE
1177,0,NA,NA,FALSE
1177,0.111111111111111,NA,NA,TRUE
1177,0.222222222222222,NA,NA,TRUE
1177,0.333333333333333,NA,NA,TRUE
1177,0.444444444444444,NA,NA,TRUE
1177,0.555555555555556,NA,NA,TRUE
1177,0.666666666666667,NA,NA,TRUE
1177,0.777777777777778,NA,NA,FALSE
1177,0.888888888888889,NA,NA,TRUE
1177,1,NA,NA,TRUE
1178,0,NA,NA,FALSE
1178,0.111111111111111,NA,NA,FALSE
1178,0.222222222222222,NA,NA,FALSE
1178,0.333333333333333,NA,NA,TRUE
1178,0.444444444444444,NA,NA,TRUE
1178,0.555555555555556,NA,NA,TRUE
1178,0.666666666666667,NA,NA,FALSE
1178,0.777777777777778,NA,NA,FALSE
1178,0.888888888888889,NA,NA,FALSE
1178,1,NA,NA,FALSE
1179,0,NA,NA,FALSE
1179,0.111111111111111,NA,NA,FALSE
1179,0.222222222222222,NA,NA,FALSE
1179,0.333333333333333,NA,NA,TRUE
1179,0.444444444444444,NA,NA,TRUE
1179,0.555555555555556,NA,NA,TRUE
1179,0.666666666666667,NA,NA,TRUE
1179,0.777777777777778,NA,NA,FALSE
1179,0.888888888888889,NA,NA,FALSE
1179,1,NA,NA,FALSE
1180,0,NA,NA,FALSE
1180,0.111111111111111,NA,NA,FALSE
1180,0.222222222222222,NA,NA,FALSE
1180,0.333333333333333,NA,NA,TRUE
1180,0.444444444444444,NA,NA,TRUE
1180,0.555555555555556,NA,NA,TRUE
1180,0.666666666666667,NA,NA,TRUE
1180,0.777777777777778,NA,NA,FALSE
1180,0.888888888888889,NA,NA,FALSE
1180,1,NA,NA,FALSE
1181,0,NA,NA,FALSE
1181,0.111111111111111,NA,NA,TRUE
1181,0.222222222222222,NA,NA,TRUE
1181,0.333333333333333,NA,NA,TRUE
1181,0.444444444444444,NA,NA,TRUE
1181,0.555555555555556,NA,NA,TRUE
1181,0.666666666666667,NA,NA,TRUE
1181,0.777777777777778,NA,NA,FALSE
1181,0.888888888888889,NA,NA,FALSE
1181,1,NA,NA,FALSE
1182,0,NA,NA,FALSE
1182,0.111111111111111,NA,NA,FALSE
1182,0.222222222222222,NA,NA,TRUE
1182,0.333333333333333,NA,NA,TRUE
1182,0.444444444444444,NA,NA,TRUE
1182,0.555555555555556,NA,NA,TRUE
1182,0.666666666666667,NA,NA,TRUE
1182,0.777777777777778,NA,NA,FALSE
1182,0.888888888888889,NA,NA,FALSE
1182,1,NA,NA,FALSE
1183,0,NA,NA,FALSE
1183,0.111111111111111,NA,NA,FALSE
1183,0.222222222222222,NA,NA,FALSE
1183,0.333333333333333,NA,NA,FALSE
1183,0.444444444444444,NA,NA,FALSE
1183,0.555555555555556,NA,NA,FALSE
1183,0.666666666666667,NA,NA,FALSE
1183,0.777777777777778,NA,NA,FALSE
1183,0.888888888888889,NA,NA,FALSE
1183,1,NA,NA,FALSE
1184,0,NA,NA,FALSE
1184,0.111111111111111,NA,NA,FALSE
1184,0.222222222222222,NA,NA,FALSE
1184,0.333333333333333,NA,NA,TRUE
1184,0.444444444444444,NA,NA,TRUE
1184,0.555555555555556,NA,NA,TRUE
1184,0.666666666666667,NA,NA,FALSE
1184,0.777777777777778,NA,NA,FALSE
1184,0.888888888888889,NA,NA,FALSE
1184,1,NA,NA,FALSE
1185,0,NA,NA,FALSE
1185,0.111111111111111,NA,NA,FALSE
1185,0.222222222222222,NA,NA,FALSE
1185,0.333333333333333,NA,NA,FALSE
1185,0.444444444444444,NA,NA,TRUE
1185,0.555555555555556,NA,NA,TRUE
1185,0.666666666666667,NA,NA,FALSE
1185,0.777777777777778,NA,NA,FALSE
1185,0.888888888888889,NA,NA,FALSE
1185,1,NA,NA,FALSE
1186,0,NA,NA,FALSE
1186,0.111111111111111,NA,NA,FALSE
1186,0.222222222222222,NA,NA,FALSE
1186,0.333333333333333,NA,NA,FALSE
1186,0.444444444444444,NA,NA,TRUE
1186,0.555555555555556,NA,NA,TRUE
1186,0.666666666666667,NA,NA,TRUE
1186,0.777777777777778,NA,NA,FALSE
1186,0.888888888888889,NA,NA,FALSE
1186,1,NA,NA,FALSE
1187,0,NA,NA,FALSE
1187,0.111111111111111,NA,NA,FALSE
1187,0.222222222222222,NA,NA,FALSE
1187,0.333333333333333,NA,NA,TRUE
1187,0.444444444444444,NA,NA,TRUE
1187,0.555555555555556,NA,NA,TRUE
1187,0.666666666666667,NA,NA,TRUE
1187,0.777777777777778,NA,NA,FALSE
1187,0.888888888888889,NA,NA,FALSE
1187,1,NA,NA,FALSE
1188,0,NA,NA,FALSE
1188,0.111111111111111,NA,NA,FALSE
1188,0.222222222222222,NA,NA,TRUE
1188,0.333333333333333,NA,NA,TRUE
1188,0.444444444444444,NA,NA,TRUE
1188,0.555555555555556,NA,NA,TRUE
1188,0.666666666666667,NA,NA,TRUE
1188,0.777777777777778,NA,NA,TRUE
1188,0.888888888888889,NA,NA,FALSE
1188,1,NA,NA,TRUE
1189,0,NA,NA,FALSE
1189,0.111111111111111,NA,NA,FALSE
1189,0.222222222222222,NA,NA,FALSE
1189,0.333333333333333,NA,NA,TRUE
1189,0.444444444444444,NA,NA,TRUE
1189,0.555555555555556,NA,NA,TRUE
1189,0.666666666666667,NA,NA,FALSE
1189,0.777777777777778,NA,NA,FALSE
1189,0.888888888888889,NA,NA,FALSE
1189,1,NA,NA,FALSE
1190,0,NA,NA,FALSE
1190,0.111111111111111,NA,NA,FALSE
1190,0.222222222222222,NA,NA,FALSE
1190,0.333333333333333,NA,NA,FALSE
1190,0.444444444444444,NA,NA,FALSE
1190,0.555555555555556,NA,NA,FALSE
1190,0.666666666666667,NA,NA,FALSE
1190,0.777777777777778,NA,NA,FALSE
1190,0.888888888888889,NA,NA,FALSE
1190,1,NA,NA,FALSE
1191,0,NA,NA,FALSE
1191,0.111111111111111,NA,NA,FALSE
1191,0.222222222222222,NA,NA,FALSE
1191,0.333333333333333,NA,NA,FALSE
1191,0.444444444444444,NA,NA,TRUE
1191,0.555555555555556,NA,NA,TRUE
1191,0.666666666666667,NA,NA,FALSE
1191,0.777777777777778,NA,NA,FALSE
1191,0.888888888888889,NA,NA,FALSE
1191,1,NA,NA,FALSE
1192,0,NA,NA,FALSE
1192,0.111111111111111,NA,NA,FALSE
1192,0.222222222222222,NA,NA,FALSE
1192,0.333333333333333,NA,NA,FALSE
1192,0.444444444444444,NA,NA,FALSE
1192,0.555555555555556,NA,NA,FALSE
1192,0.666666666666667,NA,NA,FALSE
1192,0.777777777777778,NA,NA,FALSE
1192,0.888888888888889,NA,NA,FALSE
1192,1,NA,NA,FALSE
1193,0,NA,NA,FALSE
1193,0.111111111111111,NA,NA,FALSE
1193,0.222222222222222,NA,NA,FALSE
1193,0.333333333333333,NA,NA,TRUE
1193,0.444444444444444,NA,NA,TRUE
1193,0.555555555555556,NA,NA,TRUE
1193,0.666666666666667,NA,NA,TRUE
1193,0.777777777777778,NA,NA,FALSE
1193,0.888888888888889,NA,NA,FALSE
1193,1,NA,NA,FALSE
1194,0,NA,NA,FALSE
1194,0.111111111111111,NA,NA,FALSE
1194,0.222222222222222,NA,NA,FALSE
1194,0.333333333333333,NA,NA,FALSE
1194,0.444444444444444,NA,NA,TRUE
1194,0.555555555555556,NA,NA,TRUE
1194,0.666666666666667,NA,NA,FALSE
1194,0.777777777777778,NA,NA,FALSE
1194,0.888888888888889,NA,NA,FALSE
1194,1,NA,NA,FALSE
1195,0,NA,NA,FALSE
1195,0.111111111111111,NA,NA,FALSE
1195,0.222222222222222,NA,NA,FALSE
1195,0.333333333333333,NA,NA,TRUE
1195,0.444444444444444,NA,NA,TRUE
1195,0.555555555555556,NA,NA,TRUE
1195,0.666666666666667,NA,NA,TRUE
1195,0.777777777777778,NA,NA,FALSE
1195,0.888888888888889,NA,NA,FALSE
1195,1,NA,NA,FALSE
1196,0,NA,NA,FALSE
1196,0.111111111111111,NA,NA,FALSE
1196,0.222222222222222,NA,NA,FALSE
1196,0.333333333333333,NA,NA,TRUE
1196,0.444444444444444,NA,NA,TRUE
1196,0.555555555555556,NA,NA,TRUE
1196,0.666666666666667,NA,NA,TRUE
1196,0.777777777777778,NA,NA,FALSE
1196,0.888888888888889,NA,NA,FALSE
1196,1,NA,NA,FALSE
1197,0,NA,NA,FALSE
1197,0.111111111111111,NA,NA,FALSE
1197,0.222222222222222,NA,NA,FALSE
1197,0.333333333333333,NA,NA,TRUE
1197,0.444444444444444,NA,NA,TRUE
1197,0.555555555555556,NA,NA,TRUE
1197,0.666666666666667,NA,NA,TRUE
1197,0.777777777777778,NA,NA,FALSE
1197,0.888888888888889,NA,NA,FALSE
1197,1,NA,NA,FALSE
1198,0,NA,NA,FALSE
1198,0.111111111111111,NA,NA,FALSE
1198,0.222222222222222,NA,NA,FALSE
1198,0.333333333333333,NA,NA,TRUE
1198,0.444444444444444,NA,NA,TRUE
1198,0.555555555555556,NA,NA,TRUE
1198,0.666666666666667,NA,NA,TRUE
1198,0.777777777777778,NA,NA,FALSE
1198,0.888888888888889,NA,NA,FALSE
1198,1,NA,NA,FALSE
1199,0,NA,NA,FALSE
1199,0.111111111111111,NA,NA,FALSE
1199,0.222222222222222,NA,NA,FALSE
1199,0.333333333333333,NA,NA,FALSE
1199,0.444444444444444,NA,NA,TRUE
1199,0.555555555555556,NA,NA,TRUE
1199,0.666666666666667,NA,NA,FALSE
1199,0.777777777777778,NA,NA,FALSE
1199,0.888888888888889,NA,NA,FALSE
1199,1,NA,NA,FALSE
1200,0,NA,NA,FALSE
1200,0.111111111111111,NA,NA,FALSE
1200,0.222222222222222,NA,NA,FALSE
1200,0.333333333333333,NA,NA,FALSE
1200,0.444444444444444,NA,NA,FALSE
1200,0.555555555555556,NA,NA,FALSE
1200,0.666666666666667,NA,NA,FALSE
1200,0.777777777777778,NA,NA,FALSE
1200,0.888888888888889,NA,NA,FALSE
1200,1,NA,NA,FALSE
1201,0,0.4121,0.4144,FALSE
1201,0.111111111111111,0.2107,0.4144,FALSE
1201,0.222222222222222,0.1112,0.4144,FALSE
1201,0.333333333333333,0.0694,0.3609,FALSE
1201,0.444444444444444,0.0465,0.2807,FALSE
1201,0.555555555555556,0.044,0.2807,FALSE
1201,0.666666666666667,0.0636,0.3609,FALSE
1201,0.777777777777778,0.1203,0.4144,FALSE
1201,0.888888888888889,0.3418,0.4144,FALSE
1201,1,0.4144,0.4144,FALSE
1202,0,0.496673149759443,0.512846760159689,FALSE
1202,0.111111111111111,0.47282219265022,0.512846760159689,FALSE
1202,0.222222222222222,0.477223871430034,0.512846760159689,FALSE
1202,0.333333333333333,0.484798853516225,0.512846760159689,FALSE
1202,0.444444444444444,0.496058962022725,0.512846760159689,FALSE
1202,0.555555555555556,0.512846760159689,0.512846760159689,FALSE
1202,0.666666666666667,0.471286723308425,0.512846760159689,FALSE
1202,0.777777777777778,0.459412427065206,0.512846760159689,FALSE
1202,0.888888888888889,0.449585423277715,0.512846760159689,FALSE
1202,1,0.463199918108302,0.512846760159689,FALSE
1203,0,0.382298328863214,0.487621208995255,FALSE
1203,0.111111111111111,0.476170827315865,0.487621208995255,FALSE
1203,0.222222222222222,0.255415721064576,0.487621208995255,FALSE
1203,0.333333333333333,0.471322467505674,0.487621208995255,FALSE
1203,0.444444444444444,0.143490819063338,0.487621208995255,FALSE
1203,0.555555555555556,0.0779863833298948,0.487621208995255,FALSE
1203,0.666666666666667,0.104703940581803,0.487621208995255,FALSE
1203,0.777777777777778,0.249845265112441,0.487621208995255,FALSE
1203,0.888888888888889,0.462347844027233,0.487621208995255,FALSE
1203,1,0.487621208995255,0.487621208995255,FALSE
1204,0,0.423422513881878,0.423422513881878,FALSE
1204,0.111111111111111,0.332357395254922,0.423422513881878,FALSE
1204,0.222222222222222,0.311559818273599,0.423422513881878,FALSE
1204,0.333333333333333,0.274810701665825,0.423422513881878,FALSE
1204,0.444444444444444,0.232912670368501,0.423422513881878,FALSE
1204,0.555555555555556,0.190711761736497,0.423422513881878,FALSE
1204,0.666666666666667,0.156082786471479,0.423422513881878,FALSE
1204,0.777777777777778,0.135790005047956,0.423422513881878,FALSE
1204,0.888888888888889,0.128520949015649,0.423422513881878,FALSE
1204,1,0.27198384654215,0.423422513881878,FALSE
1205,0,0.505755250403877,0.505755250403877,FALSE
1205,0.111111111111111,0.385500807754443,0.505755250403877,FALSE
1205,0.222222222222222,0.218699515347334,0.505755250403877,FALSE
1205,0.333333333333333,0.125,0.5,FALSE
1205,0.444444444444444,0.087843295638126,0.43921647819063,FALSE
1205,0.555555555555556,0.0755250403877221,0.437399030694669,FALSE
1205,0.666666666666667,0.081078352180937,0.437399030694669,FALSE
1205,0.777777777777778,0.105815831987076,0.481876009693053,FALSE
1205,0.888888888888889,0.157108239095315,0.505755250403877,FALSE
1205,1,0.320779483037157,0.505755250403877,FALSE
1206,0,0.26143330988039,0.400341742888733,FALSE
1206,0.111111111111111,0.0580962910845311,0.232385164338124,FALSE
1206,0.222222222222222,0.0147753543069655,0.0886521258417931,FALSE
1206,0.333333333333333,0.00552819378832043,0.0442255503065635,TRUE
1206,0.444444444444444,0.00361845411599156,0.0321137802794251,TRUE
1206,0.555555555555556,0.00713639561765001,0.0570911649412001,FALSE
1206,0.666666666666667,0.0225148256106141,0.135088953663685,FALSE
1206,0.777777777777778,0.0712634435621671,0.285053774248668,FALSE
1206,0.888888888888889,0.174992461553925,0.392149964820585,FALSE
1206,1,0.400341742888733,0.400341742888733,FALSE
1207,0,0.1835,0.2,FALSE
1207,0.111111111111111,0.2,0.2,FALSE
1207,0.222222222222222,0.1835,0.2,FALSE
1207,0.333333333333333,0.2,0.2,FALSE
1207,0.444444444444444,0.1835,0.2,FALSE
1207,0.555555555555556,0.2,0.2,FALSE
1207,0.666666666666667,0.1835,0.2,FALSE
1207,0.777777777777778,0.2,0.2,FALSE
1207,0.888888888888889,0.1835,0.2,FALSE
1207,1,0.2,0.2,FALSE
1208,0,0.496427493207205,0.496427493207205,FALSE
1208,0.111111111111111,0.399516956828017,0.496427493207205,FALSE
1208,0.222222222222222,0.26154775083023,0.496427493207205,FALSE
1208,0.333333333333333,0.181241823487974,0.496427493207205,FALSE
1208,0.444444444444444,0.160813122672839,0.496427493207205,FALSE
1208,0.555555555555556,0.19482741270001,0.496427493207205,FALSE
1208,0.666666666666667,0.292744289020831,0.496427493207205,FALSE
1208,0.777777777777778,0.423065311462212,0.496427493207205,FALSE
1208,0.888888888888889,0.478313374257824,0.496427493207205,FALSE
1208,1,0.4663379289524,0.496427493207205,FALSE
1209,0,0.402993348115299,0.512971175166297,FALSE
1209,0.111111111111111,0.239135254988914,0.512971175166297,FALSE
1209,0.222222222222222,0.0670731707317073,0.335365853658537,FALSE
1209,0.333333333333333,0.00620842572062084,0.0492239467849224,TRUE
1209,0.444444444444444,0.000886917960088692,0.00798226164079823,TRUE
1209,0.555555555555556,0.00121951219512195,0.0109756097560976,TRUE
1209,0.666666666666667,0.0123059866962306,0.0861419068736142,FALSE
1209,0.777777777777778,0.103436807095344,0.500739098300074,FALSE
1209,0.888888888888889,0.300443458980044,0.512971175166297,FALSE
1209,1,0.512971175166297,0.512971175166297,FALSE
1210,0,0.291273943447857,0.291273943447857,FALSE
1210,0.111111111111111,0.10499645282254,0.223016114320462,FALSE
1210,0.222222222222222,0.0470254383297862,0.188101753319145,FALSE
1210,0.333333333333333,0.00932400932400932,0.0559440559440559,FALSE
1210,0.444444444444444,0.00131752305665349,0.0105401844532279,TRUE
1210,0.555555555555556,0.000709435492044188,0.00658761528326746,TRUE
1210,0.666666666666667,0.00233100233100233,0.0186480186480186,TRUE
1210,0.777777777777778,0.00780379041248606,0.0468227424749164,TRUE
1210,0.888888888888889,0.0212830647613256,0.106415323806628,FALSE
1210,1,0.148677409546975,0.291273943447857,FALSE
1211,0,0.153753026634383,0.153753026634383,FALSE
1211,0.111111111111111,0.0242130750605327,0.0726392251815981,FALSE
1211,0.222222222222222,0.0155367231638418,0.0484261501210654,TRUE
1211,0.333333333333333,0.0116020984665052,0.046408393866021,TRUE
1211,0.444444444444444,0.00797013720742534,0.0388418079096045,TRUE
1211,0.555555555555556,0.00524616626311542,0.0310734463276836,TRUE
1211,0.666666666666667,0.00433817594834544,0.0270715630885122,TRUE
1211,0.777777777777778,0.0051452784503632,0.0308716707021792,TRUE
1211,0.888888888888889,0.00867635189669088,0.0388418079096045,TRUE
1211,1,0.11773607748184,0.153753026634383,FALSE
1212,0,0.209441624365482,0.418883248730964,FALSE
1212,0.111111111111111,0.05248730964467,0.26243654822335,FALSE
1212,0.222222222222222,0.022741116751269,0.136446700507614,FALSE
1212,0.333333333333333,0.0112690355329949,0.0901522842639594,FALSE
1212,0.444444444444444,0.010253807106599,0.0820304568527919,FALSE
1212,0.555555555555556,0.0197969543147208,0.127681895093063,FALSE
1212,0.666666666666667,0.0547208121827411,0.273604060913706,FALSE
1212,0.777777777777778,0.128832487309645,0.386497461928934,FALSE
1212,0.888888888888889,0.277766497461929,0.499796954314721,FALSE
1212,1,0.499796954314721,0.499796954314721,FALSE
1213,0,0.405985489721886,0.411326078194277,FALSE
1213,0.111111111111111,0.294538492543329,0.411326078194277,FALSE
1213,0.222222222222222,0.265820233776703,0.411326078194277,FALSE
1213,0.333333333333333,0.234985892785167,0.411326078194277,FALSE
1213,0.444444444444444,0.214631197097944,0.411326078194277,FALSE
1213,0.555555555555556,0.212313583232568,0.411326078194277,FALSE
1213,0.666666666666667,0.230048367593712,0.411326078194277,FALSE
1213,0.777777777777778,0.264510278113664,0.411326078194277,FALSE
1213,0.888888888888889,0.298669891172914,0.411326078194277,FALSE
1213,1,0.411326078194277,0.411326078194277,FALSE
1214,0,0.288708383473726,0.334737264340152,FALSE
1214,0.111111111111111,0.133874849578821,0.334737264340152,FALSE
1214,0.222222222222222,0.11321700762134,0.334737264340152,FALSE
1214,0.333333333333333,0.0947653429602888,0.334737264340152,FALSE
1214,0.444444444444444,0.0818291215403129,0.327316486161252,FALSE
1214,0.555555555555556,0.082129963898917,0.328519855595668,FALSE
1214,0.666666666666667,0.0993782591255515,0.334737264340152,FALSE
1214,0.777777777777778,0.131969514640995,0.334737264340152,FALSE
1214,0.888888888888889,0.176795026073004,0.334737264340152,FALSE
1214,1,0.334737264340152,0.334737264340152,FALSE
1215,0,0.23030679933665,0.468283582089552,FALSE
1215,0.111111111111111,0.0896558872305141,0.468283582089552,FALSE
1215,0.222222222222222,0.0971185737976783,0.468283582089552,FALSE
1215,0.333333333333333,0.113805970149254,0.468283582089552,FALSE
1215,0.444444444444444,0.14469320066335,0.468283582089552,FALSE
1215,0.555555555555556,0.201907131011609,0.468283582089552,FALSE
1215,0.666666666666667,0.307732172470978,0.468283582089552,FALSE
1215,0.777777777777778,0.468283582089552,0.468283582089552,FALSE
1215,0.888888888888889,0.388785240464345,0.468283582089552,FALSE
1215,1,0.412002487562189,0.468283582089552,FALSE
1216,0,0.315300261096606,0.456292428198433,FALSE
1216,0.111111111111111,0.149869451697128,0.456292428198433,FALSE
1216,0.222222222222222,0.127832898172324,0.456292428198433,FALSE
1216,0.333333333333333,0.110391644908616,0.441566579634465,FALSE
1216,0.444444444444444,0.112375979112272,0.449503916449086,FALSE
1216,0.555555555555556,0.144647519582245,0.456292428198433,FALSE
1216,0.666666666666667,0.205430809399478,0.456292428198433,FALSE
1216,0.777777777777778,0.276762402088773,0.456292428198433,FALSE
1216,0.888888888888889,0.343916449086162,0.456292428198433,FALSE
1216,1,0.456292428198433,0.456292428198433,FALSE
1217,0,0.472626262626263,0.472626262626263,FALSE
1217,0.111111111111111,0.413737373737374,0.472626262626263,FALSE
1217,0.222222222222222,0.376868686868687,0.472626262626263,FALSE
1217,0.333333333333333,0.336666666666667,0.472626262626263,FALSE
1217,0.444444444444444,0.314646464646465,0.472626262626263,FALSE
1217,0.555555555555556,0.309494949494949,0.472626262626263,FALSE
1217,0.666666666666667,0.315353535353535,0.472626262626263,FALSE
1217,0.777777777777778,0.324141414141414,0.472626262626263,FALSE
1217,0.888888888888889,0.334444444444444,0.472626262626263,FALSE
1217,1,0.418181818181818,0.472626262626263,FALSE
1218,0,0.23080818310715,0.23080818310715,FALSE
1218,0.111111111111111,0.0529673891026939,0.158902167308082,FALSE
1218,0.222222222222222,0.0200526635608669,0.0882789818378232,FALSE
1218,0.333333333333333,0.00496252785092161,0.0368644926068463,TRUE
1218,0.444444444444444,0.00324083451488758,0.0259266761191007,TRUE
1218,0.555555555555556,0.00374721490783877,0.0299777192627101,TRUE
1218,0.666666666666667,0.00921612315171156,0.0552967389102694,FALSE
1218,0.777777777777778,0.0203564917966376,0.0882789818378232,FALSE
1218,0.888888888888889,0.0353453514279927,0.106036054283978,FALSE
1218,1,0.188474782256431,0.23080818310715,FALSE
1219,0,0.319161920260374,0.358421480878763,FALSE
1219,0.111111111111111,0.199857607811229,0.358421480878763,FALSE
1219,0.222222222222222,0.235252237591538,0.358421480878763,FALSE
1219,0.333333333333333,0.30939788445891,0.358421480878763,FALSE
1219,0.444444444444444,0.358421480878763,0.358421480878763,FALSE
1219,0.555555555555556,0.334113100081367,0.358421480878763,FALSE
1219,0.666666666666667,0.278681855166802,0.358421480878763,FALSE
1219,0.777777777777778,0.241354759967453,0.358421480878763,FALSE
1219,0.888888888888889,0.230573637103336,0.358421480878763,FALSE
1219,1,0.355675345809601,0.358421480878763,FALSE
1220,0,0.3563,0.4543,FALSE
1220,0.111111111111111,0.2158,0.4543,FALSE
1220,0.222222222222222,0.2044,0.4543,FALSE
1220,0.333333333333333,0.1961,0.4543,FALSE
1220,0.444444444444444,0.1972,0.4543,FALSE
1220,0.555555555555556,0.2141,0.4543,FALSE
1220,0.666666666666667,0.2493,0.4543,FALSE
1220,0.777777777777778,0.2996,0.4543,FALSE
1220,0.888888888888889,0.3514,0.4543,FALSE
1220,1,0.4543,0.4543,FALSE
1221,0,0.199832249947578,0.246487733277417,FALSE
1221,0.111111111111111,0.0402600125812539,0.140071293772279,FALSE
1221,0.222222222222222,0.0220171943803732,0.100650031453135,FALSE
1221,0.333333333333333,0.011532816104005,0.0704550220171944,FALSE
1221,0.444444444444444,0.00618578318305724,0.049486265464458,TRUE
1221,0.555555555555556,0.00597609561752988,0.047808764940239,TRUE
1221,0.666666666666667,0.0124764101488782,0.074858460893269,FALSE
1221,0.777777777777778,0.0315579786118683,0.126231914447473,FALSE
1221,0.888888888888889,0.0700356468861397,0.210106940658419,FALSE
1221,1,0.246487733277417,0.246487733277417,FALSE
1222,0,0.228758829465187,0.378203834510595,FALSE
1222,0.111111111111111,0.055196770938446,0.220787083753784,FALSE
1222,0.222222222222222,0.024117053481332,0.12058526740666,FALSE
1222,0.333333333333333,0.00978809283551968,0.0685166498486377,FALSE
1222,0.444444444444444,0.00494450050454087,0.0391523713420787,TRUE
1222,0.555555555555556,0.00373360242179617,0.0298688193743693,TRUE
1222,0.666666666666667,0.00645812310797175,0.0452068617558022,TRUE
1222,0.777777777777778,0.0340060544904137,0.137991927346115,FALSE
1222,0.888888888888889,0.134914228052472,0.34313824419778,FALSE
1222,1,0.378203834510595,0.378203834510595,FALSE
1223,0,0.443914807302231,0.510547667342799,FALSE
1223,0.111111111111111,0.430831643002028,0.510547667342799,FALSE
1223,0.222222222222222,0.510547667342799,0.510547667342799,FALSE
1223,0.333333333333333,0.431440162271805,0.510547667342799,FALSE
1223,0.444444444444444,0.344016227180527,0.510547667342799,FALSE
1223,0.555555555555556,0.285496957403651,0.510547667342799,FALSE
1223,0.666666666666667,0.260040567951318,0.510547667342799,FALSE
1223,0.777777777777778,0.250912778904665,0.510547667342799,FALSE
1223,0.888888888888889,0.248884381338742,0.510547667342799,FALSE
1223,1,0.376876267748479,0.510547667342799,FALSE
1224,0,0.244453490738856,0.458782821086912,FALSE
1224,0.111111111111111,0.0993283126399349,0.458782821086912,FALSE
1224,0.222222222222222,0.164359861591695,0.458782821086912,FALSE
1224,0.333333333333333,0.332892326480765,0.458782821086912,FALSE
1224,0.444444444444444,0.458782821086912,0.458782821086912,FALSE
1224,0.555555555555556,0.328210869122736,0.458782821086912,FALSE
1224,0.666666666666667,0.269692652147364,0.458782821086912,FALSE
1224,0.777777777777778,0.277427233869326,0.458782821086912,FALSE
1224,0.888888888888889,0.339202116832892,0.458782821086912,FALSE
1224,1,0.440260533279056,0.458782821086912,FALSE
1225,0,0.38580121703854,0.390060851926978,FALSE
1225,0.111111111111111,0.262677484787018,0.390060851926978,FALSE
1225,0.222222222222222,0.236004056795132,0.390060851926978,FALSE
1225,0.333333333333333,0.203651115618661,0.390060851926978,FALSE
1225,0.444444444444444,0.172312373225152,0.390060851926978,FALSE
1225,0.555555555555556,0.154361054766734,0.390060851926978,FALSE
1225,0.666666666666667,0.162778904665314,0.390060851926978,FALSE
1225,0.777777777777778,0.198985801217039,0.390060851926978,FALSE
1225,0.888888888888889,0.25,0.390060851926978,FALSE
1225,1,0.390060851926978,0.390060851926978,FALSE
1226,0,0.432862903225806,0.432862903225806,FALSE
1226,0.111111111111111,0.267641129032258,0.432862903225806,FALSE
1226,0.222222222222222,0.132459677419355,0.432862903225806,FALSE
1226,0.333333333333333,0.0662298387096774,0.369153225806452,FALSE
1226,0.444444444444444,0.0328629032258064,0.262903225806452,FALSE
1226,0.555555555555556,0.0342741935483871,0.274193548387097,FALSE
1226,0.666666666666667,0.147076612903226,0.432862903225806,FALSE
1226,0.777777777777778,0.369959677419355,0.432862903225806,FALSE
1226,0.888888888888889,0.083366935483871,0.416834677419355,FALSE
1226,1,0.184576612903226,0.432862903225806,FALSE
1227,0,0.49047332531087,0.490473325310871,FALSE
1227,0.111111111111111,0.458584035298837,0.490473325310871,FALSE
1227,0.222222222222222,0.443341355796229,0.490473325310871,FALSE
1227,0.333333333333333,0.430806257521059,0.490473325310871,FALSE
1227,0.444444444444444,0.424187725631769,0.490473325310871,FALSE
1227,0.555555555555556,0.425892498997192,0.490473325310871,FALSE
1227,0.666666666666667,0.432611311672684,0.490473325310871,FALSE
1227,0.777777777777778,0.439630966706779,0.490473325310871,FALSE
1227,0.888888888888889,0.445948656237465,0.490473325310871,FALSE
1227,1,0.480344965904533,0.490473325310871,FALSE
1228,0,0.342454646802473,0.342454646802473,FALSE
1228,0.111111111111111,0.136718354109658,0.342454646802473,FALSE
1228,0.222222222222222,0.0674977196716327,0.269990878686531,FALSE
1228,0.333333333333333,0.0332421201986419,0.199452721191852,FALSE
1228,0.444444444444444,0.0220938481808047,0.176750785446438,FALSE
1228,0.555555555555556,0.0277693321171582,0.191405695753522,FALSE
1228,0.666666666666667,0.0499645282253978,0.227863923516097,FALSE
1228,0.777777777777778,0.089084828215263,0.273436708219317,FALSE
1228,0.888888888888889,0.134792743488396,0.342454646802473,FALSE
1228,1,0.319347319347319,0.342454646802473,FALSE
1229,0,0.426472078645992,0.497719671632715,FALSE
1229,0.111111111111111,0.381676294719773,0.497719671632715,FALSE
1229,0.222222222222222,0.43224891050978,0.497719671632715,FALSE
1229,0.333333333333333,0.497719671632715,0.497719671632715,FALSE
1229,0.444444444444444,0.44572818485862,0.497719671632715,FALSE
1229,0.555555555555556,0.434275869058478,0.497719671632715,FALSE
1229,0.666666666666667,0.473092125266038,0.497719671632715,FALSE
1229,0.777777777777778,0.460423634336678,0.497719671632715,FALSE
1229,0.888888888888889,0.402351271916489,0.497719671632715,FALSE
1229,1,0.434073173203608,0.497719671632715,FALSE
1230,0,0.412113883697922,0.412113883697922,FALSE
1230,0.111111111111111,0.286138287347477,0.412113883697922,FALSE
1230,0.222222222222222,0.220402330438606,0.412113883697922,FALSE
1230,0.333333333333333,0.150269319555898,0.412113883697922,FALSE
1230,0.444444444444444,0.0789271188303836,0.357672859184346,FALSE
1230,0.555555555555556,0.0400131911619215,0.276244915906343,FALSE
1230,0.666666666666667,0.0324282730570518,0.226997911399362,FALSE
1230,0.777777777777778,0.0419918654501484,0.276244915906343,FALSE
1230,0.888888888888889,0.0645267670660657,0.343365944816973,FALSE
1230,1,0.241508189513026,0.412113883697922,FALSE
1231,0,0.408340048348106,0.41941982272361,FALSE
1231,0.111111111111111,0.41941982272361,0.41941982272361,FALSE
1231,0.222222222222222,0.358380338436745,0.41941982272361,FALSE
1231,0.333333333333333,0.170024174053183,0.41941982272361,FALSE
1231,0.444444444444444,0.0784649476228848,0.41941982272361,FALSE
1231,0.555555555555556,0.0431103948428687,0.301772763900081,FALSE
1231,0.666666666666667,0.0424053182917002,0.296837228041902,FALSE
1231,0.777777777777778,0.0637590652699436,0.382554391619662,FALSE
1231,0.888888888888889,0.0955882352941176,0.41941982272361,FALSE
1231,1,0.247280419016922,0.41941982272361,FALSE
1232,0,0.31510864072764,0.505103587670541,FALSE
1232,0.111111111111111,0.169479535118747,0.505103587670541,FALSE
1232,0.222222222222222,0.162203132895402,0.505103587670541,FALSE
1232,0.333333333333333,0.174532592218292,0.505103587670541,FALSE
1232,0.444444444444444,0.220313289540172,0.505103587670541,FALSE
1232,0.555555555555556,0.286609398686205,0.505103587670541,FALSE
1232,0.666666666666667,0.352097018696311,0.505103587670541,FALSE
1232,0.777777777777778,0.412935826174836,0.505103587670541,FALSE
1232,0.888888888888889,0.461040929762506,0.505103587670541,FALSE
1232,1,0.505103587670541,0.505103587670541,FALSE
1233,0,0.408124373119358,0.43741223671013,FALSE
1233,0.111111111111111,0.239418254764293,0.43741223671013,FALSE
1233,0.222222222222222,0.1481444332999,0.43741223671013,FALSE
1233,0.333333333333333,0.0899699097291876,0.43741223671013,FALSE
1233,0.444444444444444,0.0638916750250752,0.383350050150451,FALSE
1233,0.555555555555556,0.0681043129388165,0.408625877632899,FALSE
1233,0.666666666666667,0.102306920762287,0.43741223671013,FALSE
1233,0.777777777777778,0.171213640922768,0.43741223671013,FALSE
1233,0.888888888888889,0.273019057171515,0.43741223671013,FALSE
1233,1,0.43741223671013,0.43741223671013,FALSE
1234,0,0.486568370026257,0.486568370026257,FALSE
1234,0.111111111111111,0.43334679862654,0.486568370026257,FALSE
1234,0.222222222222222,0.298424560694809,0.486568370026257,FALSE
1234,0.333333333333333,0.231973338719451,0.486568370026257,FALSE
1234,0.444444444444444,0.234195112098566,0.486568370026257,FALSE
1234,0.555555555555556,0.307715613007473,0.486568370026257,FALSE
1234,0.666666666666667,0.466875378711371,0.486568370026257,FALSE
1234,0.777777777777778,0.352050090890729,0.486568370026257,FALSE
1234,0.888888888888889,0.235507978186225,0.486568370026257,FALSE
1234,1,0.323066047263179,0.486568370026257,FALSE
1235,0,0.511707156205342,0.511707156205342,FALSE
1235,0.111111111111111,0.391777509068924,0.511707156205342,FALSE
1235,0.222222222222222,0.210948664394855,0.511707156205342,FALSE
1235,0.333333333333333,0.11663185665604,0.511707156205342,FALSE
1235,0.444444444444444,0.0899197537649775,0.511707156205342,FALSE
1235,0.555555555555556,0.147191381774211,0.511707156205342,FALSE
1235,0.666666666666667,0.331318016928658,0.511707156205342,FALSE
1235,0.777777777777778,0.441464218973288,0.511707156205342,FALSE
1235,0.888888888888889,0.301198197207871,0.511707156205342,FALSE
1235,1,0.353633065845883,0.511707156205342,FALSE
1236,0,0.380739989863153,0.494171312721744,FALSE
1236,0.111111111111111,0.332589964521034,0.494171312721744,FALSE
1236,0.222222222222222,0.494171312721744,0.494171312721744,FALSE
1236,0.333333333333333,0.347997972630512,0.494171312721744,FALSE
1236,0.444444444444444,0.284845413076533,0.494171312721744,FALSE
1236,0.555555555555556,0.322757222503801,0.494171312721744,FALSE
1236,0.666666666666667,0.443487075519513,0.494171312721744,FALSE
1236,0.777777777777778,0.413279270146984,0.494171312721744,FALSE
1236,0.888888888888889,0.328737962493664,0.494171312721744,FALSE
1236,1,0.40273694880892,0.494171312721744,FALSE
1237,0,0.282900081234769,0.482737611697807,FALSE
1237,0.111111111111111,0.118907392363932,0.477761982128351,FALSE
1237,0.222222222222222,0.102761982128351,0.477761982128351,FALSE
1237,0.333333333333333,0.090272136474411,0.451360682372055,FALSE
1237,0.444444444444444,0.0874289195775792,0.437144597887896,FALSE
1237,0.555555555555556,0.114744110479285,0.477761982128351,FALSE
1237,0.666666666666667,0.186535337124289,0.482737611697807,FALSE
1237,0.777777777777778,0.286657189277011,0.482737611697807,FALSE
1237,0.888888888888889,0.3928716490658,0.482737611697807,FALSE
1237,1,0.482737611697807,0.482737611697807,FALSE
1238,0,0.322827417380661,0.438698490412077,FALSE
1238,0.111111111111111,0.198082415340677,0.438698490412077,FALSE
1238,0.222222222222222,0.239188086495308,0.438698490412077,FALSE
1238,0.333333333333333,0.313035495716034,0.438698490412077,FALSE
1238,0.444444444444444,0.438698490412077,0.438698490412077,FALSE
1238,0.555555555555556,0.434720522235822,0.438698490412077,FALSE
1238,0.666666666666667,0.354141166870665,0.438698490412077,FALSE
1238,0.777777777777778,0.303243574051408,0.438698490412077,FALSE
1238,0.888888888888889,0.272745818033456,0.438698490412077,FALSE
1238,1,0.355059159526724,0.438698490412077,FALSE
1239,0,0.239846433622954,0.449181652859163,FALSE
1239,0.111111111111111,0.151040614265508,0.449181652859163,FALSE
1239,0.222222222222222,0.420691048696706,0.449181652859163,FALSE
1239,0.333333333333333,0.158011719539301,0.449181652859163,FALSE
1239,0.444444444444444,0.049100828450192,0.383754293796727,FALSE
1239,0.555555555555556,0.0409173570418266,0.355526368963427,FALSE
1239,0.666666666666667,0.0833501717518691,0.449181652859163,FALSE
1239,0.777777777777778,0.228429985855728,0.449181652859163,FALSE
1239,0.888888888888889,0.449181652859163,0.449181652859163,FALSE
1239,1,0.391897353000606,0.449181652859163,FALSE
1240,0,0.2227,0.2227,FALSE
1240,0.111111111111111,0.0202,0.0606,FALSE
1240,0.222222222222222,0.0076,0.0336666666666667,TRUE
1240,0.333333333333333,0.003,0.018,TRUE
1240,0.444444444444444,0.0012,0.0096,TRUE
1240,0.555555555555556,8e-04,0.00675,TRUE
1240,0.666666666666667,0.0015,0.012,TRUE
1240,0.777777777777778,0.0046,0.023,TRUE
1240,0.888888888888889,0.0164,0.0492,TRUE
1240,1,0.2222,0.2227,FALSE
1241,0,0.371875,0.48195564516129,FALSE
1241,0.111111111111111,0.345967741935484,0.48195564516129,FALSE
1241,0.222222222222222,0.480645161290323,0.48195564516129,FALSE
1241,0.333333333333333,0.290826612903226,0.48195564516129,FALSE
1241,0.444444444444444,0.196068548387097,0.48195564516129,FALSE
1241,0.555555555555556,0.191935483870968,0.48195564516129,FALSE
1241,0.666666666666667,0.247782258064516,0.48195564516129,FALSE
1241,0.777777777777778,0.342943548387097,0.48195564516129,FALSE
1241,0.888888888888889,0.455241935483871,0.48195564516129,FALSE
1241,1,0.48195564516129,0.48195564516129,FALSE
1242,0,0.0981101728990752,0.142842782468838,FALSE
1242,0.111111111111111,0.00120627261761158,0.00482509047044632,TRUE
1242,0.222222222222222,0.000201045436268597,0.00120627261761158,TRUE
1242,0.333333333333333,0,0,TRUE
1242,0.444444444444444,0,0,TRUE
1242,0.555555555555556,0,0,TRUE
1242,0.666666666666667,0.000100522718134298,0.000703659026940088,TRUE
1242,0.777777777777778,0.000402090872537193,0.00201045436268597,TRUE
1242,0.888888888888889,0.00653397667872939,0.0196019300361882,TRUE
1242,1,0.142842782468838,0.142842782468838,FALSE
1243,0,0.442857142857143,0.454929577464789,FALSE
1243,0.111111111111111,0.454929577464789,0.454929577464789,FALSE
1243,0.222222222222222,0.196780684104628,0.454929577464789,FALSE
1243,0.333333333333333,0.0817907444668008,0.408953722334004,FALSE
1243,0.444444444444444,0.045271629778672,0.316901408450704,FALSE
1243,0.555555555555556,0.0450704225352113,0.315492957746479,FALSE
1243,0.666666666666667,0.0675050301810865,0.393561368209256,FALSE
1243,0.777777777777778,0.11046277665996,0.454929577464789,FALSE
1243,0.888888888888889,0.194265593561368,0.454929577464789,FALSE
1243,1,0.374346076458753,0.454929577464789,FALSE
1244,0,0.120016273393002,0.179922701383238,FALSE
1244,0.111111111111111,0.00742473555736371,0.0296989422294548,TRUE
1244,0.222222222222222,0.0023393002441009,0.0122050447518308,TRUE
1244,0.333333333333333,0.000711960943856794,0.00498372660699756,TRUE
1244,0.444444444444444,0.000101708706265256,0.000915378356387307,TRUE
1244,0.555555555555556,0.000101708706265256,0.000915378356387307,TRUE
1244,0.666666666666667,0.00081366965012205,0.00569568755085435,TRUE
1244,0.777777777777778,0.00406834825061025,0.0185618388934093,TRUE
1244,0.888888888888889,0.0170870626525631,0.0512611879576892,FALSE
1244,1,0.179922701383238,0.179922701383238,FALSE
1245,0,0.43735533863339,0.43735533863339,FALSE
1245,0.111111111111111,0.240515246050116,0.43735533863339,FALSE
1245,0.222222222222222,0.118748113112609,0.356244339337828,FALSE
1245,0.333333333333333,0.0531347489181846,0.265673744590923,FALSE
1245,0.444444444444444,0.0253597665291335,0.152158599174801,FALSE
1245,0.555555555555556,0.0126798832645668,0.101439066116534,FALSE
1245,0.666666666666667,0.0117741773170977,0.0941934185367817,FALSE
1245,0.777777777777778,0.0188185569085237,0.123981080809097,FALSE
1245,0.888888888888889,0.0447821274026366,0.223910637013183,FALSE
1245,1,0.215759283485962,0.431518566971923,FALSE
1246,0,0.45135406218656,0.45135406218656,FALSE
1246,0.111111111111111,0.239618856569709,0.45135406218656,FALSE
1246,0.222222222222222,0.152056168505517,0.45135406218656,FALSE
1246,0.333333333333333,0.175225677031093,0.45135406218656,FALSE
1246,0.444444444444444,0.26629889669007,0.45135406218656,FALSE
1246,0.555555555555556,0.373520561685055,0.45135406218656,FALSE
1246,0.666666666666667,0.357873620862588,0.45135406218656,FALSE
1246,0.777777777777778,0.231895687061184,0.45135406218656,FALSE
1246,0.888888888888889,0.130892678034102,0.45135406218656,FALSE
1246,1,0.235907723169509,0.45135406218656,FALSE
1247,0,0.410530645824763,0.457527766351296,FALSE
1247,0.111111111111111,0.457527766351296,0.457527766351296,FALSE
1247,0.222222222222222,0.177704648292884,0.457527766351296,FALSE
1247,0.333333333333333,0.0646853146853147,0.414644179350062,FALSE
1247,0.444444444444444,0.0355820649938297,0.284656519950638,FALSE
1247,0.555555555555556,0.0472027972027972,0.355409296585767,FALSE
1247,0.666666666666667,0.0899835458658988,0.457527766351296,FALSE
1247,0.777777777777778,0.174825174825175,0.457527766351296,FALSE
1247,0.888888888888889,0.277354997943233,0.457527766351296,FALSE
1247,1,0.407136980666392,0.457527766351296,FALSE
1248,0,0.474077817079333,0.474077817079333,FALSE
1248,0.111111111111111,0.445477513895907,0.474077817079333,FALSE
1248,0.222222222222222,0.420313289540172,0.474077817079333,FALSE
1248,0.333333333333333,0.389590702374937,0.474077817079333,FALSE
1248,0.444444444444444,0.348357756442648,0.474077817079333,FALSE
1248,0.555555555555556,0.322283981808994,0.474077817079333,FALSE
1248,0.666666666666667,0.320768064679131,0.474077817079333,FALSE
1248,0.777777777777778,0.335118746841839,0.474077817079333,FALSE
1248,0.888888888888889,0.351187468418393,0.474077817079333,FALSE
1248,1,0.427791814047499,0.474077817079333,FALSE
1249,0,0.45461879790238,0.472569584509883,FALSE
1249,0.111111111111111,0.449576442113756,0.472569584509883,FALSE
1249,0.222222222222222,0.472569584509883,0.472569584509883,FALSE
1249,0.333333333333333,0.454417103670835,0.472569584509883,FALSE
1249,0.444444444444444,0.36425978217023,0.472569584509883,FALSE
1249,0.555555555555556,0.221359419120613,0.472569584509883,FALSE
1249,0.666666666666667,0.110125050423558,0.472569584509883,FALSE
1249,0.777777777777778,0.0535498184751916,0.467123840258169,FALSE
1249,0.888888888888889,0.0331787010891489,0.29860830980234,FALSE
1249,1,0.155707946752723,0.472569584509883,FALSE
1250,0,0.45917825671515,0.45917825671515,FALSE
1250,0.111111111111111,0.377640938528506,0.45917825671515,FALSE
1250,0.222222222222222,0.361397175921011,0.45917825671515,FALSE
1250,0.333333333333333,0.338358636797962,0.45917825671515,FALSE
1250,0.444444444444444,0.312559719715469,0.45917825671515,FALSE
1250,0.555555555555556,0.295466610043529,0.45917825671515,FALSE
1250,0.666666666666667,0.294935768128251,0.45917825671515,FALSE
1250,0.777777777777778,0.315320097674912,0.45917825671515,FALSE
1250,0.888888888888889,0.348975475103514,0.45917825671515,FALSE
1250,1,0.447924408111264,0.45917825671515,FALSE
1251,0,0.489535477284329,0.489535477284329,FALSE
1251,0.111111111111111,0.467687595712098,0.489535477284329,FALSE
1251,0.222222222222222,0.400714650331802,0.489535477284329,FALSE
1251,0.333333333333333,0.333333333333333,0.489535477284329,FALSE
1251,0.444444444444444,0.302297090352221,0.489535477284329,FALSE
1251,0.555555555555556,0.346197039305768,0.489535477284329,FALSE
1251,0.666666666666667,0.467891781521184,0.489535477284329,FALSE
1251,0.777777777777778,0.363348647269015,0.489535477284329,FALSE
1251,0.888888888888889,0.225114854517611,0.489535477284329,FALSE
1251,1,0.30454313425217,0.489535477284329,FALSE
1252,0,0.361293582617484,0.464173825164224,FALSE
1252,0.111111111111111,0.270843860535624,0.464173825164224,FALSE
1252,0.222222222222222,0.346639717028802,0.464173825164224,FALSE
1252,0.333333333333333,0.464173825164224,0.464173825164224,FALSE
1252,0.444444444444444,0.363719050025265,0.464173825164224,FALSE
1252,0.555555555555556,0.16644770085902,0.464173825164224,FALSE
1252,0.666666666666667,0.0494188984335523,0.395351187468418,FALSE
1252,0.777777777777778,0.0147549267306721,0.132794340576049,FALSE
1252,0.888888888888889,0.00879231935320869,0.0791308741788782,FALSE
1252,1,0.123496715512885,0.464173825164224,FALSE
1253,0,0.468082879866053,0.468082879866053,FALSE
1253,0.111111111111111,0.365424863959816,0.468082879866053,FALSE
1253,0.222222222222222,0.2628714943491,0.468082879866053,FALSE
1253,0.333333333333333,0.178212641272499,0.468082879866053,FALSE
1253,0.444444444444444,0.125366262034324,0.468082879866053,FALSE
1253,0.555555555555556,0.111971536207618,0.45678107994977,FALSE
1253,0.666666666666667,0.128401004604437,0.468082879866053,FALSE
1253,0.777777777777778,0.165864378401005,0.468082879866053,FALSE
1253,0.888888888888889,0.211490163248221,0.468082879866053,FALSE
1253,1,0.364483047300126,0.468082879866053,FALSE
1254,0,0.381908027430415,0.468737394110528,FALSE
1254,0.111111111111111,0.31484469544171,0.468737394110528,FALSE
1254,0.222222222222222,0.396026623638564,0.468737394110528,FALSE
1254,0.333333333333333,0.466317063331989,0.468737394110528,FALSE
1254,0.444444444444444,0.468737394110528,0.468737394110528,FALSE
1254,0.555555555555556,0.368797902379992,0.468737394110528,FALSE
1254,0.666666666666667,0.197458652682533,0.468737394110528,FALSE
1254,0.777777777777778,0.0829971762807584,0.468737394110528,FALSE
1254,0.888888888888889,0.041246470350948,0.41246470350948,FALSE
1254,1,0.157119806373538,0.468737394110528,FALSE
1255,0,0.505311685708559,0.505311685708559,FALSE
1255,0.111111111111111,0.361194628182,0.505311685708559,FALSE
1255,0.222222222222222,0.192924433754259,0.505311685708559,FALSE
1255,0.333333333333333,0.102625776708759,0.505311685708559,FALSE
1255,0.444444444444444,0.0704550010022049,0.477517204516603,FALSE
1255,0.555555555555556,0.0769693325315695,0.477517204516603,FALSE
1255,0.666666666666667,0.120966125476047,0.505311685708559,FALSE
1255,0.777777777777778,0.204650230507116,0.505311685708559,FALSE
1255,0.888888888888889,0.312487472439367,0.505311685708559,FALSE
1255,1,0.452695931048306,0.505311685708559,FALSE
1256,0,0.478964401294498,0.478964401294498,FALSE
1256,0.111111111111111,0.438915857605178,0.478964401294498,FALSE
1256,0.222222222222222,0.282362459546926,0.478964401294498,FALSE
1256,0.333333333333333,0.164441747572816,0.478964401294498,FALSE
1256,0.444444444444444,0.088794498381877,0.478964401294498,FALSE
1256,0.555555555555556,0.0576456310679612,0.438511326860841,FALSE
1256,0.666666666666667,0.0776699029126214,0.478964401294498,FALSE
1256,0.777777777777778,0.152305825242718,0.478964401294498,FALSE
1256,0.888888888888889,0.276496763754045,0.478964401294498,FALSE
1256,1,0.432645631067961,0.478964401294498,FALSE
1257,0,0.352254264825345,0.411758732737612,FALSE
1257,0.111111111111111,0.149268887083672,0.411758732737612,FALSE
1257,0.222222222222222,0.0651909017059301,0.325954508529651,FALSE
1257,0.333333333333333,0.0206133225020309,0.144293257514216,FALSE
1257,0.444444444444444,0.00812347684809098,0.0731112916328188,FALSE
1257,0.555555555555556,0.0106620633631194,0.0927599512591389,FALSE
1257,0.666666666666667,0.0341186027619821,0.228168155970756,FALSE
1257,0.777777777777778,0.10266043866775,0.410641754670999,FALSE
1257,0.888888888888889,0.222177091795288,0.411758732737612,FALSE
1257,1,0.411758732737612,0.411758732737612,FALSE
1258,0,0.385675787728027,0.385675787728027,FALSE
1258,0.111111111111111,0.150912106135987,0.385675787728027,FALSE
1258,0.222222222222222,0.0394900497512438,0.172574626865672,FALSE
1258,0.333333333333333,0.0105721393034826,0.0740049751243781,FALSE
1258,0.444444444444444,0.00487147595356551,0.038971807628524,TRUE
1258,0.555555555555556,0.00580431177446103,0.0464344941956882,TRUE
1258,0.666666666666667,0.0123341625207297,0.0863391376451078,FALSE
1258,0.777777777777778,0.0297470978441128,0.148735489220564,FALSE
1258,0.888888888888889,0.0690298507462687,0.276119402985075,FALSE
1258,1,0.262126865671642,0.385675787728027,FALSE
1259,0,0.358383263938255,0.416878237026506,FALSE
1259,0.111111111111111,0.30618462475881,0.416878237026506,FALSE
1259,0.222222222222222,0.415558037981111,0.416878237026506,FALSE
1259,0.333333333333333,0.416878237026506,0.416878237026506,FALSE
1259,0.444444444444444,0.230730171625876,0.416878237026506,FALSE
1259,0.555555555555556,0.106936122676957,0.416878237026506,FALSE
1259,0.666666666666667,0.0530110693612268,0.416878237026506,FALSE
1259,0.777777777777778,0.033411191225754,0.267289529806032,FALSE
1259,0.888888888888889,0.0294505940895704,0.23854981212552,FALSE
1259,1,0.158322331674622,0.416878237026506,FALSE
1260,0,0.414068825910931,0.499089068825911,FALSE
1260,0.111111111111111,0.370748987854251,0.499089068825911,FALSE
1260,0.222222222222222,0.495951417004049,0.499089068825911,FALSE
1260,0.333333333333333,0.346963562753036,0.499089068825911,FALSE
1260,0.444444444444444,0.237955465587045,0.499089068825911,FALSE
1260,0.555555555555556,0.22085020242915,0.499089068825911,FALSE
1260,0.666666666666667,0.282894736842105,0.499089068825911,FALSE
1260,0.777777777777778,0.393927125506073,0.499089068825911,FALSE
1260,0.888888888888889,0.499089068825911,0.499089068825911,FALSE
1260,1,0.473886639676113,0.499089068825911,FALSE
1261,0,0.312903225806452,0.442439516129032,FALSE
1261,0.111111111111111,0.0755040322580645,0.377520161290323,FALSE
1261,0.222222222222222,0.0193548387096774,0.135483870967742,FALSE
1261,0.333333333333333,0.00796370967741935,0.0716733870967742,FALSE
1261,0.444444444444444,0.00786290322580645,0.0707661290322581,FALSE
1261,0.555555555555556,0.0266129032258065,0.186290322580645,FALSE
1261,0.666666666666667,0.166229838709677,0.442439516129032,FALSE
1261,0.777777777777778,0.442439516129032,0.442439516129032,FALSE
1261,0.888888888888889,0.151310483870968,0.442439516129032,FALSE
1261,1,0.242439516129032,0.442439516129032,FALSE
1262,0,0.404883011190234,0.486876907426246,FALSE
1262,0.111111111111111,0.359308240081384,0.486876907426246,FALSE
1262,0.222222222222222,0.486876907426246,0.486876907426246,FALSE
1262,0.333333333333333,0.389623601220753,0.486876907426246,FALSE
1262,0.444444444444444,0.304984740590031,0.486876907426246,FALSE
1262,0.555555555555556,0.268260427263479,0.486876907426246,FALSE
1262,0.666666666666667,0.263072227873856,0.486876907426246,FALSE
1262,0.777777777777778,0.280162767039674,0.486876907426246,FALSE
1262,0.888888888888889,0.320549338758901,0.486876907426246,FALSE
1262,1,0.410681586978637,0.486876907426246,FALSE
1263,0,0.334106260711765,0.417481600967839,FALSE
1263,0.111111111111111,0.120072587962496,0.417481600967839,FALSE
1263,0.222222222222222,0.0912390361931646,0.417481600967839,FALSE
1263,0.333333333333333,0.151023288637968,0.417481600967839,FALSE
1263,0.444444444444444,0.383506401855026,0.417481600967839,FALSE
1263,0.555555555555556,0.271196693215042,0.417481600967839,FALSE
1263,0.666666666666667,0.154350236919044,0.417481600967839,FALSE
1263,0.777777777777778,0.417481600967839,0.417481600967839,FALSE
1263,0.888888888888889,0.0757132775481399,0.417481600967839,FALSE
1263,1,0.111704808952515,0.417481600967839,FALSE
1264,0,0.207026476578411,0.453462321792261,FALSE
1264,0.111111111111111,0.0726069246435845,0.425661914460285,FALSE
1264,0.222222222222222,0.0726069246435845,0.425661914460285,FALSE
1264,0.333333333333333,0.0766802443991853,0.425661914460285,FALSE
1264,0.444444444444444,0.0874745417515275,0.437372708757637,FALSE
1264,0.555555555555556,0.121079429735234,0.453462321792261,FALSE
1264,0.666666666666667,0.212830957230143,0.453462321792261,FALSE
1264,0.777777777777778,0.361710794297352,0.453462321792261,FALSE
1264,0.888888888888889,0.453462321792261,0.453462321792261,FALSE
1264,1,0.423523421588595,0.453462321792261,FALSE
1265,0,0.400534188034188,0.491452991452991,FALSE
1265,0.111111111111111,0.333547008547009,0.491452991452991,FALSE
1265,0.222222222222222,0.3875,0.491452991452991,FALSE
1265,0.333333333333333,0.468482905982906,0.491452991452991,FALSE
1265,0.444444444444444,0.491452991452991,0.491452991452991,FALSE
1265,0.555555555555556,0.472222222222222,0.491452991452991,FALSE
1265,0.666666666666667,0.374465811965812,0.491452991452991,FALSE
1265,0.777777777777778,0.269551282051282,0.491452991452991,FALSE
1265,0.888888888888889,0.20042735042735,0.491452991452991,FALSE
1265,1,0.307692307692308,0.491452991452991,FALSE
1267,0,0.39703643560337,0.489800060895159,FALSE
1267,0.111111111111111,0.236273216279306,0.489800060895159,FALSE
1267,0.222222222222222,0.224094184512331,0.489800060895159,FALSE
1267,0.333333333333333,0.489800060895159,0.489800060895159,FALSE
1267,0.444444444444444,0.125444027199838,0.489800060895159,FALSE
1267,0.555555555555556,0.0654622957474881,0.438876484319497,FALSE
1267,0.666666666666667,0.140464833045773,0.489800060895159,FALSE
1267,0.777777777777778,0.388308129503704,0.489800060895159,FALSE
1267,0.888888888888889,0.250786562468284,0.489800060895159,FALSE
1267,1,0.243174667613925,0.489800060895159,FALSE
1268,0,0.297582145071296,0.500619962802232,FALSE
1268,0.111111111111111,0.196218226906386,0.500619962802232,FALSE
1268,0.222222222222222,0.303471791692498,0.500619962802232,FALSE
1268,0.333333333333333,0.500619962802232,0.500619962802232,FALSE
1268,0.444444444444444,0.313907832196735,0.500619962802232,FALSE
1268,0.555555555555556,0.23093614383137,0.500619962802232,FALSE
1268,0.666666666666667,0.217916924984501,0.500619962802232,FALSE
1268,0.777777777777778,0.262657573878901,0.500619962802232,FALSE
1268,0.888888888888889,0.336639801611903,0.500619962802232,FALSE
1268,1,0.45856581938417,0.500619962802232,FALSE
1269,0,0.425017357093265,0.425017357093265,FALSE
1269,0.111111111111111,0.334413330247628,0.425017357093265,FALSE
1269,0.222222222222222,0.326313353390419,0.425017357093265,FALSE
1269,0.333333333333333,0.315667669520944,0.425017357093265,FALSE
1269,0.444444444444444,0.301897708863689,0.425017357093265,FALSE
1269,0.555555555555556,0.283499190002314,0.425017357093265,FALSE
1269,0.666666666666667,0.265794954871558,0.425017357093265,FALSE
1269,0.777777777777778,0.264869243230734,0.425017357093265,FALSE
1269,0.888888888888889,0.278407775977783,0.425017357093265,FALSE
1269,1,0.399328859060403,0.425017357093265,FALSE
1270,0,0.315403177156646,0.508043434546551,FALSE
1270,0.111111111111111,0.0891815805348884,0.405439372612105,FALSE
1270,0.222222222222222,0.0251357329579731,0.175950130705811,FALSE
1270,0.333333333333333,0.0100542931831892,0.0804343454655138,FALSE
1270,0.444444444444444,0.00764126281922381,0.0660567062135532,FALSE
1270,0.555555555555556,0.0146792680474563,0.102754876332194,FALSE
1270,0.666666666666667,0.0592197868489845,0.296098934244923,FALSE
1270,0.777777777777778,0.162175749044842,0.486527247134526,FALSE
1270,0.888888888888889,0.353710034184597,0.508043434546551,FALSE
1270,1,0.508043434546551,0.508043434546551,FALSE
1271,0,0.282362459546926,0.402406957928803,FALSE
1271,0.111111111111111,0.159081715210356,0.402406957928803,FALSE
1271,0.222222222222222,0.171419902912621,0.402406957928803,FALSE
1271,0.333333333333333,0.19629854368932,0.402406957928803,FALSE
1271,0.444444444444444,0.254247572815534,0.402406957928803,FALSE
1271,0.555555555555556,0.402406957928803,0.402406957928803,FALSE
1271,0.666666666666667,0.38207928802589,0.402406957928803,FALSE
1271,0.777777777777778,0.264967637540453,0.402406957928803,FALSE
1271,0.888888888888889,0.212479773462783,0.402406957928803,FALSE
1271,1,0.330299352750809,0.402406957928803,FALSE
1272,0,0.288446054750403,0.359299516908213,FALSE
1272,0.111111111111111,0.132045088566828,0.359299516908213,FALSE
1272,0.222222222222222,0.1039653784219,0.359299516908213,FALSE
1272,0.333333333333333,0.0828301127214171,0.359299516908213,FALSE
1272,0.444444444444444,0.0778985507246377,0.359299516908213,FALSE
1272,0.555555555555556,0.0940016103059581,0.359299516908213,FALSE
1272,0.666666666666667,0.131038647342995,0.359299516908213,FALSE
1272,0.777777777777778,0.175020128824477,0.359299516908213,FALSE
1272,0.888888888888889,0.222222222222222,0.359299516908213,FALSE
1272,1,0.359299516908213,0.359299516908213,FALSE
1273,0,0.357995951417004,0.357995951417004,FALSE
1273,0.111111111111111,0.2082995951417,0.357995951417004,FALSE
1273,0.222222222222222,0.165789473684211,0.331578947368421,FALSE
1273,0.333333333333333,0.132085020242915,0.312449392712551,FALSE
1273,0.444444444444444,0.111234817813765,0.312449392712551,FALSE
1273,0.555555555555556,0.0895748987854251,0.277732793522267,FALSE
1273,0.666666666666667,0.0700404858299595,0.277732793522267,FALSE
1273,0.777777777777778,0.0621457489878543,0.260374493927126,FALSE
1273,0.888888888888889,0.0626518218623482,0.260374493927126,FALSE
1273,1,0.195951417004049,0.357995951417004,FALSE
1274,0,0.400546390669329,0.48408111799937,FALSE
1274,0.111111111111111,0.455080382473469,0.48408111799937,FALSE
1274,0.222222222222222,0.274246085951455,0.48408111799937,FALSE
1274,0.333333333333333,0.10623095513292,0.48408111799937,FALSE
1274,0.444444444444444,0.0715561626562993,0.48408111799937,FALSE
1274,0.555555555555556,0.108647683093412,0.48408111799937,FALSE
1274,0.666666666666667,0.239466218346117,0.48408111799937,FALSE
1274,0.777777777777778,0.48408111799937,0.48408111799937,FALSE
1274,0.888888888888889,0.328885152884312,0.48408111799937,FALSE
1274,1,0.370810129242408,0.48408111799937,FALSE
1275,0,0.399799398194584,0.399799398194584,FALSE
1275,0.111111111111111,0.256770310932798,0.399799398194584,FALSE
1275,0.222222222222222,0.193681043129388,0.399799398194584,FALSE
1275,0.333333333333333,0.136108324974925,0.399799398194584,FALSE
1275,0.444444444444444,0.099197592778335,0.399799398194584,FALSE
1275,0.555555555555556,0.0894684052156469,0.399799398194584,FALSE
1275,0.666666666666667,0.101705115346038,0.399799398194584,FALSE
1275,0.777777777777778,0.126680040120361,0.399799398194584,FALSE
1275,0.888888888888889,0.153259779338014,0.399799398194584,FALSE
1275,1,0.324874623871615,0.399799398194584,FALSE
1276,0,0.3403,0.3403,FALSE
1276,0.111111111111111,0.1538,0.3403,FALSE
1276,0.222222222222222,0.0931,0.3076,FALSE
1276,0.333333333333333,0.0679,0.2716,FALSE
1276,0.444444444444444,0.0593,0.256333333333333,FALSE
1276,0.555555555555556,0.0551,0.256333333333333,FALSE
1276,0.666666666666667,0.0578,0.256333333333333,FALSE
1276,0.777777777777778,0.0703,0.2812,FALSE
1276,0.888888888888889,0.1089,0.3267,FALSE
1276,1,0.2646,0.3403,FALSE
1277,0,0.320766129032258,0.489516129032258,FALSE
1277,0.111111111111111,0.221875,0.489516129032258,FALSE
1277,0.222222222222222,0.298487903225806,0.489516129032258,FALSE
1277,0.333333333333333,0.426713709677419,0.489516129032258,FALSE
1277,0.444444444444444,0.489415322580645,0.489516129032258,FALSE
1277,0.555555555555556,0.489516129032258,0.489516129032258,FALSE
1277,0.666666666666667,0.43125,0.489516129032258,FALSE
1277,0.777777777777778,0.31179435483871,0.489516129032258,FALSE
1277,0.888888888888889,0.230141129032258,0.489516129032258,FALSE
1277,1,0.324798387096774,0.489516129032258,FALSE
1278,0,0.403593064549822,0.46970963024859,FALSE
1278,0.111111111111111,0.395550449133069,0.46970963024859,FALSE
1278,0.222222222222222,0.464382703154376,0.46970963024859,FALSE
1278,0.333333333333333,0.325255901399624,0.46970963024859,FALSE
1278,0.444444444444444,0.265928556507207,0.46970963024859,FALSE
1278,0.555555555555556,0.278149153958638,0.46970963024859,FALSE
1278,0.666666666666667,0.351472738667224,0.46970963024859,FALSE
1278,0.777777777777778,0.46970963024859,0.46970963024859,FALSE
1278,0.888888888888889,0.433883434301232,0.46970963024859,FALSE
1278,1,0.437748067683309,0.46970963024859,FALSE
1279,0,0.231232478454989,0.308067698058353,FALSE
1279,0.111111111111111,0.0793271726715813,0.308067698058353,FALSE
1279,0.222222222222222,0.116602637316997,0.308067698058353,FALSE
1279,0.333333333333333,0.250233620600145,0.308067698058353,FALSE
1279,0.444444444444444,0.308067698058353,0.308067698058353,FALSE
1279,0.555555555555556,0.113383864603883,0.308067698058353,FALSE
1279,0.666666666666667,0.191776554874883,0.308067698058353,FALSE
1279,0.777777777777778,0.29270065413768,0.308067698058353,FALSE
1279,0.888888888888889,0.139134046308795,0.308067698058353,FALSE
1279,1,0.261032083895753,0.308067698058353,FALSE
1280,0,0.45563621697923,0.45563621697923,FALSE
1280,0.111111111111111,0.25206694898165,0.45563621697923,FALSE
1280,0.222222222222222,0.122302883645896,0.366908650937689,FALSE
1280,0.333333333333333,0.0547489413188143,0.273744706594071,FALSE
1280,0.444444444444444,0.0292397660818713,0.164246823956443,FALSE
1280,0.555555555555556,0.0183504738858641,0.1277475297439,FALSE
1280,0.666666666666667,0.0178463399879008,0.124924379915306,FALSE
1280,0.777777777777778,0.0265174430328695,0.159104658197217,FALSE
1280,0.888888888888889,0.0511191772534785,0.255595886267393,FALSE
1280,1,0.215265174430329,0.430530348860657,FALSE
1281,0,0.181393459272801,0.384623197237457,FALSE
1281,0.111111111111111,0.218972171440179,0.384623197237457,FALSE
1281,0.222222222222222,0.10582977859029,0.384623197237457,FALSE
1281,0.333333333333333,0.00822669104204753,0.0822669104204753,FALSE
1281,0.444444444444444,0.0207190737355271,0.186471663619744,FALSE
1281,0.555555555555556,0.0696729636400569,0.363071297989031,FALSE
1281,0.666666666666667,0.149197643713183,0.384623197237457,FALSE
1281,0.777777777777778,0.269957343083486,0.384623197237457,FALSE
1281,0.888888888888889,0.302559414990859,0.384623197237457,FALSE
1281,1,0.384623197237457,0.384623197237457,FALSE
1282,0,0.301790281329923,0.301790281329923,FALSE
1282,0.111111111111111,0.130332480818414,0.301790281329923,FALSE
1282,0.222222222222222,0.0813299232736573,0.260664961636829,FALSE
1282,0.333333333333333,0.0456265984654731,0.217220801364024,FALSE
1282,0.444444444444444,0.0298721227621483,0.17923273657289,FALSE
1282,0.555555555555556,0.0314066496163683,0.18843989769821,FALSE
1282,0.666666666666667,0.0468542199488491,0.217220801364024,FALSE
1282,0.777777777777778,0.0718158567774936,0.260664961636829,FALSE
1282,0.888888888888889,0.099846547314578,0.299539641943734,FALSE
1282,1,0.259744245524297,0.301790281329923,FALSE
1283,0,0.474557522123894,0.474557522123894,FALSE
1283,0.111111111111111,0.439762670957361,0.474557522123894,FALSE
1283,0.222222222222222,0.409593724859212,0.474557522123894,FALSE
1283,0.333333333333333,0.370675784392599,0.474557522123894,FALSE
1283,0.444444444444444,0.331657280772325,0.474557522123894,FALSE
1283,0.555555555555556,0.307924376508447,0.474557522123894,FALSE
1283,0.666666666666667,0.303901850362027,0.474557522123894,FALSE
1283,0.777777777777778,0.311343523732904,0.474557522123894,FALSE
1283,0.888888888888889,0.321399839098954,0.474557522123894,FALSE
1283,1,0.412308930008045,0.474557522123894,FALSE
1284,0,0.49209886547812,0.49209886547812,FALSE
1284,0.111111111111111,0.458772285251216,0.49209886547812,FALSE
1284,0.222222222222222,0.34177471636953,0.49209886547812,FALSE
1284,0.333333333333333,0.232982171799028,0.49209886547812,FALSE
1284,0.444444444444444,0.172001620745543,0.49209886547812,FALSE
1284,0.555555555555556,0.138067260940032,0.49209886547812,FALSE
1284,0.666666666666667,0.136041329011345,0.49209886547812,FALSE
1284,0.777777777777778,0.175749594813614,0.49209886547812,FALSE
1284,0.888888888888889,0.282009724473258,0.49209886547812,FALSE
1284,1,0.446717990275527,0.49209886547812,FALSE
1285,0,0.334607645875251,0.512374245472837,FALSE
1285,0.111111111111111,0.225251509054326,0.512374245472837,FALSE
1285,0.222222222222222,0.227967806841046,0.512374245472837,FALSE
1285,0.333333333333333,0.244265593561368,0.512374245472837,FALSE
1285,0.444444444444444,0.280382293762575,0.512374245472837,FALSE
1285,0.555555555555556,0.331790744466801,0.512374245472837,FALSE
1285,0.666666666666667,0.396177062374245,0.512374245472837,FALSE
1285,0.777777777777778,0.449094567404427,0.512374245472837,FALSE
1285,0.888888888888889,0.512374245472837,0.512374245472837,FALSE
1285,1,0.505130784708249,0.512374245472837,FALSE
1286,0,0.433118452860596,0.470688960515713,FALSE
1286,0.111111111111111,0.437147461724416,0.470688960515713,FALSE
1286,0.222222222222222,0.470688960515713,0.470688960515713,FALSE
1286,0.333333333333333,0.346796937953263,0.470688960515713,FALSE
1286,0.444444444444444,0.256950040290089,0.470688960515713,FALSE
1286,0.555555555555556,0.208803384367446,0.470688960515713,FALSE
1286,0.666666666666667,0.194701853344077,0.470688960515713,FALSE
1286,0.777777777777778,0.192687348912168,0.470688960515713,FALSE
1286,0.888888888888889,0.1941982272361,0.470688960515713,FALSE
1286,1,0.334508460918614,0.470688960515713,FALSE
1287,0,0.257246742753257,0.473083526916473,FALSE
1287,0.111111111111111,0.156650843349157,0.473083526916473,FALSE
1287,0.222222222222222,0.340571659428341,0.473083526916473,FALSE
1287,0.333333333333333,0.473083526916473,0.473083526916473,FALSE
1287,0.444444444444444,0.443793556206444,0.473083526916473,FALSE
1287,0.555555555555556,0.43046156953843,0.473083526916473,FALSE
1287,0.666666666666667,0.261286738713261,0.473083526916473,FALSE
1287,0.777777777777778,0.151095848904151,0.473083526916473,FALSE
1287,0.888888888888889,0.111503888496112,0.473083526916473,FALSE
1287,1,0.281183718816281,0.473083526916473,FALSE
1288,0,0.202540650406504,0.251422764227642,FALSE
1288,0.111111111111111,0.0507113821138211,0.173373983739837,FALSE
1288,0.222222222222222,0.0308943089430894,0.141514227642276,FALSE
1288,0.333333333333333,0.020020325203252,0.113211382113821,FALSE
1288,0.444444444444444,0.0160569105691057,0.0990599593495935,FALSE
1288,0.555555555555556,0.0191056910569106,0.113211382113821,FALSE
1288,0.666666666666667,0.0313008130081301,0.141514227642276,FALSE
1288,0.777777777777778,0.0566056910569106,0.173373983739837,FALSE
1288,0.888888888888889,0.0866869918699187,0.251422764227642,FALSE
1288,1,0.251422764227642,0.251422764227642,FALSE
1289,0,0.434254143646409,0.468206931190357,FALSE
1289,0.111111111111111,0.468206931190357,0.468206931190357,FALSE
1289,0.222222222222222,0.18884982420894,0.468206931190357,FALSE
1289,0.333333333333333,0.0629834254143646,0.440883977900552,FALSE
1289,0.444444444444444,0.0312405826217981,0.281165243596183,FALSE
1289,0.555555555555556,0.0355600200904068,0.284480160723255,FALSE
1289,0.666666666666667,0.10668006027122,0.468206931190357,FALSE
1289,0.777777777777778,0.407332998493219,0.468206931190357,FALSE
1289,0.888888888888889,0.215670517327976,0.468206931190357,FALSE
1289,1,0.268910095429432,0.468206931190357,FALSE
1290,0,0.299328590039082,0.452249724421285,FALSE
1290,0.111111111111111,0.164244914320072,0.452249724421285,FALSE
1290,0.222222222222222,0.150716504659786,0.452249724421285,FALSE
1290,0.333333333333333,0.147108928750376,0.452249724421285,FALSE
1290,0.444444444444444,0.164745966529712,0.452249724421285,FALSE
1290,0.555555555555556,0.206734141697565,0.452249724421285,FALSE
1290,0.666666666666667,0.263653672712697,0.452249724421285,FALSE
1290,0.777777777777778,0.32408056919531,0.452249724421285,FALSE
1290,0.888888888888889,0.381501152420082,0.452249724421285,FALSE
1290,1,0.452249724421285,0.452249724421285,FALSE
1291,0,0.330622489959839,0.43995983935743,FALSE
1291,0.111111111111111,0.18925702811245,0.43995983935743,FALSE
1291,0.222222222222222,0.173293172690763,0.43995983935743,FALSE
1291,0.333333333333333,0.159839357429719,0.43995983935743,FALSE
1291,0.444444444444444,0.156927710843373,0.43995983935743,FALSE
1291,0.555555555555556,0.170080321285141,0.43995983935743,FALSE
1291,0.666666666666667,0.208032128514056,0.43995983935743,FALSE
1291,0.777777777777778,0.264357429718875,0.43995983935743,FALSE
1291,0.888888888888889,0.321887550200803,0.43995983935743,FALSE
1291,1,0.43995983935743,0.43995983935743,FALSE
1292,0,0.482519620833758,0.482519620833758,FALSE
1292,0.111111111111111,0.406890225257364,0.482519620833758,FALSE
1292,0.222222222222222,0.348690245642646,0.482519620833758,FALSE
1292,0.333333333333333,0.297828967485475,0.482519620833758,FALSE
1292,0.444444444444444,0.272449291611457,0.482519620833758,FALSE
1292,0.555555555555556,0.269901131383141,0.482519620833758,FALSE
1292,0.666666666666667,0.277851391295485,0.482519620833758,FALSE
1292,0.777777777777778,0.288757517072674,0.482519620833758,FALSE
1292,0.888888888888889,0.298542452349404,0.482519620833758,FALSE
1292,1,0.410457649577005,0.482519620833758,FALSE
1293,0,0.398769230769231,0.41548717948718,FALSE
1293,0.111111111111111,0.387282051282051,0.41548717948718,FALSE
1293,0.222222222222222,0.41548717948718,0.41548717948718,FALSE
1293,0.333333333333333,0.214974358974359,0.41548717948718,FALSE
1293,0.444444444444444,0.0977435897435897,0.41548717948718,FALSE
1293,0.555555555555556,0.0406153846153846,0.284307692307692,FALSE
1293,0.666666666666667,0.025025641025641,0.175179487179487,FALSE
1293,0.777777777777778,0.025025641025641,0.175179487179487,FALSE
1293,0.888888888888889,0.0336410256410256,0.235487179487179,FALSE
1293,1,0.176717948717949,0.41548717948718,FALSE
1294,0,0.366438356164384,0.492143432715552,FALSE
1294,0.111111111111111,0.237912973408542,0.492143432715552,FALSE
1294,0.222222222222222,0.225825946817083,0.492143432715552,FALSE
1294,0.333333333333333,0.218271555197421,0.492143432715552,FALSE
1294,0.444444444444444,0.23237308622079,0.492143432715552,FALSE
1294,0.555555555555556,0.282634971796938,0.492143432715552,FALSE
1294,0.666666666666667,0.36472602739726,0.492143432715552,FALSE
1294,0.777777777777778,0.436643835616438,0.492143432715552,FALSE
1294,0.888888888888889,0.485999194198227,0.492143432715552,FALSE
1294,1,0.492143432715552,0.492143432715552,FALSE
1295,0,0.434641187233177,0.434641187233177,FALSE
1295,0.111111111111111,0.275157552348038,0.434641187233177,FALSE
1295,0.222222222222222,0.170766415938199,0.434641187233177,FALSE
1295,0.333333333333333,0.0979873958121569,0.434641187233177,FALSE
1295,0.444444444444444,0.0678999796706648,0.407399878023989,FALSE
1295,0.555555555555556,0.062919292539134,0.384935962594023,FALSE
1295,0.666666666666667,0.0800975808091075,0.412736328522057,FALSE
1295,0.777777777777778,0.12726163854442,0.434641187233177,FALSE
1295,0.888888888888889,0.219963407196585,0.434641187233177,FALSE
1295,1,0.406586704614759,0.434641187233177,FALSE
1296,0,0.440617848970252,0.524256292906178,FALSE
1296,0.111111111111111,0.380892448512586,0.524256292906178,FALSE
1296,0.222222222222222,0.439244851258581,0.524256292906178,FALSE
1296,0.333333333333333,0.524256292906178,0.524256292906178,FALSE
1296,0.444444444444444,0.368993135011442,0.524256292906178,FALSE
1296,0.555555555555556,0.260068649885584,0.524256292906178,FALSE
1296,0.666666666666667,0.194050343249428,0.524256292906178,FALSE
1296,0.777777777777778,0.167620137299771,0.524256292906178,FALSE
1296,0.888888888888889,0.159725400457666,0.524256292906178,FALSE
1296,1,0.29862700228833,0.524256292906178,FALSE
1297,0,0.295965985689101,0.446437830550658,FALSE
1297,0.111111111111111,0.270351550347402,0.446437830550658,FALSE
1297,0.222222222222222,0.446437830550658,0.446437830550658,FALSE
1297,0.333333333333333,0.181478792906772,0.443948978533651,FALSE
1297,0.444444444444444,0.087317224930001,0.369957482111376,FALSE
1297,0.555555555555556,0.0494659338380172,0.305610287255004,FALSE
1297,0.666666666666667,0.0438660167997511,0.305610287255004,FALSE
1297,0.777777777777778,0.0534066161982785,0.320439697189671,FALSE
1297,0.888888888888889,0.0802654775484808,0.369957482111376,FALSE
1297,1,0.246603754018459,0.446437830550658,FALSE
1299,0,0.457610113374135,0.457610113374135,FALSE
1299,0.111111111111111,0.32276512491221,0.457610113374135,FALSE
1299,0.222222222222222,0.231664492826327,0.457610113374135,FALSE
1299,0.333333333333333,0.175378749874586,0.457610113374135,FALSE
1299,0.444444444444444,0.145580415370723,0.457610113374135,FALSE
1299,0.555555555555556,0.142269489314739,0.457610113374135,FALSE
1299,0.666666666666667,0.161131734724591,0.457610113374135,FALSE
1299,0.777777777777778,0.195143975117889,0.457610113374135,FALSE
1299,0.888888888888889,0.237684358382663,0.457610113374135,FALSE
1299,1,0.380656165345641,0.457610113374135,FALSE
1300,0,0.518615153035625,0.518615153035625,FALSE
1300,0.111111111111111,0.41214249874561,0.518615153035625,FALSE
1300,0.222222222222222,0.282087305569493,0.518615153035625,FALSE
1300,0.333333333333333,0.190265930757652,0.518615153035625,FALSE
1300,0.444444444444444,0.151530356246864,0.518615153035625,FALSE
1300,0.555555555555556,0.164977420973407,0.518615153035625,FALSE
1300,0.666666666666667,0.251179126944305,0.518615153035625,FALSE
1300,0.777777777777778,0.497039638735574,0.518615153035625,FALSE
1300,0.888888888888889,0.209533366783743,0.518615153035625,FALSE
1300,1,0.245057701956849,0.518615153035625,FALSE
1301,0,0.420004004805767,0.420004004805767,FALSE
1301,0.111111111111111,0.137565078093712,0.420004004805767,FALSE
1301,0.222222222222222,0.0816980376451742,0.420004004805767,FALSE
1301,0.333333333333333,0.0643772527032439,0.386263516219463,FALSE
1301,0.444444444444444,0.111433720464557,0.420004004805767,FALSE
1301,0.555555555555556,0.328794553464157,0.420004004805767,FALSE
1301,0.666666666666667,0.371245494593512,0.420004004805767,FALSE
1301,0.777777777777778,0.170204245094113,0.420004004805767,FALSE
1301,0.888888888888889,0.0857028434120945,0.420004004805767,FALSE
1301,1,0.215158189827793,0.420004004805767,FALSE
1302,0,0.299376508447305,0.404766693483508,FALSE
1302,0.111111111111111,0.173773129525342,0.404766693483508,FALSE
1302,0.222222222222222,0.20555108608206,0.404766693483508,FALSE
1302,0.333333333333333,0.270012067578439,0.404766693483508,FALSE
1302,0.444444444444444,0.404766693483508,0.404766693483508,FALSE
1302,0.555555555555556,0.374094931617056,0.404766693483508,FALSE
1302,0.666666666666667,0.226367658889783,0.404766693483508,FALSE
1302,0.777777777777778,0.163616251005632,0.404766693483508,FALSE
1302,0.888888888888889,0.137570394207562,0.404766693483508,FALSE
1302,1,0.257441673370877,0.404766693483508,FALSE
1303,0,0.293970352564103,0.293970352564103,FALSE
1303,0.111111111111111,0.0891426282051282,0.267427884615385,FALSE
1303,0.222222222222222,0.0333533653846154,0.164596688034188,FALSE
1303,0.333333333333333,0.0106169871794872,0.0849358974358974,FALSE
1303,0.444444444444444,0.0062099358974359,0.0496794871794872,TRUE
1303,0.555555555555556,0.00861378205128205,0.0689102564102564,FALSE
1303,0.666666666666667,0.0221354166666667,0.1328125,FALSE
1303,0.777777777777778,0.0484775641025641,0.193910256410256,FALSE
1303,0.888888888888889,0.0987580128205128,0.293970352564103,FALSE
1303,1,0.287560096153846,0.293970352564103,FALSE
1304,0,0.1909,0.2889,FALSE
1304,0.111111111111111,0.0408,0.1552,FALSE
1304,0.222222222222222,0.0185,0.0925,FALSE
1304,0.333333333333333,0.007,0.049,TRUE
1304,0.444444444444444,0.0032,0.0256,TRUE
1304,0.555555555555556,0.0032,0.0256,TRUE
1304,0.666666666666667,0.0067,0.0469,TRUE
1304,0.777777777777778,0.0241,0.102,FALSE
1304,0.888888888888889,0.0776,0.2328,FALSE
1304,1,0.2889,0.2889,FALSE
1305,0,0.0254,0.2032,FALSE
1305,0.111111111111111,0.053,0.371,FALSE
1305,0.222222222222222,0.17,0.4874,FALSE
1305,0.333333333333333,0.4874,0.4874,FALSE
1305,0.444444444444444,0.3734,0.4874,FALSE
1305,0.555555555555556,0.0254,0.2032,FALSE
1305,0.666666666666667,0.053,0.371,FALSE
1305,0.777777777777778,0.17,0.4874,FALSE
1305,0.888888888888889,0.4874,0.4874,FALSE
1305,1,0.3734,0.4874,FALSE
1306,0,0.4556645316253,0.485288230584468,FALSE
1306,0.111111111111111,0.485288230584468,0.485288230584468,FALSE
1306,0.222222222222222,0.32986389111289,0.485288230584468,FALSE
1306,0.333333333333333,0.156625300240192,0.485288230584468,FALSE
1306,0.444444444444444,0.068955164131305,0.485288230584468,FALSE
1306,0.555555555555556,0.0465372297838271,0.384607686148919,FALSE
1306,0.666666666666667,0.0854683746997598,0.485288230584468,FALSE
1306,0.777777777777778,0.26771417133707,0.485288230584468,FALSE
1306,0.888888888888889,0.377201761409127,0.485288230584468,FALSE
1306,1,0.360088070456365,0.485288230584468,FALSE
1307,0,0.502213279678068,0.50261569416499,FALSE
1307,0.111111111111111,0.411670020120724,0.50261569416499,FALSE
1307,0.222222222222222,0.308853118712274,0.50261569416499,FALSE
1307,0.333333333333333,0.229376257545272,0.50261569416499,FALSE
1307,0.444444444444444,0.18430583501006,0.50261569416499,FALSE
1307,0.555555555555556,0.179577464788732,0.50261569416499,FALSE
1307,0.666666666666667,0.220422535211268,0.50261569416499,FALSE
1307,0.777777777777778,0.304627766599598,0.50261569416499,FALSE
1307,0.888888888888889,0.414788732394366,0.50261569416499,FALSE
1307,1,0.50261569416499,0.50261569416499,FALSE
1308,0,0.397017614091273,0.484587670136109,FALSE
1308,0.111111111111111,0.288230584467574,0.484587670136109,FALSE
1308,0.222222222222222,0.269015212169736,0.484587670136109,FALSE
1308,0.333333333333333,0.253903122497998,0.484587670136109,FALSE
1308,0.444444444444444,0.254203362690152,0.484587670136109,FALSE
1308,0.555555555555556,0.286128903122498,0.484587670136109,FALSE
1308,0.666666666666667,0.339571657325861,0.484587670136109,FALSE
1308,0.777777777777778,0.395216172938351,0.484587670136109,FALSE
1308,0.888888888888889,0.438751000800641,0.484587670136109,FALSE
1308,1,0.484587670136109,0.484587670136109,FALSE
1309,0,0.299198396793587,0.367935871743487,FALSE
1309,0.111111111111111,0.147695390781563,0.367935871743487,FALSE
1309,0.222222222222222,0.120040080160321,0.367935871743487,FALSE
1309,0.333333333333333,0.102004008016032,0.367935871743487,FALSE
1309,0.444444444444444,0.101603206412826,0.367935871743487,FALSE
1309,0.555555555555556,0.121342685370741,0.367935871743487,FALSE
1309,0.666666666666667,0.156513026052104,0.367935871743487,FALSE
1309,0.777777777777778,0.197695390781563,0.367935871743487,FALSE
1309,0.888888888888889,0.233867735470942,0.367935871743487,FALSE
1309,1,0.367935871743487,0.367935871743487,FALSE
1310,0,0.440230582524272,0.473300970873786,FALSE
1310,0.111111111111111,0.473300970873786,0.473300970873786,FALSE
1310,0.222222222222222,0.395125404530744,0.473300970873786,FALSE
1310,0.333333333333333,0.261124595469256,0.473300970873786,FALSE
1310,0.444444444444444,0.167677993527508,0.473300970873786,FALSE
1310,0.555555555555556,0.126618122977346,0.473300970873786,FALSE
1310,0.666666666666667,0.114583333333333,0.473300970873786,FALSE
1310,0.777777777777778,0.116909385113269,0.473300970873786,FALSE
1310,0.888888888888889,0.123483009708738,0.473300970873786,FALSE
1310,1,0.266585760517799,0.473300970873786,FALSE
1311,0,0.3792101042502,0.434943865276664,FALSE
1311,0.111111111111111,0.227044907778669,0.434943865276664,FALSE
1311,0.222222222222222,0.370689655172414,0.434943865276664,FALSE
1311,0.333333333333333,0.240878107457899,0.434943865276664,FALSE
1311,0.444444444444444,0.0923215717722534,0.434943865276664,FALSE
1311,0.555555555555556,0.0604450681635926,0.433382976285943,FALSE
1311,0.666666666666667,0.0845028067361668,0.434943865276664,FALSE
1311,0.777777777777778,0.158680834001604,0.434943865276664,FALSE
1311,0.888888888888889,0.277265437048917,0.434943865276664,FALSE
1311,1,0.434943865276664,0.434943865276664,FALSE
1312,0,0.484084084084084,0.484084084084084,FALSE
1312,0.111111111111111,0.343543543543544,0.484084084084084,FALSE
1312,0.222222222222222,0.12952952952953,0.458058058058058,FALSE
1312,0.333333333333333,0.035035035035035,0.190690690690691,FALSE
1312,0.444444444444444,0.0115115115115115,0.0920920920920921,FALSE
1312,0.555555555555556,0.00750750750750751,0.0600600600600601,FALSE
1312,0.666666666666667,0.0117117117117117,0.0934267600934268,FALSE
1312,0.777777777777778,0.0263263263263263,0.157957957957958,FALSE
1312,0.888888888888889,0.0635635635635636,0.317817817817818,FALSE
1312,1,0.256356356356356,0.484084084084084,FALSE
1313,0,0.5116,0.5116,FALSE
1313,0.111111111111111,0.3979,0.5116,FALSE
1313,0.222222222222222,0.2836,0.5116,FALSE
1313,0.333333333333333,0.2106,0.5116,FALSE
1313,0.444444444444444,0.1686,0.5116,FALSE
1313,0.555555555555556,0.1475,0.5116,FALSE
1313,0.666666666666667,0.1413,0.5116,FALSE
1313,0.777777777777778,0.1539,0.5116,FALSE
1313,0.888888888888889,0.1887,0.5116,FALSE
1313,1,0.3386,0.5116,FALSE
1314,0,0.1624,0.1624,FALSE
1314,0.111111111111111,0.0208,0.0624,FALSE
1314,0.222222222222222,0.0088,0.0352,TRUE
1314,0.333333333333333,0.0029,0.0174,TRUE
1314,0.444444444444444,6e-04,0.0048,TRUE
1314,0.555555555555556,2e-04,0.002,TRUE
1314,0.666666666666667,8e-04,0.0064,TRUE
1314,0.777777777777778,0.0035,0.021,TRUE
1314,0.888888888888889,0.0112,0.0416,TRUE
1314,1,0.1357,0.1624,FALSE
1315,0,0.393557422969188,0.430072028811525,FALSE
1315,0.111111111111111,0.25640256102441,0.430072028811525,FALSE
1315,0.222222222222222,0.21858743497399,0.430072028811525,FALSE
1315,0.333333333333333,0.189675870348139,0.430072028811525,FALSE
1315,0.444444444444444,0.176270508203281,0.430072028811525,FALSE
1315,0.555555555555556,0.185874349739896,0.430072028811525,FALSE
1315,0.666666666666667,0.215986394557823,0.430072028811525,FALSE
1315,0.777777777777778,0.265806322529012,0.430072028811525,FALSE
1315,0.888888888888889,0.317727090836335,0.430072028811525,FALSE
1315,1,0.430072028811525,0.430072028811525,FALSE
1316,0,0.467201604814443,0.47592778335005,FALSE
1316,0.111111111111111,0.314944834503511,0.47592778335005,FALSE
1316,0.222222222222222,0.168806419257773,0.47592778335005,FALSE
1316,0.333333333333333,0.0763289869608827,0.457973921765296,FALSE
1316,0.444444444444444,0.0344032096288867,0.275225677031093,FALSE
1316,0.555555555555556,0.0324974924774323,0.259979939819458,FALSE
1316,0.666666666666667,0.0729187562688064,0.437512537612839,FALSE
1316,0.777777777777778,0.184152457372116,0.47592778335005,FALSE
1316,0.888888888888889,0.404212637913741,0.47592778335005,FALSE
1316,1,0.47592778335005,0.47592778335005,FALSE
1317,0,0.353912347408445,0.353912347408445,FALSE
1317,0.111111111111111,0.234040424254553,0.353912347408445,FALSE
1317,0.222222222222222,0.228337002201321,0.353912347408445,FALSE
1317,0.333333333333333,0.17060236141685,0.353912347408445,FALSE
1317,0.444444444444444,0.097458475085051,0.343806283770262,FALSE
1317,0.555555555555556,0.0457274364618771,0.300830498298979,FALSE
1317,0.666666666666667,0.0251150690414249,0.200920552331399,FALSE
1317,0.777777777777778,0.0251150690414249,0.200920552331399,FALSE
1317,0.888888888888889,0.0551330798479087,0.309425655393236,FALSE
1317,1,0.257854712827697,0.353912347408445,FALSE
1318,0,0.192122669873722,0.35277610743636,FALSE
1318,0.111111111111111,0.0491080376829024,0.245540188414512,FALSE
1318,0.222222222222222,0.0384846662657847,0.230907997594708,FALSE
1318,0.333333333333333,0.0336740829825616,0.20204449789537,FALSE
1318,0.444444444444444,0.0361795951092403,0.217077570655442,FALSE
1318,0.555555555555556,0.0532170775706554,0.248922629785528,FALSE
1318,0.666666666666667,0.08889557025456,0.26668671076368,FALSE
1318,0.777777777777778,0.143315293646021,0.298707155742634,FALSE
1318,0.888888888888889,0.199138103828423,0.35277610743636,FALSE
1318,1,0.35277610743636,0.35277610743636,FALSE
1319,0,0.260343087790111,0.469525731584258,FALSE
1319,0.111111111111111,0.0417759838546922,0.213118062563068,FALSE
1319,0.222222222222222,0.0114026236125126,0.0798183652875883,FALSE
1319,0.333333333333333,0.00787083753784057,0.0629667003027245,FALSE
1319,0.444444444444444,0.00978809283551968,0.0718466195761857,FALSE
1319,0.555555555555556,0.0179616548940464,0.125731584258325,FALSE
1319,0.666666666666667,0.0710393541876892,0.355196770938446,FALSE
1319,0.777777777777778,0.297376387487386,0.469525731584258,FALSE
1319,0.888888888888889,0.454692230070636,0.469525731584258,FALSE
1319,1,0.469525731584258,0.469525731584258,FALSE
1320,0,0.4597,0.485,FALSE
1320,0.111111111111111,0.485,0.485,FALSE
1320,0.222222222222222,0.3122,0.485,FALSE
1320,0.333333333333333,0.1756,0.485,FALSE
1320,0.444444444444444,0.1009,0.485,FALSE
1320,0.555555555555556,0.0894,0.485,FALSE
1320,0.666666666666667,0.1454,0.485,FALSE
1320,0.777777777777778,0.2685,0.485,FALSE
1320,0.888888888888889,0.4282,0.485,FALSE
1320,1,0.4818,0.485,FALSE
1321,0,0.169799817091759,0.38898485926227,FALSE
1321,0.111111111111111,0.0214409104765776,0.192968194289198,FALSE
1321,0.222222222222222,0.0355654913118586,0.305639670765166,FALSE
1321,0.333333333333333,0.111269179961386,0.38898485926227,FALSE
1321,0.444444444444444,0.351488669850625,0.38898485926227,FALSE
1321,0.555555555555556,0.384920231683772,0.38898485926227,FALSE
1321,0.666666666666667,0.38898485926227,0.38898485926227,FALSE
1321,0.777777777777778,0.310435931307794,0.38898485926227,FALSE
1321,0.888888888888889,0.0689970531450056,0.38898485926227,FALSE
1321,1,0.16736104054466,0.38898485926227,FALSE
1322,0,0.2488,0.3583,FALSE
1322,0.111111111111111,0.0955,0.3214,FALSE
1322,0.222222222222222,0.0772,0.3088,FALSE
1322,0.333333333333333,0.0574,0.26,FALSE
1322,0.444444444444444,0.0398,0.208,FALSE
1322,0.555555555555556,0.036,0.208,FALSE
1322,0.666666666666667,0.0542,0.26,FALSE
1322,0.777777777777778,0.104,0.3214,FALSE
1322,0.888888888888889,0.1607,0.3583,FALSE
1322,1,0.3583,0.3583,FALSE
1323,0,0.390668802563076,0.4673608329996,FALSE
1323,0.111111111111111,0.366339607529035,0.4673608329996,FALSE
1323,0.222222222222222,0.435222266720064,0.4673608329996,FALSE
1323,0.333333333333333,0.250100120144173,0.4673608329996,FALSE
1323,0.444444444444444,0.176912294753704,0.4673608329996,FALSE
1323,0.555555555555556,0.167901481778134,0.4673608329996,FALSE
1323,0.666666666666667,0.214757709251101,0.4673608329996,FALSE
1323,0.777777777777778,0.357128554265118,0.4673608329996,FALSE
1323,0.888888888888889,0.4673608329996,0.4673608329996,FALSE
1323,1,0.447336804164998,0.4673608329996,FALSE
1324,0,0.1325,0.4119,FALSE
1324,0.111111111111111,0.0159,0.1113,FALSE
1324,0.222222222222222,0.0151,0.1057,FALSE
1324,0.333333333333333,0.0165,0.1155,FALSE
1324,0.444444444444444,0.0237,0.1659,FALSE
1324,0.555555555555556,0.0544,0.3054,FALSE
1324,0.666666666666667,0.1527,0.4119,FALSE
1324,0.777777777777778,0.3616,0.4119,FALSE
1324,0.888888888888889,0.4119,0.4119,FALSE
1324,1,0.3938,0.4119,FALSE
1325,0,0.454981992797119,0.490096038415366,FALSE
1325,0.111111111111111,0.490096038415366,0.490096038415366,FALSE
1325,0.222222222222222,0.385454181672669,0.490096038415366,FALSE
1325,0.333333333333333,0.281912765106042,0.490096038415366,FALSE
1325,0.444444444444444,0.240996398559424,0.490096038415366,FALSE
1325,0.555555555555556,0.237094837935174,0.490096038415366,FALSE
1325,0.666666666666667,0.256102440976391,0.490096038415366,FALSE
1325,0.777777777777778,0.290616246498599,0.490096038415366,FALSE
1325,0.888888888888889,0.333033213285314,0.490096038415366,FALSE
1325,1,0.429871948779512,0.490096038415366,FALSE
1326,0,0.466404358353511,0.466404358353511,FALSE
1326,0.111111111111111,0.448143664245359,0.466404358353511,FALSE
1326,0.222222222222222,0.406275221953188,0.466404358353511,FALSE
1326,0.333333333333333,0.29499596448749,0.466404358353511,FALSE
1326,0.444444444444444,0.203087167070218,0.466404358353511,FALSE
1326,0.555555555555556,0.214689265536723,0.466404358353511,FALSE
1326,0.666666666666667,0.360371267150928,0.466404358353511,FALSE
1326,0.777777777777778,0.419794188861985,0.466404358353511,FALSE
1326,0.888888888888889,0.246267150928168,0.466404358353511,FALSE
1326,1,0.33454398708636,0.466404358353511,FALSE
1327,0,0.3002,0.3121,FALSE
1327,0.111111111111111,0.1042,0.3121,FALSE
1327,0.222222222222222,0.0436,0.179166666666667,FALSE
1327,0.333333333333333,0.0179,0.1074,FALSE
1327,0.444444444444444,0.0086,0.0688,FALSE
1327,0.555555555555556,0.0092,0.0736,FALSE
1327,0.666666666666667,0.0193,0.1158,FALSE
1327,0.777777777777778,0.0451,0.1804,FALSE
1327,0.888888888888889,0.1075,0.3121,FALSE
1327,1,0.3121,0.3121,FALSE
1328,0,0.254405286343612,0.423307969563476,FALSE
1328,0.111111111111111,0.10853023628354,0.415031370978508,FALSE
1328,0.222222222222222,0.0970164197036444,0.389091910292351,FALSE
1328,0.333333333333333,0.091509811774129,0.389091910292351,FALSE
1328,0.444444444444444,0.0983179815778935,0.393271926311574,FALSE
1328,0.555555555555556,0.124349219062875,0.415031370978508,FALSE
1328,0.666666666666667,0.178514217060473,0.423307969563476,FALSE
1328,0.777777777777778,0.242891469763716,0.423307969563476,FALSE
1328,0.888888888888889,0.311273528233881,0.423307969563476,FALSE
1328,1,0.423307969563476,0.423307969563476,FALSE
1329,0,0.3223,0.3567,FALSE
1329,0.111111111111111,0.1816,0.3567,FALSE
1329,0.222222222222222,0.1461,0.3567,FALSE
1329,0.333333333333333,0.026,0.2008,FALSE
1329,0.444444444444444,0.0022,0.0198,TRUE
1329,0.555555555555556,0.0038,0.0342,TRUE
1329,0.666666666666667,0.0502,0.3514,FALSE
1329,0.777777777777778,0.3509,0.3567,FALSE
1329,0.888888888888889,0.3086,0.3567,FALSE
1329,1,0.3567,0.3567,FALSE
1330,0,0.4575,0.4783,FALSE
1330,0.111111111111111,0.3787,0.4783,FALSE
1330,0.222222222222222,0.3446,0.4783,FALSE
1330,0.333333333333333,0.3227,0.4783,FALSE
1330,0.444444444444444,0.3311,0.4783,FALSE
1330,0.555555555555556,0.3842,0.4783,FALSE
1330,0.666666666666667,0.4783,0.4783,FALSE
1330,0.777777777777778,0.4299,0.4783,FALSE
1330,0.888888888888889,0.3622,0.4783,FALSE
1330,1,0.4046,0.4783,FALSE
1331,0,0.301521717222614,0.301521717222614,FALSE
1331,0.111111111111111,0.128892472034667,0.257784944069334,FALSE
1331,0.222222222222222,0.0705431825052907,0.211478383553361,FALSE
1331,0.333333333333333,0.029426584702207,0.147132923511035,FALSE
1331,0.444444444444444,0.0119923410258994,0.0719540461553966,FALSE
1331,0.555555555555556,0.00826362995061977,0.058853169404414,FALSE
1331,0.666666666666667,0.0105814773757936,0.0686620309718163,FALSE
1331,0.777777777777778,0.0163257079512244,0.088279754106621,FALSE
1331,0.888888888888889,0.0257986496019349,0.128993248009674,FALSE
1331,1,0.140985589035574,0.281971178071148,FALSE
1332,0,0.423508209851822,0.428714457348819,FALSE
1332,0.111111111111111,0.428714457348819,0.428714457348819,FALSE
1332,0.222222222222222,0.420704845814978,0.428714457348819,FALSE
1332,0.333333333333333,0.260913095714858,0.428714457348819,FALSE
1332,0.444444444444444,0.170704845814978,0.428714457348819,FALSE
1332,0.555555555555556,0.140969162995595,0.428714457348819,FALSE
1332,0.666666666666667,0.147176611934321,0.428714457348819,FALSE
1332,0.777777777777778,0.176812174609531,0.428714457348819,FALSE
1332,0.888888888888889,0.227573087705246,0.428714457348819,FALSE
1332,1,0.383560272326792,0.428714457348819,FALSE
1333,0,0.345242874347652,0.345242874347652,FALSE
1333,0.111111111111111,0.205138498594942,0.345242874347652,FALSE
1333,0.222222222222222,0.153251706142112,0.345242874347652,FALSE
1333,0.333333333333333,0.105580088317945,0.345242874347652,FALSE
1333,0.444444444444444,0.0793857888398234,0.341897497658236,FALSE
1333,0.555555555555556,0.0778803693295865,0.341897497658236,FALSE
1333,0.666666666666667,0.0920313127258129,0.345242874347652,FALSE
1333,0.777777777777778,0.117824167001204,0.345242874347652,FALSE
1333,0.888888888888889,0.141609795262947,0.345242874347652,FALSE
1333,1,0.278301886792453,0.345242874347652,FALSE
1334,0,0.453062449959968,0.453062449959968,FALSE
1334,0.111111111111111,0.259007205764612,0.453062449959968,FALSE
1334,0.222222222222222,0.0706565252201761,0.282626100880705,FALSE
1334,0.333333333333333,0.0148118494795837,0.088871096877502,FALSE
1334,0.444444444444444,0.00230184147317854,0.018464771817454,TRUE
1334,0.555555555555556,0.000300240192153723,0.00300240192153723,TRUE
1334,0.666666666666667,0.00410328262610088,0.032826261008807,TRUE
1334,0.777777777777778,0.016613290632506,0.099679743795036,FALSE
1334,0.888888888888889,0.0476381104883907,0.190552441953563,FALSE
1334,1,0.248098478783026,0.453062449959968,FALSE
1335,0,0.482841420710355,0.485142571285643,FALSE
1335,0.111111111111111,0.485142571285643,0.485142571285643,FALSE
1335,0.222222222222222,0.47743871935968,0.485142571285643,FALSE
1335,0.333333333333333,0.437018509254627,0.485142571285643,FALSE
1335,0.444444444444444,0.431215607803902,0.485142571285643,FALSE
1335,0.555555555555556,0.478739369684842,0.485142571285643,FALSE
1335,0.666666666666667,0.435317658829415,0.485142571285643,FALSE
1335,0.777777777777778,0.342071035517759,0.485142571285643,FALSE
1335,0.888888888888889,0.283241620810405,0.485142571285643,FALSE
1335,1,0.366983491745873,0.485142571285643,FALSE
1336,0,0.499499098377079,0.499499098377079,FALSE
1336,0.111111111111111,0.419254658385093,0.499499098377079,FALSE
1336,0.222222222222222,0.288519334802645,0.499499098377079,FALSE
1336,0.333333333333333,0.190442797034662,0.499499098377079,FALSE
1336,0.444444444444444,0.161791224203566,0.499499098377079,FALSE
1336,0.555555555555556,0.239130434782609,0.499499098377079,FALSE
1336,0.666666666666667,0.46113003406131,0.499499098377079,FALSE
1336,0.777777777777778,0.272791023842917,0.499499098377079,FALSE
1336,0.888888888888889,0.130034061310359,0.499499098377079,FALSE
1336,1,0.248948106591865,0.499499098377079,FALSE
1337,0,0.284741690028034,0.284741690028034,FALSE
1337,0.111111111111111,0.0795955146175411,0.161894273127753,FALSE
1337,0.222222222222222,0.0214257108530236,0.0857028434120945,FALSE
1337,0.333333333333333,0.00220264317180617,0.0110132158590308,TRUE
1337,0.444444444444444,0.000100120144173008,0.000700841009211053,TRUE
1337,0.555555555555556,0,0,TRUE
1337,0.666666666666667,0,0,TRUE
1337,0.777777777777778,0.000100120144173008,0.000700841009211053,TRUE
1337,0.888888888888889,0.00180216259511414,0.00901081297557068,TRUE
1337,1,0.107929515418502,0.215859030837004,FALSE
1338,0,0.449147442326981,0.476529588766299,FALSE
1338,0.111111111111111,0.476529588766299,0.476529588766299,FALSE
1338,0.222222222222222,0.405115346038114,0.476529588766299,FALSE
1338,0.333333333333333,0.301905717151454,0.476529588766299,FALSE
1338,0.444444444444444,0.256770310932798,0.476529588766299,FALSE
1338,0.555555555555556,0.27061183550652,0.476529588766299,FALSE
1338,0.666666666666667,0.338114343029087,0.476529588766299,FALSE
1338,0.777777777777778,0.44222668004012,0.476529588766299,FALSE
1338,0.888888888888889,0.455667001003009,0.476529588766299,FALSE
1338,1,0.443731193580742,0.476529588766299,FALSE
1339,0,0.480392156862745,0.480392156862745,FALSE
1339,0.111111111111111,0.260104041616647,0.480392156862745,FALSE
1339,0.222222222222222,0.113845538215286,0.427637721755369,FALSE
1339,0.333333333333333,0.0442176870748299,0.26530612244898,FALSE
1339,0.444444444444444,0.0185074029611845,0.148059223689476,FALSE
1339,0.555555555555556,0.0135054021608643,0.108043217286915,FALSE
1339,0.666666666666667,0.022609043617447,0.158263305322129,FALSE
1339,0.777777777777778,0.0583233293317327,0.291616646658663,FALSE
1339,0.888888888888889,0.13375350140056,0.427637721755369,FALSE
1339,1,0.320728291316527,0.480392156862745,FALSE
1340,0,0.363463081861958,0.363463081861958,FALSE
1340,0.111111111111111,0.113162118780096,0.271167736757624,FALSE
1340,0.222222222222222,0.0180577849117175,0.07223113964687,FALSE
1340,0.333333333333333,0.00210674157303371,0.014747191011236,TRUE
1340,0.444444444444444,0,0,TRUE
1340,0.555555555555556,0,0,TRUE
1340,0.666666666666667,0.00100321027287319,0.00802568218298555,TRUE
1340,0.777777777777778,0.00481540930979133,0.028892455858748,TRUE
1340,0.888888888888889,0.0161516853932584,0.0646067415730337,FALSE
1340,1,0.18077849117175,0.361556982343499,FALSE
1341,0,0.3773,0.4237,FALSE
1341,0.111111111111111,0.1799,0.4237,FALSE
1341,0.222222222222222,0.1094,0.4237,FALSE
1341,0.333333333333333,0.0921,0.4237,FALSE
1341,0.444444444444444,0.1055,0.4237,FALSE
1341,0.555555555555556,0.1444,0.4237,FALSE
1341,0.666666666666667,0.2412,0.4237,FALSE
1341,0.777777777777778,0.4237,0.4237,FALSE
1341,0.888888888888889,0.3358,0.4237,FALSE
1341,1,0.3453,0.4237,FALSE
1342,0,0.278595016511558,0.414790353247273,FALSE
1342,0.111111111111111,0.20574402081457,0.414790353247273,FALSE
1342,0.222222222222222,0.408586010207145,0.414790353247273,FALSE
1342,0.333333333333333,0.285800060042029,0.414790353247273,FALSE
1342,0.444444444444444,0.131391974382067,0.414790353247273,FALSE
1342,0.555555555555556,0.117782447713399,0.414790353247273,FALSE
1342,0.666666666666667,0.204943460422296,0.414790353247273,FALSE
1342,0.777777777777778,0.414790353247273,0.414790353247273,FALSE
1342,0.888888888888889,0.341839287501251,0.414790353247273,FALSE
1342,1,0.356149304513159,0.414790353247273,FALSE
1343,0,0.248999599839936,0.495598239295718,FALSE
1343,0.111111111111111,0.103041216486595,0.495598239295718,FALSE
1343,0.222222222222222,0.100240096038415,0.495598239295718,FALSE
1343,0.333333333333333,0.105342136854742,0.495598239295718,FALSE
1343,0.444444444444444,0.127951180472189,0.495598239295718,FALSE
1343,0.555555555555556,0.185374149659864,0.495598239295718,FALSE
1343,0.666666666666667,0.277511004401761,0.495598239295718,FALSE
1343,0.777777777777778,0.393557422969188,0.495598239295718,FALSE
1343,0.888888888888889,0.495598239295718,0.495598239295718,FALSE
1343,1,0.465386154461785,0.495598239295718,FALSE
1344,0,0.403401700850425,0.403401700850425,FALSE
1344,0.111111111111111,0.228114057028514,0.403401700850425,FALSE
1344,0.222222222222222,0.126363181590795,0.342171085542771,FALSE
1344,0.333333333333333,0.0692346173086543,0.285142571285643,FALSE
1344,0.444444444444444,0.0410205102551276,0.207703851925963,FALSE
1344,0.555555555555556,0.0328164082041021,0.196898449224612,FALSE
1344,0.666666666666667,0.0358179089544772,0.207703851925963,FALSE
1344,0.777777777777778,0.0439219609804902,0.219609804902451,FALSE
1344,0.888888888888889,0.0549274637318659,0.27463731865933,FALSE
1344,1,0.183691845922961,0.367383691845923,FALSE
1345,0,0.493046523261631,0.499649824912456,FALSE
1345,0.111111111111111,0.446223111555778,0.499649824912456,FALSE
1345,0.222222222222222,0.408704352176088,0.499649824912456,FALSE
1345,0.333333333333333,0.374787393696848,0.499649824912456,FALSE
1345,0.444444444444444,0.351575787893947,0.499649824912456,FALSE
1345,0.555555555555556,0.368584292146073,0.499649824912456,FALSE
1345,0.666666666666667,0.425012506253127,0.499649824912456,FALSE
1345,0.777777777777778,0.499649824912456,0.499649824912456,FALSE
1345,0.888888888888889,0.433816908454227,0.499649824912456,FALSE
1345,1,0.439019509754877,0.499649824912456,FALSE
1346,0,0.31535228182546,0.31535228182546,FALSE
1346,0.111111111111111,0.161429143314652,0.31535228182546,FALSE
1346,0.222222222222222,0.144815852682146,0.31535228182546,FALSE
1346,0.333333333333333,0.140612489991994,0.31535228182546,FALSE
1346,0.444444444444444,0.133706965572458,0.31535228182546,FALSE
1346,0.555555555555556,0.118895116092874,0.31535228182546,FALSE
1346,0.666666666666667,0.0992794235388311,0.31535228182546,FALSE
1346,0.777777777777778,0.086369095276221,0.31535228182546,FALSE
1346,0.888888888888889,0.0959767814251401,0.31535228182546,FALSE
1346,1,0.253402722177742,0.31535228182546,FALSE
1347,0,0.415049029417651,0.466279767860716,FALSE
1347,0.111111111111111,0.261957174304583,0.466279767860716,FALSE
1347,0.222222222222222,0.157994796878127,0.466279767860716,FALSE
1347,0.333333333333333,0.102761656994197,0.466279767860716,FALSE
1347,0.444444444444444,0.0763458074844907,0.458074844906944,FALSE
1347,0.555555555555556,0.077046227736642,0.462277366419852,FALSE
1347,0.666666666666667,0.105563338002802,0.466279767860716,FALSE
1347,0.777777777777778,0.170802481488893,0.466279767860716,FALSE
1347,0.888888888888889,0.317490494296578,0.466279767860716,FALSE
1347,1,0.466279767860716,0.466279767860716,FALSE
1348,0,0.2524,0.2524,FALSE
1348,0.111111111111111,0.0885,0.2524,FALSE
1348,0.222222222222222,0.0619,0.1857,FALSE
1348,0.333333333333333,0.0437,0.1748,FALSE
1348,0.444444444444444,0.0373,0.1492,FALSE
1348,0.555555555555556,0.0402,0.1608,FALSE
1348,0.666666666666667,0.052,0.177,FALSE
1348,0.777777777777778,0.069,0.207,FALSE
1348,0.888888888888889,0.0857,0.2524,FALSE
1348,1,0.243,0.2524,FALSE
1349,0,0.3605,0.3605,FALSE
1349,0.111111111111111,0.208,0.3605,FALSE
1349,0.222222222222222,0.1535,0.3594,FALSE
1349,0.333333333333333,0.1119,0.3357,FALSE
1349,0.444444444444444,0.0854,0.319466666666667,FALSE
1349,0.555555555555556,0.0758,0.3032,FALSE
1349,0.666666666666667,0.0781,0.3124,FALSE
1349,0.777777777777778,0.0849,0.319466666666667,FALSE
1349,0.888888888888889,0.0956,0.319466666666667,FALSE
1349,1,0.2396,0.3605,FALSE
1350,0,0.2185,0.2185,FALSE
1350,0.111111111111111,0.0482,0.1446,FALSE
1350,0.222222222222222,0.0182,0.0803333333333333,FALSE
1350,0.333333333333333,0.0085,0.051,FALSE
1350,0.444444444444444,0.0051,0.038,TRUE
1350,0.555555555555556,0.0052,0.038,TRUE
1350,0.666666666666667,0.0102,0.057,FALSE
1350,0.777777777777778,0.019,0.0803333333333333,FALSE
1350,0.888888888888889,0.0397,0.1191,FALSE
1350,1,0.1948,0.2185,FALSE
1351,0,0.402761104441777,0.480792316926771,FALSE
1351,0.111111111111111,0.324929971988796,0.480792316926771,FALSE
1351,0.222222222222222,0.375850340136054,0.480792316926771,FALSE
1351,0.333333333333333,0.454281712685074,0.480792316926771,FALSE
1351,0.444444444444444,0.480192076830732,0.480792316926771,FALSE
1351,0.555555555555556,0.45688275310124,0.480792316926771,FALSE
1351,0.666666666666667,0.480792316926771,0.480792316926771,FALSE
1351,0.777777777777778,0.456182472989196,0.480792316926771,FALSE
1351,0.888888888888889,0.386154461784714,0.480792316926771,FALSE
1351,1,0.429171668667467,0.480792316926771,FALSE
1352,0,0.232292917166867,0.489895958383353,FALSE
1352,0.111111111111111,0.123249299719888,0.489895958383353,FALSE
1352,0.222222222222222,0.250200080032013,0.489895958383353,FALSE
1352,0.333333333333333,0.489895958383353,0.489895958383353,FALSE
1352,0.444444444444444,0.263005202080832,0.489895958383353,FALSE
1352,0.555555555555556,0.189475790316126,0.489895958383353,FALSE
1352,0.666666666666667,0.227891156462585,0.489895958383353,FALSE
1352,0.777777777777778,0.357042817126851,0.489895958383353,FALSE
1352,0.888888888888889,0.455282112845138,0.489895958383353,FALSE
1352,1,0.415366146458583,0.489895958383353,FALSE
1353,0,0.393014411529223,0.479383506805444,FALSE
1353,0.111111111111111,0.280024019215372,0.479383506805444,FALSE
1353,0.222222222222222,0.271317053642914,0.479383506805444,FALSE
1353,0.333333333333333,0.261108887109688,0.479383506805444,FALSE
1353,0.444444444444444,0.257105684547638,0.479383506805444,FALSE
1353,0.555555555555556,0.263410728582866,0.479383506805444,FALSE
1353,0.666666666666667,0.292634107285829,0.479383506805444,FALSE
1353,0.777777777777778,0.347277822257806,0.479383506805444,FALSE
1353,0.888888888888889,0.407325860688551,0.479383506805444,FALSE
1353,1,0.479383506805444,0.479383506805444,FALSE
1354,0,0.393557422969188,0.453981592637055,FALSE
1354,0.111111111111111,0.331632653061224,0.453981592637055,FALSE
1354,0.222222222222222,0.419867947178872,0.453981592637055,FALSE
1354,0.333333333333333,0.453981592637055,0.453981592637055,FALSE
1354,0.444444444444444,0.350440176070428,0.453981592637055,FALSE
1354,0.555555555555556,0.297619047619048,0.453981592637055,FALSE
1354,0.666666666666667,0.280412164865946,0.453981592637055,FALSE
1354,0.777777777777778,0.297619047619048,0.453981592637055,FALSE
1354,0.888888888888889,0.33453381352541,0.453981592637055,FALSE
1354,1,0.428671468587435,0.453981592637055,FALSE
1355,0,0.3805,0.4607,FALSE
1355,0.111111111111111,0.178,0.4607,FALSE
1355,0.222222222222222,0.0686,0.343,FALSE
1355,0.333333333333333,0.0217,0.1519,FALSE
1355,0.444444444444444,0.0073,0.0651,FALSE
1355,0.555555555555556,0.0066,0.0594,FALSE
1355,0.666666666666667,0.0163,0.1141,FALSE
1355,0.777777777777778,0.0613,0.3065,FALSE
1355,0.888888888888889,0.2281,0.4607,FALSE
1355,1,0.4607,0.4607,FALSE
1356,0,0.380504403522818,0.469675740592474,FALSE
1356,0.111111111111111,0.228783026421137,0.469675740592474,FALSE
1356,0.222222222222222,0.176040832666133,0.469675740592474,FALSE
1356,0.333333333333333,0.1693354683747,0.469675740592474,FALSE
1356,0.444444444444444,0.202962369895917,0.469675740592474,FALSE
1356,0.555555555555556,0.280424339471577,0.469675740592474,FALSE
1356,0.666666666666667,0.396617293835068,0.469675740592474,FALSE
1356,0.777777777777778,0.469675740592474,0.469675740592474,FALSE
1356,0.888888888888889,0.367894315452362,0.469675740592474,FALSE
1356,1,0.415732586068855,0.469675740592474,FALSE
1357,0,0.133914100486224,0.267828200972447,FALSE
1357,0.111111111111111,0.00638168557536467,0.0319084278768233,TRUE
1357,0.222222222222222,0.0010129659643436,0.00607779578606159,TRUE
1357,0.333333333333333,0.000405186385737439,0.00324149108589951,TRUE
1357,0.444444444444444,0.00010129659643436,0.0010129659643436,TRUE
1357,0.555555555555556,0.000405186385737439,0.00324149108589951,TRUE
1357,0.666666666666667,0.00141815235008104,0.00850891410048622,TRUE
1357,0.777777777777778,0.0198541329011345,0.0794165316045381,FALSE
1357,0.888888888888889,0.0945097244732577,0.200871150729335,FALSE
1357,1,0.286568071312804,0.286568071312804,FALSE
1358,0,0.376372509150061,0.392944286295242,FALSE
1358,0.111111111111111,0.392944286295242,0.392944286295242,FALSE
1358,0.222222222222222,0.263013420089467,0.392944286295242,FALSE
1358,0.333333333333333,0.0848922326148841,0.392944286295242,FALSE
1358,0.444444444444444,0.0346685644570964,0.208011386742578,FALSE
1358,0.555555555555556,0.024705164701098,0.172936152907686,FALSE
1358,0.666666666666667,0.024806832045547,0.173647824318829,FALSE
1358,0.777777777777778,0.0333468889792599,0.200081333875559,FALSE
1358,0.888888888888889,0.0721838145587637,0.360919072793819,FALSE
1358,1,0.256303375355836,0.392944286295242,FALSE
1359,0,0.383229937962778,0.440564338603162,FALSE
1359,0.111111111111111,0.167800680408245,0.440564338603162,FALSE
1359,0.222222222222222,0.0604362617570542,0.302181308785271,FALSE
1359,0.333333333333333,0.0188112867720632,0.131679007404443,FALSE
1359,0.444444444444444,0.00640384230538323,0.0512307384430658,FALSE
1359,0.555555555555556,0.00380228136882129,0.0342205323193916,TRUE
1359,0.666666666666667,0.0113067840704423,0.0791474884930959,FALSE
1359,0.777777777777778,0.0665399239543726,0.332699619771863,FALSE
1359,0.888888888888889,0.244746848108865,0.440564338603162,FALSE
1359,1,0.440564338603162,0.440564338603162,FALSE
1360,0,0.4689,0.4689,FALSE
1360,0.111111111111111,0.4273,0.4689,FALSE
1360,0.222222222222222,0.2624,0.4689,FALSE
1360,0.333333333333333,0.159,0.4689,FALSE
1360,0.444444444444444,0.1011,0.4689,FALSE
1360,0.555555555555556,0.0928,0.4689,FALSE
1360,0.666666666666667,0.134,0.4689,FALSE
1360,0.777777777777778,0.2291,0.4689,FALSE
1360,0.888888888888889,0.4055,0.4689,FALSE
1360,1,0.465,0.4689,FALSE
1361,0,0.272590663193749,0.475856541775195,FALSE
1361,0.111111111111111,0.116609897816069,0.475856541775195,FALSE
1361,0.222222222222222,0.160589060308555,0.475856541775195,FALSE
1361,0.333333333333333,0.286415547986375,0.475856541775195,FALSE
1361,0.444444444444444,0.470647164896814,0.475856541775195,FALSE
1361,0.555555555555556,0.475856541775195,0.475856541775195,FALSE
1361,0.666666666666667,0.41494690442797,0.475856541775195,FALSE
1361,0.777777777777778,0.269585253456221,0.475856541775195,FALSE
1361,0.888888888888889,0.186836305349629,0.475856541775195,FALSE
1361,1,0.308154678421158,0.475856541775195,FALSE
1362,0,0.184210526315789,0.263257954772864,FALSE
1362,0.111111111111111,0.0346207724634781,0.138483089853912,FALSE
1362,0.222222222222222,0.0121072643586152,0.0692415449269562,FALSE
1362,0.333333333333333,0.000200120072043226,0.00160096057634581,TRUE
1362,0.444444444444444,0,0,TRUE
1362,0.555555555555556,0,0,TRUE
1362,0.666666666666667,0.00170102061236742,0.0119071442865719,TRUE
1362,0.777777777777778,0.0268160896537923,0.107264358615169,FALSE
1362,0.888888888888889,0.0948569141484891,0.263257954772864,FALSE
1362,1,0.263257954772864,0.263257954772864,FALSE
1363,0,0.494846392474732,0.494846392474732,FALSE
1363,0.111111111111111,0.415490843590513,0.494846392474732,FALSE
1363,0.222222222222222,0.304313019113379,0.494846392474732,FALSE
1363,0.333333333333333,0.216351446012209,0.494846392474732,FALSE
1363,0.444444444444444,0.163314320024017,0.494846392474732,FALSE
1363,0.555555555555556,0.148303812668868,0.494846392474732,FALSE
1363,0.666666666666667,0.173521465025518,0.494846392474732,FALSE
1363,0.777777777777778,0.220254177924547,0.494846392474732,FALSE
1363,0.888888888888889,0.2760932652857,0.494846392474732,FALSE
1363,1,0.407685379765836,0.494846392474732,FALSE
1364,0,0.325187781672509,0.51457185778668,FALSE
1364,0.111111111111111,0.286029043565348,0.51457185778668,FALSE
1364,0.222222222222222,0.51457185778668,0.51457185778668,FALSE
1364,0.333333333333333,0.268703054581873,0.51457185778668,FALSE
1364,0.444444444444444,0.133600400600901,0.51457185778668,FALSE
1364,0.555555555555556,0.117376064096144,0.51457185778668,FALSE
1364,0.666666666666667,0.190886329494241,0.51457185778668,FALSE
1364,0.777777777777778,0.353430145217827,0.51457185778668,FALSE
1364,0.888888888888889,0.477916875312969,0.51457185778668,FALSE
1364,1,0.433850776164246,0.51457185778668,FALSE
1365,0,0.395374449339207,0.465658790548658,FALSE
1365,0.111111111111111,0.267721265518622,0.465658790548658,FALSE
1365,0.222222222222222,0.20905086103324,0.465658790548658,FALSE
1365,0.333333333333333,0.188926712054465,0.465658790548658,FALSE
1365,0.444444444444444,0.213856627953544,0.465658790548658,FALSE
1365,0.555555555555556,0.277132559070885,0.465658790548658,FALSE
1365,0.666666666666667,0.383860632759311,0.465658790548658,FALSE
1365,0.777777777777778,0.465658790548658,0.465658790548658,FALSE
1365,0.888888888888889,0.335002002402883,0.465658790548658,FALSE
1365,1,0.388366039247097,0.465658790548658,FALSE
1366,0,0.4497,0.4497,FALSE
1366,0.111111111111111,0.3362,0.4497,FALSE
1366,0.222222222222222,0.2618,0.4497,FALSE
1366,0.333333333333333,0.1949,0.4497,FALSE
1366,0.444444444444444,0.1544,0.4497,FALSE
1366,0.555555555555556,0.138,0.448266666666667,FALSE
1366,0.666666666666667,0.1407,0.448266666666667,FALSE
1366,0.777777777777778,0.1521,0.4497,FALSE
1366,0.888888888888889,0.164,0.4497,FALSE
1366,1,0.3165,0.4497,FALSE
1367,0,0.315467842115808,0.351031857343218,FALSE
1367,0.111111111111111,0.188539370867562,0.351031857343218,FALSE
1367,0.222222222222222,0.228110599078341,0.351031857343218,FALSE
1367,0.333333333333333,0.301041875375676,0.351031857343218,FALSE
1367,0.444444444444444,0.351031857343218,0.351031857343218,FALSE
1367,0.555555555555556,0.301743137647766,0.351031857343218,FALSE
1367,0.666666666666667,0.153977158885995,0.351031857343218,FALSE
1367,0.777777777777778,0.0650170306551793,0.351031857343218,FALSE
1367,0.888888888888889,0.0363654578240833,0.32728912041675,FALSE
1367,1,0.155780404728511,0.351031857343218,FALSE
1368,0,0.431847771657486,0.471206810215323,FALSE
1368,0.111111111111111,0.385378067100651,0.471206810215323,FALSE
1368,0.222222222222222,0.359238858287431,0.471206810215323,FALSE
1368,0.333333333333333,0.315473209814722,0.471206810215323,FALSE
1368,0.444444444444444,0.042764146219329,0.299349023535303,FALSE
1368,0.555555555555556,0.00250375563345018,0.0225338007010516,TRUE
1368,0.666666666666667,0.0014021031547321,0.0126189283925889,TRUE
1368,0.777777777777778,0.05728592889334,0.40100150225338,FALSE
1368,0.888888888888889,0.471206810215323,0.471206810215323,FALSE
1368,1,0.356434651977967,0.471206810215323,FALSE
1369,0,0.290148177813376,0.414497396876251,FALSE
1369,0.111111111111111,0.181517821385663,0.414497396876251,FALSE
1369,0.222222222222222,0.256908289947938,0.414497396876251,FALSE
1369,0.333333333333333,0.414497396876251,0.414497396876251,FALSE
1369,0.444444444444444,0.377953544253104,0.414497396876251,FALSE
1369,0.555555555555556,0.218762515018022,0.414497396876251,FALSE
1369,0.666666666666667,0.138065678814577,0.414497396876251,FALSE
1369,0.777777777777778,0.0930116139367241,0.414497396876251,FALSE
1369,0.888888888888889,0.0727873448137765,0.414497396876251,FALSE
1369,1,0.197637164597517,0.414497396876251,FALSE
1370,0,0.436474589835934,0.436474589835934,FALSE
1370,0.111111111111111,0.24359743897559,0.436474589835934,FALSE
1370,0.222222222222222,0.122048819527811,0.436474589835934,FALSE
1370,0.333333333333333,0.0603241296518607,0.361944777911164,FALSE
1370,0.444444444444444,0.0356142456982793,0.249299719887955,FALSE
1370,0.555555555555556,0.032312925170068,0.241296518607443,FALSE
1370,0.666666666666667,0.0515206082432973,0.309123649459784,FALSE
1370,0.777777777777778,0.108843537414966,0.435374149659864,FALSE
1370,0.888888888888889,0.215086034413766,0.436474589835934,FALSE
1370,1,0.411864745898359,0.436474589835934,FALSE
1371,0,0.372635371834651,0.466720048043239,FALSE
1371,0.111111111111111,0.347012311079972,0.466720048043239,FALSE
1371,0.222222222222222,0.466720048043239,0.466720048043239,FALSE
1371,0.333333333333333,0.256530877790011,0.466720048043239,FALSE
1371,0.444444444444444,0.153137824041637,0.466720048043239,FALSE
1371,0.555555555555556,0.140026023421079,0.466720048043239,FALSE
1371,0.666666666666667,0.210989890901812,0.466720048043239,FALSE
1371,0.777777777777778,0.408267440696627,0.466720048043239,FALSE
1371,0.888888888888889,0.334901411270143,0.466720048043239,FALSE
1371,1,0.327895105595036,0.466720048043239,FALSE
1372,0,0.221066319895969,0.23517055116535,FALSE
1372,0.111111111111111,0.0644193257977393,0.193257977393218,FALSE
1372,0.222222222222222,0.0362108632589777,0.144843453035911,FALSE
1372,0.333333333333333,0.0229068720616185,0.126487946383915,FALSE
1372,0.444444444444444,0.019405821746524,0.116434930479144,FALSE
1372,0.555555555555556,0.0247074122236671,0.126487946383915,FALSE
1372,0.666666666666667,0.0377113133940182,0.150845253576073,FALSE
1372,0.777777777777778,0.0597179153746124,0.179153746123837,FALSE
1372,0.888888888888889,0.0843252975892768,0.23517055116535,FALSE
1372,1,0.23517055116535,0.23517055116535,FALSE
1373,0,0.2358,0.2358,FALSE
1373,0.111111111111111,0.0947,0.2358,FALSE
1373,0.222222222222222,0.1028,0.2358,FALSE
1373,0.333333333333333,0.1363,0.2358,FALSE
1373,0.444444444444444,0.1734,0.2358,FALSE
1373,0.555555555555556,0.1675,0.2358,FALSE
1373,0.666666666666667,0.1069,0.2358,FALSE
1373,0.777777777777778,0.0564,0.225875,FALSE
1373,0.888888888888889,0.0439,0.2195,FALSE
1373,1,0.1807,0.2358,FALSE
1374,0,0.334403853873946,0.334403853873946,FALSE
1374,0.111111111111111,0.145523885989562,0.334403853873946,FALSE
1374,0.222222222222222,0.0671417101565636,0.268566840626255,FALSE
1374,0.333333333333333,0.024387796065837,0.156663990365315,FALSE
1374,0.444444444444444,0.0117422721798475,0.0939381774387796,FALSE
1374,0.555555555555556,0.0136491368928141,0.105178643115215,FALSE
1374,0.666666666666667,0.0262946607788037,0.157767964672822,FALSE
1374,0.777777777777778,0.0642312324367724,0.25692492974709,FALSE
1374,0.888888888888889,0.135287033319952,0.334403853873946,FALSE
1374,1,0.328683259735046,0.334403853873946,FALSE
1375,0,0.278559935639582,0.446399839098954,FALSE
1375,0.111111111111111,0.0895012067578439,0.369569589702333,FALSE
1375,0.222222222222222,0.0402252614641995,0.241351568785197,FALSE
1375,0.333333333333333,0.0230289621882542,0.16120273531778,FALSE
1375,0.444444444444444,0.0161906677393403,0.129525341914722,FALSE
1375,0.555555555555556,0.0238334674175382,0.166834271922767,FALSE
1375,0.666666666666667,0.0574215607401448,0.287107803700724,FALSE
1375,0.777777777777778,0.147827835880933,0.4434835076428,FALSE
1375,0.888888888888889,0.299275945293644,0.446399839098954,FALSE
1375,1,0.446399839098954,0.446399839098954,FALSE
1376,0,0.456328164082041,0.492746373186593,FALSE
1376,0.111111111111111,0.421210605302651,0.492746373186593,FALSE
1376,0.222222222222222,0.424012006003001,0.492746373186593,FALSE
1376,0.333333333333333,0.431615807903952,0.492746373186593,FALSE
1376,0.444444444444444,0.446923461730865,0.492746373186593,FALSE
1376,0.555555555555556,0.468634317158579,0.492746373186593,FALSE
1376,0.666666666666667,0.492746373186593,0.492746373186593,FALSE
1376,0.777777777777778,0.491345672836418,0.492746373186593,FALSE
1376,0.888888888888889,0.47783891945973,0.492746373186593,FALSE
1376,1,0.489444722361181,0.492746373186593,FALSE
1377,0,0.4266,0.4484,FALSE
1377,0.111111111111111,0.3388,0.4484,FALSE
1377,0.222222222222222,0.4445,0.4484,FALSE
1377,0.333333333333333,0.3245,0.4484,FALSE
1377,0.444444444444444,0.1559,0.4484,FALSE
1377,0.555555555555556,0.1332,0.4484,FALSE
1377,0.666666666666667,0.2832,0.4484,FALSE
1377,0.777777777777778,0.4484,0.4484,FALSE
1377,0.888888888888889,0.3345,0.4484,FALSE
1377,1,0.4188,0.4484,FALSE
1378,0,0.5227,0.5227,FALSE
1378,0.111111111111111,0.4552,0.5227,FALSE
1378,0.222222222222222,0.426,0.5227,FALSE
1378,0.333333333333333,0.4085,0.5227,FALSE
1378,0.444444444444444,0.4198,0.5227,FALSE
1378,0.555555555555556,0.4674,0.5227,FALSE
1378,0.666666666666667,0.4558,0.5227,FALSE
1378,0.777777777777778,0.3846,0.5227,FALSE
1378,0.888888888888889,0.3304,0.5227,FALSE
1378,1,0.408,0.5227,FALSE
1379,0,0.3779,0.4669,FALSE
1379,0.111111111111111,0.2304,0.4669,FALSE
1379,0.222222222222222,0.1926,0.4669,FALSE
1379,0.333333333333333,0.1723,0.4669,FALSE
1379,0.444444444444444,0.176,0.4669,FALSE
1379,0.555555555555556,0.1982,0.4669,FALSE
1379,0.666666666666667,0.2472,0.4669,FALSE
1379,0.777777777777778,0.3381,0.4669,FALSE
1379,0.888888888888889,0.457,0.4669,FALSE
1379,1,0.4669,0.4669,FALSE
1380,0,0.4142,0.4812,FALSE
1380,0.111111111111111,0.3429,0.4812,FALSE
1380,0.222222222222222,0.3622,0.4812,FALSE
1380,0.333333333333333,0.3963,0.4812,FALSE
1380,0.444444444444444,0.4504,0.4812,FALSE
1380,0.555555555555556,0.4812,0.4812,FALSE
1380,0.666666666666667,0.4229,0.4812,FALSE
1380,0.777777777777778,0.3779,0.4812,FALSE
1380,0.888888888888889,0.3476,0.4812,FALSE
1380,1,0.4104,0.4812,FALSE
1381,0,0.274264558735241,0.422553532119272,FALSE
1381,0.111111111111111,0.151490894536722,0.422553532119272,FALSE
1381,0.222222222222222,0.18921352811687,0.422553532119272,FALSE
1381,0.333333333333333,0.274764858915349,0.422553532119272,FALSE
1381,0.444444444444444,0.422553532119272,0.422553532119272,FALSE
1381,0.555555555555556,0.421252751650991,0.422553532119272,FALSE
1381,0.666666666666667,0.342505503301981,0.422553532119272,FALSE
1381,0.777777777777778,0.320592355413248,0.422553532119272,FALSE
1381,0.888888888888889,0.324694816890134,0.422553532119272,FALSE
1381,1,0.412347408445067,0.422553532119272,FALSE
1382,0,0.304561897106109,0.483319935691318,FALSE
1382,0.111111111111111,0.259043408360129,0.483319935691318,FALSE
1382,0.222222222222222,0.461012861736334,0.483319935691318,FALSE
1382,0.333333333333333,0.180164790996785,0.483319935691318,FALSE
1382,0.444444444444444,0.108822347266881,0.483319935691318,FALSE
1382,0.555555555555556,0.207194533762058,0.483319935691318,FALSE
1382,0.666666666666667,0.483319935691318,0.483319935691318,FALSE
1382,0.777777777777778,0.214730707395498,0.483319935691318,FALSE
1382,0.888888888888889,0.122889871382637,0.483319935691318,FALSE
1382,1,0.243167202572347,0.483319935691318,FALSE
1383,0,0.261061061061061,0.338938938938939,FALSE
1383,0.111111111111111,0.108108108108108,0.338938938938939,FALSE
1383,0.222222222222222,0.0911911911911912,0.338938938938939,FALSE
1383,0.333333333333333,0.0740740740740741,0.296546546546547,FALSE
1383,0.444444444444444,0.0632632632632633,0.296546546546547,FALSE
1383,0.555555555555556,0.0617617617617618,0.296546546546547,FALSE
1383,0.666666666666667,0.0772772772772773,0.309109109109109,FALSE
1383,0.777777777777778,0.118618618618619,0.338938938938939,FALSE
1383,0.888888888888889,0.18048048048048,0.338938938938939,FALSE
1383,1,0.338938938938939,0.338938938938939,FALSE
1384,0,0.3762,0.3762,FALSE
1384,0.111111111111111,0.2005,0.3762,FALSE
1384,0.222222222222222,0.2415,0.3762,FALSE
1384,0.333333333333333,0.3219,0.3762,FALSE
1384,0.444444444444444,0.0133,0.1197,FALSE
1384,0.555555555555556,0.0018,0.018,TRUE
1384,0.666666666666667,0.0278,0.2224,FALSE
1384,0.777777777777778,0.1003,0.3762,FALSE
1384,0.888888888888889,0.1573,0.3762,FALSE
1384,1,0.3381,0.3762,FALSE
1385,0,0.46029043565348,0.46029043565348,FALSE
1385,0.111111111111111,0.402804206309464,0.46029043565348,FALSE
1385,0.222222222222222,0.34621932899349,0.46029043565348,FALSE
1385,0.333333333333333,0.283124687030546,0.46029043565348,FALSE
1385,0.444444444444444,0.224737105658488,0.46029043565348,FALSE
1385,0.555555555555556,0.193790686029044,0.46029043565348,FALSE
1385,0.666666666666667,0.186880320480721,0.46029043565348,FALSE
1385,0.777777777777778,0.19298948422634,0.46029043565348,FALSE
1385,0.888888888888889,0.202203304957436,0.46029043565348,FALSE
1385,1,0.334201301952929,0.46029043565348,FALSE
1386,0,0.4116,0.481,FALSE
1386,0.111111111111111,0.3498,0.481,FALSE
1386,0.222222222222222,0.395,0.481,FALSE
1386,0.333333333333333,0.4482,0.481,FALSE
1386,0.444444444444444,0.481,0.481,FALSE
1386,0.555555555555556,0.4728,0.481,FALSE
1386,0.666666666666667,0.4295,0.481,FALSE
1386,0.777777777777778,0.3723,0.481,FALSE
1386,0.888888888888889,0.3296,0.481,FALSE
1386,1,0.4044,0.481,FALSE
1387,0,0.241790148177813,0.241790148177813,FALSE
1387,0.111111111111111,0.0689827793352022,0.206948338005607,FALSE
1387,0.222222222222222,0.0312374849819784,0.124949939927913,FALSE
1387,0.333333333333333,0.00830997196635963,0.0581698037645174,FALSE
1387,0.444444444444444,0.00290348418101722,0.0249299158990789,TRUE
1387,0.555555555555556,0.00290348418101722,0.0249299158990789,TRUE
1387,0.666666666666667,0.00770925110132159,0.0539647577092511,FALSE
1387,0.777777777777778,0.0222266720064077,0.108880656788146,FALSE
1387,0.888888888888889,0.0435522627152583,0.137965558670404,FALSE
1387,1,0.205246295554666,0.241790148177813,FALSE
1388,0,0.375587793896948,0.375587793896948,FALSE
1388,0.111111111111111,0.145272636318159,0.375587793896948,FALSE
1388,0.222222222222222,0.0544272136068034,0.242121060530265,FALSE
1388,0.333333333333333,0.0212106053026513,0.148474237118559,FALSE
1388,0.444444444444444,0.0139069534767384,0.111255627813907,FALSE
1388,0.555555555555556,0.0206103051525763,0.145139236284809,FALSE
1388,0.666666666666667,0.0409204602301151,0.217908954477239,FALSE
1388,0.777777777777778,0.0771385692846423,0.290545272636318,FALSE
1388,0.888888888888889,0.129564782391196,0.375587793896948,FALSE
1388,1,0.306953476738369,0.375587793896948,FALSE
1389,0,0.413948369021413,0.413948369021413,FALSE
1389,0.111111111111111,0.199419651791075,0.413948369021413,FALSE
1389,0.222222222222222,0.197818691214729,0.413948369021413,FALSE
1389,0.333333333333333,0.346107664598759,0.413948369021413,FALSE
1389,0.444444444444444,0.052231338803282,0.413948369021413,FALSE
1389,0.555555555555556,0.05273163898339,0.413948369021413,FALSE
1389,0.666666666666667,0.170802481488893,0.413948369021413,FALSE
1389,0.777777777777778,0.387032219331599,0.413948369021413,FALSE
1389,0.888888888888889,0.309985991594957,0.413948369021413,FALSE
1389,1,0.265859515709426,0.413948369021413,FALSE
1390,0,0.207581227436823,0.473325310870437,FALSE
1390,0.111111111111111,0.0589651022864019,0.353790613718412,FALSE
1390,0.222222222222222,0.102386682711592,0.434717208182912,FALSE
1390,0.333333333333333,0.430705976734858,0.473325310870437,FALSE
1390,0.444444444444444,0.136883273164862,0.473325310870437,FALSE
1390,0.555555555555556,0.123445647813879,0.473325310870437,FALSE
1390,0.666666666666667,0.473325310870437,0.473325310870437,FALSE
1390,0.777777777777778,0.129462494985961,0.473325310870437,FALSE
1390,0.888888888888889,0.0974729241877256,0.434717208182912,FALSE
1390,1,0.260830324909747,0.473325310870437,FALSE
1391,0,0.272435576055349,0.323874461044821,FALSE
1391,0.111111111111111,0.068083826331094,0.272335305324376,FALSE
1391,0.222222222222222,0.0204552291186203,0.122731374711722,FALSE
1391,0.333333333333333,0.00501353654868144,0.0350947558407701,TRUE
1391,0.444444444444444,0.0021056853504462,0.0189511681540158,TRUE
1391,0.555555555555556,0.00200541461947258,0.0180487315752532,TRUE
1391,0.666666666666667,0.00812192920886393,0.0568535044620475,FALSE
1391,0.777777777777778,0.050235636217788,0.200942544871152,FALSE
1391,0.888888888888889,0.136568735586082,0.323874461044821,FALSE
1391,1,0.323874461044821,0.323874461044821,FALSE
1392,0,0.3633,0.3633,FALSE
1392,0.111111111111111,0.2084,0.3633,FALSE
1392,0.222222222222222,0.1549,0.3633,FALSE
1392,0.333333333333333,0.0968,0.3633,FALSE
1392,0.444444444444444,0.0407,0.3256,FALSE
1392,0.555555555555556,0.0204,0.194666666666667,FALSE
1392,0.666666666666667,0.0584,0.3633,FALSE
1392,0.777777777777778,0.2747,0.3633,FALSE
1392,0.888888888888889,0.3145,0.3633,FALSE
1392,1,0.3203,0.3633,FALSE
1393,0,0.2643,0.4572,FALSE
1393,0.111111111111111,0.1211,0.4572,FALSE
1393,0.222222222222222,0.1334,0.4572,FALSE
1393,0.333333333333333,0.1639,0.4572,FALSE
1393,0.444444444444444,0.2241,0.4572,FALSE
1393,0.555555555555556,0.328,0.4572,FALSE
1393,0.666666666666667,0.4572,0.4572,FALSE
1393,0.777777777777778,0.4357,0.4572,FALSE
1393,0.888888888888889,0.3762,0.4572,FALSE
1393,1,0.4121,0.4572,FALSE
1394,0,0.4517,0.4838,FALSE
1394,0.111111111111111,0.3969,0.4838,FALSE
1394,0.222222222222222,0.4118,0.4838,FALSE
1394,0.333333333333333,0.4449,0.4838,FALSE
1394,0.444444444444444,0.4838,0.4838,FALSE
1394,0.555555555555556,0.3812,0.4838,FALSE
1394,0.666666666666667,0.2914,0.4838,FALSE
1394,0.777777777777778,0.2289,0.4838,FALSE
1394,0.888888888888889,0.1981,0.4838,FALSE
1394,1,0.3179,0.4838,FALSE
1395,0,0.443362120907813,0.4591283390239,FALSE
1395,0.111111111111111,0.4591283390239,0.4591283390239,FALSE
1395,0.222222222222222,0.223739706768427,0.4591283390239,FALSE
1395,0.333333333333333,0.10373568989757,0.4591283390239,FALSE
1395,0.444444444444444,0.08335007029524,0.4591283390239,FALSE
1395,0.555555555555556,0.119301064470777,0.4591283390239,FALSE
1395,0.666666666666667,0.254267925286202,0.4591283390239,FALSE
1395,0.777777777777778,0.443161277364933,0.4591283390239,FALSE
1395,0.888888888888889,0.256878891343643,0.4591283390239,FALSE
1395,1,0.337417152038562,0.4591283390239,FALSE
1396,0,0.416149689813888,0.492395437262357,FALSE
1396,0.111111111111111,0.358314988993396,0.492395437262357,FALSE
1396,0.222222222222222,0.391534920952572,0.492395437262357,FALSE
1396,0.333333333333333,0.446868120872524,0.492395437262357,FALSE
1396,0.444444444444444,0.492395437262357,0.492395437262357,FALSE
1396,0.555555555555556,0.427056233740244,0.492395437262357,FALSE
1396,0.666666666666667,0.377126275765459,0.492395437262357,FALSE
1396,0.777777777777778,0.347808685211127,0.492395437262357,FALSE
1396,0.888888888888889,0.332199319591755,0.492395437262357,FALSE
1396,1,0.416149689813888,0.492395437262357,FALSE
1397,0,0.443366019611767,0.443366019611767,FALSE
1397,0.111111111111111,0.200920552331399,0.401841104662798,FALSE
1397,0.222222222222222,0.0608365019011407,0.243396037622574,FALSE
1397,0.333333333333333,0.0127076245747448,0.101660996597959,FALSE
1397,0.444444444444444,0.00610366219731839,0.0549329597758655,FALSE
1397,0.555555555555556,0.0148088853311987,0.11847108264959,FALSE
1397,0.666666666666667,0.0528316990194116,0.243396037622574,FALSE
1397,0.777777777777778,0.0962577546527917,0.315789473684211,FALSE
1397,0.888888888888889,0.0973584150490294,0.315789473684211,FALSE
1397,1,0.236842105263158,0.443366019611767,FALSE
1398,0,0.216543308661732,0.502300460092018,FALSE
1398,0.111111111111111,0.0718143628725745,0.430886177235447,FALSE
1398,0.222222222222222,0.0667133426685337,0.400280056011202,FALSE
1398,0.333333333333333,0.0684136827365473,0.410482096419284,FALSE
1398,0.444444444444444,0.0865173034606921,0.433086617323465,FALSE
1398,0.555555555555556,0.133626725345069,0.502300460092018,FALSE
1398,0.666666666666667,0.210642128425685,0.502300460092018,FALSE
1398,0.777777777777778,0.314662932586517,0.502300460092018,FALSE
1398,0.888888888888889,0.422284456891378,0.502300460092018,FALSE
1398,1,0.502300460092018,0.502300460092018,FALSE
1399,0,0.393189784677016,0.478718077115673,FALSE
1399,0.111111111111111,0.279519278918378,0.478718077115673,FALSE
1399,0.222222222222222,0.255683525287932,0.478718077115673,FALSE
1399,0.333333333333333,0.245668502754131,0.478718077115673,FALSE
1399,0.444444444444444,0.252178267401102,0.478718077115673,FALSE
1399,0.555555555555556,0.282724086129194,0.478718077115673,FALSE
1399,0.666666666666667,0.327491236855283,0.478718077115673,FALSE
1399,0.777777777777778,0.377466199298948,0.478718077115673,FALSE
1399,0.888888888888889,0.42613920881322,0.478718077115673,FALSE
1399,1,0.478718077115673,0.478718077115673,FALSE
1400,0,0.270733173076923,0.384415064102564,FALSE
1400,0.111111111111111,0.108573717948718,0.360977564102564,FALSE
1400,0.222222222222222,0.0886418269230769,0.354567307692308,FALSE
1400,0.333333333333333,0.0728165064102564,0.338416466346154,FALSE
1400,0.444444444444444,0.067207532051282,0.33603766025641,FALSE
1400,0.555555555555556,0.077323717948718,0.338416466346154,FALSE
1400,0.666666666666667,0.112680288461538,0.360977564102564,FALSE
1400,0.777777777777778,0.167167467948718,0.384415064102564,FALSE
1400,0.888888888888889,0.235476762820513,0.384415064102564,FALSE
1400,1,0.384415064102564,0.384415064102564,FALSE
1401,0,0.4085,0.4085,FALSE
1401,0.111111111111111,0.2731,0.4085,FALSE
1401,0.222222222222222,0.1413,0.4085,FALSE
1401,0.333333333333333,0.0259,0.1554,FALSE
1401,0.444444444444444,9e-04,0.0081,TRUE
1401,0.555555555555556,4e-04,0.004,TRUE
1401,0.666666666666667,0.0046,0.0368,TRUE
1401,0.777777777777778,0.0368,0.2208,FALSE
1401,0.888888888888889,0.1105,0.4085,FALSE
1401,1,0.3358,0.4085,FALSE
1402,0,0.3009,0.4714,FALSE
1402,0.111111111111111,0.2049,0.4714,FALSE
1402,0.222222222222222,0.3382,0.4714,FALSE
1402,0.333333333333333,0.4714,0.4714,FALSE
1402,0.444444444444444,0.3917,0.4714,FALSE
1402,0.555555555555556,0.4465,0.4714,FALSE
1402,0.666666666666667,0.3969,0.4714,FALSE
1402,0.777777777777778,0.2311,0.4714,FALSE
1402,0.888888888888889,0.1347,0.4714,FALSE
1402,1,0.2532,0.4714,FALSE
1403,0,0.45,0.4945,FALSE
1403,0.111111111111111,0.3715,0.4945,FALSE
1403,0.222222222222222,0.3322,0.4945,FALSE
1403,0.333333333333333,0.2987,0.4945,FALSE
1403,0.444444444444444,0.2755,0.4945,FALSE
1403,0.555555555555556,0.2836,0.4945,FALSE
1403,0.666666666666667,0.3479,0.4945,FALSE
1403,0.777777777777778,0.4945,0.4945,FALSE
1403,0.888888888888889,0.3256,0.4945,FALSE
1403,1,0.3639,0.4945,FALSE
1404,0,0.2738,0.3818,FALSE
1404,0.111111111111111,0.0444,0.222,FALSE
1404,0.222222222222222,0.0053,0.0371,TRUE
1404,0.333333333333333,0.0014,0.0126,TRUE
1404,0.444444444444444,0.0014,0.0126,TRUE
1404,0.555555555555556,0.006,0.042,TRUE
1404,0.666666666666667,0.0512,0.25375,FALSE
1404,0.777777777777778,0.3818,0.3818,FALSE
1404,0.888888888888889,0.1015,0.3208,FALSE
1404,1,0.1604,0.3818,FALSE
1405,0,0.3245,0.447,FALSE
1405,0.111111111111111,0.1292,0.447,FALSE
1405,0.222222222222222,0.0583,0.2915,FALSE
1405,0.333333333333333,0.0244,0.1708,FALSE
1405,0.444444444444444,0.0146,0.1168,FALSE
1405,0.555555555555556,0.0184,0.1472,FALSE
1405,0.666666666666667,0.0435,0.261,FALSE
1405,0.777777777777778,0.1392,0.447,FALSE
1405,0.888888888888889,0.3755,0.447,FALSE
1405,1,0.447,0.447,FALSE
1406,0,0.1835,0.287,FALSE
1406,0.111111111111111,0.0268,0.1072,FALSE
1406,0.222222222222222,0.0118,0.059,FALSE
1406,0.333333333333333,0.0043,0.0301,TRUE
1406,0.444444444444444,0.0031,0.0217,TRUE
1406,0.555555555555556,0.0029,0.0203,TRUE
1406,0.666666666666667,0.005,0.035,TRUE
1406,0.777777777777778,0.0191,0.0764,FALSE
1406,0.888888888888889,0.068,0.204,FALSE
1406,1,0.287,0.287,FALSE
1407,0,0.2853,0.2873,FALSE
1407,0.111111111111111,0.1167,0.2873,FALSE
1407,0.222222222222222,0.0481,0.2405,FALSE
1407,0.333333333333333,0.0044,0.0352,TRUE
1407,0.444444444444444,3e-04,0.0027,TRUE
1407,0.555555555555556,5e-04,0.0045,TRUE
1407,0.666666666666667,0.0145,0.1015,FALSE
1407,0.777777777777778,0.1028,0.2873,FALSE
1407,0.888888888888889,0.163,0.2873,FALSE
1407,1,0.2873,0.2873,FALSE
1408,0,0.4545,0.4689,FALSE
1408,0.111111111111111,0.363,0.4689,FALSE
1408,0.222222222222222,0.1039,0.4689,FALSE
1408,0.333333333333333,0.0195,0.1365,FALSE
1408,0.444444444444444,0.0036,0.0324,TRUE
1408,0.555555555555556,0.003,0.027,TRUE
1408,0.666666666666667,0.016,0.112,FALSE
1408,0.777777777777778,0.0881,0.4405,FALSE
1408,0.888888888888889,0.2657,0.4689,FALSE
1408,1,0.4689,0.4689,FALSE
1409,0,0.4783,0.4783,FALSE
1409,0.111111111111111,0.461,0.4783,FALSE
1409,0.222222222222222,0.2851,0.4783,FALSE
1409,0.333333333333333,0.0955,0.4783,FALSE
1409,0.444444444444444,0.0267,0.2403,FALSE
1409,0.555555555555556,0.0204,0.1836,FALSE
1409,0.666666666666667,0.0703,0.4783,FALSE
1409,0.777777777777778,0.2016,0.4783,FALSE
1409,0.888888888888889,0.2981,0.4783,FALSE
1409,1,0.3983,0.4783,FALSE
1410,0,0.284927942353883,0.373598879103283,FALSE
1410,0.111111111111111,0.184347477982386,0.373598879103283,FALSE
1410,0.222222222222222,0.248598879103283,0.373598879103283,FALSE
1410,0.333333333333333,0.331565252201761,0.373598879103283,FALSE
1410,0.444444444444444,0.373598879103283,0.373598879103283,FALSE
1410,0.555555555555556,0.303342674139311,0.373598879103283,FALSE
1410,0.666666666666667,0.173038430744596,0.373598879103283,FALSE
1410,0.777777777777778,0.0795636509207366,0.373598879103283,FALSE
1410,0.888888888888889,0.0382305844675741,0.368405835779735,FALSE
1410,1,0.144415532425941,0.373598879103283,FALSE
1411,0,0.3832,0.4573,FALSE
1411,0.111111111111111,0.216,0.4573,FALSE
1411,0.222222222222222,0.1443,0.4573,FALSE
1411,0.333333333333333,0.1218,0.4573,FALSE
1411,0.444444444444444,0.1208,0.4573,FALSE
1411,0.555555555555556,0.13,0.4573,FALSE
1411,0.666666666666667,0.1539,0.4573,FALSE
1411,0.777777777777778,0.2056,0.4573,FALSE
1411,0.888888888888889,0.3048,0.4573,FALSE
1411,1,0.4573,0.4573,FALSE
1412,0,0.3191,0.3222,FALSE
1412,0.111111111111111,0.1393,0.3222,FALSE
1412,0.222222222222222,0.0908,0.2786,FALSE
1412,0.333333333333333,0.0614,0.2456,FALSE
1412,0.444444444444444,0.0485,0.232166666666667,FALSE
1412,0.555555555555556,0.0466,0.232166666666667,FALSE
1412,0.666666666666667,0.0539,0.232166666666667,FALSE
1412,0.777777777777778,0.0808,0.2786,FALSE
1412,0.888888888888889,0.135,0.3222,FALSE
1412,1,0.3222,0.3222,FALSE
1413,0,0.5072,0.5072,FALSE
1413,0.111111111111111,0.4853,0.5072,FALSE
1413,0.222222222222222,0.3572,0.5072,FALSE
1413,0.333333333333333,0.1692,0.5072,FALSE
1413,0.444444444444444,0.0703,0.4921,FALSE
1413,0.555555555555556,0.0514,0.4112,FALSE
1413,0.666666666666667,0.0804,0.5072,FALSE
1413,0.777777777777778,0.1712,0.5072,FALSE
1413,0.888888888888889,0.3669,0.5072,FALSE
1413,1,0.4826,0.5072,FALSE
1414,0,0.480492196878751,0.499399759903962,FALSE
1414,0.111111111111111,0.499399759903962,0.499399759903962,FALSE
1414,0.222222222222222,0.419267707082833,0.499399759903962,FALSE
1414,0.333333333333333,0.355342136854742,0.499399759903962,FALSE
1414,0.444444444444444,0.342837134853942,0.499399759903962,FALSE
1414,0.555555555555556,0.41046418567427,0.499399759903962,FALSE
1414,0.666666666666667,0.407162865146058,0.499399759903962,FALSE
1414,0.777777777777778,0.202080832332933,0.499399759903962,FALSE
1414,0.888888888888889,0.106742697078832,0.499399759903962,FALSE
1414,1,0.224189675870348,0.499399759903962,FALSE
1415,0,0.4082,0.4082,FALSE
1415,0.111111111111111,0.1544,0.4082,FALSE
1415,0.222222222222222,0.058,0.29,FALSE
1415,0.333333333333333,0.0251,0.1757,FALSE
1415,0.444444444444444,0.0181,0.1448,FALSE
1415,0.555555555555556,0.0288,0.2016,FALSE
1415,0.666666666666667,0.0652,0.317333333333333,FALSE
1415,0.777777777777778,0.1265,0.3808,FALSE
1415,0.888888888888889,0.1904,0.4082,FALSE
1415,1,0.3534,0.4082,FALSE
1416,0,0.3264,0.3264,FALSE
1416,0.111111111111111,0.0819,0.2457,FALSE
1416,0.222222222222222,0.0167,0.0668,FALSE
1416,0.333333333333333,0.004,0.028,TRUE
1416,0.444444444444444,0.0014,0.012,TRUE
1416,0.555555555555556,0.0012,0.0108,TRUE
1416,0.666666666666667,0.0027,0.0189,TRUE
1416,0.777777777777778,0.0082,0.0438,TRUE
1416,0.888888888888889,0.0219,0.0876,FALSE
1416,1,0.1835,0.3264,FALSE
1417,0,0.508,0.508,FALSE
1417,0.111111111111111,0.4669,0.508,FALSE
1417,0.222222222222222,0.3303,0.508,FALSE
1417,0.333333333333333,0.1489,0.508,FALSE
1417,0.444444444444444,0.0427,0.3843,FALSE
1417,0.555555555555556,0.0308,0.2772,FALSE
1417,0.666666666666667,0.1422,0.508,FALSE
1417,0.777777777777778,0.4457,0.508,FALSE
1417,0.888888888888889,0.3432,0.508,FALSE
1417,1,0.3751,0.508,FALSE
1418,0,0.3385,0.4705,FALSE
1418,0.111111111111111,0.2481,0.4705,FALSE
1418,0.222222222222222,0.435,0.4705,FALSE
1418,0.333333333333333,0.2532,0.4705,FALSE
1418,0.444444444444444,0.0913,0.4705,FALSE
1418,0.555555555555556,0.0819,0.4705,FALSE
1418,0.666666666666667,0.203,0.4705,FALSE
1418,0.777777777777778,0.4705,0.4705,FALSE
1418,0.888888888888889,0.2215,0.4705,FALSE
1418,1,0.3054,0.4705,FALSE
1419,0,0.3839,0.4361,FALSE
1419,0.111111111111111,0.2356,0.4361,FALSE
1419,0.222222222222222,0.1588,0.4361,FALSE
1419,0.333333333333333,0.0672,0.4361,FALSE
1419,0.444444444444444,0.0118,0.1062,FALSE
1419,0.555555555555556,0.0067,0.0603,FALSE
1419,0.666666666666667,0.0689,0.4361,FALSE
1419,0.777777777777778,0.3609,0.4361,FALSE
1419,0.888888888888889,0.4048,0.4361,FALSE
1419,1,0.4361,0.4361,FALSE
1420,0,0.4623,0.4623,FALSE
1420,0.111111111111111,0.4489,0.4623,FALSE
1420,0.222222222222222,0.3789,0.4623,FALSE
1420,0.333333333333333,0.1531,0.4623,FALSE
1420,0.444444444444444,0.07,0.4623,FALSE
1420,0.555555555555556,0.0762,0.4623,FALSE
1420,0.666666666666667,0.201,0.4623,FALSE
1420,0.777777777777778,0.3714,0.4623,FALSE
1420,0.888888888888889,0.1501,0.4623,FALSE
1420,1,0.249,0.4623,FALSE
1421,0,0.3931,0.4615,FALSE
1421,0.111111111111111,0.1925,0.4615,FALSE
1421,0.222222222222222,0.0929,0.4615,FALSE
1421,0.333333333333333,0.0489,0.32515,FALSE
1421,0.444444444444444,0.0367,0.2569,FALSE
1421,0.555555555555556,0.0412,0.2884,FALSE
1421,0.666666666666667,0.0733,0.385,FALSE
1421,0.777777777777778,0.1598,0.4615,FALSE
1421,0.888888888888889,0.3446,0.4615,FALSE
1421,1,0.4615,0.4615,FALSE
1422,0,0.3476,0.4204,FALSE
1422,0.111111111111111,0.3891,0.4204,FALSE
1422,0.222222222222222,0.2501,0.4204,FALSE
1422,0.333333333333333,0.0882,0.4204,FALSE
1422,0.444444444444444,0.0529,0.4204,FALSE
1422,0.555555555555556,0.0593,0.4204,FALSE
1422,0.666666666666667,0.1233,0.4204,FALSE
1422,0.777777777777778,0.3083,0.4204,FALSE
1422,0.888888888888889,0.4204,0.4204,FALSE
1422,1,0.3913,0.4204,FALSE
1423,0,0.1773,0.2897,FALSE
1423,0.111111111111111,0.0243,0.0972,FALSE
1423,0.222222222222222,0.0094,0.0564,FALSE
1423,0.333333333333333,0.0058,0.0371,TRUE
1423,0.444444444444444,0.0053,0.0371,TRUE
1423,0.555555555555556,0.0058,0.0371,TRUE
1423,0.666666666666667,0.0106,0.0636,FALSE
1423,0.777777777777778,0.0335,0.134,FALSE
1423,0.888888888888889,0.0874,0.2622,FALSE
1423,1,0.2897,0.2897,FALSE
1424,0,0.2304,0.4267,FALSE
1424,0.111111111111111,0.0267,0.1335,FALSE
1424,0.222222222222222,0.0063,0.0378,TRUE
1424,0.333333333333333,0.0015,0.012,TRUE
1424,0.444444444444444,9e-04,0.0072,TRUE
1424,0.555555555555556,0.0015,0.012,TRUE
1424,0.666666666666667,0.0085,0.051,FALSE
1424,0.777777777777778,0.0631,0.2524,FALSE
1424,0.888888888888889,0.4267,0.4267,FALSE
1424,1,0.3181,0.4267,FALSE
1425,0,0.4779,0.499,FALSE
1425,0.111111111111111,0.3572,0.499,FALSE
1425,0.222222222222222,0.2571,0.499,FALSE
1425,0.333333333333333,0.3824,0.499,FALSE
1425,0.444444444444444,0.4292,0.499,FALSE
1425,0.555555555555556,0.389,0.499,FALSE
1425,0.666666666666667,0.499,0.499,FALSE
1425,0.777777777777778,0.354,0.499,FALSE
1425,0.888888888888889,0.3574,0.499,FALSE
1425,1,0.4963,0.499,FALSE
1426,0,0.4266,0.4764,FALSE
1426,0.111111111111111,0.4552,0.4764,FALSE
1426,0.222222222222222,0.3648,0.4764,FALSE
1426,0.333333333333333,0.2334,0.4764,FALSE
1426,0.444444444444444,0.1901,0.4764,FALSE
1426,0.555555555555556,0.213,0.4764,FALSE
1426,0.666666666666667,0.3097,0.4764,FALSE
1426,0.777777777777778,0.4764,0.4764,FALSE
1426,0.888888888888889,0.3575,0.4764,FALSE
1426,1,0.3879,0.4764,FALSE
1427,0,0.3717,0.3963,FALSE
1427,0.111111111111111,0.2524,0.3963,FALSE
1427,0.222222222222222,0.2162,0.3963,FALSE
1427,0.333333333333333,0.1798,0.3963,FALSE
1427,0.444444444444444,0.151,0.3963,FALSE
1427,0.555555555555556,0.1458,0.3963,FALSE
1427,0.666666666666667,0.1737,0.3963,FALSE
1427,0.777777777777778,0.2251,0.3963,FALSE
1427,0.888888888888889,0.2799,0.3963,FALSE
1427,1,0.3963,0.3963,FALSE
1428,0,0.2129,0.3964,FALSE
1428,0.111111111111111,0.0742,0.371,FALSE
1428,0.222222222222222,0.0588,0.294,FALSE
1428,0.333333333333333,0.0083,0.0664,FALSE
1428,0.444444444444444,0.0014,0.014,TRUE
1428,0.555555555555556,0.0059,0.0472,TRUE
1428,0.666666666666667,0.072,0.36,FALSE
1428,0.777777777777778,0.2854,0.3964,FALSE
1428,0.888888888888889,0.3324,0.3964,FALSE
1428,1,0.3964,0.3964,FALSE
1429,0,0.2048,0.4783,FALSE
1429,0.111111111111111,0.0951,0.4783,FALSE
1429,0.222222222222222,0.236,0.4783,FALSE
1429,0.333333333333333,0.3853,0.4783,FALSE
1429,0.444444444444444,0.1593,0.4783,FALSE
1429,0.555555555555556,0.1332,0.4783,FALSE
1429,0.666666666666667,0.1958,0.4783,FALSE
1429,0.777777777777778,0.3336,0.4783,FALSE
1429,0.888888888888889,0.4783,0.4783,FALSE
1429,1,0.4772,0.4783,FALSE
1430,0,0.4179,0.4644,FALSE
1430,0.111111111111111,0.3721,0.4644,FALSE
1430,0.222222222222222,0.4644,0.4644,FALSE
1430,0.333333333333333,0.1255,0.4644,FALSE
1430,0.444444444444444,0.0094,0.0846,FALSE
1430,0.555555555555556,0.0088,0.0792,FALSE
1430,0.666666666666667,0.0568,0.4544,FALSE
1430,0.777777777777778,0.2248,0.4644,FALSE
1430,0.888888888888889,0.3749,0.4644,FALSE
1430,1,0.4463,0.4644,FALSE
1431,0,0.4229,0.4229,FALSE
1431,0.111111111111111,0.2822,0.4229,FALSE
1431,0.222222222222222,0.2042,0.4229,FALSE
1431,0.333333333333333,0.1489,0.4229,FALSE
1431,0.444444444444444,0.1117,0.4229,FALSE
1431,0.555555555555556,0.0923,0.4229,FALSE
1431,0.666666666666667,0.0977,0.4229,FALSE
1431,0.777777777777778,0.1335,0.4229,FALSE
1431,0.888888888888889,0.208,0.4229,FALSE
1431,1,0.3858,0.4229,FALSE
1432,0,0.239395758303321,0.476290516206483,FALSE
1432,0.111111111111111,0.0548219287715086,0.274109643857543,FALSE
1432,0.222222222222222,0.0200080032012805,0.127917833800187,FALSE
1432,0.333333333333333,0.00940376150460184,0.0752300920368147,FALSE
1432,0.444444444444444,0.00870348139255702,0.0696278511404562,FALSE
1432,0.555555555555556,0.0142056822729092,0.0994397759103641,FALSE
1432,0.666666666666667,0.0448179271708683,0.224089635854342,FALSE
1432,0.777777777777778,0.12264905962385,0.389889289048953,FALSE
1432,0.888888888888889,0.292416966786715,0.476290516206483,FALSE
1432,1,0.476290516206483,0.476290516206483,FALSE
1433,0,0.4679,0.5046,FALSE
1433,0.111111111111111,0.4328,0.5046,FALSE
1433,0.222222222222222,0.3465,0.5046,FALSE
1433,0.333333333333333,0.1406,0.5046,FALSE
1433,0.444444444444444,0.0425,0.3825,FALSE
1433,0.555555555555556,0.0663,0.5046,FALSE
1433,0.666666666666667,0.1834,0.5046,FALSE
1433,0.777777777777778,0.3991,0.5046,FALSE
1433,0.888888888888889,0.4878,0.5046,FALSE
1433,1,0.5046,0.5046,FALSE
1434,0,0.2769,0.3716,FALSE
1434,0.111111111111111,0.0902,0.3392,FALSE
1434,0.222222222222222,0.053,0.265,FALSE
1434,0.333333333333333,0.0401,0.212,FALSE
1434,0.444444444444444,0.0388,0.212,FALSE
1434,0.555555555555556,0.0474,0.237,FALSE
1434,0.666666666666667,0.0685,0.274,FALSE
1434,0.777777777777778,0.106,0.3392,FALSE
1434,0.888888888888889,0.1696,0.3716,FALSE
1434,1,0.3716,0.3716,FALSE
1435,0,0.4772,0.4922,FALSE
1435,0.111111111111111,0.4435,0.4922,FALSE
1435,0.222222222222222,0.4487,0.4922,FALSE
1435,0.333333333333333,0.4588,0.4922,FALSE
1435,0.444444444444444,0.4747,0.4922,FALSE
1435,0.555555555555556,0.4922,0.4922,FALSE
1435,0.666666666666667,0.4908,0.4922,FALSE
1435,0.777777777777778,0.4793,0.4922,FALSE
1435,0.888888888888889,0.4691,0.4922,FALSE
1435,1,0.4793,0.4922,FALSE
1436,0,0.1258,0.4728,FALSE
1436,0.111111111111111,0.0096,0.096,FALSE
1436,0.222222222222222,0.0337,0.3033,FALSE
1436,0.333333333333333,0.2695,0.4728,FALSE
1436,0.444444444444444,0.1942,0.4728,FALSE
1436,0.555555555555556,0.1368,0.4728,FALSE
1436,0.666666666666667,0.2565,0.4728,FALSE
1436,0.777777777777778,0.4728,0.4728,FALSE
1436,0.888888888888889,0.2964,0.4728,FALSE
1436,1,0.3664,0.4728,FALSE
1437,0,0.1893,0.2387,FALSE
1437,0.111111111111111,0.0398,0.1462,FALSE
1437,0.222222222222222,0.0203,0.0995,FALSE
1437,0.333333333333333,0.0121,0.0726,FALSE
1437,0.444444444444444,0.0098,0.0686,FALSE
1437,0.555555555555556,0.0104,0.06965,FALSE
1437,0.666666666666667,0.0169,0.0845,FALSE
1437,0.777777777777778,0.0377,0.1462,FALSE
1437,0.888888888888889,0.0731,0.2193,FALSE
1437,1,0.2387,0.2387,FALSE
1438,0,0.3293,0.3293,FALSE
1438,0.111111111111111,0.1683,0.3293,FALSE
1438,0.222222222222222,0.1223,0.3293,FALSE
1438,0.333333333333333,0.0916,0.3293,FALSE
1438,0.444444444444444,0.0768,0.3072,FALSE
1438,0.555555555555556,0.0744,0.2976,FALSE
1438,0.666666666666667,0.0842,0.3293,FALSE
1438,0.777777777777778,0.107,0.3293,FALSE
1438,0.888888888888889,0.1403,0.3293,FALSE
1438,1,0.2955,0.3293,FALSE
1439,0,0.4146,0.4146,FALSE
1439,0.111111111111111,0.1942,0.4146,FALSE
1439,0.222222222222222,0.0829,0.387,FALSE
1439,0.333333333333333,0.0305,0.221066666666667,FALSE
1439,0.444444444444444,0.0212,0.1696,FALSE
1439,0.555555555555556,0.0352,0.2464,FALSE
1439,0.666666666666667,0.0774,0.387,FALSE
1439,0.777777777777778,0.1409,0.4146,FALSE
1439,0.888888888888889,0.2322,0.4146,FALSE
1439,1,0.404,0.4146,FALSE
1440,0,0.1939,0.3878,FALSE
1440,0.111111111111111,0.0426,0.213,FALSE
1440,0.222222222222222,0.0166,0.0996,FALSE
1440,0.333333333333333,0.0028,0.0224,TRUE
1440,0.444444444444444,2e-04,0.002,TRUE
1440,0.555555555555556,0.001,0.009,TRUE
1440,0.666666666666667,0.0251,0.1278,FALSE
1440,0.777777777777778,0.1074,0.3222,FALSE
1440,0.888888888888889,0.2164,0.3968,FALSE
1440,1,0.3968,0.3968,FALSE
1441,0,0.2627,0.3664,FALSE
1441,0.111111111111111,0.1821,0.3664,FALSE
1441,0.222222222222222,0.3664,0.3664,FALSE
1441,0.333333333333333,0.3102,0.3664,FALSE
1441,0.444444444444444,0.1097,0.3664,FALSE
1441,0.555555555555556,0.0503,0.3521,FALSE
1441,0.666666666666667,0.0412,0.292533333333333,FALSE
1441,0.777777777777778,0.0527,0.3619,FALSE
1441,0.888888888888889,0.0847,0.3664,FALSE
1441,1,0.2844,0.3664,FALSE
1442,0,0.4509,0.4509,FALSE
1442,0.111111111111111,0.1759,0.43185,FALSE
1442,0.222222222222222,0.0493,0.1972,FALSE
1442,0.333333333333333,0.0183,0.1068,FALSE
1442,0.444444444444444,0.0066,0.0488,TRUE
1442,0.555555555555556,0.004,0.032,TRUE
1442,0.666666666666667,0.0056,0.0448,TRUE
1442,0.777777777777778,0.0149,0.0894,FALSE
1442,0.888888888888889,0.0534,0.2136,FALSE
1442,1,0.2879,0.4509,FALSE
1443,0,0.4882,0.4882,FALSE
1443,0.111111111111111,0.2646,0.4882,FALSE
1443,0.222222222222222,0.0879,0.4395,FALSE
1443,0.333333333333333,0.0338,0.2051,FALSE
1443,0.444444444444444,0.0182,0.1352,FALSE
1443,0.555555555555556,0.0167,0.1336,FALSE
1443,0.666666666666667,0.0276,0.1932,FALSE
1443,0.777777777777778,0.0738,0.369,FALSE
1443,0.888888888888889,0.217,0.4882,FALSE
1443,1,0.4594,0.4882,FALSE
1444,0,0.3735,0.441,FALSE
1444,0.111111111111111,0.2494,0.441,FALSE
1444,0.222222222222222,0.3629,0.441,FALSE
1444,0.333333333333333,0.1694,0.441,FALSE
1444,0.444444444444444,0.0152,0.1368,FALSE
1444,0.555555555555556,0.008,0.076,FALSE
1444,0.666666666666667,0.0475,0.38,FALSE
1444,0.777777777777778,0.2039,0.441,FALSE
1444,0.888888888888889,0.3709,0.441,FALSE
1444,1,0.441,0.441,FALSE
1445,0,0.2853,0.4904,FALSE
1445,0.111111111111111,0.0948,0.3792,FALSE
1445,0.222222222222222,0.0456,0.3192,FALSE
1445,0.333333333333333,0.0263,0.2104,FALSE
1445,0.444444444444444,0.0278,0.2224,FALSE
1445,0.555555555555556,0.0611,0.34236,FALSE
1445,0.666666666666667,0.1811,0.42795,FALSE
1445,0.777777777777778,0.4904,0.4904,FALSE
1445,0.888888888888889,0.2102,0.42795,FALSE
1445,1,0.2584,0.4904,FALSE
1446,0,0.3824,0.4841,FALSE
1446,0.111111111111111,0.2947,0.4841,FALSE
1446,0.222222222222222,0.4841,0.4841,FALSE
1446,0.333333333333333,0.1312,0.4841,FALSE
1446,0.444444444444444,0.024,0.168,FALSE
1446,0.555555555555556,0.0072,0.0648,FALSE
1446,0.666666666666667,0.0099,0.0891,FALSE
1446,0.777777777777778,0.0412,0.2884,FALSE
1446,0.888888888888889,0.1267,0.4841,FALSE
1446,1,0.3382,0.4841,FALSE
1447,0,0.3201,0.4367,FALSE
1447,0.111111111111111,0.1424,0.4272,FALSE
1447,0.222222222222222,0.0895,0.400125,FALSE
1447,0.333333333333333,0.0585,0.3472,FALSE
1447,0.444444444444444,0.0479,0.3038,FALSE
1447,0.555555555555556,0.0582,0.3472,FALSE
1447,0.666666666666667,0.0959,0.400125,FALSE
1447,0.777777777777778,0.1736,0.4367,FALSE
1447,0.888888888888889,0.2995,0.4367,FALSE
1447,1,0.4367,0.4367,FALSE
1448,0,0.4596,0.4596,FALSE
1448,0.111111111111111,0.4162,0.4596,FALSE
1448,0.222222222222222,0.4058,0.4596,FALSE
1448,0.333333333333333,0.1278,0.4596,FALSE
1448,0.444444444444444,0.0298,0.2682,FALSE
1448,0.555555555555556,0.0296,0.2664,FALSE
1448,0.666666666666667,0.2491,0.4596,FALSE
1448,0.777777777777778,0.2518,0.4596,FALSE
1448,0.888888888888889,0.2024,0.4596,FALSE
1448,1,0.4026,0.4596,FALSE
1449,0,0.2256,0.2575,FALSE
1449,0.111111111111111,0.0847,0.2575,FALSE
1449,0.222222222222222,0.1243,0.2575,FALSE
1449,0.333333333333333,0.2047,0.2575,FALSE
1449,0.444444444444444,0.2575,0.2575,FALSE
1449,0.555555555555556,0.2259,0.2575,FALSE
1449,0.666666666666667,0.1311,0.2575,FALSE
1449,0.777777777777778,0.0709,0.2575,FALSE
1449,0.888888888888889,0.0542,0.2575,FALSE
1449,1,0.2081,0.2575,FALSE
1450,0,0.435,0.435,FALSE
1450,0.111111111111111,0.2949,0.435,FALSE
1450,0.222222222222222,0.2139,0.435,FALSE
1450,0.333333333333333,0.1533,0.435,FALSE
1450,0.444444444444444,0.1083,0.435,FALSE
1450,0.555555555555556,0.0877,0.435,FALSE
1450,0.666666666666667,0.0907,0.435,FALSE
1450,0.777777777777778,0.1205,0.435,FALSE
1450,0.888888888888889,0.1871,0.435,FALSE
1450,1,0.3707,0.435,FALSE
1451,0,0.2092,0.328,FALSE
1451,0.111111111111111,0.0391,0.1564,FALSE
1451,0.222222222222222,0.0145,0.0782,FALSE
1451,0.333333333333333,0.0035,0.0245,TRUE
1451,0.444444444444444,4e-04,0.0036,TRUE
1451,0.555555555555556,3e-04,0.0027,TRUE
1451,0.666666666666667,0.0041,0.0287,TRUE
1451,0.777777777777778,0.0337,0.1348,FALSE
1451,0.888888888888889,0.1073,0.3138,FALSE
1451,1,0.328,0.328,FALSE
1452,0,0.4871,0.4871,FALSE
1452,0.111111111111111,0.3695,0.4871,FALSE
1452,0.222222222222222,0.2346,0.4871,FALSE
1452,0.333333333333333,0.1372,0.4871,FALSE
1452,0.444444444444444,0.0988,0.4871,FALSE
1452,0.555555555555556,0.1109,0.4871,FALSE
1452,0.666666666666667,0.1699,0.4871,FALSE
1452,0.777777777777778,0.2816,0.4871,FALSE
1452,0.888888888888889,0.4305,0.4871,FALSE
1452,1,0.4742,0.4871,FALSE
1453,0,0.4051,0.4888,FALSE
1453,0.111111111111111,0.4759,0.4888,FALSE
1453,0.222222222222222,0.2254,0.4888,FALSE
1453,0.333333333333333,0.0711,0.4888,FALSE
1453,0.444444444444444,0.0263,0.2133,FALSE
1453,0.555555555555556,0.0258,0.2133,FALSE
1453,0.666666666666667,0.0668,0.4676,FALSE
1453,0.777777777777778,0.2115,0.4888,FALSE
1453,0.888888888888889,0.4888,0.4888,FALSE
1453,1,0.4233,0.4888,FALSE
1454,0,0.4863,0.4977,FALSE
1454,0.111111111111111,0.4977,0.4977,FALSE
1454,0.222222222222222,0.4649,0.4977,FALSE
1454,0.333333333333333,0.417,0.4977,FALSE
1454,0.444444444444444,0.3554,0.4977,FALSE
1454,0.555555555555556,0.2742,0.4977,FALSE
1454,0.666666666666667,0.2044,0.4977,FALSE
1454,0.777777777777778,0.1572,0.4977,FALSE
1454,0.888888888888889,0.1373,0.4977,FALSE
1454,1,0.2708,0.4977,FALSE
1455,0,0.3735,0.4694,FALSE
1455,0.111111111111111,0.1697,0.4694,FALSE
1455,0.222222222222222,0.0848,0.424,FALSE
1455,0.333333333333333,0.046,0.322,FALSE
1455,0.444444444444444,0.0439,0.3073,FALSE
1455,0.555555555555556,0.0635,0.381,FALSE
1455,0.666666666666667,0.1112,0.466875,FALSE
1455,0.777777777777778,0.1929,0.4694,FALSE
1455,0.888888888888889,0.3204,0.4694,FALSE
1455,1,0.4694,0.4694,FALSE
1456,0,0.4943,0.4943,FALSE
1456,0.111111111111111,0.4559,0.4943,FALSE
1456,0.222222222222222,0.2689,0.4943,FALSE
1456,0.333333333333333,0.065,0.455,FALSE
1456,0.444444444444444,0.0053,0.0477,TRUE
1456,0.555555555555556,0.0028,0.0265,TRUE
1456,0.666666666666667,0.0261,0.2088,FALSE
1456,0.777777777777778,0.1859,0.4943,FALSE
1456,0.888888888888889,0.4122,0.4943,FALSE
1456,1,0.478,0.4943,FALSE
1457,0,0.3051,0.3051,FALSE
1457,0.111111111111111,0.1082,0.30255,FALSE
1457,0.222222222222222,0.0502,0.2008,FALSE
1457,0.333333333333333,0.0255,0.1255,FALSE
1457,0.444444444444444,0.0165,0.099,FALSE
1457,0.555555555555556,0.0112,0.0784,FALSE
1457,0.666666666666667,0.0111,0.0777,FALSE
1457,0.777777777777778,0.0168,0.1004,FALSE
1457,0.888888888888889,0.0348,0.1392,FALSE
1457,1,0.2017,0.3051,FALSE
1458,0,0.4766,0.4766,FALSE
1458,0.111111111111111,0.3152,0.4766,FALSE
1458,0.222222222222222,0.1593,0.4766,FALSE
1458,0.333333333333333,0.0709,0.454766666666667,FALSE
1458,0.444444444444444,0.0353,0.2824,FALSE
1458,0.555555555555556,0.0346,0.2768,FALSE
1458,0.666666666666667,0.0772,0.4632,FALSE
1458,0.777777777777778,0.1949,0.4766,FALSE
1458,0.888888888888889,0.4613,0.4766,FALSE
1458,1,0.4146,0.4766,FALSE
1459,0,0.3816,0.456,FALSE
1459,0.111111111111111,0.3351,0.456,FALSE
1459,0.222222222222222,0.456,0.456,FALSE
1459,0.333333333333333,0.2076,0.456,FALSE
1459,0.444444444444444,0.107,0.456,FALSE
1459,0.555555555555556,0.1018,0.456,FALSE
1459,0.666666666666667,0.188,0.456,FALSE
1459,0.777777777777778,0.4469,0.456,FALSE
1459,0.888888888888889,0.3133,0.456,FALSE
1459,1,0.3599,0.456,FALSE
1460,0,0.3377,0.5054,FALSE
1460,0.111111111111111,0.3005,0.5054,FALSE
1460,0.222222222222222,0.5013,0.5054,FALSE
1460,0.333333333333333,0.26,0.5054,FALSE
1460,0.444444444444444,0.131,0.5054,FALSE
1460,0.555555555555556,0.0922,0.5054,FALSE
1460,0.666666666666667,0.1147,0.5054,FALSE
1460,0.777777777777778,0.2061,0.5054,FALSE
1460,0.888888888888889,0.3694,0.5054,FALSE
1460,1,0.5054,0.5054,FALSE
1461,0,0.4565,0.5066,FALSE
1461,0.111111111111111,0.4261,0.5066,FALSE
1461,0.222222222222222,0.5044,0.5066,FALSE
1461,0.333333333333333,0.4102,0.5066,FALSE
1461,0.444444444444444,0.3481,0.5066,FALSE
1461,0.555555555555556,0.3349,0.5066,FALSE
1461,0.666666666666667,0.3562,0.5066,FALSE
1461,0.777777777777778,0.4105,0.5066,FALSE
1461,0.888888888888889,0.4747,0.5066,FALSE
1461,1,0.5066,0.5066,FALSE
1462,0,0.1862,0.3869,FALSE
1462,0.111111111111111,0.0819,0.3869,FALSE
1462,0.222222222222222,0.2486,0.3869,FALSE
1462,0.333333333333333,0.318,0.3869,FALSE
1462,0.444444444444444,0.1297,0.3869,FALSE
1462,0.555555555555556,0.164,0.3869,FALSE
1462,0.666666666666667,0.312,0.3869,FALSE
1462,0.777777777777778,0.3869,0.3869,FALSE
1462,0.888888888888889,0.3246,0.3869,FALSE
1462,1,0.3763,0.3869,FALSE
1463,0,0.159611728209747,0.333983788652056,FALSE
1463,0.111111111111111,0.0202141499049335,0.101070749524667,FALSE
1463,0.222222222222222,0.00710497348143701,0.042629840888622,TRUE
1463,0.333333333333333,0.00220154107875513,0.017612328630041,TRUE
1463,0.444444444444444,0.00120084058841189,0.00990693485439808,TRUE
1463,0.555555555555556,0.00170119083358351,0.0136095266686681,TRUE
1463,0.666666666666667,0.00800560392274592,0.0480336235364755,TRUE
1463,0.777777777777778,0.0565395777043931,0.226158310817572,FALSE
1463,0.888888888888889,0.222655859101371,0.445311718202742,FALSE
1463,1,0.47373161212849,0.47373161212849,FALSE
1464,0,0.3155,0.343,FALSE
1464,0.111111111111111,0.1379,0.343,FALSE
1464,0.222222222222222,0.0872,0.3276,FALSE
1464,0.333333333333333,0.0552,0.273,FALSE
1464,0.444444444444444,0.045,0.2457,FALSE
1464,0.555555555555556,0.0507,0.2535,FALSE
1464,0.666666666666667,0.0687,0.2748,FALSE
1464,0.777777777777778,0.1045,0.3276,FALSE
1464,0.888888888888889,0.1638,0.343,FALSE
1464,1,0.343,0.343,FALSE
1465,0,0.2474,0.3556,FALSE
1465,0.111111111111111,0.0951,0.329866666666667,FALSE
1465,0.222222222222222,0.0717,0.30925,FALSE
1465,0.333333333333333,0.0526,0.28,FALSE
1465,0.444444444444444,0.0447,0.2682,FALSE
1465,0.555555555555556,0.0526,0.28,FALSE
1465,0.666666666666667,0.0862,0.329866666666667,FALSE
1465,0.777777777777778,0.14,0.3556,FALSE
1465,0.888888888888889,0.2015,0.3556,FALSE
1465,1,0.3556,0.3556,FALSE
1466,0,0.2863,0.2863,FALSE
1466,0.111111111111111,0.0652,0.1956,FALSE
1466,0.222222222222222,0.0182,0.091,FALSE
1466,0.333333333333333,0.0086,0.0516,FALSE
1466,0.444444444444444,0.0064,0.0424666666666667,TRUE
1466,0.555555555555556,0.0072,0.0432,TRUE
1466,0.666666666666667,0.0091,0.0546,FALSE
1466,0.777777777777778,0.0157,0.0785,FALSE
1466,0.888888888888889,0.0393,0.1304,FALSE
1466,1,0.2143,0.2863,FALSE
1467,0,0.4583,0.4628,FALSE
1467,0.111111111111111,0.4628,0.4628,FALSE
1467,0.222222222222222,0.2458,0.4628,FALSE
1467,0.333333333333333,0.041,0.328,FALSE
1467,0.444444444444444,0.0092,0.0828,FALSE
1467,0.555555555555556,0.0162,0.1458,FALSE
1467,0.666666666666667,0.106,0.4628,FALSE
1467,0.777777777777778,0.4118,0.4628,FALSE
1467,0.888888888888889,0.2005,0.4628,FALSE
1467,1,0.3508,0.4628,FALSE
1468,0,0.5115,0.5115,FALSE
1468,0.111111111111111,0.392,0.5115,FALSE
1468,0.222222222222222,0.4006,0.5115,FALSE
1468,0.333333333333333,0.1781,0.5115,FALSE
1468,0.444444444444444,0.0154,0.1386,FALSE
1468,0.555555555555556,0.0062,0.062,FALSE
1468,0.666666666666667,0.1005,0.5115,FALSE
1468,0.777777777777778,0.4914,0.5115,FALSE
1468,0.888888888888889,0.431,0.5115,FALSE
1468,1,0.4045,0.5115,FALSE
1469,0,0.4065,0.4065,FALSE
1469,0.111111111111111,0.2502,0.4065,FALSE
1469,0.222222222222222,0.1797,0.4065,FALSE
1469,0.333333333333333,0.1143,0.361333333333333,FALSE
1469,0.444444444444444,0.0751,0.33875,FALSE
1469,0.555555555555556,0.0609,0.3252,FALSE
1469,0.666666666666667,0.0621,0.3252,FALSE
1469,0.777777777777778,0.0754,0.33875,FALSE
1469,0.888888888888889,0.0995,0.361333333333333,FALSE
1469,1,0.271,0.4065,FALSE
1470,0,0.2051,0.5233,FALSE
1470,0.111111111111111,0.0672,0.4704,FALSE
1470,0.222222222222222,0.1509,0.5233,FALSE
1470,0.333333333333333,0.5233,0.5233,FALSE
1470,0.444444444444444,0.1272,0.5233,FALSE
1470,0.555555555555556,0.0536,0.4288,FALSE
1470,0.666666666666667,0.2261,0.5233,FALSE
1470,0.777777777777778,0.361,0.5233,FALSE
1470,0.888888888888889,0.3491,0.5233,FALSE
1470,1,0.4822,0.5233,FALSE
1471,0,0.3507,0.4307,FALSE
1471,0.111111111111111,0.1845,0.4307,FALSE
1471,0.222222222222222,0.1105,0.4307,FALSE
1471,0.333333333333333,0.0552,0.32475,FALSE
1471,0.444444444444444,0.0228,0.1824,FALSE
1471,0.555555555555556,0.0135,0.108,FALSE
1471,0.666666666666667,0.021,0.168,FALSE
1471,0.777777777777778,0.0766,0.360833333333333,FALSE
1471,0.888888888888889,0.2165,0.4307,FALSE
1471,1,0.4307,0.4307,FALSE
1472,0,0.4775,0.4775,FALSE
1472,0.111111111111111,0.2435,0.4775,FALSE
1472,0.222222222222222,0.0747,0.3894,FALSE
1472,0.333333333333333,0.0246,0.1722,FALSE
1472,0.444444444444444,0.0067,0.0603,FALSE
1472,0.555555555555556,0.008,0.072,FALSE
1472,0.666666666666667,0.0389,0.26145,FALSE
1472,0.777777777777778,0.1424,0.4775,FALSE
1472,0.888888888888889,0.2596,0.4775,FALSE
1472,1,0.411,0.4775,FALSE
1473,0,0.3021,0.3021,FALSE
1473,0.111111111111111,0.1222,0.2444,FALSE
1473,0.222222222222222,0.0545,0.191066666666667,FALSE
1473,0.333333333333333,0.0165,0.0825,FALSE
1473,0.444444444444444,0.005,0.035,TRUE
1473,0.555555555555556,0.0031,0.0248,TRUE
1473,0.666666666666667,0.0048,0.0336,TRUE
1473,0.777777777777778,0.0084,0.0495,TRUE
1473,0.888888888888889,0.0151,0.0755,FALSE
1473,1,0.1433,0.2866,FALSE
1474,0,0.2709,0.4875,FALSE
1474,0.111111111111111,0.2044,0.4875,FALSE
1474,0.222222222222222,0.4177,0.4875,FALSE
1474,0.333333333333333,0.0588,0.4116,FALSE
1474,0.444444444444444,0.0031,0.0279,TRUE
1474,0.555555555555556,0.0021,0.0189,TRUE
1474,0.666666666666667,0.0312,0.2352,FALSE
1474,0.777777777777778,0.2198,0.4875,FALSE
1474,0.888888888888889,0.4875,0.4875,FALSE
1474,1,0.4462,0.4875,FALSE
1475,0,0.3688,0.4743,FALSE
1475,0.111111111111111,0.1515,0.4743,FALSE
1475,0.222222222222222,0.0659,0.3295,FALSE
1475,0.333333333333333,0.041,0.246,FALSE
1475,0.444444444444444,0.0358,0.23065,FALSE
1475,0.555555555555556,0.0411,0.2466,FALSE
1475,0.666666666666667,0.0598,0.303,FALSE
1475,0.777777777777778,0.1154,0.4616,FALSE
1475,0.888888888888889,0.2752,0.4743,FALSE
1475,1,0.4743,0.4743,FALSE
1476,0,0.4654,0.4703,FALSE
1476,0.111111111111111,0.4121,0.4703,FALSE
1476,0.222222222222222,0.1989,0.4703,FALSE
1476,0.333333333333333,0.0655,0.393,FALSE
1476,0.444444444444444,0.0127,0.1016,FALSE
1476,0.555555555555556,0.0041,0.041,TRUE
1476,0.666666666666667,0.0099,0.0792,FALSE
1476,0.777777777777778,0.0876,0.4703,FALSE
1476,0.888888888888889,0.3387,0.4703,FALSE
1476,1,0.4703,0.4703,FALSE
1477,0,0.2436,0.4749,FALSE
1477,0.111111111111111,0.0502,0.251,FALSE
1477,0.222222222222222,0.0172,0.1032,FALSE
1477,0.333333333333333,0.0049,0.0392,TRUE
1477,0.444444444444444,0.0019,0.0171,TRUE
1477,0.555555555555556,0.0046,0.0368,TRUE
1477,0.666666666666667,0.0245,0.147,FALSE
1477,0.777777777777778,0.1245,0.4076,FALSE
1477,0.888888888888889,0.3057,0.4749,FALSE
1477,1,0.4749,0.4749,FALSE
1478,0,0.4542,0.4542,FALSE
1478,0.111111111111111,0.2688,0.4542,FALSE
1478,0.222222222222222,0.1003,0.4542,FALSE
1478,0.333333333333333,0.0304,0.2432,FALSE
1478,0.444444444444444,0.0161,0.1449,FALSE
1478,0.555555555555556,0.0373,0.2984,FALSE
1478,0.666666666666667,0.1467,0.4542,FALSE
1478,0.777777777777778,0.4273,0.4542,FALSE
1478,0.888888888888889,0.3685,0.4542,FALSE
1478,1,0.4125,0.4542,FALSE
1479,0,0.4343,0.4343,FALSE
1479,0.111111111111111,0.3155,0.4343,FALSE
1479,0.222222222222222,0.2431,0.4343,FALSE
1479,0.333333333333333,0.1841,0.4343,FALSE
1479,0.444444444444444,0.1397,0.4343,FALSE
1479,0.555555555555556,0.1178,0.4343,FALSE
1479,0.666666666666667,0.1238,0.4343,FALSE
1479,0.777777777777778,0.1699,0.4343,FALSE
1479,0.888888888888889,0.2623,0.4343,FALSE
1479,1,0.4265,0.4343,FALSE
1480,0,0.4875,0.4875,FALSE
1480,0.111111111111111,0.2388,0.4875,FALSE
1480,0.222222222222222,0.0665,0.3325,FALSE
1480,0.333333333333333,0.0067,0.0469,TRUE
1480,0.444444444444444,2e-04,0.0018,TRUE
1480,0.555555555555556,2e-04,0.0018,TRUE
1480,0.666666666666667,0.0058,0.0406,TRUE
1480,0.777777777777778,0.0791,0.3955,FALSE
1480,0.888888888888889,0.2209,0.4875,FALSE
1480,1,0.4231,0.4875,FALSE
1481,0,0.488197639527906,0.490898179635927,FALSE
1481,0.111111111111111,0.430086017203441,0.490898179635927,FALSE
1481,0.222222222222222,0.490898179635927,0.490898179635927,FALSE
1481,0.333333333333333,0.180136027205441,0.490898179635927,FALSE
1481,0.444444444444444,0.0317063412682536,0.253650730146029,FALSE
1481,0.555555555555556,0.00590118023604721,0.0590118023604721,FALSE
1481,0.666666666666667,0.0136027205441088,0.122424484896979,FALSE
1481,0.777777777777778,0.0998199639927986,0.490898179635927,FALSE
1481,0.888888888888889,0.440488097619524,0.490898179635927,FALSE
1481,1,0.376075215043009,0.490898179635927,FALSE
1482,0,0.2145,0.4861,FALSE
1482,0.111111111111111,0.1245,0.4861,FALSE
1482,0.222222222222222,0.3444,0.4861,FALSE
1482,0.333333333333333,0.2952,0.4861,FALSE
1482,0.444444444444444,0.1172,0.4861,FALSE
1482,0.555555555555556,0.0755,0.48216,FALSE
1482,0.666666666666667,0.0988,0.4861,FALSE
1482,0.777777777777778,0.2194,0.4861,FALSE
1482,0.888888888888889,0.4861,0.4861,FALSE
1482,1,0.4157,0.4861,FALSE
1483,0,0.4779,0.4937,FALSE
1483,0.111111111111111,0.4072,0.4937,FALSE
1483,0.222222222222222,0.3364,0.4937,FALSE
1483,0.333333333333333,0.2751,0.4937,FALSE
1483,0.444444444444444,0.2324,0.4937,FALSE
1483,0.555555555555556,0.2173,0.4937,FALSE
1483,0.666666666666667,0.2523,0.4937,FALSE
1483,0.777777777777778,0.3579,0.4937,FALSE
1483,0.888888888888889,0.4937,0.4937,FALSE
1483,1,0.4649,0.4937,FALSE
1484,0,0.4866,0.4866,FALSE
1484,0.111111111111111,0.393,0.4866,FALSE
1484,0.222222222222222,0.2753,0.4866,FALSE
1484,0.333333333333333,0.1794,0.4866,FALSE
1484,0.444444444444444,0.1274,0.4866,FALSE
1484,0.555555555555556,0.1099,0.4866,FALSE
1484,0.666666666666667,0.1126,0.4866,FALSE
1484,0.777777777777778,0.1243,0.4866,FALSE
1484,0.888888888888889,0.1412,0.4866,FALSE
1484,1,0.295,0.4866,FALSE
1485,0,0.4067,0.4067,FALSE
1485,0.111111111111111,0.2552,0.4067,FALSE
1485,0.222222222222222,0.1584,0.3828,FALSE
1485,0.333333333333333,0.091,0.340266666666667,FALSE
1485,0.444444444444444,0.06,0.3,FALSE
1485,0.555555555555556,0.0533,0.273,FALSE
1485,0.666666666666667,0.0587,0.2935,FALSE
1485,0.777777777777778,0.0674,0.319,FALSE
1485,0.888888888888889,0.0782,0.319,FALSE
1485,1,0.2217,0.4067,FALSE
1486,0,0.4696,0.4696,FALSE
1486,0.111111111111111,0.3885,0.4696,FALSE
1486,0.222222222222222,0.1533,0.4696,FALSE
1486,0.333333333333333,0.0452,0.3616,FALSE
1486,0.444444444444444,0.0246,0.2034,FALSE
1486,0.555555555555556,0.0408,0.3264,FALSE
1486,0.666666666666667,0.1341,0.4696,FALSE
1486,0.777777777777778,0.361,0.4696,FALSE
1486,0.888888888888889,0.3664,0.4696,FALSE
1486,1,0.3673,0.4696,FALSE
1487,0,0.3483,0.3483,FALSE
1487,0.111111111111111,0.1925,0.3483,FALSE
1487,0.222222222222222,0.1485,0.3483,FALSE
1487,0.333333333333333,0.1113,0.3483,FALSE
1487,0.444444444444444,0.0802,0.320833333333333,FALSE
1487,0.555555555555556,0.0659,0.320833333333333,FALSE
1487,0.666666666666667,0.0754,0.320833333333333,FALSE
1487,0.777777777777778,0.1001,0.3483,FALSE
1487,0.888888888888889,0.1249,0.3483,FALSE
1487,1,0.286,0.3483,FALSE
1488,0,0.3594,0.4385,FALSE
1488,0.111111111111111,0.2883,0.4385,FALSE
1488,0.222222222222222,0.4194,0.4385,FALSE
1488,0.333333333333333,0.1258,0.4385,FALSE
1488,0.444444444444444,0.0522,0.4385,FALSE
1488,0.555555555555556,0.0945,0.4385,FALSE
1488,0.666666666666667,0.4385,0.4385,FALSE
1488,0.777777777777778,0.1949,0.4385,FALSE
1488,0.888888888888889,0.1982,0.4385,FALSE
1488,1,0.3646,0.4385,FALSE
1489,0,0.2905,0.4398,FALSE
1489,0.111111111111111,0.2119,0.4398,FALSE
1489,0.222222222222222,0.4053,0.4398,FALSE
1489,0.333333333333333,0.3727,0.4398,FALSE
1489,0.444444444444444,0.3285,0.4398,FALSE
1489,0.555555555555556,0.4398,0.4398,FALSE
1489,0.666666666666667,0.354,0.4398,FALSE
1489,0.777777777777778,0.1785,0.4398,FALSE
1489,0.888888888888889,0.0956,0.4398,FALSE
1489,1,0.2326,0.4398,FALSE
1490,0,0.2691,0.2691,FALSE
1490,0.111111111111111,0.1187,0.2374,FALSE
1490,0.222222222222222,0.1028,0.2056,FALSE
1490,0.333333333333333,0.0074,0.0518,FALSE
1490,0.444444444444444,0,0,TRUE
1490,0.555555555555556,0,0,TRUE
1490,0.666666666666667,0.0037,0.0296,TRUE
1490,0.777777777777778,0.0297,0.148375,FALSE
1490,0.888888888888889,0.027,0.135,FALSE
1490,1,0.118,0.236,FALSE
1491,0,0.4554,0.4554,FALSE
1491,0.111111111111111,0.2865,0.4554,FALSE
1491,0.222222222222222,0.0493,0.2465,FALSE
1491,0.333333333333333,0.0073,0.0584,FALSE
1491,0.444444444444444,0.0039,0.03285,TRUE
1491,0.555555555555556,0.0065,0.052,FALSE
1491,0.666666666666667,0.0181,0.1267,FALSE
1491,0.777777777777778,0.0735,0.3675,FALSE
1491,0.888888888888889,0.2221,0.4554,FALSE
1491,1,0.4488,0.4554,FALSE
1492,0,0.4937,0.4937,FALSE
1492,0.111111111111111,0.376,0.4937,FALSE
1492,0.222222222222222,0.2233,0.4937,FALSE
1492,0.333333333333333,0.1317,0.4937,FALSE
1492,0.444444444444444,0.0867,0.4937,FALSE
1492,0.555555555555556,0.097,0.4937,FALSE
1492,0.666666666666667,0.1697,0.4937,FALSE
1492,0.777777777777778,0.3416,0.4937,FALSE
1492,0.888888888888889,0.4334,0.4937,FALSE
1492,1,0.3979,0.4937,FALSE
1493,0,0.2231,0.4816,FALSE
1493,0.111111111111111,0.0352,0.176,FALSE
1493,0.222222222222222,0.0076,0.0483,TRUE
1493,0.333333333333333,0.0019,0.0152,TRUE
1493,0.444444444444444,0.001,0.00855,TRUE
1493,0.555555555555556,0.0015,0.012,TRUE
1493,0.666666666666667,0.0138,0.0828,FALSE
1493,0.777777777777778,0.1137,0.4462,FALSE
1493,0.888888888888889,0.4816,0.4816,FALSE
1493,1,0.3675,0.4816,FALSE
1494,0,0.4711,0.4711,FALSE
1494,0.111111111111111,0.3924,0.4711,FALSE
1494,0.222222222222222,0.2265,0.4711,FALSE
1494,0.333333333333333,0.1314,0.4711,FALSE
1494,0.444444444444444,0.0859,0.4711,FALSE
1494,0.555555555555556,0.08,0.4711,FALSE
1494,0.666666666666667,0.1162,0.4711,FALSE
1494,0.777777777777778,0.2138,0.4711,FALSE
1494,0.888888888888889,0.3907,0.4711,FALSE
1494,1,0.4647,0.4711,FALSE
1495,0,0.4167,0.4629,FALSE
1495,0.111111111111111,0.4174,0.4629,FALSE
1495,0.222222222222222,0.1475,0.4629,FALSE
1495,0.333333333333333,0.0352,0.2464,FALSE
1495,0.444444444444444,0.0107,0.0856,FALSE
1495,0.555555555555556,0.0068,0.0612,FALSE
1495,0.666666666666667,0.0173,0.1384,FALSE
1495,0.777777777777778,0.0826,0.4425,FALSE
1495,0.888888888888889,0.3181,0.4629,FALSE
1495,1,0.4629,0.4629,FALSE
1496,0,0.2129,0.4461,FALSE
1496,0.111111111111111,0.0856,0.4461,FALSE
1496,0.222222222222222,0.1346,0.4461,FALSE
1496,0.333333333333333,0.2437,0.4461,FALSE
1496,0.444444444444444,0.4152,0.4461,FALSE
1496,0.555555555555556,0.4208,0.4461,FALSE
1496,0.666666666666667,0.3435,0.4461,FALSE
1496,0.777777777777778,0.3305,0.4461,FALSE
1496,0.888888888888889,0.357,0.4461,FALSE
1496,1,0.4461,0.4461,FALSE
1497,0,0.384292146073037,0.495247623811906,FALSE
1497,0.111111111111111,0.347673836918459,0.495247623811906,FALSE
1497,0.222222222222222,0.495247623811906,0.495247623811906,FALSE
1497,0.333333333333333,0.316058029014507,0.495247623811906,FALSE
1497,0.444444444444444,0.20200100050025,0.495247623811906,FALSE
1497,0.555555555555556,0.160180090045023,0.495247623811906,FALSE
1497,0.666666666666667,0.171285642821411,0.495247623811906,FALSE
1497,0.777777777777778,0.229714857428714,0.495247623811906,FALSE
1497,0.888888888888889,0.32496248124062,0.495247623811906,FALSE
1497,1,0.445722861430715,0.495247623811906,FALSE
1498,0,0.3102,0.4148,FALSE
1498,0.111111111111111,0.1324,0.4148,FALSE
1498,0.222222222222222,0.1131,0.4148,FALSE
1498,0.333333333333333,0.1379,0.4148,FALSE
1498,0.444444444444444,0.2252,0.4148,FALSE
1498,0.555555555555556,0.4148,0.4148,FALSE
1498,0.666666666666667,0.3198,0.4148,FALSE
1498,0.777777777777778,0.134,0.4148,FALSE
1498,0.888888888888889,0.0633,0.3798,FALSE
1498,1,0.1932,0.4148,FALSE
1499,0,0.4335,0.4335,FALSE
1499,0.111111111111111,0.2389,0.4335,FALSE
1499,0.222222222222222,0.1035,0.414,FALSE
1499,0.333333333333333,0.0396,0.266,FALSE
1499,0.444444444444444,0.0232,0.1856,FALSE
1499,0.555555555555556,0.028,0.2212,FALSE
1499,0.666666666666667,0.0553,0.3318,FALSE
1499,0.777777777777778,0.114,0.4335,FALSE
1499,0.888888888888889,0.2047,0.4335,FALSE
1499,1,0.3873,0.4335,FALSE
1500,0,0.3535,0.4912,FALSE
1500,0.111111111111111,0.3604,0.4912,FALSE
1500,0.222222222222222,0.3369,0.4912,FALSE
1500,0.333333333333333,0.1222,0.4888,FALSE
1500,0.444444444444444,0.0603,0.4221,FALSE
1500,0.555555555555556,0.0548,0.419314285714286,FALSE
1500,0.666666666666667,0.0791,0.44028,FALSE
1500,0.777777777777778,0.175,0.4912,FALSE
1500,0.888888888888889,0.3669,0.4912,FALSE
1500,1,0.4912,0.4912,FALSE
1501,0,0.2561,0.4777,FALSE
1501,0.111111111111111,0.0928,0.464,FALSE
1501,0.222222222222222,0.0391,0.255033333333333,FALSE
1501,0.333333333333333,0.0022,0.0176,TRUE
1501,0.444444444444444,3e-04,0.003,TRUE
1501,0.555555555555556,0.0025,0.02,TRUE
1501,0.666666666666667,0.1093,0.4777,FALSE
1501,0.777777777777778,0.4555,0.4777,FALSE
1501,0.888888888888889,0.3395,0.4777,FALSE
1501,1,0.4777,0.4777,FALSE
1502,0,0.3087,0.3368,FALSE
1502,0.111111111111111,0.0832,0.308,FALSE
1502,0.222222222222222,0.0251,0.1506,FALSE
1502,0.333333333333333,0.0103,0.0818666666666667,FALSE
1502,0.444444444444444,0.0066,0.05355,FALSE
1502,0.555555555555556,0.0119,0.0833,FALSE
1502,0.666666666666667,0.0307,0.1702,FALSE
1502,0.777777777777778,0.0851,0.308,FALSE
1502,0.888888888888889,0.154,0.3368,FALSE
1502,1,0.3368,0.3368,FALSE
1503,0,0.2771,0.4439,FALSE
1503,0.111111111111111,0.2683,0.4439,FALSE
1503,0.222222222222222,0.3134,0.4439,FALSE
1503,0.333333333333333,0.0296,0.2368,FALSE
1503,0.444444444444444,6e-04,0.006,TRUE
1503,0.555555555555556,0.0013,0.0117,TRUE
1503,0.666666666666667,0.0615,0.4305,FALSE
1503,0.777777777777778,0.4439,0.4439,FALSE
1503,0.888888888888889,0.3076,0.4439,FALSE
1503,1,0.4189,0.4439,FALSE
1504,0,0.2675,0.475,FALSE
1504,0.111111111111111,0.1141,0.475,FALSE
1504,0.222222222222222,0.1869,0.475,FALSE
1504,0.333333333333333,0.3362,0.475,FALSE
1504,0.444444444444444,0.0228,0.1824,FALSE
1504,0.555555555555556,0.0013,0.013,TRUE
1504,0.666666666666667,0.027,0.216,FALSE
1504,0.777777777777778,0.34,0.475,FALSE
1504,0.888888888888889,0.4416,0.475,FALSE
1504,1,0.475,0.475,FALSE
1505,0,0.4254,0.4802,FALSE
1505,0.111111111111111,0.4408,0.4802,FALSE
1505,0.222222222222222,0.3055,0.4802,FALSE
1505,0.333333333333333,0.0318,0.2226,FALSE
1505,0.444444444444444,7e-04,0.0063,TRUE
1505,0.555555555555556,0.001,0.009,TRUE
1505,0.666666666666667,0.0142,0.1136,FALSE
1505,0.777777777777778,0.1374,0.4802,FALSE
1505,0.888888888888889,0.4802,0.4802,FALSE
1505,1,0.3871,0.4802,FALSE
1506,0,0.3256,0.4804,FALSE
1506,0.111111111111111,0.2021,0.4804,FALSE
1506,0.222222222222222,0.3096,0.4804,FALSE
1506,0.333333333333333,0.3794,0.4804,FALSE
1506,0.444444444444444,0.1768,0.4804,FALSE
1506,0.555555555555556,0.1408,0.4804,FALSE
1506,0.666666666666667,0.2324,0.4804,FALSE
1506,0.777777777777778,0.4804,0.4804,FALSE
1506,0.888888888888889,0.1743,0.4804,FALSE
1506,1,0.2217,0.4804,FALSE
1507,0,0.3416,0.4926,FALSE
1507,0.111111111111111,0.0851,0.4926,FALSE
1507,0.222222222222222,0.1223,0.4926,FALSE
1507,0.333333333333333,0.3099,0.4926,FALSE
1507,0.444444444444444,0.0105,0.0945,FALSE
1507,0.555555555555556,0.0154,0.1386,FALSE
1507,0.666666666666667,0.1602,0.4926,FALSE
1507,0.777777777777778,0.4599,0.4926,FALSE
1507,0.888888888888889,0.4926,0.4926,FALSE
1507,1,0.4084,0.4926,FALSE
1508,0,0.3697,0.491,FALSE
1508,0.111111111111111,0.3379,0.491,FALSE
1508,0.222222222222222,0.4711,0.491,FALSE
1508,0.333333333333333,0.4044,0.491,FALSE
1508,0.444444444444444,0.3494,0.491,FALSE
1508,0.555555555555556,0.3784,0.491,FALSE
1508,0.666666666666667,0.491,0.491,FALSE
1508,0.777777777777778,0.3563,0.491,FALSE
1508,0.888888888888889,0.2358,0.491,FALSE
1508,1,0.3185,0.491,FALSE
1509,0,0.4806,0.4806,FALSE
1509,0.111111111111111,0.3713,0.4806,FALSE
1509,0.222222222222222,0.2279,0.4806,FALSE
1509,0.333333333333333,0.1352,0.4806,FALSE
1509,0.444444444444444,0.1007,0.4806,FALSE
1509,0.555555555555556,0.0978,0.4806,FALSE
1509,0.666666666666667,0.1272,0.4806,FALSE
1509,0.777777777777778,0.2159,0.4806,FALSE
1509,0.888888888888889,0.4049,0.4806,FALSE
1509,1,0.4792,0.4806,FALSE
1510,0,0.2997,0.401,FALSE
1510,0.111111111111111,0.065,0.26,FALSE
1510,0.222222222222222,0.0168,0.1008,FALSE
1510,0.333333333333333,0.0029,0.0203,TRUE
1510,0.444444444444444,8e-04,0.0072,TRUE
1510,0.555555555555556,8e-04,0.0072,TRUE
1510,0.666666666666667,0.0042,0.0294,TRUE
1510,0.777777777777778,0.0451,0.1804,FALSE
1510,0.888888888888889,0.1739,0.401,FALSE
1510,1,0.401,0.401,FALSE
1511,0,0.3329,0.4859,FALSE
1511,0.111111111111111,0.1682,0.4859,FALSE
1511,0.222222222222222,0.0957,0.4859,FALSE
1511,0.333333333333333,0.0281,0.2248,FALSE
1511,0.444444444444444,0.0063,0.0625,FALSE
1511,0.555555555555556,0.0125,0.1125,FALSE
1511,0.666666666666667,0.1434,0.4859,FALSE
1511,0.777777777777778,0.4859,0.4859,FALSE
1511,0.888888888888889,0.3895,0.4859,FALSE
1511,1,0.4387,0.4859,FALSE
1512,0,0.3845,0.3845,FALSE
1512,0.111111111111111,0.1508,0.3845,FALSE
1512,0.222222222222222,0.0307,0.1228,FALSE
1512,0.333333333333333,8e-04,0.0056,TRUE
1512,0.444444444444444,0,0,TRUE
1512,0.555555555555556,0,0,TRUE
1512,0.666666666666667,0,0,TRUE
1512,0.777777777777778,0.0063,0.0378,TRUE
1512,0.888888888888889,0.04,0.16,FALSE
1512,1,0.2692,0.3845,FALSE
1513,0,0.3101,0.4847,FALSE
1513,0.111111111111111,0.2789,0.4847,FALSE
1513,0.222222222222222,0.3941,0.4847,FALSE
1513,0.333333333333333,0.1111,0.4847,FALSE
1513,0.444444444444444,0.0522,0.316166666666667,FALSE
1513,0.555555555555556,0.1168,0.4847,FALSE
1513,0.666666666666667,0.4847,0.4847,FALSE
1513,0.777777777777778,0.1016,0.4847,FALSE
1513,0.888888888888889,0.0221,0.221,FALSE
1513,1,0.1355,0.4847,FALSE
1514,0,0.2777,0.2848,FALSE
1514,0.111111111111111,0.1702,0.2848,FALSE
1514,0.222222222222222,0.1492,0.2848,FALSE
1514,0.333333333333333,0.0412,0.2472,FALSE
1514,0.444444444444444,0.0091,0.0819,FALSE
1514,0.555555555555556,0.0134,0.1206,FALSE
1514,0.666666666666667,0.0659,0.2848,FALSE
1514,0.777777777777778,0.1764,0.2848,FALSE
1514,0.888888888888889,0.1622,0.2848,FALSE
1514,1,0.2848,0.2848,FALSE
1515,0,0.2153,0.3497,FALSE
1515,0.111111111111111,0.1173,0.32295,FALSE
1515,0.222222222222222,0.2144,0.3497,FALSE
1515,0.333333333333333,0.1491,0.32295,FALSE
1515,0.444444444444444,0.0344,0.2408,FALSE
1515,0.555555555555556,0.0747,0.287066666666667,FALSE
1515,0.666666666666667,0.3497,0.3497,FALSE
1515,0.777777777777778,0.0284,0.2272,FALSE
1515,0.888888888888889,0.0076,0.076,FALSE
1515,1,0.0923,0.287066666666667,FALSE
1516,0,0.2669,0.4265,FALSE
1516,0.111111111111111,0.1182,0.357866666666667,FALSE
1516,0.222222222222222,0.0599,0.2995,FALSE
1516,0.333333333333333,0.0095,0.0665,FALSE
1516,0.444444444444444,4e-04,0.0036,TRUE
1516,0.555555555555556,5e-04,0.0045,TRUE
1516,0.666666666666667,0.0153,0.1071,FALSE
1516,0.777777777777778,0.1266,0.3798,FALSE
1516,0.888888888888889,0.2684,0.4265,FALSE
1516,1,0.4265,0.4265,FALSE
1517,0,0.129,0.387,FALSE
1517,0.111111111111111,0.0123,0.1107,FALSE
1517,0.222222222222222,0.0216,0.1944,FALSE
1517,0.333333333333333,0.1652,0.4017,FALSE
1517,0.444444444444444,0.2224,0.4448,FALSE
1517,0.555555555555556,0.1602,0.4017,FALSE
1517,0.666666666666667,0.4569,0.4569,FALSE
1517,0.777777777777778,0.161,0.4017,FALSE
1517,0.888888888888889,0.097,0.357066666666667,FALSE
1517,1,0.2678,0.4569,FALSE
1518,0,0.3613,0.4603,FALSE
1518,0.111111111111111,0.1158,0.4603,FALSE
1518,0.222222222222222,0.14,0.4603,FALSE
1518,0.333333333333333,0.4093,0.4603,FALSE
1518,0.444444444444444,0.1064,0.4603,FALSE
1518,0.555555555555556,0.0745,0.4603,FALSE
1518,0.666666666666667,0.1201,0.4603,FALSE
1518,0.777777777777778,0.2728,0.4603,FALSE
1518,0.888888888888889,0.4219,0.4603,FALSE
1518,1,0.4603,0.4603,FALSE
1519,0,0.4048,0.4048,FALSE
1519,0.111111111111111,0.1681,0.4048,FALSE
1519,0.222222222222222,0.0338,0.169,FALSE
1519,0.333333333333333,0.0051,0.0357,TRUE
1519,0.444444444444444,0.0016,0.0144,TRUE
1519,0.555555555555556,0.0015,0.0135,TRUE
1519,0.666666666666667,0.0039,0.0273,TRUE
1519,0.777777777777778,0.0257,0.1285,FALSE
1519,0.888888888888889,0.136,0.4048,FALSE
1519,1,0.3779,0.4048,FALSE
1520,0,0.1725,0.4317,FALSE
1520,0.111111111111111,0.0874,0.4317,FALSE
1520,0.222222222222222,0.3708,0.4317,FALSE
1520,0.333333333333333,0.1119,0.4317,FALSE
1520,0.444444444444444,0.0167,0.1503,FALSE
1520,0.555555555555556,0.0175,0.1575,FALSE
1520,0.666666666666667,0.0916,0.4317,FALSE
1520,0.777777777777778,0.4317,0.4317,FALSE
1520,0.888888888888889,0.1899,0.4317,FALSE
1520,1,0.2598,0.4317,FALSE
1521,0,0.2458,0.482,FALSE
1521,0.111111111111111,0.2078,0.482,FALSE
1521,0.222222222222222,0.3764,0.482,FALSE
1521,0.333333333333333,0.1196,0.4784,FALSE
1521,0.444444444444444,0.0537,0.39328,FALSE
1521,0.555555555555556,0.0503,0.39328,FALSE
1521,0.666666666666667,0.0853,0.45168,FALSE
1521,0.777777777777778,0.1717,0.482,FALSE
1521,0.888888888888889,0.3196,0.482,FALSE
1521,1,0.482,0.482,FALSE
1522,0,0.3712,0.4483,FALSE
1522,0.111111111111111,0.3454,0.4483,FALSE
1522,0.222222222222222,0.196,0.4483,FALSE
1522,0.333333333333333,0.0189,0.1323,FALSE
1522,0.444444444444444,0.0022,0.0198,TRUE
1522,0.555555555555556,0.0022,0.0198,TRUE
1522,0.666666666666667,0.0302,0.2114,FALSE
1522,0.777777777777778,0.2239,0.4483,FALSE
1522,0.888888888888889,0.3934,0.4483,FALSE
1522,1,0.4483,0.4483,FALSE
1523,0,0.2815,0.4719,FALSE
1523,0.111111111111111,0.08,0.4,FALSE
1523,0.222222222222222,0.036,0.216,FALSE
1523,0.333333333333333,0.0148,0.110133333333333,FALSE
1523,0.444444444444444,0.0074,0.0666,FALSE
1523,0.555555555555556,0.0101,0.0808,FALSE
1523,0.666666666666667,0.0413,0.24,FALSE
1523,0.777777777777778,0.1946,0.4719,FALSE
1523,0.888888888888889,0.4719,0.4719,FALSE
1523,1,0.3629,0.4719,FALSE
1524,0,0.2903,0.497,FALSE
1524,0.111111111111111,0.4033,0.497,FALSE
1524,0.222222222222222,0.1081,0.497,FALSE
1524,0.333333333333333,0.0102,0.0714,FALSE
1524,0.444444444444444,5e-04,0.0045,TRUE
1524,0.555555555555556,5e-04,0.0045,TRUE
1524,0.666666666666667,0.0111,0.0777,FALSE
1524,0.777777777777778,0.1088,0.497,FALSE
1524,0.888888888888889,0.497,0.497,FALSE
1524,1,0.3556,0.497,FALSE
1525,0,0.5003,0.5003,FALSE
1525,0.111111111111111,0.4422,0.5003,FALSE
1525,0.222222222222222,0.3101,0.5003,FALSE
1525,0.333333333333333,0.096,0.4926,FALSE
1525,0.444444444444444,0.0123,0.1071,FALSE
1525,0.555555555555556,0.0046,0.046,TRUE
1525,0.666666666666667,0.0238,0.1904,FALSE
1525,0.777777777777778,0.1532,0.5003,FALSE
1525,0.888888888888889,0.2255,0.5003,FALSE
1525,1,0.3284,0.5003,FALSE
1526,0,0.4968,0.4968,FALSE
1526,0.111111111111111,0.2243,0.4776,FALSE
1526,0.222222222222222,0.0486,0.1944,FALSE
1526,0.333333333333333,0.0069,0.0414,TRUE
1526,0.444444444444444,5e-04,0.004,TRUE
1526,0.555555555555556,2e-04,0.002,TRUE
1526,0.666666666666667,6e-04,0.0048,TRUE
1526,0.777777777777778,0.0077,0.0462,TRUE
1526,0.888888888888889,0.0598,0.2392,FALSE
1526,1,0.3184,0.4968,FALSE
1527,0,0.3759,0.4734,FALSE
1527,0.111111111111111,0.3088,0.4734,FALSE
1527,0.222222222222222,0.406,0.4734,FALSE
1527,0.333333333333333,0.4734,0.4734,FALSE
1527,0.444444444444444,0.4145,0.4734,FALSE
1527,0.555555555555556,0.4536,0.4734,FALSE
1527,0.666666666666667,0.4355,0.4734,FALSE
1527,0.777777777777778,0.3211,0.4734,FALSE
1527,0.888888888888889,0.2468,0.4734,FALSE
1527,1,0.3448,0.4734,FALSE
1528,0,0.4842,0.4842,FALSE
1528,0.111111111111111,0.2888,0.4842,FALSE
1528,0.222222222222222,0.0967,0.481333333333333,FALSE
1528,0.333333333333333,0.0292,0.2044,FALSE
1528,0.444444444444444,0.018,0.144,FALSE
1528,0.555555555555556,0.0241,0.1776,FALSE
1528,0.666666666666667,0.0444,0.2664,FALSE
1528,0.777777777777778,0.1025,0.481333333333333,FALSE
1528,0.888888888888889,0.2452,0.4842,FALSE
1528,1,0.4635,0.4842,FALSE
1529,0,0.2991,0.4807,FALSE
1529,0.111111111111111,0.1483,0.4807,FALSE
1529,0.222222222222222,0.1233,0.4807,FALSE
1529,0.333333333333333,0.0409,0.2863,FALSE
1529,0.444444444444444,0.0017,0.0153,TRUE
1529,0.555555555555556,4e-04,0.004,TRUE
1529,0.666666666666667,0.0306,0.2142,FALSE
1529,0.777777777777778,0.2599,0.4807,FALSE
1529,0.888888888888889,0.4572,0.4807,FALSE
1529,1,0.4807,0.4807,FALSE
1530,0,0.2554,0.3508,FALSE
1530,0.111111111111111,0.1414,0.3508,FALSE
1530,0.222222222222222,0.1161,0.3508,FALSE
1530,0.333333333333333,0.0151,0.1057,FALSE
1530,0.444444444444444,0.0015,0.0135,TRUE
1530,0.555555555555556,0.0015,0.0135,TRUE
1530,0.666666666666667,0.0082,0.0604,FALSE
1530,0.777777777777778,0.1363,0.3508,FALSE
1530,0.888888888888889,0.2783,0.3508,FALSE
1530,1,0.3508,0.3508,FALSE
1531,0,0.3232,0.4898,FALSE
1531,0.111111111111111,0.3492,0.4898,FALSE
1531,0.222222222222222,0.2453,0.4898,FALSE
1531,0.333333333333333,0.063,0.441,FALSE
1531,0.444444444444444,0.0245,0.196,FALSE
1531,0.555555555555556,0.0173,0.1557,FALSE
1531,0.666666666666667,0.0513,0.3591,FALSE
1531,0.777777777777778,0.2158,0.4898,FALSE
1531,0.888888888888889,0.4351,0.4898,FALSE
1531,1,0.4898,0.4898,FALSE
1532,0,0.2255,0.2384,FALSE
1532,0.111111111111111,0.0455,0.1365,FALSE
1532,0.222222222222222,0.0132,0.066,FALSE
1532,0.333333333333333,0.0034,0.0238,TRUE
1532,0.444444444444444,4e-04,0.0032,TRUE
1532,0.555555555555556,3e-04,0.0027,TRUE
1532,0.666666666666667,6e-04,0.0048,TRUE
1532,0.777777777777778,0.007,0.0396,TRUE
1532,0.888888888888889,0.031,0.093,FALSE
1532,1,0.2384,0.2384,FALSE
1533,0,0.3917,0.459,FALSE
1533,0.111111111111111,0.1131,0.4524,FALSE
1533,0.222222222222222,0.0214,0.1284,FALSE
1533,0.333333333333333,0.0023,0.0184,TRUE
1533,0.444444444444444,0.001,0.009,TRUE
1533,0.555555555555556,0.0025,0.02,TRUE
1533,0.666666666666667,0.0232,0.1392,FALSE
1533,0.777777777777778,0.1065,0.426,FALSE
1533,0.888888888888889,0.313,0.459,FALSE
1533,1,0.459,0.459,FALSE
1534,0,0.315,0.315,FALSE
1534,0.111111111111111,0.1232,0.2871,FALSE
1534,0.222222222222222,0.0656,0.2464,FALSE
1534,0.333333333333333,0.0288,0.144,FALSE
1534,0.444444444444444,0.0122,0.0732,FALSE
1534,0.555555555555556,0.0056,0.0448,TRUE
1534,0.666666666666667,0.0049,0.0392,TRUE
1534,0.777777777777778,0.0075,0.0525,FALSE
1534,0.888888888888889,0.0223,0.1115,FALSE
1534,1,0.1914,0.315,FALSE
1535,0,0.3928,0.4162,FALSE
1535,0.111111111111111,0.184,0.4162,FALSE
1535,0.222222222222222,0.0925,0.403333333333333,FALSE
1535,0.333333333333333,0.0531,0.3186,FALSE
1535,0.444444444444444,0.0407,0.2849,FALSE
1535,0.555555555555556,0.0442,0.301466666666667,FALSE
1535,0.666666666666667,0.07,0.363,FALSE
1535,0.777777777777778,0.1292,0.4162,FALSE
1535,0.888888888888889,0.242,0.4162,FALSE
1535,1,0.4162,0.4162,FALSE
1536,0,0.3514,0.4875,FALSE
1536,0.111111111111111,0.3403,0.4875,FALSE
1536,0.222222222222222,0.4013,0.4875,FALSE
1536,0.333333333333333,0.1555,0.4875,FALSE
1536,0.444444444444444,0.0544,0.414666666666667,FALSE
1536,0.555555555555556,0.0363,0.2904,FALSE
1536,0.666666666666667,0.0554,0.414666666666667,FALSE
1536,0.777777777777778,0.1149,0.4875,FALSE
1536,0.888888888888889,0.2783,0.4875,FALSE
1536,1,0.4875,0.4875,FALSE
1537,0,0.3963,0.3963,FALSE
1537,0.111111111111111,0.2604,0.3963,FALSE
1537,0.222222222222222,0.1827,0.3906,FALSE
1537,0.333333333333333,0.0682,0.3255,FALSE
1537,0.444444444444444,0.0142,0.0994,FALSE
1537,0.555555555555556,0.0032,0.0288,TRUE
1537,0.666666666666667,0.0029,0.0261,TRUE
1537,0.777777777777778,0.0069,0.0552,FALSE
1537,0.888888888888889,0.0316,0.1896,FALSE
1537,1,0.2277,0.3963,FALSE
1538,0,0.1921,0.3687,FALSE
1538,0.111111111111111,0.0234,0.0936,FALSE
1538,0.222222222222222,0.0031,0.0186,TRUE
1538,0.333333333333333,6e-04,0.0048,TRUE
1538,0.444444444444444,2e-04,0.0018,TRUE
1538,0.555555555555556,2e-04,0.0018,TRUE
1538,0.666666666666667,0.0017,0.01085,TRUE
1538,0.777777777777778,0.0188,0.0752,FALSE
1538,0.888888888888889,0.1043,0.28815,FALSE
1538,1,0.3687,0.3687,FALSE
1539,0,0.4636,0.4636,FALSE
1539,0.111111111111111,0.3652,0.4636,FALSE
1539,0.222222222222222,0.2363,0.4636,FALSE
1539,0.333333333333333,0.1331,0.4636,FALSE
1539,0.444444444444444,0.0877,0.4636,FALSE
1539,0.555555555555556,0.0931,0.4636,FALSE
1539,0.666666666666667,0.1668,0.4636,FALSE
1539,0.777777777777778,0.3534,0.4636,FALSE
1539,0.888888888888889,0.4029,0.4636,FALSE
1539,1,0.3984,0.4636,FALSE
1540,0,0.5108,0.5108,FALSE
1540,0.111111111111111,0.4079,0.5108,FALSE
1540,0.222222222222222,0.2543,0.5108,FALSE
1540,0.333333333333333,0.1298,0.5086,FALSE
1540,0.444444444444444,0.0503,0.3018,FALSE
1540,0.555555555555556,0.0261,0.17605,FALSE
1540,0.666666666666667,0.0218,0.1526,FALSE
1540,0.777777777777778,0.0242,0.1694,FALSE
1540,0.888888888888889,0.0299,0.1794,FALSE
1540,1,0.1705,0.5108,FALSE
1541,0,0.4472,0.4472,FALSE
1541,0.111111111111111,0.425,0.4472,FALSE
1541,0.222222222222222,0.4029,0.4472,FALSE
1541,0.333333333333333,0.0952,0.4472,FALSE
1541,0.444444444444444,0.0152,0.1368,FALSE
1541,0.555555555555556,0.0229,0.2061,FALSE
1541,0.666666666666667,0.1338,0.4472,FALSE
1541,0.777777777777778,0.4364,0.4472,FALSE
1541,0.888888888888889,0.446,0.4472,FALSE
1541,1,0.3917,0.4472,FALSE
1542,0,0.3189,0.38,FALSE
1542,0.111111111111111,0.0813,0.2439,FALSE
1542,0.222222222222222,0.0196,0.098,FALSE
1542,0.333333333333333,0.0044,0.0308,TRUE
1542,0.444444444444444,0.001,0.009,TRUE
1542,0.555555555555556,6e-04,0.0054,TRUE
1542,0.666666666666667,0.0026,0.0182,TRUE
1542,0.777777777777778,0.0212,0.106,FALSE
1542,0.888888888888889,0.1111,0.3333,FALSE
1542,1,0.38,0.38,FALSE
1543,0,0.3393,0.369,FALSE
1543,0.111111111111111,0.1946,0.369,FALSE
1543,0.222222222222222,0.369,0.369,FALSE
1543,0.333333333333333,0.1797,0.369,FALSE
1543,0.444444444444444,0.0249,0.2241,FALSE
1543,0.555555555555556,0.017,0.153,FALSE
1543,0.666666666666667,0.2037,0.369,FALSE
1543,0.777777777777778,0.2124,0.369,FALSE
1543,0.888888888888889,0.0605,0.3186,FALSE
1543,1,0.1769,0.369,FALSE
1544,0,0.3275,0.4563,FALSE
1544,0.111111111111111,0.2563,0.4563,FALSE
1544,0.222222222222222,0.4563,0.4563,FALSE
1544,0.333333333333333,0.2643,0.4563,FALSE
1544,0.444444444444444,0.1115,0.4563,FALSE
1544,0.555555555555556,0.0618,0.448571428571429,FALSE
1544,0.666666666666667,0.0831,0.4563,FALSE
1544,0.777777777777778,0.2548,0.4563,FALSE
1544,0.888888888888889,0.3925,0.4563,FALSE
1544,1,0.3685,0.4563,FALSE
1545,0,0.2668,0.477,FALSE
1545,0.111111111111111,0.2038,0.477,FALSE
1545,0.222222222222222,0.3801,0.477,FALSE
1545,0.333333333333333,0.0459,0.3213,FALSE
1545,0.444444444444444,0.0028,0.0252,TRUE
1545,0.555555555555556,0.0017,0.0153,TRUE
1545,0.666666666666667,0.0231,0.1836,FALSE
1545,0.777777777777778,0.1683,0.477,FALSE
1545,0.888888888888889,0.4067,0.477,FALSE
1545,1,0.477,0.477,FALSE
1546,0,0.49,0.49,FALSE
1546,0.111111111111111,0.4033,0.49,FALSE
1546,0.222222222222222,0.1743,0.49,FALSE
1546,0.333333333333333,0.0175,0.14,FALSE
1546,0.444444444444444,6e-04,0.006,TRUE
1546,0.555555555555556,0.0025,0.0225,TRUE
1546,0.666666666666667,0.061,0.427,FALSE
1546,0.777777777777778,0.2628,0.49,FALSE
1546,0.888888888888889,0.3462,0.49,FALSE
1546,1,0.398,0.49,FALSE
1547,0,0.4967,0.4967,FALSE
1547,0.111111111111111,0.2996,0.4967,FALSE
1547,0.222222222222222,0.0692,0.346,FALSE
1547,0.333333333333333,0.0023,0.0184,TRUE
1547,0.444444444444444,3e-04,0.0027,TRUE
1547,0.555555555555556,3e-04,0.0027,TRUE
1547,0.666666666666667,0.0072,0.0504,FALSE
1547,0.777777777777778,0.0799,0.3995,FALSE
1547,0.888888888888889,0.1902,0.4967,FALSE
1547,1,0.3725,0.4967,FALSE
1548,0,0.3918,0.3938,FALSE
1548,0.111111111111111,0.2178,0.3938,FALSE
1548,0.222222222222222,0.1429,0.3938,FALSE
1548,0.333333333333333,0.1095,0.3938,FALSE
1548,0.444444444444444,0.1145,0.3938,FALSE
1548,0.555555555555556,0.1637,0.3938,FALSE
1548,0.666666666666667,0.3073,0.3938,FALSE
1548,0.777777777777778,0.3938,0.3938,FALSE
1548,0.888888888888889,0.1965,0.3938,FALSE
1548,1,0.2788,0.3938,FALSE
1549,0,0.4674,0.4674,FALSE
1549,0.111111111111111,0.3115,0.4674,FALSE
1549,0.222222222222222,0.1074,0.4296,FALSE
1549,0.333333333333333,0.0216,0.1296,FALSE
1549,0.444444444444444,0.0025,0.02,TRUE
1549,0.555555555555556,0.0014,0.0126,TRUE
1549,0.666666666666667,0.0038,0.0304,TRUE
1549,0.777777777777778,0.0227,0.1362,FALSE
1549,0.888888888888889,0.1007,0.4028,FALSE
1549,1,0.3326,0.4674,FALSE
1550,0,0.2673,0.4422,FALSE
1550,0.111111111111111,0.3008,0.4422,FALSE
1550,0.222222222222222,0.1821,0.4422,FALSE
1550,0.333333333333333,0.012,0.084,FALSE
1550,0.444444444444444,0.001,0.008,TRUE
1550,0.555555555555556,4e-04,0.00366666666666667,TRUE
1550,0.666666666666667,0.0011,0.0088,TRUE
1550,0.777777777777778,0.0272,0.1632,FALSE
1550,0.888888888888889,0.2862,0.4422,FALSE
1550,1,0.4422,0.4422,FALSE
1551,0,0.1773,0.432,FALSE
1551,0.111111111111111,0.1641,0.432,FALSE
1551,0.222222222222222,0.2402,0.432,FALSE
1551,0.333333333333333,0.029,0.203,FALSE
1551,0.444444444444444,0.0033,0.0297,TRUE
1551,0.555555555555556,0.0015,0.015,TRUE
1551,0.666666666666667,0.0088,0.0704,FALSE
1551,0.777777777777778,0.0947,0.400333333333333,FALSE
1551,0.888888888888889,0.432,0.432,FALSE
1551,1,0.4262,0.432,FALSE
1552,0,0.3886,0.4209,FALSE
1552,0.111111111111111,0.4209,0.4209,FALSE
1552,0.222222222222222,0.306,0.4209,FALSE
1552,0.333333333333333,0.153,0.4209,FALSE
1552,0.444444444444444,0.1086,0.4209,FALSE
1552,0.555555555555556,0.1337,0.4209,FALSE
1552,0.666666666666667,0.2049,0.4209,FALSE
1552,0.777777777777778,0.372,0.4209,FALSE
1552,0.888888888888889,0.3725,0.4209,FALSE
1552,1,0.3587,0.4209,FALSE
1553,0,0.4465,0.4465,FALSE
1553,0.111111111111111,0.2193,0.4465,FALSE
1553,0.222222222222222,0.0641,0.3846,FALSE
1553,0.333333333333333,0.0129,0.1032,FALSE
1553,0.444444444444444,0.0041,0.041,TRUE
1553,0.555555555555556,0.0087,0.0696,FALSE
1553,0.666666666666667,0.0781,0.4465,FALSE
1553,0.777777777777778,0.3552,0.4465,FALSE
1553,0.888888888888889,0.396,0.4465,FALSE
1553,1,0.4462,0.4465,FALSE
1554,0,0.377,0.3887,FALSE
1554,0.111111111111111,0.2264,0.3887,FALSE
1554,0.222222222222222,0.0957,0.3828,FALSE
1554,0.333333333333333,0.0073,0.0511,FALSE
1554,0.444444444444444,9e-04,0.0081,TRUE
1554,0.555555555555556,0.0012,0.0108,TRUE
1554,0.666666666666667,0.0126,0.0882,FALSE
1554,0.777777777777778,0.0969,0.3876,FALSE
1554,0.888888888888889,0.2077,0.3887,FALSE
1554,1,0.3887,0.3887,FALSE
1555,0,0.4885,0.4885,FALSE
1555,0.111111111111111,0.2851,0.4885,FALSE
1555,0.222222222222222,0.129,0.4885,FALSE
1555,0.333333333333333,0.0498,0.3486,FALSE
1555,0.444444444444444,0.024,0.2016,FALSE
1555,0.555555555555556,0.0251,0.2016,FALSE
1555,0.666666666666667,0.0672,0.4515,FALSE
1555,0.777777777777778,0.2307,0.4885,FALSE
1555,0.888888888888889,0.4305,0.4885,FALSE
1555,1,0.3515,0.4885,FALSE
1556,0,0.3933,0.4806,FALSE
1556,0.111111111111111,0.4806,0.4806,FALSE
1556,0.222222222222222,0.1198,0.4806,FALSE
1556,0.333333333333333,0.0134,0.0938,FALSE
1556,0.444444444444444,0.0014,0.0126,TRUE
1556,0.555555555555556,0.0012,0.0108,TRUE
1556,0.666666666666667,0.0073,0.0536,FALSE
1556,0.777777777777778,0.0717,0.3594,FALSE
1556,0.888888888888889,0.3904,0.4806,FALSE
1556,1,0.4103,0.4806,FALSE
1557,0,0.4145,0.4756,FALSE
1557,0.111111111111111,0.3694,0.4756,FALSE
1557,0.222222222222222,0.4014,0.4756,FALSE
1557,0.333333333333333,0.4535,0.4756,FALSE
1557,0.444444444444444,0.4756,0.4756,FALSE
1557,0.555555555555556,0.4018,0.4756,FALSE
1557,0.666666666666667,0.3617,0.4756,FALSE
1557,0.777777777777778,0.3393,0.4756,FALSE
1557,0.888888888888889,0.3277,0.4756,FALSE
1557,1,0.4156,0.4756,FALSE
1558,0,0.3008,0.4741,FALSE
1558,0.111111111111111,0.2913,0.4741,FALSE
1558,0.222222222222222,0.2852,0.4741,FALSE
1558,0.333333333333333,0.0681,0.43372,FALSE
1558,0.444444444444444,0.0278,0.2502,FALSE
1558,0.555555555555556,0.0496,0.3968,FALSE
1558,0.666666666666667,0.1722,0.4741,FALSE
1558,0.777777777777778,0.4741,0.4741,FALSE
1558,0.888888888888889,0.3098,0.4741,FALSE
1558,1,0.3773,0.4741,FALSE
1559,0,0.4957,0.4957,FALSE
1559,0.111111111111111,0.4288,0.4957,FALSE
1559,0.222222222222222,0.3478,0.4957,FALSE
1559,0.333333333333333,0.0913,0.4957,FALSE
1559,0.444444444444444,0.0174,0.1566,FALSE
1559,0.555555555555556,0.0227,0.2043,FALSE
1559,0.666666666666667,0.1183,0.4957,FALSE
1559,0.777777777777778,0.4666,0.4957,FALSE
1559,0.888888888888889,0.2797,0.4957,FALSE
1559,1,0.4293,0.4957,FALSE
1560,0,0.1623,0.34725,FALSE
1560,0.111111111111111,0.0103,0.0515,FALSE
1560,0.222222222222222,0.0033,0.0198,TRUE
1560,0.333333333333333,0.0011,0.0088,TRUE
1560,0.444444444444444,1e-04,0.001,TRUE
1560,0.555555555555556,2e-04,0.0018,TRUE
1560,0.666666666666667,0.0026,0.0156,TRUE
1560,0.777777777777778,0.0266,0.1064,FALSE
1560,0.888888888888889,0.2315,0.4591,FALSE
1560,1,0.4591,0.4591,FALSE
1561,0,0.2329,0.4662,FALSE
1561,0.111111111111111,0.0666,0.31425,FALSE
1561,0.222222222222222,0.0252,0.15505,FALSE
1561,0.333333333333333,0.006,0.05175,FALSE
1561,0.444444444444444,0.0044,0.0396,TRUE
1561,0.555555555555556,0.0115,0.092,FALSE
1561,0.666666666666667,0.0443,0.2215,FALSE
1561,0.777777777777778,0.1257,0.4144,FALSE
1561,0.888888888888889,0.3108,0.4983,FALSE
1561,1,0.4983,0.4983,FALSE
1562,0,0.198,0.4485,FALSE
1562,0.111111111111111,0.0879,0.4395,FALSE
1562,0.222222222222222,0.359,0.4485,FALSE
1562,0.333333333333333,0.1168,0.4485,FALSE
1562,0.444444444444444,0.0233,0.2097,FALSE
1562,0.555555555555556,0.0316,0.2844,FALSE
1562,0.666666666666667,0.1357,0.4485,FALSE
1562,0.777777777777778,0.4485,0.4485,FALSE
1562,0.888888888888889,0.2409,0.4485,FALSE
1562,1,0.3276,0.4485,FALSE
1563,0,0.315,0.4627,FALSE
1563,0.111111111111111,0.3132,0.4627,FALSE
1563,0.222222222222222,0.2617,0.4627,FALSE
1563,0.333333333333333,0.0614,0.40075,FALSE
1563,0.444444444444444,0.0201,0.1608,FALSE
1563,0.555555555555556,0.0157,0.1413,FALSE
1563,0.666666666666667,0.0325,0.2456,FALSE
1563,0.777777777777778,0.1208,0.458,FALSE
1563,0.888888888888889,0.3435,0.4627,FALSE
1563,1,0.4627,0.4627,FALSE
1564,0,0.395,0.4248,FALSE
1564,0.111111111111111,0.1706,0.4248,FALSE
1564,0.222222222222222,0.0458,0.2673,FALSE
1564,0.333333333333333,0.0036,0.0252,TRUE
1564,0.444444444444444,0,0,TRUE
1564,0.555555555555556,0,0,TRUE
1564,0.666666666666667,0.0041,0.0287,TRUE
1564,0.777777777777778,0.0891,0.4248,FALSE
1564,0.888888888888889,0.3791,0.4248,FALSE
1564,1,0.4248,0.4248,FALSE
1565,0,0.4264,0.4264,FALSE
1565,0.111111111111111,0.1485,0.4215,FALSE
1565,0.222222222222222,0.0284,0.1335,FALSE
1565,0.333333333333333,0.0042,0.0294,TRUE
1565,0.444444444444444,6e-04,0.0054,TRUE
1565,0.555555555555556,4e-04,0.0036,TRUE
1565,0.666666666666667,0.0018,0.0144,TRUE
1565,0.777777777777778,0.009,0.054,FALSE
1565,0.888888888888889,0.0534,0.2136,FALSE
1565,1,0.281,0.4264,FALSE
1566,0,0.4456,0.4456,FALSE
1566,0.111111111111111,0.2127,0.4293,FALSE
1566,0.222222222222222,0.0833,0.3545,FALSE
1566,0.333333333333333,0.0183,0.1464,FALSE
1566,0.444444444444444,0.005,0.05,FALSE
1566,0.555555555555556,0.0112,0.0896,FALSE
1566,0.666666666666667,0.0549,0.3016,FALSE
1566,0.777777777777778,0.1234,0.3816,FALSE
1566,0.888888888888889,0.1508,0.4293,FALSE
1566,1,0.2862,0.4456,FALSE
1567,0,0.2366,0.2639,FALSE
1567,0.111111111111111,0.0426,0.1278,FALSE
1567,0.222222222222222,0.0097,0.0485,TRUE
1567,0.333333333333333,0.0037,0.0259,TRUE
1567,0.444444444444444,0.0026,0.0182,TRUE
1567,0.555555555555556,0.0027,0.0189,TRUE
1567,0.666666666666667,0.0039,0.0273,TRUE
1567,0.777777777777778,0.0147,0.0735,FALSE
1567,0.888888888888889,0.0589,0.1767,FALSE
1567,1,0.2639,0.2639,FALSE
1568,0,0.379,0.4213,FALSE
1568,0.111111111111111,0.1964,0.4213,FALSE
1568,0.222222222222222,0.0797,0.3188,FALSE
1568,0.333333333333333,0.0088,0.0528,FALSE
1568,0.444444444444444,1e-04,8e-04,TRUE
1568,0.555555555555556,0,0,TRUE
1568,0.666666666666667,1e-04,8e-04,TRUE
1568,0.777777777777778,0.0048,0.0308,TRUE
1568,0.888888888888889,0.0858,0.3432,FALSE
1568,1,0.4213,0.4213,FALSE
1569,0,0.4677,0.4677,FALSE
1569,0.111111111111111,0.2569,0.4677,FALSE
1569,0.222222222222222,0.0861,0.4305,FALSE
1569,0.333333333333333,0.0093,0.0651,FALSE
1569,0.444444444444444,6e-04,0.0054,TRUE
1569,0.555555555555556,5e-04,0.0045,TRUE
1569,0.666666666666667,0.0048,0.0372,TRUE
1569,0.777777777777778,0.0631,0.3155,FALSE
1569,0.888888888888889,0.4234,0.4677,FALSE
1569,1,0.3084,0.4677,FALSE
1570,0,0.4969,0.4969,FALSE
1570,0.111111111111111,0.3021,0.4969,FALSE
1570,0.222222222222222,0.0928,0.441,FALSE
1570,0.333333333333333,0.0185,0.1204,FALSE
1570,0.444444444444444,0.0024,0.0192,TRUE
1570,0.555555555555556,7e-04,0.007,TRUE
1570,0.666666666666667,0.0037,0.0296,TRUE
1570,0.777777777777778,0.0344,0.2064,FALSE
1570,0.888888888888889,0.1764,0.4969,FALSE
1570,1,0.4313,0.4969,FALSE
1571,0,0.3041,0.5098,FALSE
1571,0.111111111111111,0.191,0.5098,FALSE
1571,0.222222222222222,0.1456,0.5098,FALSE
1571,0.333333333333333,0.0288,0.2016,FALSE
1571,0.444444444444444,0.0059,0.0531,FALSE
1571,0.555555555555556,0.005,0.045,TRUE
1571,0.666666666666667,0.0274,0.1918,FALSE
1571,0.777777777777778,0.2985,0.5098,FALSE
1571,0.888888888888889,0.5098,0.5098,FALSE
1571,1,0.478,0.5098,FALSE
1572,0,0.4534,0.4534,FALSE
1572,0.111111111111111,0.341,0.4534,FALSE
1572,0.222222222222222,0.199,0.4534,FALSE
1572,0.333333333333333,0.0737,0.3685,FALSE
1572,0.444444444444444,0.0229,0.1374,FALSE
1572,0.555555555555556,0.0126,0.0916,FALSE
1572,0.666666666666667,0.0111,0.0888,FALSE
1572,0.777777777777778,0.0156,0.1092,FALSE
1572,0.888888888888889,0.0351,0.2106,FALSE
1572,1,0.2254,0.4534,FALSE
1573,0,0.4596,0.5068,FALSE
1573,0.111111111111111,0.3553,0.5068,FALSE
1573,0.222222222222222,0.0874,0.5068,FALSE
1573,0.333333333333333,0.0161,0.1288,FALSE
1573,0.444444444444444,0.01,0.08235,FALSE
1573,0.555555555555556,0.0183,0.1464,FALSE
1573,0.666666666666667,0.0598,0.3588,FALSE
1573,0.777777777777778,0.1948,0.5068,FALSE
1573,0.888888888888889,0.5068,0.5068,FALSE
1573,1,0.4188,0.5068,FALSE
1574,0,0.4523,0.5181,FALSE
1574,0.111111111111111,0.4682,0.5181,FALSE
1574,0.222222222222222,0.2438,0.5181,FALSE
1574,0.333333333333333,0.0439,0.3073,FALSE
1574,0.444444444444444,0.004,0.036,TRUE
1574,0.555555555555556,0.001,0.01,TRUE
1574,0.666666666666667,0.0113,0.0904,FALSE
1574,0.777777777777778,0.1699,0.5181,FALSE
1574,0.888888888888889,0.5181,0.5181,FALSE
1574,1,0.4265,0.5181,FALSE
1575,0,0.4257,0.4257,FALSE
1575,0.111111111111111,0.1842,0.4257,FALSE
1575,0.222222222222222,0.0414,0.207,FALSE
1575,0.333333333333333,0.0065,0.0488,TRUE
1575,0.444444444444444,0.003,0.027,TRUE
1575,0.555555555555556,0.0039,0.0312,TRUE
1575,0.666666666666667,0.0122,0.0854,FALSE
1575,0.777777777777778,0.0423,0.2115,FALSE
1575,0.888888888888889,0.1077,0.3684,FALSE
1575,1,0.3023,0.4257,FALSE
1576,0,0.1946,0.2439,FALSE
1576,0.111111111111111,0.0443,0.1586,FALSE
1576,0.222222222222222,0.0373,0.1492,FALSE
1576,0.333333333333333,0.0382,0.1528,FALSE
1576,0.444444444444444,0.0436,0.1586,FALSE
1576,0.555555555555556,0.0492,0.1586,FALSE
1576,0.666666666666667,0.0547,0.1641,FALSE
1576,0.777777777777778,0.0634,0.1902,FALSE
1576,0.888888888888889,0.0793,0.2379,FALSE
1576,1,0.2439,0.2439,FALSE
1577,0,0.4776,0.4776,FALSE
1577,0.111111111111111,0.4223,0.4776,FALSE
1577,0.222222222222222,0.2547,0.4776,FALSE
1577,0.333333333333333,0.1423,0.4776,FALSE
1577,0.444444444444444,0.0837,0.4443,FALSE
1577,0.555555555555556,0.0619,0.3714,FALSE
1577,0.666666666666667,0.0724,0.4344,FALSE
1577,0.777777777777778,0.1064,0.4776,FALSE
1577,0.888888888888889,0.1481,0.4776,FALSE
1577,1,0.3129,0.4776,FALSE
1578,0,0.4567,0.4567,FALSE
1578,0.111111111111111,0.3477,0.4567,FALSE
1578,0.222222222222222,0.1213,0.4567,FALSE
1578,0.333333333333333,0.0251,0.1255,FALSE
1578,0.444444444444444,0.003,0.024,TRUE
1578,0.555555555555556,4e-04,0.004,TRUE
1578,0.666666666666667,0.0011,0.0099,TRUE
1578,0.777777777777778,0.0064,0.0448,TRUE
1578,0.888888888888889,0.0359,0.1795,FALSE
1578,1,0.2297,0.4567,FALSE
1579,0,0.2023,0.2023,FALSE
1579,0.111111111111111,0.0379,0.1137,FALSE
1579,0.222222222222222,0.0196,0.0758,FALSE
1579,0.333333333333333,0.011,0.05685,FALSE
1579,0.444444444444444,0.0074,0.0457333333333333,TRUE
1579,0.555555555555556,0.0061,0.0427,TRUE
1579,0.666666666666667,0.0089,0.0534,FALSE
1579,0.777777777777778,0.0168,0.0672,FALSE
1579,0.888888888888889,0.0356,0.1068,FALSE
1579,1,0.2013,0.2023,FALSE
1580,0,0.3908,0.4044,FALSE
1580,0.111111111111111,0.4044,0.4044,FALSE
1580,0.222222222222222,0.3289,0.4044,FALSE
1580,0.333333333333333,0.1379,0.4044,FALSE
1580,0.444444444444444,0.0701,0.4044,FALSE
1580,0.555555555555556,0.0702,0.4044,FALSE
1580,0.666666666666667,0.147,0.4044,FALSE
1580,0.777777777777778,0.3946,0.4044,FALSE
1580,0.888888888888889,0.3146,0.4044,FALSE
1580,1,0.3517,0.4044,FALSE
1581,0,0.4569,0.4677,FALSE
1581,0.111111111111111,0.4317,0.4677,FALSE
1581,0.222222222222222,0.3762,0.4677,FALSE
1581,0.333333333333333,0.1404,0.4677,FALSE
1581,0.444444444444444,0.061,0.4677,FALSE
1581,0.555555555555556,0.0545,0.436,FALSE
1581,0.666666666666667,0.0997,0.4677,FALSE
1581,0.777777777777778,0.2068,0.4677,FALSE
1581,0.888888888888889,0.4157,0.4677,FALSE
1581,1,0.4677,0.4677,FALSE
1582,0,0.5014,0.5014,FALSE
1582,0.111111111111111,0.3755,0.5014,FALSE
1582,0.222222222222222,0.1892,0.5014,FALSE
1582,0.333333333333333,0.089,0.5014,FALSE
1582,0.444444444444444,0.0623,0.4984,FALSE
1582,0.555555555555556,0.0862,0.5014,FALSE
1582,0.666666666666667,0.1981,0.5014,FALSE
1582,0.777777777777778,0.4488,0.5014,FALSE
1582,0.888888888888889,0.3228,0.5014,FALSE
1582,1,0.3684,0.5014,FALSE
1583,0,0.242,0.4669,FALSE
1583,0.111111111111111,0.0197,0.0985,FALSE
1583,0.222222222222222,1e-04,7e-04,TRUE
1583,0.333333333333333,0,0,TRUE
1583,0.444444444444444,0,0,TRUE
1583,0.555555555555556,0,0,TRUE
1583,0.666666666666667,0.0079,0.0474,TRUE
1583,0.777777777777778,0.1112,0.4448,FALSE
1583,0.888888888888889,0.374,0.4669,FALSE
1583,1,0.4669,0.4669,FALSE
1584,0,0.3261,0.4873,FALSE
1584,0.111111111111111,0.2645,0.4873,FALSE
1584,0.222222222222222,0.4674,0.4873,FALSE
1584,0.333333333333333,0.2975,0.4873,FALSE
1584,0.444444444444444,0.1783,0.4873,FALSE
1584,0.555555555555556,0.171,0.4873,FALSE
1584,0.666666666666667,0.2672,0.4873,FALSE
1584,0.777777777777778,0.4189,0.4873,FALSE
1584,0.888888888888889,0.4873,0.4873,FALSE
1584,1,0.4828,0.4873,FALSE
1585,0,0.3628,0.4969,FALSE
1585,0.111111111111111,0.4569,0.4969,FALSE
1585,0.222222222222222,0.2206,0.4969,FALSE
1585,0.333333333333333,0.0511,0.4088,FALSE
1585,0.444444444444444,0.0125,0.125,FALSE
1585,0.555555555555556,0.0279,0.22995,FALSE
1585,0.666666666666667,0.1317,0.4969,FALSE
1585,0.777777777777778,0.3312,0.4969,FALSE
1585,0.888888888888889,0.4969,0.4969,FALSE
1585,1,0.4868,0.4969,FALSE
1586,0,0.2522,0.4805,FALSE
1586,0.111111111111111,0.2063,0.4805,FALSE
1586,0.222222222222222,0.3695,0.4805,FALSE
1586,0.333333333333333,0.1429,0.4805,FALSE
1586,0.444444444444444,0.0156,0.1248,FALSE
1586,0.555555555555556,0.0039,0.039,TRUE
1586,0.666666666666667,0.0266,0.2128,FALSE
1586,0.777777777777778,0.1425,0.4805,FALSE
1586,0.888888888888889,0.381,0.4805,FALSE
1586,1,0.4805,0.4805,FALSE
1587,0,0.3687,0.4472,FALSE
1587,0.111111111111111,0.4329,0.4472,FALSE
1587,0.222222222222222,0.2162,0.4472,FALSE
1587,0.333333333333333,0.0363,0.2178,FALSE
1587,0.444444444444444,0.0047,0.0423,TRUE
1587,0.555555555555556,0.0027,0.0243,TRUE
1587,0.666666666666667,0.0104,0.0832,FALSE
1587,0.777777777777778,0.0492,0.2952,FALSE
1587,0.888888888888889,0.1781,0.4472,FALSE
1587,1,0.4472,0.4472,FALSE
1588,0,0.487,0.487,FALSE
1588,0.111111111111111,0.3457,0.487,FALSE
1588,0.222222222222222,0.2132,0.487,FALSE
1588,0.333333333333333,0.1543,0.487,FALSE
1588,0.444444444444444,0.1486,0.487,FALSE
1588,0.555555555555556,0.1858,0.487,FALSE
1588,0.666666666666667,0.2741,0.487,FALSE
1588,0.777777777777778,0.423,0.487,FALSE
1588,0.888888888888889,0.4159,0.487,FALSE
1588,1,0.4129,0.487,FALSE
1589,0,0.4978,0.4978,FALSE
1589,0.111111111111111,0.2702,0.4978,FALSE
1589,0.222222222222222,0.0471,0.2826,FALSE
1589,0.333333333333333,0.0033,0.0264,TRUE
1589,0.444444444444444,5e-04,0.005,TRUE
1589,0.555555555555556,0.0025,0.02,TRUE
1589,0.666666666666667,0.0211,0.1477,FALSE
1589,0.777777777777778,0.1747,0.4978,FALSE
1589,0.888888888888889,0.4798,0.4978,FALSE
1589,1,0.4411,0.4978,FALSE
1590,0,0.276,0.4903,FALSE
1590,0.111111111111111,0.1222,0.368,FALSE
1590,0.222222222222222,0.0765,0.306,FALSE
1590,0.333333333333333,0.0293,0.199266666666667,FALSE
1590,0.444444444444444,0.0144,0.1152,FALSE
1590,0.555555555555556,0.0149,0.1192,FALSE
1590,0.666666666666667,0.031,0.199266666666667,FALSE
1590,0.777777777777778,0.0854,0.3416,FALSE
1590,0.888888888888889,0.2544,0.4903,FALSE
1590,1,0.4903,0.4903,FALSE
1591,0,0.4044,0.445,FALSE
1591,0.111111111111111,0.1094,0.4376,FALSE
1591,0.222222222222222,0.02,0.12,FALSE
1591,0.333333333333333,0.0046,0.0368,TRUE
1591,0.444444444444444,0.0018,0.0162,TRUE
1591,0.555555555555556,0.0023,0.0207,TRUE
1591,0.666666666666667,0.0115,0.07,FALSE
1591,0.777777777777778,0.0596,0.2735,FALSE
1591,0.888888888888889,0.2535,0.445,FALSE
1591,1,0.445,0.445,FALSE
1592,0,0.3729,0.4714,FALSE
1592,0.111111111111111,0.3275,0.4714,FALSE
1592,0.222222222222222,0.4714,0.4714,FALSE
1592,0.333333333333333,0.3724,0.4714,FALSE
1592,0.444444444444444,0.2894,0.4714,FALSE
1592,0.555555555555556,0.2844,0.4714,FALSE
1592,0.666666666666667,0.3917,0.4714,FALSE
1592,0.777777777777778,0.3603,0.4714,FALSE
1592,0.888888888888889,0.1948,0.4714,FALSE
1592,1,0.2718,0.4714,FALSE
1593,0,0.3725,0.3725,FALSE
1593,0.111111111111111,0.2486,0.3725,FALSE
1593,0.222222222222222,0.1077,0.331466666666667,FALSE
1593,0.333333333333333,0.0141,0.0987,FALSE
1593,0.444444444444444,6e-04,0.0054,TRUE
1593,0.555555555555556,4e-04,0.0036,TRUE
1593,0.666666666666667,0.0071,0.0564,FALSE
1593,0.777777777777778,0.0668,0.26925,FALSE
1593,0.888888888888889,0.1046,0.331466666666667,FALSE
1593,1,0.2057,0.3725,FALSE
1594,0,0.4376,0.4376,FALSE
1594,0.111111111111111,0.381,0.4376,FALSE
1594,0.222222222222222,0.0776,0.3104,FALSE
1594,0.333333333333333,0.0056,0.0336,TRUE
1594,0.444444444444444,6e-04,0.0054,TRUE
1594,0.555555555555556,2e-04,0.002,TRUE
1594,0.666666666666667,0.0016,0.0128,TRUE
1594,0.777777777777778,0.0063,0.0378,TRUE
1594,0.888888888888889,0.0441,0.194,FALSE
1594,1,0.2735,0.4376,FALSE
1595,0,0.4607,0.4607,FALSE
1595,0.111111111111111,0.3089,0.4607,FALSE
1595,0.222222222222222,0.4534,0.4607,FALSE
1595,0.333333333333333,0.0874,0.4607,FALSE
1595,0.444444444444444,0.0068,0.068,FALSE
1595,0.555555555555556,0.0254,0.2286,FALSE
1595,0.666666666666667,0.3171,0.4607,FALSE
1595,0.777777777777778,0.16,0.4607,FALSE
1595,0.888888888888889,0.0922,0.4607,FALSE
1595,1,0.2588,0.4607,FALSE
1596,0,0.41,0.4179,FALSE
1596,0.111111111111111,0.4179,0.4179,FALSE
1596,0.222222222222222,0.3458,0.4179,FALSE
1596,0.333333333333333,0.1345,0.4179,FALSE
1596,0.444444444444444,0.0434,0.3906,FALSE
1596,0.555555555555556,0.0363,0.3267,FALSE
1596,0.666666666666667,0.0953,0.4179,FALSE
1596,0.777777777777778,0.3142,0.4179,FALSE
1596,0.888888888888889,0.3221,0.4179,FALSE
1596,1,0.3345,0.4179,FALSE
1597,0,0.3957,0.3957,FALSE
1597,0.111111111111111,0.168,0.3957,FALSE
1597,0.222222222222222,0.0295,0.159,FALSE
1597,0.333333333333333,0,0,TRUE
1597,0.444444444444444,0,0,TRUE
1597,0.555555555555556,0,0,TRUE
1597,0.666666666666667,0.0046,0.0322,TRUE
1597,0.777777777777778,0.053,0.265,FALSE
1597,0.888888888888889,0.1602,0.3957,FALSE
1597,1,0.3702,0.3957,FALSE
1598,0,0.3199,0.444,FALSE
1598,0.111111111111111,0.3472,0.444,FALSE
1598,0.222222222222222,0.2116,0.444,FALSE
1598,0.333333333333333,0.018,0.144,FALSE
1598,0.444444444444444,8e-04,0.008,TRUE
1598,0.555555555555556,0.0033,0.0297,TRUE
1598,0.666666666666667,0.0618,0.4326,FALSE
1598,0.777777777777778,0.2958,0.444,FALSE
1598,0.888888888888889,0.444,0.444,FALSE
1598,1,0.4308,0.444,FALSE
1599,0,0.2553,0.491,FALSE
1599,0.111111111111111,0.0764,0.382,FALSE
1599,0.222222222222222,0.0564,0.282,FALSE
1599,0.333333333333333,0.0315,0.189,FALSE
1599,0.444444444444444,0.0124,0.1116,FALSE
1599,0.555555555555556,0.0124,0.1116,FALSE
1599,0.666666666666667,0.0683,0.3415,FALSE
1599,0.777777777777778,0.2757,0.491,FALSE
1599,0.888888888888889,0.4662,0.491,FALSE
1599,1,0.491,0.491,FALSE
1600,0,0.4298,0.4331,FALSE
1600,0.111111111111111,0.2766,0.4331,FALSE
1600,0.222222222222222,0.1624,0.4331,FALSE
1600,0.333333333333333,0.0712,0.4149,FALSE
1600,0.444444444444444,0.0172,0.1376,FALSE
1600,0.555555555555556,0.0056,0.056,FALSE
1600,0.666666666666667,0.0142,0.1136,FALSE
1600,0.777777777777778,0.0712,0.4149,FALSE
1600,0.888888888888889,0.2718,0.4331,FALSE
1600,1,0.4331,0.4331,FALSE
1601,0,0.3502,0.3818,FALSE
1601,0.111111111111111,0.3818,0.3818,FALSE
1601,0.222222222222222,0.2238,0.3818,FALSE
1601,0.333333333333333,0.0309,0.2472,FALSE
1601,0.444444444444444,0.0015,0.015,TRUE
1601,0.555555555555556,0.0053,0.0477,TRUE
1601,0.666666666666667,0.1749,0.3818,FALSE
1601,0.777777777777778,0.3323,0.3818,FALSE
1601,0.888888888888889,0.1321,0.3818,FALSE
1601,1,0.2669,0.3818,FALSE
1602,0,0.1676,0.4598,FALSE
1602,0.111111111111111,0.0398,0.284,FALSE
1602,0.222222222222222,0.1197,0.4598,FALSE
1602,0.333333333333333,0.4181,0.4598,FALSE
1602,0.444444444444444,0.071,0.426,FALSE
1602,0.555555555555556,0.021,0.189,FALSE
1602,0.666666666666667,0.0524,0.3668,FALSE
1602,0.777777777777778,0.2342,0.4598,FALSE
1602,0.888888888888889,0.4598,0.4598,FALSE
1602,1,0.429,0.4598,FALSE
1603,0,0.2506,0.3868,FALSE
1603,0.111111111111111,0.0419,0.1578,FALSE
1603,0.222222222222222,0.0133,0.0665,FALSE
1603,0.333333333333333,0.0034,0.0238,TRUE
1603,0.444444444444444,8e-04,0.0072,TRUE
1603,0.555555555555556,8e-04,0.0072,TRUE
1603,0.666666666666667,0.0034,0.0238,TRUE
1603,0.777777777777778,0.0148,0.074,FALSE
1603,0.888888888888889,0.0789,0.2367,FALSE
1603,1,0.3868,0.3868,FALSE
1604,0,0.4903,0.4903,FALSE
1604,0.111111111111111,0.2329,0.48375,FALSE
1604,0.222222222222222,0.0326,0.1956,FALSE
1604,0.333333333333333,5e-04,0.004,TRUE
1604,0.444444444444444,0,0,TRUE
1604,0.555555555555556,0,0,TRUE
1604,0.666666666666667,0.0035,0.0245,TRUE
1604,0.777777777777778,0.0734,0.367,FALSE
1604,0.888888888888889,0.1791,0.48375,FALSE
1604,1,0.3225,0.4903,FALSE
1605,0,0.389,0.389,FALSE
1605,0.111111111111111,0.2895,0.389,FALSE
1605,0.222222222222222,0.1593,0.389,FALSE
1605,0.333333333333333,0.0317,0.2219,FALSE
1605,0.444444444444444,0.0051,0.0459,TRUE
1605,0.555555555555556,0.0041,0.0369,TRUE
1605,0.666666666666667,0.0219,0.1533,FALSE
1605,0.777777777777778,0.1442,0.389,FALSE
1605,0.888888888888889,0.2153,0.389,FALSE
1605,1,0.2958,0.389,FALSE
1606,0,0.4283,0.4914,FALSE
1606,0.111111111111111,0.4152,0.4914,FALSE
1606,0.222222222222222,0.087,0.4914,FALSE
1606,0.333333333333333,0.0056,0.0448,TRUE
1606,0.444444444444444,0.0011,0.011,TRUE
1606,0.555555555555556,0.0027,0.0243,TRUE
1606,0.666666666666667,0.0359,0.2513,FALSE
1606,0.777777777777778,0.1739,0.4914,FALSE
1606,0.888888888888889,0.4195,0.4914,FALSE
1606,1,0.4914,0.4914,FALSE
1607,0,0.4159,0.4159,FALSE
1607,0.111111111111111,0.1807,0.4159,FALSE
1607,0.222222222222222,0.0731,0.301166666666667,FALSE
1607,0.333333333333333,0.0285,0.1995,FALSE
1607,0.444444444444444,0.0181,0.1448,FALSE
1607,0.555555555555556,0.0248,0.194933333333333,FALSE
1607,0.666666666666667,0.0517,0.27105,FALSE
1607,0.777777777777778,0.1067,0.3614,FALSE
1607,0.888888888888889,0.1738,0.4159,FALSE
1607,1,0.3536,0.4159,FALSE
1608,0,0.231,0.2499,FALSE
1608,0.111111111111111,0.0293,0.2051,FALSE
1608,0.222222222222222,0.032,0.2198,FALSE
1608,0.333333333333333,0.2499,0.2499,FALSE
1608,0.444444444444444,0.0464,0.2499,FALSE
1608,0.555555555555556,0.0041,0.041,TRUE
1608,0.666666666666667,0.1119,0.2499,FALSE
1608,0.777777777777778,0.2215,0.2499,FALSE
1608,0.888888888888889,0.0628,0.2499,FALSE
1608,1,0.1865,0.2499,FALSE
1609,0,0.4822,0.4822,FALSE
1609,0.111111111111111,0.4786,0.4822,FALSE
1609,0.222222222222222,0.3524,0.4822,FALSE
1609,0.333333333333333,0.0699,0.4822,FALSE
1609,0.444444444444444,0.0099,0.0891,FALSE
1609,0.555555555555556,0.0066,0.0594,FALSE
1609,0.666666666666667,0.032,0.256,FALSE
1609,0.777777777777778,0.1508,0.4822,FALSE
1609,0.888888888888889,0.4535,0.4822,FALSE
1609,1,0.3793,0.4822,FALSE
1610,0,0.3797,0.4885,FALSE
1610,0.111111111111111,0.4641,0.4885,FALSE
1610,0.222222222222222,0.3229,0.4885,FALSE
1610,0.333333333333333,0.0515,0.3605,FALSE
1610,0.444444444444444,0,0,TRUE
1610,0.555555555555556,0,0,TRUE
1610,0.666666666666667,0.0163,0.1304,FALSE
1610,0.777777777777778,0.4398,0.4885,FALSE
1610,0.888888888888889,0.3077,0.4885,FALSE
1610,1,0.4885,0.4885,FALSE
1611,0,0.3292,0.3292,FALSE
1611,0.111111111111111,0.0995,0.2985,FALSE
1611,0.222222222222222,0.0317,0.1585,FALSE
1611,0.333333333333333,0.0076,0.0532,FALSE
1611,0.444444444444444,0.0014,0.0126,TRUE
1611,0.555555555555556,0.001,0.009,TRUE
1611,0.666666666666667,0.0042,0.0304,TRUE
1611,0.777777777777778,0.0268,0.134,FALSE
1611,0.888888888888889,0.0793,0.2379,FALSE
1611,1,0.2455,0.3292,FALSE
1612,0,0.4402,0.487,FALSE
1612,0.111111111111111,0.2965,0.487,FALSE
1612,0.222222222222222,0.1087,0.487,FALSE
1612,0.333333333333333,0.0108,0.0864,FALSE
1612,0.444444444444444,0.0021,0.021,TRUE
1612,0.555555555555556,0.0058,0.0486,TRUE
1612,0.666666666666667,0.076,0.456,FALSE
1612,0.777777777777778,0.365,0.487,FALSE
1612,0.888888888888889,0.2772,0.487,FALSE
1612,1,0.487,0.487,FALSE
1613,0,0.3819,0.3819,FALSE
1613,0.111111111111111,0.3221,0.3819,FALSE
1613,0.222222222222222,0.3437,0.3819,FALSE
1613,0.333333333333333,0.038,0.266,FALSE
1613,0.444444444444444,1e-04,9e-04,TRUE
1613,0.555555555555556,0,0,TRUE
1613,0.666666666666667,0.0102,0.0816,FALSE
1613,0.777777777777778,0.2205,0.3819,FALSE
1613,0.888888888888889,0.3335,0.3819,FALSE
1613,1,0.3335,0.3819,FALSE
1614,0,0.3923,0.467,FALSE
1614,0.111111111111111,0.1569,0.467,FALSE
1614,0.222222222222222,0.0457,0.267,FALSE
1614,0.333333333333333,0.0074,0.0518,FALSE
1614,0.444444444444444,3e-04,0.0027,TRUE
1614,0.555555555555556,3e-04,0.0027,TRUE
1614,0.666666666666667,0.0082,0.0574,FALSE
1614,0.777777777777778,0.089,0.39225,FALSE
1614,0.888888888888889,0.3615,0.467,FALSE
1614,1,0.467,0.467,FALSE
1615,0,0.2611,0.498,FALSE
1615,0.111111111111111,0.0693,0.4851,FALSE
1615,0.222222222222222,0.1195,0.498,FALSE
1615,0.333333333333333,0.3636,0.498,FALSE
1615,0.444444444444444,0.0284,0.2556,FALSE
1615,0.555555555555556,0.0568,0.4544,FALSE
1615,0.666666666666667,0.3589,0.498,FALSE
1615,0.777777777777778,0.3815,0.498,FALSE
1615,0.888888888888889,0.4847,0.498,FALSE
1615,1,0.498,0.498,FALSE
1616,0,0.3107,0.4389,FALSE
1616,0.111111111111111,0.1727,0.4389,FALSE
1616,0.222222222222222,0.0789,0.393875,FALSE
1616,0.333333333333333,0.0049,0.0343,TRUE
1616,0.444444444444444,0,0,TRUE
1616,0.555555555555556,0,0,TRUE
1616,0.666666666666667,0.0061,0.0427,TRUE
1616,0.777777777777778,0.1045,0.418,FALSE
1616,0.888888888888889,0.3151,0.4389,FALSE
1616,1,0.4389,0.4389,FALSE
1617,0,0.4494,0.5013,FALSE
1617,0.111111111111111,0.5013,0.5013,FALSE
1617,0.222222222222222,0.1891,0.5013,FALSE
1617,0.333333333333333,0.0376,0.2632,FALSE
1617,0.444444444444444,0.0095,0.0855,FALSE
1617,0.555555555555556,0.0078,0.0702,FALSE
1617,0.666666666666667,0.0229,0.1603,FALSE
1617,0.777777777777778,0.0944,0.5013,FALSE
1617,0.888888888888889,0.3229,0.5013,FALSE
1617,1,0.4822,0.5013,FALSE
1618,0,0.3089,0.3089,FALSE
1618,0.111111111111111,0.3045,0.3089,FALSE
1618,0.222222222222222,0.2121,0.3089,FALSE
1618,0.333333333333333,0.0517,0.3089,FALSE
1618,0.444444444444444,0.0046,0.0414,TRUE
1618,0.555555555555556,0.0022,0.022,TRUE
1618,0.666666666666667,0.0197,0.1576,FALSE
1618,0.777777777777778,0.1171,0.3089,FALSE
1618,0.888888888888889,0.1755,0.3089,FALSE
1618,1,0.2479,0.3089,FALSE
1619,0,0.3932,0.3932,FALSE
1619,0.111111111111111,0.2422,0.3932,FALSE
1619,0.222222222222222,0.1072,0.3932,FALSE
1619,0.333333333333333,0.025,0.2,FALSE
1619,0.444444444444444,0.0072,0.072,FALSE
1619,0.555555555555556,0.0153,0.1224,FALSE
1619,0.666666666666667,0.14,0.3932,FALSE
1619,0.777777777777778,0.3394,0.3932,FALSE
1619,0.888888888888889,0.289,0.3932,FALSE
1619,1,0.319,0.3932,FALSE
1620,0,0.3066,0.4583,FALSE
1620,0.111111111111111,0.3158,0.4583,FALSE
1620,0.222222222222222,0.3119,0.4583,FALSE
1620,0.333333333333333,0.0738,0.37896,FALSE
1620,0.444444444444444,0.0101,0.0808,FALSE
1620,0.555555555555556,0.0022,0.022,TRUE
1620,0.666666666666667,0.0079,0.0632,FALSE
1620,0.777777777777778,0.0602,0.3612,FALSE
1620,0.888888888888889,0.3047,0.4583,FALSE
1620,1,0.4583,0.4583,FALSE
1621,0,0.4946,0.4946,FALSE
1621,0.111111111111111,0.4875,0.4946,FALSE
1621,0.222222222222222,0.2242,0.4946,FALSE
1621,0.333333333333333,0.022,0.154,FALSE
1621,0.444444444444444,1e-04,9e-04,TRUE
1621,0.555555555555556,0,0,TRUE
1621,0.666666666666667,0.0111,0.088,FALSE
1621,0.777777777777778,0.1206,0.4946,FALSE
1621,0.888888888888889,0.3628,0.4946,FALSE
1621,1,0.4861,0.4946,FALSE
1622,0,0.3883,0.5176,FALSE
1622,0.111111111111111,0.4353,0.5176,FALSE
1622,0.222222222222222,0.4298,0.5176,FALSE
1622,0.333333333333333,0.0686,0.4802,FALSE
1622,0.444444444444444,0,0,TRUE
1622,0.555555555555556,0,0,TRUE
1622,0.666666666666667,0.001,0.008,TRUE
1622,0.777777777777778,0.1771,0.5176,FALSE
1622,0.888888888888889,0.4365,0.5176,FALSE
1622,1,0.5176,0.5176,FALSE
1623,0,0.3989,0.4377,FALSE
1623,0.111111111111111,0.4377,0.4377,FALSE
1623,0.222222222222222,0.2141,0.4377,FALSE
1623,0.333333333333333,0.0154,0.1078,FALSE
1623,0.444444444444444,0.0015,0.0135,TRUE
1623,0.555555555555556,0.0013,0.0117,TRUE
1623,0.666666666666667,0.0078,0.0616,FALSE
1623,0.777777777777778,0.0736,0.39015,FALSE
1623,0.888888888888889,0.161,0.4377,FALSE
1623,1,0.2601,0.4377,FALSE
1624,0,0.4242,0.4387,FALSE
1624,0.111111111111111,0.3233,0.4387,FALSE
1624,0.222222222222222,0.4373,0.4387,FALSE
1624,0.333333333333333,0.263,0.4387,FALSE
1624,0.444444444444444,0.0952,0.4387,FALSE
1624,0.555555555555556,0.072,0.4387,FALSE
1624,0.666666666666667,0.1877,0.4387,FALSE
1624,0.777777777777778,0.4387,0.4387,FALSE
1624,0.888888888888889,0.3104,0.4387,FALSE
1624,1,0.4345,0.4387,FALSE
1625,0,0.45,0.4933,FALSE
1625,0.111111111111111,0.4933,0.4933,FALSE
1625,0.222222222222222,0.1812,0.4933,FALSE
1625,0.333333333333333,0.0043,0.0344,TRUE
1625,0.444444444444444,2e-04,0.0018,TRUE
1625,0.555555555555556,3e-04,0.0027,TRUE
1625,0.666666666666667,0.015,0.105,FALSE
1625,0.777777777777778,0.2854,0.4933,FALSE
1625,0.888888888888889,0.4902,0.4933,FALSE
1625,1,0.4532,0.4933,FALSE
1626,0,0.4058,0.4237,FALSE
1626,0.111111111111111,0.4237,0.4237,FALSE
1626,0.222222222222222,0.073,0.292,FALSE
1626,0.333333333333333,0.0024,0.0168,TRUE
1626,0.444444444444444,3e-04,0.003,TRUE
1626,0.555555555555556,6e-04,0.0054,TRUE
1626,0.666666666666667,0.0022,0.0154,TRUE
1626,0.777777777777778,0.0091,0.0546,FALSE
1626,0.888888888888889,0.0764,0.3056,FALSE
1626,1,0.3479,0.4237,FALSE
1627,0,0.3396,0.4246,FALSE
1627,0.111111111111111,0.373,0.4246,FALSE
1627,0.222222222222222,0.1014,0.4246,FALSE
1627,0.333333333333333,0.0254,0.2032,FALSE
1627,0.444444444444444,0.0079,0.079,FALSE
1627,0.555555555555556,0.0159,0.1272,FALSE
1627,0.666666666666667,0.0889,0.4246,FALSE
1627,0.777777777777778,0.4246,0.4246,FALSE
1627,0.888888888888889,0.3028,0.4246,FALSE
1627,1,0.3806,0.4246,FALSE
1628,0,0.2865,0.4916,FALSE
1628,0.111111111111111,0.2359,0.4916,FALSE
1628,0.222222222222222,0.4725,0.4916,FALSE
1628,0.333333333333333,0.2104,0.4916,FALSE
1628,0.444444444444444,0.1312,0.4916,FALSE
1628,0.555555555555556,0.1255,0.4916,FALSE
1628,0.666666666666667,0.1676,0.4916,FALSE
1628,0.777777777777778,0.262,0.4916,FALSE
1628,0.888888888888889,0.4045,0.4916,FALSE
1628,1,0.4916,0.4916,FALSE
1629,0,0.0582,0.2056,FALSE
1629,0.111111111111111,0.0016,0.016,TRUE
1629,0.222222222222222,0.0147,0.1029,FALSE
1629,0.333333333333333,0.5092,0.5092,FALSE
1629,0.444444444444444,0.0359,0.1795,FALSE
1629,0.555555555555556,0.1002,0.2313,FALSE
1629,0.666666666666667,0.1542,0.3084,FALSE
1629,0.777777777777778,0.0243,0.1458,FALSE
1629,0.888888888888889,0.0182,0.12565,FALSE
1629,1,0.1219,0.2438,FALSE
1630,0,0.2635,0.3461,FALSE
1630,0.111111111111111,0.2507,0.3461,FALSE
1630,0.222222222222222,0.2208,0.3461,FALSE
1630,0.333333333333333,0.0243,0.1458,FALSE
1630,0.444444444444444,0.0087,0.0783,FALSE
1630,0.555555555555556,0.0311,0.1791,FALSE
1630,0.666666666666667,0.3461,0.3461,FALSE
1630,0.777777777777778,0.0597,0.2985,FALSE
1630,0.888888888888889,0.0045,0.0435,TRUE
1630,1,0.0567,0.2835,FALSE
1631,0,0.2296,0.4527,FALSE
1631,0.111111111111111,0.1034,0.4527,FALSE
1631,0.222222222222222,0.0796,0.398,FALSE
1631,0.333333333333333,0.0037,0.0296,TRUE
1631,0.444444444444444,0,0,TRUE
1631,0.555555555555556,0,0,TRUE
1631,0.666666666666667,0.0413,0.2478,FALSE
1631,0.777777777777778,0.2995,0.4527,FALSE
1631,0.888888888888889,0.4099,0.4527,FALSE
1631,1,0.4527,0.4527,FALSE
1632,0,0.3278,0.3278,FALSE
1632,0.111111111111111,0.1662,0.3278,FALSE
1632,0.222222222222222,0.0615,0.246,FALSE
1632,0.333333333333333,0.0086,0.0602,FALSE
1632,0.444444444444444,0.0011,0.0099,TRUE
1632,0.555555555555556,9e-04,0.0081,TRUE
1632,0.666666666666667,0.0064,0.0448,TRUE
1632,0.777777777777778,0.0413,0.18975,FALSE
1632,0.888888888888889,0.0759,0.298666666666667,FALSE
1632,1,0.224,0.3278,FALSE
1633,0,0.3077,0.4163,FALSE
1633,0.111111111111111,0.373,0.4163,FALSE
1633,0.222222222222222,0.1164,0.4163,FALSE
1633,0.333333333333333,0.0045,0.0315,TRUE
1633,0.444444444444444,2e-04,0.0018,TRUE
1633,0.555555555555556,2e-04,0.0018,TRUE
1633,0.666666666666667,0.0057,0.0399,TRUE
1633,0.777777777777778,0.0611,0.3492,FALSE
1633,0.888888888888889,0.1993,0.4163,FALSE
1633,1,0.4163,0.4163,FALSE
1634,0,0.3682,0.4189,FALSE
1634,0.111111111111111,0.2393,0.4189,FALSE
1634,0.222222222222222,0.091,0.364,FALSE
1634,0.333333333333333,0.0027,0.0189,TRUE
1634,0.444444444444444,2e-04,0.0018,TRUE
1634,0.555555555555556,3e-04,0.0027,TRUE
1634,0.666666666666667,0.0043,0.0301,TRUE
1634,0.777777777777778,0.0424,0.2544,FALSE
1634,0.888888888888889,0.133,0.4189,FALSE
1634,1,0.4189,0.4189,FALSE
1635,0,0.4617,0.4831,FALSE
1635,0.111111111111111,0.4689,0.4831,FALSE
1635,0.222222222222222,0.215,0.4831,FALSE
1635,0.333333333333333,0.0131,0.1048,FALSE
1635,0.444444444444444,4e-04,0.004,TRUE
1635,0.555555555555556,0.0066,0.05895,FALSE
1635,0.666666666666667,0.2036,0.4831,FALSE
1635,0.777777777777778,0.3452,0.4831,FALSE
1635,0.888888888888889,0.2862,0.4831,FALSE
1635,1,0.4831,0.4831,FALSE
1636,0,0.2494,0.3846,FALSE
1636,0.111111111111111,0.1153,0.3459,FALSE
1636,0.222222222222222,0.0586,0.288166666666667,FALSE
1636,0.333333333333333,0.0012,0.0084,TRUE
1636,0.444444444444444,0,0,TRUE
1636,0.555555555555556,0,0,TRUE
1636,0.666666666666667,3e-04,0.0024,TRUE
1636,0.777777777777778,0.0401,0.2005,FALSE
1636,0.888888888888889,0.1729,0.3741,FALSE
1636,1,0.3846,0.3846,FALSE
1637,0,0.2991,0.452,FALSE
1637,0.111111111111111,0.1198,0.436,FALSE
1637,0.222222222222222,0.1339,0.436,FALSE
1637,0.333333333333333,0.0645,0.387,FALSE
1637,0.444444444444444,0.0012,0.0108,TRUE
1637,0.555555555555556,1e-04,0.001,TRUE
1637,0.666666666666667,0.0185,0.148,FALSE
1637,0.777777777777778,0.452,0.452,FALSE
1637,0.888888888888889,0.2939,0.452,FALSE
1637,1,0.327,0.452,FALSE
1638,0,0.326,0.3537,FALSE
1638,0.111111111111111,0.3416,0.3537,FALSE
1638,0.222222222222222,0.1953,0.3537,FALSE
1638,0.333333333333333,0.0235,0.188,FALSE
1638,0.444444444444444,0.0038,0.038,TRUE
1638,0.555555555555556,0.0102,0.0918,FALSE
1638,0.666666666666667,0.0944,0.3537,FALSE
1638,0.777777777777778,0.3537,0.3537,FALSE
1638,0.888888888888889,0.1448,0.3537,FALSE
1638,1,0.3059,0.3537,FALSE
1639,0,0.2102,0.2775,FALSE
1639,0.111111111111111,0.0574,0.2296,FALSE
1639,0.222222222222222,0.0177,0.1062,FALSE
1639,0.333333333333333,4e-04,0.0028,TRUE
1639,0.444444444444444,0,0,TRUE
1639,0.555555555555556,0,0,TRUE
1639,0.666666666666667,3e-04,0.0021,TRUE
1639,0.777777777777778,0.0444,0.1776,FALSE
1639,0.888888888888889,0.1319,0.2775,FALSE
1639,1,0.2775,0.2775,FALSE
1640,0,0.4261,0.498,FALSE
1640,0.111111111111111,0.1037,0.4148,FALSE
1640,0.222222222222222,0.0113,0.0678,FALSE
1640,0.333333333333333,6e-04,0.0048,TRUE
1640,0.444444444444444,0,0,TRUE
1640,0.555555555555556,3e-04,0.0027,TRUE
1640,0.666666666666667,0.0073,0.0438,TRUE
1640,0.777777777777778,0.0928,0.3712,FALSE
1640,0.888888888888889,0.498,0.498,FALSE
1640,1,0.3364,0.498,FALSE
1641,0,0.3975,0.5087,FALSE
1641,0.111111111111111,0.3185,0.5087,FALSE
1641,0.222222222222222,0.483,0.5087,FALSE
1641,0.333333333333333,0.0733,0.5087,FALSE
1641,0.444444444444444,0.0037,0.0333,TRUE
1641,0.555555555555556,0.0056,0.0504,FALSE
1641,0.666666666666667,0.0703,0.4921,FALSE
1641,0.777777777777778,0.4715,0.5087,FALSE
1641,0.888888888888889,0.3157,0.5087,FALSE
1641,1,0.5087,0.5087,FALSE
1642,0,0.3832,0.3832,FALSE
1642,0.111111111111111,0.1574,0.3832,FALSE
1642,0.222222222222222,0.0351,0.2106,FALSE
1642,0.333333333333333,0.0011,0.0088,TRUE
1642,0.444444444444444,0,0,TRUE
1642,0.555555555555556,0,0,TRUE
1642,0.666666666666667,0.0027,0.0189,TRUE
1642,0.777777777777778,0.1111,0.3832,FALSE
1642,0.888888888888889,0.2447,0.3832,FALSE
1642,1,0.3509,0.3832,FALSE
1643,0,0.43,0.43,FALSE
1643,0.111111111111111,0.1905,0.4146,FALSE
1643,0.222222222222222,0.0542,0.2168,FALSE
1643,0.333333333333333,0.0145,0.087,FALSE
1643,0.444444444444444,0.0043,0.0344,TRUE
1643,0.555555555555556,0.0029,0.0232,TRUE
1643,0.666666666666667,0.0043,0.0344,TRUE
1643,0.777777777777778,0.021,0.126,FALSE
1643,0.888888888888889,0.0704,0.2816,FALSE
1643,1,0.2764,0.43,FALSE
1644,0,0.4924,0.4924,FALSE
1644,0.111111111111111,0.378,0.4924,FALSE
1644,0.222222222222222,0.1491,0.4924,FALSE
1644,0.333333333333333,0.0396,0.2376,FALSE
1644,0.444444444444444,0.007,0.063,FALSE
1644,0.555555555555556,0.0036,0.035,TRUE
1644,0.666666666666667,0.0192,0.1536,FALSE
1644,0.777777777777778,0.0678,0.339,FALSE
1644,0.888888888888889,0.1046,0.4184,FALSE
1644,1,0.2595,0.4924,FALSE
1645,0,0.2662,0.4837,FALSE
1645,0.111111111111111,0.1765,0.4837,FALSE
1645,0.222222222222222,0.2586,0.4837,FALSE
1645,0.333333333333333,0.0861,0.411625,FALSE
1645,0.444444444444444,0.0063,0.0567,FALSE
1645,0.555555555555556,0.0107,0.0963,FALSE
1645,0.666666666666667,0.162,0.4837,FALSE
1645,0.777777777777778,0.3293,0.4837,FALSE
1645,0.888888888888889,0.4837,0.4837,FALSE
1645,1,0.2598,0.4837,FALSE
1646,0,0.3918,0.4647,FALSE
1646,0.111111111111111,0.1423,0.4269,FALSE
1646,0.222222222222222,0.0437,0.2185,FALSE
1646,0.333333333333333,0.0113,0.0791,FALSE
1646,0.444444444444444,0.0028,0.0224,TRUE
1646,0.555555555555556,0.0019,0.0153,TRUE
1646,0.666666666666667,0.0034,0.0272,TRUE
1646,0.777777777777778,0.038,0.19,FALSE
1646,0.888888888888889,0.2097,0.4647,FALSE
1646,1,0.4647,0.4647,FALSE
1647,0,0.4591,0.4707,FALSE
1647,0.111111111111111,0.4707,0.4707,FALSE
1647,0.222222222222222,0.1847,0.4707,FALSE
1647,0.333333333333333,0.2321,0.4707,FALSE
1647,0.444444444444444,0.2365,0.4707,FALSE
1647,0.555555555555556,0.053,0.4707,FALSE
1647,0.666666666666667,0.1018,0.4707,FALSE
1647,0.777777777777778,0.4406,0.4707,FALSE
1647,0.888888888888889,0.367,0.4707,FALSE
1647,1,0.3433,0.4707,FALSE
1648,0,0.2622,0.4285,FALSE
1648,0.111111111111111,0.1458,0.4285,FALSE
1648,0.222222222222222,0.219,0.4285,FALSE
1648,0.333333333333333,0.3943,0.4285,FALSE
1648,0.444444444444444,0.411,0.4285,FALSE
1648,0.555555555555556,0.3494,0.4285,FALSE
1648,0.666666666666667,0.4285,0.4285,FALSE
1648,0.777777777777778,0.3766,0.4285,FALSE
1648,0.888888888888889,0.2166,0.4285,FALSE
1648,1,0.2938,0.4285,FALSE
1649,0,0.3176,0.3176,FALSE
1649,0.111111111111111,0.0386,0.1158,FALSE
1649,0.222222222222222,0.0016,0.0096,TRUE
1649,0.333333333333333,0,0,TRUE
1649,0.444444444444444,0,0,TRUE
1649,0.555555555555556,0,0,TRUE
1649,0.666666666666667,7e-04,0.0049,TRUE
1649,0.777777777777778,0.0051,0.0255,TRUE
1649,0.888888888888889,0.0238,0.0772,FALSE
1649,1,0.1947,0.3176,FALSE
1650,0,0.336,0.4539,FALSE
1650,0.111111111111111,0.2869,0.4539,FALSE
1650,0.222222222222222,0.3225,0.4539,FALSE
1650,0.333333333333333,0.1398,0.4539,FALSE
1650,0.444444444444444,0.028,0.224,FALSE
1650,0.555555555555556,0.0095,0.091,FALSE
1650,0.666666666666667,0.0182,0.1456,FALSE
1650,0.777777777777778,0.1464,0.4539,FALSE
1650,0.888888888888889,0.4471,0.4539,FALSE
1650,1,0.4539,0.4539,FALSE
1651,0,0.3309,0.4011,FALSE
1651,0.111111111111111,0.4011,0.4011,FALSE
1651,0.222222222222222,0.0229,0.1164,FALSE
1651,0.333333333333333,0,0,TRUE
1651,0.444444444444444,0,0,TRUE
1651,0.555555555555556,0,0,TRUE
1651,0.666666666666667,8e-04,0.0056,TRUE
1651,0.777777777777778,0.0388,0.194,FALSE
1651,0.888888888888889,0.3564,0.4011,FALSE
1651,1,0.3794,0.4011,FALSE
1652,0,0.1863,0.4735,FALSE
1652,0.111111111111111,0.0875,0.45276,FALSE
1652,0.222222222222222,0.2541,0.4735,FALSE
1652,0.333333333333333,0.3773,0.4735,FALSE
1652,0.444444444444444,0.1847,0.4735,FALSE
1652,0.555555555555556,0.1696,0.4735,FALSE
1652,0.666666666666667,0.265,0.4735,FALSE
1652,0.777777777777778,0.4735,0.4735,FALSE
1652,0.888888888888889,0.2967,0.4735,FALSE
1652,1,0.3284,0.4735,FALSE
1653,0,0.3589,0.44,FALSE
1653,0.111111111111111,0.3846,0.44,FALSE
1653,0.222222222222222,0.351,0.44,FALSE
1653,0.333333333333333,0.0898,0.44,FALSE
1653,0.444444444444444,0.0037,0.0333,TRUE
1653,0.555555555555556,0.0019,0.0185,TRUE
1653,0.666666666666667,0.0668,0.44,FALSE
1653,0.777777777777778,0.44,0.44,FALSE
1653,0.888888888888889,0.1855,0.44,FALSE
1653,1,0.3363,0.44,FALSE
1654,0,0.2309,0.4953,FALSE
1654,0.111111111111111,0.1758,0.4953,FALSE
1654,0.222222222222222,0.4189,0.4953,FALSE
1654,0.333333333333333,0.0802,0.4953,FALSE
1654,0.444444444444444,0.0081,0.0729,FALSE
1654,0.555555555555556,0.0053,0.0477,TRUE
1654,0.666666666666667,0.0518,0.3626,FALSE
1654,0.777777777777778,0.2865,0.4953,FALSE
1654,0.888888888888889,0.4953,0.4953,FALSE
1654,1,0.4666,0.4953,FALSE
1655,0,0.3901,0.4864,FALSE
1655,0.111111111111111,0.4721,0.4864,FALSE
1655,0.222222222222222,0.0919,0.4764,FALSE
1655,0.333333333333333,0.0038,0.0304,TRUE
1655,0.444444444444444,0,0,TRUE
1655,0.555555555555556,0,0,TRUE
1655,0.666666666666667,0.0129,0.0903,FALSE
1655,0.777777777777778,0.1588,0.4864,FALSE
1655,0.888888888888889,0.3832,0.4864,FALSE
1655,1,0.4864,0.4864,FALSE
1656,0,0.3288,0.3288,FALSE
1656,0.111111111111111,0.0919,0.2757,FALSE
1656,0.222222222222222,0.0277,0.1385,FALSE
1656,0.333333333333333,0.0083,0.0581,FALSE
1656,0.444444444444444,0.0027,0.0243,TRUE
1656,0.555555555555556,0.0024,0.0216,TRUE
1656,0.666666666666667,0.0068,0.0476,TRUE
1656,0.777777777777778,0.0202,0.101,FALSE
1656,0.888888888888889,0.0629,0.1887,FALSE
1656,1,0.2586,0.3288,FALSE
1657,0,0.2793,0.4376,FALSE
1657,0.111111111111111,0.0802,0.3208,FALSE
1657,0.222222222222222,0.0124,0.0744,FALSE
1657,0.333333333333333,0,0,TRUE
1657,0.444444444444444,0,0,TRUE
1657,0.555555555555556,0,0,TRUE
1657,0.666666666666667,0.0022,0.0154,TRUE
1657,0.777777777777778,0.0867,0.3468,FALSE
1657,0.888888888888889,0.2923,0.4376,FALSE
1657,1,0.4376,0.4376,FALSE
1658,0,0.2641,0.3077,FALSE
1658,0.111111111111111,0.0531,0.3077,FALSE
1658,0.222222222222222,0.0823,0.3077,FALSE
1658,0.333333333333333,0.2601,0.3077,FALSE
1658,0.444444444444444,0.0413,0.2891,FALSE
1658,0.555555555555556,0.0608,0.3077,FALSE
1658,0.666666666666667,0.2864,0.3077,FALSE
1658,0.777777777777778,0.2101,0.3077,FALSE
1658,0.888888888888889,0.1066,0.3077,FALSE
1658,1,0.3077,0.3077,FALSE
1659,0,0.4476,0.4476,FALSE
1659,0.111111111111111,0.2326,0.4476,FALSE
1659,0.222222222222222,0.3992,0.4476,FALSE
1659,0.333333333333333,0.1512,0.4476,FALSE
1659,0.444444444444444,0.0581,0.4476,FALSE
1659,0.555555555555556,0.0725,0.4476,FALSE
1659,0.666666666666667,0.2119,0.4476,FALSE
1659,0.777777777777778,0.4354,0.4476,FALSE
1659,0.888888888888889,0.2506,0.4476,FALSE
1659,1,0.3442,0.4476,FALSE
1660,0,0.3348,0.4035,FALSE
1660,0.111111111111111,0.1776,0.4035,FALSE
1660,0.222222222222222,0.4035,0.4035,FALSE
1660,0.333333333333333,0.0465,0.2325,FALSE
1660,0.444444444444444,0,0,TRUE
1660,0.555555555555556,0,0,TRUE
1660,0.666666666666667,4e-04,0.0032,TRUE
1660,0.777777777777778,0.015,0.105,FALSE
1660,0.888888888888889,0.0679,0.3395,FALSE
1660,1,0.276,0.4035,FALSE
1661,0,0.2493,0.2493,FALSE
1661,0.111111111111111,0.1163,0.2493,FALSE
1661,0.222222222222222,0.0676,0.2326,FALSE
1661,0.333333333333333,0.0044,0.0308,TRUE
1661,0.444444444444444,0,0,TRUE
1661,0.555555555555556,0,0,TRUE
1661,0.666666666666667,5e-04,0.004,TRUE
1661,0.777777777777778,0.035,0.169,FALSE
1661,0.888888888888889,0.0624,0.2326,FALSE
1661,1,0.1856,0.2493,FALSE
1662,0,0.4529,0.46,FALSE
1662,0.111111111111111,0.46,0.46,FALSE
1662,0.222222222222222,0.184,0.46,FALSE
1662,0.333333333333333,0.0287,0.2296,FALSE
1662,0.444444444444444,0.0059,0.059,FALSE
1662,0.555555555555556,0.0123,0.1107,FALSE
1662,0.666666666666667,0.1177,0.46,FALSE
1662,0.777777777777778,0.459,0.46,FALSE
1662,0.888888888888889,0.4129,0.46,FALSE
1662,1,0.4395,0.46,FALSE
1663,0,0.3699,0.4273,FALSE
1663,0.111111111111111,0.3435,0.4273,FALSE
1663,0.222222222222222,0.2922,0.4273,FALSE
1663,0.333333333333333,0.0572,0.4004,FALSE
1663,0.444444444444444,0.0165,0.1485,FALSE
1663,0.555555555555556,0.0273,0.2457,FALSE
1663,0.666666666666667,0.0981,0.4273,FALSE
1663,0.777777777777778,0.2926,0.4273,FALSE
1663,0.888888888888889,0.4273,0.4273,FALSE
1663,1,0.3961,0.4273,FALSE
1664,0,0.4814,0.4814,FALSE
1664,0.111111111111111,0.3371,0.4814,FALSE
1664,0.222222222222222,0.0928,0.421375,FALSE
1664,0.333333333333333,0.0107,0.0796,FALSE
1664,0.444444444444444,0.001,0.009,TRUE
1664,0.555555555555556,7e-04,0.0063,TRUE
1664,0.666666666666667,0.0199,0.1393,FALSE
1664,0.777777777777778,0.2742,0.4814,FALSE
1664,0.888888888888889,0.243,0.4814,FALSE
1664,1,0.2502,0.4814,FALSE
1665,0,0.4705,0.4705,FALSE
1665,0.111111111111111,0.143,0.4705,FALSE
1665,0.222222222222222,0.0206,0.1236,FALSE
1665,0.333333333333333,0.0023,0.0184,TRUE
1665,0.444444444444444,2e-04,0.002,TRUE
1665,0.555555555555556,7e-04,0.0063,TRUE
1665,0.666666666666667,0.0272,0.1632,FALSE
1665,0.777777777777778,0.148,0.4705,FALSE
1665,0.888888888888889,0.2471,0.4705,FALSE
1665,1,0.4434,0.4705,FALSE
1666,0,0.179,0.3948,FALSE
1666,0.111111111111111,0.0705,0.3718,FALSE
1666,0.222222222222222,0.3727,0.3948,FALSE
1666,0.333333333333333,0.0901,0.3948,FALSE
1666,0.444444444444444,0.0079,0.0711,FALSE
1666,0.555555555555556,0.0072,0.0648,FALSE
1666,0.666666666666667,0.1595,0.3948,FALSE
1666,0.777777777777778,0.3087,0.3948,FALSE
1666,0.888888888888889,0.1859,0.3948,FALSE
1666,1,0.3948,0.3948,FALSE
1667,0,0.1769,0.3755,FALSE
1667,0.111111111111111,0.118,0.3755,FALSE
1667,0.222222222222222,0.3755,0.3755,FALSE
1667,0.333333333333333,0.2473,0.3755,FALSE
1667,0.444444444444444,0.1142,0.3755,FALSE
1667,0.555555555555556,0.1205,0.3755,FALSE
1667,0.666666666666667,0.2905,0.3755,FALSE
1667,0.777777777777778,0.3156,0.3755,FALSE
1667,0.888888888888889,0.1473,0.3755,FALSE
1667,1,0.2768,0.3755,FALSE
1668,0,0.2784,0.3338,FALSE
1668,0.111111111111111,0.0712,0.2136,FALSE
1668,0.222222222222222,0.011,0.055,FALSE
1668,0.333333333333333,7e-04,0.0049,TRUE
1668,0.444444444444444,1e-04,9e-04,TRUE
1668,0.555555555555556,1e-04,9e-04,TRUE
1668,0.666666666666667,4e-04,0.0028,TRUE
1668,0.777777777777778,0.011,0.055,FALSE
1668,0.888888888888889,0.0905,0.2715,FALSE
1668,1,0.3338,0.3338,FALSE
1669,0,0.3858,0.5069,FALSE
1669,0.111111111111111,0.5069,0.5069,FALSE
1669,0.222222222222222,0.1815,0.5069,FALSE
1669,0.333333333333333,0.0482,0.3374,FALSE
1669,0.444444444444444,0.0196,0.1764,FALSE
1669,0.555555555555556,0.0272,0.2176,FALSE
1669,0.666666666666667,0.0794,0.5069,FALSE
1669,0.777777777777778,0.2428,0.5069,FALSE
1669,0.888888888888889,0.4629,0.5069,FALSE
1669,1,0.4023,0.5069,FALSE
1670,0,0.3705,0.4753,FALSE
1670,0.111111111111111,0.4233,0.4753,FALSE
1670,0.222222222222222,0.2551,0.4753,FALSE
1670,0.333333333333333,0.0407,0.2442,FALSE
1670,0.444444444444444,0.004,0.032,TRUE
1670,0.555555555555556,7e-04,0.007,TRUE
1670,0.666666666666667,0.0026,0.0208,TRUE
1670,0.777777777777778,0.0264,0.1584,FALSE
1670,0.888888888888889,0.2221,0.4753,FALSE
1670,1,0.4753,0.4753,FALSE
1671,0,0.1238,0.2582,FALSE
1671,0.111111111111111,0.0173,0.1384,FALSE
1671,0.222222222222222,0.1469,0.2582,FALSE
1671,0.333333333333333,0.2582,0.2582,FALSE
1671,0.444444444444444,0.0485,0.221125,FALSE
1671,0.555555555555556,0.1677,0.2582,FALSE
1671,0.666666666666667,0.1769,0.2582,FALSE
1671,0.777777777777778,0.0192,0.1536,FALSE
1671,0.888888888888889,0.0101,0.0864,FALSE
1671,1,0.1314,0.2582,FALSE
1672,0,0.2956,0.2956,FALSE
1672,0.111111111111111,0.1351,0.2956,FALSE
1672,0.222222222222222,0.0771,0.295,FALSE
1672,0.333333333333333,0.0118,0.0868,FALSE
1672,0.444444444444444,8e-04,0.0072,TRUE
1672,0.555555555555556,0.0013,0.0117,TRUE
1672,0.666666666666667,0.0217,0.1519,FALSE
1672,0.777777777777778,0.1348,0.2956,FALSE
1672,0.888888888888889,0.1475,0.2956,FALSE
1672,1,0.2213,0.2956,FALSE
1673,0,0.3728,0.4526,FALSE
1673,0.111111111111111,0.1416,0.4526,FALSE
1673,0.222222222222222,0.0542,0.3252,FALSE
1673,0.333333333333333,0.0104,0.0832,FALSE
1673,0.444444444444444,8e-04,0.0072,TRUE
1673,0.555555555555556,8e-04,0.0072,TRUE
1673,0.666666666666667,0.0507,0.3042,FALSE
1673,0.777777777777778,0.4526,0.4526,FALSE
1673,0.888888888888889,0.3176,0.4526,FALSE
1673,1,0.3957,0.4526,FALSE
1674,0,0.3818,0.4678,FALSE
1674,0.111111111111111,0.3622,0.4678,FALSE
1674,0.222222222222222,0.133,0.4678,FALSE
1674,0.333333333333333,0.0014,0.0112,TRUE
1674,0.444444444444444,0,0,TRUE
1674,0.555555555555556,0,0,TRUE
1674,0.666666666666667,0.0073,0.0511,FALSE
1674,0.777777777777778,0.1769,0.4678,FALSE
1674,0.888888888888889,0.4678,0.4678,FALSE
1674,1,0.4392,0.4678,FALSE
1675,0,0.4774,0.4911,FALSE
1675,0.111111111111111,0.2842,0.4911,FALSE
1675,0.222222222222222,0.0727,0.3635,FALSE
1675,0.333333333333333,0.0056,0.0392,TRUE
1675,0.444444444444444,0,0,TRUE
1675,0.555555555555556,0,0,TRUE
1675,0.666666666666667,0.0016,0.0128,TRUE
1675,0.777777777777778,0.0183,0.1098,FALSE
1675,0.888888888888889,0.2001,0.4911,FALSE
1675,1,0.4911,0.4911,FALSE
1676,0,0.436,0.436,FALSE
1676,0.111111111111111,0.4113,0.436,FALSE
1676,0.222222222222222,0.3645,0.436,FALSE
1676,0.333333333333333,0.1141,0.436,FALSE
1676,0.444444444444444,0.0142,0.1136,FALSE
1676,0.555555555555556,0.0043,0.043,TRUE
1676,0.666666666666667,0.0103,0.0824,FALSE
1676,0.777777777777778,0.0627,0.39935,FALSE
1676,0.888888888888889,0.2214,0.436,FALSE
1676,1,0.4336,0.436,FALSE
1677,0,0.4678,0.4858,FALSE
1677,0.111111111111111,0.1736,0.4858,FALSE
1677,0.222222222222222,0.0173,0.1038,FALSE
1677,0.333333333333333,0.0019,0.0152,TRUE
1677,0.444444444444444,2e-04,0.0018,TRUE
1677,0.555555555555556,2e-04,0.0018,TRUE
1677,0.666666666666667,0.0043,0.0301,TRUE
1677,0.777777777777778,0.0556,0.278,FALSE
1677,0.888888888888889,0.2981,0.4858,FALSE
1677,1,0.4858,0.4858,FALSE
1678,0,0.1326,0.4318,FALSE
1678,0.111111111111111,0.0216,0.1512,FALSE
1678,0.222222222222222,0.1418,0.4318,FALSE
1678,0.333333333333333,0.1809,0.4633,FALSE
1678,0.444444444444444,0.0021,0.0189,TRUE
1678,0.555555555555556,7e-04,0.007,TRUE
1678,0.666666666666667,0.0182,0.1274,FALSE
1678,0.777777777777778,0.2159,0.4633,FALSE
1678,0.888888888888889,0.4633,0.4633,FALSE
1678,1,0.4211,0.4633,FALSE
1679,0,0.4608,0.4608,FALSE
1679,0.111111111111111,0.1684,0.4608,FALSE
1679,0.222222222222222,0.0307,0.1842,FALSE
1679,0.333333333333333,0.0026,0.0208,TRUE
1679,0.444444444444444,5e-04,0.0045,TRUE
1679,0.555555555555556,8e-04,0.0072,TRUE
1679,0.666666666666667,0.0113,0.0791,FALSE
1679,0.777777777777778,0.1212,0.4608,FALSE
1679,0.888888888888889,0.4443,0.4608,FALSE
1679,1,0.3328,0.4608,FALSE
1680,0,0.2786,0.4612,FALSE
1680,0.111111111111111,0.2498,0.4612,FALSE
1680,0.222222222222222,0.2677,0.4612,FALSE
1680,0.333333333333333,0.0576,0.4032,FALSE
1680,0.444444444444444,0.0014,0.0126,TRUE
1680,0.555555555555556,2e-04,0.002,TRUE
1680,0.666666666666667,0.0553,0.3871,FALSE
1680,0.777777777777778,0.4612,0.4612,FALSE
1680,0.888888888888889,0.4565,0.4612,FALSE
1680,1,0.4257,0.4612,FALSE
1681,0,0.4827,0.4967,FALSE
1681,0.111111111111111,0.3882,0.4967,FALSE
1681,0.222222222222222,0.1393,0.4967,FALSE
1681,0.333333333333333,0.0096,0.0768,FALSE
1681,0.444444444444444,0,0,TRUE
1681,0.555555555555556,5e-04,0.0045,TRUE
1681,0.666666666666667,0.0376,0.2632,FALSE
1681,0.777777777777778,0.2629,0.4967,FALSE
1681,0.888888888888889,0.4954,0.4967,FALSE
1681,1,0.4967,0.4967,FALSE
1682,0,0.4712,0.4811,FALSE
1682,0.111111111111111,0.2807,0.4811,FALSE
1682,0.222222222222222,0.077,0.385,FALSE
1682,0.333333333333333,0.0043,0.0324,TRUE
1682,0.444444444444444,1e-04,0.001,TRUE
1682,0.555555555555556,4e-04,0.0036,TRUE
1682,0.666666666666667,0.0081,0.0567,FALSE
1682,0.777777777777778,0.0787,0.3935,FALSE
1682,0.888888888888889,0.2728,0.4811,FALSE
1682,1,0.4811,0.4811,FALSE
1683,0,0.4727,0.4727,FALSE
1683,0.111111111111111,0.3946,0.4727,FALSE
1683,0.222222222222222,0.3215,0.4727,FALSE
1683,0.333333333333333,0.0609,0.4727,FALSE
1683,0.444444444444444,0.0054,0.0495,TRUE
1683,0.555555555555556,0.0099,0.0891,FALSE
1683,0.666666666666667,0.127,0.4727,FALSE
1683,0.777777777777778,0.4603,0.4727,FALSE
1683,0.888888888888889,0.2107,0.4727,FALSE
1683,1,0.2759,0.4727,FALSE
1684,0,0.1578,0.4936,FALSE
1684,0.111111111111111,0.1012,0.4936,FALSE
1684,0.222222222222222,0.3516,0.4936,FALSE
1684,0.333333333333333,0.0106,0.0848,FALSE
1684,0.444444444444444,3e-04,0.003,TRUE
1684,0.555555555555556,0.0027,0.0243,TRUE
1684,0.666666666666667,0.0452,0.3164,FALSE
1684,0.777777777777778,0.2718,0.4936,FALSE
1684,0.888888888888889,0.4936,0.4936,FALSE
1684,1,0.489,0.4936,FALSE
1685,0,0.4371,0.4371,FALSE
1685,0.111111111111111,0.335,0.4371,FALSE
1685,0.222222222222222,0.2031,0.4371,FALSE
1685,0.333333333333333,0.0267,0.1869,FALSE
1685,0.444444444444444,1e-04,9e-04,TRUE
1685,0.555555555555556,0,0,TRUE
1685,0.666666666666667,0.0077,0.0616,FALSE
1685,0.777777777777778,0.1743,0.4371,FALSE
1685,0.888888888888889,0.1805,0.4371,FALSE
1685,1,0.2545,0.4371,FALSE
1686,0,0.3921,0.4095,FALSE
1686,0.111111111111111,0.229,0.4095,FALSE
1686,0.222222222222222,0.07,0.35,FALSE
1686,0.333333333333333,0.0018,0.0126,TRUE
1686,0.444444444444444,0,0,TRUE
1686,0.555555555555556,0,0,TRUE
1686,0.666666666666667,8e-04,0.0064,TRUE
1686,0.777777777777778,0.1029,0.4095,FALSE
1686,0.888888888888889,0.2956,0.4095,FALSE
1686,1,0.4095,0.4095,FALSE
1687,0,0.4687,0.4879,FALSE
1687,0.111111111111111,0.4082,0.4879,FALSE
1687,0.222222222222222,0.241,0.4879,FALSE
1687,0.333333333333333,0.0708,0.4248,FALSE
1687,0.444444444444444,0.0129,0.1161,FALSE
1687,0.555555555555556,0.008,0.072,FALSE
1687,0.666666666666667,0.0283,0.2264,FALSE
1687,0.777777777777778,0.1212,0.4879,FALSE
1687,0.888888888888889,0.3183,0.4879,FALSE
1687,1,0.4879,0.4879,FALSE
1688,0,0.443,0.4962,FALSE
1688,0.111111111111111,0.4962,0.4962,FALSE
1688,0.222222222222222,0.2588,0.4962,FALSE
1688,0.333333333333333,0.1168,0.4962,FALSE
1688,0.444444444444444,0.069,0.483,FALSE
1688,0.555555555555556,0.0664,0.4776,FALSE
1688,0.666666666666667,0.1194,0.4962,FALSE
1688,0.777777777777778,0.2894,0.4962,FALSE
1688,0.888888888888889,0.4198,0.4962,FALSE
1688,1,0.3885,0.4962,FALSE
1689,0,0.358,0.4634,FALSE
1689,0.111111111111111,0.2682,0.4634,FALSE
1689,0.222222222222222,0.4634,0.4634,FALSE
1689,0.333333333333333,0.1374,0.4634,FALSE
1689,0.444444444444444,0.0511,0.4203,FALSE
1689,0.555555555555556,0.056,0.448,FALSE
1689,0.666666666666667,0.1401,0.4634,FALSE
1689,0.777777777777778,0.4029,0.4634,FALSE
1689,0.888888888888889,0.2563,0.4634,FALSE
1689,1,0.2949,0.4634,FALSE
1690,0,0.4176,0.4352,FALSE
1690,0.111111111111111,0.3899,0.4352,FALSE
1690,0.222222222222222,0.0888,0.4352,FALSE
1690,0.333333333333333,0.0146,0.1168,FALSE
1690,0.444444444444444,0.0056,0.0504,FALSE
1690,0.555555555555556,0.0115,0.092,FALSE
1690,0.666666666666667,0.0413,0.2891,FALSE
1690,0.777777777777778,0.1445,0.4352,FALSE
1690,0.888888888888889,0.4036,0.4352,FALSE
1690,1,0.4352,0.4352,FALSE
1691,0,0.3059,0.4877,FALSE
1691,0.111111111111111,0.4877,0.4877,FALSE
1691,0.222222222222222,0.0925,0.4625,FALSE
1691,0.333333333333333,0.0116,0.0812,FALSE
1691,0.444444444444444,4e-04,0.0036,TRUE
1691,0.555555555555556,4e-04,0.0036,TRUE
1691,0.666666666666667,0.0067,0.0469,TRUE
1691,0.777777777777778,0.0515,0.2775,FALSE
1691,0.888888888888889,0.2038,0.4877,FALSE
1691,1,0.4541,0.4877,FALSE
1692,0,0.1905,0.3206,FALSE
1692,0.111111111111111,0.0572,0.23775,FALSE
1692,0.222222222222222,0.0198,0.1188,FALSE
1692,0.333333333333333,8e-04,0.0064,TRUE
1692,0.444444444444444,0,0,TRUE
1692,0.555555555555556,0,0,TRUE
1692,0.666666666666667,0.0075,0.0525,FALSE
1692,0.777777777777778,0.0951,0.2853,FALSE
1692,0.888888888888889,0.1752,0.3206,FALSE
1692,1,0.3206,0.3206,FALSE
1693,0,0.2263,0.4705,FALSE
1693,0.111111111111111,0.0298,0.149,FALSE
1693,0.222222222222222,0.0037,0.0259,TRUE
1693,0.333333333333333,3e-04,0.0027,TRUE
1693,0.444444444444444,1e-04,0.001,TRUE
1693,0.555555555555556,0.0022,0.0154,TRUE
1693,0.666666666666667,0.0219,0.1095,FALSE
1693,0.777777777777778,0.1397,0.4312,FALSE
1693,0.888888888888889,0.4705,0.4705,FALSE
1693,1,0.3234,0.4705,FALSE
1694,0,0.3662,0.4834,FALSE
1694,0.111111111111111,0.4834,0.4834,FALSE
1694,0.222222222222222,0.1215,0.4834,FALSE
1694,0.333333333333333,0.005,0.04,TRUE
1694,0.444444444444444,2e-04,0.002,TRUE
1694,0.555555555555556,0.0042,0.0336,TRUE
1694,0.666666666666667,0.1444,0.4834,FALSE
1694,0.777777777777778,0.2686,0.4834,FALSE
1694,0.888888888888889,0.0814,0.407,FALSE
1694,1,0.226,0.4834,FALSE
1695,0,0.4078,0.4832,FALSE
1695,0.111111111111111,0.2485,0.4832,FALSE
1695,0.222222222222222,0.0507,0.3042,FALSE
1695,0.333333333333333,1e-04,8e-04,TRUE
1695,0.444444444444444,0,0,TRUE
1695,0.555555555555556,0,0,TRUE
1695,0.666666666666667,0.0258,0.17745,FALSE
1695,0.777777777777778,0.2487,0.4832,FALSE
1695,0.888888888888889,0.4817,0.4832,FALSE
1695,1,0.4832,0.4832,FALSE
1696,0,0.1127,0.4685,FALSE
1696,0.111111111111111,0.0113,0.113,FALSE
1696,0.222222222222222,0.049,0.294,FALSE
1696,0.333333333333333,0.3832,0.4685,FALSE
1696,0.444444444444444,0.1103,0.4685,FALSE
1696,0.555555555555556,0.03,0.2254,FALSE
1696,0.666666666666667,0.0698,0.349,FALSE
1696,0.777777777777778,0.4685,0.4685,FALSE
1696,0.888888888888889,0.1954,0.4685,FALSE
1696,1,0.2901,0.4685,FALSE
1697,0,0.3391,0.4672,FALSE
1697,0.111111111111111,0.3739,0.4672,FALSE
1697,0.222222222222222,0.204,0.4672,FALSE
1697,0.333333333333333,0.0192,0.1344,FALSE
1697,0.444444444444444,6e-04,0.0054,TRUE
1697,0.555555555555556,9e-04,0.0081,TRUE
1697,0.666666666666667,0.0225,0.1575,FALSE
1697,0.777777777777778,0.154,0.4672,FALSE
1697,0.888888888888889,0.4672,0.4672,FALSE
1697,1,0.3759,0.4672,FALSE
1698,0,0.3669,0.4565,FALSE
1698,0.111111111111111,0.2308,0.4565,FALSE
1698,0.222222222222222,0.127,0.4565,FALSE
1698,0.333333333333333,0.0121,0.0847,FALSE
1698,0.444444444444444,1e-04,9e-04,TRUE
1698,0.555555555555556,0,0,TRUE
1698,0.666666666666667,0.0133,0.0931,FALSE
1698,0.777777777777778,0.3282,0.4565,FALSE
1698,0.888888888888889,0.4565,0.4565,FALSE
1698,1,0.4262,0.4565,FALSE
1699,0,0.4973,0.4973,FALSE
1699,0.111111111111111,0.4387,0.4973,FALSE
1699,0.222222222222222,0.3815,0.4973,FALSE
1699,0.333333333333333,0.0936,0.4973,FALSE
1699,0.444444444444444,0.031,0.31,FALSE
1699,0.555555555555556,0.0713,0.4973,FALSE
1699,0.666666666666667,0.2809,0.4973,FALSE
1699,0.777777777777778,0.2694,0.4973,FALSE
1699,0.888888888888889,0.1617,0.4973,FALSE
1699,1,0.3199,0.4973,FALSE
1700,0,0.2379,0.492,FALSE
1700,0.111111111111111,0.328,0.4973,FALSE
1700,0.222222222222222,0.1265,0.437333333333333,FALSE
1700,0.333333333333333,0.0082,0.0574,FALSE
1700,0.444444444444444,4e-04,0.0036,TRUE
1700,0.555555555555556,6e-04,0.0054,TRUE
1700,0.666666666666667,0.0088,0.0616,FALSE
1700,0.777777777777778,0.0739,0.3795,FALSE
1700,0.888888888888889,0.2877,0.4973,FALSE
1700,1,0.4973,0.4973,FALSE
1701,0,0.2152,0.441,FALSE
1701,0.111111111111111,0.1094,0.441,FALSE
1701,0.222222222222222,0.441,0.441,FALSE
1701,0.333333333333333,0.0477,0.307066666666667,FALSE
1701,0.444444444444444,0.0017,0.0153,TRUE
1701,0.555555555555556,0.0026,0.0234,TRUE
1701,0.666666666666667,0.0587,0.3522,FALSE
1701,0.777777777777778,0.4353,0.441,FALSE
1701,0.888888888888889,0.1316,0.441,FALSE
1701,1,0.295,0.441,FALSE
1702,0,0.4866,0.4866,FALSE
1702,0.111111111111111,0.2808,0.4866,FALSE
1702,0.222222222222222,0.0776,0.37625,FALSE
1702,0.333333333333333,0.0138,0.0966,FALSE
1702,0.444444444444444,0.0043,0.0387,TRUE
1702,0.555555555555556,0.0059,0.0531,FALSE
1702,0.666666666666667,0.0189,0.1323,FALSE
1702,0.777777777777778,0.0533,0.2665,FALSE
1702,0.888888888888889,0.1505,0.4866,FALSE
1702,1,0.3904,0.4866,FALSE
1703,0,0.2497,0.3869,FALSE
1703,0.111111111111111,0.1555,0.3869,FALSE
1703,0.222222222222222,0.3869,0.3869,FALSE
1703,0.333333333333333,0.1628,0.3869,FALSE
1703,0.444444444444444,0.0329,0.3256,FALSE
1703,0.555555555555556,0.071,0.3869,FALSE
1703,0.666666666666667,0.3633,0.3869,FALSE
1703,0.777777777777778,0.2379,0.3869,FALSE
1703,0.888888888888889,0.1328,0.3869,FALSE
1703,1,0.2788,0.3869,FALSE
1704,0,0.2645,0.3488,FALSE
1704,0.111111111111111,0.223,0.3488,FALSE
1704,0.222222222222222,0.3488,0.3488,FALSE
1704,0.333333333333333,0.035,0.245,FALSE
1704,0.444444444444444,0.0022,0.0198,TRUE
1704,0.555555555555556,0.0011,0.011,TRUE
1704,0.666666666666667,0.0114,0.0912,FALSE
1704,0.777777777777778,0.1606,0.3488,FALSE
1704,0.888888888888889,0.297,0.3488,FALSE
1704,1,0.2586,0.3488,FALSE
1705,0,0.3955,0.4995,FALSE
1705,0.111111111111111,0.346,0.4995,FALSE
1705,0.222222222222222,0.4508,0.4995,FALSE
1705,0.333333333333333,0.0495,0.3465,FALSE
1705,0.444444444444444,0.0043,0.0387,TRUE
1705,0.555555555555556,0.0061,0.0549,FALSE
1705,0.666666666666667,0.0401,0.2807,FALSE
1705,0.777777777777778,0.4995,0.4995,FALSE
1705,0.888888888888889,0.3611,0.4995,FALSE
1705,1,0.456,0.4995,FALSE
1706,0,0.4448,0.4448,FALSE
1706,0.111111111111111,0.2807,0.4448,FALSE
1706,0.222222222222222,0.0355,0.1775,FALSE
1706,0.333333333333333,0.001,0.007,TRUE
1706,0.444444444444444,0,0,TRUE
1706,0.555555555555556,0,0,TRUE
1706,0.666666666666667,0,0,TRUE
1706,0.777777777777778,0.0581,0.2905,FALSE
1706,0.888888888888889,0.3909,0.4448,FALSE
1706,1,0.4148,0.4448,FALSE
1707,0,0.1527,0.4092,FALSE
1707,0.111111111111111,0.0969,0.3876,FALSE
1707,0.222222222222222,0.4092,0.4092,FALSE
1707,0.333333333333333,0.1543,0.4092,FALSE
1707,0.444444444444444,0.0444,0.2807,FALSE
1707,0.555555555555556,0.046,0.2807,FALSE
1707,0.666666666666667,0.1604,0.4092,FALSE
1707,0.777777777777778,0.3959,0.4092,FALSE
1707,0.888888888888889,0.1419,0.4092,FALSE
1707,1,0.2305,0.4092,FALSE
1708,0,0.4755,0.4755,FALSE
1708,0.111111111111111,0.1908,0.4755,FALSE
1708,0.222222222222222,0.0428,0.2568,FALSE
1708,0.333333333333333,0.0067,0.0469,TRUE
1708,0.444444444444444,5e-04,0.0045,TRUE
1708,0.555555555555556,5e-04,0.0045,TRUE
1708,0.666666666666667,0.0112,0.0784,FALSE
1708,0.777777777777778,0.1681,0.4755,FALSE
1708,0.888888888888889,0.4195,0.4755,FALSE
1708,1,0.3545,0.4755,FALSE
1709,0,0.3972,0.4338,FALSE
1709,0.111111111111111,0.2553,0.4338,FALSE
1709,0.222222222222222,0.1119,0.4338,FALSE
1709,0.333333333333333,0.0117,0.0936,FALSE
1709,0.444444444444444,0.0038,0.0342,TRUE
1709,0.555555555555556,0.0066,0.0528,FALSE
1709,0.666666666666667,0.0687,0.4122,FALSE
1709,0.777777777777778,0.3742,0.4338,FALSE
1709,0.888888888888889,0.3735,0.4338,FALSE
1709,1,0.4338,0.4338,FALSE
1710,0,0.5076,0.5104,FALSE
1710,0.111111111111111,0.3483,0.5104,FALSE
1710,0.222222222222222,0.0902,0.5104,FALSE
1710,0.333333333333333,0.0039,0.0312,TRUE
1710,0.444444444444444,0,0,TRUE
1710,0.555555555555556,0.0011,0.0099,TRUE
1710,0.666666666666667,0.0222,0.1554,FALSE
1710,0.777777777777778,0.232,0.5104,FALSE
1710,0.888888888888889,0.4327,0.5104,FALSE
1710,1,0.5104,0.5104,FALSE
1711,0,0.3226,0.4841,FALSE
1711,0.111111111111111,0.0565,0.226,FALSE
1711,0.222222222222222,0.0063,0.0378,TRUE
1711,0.333333333333333,0,0,TRUE
1711,0.444444444444444,0,0,TRUE
1711,0.555555555555556,0,0,TRUE
1711,0.666666666666667,0,0,TRUE
1711,0.777777777777778,0.0297,0.14125,FALSE
1711,0.888888888888889,0.2032,0.4839,FALSE
1711,1,0.4841,0.4841,FALSE
1712,0,0.272,0.4999,FALSE
1712,0.111111111111111,0.0563,0.2252,FALSE
1712,0.222222222222222,0.0095,0.0475,TRUE
1712,0.333333333333333,5e-04,0.0035,TRUE
1712,0.444444444444444,1e-04,9e-04,TRUE
1712,0.555555555555556,0,0,TRUE
1712,0.666666666666667,5e-04,0.0035,TRUE
1712,0.777777777777778,0.0109,0.0545,FALSE
1712,0.888888888888889,0.1455,0.408,FALSE
1712,1,0.4999,0.4999,FALSE
1713,0,0.3682,0.4142,FALSE
1713,0.111111111111111,0.4142,0.4142,FALSE
1713,0.222222222222222,0.2204,0.4142,FALSE
1713,0.333333333333333,0.0248,0.1736,FALSE
1713,0.444444444444444,0.0026,0.0234,TRUE
1713,0.555555555555556,0.0014,0.013,TRUE
1713,0.666666666666667,0.0091,0.0728,FALSE
1713,0.777777777777778,0.2262,0.4142,FALSE
1713,0.888888888888889,0.2615,0.4142,FALSE
1713,1,0.2803,0.4142,FALSE
1714,0,0.3054,0.3596,FALSE
1714,0.111111111111111,0.3424,0.3596,FALSE
1714,0.222222222222222,0.25,0.3596,FALSE
1714,0.333333333333333,0.04,0.28,FALSE
1714,0.444444444444444,0.0011,0.0099,TRUE
1714,0.555555555555556,0,0,TRUE
1714,0.666666666666667,0.0039,0.0312,TRUE
1714,0.777777777777778,0.179,0.3596,FALSE
1714,0.888888888888889,0.3596,0.3596,FALSE
1714,1,0.335,0.3596,FALSE
1715,0,0.2624,0.4906,FALSE
1715,0.111111111111111,0.1935,0.4906,FALSE
1715,0.222222222222222,0.4906,0.4906,FALSE
1715,0.333333333333333,0.1091,0.4906,FALSE
1715,0.444444444444444,0.0068,0.0544,FALSE
1715,0.555555555555556,4e-04,0.004,TRUE
1715,0.666666666666667,0.0016,0.0144,TRUE
1715,0.777777777777778,0.1016,0.4906,FALSE
1715,0.888888888888889,0.3699,0.4906,FALSE
1715,1,0.4071,0.4906,FALSE
1716,0,0.4829,0.4829,FALSE
1716,0.111111111111111,0.1658,0.3327,FALSE
1716,0.222222222222222,0.0159,0.0795,FALSE
1716,0.333333333333333,0,0,TRUE
1716,0.444444444444444,0,0,TRUE
1716,0.555555555555556,0,0,TRUE
1716,0.666666666666667,0,0,TRUE
1716,0.777777777777778,0.0072,0.0432,TRUE
1716,0.888888888888889,0.0374,0.1496,FALSE
1716,1,0.2218,0.4436,FALSE
1717,0,0.3898,0.4295,FALSE
1717,0.111111111111111,0.1541,0.4295,FALSE
1717,0.222222222222222,0.0444,0.222,FALSE
1717,0.333333333333333,0.0067,0.0469,TRUE
1717,0.444444444444444,4e-04,0.0036,TRUE
1717,0.555555555555556,1e-04,0.001,TRUE
1717,0.666666666666667,0.0028,0.0224,TRUE
1717,0.777777777777778,0.0723,0.3615,FALSE
1717,0.888888888888889,0.4295,0.4295,FALSE
1717,1,0.3904,0.4295,FALSE
1718,0,0.4255,0.4255,FALSE
1718,0.111111111111111,0.22,0.4255,FALSE
1718,0.222222222222222,0.1305,0.3915,FALSE
1718,0.333333333333333,0.0277,0.1662,FALSE
1718,0.444444444444444,0.001,0.008,TRUE
1718,0.555555555555556,1e-04,0.001,TRUE
1718,0.666666666666667,3e-04,0.0027,TRUE
1718,0.777777777777778,0.0383,0.2298,FALSE
1718,0.888888888888889,0.1447,0.4206,FALSE
1718,1,0.2804,0.4255,FALSE
1719,0,0.3763,0.4161,FALSE
1719,0.111111111111111,0.267,0.4161,FALSE
1719,0.222222222222222,0.147,0.4161,FALSE
1719,0.333333333333333,0.0178,0.1246,FALSE
1719,0.444444444444444,3e-04,0.0027,TRUE
1719,0.555555555555556,0,0,TRUE
1719,0.666666666666667,0.0033,0.0264,TRUE
1719,0.777777777777778,0.0844,0.4161,FALSE
1719,0.888888888888889,0.2902,0.4161,FALSE
1719,1,0.4161,0.4161,FALSE
1720,0,0.1566,0.4205,FALSE
1720,0.111111111111111,0.0177,0.1416,FALSE
1720,0.222222222222222,0.1016,0.4064,FALSE
1720,0.333333333333333,0.1496,0.4205,FALSE
1720,0.444444444444444,0,0,TRUE
1720,0.555555555555556,0,0,TRUE
1720,0.666666666666667,0.036,0.252,FALSE
1720,0.777777777777778,0.4205,0.4205,FALSE
1720,0.888888888888889,0.3952,0.4205,FALSE
1720,1,0.3497,0.4205,FALSE
1721,0,0.417,0.417,FALSE
1721,0.111111111111111,0.4008,0.417,FALSE
1721,0.222222222222222,0.0392,0.2352,FALSE
1721,0.333333333333333,3e-04,0.0024,TRUE
1721,0.444444444444444,0,0,TRUE
1721,0.555555555555556,1e-04,9e-04,TRUE
1721,0.666666666666667,0.0131,0.0917,FALSE
1721,0.777777777777778,0.2082,0.417,FALSE
1721,0.888888888888889,0.3043,0.417,FALSE
1721,1,0.281,0.417,FALSE
1722,0,0.3686,0.4584,FALSE
1722,0.111111111111111,0.4584,0.4584,FALSE
1722,0.222222222222222,0.0879,0.44232,FALSE
1722,0.333333333333333,0.0027,0.0216,TRUE
1722,0.444444444444444,0,0,TRUE
1722,0.555555555555556,2e-04,0.0018,TRUE
1722,0.666666666666667,0.0117,0.0819,FALSE
1722,0.777777777777778,0.2798,0.4584,FALSE
1722,0.888888888888889,0.3064,0.4584,FALSE
1722,1,0.3531,0.4584,FALSE
1723,0,0.3703,0.4498,FALSE
1723,0.111111111111111,0.2066,0.4498,FALSE
1723,0.222222222222222,0.4498,0.4498,FALSE
1723,0.333333333333333,0.0887,0.44436,FALSE
1723,0.444444444444444,0.0125,0.1125,FALSE
1723,0.555555555555556,0.0074,0.0666,FALSE
1723,0.666666666666667,0.06,0.42,FALSE
1723,0.777777777777778,0.3443,0.4498,FALSE
1723,0.888888888888889,0.3183,0.4498,FALSE
1723,1,0.3264,0.4498,FALSE
1724,0,0.4719,0.4719,FALSE
1724,0.111111111111111,0.1725,0.4719,FALSE
1724,0.222222222222222,0.0463,0.2315,FALSE
1724,0.333333333333333,0.011,0.077,FALSE
1724,0.444444444444444,0.0047,0.0376,TRUE
1724,0.555555555555556,0.0043,0.0344,TRUE
1724,0.666666666666667,0.0084,0.0588,FALSE
1724,0.777777777777778,0.0291,0.1455,FALSE
1724,0.888888888888889,0.1181,0.3543,FALSE
1724,1,0.3827,0.4719,FALSE
1725,0,0.4018,0.4018,FALSE
1725,0.111111111111111,0.2749,0.4018,FALSE
1725,0.222222222222222,0.3528,0.4018,FALSE
1725,0.333333333333333,0.0309,0.2163,FALSE
1725,0.444444444444444,0.0014,0.0126,TRUE
1725,0.555555555555556,0.002,0.018,TRUE
1725,0.666666666666667,0.0483,0.3381,FALSE
1725,0.777777777777778,0.3617,0.4018,FALSE
1725,0.888888888888889,0.319,0.4018,FALSE
1725,1,0.3944,0.4018,FALSE
1726,0,0.2477,0.2773,FALSE
1726,0.111111111111111,0.0085,0.034,TRUE
1726,0.222222222222222,0,0,TRUE
1726,0.333333333333333,0,0,TRUE
1726,0.444444444444444,0,0,TRUE
1726,0.555555555555556,0,0,TRUE
1726,0.666666666666667,0,0,TRUE
1726,0.777777777777778,0.0012,0.006,TRUE
1726,0.888888888888889,0.0281,0.0843,FALSE
1726,1,0.2773,0.2773,FALSE
1727,0,0.4502,0.4628,FALSE
1727,0.111111111111111,0.4628,0.4628,FALSE
1727,0.222222222222222,0.3625,0.4628,FALSE
1727,0.333333333333333,0.0566,0.3396,FALSE
1727,0.444444444444444,0.0059,0.0472,TRUE
1727,0.555555555555556,0.0029,0.029,TRUE
1727,0.666666666666667,0.0096,0.0768,FALSE
1727,0.777777777777778,0.0908,0.4628,FALSE
1727,0.888888888888889,0.2925,0.4628,FALSE
1727,1,0.4508,0.4628,FALSE
1728,0,0.2306,0.4292,FALSE
1728,0.111111111111111,0.1888,0.4292,FALSE
1728,0.222222222222222,0.2044,0.4292,FALSE
1728,0.333333333333333,0.0049,0.0392,TRUE
1728,0.444444444444444,0,0,TRUE
1728,0.555555555555556,1e-04,9e-04,TRUE
1728,0.666666666666667,0.0159,0.1113,FALSE
1728,0.777777777777778,0.123,0.388133333333333,FALSE
1728,0.888888888888889,0.2911,0.4292,FALSE
1728,1,0.4292,0.4292,FALSE
1729,0,0.4577,0.4577,FALSE
1729,0.111111111111111,0.2482,0.4577,FALSE
1729,0.222222222222222,0.3958,0.4577,FALSE
1729,0.333333333333333,0.0707,0.4577,FALSE
1729,0.444444444444444,7e-04,0.0063,TRUE
1729,0.555555555555556,2e-04,0.002,TRUE
1729,0.666666666666667,0.0173,0.1384,FALSE
1729,0.777777777777778,0.2828,0.4577,FALSE
1729,0.888888888888889,0.4104,0.4577,FALSE
1729,1,0.4167,0.4577,FALSE
1730,0,0.3943,0.4732,FALSE
1730,0.111111111111111,0.1776,0.4732,FALSE
1730,0.222222222222222,0.043,0.258,FALSE
1730,0.333333333333333,0.0015,0.012,TRUE
1730,0.444444444444444,0,0,TRUE
1730,0.555555555555556,0,0,TRUE
1730,0.666666666666667,0.0059,0.0413,TRUE
1730,0.777777777777778,0.315,0.4732,FALSE
1730,0.888888888888889,0.4732,0.4732,FALSE
1730,1,0.4511,0.4732,FALSE
1731,0,0.1654,0.4879,FALSE
1731,0.111111111111111,0.043,0.37245,FALSE
1731,0.222222222222222,0.1632,0.4879,FALSE
1731,0.333333333333333,0.4879,0.4879,FALSE
1731,0.444444444444444,0.2483,0.4879,FALSE
1731,0.555555555555556,0.2467,0.4879,FALSE
1731,0.666666666666667,0.4682,0.4879,FALSE
1731,0.777777777777778,0.1935,0.4879,FALSE
1731,0.888888888888889,0.1576,0.4879,FALSE
1731,1,0.3181,0.4879,FALSE
1732,0,0.2626,0.4044,FALSE
1732,0.111111111111111,0.2583,0.4044,FALSE
1732,0.222222222222222,0.2194,0.4044,FALSE
1732,0.333333333333333,0.0062,0.0434,TRUE
1732,0.444444444444444,0,0,TRUE
1732,0.555555555555556,0,0,TRUE
1732,0.666666666666667,0,0,TRUE
1732,0.777777777777778,0.0197,0.1182,FALSE
1732,0.888888888888889,0.3372,0.4044,FALSE
1732,1,0.4044,0.4044,FALSE
1733,0,0.4129,0.5137,FALSE
1733,0.111111111111111,0.5137,0.5137,FALSE
1733,0.222222222222222,0.1433,0.5137,FALSE
1733,0.333333333333333,0.0076,0.0532,FALSE
1733,0.444444444444444,0,0,TRUE
1733,0.555555555555556,0,0,TRUE
1733,0.666666666666667,0.0133,0.0931,FALSE
1733,0.777777777777778,0.3469,0.5137,FALSE
1733,0.888888888888889,0.4769,0.5137,FALSE
1733,1,0.4264,0.5137,FALSE
1734,0,0.4699,0.4699,FALSE
1734,0.111111111111111,0.4455,0.4699,FALSE
1734,0.222222222222222,0.4311,0.4699,FALSE
1734,0.333333333333333,0.0769,0.4699,FALSE
1734,0.444444444444444,0.0039,0.0351,TRUE
1734,0.555555555555556,0.0024,0.0216,TRUE
1734,0.666666666666667,0.0562,0.3934,FALSE
1734,0.777777777777778,0.392,0.4699,FALSE
1734,0.888888888888889,0.3039,0.4699,FALSE
1734,1,0.3598,0.4699,FALSE
1735,0,0.3596,0.4223,FALSE
1735,0.111111111111111,0.4223,0.4223,FALSE
1735,0.222222222222222,0.2132,0.4223,FALSE
1735,0.333333333333333,0.0299,0.2093,FALSE
1735,0.444444444444444,0.0036,0.0324,TRUE
1735,0.555555555555556,0.0016,0.016,TRUE
1735,0.666666666666667,0.0119,0.0952,FALSE
1735,0.777777777777778,0.2248,0.4223,FALSE
1735,0.888888888888889,0.3391,0.4223,FALSE
1735,1,0.3675,0.4223,FALSE
1736,0,0.2356,0.2736,FALSE
1736,0.111111111111111,0.0847,0.2541,FALSE
1736,0.222222222222222,0.0201,0.1005,FALSE
1736,0.333333333333333,2e-04,0.0016,TRUE
1736,0.444444444444444,0,0,TRUE
1736,0.555555555555556,0,0,TRUE
1736,0.666666666666667,5e-04,0.0035,TRUE
1736,0.777777777777778,0.0117,0.0603,FALSE
1736,0.888888888888889,0.0693,0.2079,FALSE
1736,1,0.2736,0.2736,FALSE
1737,0,0.3769,0.4138,FALSE
1737,0.111111111111111,0.1922,0.4138,FALSE
1737,0.222222222222222,0.0765,0.3825,FALSE
1737,0.333333333333333,0.0105,0.0735,FALSE
1737,0.444444444444444,6e-04,0.0054,TRUE
1737,0.555555555555556,5e-04,0.0045,TRUE
1737,0.666666666666667,0.0086,0.0602,FALSE
1737,0.777777777777778,0.0924,0.413166666666667,FALSE
1737,0.888888888888889,0.2479,0.4138,FALSE
1737,1,0.4138,0.4138,FALSE
1738,0,0.4108,0.4509,FALSE
1738,0.111111111111111,0.1702,0.4509,FALSE
1738,0.222222222222222,0.023,0.115,FALSE
1738,0.333333333333333,5e-04,0.004,TRUE
1738,0.444444444444444,0,0,TRUE
1738,0.555555555555556,0,0,TRUE
1738,0.666666666666667,0.0029,0.0203,TRUE
1738,0.777777777777778,0.0376,0.188,FALSE
1738,0.888888888888889,0.2744,0.4509,FALSE
1738,1,0.4509,0.4509,FALSE
1739,0,0.122,0.1983,FALSE
1739,0.111111111111111,0.0055,0.022,TRUE
1739,0.222222222222222,2e-04,0.0012,TRUE
1739,0.333333333333333,0,0,TRUE
1739,0.444444444444444,0,0,TRUE
1739,0.555555555555556,0,0,TRUE
1739,0.666666666666667,1e-04,7e-04,TRUE
1739,0.777777777777778,0.0032,0.01375,TRUE
1739,0.888888888888889,0.0185,0.0555,FALSE
1739,1,0.1983,0.1983,FALSE
1740,0,0.2186,0.3718,FALSE
1740,0.111111111111111,0.1032,0.366133333333333,FALSE
1740,0.222222222222222,0.3718,0.3718,FALSE
1740,0.333333333333333,0.0498,0.2988,FALSE
1740,0.444444444444444,4e-04,0.0036,TRUE
1740,0.555555555555556,3e-04,0.0027,TRUE
1740,0.666666666666667,0.0856,0.34325,FALSE
1740,0.777777777777778,0.182,0.3718,FALSE
1740,0.888888888888889,0.0851,0.34325,FALSE
1740,1,0.2746,0.3718,FALSE
1741,0,0.3613,0.3818,FALSE
1741,0.111111111111111,0.3818,0.3818,FALSE
1741,0.222222222222222,0.3421,0.3818,FALSE
1741,0.333333333333333,0.0037,0.0296,TRUE
1741,0.444444444444444,2e-04,0.002,TRUE
1741,0.555555555555556,0.0028,0.0224,TRUE
1741,0.666666666666667,0.1519,0.3818,FALSE
1741,0.777777777777778,0.1744,0.3818,FALSE
1741,0.888888888888889,0.1248,0.3818,FALSE
1741,1,0.3074,0.3818,FALSE
1742,0,0.4349,0.4571,FALSE
1742,0.111111111111111,0.4571,0.4571,FALSE
1742,0.222222222222222,0.1608,0.4571,FALSE
1742,0.333333333333333,0.0346,0.2422,FALSE
1742,0.444444444444444,0.0063,0.0567,FALSE
1742,0.555555555555556,0.0066,0.0594,FALSE
1742,0.666666666666667,0.0439,0.3073,FALSE
1742,0.777777777777778,0.2418,0.4571,FALSE
1742,0.888888888888889,0.3233,0.4571,FALSE
1742,1,0.3016,0.4571,FALSE
1743,0,0.4745,0.4745,FALSE
1743,0.111111111111111,0.335,0.4745,FALSE
1743,0.222222222222222,0.0819,0.3276,FALSE
1743,0.333333333333333,0.0059,0.0413,TRUE
1743,0.444444444444444,8e-04,0.0072,TRUE
1743,0.555555555555556,0.0014,0.0126,TRUE
1743,0.666666666666667,0.0073,0.0511,FALSE
1743,0.777777777777778,0.0331,0.1986,FALSE
1743,0.888888888888889,0.1094,0.4376,FALSE
1743,1,0.3259,0.4745,FALSE
1744,0,0.4649,0.4649,FALSE
1744,0.111111111111111,0.4223,0.4649,FALSE
1744,0.222222222222222,0.3087,0.4649,FALSE
1744,0.333333333333333,0.0074,0.0518,FALSE
1744,0.444444444444444,2e-04,0.0018,TRUE
1744,0.555555555555556,3e-04,0.0027,TRUE
1744,0.666666666666667,0.0118,0.0826,FALSE
1744,0.777777777777778,0.1791,0.4649,FALSE
1744,0.888888888888889,0.2169,0.4649,FALSE
1744,1,0.2714,0.4649,FALSE
1745,0,0.4702,0.4702,FALSE
1745,0.111111111111111,0.1738,0.4702,FALSE
1745,0.222222222222222,0.1953,0.4702,FALSE
1745,0.333333333333333,0.265,0.4702,FALSE
1745,0.444444444444444,0.0701,0.3975,FALSE
1745,0.555555555555556,0.07,0.3975,FALSE
1745,0.666666666666667,0.1962,0.4702,FALSE
1745,0.777777777777778,0.3782,0.4702,FALSE
1745,0.888888888888889,0.133,0.4702,FALSE
1745,1,0.2245,0.4702,FALSE
1746,0,0.3356,0.4103,FALSE
1746,0.111111111111111,0.0801,0.3204,FALSE
1746,0.222222222222222,0.0117,0.0702,FALSE
1746,0.333333333333333,0,0,TRUE
1746,0.444444444444444,0,0,TRUE
1746,0.555555555555556,0,0,TRUE
1746,0.666666666666667,0,0,TRUE
1746,0.777777777777778,0.0325,0.1625,FALSE
1746,0.888888888888889,0.1856,0.4103,FALSE
1746,1,0.4103,0.4103,FALSE
1747,0,0.4274,0.4274,FALSE
1747,0.111111111111111,0.196,0.4274,FALSE
1747,0.222222222222222,0.3762,0.4274,FALSE
1747,0.333333333333333,0.0448,0.3292,FALSE
1747,0.444444444444444,0.005,0.05,FALSE
1747,0.555555555555556,0.0185,0.1665,FALSE
1747,0.666666666666667,0.0823,0.4274,FALSE
1747,0.777777777777778,0.2211,0.4274,FALSE
1747,0.888888888888889,0.3793,0.4274,FALSE
1747,1,0.2556,0.4274,FALSE
1748,0,0.4009,0.4199,FALSE
1748,0.111111111111111,0.4199,0.4199,FALSE
1748,0.222222222222222,0.3151,0.4199,FALSE
1748,0.333333333333333,0.1368,0.4199,FALSE
1748,0.444444444444444,0.058,0.358633333333333,FALSE
1748,0.555555555555556,0.0312,0.232,FALSE
1748,0.666666666666667,0.0296,0.232,FALSE
1748,0.777777777777778,0.0555,0.358633333333333,FALSE
1748,0.888888888888889,0.1537,0.4199,FALSE
1748,1,0.3818,0.4199,FALSE
1749,0,0.1754,0.3025,FALSE
1749,0.111111111111111,0.0615,0.246,FALSE
1749,0.222222222222222,0.0334,0.15375,FALSE
1749,0.333333333333333,6e-04,0.0042,TRUE
1749,0.444444444444444,0,0,TRUE
1749,0.555555555555556,0,0,TRUE
1749,0.666666666666667,6e-04,0.0042,TRUE
1749,0.777777777777778,0.0458,0.1832,FALSE
1749,0.888888888888889,0.2057,0.3025,FALSE
1749,1,0.3025,0.3025,FALSE
1750,0,0.4318,0.4318,FALSE
1750,0.111111111111111,0.1957,0.4318,FALSE
1750,0.222222222222222,0.048,0.288,FALSE
1750,0.333333333333333,0.0012,0.0096,TRUE
1750,0.444444444444444,0,0,TRUE
1750,0.555555555555556,2e-04,0.0018,TRUE
1750,0.666666666666667,0.0222,0.1554,FALSE
1750,0.777777777777778,0.2107,0.4318,FALSE
1750,0.888888888888889,0.3084,0.4318,FALSE
1750,1,0.2828,0.4318,FALSE
1751,0,0.4825,0.4825,FALSE
1751,0.111111111111111,0.3683,0.4825,FALSE
1751,0.222222222222222,0.0872,0.436,FALSE
1751,0.333333333333333,0.0017,0.0136,TRUE
1751,0.444444444444444,0,0,TRUE
1751,0.555555555555556,2e-04,0.0018,TRUE
1751,0.666666666666667,0.0063,0.0441,TRUE
1751,0.777777777777778,0.0786,0.393,FALSE
1751,0.888888888888889,0.3252,0.4825,FALSE
1751,1,0.4811,0.4825,FALSE
1752,0,0.3579,0.4926,FALSE
1752,0.111111111111111,0.4552,0.4926,FALSE
1752,0.222222222222222,0.1704,0.4926,FALSE
1752,0.333333333333333,0.0327,0.2289,FALSE
1752,0.444444444444444,0.0037,0.03105,TRUE
1752,0.555555555555556,0.0014,0.014,TRUE
1752,0.666666666666667,0.0069,0.0552,FALSE
1752,0.777777777777778,0.0657,0.3942,FALSE
1752,0.888888888888889,0.2811,0.4926,FALSE
1752,1,0.4926,0.4926,FALSE
1753,0,0.4765,0.48,FALSE
1753,0.111111111111111,0.3925,0.48,FALSE
1753,0.222222222222222,0.2687,0.48,FALSE
1753,0.333333333333333,0.0622,0.4354,FALSE
1753,0.444444444444444,0.002,0.018,TRUE
1753,0.555555555555556,0,0,TRUE
1753,0.666666666666667,0.0153,0.1224,FALSE
1753,0.777777777777778,0.3219,0.48,FALSE
1753,0.888888888888889,0.3904,0.48,FALSE
1753,1,0.48,0.48,FALSE
1754,0,0.4849,0.4849,FALSE
1754,0.111111111111111,0.4123,0.4849,FALSE
1754,0.222222222222222,0.2595,0.4849,FALSE
1754,0.333333333333333,0.0114,0.0798,FALSE
1754,0.444444444444444,2e-04,0.0018,TRUE
1754,0.555555555555556,0,0,TRUE
1754,0.666666666666667,0.0064,0.0456,TRUE
1754,0.777777777777778,0.1336,0.4849,FALSE
1754,0.888888888888889,0.1451,0.4849,FALSE
1754,1,0.2691,0.4849,FALSE
1755,0,0.3489,0.4014,FALSE
1755,0.111111111111111,0.2748,0.4014,FALSE
1755,0.222222222222222,0.1269,0.4014,FALSE
1755,0.333333333333333,0.0021,0.0168,TRUE
1755,0.444444444444444,3e-04,0.003,TRUE
1755,0.555555555555556,9e-04,0.0081,TRUE
1755,0.666666666666667,0.027,0.189,FALSE
1755,0.777777777777778,0.1523,0.4014,FALSE
1755,0.888888888888889,0.2745,0.4014,FALSE
1755,1,0.4014,0.4014,FALSE
1756,0,0.4401,0.4401,FALSE
1756,0.111111111111111,0.34,0.4401,FALSE
1756,0.222222222222222,0.3524,0.4401,FALSE
1756,0.333333333333333,0.0059,0.0413,TRUE
1756,0.444444444444444,0,0,TRUE
1756,0.555555555555556,0,0,TRUE
1756,0.666666666666667,0.0094,0.0658,FALSE
1756,0.777777777777778,0.1194,0.4401,FALSE
1756,0.888888888888889,0.2585,0.4401,FALSE
1756,1,0.4002,0.4401,FALSE
1757,0,0.2307,0.29,FALSE
1757,0.111111111111111,0.2593,0.29,FALSE
1757,0.222222222222222,0.2418,0.29,FALSE
1757,0.333333333333333,0.0499,0.29,FALSE
1757,0.444444444444444,0.0161,0.1449,FALSE
1757,0.555555555555556,0.0156,0.1404,FALSE
1757,0.666666666666667,0.05,0.29,FALSE
1757,0.777777777777778,0.2765,0.29,FALSE
1757,0.888888888888889,0.2792,0.29,FALSE
1757,1,0.29,0.29,FALSE
1758,0,0.4046,0.4167,FALSE
1758,0.111111111111111,0.4094,0.4167,FALSE
1758,0.222222222222222,0.2531,0.4167,FALSE
1758,0.333333333333333,0.0187,0.1309,FALSE
1758,0.444444444444444,7e-04,0.0063,TRUE
1758,0.555555555555556,0.001,0.009,TRUE
1758,0.666666666666667,0.0274,0.1918,FALSE
1758,0.777777777777778,0.3066,0.4167,FALSE
1758,0.888888888888889,0.4167,0.4167,FALSE
1758,1,0.4105,0.4167,FALSE
1759,0,0.2946,0.4075,FALSE
1759,0.111111111111111,0.3511,0.4075,FALSE
1759,0.222222222222222,0.1762,0.4075,FALSE
1759,0.333333333333333,0.0243,0.15225,FALSE
1759,0.444444444444444,0.0024,0.0192,TRUE
1759,0.555555555555556,3e-04,0.003,TRUE
1759,0.666666666666667,0.0015,0.012,TRUE
1759,0.777777777777778,0.0435,0.261,FALSE
1759,0.888888888888889,0.4075,0.4075,FALSE
1759,1,0.406,0.4075,FALSE
1760,0,0.4325,0.4667,FALSE
1760,0.111111111111111,0.4432,0.4667,FALSE
1760,0.222222222222222,0.1488,0.4667,FALSE
1760,0.333333333333333,0.0191,0.1337,FALSE
1760,0.444444444444444,4e-04,0.0036,TRUE
1760,0.555555555555556,2e-04,0.002,TRUE
1760,0.666666666666667,0.0254,0.1778,FALSE
1760,0.777777777777778,0.4667,0.4667,FALSE
1760,0.888888888888889,0.3334,0.4667,FALSE
1760,1,0.4336,0.4667,FALSE
1761,0,0.4756,0.4756,FALSE
1761,0.111111111111111,0.2881,0.4756,FALSE
1761,0.222222222222222,0.3778,0.4756,FALSE
1761,0.333333333333333,0.1383,0.4756,FALSE
1761,0.444444444444444,0.0064,0.0576,FALSE
1761,0.555555555555556,0.0018,0.018,TRUE
1761,0.666666666666667,0.1336,0.4756,FALSE
1761,0.777777777777778,0.2022,0.4756,FALSE
1761,0.888888888888889,0.1193,0.4756,FALSE
1761,1,0.3228,0.4756,FALSE
1762,0,0.4119,0.4588,FALSE
1762,0.111111111111111,0.4588,0.4588,FALSE
1762,0.222222222222222,0.2708,0.4588,FALSE
1762,0.333333333333333,0.0059,0.0472,TRUE
1762,0.444444444444444,1e-04,0.001,TRUE
1762,0.555555555555556,0.0074,0.0592,FALSE
1762,0.666666666666667,0.3418,0.4588,FALSE
1762,0.777777777777778,0.1685,0.4588,FALSE
1762,0.888888888888889,0.1379,0.4588,FALSE
1762,1,0.3235,0.4588,FALSE
1763,0,0.348,0.4195,FALSE
1763,0.111111111111111,0.1716,0.4195,FALSE
1763,0.222222222222222,0.1158,0.4195,FALSE
1763,0.333333333333333,0.0883,0.400166666666667,FALSE
1763,0.444444444444444,0.0777,0.3885,FALSE
1763,0.555555555555556,0.0825,0.400166666666667,FALSE
1763,0.666666666666667,0.1024,0.4096,FALSE
1763,0.777777777777778,0.1452,0.4195,FALSE
1763,0.888888888888889,0.2401,0.4195,FALSE
1763,1,0.4195,0.4195,FALSE
1764,0,0.2483,0.3798,FALSE
1764,0.111111111111111,0.072,0.3798,FALSE
1764,0.222222222222222,0.1739,0.3798,FALSE
1764,0.333333333333333,0.1143,0.3798,FALSE
1764,0.444444444444444,0.011,0.099,FALSE
1764,0.555555555555556,0.0083,0.0747,FALSE
1764,0.666666666666667,0.0542,0.37128,FALSE
1764,0.777777777777778,0.3798,0.3798,FALSE
1764,0.888888888888889,0.2652,0.3798,FALSE
1764,1,0.3678,0.3798,FALSE
1765,0,0.2107,0.2287,FALSE
1765,0.111111111111111,0.0773,0.2287,FALSE
1765,0.222222222222222,0.2287,0.2287,FALSE
1765,0.333333333333333,0.1277,0.2287,FALSE
1765,0.444444444444444,0.0089,0.089,FALSE
1765,0.555555555555556,0.0179,0.1611,FALSE
1765,0.666666666666667,0.1856,0.2287,FALSE
1765,0.777777777777778,0.1953,0.2287,FALSE
1765,0.888888888888889,0.0613,0.2287,FALSE
1765,1,0.1879,0.2287,FALSE
1766,0,0.4272,0.4301,FALSE
1766,0.111111111111111,0.3475,0.4301,FALSE
1766,0.222222222222222,0.0427,0.2135,FALSE
1766,0.333333333333333,2e-04,0.0014,TRUE
1766,0.444444444444444,0,0,TRUE
1766,0.555555555555556,0,0,TRUE
1766,0.666666666666667,1e-04,8e-04,TRUE
1766,0.777777777777778,0.0293,0.1465,FALSE
1766,0.888888888888889,0.1811,0.4301,FALSE
1766,1,0.4301,0.4301,FALSE
1767,0,0.4079,0.4843,FALSE
1767,0.111111111111111,0.4327,0.4843,FALSE
1767,0.222222222222222,0.2095,0.4843,FALSE
1767,0.333333333333333,0.0158,0.1106,FALSE
1767,0.444444444444444,0,0,TRUE
1767,0.555555555555556,0,0,TRUE
1767,0.666666666666667,0.0175,0.1225,FALSE
1767,0.777777777777778,0.3809,0.4843,FALSE
1767,0.888888888888889,0.4843,0.4843,FALSE
1767,1,0.4073,0.4843,FALSE
1768,0,0.2655,0.3603,FALSE
1768,0.111111111111111,0.0701,0.2796,FALSE
1768,0.222222222222222,0.008,0.0465,TRUE
1768,0.333333333333333,1e-04,8e-04,TRUE
1768,0.444444444444444,0,0,TRUE
1768,0.555555555555556,0,0,TRUE
1768,0.666666666666667,2e-04,0.0014,TRUE
1768,0.777777777777778,0.0155,0.0775,FALSE
1768,0.888888888888889,0.1398,0.3603,FALSE
1768,1,0.3603,0.3603,FALSE
1769,0,0.2585,0.4721,FALSE
1769,0.111111111111111,0.1549,0.38775,FALSE
1769,0.222222222222222,0.4721,0.4721,FALSE
1769,0.333333333333333,0.0399,0.271075,FALSE
1769,0.444444444444444,6e-04,0.006,TRUE
1769,0.555555555555556,0.0041,0.0369,TRUE
1769,0.666666666666667,0.2354,0.4708,FALSE
1769,0.777777777777778,0.1323,0.38775,FALSE
1769,0.888888888888889,0.0244,0.1708,FALSE
1769,1,0.1356,0.38775,FALSE
1770,0,0.4445,0.4445,FALSE
1770,0.111111111111111,0.2754,0.4445,FALSE
1770,0.222222222222222,0.1172,0.4445,FALSE
1770,0.333333333333333,0.0211,0.1477,FALSE
1770,0.444444444444444,0.0031,0.0279,TRUE
1770,0.555555555555556,0.0033,0.0297,TRUE
1770,0.666666666666667,0.0146,0.1022,FALSE
1770,0.777777777777778,0.069,0.3516,FALSE
1770,0.888888888888889,0.2009,0.4445,FALSE
1770,1,0.4356,0.4445,FALSE
1771,0,0.3448,0.4589,FALSE
1771,0.111111111111111,0.2251,0.4589,FALSE
1771,0.222222222222222,0.4589,0.4589,FALSE
1771,0.333333333333333,0.0686,0.4116,FALSE
1771,0.444444444444444,0.0141,0.1269,FALSE
1771,0.555555555555556,0.0186,0.1674,FALSE
1771,0.666666666666667,0.1813,0.4589,FALSE
1771,0.777777777777778,0.1175,0.4589,FALSE
1771,0.888888888888889,0.1083,0.4589,FALSE
1771,1,0.3819,0.4589,FALSE
1772,0,0.4101,0.4679,FALSE
1772,0.111111111111111,0.2252,0.4679,FALSE
1772,0.222222222222222,0.0738,0.369,FALSE
1772,0.333333333333333,0.0062,0.0434,TRUE
1772,0.444444444444444,7e-04,0.0063,TRUE
1772,0.555555555555556,3e-04,0.003,TRUE
1772,0.666666666666667,0.0043,0.0301,TRUE
1772,0.777777777777778,0.0812,0.406,FALSE
1772,0.888888888888889,0.4679,0.4679,FALSE
1772,1,0.3214,0.4679,FALSE
1773,0,0.2293,0.4551,FALSE
1773,0.111111111111111,0.1225,0.4551,FALSE
1773,0.222222222222222,0.4551,0.4551,FALSE
1773,0.333333333333333,0.0175,0.14,FALSE
1773,0.444444444444444,8e-04,0.008,TRUE
1773,0.555555555555556,0.0026,0.0234,TRUE
1773,0.666666666666667,0.0546,0.3346,FALSE
1773,0.777777777777778,0.426,0.4551,FALSE
1773,0.888888888888889,0.1434,0.4551,FALSE
1773,1,0.2846,0.4551,FALSE
1774,0,0.4654,0.4654,FALSE
1774,0.111111111111111,0.2338,0.4654,FALSE
1774,0.222222222222222,0.0576,0.288,FALSE
1774,0.333333333333333,0.0068,0.0544,FALSE
1774,0.444444444444444,0.0029,0.0261,TRUE
1774,0.555555555555556,0.0044,0.0352,TRUE
1774,0.666666666666667,0.021,0.147,FALSE
1774,0.777777777777778,0.084,0.389666666666667,FALSE
1774,0.888888888888889,0.175,0.4654,FALSE
1774,1,0.3595,0.4654,FALSE
1775,0,0.4731,0.4945,FALSE
1775,0.111111111111111,0.33,0.4945,FALSE
1775,0.222222222222222,0.0722,0.361,FALSE
1775,0.333333333333333,0.0013,0.0104,TRUE
1775,0.444444444444444,3e-04,0.0027,TRUE
1775,0.555555555555556,5e-04,0.0045,TRUE
1775,0.666666666666667,0.0106,0.0742,FALSE
1775,0.777777777777778,0.1043,0.4945,FALSE
1775,0.888888888888889,0.3263,0.4945,FALSE
1775,1,0.4945,0.4945,FALSE
1776,0,0.3604,0.4442,FALSE
1776,0.111111111111111,0.4442,0.4442,FALSE
1776,0.222222222222222,0.0619,0.3714,FALSE
1776,0.333333333333333,0.0028,0.0224,TRUE
1776,0.444444444444444,0,0,TRUE
1776,0.555555555555556,0,0,TRUE
1776,0.666666666666667,0.0062,0.0434,TRUE
1776,0.777777777777778,0.1583,0.4442,FALSE
1776,0.888888888888889,0.3918,0.4442,FALSE
1776,1,0.3533,0.4442,FALSE
1777,0,0.4651,0.4651,FALSE
1777,0.111111111111111,0.3186,0.4651,FALSE
1777,0.222222222222222,0.0642,0.2192,FALSE
1777,0.333333333333333,0.0026,0.01645,TRUE
1777,0.444444444444444,0,0,TRUE
1777,0.555555555555556,0,0,TRUE
1777,0.666666666666667,7e-04,0.0056,TRUE
1777,0.777777777777778,0.0047,0.0282,TRUE
1777,0.888888888888889,0.0122,0.061,FALSE
1777,1,0.1096,0.3288,FALSE
1778,0,0.4173,0.5221,FALSE
1778,0.111111111111111,0.5221,0.5221,FALSE
1778,0.222222222222222,0.1451,0.5221,FALSE
1778,0.333333333333333,0.0028,0.0224,TRUE
1778,0.444444444444444,0,0,TRUE
1778,0.555555555555556,5e-04,0.0045,TRUE
1778,0.666666666666667,0.0229,0.1603,FALSE
1778,0.777777777777778,0.2369,0.5221,FALSE
1778,0.888888888888889,0.3492,0.5221,FALSE
1778,1,0.3331,0.5221,FALSE
1779,0,0.3267,0.4398,FALSE
1779,0.111111111111111,0.1964,0.4398,FALSE
1779,0.222222222222222,0.3751,0.4398,FALSE
1779,0.333333333333333,0.0259,0.1813,FALSE
1779,0.444444444444444,0,0,TRUE
1779,0.555555555555556,0,0,TRUE
1779,0.666666666666667,7e-04,0.0056,TRUE
1779,0.777777777777778,0.1279,0.4398,FALSE
1779,0.888888888888889,0.4398,0.4398,FALSE
1779,1,0.3781,0.4398,FALSE
1780,0,0.32,0.32,FALSE
1780,0.111111111111111,0.1078,0.28995,FALSE
1780,0.222222222222222,0.0201,0.09,FALSE
1780,0.333333333333333,0,0,TRUE
1780,0.444444444444444,0,0,TRUE
1780,0.555555555555556,0,0,TRUE
1780,0.666666666666667,1e-04,7e-04,TRUE
1780,0.777777777777778,0.0102,0.0603,FALSE
1780,0.888888888888889,0.036,0.144,FALSE
1780,1,0.1933,0.32,FALSE
1781,0,0.4751,0.4751,FALSE
1781,0.111111111111111,0.1897,0.4751,FALSE
1781,0.222222222222222,0.0335,0.201,FALSE
1781,0.333333333333333,0.003,0.024,TRUE
1781,0.444444444444444,0,0,TRUE
1781,0.555555555555556,0,0,TRUE
1781,0.666666666666667,0.006,0.042,TRUE
1781,0.777777777777778,0.1999,0.4751,FALSE
1781,0.888888888888889,0.3114,0.4751,FALSE
1781,1,0.3333,0.4751,FALSE
1782,0,0.152,0.375,FALSE
1782,0.111111111111111,0.0865,0.304,FALSE
1782,0.222222222222222,0.4275,0.4275,FALSE
1782,0.333333333333333,0.0238,0.1666,FALSE
1782,0.444444444444444,0.0045,0.045,TRUE
1782,0.555555555555556,0.0103,0.0927,FALSE
1782,0.666666666666667,0.039,0.228,FALSE
1782,0.777777777777778,0.1183,0.3549,FALSE
1782,0.888888888888889,0.1483,0.375,FALSE
1782,1,0.25,0.4275,FALSE
1783,0,0.3726,0.4108,FALSE
1783,0.111111111111111,0.1832,0.4108,FALSE
1783,0.222222222222222,0.0894,0.4108,FALSE
1783,0.333333333333333,0.0175,0.14,FALSE
1783,0.444444444444444,0.0018,0.0175,TRUE
1783,0.555555555555556,0.0035,0.0315,TRUE
1783,0.666666666666667,0.0469,0.3129,FALSE
1783,0.777777777777778,0.3208,0.4108,FALSE
1783,0.888888888888889,0.4108,0.4108,FALSE
1783,1,0.3887,0.4108,FALSE
1784,0,0.4046,0.459,FALSE
1784,0.111111111111111,0.2666,0.459,FALSE
1784,0.222222222222222,0.0375,0.1875,FALSE
1784,0.333333333333333,3e-04,0.0024,TRUE
1784,0.444444444444444,0,0,TRUE
1784,0.555555555555556,0,0,TRUE
1784,0.666666666666667,0.0015,0.0105,TRUE
1784,0.777777777777778,0.06,0.3,FALSE
1784,0.888888888888889,0.2627,0.459,FALSE
1784,1,0.459,0.459,FALSE
1785,0,0.4851,0.4851,FALSE
1785,0.111111111111111,0.2812,0.4851,FALSE
1785,0.222222222222222,0.1529,0.4851,FALSE
1785,0.333333333333333,0.0367,0.2569,FALSE
1785,0.444444444444444,9e-04,0.0081,TRUE
1785,0.555555555555556,2e-04,0.002,TRUE
1785,0.666666666666667,0.0224,0.1568,FALSE
1785,0.777777777777778,0.4821,0.4851,FALSE
1785,0.888888888888889,0.248,0.4851,FALSE
1785,1,0.3449,0.4851,FALSE
1786,0,0.2517,0.4326,FALSE
1786,0.111111111111111,0.0619,0.3714,FALSE
1786,0.222222222222222,0.0916,0.430625,FALSE
1786,0.333333333333333,0.275,0.4326,FALSE
1786,0.444444444444444,0,0,TRUE
1786,0.555555555555556,0,0,TRUE
1786,0.666666666666667,0.0527,0.3206,FALSE
1786,0.777777777777778,0.3445,0.4326,FALSE
1786,0.888888888888889,0.2378,0.4326,FALSE
1786,1,0.4326,0.4326,FALSE
1787,0,0.3632,0.4077,FALSE
1787,0.111111111111111,0.1234,0.4077,FALSE
1787,0.222222222222222,0.0219,0.1095,FALSE
1787,0.333333333333333,0.0013,0.0104,TRUE
1787,0.444444444444444,0,0,TRUE
1787,0.555555555555556,0,0,TRUE
1787,0.666666666666667,0.0028,0.0196,TRUE
1787,0.777777777777778,0.0359,0.1795,FALSE
1787,0.888888888888889,0.3243,0.4077,FALSE
1787,1,0.4077,0.4077,FALSE
1788,0,0.4939,0.4939,FALSE
1788,0.111111111111111,0.3988,0.4939,FALSE
1788,0.222222222222222,0.1748,0.4939,FALSE
1788,0.333333333333333,0.0191,0.1337,FALSE
1788,0.444444444444444,0.001,0.009,TRUE
1788,0.555555555555556,2e-04,0.002,TRUE
1788,0.666666666666667,0.0043,0.0344,TRUE
1788,0.777777777777778,0.1365,0.4939,FALSE
1788,0.888888888888889,0.2516,0.4939,FALSE
1788,1,0.3544,0.4939,FALSE
1789,0,0.4494,0.4689,FALSE
1789,0.111111111111111,0.2101,0.4689,FALSE
1789,0.222222222222222,0.0469,0.2814,FALSE
1789,0.333333333333333,0.001,0.008,TRUE
1789,0.444444444444444,0,0,TRUE
1789,0.555555555555556,0,0,TRUE
1789,0.666666666666667,0.0068,0.0476,TRUE
1789,0.777777777777778,0.1786,0.4689,FALSE
1789,0.888888888888889,0.4689,0.4689,FALSE
1789,1,0.4641,0.4689,FALSE
1790,0,0.496,0.496,FALSE
1790,0.111111111111111,0.4904,0.496,FALSE
1790,0.222222222222222,0.2786,0.496,FALSE
1790,0.333333333333333,0.0613,0.4291,FALSE
1790,0.444444444444444,0.0112,0.1008,FALSE
1790,0.555555555555556,0.0104,0.0936,FALSE
1790,0.666666666666667,0.0452,0.3164,FALSE
1790,0.777777777777778,0.2257,0.496,FALSE
1790,0.888888888888889,0.3599,0.496,FALSE
1790,1,0.4185,0.496,FALSE
1791,0,0.3924,0.4198,FALSE
1791,0.111111111111111,0.2535,0.4198,FALSE
1791,0.222222222222222,0.3479,0.4198,FALSE
1791,0.333333333333333,0.0077,0.0616,FALSE
1791,0.444444444444444,0,0,TRUE
1791,0.555555555555556,0,0,TRUE
1791,0.666666666666667,0.0223,0.1561,FALSE
1791,0.777777777777778,0.4198,0.4198,FALSE
1791,0.888888888888889,0.0792,0.4198,FALSE
1791,1,0.221,0.4198,FALSE
1792,0,0.4504,0.4504,FALSE
1792,0.111111111111111,0.2926,0.4504,FALSE
1792,0.222222222222222,0.3814,0.4504,FALSE
1792,0.333333333333333,0.1885,0.4504,FALSE
1792,0.444444444444444,0.0409,0.3681,FALSE
1792,0.555555555555556,0.0468,0.4212,FALSE
1792,0.666666666666667,0.2093,0.4504,FALSE
1792,0.777777777777778,0.3525,0.4504,FALSE
1792,0.888888888888889,0.1873,0.4504,FALSE
1792,1,0.309,0.4504,FALSE
1793,0,0.2878,0.4461,FALSE
1793,0.111111111111111,0.1174,0.4461,FALSE
1793,0.222222222222222,0.2882,0.4461,FALSE
1793,0.333333333333333,0.0768,0.4461,FALSE
1793,0.444444444444444,0,0,TRUE
1793,0.555555555555556,0,0,TRUE
1793,0.666666666666667,0.0253,0.2024,FALSE
1793,0.777777777777778,0.3257,0.4461,FALSE
1793,0.888888888888889,0.4461,0.4461,FALSE
1793,1,0.4247,0.4461,FALSE
1794,0,0.3511,0.4054,FALSE
1794,0.111111111111111,0.1484,0.4054,FALSE
1794,0.222222222222222,0.0618,0.3674,FALSE
1794,0.333333333333333,0.2761,0.4054,FALSE
1794,0.444444444444444,0.0388,0.2328,FALSE
1794,0.555555555555556,0.006,0.06,FALSE
1794,0.666666666666667,0.4054,0.4054,FALSE
1794,0.777777777777778,0.0458,0.2748,FALSE
1794,0.888888888888889,0.0197,0.1576,FALSE
1794,1,0.1837,0.4054,FALSE
1795,0,0.3292,0.4849,FALSE
1795,0.111111111111111,0.4849,0.4849,FALSE
1795,0.222222222222222,0.1364,0.4849,FALSE
1795,0.333333333333333,0.0286,0.2002,FALSE
1795,0.444444444444444,0.0065,0.052,FALSE
1795,0.555555555555556,0.0033,0.0297,TRUE
1795,0.666666666666667,0.008,0.064,FALSE
1795,0.777777777777778,0.0722,0.4092,FALSE
1795,0.888888888888889,0.3886,0.4849,FALSE
1795,1,0.4175,0.4849,FALSE
1796,0,0.4291,0.4291,FALSE
1796,0.111111111111111,0.2337,0.4291,FALSE
1796,0.222222222222222,0.0926,0.389,FALSE
1796,0.333333333333333,0.0147,0.1029,FALSE
1796,0.444444444444444,0.0012,0.0108,TRUE
1796,0.555555555555556,7e-04,0.0063,TRUE
1796,0.666666666666667,0.0076,0.0588,FALSE
1796,0.777777777777778,0.0707,0.3535,FALSE
1796,0.888888888888889,0.1556,0.4291,FALSE
1796,1,0.327,0.4291,FALSE
1797,0,0.3257,0.3373,FALSE
1797,0.111111111111111,0.1346,0.3373,FALSE
1797,0.222222222222222,0.0308,0.154,FALSE
1797,0.333333333333333,4e-04,0.0028,TRUE
1797,0.444444444444444,0,0,TRUE
1797,0.555555555555556,0,0,TRUE
1797,0.666666666666667,0,0,TRUE
1797,0.777777777777778,0.0181,0.0924,FALSE
1797,0.888888888888889,0.1292,0.3373,FALSE
1797,1,0.3373,0.3373,FALSE
1798,0,0.2645,0.4354,FALSE
1798,0.111111111111111,0.0825,0.4125,FALSE
1798,0.222222222222222,0.0253,0.1518,FALSE
1798,0.333333333333333,6e-04,0.0048,TRUE
1798,0.444444444444444,0,0,TRUE
1798,0.555555555555556,0,0,TRUE
1798,0.666666666666667,0.0048,0.0336,TRUE
1798,0.777777777777778,0.212,0.4354,FALSE
1798,0.888888888888889,0.4278,0.4354,FALSE
1798,1,0.4354,0.4354,FALSE
1799,0,0.2574,0.3938,FALSE
1799,0.111111111111111,0.1622,0.3938,FALSE
1799,0.222222222222222,0.1021,0.3776,FALSE
1799,0.333333333333333,0.0078,0.0546,FALSE
1799,0.444444444444444,2e-04,0.0018,TRUE
1799,0.555555555555556,2e-04,0.0018,TRUE
1799,0.666666666666667,0.011,0.077,FALSE
1799,0.777777777777778,0.1353,0.3938,FALSE
1799,0.888888888888889,0.2832,0.3938,FALSE
1799,1,0.3938,0.3938,FALSE
1800,0,0.4304,0.4687,FALSE
1800,0.111111111111111,0.1261,0.4687,FALSE
1800,0.222222222222222,0.1663,0.4687,FALSE
1800,0.333333333333333,0.1139,0.4556,FALSE
1800,0.444444444444444,0.0022,0.0198,TRUE
1800,0.555555555555556,0.0028,0.0252,TRUE
1800,0.666666666666667,0.0308,0.2464,FALSE
1800,0.777777777777778,0.138,0.4687,FALSE
1800,0.888888888888889,0.2713,0.4687,FALSE
1800,1,0.4687,0.4687,FALSE
1801,0,0.4,1,FALSE
1801,0.111111111111111,0.4,1,FALSE
1801,0.222222222222222,1,1,FALSE
1801,0.333333333333333,0.2,0.8,FALSE
1801,0.444444444444444,0.1,0.6,FALSE
1801,0.555555555555556,0.1,0.6,FALSE
1801,0.666666666666667,0.2,0.8,FALSE
1801,0.777777777777778,0.2,0.8,FALSE
1801,0.888888888888889,0.4,1,FALSE
1801,1,1,1,FALSE
1809,0,0.1,0.5,FALSE
1809,0.111111111111111,0.4,0.7,FALSE
1809,0.222222222222222,0.4,0.7,FALSE
1809,0.333333333333333,0.1,0.5,FALSE
1809,0.444444444444444,0.2,0.6,FALSE
1809,0.555555555555556,0.1,0.5,FALSE
1809,0.666666666666667,0.2,0.6,FALSE
1809,0.777777777777778,0.4,0.7,FALSE
1809,0.888888888888889,0.7,0.7,FALSE
1809,1,0.1,0.5,FALSE
1821,0,0.4,1,FALSE
1821,0.111111111111111,0.7,1,FALSE
1821,0.222222222222222,0.7,1,FALSE
1821,0.333333333333333,0.1,1,FALSE
1821,0.444444444444444,0.7,1,FALSE
1821,0.555555555555556,1,1,FALSE
1821,0.666666666666667,1,1,FALSE
1821,0.777777777777778,1,1,FALSE
1821,0.888888888888889,0.7,1,FALSE
1821,1,1,1,FALSE
1822,0,0.1,0.7,FALSE
1822,0.111111111111111,0.2,0.875,FALSE
1822,0.222222222222222,0.7,1,FALSE
1822,0.333333333333333,1,1,FALSE
1822,0.444444444444444,0.4,1,FALSE
1822,0.555555555555556,0.1,0.7,FALSE
1822,0.666666666666667,0.4,1,FALSE
1822,0.777777777777778,0.4,1,FALSE
1822,0.888888888888889,0.4,1,FALSE
1822,1,0.7,1,FALSE
1823,0,0.4,1,FALSE
1823,0.111111111111111,0.4,1,FALSE
1823,0.222222222222222,1,1,FALSE
1823,0.333333333333333,0.7,1,FALSE
1823,0.444444444444444,0.7,1,FALSE
1823,0.555555555555556,1,1,FALSE
1823,0.666666666666667,1,1,FALSE
1823,0.777777777777778,1,1,FALSE
1823,0.888888888888889,1,1,FALSE
1823,1,1,1,FALSE
1824,0,1,1,FALSE
1824,0.111111111111111,0.1,0.9,FALSE
1824,0.222222222222222,0.2,1,FALSE
1824,0.333333333333333,0.2,1,FALSE
1824,0.444444444444444,1,1,FALSE
1824,0.555555555555556,1,1,FALSE
1824,0.666666666666667,1,1,FALSE
1824,0.777777777777778,0.7,1,FALSE
1824,0.888888888888889,0.7,1,FALSE
1824,1,0.4,1,FALSE
1825,0,1,1,FALSE
1825,0.111111111111111,0.7,1,FALSE
1825,0.222222222222222,0.7,1,FALSE
1825,0.333333333333333,0.7,1,FALSE
1825,0.444444444444444,0.7,1,FALSE
1825,0.555555555555556,1,1,FALSE
1825,0.666666666666667,1,1,FALSE
1825,0.777777777777778,0.7,1,FALSE
1825,0.888888888888889,0.4,1,FALSE
1825,1,1,1,FALSE
1834,0,0.7,1,FALSE
1834,0.111111111111111,0.7,1,FALSE
1834,0.222222222222222,0.7,1,FALSE
1834,0.333333333333333,0.4,1,FALSE
1834,0.444444444444444,0.4,1,FALSE
1834,0.555555555555556,1,1,FALSE
1834,0.666666666666667,1,1,FALSE
1834,0.777777777777778,0.7,1,FALSE
1834,0.888888888888889,0.2,1,FALSE
1834,1,0.2,1,FALSE
1837,0,0.7,1,FALSE
1837,0.111111111111111,0.7,1,FALSE
1837,0.222222222222222,0.7,1,FALSE
1837,0.333333333333333,1,1,FALSE
1837,0.444444444444444,0.4,1,FALSE
1837,0.555555555555556,0.4,1,FALSE
1837,0.666666666666667,0.4,1,FALSE
1837,0.777777777777778,1,1,FALSE
1837,0.888888888888889,1,1,FALSE
1837,1,0.7,1,FALSE
1841,0,0.7,1,FALSE
1841,0.111111111111111,0.7,1,FALSE
1841,0.222222222222222,1,1,FALSE
1841,0.333333333333333,1,1,FALSE
1841,0.444444444444444,0.7,1,FALSE
1841,0.555555555555556,0.7,1,FALSE
1841,0.666666666666667,1,1,FALSE
1841,0.777777777777778,0.7,1,FALSE
1841,0.888888888888889,0.7,1,FALSE
1841,1,0.7,1,FALSE
1843,0,0.7,1,FALSE
1843,0.111111111111111,0.7,1,FALSE
1843,0.222222222222222,0.7,1,FALSE
1843,0.333333333333333,0.7,1,FALSE
1843,0.444444444444444,0.4,1,FALSE
1843,0.555555555555556,0.4,1,FALSE
1843,0.666666666666667,1,1,FALSE
1843,0.777777777777778,0.4,1,FALSE
1843,0.888888888888889,0.4,1,FALSE
1843,1,1,1,FALSE
1844,0,0.1,0.1,FALSE
1844,0.111111111111111,0.1,0.1,FALSE
1844,0.222222222222222,0.1,0.1,FALSE
1844,0.333333333333333,0.1,0.1,FALSE
1844,0.444444444444444,0.1,0.1,FALSE
1844,0.555555555555556,0.1,0.1,FALSE
1844,0.666666666666667,0.1,0.1,FALSE
1844,0.777777777777778,0.1,0.1,FALSE
1844,0.888888888888889,0.1,0.1,FALSE
1844,1,0.1,0.1,FALSE
1845,0,0.2,0.8,FALSE
1845,0.111111111111111,0.4,1,FALSE
1845,0.222222222222222,0.7,1,FALSE
1845,0.333333333333333,1,1,FALSE
1845,0.444444444444444,0.4,1,FALSE
1845,0.555555555555556,0.1,0.6,FALSE
1845,0.666666666666667,0.1,0.6,FALSE
1845,0.777777777777778,0.1,0.6,FALSE
1845,0.888888888888889,0.1,0.6,FALSE
1845,1,0.2,0.8,FALSE
1851,0,1,1,FALSE
1851,0.111111111111111,1,1,FALSE
1851,0.222222222222222,1,1,FALSE
1851,0.333333333333333,1,1,FALSE
1851,0.444444444444444,1,1,FALSE
1851,0.555555555555556,1,1,FALSE
1851,0.666666666666667,1,1,FALSE
1851,0.777777777777778,0.7,1,FALSE
1851,0.888888888888889,0.7,1,FALSE
1851,1,0.4,1,FALSE
1853,0,1,1,FALSE
1853,0.111111111111111,1,1,FALSE
1853,0.222222222222222,1,1,FALSE
1853,0.333333333333333,0.7,1,FALSE
1853,0.444444444444444,0.4,1,FALSE
1853,0.555555555555556,0.2,1,FALSE
1853,0.666666666666667,0.1,1,FALSE
1853,0.777777777777778,1,1,FALSE
1853,0.888888888888889,1,1,FALSE
1853,1,0.7,1,FALSE
1854,0,0.4,1,FALSE
1854,0.111111111111111,1,1,FALSE
1854,0.222222222222222,1,1,FALSE
1854,0.333333333333333,0.7,1,FALSE
1854,0.444444444444444,0.1,1,FALSE
1854,0.555555555555556,0.4,1,FALSE
1854,0.666666666666667,0.7,1,FALSE
1854,0.777777777777778,1,1,FALSE
1854,0.888888888888889,0.4,1,FALSE
1854,1,0.7,1,FALSE
1860,0,1,1,FALSE
1860,0.111111111111111,1,1,FALSE
1860,0.222222222222222,0.7,1,FALSE
1860,0.333333333333333,0.7,1,FALSE
1860,0.444444444444444,0.7,1,FALSE
1860,0.555555555555556,1,1,FALSE
1860,0.666666666666667,0.7,1,FALSE
1860,0.777777777777778,0.7,1,FALSE
1860,0.888888888888889,1,1,FALSE
1860,1,0.4,1,FALSE
1865,0,0.7,1,FALSE
1865,0.111111111111111,1,1,FALSE
1865,0.222222222222222,1,1,FALSE
1865,0.333333333333333,0.7,1,FALSE
1865,0.444444444444444,0.7,1,FALSE
1865,0.555555555555556,0.4,1,FALSE
1865,0.666666666666667,0.7,1,FALSE
1865,0.777777777777778,1,1,FALSE
1865,0.888888888888889,1,1,FALSE
1865,1,0.4,1,FALSE
1867,0,0.7,1,FALSE
1867,0.111111111111111,1,1,FALSE
1867,0.222222222222222,1,1,FALSE
1867,0.333333333333333,1,1,FALSE
1867,0.444444444444444,0.4,1,FALSE
1867,0.555555555555556,0.2,1,FALSE
1867,0.666666666666667,0.7,1,FALSE
1867,0.777777777777778,1,1,FALSE
1867,0.888888888888889,1,1,FALSE
1867,1,1,1,FALSE
1870,0,0.1,0.7,FALSE
1870,0.111111111111111,0.2,1,FALSE
1870,0.222222222222222,1,1,FALSE
1870,0.333333333333333,0.2,1,FALSE
1870,0.444444444444444,0.1,0.7,FALSE
1870,0.555555555555556,0.1,0.7,FALSE
1870,0.666666666666667,0.4,1,FALSE
1870,0.777777777777778,1,1,FALSE
1870,0.888888888888889,1,1,FALSE
1870,1,1,1,FALSE
1877,0,0.4,1,FALSE
1877,0.111111111111111,0.4,1,FALSE
1877,0.222222222222222,0.7,1,FALSE
1877,0.333333333333333,1,1,FALSE
1877,0.444444444444444,0.7,1,FALSE
1877,0.555555555555556,0.7,1,FALSE
1877,0.666666666666667,0.7,1,FALSE
1877,0.777777777777778,1,1,FALSE
1877,0.888888888888889,1,1,FALSE
1877,1,1,1,FALSE
1883,0,1,1,FALSE
1883,0.111111111111111,0.7,1,FALSE
1883,0.222222222222222,0.7,1,FALSE
1883,0.333333333333333,0.7,1,FALSE
1883,0.444444444444444,0.7,1,FALSE
1883,0.555555555555556,1,1,FALSE
1883,0.666666666666667,0.7,1,FALSE
1883,0.777777777777778,1,1,FALSE
1883,0.888888888888889,1,1,FALSE
1883,1,1,1,FALSE
1886,0,0.4,1,FALSE
1886,0.111111111111111,1,1,FALSE
1886,0.222222222222222,1,1,FALSE
1886,0.333333333333333,0.4,1,FALSE
1886,0.444444444444444,0.4,1,FALSE
1886,0.555555555555556,0.7,1,FALSE
1886,0.666666666666667,0.7,1,FALSE
1886,0.777777777777778,1,1,FALSE
1886,0.888888888888889,1,1,FALSE
1886,1,0.4,1,FALSE
1891,0,0.7,1,FALSE
1891,0.111111111111111,1,1,FALSE
1891,0.222222222222222,0.4,1,FALSE
1891,0.333333333333333,0.7,1,FALSE
1891,0.444444444444444,0.7,1,FALSE
1891,0.555555555555556,0.7,1,FALSE
1891,0.666666666666667,1,1,FALSE
1891,0.777777777777778,1,1,FALSE
1891,0.888888888888889,1,1,FALSE
1891,1,0.7,1,FALSE
1893,0,0.7,1,FALSE
1893,0.111111111111111,1,1,FALSE
1893,0.222222222222222,0.7,1,FALSE
1893,0.333333333333333,0.7,1,FALSE
1893,0.444444444444444,0.2,0.875,FALSE
1893,0.555555555555556,0.2,0.875,FALSE
1893,0.666666666666667,0.1,0.6,FALSE
1893,0.777777777777778,0.2,0.875,FALSE
1893,0.888888888888889,0.1,0.6,FALSE
1893,1,0.2,0.875,FALSE
1894,0,0.2,1,FALSE
1894,0.111111111111111,1,1,FALSE
1894,0.222222222222222,1,1,FALSE
1894,0.333333333333333,0.7,1,FALSE
1894,0.444444444444444,1,1,FALSE
1894,0.555555555555556,1,1,FALSE
1894,0.666666666666667,1,1,FALSE
1894,0.777777777777778,0.7,1,FALSE
1894,0.888888888888889,1,1,FALSE
1894,1,1,1,FALSE
1895,0,0.7,0.7,FALSE
1895,0.111111111111111,0.4,0.7,FALSE
1895,0.222222222222222,0.7,0.7,FALSE
1895,0.333333333333333,0.4,0.7,FALSE
1895,0.444444444444444,0.1,0.6,FALSE
1895,0.555555555555556,0.1,0.6,FALSE
1895,0.666666666666667,0.2,0.7,FALSE
1895,0.777777777777778,0.2,0.7,FALSE
1895,0.888888888888889,0.2,0.7,FALSE
1895,1,0.2,0.7,FALSE
1899,0,1,1,FALSE
1899,0.111111111111111,1,1,FALSE
1899,0.222222222222222,1,1,FALSE
1899,0.333333333333333,0.7,1,FALSE
1899,0.444444444444444,0.4,1,FALSE
1899,0.555555555555556,0.2,1,FALSE
1899,0.666666666666667,0.4,1,FALSE
1899,0.777777777777778,0.7,1,FALSE
1899,0.888888888888889,0.7,1,FALSE
1899,1,0.4,1,FALSE
1902,0,0.412698412698413,1,FALSE
1902,0.111111111111111,0.73015873015873,1,FALSE
1902,0.222222222222222,0.73015873015873,1,FALSE
1902,0.333333333333333,1,1,FALSE
1902,0.444444444444444,0.111111111111111,0.938775510204081,FALSE
1902,0.555555555555556,0.73015873015873,1,FALSE
1902,0.666666666666667,0.412698412698413,1,FALSE
1902,0.777777777777778,1,1,FALSE
1902,0.888888888888889,0.73015873015873,1,FALSE
1902,1,0.111111111111111,0.938775510204081,FALSE
1903,0,0.714285714285714,0.714285714285714,FALSE
1903,0.111111111111111,0.380952380952381,0.714285714285714,FALSE
1903,0.222222222222222,0.0952380952380952,0.476190476190476,FALSE
1903,0.333333333333333,0.0476190476190476,0.333333333333333,FALSE
1903,0.444444444444444,0.0238095238095238,0.214285714285714,FALSE
1903,0.555555555555556,0.0952380952380952,0.476190476190476,FALSE
1903,0.666666666666667,0.380952380952381,0.714285714285714,FALSE
1903,0.777777777777778,0.380952380952381,0.714285714285714,FALSE
1903,0.888888888888889,0.166666666666667,0.507936507936508,FALSE
1903,1,0.0952380952380952,0.476190476190476,FALSE
1904,0,0.0952380952380952,0.500000000000001,FALSE
1904,0.111111111111111,0.380952380952381,0.547619047619048,FALSE
1904,0.222222222222222,0.547619047619048,0.547619047619048,FALSE
1904,0.333333333333333,0.547619047619048,0.547619047619048,FALSE
1904,0.444444444444444,0.0238095238095238,0.214285714285714,FALSE
1904,0.555555555555556,0.0238095238095238,0.214285714285714,FALSE
1904,0.666666666666667,0.0952380952380952,0.500000000000001,FALSE
1904,0.777777777777778,0.0952380952380952,0.500000000000001,FALSE
1904,0.888888888888889,0.166666666666667,0.547619047619048,FALSE
1904,1,0.380952380952381,0.547619047619048,FALSE
1906,0,0.904761904761905,1,FALSE
1906,0.111111111111111,0.904761904761905,1,FALSE
1906,0.222222222222222,1,1,FALSE
1906,0.333333333333333,0.73015873015873,1,FALSE
1906,0.444444444444444,0.285714285714286,1,FALSE
1906,0.555555555555556,0.285714285714286,1,FALSE
1906,0.666666666666667,0.904761904761905,1,FALSE
1906,0.777777777777778,0.904761904761905,1,FALSE
1906,0.888888888888889,0.904761904761905,1,FALSE
1906,1,0.904761904761905,1,FALSE
1908,0,0.555555555555556,0.904761904761905,FALSE
1908,0.111111111111111,0.904761904761905,0.904761904761905,FALSE
1908,0.222222222222222,0.73015873015873,0.904761904761905,FALSE
1908,0.333333333333333,0.904761904761905,0.904761904761905,FALSE
1908,0.444444444444444,0.73015873015873,0.904761904761905,FALSE
1908,0.555555555555556,0.73015873015873,0.904761904761905,FALSE
1908,0.666666666666667,0.73015873015873,0.904761904761905,FALSE
1908,0.777777777777778,0.73015873015873,0.904761904761905,FALSE
1908,0.888888888888889,0.904761904761905,0.904761904761905,FALSE
1908,1,0.555555555555556,0.904761904761905,FALSE
1909,0,0.73015873015873,1,FALSE
1909,0.111111111111111,0.555555555555556,1,FALSE
1909,0.222222222222222,0.19047619047619,1,FALSE
1909,0.333333333333333,0.19047619047619,1,FALSE
1909,0.444444444444444,0.555555555555556,1,FALSE
1909,0.555555555555556,0.73015873015873,1,FALSE
1909,0.666666666666667,0.73015873015873,1,FALSE
1909,0.777777777777778,1,1,FALSE
1909,0.888888888888889,1,1,FALSE
1909,1,0.904761904761905,1,FALSE
1911,0,0.380952380952381,1,FALSE
1911,0.111111111111111,0.904761904761905,1,FALSE
1911,0.222222222222222,0.714285714285714,1,FALSE
1911,0.333333333333333,0.0952380952380952,0.666666666666666,FALSE
1911,0.444444444444444,0.0476190476190476,0.380952380952381,FALSE
1911,0.555555555555556,0.0476190476190476,0.380952380952381,FALSE
1911,0.666666666666667,0.0952380952380952,0.666666666666666,FALSE
1911,0.777777777777778,0.714285714285714,1,FALSE
1911,0.888888888888889,0.904761904761905,1,FALSE
1911,1,1,1,FALSE
1912,0,0.555555555555556,1,FALSE
1912,0.111111111111111,0.904761904761905,1,FALSE
1912,0.222222222222222,1,1,FALSE
1912,0.333333333333333,0.285714285714286,1,FALSE
1912,0.444444444444444,0.555555555555556,1,FALSE
1912,0.555555555555556,0.19047619047619,0.925925925925927,FALSE
1912,0.666666666666667,0.285714285714286,1,FALSE
1912,0.777777777777778,0.19047619047619,0.925925925925927,FALSE
1912,0.888888888888889,0.285714285714286,1,FALSE
1912,1,0.555555555555556,1,FALSE
1913,0,0.412698412698413,0.555555555555556,FALSE
1913,0.111111111111111,0.19047619047619,0.555555555555556,FALSE
1913,0.222222222222222,0.111111111111111,0.515873015873016,FALSE
1913,0.333333333333333,0.111111111111111,0.515873015873016,FALSE
1913,0.444444444444444,0.19047619047619,0.555555555555556,FALSE
1913,0.555555555555556,0.555555555555556,0.555555555555556,FALSE
1913,0.666666666666667,0.285714285714286,0.555555555555556,FALSE
1913,0.777777777777778,0.111111111111111,0.515873015873016,FALSE
1913,0.888888888888889,0.111111111111111,0.515873015873016,FALSE
1913,1,0.412698412698413,0.555555555555556,FALSE
1914,0,0.261904761904762,0.547619047619048,FALSE
1914,0.111111111111111,0.380952380952381,0.547619047619048,FALSE
1914,0.222222222222222,0.547619047619048,0.547619047619048,FALSE
1914,0.333333333333333,0.166666666666667,0.547619047619048,FALSE
1914,0.444444444444444,0.0476190476190476,0.380952380952381,FALSE
1914,0.555555555555556,0.0238095238095238,0.214285714285714,FALSE
1914,0.666666666666667,0.0476190476190476,0.380952380952381,FALSE
1914,0.777777777777778,0.0952380952380952,0.547619047619048,FALSE
1914,0.888888888888889,0.380952380952381,0.547619047619048,FALSE
1914,1,0.547619047619048,0.547619047619048,FALSE
1915,0,0.904761904761905,1,FALSE
1915,0.111111111111111,0.73015873015873,1,FALSE
1915,0.222222222222222,0.73015873015873,1,FALSE
1915,0.333333333333333,0.555555555555556,1,FALSE
1915,0.444444444444444,0.904761904761905,1,FALSE
1915,0.555555555555556,1,1,FALSE
1915,0.666666666666667,0.73015873015873,1,FALSE
1915,0.777777777777778,0.555555555555556,1,FALSE
1915,0.888888888888889,0.904761904761905,1,FALSE
1915,1,0.73015873015873,1,FALSE
1916,0,0.547619047619048,1,FALSE
1916,0.111111111111111,1,1,FALSE
1916,0.222222222222222,0.904761904761905,1,FALSE
1916,0.333333333333333,0.261904761904762,1,FALSE
1916,0.444444444444444,0.0238095238095238,0.214285714285714,FALSE
1916,0.555555555555556,0.0238095238095238,0.214285714285714,FALSE
1916,0.666666666666667,0.380952380952381,1,FALSE
1916,0.777777777777778,0.904761904761905,1,FALSE
1916,0.888888888888889,0.904761904761905,1,FALSE
1916,1,1,1,FALSE
1918,0,0.0476190476190476,0.476190476190476,FALSE
1918,0.111111111111111,0.547619047619048,0.714285714285714,FALSE
1918,0.222222222222222,0.714285714285714,0.714285714285714,FALSE
1918,0.333333333333333,0.166666666666667,0.714285714285714,FALSE
1918,0.444444444444444,0.166666666666667,0.714285714285714,FALSE
1918,0.555555555555556,0.261904761904762,0.714285714285714,FALSE
1918,0.666666666666667,0.380952380952381,0.714285714285714,FALSE
1918,0.777777777777778,0.714285714285714,0.714285714285714,FALSE
1918,0.888888888888889,0.714285714285714,0.714285714285714,FALSE
1918,1,0.547619047619048,0.714285714285714,FALSE
1920,0,1,1,FALSE
1920,0.111111111111111,0.714285714285714,1,FALSE
1920,0.222222222222222,1,1,FALSE
1920,0.333333333333333,0.904761904761905,1,FALSE
1920,0.444444444444444,0.380952380952381,1,FALSE
1920,0.555555555555556,0.714285714285714,1,FALSE
1920,0.666666666666667,0.904761904761905,1,FALSE
1920,0.777777777777778,1,1,FALSE
1920,0.888888888888889,1,1,FALSE
1920,1,0.904761904761905,1,FALSE
1922,0,0.904761904761905,0.904761904761905,FALSE
1922,0.111111111111111,0.412698412698413,0.904761904761905,FALSE
1922,0.222222222222222,0.19047619047619,0.904761904761905,FALSE
1922,0.333333333333333,0.0634920634920635,0.507936507936507,FALSE
1922,0.444444444444444,0.0634920634920635,0.507936507936507,FALSE
1922,0.555555555555556,0.0158730158730159,0.158730158730159,FALSE
1922,0.666666666666667,0.19047619047619,0.904761904761905,FALSE
1922,0.777777777777778,0.412698412698413,0.904761904761905,FALSE
1922,0.888888888888889,0.73015873015873,0.904761904761905,FALSE
1922,1,0.73015873015873,0.904761904761905,FALSE
1923,0,0.285714285714286,0.904761904761905,FALSE
1923,0.111111111111111,0.555555555555556,0.904761904761905,FALSE
1923,0.222222222222222,0.73015873015873,0.904761904761905,FALSE
1923,0.333333333333333,0.555555555555556,0.904761904761905,FALSE
1923,0.444444444444444,0.19047619047619,0.904761904761905,FALSE
1923,0.555555555555556,0.412698412698413,0.904761904761905,FALSE
1923,0.666666666666667,0.904761904761905,0.904761904761905,FALSE
1923,0.777777777777778,0.412698412698413,0.904761904761905,FALSE
1923,0.888888888888889,0.19047619047619,0.904761904761905,FALSE
1923,1,0.555555555555556,0.904761904761905,FALSE
1925,0,1,1,FALSE
1925,0.111111111111111,0.714285714285714,1,FALSE
1925,0.222222222222222,0.904761904761905,1,FALSE
1925,0.333333333333333,0.904761904761905,1,FALSE
1925,0.444444444444444,1,1,FALSE
1925,0.555555555555556,0.904761904761905,1,FALSE
1925,0.666666666666667,0.714285714285714,1,FALSE
1925,0.777777777777778,0.904761904761905,1,FALSE
1925,0.888888888888889,1,1,FALSE
1925,1,1,1,FALSE
1926,0,0.555555555555556,1,FALSE
1926,0.111111111111111,0.73015873015873,1,FALSE
1926,0.222222222222222,0.555555555555556,1,FALSE
1926,0.333333333333333,0.73015873015873,1,FALSE
1926,0.444444444444444,1,1,FALSE
1926,0.555555555555556,0.904761904761905,1,FALSE
1926,0.666666666666667,0.73015873015873,1,FALSE
1926,0.777777777777778,0.904761904761905,1,FALSE
1926,0.888888888888889,0.904761904761905,1,FALSE
1926,1,0.0158730158730159,0.158730158730159,FALSE
1927,0,0.412698412698413,1,FALSE
1927,0.111111111111111,1,1,FALSE
1927,0.222222222222222,1,1,FALSE
1927,0.333333333333333,0.73015873015873,1,FALSE
1927,0.444444444444444,0.19047619047619,1,FALSE
1927,0.555555555555556,0.111111111111111,0.888888888888888,FALSE
1927,0.666666666666667,0.412698412698413,1,FALSE
1927,0.777777777777778,0.555555555555556,1,FALSE
1927,0.888888888888889,0.555555555555556,1,FALSE
1927,1,0.555555555555556,1,FALSE
1928,0,0.547619047619048,1,FALSE
1928,0.111111111111111,0.547619047619048,1,FALSE
1928,0.222222222222222,1,1,FALSE
1928,0.333333333333333,0.380952380952381,1,FALSE
1928,0.444444444444444,0.380952380952381,1,FALSE
1928,0.555555555555556,0.261904761904762,1,FALSE
1928,0.666666666666667,0.714285714285714,1,FALSE
1928,0.777777777777778,0.904761904761905,1,FALSE
1928,0.888888888888889,0.904761904761905,1,FALSE
1928,1,0.904761904761905,1,FALSE
1929,0,0.19047619047619,1,FALSE
1929,0.111111111111111,0.19047619047619,1,FALSE
1929,0.222222222222222,0.412698412698413,1,FALSE
1929,0.333333333333333,0.73015873015873,1,FALSE
1929,0.444444444444444,0.555555555555556,1,FALSE
1929,0.555555555555556,0.285714285714286,1,FALSE
1929,0.666666666666667,1,1,FALSE
1929,0.777777777777778,0.555555555555556,1,FALSE
1929,0.888888888888889,0.904761904761905,1,FALSE
1929,1,1,1,FALSE
1930,0,0.904761904761905,0.904761904761905,FALSE
1930,0.111111111111111,0.380952380952381,0.904761904761905,FALSE
1930,0.222222222222222,0.380952380952381,0.904761904761905,FALSE
1930,0.333333333333333,0.904761904761905,0.904761904761905,FALSE
1930,0.444444444444444,0.714285714285714,0.904761904761905,FALSE
1930,0.555555555555556,0.547619047619048,0.904761904761905,FALSE
1930,0.666666666666667,0.166666666666667,0.904761904761905,FALSE
1930,0.777777777777778,0.166666666666667,0.904761904761905,FALSE
1930,0.888888888888889,0.166666666666667,0.904761904761905,FALSE
1930,1,0.166666666666667,0.904761904761905,FALSE
1932,0,0.412698412698413,1,FALSE
1932,0.111111111111111,0.73015873015873,1,FALSE
1932,0.222222222222222,0.73015873015873,1,FALSE
1932,0.333333333333333,0.904761904761905,1,FALSE
1932,0.444444444444444,0.412698412698413,1,FALSE
1932,0.555555555555556,0.285714285714286,1,FALSE
1932,0.666666666666667,0.73015873015873,1,FALSE
1932,0.777777777777778,0.904761904761905,1,FALSE
1932,0.888888888888889,1,1,FALSE
1932,1,0.73015873015873,1,FALSE
1933,0,0.904761904761905,0.904761904761905,FALSE
1933,0.111111111111111,0.904761904761905,0.904761904761905,FALSE
1933,0.222222222222222,0.73015873015873,0.904761904761905,FALSE
1933,0.333333333333333,0.904761904761905,0.904761904761905,FALSE
1933,0.444444444444444,0.412698412698413,0.904761904761905,FALSE
1933,0.555555555555556,0.412698412698413,0.904761904761905,FALSE
1933,0.666666666666667,0.904761904761905,0.904761904761905,FALSE
1933,0.777777777777778,0.73015873015873,0.904761904761905,FALSE
1933,0.888888888888889,0.904761904761905,0.904761904761905,FALSE
1933,1,0.73015873015873,0.904761904761905,FALSE
1934,0,0.904761904761905,0.904761904761905,FALSE
1934,0.111111111111111,0.904761904761905,0.904761904761905,FALSE
1934,0.222222222222222,0.904761904761905,0.904761904761905,FALSE
1934,0.333333333333333,0.547619047619048,0.904761904761905,FALSE
1934,0.444444444444444,0.714285714285714,0.904761904761905,FALSE
1934,0.555555555555556,0.547619047619048,0.904761904761905,FALSE
1934,0.666666666666667,0.380952380952381,0.904761904761905,FALSE
1934,0.777777777777778,0.380952380952381,0.904761904761905,FALSE
1934,0.888888888888889,0.547619047619048,0.904761904761905,FALSE
1934,1,0.714285714285714,0.904761904761905,FALSE
1935,0,0.714285714285714,0.904761904761905,FALSE
1935,0.111111111111111,0.547619047619048,0.904761904761905,FALSE
1935,0.222222222222222,0.904761904761905,0.904761904761905,FALSE
1935,0.333333333333333,0.904761904761905,0.904761904761905,FALSE
1935,0.444444444444444,0.714285714285714,0.904761904761905,FALSE
1935,0.555555555555556,0.904761904761905,0.904761904761905,FALSE
1935,0.666666666666667,0.380952380952381,0.904761904761905,FALSE
1935,0.777777777777778,0.714285714285714,0.904761904761905,FALSE
1935,0.888888888888889,0.714285714285714,0.904761904761905,FALSE
1935,1,0.261904761904762,0.904761904761905,FALSE
1936,0,0.261904761904762,0.904761904761905,FALSE
1936,0.111111111111111,0.166666666666667,0.833333333333335,FALSE
1936,0.222222222222222,0.904761904761905,0.904761904761905,FALSE
1936,0.333333333333333,0.714285714285714,0.904761904761905,FALSE
1936,0.444444444444444,0.380952380952381,0.904761904761905,FALSE
1936,0.555555555555556,0.547619047619048,0.904761904761905,FALSE
1936,0.666666666666667,0.547619047619048,0.904761904761905,FALSE
1936,0.777777777777778,0.547619047619048,0.904761904761905,FALSE
1936,0.888888888888889,0.380952380952381,0.904761904761905,FALSE
1936,1,0.166666666666667,0.833333333333335,FALSE
1937,0,0.714285714285714,0.904761904761905,FALSE
1937,0.111111111111111,0.261904761904762,0.785714285714286,FALSE
1937,0.222222222222222,0.0952380952380952,0.436507936507937,FALSE
1937,0.333333333333333,0.261904761904762,0.785714285714286,FALSE
1937,0.444444444444444,0.0238095238095238,0.238095238095238,FALSE
1937,0.555555555555556,0.0476190476190476,0.349206349206349,FALSE
1937,0.666666666666667,0.261904761904762,0.785714285714286,FALSE
1937,0.777777777777778,0.166666666666667,0.523809523809524,FALSE
1937,0.888888888888889,0.261904761904762,0.785714285714286,FALSE
1937,1,0.904761904761905,0.904761904761905,FALSE
1938,0,0.555555555555556,1,FALSE
1938,0.111111111111111,0.904761904761905,1,FALSE
1938,0.222222222222222,0.555555555555556,1,FALSE
1938,0.333333333333333,0.555555555555556,1,FALSE
1938,0.444444444444444,0.19047619047619,1,FALSE
1938,0.555555555555556,0.285714285714286,1,FALSE
1938,0.666666666666667,1,1,FALSE
1938,0.777777777777778,0.73015873015873,1,FALSE
1938,0.888888888888889,0.555555555555556,1,FALSE
1938,1,0.412698412698413,1,FALSE
1939,0,0.19047619047619,0.412698412698413,FALSE
1939,0.111111111111111,0.412698412698413,0.412698412698413,FALSE
1939,0.222222222222222,0.285714285714286,0.412698412698413,FALSE
1939,0.333333333333333,0.285714285714286,0.412698412698413,FALSE
1939,0.444444444444444,0.19047619047619,0.412698412698413,FALSE
1939,0.555555555555556,0.19047619047619,0.412698412698413,FALSE
1939,0.666666666666667,0.19047619047619,0.412698412698413,FALSE
1939,0.777777777777778,0.19047619047619,0.412698412698413,FALSE
1939,0.888888888888889,0.412698412698413,0.412698412698413,FALSE
1939,1,0.285714285714286,0.412698412698413,FALSE
1940,0,0.19047619047619,0.19047619047619,FALSE
1940,0.111111111111111,0.111111111111111,0.19047619047619,FALSE
1940,0.222222222222222,0.0634920634920635,0.166666666666666,FALSE
1940,0.333333333333333,0.0158730158730159,0.0952380952380953,FALSE
1940,0.444444444444444,0.0158730158730159,0.0952380952380953,FALSE
1940,0.555555555555556,0.0158730158730159,0.0952380952380953,FALSE
1940,0.666666666666667,0.0158730158730159,0.0952380952380953,FALSE
1940,0.777777777777778,0.0317460317460317,0.126984126984127,FALSE
1940,0.888888888888889,0.0634920634920635,0.166666666666666,FALSE
1940,1,0.0634920634920635,0.166666666666666,FALSE
1941,0,0.904761904761905,1,FALSE
1941,0.111111111111111,0.555555555555556,1,FALSE
1941,0.222222222222222,0.412698412698413,1,FALSE
1941,0.333333333333333,0.555555555555556,1,FALSE
1941,0.444444444444444,0.285714285714286,1,FALSE
1941,0.555555555555556,0.111111111111111,0.999999999999999,FALSE
1941,0.666666666666667,0.555555555555556,1,FALSE
1941,0.777777777777778,0.904761904761905,1,FALSE
1941,0.888888888888889,0.904761904761905,1,FALSE
1941,1,1,1,FALSE
1942,0,0.261904761904762,0.952380952380952,FALSE
1942,0.111111111111111,0.261904761904762,0.952380952380952,FALSE
1942,0.222222222222222,0.547619047619048,1,FALSE
1942,0.333333333333333,0.714285714285714,1,FALSE
1942,0.444444444444444,1,1,FALSE
1942,0.555555555555556,0.547619047619048,1,FALSE
1942,0.666666666666667,0.380952380952381,1,FALSE
1942,0.777777777777778,0.714285714285714,1,FALSE
1942,0.888888888888889,0.547619047619048,1,FALSE
1942,1,0.547619047619048,1,FALSE
1943,0,0.285714285714286,1,FALSE
1943,0.111111111111111,0.555555555555556,1,FALSE
1943,0.222222222222222,0.73015873015873,1,FALSE
1943,0.333333333333333,0.555555555555556,1,FALSE
1943,0.444444444444444,0.19047619047619,1,FALSE
1943,0.555555555555556,0.412698412698413,1,FALSE
1943,0.666666666666667,0.285714285714286,1,FALSE
1943,0.777777777777778,0.555555555555556,1,FALSE
1943,0.888888888888889,0.904761904761905,1,FALSE
1943,1,1,1,FALSE
1944,0,0.547619047619048,0.714285714285714,FALSE
1944,0.111111111111111,0.166666666666667,0.68452380952381,FALSE
1944,0.222222222222222,0.261904761904762,0.714285714285714,FALSE
1944,0.333333333333333,0.714285714285714,0.714285714285714,FALSE
1944,0.444444444444444,0.380952380952381,0.714285714285714,FALSE
1944,0.555555555555556,0.380952380952381,0.714285714285714,FALSE
1944,0.666666666666667,0.547619047619048,0.714285714285714,FALSE
1944,0.777777777777778,0.380952380952381,0.714285714285714,FALSE
1944,0.888888888888889,0.261904761904762,0.714285714285714,FALSE
1944,1,0.261904761904762,0.714285714285714,FALSE
1946,0,0.555555555555556,1,FALSE
1946,0.111111111111111,1,1,FALSE
1946,0.222222222222222,1,1,FALSE
1946,0.333333333333333,0.904761904761905,1,FALSE
1946,0.444444444444444,0.412698412698413,1,FALSE
1946,0.555555555555556,0.19047619047619,1,FALSE
1946,0.666666666666667,0.111111111111111,0.999999999999999,FALSE
1946,0.777777777777778,0.904761904761905,1,FALSE
1946,0.888888888888889,0.904761904761905,1,FALSE
1946,1,0.285714285714286,1,FALSE
1947,0,0.73015873015873,0.904761904761905,FALSE
1947,0.111111111111111,0.73015873015873,0.904761904761905,FALSE
1947,0.222222222222222,0.285714285714286,0.904761904761905,FALSE
1947,0.333333333333333,0.19047619047619,0.904761904761905,FALSE
1947,0.444444444444444,0.73015873015873,0.904761904761905,FALSE
1947,0.555555555555556,0.555555555555556,0.904761904761905,FALSE
1947,0.666666666666667,0.555555555555556,0.904761904761905,FALSE
1947,0.777777777777778,0.904761904761905,0.904761904761905,FALSE
1947,0.888888888888889,0.904761904761905,0.904761904761905,FALSE
1947,1,0.412698412698413,0.904761904761905,FALSE
1948,0,0.380952380952381,0.547619047619048,FALSE
1948,0.111111111111111,0.380952380952381,0.547619047619048,FALSE
1948,0.222222222222222,0.547619047619048,0.547619047619048,FALSE
1948,0.333333333333333,0.380952380952381,0.547619047619048,FALSE
1948,0.444444444444444,0.261904761904762,0.547619047619048,FALSE
1948,0.555555555555556,0.380952380952381,0.547619047619048,FALSE
1948,0.666666666666667,0.547619047619048,0.547619047619048,FALSE
1948,0.777777777777778,0.380952380952381,0.547619047619048,FALSE
1948,0.888888888888889,0.380952380952381,0.547619047619048,FALSE
1948,1,0.547619047619048,0.547619047619048,FALSE
1950,0,0.380952380952381,0.380952380952381,FALSE
1950,0.111111111111111,0.0476190476190476,0.333333333333333,FALSE
1950,0.222222222222222,0.0952380952380952,0.380952380952381,FALSE
1950,0.333333333333333,0.261904761904762,0.380952380952381,FALSE
1950,0.444444444444444,0.0952380952380952,0.380952380952381,FALSE
1950,0.555555555555556,0.166666666666667,0.380952380952381,FALSE
1950,0.666666666666667,0.261904761904762,0.380952380952381,FALSE
1950,0.777777777777778,0.0952380952380952,0.380952380952381,FALSE
1950,0.888888888888889,0.0952380952380952,0.380952380952381,FALSE
1950,1,0.380952380952381,0.380952380952381,FALSE
1951,0,0.547619047619048,1,FALSE
1951,0.111111111111111,0.714285714285714,1,FALSE
1951,0.222222222222222,0.904761904761905,1,FALSE
1951,0.333333333333333,0.380952380952381,1,FALSE
1951,0.444444444444444,0.714285714285714,1,FALSE
1951,0.555555555555556,0.904761904761905,1,FALSE
1951,0.666666666666667,1,1,FALSE
1951,0.777777777777778,1,1,FALSE
1951,0.888888888888889,0.166666666666667,1,FALSE
1951,1,0.0476190476190476,0.476190476190476,FALSE
1952,0,0.0238095238095238,0.238095238095238,FALSE
1952,0.111111111111111,0.261904761904762,0.904761904761905,FALSE
1952,0.222222222222222,0.714285714285714,0.904761904761905,FALSE
1952,0.333333333333333,0.547619047619048,0.904761904761905,FALSE
1952,0.444444444444444,0.380952380952381,0.904761904761905,FALSE
1952,0.555555555555556,0.714285714285714,0.904761904761905,FALSE
1952,0.666666666666667,0.714285714285714,0.904761904761905,FALSE
1952,0.777777777777778,0.904761904761905,0.904761904761905,FALSE
1952,0.888888888888889,0.547619047619048,0.904761904761905,FALSE
1952,1,0.714285714285714,0.904761904761905,FALSE
1953,0,0.73015873015873,1,FALSE
1953,0.111111111111111,0.412698412698413,1,FALSE
1953,0.222222222222222,0.285714285714286,1,FALSE
1953,0.333333333333333,0.555555555555556,1,FALSE
1953,0.444444444444444,0.111111111111111,1,FALSE
1953,0.555555555555556,0.73015873015873,1,FALSE
1953,0.666666666666667,0.904761904761905,1,FALSE
1953,0.777777777777778,0.904761904761905,1,FALSE
1953,0.888888888888889,0.73015873015873,1,FALSE
1953,1,1,1,FALSE
1954,0,0.555555555555556,1,FALSE
1954,0.111111111111111,0.904761904761905,1,FALSE
1954,0.222222222222222,1,1,FALSE
1954,0.333333333333333,0.73015873015873,1,FALSE
1954,0.444444444444444,0.73015873015873,1,FALSE
1954,0.555555555555556,0.904761904761905,1,FALSE
1954,0.666666666666667,0.555555555555556,1,FALSE
1954,0.777777777777778,0.904761904761905,1,FALSE
1954,0.888888888888889,1,1,FALSE
1954,1,0.73015873015873,1,FALSE
1955,0,0.904761904761905,0.904761904761905,FALSE
1955,0.111111111111111,0.904761904761905,0.904761904761905,FALSE
1955,0.222222222222222,0.285714285714286,0.904761904761905,FALSE
1955,0.333333333333333,0.285714285714286,0.904761904761905,FALSE
1955,0.444444444444444,0.19047619047619,0.904761904761905,FALSE
1955,0.555555555555556,0.19047619047619,0.904761904761905,FALSE
1955,0.666666666666667,0.285714285714286,0.904761904761905,FALSE
1955,0.777777777777778,0.412698412698413,0.904761904761905,FALSE
1955,0.888888888888889,0.555555555555556,0.904761904761905,FALSE
1955,1,0.73015873015873,0.904761904761905,FALSE
1956,0,0.555555555555556,0.904761904761905,FALSE
1956,0.111111111111111,0.904761904761905,0.904761904761905,FALSE
1956,0.222222222222222,0.73015873015873,0.904761904761905,FALSE
1956,0.333333333333333,0.904761904761905,0.904761904761905,FALSE
1956,0.444444444444444,0.285714285714286,0.904761904761905,FALSE
1956,0.555555555555556,0.904761904761905,0.904761904761905,FALSE
1956,0.666666666666667,0.73015873015873,0.904761904761905,FALSE
1956,0.777777777777778,0.285714285714286,0.904761904761905,FALSE
1956,0.888888888888889,0.73015873015873,0.904761904761905,FALSE
1956,1,0.412698412698413,0.904761904761905,FALSE
1957,0,0.380952380952381,1,FALSE
1957,0.111111111111111,0.261904761904762,0.785714285714286,FALSE
1957,0.222222222222222,0.166666666666667,0.666666666666668,FALSE
1957,0.333333333333333,0.166666666666667,0.666666666666668,FALSE
1957,0.444444444444444,0.0952380952380952,0.571428571428571,FALSE
1957,0.555555555555556,0.0952380952380952,0.571428571428571,FALSE
1957,0.666666666666667,0.166666666666667,0.666666666666668,FALSE
1957,0.777777777777778,0.380952380952381,1,FALSE
1957,0.888888888888889,0.904761904761905,1,FALSE
1957,1,1,1,FALSE
1959,0,0.904761904761905,1,FALSE
1959,0.111111111111111,0.904761904761905,1,FALSE
1959,0.222222222222222,1,1,FALSE
1959,0.333333333333333,0.380952380952381,1,FALSE
1959,0.444444444444444,0.0476190476190476,0.476190476190476,FALSE
1959,0.555555555555556,0.904761904761905,1,FALSE
1959,0.666666666666667,0.904761904761905,1,FALSE
1959,0.777777777777778,0.547619047619048,1,FALSE
1959,0.888888888888889,1,1,FALSE
1959,1,0.714285714285714,1,FALSE
1961,0,0.904761904761905,0.904761904761905,FALSE
1961,0.111111111111111,0.285714285714286,0.904761904761905,FALSE
1961,0.222222222222222,0.19047619047619,0.904761904761905,FALSE
1961,0.333333333333333,0.19047619047619,0.904761904761905,FALSE
1961,0.444444444444444,0.555555555555556,0.904761904761905,FALSE
1961,0.555555555555556,0.904761904761905,0.904761904761905,FALSE
1961,0.666666666666667,0.904761904761905,0.904761904761905,FALSE
1961,0.777777777777778,0.412698412698413,0.904761904761905,FALSE
1961,0.888888888888889,0.555555555555556,0.904761904761905,FALSE
1961,1,0.555555555555556,0.904761904761905,FALSE
1962,0,0.111111111111111,0.222222222222222,FALSE
1962,0.111111111111111,0.0317460317460317,0.0952380952380951,FALSE
1962,0.222222222222222,0.0158730158730159,0.0634920634920634,FALSE
1962,0.333333333333333,0.0158730158730159,0.0634920634920634,FALSE
1962,0.444444444444444,0.0158730158730159,0.0634920634920634,FALSE
1962,0.555555555555556,0.0158730158730159,0.0634920634920634,FALSE
1962,0.666666666666667,0.0317460317460317,0.0952380952380951,FALSE
1962,0.777777777777778,0.0317460317460317,0.0952380952380951,FALSE
1962,0.888888888888889,0.0317460317460317,0.0952380952380951,FALSE
1962,1,0.285714285714286,0.285714285714286,FALSE
1963,0,0.555555555555556,0.904761904761905,FALSE
1963,0.111111111111111,0.904761904761905,0.904761904761905,FALSE
1963,0.222222222222222,0.904761904761905,0.904761904761905,FALSE
1963,0.333333333333333,0.73015873015873,0.904761904761905,FALSE
1963,0.444444444444444,0.412698412698413,0.904761904761905,FALSE
1963,0.555555555555556,0.285714285714286,0.904761904761905,FALSE
1963,0.666666666666667,0.904761904761905,0.904761904761905,FALSE
1963,0.777777777777778,0.904761904761905,0.904761904761905,FALSE
1963,0.888888888888889,0.73015873015873,0.904761904761905,FALSE
1963,1,0.904761904761905,0.904761904761905,FALSE
1964,0,0.714285714285714,1,FALSE
1964,0.111111111111111,0.714285714285714,1,FALSE
1964,0.222222222222222,0.904761904761905,1,FALSE
1964,0.333333333333333,0.714285714285714,1,FALSE
1964,0.444444444444444,0.904761904761905,1,FALSE
1964,0.555555555555556,1,1,FALSE
1964,0.666666666666667,1,1,FALSE
1964,0.777777777777778,0.904761904761905,1,FALSE
1964,0.888888888888889,0.904761904761905,1,FALSE
1964,1,0.547619047619048,1,FALSE
1966,0,0.412698412698413,0.904761904761905,FALSE
1966,0.111111111111111,0.412698412698413,0.904761904761905,FALSE
1966,0.222222222222222,0.73015873015873,0.904761904761905,FALSE
1966,0.333333333333333,0.412698412698413,0.904761904761905,FALSE
1966,0.444444444444444,0.904761904761905,0.904761904761905,FALSE
1966,0.555555555555556,0.555555555555556,0.904761904761905,FALSE
1966,0.666666666666667,0.904761904761905,0.904761904761905,FALSE
1966,0.777777777777778,0.73015873015873,0.904761904761905,FALSE
1966,0.888888888888889,0.19047619047619,0.904761904761905,FALSE
1966,1,0.412698412698413,0.904761904761905,FALSE
1967,0,0.0476190476190476,0.19047619047619,FALSE
1967,0.111111111111111,0.0238095238095238,0.119047619047619,FALSE
1967,0.222222222222222,0.0476190476190476,0.19047619047619,FALSE
1967,0.333333333333333,0.380952380952381,0.380952380952381,FALSE
1967,0.444444444444444,0.380952380952381,0.380952380952381,FALSE
1967,0.555555555555556,0.166666666666667,0.380952380952381,FALSE
1967,0.666666666666667,0.0476190476190476,0.19047619047619,FALSE
1967,0.777777777777778,0.0238095238095238,0.119047619047619,FALSE
1967,0.888888888888889,0.0238095238095238,0.119047619047619,FALSE
1967,1,0.0238095238095238,0.119047619047619,FALSE
1968,0,0.547619047619048,0.904761904761905,FALSE
1968,0.111111111111111,0.714285714285714,0.904761904761905,FALSE
1968,0.222222222222222,0.714285714285714,0.904761904761905,FALSE
1968,0.333333333333333,0.904761904761905,0.904761904761905,FALSE
1968,0.444444444444444,0.166666666666667,0.857142857142857,FALSE
1968,0.555555555555556,0.0952380952380952,0.761904761904762,FALSE
1968,0.666666666666667,0.0952380952380952,0.761904761904762,FALSE
1968,0.777777777777778,0.714285714285714,0.904761904761905,FALSE
1968,0.888888888888889,0.714285714285714,0.904761904761905,FALSE
1968,1,0.547619047619048,0.904761904761905,FALSE
1969,0,0.380952380952381,0.380952380952381,FALSE
1969,0.111111111111111,0.261904761904762,0.380952380952381,FALSE
1969,0.222222222222222,0.261904761904762,0.380952380952381,FALSE
1969,0.333333333333333,0.380952380952381,0.380952380952381,FALSE
1969,0.444444444444444,0.166666666666667,0.380952380952381,FALSE
1969,0.555555555555556,0.166666666666667,0.380952380952381,FALSE
1969,0.666666666666667,0.380952380952381,0.380952380952381,FALSE
1969,0.777777777777778,0.380952380952381,0.380952380952381,FALSE
1969,0.888888888888889,0.380952380952381,0.380952380952381,FALSE
1969,1,0.166666666666667,0.380952380952381,FALSE
1970,0,0.73015873015873,1,FALSE
1970,0.111111111111111,0.412698412698413,1,FALSE
1970,0.222222222222222,0.285714285714286,1,FALSE
1970,0.333333333333333,0.412698412698413,1,FALSE
1970,0.444444444444444,0.412698412698413,1,FALSE
1970,0.555555555555556,0.19047619047619,1,FALSE
1970,0.666666666666667,0.412698412698413,1,FALSE
1970,0.777777777777778,1,1,FALSE
1970,0.888888888888889,1,1,FALSE
1970,1,0.555555555555556,1,FALSE
1971,0,0.412698412698413,1,FALSE
1971,0.111111111111111,0.73015873015873,1,FALSE
1971,0.222222222222222,0.904761904761905,1,FALSE
1971,0.333333333333333,0.19047619047619,1,FALSE
1971,0.444444444444444,0.0634920634920635,0.634920634920635,FALSE
1971,0.555555555555556,0.412698412698413,1,FALSE
1971,0.666666666666667,0.904761904761905,1,FALSE
1971,0.777777777777778,1,1,FALSE
1971,0.888888888888889,0.904761904761905,1,FALSE
1971,1,0.555555555555556,1,FALSE
1973,0,0.285714285714286,0.555555555555556,FALSE
1973,0.111111111111111,0.0634920634920635,0.380952380952381,FALSE
1973,0.222222222222222,0.0634920634920635,0.380952380952381,FALSE
1973,0.333333333333333,0.0634920634920635,0.380952380952381,FALSE
1973,0.444444444444444,0.412698412698413,0.555555555555556,FALSE
1973,0.555555555555556,0.555555555555556,0.555555555555556,FALSE
1973,0.666666666666667,0.412698412698413,0.555555555555556,FALSE
1973,0.777777777777778,0.19047619047619,0.555555555555556,FALSE
1973,0.888888888888889,0.0634920634920635,0.380952380952381,FALSE
1973,1,0.0634920634920635,0.380952380952381,FALSE
1974,0,0.714285714285714,0.904761904761905,FALSE
1974,0.111111111111111,0.904761904761905,0.904761904761905,FALSE
1974,0.222222222222222,0.714285714285714,0.904761904761905,FALSE
1974,0.333333333333333,0.261904761904762,0.904761904761905,FALSE
1974,0.444444444444444,0.166666666666667,0.904761904761905,FALSE
1974,0.555555555555556,0.166666666666667,0.904761904761905,FALSE
1974,0.666666666666667,0.380952380952381,0.904761904761905,FALSE
1974,0.777777777777778,0.714285714285714,0.904761904761905,FALSE
1974,0.888888888888889,0.904761904761905,0.904761904761905,FALSE
1974,1,0.714285714285714,0.904761904761905,FALSE
1975,0,0.19047619047619,1,FALSE
1975,0.111111111111111,0.285714285714286,1,FALSE
1975,0.222222222222222,0.555555555555556,1,FALSE
1975,0.333333333333333,0.904761904761905,1,FALSE
1975,0.444444444444444,0.19047619047619,1,FALSE
1975,0.555555555555556,0.285714285714286,1,FALSE
1975,0.666666666666667,0.904761904761905,1,FALSE
1975,0.777777777777778,1,1,FALSE
1975,0.888888888888889,1,1,FALSE
1975,1,0.904761904761905,1,FALSE
1976,0,0.714285714285714,0.714285714285714,FALSE
1976,0.111111111111111,0.261904761904762,0.714285714285714,FALSE
1976,0.222222222222222,0.380952380952381,0.714285714285714,FALSE
1976,0.333333333333333,0.547619047619048,0.714285714285714,FALSE
1976,0.444444444444444,0.547619047619048,0.714285714285714,FALSE
1976,0.555555555555556,0.0952380952380952,0.638888888888889,FALSE
1976,0.666666666666667,0.547619047619048,0.714285714285714,FALSE
1976,0.777777777777778,0.0476190476190476,0.476190476190476,FALSE
1976,0.888888888888889,0.166666666666667,0.68452380952381,FALSE
1976,1,0.547619047619048,0.714285714285714,FALSE
1978,0,0.412698412698413,0.904761904761905,FALSE
1978,0.111111111111111,0.412698412698413,0.904761904761905,FALSE
1978,0.222222222222222,0.904761904761905,0.904761904761905,FALSE
1978,0.333333333333333,0.904761904761905,0.904761904761905,FALSE
1978,0.444444444444444,0.73015873015873,0.904761904761905,FALSE
1978,0.555555555555556,0.904761904761905,0.904761904761905,FALSE
1978,0.666666666666667,0.111111111111111,0.825396825396826,FALSE
1978,0.777777777777778,0.111111111111111,0.825396825396826,FALSE
1978,0.888888888888889,0.19047619047619,0.904761904761905,FALSE
1978,1,0.412698412698413,0.904761904761905,FALSE
1979,0,0.19047619047619,0.904761904761905,FALSE
1979,0.111111111111111,0.285714285714286,0.904761904761905,FALSE
1979,0.222222222222222,0.285714285714286,0.904761904761905,FALSE
1979,0.333333333333333,0.19047619047619,0.904761904761905,FALSE
1979,0.444444444444444,0.0634920634920635,0.571428571428572,FALSE
1979,0.555555555555556,0.412698412698413,0.904761904761905,FALSE
1979,0.666666666666667,0.904761904761905,0.904761904761905,FALSE
1979,0.777777777777778,0.73015873015873,0.904761904761905,FALSE
1979,0.888888888888889,0.904761904761905,0.904761904761905,FALSE
1979,1,0.412698412698413,0.904761904761905,FALSE
1981,0,0.412698412698413,0.904761904761905,FALSE
1981,0.111111111111111,0.555555555555556,0.904761904761905,FALSE
1981,0.222222222222222,0.19047619047619,0.904761904761905,FALSE
1981,0.333333333333333,0.555555555555556,0.904761904761905,FALSE
1981,0.444444444444444,0.904761904761905,0.904761904761905,FALSE
1981,0.555555555555556,0.904761904761905,0.904761904761905,FALSE
1981,0.666666666666667,0.904761904761905,0.904761904761905,FALSE
1981,0.777777777777778,0.73015873015873,0.904761904761905,FALSE
1981,0.888888888888889,0.904761904761905,0.904761904761905,FALSE
1981,1,0.73015873015873,0.904761904761905,FALSE
1982,0,0.73015873015873,1,FALSE
1982,0.111111111111111,0.412698412698413,1,FALSE
1982,0.222222222222222,0.285714285714286,1,FALSE
1982,0.333333333333333,0.555555555555556,1,FALSE
1982,0.444444444444444,0.904761904761905,1,FALSE
1982,0.555555555555556,1,1,FALSE
1982,0.666666666666667,0.412698412698413,1,FALSE
1982,0.777777777777778,0.412698412698413,1,FALSE
1982,0.888888888888889,0.285714285714286,1,FALSE
1982,1,0.412698412698413,1,FALSE
1983,0,0.547619047619048,0.714285714285714,FALSE
1983,0.111111111111111,0.261904761904762,0.714285714285714,FALSE
1983,0.222222222222222,0.261904761904762,0.714285714285714,FALSE
1983,0.333333333333333,0.380952380952381,0.714285714285714,FALSE
1983,0.444444444444444,0.166666666666667,0.68452380952381,FALSE
1983,0.555555555555556,0.166666666666667,0.68452380952381,FALSE
1983,0.666666666666667,0.166666666666667,0.68452380952381,FALSE
1983,0.777777777777778,0.547619047619048,0.714285714285714,FALSE
1983,0.888888888888889,0.714285714285714,0.714285714285714,FALSE
1983,1,0.166666666666667,0.68452380952381,FALSE
1984,0,1,1,FALSE
1984,0.111111111111111,0.555555555555556,1,FALSE
1984,0.222222222222222,0.412698412698413,1,FALSE
1984,0.333333333333333,1,1,FALSE
1984,0.444444444444444,0.285714285714286,1,FALSE
1984,0.555555555555556,0.412698412698413,1,FALSE
1984,0.666666666666667,0.555555555555556,1,FALSE
1984,0.777777777777778,0.904761904761905,1,FALSE
1984,0.888888888888889,0.412698412698413,1,FALSE
1984,1,0.555555555555556,1,FALSE
1985,0,0.555555555555556,1,FALSE
1985,0.111111111111111,0.73015873015873,1,FALSE
1985,0.222222222222222,0.555555555555556,1,FALSE
1985,0.333333333333333,0.904761904761905,1,FALSE
1985,0.444444444444444,0.73015873015873,1,FALSE
1985,0.555555555555556,0.904761904761905,1,FALSE
1985,0.666666666666667,0.904761904761905,1,FALSE
1985,0.777777777777778,1,1,FALSE
1985,0.888888888888889,0.555555555555556,1,FALSE
1985,1,0.285714285714286,1,FALSE
1986,0,0.412698412698413,1,FALSE
1986,0.111111111111111,0.412698412698413,1,FALSE
1986,0.222222222222222,0.555555555555556,1,FALSE
1986,0.333333333333333,1,1,FALSE
1986,0.444444444444444,0.73015873015873,1,FALSE
1986,0.555555555555556,0.73015873015873,1,FALSE
1986,0.666666666666667,1,1,FALSE
1986,0.777777777777778,0.555555555555556,1,FALSE
1986,0.888888888888889,0.904761904761905,1,FALSE
1986,1,0.904761904761905,1,FALSE
1987,0,1,1,FALSE
1987,0.111111111111111,0.73015873015873,1,FALSE
1987,0.222222222222222,0.555555555555556,1,FALSE
1987,0.333333333333333,0.111111111111111,0.834467120181406,FALSE
1987,0.444444444444444,0.111111111111111,0.834467120181406,FALSE
1987,0.555555555555556,0.285714285714286,0.973544973544973,FALSE
1987,0.666666666666667,0.19047619047619,0.912698412698413,FALSE
1987,0.777777777777778,0.412698412698413,1,FALSE
1987,0.888888888888889,0.73015873015873,1,FALSE
1987,1,0.73015873015873,1,FALSE
1988,0,0.73015873015873,1,FALSE
1988,0.111111111111111,0.555555555555556,1,FALSE
1988,0.222222222222222,0.412698412698413,1,FALSE
1988,0.333333333333333,0.412698412698413,1,FALSE
1988,0.444444444444444,0.285714285714286,1,FALSE
1988,0.555555555555556,0.412698412698413,1,FALSE
1988,0.666666666666667,1,1,FALSE
1988,0.777777777777778,1,1,FALSE
1988,0.888888888888889,0.285714285714286,1,FALSE
1988,1,0.0317460317460317,0.317460317460317,FALSE
1989,0,1,1,FALSE
1989,0.111111111111111,0.547619047619048,1,FALSE
1989,0.222222222222222,0.547619047619048,1,FALSE
1989,0.333333333333333,0.714285714285714,1,FALSE
1989,0.444444444444444,0.0476190476190476,0.476190476190476,FALSE
1989,0.555555555555556,0.547619047619048,1,FALSE
1989,0.666666666666667,0.380952380952381,1,FALSE
1989,0.777777777777778,0.904761904761905,1,FALSE
1989,0.888888888888889,0.261904761904762,1,FALSE
1989,1,0.0952380952380952,0.821428571428572,FALSE
1990,0,0.0238095238095238,0.238095238095238,FALSE
1990,0.111111111111111,0.166666666666667,0.68452380952381,FALSE
1990,0.222222222222222,0.261904761904762,0.714285714285714,FALSE
1990,0.333333333333333,0.714285714285714,0.714285714285714,FALSE
1990,0.444444444444444,0.166666666666667,0.68452380952381,FALSE
1990,0.555555555555556,0.261904761904762,0.714285714285714,FALSE
1990,0.666666666666667,0.547619047619048,0.714285714285714,FALSE
1990,0.777777777777778,0.547619047619048,0.714285714285714,FALSE
1990,0.888888888888889,0.380952380952381,0.714285714285714,FALSE
1990,1,0.261904761904762,0.714285714285714,FALSE
1992,0,0.547619047619048,0.904761904761905,FALSE
1992,0.111111111111111,0.904761904761905,0.904761904761905,FALSE
1992,0.222222222222222,0.714285714285714,0.904761904761905,FALSE
1992,0.333333333333333,0.380952380952381,0.904761904761905,FALSE
1992,0.444444444444444,0.261904761904762,0.904761904761905,FALSE
1992,0.555555555555556,0.714285714285714,0.904761904761905,FALSE
1992,0.666666666666667,0.904761904761905,0.904761904761905,FALSE
1992,0.777777777777778,0.380952380952381,0.904761904761905,FALSE
1992,0.888888888888889,0.380952380952381,0.904761904761905,FALSE
1992,1,0.904761904761905,0.904761904761905,FALSE
1993,0,0.73015873015873,1,FALSE
1993,0.111111111111111,0.0634920634920635,0.571428571428572,FALSE
1993,0.222222222222222,0.0317460317460317,0.317460317460317,FALSE
1993,0.333333333333333,0.19047619047619,0.912698412698413,FALSE
1993,0.444444444444444,1,1,FALSE
1993,0.555555555555556,0.555555555555556,1,FALSE
1993,0.666666666666667,0.73015873015873,1,FALSE
1993,0.777777777777778,0.412698412698413,1,FALSE
1993,0.888888888888889,0.73015873015873,1,FALSE
1993,1,0.73015873015873,1,FALSE
1994,0,1,1,FALSE
1994,0.111111111111111,0.73015873015873,1,FALSE
1994,0.222222222222222,0.73015873015873,1,FALSE
1994,0.333333333333333,1,1,FALSE
1994,0.444444444444444,0.73015873015873,1,FALSE
1994,0.555555555555556,0.73015873015873,1,FALSE
1994,0.666666666666667,0.904761904761905,1,FALSE
1994,0.777777777777778,0.285714285714286,1,FALSE
1994,0.888888888888889,0.285714285714286,1,FALSE
1994,1,0.412698412698413,1,FALSE
1996,0,1,1,FALSE
1996,0.111111111111111,0.904761904761905,1,FALSE
1996,0.222222222222222,0.904761904761905,1,FALSE
1996,0.333333333333333,1,1,FALSE
1996,0.444444444444444,0.73015873015873,1,FALSE
1996,0.555555555555556,0.904761904761905,1,FALSE
1996,0.666666666666667,0.904761904761905,1,FALSE
1996,0.777777777777778,0.73015873015873,1,FALSE
1996,0.888888888888889,0.555555555555556,1,FALSE
1996,1,0.73015873015873,1,FALSE
1997,0,0.0476190476190476,0.166666666666667,FALSE
1997,0.111111111111111,0.166666666666667,0.166666666666667,FALSE
1997,0.222222222222222,0.166666666666667,0.166666666666667,FALSE
1997,0.333333333333333,0.0952380952380952,0.166666666666667,FALSE
1997,0.444444444444444,0.0952380952380952,0.166666666666667,FALSE
1997,0.555555555555556,0.0476190476190476,0.166666666666667,FALSE
1997,0.666666666666667,0.0238095238095238,0.166666666666667,FALSE
1997,0.777777777777778,0.0238095238095238,0.166666666666667,FALSE
1997,0.888888888888889,0.166666666666667,0.166666666666667,FALSE
1997,1,0.166666666666667,0.166666666666667,FALSE
1998,0,0.380952380952381,0.821428571428572,FALSE
1998,0.111111111111111,0.0952380952380952,0.611111111111111,FALSE
1998,0.222222222222222,0.0238095238095238,0.238095238095238,FALSE
1998,0.333333333333333,0.0952380952380952,0.611111111111111,FALSE
1998,0.444444444444444,0.904761904761905,0.904761904761905,FALSE
1998,0.555555555555556,0.547619047619048,0.904761904761905,FALSE
1998,0.666666666666667,0.0952380952380952,0.611111111111111,FALSE
1998,0.777777777777778,0.261904761904762,0.785714285714286,FALSE
1998,0.888888888888889,0.261904761904762,0.785714285714286,FALSE
1998,1,0.547619047619048,0.904761904761905,FALSE
1999,0,0.380952380952381,1,FALSE
1999,0.111111111111111,0.904761904761905,1,FALSE
1999,0.222222222222222,1,1,FALSE
1999,0.333333333333333,0.714285714285714,1,FALSE
1999,0.444444444444444,0.166666666666667,1,FALSE
1999,0.555555555555556,0.0952380952380952,0.857142857142857,FALSE
1999,0.666666666666667,0.714285714285714,1,FALSE
1999,0.777777777777778,0.904761904761905,1,FALSE
1999,0.888888888888889,0.904761904761905,1,FALSE
1999,1,0.714285714285714,1,FALSE
2000,0,1,1,FALSE
2000,0.111111111111111,1,1,FALSE
2000,0.222222222222222,0.904761904761905,1,FALSE
2000,0.333333333333333,0.904761904761905,1,FALSE
2000,0.444444444444444,0.0158730158730159,0.158730158730159,FALSE
2000,0.555555555555556,0.0634920634920635,0.571428571428572,FALSE
2000,0.666666666666667,0.285714285714286,1,FALSE
2000,0.777777777777778,0.412698412698413,1,FALSE
2000,0.888888888888889,0.285714285714286,1,FALSE
2000,1,0.904761904761905,1,FALSE
2001,0,0.513486513486513,1,FALSE
2001,0.111111111111111,1,1,FALSE
2001,0.222222222222222,0.678654678654679,1,FALSE
2001,0.333333333333333,0.594072594072594,1,FALSE
2001,0.444444444444444,0.0992340992340992,0.793872793872794,FALSE
2001,0.555555555555556,0.03996003996004,0.3996003996004,FALSE
2001,0.666666666666667,0.129204129204129,1,FALSE
2001,0.777777777777778,0.513486513486513,1,FALSE
2001,0.888888888888889,0.767898767898768,1,FALSE
2001,1,0.953046953046953,1,FALSE
2002,0,0.280963480963481,0.955089355089355,FALSE
2002,0.111111111111111,0.280963480963481,0.955089355089355,FALSE
2002,0.222222222222222,0.535819735819736,0.955089355089355,FALSE
2002,0.333333333333333,0.955089355089355,0.955089355089355,FALSE
2002,0.444444444444444,0.463403263403263,0.955089355089355,FALSE
2002,0.555555555555556,0.955089355089355,0.955089355089355,FALSE
2002,0.666666666666667,0.866511266511267,0.955089355089355,FALSE
2002,0.777777777777778,0.335664335664336,0.955089355089355,FALSE
2002,0.888888888888889,0.0938616938616939,0.755244755244756,FALSE
2002,1,0.0938616938616939,0.755244755244756,FALSE
2003,0,0.606993006993007,0.954645354645355,FALSE
2003,0.111111111111111,0.863936063936064,0.954645354645355,FALSE
2003,0.222222222222222,0.954645354645355,0.954645354645355,FALSE
2003,0.333333333333333,0.863936063936064,0.954645354645355,FALSE
2003,0.444444444444444,0.775624375624376,0.954645354645355,FALSE
2003,0.555555555555556,0.181018981018981,0.954645354645355,FALSE
2003,0.666666666666667,0.863936063936064,0.954645354645355,FALSE
2003,0.777777777777778,0.113486513486513,0.794405594405591,FALSE
2003,0.888888888888889,0.0047952047952048,0.047952047952048,TRUE
2003,1,0.181018981018981,0.954645354645355,FALSE
2004,0,0.463403263403263,0.535819735819736,FALSE
2004,0.111111111111111,0.280963480963481,0.535819735819736,FALSE
2004,0.222222222222222,0.0289044289044289,0.173426573426573,FALSE
2004,0.333333333333333,0.00124320124320124,0.0124320124320124,TRUE
2004,0.444444444444444,0.00590520590520591,0.0531468531468532,FALSE
2004,0.555555555555556,0.0205128205128205,0.14032634032634,FALSE
2004,0.666666666666667,0.0400932400932401,0.216317016317016,FALSE
2004,0.777777777777778,0.151981351981352,0.535819735819736,FALSE
2004,0.888888888888889,0.535819735819736,0.535819735819736,FALSE
2004,1,0.0721056721056721,0.360528360528361,FALSE
2005,0,0.513486513486513,0.678654678654679,FALSE
2005,0.111111111111111,0.254412254412254,0.678654678654679,FALSE
2005,0.222222222222222,0.43956043956044,0.678654678654679,FALSE
2005,0.333333333333333,0.164502164502165,0.65800865800866,FALSE
2005,0.444444444444444,0.0126540126540127,0.101232101232102,FALSE
2005,0.555555555555556,0.000666000666000666,0.00666000666000666,TRUE
2005,0.666666666666667,0.00266400266400266,0.0239760239760239,TRUE
2005,0.777777777777778,0.206460206460206,0.678654678654679,FALSE
2005,0.888888888888889,0.678654678654679,0.678654678654679,FALSE
2005,1,0.206460206460206,0.678654678654679,FALSE
2006,0,0.231857031857032,0.463714063714064,FALSE
2006,0.111111111111111,0.120590520590521,0.347785547785548,FALSE
2006,0.222222222222222,0.0721056721056721,0.241181041181042,FALSE
2006,0.333333333333333,0.0400932400932401,0.200466200466201,FALSE
2006,0.444444444444444,0.013986013986014,0.106915306915307,FALSE
2006,0.555555555555556,0.0289044289044289,0.173426573426573,FALSE
2006,0.666666666666667,0.0400932400932401,0.200466200466201,FALSE
2006,0.777777777777778,0.0289044289044289,0.173426573426573,FALSE
2006,0.888888888888889,0.120590520590521,0.347785547785548,FALSE
2006,1,0.535819735819736,0.535819735819736,FALSE
2007,0,0.528671328671329,1,FALSE
2007,0.111111111111111,1,1,FALSE
2007,0.222222222222222,0.606993006993007,1,FALSE
2007,0.333333333333333,0.181018981018981,0.758741258741259,FALSE
2007,0.444444444444444,0.0663336663336663,0.53066933066933,FALSE
2007,0.555555555555556,0.00759240759240759,0.0759240759240759,FALSE
2007,0.666666666666667,0.0879120879120879,0.693706293706294,FALSE
2007,0.777777777777778,0.455944055944056,0.911888111888112,FALSE
2007,0.888888888888889,0.606993006993007,1,FALSE
2007,1,0.528671328671329,1,FALSE
2008,0,0.364835164835165,1,FALSE
2008,0.111111111111111,0.945054945054945,1,FALSE
2008,0.222222222222222,1,1,FALSE
2008,0.333333333333333,0.294505494505495,1,FALSE
2008,0.444444444444444,0.101098901098901,0.912087912087912,FALSE
2008,0.555555555555556,0.364835164835165,1,FALSE
2008,0.666666666666667,0.839560439560439,1,FALSE
2008,0.777777777777778,0.945054945054945,1,FALSE
2008,0.888888888888889,0.839560439560439,1,FALSE
2008,1,0.632967032967033,1,FALSE
2009,0,0.144655344655345,0.964475524475525,FALSE
2009,0.111111111111111,1,1,FALSE
2009,0.222222222222222,0.688911088911089,1,FALSE
2009,0.333333333333333,0.688911088911089,1,FALSE
2009,0.444444444444444,0.011988011988012,0.11988011988012,FALSE
2009,0.555555555555556,0.035964035964036,0.323676323676324,FALSE
2009,0.666666666666667,0.181018981018981,1,FALSE
2009,0.777777777777778,0.455944055944056,1,FALSE
2009,0.888888888888889,1,1,FALSE
2009,1,0.688911088911089,1,FALSE
2010,0,0.342857142857143,1,FALSE
2010,0.111111111111111,0.411721611721612,1,FALSE
2010,0.222222222222222,0.411721611721612,1,FALSE
2010,0.333333333333333,1,1,FALSE
2010,0.444444444444444,0.851282051282051,1,FALSE
2010,0.555555555555556,0.660805860805861,1,FALSE
2010,0.666666666666667,0.660805860805861,1,FALSE
2010,0.777777777777778,0.104029304029304,0.823443223443224,FALSE
2010,0.888888888888889,0.0556776556776557,0.468131868131868,FALSE
2010,1,0.104029304029304,0.823443223443224,FALSE
2011,0,0.955089355089355,0.955089355089355,FALSE
2011,0.111111111111111,0.778865578865579,0.955089355089355,FALSE
2011,0.222222222222222,0.694327894327894,0.955089355089355,FALSE
2011,0.333333333333333,0.778865578865579,0.955089355089355,FALSE
2011,0.444444444444444,0.396891996891997,0.955089355089355,FALSE
2011,0.555555555555556,0.280963480963481,0.955089355089355,FALSE
2011,0.666666666666667,0.463403263403263,0.955089355089355,FALSE
2011,0.777777777777778,0.535819735819736,0.955089355089355,FALSE
2011,0.888888888888889,0.778865578865579,0.955089355089355,FALSE
2011,1,0.231857031857032,0.955089355089355,FALSE
2012,0,0.231857031857032,0.793783993783994,FALSE
2012,0.111111111111111,0.151981351981352,0.661486661486662,FALSE
2012,0.222222222222222,0.396891996891997,0.866511266511267,FALSE
2012,0.333333333333333,0.694327894327894,0.866511266511267,FALSE
2012,0.444444444444444,0.0400932400932401,0.324475524475524,FALSE
2012,0.555555555555556,0.013986013986014,0.13986013986014,FALSE
2012,0.666666666666667,0.0721056721056721,0.504739704739705,FALSE
2012,0.777777777777778,0.151981351981352,0.661486661486662,FALSE
2012,0.888888888888889,0.396891996891997,0.866511266511267,FALSE
2012,1,0.866511266511267,0.866511266511267,FALSE
2013,0,0.594072594072594,1,FALSE
2013,0.111111111111111,0.254412254412254,1,FALSE
2013,0.222222222222222,0.370962370962371,1,FALSE
2013,0.333333333333333,1,1,FALSE
2013,0.444444444444444,0.678654678654679,1,FALSE
2013,0.555555555555556,0.254412254412254,1,FALSE
2013,0.666666666666667,0.0992340992340992,0.793872793872794,FALSE
2013,0.777777777777778,0.254412254412254,1,FALSE
2013,0.888888888888889,0.678654678654679,1,FALSE
2013,1,0.953046953046953,1,FALSE
2014,0,0.859140859140859,0.953046953046953,FALSE
2014,0.111111111111111,0.953046953046953,0.953046953046953,FALSE
2014,0.222222222222222,0.859140859140859,0.953046953046953,FALSE
2014,0.333333333333333,0.678654678654679,0.953046953046953,FALSE
2014,0.444444444444444,0.30969030969031,0.953046953046953,FALSE
2014,0.555555555555556,0.129204129204129,0.953046953046953,FALSE
2014,0.666666666666667,0.767898767898768,0.953046953046953,FALSE
2014,0.777777777777778,0.43956043956044,0.953046953046953,FALSE
2014,0.888888888888889,0.206460206460206,0.953046953046953,FALSE
2014,1,0.206460206460206,0.953046953046953,FALSE
2015,0,0.953046953046953,0.953046953046953,FALSE
2015,0.111111111111111,0.594072594072594,0.953046953046953,FALSE
2015,0.222222222222222,0.370962370962371,0.891108891108891,FALSE
2015,0.333333333333333,0.129204129204129,0.712887112887113,FALSE
2015,0.444444444444444,0.03996003996004,0.3996003996004,FALSE
2015,0.555555555555556,0.164502164502165,0.742590742590743,FALSE
2015,0.666666666666667,0.513486513486513,0.953046953046953,FALSE
2015,0.777777777777778,0.513486513486513,0.953046953046953,FALSE
2015,0.888888888888889,0.43956043956044,0.891108891108891,FALSE
2015,1,0.30969030969031,0.891108891108891,FALSE
2016,0,0.694327894327894,0.694327894327894,FALSE
2016,0.111111111111111,0.189277389277389,0.503496503496504,FALSE
2016,0.222222222222222,0.0938616938616939,0.375446775446776,FALSE
2016,0.333333333333333,0.0721056721056721,0.315462315462315,FALSE
2016,0.444444444444444,0.0205128205128205,0.18041958041958,FALSE
2016,0.555555555555556,0.0205128205128205,0.18041958041958,FALSE
2016,0.666666666666667,0.0400932400932401,0.264988344988345,FALSE
2016,0.777777777777778,0.189277389277389,0.503496503496504,FALSE
2016,0.888888888888889,0.335664335664336,0.671328671328672,FALSE
2016,1,0.120590520590521,0.378554778554778,FALSE
2017,0,1,1,FALSE
2017,0.111111111111111,1,1,FALSE
2017,0.222222222222222,0.612587412587413,1,FALSE
2017,0.333333333333333,0.694327894327894,1,FALSE
2017,0.444444444444444,0.280963480963481,1,FALSE
2017,0.555555555555556,0.189277389277389,1,FALSE
2017,0.666666666666667,0.866511266511267,1,FALSE
2017,0.777777777777778,0.955089355089355,1,FALSE
2017,0.888888888888889,0.778865578865579,1,FALSE
2017,1,0.396891996891997,1,FALSE
2018,0,0.767898767898768,1,FALSE
2018,0.111111111111111,0.43956043956044,1,FALSE
2018,0.222222222222222,0.513486513486513,1,FALSE
2018,0.333333333333333,0.594072594072594,1,FALSE
2018,0.444444444444444,0.0552780552780553,0.552780552780553,FALSE
2018,0.555555555555556,0.129204129204129,1,FALSE
2018,0.666666666666667,0.953046953046953,1,FALSE
2018,0.777777777777778,1,1,FALSE
2018,0.888888888888889,0.767898767898768,1,FALSE
2018,1,0.859140859140859,1,FALSE
2019,0,0.335664335664336,0.955089355089355,FALSE
2019,0.111111111111111,0.866511266511267,0.955089355089355,FALSE
2019,0.222222222222222,0.866511266511267,0.955089355089355,FALSE
2019,0.333333333333333,0.535819735819736,0.955089355089355,FALSE
2019,0.444444444444444,0.0540792540792541,0.540792540792541,FALSE
2019,0.555555555555556,0.151981351981352,0.955089355089355,FALSE
2019,0.666666666666667,0.778865578865579,0.955089355089355,FALSE
2019,0.777777777777778,0.955089355089355,0.955089355089355,FALSE
2019,0.888888888888889,0.866511266511267,0.955089355089355,FALSE
2019,1,0.778865578865579,0.955089355089355,FALSE
2020,0,0.594072594072594,1,FALSE
2020,0.111111111111111,0.678654678654679,1,FALSE
2020,0.222222222222222,0.513486513486513,1,FALSE
2020,0.333333333333333,0.859140859140859,1,FALSE
2020,0.444444444444444,0.254412254412254,1,FALSE
2020,0.555555555555556,0.254412254412254,1,FALSE
2020,0.666666666666667,0.254412254412254,1,FALSE
2020,0.777777777777778,1,1,FALSE
2020,0.888888888888889,0.370962370962371,1,FALSE
2020,1,0.0552780552780553,0.552780552780553,FALSE
2021,0,0.0556776556776557,0.501098901098901,FALSE
2021,0.111111111111111,0.0776556776556777,0.698901098901099,FALSE
2021,0.222222222222222,0.225641025641026,0.941391941391941,FALSE
2021,0.333333333333333,0.660805860805861,1,FALSE
2021,0.444444444444444,0.753113553113553,1,FALSE
2021,0.555555555555556,0.342857142857143,1,FALSE
2021,0.666666666666667,0.27985347985348,1,FALSE
2021,0.777777777777778,0.489377289377289,1,FALSE
2021,0.888888888888889,0.571428571428571,1,FALSE
2021,1,1,1,FALSE
2022,0,0.327672327672328,0.863936063936064,FALSE
2022,0.111111111111111,0.144655344655345,0.863936063936064,FALSE
2022,0.222222222222222,0.606993006993007,0.863936063936064,FALSE
2022,0.333333333333333,0.775624375624376,0.863936063936064,FALSE
2022,0.444444444444444,0.223776223776224,0.863936063936064,FALSE
2022,0.555555555555556,0.327672327672328,0.863936063936064,FALSE
2022,0.666666666666667,0.688911088911089,0.863936063936064,FALSE
2022,0.777777777777778,0.863936063936064,0.863936063936064,FALSE
2022,0.888888888888889,0.0879120879120879,0.655344655344656,FALSE
2022,1,0.272127872127872,0.863936063936064,FALSE
2023,0,0.775624375624376,0.775624375624376,FALSE
2023,0.111111111111111,0.455944055944056,0.775624375624376,FALSE
2023,0.222222222222222,0.388411588411588,0.775624375624376,FALSE
2023,0.333333333333333,0.0879120879120879,0.615384615384615,FALSE
2023,0.444444444444444,0.011988011988012,0.11988011988012,FALSE
2023,0.555555555555556,0.035964035964036,0.323676323676324,FALSE
2023,0.666666666666667,0.272127872127872,0.775624375624376,FALSE
2023,0.777777777777778,0.455944055944056,0.775624375624376,FALSE
2023,0.888888888888889,0.606993006993007,0.775624375624376,FALSE
2023,1,0.272127872127872,0.775624375624376,FALSE
2024,0,0.00932400932400932,0.0466200466200466,TRUE
2024,0.111111111111111,0.0540792540792541,0.0721056721056721,FALSE
2024,0.222222222222222,0.0400932400932401,0.0721056721056721,FALSE
2024,0.333333333333333,0.0205128205128205,0.0721056721056721,FALSE
2024,0.444444444444444,0.013986013986014,0.055944055944056,FALSE
2024,0.555555555555556,0.00372960372960373,0.027972027972028,TRUE
2024,0.666666666666667,0.013986013986014,0.055944055944056,FALSE
2024,0.777777777777778,0.00217560217560218,0.0174048174048174,TRUE
2024,0.888888888888889,0.00372960372960373,0.027972027972028,TRUE
2024,1,0.0721056721056721,0.0721056721056721,FALSE
2025,0,1,1,FALSE
2025,0.111111111111111,0.164502164502165,0.98701298701299,FALSE
2025,0.222222222222222,0.0552780552780553,0.497502497502498,FALSE
2025,0.333333333333333,0.254412254412254,1,FALSE
2025,0.444444444444444,0.767898767898768,1,FALSE
2025,0.555555555555556,0.678654678654679,1,FALSE
2025,0.666666666666667,0.953046953046953,1,FALSE
2025,0.777777777777778,0.206460206460206,1,FALSE
2025,0.888888888888889,0.0992340992340992,0.694638694638694,FALSE
2025,1,0.678654678654679,1,FALSE
2026,0,1,1,FALSE
2026,0.111111111111111,0.955089355089355,1,FALSE
2026,0.222222222222222,0.866511266511267,1,FALSE
2026,0.333333333333333,0.778865578865579,1,FALSE
2026,0.444444444444444,0.778865578865579,1,FALSE
2026,0.555555555555556,0.280963480963481,1,FALSE
2026,0.666666666666667,0.280963480963481,1,FALSE
2026,0.777777777777778,0.612587412587413,1,FALSE
2026,0.888888888888889,0.955089355089355,1,FALSE
2026,1,0.335664335664336,1,FALSE
2027,0,0.535819735819736,0.955089355089355,FALSE
2027,0.111111111111111,0.778865578865579,0.955089355089355,FALSE
2027,0.222222222222222,0.955089355089355,0.955089355089355,FALSE
2027,0.333333333333333,0.612587412587413,0.955089355089355,FALSE
2027,0.444444444444444,0.335664335664336,0.955089355089355,FALSE
2027,0.555555555555556,0.396891996891997,0.955089355089355,FALSE
2027,0.666666666666667,0.694327894327894,0.955089355089355,FALSE
2027,0.777777777777778,0.612587412587413,0.955089355089355,FALSE
2027,0.888888888888889,0.335664335664336,0.955089355089355,FALSE
2027,1,0.396891996891997,0.955089355089355,FALSE
2028,0,0.189277389277389,0.694327894327894,FALSE
2028,0.111111111111111,0.0721056721056721,0.378554778554778,FALSE
2028,0.222222222222222,0.0721056721056721,0.378554778554778,FALSE
2028,0.333333333333333,0.0540792540792541,0.331235431235431,FALSE
2028,0.444444444444444,0.0938616938616939,0.46930846930847,FALSE
2028,0.555555555555556,0.120590520590521,0.482362082362084,FALSE
2028,0.666666666666667,0.189277389277389,0.694327894327894,FALSE
2028,0.777777777777778,0.535819735819736,0.694327894327894,FALSE
2028,0.888888888888889,0.694327894327894,0.694327894327894,FALSE
2028,1,0.535819735819736,0.694327894327894,FALSE
2029,0,0.0879120879120879,0.791208791208791,FALSE
2029,0.111111111111111,0.144655344655345,0.954645354645355,FALSE
2029,0.222222222222222,0.606993006993007,0.954645354645355,FALSE
2029,0.333333333333333,0.954645354645355,0.954645354645355,FALSE
2029,0.444444444444444,0.863936063936064,0.954645354645355,FALSE
2029,0.555555555555556,0.528671328671329,0.954645354645355,FALSE
2029,0.666666666666667,0.863936063936064,0.954645354645355,FALSE
2029,0.777777777777778,0.606993006993007,0.954645354645355,FALSE
2029,0.888888888888889,0.775624375624376,0.954645354645355,FALSE
2029,1,0.688911088911089,0.954645354645355,FALSE
2030,0,0.694327894327894,0.955089355089355,FALSE
2030,0.111111111111111,0.694327894327894,0.955089355089355,FALSE
2030,0.222222222222222,0.955089355089355,0.955089355089355,FALSE
2030,0.333333333333333,0.955089355089355,0.955089355089355,FALSE
2030,0.444444444444444,0.396891996891997,0.955089355089355,FALSE
2030,0.555555555555556,0.280963480963481,0.955089355089355,FALSE
2030,0.666666666666667,0.280963480963481,0.955089355089355,FALSE
2030,0.777777777777778,0.955089355089355,0.955089355089355,FALSE
2030,0.888888888888889,0.778865578865579,0.955089355089355,FALSE
2030,1,0.694327894327894,0.955089355089355,FALSE
2031,0,0.863936063936064,0.863936063936064,FALSE
2031,0.111111111111111,0.606993006993007,0.863936063936064,FALSE
2031,0.222222222222222,0.455944055944056,0.863936063936064,FALSE
2031,0.333333333333333,0.775624375624376,0.863936063936064,FALSE
2031,0.444444444444444,0.528671328671329,0.863936063936064,FALSE
2031,0.555555555555556,0.388411588411588,0.863936063936064,FALSE
2031,0.666666666666667,0.863936063936064,0.863936063936064,FALSE
2031,0.777777777777778,0.388411588411588,0.863936063936064,FALSE
2031,0.888888888888889,0.113486513486513,0.863936063936064,FALSE
2031,1,0.0879120879120879,0.791208791208791,FALSE
2032,0,0.396891996891997,0.793783993783994,FALSE
2032,0.111111111111111,0.396891996891997,0.793783993783994,FALSE
2032,0.222222222222222,0.280963480963481,0.595337995337995,FALSE
2032,0.333333333333333,0.151981351981352,0.529189329189329,FALSE
2032,0.444444444444444,0.0400932400932401,0.400932400932401,FALSE
2032,0.555555555555556,0.189277389277389,0.567832167832167,FALSE
2032,0.666666666666667,0.231857031857032,0.595337995337995,FALSE
2032,0.777777777777778,0.151981351981352,0.529189329189329,FALSE
2032,0.888888888888889,0.396891996891997,0.793783993783994,FALSE
2032,1,0.866511266511267,0.866511266511267,FALSE
2033,0,0.364835164835165,0.945054945054945,FALSE
2033,0.111111111111111,0.839560439560439,0.945054945054945,FALSE
2033,0.222222222222222,0.945054945054945,0.945054945054945,FALSE
2033,0.333333333333333,0.536263736263736,0.945054945054945,FALSE
2033,0.444444444444444,0.136263736263736,0.945054945054945,FALSE
2033,0.555555555555556,0.294505494505495,0.945054945054945,FALSE
2033,0.666666666666667,0.734065934065934,0.945054945054945,FALSE
2033,0.777777777777778,0.945054945054945,0.945054945054945,FALSE
2033,0.888888888888889,0.839560439560439,0.945054945054945,FALSE
2033,1,0.448351648351648,0.945054945054945,FALSE
2034,0,0.606993006993007,0.688911088911089,FALSE
2034,0.111111111111111,0.388411588411588,0.688911088911089,FALSE
2034,0.222222222222222,0.272127872127872,0.688911088911089,FALSE
2034,0.333333333333333,0.272127872127872,0.688911088911089,FALSE
2034,0.444444444444444,0.272127872127872,0.688911088911089,FALSE
2034,0.555555555555556,0.113486513486513,0.680919080919078,FALSE
2034,0.666666666666667,0.0663336663336663,0.582617382617382,FALSE
2034,0.777777777777778,0.688911088911089,0.688911088911089,FALSE
2034,0.888888888888889,0.606993006993007,0.688911088911089,FALSE
2034,1,0.327672327672328,0.688911088911089,FALSE
2035,0,0.866511266511267,0.955089355089355,FALSE
2035,0.111111111111111,0.955089355089355,0.955089355089355,FALSE
2035,0.222222222222222,0.866511266511267,0.955089355089355,FALSE
2035,0.333333333333333,0.612587412587413,0.955089355089355,FALSE
2035,0.444444444444444,0.280963480963481,0.955089355089355,FALSE
2035,0.555555555555556,0.535819735819736,0.955089355089355,FALSE
2035,0.666666666666667,0.955089355089355,0.955089355089355,FALSE
2035,0.777777777777778,0.866511266511267,0.955089355089355,FALSE
2035,0.888888888888889,0.694327894327894,0.955089355089355,FALSE
2035,1,0.612587412587413,0.955089355089355,FALSE
2036,0,0.120590520590521,0.602952602952605,FALSE
2036,0.111111111111111,0.00217560217560218,0.0217560217560218,TRUE
2036,0.222222222222222,0.0205128205128205,0.184615384615384,FALSE
2036,0.333333333333333,0.151981351981352,0.75990675990676,FALSE
2036,0.444444444444444,0.189277389277389,0.946386946386945,FALSE
2036,0.555555555555556,0.120590520590521,0.602952602952605,FALSE
2036,0.666666666666667,0.955089355089355,0.955089355089355,FALSE
2036,0.777777777777778,0.955089355089355,0.955089355089355,FALSE
2036,0.888888888888889,0.694327894327894,0.955089355089355,FALSE
2036,1,0.778865578865579,0.955089355089355,FALSE
2037,0,0.231857031857032,0.612587412587413,FALSE
2037,0.111111111111111,0.189277389277389,0.567832167832167,FALSE
2037,0.222222222222222,0.231857031857032,0.612587412587413,FALSE
2037,0.333333333333333,0.120590520590521,0.463714063714064,FALSE
2037,0.444444444444444,0.0400932400932401,0.309142709142709,FALSE
2037,0.555555555555556,0.013986013986014,0.13986013986014,FALSE
2037,0.666666666666667,0.0938616938616939,0.386428386428387,FALSE
2037,0.777777777777778,0.612587412587413,0.612587412587413,FALSE
2037,0.888888888888889,0.463403263403263,0.612587412587413,FALSE
2037,1,0.0938616938616939,0.386428386428387,FALSE
2038,0,0.528671328671329,1,FALSE
2038,0.111111111111111,1,1,FALSE
2038,0.222222222222222,0.775624375624376,1,FALSE
2038,0.333333333333333,0.528671328671329,1,FALSE
2038,0.444444444444444,0.327672327672328,1,FALSE
2038,0.555555555555556,0.272127872127872,1,FALSE
2038,0.666666666666667,0.113486513486513,0.91048951048951,FALSE
2038,0.777777777777778,0.181018981018981,1,FALSE
2038,0.888888888888889,0.606993006993007,1,FALSE
2038,1,0.954645354645355,1,FALSE
2039,0,0.753113553113553,0.949450549450549,FALSE
2039,0.111111111111111,0.851282051282051,0.949450549450549,FALSE
2039,0.222222222222222,0.571428571428571,0.949450549450549,FALSE
2039,0.333333333333333,0.177289377289377,0.949450549450549,FALSE
2039,0.444444444444444,0.177289377289377,0.949450549450549,FALSE
2039,0.555555555555556,0.27985347985348,0.949450549450549,FALSE
2039,0.666666666666667,0.225641025641026,0.949450549450549,FALSE
2039,0.777777777777778,0.660805860805861,0.949450549450549,FALSE
2039,0.888888888888889,0.851282051282051,0.949450549450549,FALSE
2039,1,0.949450549450549,0.949450549450549,FALSE
2040,0,0.272127872127872,0.911888111888112,FALSE
2040,0.111111111111111,0.272127872127872,0.911888111888112,FALSE
2040,0.222222222222222,0.455944055944056,1,FALSE
2040,0.333333333333333,0.113486513486513,0.680919080919078,FALSE
2040,0.444444444444444,0.011988011988012,0.107892107892108,FALSE
2040,0.555555555555556,0.011988011988012,0.107892107892108,FALSE
2040,0.666666666666667,0.0879120879120879,0.615384615384615,FALSE
2040,0.777777777777778,0.455944055944056,1,FALSE
2040,0.888888888888889,0.775624375624376,1,FALSE
2040,1,1,1,FALSE
2041,0,0.151981351981352,1,FALSE
2041,0.111111111111111,0.280963480963481,1,FALSE
2041,0.222222222222222,0.280963480963481,1,FALSE
2041,0.333333333333333,0.955089355089355,1,FALSE
2041,0.444444444444444,0.955089355089355,1,FALSE
2041,0.555555555555556,1,1,FALSE
2041,0.666666666666667,0.694327894327894,1,FALSE
2041,0.777777777777778,0.866511266511267,1,FALSE
2041,0.888888888888889,0.955089355089355,1,FALSE
2041,1,1,1,FALSE
2042,0,0.0992340992340992,0.297702297702298,FALSE
2042,0.111111111111111,0.0752580752580752,0.225774225774226,FALSE
2042,0.222222222222222,0.254412254412254,0.508824508824508,FALSE
2042,0.333333333333333,0.0992340992340992,0.297702297702298,FALSE
2042,0.444444444444444,0.0126540126540127,0.0885780885780889,FALSE
2042,0.555555555555556,0.0126540126540127,0.0885780885780889,FALSE
2042,0.666666666666667,0.0193140193140193,0.135198135198135,FALSE
2042,0.777777777777778,0.0126540126540127,0.0885780885780889,FALSE
2042,0.888888888888889,0.0992340992340992,0.297702297702298,FALSE
2042,1,0.513486513486513,0.513486513486513,FALSE
2043,0,0.778865578865579,0.778865578865579,FALSE
2043,0.111111111111111,0.778865578865579,0.778865578865579,FALSE
2043,0.222222222222222,0.280963480963481,0.778865578865579,FALSE
2043,0.333333333333333,0.189277389277389,0.778865578865579,FALSE
2043,0.444444444444444,0.0205128205128205,0.164102564102564,FALSE
2043,0.555555555555556,0.0205128205128205,0.164102564102564,FALSE
2043,0.666666666666667,0.013986013986014,0.111888111888112,FALSE
2043,0.777777777777778,0.120590520590521,0.723543123543126,FALSE
2043,0.888888888888889,0.778865578865579,0.778865578865579,FALSE
2043,1,0.612587412587413,0.778865578865579,FALSE
2044,0,1,1,FALSE
2044,0.111111111111111,0.280963480963481,1,FALSE
2044,0.222222222222222,0.694327894327894,1,FALSE
2044,0.333333333333333,0.280963480963481,1,FALSE
2044,0.444444444444444,0.00124320124320124,0.0124320124320124,TRUE
2044,0.555555555555556,0.00372960372960373,0.0335664335664336,TRUE
2044,0.666666666666667,0.189277389277389,1,FALSE
2044,0.777777777777778,0.535819735819736,1,FALSE
2044,0.888888888888889,1,1,FALSE
2044,1,0.778865578865579,1,FALSE
2045,0,0.775624375624376,0.863936063936064,FALSE
2045,0.111111111111111,0.144655344655345,0.544255744255744,FALSE
2045,0.222222222222222,0.0879120879120879,0.43956043956044,FALSE
2045,0.333333333333333,0.181018981018981,0.544255744255744,FALSE
2045,0.444444444444444,0.223776223776224,0.671328671328672,FALSE
2045,0.555555555555556,0.144655344655345,0.544255744255744,FALSE
2045,0.666666666666667,0.0663336663336663,0.398001998001998,FALSE
2045,0.777777777777778,0.113486513486513,0.453946053946052,FALSE
2045,0.888888888888889,0.272127872127872,0.816383616383616,FALSE
2045,1,0.863936063936064,0.863936063936064,FALSE
2046,0,0.535819735819736,0.955089355089355,FALSE
2046,0.111111111111111,0.866511266511267,0.955089355089355,FALSE
2046,0.222222222222222,0.694327894327894,0.955089355089355,FALSE
2046,0.333333333333333,0.280963480963481,0.955089355089355,FALSE
2046,0.444444444444444,0.463403263403263,0.955089355089355,FALSE
2046,0.555555555555556,0.535819735819736,0.955089355089355,FALSE
2046,0.666666666666667,0.866511266511267,0.955089355089355,FALSE
2046,0.777777777777778,0.955089355089355,0.955089355089355,FALSE
2046,0.888888888888889,0.612587412587413,0.955089355089355,FALSE
2046,1,0.151981351981352,0.955089355089355,FALSE
2047,0,0.463403263403263,0.955089355089355,FALSE
2047,0.111111111111111,0.866511266511267,0.955089355089355,FALSE
2047,0.222222222222222,0.955089355089355,0.955089355089355,FALSE
2047,0.333333333333333,0.866511266511267,0.955089355089355,FALSE
2047,0.444444444444444,0.335664335664336,0.955089355089355,FALSE
2047,0.555555555555556,0.335664335664336,0.955089355089355,FALSE
2047,0.666666666666667,0.463403263403263,0.955089355089355,FALSE
2047,0.777777777777778,0.535819735819736,0.955089355089355,FALSE
2047,0.888888888888889,0.778865578865579,0.955089355089355,FALSE
2047,1,0.694327894327894,0.955089355089355,FALSE
2048,0,0.955089355089355,1,FALSE
2048,0.111111111111111,1,1,FALSE
2048,0.222222222222222,0.955089355089355,1,FALSE
2048,0.333333333333333,0.778865578865579,1,FALSE
2048,0.444444444444444,0.189277389277389,1,FALSE
2048,0.555555555555556,0.231857031857032,1,FALSE
2048,0.666666666666667,0.612587412587413,1,FALSE
2048,0.777777777777778,0.335664335664336,1,FALSE
2048,0.888888888888889,0.335664335664336,1,FALSE
2048,1,0.612587412587413,1,FALSE
2049,0,0.254412254412254,1,FALSE
2049,0.111111111111111,0.513486513486513,1,FALSE
2049,0.222222222222222,0.594072594072594,1,FALSE
2049,0.333333333333333,0.43956043956044,1,FALSE
2049,0.444444444444444,0.678654678654679,1,FALSE
2049,0.555555555555556,1,1,FALSE
2049,0.666666666666667,0.953046953046953,1,FALSE
2049,0.777777777777778,0.767898767898768,1,FALSE
2049,0.888888888888889,0.43956043956044,1,FALSE
2049,1,0.206460206460206,1,FALSE
2050,0,0.688911088911089,0.954645354645355,FALSE
2050,0.111111111111111,0.954645354645355,0.954645354645355,FALSE
2050,0.222222222222222,0.863936063936064,0.954645354645355,FALSE
2050,0.333333333333333,0.954645354645355,0.954645354645355,FALSE
2050,0.444444444444444,0.775624375624376,0.954645354645355,FALSE
2050,0.555555555555556,0.181018981018981,0.954645354645355,FALSE
2050,0.666666666666667,0.035964035964036,0.35964035964036,FALSE
2050,0.777777777777778,0.144655344655345,0.954645354645355,FALSE
2050,0.888888888888889,0.688911088911089,0.954645354645355,FALSE
2050,1,0.775624375624376,0.954645354645355,FALSE
2051,0,0.272127872127872,0.272127872127872,FALSE
2051,0.111111111111111,0.0879120879120879,0.216983016983017,FALSE
2051,0.222222222222222,0.035964035964036,0.17982017982018,FALSE
2051,0.333333333333333,0.011988011988012,0.095904095904096,FALSE
2051,0.444444444444444,0.0047952047952048,0.0431568431568432,TRUE
2051,0.555555555555556,0.00759240759240759,0.0607392607392607,FALSE
2051,0.666666666666667,0.0879120879120879,0.216983016983017,FALSE
2051,0.777777777777778,0.144655344655345,0.272127872127872,FALSE
2051,0.888888888888889,0.144655344655345,0.272127872127872,FALSE
2051,1,0.0879120879120879,0.216983016983017,FALSE
2052,0,0.370962370962371,1,FALSE
2052,0.111111111111111,0.859140859140859,1,FALSE
2052,0.222222222222222,1,1,FALSE
2052,0.333333333333333,0.953046953046953,1,FALSE
2052,0.444444444444444,0.953046953046953,1,FALSE
2052,0.555555555555556,0.30969030969031,1,FALSE
2052,0.666666666666667,0.164502164502165,1,FALSE
2052,0.777777777777778,0.43956043956044,1,FALSE
2052,0.888888888888889,0.767898767898768,1,FALSE
2052,1,0.370962370962371,1,FALSE
2053,0,0.388411588411588,0.954645354645355,FALSE
2053,0.111111111111111,0.113486513486513,0.88642785785643,FALSE
2053,0.222222222222222,0.272127872127872,0.954645354645355,FALSE
2053,0.333333333333333,0.688911088911089,0.954645354645355,FALSE
2053,0.444444444444444,0.954645354645355,0.954645354645355,FALSE
2053,0.555555555555556,0.775624375624376,0.954645354645355,FALSE
2053,0.666666666666667,0.606993006993007,0.954645354645355,FALSE
2053,0.777777777777778,0.388411588411588,0.954645354645355,FALSE
2053,0.888888888888889,0.455944055944056,0.954645354645355,FALSE
2053,1,0.775624375624376,0.954645354645355,FALSE
2054,0,0.151981351981352,0.694327894327894,FALSE
2054,0.111111111111111,0.280963480963481,0.694327894327894,FALSE
2054,0.222222222222222,0.463403263403263,0.694327894327894,FALSE
2054,0.333333333333333,0.463403263403263,0.694327894327894,FALSE
2054,0.444444444444444,0.612587412587413,0.694327894327894,FALSE
2054,0.555555555555556,0.694327894327894,0.694327894327894,FALSE
2054,0.666666666666667,0.231857031857032,0.694327894327894,FALSE
2054,0.777777777777778,0.0938616938616939,0.648764568764568,FALSE
2054,0.888888888888889,0.0289044289044289,0.289044289044289,FALSE
2054,1,0.0938616938616939,0.648764568764568,FALSE
2055,0,0.151981351981352,0.866511266511267,FALSE
2055,0.111111111111111,0.694327894327894,0.866511266511267,FALSE
2055,0.222222222222222,0.612587412587413,0.866511266511267,FALSE
2055,0.333333333333333,0.535819735819736,0.866511266511267,FALSE
2055,0.444444444444444,0.280963480963481,0.866511266511267,FALSE
2055,0.555555555555556,0.866511266511267,0.866511266511267,FALSE
2055,0.666666666666667,0.612587412587413,0.866511266511267,FALSE
2055,0.777777777777778,0.866511266511267,0.866511266511267,FALSE
2055,0.888888888888889,0.778865578865579,0.866511266511267,FALSE
2055,1,0.866511266511267,0.866511266511267,FALSE
2056,0,1,1,FALSE
2056,0.111111111111111,0.955089355089355,1,FALSE
2056,0.222222222222222,0.955089355089355,1,FALSE
2056,0.333333333333333,0.535819735819736,1,FALSE
2056,0.444444444444444,0.0540792540792541,0.486713286713287,FALSE
2056,0.555555555555556,0.0540792540792541,0.486713286713287,FALSE
2056,0.666666666666667,0.535819735819736,1,FALSE
2056,0.777777777777778,0.535819735819736,1,FALSE
2056,0.888888888888889,1,1,FALSE
2056,1,0.612587412587413,1,FALSE
2057,0,0.388411588411588,0.388411588411588,FALSE
2057,0.111111111111111,0.223776223776224,0.388411588411588,FALSE
2057,0.222222222222222,0.0879120879120879,0.263736263736264,FALSE
2057,0.333333333333333,0.0663336663336663,0.226973026973026,FALSE
2057,0.444444444444444,0.0879120879120879,0.263736263736264,FALSE
2057,0.555555555555556,0.113486513486513,0.335664335664336,FALSE
2057,0.666666666666667,0.0663336663336663,0.226973026973026,FALSE
2057,0.777777777777778,0.0255744255744256,0.153846153846154,FALSE
2057,0.888888888888889,0.035964035964036,0.17982017982018,FALSE
2057,1,0.0495504495504496,0.198201798201798,FALSE
2058,0,0.863936063936064,0.863936063936064,FALSE
2058,0.111111111111111,0.688911088911089,0.863936063936064,FALSE
2058,0.222222222222222,0.688911088911089,0.863936063936064,FALSE
2058,0.333333333333333,0.113486513486513,0.863936063936064,FALSE
2058,0.444444444444444,0.0255744255744256,0.255744255744256,FALSE
2058,0.555555555555556,0.0879120879120879,0.703296703296703,FALSE
2058,0.666666666666667,0.606993006993007,0.863936063936064,FALSE
2058,0.777777777777778,0.775624375624376,0.863936063936064,FALSE
2058,0.888888888888889,0.606993006993007,0.863936063936064,FALSE
2058,1,0.688911088911089,0.863936063936064,FALSE
2059,0,0.953046953046953,1,FALSE
2059,0.111111111111111,0.30969030969031,1,FALSE
2059,0.222222222222222,0.129204129204129,1,FALSE
2059,0.333333333333333,1,1,FALSE
2059,0.444444444444444,0.767898767898768,1,FALSE
2059,0.555555555555556,0.513486513486513,1,FALSE
2059,0.666666666666667,0.953046953046953,1,FALSE
2059,0.777777777777778,0.678654678654679,1,FALSE
2059,0.888888888888889,0.370962370962371,1,FALSE
2059,1,0.254412254412254,1,FALSE
2060,0,0.953046953046953,1,FALSE
2060,0.111111111111111,0.370962370962371,1,FALSE
2060,0.222222222222222,0.43956043956044,1,FALSE
2060,0.333333333333333,1,1,FALSE
2060,0.444444444444444,0.370962370962371,1,FALSE
2060,0.555555555555556,0.0752580752580752,0.752580752580752,FALSE
2060,0.666666666666667,0.43956043956044,1,FALSE
2060,0.777777777777778,0.953046953046953,1,FALSE
2060,0.888888888888889,0.859140859140859,1,FALSE
2060,1,0.594072594072594,1,FALSE
2061,0,0.388411588411588,0.954645354645355,FALSE
2061,0.111111111111111,0.327672327672328,0.954645354645355,FALSE
2061,0.222222222222222,0.272127872127872,0.954645354645355,FALSE
2061,0.333333333333333,0.954645354645355,0.954645354645355,FALSE
2061,0.444444444444444,0.455944055944056,0.954645354645355,FALSE
2061,0.555555555555556,0.388411588411588,0.954645354645355,FALSE
2061,0.666666666666667,0.606993006993007,0.954645354645355,FALSE
2061,0.777777777777778,0.863936063936064,0.954645354645355,FALSE
2061,0.888888888888889,0.863936063936064,0.954645354645355,FALSE
2061,1,0.954645354645355,0.954645354645355,FALSE
2062,0,0.388411588411588,0.954645354645355,FALSE
2062,0.111111111111111,0.035964035964036,0.323676323676324,FALSE
2062,0.222222222222222,0.0495504495504496,0.445954045954046,FALSE
2062,0.333333333333333,0.863936063936064,0.954645354645355,FALSE
2062,0.444444444444444,0.775624375624376,0.954645354645355,FALSE
2062,0.555555555555556,0.688911088911089,0.954645354645355,FALSE
2062,0.666666666666667,0.688911088911089,0.954645354645355,FALSE
2062,0.777777777777778,0.954645354645355,0.954645354645355,FALSE
2062,0.888888888888889,0.954645354645355,0.954645354645355,FALSE
2062,1,0.688911088911089,0.954645354645355,FALSE
2063,0,0.254412254412254,0.254412254412254,FALSE
2063,0.111111111111111,0.027972027972028,0.138195138195138,FALSE
2063,0.222222222222222,0.00266400266400266,0.0266400266400266,TRUE
2063,0.333333333333333,0.0126540126540127,0.0885780885780889,FALSE
2063,0.444444444444444,0.0552780552780553,0.198468198468198,FALSE
2063,0.555555555555556,0.0992340992340992,0.254412254412254,FALSE
2063,0.666666666666667,0.03996003996004,0.15984015984016,FALSE
2063,0.777777777777778,0.0126540126540127,0.0885780885780889,FALSE
2063,0.888888888888889,0.00799200799200799,0.0559440559440559,FALSE
2063,1,0.254412254412254,0.254412254412254,FALSE
2064,0,0.866511266511267,0.866511266511267,FALSE
2064,0.111111111111111,0.335664335664336,0.671328671328672,FALSE
2064,0.222222222222222,0.120590520590521,0.447552447552448,FALSE
2064,0.333333333333333,0.0540792540792541,0.354623154623155,FALSE
2064,0.444444444444444,0.120590520590521,0.447552447552448,FALSE
2064,0.555555555555556,0.0540792540792541,0.354623154623155,FALSE
2064,0.666666666666667,0.0540792540792541,0.354623154623155,FALSE
2064,0.777777777777778,0.151981351981352,0.455944055944056,FALSE
2064,0.888888888888889,0.231857031857032,0.503496503496504,FALSE
2064,1,0.335664335664336,0.671328671328672,FALSE
2065,0,0.606993006993007,0.863936063936064,FALSE
2065,0.111111111111111,0.606993006993007,0.863936063936064,FALSE
2065,0.222222222222222,0.455944055944056,0.863936063936064,FALSE
2065,0.333333333333333,0.272127872127872,0.863936063936064,FALSE
2065,0.444444444444444,0.272127872127872,0.863936063936064,FALSE
2065,0.555555555555556,0.272127872127872,0.863936063936064,FALSE
2065,0.666666666666667,0.388411588411588,0.863936063936064,FALSE
2065,0.777777777777778,0.528671328671329,0.863936063936064,FALSE
2065,0.888888888888889,0.863936063936064,0.863936063936064,FALSE
2065,1,0.863936063936064,0.863936063936064,FALSE
2066,0,0.606993006993007,0.606993006993007,FALSE
2066,0.111111111111111,0.272127872127872,0.606993006993007,FALSE
2066,0.222222222222222,0.0879120879120879,0.43956043956044,FALSE
2066,0.333333333333333,0.0255744255744256,0.204595404595405,FALSE
2066,0.444444444444444,0.0047952047952048,0.047952047952048,TRUE
2066,0.555555555555556,0.011988011988012,0.107892107892108,FALSE
2066,0.666666666666667,0.0879120879120879,0.43956043956044,FALSE
2066,0.777777777777778,0.223776223776224,0.606993006993007,FALSE
2066,0.888888888888889,0.455944055944056,0.606993006993007,FALSE
2066,1,0.272127872127872,0.606993006993007,FALSE
2067,0,0.955089355089355,0.955089355089355,FALSE
2067,0.111111111111111,0.535819735819736,0.955089355089355,FALSE
2067,0.222222222222222,0.280963480963481,0.955089355089355,FALSE
2067,0.333333333333333,0.120590520590521,0.844133644133647,FALSE
2067,0.444444444444444,0.013986013986014,0.125874125874126,FALSE
2067,0.555555555555556,0.0205128205128205,0.184615384615384,FALSE
2067,0.666666666666667,0.280963480963481,0.955089355089355,FALSE
2067,0.777777777777778,0.955089355089355,0.955089355089355,FALSE
2067,0.888888888888889,0.396891996891997,0.955089355089355,FALSE
2067,1,0.955089355089355,0.955089355089355,FALSE
2068,0,0.688911088911089,0.954645354645355,FALSE
2068,0.111111111111111,0.528671328671329,0.954645354645355,FALSE
2068,0.222222222222222,0.954645354645355,0.954645354645355,FALSE
2068,0.333333333333333,0.455944055944056,0.954645354645355,FALSE
2068,0.444444444444444,0.0175824175824176,0.175824175824176,FALSE
2068,0.555555555555556,0.0495504495504496,0.445954045954046,FALSE
2068,0.666666666666667,0.775624375624376,0.954645354645355,FALSE
2068,0.777777777777778,0.272127872127872,0.954645354645355,FALSE
2068,0.888888888888889,0.775624375624376,0.954645354645355,FALSE
2068,1,0.223776223776224,0.954645354645355,FALSE
2069,0,0.859140859140859,0.859140859140859,FALSE
2069,0.111111111111111,0.767898767898768,0.859140859140859,FALSE
2069,0.222222222222222,0.513486513486513,0.859140859140859,FALSE
2069,0.333333333333333,0.370962370962371,0.859140859140859,FALSE
2069,0.444444444444444,0.206460206460206,0.859140859140859,FALSE
2069,0.555555555555556,0.129204129204129,0.775224775224774,FALSE
2069,0.666666666666667,0.03996003996004,0.3996003996004,FALSE
2069,0.777777777777778,0.0992340992340992,0.694638694638694,FALSE
2069,0.888888888888889,0.206460206460206,0.859140859140859,FALSE
2069,1,0.859140859140859,0.859140859140859,FALSE
2070,0,0.0540792540792541,0.540792540792541,FALSE
2070,0.111111111111111,0.694327894327894,0.955089355089355,FALSE
2070,0.222222222222222,0.535819735819736,0.955089355089355,FALSE
2070,0.333333333333333,0.778865578865579,0.955089355089355,FALSE
2070,0.444444444444444,0.778865578865579,0.955089355089355,FALSE
2070,0.555555555555556,0.778865578865579,0.955089355089355,FALSE
2070,0.666666666666667,0.866511266511267,0.955089355089355,FALSE
2070,0.777777777777778,0.280963480963481,0.955089355089355,FALSE
2070,0.888888888888889,0.335664335664336,0.955089355089355,FALSE
2070,1,0.955089355089355,0.955089355089355,FALSE
2071,0,0.370962370962371,0.953046953046953,FALSE
2071,0.111111111111111,0.513486513486513,0.953046953046953,FALSE
2071,0.222222222222222,0.767898767898768,0.953046953046953,FALSE
2071,0.333333333333333,0.953046953046953,0.953046953046953,FALSE
2071,0.444444444444444,0.513486513486513,0.953046953046953,FALSE
2071,0.555555555555556,0.43956043956044,0.953046953046953,FALSE
2071,0.666666666666667,0.370962370962371,0.953046953046953,FALSE
2071,0.777777777777778,0.513486513486513,0.953046953046953,FALSE
2071,0.888888888888889,0.953046953046953,0.953046953046953,FALSE
2071,1,0.953046953046953,0.953046953046953,FALSE
2072,0,0.859140859140859,0.859140859140859,FALSE
2072,0.111111111111111,0.370962370962371,0.770229770229769,FALSE
2072,0.222222222222222,0.164502164502165,0.65800865800866,FALSE
2072,0.333333333333333,0.0552780552780553,0.442224442224442,FALSE
2072,0.444444444444444,0.0752580752580752,0.519347319347319,FALSE
2072,0.555555555555556,0.03996003996004,0.338661338661338,FALSE
2072,0.666666666666667,0.254412254412254,0.763236763236762,FALSE
2072,0.777777777777778,0.30969030969031,0.770229770229769,FALSE
2072,0.888888888888889,0.513486513486513,0.859140859140859,FALSE
2072,1,0.370962370962371,0.770229770229769,FALSE
2073,0,0.678654678654679,0.678654678654679,FALSE
2073,0.111111111111111,0.43956043956044,0.678654678654679,FALSE
2073,0.222222222222222,0.164502164502165,0.65800865800866,FALSE
2073,0.333333333333333,0.0992340992340992,0.496170496170496,FALSE
2073,0.444444444444444,0.027972027972028,0.251748251748252,FALSE
2073,0.555555555555556,0.0193140193140193,0.173826173826174,FALSE
2073,0.666666666666667,0.513486513486513,0.678654678654679,FALSE
2073,0.777777777777778,0.254412254412254,0.678654678654679,FALSE
2073,0.888888888888889,0.164502164502165,0.65800865800866,FALSE
2073,1,0.0992340992340992,0.496170496170496,FALSE
2074,0,0.189277389277389,0.83916083916084,FALSE
2074,0.111111111111111,0.335664335664336,0.866511266511267,FALSE
2074,0.222222222222222,0.535819735819736,0.866511266511267,FALSE
2074,0.333333333333333,0.778865578865579,0.866511266511267,FALSE
2074,0.444444444444444,0.0400932400932401,0.360839160839161,FALSE
2074,0.555555555555556,0.0400932400932401,0.360839160839161,FALSE
2074,0.666666666666667,0.335664335664336,0.866511266511267,FALSE
2074,0.777777777777778,0.866511266511267,0.866511266511267,FALSE
2074,0.888888888888889,0.335664335664336,0.866511266511267,FALSE
2074,1,0.231857031857032,0.866511266511267,FALSE
2075,0,0.327672327672328,0.775624375624376,FALSE
2075,0.111111111111111,0.455944055944056,0.775624375624376,FALSE
2075,0.222222222222222,0.272127872127872,0.775624375624376,FALSE
2075,0.333333333333333,0.272127872127872,0.775624375624376,FALSE
2075,0.444444444444444,0.00759240759240759,0.0759240759240759,FALSE
2075,0.555555555555556,0.0255744255744256,0.23016983016983,FALSE
2075,0.666666666666667,0.144655344655345,0.723276723276725,FALSE
2075,0.777777777777778,0.775624375624376,0.775624375624376,FALSE
2075,0.888888888888889,0.606993006993007,0.775624375624376,FALSE
2075,1,0.455944055944056,0.775624375624376,FALSE
2076,0,0.455944055944056,0.954645354645355,FALSE
2076,0.111111111111111,0.863936063936064,0.954645354645355,FALSE
2076,0.222222222222222,0.688911088911089,0.954645354645355,FALSE
2076,0.333333333333333,0.775624375624376,0.954645354645355,FALSE
2076,0.444444444444444,0.144655344655345,0.954645354645355,FALSE
2076,0.555555555555556,0.144655344655345,0.954645354645355,FALSE
2076,0.666666666666667,0.388411588411588,0.954645354645355,FALSE
2076,0.777777777777778,0.954645354645355,0.954645354645355,FALSE
2076,0.888888888888889,0.775624375624376,0.954645354645355,FALSE
2076,1,0.688911088911089,0.954645354645355,FALSE
2077,0,0.688911088911089,0.954645354645355,FALSE
2077,0.111111111111111,0.954645354645355,0.954645354645355,FALSE
2077,0.222222222222222,0.954645354645355,0.954645354645355,FALSE
2077,0.333333333333333,0.388411588411588,0.954645354645355,FALSE
2077,0.444444444444444,0.0495504495504496,0.445954045954046,FALSE
2077,0.555555555555556,0.0879120879120879,0.703296703296703,FALSE
2077,0.666666666666667,0.144655344655345,0.954645354645355,FALSE
2077,0.777777777777778,0.954645354645355,0.954645354645355,FALSE
2077,0.888888888888889,0.688911088911089,0.954645354645355,FALSE
2077,1,0.455944055944056,0.954645354645355,FALSE
2078,0,0.866511266511267,0.955089355089355,FALSE
2078,0.111111111111111,0.866511266511267,0.955089355089355,FALSE
2078,0.222222222222222,0.955089355089355,0.955089355089355,FALSE
2078,0.333333333333333,0.778865578865579,0.955089355089355,FALSE
2078,0.444444444444444,0.612587412587413,0.955089355089355,FALSE
2078,0.555555555555556,0.189277389277389,0.955089355089355,FALSE
2078,0.666666666666667,0.778865578865579,0.955089355089355,FALSE
2078,0.777777777777778,0.612587412587413,0.955089355089355,FALSE
2078,0.888888888888889,0.778865578865579,0.955089355089355,FALSE
2078,1,0.463403263403263,0.955089355089355,FALSE
2079,0,0.606993006993007,0.863936063936064,FALSE
2079,0.111111111111111,0.223776223776224,0.863936063936064,FALSE
2079,0.222222222222222,0.775624375624376,0.863936063936064,FALSE
2079,0.333333333333333,0.388411588411588,0.863936063936064,FALSE
2079,0.444444444444444,0.223776223776224,0.863936063936064,FALSE
2079,0.555555555555556,0.272127872127872,0.863936063936064,FALSE
2079,0.666666666666667,0.863936063936064,0.863936063936064,FALSE
2079,0.777777777777778,0.688911088911089,0.863936063936064,FALSE
2079,0.888888888888889,0.388411588411588,0.863936063936064,FALSE
2079,1,0.606993006993007,0.863936063936064,FALSE
2080,0,0.342857142857143,0.949450549450549,FALSE
2080,0.111111111111111,0.660805860805861,0.949450549450549,FALSE
2080,0.222222222222222,0.753113553113553,0.949450549450549,FALSE
2080,0.333333333333333,0.489377289377289,0.949450549450549,FALSE
2080,0.444444444444444,0.0556776556776557,0.556776556776557,FALSE
2080,0.555555555555556,0.177289377289377,0.903736263736264,FALSE
2080,0.666666666666667,0.753113553113553,0.949450549450549,FALSE
2080,0.777777777777778,0.660805860805861,0.949450549450549,FALSE
2080,0.888888888888889,0.949450549450549,0.949450549450549,FALSE
2080,1,0.571428571428571,0.949450549450549,FALSE
2081,0,0.513486513486513,0.953046953046953,FALSE
2081,0.111111111111111,0.767898767898768,0.953046953046953,FALSE
2081,0.222222222222222,0.953046953046953,0.953046953046953,FALSE
2081,0.333333333333333,0.370962370962371,0.953046953046953,FALSE
2081,0.444444444444444,0.027972027972028,0.225774225774226,FALSE
2081,0.555555555555556,0.00799200799200799,0.0799200799200799,FALSE
2081,0.666666666666667,0.0752580752580752,0.526806526806526,FALSE
2081,0.777777777777778,0.0752580752580752,0.526806526806526,FALSE
2081,0.888888888888889,0.30969030969031,0.953046953046953,FALSE
2081,1,0.43956043956044,0.953046953046953,FALSE
2082,0,0.0495504495504496,0.297302697302698,FALSE
2082,0.111111111111111,0.0255744255744256,0.179020979020979,FALSE
2082,0.222222222222222,0.223776223776224,0.671328671328672,FALSE
2082,0.333333333333333,0.775624375624376,0.954645354645355,FALSE
2082,0.444444444444444,0.035964035964036,0.232167832167832,FALSE
2082,0.555555555555556,0.00759240759240759,0.0759240759240759,FALSE
2082,0.666666666666667,0.0663336663336663,0.335664335664336,FALSE
2082,0.777777777777778,0.954645354645355,0.954645354645355,FALSE
2082,0.888888888888889,0.223776223776224,0.671328671328672,FALSE
2082,1,0.113486513486513,0.447552447552448,FALSE
2083,0,0.327672327672328,1,FALSE
2083,0.111111111111111,0.528671328671329,1,FALSE
2083,0.222222222222222,0.863936063936064,1,FALSE
2083,0.333333333333333,0.954645354645355,1,FALSE
2083,0.444444444444444,0.528671328671329,1,FALSE
2083,0.555555555555556,0.528671328671329,1,FALSE
2083,0.666666666666667,1,1,FALSE
2083,0.777777777777778,0.606993006993007,1,FALSE
2083,0.888888888888889,0.775624375624376,1,FALSE
2083,1,0.775624375624376,1,FALSE
2084,0,0.396891996891997,0.694327894327894,FALSE
2084,0.111111111111111,0.396891996891997,0.694327894327894,FALSE
2084,0.222222222222222,0.535819735819736,0.694327894327894,FALSE
2084,0.333333333333333,0.694327894327894,0.694327894327894,FALSE
2084,0.444444444444444,0.396891996891997,0.694327894327894,FALSE
2084,0.555555555555556,0.280963480963481,0.694327894327894,FALSE
2084,0.666666666666667,0.535819735819736,0.694327894327894,FALSE
2084,0.777777777777778,0.396891996891997,0.694327894327894,FALSE
2084,0.888888888888889,0.535819735819736,0.694327894327894,FALSE
2084,1,0.463403263403263,0.694327894327894,FALSE
2085,0,0.688911088911089,0.688911088911089,FALSE
2085,0.111111111111111,0.327672327672328,0.688911088911089,FALSE
2085,0.222222222222222,0.272127872127872,0.688911088911089,FALSE
2085,0.333333333333333,0.223776223776224,0.688911088911089,FALSE
2085,0.444444444444444,0.035964035964036,0.323676323676324,FALSE
2085,0.555555555555556,0.035964035964036,0.323676323676324,FALSE
2085,0.666666666666667,0.181018981018981,0.688911088911089,FALSE
2085,0.777777777777778,0.528671328671329,0.688911088911089,FALSE
2085,0.888888888888889,0.455944055944056,0.688911088911089,FALSE
2085,1,0.688911088911089,0.688911088911089,FALSE
2086,0,0.694327894327894,1,FALSE
2086,0.111111111111111,0.280963480963481,1,FALSE
2086,0.222222222222222,0.280963480963481,1,FALSE
2086,0.333333333333333,0.231857031857032,0.973581973581974,FALSE
2086,0.444444444444444,0.0540792540792541,0.540792540792541,FALSE
2086,0.555555555555556,0.189277389277389,0.946386946386945,FALSE
2086,0.666666666666667,1,1,FALSE
2086,0.777777777777778,0.778865578865579,1,FALSE
2086,0.888888888888889,0.694327894327894,1,FALSE
2086,1,0.694327894327894,1,FALSE
2087,0,0.859140859140859,1,FALSE
2087,0.111111111111111,0.370962370962371,1,FALSE
2087,0.222222222222222,0.206460206460206,0.927405927405928,FALSE
2087,0.333333333333333,0.30969030969031,1,FALSE
2087,0.444444444444444,1,1,FALSE
2087,0.555555555555556,0.953046953046953,1,FALSE
2087,0.666666666666667,0.164502164502165,0.822510822510825,FALSE
2087,0.777777777777778,0.0992340992340992,0.649184149184149,FALSE
2087,0.888888888888889,0.129204129204129,0.741924741924742,FALSE
2087,1,0.370962370962371,1,FALSE
2088,0,0.955089355089355,0.955089355089355,FALSE
2088,0.111111111111111,0.778865578865579,0.955089355089355,FALSE
2088,0.222222222222222,0.955089355089355,0.955089355089355,FALSE
2088,0.333333333333333,0.694327894327894,0.955089355089355,FALSE
2088,0.444444444444444,0.0721056721056721,0.648951048951049,FALSE
2088,0.555555555555556,0.0540792540792541,0.486713286713287,FALSE
2088,0.666666666666667,0.189277389277389,0.955089355089355,FALSE
2088,0.777777777777778,0.463403263403263,0.955089355089355,FALSE
2088,0.888888888888889,0.866511266511267,0.955089355089355,FALSE
2088,1,0.694327894327894,0.955089355089355,FALSE
2089,0,0.280963480963481,0.612587412587413,FALSE
2089,0.111111111111111,0.231857031857032,0.612587412587413,FALSE
2089,0.222222222222222,0.612587412587413,0.612587412587413,FALSE
2089,0.333333333333333,0.612587412587413,0.612587412587413,FALSE
2089,0.444444444444444,0.612587412587413,0.612587412587413,FALSE
2089,0.555555555555556,0.535819735819736,0.612587412587413,FALSE
2089,0.666666666666667,0.231857031857032,0.612587412587413,FALSE
2089,0.777777777777778,0.231857031857032,0.612587412587413,FALSE
2089,0.888888888888889,0.189277389277389,0.612587412587413,FALSE
2089,1,0.463403263403263,0.612587412587413,FALSE
2090,0,0.144655344655345,0.433966033966035,FALSE
2090,0.111111111111111,0.606993006993007,0.606993006993007,FALSE
2090,0.222222222222222,0.606993006993007,0.606993006993007,FALSE
2090,0.333333333333333,0.113486513486513,0.340459540459539,FALSE
2090,0.444444444444444,0.00759240759240759,0.0683316683316683,FALSE
2090,0.555555555555556,0.011988011988012,0.107892107892108,FALSE
2090,0.666666666666667,0.0879120879120879,0.28931068931069,FALSE
2090,0.777777777777778,0.144655344655345,0.433966033966035,FALSE
2090,0.888888888888889,0.0663336663336663,0.265334665334665,FALSE
2090,1,0.0879120879120879,0.28931068931069,FALSE
2091,0,0.455944055944056,0.954645354645355,FALSE
2091,0.111111111111111,0.606993006993007,0.954645354645355,FALSE
2091,0.222222222222222,0.606993006993007,0.954645354645355,FALSE
2091,0.333333333333333,0.606993006993007,0.954645354645355,FALSE
2091,0.444444444444444,0.0495504495504496,0.495504495504496,FALSE
2091,0.555555555555556,0.113486513486513,0.907892107892104,FALSE
2091,0.666666666666667,0.388411588411588,0.954645354645355,FALSE
2091,0.777777777777778,0.688911088911089,0.954645354645355,FALSE
2091,0.888888888888889,0.954645354645355,0.954645354645355,FALSE
2091,1,0.954645354645355,0.954645354645355,FALSE
2092,0,0.694327894327894,1,FALSE
2092,0.111111111111111,0.535819735819736,1,FALSE
2092,0.222222222222222,0.694327894327894,1,FALSE
2092,0.333333333333333,0.866511266511267,1,FALSE
2092,0.444444444444444,0.231857031857032,1,FALSE
2092,0.555555555555556,0.280963480963481,1,FALSE
2092,0.666666666666667,0.612587412587413,1,FALSE
2092,0.777777777777778,1,1,FALSE
2092,0.888888888888889,0.866511266511267,1,FALSE
2092,1,0.955089355089355,1,FALSE
2093,0,0.606993006993007,0.863936063936064,FALSE
2093,0.111111111111111,0.327672327672328,0.863936063936064,FALSE
2093,0.222222222222222,0.0663336663336663,0.398001998001998,FALSE
2093,0.333333333333333,0.011988011988012,0.107892107892108,FALSE
2093,0.444444444444444,0.0027972027972028,0.027972027972028,TRUE
2093,0.555555555555556,0.035964035964036,0.251748251748252,FALSE
2093,0.666666666666667,0.0879120879120879,0.527472527472527,FALSE
2093,0.777777777777778,0.863936063936064,0.863936063936064,FALSE
2093,0.888888888888889,0.606993006993007,0.863936063936064,FALSE
2093,1,0.775624375624376,0.863936063936064,FALSE
2094,0,0.612587412587413,1,FALSE
2094,0.111111111111111,0.694327894327894,1,FALSE
2094,0.222222222222222,1,1,FALSE
2094,0.333333333333333,0.866511266511267,1,FALSE
2094,0.444444444444444,0.151981351981352,1,FALSE
2094,0.555555555555556,0.231857031857032,1,FALSE
2094,0.666666666666667,0.778865578865579,1,FALSE
2094,0.777777777777778,0.955089355089355,1,FALSE
2094,0.888888888888889,0.955089355089355,1,FALSE
2094,1,0.866511266511267,1,FALSE
2095,0,0.535819735819736,0.955089355089355,FALSE
2095,0.111111111111111,0.955089355089355,0.955089355089355,FALSE
2095,0.222222222222222,0.694327894327894,0.955089355089355,FALSE
2095,0.333333333333333,0.463403263403263,0.955089355089355,FALSE
2095,0.444444444444444,0.280963480963481,0.955089355089355,FALSE
2095,0.555555555555556,0.396891996891997,0.955089355089355,FALSE
2095,0.666666666666667,0.396891996891997,0.955089355089355,FALSE
2095,0.777777777777778,0.535819735819736,0.955089355089355,FALSE
2095,0.888888888888889,0.955089355089355,0.955089355089355,FALSE
2095,1,0.535819735819736,0.955089355089355,FALSE
2096,0,0.181018981018981,0.954645354645355,FALSE
2096,0.111111111111111,0.272127872127872,0.954645354645355,FALSE
2096,0.222222222222222,0.606993006993007,0.954645354645355,FALSE
2096,0.333333333333333,0.775624375624376,0.954645354645355,FALSE
2096,0.444444444444444,0.954645354645355,0.954645354645355,FALSE
2096,0.555555555555556,0.606993006993007,0.954645354645355,FALSE
2096,0.666666666666667,0.606993006993007,0.954645354645355,FALSE
2096,0.777777777777778,0.863936063936064,0.954645354645355,FALSE
2096,0.888888888888889,0.688911088911089,0.954645354645355,FALSE
2096,1,0.327672327672328,0.954645354645355,FALSE
2097,0,0.513486513486513,0.953046953046953,FALSE
2097,0.111111111111111,0.859140859140859,0.953046953046953,FALSE
2097,0.222222222222222,0.678654678654679,0.953046953046953,FALSE
2097,0.333333333333333,0.953046953046953,0.953046953046953,FALSE
2097,0.444444444444444,0.767898767898768,0.953046953046953,FALSE
2097,0.555555555555556,0.43956043956044,0.953046953046953,FALSE
2097,0.666666666666667,0.678654678654679,0.953046953046953,FALSE
2097,0.777777777777778,0.513486513486513,0.953046953046953,FALSE
2097,0.888888888888889,0.254412254412254,0.953046953046953,FALSE
2097,1,0.678654678654679,0.953046953046953,FALSE
2098,0,0.535819735819736,0.955089355089355,FALSE
2098,0.111111111111111,0.866511266511267,0.955089355089355,FALSE
2098,0.222222222222222,0.955089355089355,0.955089355089355,FALSE
2098,0.333333333333333,0.778865578865579,0.955089355089355,FALSE
2098,0.444444444444444,0.231857031857032,0.955089355089355,FALSE
2098,0.555555555555556,0.335664335664336,0.955089355089355,FALSE
2098,0.666666666666667,0.866511266511267,0.955089355089355,FALSE
2098,0.777777777777778,0.120590520590521,0.895104895104896,FALSE
2098,0.888888888888889,0.120590520590521,0.895104895104896,FALSE
2098,1,0.231857031857032,0.955089355089355,FALSE
2099,0,0.775624375624376,1,FALSE
2099,0.111111111111111,0.606993006993007,1,FALSE
2099,0.222222222222222,0.272127872127872,1,FALSE
2099,0.333333333333333,0.0879120879120879,0.615384615384615,FALSE
2099,0.444444444444444,0.0663336663336663,0.464335664335664,FALSE
2099,0.555555555555556,0.0663336663336663,0.464335664335664,FALSE
2099,0.666666666666667,0.0879120879120879,0.615384615384615,FALSE
2099,0.777777777777778,0.388411588411588,1,FALSE
2099,0.888888888888889,0.775624375624376,1,FALSE
2099,1,1,1,FALSE
2100,0,0.866511266511267,1,FALSE
2100,0.111111111111111,1,1,FALSE
2100,0.222222222222222,0.866511266511267,1,FALSE
2100,0.333333333333333,0.694327894327894,1,FALSE
2100,0.444444444444444,0.0938616938616939,0.844755244755245,FALSE
2100,0.555555555555556,0.0721056721056721,0.648951048951049,FALSE
2100,0.666666666666667,0.189277389277389,1,FALSE
2100,0.777777777777778,0.396891996891997,1,FALSE
2100,0.888888888888889,0.866511266511267,1,FALSE
2100,1,0.535819735819736,1,FALSE
2101,0,0.0106704696620265,0.0960342269582385,FALSE
2101,0.111111111111111,0.0590262031120549,0.354157218672329,FALSE
2101,0.222222222222222,0.139767787207225,0.5590711488289,FALSE
2101,0.333333333333333,0.0426046086268607,0.255627651761164,FALSE
2101,0.444444444444444,0.00508702656576088,0.0508702656576088,FALSE
2101,0.555555555555556,0.0655089073932284,0.39305344435937,FALSE
2101,0.666666666666667,0.444484100729662,0.776996271480608,FALSE
2101,0.777777777777778,0.776996271480608,0.776996271480608,FALSE
2101,0.888888888888889,0.369825767663691,0.739651535327382,FALSE
2101,1,0.210568631242505,0.631705893727515,FALSE
2102,0,0.812337602391492,0.812337602391492,FALSE
2102,0.111111111111111,0.268038500283987,0.812337602391492,FALSE
2102,0.222222222222222,0.15630881301204,0.7815440650602,FALSE
2102,0.333333333333333,0.100633068398721,0.670841256358406,FALSE
2102,0.444444444444444,0.0132467748139788,0.119220973325809,FALSE
2102,0.555555555555556,0.0100665574628284,0.0905990171654556,FALSE
2102,0.666666666666667,0.589028292871108,0.812337602391492,FALSE
2102,0.777777777777778,0.650117311976475,0.812337602391492,FALSE
2102,0.888888888888889,0.398297622528851,0.812337602391492,FALSE
2102,1,0.287503395582174,0.812337602391492,FALSE
2103,0,0.471097052206498,1,FALSE
2103,0.111111111111111,0.369825767663691,1,FALSE
2103,0.222222222222222,0.711010872046144,1,FALSE
2103,0.333333333333333,0.194718372450559,0.973591862252795,FALSE
2103,0.444444444444444,0.072543600958341,0.652892408625069,FALSE
2103,0.555555555555556,0.0590262031120549,0.531235828008494,FALSE
2103,0.666666666666667,0.647057192437134,1,FALSE
2103,0.777777777777778,0.810617440460414,1,FALSE
2103,0.888888888888889,0.776996271480608,1,FALSE
2103,1,1,1,FALSE
2104,0,0.171789337529378,0.948623237400907,FALSE
2104,0.111111111111111,0.234006629296291,0.948623237400907,FALSE
2104,0.222222222222222,0.561290794231367,0.948623237400907,FALSE
2104,0.333333333333333,0.813179478372269,0.948623237400907,FALSE
2104,0.444444444444444,0.10230859802297,0.71616018616079,FALSE
2104,0.555555555555556,0.000925285551238829,0.00925285551238829,TRUE
2104,0.666666666666667,0.0696586433305535,0.557269146644428,FALSE
2104,0.777777777777778,0.914475373252486,0.948623237400907,FALSE
2104,0.888888888888889,0.714829556326068,0.948623237400907,FALSE
2104,1,0.948623237400907,0.948623237400907,FALSE
2105,0,0.98286486271828,0.98286486271828,FALSE
2105,0.111111111111111,0.948623237400907,0.98286486271828,FALSE
2105,0.222222222222222,0.813179478372269,0.98286486271828,FALSE
2105,0.333333333333333,0.376588382795187,0.98286486271828,FALSE
2105,0.444444444444444,0.00111492241495351,0.0100343017345816,TRUE
2105,0.555555555555556,0.000629303511299046,0.00566373160169141,TRUE
2105,0.666666666666667,0.07691902242893,0.61535217943144,FALSE
2105,0.777777777777778,0.98286486271828,0.98286486271828,FALSE
2105,0.888888888888889,0.747192399672197,0.98286486271828,FALSE
2105,1,0.714829556326068,0.98286486271828,FALSE
2106,0,0.877092338735201,0.877092338735201,FALSE
2106,0.111111111111111,0.877092338735201,0.877092338735201,FALSE
2106,0.222222222222222,0.610874319925058,0.877092338735201,FALSE
2106,0.333333333333333,0.77387442773697,0.877092338735201,FALSE
2106,0.444444444444444,0.146149308226165,0.877092338735201,FALSE
2106,0.555555555555556,0.0921970478034551,0.829773430231096,FALSE
2106,0.666666666666667,0.2379689276241,0.877092338735201,FALSE
2106,0.777777777777778,0.842372971987112,0.877092338735201,FALSE
2106,0.888888888888889,0.296166896308931,0.877092338735201,FALSE
2106,1,0.492315149539169,0.877092338735201,FALSE
2107,0,0.878821626395208,0.982624400157739,FALSE
2107,0.111111111111111,0.346724806095121,0.982624400157739,FALSE
2107,0.222222222222222,0.324531853988178,0.982624400157739,FALSE
2107,0.333333333333333,0.982624400157739,0.982624400157739,FALSE
2107,0.444444444444444,0.498539741118452,0.982624400157739,FALSE
2107,0.555555555555556,0.393829921360893,0.982624400157739,FALSE
2107,0.666666666666667,0.947907962348111,0.982624400157739,FALSE
2107,0.777777777777778,0.647057192437134,0.982624400157739,FALSE
2107,0.888888888888889,0.346724806095121,0.982624400157739,FALSE
2107,1,0.263456742806542,0.982624400157739,FALSE
2108,0,0.400494386449706,0.914475373252486,FALSE
2108,0.111111111111111,0.914475373252486,0.914475373252486,FALSE
2108,0.222222222222222,0.682953879097603,0.914475373252486,FALSE
2108,0.333333333333333,0.880477640436748,0.914475373252486,FALSE
2108,0.444444444444444,0.590744926814199,0.914475373252486,FALSE
2108,0.555555555555556,0.376588382795187,0.914475373252486,FALSE
2108,0.666666666666667,0.376588382795187,0.914475373252486,FALSE
2108,0.777777777777778,0.651618721083215,0.914475373252486,FALSE
2108,0.888888888888889,0.122524006314696,0.910605172130137,FALSE
2108,1,0.122524006314696,0.910605172130137,FALSE
2109,0,0.913284210025313,0.913284210025313,FALSE
2109,0.111111111111111,0.711010872046144,0.913284210025313,FALSE
2109,0.222222222222222,0.30325689285683,0.913284210025313,FALSE
2109,0.333333333333333,0.227301309823207,0.913284210025313,FALSE
2109,0.444444444444444,0.444484100729662,0.913284210025313,FALSE
2109,0.555555555555556,0.346724806095121,0.913284210025313,FALSE
2109,0.666666666666667,0.526779640833141,0.913284210025313,FALSE
2109,0.777777777777778,0.393829921360893,0.913284210025313,FALSE
2109,0.888888888888889,0.913284210025313,0.913284210025313,FALSE
2109,1,0.776996271480608,0.913284210025313,FALSE
2110,0,0.400494386449706,0.400494386449706,FALSE
2110,0.111111111111111,0.133699662036887,0.301807378044723,FALSE
2110,0.222222222222222,0.0120211823912605,0.072127094347563,FALSE
2110,0.333333333333333,0.00683311594976506,0.048084729565042,TRUE
2110,0.444444444444444,0.000275687749520493,0.00275687749520493,TRUE
2110,0.555555555555556,0.000764607376394362,0.00688146638754926,TRUE
2110,0.666666666666667,0.0229225170696386,0.114612585348193,FALSE
2110,0.777777777777778,0.201204918696482,0.400494386449706,FALSE
2110,0.888888888888889,0.093215724439122,0.279647173317366,FALSE
2110,1,0.025884993519752,0.12942496759876,FALSE
2111,0,0.6601186919028,0.981555975259124,FALSE
2111,0.111111111111111,0.799199800699051,0.981555975259124,FALSE
2111,0.222222222222222,0.799199800699051,0.981555975259124,FALSE
2111,0.333333333333333,0.234179813190308,0.981555975259124,FALSE
2111,0.444444444444444,0.0617393600901847,0.555654240811662,FALSE
2111,0.555555555555556,0.0617393600901847,0.555654240811662,FALSE
2111,0.666666666666667,0.234179813190308,0.981555975259124,FALSE
2111,0.777777777777778,0.94471126075324,0.981555975259124,FALSE
2111,0.888888888888889,0.981555975259124,0.981555975259124,FALSE
2111,1,0.340448556940311,0.981555975259124,FALSE
2112,0,0.234006629296291,0.98286486271828,FALSE
2112,0.111111111111111,0.813179478372269,0.98286486271828,FALSE
2112,0.222222222222222,0.714829556326068,0.98286486271828,FALSE
2112,0.333333333333333,0.234006629296291,0.98286486271828,FALSE
2112,0.444444444444444,0.0567726456689096,0.510953811020186,FALSE
2112,0.555555555555556,0.0847611539947261,0.697822083540272,FALSE
2112,0.666666666666667,0.310143148240121,0.98286486271828,FALSE
2112,0.777777777777778,0.504539268033682,0.98286486271828,FALSE
2112,0.888888888888889,0.504539268033682,0.98286486271828,FALSE
2112,1,0.98286486271828,0.98286486271828,FALSE
2113,0,0.256429564280902,0.982376249700482,FALSE
2113,0.111111111111111,0.203814344996386,0.966858483231875,FALSE
2113,0.222222222222222,0.317451858223578,0.982376249700482,FALSE
2113,0.333333333333333,0.203814344996386,0.966858483231875,FALSE
2113,0.444444444444444,0.982376249700482,0.982376249700482,FALSE
2113,0.555555555555556,0.411953421785348,0.982376249700482,FALSE
2113,0.666666666666667,0.77387442773697,0.982376249700482,FALSE
2113,0.777777777777778,0.580115089939125,0.982376249700482,FALSE
2113,0.888888888888889,0.133831349218393,0.802988095310358,FALSE
2113,1,0.0187761526986651,0.187761526986651,FALSE
2114,0,0.475260703718611,0.746069895908599,FALSE
2114,0.111111111111111,0.746069895908599,0.746069895908599,FALSE
2114,0.222222222222222,0.589028292871108,0.746069895908599,FALSE
2114,0.333333333333333,0.15630881301204,0.736285366088885,FALSE
2114,0.444444444444444,0.0132467748139788,0.125584266690184,FALSE
2114,0.555555555555556,0.0251168533380369,0.226051680042332,FALSE
2114,0.666666666666667,0.214989247231021,0.746069895908599,FALSE
2114,0.777777777777778,0.13181968650055,0.70683395144533,FALSE
2114,0.888888888888889,0.268038500283987,0.746069895908599,FALSE
2114,1,0.423105475126214,0.746069895908599,FALSE
2115,0,0.00683311594976506,0.0546649275981205,FALSE
2115,0.111111111111111,0.0847611539947261,0.508566923968357,FALSE
2115,0.222222222222222,0.425262420389393,0.77999496123971,FALSE
2115,0.333333333333333,0.682953879097603,0.77999496123971,FALSE
2115,0.444444444444444,0.651618721083215,0.77999496123971,FALSE
2115,0.555555555555556,0.77999496123971,0.77999496123971,FALSE
2115,0.666666666666667,0.425262420389393,0.77999496123971,FALSE
2115,0.777777777777778,0.0411020495943978,0.287714347160785,FALSE
2115,0.888888888888889,0.00433722767099422,0.0346978213679538,TRUE
2115,1,0.00433722767099422,0.0346978213679538,TRUE
2116,0,0.845997493660659,0.948388727647086,FALSE
2116,0.111111111111111,0.845997493660659,0.948388727647086,FALSE
2116,0.222222222222222,0.812337602391492,0.948388727647086,FALSE
2116,0.333333333333333,0.351301512740607,0.948388727647086,FALSE
2116,0.444444444444444,0.0916106888322019,0.824496199489817,FALSE
2116,0.555555555555556,0.0832301231073981,0.749071107966583,FALSE
2116,0.666666666666667,0.374357388606301,0.948388727647086,FALSE
2116,0.777777777777778,0.948388727647086,0.948388727647086,FALSE
2116,0.888888888888889,0.812337602391492,0.948388727647086,FALSE
2116,1,0.87993390891168,0.948388727647086,FALSE
2117,0,0.100633068398721,0.714769334090632,FALSE
2117,0.111111111111111,0.0222136020298858,0.222136020298858,FALSE
2117,0.222222222222222,0.044780764563907,0.403026881075163,FALSE
2117,0.333333333333333,0.812337602391492,0.812337602391492,FALSE
2117,0.444444444444444,0.268038500283987,0.812337602391492,FALSE
2117,0.555555555555556,0.374357388606301,0.812337602391492,FALSE
2117,0.666666666666667,0.779008313917639,0.812337602391492,FALSE
2117,0.777777777777778,0.713572802276438,0.812337602391492,FALSE
2117,0.888888888888889,0.448767743505514,0.812337602391492,FALSE
2117,1,0.214989247231021,0.812337602391492,FALSE
2118,0,0.443859588687175,0.981555975259124,FALSE
2118,0.111111111111111,0.562492180483185,0.981555975259124,FALSE
2118,0.222222222222222,0.694049179206601,0.981555975259124,FALSE
2118,0.333333333333333,0.799199800699051,0.981555975259124,FALSE
2118,0.444444444444444,0.234179813190308,0.981555975259124,FALSE
2118,0.555555555555556,0.0300245481654777,0.300245481654777,FALSE
2118,0.666666666666667,0.167379646839917,0.959039760838861,FALSE
2118,0.777777777777778,0.981555975259124,0.981555975259124,FALSE
2118,0.888888888888889,0.594287271948441,0.981555975259124,FALSE
2118,1,0.594287271948441,0.981555975259124,FALSE
2119,0,0.982376249700482,0.982376249700482,FALSE
2119,0.111111111111111,0.411953421785348,0.823906843570696,FALSE
2119,0.222222222222222,0.146149308226165,0.650997375806024,FALSE
2119,0.333333333333333,0.122306284682991,0.611531423414955,FALSE
2119,0.444444444444444,0.111543534190106,0.55771767095053,FALSE
2119,0.555555555555556,0.0613693153423288,0.371658300404454,FALSE
2119,0.666666666666667,0.0551207912527253,0.371658300404454,FALSE
2119,0.777777777777778,0.159282128744766,0.650997375806024,FALSE
2119,0.888888888888889,0.492315149539169,0.982376249700482,FALSE
2119,1,0.520797900644819,0.982376249700482,FALSE
2120,0,0.0211883069454284,0.211883069454284,FALSE
2120,0.111111111111111,0.0770768461922885,0.571558110388695,FALSE
2120,0.222222222222222,0.735233582010194,0.98202686868354,FALSE
2120,0.333333333333333,0.98202686868354,0.98202686868354,FALSE
2120,0.444444444444444,0.377381539000729,0.98202686868354,FALSE
2120,0.555555555555556,0.428668582791521,0.98202686868354,FALSE
2120,0.666666666666667,0.428668582791521,0.98202686868354,FALSE
2120,0.777777777777778,0.35317116666442,0.98202686868354,FALSE
2120,0.888888888888889,0.164430971327523,0.714447637985868,FALSE
2120,1,0.125790052026934,0.643002874187282,FALSE
2121,0,0.707037227482268,0.842372971987112,FALSE
2121,0.111111111111111,0.520797900644819,0.842372971987112,FALSE
2121,0.222222222222222,0.339677818696204,0.842372971987112,FALSE
2121,0.333333333333333,0.111543534190106,0.780804739330742,FALSE
2121,0.444444444444444,0.0835538274818635,0.745862258493161,FALSE
2121,0.555555555555556,0.492315149539169,0.842372971987112,FALSE
2121,0.666666666666667,0.520797900644819,0.842372971987112,FALSE
2121,0.777777777777778,0.275828309095886,0.842372971987112,FALSE
2121,0.888888888888889,0.580115089939125,0.842372971987112,FALSE
2121,1,0.842372971987112,0.842372971987112,FALSE
2122,0,0.263456742806542,0.444484100729662,FALSE
2122,0.111111111111111,0.444484100729662,0.444484100729662,FALSE
2122,0.222222222222222,0.179730724574092,0.395185114209813,FALSE
2122,0.333333333333333,0.0380408215017226,0.196526722179685,FALSE
2122,0.444444444444444,0.00593595625553331,0.0474876500442665,TRUE
2122,0.555555555555556,0.00187490600178993,0.0187490600178993,TRUE
2122,0.666666666666667,0.00925733393183879,0.0740586714547103,FALSE
2122,0.777777777777778,0.0380408215017226,0.196526722179685,FALSE
2122,0.888888888888889,0.0655089073932284,0.327544536966142,FALSE
2122,1,0.244925888704,0.444484100729662,FALSE
2123,0,0.450872241897627,0.651618721083215,FALSE
2123,0.111111111111111,0.450872241897627,0.651618721083215,FALSE
2123,0.222222222222222,0.400494386449706,0.651618721083215,FALSE
2123,0.333333333333333,0.10230859802297,0.651618721083215,FALSE
2123,0.444444444444444,0.0156835926721882,0.156835926721882,FALSE
2123,0.555555555555556,0.0510898833349063,0.459808950014157,FALSE
2123,0.666666666666667,0.620866553307454,0.651618721083215,FALSE
2123,0.777777777777778,0.651618721083215,0.651618721083215,FALSE
2123,0.888888888888889,0.217175803223259,0.651618721083215,FALSE
2123,1,0.620866553307454,0.651618721083215,FALSE
2124,0,0.914083073456637,0.982785240138297,FALSE
2124,0.111111111111111,0.713572802276438,0.982785240138297,FALSE
2124,0.222222222222222,0.329135889080375,0.982785240138297,FALSE
2124,0.333333333333333,0.0555354049350085,0.555354049350085,FALSE
2124,0.444444444444444,0.120710513090794,0.965684104726352,FALSE
2124,0.555555555555556,0.199058070846635,0.982785240138297,FALSE
2124,0.666666666666667,0.619255490933584,0.982785240138297,FALSE
2124,0.777777777777778,0.845997493660659,0.982785240138297,FALSE
2124,0.888888888888889,0.779008313917639,0.982785240138297,FALSE
2124,1,0.982785240138297,0.982785240138297,FALSE
2125,0,0.714829556326068,0.948623237400907,FALSE
2125,0.111111111111111,0.682953879097603,0.948623237400907,FALSE
2125,0.222222222222222,0.813179478372269,0.948623237400907,FALSE
2125,0.333333333333333,0.948623237400907,0.948623237400907,FALSE
2125,0.444444444444444,0.025884993519752,0.232964941677768,FALSE
2125,0.555555555555556,0.00790306601085422,0.0790306601085422,FALSE
2125,0.666666666666667,0.0629533530448398,0.503626824358718,FALSE
2125,0.777777777777778,0.561290794231367,0.948623237400907,FALSE
2125,0.888888888888889,0.620866553307454,0.948623237400907,FALSE
2125,1,0.425262420389393,0.948623237400907,FALSE
2126,0,0.425262420389393,0.880477640436748,FALSE
2126,0.111111111111111,0.880477640436748,0.880477640436748,FALSE
2126,0.222222222222222,0.714829556326068,0.880477640436748,FALSE
2126,0.333333333333333,0.234006629296291,0.880477640436748,FALSE
2126,0.444444444444444,0.201204918696482,0.880477640436748,FALSE
2126,0.555555555555556,0.376588382795187,0.880477640436748,FALSE
2126,0.666666666666667,0.714829556326068,0.880477640436748,FALSE
2126,0.777777777777778,0.353554027939591,0.880477640436748,FALSE
2126,0.888888888888889,0.450872241897627,0.880477640436748,FALSE
2126,1,0.846694170974368,0.880477640436748,FALSE
2127,0,0.201204918696482,0.880477640436748,FALSE
2127,0.111111111111111,0.171789337529378,0.85894668764689,FALSE
2127,0.222222222222222,0.353554027939591,0.880477640436748,FALSE
2127,0.333333333333333,0.532545466173002,0.880477640436748,FALSE
2127,0.444444444444444,0.880477640436748,0.880477640436748,FALSE
2127,0.555555555555556,0.532545466173002,0.880477640436748,FALSE
2127,0.666666666666667,0.880477640436748,0.880477640436748,FALSE
2127,0.777777777777778,0.532545466173002,0.880477640436748,FALSE
2127,0.888888888888889,0.331404679497197,0.880477640436748,FALSE
2127,1,0.353554027939591,0.880477640436748,FALSE
2128,0,0.555790044056437,0.982624400157739,FALSE
2128,0.111111111111111,0.810617440460414,0.982624400157739,FALSE
2128,0.222222222222222,0.678755551855844,0.982624400157739,FALSE
2128,0.333333333333333,0.776996271480608,0.982624400157739,FALSE
2128,0.444444444444444,0.0801629645944331,0.721466681349898,FALSE
2128,0.555555555555556,0.0530684725113826,0.477616252602443,FALSE
2128,0.666666666666667,0.743777330536583,0.982624400157739,FALSE
2128,0.777777777777778,0.982624400157739,0.982624400157739,FALSE
2128,0.888888888888889,0.913284210025313,0.982624400157739,FALSE
2128,1,0.84457724868046,0.982624400157739,FALSE
2129,0,0.948388727647086,0.982785240138297,FALSE
2129,0.111111111111111,0.982785240138297,0.982785240138297,FALSE
2129,0.222222222222222,0.713572802276438,0.982785240138297,FALSE
2129,0.333333333333333,0.143678566142257,0.982785240138297,FALSE
2129,0.444444444444444,0.0222136020298858,0.199922418268972,FALSE
2129,0.555555555555556,0.0318777364966345,0.286899628469711,FALSE
2129,0.666666666666667,0.249468425156433,0.982785240138297,FALSE
2129,0.777777777777778,0.559480542789198,0.982785240138297,FALSE
2129,0.888888888888889,0.681573440023317,0.982785240138297,FALSE
2129,1,0.713572802276438,0.982785240138297,FALSE
2130,0,0.210568631242505,0.555790044056437,FALSE
2130,0.111111111111111,0.555790044056437,0.555790044056437,FALSE
2130,0.222222222222222,0.555790044056437,0.555790044056437,FALSE
2130,0.333333333333333,0.12803719597691,0.555790044056437,FALSE
2130,0.444444444444444,0.0183110295632982,0.146488236506386,FALSE
2130,0.555555555555556,0.00265277039521496,0.0265277039521496,TRUE
2130,0.666666666666667,0.0236018485840943,0.188814788672754,FALSE
2130,0.777777777777778,0.210568631242505,0.555790044056437,FALSE
2130,0.888888888888889,0.444484100729662,0.555790044056437,FALSE
2130,1,0.393829921360893,0.555790044056437,FALSE
2131,0,0.94471126075324,0.981555975259124,FALSE
2131,0.111111111111111,0.981555975259124,0.981555975259124,FALSE
2131,0.222222222222222,0.416518214419264,0.981555975259124,FALSE
2131,0.333333333333333,0.253373413193503,0.981555975259124,FALSE
2131,0.444444444444444,0.0201303943432879,0.181173549089591,FALSE
2131,0.555555555555556,0.00968746396032753,0.0968746396032753,FALSE
2131,0.666666666666667,0.0854000572141502,0.683200457713202,FALSE
2131,0.777777777777778,0.728584359169067,0.981555975259124,FALSE
2131,0.888888888888889,0.981555975259124,0.981555975259124,FALSE
2131,1,0.6601186919028,0.981555975259124,FALSE
2132,0,0.127189951477808,0.254379902955616,FALSE
2132,0.111111111111111,0.167379646839917,0.334759293679834,FALSE
2132,0.222222222222222,0.167379646839917,0.334759293679834,FALSE
2132,0.333333333333333,0.0230719804932699,0.17438233929988,FALSE
2132,0.444444444444444,0.00705141934527242,0.0634627741074518,FALSE
2132,0.555555555555556,0.0112908580674698,0.101617722607228,FALSE
2132,0.666666666666667,0.0435955848249701,0.209224558549896,FALSE
2132,0.777777777777778,0.0854000572141502,0.251069470259875,FALSE
2132,0.888888888888889,0.153078505702194,0.306157011404388,FALSE
2132,1,0.36479502506489,0.36479502506489,FALSE
2133,0,0.353554027939591,0.948623237400907,FALSE
2133,0.111111111111111,0.914475373252486,0.948623237400907,FALSE
2133,0.222222222222222,0.477307012128611,0.948623237400907,FALSE
2133,0.333333333333333,0.0847611539947261,0.678089231957809,FALSE
2133,0.444444444444444,0.07691902242893,0.61535217943144,FALSE
2133,0.555555555555556,0.0458749727303531,0.381425192976267,FALSE
2133,0.666666666666667,0.400494386449706,0.948623237400907,FALSE
2133,0.777777777777778,0.880477640436748,0.948623237400907,FALSE
2133,0.888888888888889,0.714829556326068,0.948623237400907,FALSE
2133,1,0.948623237400907,0.948623237400907,FALSE
2134,0,0.444484100729662,0.913284210025313,FALSE
2134,0.111111111111111,0.913284210025313,0.913284210025313,FALSE
2134,0.222222222222222,0.743777330536583,0.913284210025313,FALSE
2134,0.333333333333333,0.0655089073932284,0.327544536966142,FALSE
2134,0.444444444444444,0.00313781801985069,0.0282403621786562,TRUE
2134,0.555555555555556,0.00508702656576088,0.0457832390918479,TRUE
2134,0.666666666666667,0.30325689285683,0.90977067857049,FALSE
2134,0.777777777777778,0.0972695067542381,0.48634753377119,FALSE
2134,0.888888888888889,0.0236018485840943,0.16521294008866,FALSE
2134,1,0.0208163124915275,0.145714187440693,FALSE
2135,0,0.681573440023317,0.982785240138297,FALSE
2135,0.111111111111111,0.982785240138297,0.982785240138297,FALSE
2135,0.222222222222222,0.779008313917639,0.982785240138297,FALSE
2135,0.333333333333333,0.307870036675603,0.982785240138297,FALSE
2135,0.444444444444444,0.0318777364966345,0.318777364966345,FALSE
2135,0.555555555555556,0.120710513090794,0.982785240138297,FALSE
2135,0.666666666666667,0.475260703718611,0.982785240138297,FALSE
2135,0.777777777777778,0.746069895908599,0.982785240138297,FALSE
2135,0.888888888888889,0.681573440023317,0.982785240138297,FALSE
2135,1,0.87993390891168,0.982785240138297,FALSE
2136,0,1,1,FALSE
2136,0.111111111111111,0.329928042971521,1,FALSE
2136,0.222222222222222,0.211017468288833,1,FALSE
2136,0.333333333333333,0.246763531321252,1,FALSE
2136,0.444444444444444,0.603756263726279,1,FALSE
2136,0.555555555555556,0.246763531321252,1,FALSE
2136,0.666666666666667,0.483645889343041,1,FALSE
2136,0.777777777777778,0.542101376883986,1,FALSE
2136,0.888888888888889,0.839281358321838,1,FALSE
2136,1,0.94611066095324,1,FALSE
2137,0,0.100633068398721,0.402532273594884,FALSE
2137,0.111111111111111,0.329135889080375,0.502564020952814,FALSE
2137,0.222222222222222,0.502564020952814,0.502564020952814,FALSE
2137,0.333333333333333,0.214989247231021,0.493703833620562,FALSE
2137,0.444444444444444,0.005616268970041,0.050546420730369,FALSE
2137,0.555555555555556,0.00252352078420468,0.0252352078420468,TRUE
2137,0.666666666666667,0.0318777364966345,0.255021891973076,FALSE
2137,0.777777777777778,0.11032307817785,0.429978494462042,FALSE
2137,0.888888888888889,0.143678566142257,0.431035698426771,FALSE
2137,1,0.183978481052854,0.493703833620562,FALSE
2138,0,0.0629533530448398,0.251813412179359,FALSE
2138,0.111111111111111,0.07691902242893,0.30767608971572,FALSE
2138,0.222222222222222,0.0327702247947234,0.163851123973617,FALSE
2138,0.333333333333333,0.0458749727303531,0.192297556072325,FALSE
2138,0.444444444444444,0.0031533510850354,0.0294512186631143,TRUE
2138,0.555555555555556,0.00589024373262285,0.0530121935936056,FALSE
2138,0.666666666666667,0.0291590272974968,0.15383804485786,FALSE
2138,0.777777777777778,0.331404679497197,0.450872241897627,FALSE
2138,0.888888888888889,0.450872241897627,0.450872241897627,FALSE
2138,1,0.171789337529378,0.450872241897627,FALSE
2139,0,0.845997493660659,0.982785240138297,FALSE
2139,0.111111111111111,0.87993390891168,0.982785240138297,FALSE
2139,0.222222222222222,0.982785240138297,0.982785240138297,FALSE
2139,0.333333333333333,0.249468425156433,0.982785240138297,FALSE
2139,0.444444444444444,0.0754603974733848,0.679143577260463,FALSE
2139,0.555555555555556,0.0682747524954904,0.614472772459414,FALSE
2139,0.666666666666667,0.502564020952814,0.982785240138297,FALSE
2139,0.777777777777778,0.982785240138297,0.982785240138297,FALSE
2139,0.888888888888889,0.530646308866796,0.982785240138297,FALSE
2139,1,0.845997493660659,0.982785240138297,FALSE
2140,0,0.80794455288261,1,FALSE
2140,0.111111111111111,1,1,FALSE
2140,0.222222222222222,0.80794455288261,1,FALSE
2140,0.333333333333333,0.520797900644819,1,FALSE
2140,0.444444444444444,0.220433103286413,1,FALSE
2140,0.555555555555556,0.146149308226165,0.730746541130825,FALSE
2140,0.666666666666667,0.188093691731347,0.940468458656735,FALSE
2140,0.777777777777778,0.173257442996258,0.86628721498129,FALSE
2140,0.888888888888889,0.0921970478034551,0.553182286820731,FALSE
2140,1,0.0441547300381041,0.396779585915543,FALSE
2141,0,0.400494386449706,0.77999496123971,FALSE
2141,0.111111111111111,0.77999496123971,0.77999496123971,FALSE
2141,0.222222222222222,0.561290794231367,0.77999496123971,FALSE
2141,0.333333333333333,0.07691902242893,0.53843315700251,FALSE
2141,0.444444444444444,0.00433722767099422,0.0433722767099422,TRUE
2141,0.555555555555556,0.0327702247947234,0.279647173317366,FALSE
2141,0.666666666666667,0.400494386449706,0.77999496123971,FALSE
2141,0.777777777777778,0.620866553307454,0.77999496123971,FALSE
2141,0.888888888888889,0.450872241897627,0.77999496123971,FALSE
2141,1,0.093215724439122,0.652510071073854,FALSE
2142,0,0.94611066095324,0.94611066095324,FALSE
2142,0.111111111111111,0.329928042971521,0.94611066095324,FALSE
2142,0.222222222222222,0.0853927681513888,0.426963840756944,FALSE
2142,0.333333333333333,0.069406555463527,0.347032777317635,FALSE
2142,0.444444444444444,0.0274432214462199,0.192102550123539,FALSE
2142,0.555555555555556,0.00288776690575791,0.0259899021518212,TRUE
2142,0.666666666666667,0.00408187514634291,0.0367368763170862,TRUE
2142,0.777777777777778,0.0853927681513888,0.426963840756944,FALSE
2142,0.888888888888889,0.30766724529843,0.92300173589529,FALSE
2142,1,0.668267864069963,0.94611066095324,FALSE
2143,0,0.504539268033682,1,FALSE
2143,0.111111111111111,0.77999496123971,1,FALSE
2143,0.222222222222222,1,1,FALSE
2143,0.333333333333333,0.651618721083215,1,FALSE
2143,0.444444444444444,0.376588382795187,1,FALSE
2143,0.555555555555556,0.289775648811301,1,FALSE
2143,0.666666666666667,0.948623237400907,1,FALSE
2143,0.777777777777778,0.450872241897627,1,FALSE
2143,0.888888888888889,0.112069790698046,0.908170682460627,FALSE
2143,1,0.158309390196543,1,FALSE
2144,0,0.910304687815932,0.910304687815932,FALSE
2144,0.111111111111111,0.735233582010194,0.910304687815932,FALSE
2144,0.222222222222222,0.735233582010194,0.910304687815932,FALSE
2144,0.333333333333333,0.735233582010194,0.910304687815932,FALSE
2144,0.444444444444444,0.572551286794165,0.910304687815932,FALSE
2144,0.555555555555556,0.668267864069963,0.910304687815932,FALSE
2144,0.666666666666667,0.572551286794165,0.910304687815932,FALSE
2144,0.777777777777778,0.30766724529843,0.910304687815932,FALSE
2144,0.888888888888889,0.512456858483845,0.910304687815932,FALSE
2144,1,0.87466895922668,0.910304687815932,FALSE
2145,0,0.455709807433945,0.98202686868354,FALSE
2145,0.111111111111111,0.701473439104624,0.98202686868354,FALSE
2145,0.222222222222222,0.286384480087629,0.98202686868354,FALSE
2145,0.333333333333333,0.0241489644787996,0.193191715830397,FALSE
2145,0.444444444444444,0.00482386179537604,0.0482386179537604,TRUE
2145,0.555555555555556,0.0351516549417599,0.281213239534079,FALSE
2145,0.666666666666667,0.228412966344001,0.98202686868354,FALSE
2145,0.777777777777778,0.542101376883986,0.98202686868354,FALSE
2145,0.888888888888889,0.804199598502447,0.98202686868354,FALSE
2145,1,0.98202686868354,0.98202686868354,FALSE
2146,0,0.650117311976475,0.982785240138297,FALSE
2146,0.111111111111111,0.845997493660659,0.982785240138297,FALSE
2146,0.222222222222222,0.589028292871108,0.982785240138297,FALSE
2146,0.333333333333333,0.183978481052854,0.982785240138297,FALSE
2146,0.444444444444444,0.0555354049350085,0.503165341993605,FALSE
2146,0.555555555555556,0.100633068398721,0.805064547189768,FALSE
2146,0.666666666666667,0.214989247231021,0.982785240138297,FALSE
2146,0.777777777777778,0.948388727647086,0.982785240138297,FALSE
2146,0.888888888888889,0.845997493660659,0.982785240138297,FALSE
2146,1,0.982785240138297,0.982785240138297,FALSE
2147,0,0.561290794231367,0.651618721083215,FALSE
2147,0.111111111111111,0.0847611539947261,0.339044615978904,FALSE
2147,0.222222222222222,0.0291590272974968,0.174954163784981,FALSE
2147,0.333333333333333,0.00370441714127456,0.0296353371301965,TRUE
2147,0.444444444444444,0.0022621300288968,0.0180970402311744,TRUE
2147,0.555555555555556,0.00160002558060495,0.0144002302254445,TRUE
2147,0.666666666666667,0.0229225170696386,0.137535102417832,FALSE
2147,0.777777777777778,0.133699662036887,0.534798648147548,FALSE
2147,0.888888888888889,0.331404679497197,0.651618721083215,FALSE
2147,1,0.651618721083215,0.651618721083215,FALSE
2148,0,0.711010872046144,0.947907962348111,FALSE
2148,0.111111111111111,0.647057192437134,0.947907962348111,FALSE
2148,0.222222222222222,0.498539741118452,0.947907962348111,FALSE
2148,0.333333333333333,0.444484100729662,0.947907962348111,FALSE
2148,0.444444444444444,0.346724806095121,0.947907962348111,FALSE
2148,0.555555555555556,0.194718372450559,0.947907962348111,FALSE
2148,0.666666666666667,0.471097052206498,0.947907962348111,FALSE
2148,0.777777777777778,0.810617440460414,0.947907962348111,FALSE
2148,0.888888888888889,0.947907962348111,0.947907962348111,FALSE
2148,1,0.526779640833141,0.947907962348111,FALSE
2149,0,0.464663793031188,0.707037227482268,FALSE
2149,0.111111111111111,0.411953421785348,0.707037227482268,FALSE
2149,0.222222222222222,0.580115089939125,0.707037227482268,FALSE
2149,0.333333333333333,0.707037227482268,0.707037227482268,FALSE
2149,0.444444444444444,0.0187761526986651,0.168985374287986,FALSE
2149,0.555555555555556,0.00152774971681308,0.0152774971681308,TRUE
2149,0.666666666666667,0.049392018854656,0.395136150837248,FALSE
2149,0.777777777777778,0.220433103286413,0.707037227482268,FALSE
2149,0.888888888888889,0.610874319925058,0.707037227482268,FALSE
2149,1,0.386939034820357,0.707037227482268,FALSE
2150,0,0.159282128744766,0.763592899906323,FALSE
2150,0.111111111111111,0.464663793031188,0.929327586062376,FALSE
2150,0.222222222222222,0.947159329531301,0.947159329531301,FALSE
2150,0.333333333333333,0.550074760190755,0.947159329531301,FALSE
2150,0.444444444444444,0.256429564280902,0.814499093233411,FALSE
2150,0.555555555555556,0.550074760190755,0.947159329531301,FALSE
2150,0.666666666666667,0.610874319925058,0.947159329531301,FALSE
2150,0.777777777777778,0.492315149539169,0.947159329531301,FALSE
2150,0.888888888888889,0.256429564280902,0.814499093233411,FALSE
2150,1,0.437866896511258,0.916311479887587,FALSE
2151,0,0.0327702247947234,0.314766765224199,FALSE
2151,0.111111111111111,0.477307012128611,0.846694170974368,FALSE
2151,0.222222222222222,0.425262420389393,0.846694170974368,FALSE
2151,0.333333333333333,0.0629533530448398,0.566580177403558,FALSE
2151,0.444444444444444,0.400494386449706,0.846694170974368,FALSE
2151,0.555555555555556,0.251712301743865,0.787659902418932,FALSE
2151,0.666666666666667,0.425262420389393,0.846694170974368,FALSE
2151,0.777777777777778,0.846694170974368,0.846694170974368,FALSE
2151,0.888888888888889,0.590744926814199,0.846694170974368,FALSE
2151,1,0.504539268033682,0.846694170974368,FALSE
2152,0,0.275828309095886,0.912044671706946,FALSE
2152,0.111111111111111,0.610874319925058,0.912044671706946,FALSE
2152,0.222222222222222,0.77387442773697,0.912044671706946,FALSE
2152,0.333333333333333,0.492315149539169,0.912044671706946,FALSE
2152,0.444444444444444,0.188093691731347,0.912044671706946,FALSE
2152,0.555555555555556,0.296166896308931,0.912044671706946,FALSE
2152,0.666666666666667,0.642314296871229,0.912044671706946,FALSE
2152,0.777777777777778,0.912044671706946,0.912044671706946,FALSE
2152,0.888888888888889,0.520797900644819,0.912044671706946,FALSE
2152,1,0.550074760190755,0.912044671706946,FALSE
2153,0,0.982785240138297,0.982785240138297,FALSE
2153,0.111111111111111,0.948388727647086,0.982785240138297,FALSE
2153,0.222222222222222,0.845997493660659,0.982785240138297,FALSE
2153,0.333333333333333,0.559480542789198,0.982785240138297,FALSE
2153,0.444444444444444,0.11032307817785,0.982785240138297,FALSE
2153,0.555555555555556,0.0682747524954904,0.614472772459414,FALSE
2153,0.666666666666667,0.351301512740607,0.982785240138297,FALSE
2153,0.777777777777778,0.779008313917639,0.982785240138297,FALSE
2153,0.888888888888889,0.982785240138297,0.982785240138297,FALSE
2153,1,0.746069895908599,0.982785240138297,FALSE
2154,0,0.329135889080375,0.329135889080375,FALSE
2154,0.111111111111111,0.268038500283987,0.329135889080375,FALSE
2154,0.222222222222222,0.199058070846635,0.329135889080375,FALSE
2154,0.333333333333333,0.0555354049350085,0.329135889080375,FALSE
2154,0.444444444444444,0.00149782104377562,0.0149070385933379,TRUE
2154,0.555555555555556,0.00298140771866757,0.0268326694680081,TRUE
2154,0.666666666666667,0.169736037185594,0.329135889080375,FALSE
2154,0.777777777777778,0.307870036675603,0.329135889080375,FALSE
2154,0.888888888888889,0.329135889080375,0.329135889080375,FALSE
2154,1,0.199058070846635,0.329135889080375,FALSE
2155,0,0.799199800699051,0.94471126075324,FALSE
2155,0.111111111111111,0.763652938765383,0.94471126075324,FALSE
2155,0.222222222222222,0.390153574561371,0.94471126075324,FALSE
2155,0.333333333333333,0.115543227387305,0.913371200798916,FALSE
2155,0.444444444444444,0.0300245481654777,0.300245481654777,FALSE
2155,0.555555555555556,0.115543227387305,0.913371200798916,FALSE
2155,0.666666666666667,0.562492180483185,0.94471126075324,FALSE
2155,0.777777777777778,0.763652938765383,0.94471126075324,FALSE
2155,0.888888888888889,0.94471126075324,0.94471126075324,FALSE
2155,1,0.531515261350344,0.94471126075324,FALSE
2156,0,0.590744926814199,0.98286486271828,FALSE
2156,0.111111111111111,0.376588382795187,0.98286486271828,FALSE
2156,0.222222222222222,0.880477640436748,0.98286486271828,FALSE
2156,0.333333333333333,0.331404679497197,0.98286486271828,FALSE
2156,0.444444444444444,0.0510898833349063,0.510898833349063,FALSE
2156,0.555555555555556,0.331404679497197,0.98286486271828,FALSE
2156,0.666666666666667,0.682953879097603,0.98286486271828,FALSE
2156,0.777777777777778,0.747192399672197,0.98286486271828,FALSE
2156,0.888888888888889,0.620866553307454,0.98286486271828,FALSE
2156,1,0.98286486271828,0.98286486271828,FALSE
2157,0,0.813179478372269,0.98286486271828,FALSE
2157,0.111111111111111,0.98286486271828,0.98286486271828,FALSE
2157,0.222222222222222,0.682953879097603,0.98286486271828,FALSE
2157,0.333333333333333,0.450872241897627,0.98286486271828,FALSE
2157,0.444444444444444,0.122524006314696,0.967650481113563,FALSE
2157,0.555555555555556,0.234006629296291,0.98286486271828,FALSE
2157,0.666666666666667,0.846694170974368,0.98286486271828,FALSE
2157,0.777777777777778,0.682953879097603,0.98286486271828,FALSE
2157,0.888888888888889,0.747192399672197,0.98286486271828,FALSE
2157,1,0.400494386449706,0.98286486271828,FALSE
2158,0,0.188093691731347,0.877092338735201,FALSE
2158,0.111111111111111,0.275828309095886,0.877092338735201,FALSE
2158,0.222222222222222,0.707037227482268,0.877092338735201,FALSE
2158,0.333333333333333,0.492315149539169,0.877092338735201,FALSE
2158,0.444444444444444,0.0613693153423288,0.552323838080959,FALSE
2158,0.555555555555556,0.0613693153423288,0.552323838080959,FALSE
2158,0.666666666666667,0.707037227482268,0.877092338735201,FALSE
2158,0.777777777777778,0.877092338735201,0.877092338735201,FALSE
2158,0.888888888888889,0.550074760190755,0.877092338735201,FALSE
2158,1,0.520797900644819,0.877092338735201,FALSE
2159,0,0.477307012128611,0.813179478372269,FALSE
2159,0.111111111111111,0.747192399672197,0.813179478372269,FALSE
2159,0.222222222222222,0.201204918696482,0.813179478372269,FALSE
2159,0.333333333333333,0.0567726456689096,0.510953811020186,FALSE
2159,0.444444444444444,0.025884993519752,0.25884993519752,FALSE
2159,0.555555555555556,0.122524006314696,0.813179478372269,FALSE
2159,0.666666666666667,0.353554027939591,0.813179478372269,FALSE
2159,0.777777777777778,0.77999496123971,0.813179478372269,FALSE
2159,0.888888888888889,0.813179478372269,0.813179478372269,FALSE
2159,1,0.682953879097603,0.813179478372269,FALSE
2160,0,0.289775648811301,0.98286486271828,FALSE
2160,0.111111111111111,0.217175803223259,0.98286486271828,FALSE
2160,0.222222222222222,0.0629533530448398,0.503626824358718,FALSE
2160,0.333333333333333,0.201204918696482,0.98286486271828,FALSE
2160,0.444444444444444,0.0229225170696386,0.206302653626747,FALSE
2160,0.555555555555556,0.0411020495943978,0.328816396755182,FALSE
2160,0.666666666666667,0.477307012128611,0.98286486271828,FALSE
2160,0.777777777777778,0.714829556326068,0.98286486271828,FALSE
2160,0.888888888888889,0.98286486271828,0.98286486271828,FALSE
2160,1,0.846694170974368,0.98286486271828,FALSE
2161,0,0.114559503465051,0.668267864069963,FALSE
2161,0.111111111111111,0.402555465523981,0.668267864069963,FALSE
2161,0.222222222222222,0.512456858483845,0.668267864069963,FALSE
2161,0.333333333333333,0.0943920647069073,0.660744452948351,FALSE
2161,0.444444444444444,0.0161698371593424,0.161698371593424,FALSE
2161,0.555555555555556,0.0943920647069073,0.660744452948351,FALSE
2161,0.666666666666667,0.266087335952403,0.668267864069963,FALSE
2161,0.777777777777778,0.428668582791521,0.668267864069963,FALSE
2161,0.888888888888889,0.603756263726279,0.668267864069963,FALSE
2161,1,0.668267864069963,0.668267864069963,FALSE
2162,0,0.282897456226581,0.848692368679743,FALSE
2162,0.111111111111111,0.393829921360893,0.878296421482724,FALSE
2162,0.222222222222222,0.982624400157739,0.982624400157739,FALSE
2162,0.333333333333333,0.227301309823207,0.780707930206865,FALSE
2162,0.444444444444444,0.0301117611620255,0.27100585045823,FALSE
2162,0.555555555555556,0.0530684725113826,0.477616252602443,FALSE
2162,0.666666666666667,0.194718372450559,0.778873489802236,FALSE
2162,0.777777777777778,0.585530947655149,0.982624400157739,FALSE
2162,0.888888888888889,0.555790044056437,0.982624400157739,FALSE
2162,1,0.369825767663691,0.878296421482724,FALSE
2163,0,0.282897456226581,0.913284210025313,FALSE
2163,0.111111111111111,0.346724806095121,0.913284210025313,FALSE
2163,0.222222222222222,0.913284210025313,0.913284210025313,FALSE
2163,0.333333333333333,0.810617440460414,0.913284210025313,FALSE
2163,0.444444444444444,0.072543600958341,0.580348807666728,FALSE
2163,0.555555555555556,0.0122644288035277,0.122644288035277,FALSE
2163,0.666666666666667,0.0655089073932284,0.524071259145827,FALSE
2163,0.777777777777778,0.346724806095121,0.913284210025313,FALSE
2163,0.888888888888889,0.615969092762275,0.913284210025313,FALSE
2163,1,0.678755551855844,0.913284210025313,FALSE
2164,0,0.572551286794165,0.98202686868354,FALSE
2164,0.111111111111111,0.701473439104624,0.98202686868354,FALSE
2164,0.222222222222222,0.542101376883986,0.98202686868354,FALSE
2164,0.333333333333333,0.13782878790375,0.96480151532625,FALSE
2164,0.444444444444444,0.0623533388151079,0.498826710520863,FALSE
2164,0.555555555555556,0.0185379837553751,0.166841853798376,FALSE
2164,0.666666666666667,0.00778961168766266,0.0778961168766266,FALSE
2164,0.777777777777778,0.428668582791521,0.98202686868354,FALSE
2164,0.888888888888889,0.98202686868354,0.98202686868354,FALSE
2164,1,0.910304687815932,0.98202686868354,FALSE
2165,0,0.98286486271828,0.98286486271828,FALSE
2165,0.111111111111111,0.620866553307454,0.98286486271828,FALSE
2165,0.222222222222222,0.353554027939591,0.98286486271828,FALSE
2165,0.333333333333333,0.186082526332293,0.98286486271828,FALSE
2165,0.444444444444444,0.0229225170696386,0.206302653626747,FALSE
2165,0.555555555555556,0.0178435550026844,0.16059199502416,FALSE
2165,0.666666666666667,0.331404679497197,0.98286486271828,FALSE
2165,0.777777777777778,0.846694170974368,0.98286486271828,FALSE
2165,0.888888888888889,0.77999496123971,0.98286486271828,FALSE
2165,1,0.477307012128611,0.98286486271828,FALSE
2166,0,0.982624400157739,1,FALSE
2166,0.111111111111111,0.947907962348111,1,FALSE
2166,0.222222222222222,1,1,FALSE
2166,0.333333333333333,0.615969092762275,1,FALSE
2166,0.444444444444444,0.244925888704,1,FALSE
2166,0.555555555555556,0.0380408215017226,0.380408215017226,FALSE
2166,0.666666666666667,0.0883941680595985,0.795547512536387,FALSE
2166,0.777777777777778,0.369825767663691,1,FALSE
2166,0.888888888888889,0.444484100729662,1,FALSE
2166,1,0.369825767663691,1,FALSE
2167,0,0.423105475126214,0.423105475126214,FALSE
2167,0.111111111111111,0.183978481052854,0.402057750425981,FALSE
2167,0.222222222222222,0.13181968650055,0.39545905950165,FALSE
2167,0.333333333333333,0.0400763498539688,0.280534448977782,FALSE
2167,0.444444444444444,0.0499237923423663,0.300984946123429,FALSE
2167,0.555555555555556,0.0151334328412972,0.151334328412972,FALSE
2167,0.666666666666667,0.0916106888322019,0.357384667045316,FALSE
2167,0.777777777777778,0.268038500283987,0.423105475126214,FALSE
2167,0.888888888888889,0.214989247231021,0.423105475126214,FALSE
2167,1,0.061642155481304,0.321646200340784,FALSE
2168,0,0.845997493660659,0.87993390891168,FALSE
2168,0.111111111111111,0.87993390891168,0.87993390891168,FALSE
2168,0.222222222222222,0.231789633710345,0.748714777212602,FALSE
2168,0.333333333333333,0.0682747524954904,0.409648514972942,FALSE
2168,0.444444444444444,0.005616268970041,0.050546420730369,FALSE
2168,0.555555555555556,0.0100665574628284,0.0905990171654556,FALSE
2168,0.666666666666667,0.199058070846635,0.748714777212602,FALSE
2168,0.777777777777778,0.199058070846635,0.748714777212602,FALSE
2168,0.888888888888889,0.231789633710345,0.748714777212602,FALSE
2168,1,0.374357388606301,0.87993390891168,FALSE
2169,0,0.981555975259124,0.981555975259124,FALSE
2169,0.111111111111111,0.981555975259124,0.981555975259124,FALSE
2169,0.222222222222222,0.626843221745771,0.981555975259124,FALSE
2169,0.333333333333333,0.127189951477808,0.890329660344656,FALSE
2169,0.444444444444444,0.0201303943432879,0.181173549089591,FALSE
2169,0.555555555555556,0.0175093272544547,0.157583945290092,FALSE
2169,0.666666666666667,0.139693589768552,0.977855128379864,FALSE
2169,0.777777777777778,0.835146063331971,0.981555975259124,FALSE
2169,0.888888888888889,0.6601186919028,0.981555975259124,FALSE
2169,1,0.416518214419264,0.981555975259124,FALSE
2170,0,0.87993390891168,0.87993390891168,FALSE
2170,0.111111111111111,0.779008313917639,0.87993390891168,FALSE
2170,0.222222222222222,0.502564020952814,0.87993390891168,FALSE
2170,0.333333333333333,0.681573440023317,0.87993390891168,FALSE
2170,0.444444444444444,0.15630881301204,0.87993390891168,FALSE
2170,0.555555555555556,0.00756369566948797,0.0680732610253917,FALSE
2170,0.666666666666667,0.00411880157518174,0.0378184783474399,TRUE
2170,0.777777777777778,0.0400763498539688,0.32061079883175,FALSE
2170,0.888888888888889,0.423105475126214,0.87993390891168,FALSE
2170,1,0.746069895908599,0.87993390891168,FALSE
2171,0,0.475260703718611,0.713572802276438,FALSE
2171,0.111111111111111,0.589028292871108,0.713572802276438,FALSE
2171,0.222222222222222,0.589028292871108,0.713572802276438,FALSE
2171,0.333333333333333,0.398297622528851,0.713572802276438,FALSE
2171,0.444444444444444,0.169736037185594,0.713572802276438,FALSE
2171,0.555555555555556,0.0172435380422718,0.155191842380446,FALSE
2171,0.666666666666667,0.0195961285169003,0.176365156652103,FALSE
2171,0.777777777777778,0.15630881301204,0.713572802276438,FALSE
2171,0.888888888888889,0.351301512740607,0.713572802276438,FALSE
2171,1,0.713572802276438,0.713572802276438,FALSE
2172,0,0.603756263726279,0.603756263726279,FALSE
2172,0.111111111111111,0.179044943062934,0.399131003928605,FALSE
2172,0.222222222222222,0.150698277235009,0.399131003928605,FALSE
2172,0.333333333333333,0.266087335952403,0.532174671904806,FALSE
2172,0.444444444444444,0.0499566400615876,0.268567414594401,FALSE
2172,0.555555555555556,0.0211883069454284,0.190694762508856,FALSE
2172,0.666666666666667,0.0558794528809521,0.27939726440476,FALSE
2172,0.777777777777778,0.069406555463527,0.298408238438223,FALSE
2172,0.888888888888889,0.0943920647069073,0.354783114603204,FALSE
2172,1,0.179044943062934,0.399131003928605,FALSE
2173,0,0.98286486271828,0.98286486271828,FALSE
2173,0.111111111111111,0.532545466173002,0.98286486271828,FALSE
2173,0.222222222222222,0.532545466173002,0.98286486271828,FALSE
2173,0.333333333333333,0.376588382795187,0.98286486271828,FALSE
2173,0.444444444444444,0.0458749727303531,0.458749727303531,FALSE
2173,0.555555555555556,0.093215724439122,0.838941519952098,FALSE
2173,0.666666666666667,0.846694170974368,0.98286486271828,FALSE
2173,0.777777777777778,0.77999496123971,0.98286486271828,FALSE
2173,0.888888888888889,0.914475373252486,0.98286486271828,FALSE
2173,1,0.747192399672197,0.98286486271828,FALSE
2174,0,0.590744926814199,0.880477640436748,FALSE
2174,0.111111111111111,0.880477640436748,0.880477640436748,FALSE
2174,0.222222222222222,0.747192399672197,0.880477640436748,FALSE
2174,0.333333333333333,0.0847611539947261,0.593328077963083,FALSE
2174,0.444444444444444,0.00589024373262285,0.0530121935936056,FALSE
2174,0.555555555555556,0.00506248423775728,0.0455623581398155,TRUE
2174,0.666666666666667,0.0327702247947234,0.262161798357787,FALSE
2174,0.777777777777778,0.77999496123971,0.880477640436748,FALSE
2174,0.888888888888889,0.504539268033682,0.880477640436748,FALSE
2174,1,0.846694170974368,0.880477640436748,FALSE
2175,0,0.651618721083215,0.651618721083215,FALSE
2175,0.111111111111111,0.353554027939591,0.651618721083215,FALSE
2175,0.222222222222222,0.14561932140225,0.651618721083215,FALSE
2175,0.333333333333333,0.0696586433305535,0.417951859983321,FALSE
2175,0.444444444444444,0.00589024373262285,0.0530121935936056,FALSE
2175,0.555555555555556,0.00506248423775728,0.0455623581398155,TRUE
2175,0.666666666666667,0.14561932140225,0.651618721083215,FALSE
2175,0.777777777777778,0.620866553307454,0.651618721083215,FALSE
2175,0.888888888888889,0.620866553307454,0.651618721083215,FALSE
2175,1,0.0696586433305535,0.417951859983321,FALSE
2176,0,0.143678566142257,0.81788812802798,FALSE
2176,0.111111111111111,0.502564020952814,0.948388727647086,FALSE
2176,0.222222222222222,0.619255490933584,0.948388727647086,FALSE
2176,0.333333333333333,0.448767743505514,0.948388727647086,FALSE
2176,0.444444444444444,0.268038500283987,0.908764586697756,FALSE
2176,0.555555555555556,0.214989247231021,0.859956988924084,FALSE
2176,0.666666666666667,0.681573440023317,0.948388727647086,FALSE
2176,0.777777777777778,0.948388727647086,0.948388727647086,FALSE
2176,0.888888888888889,0.619255490933584,0.948388727647086,FALSE
2176,1,0.0754603974733848,0.679143577260463,FALSE
2177,0,0.746069895908599,0.982785240138297,FALSE
2177,0.111111111111111,0.948388727647086,0.982785240138297,FALSE
2177,0.222222222222222,0.982785240138297,0.982785240138297,FALSE
2177,0.333333333333333,0.914083073456637,0.982785240138297,FALSE
2177,0.444444444444444,0.589028292871108,0.982785240138297,FALSE
2177,0.555555555555556,0.15630881301204,0.982785240138297,FALSE
2177,0.666666666666667,0.183978481052854,0.982785240138297,FALSE
2177,0.777777777777778,0.351301512740607,0.982785240138297,FALSE
2177,0.888888888888889,0.502564020952814,0.982785240138297,FALSE
2177,1,0.650117311976475,0.982785240138297,FALSE
2178,0,0.615969092762275,0.810617440460414,FALSE
2178,0.111111111111111,0.810617440460414,0.810617440460414,FALSE
2178,0.222222222222222,0.711010872046144,0.810617440460414,FALSE
2178,0.333333333333333,0.117063003104193,0.585315015520965,FALSE
2178,0.444444444444444,0.0655089073932284,0.409720510864675,FALSE
2178,0.555555555555556,0.0266927650499023,0.240234885449121,FALSE
2178,0.666666666666667,0.0301117611620255,0.240894089296204,FALSE
2178,0.777777777777778,0.0801629645944331,0.480977787566599,FALSE
2178,0.888888888888889,0.179730724574092,0.718922898296368,FALSE
2178,1,0.263456742806542,0.810617440460414,FALSE
2179,0,0.615969092762275,0.84457724868046,FALSE
2179,0.111111111111111,0.84457724868046,0.84457724868046,FALSE
2179,0.222222222222222,0.30325689285683,0.84457724868046,FALSE
2179,0.333333333333333,0.0301117611620255,0.240894089296204,FALSE
2179,0.444444444444444,0.00369890242848501,0.0369890242848501,TRUE
2179,0.555555555555556,0.0476035743454666,0.333225020418266,FALSE
2179,0.666666666666667,0.711010872046144,0.84457724868046,FALSE
2179,0.777777777777778,0.526779640833141,0.84457724868046,FALSE
2179,0.888888888888889,0.346724806095121,0.84457724868046,FALSE
2179,1,0.072543600958341,0.507805206708387,FALSE
2180,0,0.2379689276241,0.929327586062376,FALSE
2180,0.111111111111111,0.188093691731347,0.77443965505198,FALSE
2180,0.222222222222222,0.464663793031188,1,FALSE
2180,0.333333333333333,1,1,FALSE
2180,0.444444444444444,0.437866896511258,1,FALSE
2180,0.555555555555556,0.464663793031188,1,FALSE
2180,0.666666666666667,0.982376249700482,1,FALSE
2180,0.777777777777778,0.411953421785348,1,FALSE
2180,0.888888888888889,0.159282128744766,0.77443965505198,FALSE
2180,1,0.188093691731347,0.77443965505198,FALSE
2181,0,0.532545466173002,1,FALSE
2181,0.111111111111111,0.846694170974368,1,FALSE
2181,0.222222222222222,0.620866553307454,1,FALSE
2181,0.333333333333333,0.450872241897627,1,FALSE
2181,0.444444444444444,0.093215724439122,0.745725795512976,FALSE
2181,0.555555555555556,0.0847611539947261,0.712392255884444,FALSE
2181,0.666666666666667,0.158309390196543,0.931299829961181,FALSE
2181,0.777777777777778,0.400494386449706,1,FALSE
2181,0.888888888888889,1,1,FALSE
2181,1,0.620866553307454,1,FALSE
2182,0,0.620866553307454,0.880477640436748,FALSE
2182,0.111111111111111,0.590744926814199,0.880477640436748,FALSE
2182,0.222222222222222,0.425262420389393,0.880477640436748,FALSE
2182,0.333333333333333,0.217175803223259,0.880477640436748,FALSE
2182,0.444444444444444,0.0696586433305535,0.626927789974981,FALSE
2182,0.555555555555556,0.14561932140225,0.880477640436748,FALSE
2182,0.666666666666667,0.171789337529378,0.880477640436748,FALSE
2182,0.777777777777778,0.880477640436748,0.880477640436748,FALSE
2182,0.888888888888889,0.77999496123971,0.880477640436748,FALSE
2182,1,0.714829556326068,0.880477640436748,FALSE
2183,0,0.346724806095121,0.947907962348111,FALSE
2183,0.111111111111111,0.0476035743454666,0.2856214460728,FALSE
2183,0.222222222222222,0.00108166468144374,0.00865331745154992,TRUE
2183,0.333333333333333,0.000733968855171412,0.0058717508413713,TRUE
2183,0.444444444444444,4.57068554598737e-05,0.000457068554598737,TRUE
2183,0.555555555555556,0.00313781801985069,0.0219647261389548,TRUE
2183,0.666666666666667,0.165591582462095,0.827957912310475,FALSE
2183,0.777777777777778,0.678755551855844,0.947907962348111,FALSE
2183,0.888888888888889,0.947907962348111,0.947907962348111,FALSE
2183,1,0.84457724868046,0.947907962348111,FALSE
2184,0,0.214989247231021,0.982785240138297,FALSE
2184,0.111111111111111,0.15630881301204,0.93785287807224,FALSE
2184,0.222222222222222,0.650117311976475,0.982785240138297,FALSE
2184,0.333333333333333,0.914083073456637,0.982785240138297,FALSE
2184,0.444444444444444,0.214989247231021,0.982785240138297,FALSE
2184,0.555555555555556,0.287503395582174,0.982785240138297,FALSE
2184,0.666666666666667,0.982785240138297,0.982785240138297,FALSE
2184,0.777777777777778,0.650117311976475,0.982785240138297,FALSE
2184,0.888888888888889,0.374357388606301,0.982785240138297,FALSE
2184,1,0.374357388606301,0.982785240138297,FALSE
2185,0,0.812337602391492,0.948388727647086,FALSE
2185,0.111111111111111,0.374357388606301,0.948388727647086,FALSE
2185,0.222222222222222,0.530646308866796,0.948388727647086,FALSE
2185,0.333333333333333,0.914083073456637,0.948388727647086,FALSE
2185,0.444444444444444,0.948388727647086,0.948388727647086,FALSE
2185,0.555555555555556,0.530646308866796,0.948388727647086,FALSE
2185,0.666666666666667,0.914083073456637,0.948388727647086,FALSE
2185,0.777777777777778,0.948388727647086,0.948388727647086,FALSE
2185,0.888888888888889,0.713572802276438,0.948388727647086,FALSE
2185,1,0.681573440023317,0.948388727647086,FALSE
2186,0,0.153078505702194,0.833036428838528,FALSE
2186,0.111111111111111,0.390153574561371,0.981555975259124,FALSE
2186,0.222222222222222,0.416518214419264,0.981555975259124,FALSE
2186,0.333333333333333,0.104716472932365,0.62829883759419,FALSE
2186,0.444444444444444,0.0175093272544547,0.157583945290092,FALSE
2186,0.555555555555556,0.0263588485477541,0.237229636929787,FALSE
2186,0.666666666666667,0.0768412996299053,0.535774769957679,FALSE
2186,0.777777777777778,0.871431616858903,0.981555975259124,FALSE
2186,0.888888888888889,0.799199800699051,0.981555975259124,FALSE
2186,1,0.981555975259124,0.981555975259124,FALSE
2187,0,0.256429564280902,0.877092338735201,FALSE
2187,0.111111111111111,0.520797900644819,0.877092338735201,FALSE
2187,0.222222222222222,0.842372971987112,0.877092338735201,FALSE
2187,0.333333333333333,0.411953421785348,0.877092338735201,FALSE
2187,0.444444444444444,0.203814344996386,0.877092338735201,FALSE
2187,0.555555555555556,0.203814344996386,0.877092338735201,FALSE
2187,0.666666666666667,0.520797900644819,0.877092338735201,FALSE
2187,0.777777777777778,0.610874319925058,0.877092338735201,FALSE
2187,0.888888888888889,0.877092338735201,0.877092338735201,FALSE
2187,1,0.2379689276241,0.877092338735201,FALSE
2188,0,0.0801629645944331,0.721466681349898,FALSE
2188,0.111111111111111,0.585530947655149,0.982624400157739,FALSE
2188,0.222222222222222,0.776996271480608,0.982624400157739,FALSE
2188,0.333333333333333,0.776996271480608,0.982624400157739,FALSE
2188,0.444444444444444,0.179730724574092,0.982624400157739,FALSE
2188,0.555555555555556,0.117063003104193,0.936504024833544,FALSE
2188,0.666666666666667,0.393829921360893,0.982624400157739,FALSE
2188,0.777777777777778,0.982624400157739,0.982624400157739,FALSE
2188,0.888888888888889,0.84457724868046,0.982624400157739,FALSE
2188,1,0.369825767663691,0.982624400157739,FALSE
2189,0,0.504539268033682,1,FALSE
2189,0.111111111111111,0.98286486271828,1,FALSE
2189,0.222222222222222,0.651618721083215,1,FALSE
2189,0.333333333333333,0.0291590272974968,0.233272218379974,FALSE
2189,0.444444444444444,0.0104817302391116,0.0943355721520044,FALSE
2189,0.555555555555556,0.00911463772757584,0.0820317395481826,FALSE
2189,0.666666666666667,0.217175803223259,1,FALSE
2189,0.777777777777778,0.620866553307454,1,FALSE
2189,0.888888888888889,1,1,FALSE
2189,1,0.813179478372269,1,FALSE
2190,0,0.714829556326068,0.747192399672197,FALSE
2190,0.111111111111111,0.747192399672197,0.747192399672197,FALSE
2190,0.222222222222222,0.400494386449706,0.747192399672197,FALSE
2190,0.333333333333333,0.0120211823912605,0.108190641521344,FALSE
2190,0.444444444444444,0.000925285551238829,0.00925285551238829,TRUE
2190,0.555555555555556,0.093215724439122,0.745725795512976,FALSE
2190,0.666666666666667,0.376588382795187,0.747192399672197,FALSE
2190,0.777777777777778,0.747192399672197,0.747192399672197,FALSE
2190,0.888888888888889,0.682953879097603,0.747192399672197,FALSE
2190,1,0.353554027939591,0.747192399672197,FALSE
2191,0,0.610874319925058,0.982376249700482,FALSE
2191,0.111111111111111,0.386939034820357,0.916311479887587,FALSE
2191,0.222222222222222,0.159282128744766,0.644898391367262,FALSE
2191,0.333333333333333,0.133831349218393,0.644898391367262,FALSE
2191,0.444444444444444,0.0143550549768493,0.129195494791644,FALSE
2191,0.555555555555556,0.00809890023178116,0.0728901020860304,FALSE
2191,0.666666666666667,0.0310837640751631,0.248670112601305,FALSE
2191,0.777777777777778,0.203814344996386,0.773878069640714,FALSE
2191,0.888888888888889,0.296166896308931,0.888500688926793,FALSE
2191,1,0.982376249700482,0.982376249700482,FALSE
2192,0,0.400494386449706,0.98286486271828,FALSE
2192,0.111111111111111,0.353554027939591,0.98286486271828,FALSE
2192,0.222222222222222,0.477307012128611,0.98286486271828,FALSE
2192,0.333333333333333,0.98286486271828,0.98286486271828,FALSE
2192,0.444444444444444,0.651618721083215,0.98286486271828,FALSE
2192,0.555555555555556,0.714829556326068,0.98286486271828,FALSE
2192,0.666666666666667,0.651618721083215,0.98286486271828,FALSE
2192,0.777777777777778,0.270298777339916,0.953106075101424,FALSE
2192,0.888888888888889,0.122524006314696,0.833967815713746,FALSE
2192,1,0.112069790698046,0.816948064372649,FALSE
2193,0,0.120710513090794,0.362131539272382,FALSE
2193,0.111111111111111,0.214989247231021,0.429978494462042,FALSE
2193,0.222222222222222,0.249468425156433,0.475260703718611,FALSE
2193,0.333333333333333,0.0682747524954904,0.311835531445541,FALSE
2193,0.444444444444444,0.00298140771866757,0.0238512617493406,TRUE
2193,0.555555555555556,2.67594346715777e-05,0.000267594346715777,TRUE
2193,0.666666666666667,0.00411880157518174,0.0329504126014539,TRUE
2193,0.777777777777778,0.249468425156433,0.475260703718611,FALSE
2193,0.888888888888889,0.475260703718611,0.475260703718611,FALSE
2193,1,0.231789633710345,0.46357926742069,FALSE
2194,0,0.878821626395208,0.878821626395208,FALSE
2194,0.111111111111111,0.585530947655149,0.878821626395208,FALSE
2194,0.222222222222222,0.776996271480608,0.878821626395208,FALSE
2194,0.333333333333333,0.346724806095121,0.878821626395208,FALSE
2194,0.444444444444444,0.0801629645944331,0.721466681349898,FALSE
2194,0.555555555555556,0.0426046086268607,0.400814822972166,FALSE
2194,0.666666666666667,0.210568631242505,0.878821626395208,FALSE
2194,0.777777777777778,0.324531853988178,0.878821626395208,FALSE
2194,0.888888888888889,0.418719924787944,0.878821626395208,FALSE
2194,1,0.711010872046144,0.878821626395208,FALSE
2195,0,0.580115089939125,0.982376249700482,FALSE
2195,0.111111111111111,0.707037227482268,0.982376249700482,FALSE
2195,0.222222222222222,0.610874319925058,0.982376249700482,FALSE
2195,0.333333333333333,0.133831349218393,0.942716303309691,FALSE
2195,0.444444444444444,0.0187761526986651,0.187761526986651,FALSE
2195,0.555555555555556,0.133831349218393,0.942716303309691,FALSE
2195,0.666666666666667,0.610874319925058,0.982376249700482,FALSE
2195,0.777777777777778,0.947159329531301,0.982376249700482,FALSE
2195,0.888888888888889,0.492315149539169,0.982376249700482,FALSE
2195,1,0.982376249700482,0.982376249700482,FALSE
2196,0,0.877092338735201,0.912044671706946,FALSE
2196,0.111111111111111,0.550074760190755,0.912044671706946,FALSE
2196,0.222222222222222,0.610874319925058,0.912044671706946,FALSE
2196,0.333333333333333,0.362844662110819,0.912044671706946,FALSE
2196,0.444444444444444,0.0108481907108909,0.108481907108909,FALSE
2196,0.555555555555556,0.0613693153423288,0.552323838080959,FALSE
2196,0.666666666666667,0.580115089939125,0.912044671706946,FALSE
2196,0.777777777777778,0.912044671706946,0.912044671706946,FALSE
2196,0.888888888888889,0.610874319925058,0.912044671706946,FALSE
2196,1,0.520797900644819,0.912044671706946,FALSE
2197,0,0.779008313917639,0.812337602391492,FALSE
2197,0.111111111111111,0.530646308866796,0.812337602391492,FALSE
2197,0.222222222222222,0.287503395582174,0.812337602391492,FALSE
2197,0.333333333333333,0.0132467748139788,0.10597419851183,FALSE
2197,0.444444444444444,0.000384770021004535,0.00384770021004535,TRUE
2197,0.555555555555556,0.00873825213296345,0.0699060170637076,FALSE
2197,0.666666666666667,0.100633068398721,0.704431478791047,FALSE
2197,0.777777777777778,0.307870036675603,0.812337602391492,FALSE
2197,0.888888888888889,0.423105475126214,0.812337602391492,FALSE
2197,1,0.812337602391492,0.812337602391492,FALSE
2198,0,0.310143148240121,0.846694170974368,FALSE
2198,0.111111111111111,0.77999496123971,0.846694170974368,FALSE
2198,0.222222222222222,0.682953879097603,0.846694170974368,FALSE
2198,0.333333333333333,0.747192399672197,0.846694170974368,FALSE
2198,0.444444444444444,0.00433722767099422,0.039035049038948,TRUE
2198,0.555555555555556,0.00683311594976506,0.0614980435478855,FALSE
2198,0.666666666666667,0.425262420389393,0.846694170974368,FALSE
2198,0.777777777777778,0.846694170974368,0.846694170974368,FALSE
2198,0.888888888888889,0.846694170974368,0.846694170974368,FALSE
2198,1,0.846694170974368,0.846694170974368,FALSE
2199,0,0.104101795256218,0.268567414594401,FALSE
2199,0.111111111111111,0.164430971327523,0.328861942655046,FALSE
2199,0.222222222222222,0.179044943062934,0.358089886125868,FALSE
2199,0.333333333333333,0.0558794528809521,0.223806178828667,FALSE
2199,0.444444444444444,0.0241489644787996,0.169042751351597,FALSE
2199,0.555555555555556,0.0396243436723197,0.214853931675521,FALSE
2199,0.666666666666667,0.0351516549417599,0.210909929650559,FALSE
2199,0.777777777777778,0.0623533388151079,0.238726590750579,FALSE
2199,0.888888888888889,0.114559503465051,0.268567414594401,FALSE
2199,1,0.483645889343041,0.483645889343041,FALSE
2200,0,0.263456742806542,0.982624400157739,FALSE
2200,0.111111111111111,0.982624400157739,0.982624400157739,FALSE
2200,0.222222222222222,0.711010872046144,0.982624400157739,FALSE
2200,0.333333333333333,0.810617440460414,0.982624400157739,FALSE
2200,0.444444444444444,0.117063003104193,0.936504024833544,FALSE
2200,0.555555555555556,0.0380408215017226,0.342367393515503,FALSE
2200,0.666666666666667,0.0590262031120549,0.526783513968868,FALSE
2200,0.777777777777778,0.526779640833141,0.982624400157739,FALSE
2200,0.888888888888889,0.913284210025313,0.982624400157739,FALSE
2200,1,0.555790044056437,0.982624400157739,FALSE
2201,0,0.770565423165621,0.916406076973721,FALSE
2201,0.111111111111111,0.632279846005565,0.916406076973721,FALSE
2201,0.222222222222222,0.735113404838195,0.916406076973721,FALSE
2201,0.333333333333333,0.201104823378264,0.916406076973721,FALSE
2201,0.444444444444444,0.0604716813385044,0.604716813385044,FALSE
2201,0.555555555555556,0.123454415158502,0.880646197903567,FALSE
2201,0.666666666666667,0.916406076973721,0.916406076973721,FALSE
2201,0.777777777777778,0.476072291654741,0.916406076973721,FALSE
2201,0.888888888888889,0.31989200633683,0.916406076973721,FALSE
2201,1,0.583221770153617,0.916406076973721,FALSE
2202,0,0.157021228587975,0.789306592854254,FALSE
2202,0.111111111111111,0.0307378415004089,0.307378415004089,FALSE
2202,0.222222222222222,0.119278690378842,0.789306592854254,FALSE
2202,0.333333333333333,0.771464504985142,0.789306592854254,FALSE
2202,0.444444444444444,0.408462291866976,0.789306592854254,FALSE
2202,0.555555555555556,0.125032531896161,0.789306592854254,FALSE
2202,0.666666666666667,0.333469342683147,0.789306592854254,FALSE
2202,0.777777777777778,0.789306592854254,0.789306592854254,FALSE
2202,0.888888888888889,0.507295146390292,0.789306592854254,FALSE
2202,1,0.71867804754607,0.789306592854254,FALSE
2203,0,0.507295146390292,0.753740047019503,FALSE
2203,0.111111111111111,0.267820211811572,0.753740047019503,FALSE
2203,0.222222222222222,0.0723177261800358,0.289270904720143,FALSE
2203,0.333333333333333,0.00260423264327466,0.0161862797597633,TRUE
2203,0.444444444444444,0.000808752548877949,0.00647002039102359,TRUE
2203,0.555555555555556,0.000124818081529624,0.00124818081529624,TRUE
2203,0.666666666666667,0.000405703263353537,0.00363938646995077,TRUE
2203,0.777777777777778,0.00462465135993238,0.0277479081595943,TRUE
2203,0.888888888888889,0.0391141352526953,0.18079431545009,FALSE
2203,1,0.753740047019503,0.753740047019503,FALSE
2204,0,0.672764083390542,0.672764083390542,FALSE
2204,0.111111111111111,0.506455476303751,0.672764083390542,FALSE
2204,0.222222222222222,0.0459268580438913,0.275561148263348,FALSE
2204,0.333333333333333,0.00075331765885176,0.00602654127081408,TRUE
2204,0.444444444444444,6.18392474524128e-05,0.000618392474524128,TRUE
2204,0.555555555555556,0.000498147546124965,0.00398518036899972,TRUE
2204,0.666666666666667,0.0726912522811859,0.436147513687115,FALSE
2204,0.777777777777778,0.446416827715,0.672764083390542,FALSE
2204,0.888888888888889,0.506455476303751,0.672764083390542,FALSE
2204,1,0.162359632976331,0.649438531905324,FALSE
2205,0,0.4065494345243,0.990695287368025,FALSE
2205,0.111111111111111,0.990695287368025,0.990695287368025,FALSE
2205,0.222222222222222,0.770565423165621,0.990695287368025,FALSE
2205,0.333333333333333,0.367852766867617,0.990695287368025,FALSE
2205,0.444444444444444,0.0483328002026852,0.386662401621482,FALSE
2205,0.555555555555556,0.0167527918651149,0.167527918651149,FALSE
2205,0.666666666666667,0.0749715401582321,0.524800781107625,FALSE
2205,0.777777777777778,0.12938649479635,0.7763189687781,FALSE
2205,0.888888888888889,0.209591737977535,0.867768823726695,FALSE
2205,1,0.520661294236017,0.990695287368025,FALSE
2206,0,0.500276162574694,0.971745575865022,FALSE
2206,0.111111111111111,0.530911994497929,0.971745575865022,FALSE
2206,0.222222222222222,0.822477050900027,0.971745575865022,FALSE
2206,0.333333333333333,0.679259765201983,0.971745575865022,FALSE
2206,0.444444444444444,0.124526978467047,0.89992238417695,FALSE
2206,0.555555555555556,0.337319422867236,0.971745575865022,FALSE
2206,0.666666666666667,0.971745575865022,0.971745575865022,FALSE
2206,0.777777777777778,0.562451490110594,0.971745575865022,FALSE
2206,0.888888888888889,0.221478383595951,0.971745575865022,FALSE
2206,1,0.41416589710769,0.971745575865022,FALSE
2207,0,0.93493636057738,0.93493636057738,FALSE
2207,0.111111111111111,0.355470421050567,0.93493636057738,FALSE
2207,0.222222222222222,0.169611566626338,0.84805783313169,FALSE
2207,0.333333333333333,0.123454415158502,0.710940842101134,FALSE
2207,0.444444444444444,0.0541250937727265,0.487125843954539,FALSE
2207,0.555555555555556,0.0831975619898421,0.582382933928895,FALSE
2207,0.666666666666667,0.31989200633683,0.93493636057738,FALSE
2207,0.777777777777778,0.770565423165621,0.93493636057738,FALSE
2207,0.888888888888889,0.78847424940664,0.93493636057738,FALSE
2207,1,0.343348852796484,0.93493636057738,FALSE
2208,0,0.869639736409993,0.869639736409993,FALSE
2208,0.111111111111111,0.248454538122676,0.869639736409993,FALSE
2208,0.222222222222222,0.163725975521807,0.869639736409993,FALSE
2208,0.333333333333333,0.452252479852788,0.869639736409993,FALSE
2208,0.444444444444444,0.638911499537348,0.869639736409993,FALSE
2208,0.555555555555556,0.760474584748357,0.869639736409993,FALSE
2208,0.666666666666667,0.760474584748357,0.869639736409993,FALSE
2208,0.777777777777778,0.397512045965738,0.869639736409993,FALSE
2208,0.888888888888889,0.0714887262726388,0.643398536453749,FALSE
2208,1,0.220383187568792,0.869639736409993,FALSE
2209,0,0.186699137988015,0.74679655195206,FALSE
2209,0.111111111111111,0.36980967347482,0.753740047019503,FALSE
2209,0.222222222222222,0.299470785554672,0.753740047019503,FALSE
2209,0.333333333333333,0.143566237179231,0.658873292863402,FALSE
2209,0.444444444444444,0.00184417544464718,0.0184417544464718,TRUE
2209,0.555555555555556,0.00393961734639355,0.035456556117542,TRUE
2209,0.666666666666667,0.0982734850068186,0.589640910040912,FALSE
2209,0.777777777777778,0.395323975718041,0.753740047019503,FALSE
2209,0.888888888888889,0.753740047019503,0.753740047019503,FALSE
2209,1,0.753740047019503,0.753740047019503,FALSE
2210,0,0.130394007604584,0.782364045627504,FALSE
2210,0.111111111111111,0.943930960632098,1,FALSE
2210,0.222222222222222,0.334889759846399,1,FALSE
2210,0.333333333333333,0.156601984676855,0.93961190806113,FALSE
2210,0.444444444444444,0.0248480586795296,0.223632528115766,FALSE
2210,0.555555555555556,0.0156033800572984,0.140430420515686,FALSE
2210,0.666666666666667,0.289550177565443,1,FALSE
2210,0.777777777777778,0.814616511478279,1,FALSE
2210,0.888888888888889,0.760474584748357,1,FALSE
2210,1,1,1,FALSE
2211,0,0.177122490249637,0.177122490249637,FALSE
2211,0.111111111111111,0.11773233639882,0.177122490249637,FALSE
2211,0.222222222222222,0.0339334499604592,0.177122490249637,FALSE
2211,0.333333333333333,0.00320048005615318,0.0256038404492254,TRUE
2211,0.444444444444444,0.00092231796066081,0.00830086164594729,TRUE
2211,0.555555555555556,0.000626926626004192,0.00564233963403773,TRUE
2211,0.666666666666667,0.00656681224615471,0.045967685723083,TRUE
2211,0.777777777777778,0.0604716813385044,0.177122490249637,FALSE
2211,0.888888888888889,0.177122490249637,0.177122490249637,FALSE
2211,1,0.148483313904148,0.177122490249637,FALSE
2212,0,0.63365622679496,0.972203132365696,FALSE
2212,0.111111111111111,0.861673967465186,0.972203132365696,FALSE
2212,0.222222222222222,0.186699137988015,0.74679655195206,FALSE
2212,0.333333333333333,0.00987362426683112,0.0888626184014801,FALSE
2212,0.444444444444444,0.00918126822601808,0.0826314140341627,FALSE
2212,0.555555555555556,0.0982734850068186,0.577320103045138,FALSE
2212,0.666666666666667,0.972203132365696,0.972203132365696,FALSE
2212,0.777777777777778,0.202973574539925,0.8118942981597,FALSE
2212,0.888888888888889,0.288660051522569,0.972203132365696,FALSE
2212,1,0.238501847422031,0.954007389688124,FALSE
2213,0,0.767803165173268,0.859418493897457,FALSE
2213,0.111111111111111,0.840904914140965,0.859418493897457,FALSE
2213,0.222222222222222,0.859418493897457,0.859418493897457,FALSE
2213,0.333333333333333,0.349462636017526,0.859418493897457,FALSE
2213,0.444444444444444,0.0245134622254809,0.220621160029328,FALSE
2213,0.555555555555556,0.00632054807611777,0.0632054807611777,FALSE
2213,0.666666666666667,0.10243939714183,0.81951517713464,FALSE
2213,0.777777777777778,0.696669726898954,0.859418493897457,FALSE
2213,0.888888888888889,0.644945107437839,0.859418493897457,FALSE
2213,1,0.644945107437839,0.859418493897457,FALSE
2214,0,0.300486282289187,0.906685422451822,FALSE
2214,0.111111111111111,0.67285202380509,0.906685422451822,FALSE
2214,0.222222222222222,0.510924079393362,0.906685422451822,FALSE
2214,0.333333333333333,0.211541104017745,0.906685422451822,FALSE
2214,0.444444444444444,0.156601984676855,0.906685422451822,FALSE
2214,0.555555555555556,0.0881180703280888,0.763879223286254,FALSE
2214,0.666666666666667,0.371677213905801,0.906685422451822,FALSE
2214,0.777777777777778,0.424377346270141,0.906685422451822,FALSE
2214,0.888888888888889,0.906685422451822,0.906685422451822,FALSE
2214,1,0.796458953162658,0.906685422451822,FALSE
2215,0,0.304479455401259,0.889031369746802,FALSE
2215,0.111111111111111,0.0476830451645854,0.429147406481269,FALSE
2215,0.222222222222222,0.0779095486351832,0.701185937716649,FALSE
2215,0.333333333333333,0.69245856272492,0.889031369746802,FALSE
2215,0.444444444444444,0.608625499461949,0.889031369746802,FALSE
2215,0.555555555555556,0.499416778749317,0.889031369746802,FALSE
2215,0.666666666666667,0.762355073076524,0.889031369746802,FALSE
2215,0.777777777777778,0.484692737260426,0.889031369746802,FALSE
2215,0.888888888888889,0.64163444216328,0.889031369746802,FALSE
2215,1,0.889031369746802,0.889031369746802,FALSE
2216,0,0.793117143422633,0.793117143422633,FALSE
2216,0.111111111111111,0.473721273568838,0.793117143422633,FALSE
2216,0.222222222222222,0.363596926847233,0.793117143422633,FALSE
2216,0.333333333333333,0.221567630936775,0.793117143422633,FALSE
2216,0.444444444444444,0.00434475458982493,0.0391027913084244,TRUE
2216,0.555555555555556,0.00367670600416528,0.0330903540374875,TRUE
2216,0.666666666666667,0.0445975397881755,0.356780318305404,FALSE
2216,0.777777777777778,0.338735220560591,0.793117143422633,FALSE
2216,0.888888888888889,0.756575717851797,0.793117143422633,FALSE
2216,1,0.566807529774321,0.793117143422633,FALSE
2217,0,0.71867804754607,1,FALSE
2217,0.111111111111111,0.53763134674997,1,FALSE
2217,0.222222222222222,0.357437363473785,1,FALSE
2217,0.333333333333333,0.267820211811572,0.981522352437613,FALSE
2217,0.444444444444444,0.0184330763841207,0.147464611072966,FALSE
2217,0.555555555555556,0.00168836710119341,0.0168836710119341,TRUE
2217,0.666666666666667,0.0224340474074211,0.179472379259369,FALSE
2217,0.777777777777778,0.202973574539925,0.920177205410262,FALSE
2217,0.888888888888889,0.73614176432821,1,FALSE
2217,1,1,1,FALSE
2218,0,0.767803165173268,0.878008003568648,FALSE
2218,0.111111111111111,0.785916780950819,0.878008003568648,FALSE
2218,0.222222222222222,0.878008003568648,0.878008003568648,FALSE
2218,0.333333333333333,0.10243939714183,0.71707577999281,FALSE
2218,0.444444444444444,0.00303391859340472,0.0273052673406425,TRUE
2218,0.555555555555556,0.00234181054834959,0.0210762949351463,TRUE
2218,0.666666666666667,0.0229659209285595,0.183727367428476,FALSE
2218,0.777777777777778,0.337319422867236,0.878008003568648,FALSE
2218,0.888888888888889,0.767803165173268,0.878008003568648,FALSE
2218,1,0.822477050900027,0.878008003568648,FALSE
2219,0,0.859418493897457,0.896663587776713,FALSE
2219,0.111111111111111,0.767803165173268,0.896663587776713,FALSE
2219,0.222222222222222,0.41416589710769,0.896663587776713,FALSE
2219,0.333333333333333,0.0261483087637758,0.209186470110206,FALSE
2219,0.444444444444444,0.000934891683014728,0.00934891683014728,TRUE
2219,0.555555555555556,0.00459678037765734,0.0413710233989161,TRUE
2219,0.666666666666667,0.456103148139953,0.896663587776713,FALSE
2219,0.777777777777778,0.878008003568648,0.896663587776713,FALSE
2219,0.888888888888889,0.896663587776713,0.896663587776713,FALSE
2219,1,0.291439174399374,0.896663587776713,FALSE
2220,0,0.806493219999625,0.93493636057738,FALSE
2220,0.111111111111111,0.286679477362009,0.93493636057738,FALSE
2220,0.222222222222222,0.615735942765219,0.93493636057738,FALSE
2220,0.333333333333333,0.520661294236017,0.93493636057738,FALSE
2220,0.444444444444444,0.0483328002026852,0.434995201824167,FALSE
2220,0.555555555555556,0.012712999608504,0.12712999608504,FALSE
2220,0.666666666666667,0.93493636057738,0.93493636057738,FALSE
2220,0.777777777777778,0.476072291654741,0.93493636057738,FALSE
2220,0.888888888888889,0.331489133461325,0.93493636057738,FALSE
2220,1,0.806493219999625,0.93493636057738,FALSE
2221,0,0.611354888208845,0.934132898789737,FALSE
2221,0.111111111111111,0.878008003568648,0.934132898789737,FALSE
2221,0.222222222222222,0.679259765201983,0.934132898789737,FALSE
2221,0.333333333333333,0.515478497996216,0.934132898789737,FALSE
2221,0.444444444444444,0.313839955601924,0.934132898789737,FALSE
2221,0.555555555555556,0.15007217836012,0.934132898789737,FALSE
2221,0.666666666666667,0.212539053571951,0.934132898789737,FALSE
2221,0.777777777777778,0.485309867126256,0.934132898789737,FALSE
2221,0.888888888888889,0.934132898789737,0.934132898789737,FALSE
2221,1,0.441870804386426,0.934132898789737,FALSE
2222,0,0.139928821085233,0.709720099203814,FALSE
2222,0.111111111111111,0.709720099203814,0.709720099203814,FALSE
2222,0.222222222222222,0.69245856272492,0.709720099203814,FALSE
2222,0.333333333333333,0.625037905204388,0.709720099203814,FALSE
2222,0.444444444444444,0.00159422588719463,0.0143480329847517,TRUE
2222,0.555555555555556,0.000277452416654164,0.00277452416654164,TRUE
2222,0.666666666666667,0.0117123841726933,0.0936990733815464,FALSE
2222,0.777777777777778,0.441937808963817,0.709720099203814,FALSE
2222,0.888888888888889,0.625037905204388,0.709720099203814,FALSE
2222,1,0.388367040979558,0.709720099203814,FALSE
2223,0,0.753740047019503,0.972203132365696,FALSE
2223,0.111111111111111,0.972203132365696,0.972203132365696,FALSE
2223,0.222222222222222,0.53763134674997,0.972203132365696,FALSE
2223,0.333333333333333,0.617163719637099,0.972203132365696,FALSE
2223,0.444444444444444,0.0582982951966909,0.408088066376836,FALSE
2223,0.555555555555556,0.000448953503750552,0.00448953503750552,TRUE
2223,0.666666666666667,0.00918126822601808,0.0826314140341627,FALSE
2223,0.777777777777778,0.248017330858514,0.972203132365696,FALSE
2223,0.888888888888889,0.449373390260281,0.972203132365696,FALSE
2223,1,0.0723177261800358,0.506224083260251,FALSE
2224,0,0.308557953415635,0.916406076973721,FALSE
2224,0.111111111111111,0.286679477362009,0.916406076973721,FALSE
2224,0.222222222222222,0.700205615318582,0.916406076973721,FALSE
2224,0.333333333333333,0.700205615318582,0.916406076973721,FALSE
2224,0.444444444444444,0.155295429961363,0.916406076973721,FALSE
2224,0.555555555555556,0.0789994052628466,0.771394883539088,FALSE
2224,0.666666666666667,0.861120282388762,0.916406076973721,FALSE
2224,0.777777777777778,0.535978531008113,0.916406076973721,FALSE
2224,0.888888888888889,0.433618070319466,0.916406076973721,FALSE
2224,1,0.916406076973721,0.916406076973721,FALSE
2225,0,0.684186757764865,0.990732742060037,FALSE
2225,0.111111111111111,0.935197723790075,0.990732742060037,FALSE
2225,0.222222222222222,0.990732742060037,0.990732742060037,FALSE
2225,0.333333333333333,0.211479644188074,0.990732742060037,FALSE
2225,0.444444444444444,0.0172428358815674,0.172428358815674,FALSE
2225,0.555555555555556,0.0391141352526953,0.352027217274258,FALSE
2225,0.666666666666667,0.137172324256897,0.960206269798279,FALSE
2225,0.777777777777778,0.53763134674997,0.990732742060037,FALSE
2225,0.888888888888889,0.807257554255434,0.990732742060037,FALSE
2225,1,0.972203132365696,0.990732742060037,FALSE
2226,0,0.980983176468914,0.980983176468914,FALSE
2226,0.111111111111111,0.720559052413509,0.980983176468914,FALSE
2226,0.222222222222222,0.756575717851797,0.980983176468914,FALSE
2226,0.333333333333333,0.221567630936775,0.945719647314746,FALSE
2226,0.444444444444444,0.000516512660154896,0.00516512660154896,TRUE
2226,0.555555555555556,0.00125807779682483,0.0113227001714235,TRUE
2226,0.666666666666667,0.101617445649276,0.711322119544932,FALSE
2226,0.777777777777778,0.503807075819651,0.980983176468914,FALSE
2226,0.888888888888889,0.58311496844663,0.980983176468914,FALSE
2226,1,0.221567630936775,0.945719647314746,FALSE
2227,0,0.727128790747124,0.81608943495875,FALSE
2227,0.111111111111111,0.484692737260426,0.81608943495875,FALSE
2227,0.222222222222222,0.0955159882183007,0.477579941091503,FALSE
2227,0.333333333333333,0.105416967707093,0.527084838535465,FALSE
2227,0.444444444444444,0.0125679413021749,0.100543530417399,FALSE
2227,0.555555555555556,0.00207652399723757,0.0207652399723757,TRUE
2227,0.666666666666667,0.0065017730847666,0.056555735859787,FALSE
2227,0.777777777777778,0.0820478987985173,0.410239493992587,FALSE
2227,0.888888888888889,0.401382874507973,0.81608943495875,FALSE
2227,1,0.81608943495875,0.81608943495875,FALSE
2228,0,0.304479455401259,0.944383495567486,FALSE
2228,0.111111111111111,0.944383495567486,0.944383495567486,FALSE
2228,0.222222222222222,0.428170860054477,0.944383495567486,FALSE
2228,0.333333333333333,0.0739391866766488,0.665452680089839,FALSE
2228,0.444444444444444,0.0955159882183007,0.794322120732721,FALSE
2228,0.555555555555556,0.242743218673256,0.944383495567486,FALSE
2228,0.666666666666667,0.529548080488481,0.944383495567486,FALSE
2228,0.777777777777778,0.499416778749317,0.944383495567486,FALSE
2228,0.888888888888889,0.834204338812535,0.944383495567486,FALSE
2228,1,0.798070278541979,0.944383495567486,FALSE
2229,0,0.000419227731890633,0.0037730495870157,TRUE
2229,0.111111111111111,0.000516512660154896,0.00464861394139406,TRUE
2229,0.222222222222222,0.00955197049004928,0.0477598524502464,TRUE
2229,0.333333333333333,0.230862038131449,0.584315821341203,FALSE
2229,0.444444444444444,0.867471662177382,0.867471662177382,FALSE
2229,0.555555555555556,0.389543880894135,0.77908776178827,FALSE
2229,0.666666666666667,0.0238426164789318,0.0953704659157272,FALSE
2229,0.777777777777778,0.00238746270630719,0.0143247762378431,TRUE
2229,0.888888888888889,0.00125807779682483,0.00880654457777381,TRUE
2229,1,0.0026071700765362,0.0156430204592172,TRUE
2230,0,0.321875516168034,0.825308502700772,FALSE
2230,0.111111111111111,0.278110052687555,0.825308502700772,FALSE
2230,0.222222222222222,0.492464312670937,0.825308502700772,FALSE
2230,0.333333333333333,0.825308502700772,0.825308502700772,FALSE
2230,0.444444444444444,0.194714286134937,0.804688790420085,FALSE
2230,0.555555555555556,0.157021228587975,0.785106142939875,FALSE
2230,0.666666666666667,0.71867804754607,0.825308502700772,FALSE
2230,0.777777777777778,0.113730098023015,0.643751032336068,FALSE
2230,0.888888888888889,0.00918126822601808,0.0826314140341627,FALSE
2230,1,0.00500509610887363,0.0459063411300904,TRUE
2231,0,0.0881180703280888,0.427715159605922,FALSE
2231,0.111111111111111,0.11303039101573,0.45212156406292,FALSE
2231,0.222222222222222,0.171086063842369,0.684344255369476,FALSE
2231,0.333333333333333,0.0975055191104472,0.427715159605922,FALSE
2231,0.444444444444444,0.0109706782796943,0.0987361045172487,FALSE
2231,0.555555555555556,0.0109706782796943,0.0987361045172487,FALSE
2231,0.666666666666667,0.49590086592204,0.906685422451822,FALSE
2231,0.777777777777778,0.906685422451822,0.906685422451822,FALSE
2231,0.888888888888889,0.638911499537348,0.906685422451822,FALSE
2231,1,0.118608178730758,0.474432714923032,FALSE
2232,0,0.510924079393362,0.510924079393362,FALSE
2232,0.111111111111111,0.371677213905801,0.510924079393362,FALSE
2232,0.222222222222222,0.238837948028124,0.510924079393362,FALSE
2232,0.333333333333333,0.0319632344034576,0.223742640824203,FALSE
2232,0.444444444444444,0.00266194347520608,0.0239574912768547,TRUE
2232,0.555555555555556,0.00036600247318402,0.0036600247318402,TRUE
2232,0.666666666666667,0.0232952648564436,0.163066853995105,FALSE
2232,0.777777777777778,0.11303039101573,0.45212156406292,FALSE
2232,0.888888888888889,0.149710545664139,0.477675896056248,FALSE
2232,1,0.149710545664139,0.477675896056248,FALSE
2233,0,0.644945107437839,0.644945107437839,FALSE
2233,0.111111111111111,0.42789065634767,0.644945107437839,FALSE
2233,0.222222222222222,0.212539053571951,0.637617160715853,FALSE
2233,0.333333333333333,0.0674889867168571,0.472422907018,FALSE
2233,0.444444444444444,0.00737813767418497,0.0590251013934798,FALSE
2233,0.555555555555556,0.00303391859340472,0.0286246234071223,TRUE
2233,0.666666666666667,0.0085873870221367,0.0686990961770936,FALSE
2233,0.777777777777778,0.203857636459905,0.611572909379715,FALSE
2233,0.888888888888889,0.41416589710769,0.644945107437839,FALSE
2233,1,0.400699433674512,0.644945107437839,FALSE
2234,0,0.944383495567486,0.944383495567486,FALSE
2234,0.111111111111111,0.350856923238791,0.701713846477582,FALSE
2234,0.222222222222222,0.0664843371457578,0.332421685728789,FALSE
2234,0.333333333333333,0.0087747931743466,0.0701983453947728,FALSE
2234,0.444444444444444,0.00037903033085176,0.0037903033085176,TRUE
2234,0.555555555555556,0.0065017730847666,0.0520141846781328,FALSE
2234,0.666666666666667,0.160092554023306,0.535177166010631,FALSE
2234,0.777777777777778,0.0476830451645854,0.286098270987512,FALSE
2234,0.888888888888889,0.0955159882183007,0.400231385058265,FALSE
2234,1,0.401382874507973,0.802765749015946,FALSE
2235,0,0.780155875254513,0.780155875254513,FALSE
2235,0.111111111111111,0.529548080488481,0.780155875254513,FALSE
2235,0.222222222222222,0.470202281281412,0.780155875254513,FALSE
2235,0.333333333333333,0.174681169740059,0.780155875254513,FALSE
2235,0.444444444444444,0.0144422983718331,0.144422983718331,FALSE
2235,0.555555555555556,0.252384054949472,0.780155875254513,FALSE
2235,0.666666666666667,0.625037905204388,0.780155875254513,FALSE
2235,0.777777777777778,0.363102384685403,0.780155875254513,FALSE
2235,0.888888888888889,0.350856923238791,0.780155875254513,FALSE
2235,1,0.625037905204388,0.780155875254513,FALSE
2236,0,0.419958287095971,0.632279846005565,FALSE
2236,0.111111111111111,0.276134576760406,0.629937430643956,FALSE
2236,0.222222222222222,0.141896991072952,0.559944382794628,FALSE
2236,0.333333333333333,0.0511618766874338,0.306971260124603,FALSE
2236,0.444444444444444,0.00122072864408995,0.0109865577968095,TRUE
2236,0.555555555555556,0.00122072864408995,0.0109865577968095,TRUE
2236,0.666666666666667,0.0136345178403002,0.109076142722402,FALSE
2236,0.777777777777778,0.0319236752522113,0.191542051513268,FALSE
2236,0.888888888888889,0.4065494345243,0.632279846005565,FALSE
2236,1,0.632279846005565,0.632279846005565,FALSE
2237,0,0.505568032107068,0.505568032107068,FALSE
2237,0.111111111111111,0.286679477362009,0.505568032107068,FALSE
2237,0.222222222222222,0.0674084073926465,0.33517470563044,FALSE
2237,0.333333333333333,0.0191557387384098,0.134090171168869,FALSE
2237,0.444444444444444,0.000144066402599076,0.00129659762339168,TRUE
2237,0.555555555555556,0.000128715774574254,0.00115844197116829,TRUE
2237,0.666666666666667,0.0430595699948362,0.215297849974181,FALSE
2237,0.777777777777778,0.201104823378264,0.430019216043014,FALSE
2237,0.888888888888889,0.201104823378264,0.430019216043014,FALSE
2237,1,0.0382709570398419,0.20222522217794,FALSE
2238,0,0.756575717851797,0.886267837467798,FALSE
2238,0.111111111111111,0.416561291440537,0.886267837467798,FALSE
2238,0.222222222222222,0.811561338916751,0.886267837467798,FALSE
2238,0.333333333333333,0.117945260984526,0.833122582881074,FALSE
2238,0.444444444444444,0.0595685239545067,0.530753674430367,FALSE
2238,0.555555555555556,0.0349849878456411,0.31486489061077,FALSE
2238,0.666666666666667,0.616355116678166,0.886267837467798,FALSE
2238,0.777777777777778,0.886267837467798,0.886267837467798,FALSE
2238,0.888888888888889,0.376435547721751,0.886267837467798,FALSE
2238,1,0.260356844625851,0.886267837467798,FALSE
2239,0,0.169611566626338,0.339223133252676,FALSE
2239,0.111111111111111,0.0711093929973923,0.226148755501784,FALSE
2239,0.222222222222222,0.00764239063452218,0.0382119531726109,TRUE
2239,0.333333333333333,0.00409428384874728,0.0267483672208276,TRUE
2239,0.444444444444444,0.000114875919150789,0.0010338832723571,TRUE
2239,0.555555555555556,5.01996664620163e-05,0.000501996664620163,TRUE
2239,0.666666666666667,0.000691380714435258,0.00553104571548206,TRUE
2239,0.777777777777778,0.012712999608504,0.06356499804252,FALSE
2239,0.888888888888889,0.141896991072952,0.283793982145904,FALSE
2239,1,0.861120282388762,0.861120282388762,FALSE
2240,0,0.529548080488481,0.981448074130512,FALSE
2240,0.111111111111111,0.215352873540518,0.981448074130512,FALSE
2240,0.222222222222222,0.160092554023306,0.80046277011653,FALSE
2240,0.333333333333333,0.0424857291576284,0.382371562418656,FALSE
2240,0.444444444444444,0.0315096564697968,0.283586908228171,FALSE
2240,0.555555555555556,0.100371296772684,0.602227780636104,FALSE
2240,0.666666666666667,0.242743218673256,0.981448074130512,FALSE
2240,0.777777777777778,0.592403862629067,0.981448074130512,FALSE
2240,0.888888888888889,0.981448074130512,0.981448074130512,FALSE
2240,1,0.889031369746802,0.981448074130512,FALSE
2241,0,0.485309867126256,0.785916780950819,FALSE
2241,0.111111111111111,0.662015614829047,0.785916780950819,FALSE
2241,0.222222222222222,0.644945107437839,0.785916780950819,FALSE
2241,0.333333333333333,0.374551247842476,0.785916780950819,FALSE
2241,0.444444444444444,0.00255500486168795,0.0255500486168795,TRUE
2241,0.555555555555556,0.00737813767418497,0.0664032390676647,FALSE
2241,0.666666666666667,0.0792587968757315,0.634070375005852,FALSE
2241,0.777777777777778,0.500276162574694,0.785916780950819,FALSE
2241,0.888888888888889,0.785916780950819,0.785916780950819,FALSE
2241,1,0.456103148139953,0.785916780950819,FALSE
2242,0,0.280643211119428,0.280643211119428,FALSE
2242,0.111111111111111,0.203857636459905,0.280643211119428,FALSE
2242,0.222222222222222,0.045438334239038,0.187916901735437,FALSE
2242,0.333333333333333,0.00498339672350673,0.0398671737880538,TRUE
2242,0.444444444444444,8.36624689812545e-06,8.36624689812545e-05,TRUE
2242,0.555555555555556,3.72458423173572e-05,0.000335212580856215,TRUE
2242,0.666666666666667,0.0107245818590546,0.0750720730133822,FALSE
2242,0.777777777777778,0.0751667606941748,0.249053956934094,FALSE
2242,0.888888888888889,0.124526978467047,0.280643211119428,FALSE
2242,1,0.0712450742637398,0.249053956934094,FALSE
2243,0,0.203772204304012,0.250254886704956,FALSE
2243,0.111111111111111,0.078373288191349,0.235119864574047,FALSE
2243,0.222222222222222,0.0445975397881755,0.174208463047189,FALSE
2243,0.333333333333333,0.00820940511528578,0.0574658358070005,FALSE
2243,0.444444444444444,0.000304165316219755,0.00304165316219755,TRUE
2243,0.555555555555556,0.000774646428078178,0.0069718178527036,TRUE
2243,0.666666666666667,0.0102920677394532,0.0720444741761724,FALSE
2243,0.777777777777778,0.0531536196690146,0.174208463047189,FALSE
2243,0.888888888888889,0.0871042315235946,0.250254886704956,FALSE
2243,1,0.250254886704956,0.250254886704956,FALSE
2244,0,0.943930960632098,0.943930960632098,FALSE
2244,0.111111111111111,0.311688282293739,0.812480512214634,FALSE
2244,0.222222222222222,0.118608178730758,0.59304089365379,FALSE
2244,0.333333333333333,0.149710545664139,0.677067093512195,FALSE
2244,0.444444444444444,0.0109706782796943,0.0987361045172487,FALSE
2244,0.555555555555556,0.00187859803210445,0.0187859803210445,TRUE
2244,0.666666666666667,0.171086063842369,0.684344255369476,FALSE
2244,0.777777777777778,0.481111687260891,0.943930960632098,FALSE
2244,0.888888888888889,0.541653674809756,0.943930960632098,FALSE
2244,1,0.194616092856685,0.722204899746341,FALSE
2245,0,0.215352873540518,0.81608943495875,FALSE
2245,0.111111111111111,0.57637935856425,0.81608943495875,FALSE
2245,0.222222222222222,0.81608943495875,0.81608943495875,FALSE
2245,0.333333333333333,0.282859357313878,0.81608943495875,FALSE
2245,0.444444444444444,0.0230174378734858,0.207156940861372,FALSE
2245,0.555555555555556,0.0117123841726933,0.115087189367429,FALSE
2245,0.666666666666667,0.727128790747124,0.81608943495875,FALSE
2245,0.777777777777778,0.414651630260405,0.81608943495875,FALSE
2245,0.888888888888889,0.514370097146605,0.81608943495875,FALSE
2245,1,0.484692737260426,0.81608943495875,FALSE
2246,0,0.675352051892239,0.675352051892239,FALSE
2246,0.111111111111111,0.625037905204388,0.675352051892239,FALSE
2246,0.222222222222222,0.33887111271124,0.675352051892239,FALSE
2246,0.333333333333333,0.198349600938426,0.675352051892239,FALSE
2246,0.444444444444444,0.0424857291576284,0.339885833261027,FALSE
2246,0.555555555555556,0.00292112707109328,0.0292112707109328,TRUE
2246,0.666666666666667,0.0125679413021749,0.113111471719574,FALSE
2246,0.777777777777778,0.0863587569827471,0.544504148889197,FALSE
2246,0.888888888888889,0.233358920952513,0.675352051892239,FALSE
2246,1,0.64163444216328,0.675352051892239,FALSE
2247,0,0.93493636057738,0.93493636057738,FALSE
2247,0.111111111111111,0.331489133461325,0.93493636057738,FALSE
2247,0.222222222222222,0.192866146425689,0.93493636057738,FALSE
2247,0.333333333333333,0.615735942765219,0.93493636057738,FALSE
2247,0.444444444444444,0.665907239996305,0.93493636057738,FALSE
2247,0.555555555555556,0.155295429961363,0.932270135994827,FALSE
2247,0.666666666666667,0.476072291654741,0.93493636057738,FALSE
2247,0.777777777777778,0.93493636057738,0.93493636057738,FALSE
2247,0.888888888888889,0.551514671172676,0.93493636057738,FALSE
2247,1,0.476072291654741,0.93493636057738,FALSE
2248,0,0.553126895226624,0.953688198835609,FALSE
2248,0.111111111111111,0.953688198835609,0.953688198835609,FALSE
2248,0.222222222222222,0.789306592854254,0.953688198835609,FALSE
2248,0.333333333333333,0.584746100084924,0.953688198835609,FALSE
2248,0.444444444444444,0.137172324256897,0.920857691663296,FALSE
2248,0.555555555555556,0.01969288872456,0.1969288872456,FALSE
2248,0.666666666666667,0.584746100084924,0.953688198835609,FALSE
2248,0.777777777777778,0.701357052579386,0.953688198835609,FALSE
2248,0.888888888888889,0.248017330858514,0.953688198835609,FALSE
2248,1,0.267820211811572,0.953688198835609,FALSE
2249,0,0.157021228587975,0.157021228587975,FALSE
2249,0.111111111111111,0.0465720545314808,0.10287344202162,FALSE
2249,0.222222222222222,0.01969288872456,0.08572786835135,FALSE
2249,0.333333333333333,0.00462465135993238,0.036997210879459,TRUE
2249,0.444444444444444,0.00168836710119341,0.0151953039107407,TRUE
2249,0.555555555555556,0.00239179403097206,0.0208109311196957,TRUE
2249,0.666666666666667,0.00987362426683112,0.06892511053596,FALSE
2249,0.777777777777778,0.0493040605098673,0.10287344202162,FALSE
2249,0.888888888888889,0.0650035699186823,0.130007139837365,FALSE
2249,1,0.06858229468108,0.13716458936216,FALSE
2250,0,0.0975055191104472,0.68253863377313,FALSE
2250,0.111111111111111,0.67285202380509,0.925288151296977,FALSE
2250,0.222222222222222,0.796458953162658,0.925288151296977,FALSE
2250,0.333333333333333,0.397512045965738,0.925288151296977,FALSE
2250,0.444444444444444,0.118608178730758,0.830257251115306,FALSE
2250,0.555555555555556,0.00880760888698113,0.0880760888698113,FALSE
2250,0.666666666666667,0.028217347036013,0.253956123324117,FALSE
2250,0.777777777777778,0.311688282293739,0.925288151296977,FALSE
2250,0.888888888888889,0.638911499537348,0.925288151296977,FALSE
2250,1,0.925288151296977,0.925288151296977,FALSE
2251,0,0.220383187568792,0.881532750275168,FALSE
2251,0.111111111111111,1,1,FALSE
2251,0.222222222222222,0.424377346270141,1,FALSE
2251,0.333333333333333,0.130394007604584,0.782364045627504,FALSE
2251,0.444444444444444,0.0641728461834245,0.577555615650821,FALSE
2251,0.555555555555556,0.156601984676855,0.828090770226703,FALSE
2251,0.666666666666667,0.268474160234527,0.920100855807448,FALSE
2251,0.777777777777778,0.690075641855586,1,FALSE
2251,0.888888888888889,0.655794793919054,1,FALSE
2251,1,0.410817058047989,1,FALSE
2252,0,0.122207283991992,0.703061366349588,FALSE
2252,0.111111111111111,0.105216625283645,0.63129975170187,FALSE
2252,0.222222222222222,0.303401062457312,0.856437755037803,FALSE
2252,0.333333333333333,0.76296913002802,0.856437755037803,FALSE
2252,0.444444444444444,0.122207283991992,0.703061366349588,FALSE
2252,0.555555555555556,0.185749337555274,0.856437755037803,FALSE
2252,0.666666666666667,0.856437755037803,0.856437755037803,FALSE
2252,0.777777777777778,0.281023639275654,0.856437755037803,FALSE
2252,0.888888888888889,0.351530683174794,0.856437755037803,FALSE
2252,1,0.672764083390542,0.856437755037803,FALSE
2253,0,0.236565911354247,0.93493636057738,FALSE
2253,0.111111111111111,0.916406076973721,0.93493636057738,FALSE
2253,0.222222222222222,0.717587331198345,0.93493636057738,FALSE
2253,0.333333333333333,0.93493636057738,0.93493636057738,FALSE
2253,0.444444444444444,0.0300146024436643,0.300146024436643,FALSE
2253,0.555555555555556,0.162337010250587,0.93493636057738,FALSE
2253,0.666666666666667,0.78847424940664,0.93493636057738,FALSE
2253,0.777777777777778,0.535978531008113,0.93493636057738,FALSE
2253,0.888888888888889,0.308557953415635,0.93493636057738,FALSE
2253,1,0.717587331198345,0.93493636057738,FALSE
2254,0,0.389543880894135,1,FALSE
2254,0.111111111111111,0.738497229709689,1,FALSE
2254,0.222222222222222,0.402919914069842,1,FALSE
2254,0.333333333333333,0.129900312580652,0.991396185345579,FALSE
2254,0.444444444444444,0.314968263020465,1,FALSE
2254,0.555555555555556,0.867471662177382,1,FALSE
2254,0.666666666666667,0.848748481905202,1,FALSE
2254,0.777777777777778,1,1,FALSE
2254,0.888888888888889,0.756575717851797,1,FALSE
2254,1,0.68513879050822,1,FALSE
2255,0,0.879488359308062,0.879488359308062,FALSE
2255,0.111111111111111,0.632279846005565,0.879488359308062,FALSE
2255,0.222222222222222,0.141896991072952,0.591414778385618,FALSE
2255,0.333333333333333,0.0136345178403002,0.109076142722402,FALSE
2255,0.444444444444444,0.00823579091825716,0.0741221182643144,FALSE
2255,0.555555555555556,0.0218470419996411,0.174776335997129,FALSE
2255,0.666666666666667,0.0711093929973923,0.426656357984354,FALSE
2255,0.777777777777778,0.218329384898025,0.735705533735234,FALSE
2255,0.888888888888889,0.367852766867617,0.879488359308062,FALSE
2255,1,0.236565911354247,0.735705533735234,FALSE
2256,0,0.546571497886747,0.578546187343871,FALSE
2256,0.111111111111111,0.578546187343871,0.578546187343871,FALSE
2256,0.222222222222222,0.456103148139953,0.578546187343871,FALSE
2256,0.333333333333333,0.302504677904607,0.578546187343871,FALSE
2256,0.444444444444444,0.0540262812405922,0.378183968684145,FALSE
2256,0.555555555555556,0.00996592479297271,0.0896933231367544,FALSE
2256,0.666666666666667,0.0175769606592243,0.158192645933019,FALSE
2256,0.777777777777778,0.0604547133364168,0.423182993354918,FALSE
2256,0.888888888888889,0.124526978467047,0.578546187343871,FALSE
2256,1,0.470584119949695,0.578546187343871,FALSE
2257,0,0.108382549585413,0.248017330858514,FALSE
2257,0.111111111111111,0.119278690378842,0.248017330858514,FALSE
2257,0.222222222222222,0.0307378415004089,0.204044033188418,FALSE
2257,0.333333333333333,0.00128923816929411,0.0103139053543529,TRUE
2257,0.444444444444444,1.18623146678767e-05,0.000118623146678767,TRUE
2257,0.555555555555556,0.000977096710491792,0.00781677368393434,TRUE
2257,0.666666666666667,0.202973574539925,0.248017330858514,FALSE
2257,0.777777777777778,0.248017330858514,0.248017330858514,FALSE
2257,0.888888888888889,0.164089601899517,0.248017330858514,FALSE
2257,1,0.0582982951966909,0.248017330858514,FALSE
2258,0,0.124394638970613,0.63141200753396,FALSE
2258,0.111111111111111,0.0881180703280888,0.613872785102461,FALSE
2258,0.222222222222222,0.258332820863382,0.774998462590146,FALSE
2258,0.333333333333333,0.323156196586339,0.78926500941745,FALSE
2258,0.444444444444444,0.102483481837204,0.614900891023224,FALSE
2258,0.555555555555556,0.178685650205654,0.701568897259956,FALSE
2258,0.666666666666667,0.796458953162658,0.796458953162658,FALSE
2258,0.777777777777778,0.452252479852788,0.796458953162658,FALSE
2258,0.888888888888889,0.371677213905801,0.78926500941745,FALSE
2258,1,0.526176672944967,0.796458953162658,FALSE
2259,0,0.6037081345891,0.708379342362317,FALSE
2259,0.111111111111111,0.506455476303751,0.708379342362317,FALSE
2259,0.222222222222222,0.708379342362317,0.708379342362317,FALSE
2259,0.333333333333333,0.537957691914274,0.708379342362317,FALSE
2259,0.444444444444444,0.110663774758023,0.704326157020617,FALSE
2259,0.555555555555556,0.0459268580438913,0.459268580438913,FALSE
2259,0.666666666666667,0.19406173238944,0.708379342362317,FALSE
2259,0.777777777777778,0.522087217939886,0.708379342362317,FALSE
2259,0.888888888888889,0.220590229076168,0.708379342362317,FALSE
2259,1,0.417951441442049,0.708379342362317,FALSE
2260,0,0.313839955601924,0.578546187343871,FALSE
2260,0.111111111111111,0.578546187343871,0.578546187343871,FALSE
2260,0.222222222222222,0.374551247842476,0.578546187343871,FALSE
2260,0.333333333333333,0.0316146950022784,0.221302865015949,FALSE
2260,0.444444444444444,0.000111945198273219,0.00100750678445897,TRUE
2260,0.555555555555556,6.15022322177676e-05,0.000559725991366095,TRUE
2260,0.666666666666667,0.00996592479297271,0.0797273983437817,FALSE
2260,0.777777777777778,0.113068263914107,0.565341319570535,FALSE
2260,0.888888888888889,0.387493800367907,0.578546187343871,FALSE
2260,1,0.470584119949695,0.578546187343871,FALSE
2261,0,0.252384054949472,0.252384054949472,FALSE
2261,0.111111111111111,0.0424857291576284,0.164095797597035,FALSE
2261,0.222222222222222,0.0144422983718331,0.0866537902309986,FALSE
2261,0.333333333333333,0.0134770174410394,0.0834453290380245,FALSE
2261,0.444444444444444,0.00246674660298041,0.0246674660298041,TRUE
2261,0.555555555555556,0.00515398117176611,0.0433268951154993,TRUE
2261,0.666666666666667,0.0476830451645854,0.164095797597035,FALSE
2261,0.777777777777778,0.198349600938426,0.252384054949472,FALSE
2261,0.888888888888889,0.0820478987985173,0.246143696395552,FALSE
2261,1,0.0261466210520337,0.119207612911464,FALSE
2262,0,0.382439111162018,0.925745579455649,FALSE
2262,0.111111111111111,0.171389863765928,0.771454649546374,FALSE
2262,0.222222222222222,0.0122302338443737,0.0856116369106159,FALSE
2262,0.333333333333333,0.0113956878556739,0.0797698149897173,FALSE
2262,0.444444444444444,0.00283333667037219,0.0283333667037219,TRUE
2262,0.555555555555556,0.0131171590860936,0.0918201136026552,FALSE
2262,0.666666666666667,0.113730098023015,0.568650490115075,FALSE
2262,0.777777777777778,0.568833689992384,0.935197723790075,FALSE
2262,0.888888888888889,0.935197723790075,0.935197723790075,FALSE
2262,1,0.617163719637099,0.935197723790075,FALSE
2263,0,0.419958287095971,0.972090827747804,FALSE
2263,0.111111111111111,0.535978531008113,0.972090827747804,FALSE
2263,0.222222222222222,0.972090827747804,0.972090827747804,FALSE
2263,0.333333333333333,0.255830249265067,0.910635091837247,FALSE
2263,0.444444444444444,0.0875705573165472,0.700564458532378,FALSE
2263,0.555555555555556,0.0339334499604592,0.339334499604592,FALSE
2263,0.666666666666667,0.123454415158502,0.750369943411358,FALSE
2263,0.777777777777778,0.682976318877935,0.972090827747804,FALSE
2263,0.888888888888889,0.535978531008113,0.972090827747804,FALSE
2263,1,0.490703545370324,0.972090827747804,FALSE
2264,0,0.31989200633683,0.953501218713401,FALSE
2264,0.111111111111111,0.916406076973721,0.953501218713401,FALSE
2264,0.222222222222222,0.297487139252837,0.952144583309482,FALSE
2264,0.333333333333333,0.12938649479635,0.66297826692265,FALSE
2264,0.444444444444444,0.0483328002026852,0.434995201824167,FALSE
2264,0.555555555555556,0.0711093929973923,0.53038261353812,FALSE
2264,0.666666666666667,0.331489133461325,0.953501218713401,FALSE
2264,0.777777777777778,0.953501218713401,0.953501218713401,FALSE
2264,0.888888888888889,0.476072291654741,0.953501218713401,FALSE
2264,1,0.169611566626338,0.793453819424568,FALSE
2265,0,0.935197723790075,0.935197723790075,FALSE
2265,0.111111111111111,0.194714286134937,0.401730317717358,FALSE
2265,0.222222222222222,0.0131171590860936,0.0918201136026552,FALSE
2265,0.333333333333333,0.000448953503750552,0.00404058153375497,TRUE
2265,0.444444444444444,6.22017377778703e-05,0.000622017377778703,TRUE
2265,0.555555555555556,0.00334606379423934,0.0267685103539147,TRUE
2265,0.666666666666667,0.0650035699186823,0.325017849593411,FALSE
2265,0.777777777777778,0.257789666896191,0.515579333792382,FALSE
2265,0.888888888888889,0.267820211811572,0.535640423623144,FALSE
2265,1,0.194714286134937,0.401730317717358,FALSE
2266,0,0.229481446257255,0.906685422451822,FALSE
2266,0.111111111111111,0.334889759846399,0.906685422451822,FALSE
2266,0.222222222222222,0.814616511478279,0.906685422451822,FALSE
2266,0.333333333333333,0.268474160234527,0.906685422451822,FALSE
2266,0.444444444444444,0.229481446257255,0.906685422451822,FALSE
2266,0.555555555555556,0.510924079393362,0.906685422451822,FALSE
2266,0.666666666666667,0.742665689375716,0.906685422451822,FALSE
2266,0.777777777777778,0.359151282051057,0.906685422451822,FALSE
2266,0.888888888888889,0.410817058047989,0.906685422451822,FALSE
2266,1,0.906685422451822,0.906685422451822,FALSE
2267,0,0.0202120405917308,0.202120405917308,FALSE
2267,0.111111111111111,0.116096810444709,0.621977445390608,FALSE
2267,0.222222222222222,0.414651630260405,0.798070278541979,FALSE
2267,0.333333333333333,0.798070278541979,0.798070278541979,FALSE
2267,0.444444444444444,0.190217997699305,0.76087199079722,FALSE
2267,0.555555555555556,0.110657367282284,0.621977445390608,FALSE
2267,0.666666666666667,0.675352051892239,0.798070278541979,FALSE
2267,0.777777777777778,0.224229449812722,0.798070278541979,FALSE
2267,0.888888888888889,0.105416967707093,0.621977445390608,FALSE
2267,1,0.375606266345614,0.798070278541979,FALSE
2268,0,0.102483481837204,0.307450445511612,FALSE
2268,0.111111111111111,0.0641728461834245,0.256691384733698,FALSE
2268,0.222222222222222,0.0641728461834245,0.256691384733698,FALSE
2268,0.333333333333333,0.00289844396140104,0.0231875516912083,TRUE
2268,0.444444444444444,4.06370249461804e-06,4.06370249461804e-05,TRUE
2268,0.555555555555556,0.000192452075239845,0.00173206867715861,TRUE
2268,0.666666666666667,0.0145615950228373,0.101931165159861,FALSE
2268,0.777777777777778,0.143047967843528,0.429143903530584,FALSE
2268,0.888888888888889,0.424377346270141,0.589376813126716,FALSE
2268,1,0.589376813126716,0.589376813126716,FALSE
2269,0,0.220590229076168,0.913569124660684,FALSE
2269,0.111111111111111,0.913569124660684,0.913569124660684,FALSE
2269,0.222222222222222,0.281023639275654,0.913569124660684,FALSE
2269,0.333333333333333,0.06147924929091,0.525729124047521,FALSE
2269,0.444444444444444,0.0406880728387154,0.366192655548439,FALSE
2269,0.555555555555556,0.239628420701251,0.913569124660684,FALSE
2269,0.666666666666667,0.292071735581956,0.913569124660684,FALSE
2269,0.777777777777778,0.672764083390542,0.913569124660684,FALSE
2269,0.888888888888889,0.78144021130654,0.913569124660684,FALSE
2269,1,0.894462141023431,0.913569124660684,FALSE
2270,0,0.951919167292234,0.951919167292234,FALSE
2270,0.111111111111111,0.570391728973157,0.951919167292234,FALSE
2270,0.222222222222222,0.315011883410476,0.951919167292234,FALSE
2270,0.333333333333333,0.33907727166565,0.951919167292234,FALSE
2270,0.444444444444444,0.0186035798871997,0.148828639097598,FALSE
2270,0.555555555555556,0.0121135778771484,0.0969086230171872,FALSE
2270,0.666666666666667,0.0112487300222479,0.0899898401779832,FALSE
2270,0.777777777777778,0.155067109464154,0.930402656784924,FALSE
2270,0.888888888888889,0.74462903214444,0.951919167292234,FALSE
2270,1,0.800032559334603,0.951919167292234,FALSE
2271,0,0.0359533152395166,0.2157198914371,FALSE
2271,0.111111111111111,0.0487470271027333,0.2924821626164,FALSE
2271,0.222222222222222,0.148020301857788,0.675640658357373,FALSE
2271,0.333333333333333,0.951919167292234,0.951919167292234,FALSE
2271,0.444444444444444,0.951919167292234,0.951919167292234,FALSE
2271,0.555555555555556,0.932725078485007,0.951919167292234,FALSE
2271,0.666666666666667,0.270256263342949,0.951919167292234,FALSE
2271,0.777777777777778,0.0406880728387154,0.244128437032292,FALSE
2271,0.888888888888889,0.0199323635688485,0.13952654498194,FALSE
2271,1,0.024413036531511,0.170614594859567,FALSE
2272,0,0.544945811160241,0.544945811160241,FALSE
2272,0.111111111111111,0.262282905648099,0.524565811296198,FALSE
2272,0.222222222222222,0.160092554023306,0.393424358472148,FALSE
2272,0.333333333333333,0.0355747887790013,0.249023521453009,FALSE
2272,0.444444444444444,0.00756384846978038,0.0680746362280234,FALSE
2272,0.555555555555556,0.0109077527307873,0.0981697745770857,FALSE
2272,0.666666666666667,0.0739391866766488,0.327853632060124,FALSE
2272,0.777777777777778,0.146425596749726,0.393424358472148,FALSE
2272,0.888888888888889,0.233358920952513,0.466717841905026,FALSE
2272,1,0.0701322909901705,0.327853632060124,FALSE
2273,0,0.592403862629067,0.925890426415053,FALSE
2273,0.111111111111111,0.484692737260426,0.925890426415053,FALSE
2273,0.222222222222222,0.174681169740059,0.760781874327436,FALSE
2273,0.333333333333333,0.0739391866766488,0.517574306736542,FALSE
2273,0.444444444444444,0.00145740427032365,0.0145740427032365,TRUE
2273,0.555555555555556,0.00344855941635183,0.0310370347471665,TRUE
2273,0.666666666666667,0.0739391866766488,0.517574306736542,FALSE
2273,0.777777777777778,0.282859357313878,0.848578071941634,FALSE
2273,0.888888888888889,0.608625499461949,0.925890426415053,FALSE
2273,1,0.925890426415053,0.925890426415053,FALSE
2274,0,0.178685650205654,0.814616511478279,FALSE
2274,0.111111111111111,0.690075641855586,0.814616511478279,FALSE
2274,0.222222222222222,0.130394007604584,0.782364045627504,FALSE
2274,0.333333333333333,0.00187859803210445,0.0169073822889401,TRUE
2274,0.444444444444444,0.00157038444080768,0.0141334599672691,TRUE
2274,0.555555555555556,0.186527969877245,0.814616511478279,FALSE
2274,0.666666666666667,0.814616511478279,0.814616511478279,FALSE
2274,0.777777777777778,0.452252479852788,0.814616511478279,FALSE
2274,0.888888888888889,0.481111687260891,0.814616511478279,FALSE
2274,1,0.760474584748357,0.814616511478279,FALSE
2275,0,0.331489133461325,0.953501218713401,FALSE
2275,0.111111111111111,0.78847424940664,0.953501218713401,FALSE
2275,0.222222222222222,0.717587331198345,0.953501218713401,FALSE
2275,0.333333333333333,0.227320082720518,0.953501218713401,FALSE
2275,0.444444444444444,0.0360478678170801,0.288382942536641,FALSE
2275,0.555555555555556,0.00823579091825716,0.0823579091825716,FALSE
2275,0.666666666666667,0.0191557387384098,0.16221540517686,FALSE
2275,0.777777777777778,0.276134576760406,0.953501218713401,FALSE
2275,0.888888888888889,0.752775596077002,0.953501218713401,FALSE
2275,1,0.953501218713401,0.953501218713401,FALSE
2276,0,0.0845093681495024,0.507056208897014,FALSE
2276,0.111111111111111,0.916741416766691,0.916741416766691,FALSE
2276,0.222222222222222,0.701357052579386,0.916741416766691,FALSE
2276,0.333333333333333,0.807257554255434,0.916741416766691,FALSE
2276,0.444444444444444,0.113730098023015,0.68238058813809,FALSE
2276,0.555555555555556,0.00584969786888689,0.052647280819982,FALSE
2276,0.666666666666667,0.00107259954351668,0.0107259954351668,TRUE
2276,0.777777777777778,0.0347155329561392,0.277724263649114,FALSE
2276,0.888888888888889,0.248017330858514,0.916741416766691,FALSE
2276,1,0.861673967465186,0.916741416766691,FALSE
2277,0,0.459048862130748,0.980983176468914,FALSE
2277,0.111111111111111,0.430465322830968,0.980983176468914,FALSE
2277,0.222222222222222,0.0595685239545067,0.35741114372704,FALSE
2277,0.333333333333333,0.0308677984102025,0.220393409965448,FALSE
2277,0.444444444444444,0.0826475287370429,0.495885172422257,FALSE
2277,0.555555555555556,0.0102920677394532,0.102920677394532,FALSE
2277,0.666666666666667,0.0420111270091759,0.28926635057965,FALSE
2277,0.777777777777778,0.376435547721751,0.980983176468914,FALSE
2277,0.888888888888889,0.980983176468914,0.980983176468914,FALSE
2277,1,0.961976916638388,0.980983176468914,FALSE
2278,0,0.0820478987985173,0.656383190388138,FALSE
2278,0.111111111111111,0.0261466210520337,0.261466210520337,FALSE
2278,0.222222222222222,0.0908466252579142,0.726773002063314,FALSE
2278,0.333333333333333,0.744676547253826,0.870684649090778,FALSE
2278,0.444444444444444,0.470202281281412,0.870684649090778,FALSE
2278,0.555555555555556,0.272441010472838,0.870684649090778,FALSE
2278,0.666666666666667,0.592403862629067,0.870684649090778,FALSE
2278,0.777777777777778,0.870684649090778,0.870684649090778,FALSE
2278,0.888888888888889,0.560558074672926,0.870684649090778,FALSE
2278,1,0.709720099203814,0.870684649090778,FALSE
2279,0,0.879488359308062,0.897920176163665,FALSE
2279,0.111111111111111,0.84282546462406,0.897920176163665,FALSE
2279,0.222222222222222,0.824613350616088,0.897920176163665,FALSE
2279,0.333333333333333,0.343348852796484,0.897920176163665,FALSE
2279,0.444444444444444,0.0179198254171581,0.179198254171581,FALSE
2279,0.555555555555556,0.0638640157106822,0.57477614139614,FALSE
2279,0.666666666666667,0.419958287095971,0.897920176163665,FALSE
2279,0.777777777777778,0.735113404838195,0.897920176163665,FALSE
2279,0.888888888888889,0.897920176163665,0.897920176163665,FALSE
2279,1,0.615735942765219,0.897920176163665,FALSE
2280,0,0.567264307193528,0.717587331198345,FALSE
2280,0.111111111111111,0.461678452043495,0.717587331198345,FALSE
2280,0.222222222222222,0.717587331198345,0.717587331198345,FALSE
2280,0.333333333333333,0.476072291654741,0.717587331198345,FALSE
2280,0.444444444444444,0.0264831440013797,0.238348296012417,FALSE
2280,0.555555555555556,0.0282023539133443,0.253821185220099,FALSE
2280,0.666666666666667,0.665907239996305,0.717587331198345,FALSE
2280,0.777777777777778,0.355470421050567,0.717587331198345,FALSE
2280,0.888888888888889,0.535978531008113,0.717587331198345,FALSE
2280,1,0.567264307193528,0.717587331198345,FALSE
2281,0,0.608625499461949,0.907436494208934,FALSE
2281,0.111111111111111,0.470202281281412,0.907436494208934,FALSE
2281,0.222222222222222,0.907436494208934,0.907436494208934,FALSE
2281,0.333333333333333,0.215352873540518,0.907436494208934,FALSE
2281,0.444444444444444,0.0177035627706222,0.1593320649356,FALSE
2281,0.555555555555556,0.00701520865150398,0.0701520865150398,FALSE
2281,0.666666666666667,0.870684649090778,0.907436494208934,FALSE
2281,0.777777777777778,0.272441010472838,0.907436494208934,FALSE
2281,0.888888888888889,0.215352873540518,0.907436494208934,FALSE
2281,1,0.81608943495875,0.907436494208934,FALSE
2282,0,0.981448074130512,0.981448074130512,FALSE
2282,0.111111111111111,0.852405837945973,0.981448074130512,FALSE
2282,0.222222222222222,0.57637935856425,0.981448074130512,FALSE
2282,0.333333333333333,0.32714588433535,0.981448074130512,FALSE
2282,0.444444444444444,0.0334906742384295,0.301416068145866,FALSE
2282,0.555555555555556,0.018922311155015,0.170300800395135,FALSE
2282,0.666666666666667,0.304479455401259,0.981448074130512,FALSE
2282,0.777777777777778,0.962905970281753,0.981448074130512,FALSE
2282,0.888888888888889,0.762355073076524,0.981448074130512,FALSE
2282,1,0.762355073076524,0.981448074130512,FALSE
2283,0,0.599633059567321,0.738497229709689,FALSE
2283,0.111111111111111,0.616355116678166,0.738497229709689,FALSE
2283,0.222222222222222,0.473721273568838,0.738497229709689,FALSE
2283,0.333333333333333,0.136212156074161,0.738497229709689,FALSE
2283,0.444444444444444,0.000465573100844375,0.00465573100844375,TRUE
2283,0.555555555555556,0.0195075245237707,0.175567720713936,FALSE
2283,0.666666666666667,0.738497229709689,0.738497229709689,FALSE
2283,0.777777777777778,0.402919914069842,0.738497229709689,FALSE
2283,0.888888888888889,0.303496873877988,0.738497229709689,FALSE
2283,1,0.720559052413509,0.738497229709689,FALSE
2284,0,0.00409428384874728,0.0327542707899782,TRUE
2284,0.111111111111111,0.355470421050567,0.84282546462406,FALSE
2284,0.222222222222222,0.567264307193528,0.84282546462406,FALSE
2284,0.333333333333333,0.0406068025925471,0.243640815555283,FALSE
2284,0.444444444444444,0.000514070883177037,0.00514070883177037,TRUE
2284,0.555555555555556,0.00209029532693502,0.0184242773193628,TRUE
2284,0.666666666666667,0.0541250937727265,0.324750562636359,FALSE
2284,0.777777777777778,0.84282546462406,0.84282546462406,FALSE
2284,0.888888888888889,0.331489133461325,0.84282546462406,FALSE
2284,1,0.380494548946544,0.84282546462406,FALSE
2285,0,0.416561291440537,0.667673694746603,FALSE
2285,0.111111111111111,0.667673694746603,0.667673694746603,FALSE
2285,0.222222222222222,0.488642146451308,0.667673694746603,FALSE
2285,0.333333333333333,0.0630035144928448,0.378021086957069,FALSE
2285,0.444444444444444,0.00125807779682483,0.0113227001714235,TRUE
2285,0.555555555555556,0.00218440200436164,0.0196596180392548,TRUE
2285,0.666666666666667,0.0170068134662062,0.13605450772965,FALSE
2285,0.777777777777778,0.0665966251061647,0.399579750636988,FALSE
2285,0.888888888888889,0.203772204304012,0.651522861935077,FALSE
2285,1,0.221567630936775,0.664702892810325,FALSE
2286,0,0.430465322830968,0.738497229709689,FALSE
2286,0.111111111111111,0.270731067265832,0.738497229709689,FALSE
2286,0.222222222222222,0.17902373732373,0.738497229709689,FALSE
2286,0.333333333333333,0.0223149585551438,0.17851966844115,FALSE
2286,0.444444444444444,0.000272731778496759,0.00245458600647083,TRUE
2286,0.555555555555556,0.000174357321767431,0.00156921589590688,TRUE
2286,0.666666666666667,0.0501641425392155,0.351148997774508,FALSE
2286,0.777777777777778,0.459048862130748,0.738497229709689,FALSE
2286,0.888888888888889,0.738497229709689,0.738497229709689,FALSE
2286,1,0.599633059567321,0.738497229709689,FALSE
2287,0,0.130995729956872,0.916970109698104,FALSE
2287,0.111111111111111,0.89832896978487,0.972203132365696,FALSE
2287,0.222222222222222,0.843450365739625,0.972203132365696,FALSE
2287,0.333333333333333,0.288660051522569,0.972203132365696,FALSE
2287,0.444444444444444,0.00462465135993238,0.0416218622393914,TRUE
2287,0.555555555555556,0.00117643551690347,0.0117643551690347,TRUE
2287,0.666666666666667,0.0326760435908609,0.261408348726887,FALSE
2287,0.777777777777778,0.463499438715459,0.972203132365696,FALSE
2287,0.888888888888889,0.972203132365696,0.972203132365696,FALSE
2287,1,0.684186757764865,0.972203132365696,FALSE
2288,0,0.441870804386426,0.990580141467759,FALSE
2288,0.111111111111111,0.990580141467759,0.990580141467759,FALSE
2288,0.222222222222222,0.41416589710769,0.990580141467759,FALSE
2288,0.333333333333333,0.195431590286069,0.977157951430345,FALSE
2288,0.444444444444444,0.045438334239038,0.45438334239038,FALSE
2288,0.555555555555556,0.0974249137415543,0.729765037023925,FALSE
2288,0.666666666666667,0.714237467397937,0.990580141467759,FALSE
2288,0.777777777777778,0.337319422867236,0.990580141467759,FALSE
2288,0.888888888888889,0.456103148139953,0.990580141467759,FALSE
2288,1,0.990580141467759,0.990580141467759,FALSE
2289,0,0.870684649090778,0.889031369746802,FALSE
2289,0.111111111111111,0.81608943495875,0.889031369746802,FALSE
2289,0.222222222222222,0.414651630260405,0.889031369746802,FALSE
2289,0.333333333333333,0.116096810444709,0.856341720108954,FALSE
2289,0.444444444444444,0.0144422983718331,0.144422983718331,FALSE
2289,0.555555555555556,0.0629908128995475,0.52243564700119,FALSE
2289,0.666666666666667,0.889031369746802,0.889031369746802,FALSE
2289,0.777777777777778,0.69245856272492,0.889031369746802,FALSE
2289,0.888888888888889,0.428170860054477,0.889031369746802,FALSE
2289,1,0.350856923238791,0.889031369746802,FALSE
2290,0,0.419958287095971,0.879488359308062,FALSE
2290,0.111111111111111,0.0711093929973923,0.578598439277067,FALSE
2290,0.222222222222222,0.192866146425689,0.879488359308062,FALSE
2290,0.333333333333333,0.806493219999625,0.879488359308062,FALSE
2290,0.444444444444444,0.297487139252837,0.879488359308062,FALSE
2290,0.555555555555556,0.0572268707567461,0.515041836810715,FALSE
2290,0.666666666666667,0.148483313904148,0.879488359308062,FALSE
2290,0.777777777777778,0.535978531008113,0.879488359308062,FALSE
2290,0.888888888888889,0.78847424940664,0.879488359308062,FALSE
2290,1,0.879488359308062,0.879488359308062,FALSE
2291,0,0.834204338812535,0.981448074130512,FALSE
2291,0.111111111111111,0.981448074130512,0.981448074130512,FALSE
2291,0.222222222222222,0.388367040979558,0.981448074130512,FALSE
2291,0.333333333333333,0.0955159882183007,0.573095929309804,FALSE
2291,0.444444444444444,0.00190294017570748,0.0190294017570748,TRUE
2291,0.555555555555556,0.00515398117176611,0.046385830545895,TRUE
2291,0.666666666666667,0.053391935626545,0.382063952873203,FALSE
2291,0.777777777777778,0.153145619418459,0.918873716510754,FALSE
2291,0.888888888888889,0.658408210478324,0.981448074130512,FALSE
2291,1,0.514370097146605,0.981448074130512,FALSE
2292,0,0.756575717851797,0.756575717851797,FALSE
2292,0.111111111111111,0.519211322744747,0.756575717851797,FALSE
2292,0.222222222222222,0.363596926847233,0.756575717851797,FALSE
2292,0.333333333333333,0.10685216642826,0.74796516499782,FALSE
2292,0.444444444444444,0.0420111270091759,0.336089016073407,FALSE
2292,0.555555555555556,0.0119226442341128,0.119226442341128,FALSE
2292,0.666666666666667,0.0595685239545067,0.42740866571304,FALSE
2292,0.777777777777778,0.459048862130748,0.756575717851797,FALSE
2292,0.888888888888889,0.650382864054041,0.756575717851797,FALSE
2292,1,0.650382864054041,0.756575717851797,FALSE
2293,0,0.526176672944967,1,FALSE
2293,0.111111111111111,0.323156196586339,1,FALSE
2293,0.222222222222222,0.300486282289187,1,FALSE
2293,0.333333333333333,0.0975055191104472,0.68253863377313,FALSE
2293,0.444444444444444,0.0319632344034576,0.255705875227661,FALSE
2293,0.555555555555556,0.0135802475688856,0.135802475688856,FALSE
2293,0.666666666666667,0.0457782003575306,0.366225602860245,FALSE
2293,0.777777777777778,1,1,FALSE
2293,0.888888888888889,0.622209433383158,1,FALSE
2293,1,0.778408628521283,1,FALSE
2294,0,0.177122490249637,0.520661294236017,FALSE
2294,0.111111111111111,0.135532688523123,0.520661294236017,FALSE
2294,0.222222222222222,0.505568032107068,0.520661294236017,FALSE
2294,0.333333333333333,0.490703545370324,0.520661294236017,FALSE
2294,0.444444444444444,0.101783885144233,0.520661294236017,FALSE
2294,0.555555555555556,0.0711093929973923,0.426656357984354,FALSE
2294,0.666666666666667,0.393394089458854,0.520661294236017,FALSE
2294,0.777777777777778,0.520661294236017,0.520661294236017,FALSE
2294,0.888888888888889,0.0674084073926465,0.413285810582486,FALSE
2294,1,0.0604716813385044,0.413285810582486,FALSE
2295,0,0.990732742060038,0.990732742060038,FALSE
2295,0.111111111111111,0.89832896978487,0.990732742060038,FALSE
2295,0.222222222222222,0.71867804754607,0.990732742060038,FALSE
2295,0.333333333333333,0.0414813097658152,0.331850478126522,FALSE
2295,0.444444444444444,7.88072342884657e-05,0.000788072342884657,TRUE
2295,0.555555555555556,0.00584969786888689,0.052647280819982,FALSE
2295,0.666666666666667,0.600858175879146,0.990732742060038,FALSE
2295,0.777777777777778,0.972203132365696,0.990732742060038,FALSE
2295,0.888888888888889,0.990732742060038,0.990732742060038,FALSE
2295,1,0.463499438715459,0.990732742060038,FALSE
2296,0,0.028217347036013,0.20103843613674,FALSE
2296,0.111111111111111,0.00880760888698113,0.0880760888698113,FALSE
2296,0.222222222222222,0.0574734892854477,0.344840935712686,FALSE
2296,0.333333333333333,0.888132675950898,0.888132675950898,FALSE
2296,0.444444444444444,0.0248480586795296,0.198784469436237,FALSE
2296,0.555555555555556,0.0753894135512774,0.38923218571337,FALSE
2296,0.666666666666667,0.851216334396738,0.888132675950898,FALSE
2296,0.777777777777778,0.359151282051057,0.888132675950898,FALSE
2296,0.888888888888889,0.194616092856685,0.718302564102114,FALSE
2296,1,0.149710545664139,0.598842182656556,FALSE
2297,0,0.961976916638388,1,FALSE
2297,0.111111111111111,0.867471662177382,1,FALSE
2297,0.222222222222222,1,1,FALSE
2297,0.333333333333333,0.503807075819651,1,FALSE
2297,0.444444444444444,0.459048862130748,1,FALSE
2297,0.555555555555556,0.203772204304012,1,FALSE
2297,0.666666666666667,0.389543880894135,1,FALSE
2297,0.777777777777778,0.68513879050822,1,FALSE
2297,0.888888888888889,0.886267837467798,1,FALSE
2297,1,0.599633059567321,1,FALSE
2298,0,0.638911499537348,0.724990620464699,FALSE
2298,0.111111111111111,0.655794793919054,0.724990620464699,FALSE
2298,0.222222222222222,0.311688282293739,0.724990620464699,FALSE
2298,0.333333333333333,0.0714887262726388,0.500421083908472,FALSE
2298,0.444444444444444,0.0075812973738885,0.0682316763649965,FALSE
2298,0.555555555555556,0.0043842457976269,0.0394582121786421,TRUE
2298,0.666666666666667,0.0714887262726388,0.500421083908472,FALSE
2298,0.777777777777778,0.724990620464699,0.724990620464699,FALSE
2298,0.888888888888889,0.67285202380509,0.724990620464699,FALSE
2298,1,0.178685650205654,0.724990620464699,FALSE
2299,0,0.935197723790075,0.935197723790075,FALSE
2299,0.111111111111111,0.248017330858514,0.935197723790075,FALSE
2299,0.222222222222222,0.257789666896191,0.935197723790075,FALSE
2299,0.333333333333333,0.600858175879146,0.935197723790075,FALSE
2299,0.444444444444444,0.36980967347482,0.935197723790075,FALSE
2299,0.555555555555556,0.238501847422031,0.935197723790075,FALSE
2299,0.666666666666667,0.71867804754607,0.935197723790075,FALSE
2299,0.777777777777778,0.449373390260281,0.935197723790075,FALSE
2299,0.888888888888889,0.164089601899517,0.862413657055284,FALSE
2299,1,0.143566237179231,0.861397423075386,FALSE
2300,0,0.304479455401259,0.962905970281753,FALSE
2300,0.111111111111111,0.658408210478324,0.962905970281753,FALSE
2300,0.222222222222222,0.962905970281753,0.962905970281753,FALSE
2300,0.333333333333333,0.514370097146605,0.962905970281753,FALSE
2300,0.444444444444444,0.350856923238791,0.962905970281753,FALSE
2300,0.555555555555556,0.709720099203814,0.962905970281753,FALSE
2300,0.666666666666667,0.33887111271124,0.962905970281753,FALSE
2300,0.777777777777778,0.32714588433535,0.962905970281753,FALSE
2300,0.888888888888889,0.64163444216328,0.962905970281753,FALSE
2300,1,0.727128790747124,0.962905970281753,FALSE
2301,0,0.420091111872281,0.969995879292663,FALSE
2301,0.111111111111111,0.464965934556067,0.969995879292663,FALSE
2301,0.222222222222222,0.780710232948907,0.969995879292663,FALSE
2301,0.333333333333333,0.88633909632498,0.969995879292663,FALSE
2301,0.444444444444444,0.254408646904175,0.969995879292663,FALSE
2301,0.555555555555556,0.0607903265526345,0.607903265526345,FALSE
2301,0.666666666666667,0.428860008201116,0.969995879292663,FALSE
2301,0.777777777777778,0.969995879292663,0.969995879292663,FALSE
2301,0.888888888888889,0.769179475768697,0.969995879292663,FALSE
2301,1,0.8744678299086,0.969995879292663,FALSE
2302,0,0.803912395998218,0.958003590517491,FALSE
2302,0.111111111111111,0.862624321320548,0.958003590517491,FALSE
2302,0.222222222222222,0.531968334005114,0.958003590517491,FALSE
2302,0.333333333333333,0.207158220610842,0.958003590517491,FALSE
2302,0.444444444444444,0.0378283824343528,0.340455441909175,FALSE
2302,0.555555555555556,0.0141736684921588,0.141736684921588,FALSE
2302,0.666666666666667,0.140175489219203,0.8684521090898,FALSE
2302,0.777777777777778,0.248129174025657,0.958003590517491,FALSE
2302,0.888888888888889,0.614018407319186,0.958003590517491,FALSE
2302,1,0.958003590517491,0.958003590517491,FALSE
2303,0,0.0230682454480407,0.192669560406732,FALSE
2303,0.111111111111111,0.0557826855813802,0.390478799069661,FALSE
2303,0.222222222222222,0.384443453311812,0.921829852756413,FALSE
2303,0.333333333333333,0.921829852756413,0.921829852756413,FALSE
2303,0.444444444444444,0.160450437736833,0.641801750947332,FALSE
2303,0.555555555555556,0.314156090151735,0.921829852756413,FALSE
2303,0.666666666666667,0.921829852756413,0.921829852756413,FALSE
2303,0.777777777777778,0.240336138546136,0.768886906623624,FALSE
2303,0.888888888888889,0.0598816914376038,0.419171840063227,FALSE
2303,1,0.0642231868022441,0.449562307615709,FALSE
2304,0,0.133382691933075,0.80029615159845,FALSE
2304,0.111111111111111,0.391167968016073,0.885568672761668,FALSE
2304,0.222222222222222,0.885568672761668,0.885568672761668,FALSE
2304,0.333333333333333,0.2575064043254,0.885568672761668,FALSE
2304,0.444444444444444,0.0107529516990778,0.107529516990778,FALSE
2304,0.555555555555556,0.10427998416604,0.729577577453753,FALSE
2304,0.666666666666667,0.756095904344239,0.885568672761668,FALSE
2304,0.777777777777778,0.416901472830716,0.885568672761668,FALSE
2304,0.888888888888889,0.408216423390551,0.885568672761668,FALSE
2304,1,0.590467563582585,0.885568672761668,FALSE
2305,0,0.67858474583799,0.969962061821685,FALSE
2305,0.111111111111111,0.815374635269251,0.969962061821685,FALSE
2305,0.222222222222222,0.39387727080315,0.969962061821685,FALSE
2305,0.333333333333333,0.0117646270864884,0.0941170166919072,FALSE
2305,0.444444444444444,0.00300277113091867,0.0300277113091867,TRUE
2305,0.555555555555556,0.00610458979470306,0.0529408218891978,FALSE
2305,0.666666666666667,0.253864978949048,0.969962061821685,FALSE
2305,0.777777777777778,0.473744223886136,0.969962061821685,FALSE
2305,0.888888888888889,0.969962061821685,0.969962061821685,FALSE
2305,1,0.377286465838785,0.969962061821685,FALSE
2306,0,0.377829109272858,0.946020653929916,FALSE
2306,0.111111111111111,0.88633909632498,0.946020653929916,FALSE
2306,0.222222222222222,0.24195728981996,0.755658218545716,FALSE
2306,0.333333333333333,0.0508861958102699,0.407089566482159,FALSE
2306,0.444444444444444,0.00989573541190095,0.0890616187071085,FALSE
2306,0.555555555555556,0.0168589614306229,0.151730652875606,FALSE
2306,0.666666666666667,0.224082618496487,0.755658218545716,FALSE
2306,0.777777777777778,0.946020653929916,0.946020653929916,FALSE
2306,0.888888888888889,0.315816055744121,0.946020653929916,FALSE
2306,1,0.260796102317999,0.782388306953997,FALSE
2307,0,0.89648190587377,0.89648190587377,FALSE
2307,0.111111111111111,0.524850805267163,0.89648190587377,FALSE
2307,0.222222222222222,0.684898872394521,0.89648190587377,FALSE
2307,0.333333333333333,0.495261446734622,0.89648190587377,FALSE
2307,0.444444444444444,0.345391608728699,0.89648190587377,FALSE
2307,0.555555555555556,0.329855179560974,0.89648190587377,FALSE
2307,0.666666666666667,0.227732629993802,0.89648190587377,FALSE
2307,0.777777777777778,0.300140992807677,0.89648190587377,FALSE
2307,0.888888888888889,0.651432420255092,0.89648190587377,FALSE
2307,1,0.788771482992686,0.89648190587377,FALSE
2308,0,0.76529261910213,0.848256377570492,FALSE
2308,0.111111111111111,0.848256377570492,0.848256377570492,FALSE
2308,0.222222222222222,0.742024070575322,0.848256377570492,FALSE
2308,0.333333333333333,0.159136878456997,0.848256377570492,FALSE
2308,0.444444444444444,0.00100783500041823,0.00907051500376407,TRUE
2308,0.555555555555556,0.000545386778096446,0.00503917500209115,TRUE
2308,0.666666666666667,0.0170255039232176,0.136204031385741,FALSE
2308,0.777777777777778,0.265545763183361,0.848256377570492,FALSE
2308,0.888888888888889,0.545060043616723,0.848256377570492,FALSE
2308,1,0.80058355737386,0.848256377570492,FALSE
2309,0,0.945837702575062,0.945837702575062,FALSE
2309,0.111111111111111,0.850310507817901,0.945837702575062,FALSE
2309,0.222222222222222,0.814963913284317,0.945837702575062,FALSE
2309,0.333333333333333,0.138798541263156,0.945837702575062,FALSE
2309,0.444444444444444,0.00200844695040363,0.0200844695040363,TRUE
2309,0.555555555555556,0.00962635245605349,0.0866371721044814,FALSE
2309,0.666666666666667,0.445156503828477,0.945837702575062,FALSE
2309,0.777777777777778,0.472737291802625,0.945837702575062,FALSE
2309,0.888888888888889,0.418502748071418,0.945837702575062,FALSE
2309,1,0.560756529045363,0.945837702575062,FALSE
2310,0,0.734029827951016,0.734029827951016,FALSE
2310,0.111111111111111,0.482132480749496,0.734029827951016,FALSE
2310,0.222222222222222,0.0688169232096386,0.48171846246747,FALSE
2310,0.333333333333333,0.000357659870702209,0.00321893883631988,TRUE
2310,0.444444444444444,7.43863456349689e-05,0.000743863456349689,TRUE
2310,0.555555555555556,0.0026342979724178,0.0210743837793424,TRUE
2310,0.666666666666667,0.216748593627463,0.650245780882389,FALSE
2310,0.777777777777778,0.454248301729058,0.734029827951016,FALSE
2310,0.888888888888889,0.472737291802625,0.734029827951016,FALSE
2310,1,0.321526618060025,0.723198721124244,FALSE
2311,0,0.176089931976402,0.528269795929206,FALSE
2311,0.111111111111111,0.191167209603984,0.573501628811952,FALSE
2311,0.222222222222222,0.110102687857909,0.382334419207968,FALSE
2311,0.333333333333333,0.00587445660823416,0.0528701094741074,FALSE
2311,0.444444444444444,0.00393813995473475,0.0354432595926127,TRUE
2311,0.555555555555556,0.0141736684921588,0.11338934793727,FALSE
2311,0.666666666666667,0.047316171912726,0.283897031476356,FALSE
2311,0.777777777777778,0.161904227876135,0.485712683628405,FALSE
2311,0.888888888888889,0.701126633974583,0.958003590517491,FALSE
2311,1,0.958003590517491,0.958003590517491,FALSE
2312,0,0.137325396442419,0.193864366757855,FALSE
2312,0.111111111111111,0.193864366757855,0.193864366757855,FALSE
2312,0.222222222222222,0.145760702390552,0.193864366757855,FALSE
2312,0.333333333333333,0.107247124216251,0.193864366757855,FALSE
2312,0.444444444444444,0.00943773312751244,0.0943773312751244,FALSE
2312,0.555555555555556,0.0305846315266313,0.191091430026232,FALSE
2312,0.666666666666667,0.0853795313869548,0.193864366757855,FALSE
2312,0.777777777777778,0.141495552717894,0.193864366757855,FALSE
2312,0.888888888888889,0.145760702390552,0.193864366757855,FALSE
2312,1,0.163792654308199,0.193864366757855,FALSE
2313,0,0.368058960398774,0.909850820644689,FALSE
2313,0.111111111111111,0.909850820644689,0.909850820644689,FALSE
2313,0.222222222222222,0.211117098868465,0.736117920797548,FALSE
2313,0.333333333333333,0.0318152970983896,0.222707079688727,FALSE
2313,0.444444444444444,0.0171874122687196,0.127261188393558,FALSE
2313,0.555555555555556,0.0026342979724178,0.026342979724178,TRUE
2313,0.666666666666667,0.0157656061848842,0.126124849479074,FALSE
2313,0.777777777777778,0.352109645831798,0.909850820644689,FALSE
2313,0.888888888888889,0.623470632218207,0.909850820644689,FALSE
2313,1,0.155930545975637,0.623722183902548,FALSE
2314,0,0.399638376264231,0.94565287934904,FALSE
2314,0.111111111111111,0.416901472830716,0.94565287934904,FALSE
2314,0.222222222222222,0.94565287934904,0.94565287934904,FALSE
2314,0.333333333333333,0.350448896861915,0.94565287934904,FALSE
2314,0.444444444444444,0.168293245441311,0.785360153207465,FALSE
2314,0.555555555555556,0.471216091924479,0.94565287934904,FALSE
2314,0.666666666666667,0.118141054312891,0.706824137886718,FALSE
2314,0.777777777777778,0.270587766564765,0.942432183848958,FALSE
2314,0.888888888888889,0.94565287934904,0.94565287934904,FALSE
2314,1,0.2575064043254,0.942432183848958,FALSE
2315,0,0.244863590119669,0.790902994007673,FALSE
2315,0.111111111111111,0.277293716100666,0.790902994007673,FALSE
2315,0.222222222222222,0.790902994007673,0.790902994007673,FALSE
2315,0.333333333333333,0.399638376264231,0.790902994007673,FALSE
2315,0.444444444444444,0.00704173409499562,0.0704173409499562,FALSE
2315,0.555555555555556,0.0492513961392478,0.415940574150999,FALSE
2315,0.666666666666667,0.721769403037708,0.790902994007673,FALSE
2315,0.777777777777778,0.193296519839723,0.773186079358892,FALSE
2315,0.888888888888889,0.10427998416604,0.554587432201332,FALSE
2315,1,0.244863590119669,0.790902994007673,FALSE
2316,0,0.768417550567334,0.768417550567334,FALSE
2316,0.111111111111111,0.501218821702216,0.768417550567334,FALSE
2316,0.222222222222222,0.123132634895171,0.379266876646006,FALSE
2316,0.333333333333333,0.0642231868022441,0.316055730538338,FALSE
2316,0.444444444444444,0.0371469637552142,0.242897447210523,FALSE
2316,0.555555555555556,0.00877056144050701,0.0877056144050701,FALSE
2316,0.666666666666667,0.0928741151141617,0.371496460456647,FALSE
2316,0.777777777777778,0.189633438323003,0.568900314969009,FALSE
2316,0.888888888888889,0.138798541263156,0.416395623789468,FALSE
2316,1,0.0432072896334795,0.259243737800877,FALSE
2317,0,0.981788716328661,0.981788716328661,FALSE
2317,0.111111111111111,0.609954039807622,0.981788716328661,FALSE
2317,0.222222222222222,0.450608093017537,0.981788716328661,FALSE
2317,0.333333333333333,0.139673969066019,0.914645015940404,FALSE
2317,0.444444444444444,0.038425064579658,0.345825581216922,FALSE
2317,0.555555555555556,0.0369737806347952,0.332764025713157,FALSE
2317,0.666666666666667,0.171079923058509,0.97997680279329,FALSE
2317,0.777777777777778,0.423552312626065,0.981788716328661,FALSE
2317,0.888888888888889,0.969652471601007,0.981788716328661,FALSE
2317,1,0.65331786852886,0.981788716328661,FALSE
2318,0,0.483624445383279,0.769179475768697,FALSE
2318,0.111111111111111,0.689994110119268,0.769179475768697,FALSE
2318,0.222222222222222,0.769179475768697,0.769179475768697,FALSE
2318,0.333333333333333,0.0566549266010292,0.396584486207204,FALSE
2318,0.444444444444444,0.00273482266455402,0.0246134039809862,TRUE
2318,0.555555555555556,9.8675905576749e-05,0.00098675905576749,TRUE
2318,0.666666666666667,0.0566549266010292,0.396584486207204,FALSE
2318,0.777777777777778,0.474245549765497,0.769179475768697,FALSE
2318,0.888888888888889,0.483624445383279,0.769179475768697,FALSE
2318,1,0.16653519521587,0.769179475768697,FALSE
2319,0,0.301405098042098,0.394414894785667,FALSE
2319,0.111111111111111,0.330665068473622,0.394414894785667,FALSE
2319,0.222222222222222,0.100217286981313,0.394414894785667,FALSE
2319,0.333333333333333,0.0113449715047069,0.0794148005329483,FALSE
2319,0.444444444444444,0.0003775858851031,0.0033982729659279,TRUE
2319,0.555555555555556,0.0003775858851031,0.0033982729659279,TRUE
2319,0.666666666666667,0.00167599731669631,0.0134079785335705,TRUE
2319,0.777777777777778,0.113561177346178,0.394414894785667,FALSE
2319,0.888888888888889,0.338253650042362,0.394414894785667,FALSE
2319,1,0.394414894785667,0.394414894785667,FALSE
2320,0,0.229400283618936,0.898121384440131,FALSE
2320,0.111111111111111,0.0190065000963167,0.144766025540548,FALSE
2320,0.222222222222222,0.0361915063851369,0.253340544695958,FALSE
2320,0.333333333333333,0.768926336830289,0.898121384440131,FALSE
2320,0.444444444444444,0.0206706697967184,0.144766025540548,FALSE
2320,0.555555555555556,0.0253866674559758,0.177706672191831,FALSE
2320,0.666666666666667,0.898121384440131,0.898121384440131,FALSE
2320,0.777777777777778,0.241417938035257,0.898121384440131,FALSE
2320,0.888888888888889,0.551508567409157,0.898121384440131,FALSE
2320,1,0.166046458817921,0.664185835271684,FALSE
2321,0,0.700159526650643,0.921829852756413,FALSE
2321,0.111111111111111,0.921829852756413,0.921829852756413,FALSE
2321,0.222222222222222,0.246501160471999,0.921829852756413,FALSE
2321,0.333333333333333,0.0110471807551737,0.0883774460413896,FALSE
2321,0.444444444444444,0.000335358926451674,0.00301823033806507,TRUE
2321,0.555555555555556,0.00024180735517402,0.00217626619656618,TRUE
2321,0.666666666666667,0.057802483601964,0.346814901611784,FALSE
2321,0.777777777777778,0.550604062499037,0.921829852756413,FALSE
2321,0.888888888888889,0.418502748071418,0.921829852756413,FALSE
2321,1,0.0688169232096386,0.412901539257832,FALSE
2322,0,0.861066610504528,0.957523140155041,FALSE
2322,0.111111111111111,0.957523140155041,0.957523140155041,FALSE
2322,0.222222222222222,0.861066610504528,0.957523140155041,FALSE
2322,0.333333333333333,0.933296246142384,0.957523140155041,FALSE
2322,0.444444444444444,0.105959987785511,0.764858012325112,FALSE
2322,0.555555555555556,0.00453571245222066,0.0453571245222066,TRUE
2322,0.666666666666667,0.0620217230238569,0.496173784190855,FALSE
2322,0.777777777777778,0.755009485948567,0.957523140155041,FALSE
2322,0.888888888888889,0.317609368002154,0.957523140155041,FALSE
2322,1,0.191214503081278,0.957523140155041,FALSE
2323,0,0.733154262372335,0.87361819133125,FALSE
2323,0.111111111111111,0.499749150495822,0.87361819133125,FALSE
2323,0.222222222222222,0.622280942968738,0.87361819133125,FALSE
2323,0.333333333333333,0.408216423390551,0.87361819133125,FALSE
2323,0.444444444444444,0.00297750630796251,0.0297750630796251,TRUE
2323,0.555555555555556,0.0324539326896626,0.292085394206963,FALSE
2323,0.666666666666667,0.342634584515738,0.87361819133125,FALSE
2323,0.777777777777778,0.60099006682557,0.87361819133125,FALSE
2323,0.888888888888889,0.87361819133125,0.87361819133125,FALSE
2323,1,0.509456830447936,0.87361819133125,FALSE
2324,0,0.120299465742271,0.601497328711355,FALSE
2324,0.111111111111111,0.201206973238412,0.738305168428452,FALSE
2324,0.222222222222222,0.993991070293698,0.993991070293698,FALSE
2324,0.333333333333333,0.280059953605878,0.840179860817634,FALSE
2324,0.444444444444444,0.0182185328621654,0.163966795759489,FALSE
2324,0.555555555555556,0.0085299258270795,0.085299258270795,FALSE
2324,0.666666666666667,0.0821862734901098,0.516813617899916,FALSE
2324,0.777777777777778,0.981974553146693,0.993991070293698,FALSE
2324,0.888888888888889,0.369152584214226,0.993991070293698,FALSE
2324,1,0.337703171192062,0.993991070293698,FALSE
2325,0,0.886211772176648,0.886211772176648,FALSE
2325,0.111111111111111,0.603057324052949,0.886211772176648,FALSE
2325,0.222222222222222,0.175592080136525,0.886211772176648,FALSE
2325,0.333333333333333,0.0146868805762219,0.102808164033553,FALSE
2325,0.444444444444444,0.000168206982902441,0.00151386284612197,TRUE
2325,0.555555555555556,0.000146717266849909,0.00132045540164918,TRUE
2325,0.666666666666667,0.0206706697967184,0.144694688577029,FALSE
2325,0.777777777777778,0.52163893640967,0.886211772176648,FALSE
2325,0.888888888888889,0.874327412556658,0.886211772176648,FALSE
2325,1,0.874327412556658,0.886211772176648,FALSE
2326,0,0.733154262372335,0.733154262372335,FALSE
2326,0.111111111111111,0.0589744712739719,0.2606999604151,FALSE
2326,0.222222222222222,0.0034867445718672,0.0209204674312032,TRUE
2326,0.333333333333333,0.000562216822484362,0.0044977345798749,TRUE
2326,0.444444444444444,1.88355321381177e-05,0.000169519789243059,TRUE
2326,0.555555555555556,2.2094753097208e-05,0.000198852777874872,TRUE
2326,0.666666666666667,0.00297750630796251,0.0178650378477751,TRUE
2326,0.777777777777778,0.10427998416604,0.41711993666416,FALSE
2326,0.888888888888889,0.319855696695896,0.639711393391792,FALSE
2326,1,0.382805779291303,0.733154262372335,FALSE
2327,0,0.993977465449805,0.993977465449805,FALSE
2327,0.111111111111111,0.921829852756413,0.993977465449805,FALSE
2327,0.222222222222222,0.581325046963733,0.993977465449805,FALSE
2327,0.333333333333333,0.0519165057230079,0.363415540061055,FALSE
2327,0.444444444444444,0.000172833674119034,0.00155550306707131,TRUE
2327,0.555555555555556,0.000122429702450709,0.00110186732205638,TRUE
2327,0.666666666666667,0.0519165057230079,0.363415540061055,FALSE
2327,0.777777777777778,0.360029715304625,0.993977465449805,FALSE
2327,0.888888888888889,0.570997381001762,0.993977465449805,FALSE
2327,1,0.360029715304625,0.993977465449805,FALSE
2328,0,0.969652471601007,0.969652471601007,FALSE
2328,0.111111111111111,0.778262174517005,0.969652471601007,FALSE
2328,0.222222222222222,0.201901969333793,0.605705908001379,FALSE
2328,0.333333333333333,0.0228518296263787,0.159962807384651,FALSE
2328,0.444444444444444,0.00819677289000644,0.0685554888791361,FALSE
2328,0.555555555555556,0.00409345937787959,0.0409345937787959,TRUE
2328,0.666666666666667,0.0169731864471884,0.118812305130319,FALSE
2328,0.777777777777778,0.213011256046357,0.639033768139071,FALSE
2328,0.888888888888889,0.123805069644447,0.426022512092714,FALSE
2328,1,0.0598636375333351,0.319516884069535,FALSE
2329,0,0.945403480895355,0.981788716328661,FALSE
2329,0.111111111111111,0.348215237844614,0.981788716328661,FALSE
2329,0.222222222222222,0.664348945517082,0.981788716328661,FALSE
2329,0.333333333333333,0.348215237844614,0.981788716328661,FALSE
2329,0.444444444444444,0.00781433206320263,0.0703289885688237,FALSE
2329,0.555555555555556,0.00145604368693641,0.0145604368693641,TRUE
2329,0.666666666666667,0.37233958725982,0.981788716328661,FALSE
2329,0.777777777777778,0.981788716328661,0.981788716328661,FALSE
2329,0.888888888888889,0.849122487851918,0.981788716328661,FALSE
2329,1,0.507502295455494,0.981788716328661,FALSE
2330,0,0.603466938321783,0.678927253000778,FALSE
2330,0.111111111111111,0.353758131804555,0.678927253000778,FALSE
2330,0.222222222222222,0.128242791042787,0.641213955213935,FALSE
2330,0.333333333333333,0.0108425494179811,0.0867403953438488,FALSE
2330,0.444444444444444,0.000113574078825599,0.00113574078825599,TRUE
2330,0.555555555555556,0.00259303696566563,0.0233373326909907,TRUE
2330,0.666666666666667,0.207158220610842,0.678927253000778,FALSE
2330,0.777777777777778,0.646141238401677,0.678927253000778,FALSE
2330,0.888888888888889,0.678927253000778,0.678927253000778,FALSE
2330,1,0.21269508362698,0.678927253000778,FALSE
2331,0,0.0270904658313141,0.243814192481827,FALSE
2331,0.111111111111111,0.0202311480814876,0.182080332733388,FALSE
2331,0.222222222222222,0.064895827782404,0.452350189101662,FALSE
2331,0.333333333333333,0.292995804759377,0.718985271183653,FALSE
2331,0.444444444444444,0.586584316123273,0.718985271183653,FALSE
2331,0.555555555555556,0.337566892642248,0.718985271183653,FALSE
2331,0.666666666666667,0.718985271183653,0.718985271183653,FALSE
2331,0.777777777777778,0.193864366757855,0.675133785284496,FALSE
2331,0.888888888888889,0.125373708954656,0.56261148773708,FALSE
2331,1,0.188593460168572,0.675133785284496,FALSE
2332,0,0.49776935389943,0.945403480895355,FALSE
2332,0.111111111111111,0.73197327780514,0.945403480895355,FALSE
2332,0.222222222222222,0.945403480895355,0.945403480895355,FALSE
2332,0.333333333333333,0.432465282182147,0.945403480895355,FALSE
2332,0.444444444444444,0.038425064579658,0.38425064579658,FALSE
2332,0.555555555555556,0.123805069644447,0.945403480895355,FALSE
2332,0.666666666666667,0.642360864465797,0.945403480895355,FALSE
2332,0.777777777777778,0.73197327780514,0.945403480895355,FALSE
2332,0.888888888888889,0.82533883379856,0.945403480895355,FALSE
2332,1,0.837212357919785,0.945403480895355,FALSE
2333,0,0.201725090042987,0.839030840618422,FALSE
2333,0.111111111111111,0.678927253000778,0.839030840618422,FALSE
2333,0.222222222222222,0.502675693030805,0.839030840618422,FALSE
2333,0.333333333333333,0.0364135305474055,0.291308244379244,FALSE
2333,0.444444444444444,0.00616793888377591,0.0616793888377591,FALSE
2333,0.555555555555556,0.0199724874478388,0.163860887463325,FALSE
2333,0.666666666666667,0.394414894785667,0.839030840618422,FALSE
2333,0.777777777777778,0.562088396521811,0.839030840618422,FALSE
2333,0.888888888888889,0.394414894785667,0.839030840618422,FALSE
2333,1,0.839030840618422,0.839030840618422,FALSE
2334,0,0.90954401022723,0.90954401022723,FALSE
2334,0.111111111111111,0.721769403037708,0.90954401022723,FALSE
2334,0.222222222222222,0.837947116751171,0.90954401022723,FALSE
2334,0.333333333333333,0.452696998327623,0.90954401022723,FALSE
2334,0.444444444444444,0.00386815202775744,0.034813368249817,TRUE
2334,0.555555555555556,0.00192921367473227,0.0192921367473227,TRUE
2334,0.666666666666667,0.182991128461102,0.90954401022723,FALSE
2334,0.777777777777778,0.471216091924479,0.90954401022723,FALSE
2334,0.888888888888889,0.232656112366615,0.90954401022723,FALSE
2334,1,0.434589752240269,0.90954401022723,FALSE
2335,0,0.201206973238412,0.67858474583799,FALSE
2335,0.111111111111111,0.571870858799202,0.67858474583799,FALSE
2335,0.222222222222222,0.624257547290839,0.67858474583799,FALSE
2335,0.333333333333333,0.143870566657631,0.67858474583799,FALSE
2335,0.444444444444444,0.0906651991821538,0.543991195092923,FALSE
2335,0.555555555555556,0.0215485926354351,0.193937333718916,FALSE
2335,0.666666666666667,0.0206706697967184,0.186036028170466,FALSE
2335,0.777777777777778,0.473744223886136,0.67858474583799,FALSE
2335,0.888888888888889,0.67858474583799,0.67858474583799,FALSE
2335,1,0.124006542648517,0.620032713242585,FALSE
2336,0,0.156890517625795,0.39387727080315,FALSE
2336,0.111111111111111,0.39387727080315,0.39387727080315,FALSE
2336,0.222222222222222,0.337703171192062,0.39387727080315,FALSE
2336,0.333333333333333,0.071878673521438,0.326467702408682,FALSE
2336,0.444444444444444,0.000421077160712024,0.00378969444640822,TRUE
2336,0.555555555555556,3.71767612082094e-05,0.000371767612082094,TRUE
2336,0.666666666666667,0.0093629209111624,0.0749033672892992,FALSE
2336,0.777777777777778,0.195880621445209,0.39387727080315,FALSE
2336,0.888888888888889,0.195880621445209,0.39387727080315,FALSE
2336,1,0.0583959082488353,0.293820932167814,FALSE
2337,0,0.710444894598392,0.90954401022723,FALSE
2337,0.111111111111111,0.611595121948945,0.90954401022723,FALSE
2337,0.222222222222222,0.461905544455734,0.90954401022723,FALSE
2337,0.333333333333333,0.215152486363566,0.88805611824799,FALSE
2337,0.444444444444444,0.0012260472230177,0.0110344250071593,TRUE
2337,0.555555555555556,0.000914251968339106,0.00822826771505195,TRUE
2337,0.666666666666667,0.0235253376843772,0.188202701475018,FALSE
2337,0.777777777777778,0.173092329923464,0.86546164961732,FALSE
2337,0.888888888888889,0.539152281585328,0.90954401022723,FALSE
2337,1,0.90954401022723,0.90954401022723,FALSE
2338,0,0.280059953605878,0.945959876174225,FALSE
2338,0.111111111111111,0.645768582744037,0.945959876174225,FALSE
2338,0.222222222222222,0.280059953605878,0.945959876174225,FALSE
2338,0.333333333333333,0.00893790648180652,0.0625653453726456,FALSE
2338,0.444444444444444,2.34005520929206e-05,0.000210604968836285,TRUE
2338,0.555555555555556,2.95494039133608e-05,0.000265944635220247,TRUE
2338,0.666666666666667,0.0140566617708047,0.0983966323956329,FALSE
2338,0.777777777777778,0.473744223886136,0.945959876174225,FALSE
2338,0.888888888888889,0.910053635771101,0.945959876174225,FALSE
2338,1,0.945959876174225,0.945959876174225,FALSE
2339,0,0.171263461651606,0.181015484481374,FALSE
2339,0.111111111111111,0.0255628001055518,0.127814000527759,FALSE
2339,0.222222222222222,0.00220643170186496,0.0137834898415716,TRUE
2339,0.333333333333333,0.000121779452973629,0.000974235623789032,TRUE
2339,0.444444444444444,7.96892170148105e-05,0.000637513736118484,TRUE
2339,0.555555555555556,6.89776576475858e-05,0.000551821261180686,TRUE
2339,0.666666666666667,0.00393813995473475,0.0236288397284085,TRUE
2339,0.777777777777778,0.110102687857909,0.181015484481374,FALSE
2339,0.888888888888889,0.181015484481374,0.181015484481374,FALSE
2339,1,0.09708157362692,0.181015484481374,FALSE
2340,0,0.226714437072559,0.906857748290236,FALSE
2340,0.111111111111111,0.471216091924479,0.94565287934904,FALSE
2340,0.222222222222222,0.94565287934904,0.94565287934904,FALSE
2340,0.333333333333333,0.559412468193542,0.94565287934904,FALSE
2340,0.444444444444444,0.342634584515738,0.94565287934904,FALSE
2340,0.555555555555556,0.137417402504438,0.824504415026628,FALSE
2340,0.666666666666667,0.699182971526866,0.94565287934904,FALSE
2340,0.777777777777778,0.665794455875193,0.94565287934904,FALSE
2340,0.888888888888889,0.319855696695896,0.94565287934904,FALSE
2340,1,0.633045694426073,0.94565287934904,FALSE
2341,0,0.933826370259424,0.933826370259424,FALSE
2341,0.111111111111111,0.482132480749496,0.933826370259424,FALSE
2341,0.222222222222222,0.591737904009501,0.933826370259424,FALSE
2341,0.333333333333333,0.666866420339198,0.933826370259424,FALSE
2341,0.444444444444444,0.0110471807551737,0.0994246267965633,FALSE
2341,0.555555555555556,0.00725712930030868,0.0653141637027781,FALSE
2341,0.666666666666667,0.491626704188522,0.933826370259424,FALSE
2341,0.777777777777778,0.623470632218207,0.933826370259424,FALSE
2341,0.888888888888889,0.246501160471999,0.889155227118931,FALSE
2341,1,0.560756529045363,0.933826370259424,FALSE
2342,0,0.656635974711207,0.874327412556658,FALSE
2342,0.111111111111111,0.874327412556658,0.874327412556658,FALSE
2342,0.222222222222222,0.624257547290839,0.874327412556658,FALSE
2342,0.333333333333333,0.212169987145769,0.874327412556658,FALSE
2342,0.444444444444444,0.071878673521438,0.71878673521438,FALSE
2342,0.555555555555556,0.223551251312794,0.874327412556658,FALSE
2342,0.666666666666667,0.815374635269251,0.874327412556658,FALSE
2342,0.777777777777778,0.624257547290839,0.874327412556658,FALSE
2342,0.888888888888889,0.419563081384622,0.874327412556658,FALSE
2342,1,0.428335730652805,0.874327412556658,FALSE
2343,0,0.908604445333716,0.908604445333716,FALSE
2343,0.111111111111111,0.848256377570492,0.908604445333716,FALSE
2343,0.222222222222222,0.555305238834011,0.908604445333716,FALSE
2343,0.333333333333333,0.159136878456997,0.895779438324619,FALSE
2343,0.444444444444444,0.00900186943325334,0.0810168248992801,FALSE
2343,0.555555555555556,0.000511948236799485,0.00511948236799485,TRUE
2343,0.666666666666667,0.0387215199932134,0.309772159945707,FALSE
2343,0.777777777777778,0.272239049620974,0.908604445333716,FALSE
2343,0.888888888888889,0.534908066406834,0.908604445333716,FALSE
2343,1,0.597186292216413,0.908604445333716,FALSE
2344,0,0.511867759722687,0.886211772176648,FALSE
2344,0.111111111111111,0.862470902776012,0.886211772176648,FALSE
2344,0.222222222222222,0.886211772176648,0.886211772176648,FALSE
2344,0.333333333333333,0.0795049339408269,0.477029603644961,FALSE
2344,0.444444444444444,0.000180008236055372,0.00162007412449835,TRUE
2344,0.555555555555556,0.0002201480796272,0.0019813327166448,TRUE
2344,0.666666666666667,0.0390559815705669,0.273391870993968,FALSE
2344,0.777777777777778,0.322634053578578,0.886211772176648,FALSE
2344,0.888888888888889,0.308003741206446,0.886211772176648,FALSE
2344,1,0.0906651991821538,0.543991195092923,FALSE
2345,0,0.308555805744008,0.850811141251047,FALSE
2345,0.111111111111111,0.248129174025657,0.850811141251047,FALSE
2345,0.222222222222222,0.420091111872281,0.850811141251047,FALSE
2345,0.333333333333333,0.386068458121099,0.850811141251047,FALSE
2345,0.444444444444444,0.273896324327155,0.850811141251047,FALSE
2345,0.555555555555556,0.850811141251047,0.850811141251047,FALSE
2345,0.666666666666667,0.361673545272988,0.850811141251047,FALSE
2345,0.777777777777778,0.769179475768697,0.850811141251047,FALSE
2345,0.888888888888889,0.59299651504642,0.850811141251047,FALSE
2345,1,0.201725090042987,0.850811141251047,FALSE
2346,0,1,1,FALSE
2346,0.111111111111111,0.330113811652857,1,FALSE
2346,0.222222222222222,0.0936405459997433,0.56184327599846,FALSE
2346,0.333333333333333,0.109689504860098,0.658137029160588,FALSE
2346,0.444444444444444,0.0093629209111624,0.0842662882004616,FALSE
2346,0.555555555555556,0.000611450582227053,0.00611450582227053,TRUE
2346,0.666666666666667,0.0215485926354351,0.172388741083481,FALSE
2346,0.777777777777778,0.353209990165066,1,FALSE
2346,0.888888888888889,0.803695639511784,1,FALSE
2346,1,0.874327412556658,1,FALSE
2347,0,0.934049731034808,0.958003590517491,FALSE
2347,0.111111111111111,0.315816055744121,0.958003590517491,FALSE
2347,0.222222222222222,0.315816055744121,0.958003590517491,FALSE
2347,0.333333333333333,0.958003590517491,0.958003590517491,FALSE
2347,0.444444444444444,0.148585697011622,0.840182223744562,FALSE
2347,0.555555555555556,0.420091111872281,0.958003590517491,FALSE
2347,0.666666666666667,0.922093475565989,0.958003590517491,FALSE
2347,0.777777777777778,0.254408646904175,0.958003590517491,FALSE
2347,0.888888888888889,0.0546752891707583,0.495285656705407,FALSE
2347,1,0.106726658963916,0.735159445776492,FALSE
2348,0,0.255560607243353,0.944699532739876,FALSE
2348,0.111111111111111,0.289551229473685,0.944699532739876,FALSE
2348,0.222222222222222,0.694152933635157,0.944699532739876,FALSE
2348,0.333333333333333,0.763681961983258,0.944699532739876,FALSE
2348,0.444444444444444,0.0585769650952724,0.527192685857452,FALSE
2348,0.555555555555556,0.02705070763522,0.2705070763522,FALSE
2348,0.666666666666667,0.22440369485553,0.944699532739876,FALSE
2348,0.777777777777778,0.944699532739876,0.944699532739876,FALSE
2348,0.888888888888889,0.605331662472325,0.944699532739876,FALSE
2348,1,0.740264810981138,0.944699532739876,FALSE
2349,0,0.191167209603984,0.646371663659998,FALSE
2349,0.111111111111111,0.148585697011622,0.594342788046488,FALSE
2349,0.222222222222222,0.0853038841683476,0.426519420841738,FALSE
2349,0.333333333333333,0.0217062526367072,0.15194376845695,FALSE
2349,0.444444444444444,0.00587445660823416,0.0528701094741074,FALSE
2349,0.555555555555556,0.000402329115699144,0.00402329115699144,TRUE
2349,0.666666666666667,0.0311898229107295,0.218328760375107,FALSE
2349,0.777777777777778,0.323185831829999,0.780710232948907,FALSE
2349,0.888888888888889,0.780710232948907,0.780710232948907,FALSE
2349,1,0.746270454632137,0.780710232948907,FALSE
2350,0,0.238705661426207,0.756095904344239,FALSE
2350,0.111111111111111,0.654804405628379,0.756095904344239,FALSE
2350,0.222222222222222,0.168293245441311,0.71027547003623,FALSE
2350,0.333333333333333,0.0288182785275313,0.211875004706196,FALSE
2350,0.444444444444444,0.007750972221355,0.07750972221355,FALSE
2350,0.555555555555556,0.020766387942324,0.166131103538592,FALSE
2350,0.666666666666667,0.052968751176549,0.370781258235843,FALSE
2350,0.777777777777778,0.756095904344239,0.756095904344239,FALSE
2350,0.888888888888889,0.519260795149723,0.756095904344239,FALSE
2350,1,0.284110188014492,0.756095904344239,FALSE
2351,0,0.52163893640967,0.922005897712861,FALSE
2351,0.111111111111111,0.667575361344702,0.922005897712861,FALSE
2351,0.222222222222222,0.656635974711207,0.922005897712861,FALSE
2351,0.333333333333333,0.0309889018408024,0.247911214726419,FALSE
2351,0.444444444444444,6.73900060639613e-05,0.000673900060639613,TRUE
2351,0.555555555555556,0.00672594016376656,0.060533461473899,FALSE
2351,0.666666666666667,0.624257547290839,0.922005897712861,FALSE
2351,0.777777777777778,0.922005897712861,0.922005897712861,FALSE
2351,0.888888888888889,0.624257547290839,0.922005897712861,FALSE
2351,1,0.874327412556658,0.922005897712861,FALSE
2352,0,0.395988002154076,0.907194119222778,FALSE
2352,0.111111111111111,0.70323117351349,0.907194119222778,FALSE
2352,0.222222222222222,0.82166162833833,0.907194119222778,FALSE
2352,0.333333333333333,0.413619752207033,0.907194119222778,FALSE
2352,0.444444444444444,0.0921311833623556,0.8291806502612,FALSE
2352,0.555555555555556,0.0777361698629406,0.699625528766465,FALSE
2352,0.666666666666667,0.61319808842493,0.907194119222778,FALSE
2352,0.777777777777778,0.907194119222778,0.907194119222778,FALSE
2352,0.888888888888889,0.570145915750454,0.907194119222778,FALSE
2352,1,0.413619752207033,0.907194119222778,FALSE
2353,0,0.815374635269251,0.993991070293698,FALSE
2353,0.111111111111111,0.993991070293698,0.993991070293698,FALSE
2353,0.222222222222222,0.827094161760894,0.993991070293698,FALSE
2353,0.333333333333333,0.206636528045759,0.993991070293698,FALSE
2353,0.444444444444444,0.0085299258270795,0.0767693324437155,FALSE
2353,0.555555555555556,0.00351209632571183,0.0351209632571183,TRUE
2353,0.666666666666667,0.175592080136525,0.992512994113073,FALSE
2353,0.777777777777778,0.78046906858323,0.993991070293698,FALSE
2353,0.888888888888889,0.745993861544069,0.993991070293698,FALSE
2353,1,0.75743381968141,0.993991070293698,FALSE
2354,0,0.734896831877994,0.827285949122847,FALSE
2354,0.111111111111111,0.446708601318144,0.827285949122847,FALSE
2354,0.222222222222222,0.827285949122847,0.827285949122847,FALSE
2354,0.333333333333333,0.0566549266010292,0.396584486207204,FALSE
2354,0.444444444444444,1.89803396793393e-05,0.000189803396793393,TRUE
2354,0.555555555555556,6.89776576475858e-05,0.000620798918828272,TRUE
2354,0.666666666666667,0.0378283824343528,0.26479867704047,FALSE
2354,0.777777777777778,0.207158220610842,0.827285949122847,FALSE
2354,0.888888888888889,0.455786627453199,0.827285949122847,FALSE
2354,1,0.483624445383279,0.827285949122847,FALSE
2355,0,0.850811141251047,0.88633909632498,FALSE
2355,0.111111111111111,0.493101538841742,0.88633909632498,FALSE
2355,0.222222222222222,0.0881359482701067,0.52881568962064,FALSE
2355,0.333333333333333,0.012411092872085,0.09928874297668,FALSE
2355,0.444444444444444,0.000332236847881753,0.00299013163093578,TRUE
2355,0.555555555555556,0.000196449122515197,0.00176804210263677,TRUE
2355,0.666666666666667,0.0881359482701067,0.52881568962064,FALSE
2355,0.777777777777778,0.667928139410678,0.88633909632498,FALSE
2355,0.888888888888889,0.88633909632498,0.88633909632498,FALSE
2355,1,0.614018407319186,0.88633909632498,FALSE
2356,0,0.86169602722761,0.86169602722761,FALSE
2356,0.111111111111111,0.837947116751171,0.86169602722761,FALSE
2356,0.222222222222222,0.284110188014492,0.86169602722761,FALSE
2356,0.333333333333333,0.00812862624576196,0.0650290099660957,FALSE
2356,0.444444444444444,3.26836398632635e-05,0.000326836398632635,TRUE
2356,0.555555555555556,0.00704173409499562,0.056333872759965,FALSE
2356,0.666666666666667,0.193296519839723,0.86169602722761,FALSE
2356,0.777777777777778,0.490139010407253,0.86169602722761,FALSE
2356,0.888888888888889,0.654804405628379,0.86169602722761,FALSE
2356,1,0.416901472830716,0.86169602722761,FALSE
2357,0,0.108520336845443,0.771492425654852,FALSE
2357,0.111111111111111,0.374131225371202,0.771492425654852,FALSE
2357,0.222222222222222,0.771492425654852,0.771492425654852,FALSE
2357,0.333333333333333,0.418055975615921,0.771492425654852,FALSE
2357,0.444444444444444,0.0222132884345939,0.199919595911345,FALSE
2357,0.555555555555556,0.0203617979931762,0.183256181938586,FALSE
2357,0.666666666666667,0.712149602124646,0.771492425654852,FALSE
2357,0.777777777777778,0.50421084522047,0.771492425654852,FALSE
2357,0.888888888888889,0.317565387153664,0.771492425654852,FALSE
2357,1,0.665860416667594,0.771492425654852,FALSE
2358,0,0.472737291802625,0.969894082635725,FALSE
2358,0.111111111111111,0.850310507817901,0.969894082635725,FALSE
2358,0.222222222222222,0.445156503828477,0.969894082635725,FALSE
2358,0.333333333333333,0.0343943953315379,0.275155162652303,FALSE
2358,0.444444444444444,0.00798232755476884,0.0718409479929196,FALSE
2358,0.555555555555556,0.00691681875228951,0.0622513687706056,FALSE
2358,0.666666666666667,0.112303114558248,0.786121801907736,FALSE
2358,0.777777777777778,0.501218821702216,0.969894082635725,FALSE
2358,0.888888888888889,0.969894082635725,0.969894082635725,FALSE
2358,1,0.945837702575062,0.969894082635725,FALSE
2359,0,0.121819137017453,0.67129496183225,FALSE
2359,0.111111111111111,0.559412468193542,0.885568672761668,FALSE
2359,0.222222222222222,0.480627609720076,0.885568672761668,FALSE
2359,0.333333333333333,0.327337810423463,0.839118702290313,FALSE
2359,0.444444444444444,0.00738885505603945,0.0591108404483156,FALSE
2359,0.555555555555556,0.00024373887532154,0.0024373887532154,TRUE
2359,0.666666666666667,0.00893278028833697,0.0714622423066958,FALSE
2359,0.777777777777778,0.312484577203517,0.839118702290313,FALSE
2359,0.888888888888889,0.885568672761668,0.885568672761668,FALSE
2359,1,0.509456830447936,0.885568672761668,FALSE
2360,0,0.850811141251047,0.981994852541971,FALSE
2360,0.111111111111111,0.839030840618422,0.981994852541971,FALSE
2360,0.222222222222222,0.981994852541971,0.981994852541971,FALSE
2360,0.333333333333333,0.723580171547055,0.981994852541971,FALSE
2360,0.444444444444444,0.136107967530958,0.972355590001197,FALSE
2360,0.555555555555556,0.0148075938069715,0.148075938069715,FALSE
2360,0.666666666666667,0.16653519521587,0.981994852541971,FALSE
2360,0.777777777777778,0.656998804007819,0.981994852541971,FALSE
2360,0.888888888888889,0.803912395998218,0.981994852541971,FALSE
2360,1,0.780710232948907,0.981994852541971,FALSE
2361,0,0.910053635771101,0.910053635771101,FALSE
2361,0.111111111111111,0.689662087937992,0.910053635771101,FALSE
2361,0.222222222222222,0.886211772176648,0.910053635771101,FALSE
2361,0.333333333333333,0.768926336830289,0.910053635771101,FALSE
2361,0.444444444444444,0.0437060991786765,0.393354892608089,FALSE
2361,0.555555555555556,0.0234005321738766,0.218530495893383,FALSE
2361,0.666666666666667,0.353209990165066,0.910053635771101,FALSE
2361,0.777777777777778,0.561645784153247,0.910053635771101,FALSE
2361,0.888888888888889,0.266744758717258,0.910053635771101,FALSE
2361,1,0.502191480060636,0.910053635771101,FALSE
2362,0,0.792288672904047,0.8744678299086,FALSE
2362,0.111111111111111,0.746270454632137,0.8744678299086,FALSE
2362,0.222222222222222,0.437732773947456,0.8744678299086,FALSE
2362,0.333333333333333,0.0364135305474055,0.32772177492665,FALSE
2362,0.444444444444444,0.0651685572091073,0.586517014881966,FALSE
2362,0.555555555555556,0.207158220610842,0.8744678299086,FALSE
2362,0.666666666666667,0.656998804007819,0.8744678299086,FALSE
2362,0.777777777777778,0.614018407319186,0.8744678299086,FALSE
2362,0.888888888888889,0.483624445383279,0.8744678299086,FALSE
2362,1,0.8744678299086,0.8744678299086,FALSE
2363,0,0.549165083615568,0.894886482593636,FALSE
2363,0.111111111111111,0.580775318891737,0.894886482593636,FALSE
2363,0.222222222222222,0.657603982256271,0.894886482593636,FALSE
2363,0.333333333333333,0.726457843630907,0.894886482593636,FALSE
2363,0.444444444444444,0.115725222072021,0.894886482593636,FALSE
2363,0.555555555555556,0.112094374007622,0.894886482593636,FALSE
2363,0.666666666666667,0.657603982256271,0.894886482593636,FALSE
2363,0.777777777777778,0.809587203860999,0.894886482593636,FALSE
2363,0.888888888888889,0.773641088579319,0.894886482593636,FALSE
2363,1,0.894886482593636,0.894886482593636,FALSE
2364,0,0.189633438323003,0.747675372060484,FALSE
2364,0.111111111111111,0.126915444901619,0.672907834854436,FALSE
2364,0.222222222222222,0.376197013509164,0.841134793568044,FALSE
2364,0.333333333333333,0.86216251784094,0.86216251784094,FALSE
2364,0.444444444444444,0.0814693394767496,0.640864604623272,FALSE
2364,0.555555555555556,0.0712114477171963,0.56969158173757,FALSE
2364,0.666666666666667,0.560756529045363,0.86216251784094,FALSE
2364,0.777777777777778,0.560756529045363,0.86216251784094,FALSE
2364,0.888888888888889,0.463442222300105,0.86216251784094,FALSE
2364,1,0.540541500454091,0.86216251784094,FALSE
2365,0,0.495261446734622,0.957276651478841,FALSE
2365,0.111111111111111,0.163792654308199,0.818963271540995,FALSE
2365,0.222222222222222,0.314771396990182,0.957276651478841,FALSE
2365,0.333333333333333,0.83627970317007,0.957276651478841,FALSE
2365,0.444444444444444,0.064895827782404,0.584062450041636,FALSE
2365,0.555555555555556,0.0358288233068305,0.32447913891202,FALSE
2365,0.666666666666667,0.42084321878998,0.957276651478841,FALSE
2365,0.777777777777778,0.957276651478841,0.957276651478841,FALSE
2365,0.888888888888889,0.403302590767973,0.957276651478841,FALSE
2365,1,0.210313527298261,0.841254109193044,FALSE
2366,0,0.993977465449805,0.993977465449805,FALSE
2366,0.111111111111111,0.60223427819757,0.993977465449805,FALSE
2366,0.222222222222222,0.688994831270937,0.993977465449805,FALSE
2366,0.333333333333333,0.510907637792417,0.993977465449805,FALSE
2366,0.444444444444444,0.0076121225004391,0.0685091025039519,FALSE
2366,0.555555555555556,0.00249666262580107,0.0249666262580107,TRUE
2366,0.666666666666667,0.0762019666657117,0.609615733325694,FALSE
2366,0.777777777777778,0.779984343515742,0.993977465449805,FALSE
2366,0.888888888888889,0.734029827951016,0.993977465449805,FALSE
2366,1,0.885955835423282,0.993977465449805,FALSE
2367,0,0.849804802002043,0.86169602722761,FALSE
2367,0.111111111111111,0.622280942968738,0.86169602722761,FALSE
2367,0.222222222222222,0.779251198480164,0.86169602722761,FALSE
2367,0.333333333333333,0.118141054312891,0.826987380190237,FALSE
2367,0.444444444444444,0.0024024210938706,0.0216217898448354,TRUE
2367,0.555555555555556,0.0024024210938706,0.0216217898448354,TRUE
2367,0.666666666666667,0.029989813711565,0.23991850969252,FALSE
2367,0.777777777777778,0.665794455875193,0.86169602722761,FALSE
2367,0.888888888888889,0.86169602722761,0.86169602722761,FALSE
2367,1,0.549237017693711,0.86169602722761,FALSE
2368,0,0.473744223886136,0.473744223886136,FALSE
2368,0.111111111111111,0.247587560152831,0.473744223886136,FALSE
2368,0.222222222222222,0.0309889018408024,0.185933411044814,FALSE
2368,0.333333333333333,0.0018475401892953,0.0147803215143624,TRUE
2368,0.444444444444444,1.51364885699538e-06,1.51364885699538e-05,TRUE
2368,0.555555555555556,1.45097163224797e-05,0.000130587446902317,TRUE
2368,0.666666666666667,0.0085299258270795,0.0597094807895565,FALSE
2368,0.777777777777778,0.190656738162774,0.473744223886136,FALSE
2368,0.888888888888889,0.353209990165066,0.473744223886136,FALSE
2368,1,0.253864978949048,0.473744223886136,FALSE
2369,0,0.176089931976402,0.922093475565989,FALSE
2369,0.111111111111111,0.562088396521811,0.922093475565989,FALSE
2369,0.222222222222222,0.922093475565989,0.922093475565989,FALSE
2369,0.333333333333333,0.635357389943638,0.922093475565989,FALSE
2369,0.444444444444444,0.22993450701972,0.922093475565989,FALSE
2369,0.555555555555556,0.455786627453199,0.922093475565989,FALSE
2369,0.666666666666667,0.780710232948907,0.922093475565989,FALSE
2369,0.777777777777778,0.191167209603984,0.922093475565989,FALSE
2369,0.888888888888889,0.148585697011622,0.891514182069732,FALSE
2369,1,0.21269508362698,0.922093475565989,FALSE
2370,0,0.512345716361992,0.827285949122847,FALSE
2370,0.111111111111111,0.353758131804555,0.768518574542988,FALSE
2370,0.222222222222222,0.0940235823111682,0.470117911555841,FALSE
2370,0.333333333333333,0.00374142999987425,0.029931439998994,TRUE
2370,0.444444444444444,0.00089129443454488,0.0089129443454488,TRUE
2370,0.555555555555556,0.00506685852862404,0.0405348682289923,TRUE
2370,0.666666666666667,0.0527527728147596,0.282070746933505,FALSE
2370,0.777777777777778,0.0910421099982067,0.455210549991033,FALSE
2370,0.888888888888889,0.474245549765497,0.827285949122847,FALSE
2370,1,0.827285949122847,0.827285949122847,FALSE
2371,0,0.108552441346746,0.759867089427222,FALSE
2371,0.111111111111111,0.148122319921145,0.84593278580873,FALSE
2371,0.222222222222222,0.440906489393821,0.84593278580873,FALSE
2371,0.333333333333333,0.761760291798745,0.84593278580873,FALSE
2371,0.444444444444444,0.171573408684765,0.84593278580873,FALSE
2371,0.555555555555556,0.058500178311002,0.514720226054295,FALSE
2371,0.666666666666667,0.624177593604877,0.84593278580873,FALSE
2371,0.777777777777778,0.538817016879635,0.84593278580873,FALSE
2371,0.888888888888889,0.431700102788596,0.84593278580873,FALSE
2371,1,0.84593278580873,0.84593278580873,FALSE
2372,0,0.686625090990942,0.686625090990942,FALSE
2372,0.111111111111111,0.380602229338901,0.686625090990942,FALSE
2372,0.222222222222222,0.171079923058509,0.684319692234036,FALSE
2372,0.333333333333333,0.0342086339013386,0.205251803408032,FALSE
2372,0.444444444444444,2.93935113257119e-05,0.000293935113257119,TRUE
2372,0.555555555555556,0.000129820452372527,0.00116838407135274,TRUE
2372,0.666666666666667,0.0248216134302644,0.162448937434832,FALSE
2372,0.777777777777778,0.0464139821242376,0.278483892745426,FALSE
2372,0.888888888888889,0.348215237844614,0.686625090990942,FALSE
2372,1,0.527259118458387,0.686625090990942,FALSE
2373,0,0.562888327659679,0.920189907246965,FALSE
2373,0.111111111111111,0.391334473951788,0.920189907246965,FALSE
2373,0.222222222222222,0.728642927130476,0.920189907246965,FALSE
2373,0.333333333333333,0.303949420285742,0.920189907246965,FALSE
2373,0.444444444444444,0.00442715235649402,0.0442715235649402,TRUE
2373,0.555555555555556,0.0118037411556872,0.106233670401185,FALSE
2373,0.666666666666667,0.296692874985533,0.920189907246965,FALSE
2373,0.777777777777778,0.638059287096449,0.920189907246965,FALSE
2373,0.888888888888889,0.435564989230337,0.920189907246965,FALSE
2373,1,0.920189907246965,0.920189907246965,FALSE
2374,0,0.710444894598392,0.710444894598392,FALSE
2374,0.111111111111111,0.529159734019667,0.710444894598392,FALSE
2374,0.222222222222222,0.0589744712739719,0.412821298917803,FALSE
2374,0.333333333333333,0.00524543255782828,0.0472088930204545,TRUE
2374,0.444444444444444,0.00297750630796251,0.0267975567716626,TRUE
2374,0.555555555555556,0.0288182785275313,0.23054622822025,FALSE
2374,0.666666666666667,0.154486223249861,0.710444894598392,FALSE
2374,0.777777777777778,0.188092583338244,0.710444894598392,FALSE
2374,0.888888888888889,0.312484577203517,0.710444894598392,FALSE
2374,1,0.699182971526866,0.710444894598392,FALSE
2375,0,0.59299651504642,0.958003590517491,FALSE
2375,0.111111111111111,0.512345716361992,0.958003590517491,FALSE
2375,0.222222222222222,0.308555805744008,0.958003590517491,FALSE
2375,0.333333333333333,0.0183589750741649,0.13486662319856,FALSE
2375,0.444444444444444,0.000210039555374409,0.00210039555374409,TRUE
2375,0.555555555555556,0.000701855080525057,0.00631669572472551,TRUE
2375,0.666666666666667,0.03371665579964,0.23601659059748,FALSE
2375,0.777777777777778,0.474245549765497,0.958003590517491,FALSE
2375,0.888888888888889,0.958003590517491,0.958003590517491,FALSE
2375,1,0.827285949122847,0.958003590517491,FALSE
2376,0,0.734029827951016,0.933826370259424,FALSE
2376,0.111111111111111,0.700159526650643,0.933826370259424,FALSE
2376,0.222222222222222,0.222485657770347,0.933826370259424,FALSE
2376,0.333333333333333,0.0538210923434298,0.42201718464374,FALSE
2376,0.444444444444444,0.00798232755476884,0.0718409479929196,FALSE
2376,0.555555555555556,0.00597890056107986,0.0538101050497187,FALSE
2376,0.666666666666667,0.105504296160935,0.738530073126545,FALSE
2376,0.777777777777778,0.722679220521359,0.933826370259424,FALSE
2376,0.888888888888889,0.779984343515742,0.933826370259424,FALSE
2376,1,0.933826370259424,0.933826370259424,FALSE
2377,0,0.778262174517005,0.849122487851918,FALSE
2377,0.111111111111111,0.849122487851918,0.849122487851918,FALSE
2377,0.222222222222222,0.295830591013882,0.849122487851918,FALSE
2377,0.333333333333333,0.0537542721670773,0.248527523577724,FALSE
2377,0.444444444444444,7.86021452704821e-05,0.000786021452704821,TRUE
2377,0.555555555555556,0.000183674310294474,0.00165306879265027,TRUE
2377,0.666666666666667,0.0328925584449725,0.197355350669835,FALSE
2377,0.777777777777778,0.0737805669225026,0.29512226769001,FALSE
2377,0.888888888888889,0.0994110094310897,0.397644037724359,FALSE
2377,1,0.0537542721670773,0.248527523577724,FALSE
2378,0,0.87361819133125,0.921563536922048,FALSE
2378,0.111111111111111,0.490139010407253,0.921563536922048,FALSE
2378,0.222222222222222,0.137417402504438,0.824504415026628,FALSE
2378,0.333333333333333,0.00386815202775744,0.034813368249817,TRUE
2378,0.444444444444444,0.000317175527485284,0.00317175527485284,TRUE
2378,0.555555555555556,0.00893278028833697,0.0714622423066958,FALSE
2378,0.666666666666667,0.141544046072418,0.849264276434508,FALSE
2378,0.777777777777778,0.665794455875193,0.921563536922048,FALSE
2378,0.888888888888889,0.921563536922048,0.921563536922048,FALSE
2378,1,0.643887492482589,0.921563536922048,FALSE
2379,0,0.614018407319186,0.958003590517491,FALSE
2379,0.111111111111111,0.603466938321783,0.958003590517491,FALSE
2379,0.222222222222222,0.8744678299086,0.958003590517491,FALSE
2379,0.333333333333333,0.161904227876135,0.958003590517491,FALSE
2379,0.444444444444444,0.00587445660823416,0.0528701094741074,FALSE
2379,0.555555555555556,0.00100250916358832,0.0100250916358832,TRUE
2379,0.666666666666667,0.0910421099982067,0.64761691150454,FALSE
2379,0.777777777777778,0.958003590517491,0.958003590517491,FALSE
2379,0.888888888888889,0.701126633974583,0.958003590517491,FALSE
2379,1,0.746270454632137,0.958003590517491,FALSE
2380,0,0.402333181666513,0.473744223886136,FALSE
2380,0.111111111111111,0.148116674009185,0.444350022027555,FALSE
2380,0.222222222222222,0.0348266633946076,0.181461888492632,FALSE
2380,0.333333333333333,0.00147742264222822,0.0118193811378258,TRUE
2380,0.444444444444444,0.000168206982902441,0.00168206982902441,TRUE
2380,0.555555555555556,0.000448455369984675,0.00403609832986208,TRUE
2380,0.666666666666667,0.0488072107804044,0.244036053902022,FALSE
2380,0.777777777777778,0.0604872961642106,0.246861123348642,FALSE
2380,0.888888888888889,0.109689504860098,0.329068514580294,FALSE
2380,1,0.473744223886136,0.473744223886136,FALSE
2381,0,0.885955835423282,0.885955835423282,FALSE
2381,0.111111111111111,0.623470632218207,0.885955835423282,FALSE
2381,0.222222222222222,0.285776574580031,0.885955835423282,FALSE
2381,0.333333333333333,0.0465329189592082,0.372263351673666,FALSE
2381,0.444444444444444,0.0030890193069964,0.0278011737629676,TRUE
2381,0.555555555555556,0.00101575059503291,0.0101575059503291,TRUE
2381,0.666666666666667,0.123132634895171,0.738795809371026,FALSE
2381,0.777777777777778,0.814963913284317,0.885955835423282,FALSE
2381,0.888888888888889,0.482132480749496,0.885955835423282,FALSE
2381,1,0.292706151055807,0.885955835423282,FALSE
2382,0,0.136107967530958,0.898235531922402,FALSE
2382,0.111111111111111,0.120730171997731,0.845111203984117,FALSE
2382,0.222222222222222,0.338253650042362,0.898235531922402,FALSE
2382,0.333333333333333,0.769179475768697,0.898235531922402,FALSE
2382,0.444444444444444,0.0722123744306173,0.544431870123832,FALSE
2382,0.555555555555556,0.0674517523793427,0.539614019034742,FALSE
2382,0.666666666666667,0.411426837908909,0.898235531922402,FALSE
2382,0.777777777777778,0.898235531922402,0.898235531922402,FALSE
2382,0.888888888888889,0.757698770590527,0.898235531922402,FALSE
2382,1,0.898235531922402,0.898235531922402,FALSE
2383,0,0.981788716328661,0.981788716328661,FALSE
2383,0.111111111111111,0.778262174517005,0.981788716328661,FALSE
2383,0.222222222222222,0.45983615566519,0.981788716328661,FALSE
2383,0.333333333333333,0.0665278105714508,0.465694674000156,FALSE
2383,0.444444444444444,0.00388709219263515,0.0349838297337164,TRUE
2383,0.555555555555556,0.000808036654974141,0.00808036654974141,TRUE
2383,0.666666666666667,0.0598636375333351,0.419045462733346,FALSE
2383,0.777777777777778,0.849122487851918,0.981788716328661,FALSE
2383,0.888888888888889,0.65331786852886,0.981788716328661,FALSE
2383,1,0.909130016433025,0.981788716328661,FALSE
2384,0,0.572305606215377,0.723580171547055,FALSE
2384,0.111111111111111,0.377829109272858,0.723580171547055,FALSE
2384,0.222222222222222,0.0423516103127013,0.254109661876208,FALSE
2384,0.333333333333333,0.00112619969991754,0.00900959759934032,TRUE
2384,0.444444444444444,4.77603674452118e-05,0.000477603674452118,TRUE
2384,0.555555555555556,0.000160390262770133,0.0014435123649312,TRUE
2384,0.666666666666667,0.0299875725107798,0.179925435064679,FALSE
2384,0.777777777777778,0.0940235823111682,0.470117911555841,FALSE
2384,0.888888888888889,0.273896324327155,0.723580171547055,FALSE
2384,1,0.723580171547055,0.723580171547055,FALSE
2385,0,0.660275015317032,0.981553586087723,FALSE
2385,0.111111111111111,0.638059287096449,0.981553586087723,FALSE
2385,0.222222222222222,0.311320930537114,0.933962791611342,FALSE
2385,0.333333333333333,0.391334473951788,0.981553586087723,FALSE
2385,0.444444444444444,0.00770045698700829,0.0693041128830746,FALSE
2385,0.555555555555556,0.00289395472041573,0.0289395472041573,TRUE
2385,0.666666666666667,0.108119284001676,0.746373182075337,FALSE
2385,0.777777777777778,0.417542129898263,0.981553586087723,FALSE
2385,0.888888888888889,0.981553586087723,0.981553586087723,FALSE
2385,1,0.426498961185907,0.981553586087723,FALSE
2386,0,0.234278880975528,0.897891932915131,FALSE
2386,0.111111111111111,0.299745875759199,0.897891932915131,FALSE
2386,0.222222222222222,0.60223427819757,0.897891932915131,FALSE
2386,0.333333333333333,0.734029827951016,0.897891932915131,FALSE
2386,0.444444444444444,0.134747295748044,0.856368132609519,FALSE
2386,0.555555555555556,0.0171874122687196,0.171874122687196,FALSE
2386,0.666666666666667,0.722679220521359,0.897891932915131,FALSE
2386,0.777777777777778,0.540541500454091,0.897891932915131,FALSE
2386,0.888888888888889,0.445156503828477,0.897891932915131,FALSE
2386,1,0.897891932915131,0.897891932915131,FALSE
2387,0,0.803912395998218,0.958003590517491,FALSE
2387,0.111111111111111,0.734896831877994,0.958003590517491,FALSE
2387,0.222222222222222,0.330665068473622,0.958003590517491,FALSE
2387,0.333333333333333,0.0607903265526345,0.486322612421076,FALSE
2387,0.444444444444444,0.000183673472427404,0.00183673472427404,TRUE
2387,0.555555555555556,0.00208960299379352,0.0188064269441417,TRUE
2387,0.666666666666667,0.301405098042098,0.958003590517491,FALSE
2387,0.777777777777778,0.769179475768697,0.958003590517491,FALSE
2387,0.888888888888889,0.898235531922402,0.958003590517491,FALSE
2387,1,0.958003590517491,0.958003590517491,FALSE
2388,0,0.712012274012578,0.874327412556658,FALSE
2388,0.111111111111111,0.745993861544069,0.874327412556658,FALSE
2388,0.222222222222222,0.874327412556658,0.874327412556658,FALSE
2388,0.333333333333333,0.0694717529652149,0.43402289926981,FALSE
2388,0.444444444444444,0.000611450582227053,0.00611450582227053,TRUE
2388,0.555555555555556,0.00131878075992339,0.0118690268393105,TRUE
2388,0.666666666666667,0.0524738010886041,0.367316607620229,FALSE
2388,0.777777777777778,0.561645784153247,0.874327412556658,FALSE
2388,0.888888888888889,0.645768582744037,0.874327412556658,FALSE
2388,1,0.124006542648517,0.744039255891102,FALSE
2389,0,0.411426837908909,0.815578973475373,FALSE
2389,0.111111111111111,0.420091111872281,0.815578973475373,FALSE
2389,0.222222222222222,0.287432131390524,0.815578973475373,FALSE
2389,0.333333333333333,0.24195728981996,0.815578973475373,FALSE
2389,0.444444444444444,0.004820481175783,0.043384330582047,TRUE
2389,0.555555555555556,0.000584740610439897,0.00584740610439897,TRUE
2389,0.666666666666667,0.136107967530958,0.739652308262613,FALSE
2389,0.777777777777778,0.769179475768697,0.815578973475373,FALSE
2389,0.888888888888889,0.815578973475373,0.815578973475373,FALSE
2389,1,0.493101538841742,0.815578973475373,FALSE
2390,0,0.353329100736325,1,FALSE
2390,0.111111111111111,0.812440674773896,1,FALSE
2390,0.222222222222222,0.640424698379585,1,FALSE
2390,0.333333333333333,0.163792654308199,0.84168643757996,FALSE
2390,0.444444444444444,0.012461836676781,0.112156530091029,FALSE
2390,0.555555555555556,0.0042819860386491,0.042819860386491,TRUE
2390,0.666666666666667,0.0282155175288328,0.225724140230662,FALSE
2390,0.777777777777778,0.137325396442419,0.823952378654514,FALSE
2390,0.888888888888889,0.42084321878998,1,FALSE
2390,1,1,1,FALSE
2391,0,0.730474760552504,0.860267625178122,FALSE
2391,0.111111111111111,0.193864366757855,0.77545746703142,FALSE
2391,0.222222222222222,0.154580310927024,0.618321243708096,FALSE
2391,0.333333333333333,0.860267625178122,0.860267625178122,FALSE
2391,0.444444444444444,0.0220193475972736,0.198174128375462,FALSE
2391,0.555555555555556,0.00641507440607908,0.0641507440607908,FALSE
2391,0.666666666666667,0.221817370429364,0.860267625178122,FALSE
2391,0.777777777777778,0.466572981241363,0.860267625178122,FALSE
2391,0.888888888888889,0.103879947332179,0.519399736660895,FALSE
2391,1,0.121572254628992,0.55454342607341,FALSE
2392,0,0.898235531922402,0.946020653929916,FALSE
2392,0.111111111111111,0.411426837908909,0.946020653929916,FALSE
2392,0.222222222222222,0.701126633974583,0.946020653929916,FALSE
2392,0.333333333333333,0.235892559267799,0.946020653929916,FALSE
2392,0.444444444444444,0.00435946120073925,0.0392351508066533,TRUE
2392,0.555555555555556,0.00712773212887144,0.064149589159843,FALSE
2392,0.666666666666667,0.207158220610842,0.946020653929916,FALSE
2392,0.777777777777778,0.88633909632498,0.946020653929916,FALSE
2392,0.888888888888889,0.712322706938676,0.946020653929916,FALSE
2392,1,0.946020653929916,0.946020653929916,FALSE
2393,0,0.0369737806347952,0.258816464443566,FALSE
2393,0.111111111111111,0.135569412834912,0.67784706417456,FALSE
2393,0.222222222222222,0.873042090398601,0.873042090398601,FALSE
2393,0.333333333333333,0.123805069644447,0.619025348222235,FALSE
2393,0.444444444444444,0.00477238955890862,0.0429515060301776,TRUE
2393,0.555555555555556,0.00115489617652304,0.0115489617652304,TRUE
2393,0.666666666666667,0.0162504665578466,0.130003732462773,FALSE
2393,0.777777777777778,0.325093054440385,0.873042090398601,FALSE
2393,0.888888888888889,0.631479932175338,0.873042090398601,FALSE
2393,1,0.65331786852886,0.873042090398601,FALSE
2394,0,0.0168589614306229,0.101153768583737,FALSE
2394,0.111111111111111,0.00616793888377591,0.0493435110702073,TRUE
2394,0.222222222222222,0.0217062526367072,0.130237515820243,FALSE
2394,0.333333333333333,0.437732773947456,0.792288672904047,FALSE
2394,0.444444444444444,0.267291891910896,0.656599160921184,FALSE
2394,0.555555555555556,0.301405098042098,0.656599160921184,FALSE
2394,0.666666666666667,0.792288672904047,0.792288672904047,FALSE
2394,0.777777777777778,0.0651685572091073,0.325842786045537,FALSE
2394,0.888888888888889,0.00747574766500671,0.0578833403645525,FALSE
2394,1,0.0199724874478388,0.119834924687033,FALSE
2395,0,0.565642098119756,0.753630827241303,FALSE
2395,0.111111111111111,0.718985271183653,0.753630827241303,FALSE
2395,0.222222222222222,0.586584316123273,0.753630827241303,FALSE
2395,0.333333333333333,0.0542574643726311,0.434059714981049,FALSE
2395,0.444444444444444,0.0113714632116902,0.113714632116902,FALSE
2395,0.555555555555556,0.0229630032189933,0.20666702897094,FALSE
2395,0.666666666666667,0.199240831770067,0.753630827241303,FALSE
2395,0.777777777777778,0.329855179560974,0.753630827241303,FALSE
2395,0.888888888888889,0.753630827241303,0.753630827241303,FALSE
2395,1,0.524850805267163,0.753630827241303,FALSE
2396,0,0.909850820644689,0.957861169471871,FALSE
2396,0.111111111111111,0.957861169471871,0.957861169471871,FALSE
2396,0.222222222222222,0.711388381703317,0.957861169471871,FALSE
2396,0.333333333333333,0.0762019666657117,0.533413766659982,FALSE
2396,0.444444444444444,0.000668460229210371,0.00601614206289334,TRUE
2396,0.555555555555556,0.000754548336832451,0.00679093503149206,TRUE
2396,0.666666666666667,0.044844534766927,0.313911743368489,FALSE
2396,0.777777777777778,0.360029715304625,0.957861169471871,FALSE
2396,0.888888888888889,0.655906850086204,0.957861169471871,FALSE
2396,1,0.445156503828477,0.957861169471871,FALSE
2397,0,0.431700102788596,0.431700102788596,FALSE
2397,0.111111111111111,0.058500178311002,0.224188748015244,FALSE
2397,0.222222222222222,0.0105462863017025,0.0738240041119175,FALSE
2397,0.333333333333333,0.0026387484381405,0.021109987505124,TRUE
2397,0.444444444444444,0.00049029057933059,0.0049029057933059,TRUE
2397,0.555555555555556,0.00104220119864306,0.00937981078778754,TRUE
2397,0.666666666666667,0.0226502415860621,0.135901449516373,FALSE
2397,0.777777777777778,0.0832617101898431,0.249785130569529,FALSE
2397,0.888888888888889,0.112094374007622,0.264861837925098,FALSE
2397,1,0.176574558616732,0.353149117233464,FALSE
2398,0,0.769179475768697,0.862624321320548,FALSE
2398,0.111111111111111,0.455786627453199,0.862624321320548,FALSE
2398,0.222222222222222,0.161904227876135,0.862624321320548,FALSE
2398,0.333333333333333,0.00506685852862404,0.0405348682289923,TRUE
2398,0.444444444444444,1.07881455833864e-06,1.07881455833864e-05,TRUE
2398,0.555555555555556,7.72267167737871e-06,6.95040450964084e-05,TRUE
2398,0.666666666666667,0.0108425494179811,0.0758978459258677,FALSE
2398,0.777777777777778,0.338253650042362,0.862624321320548,FALSE
2398,0.888888888888889,0.862624321320548,0.862624321320548,FALSE
2398,1,0.827285949122847,0.862624321320548,FALSE
2399,0,0.240336138546136,0.445156503828477,FALSE
2399,0.111111111111111,0.314156090151735,0.445156503828477,FALSE
2399,0.222222222222222,0.200168212005899,0.445156503828477,FALSE
2399,0.333333333333333,0.00541795648720417,0.0433436518976334,TRUE
2399,0.444444444444444,0.000294539592972966,0.00265085633675669,TRUE
2399,0.555555555555556,0.000461151323878699,0.00415036191490829,TRUE
2399,0.666666666666667,0.0330836946955715,0.231585862869001,FALSE
2399,0.777777777777778,0.299745875759199,0.445156503828477,FALSE
2399,0.888888888888889,0.445156503828477,0.445156503828477,FALSE
2399,1,0.292706151055807,0.445156503828477,FALSE
2400,0,0.334930822287649,0.87361819133125,FALSE
2400,0.111111111111111,0.633045694426073,0.87361819133125,FALSE
2400,0.222222222222222,0.733154262372335,0.87361819133125,FALSE
2400,0.333333333333333,0.622280942968738,0.87361819133125,FALSE
2400,0.444444444444444,0.00386815202775744,0.034813368249817,TRUE
2400,0.555555555555556,0.00172568173571572,0.0172568173571572,TRUE
2400,0.666666666666667,0.209531004224454,0.87361819133125,FALSE
2400,0.777777777777778,0.549237017693711,0.87361819133125,FALSE
2400,0.888888888888889,0.87361819133125,0.87361819133125,FALSE
2400,1,0.86169602722761,0.87361819133125,FALSE
