"job.id","problem","algorithm","n_subjects","prop_observed","observation_variance","random_effect_ar1_correlation","random_effect_variance_ratio","effect_size","n_timepoints","grpdiff_function","missingness","seed","cross_sectional","independent","penalty.adaptive","kernel.scale","selection","K"
1,"synthetic","LSVCMM",20,0.5,1,1,1,1,10,"sine","sqrt",1,FALSE,FALSE,0.5,0.2,"bich",NA
2,"synthetic","LSVCMM",20,0.5,1,1,1,1,10,"sine","sqrt",2,FALSE,FALSE,0.5,0.2,"bich",NA
3,"synthetic","LSVCMM",20,0.5,1,1,1,1,10,"sine","sqrt",3,FALSE,FALSE,0.5,0.2,"bich",NA
4,"synthetic","LSVCMM",20,0.5,1,1,1,1,10,"sine","sqrt",4,FALSE,FALSE,0.5,0.2,"bich",NA
5,"synthetic","LSVCMM",20,0.5,1,1,1,1,10,"sine","sqrt",5,FALSE,FALSE,0.5,0.2,"bich",NA
6,"synthetic","LSVCMM",20,0.5,1,1,1,1,10,"sine","sqrt",6,FALSE,FALSE,0.5,0.2,"bich",NA
7,"synthetic","LSVCMM",20,0.5,1,1,1,1,10,"sine","sqrt",7,FALSE,FALSE,0.5,0.2,"bich",NA
8,"synthetic","LSVCMM",20,0.5,1,1,1,1,10,"sine","sqrt",8,FALSE,FALSE,0.5,0.2,"bich",NA
9,"synthetic","LSVCMM",20,0.5,1,1,1,1,10,"sine","sqrt",9,FALSE,FALSE,0.5,0.2,"bich",NA
10,"synthetic","LSVCMM",20,0.5,1,1,1,1,10,"sine","sqrt",10,FALSE,FALSE,0.5,0.2,"bich",NA
11,"synthetic","LSVCMM",20,0.5,1,1,1,1,10,"sine","sqrt",11,FALSE,FALSE,0.5,0.2,"bich",NA
12,"synthetic","LSVCMM",20,0.5,1,1,1,1,10,"sine","sqrt",12,FALSE,FALSE,0.5,0.2,"bich",NA
13,"synthetic","LSVCMM",20,0.5,1,1,1,1,10,"sine","sqrt",13,FALSE,FALSE,0.5,0.2,"bich",NA
14,"synthetic","LSVCMM",20,0.5,1,1,1,1,10,"sine","sqrt",14,FALSE,FALSE,0.5,0.2,"bich",NA
15,"synthetic","LSVCMM",20,0.5,1,1,1,1,10,"sine","sqrt",15,FALSE,FALSE,0.5,0.2,"bich",NA
16,"synthetic","LSVCMM",20,0.5,1,1,1,1,10,"sine","sqrt",16,FALSE,FALSE,0.5,0.2,"bich",NA
17,"synthetic","LSVCMM",20,0.5,1,1,1,1,10,"sine","sqrt",17,FALSE,FALSE,0.5,0.2,"bich",NA
18,"synthetic","LSVCMM",20,0.5,1,1,1,1,10,"sine","sqrt",18,FALSE,FALSE,0.5,0.2,"bich",NA
19,"synthetic","LSVCMM",20,0.5,1,1,1,1,10,"sine","sqrt",19,FALSE,FALSE,0.5,0.2,"bich",NA
20,"synthetic","LSVCMM",20,0.5,1,1,1,1,10,"sine","sqrt",20,FALSE,FALSE,0.5,0.2,"bich",NA
21,"synthetic","LSVCMM",20,0.5,1,1,1,1,10,"sine","sqrt",21,FALSE,FALSE,0.5,0.2,"bich",NA
22,"synthetic","LSVCMM",20,0.5,1,1,1,1,10,"sine","sqrt",22,FALSE,FALSE,0.5,0.2,"bich",NA
23,"synthetic","LSVCMM",20,0.5,1,1,1,1,10,"sine","sqrt",23,FALSE,FALSE,0.5,0.2,"bich",NA
24,"synthetic","LSVCMM",20,0.5,1,1,1,1,10,"sine","sqrt",24,FALSE,FALSE,0.5,0.2,"bich",NA
25,"synthetic","LSVCMM",20,0.5,1,1,1,1,10,"sine","sqrt",25,FALSE,FALSE,0.5,0.2,"bich",NA
26,"synthetic","LSVCMM",20,0.5,1,1,1,1,10,"sine","sqrt",26,FALSE,FALSE,0.5,0.2,"bich",NA
27,"synthetic","LSVCMM",20,0.5,1,1,1,1,10,"sine","sqrt",27,FALSE,FALSE,0.5,0.2,"bich",NA
28,"synthetic","LSVCMM",20,0.5,1,1,1,1,10,"sine","sqrt",28,FALSE,FALSE,0.5,0.2,"bich",NA
29,"synthetic","LSVCMM",20,0.5,1,1,1,1,10,"sine","sqrt",29,FALSE,FALSE,0.5,0.2,"bich",NA
30,"synthetic","LSVCMM",20,0.5,1,1,1,1,10,"sine","sqrt",30,FALSE,FALSE,0.5,0.2,"bich",NA
31,"synthetic","LSVCMM",20,0.5,1,1,1,1,10,"sine","sqrt",31,FALSE,FALSE,0.5,0.2,"bich",NA
32,"synthetic","LSVCMM",20,0.5,1,1,1,1,10,"sine","sqrt",32,FALSE,FALSE,0.5,0.2,"bich",NA
33,"synthetic","LSVCMM",20,0.5,1,1,1,1,10,"sine","sqrt",33,FALSE,FALSE,0.5,0.2,"bich",NA
34,"synthetic","LSVCMM",20,0.5,1,1,1,1,10,"sine","sqrt",34,FALSE,FALSE,0.5,0.2,"bich",NA
35,"synthetic","LSVCMM",20,0.5,1,1,1,1,10,"sine","sqrt",35,FALSE,FALSE,0.5,0.2,"bich",NA
36,"synthetic","LSVCMM",20,0.5,1,1,1,1,10,"sine","sqrt",36,FALSE,FALSE,0.5,0.2,"bich",NA
37,"synthetic","LSVCMM",20,0.5,1,1,1,1,10,"sine","sqrt",37,FALSE,FALSE,0.5,0.2,"bich",NA
38,"synthetic","LSVCMM",20,0.5,1,1,1,1,10,"sine","sqrt",38,FALSE,FALSE,0.5,0.2,"bich",NA
39,"synthetic","LSVCMM",20,0.5,1,1,1,1,10,"sine","sqrt",39,FALSE,FALSE,0.5,0.2,"bich",NA
40,"synthetic","LSVCMM",20,0.5,1,1,1,1,10,"sine","sqrt",40,FALSE,FALSE,0.5,0.2,"bich",NA
41,"synthetic","LSVCMM",20,0.5,1,1,1,1,10,"sine","sqrt",41,FALSE,FALSE,0.5,0.2,"bich",NA
42,"synthetic","LSVCMM",20,0.5,1,1,1,1,10,"sine","sqrt",42,FALSE,FALSE,0.5,0.2,"bich",NA
43,"synthetic","LSVCMM",20,0.5,1,1,1,1,10,"sine","sqrt",43,FALSE,FALSE,0.5,0.2,"bich",NA
44,"synthetic","LSVCMM",20,0.5,1,1,1,1,10,"sine","sqrt",44,FALSE,FALSE,0.5,0.2,"bich",NA
45,"synthetic","LSVCMM",20,0.5,1,1,1,1,10,"sine","sqrt",45,FALSE,FALSE,0.5,0.2,"bich",NA
46,"synthetic","LSVCMM",20,0.5,1,1,1,1,10,"sine","sqrt",46,FALSE,FALSE,0.5,0.2,"bich",NA
47,"synthetic","LSVCMM",20,0.5,1,1,1,1,10,"sine","sqrt",47,FALSE,FALSE,0.5,0.2,"bich",NA
48,"synthetic","LSVCMM",20,0.5,1,1,1,1,10,"sine","sqrt",48,FALSE,FALSE,0.5,0.2,"bich",NA
49,"synthetic","LSVCMM",20,0.5,1,1,1,1,10,"sine","sqrt",49,FALSE,FALSE,0.5,0.2,"bich",NA
50,"synthetic","LSVCMM",20,0.5,1,1,1,1,10,"sine","sqrt",50,FALSE,FALSE,0.5,0.2,"bich",NA
51,"synthetic","LSVCMM",20,0.5,1,1,1,1,10,"sine","sqrt",51,FALSE,FALSE,0.5,0.2,"bich",NA
52,"synthetic","LSVCMM",20,0.5,1,1,1,1,10,"sine","sqrt",52,FALSE,FALSE,0.5,0.2,"bich",NA
53,"synthetic","LSVCMM",20,0.5,1,1,1,1,10,"sine","sqrt",53,FALSE,FALSE,0.5,0.2,"bich",NA
54,"synthetic","LSVCMM",20,0.5,1,1,1,1,10,"sine","sqrt",54,FALSE,FALSE,0.5,0.2,"bich",NA
55,"synthetic","LSVCMM",20,0.5,1,1,1,1,10,"sine","sqrt",55,FALSE,FALSE,0.5,0.2,"bich",NA
56,"synthetic","LSVCMM",20,0.5,1,1,1,1,10,"sine","sqrt",56,FALSE,FALSE,0.5,0.2,"bich",NA
57,"synthetic","LSVCMM",20,0.5,1,1,1,1,10,"sine","sqrt",57,FALSE,FALSE,0.5,0.2,"bich",NA
58,"synthetic","LSVCMM",20,0.5,1,1,1,1,10,"sine","sqrt",58,FALSE,FALSE,0.5,0.2,"bich",NA
59,"synthetic","LSVCMM",20,0.5,1,1,1,1,10,"sine","sqrt",59,FALSE,FALSE,0.5,0.2,"bich",NA
60,"synthetic","LSVCMM",20,0.5,1,1,1,1,10,"sine","sqrt",60,FALSE,FALSE,0.5,0.2,"bich",NA
61,"synthetic","LSVCMM",20,0.5,1,1,1,1,10,"sine","sqrt",61,FALSE,FALSE,0.5,0.2,"bich",NA
62,"synthetic","LSVCMM",20,0.5,1,1,1,1,10,"sine","sqrt",62,FALSE,FALSE,0.5,0.2,"bich",NA
63,"synthetic","LSVCMM",20,0.5,1,1,1,1,10,"sine","sqrt",63,FALSE,FALSE,0.5,0.2,"bich",NA
64,"synthetic","LSVCMM",20,0.5,1,1,1,1,10,"sine","sqrt",64,FALSE,FALSE,0.5,0.2,"bich",NA
65,"synthetic","LSVCMM",20,0.5,1,1,1,1,10,"sine","sqrt",65,FALSE,FALSE,0.5,0.2,"bich",NA
66,"synthetic","LSVCMM",20,0.5,1,1,1,1,10,"sine","sqrt",66,FALSE,FALSE,0.5,0.2,"bich",NA
67,"synthetic","LSVCMM",20,0.5,1,1,1,1,10,"sine","sqrt",67,FALSE,FALSE,0.5,0.2,"bich",NA
68,"synthetic","LSVCMM",20,0.5,1,1,1,1,10,"sine","sqrt",68,FALSE,FALSE,0.5,0.2,"bich",NA
69,"synthetic","LSVCMM",20,0.5,1,1,1,1,10,"sine","sqrt",69,FALSE,FALSE,0.5,0.2,"bich",NA
70,"synthetic","LSVCMM",20,0.5,1,1,1,1,10,"sine","sqrt",70,FALSE,FALSE,0.5,0.2,"bich",NA
71,"synthetic","LSVCMM",20,0.5,1,1,1,1,10,"sine","sqrt",71,FALSE,FALSE,0.5,0.2,"bich",NA
72,"synthetic","LSVCMM",20,0.5,1,1,1,1,10,"sine","sqrt",72,FALSE,FALSE,0.5,0.2,"bich",NA
73,"synthetic","LSVCMM",20,0.5,1,1,1,1,10,"sine","sqrt",73,FALSE,FALSE,0.5,0.2,"bich",NA
74,"synthetic","LSVCMM",20,0.5,1,1,1,1,10,"sine","sqrt",74,FALSE,FALSE,0.5,0.2,"bich",NA
75,"synthetic","LSVCMM",20,0.5,1,1,1,1,10,"sine","sqrt",75,FALSE,FALSE,0.5,0.2,"bich",NA
76,"synthetic","LSVCMM",20,0.5,1,1,1,1,10,"sine","sqrt",76,FALSE,FALSE,0.5,0.2,"bich",NA
77,"synthetic","LSVCMM",20,0.5,1,1,1,1,10,"sine","sqrt",77,FALSE,FALSE,0.5,0.2,"bich",NA
78,"synthetic","LSVCMM",20,0.5,1,1,1,1,10,"sine","sqrt",78,FALSE,FALSE,0.5,0.2,"bich",NA
79,"synthetic","LSVCMM",20,0.5,1,1,1,1,10,"sine","sqrt",79,FALSE,FALSE,0.5,0.2,"bich",NA
80,"synthetic","LSVCMM",20,0.5,1,1,1,1,10,"sine","sqrt",80,FALSE,FALSE,0.5,0.2,"bich",NA
81,"synthetic","LSVCMM",20,0.5,1,1,1,1,10,"sine","sqrt",81,FALSE,FALSE,0.5,0.2,"bich",NA
82,"synthetic","LSVCMM",20,0.5,1,1,1,1,10,"sine","sqrt",82,FALSE,FALSE,0.5,0.2,"bich",NA
83,"synthetic","LSVCMM",20,0.5,1,1,1,1,10,"sine","sqrt",83,FALSE,FALSE,0.5,0.2,"bich",NA
84,"synthetic","LSVCMM",20,0.5,1,1,1,1,10,"sine","sqrt",84,FALSE,FALSE,0.5,0.2,"bich",NA
85,"synthetic","LSVCMM",20,0.5,1,1,1,1,10,"sine","sqrt",85,FALSE,FALSE,0.5,0.2,"bich",NA
86,"synthetic","LSVCMM",20,0.5,1,1,1,1,10,"sine","sqrt",86,FALSE,FALSE,0.5,0.2,"bich",NA
87,"synthetic","LSVCMM",20,0.5,1,1,1,1,10,"sine","sqrt",87,FALSE,FALSE,0.5,0.2,"bich",NA
88,"synthetic","LSVCMM",20,0.5,1,1,1,1,10,"sine","sqrt",88,FALSE,FALSE,0.5,0.2,"bich",NA
89,"synthetic","LSVCMM",20,0.5,1,1,1,1,10,"sine","sqrt",89,FALSE,FALSE,0.5,0.2,"bich",NA
90,"synthetic","LSVCMM",20,0.5,1,1,1,1,10,"sine","sqrt",90,FALSE,FALSE,0.5,0.2,"bich",NA
91,"synthetic","LSVCMM",20,0.5,1,1,1,1,10,"sine","sqrt",91,FALSE,FALSE,0.5,0.2,"bich",NA
92,"synthetic","LSVCMM",20,0.5,1,1,1,1,10,"sine","sqrt",92,FALSE,FALSE,0.5,0.2,"bich",NA
93,"synthetic","LSVCMM",20,0.5,1,1,1,1,10,"sine","sqrt",93,FALSE,FALSE,0.5,0.2,"bich",NA
94,"synthetic","LSVCMM",20,0.5,1,1,1,1,10,"sine","sqrt",94,FALSE,FALSE,0.5,0.2,"bich",NA
95,"synthetic","LSVCMM",20,0.5,1,1,1,1,10,"sine","sqrt",95,FALSE,FALSE,0.5,0.2,"bich",NA
96,"synthetic","LSVCMM",20,0.5,1,1,1,1,10,"sine","sqrt",96,FALSE,FALSE,0.5,0.2,"bich",NA
97,"synthetic","LSVCMM",20,0.5,1,1,1,1,10,"sine","sqrt",97,FALSE,FALSE,0.5,0.2,"bich",NA
98,"synthetic","LSVCMM",20,0.5,1,1,1,1,10,"sine","sqrt",98,FALSE,FALSE,0.5,0.2,"bich",NA
99,"synthetic","LSVCMM",20,0.5,1,1,1,1,10,"sine","sqrt",99,FALSE,FALSE,0.5,0.2,"bich",NA
100,"synthetic","LSVCMM",20,0.5,1,1,1,1,10,"sine","sqrt",100,FALSE,FALSE,0.5,0.2,"bich",NA
101,"synthetic","LSVCMM",30,0.5,1,1,1,1,10,"sine","sqrt",1,FALSE,FALSE,0.5,0.2,"bich",NA
102,"synthetic","LSVCMM",30,0.5,1,1,1,1,10,"sine","sqrt",2,FALSE,FALSE,0.5,0.2,"bich",NA
103,"synthetic","LSVCMM",30,0.5,1,1,1,1,10,"sine","sqrt",3,FALSE,FALSE,0.5,0.2,"bich",NA
104,"synthetic","LSVCMM",30,0.5,1,1,1,1,10,"sine","sqrt",4,FALSE,FALSE,0.5,0.2,"bich",NA
105,"synthetic","LSVCMM",30,0.5,1,1,1,1,10,"sine","sqrt",5,FALSE,FALSE,0.5,0.2,"bich",NA
106,"synthetic","LSVCMM",30,0.5,1,1,1,1,10,"sine","sqrt",6,FALSE,FALSE,0.5,0.2,"bich",NA
107,"synthetic","LSVCMM",30,0.5,1,1,1,1,10,"sine","sqrt",7,FALSE,FALSE,0.5,0.2,"bich",NA
108,"synthetic","LSVCMM",30,0.5,1,1,1,1,10,"sine","sqrt",8,FALSE,FALSE,0.5,0.2,"bich",NA
109,"synthetic","LSVCMM",30,0.5,1,1,1,1,10,"sine","sqrt",9,FALSE,FALSE,0.5,0.2,"bich",NA
110,"synthetic","LSVCMM",30,0.5,1,1,1,1,10,"sine","sqrt",10,FALSE,FALSE,0.5,0.2,"bich",NA
111,"synthetic","LSVCMM",30,0.5,1,1,1,1,10,"sine","sqrt",11,FALSE,FALSE,0.5,0.2,"bich",NA
112,"synthetic","LSVCMM",30,0.5,1,1,1,1,10,"sine","sqrt",12,FALSE,FALSE,0.5,0.2,"bich",NA
113,"synthetic","LSVCMM",30,0.5,1,1,1,1,10,"sine","sqrt",13,FALSE,FALSE,0.5,0.2,"bich",NA
114,"synthetic","LSVCMM",30,0.5,1,1,1,1,10,"sine","sqrt",14,FALSE,FALSE,0.5,0.2,"bich",NA
115,"synthetic","LSVCMM",30,0.5,1,1,1,1,10,"sine","sqrt",15,FALSE,FALSE,0.5,0.2,"bich",NA
116,"synthetic","LSVCMM",30,0.5,1,1,1,1,10,"sine","sqrt",16,FALSE,FALSE,0.5,0.2,"bich",NA
117,"synthetic","LSVCMM",30,0.5,1,1,1,1,10,"sine","sqrt",17,FALSE,FALSE,0.5,0.2,"bich",NA
118,"synthetic","LSVCMM",30,0.5,1,1,1,1,10,"sine","sqrt",18,FALSE,FALSE,0.5,0.2,"bich",NA
119,"synthetic","LSVCMM",30,0.5,1,1,1,1,10,"sine","sqrt",19,FALSE,FALSE,0.5,0.2,"bich",NA
120,"synthetic","LSVCMM",30,0.5,1,1,1,1,10,"sine","sqrt",20,FALSE,FALSE,0.5,0.2,"bich",NA
121,"synthetic","LSVCMM",30,0.5,1,1,1,1,10,"sine","sqrt",21,FALSE,FALSE,0.5,0.2,"bich",NA
122,"synthetic","LSVCMM",30,0.5,1,1,1,1,10,"sine","sqrt",22,FALSE,FALSE,0.5,0.2,"bich",NA
123,"synthetic","LSVCMM",30,0.5,1,1,1,1,10,"sine","sqrt",23,FALSE,FALSE,0.5,0.2,"bich",NA
124,"synthetic","LSVCMM",30,0.5,1,1,1,1,10,"sine","sqrt",24,FALSE,FALSE,0.5,0.2,"bich",NA
125,"synthetic","LSVCMM",30,0.5,1,1,1,1,10,"sine","sqrt",25,FALSE,FALSE,0.5,0.2,"bich",NA
126,"synthetic","LSVCMM",30,0.5,1,1,1,1,10,"sine","sqrt",26,FALSE,FALSE,0.5,0.2,"bich",NA
127,"synthetic","LSVCMM",30,0.5,1,1,1,1,10,"sine","sqrt",27,FALSE,FALSE,0.5,0.2,"bich",NA
128,"synthetic","LSVCMM",30,0.5,1,1,1,1,10,"sine","sqrt",28,FALSE,FALSE,0.5,0.2,"bich",NA
129,"synthetic","LSVCMM",30,0.5,1,1,1,1,10,"sine","sqrt",29,FALSE,FALSE,0.5,0.2,"bich",NA
130,"synthetic","LSVCMM",30,0.5,1,1,1,1,10,"sine","sqrt",30,FALSE,FALSE,0.5,0.2,"bich",NA
131,"synthetic","LSVCMM",30,0.5,1,1,1,1,10,"sine","sqrt",31,FALSE,FALSE,0.5,0.2,"bich",NA
132,"synthetic","LSVCMM",30,0.5,1,1,1,1,10,"sine","sqrt",32,FALSE,FALSE,0.5,0.2,"bich",NA
133,"synthetic","LSVCMM",30,0.5,1,1,1,1,10,"sine","sqrt",33,FALSE,FALSE,0.5,0.2,"bich",NA
134,"synthetic","LSVCMM",30,0.5,1,1,1,1,10,"sine","sqrt",34,FALSE,FALSE,0.5,0.2,"bich",NA
135,"synthetic","LSVCMM",30,0.5,1,1,1,1,10,"sine","sqrt",35,FALSE,FALSE,0.5,0.2,"bich",NA
136,"synthetic","LSVCMM",30,0.5,1,1,1,1,10,"sine","sqrt",36,FALSE,FALSE,0.5,0.2,"bich",NA
137,"synthetic","LSVCMM",30,0.5,1,1,1,1,10,"sine","sqrt",37,FALSE,FALSE,0.5,0.2,"bich",NA
138,"synthetic","LSVCMM",30,0.5,1,1,1,1,10,"sine","sqrt",38,FALSE,FALSE,0.5,0.2,"bich",NA
139,"synthetic","LSVCMM",30,0.5,1,1,1,1,10,"sine","sqrt",39,FALSE,FALSE,0.5,0.2,"bich",NA
140,"synthetic","LSVCMM",30,0.5,1,1,1,1,10,"sine","sqrt",40,FALSE,FALSE,0.5,0.2,"bich",NA
141,"synthetic","LSVCMM",30,0.5,1,1,1,1,10,"sine","sqrt",41,FALSE,FALSE,0.5,0.2,"bich",NA
142,"synthetic","LSVCMM",30,0.5,1,1,1,1,10,"sine","sqrt",42,FALSE,FALSE,0.5,0.2,"bich",NA
143,"synthetic","LSVCMM",30,0.5,1,1,1,1,10,"sine","sqrt",43,FALSE,FALSE,0.5,0.2,"bich",NA
144,"synthetic","LSVCMM",30,0.5,1,1,1,1,10,"sine","sqrt",44,FALSE,FALSE,0.5,0.2,"bich",NA
145,"synthetic","LSVCMM",30,0.5,1,1,1,1,10,"sine","sqrt",45,FALSE,FALSE,0.5,0.2,"bich",NA
146,"synthetic","LSVCMM",30,0.5,1,1,1,1,10,"sine","sqrt",46,FALSE,FALSE,0.5,0.2,"bich",NA
147,"synthetic","LSVCMM",30,0.5,1,1,1,1,10,"sine","sqrt",47,FALSE,FALSE,0.5,0.2,"bich",NA
148,"synthetic","LSVCMM",30,0.5,1,1,1,1,10,"sine","sqrt",48,FALSE,FALSE,0.5,0.2,"bich",NA
149,"synthetic","LSVCMM",30,0.5,1,1,1,1,10,"sine","sqrt",49,FALSE,FALSE,0.5,0.2,"bich",NA
150,"synthetic","LSVCMM",30,0.5,1,1,1,1,10,"sine","sqrt",50,FALSE,FALSE,0.5,0.2,"bich",NA
151,"synthetic","LSVCMM",30,0.5,1,1,1,1,10,"sine","sqrt",51,FALSE,FALSE,0.5,0.2,"bich",NA
152,"synthetic","LSVCMM",30,0.5,1,1,1,1,10,"sine","sqrt",52,FALSE,FALSE,0.5,0.2,"bich",NA
153,"synthetic","LSVCMM",30,0.5,1,1,1,1,10,"sine","sqrt",53,FALSE,FALSE,0.5,0.2,"bich",NA
154,"synthetic","LSVCMM",30,0.5,1,1,1,1,10,"sine","sqrt",54,FALSE,FALSE,0.5,0.2,"bich",NA
155,"synthetic","LSVCMM",30,0.5,1,1,1,1,10,"sine","sqrt",55,FALSE,FALSE,0.5,0.2,"bich",NA
156,"synthetic","LSVCMM",30,0.5,1,1,1,1,10,"sine","sqrt",56,FALSE,FALSE,0.5,0.2,"bich",NA
157,"synthetic","LSVCMM",30,0.5,1,1,1,1,10,"sine","sqrt",57,FALSE,FALSE,0.5,0.2,"bich",NA
158,"synthetic","LSVCMM",30,0.5,1,1,1,1,10,"sine","sqrt",58,FALSE,FALSE,0.5,0.2,"bich",NA
159,"synthetic","LSVCMM",30,0.5,1,1,1,1,10,"sine","sqrt",59,FALSE,FALSE,0.5,0.2,"bich",NA
160,"synthetic","LSVCMM",30,0.5,1,1,1,1,10,"sine","sqrt",60,FALSE,FALSE,0.5,0.2,"bich",NA
161,"synthetic","LSVCMM",30,0.5,1,1,1,1,10,"sine","sqrt",61,FALSE,FALSE,0.5,0.2,"bich",NA
162,"synthetic","LSVCMM",30,0.5,1,1,1,1,10,"sine","sqrt",62,FALSE,FALSE,0.5,0.2,"bich",NA
163,"synthetic","LSVCMM",30,0.5,1,1,1,1,10,"sine","sqrt",63,FALSE,FALSE,0.5,0.2,"bich",NA
164,"synthetic","LSVCMM",30,0.5,1,1,1,1,10,"sine","sqrt",64,FALSE,FALSE,0.5,0.2,"bich",NA
165,"synthetic","LSVCMM",30,0.5,1,1,1,1,10,"sine","sqrt",65,FALSE,FALSE,0.5,0.2,"bich",NA
166,"synthetic","LSVCMM",30,0.5,1,1,1,1,10,"sine","sqrt",66,FALSE,FALSE,0.5,0.2,"bich",NA
167,"synthetic","LSVCMM",30,0.5,1,1,1,1,10,"sine","sqrt",67,FALSE,FALSE,0.5,0.2,"bich",NA
168,"synthetic","LSVCMM",30,0.5,1,1,1,1,10,"sine","sqrt",68,FALSE,FALSE,0.5,0.2,"bich",NA
169,"synthetic","LSVCMM",30,0.5,1,1,1,1,10,"sine","sqrt",69,FALSE,FALSE,0.5,0.2,"bich",NA
170,"synthetic","LSVCMM",30,0.5,1,1,1,1,10,"sine","sqrt",70,FALSE,FALSE,0.5,0.2,"bich",NA
171,"synthetic","LSVCMM",30,0.5,1,1,1,1,10,"sine","sqrt",71,FALSE,FALSE,0.5,0.2,"bich",NA
172,"synthetic","LSVCMM",30,0.5,1,1,1,1,10,"sine","sqrt",72,FALSE,FALSE,0.5,0.2,"bich",NA
173,"synthetic","LSVCMM",30,0.5,1,1,1,1,10,"sine","sqrt",73,FALSE,FALSE,0.5,0.2,"bich",NA
174,"synthetic","LSVCMM",30,0.5,1,1,1,1,10,"sine","sqrt",74,FALSE,FALSE,0.5,0.2,"bich",NA
175,"synthetic","LSVCMM",30,0.5,1,1,1,1,10,"sine","sqrt",75,FALSE,FALSE,0.5,0.2,"bich",NA
176,"synthetic","LSVCMM",30,0.5,1,1,1,1,10,"sine","sqrt",76,FALSE,FALSE,0.5,0.2,"bich",NA
177,"synthetic","LSVCMM",30,0.5,1,1,1,1,10,"sine","sqrt",77,FALSE,FALSE,0.5,0.2,"bich",NA
178,"synthetic","LSVCMM",30,0.5,1,1,1,1,10,"sine","sqrt",78,FALSE,FALSE,0.5,0.2,"bich",NA
179,"synthetic","LSVCMM",30,0.5,1,1,1,1,10,"sine","sqrt",79,FALSE,FALSE,0.5,0.2,"bich",NA
180,"synthetic","LSVCMM",30,0.5,1,1,1,1,10,"sine","sqrt",80,FALSE,FALSE,0.5,0.2,"bich",NA
181,"synthetic","LSVCMM",30,0.5,1,1,1,1,10,"sine","sqrt",81,FALSE,FALSE,0.5,0.2,"bich",NA
182,"synthetic","LSVCMM",30,0.5,1,1,1,1,10,"sine","sqrt",82,FALSE,FALSE,0.5,0.2,"bich",NA
183,"synthetic","LSVCMM",30,0.5,1,1,1,1,10,"sine","sqrt",83,FALSE,FALSE,0.5,0.2,"bich",NA
184,"synthetic","LSVCMM",30,0.5,1,1,1,1,10,"sine","sqrt",84,FALSE,FALSE,0.5,0.2,"bich",NA
185,"synthetic","LSVCMM",30,0.5,1,1,1,1,10,"sine","sqrt",85,FALSE,FALSE,0.5,0.2,"bich",NA
186,"synthetic","LSVCMM",30,0.5,1,1,1,1,10,"sine","sqrt",86,FALSE,FALSE,0.5,0.2,"bich",NA
187,"synthetic","LSVCMM",30,0.5,1,1,1,1,10,"sine","sqrt",87,FALSE,FALSE,0.5,0.2,"bich",NA
188,"synthetic","LSVCMM",30,0.5,1,1,1,1,10,"sine","sqrt",88,FALSE,FALSE,0.5,0.2,"bich",NA
189,"synthetic","LSVCMM",30,0.5,1,1,1,1,10,"sine","sqrt",89,FALSE,FALSE,0.5,0.2,"bich",NA
190,"synthetic","LSVCMM",30,0.5,1,1,1,1,10,"sine","sqrt",90,FALSE,FALSE,0.5,0.2,"bich",NA
191,"synthetic","LSVCMM",30,0.5,1,1,1,1,10,"sine","sqrt",91,FALSE,FALSE,0.5,0.2,"bich",NA
192,"synthetic","LSVCMM",30,0.5,1,1,1,1,10,"sine","sqrt",92,FALSE,FALSE,0.5,0.2,"bich",NA
193,"synthetic","LSVCMM",30,0.5,1,1,1,1,10,"sine","sqrt",93,FALSE,FALSE,0.5,0.2,"bich",NA
194,"synthetic","LSVCMM",30,0.5,1,1,1,1,10,"sine","sqrt",94,FALSE,FALSE,0.5,0.2,"bich",NA
195,"synthetic","LSVCMM",30,0.5,1,1,1,1,10,"sine","sqrt",95,FALSE,FALSE,0.5,0.2,"bich",NA
196,"synthetic","LSVCMM",30,0.5,1,1,1,1,10,"sine","sqrt",96,FALSE,FALSE,0.5,0.2,"bich",NA
197,"synthetic","LSVCMM",30,0.5,1,1,1,1,10,"sine","sqrt",97,FALSE,FALSE,0.5,0.2,"bich",NA
198,"synthetic","LSVCMM",30,0.5,1,1,1,1,10,"sine","sqrt",98,FALSE,FALSE,0.5,0.2,"bich",NA
199,"synthetic","LSVCMM",30,0.5,1,1,1,1,10,"sine","sqrt",99,FALSE,FALSE,0.5,0.2,"bich",NA
200,"synthetic","LSVCMM",30,0.5,1,1,1,1,10,"sine","sqrt",100,FALSE,FALSE,0.5,0.2,"bich",NA
201,"synthetic","LSVCMM",50,0.5,1,1,1,1,10,"sine","sqrt",1,FALSE,FALSE,0.5,0.2,"bich",NA
202,"synthetic","LSVCMM",50,0.5,1,1,1,1,10,"sine","sqrt",2,FALSE,FALSE,0.5,0.2,"bich",NA
203,"synthetic","LSVCMM",50,0.5,1,1,1,1,10,"sine","sqrt",3,FALSE,FALSE,0.5,0.2,"bich",NA
204,"synthetic","LSVCMM",50,0.5,1,1,1,1,10,"sine","sqrt",4,FALSE,FALSE,0.5,0.2,"bich",NA
205,"synthetic","LSVCMM",50,0.5,1,1,1,1,10,"sine","sqrt",5,FALSE,FALSE,0.5,0.2,"bich",NA
206,"synthetic","LSVCMM",50,0.5,1,1,1,1,10,"sine","sqrt",6,FALSE,FALSE,0.5,0.2,"bich",NA
207,"synthetic","LSVCMM",50,0.5,1,1,1,1,10,"sine","sqrt",7,FALSE,FALSE,0.5,0.2,"bich",NA
208,"synthetic","LSVCMM",50,0.5,1,1,1,1,10,"sine","sqrt",8,FALSE,FALSE,0.5,0.2,"bich",NA
209,"synthetic","LSVCMM",50,0.5,1,1,1,1,10,"sine","sqrt",9,FALSE,FALSE,0.5,0.2,"bich",NA
210,"synthetic","LSVCMM",50,0.5,1,1,1,1,10,"sine","sqrt",10,FALSE,FALSE,0.5,0.2,"bich",NA
211,"synthetic","LSVCMM",50,0.5,1,1,1,1,10,"sine","sqrt",11,FALSE,FALSE,0.5,0.2,"bich",NA
212,"synthetic","LSVCMM",50,0.5,1,1,1,1,10,"sine","sqrt",12,FALSE,FALSE,0.5,0.2,"bich",NA
213,"synthetic","LSVCMM",50,0.5,1,1,1,1,10,"sine","sqrt",13,FALSE,FALSE,0.5,0.2,"bich",NA
214,"synthetic","LSVCMM",50,0.5,1,1,1,1,10,"sine","sqrt",14,FALSE,FALSE,0.5,0.2,"bich",NA
215,"synthetic","LSVCMM",50,0.5,1,1,1,1,10,"sine","sqrt",15,FALSE,FALSE,0.5,0.2,"bich",NA
216,"synthetic","LSVCMM",50,0.5,1,1,1,1,10,"sine","sqrt",16,FALSE,FALSE,0.5,0.2,"bich",NA
217,"synthetic","LSVCMM",50,0.5,1,1,1,1,10,"sine","sqrt",17,FALSE,FALSE,0.5,0.2,"bich",NA
218,"synthetic","LSVCMM",50,0.5,1,1,1,1,10,"sine","sqrt",18,FALSE,FALSE,0.5,0.2,"bich",NA
219,"synthetic","LSVCMM",50,0.5,1,1,1,1,10,"sine","sqrt",19,FALSE,FALSE,0.5,0.2,"bich",NA
220,"synthetic","LSVCMM",50,0.5,1,1,1,1,10,"sine","sqrt",20,FALSE,FALSE,0.5,0.2,"bich",NA
221,"synthetic","LSVCMM",50,0.5,1,1,1,1,10,"sine","sqrt",21,FALSE,FALSE,0.5,0.2,"bich",NA
222,"synthetic","LSVCMM",50,0.5,1,1,1,1,10,"sine","sqrt",22,FALSE,FALSE,0.5,0.2,"bich",NA
223,"synthetic","LSVCMM",50,0.5,1,1,1,1,10,"sine","sqrt",23,FALSE,FALSE,0.5,0.2,"bich",NA
224,"synthetic","LSVCMM",50,0.5,1,1,1,1,10,"sine","sqrt",24,FALSE,FALSE,0.5,0.2,"bich",NA
225,"synthetic","LSVCMM",50,0.5,1,1,1,1,10,"sine","sqrt",25,FALSE,FALSE,0.5,0.2,"bich",NA
226,"synthetic","LSVCMM",50,0.5,1,1,1,1,10,"sine","sqrt",26,FALSE,FALSE,0.5,0.2,"bich",NA
227,"synthetic","LSVCMM",50,0.5,1,1,1,1,10,"sine","sqrt",27,FALSE,FALSE,0.5,0.2,"bich",NA
228,"synthetic","LSVCMM",50,0.5,1,1,1,1,10,"sine","sqrt",28,FALSE,FALSE,0.5,0.2,"bich",NA
229,"synthetic","LSVCMM",50,0.5,1,1,1,1,10,"sine","sqrt",29,FALSE,FALSE,0.5,0.2,"bich",NA
230,"synthetic","LSVCMM",50,0.5,1,1,1,1,10,"sine","sqrt",30,FALSE,FALSE,0.5,0.2,"bich",NA
231,"synthetic","LSVCMM",50,0.5,1,1,1,1,10,"sine","sqrt",31,FALSE,FALSE,0.5,0.2,"bich",NA
232,"synthetic","LSVCMM",50,0.5,1,1,1,1,10,"sine","sqrt",32,FALSE,FALSE,0.5,0.2,"bich",NA
233,"synthetic","LSVCMM",50,0.5,1,1,1,1,10,"sine","sqrt",33,FALSE,FALSE,0.5,0.2,"bich",NA
234,"synthetic","LSVCMM",50,0.5,1,1,1,1,10,"sine","sqrt",34,FALSE,FALSE,0.5,0.2,"bich",NA
235,"synthetic","LSVCMM",50,0.5,1,1,1,1,10,"sine","sqrt",35,FALSE,FALSE,0.5,0.2,"bich",NA
236,"synthetic","LSVCMM",50,0.5,1,1,1,1,10,"sine","sqrt",36,FALSE,FALSE,0.5,0.2,"bich",NA
237,"synthetic","LSVCMM",50,0.5,1,1,1,1,10,"sine","sqrt",37,FALSE,FALSE,0.5,0.2,"bich",NA
238,"synthetic","LSVCMM",50,0.5,1,1,1,1,10,"sine","sqrt",38,FALSE,FALSE,0.5,0.2,"bich",NA
239,"synthetic","LSVCMM",50,0.5,1,1,1,1,10,"sine","sqrt",39,FALSE,FALSE,0.5,0.2,"bich",NA
240,"synthetic","LSVCMM",50,0.5,1,1,1,1,10,"sine","sqrt",40,FALSE,FALSE,0.5,0.2,"bich",NA
241,"synthetic","LSVCMM",50,0.5,1,1,1,1,10,"sine","sqrt",41,FALSE,FALSE,0.5,0.2,"bich",NA
242,"synthetic","LSVCMM",50,0.5,1,1,1,1,10,"sine","sqrt",42,FALSE,FALSE,0.5,0.2,"bich",NA
243,"synthetic","LSVCMM",50,0.5,1,1,1,1,10,"sine","sqrt",43,FALSE,FALSE,0.5,0.2,"bich",NA
244,"synthetic","LSVCMM",50,0.5,1,1,1,1,10,"sine","sqrt",44,FALSE,FALSE,0.5,0.2,"bich",NA
245,"synthetic","LSVCMM",50,0.5,1,1,1,1,10,"sine","sqrt",45,FALSE,FALSE,0.5,0.2,"bich",NA
246,"synthetic","LSVCMM",50,0.5,1,1,1,1,10,"sine","sqrt",46,FALSE,FALSE,0.5,0.2,"bich",NA
247,"synthetic","LSVCMM",50,0.5,1,1,1,1,10,"sine","sqrt",47,FALSE,FALSE,0.5,0.2,"bich",NA
248,"synthetic","LSVCMM",50,0.5,1,1,1,1,10,"sine","sqrt",48,FALSE,FALSE,0.5,0.2,"bich",NA
249,"synthetic","LSVCMM",50,0.5,1,1,1,1,10,"sine","sqrt",49,FALSE,FALSE,0.5,0.2,"bich",NA
250,"synthetic","LSVCMM",50,0.5,1,1,1,1,10,"sine","sqrt",50,FALSE,FALSE,0.5,0.2,"bich",NA
251,"synthetic","LSVCMM",50,0.5,1,1,1,1,10,"sine","sqrt",51,FALSE,FALSE,0.5,0.2,"bich",NA
252,"synthetic","LSVCMM",50,0.5,1,1,1,1,10,"sine","sqrt",52,FALSE,FALSE,0.5,0.2,"bich",NA
253,"synthetic","LSVCMM",50,0.5,1,1,1,1,10,"sine","sqrt",53,FALSE,FALSE,0.5,0.2,"bich",NA
254,"synthetic","LSVCMM",50,0.5,1,1,1,1,10,"sine","sqrt",54,FALSE,FALSE,0.5,0.2,"bich",NA
255,"synthetic","LSVCMM",50,0.5,1,1,1,1,10,"sine","sqrt",55,FALSE,FALSE,0.5,0.2,"bich",NA
256,"synthetic","LSVCMM",50,0.5,1,1,1,1,10,"sine","sqrt",56,FALSE,FALSE,0.5,0.2,"bich",NA
257,"synthetic","LSVCMM",50,0.5,1,1,1,1,10,"sine","sqrt",57,FALSE,FALSE,0.5,0.2,"bich",NA
258,"synthetic","LSVCMM",50,0.5,1,1,1,1,10,"sine","sqrt",58,FALSE,FALSE,0.5,0.2,"bich",NA
259,"synthetic","LSVCMM",50,0.5,1,1,1,1,10,"sine","sqrt",59,FALSE,FALSE,0.5,0.2,"bich",NA
260,"synthetic","LSVCMM",50,0.5,1,1,1,1,10,"sine","sqrt",60,FALSE,FALSE,0.5,0.2,"bich",NA
261,"synthetic","LSVCMM",50,0.5,1,1,1,1,10,"sine","sqrt",61,FALSE,FALSE,0.5,0.2,"bich",NA
262,"synthetic","LSVCMM",50,0.5,1,1,1,1,10,"sine","sqrt",62,FALSE,FALSE,0.5,0.2,"bich",NA
263,"synthetic","LSVCMM",50,0.5,1,1,1,1,10,"sine","sqrt",63,FALSE,FALSE,0.5,0.2,"bich",NA
264,"synthetic","LSVCMM",50,0.5,1,1,1,1,10,"sine","sqrt",64,FALSE,FALSE,0.5,0.2,"bich",NA
265,"synthetic","LSVCMM",50,0.5,1,1,1,1,10,"sine","sqrt",65,FALSE,FALSE,0.5,0.2,"bich",NA
266,"synthetic","LSVCMM",50,0.5,1,1,1,1,10,"sine","sqrt",66,FALSE,FALSE,0.5,0.2,"bich",NA
267,"synthetic","LSVCMM",50,0.5,1,1,1,1,10,"sine","sqrt",67,FALSE,FALSE,0.5,0.2,"bich",NA
268,"synthetic","LSVCMM",50,0.5,1,1,1,1,10,"sine","sqrt",68,FALSE,FALSE,0.5,0.2,"bich",NA
269,"synthetic","LSVCMM",50,0.5,1,1,1,1,10,"sine","sqrt",69,FALSE,FALSE,0.5,0.2,"bich",NA
270,"synthetic","LSVCMM",50,0.5,1,1,1,1,10,"sine","sqrt",70,FALSE,FALSE,0.5,0.2,"bich",NA
271,"synthetic","LSVCMM",50,0.5,1,1,1,1,10,"sine","sqrt",71,FALSE,FALSE,0.5,0.2,"bich",NA
272,"synthetic","LSVCMM",50,0.5,1,1,1,1,10,"sine","sqrt",72,FALSE,FALSE,0.5,0.2,"bich",NA
273,"synthetic","LSVCMM",50,0.5,1,1,1,1,10,"sine","sqrt",73,FALSE,FALSE,0.5,0.2,"bich",NA
274,"synthetic","LSVCMM",50,0.5,1,1,1,1,10,"sine","sqrt",74,FALSE,FALSE,0.5,0.2,"bich",NA
275,"synthetic","LSVCMM",50,0.5,1,1,1,1,10,"sine","sqrt",75,FALSE,FALSE,0.5,0.2,"bich",NA
276,"synthetic","LSVCMM",50,0.5,1,1,1,1,10,"sine","sqrt",76,FALSE,FALSE,0.5,0.2,"bich",NA
277,"synthetic","LSVCMM",50,0.5,1,1,1,1,10,"sine","sqrt",77,FALSE,FALSE,0.5,0.2,"bich",NA
278,"synthetic","LSVCMM",50,0.5,1,1,1,1,10,"sine","sqrt",78,FALSE,FALSE,0.5,0.2,"bich",NA
279,"synthetic","LSVCMM",50,0.5,1,1,1,1,10,"sine","sqrt",79,FALSE,FALSE,0.5,0.2,"bich",NA
280,"synthetic","LSVCMM",50,0.5,1,1,1,1,10,"sine","sqrt",80,FALSE,FALSE,0.5,0.2,"bich",NA
281,"synthetic","LSVCMM",50,0.5,1,1,1,1,10,"sine","sqrt",81,FALSE,FALSE,0.5,0.2,"bich",NA
282,"synthetic","LSVCMM",50,0.5,1,1,1,1,10,"sine","sqrt",82,FALSE,FALSE,0.5,0.2,"bich",NA
283,"synthetic","LSVCMM",50,0.5,1,1,1,1,10,"sine","sqrt",83,FALSE,FALSE,0.5,0.2,"bich",NA
284,"synthetic","LSVCMM",50,0.5,1,1,1,1,10,"sine","sqrt",84,FALSE,FALSE,0.5,0.2,"bich",NA
285,"synthetic","LSVCMM",50,0.5,1,1,1,1,10,"sine","sqrt",85,FALSE,FALSE,0.5,0.2,"bich",NA
286,"synthetic","LSVCMM",50,0.5,1,1,1,1,10,"sine","sqrt",86,FALSE,FALSE,0.5,0.2,"bich",NA
287,"synthetic","LSVCMM",50,0.5,1,1,1,1,10,"sine","sqrt",87,FALSE,FALSE,0.5,0.2,"bich",NA
288,"synthetic","LSVCMM",50,0.5,1,1,1,1,10,"sine","sqrt",88,FALSE,FALSE,0.5,0.2,"bich",NA
289,"synthetic","LSVCMM",50,0.5,1,1,1,1,10,"sine","sqrt",89,FALSE,FALSE,0.5,0.2,"bich",NA
290,"synthetic","LSVCMM",50,0.5,1,1,1,1,10,"sine","sqrt",90,FALSE,FALSE,0.5,0.2,"bich",NA
291,"synthetic","LSVCMM",50,0.5,1,1,1,1,10,"sine","sqrt",91,FALSE,FALSE,0.5,0.2,"bich",NA
292,"synthetic","LSVCMM",50,0.5,1,1,1,1,10,"sine","sqrt",92,FALSE,FALSE,0.5,0.2,"bich",NA
293,"synthetic","LSVCMM",50,0.5,1,1,1,1,10,"sine","sqrt",93,FALSE,FALSE,0.5,0.2,"bich",NA
294,"synthetic","LSVCMM",50,0.5,1,1,1,1,10,"sine","sqrt",94,FALSE,FALSE,0.5,0.2,"bich",NA
295,"synthetic","LSVCMM",50,0.5,1,1,1,1,10,"sine","sqrt",95,FALSE,FALSE,0.5,0.2,"bich",NA
296,"synthetic","LSVCMM",50,0.5,1,1,1,1,10,"sine","sqrt",96,FALSE,FALSE,0.5,0.2,"bich",NA
297,"synthetic","LSVCMM",50,0.5,1,1,1,1,10,"sine","sqrt",97,FALSE,FALSE,0.5,0.2,"bich",NA
298,"synthetic","LSVCMM",50,0.5,1,1,1,1,10,"sine","sqrt",98,FALSE,FALSE,0.5,0.2,"bich",NA
299,"synthetic","LSVCMM",50,0.5,1,1,1,1,10,"sine","sqrt",99,FALSE,FALSE,0.5,0.2,"bich",NA
300,"synthetic","LSVCMM",50,0.5,1,1,1,1,10,"sine","sqrt",100,FALSE,FALSE,0.5,0.2,"bich",NA
301,"synthetic","LSVCMM",100,0.5,1,1,1,1,10,"sine","sqrt",1,FALSE,FALSE,0.5,0.2,"bich",NA
302,"synthetic","LSVCMM",100,0.5,1,1,1,1,10,"sine","sqrt",2,FALSE,FALSE,0.5,0.2,"bich",NA
303,"synthetic","LSVCMM",100,0.5,1,1,1,1,10,"sine","sqrt",3,FALSE,FALSE,0.5,0.2,"bich",NA
304,"synthetic","LSVCMM",100,0.5,1,1,1,1,10,"sine","sqrt",4,FALSE,FALSE,0.5,0.2,"bich",NA
305,"synthetic","LSVCMM",100,0.5,1,1,1,1,10,"sine","sqrt",5,FALSE,FALSE,0.5,0.2,"bich",NA
306,"synthetic","LSVCMM",100,0.5,1,1,1,1,10,"sine","sqrt",6,FALSE,FALSE,0.5,0.2,"bich",NA
307,"synthetic","LSVCMM",100,0.5,1,1,1,1,10,"sine","sqrt",7,FALSE,FALSE,0.5,0.2,"bich",NA
308,"synthetic","LSVCMM",100,0.5,1,1,1,1,10,"sine","sqrt",8,FALSE,FALSE,0.5,0.2,"bich",NA
309,"synthetic","LSVCMM",100,0.5,1,1,1,1,10,"sine","sqrt",9,FALSE,FALSE,0.5,0.2,"bich",NA
310,"synthetic","LSVCMM",100,0.5,1,1,1,1,10,"sine","sqrt",10,FALSE,FALSE,0.5,0.2,"bich",NA
311,"synthetic","LSVCMM",100,0.5,1,1,1,1,10,"sine","sqrt",11,FALSE,FALSE,0.5,0.2,"bich",NA
312,"synthetic","LSVCMM",100,0.5,1,1,1,1,10,"sine","sqrt",12,FALSE,FALSE,0.5,0.2,"bich",NA
313,"synthetic","LSVCMM",100,0.5,1,1,1,1,10,"sine","sqrt",13,FALSE,FALSE,0.5,0.2,"bich",NA
314,"synthetic","LSVCMM",100,0.5,1,1,1,1,10,"sine","sqrt",14,FALSE,FALSE,0.5,0.2,"bich",NA
315,"synthetic","LSVCMM",100,0.5,1,1,1,1,10,"sine","sqrt",15,FALSE,FALSE,0.5,0.2,"bich",NA
316,"synthetic","LSVCMM",100,0.5,1,1,1,1,10,"sine","sqrt",16,FALSE,FALSE,0.5,0.2,"bich",NA
317,"synthetic","LSVCMM",100,0.5,1,1,1,1,10,"sine","sqrt",17,FALSE,FALSE,0.5,0.2,"bich",NA
318,"synthetic","LSVCMM",100,0.5,1,1,1,1,10,"sine","sqrt",18,FALSE,FALSE,0.5,0.2,"bich",NA
319,"synthetic","LSVCMM",100,0.5,1,1,1,1,10,"sine","sqrt",19,FALSE,FALSE,0.5,0.2,"bich",NA
320,"synthetic","LSVCMM",100,0.5,1,1,1,1,10,"sine","sqrt",20,FALSE,FALSE,0.5,0.2,"bich",NA
321,"synthetic","LSVCMM",100,0.5,1,1,1,1,10,"sine","sqrt",21,FALSE,FALSE,0.5,0.2,"bich",NA
322,"synthetic","LSVCMM",100,0.5,1,1,1,1,10,"sine","sqrt",22,FALSE,FALSE,0.5,0.2,"bich",NA
323,"synthetic","LSVCMM",100,0.5,1,1,1,1,10,"sine","sqrt",23,FALSE,FALSE,0.5,0.2,"bich",NA
324,"synthetic","LSVCMM",100,0.5,1,1,1,1,10,"sine","sqrt",24,FALSE,FALSE,0.5,0.2,"bich",NA
325,"synthetic","LSVCMM",100,0.5,1,1,1,1,10,"sine","sqrt",25,FALSE,FALSE,0.5,0.2,"bich",NA
326,"synthetic","LSVCMM",100,0.5,1,1,1,1,10,"sine","sqrt",26,FALSE,FALSE,0.5,0.2,"bich",NA
327,"synthetic","LSVCMM",100,0.5,1,1,1,1,10,"sine","sqrt",27,FALSE,FALSE,0.5,0.2,"bich",NA
328,"synthetic","LSVCMM",100,0.5,1,1,1,1,10,"sine","sqrt",28,FALSE,FALSE,0.5,0.2,"bich",NA
329,"synthetic","LSVCMM",100,0.5,1,1,1,1,10,"sine","sqrt",29,FALSE,FALSE,0.5,0.2,"bich",NA
330,"synthetic","LSVCMM",100,0.5,1,1,1,1,10,"sine","sqrt",30,FALSE,FALSE,0.5,0.2,"bich",NA
331,"synthetic","LSVCMM",100,0.5,1,1,1,1,10,"sine","sqrt",31,FALSE,FALSE,0.5,0.2,"bich",NA
332,"synthetic","LSVCMM",100,0.5,1,1,1,1,10,"sine","sqrt",32,FALSE,FALSE,0.5,0.2,"bich",NA
333,"synthetic","LSVCMM",100,0.5,1,1,1,1,10,"sine","sqrt",33,FALSE,FALSE,0.5,0.2,"bich",NA
334,"synthetic","LSVCMM",100,0.5,1,1,1,1,10,"sine","sqrt",34,FALSE,FALSE,0.5,0.2,"bich",NA
335,"synthetic","LSVCMM",100,0.5,1,1,1,1,10,"sine","sqrt",35,FALSE,FALSE,0.5,0.2,"bich",NA
336,"synthetic","LSVCMM",100,0.5,1,1,1,1,10,"sine","sqrt",36,FALSE,FALSE,0.5,0.2,"bich",NA
337,"synthetic","LSVCMM",100,0.5,1,1,1,1,10,"sine","sqrt",37,FALSE,FALSE,0.5,0.2,"bich",NA
338,"synthetic","LSVCMM",100,0.5,1,1,1,1,10,"sine","sqrt",38,FALSE,FALSE,0.5,0.2,"bich",NA
339,"synthetic","LSVCMM",100,0.5,1,1,1,1,10,"sine","sqrt",39,FALSE,FALSE,0.5,0.2,"bich",NA
340,"synthetic","LSVCMM",100,0.5,1,1,1,1,10,"sine","sqrt",40,FALSE,FALSE,0.5,0.2,"bich",NA
341,"synthetic","LSVCMM",100,0.5,1,1,1,1,10,"sine","sqrt",41,FALSE,FALSE,0.5,0.2,"bich",NA
342,"synthetic","LSVCMM",100,0.5,1,1,1,1,10,"sine","sqrt",42,FALSE,FALSE,0.5,0.2,"bich",NA
343,"synthetic","LSVCMM",100,0.5,1,1,1,1,10,"sine","sqrt",43,FALSE,FALSE,0.5,0.2,"bich",NA
344,"synthetic","LSVCMM",100,0.5,1,1,1,1,10,"sine","sqrt",44,FALSE,FALSE,0.5,0.2,"bich",NA
345,"synthetic","LSVCMM",100,0.5,1,1,1,1,10,"sine","sqrt",45,FALSE,FALSE,0.5,0.2,"bich",NA
346,"synthetic","LSVCMM",100,0.5,1,1,1,1,10,"sine","sqrt",46,FALSE,FALSE,0.5,0.2,"bich",NA
347,"synthetic","LSVCMM",100,0.5,1,1,1,1,10,"sine","sqrt",47,FALSE,FALSE,0.5,0.2,"bich",NA
348,"synthetic","LSVCMM",100,0.5,1,1,1,1,10,"sine","sqrt",48,FALSE,FALSE,0.5,0.2,"bich",NA
349,"synthetic","LSVCMM",100,0.5,1,1,1,1,10,"sine","sqrt",49,FALSE,FALSE,0.5,0.2,"bich",NA
350,"synthetic","LSVCMM",100,0.5,1,1,1,1,10,"sine","sqrt",50,FALSE,FALSE,0.5,0.2,"bich",NA
351,"synthetic","LSVCMM",100,0.5,1,1,1,1,10,"sine","sqrt",51,FALSE,FALSE,0.5,0.2,"bich",NA
352,"synthetic","LSVCMM",100,0.5,1,1,1,1,10,"sine","sqrt",52,FALSE,FALSE,0.5,0.2,"bich",NA
353,"synthetic","LSVCMM",100,0.5,1,1,1,1,10,"sine","sqrt",53,FALSE,FALSE,0.5,0.2,"bich",NA
354,"synthetic","LSVCMM",100,0.5,1,1,1,1,10,"sine","sqrt",54,FALSE,FALSE,0.5,0.2,"bich",NA
355,"synthetic","LSVCMM",100,0.5,1,1,1,1,10,"sine","sqrt",55,FALSE,FALSE,0.5,0.2,"bich",NA
356,"synthetic","LSVCMM",100,0.5,1,1,1,1,10,"sine","sqrt",56,FALSE,FALSE,0.5,0.2,"bich",NA
357,"synthetic","LSVCMM",100,0.5,1,1,1,1,10,"sine","sqrt",57,FALSE,FALSE,0.5,0.2,"bich",NA
358,"synthetic","LSVCMM",100,0.5,1,1,1,1,10,"sine","sqrt",58,FALSE,FALSE,0.5,0.2,"bich",NA
359,"synthetic","LSVCMM",100,0.5,1,1,1,1,10,"sine","sqrt",59,FALSE,FALSE,0.5,0.2,"bich",NA
360,"synthetic","LSVCMM",100,0.5,1,1,1,1,10,"sine","sqrt",60,FALSE,FALSE,0.5,0.2,"bich",NA
361,"synthetic","LSVCMM",100,0.5,1,1,1,1,10,"sine","sqrt",61,FALSE,FALSE,0.5,0.2,"bich",NA
362,"synthetic","LSVCMM",100,0.5,1,1,1,1,10,"sine","sqrt",62,FALSE,FALSE,0.5,0.2,"bich",NA
363,"synthetic","LSVCMM",100,0.5,1,1,1,1,10,"sine","sqrt",63,FALSE,FALSE,0.5,0.2,"bich",NA
364,"synthetic","LSVCMM",100,0.5,1,1,1,1,10,"sine","sqrt",64,FALSE,FALSE,0.5,0.2,"bich",NA
365,"synthetic","LSVCMM",100,0.5,1,1,1,1,10,"sine","sqrt",65,FALSE,FALSE,0.5,0.2,"bich",NA
366,"synthetic","LSVCMM",100,0.5,1,1,1,1,10,"sine","sqrt",66,FALSE,FALSE,0.5,0.2,"bich",NA
367,"synthetic","LSVCMM",100,0.5,1,1,1,1,10,"sine","sqrt",67,FALSE,FALSE,0.5,0.2,"bich",NA
368,"synthetic","LSVCMM",100,0.5,1,1,1,1,10,"sine","sqrt",68,FALSE,FALSE,0.5,0.2,"bich",NA
369,"synthetic","LSVCMM",100,0.5,1,1,1,1,10,"sine","sqrt",69,FALSE,FALSE,0.5,0.2,"bich",NA
370,"synthetic","LSVCMM",100,0.5,1,1,1,1,10,"sine","sqrt",70,FALSE,FALSE,0.5,0.2,"bich",NA
371,"synthetic","LSVCMM",100,0.5,1,1,1,1,10,"sine","sqrt",71,FALSE,FALSE,0.5,0.2,"bich",NA
372,"synthetic","LSVCMM",100,0.5,1,1,1,1,10,"sine","sqrt",72,FALSE,FALSE,0.5,0.2,"bich",NA
373,"synthetic","LSVCMM",100,0.5,1,1,1,1,10,"sine","sqrt",73,FALSE,FALSE,0.5,0.2,"bich",NA
374,"synthetic","LSVCMM",100,0.5,1,1,1,1,10,"sine","sqrt",74,FALSE,FALSE,0.5,0.2,"bich",NA
375,"synthetic","LSVCMM",100,0.5,1,1,1,1,10,"sine","sqrt",75,FALSE,FALSE,0.5,0.2,"bich",NA
376,"synthetic","LSVCMM",100,0.5,1,1,1,1,10,"sine","sqrt",76,FALSE,FALSE,0.5,0.2,"bich",NA
377,"synthetic","LSVCMM",100,0.5,1,1,1,1,10,"sine","sqrt",77,FALSE,FALSE,0.5,0.2,"bich",NA
378,"synthetic","LSVCMM",100,0.5,1,1,1,1,10,"sine","sqrt",78,FALSE,FALSE,0.5,0.2,"bich",NA
379,"synthetic","LSVCMM",100,0.5,1,1,1,1,10,"sine","sqrt",79,FALSE,FALSE,0.5,0.2,"bich",NA
380,"synthetic","LSVCMM",100,0.5,1,1,1,1,10,"sine","sqrt",80,FALSE,FALSE,0.5,0.2,"bich",NA
381,"synthetic","LSVCMM",100,0.5,1,1,1,1,10,"sine","sqrt",81,FALSE,FALSE,0.5,0.2,"bich",NA
382,"synthetic","LSVCMM",100,0.5,1,1,1,1,10,"sine","sqrt",82,FALSE,FALSE,0.5,0.2,"bich",NA
383,"synthetic","LSVCMM",100,0.5,1,1,1,1,10,"sine","sqrt",83,FALSE,FALSE,0.5,0.2,"bich",NA
384,"synthetic","LSVCMM",100,0.5,1,1,1,1,10,"sine","sqrt",84,FALSE,FALSE,0.5,0.2,"bich",NA
385,"synthetic","LSVCMM",100,0.5,1,1,1,1,10,"sine","sqrt",85,FALSE,FALSE,0.5,0.2,"bich",NA
386,"synthetic","LSVCMM",100,0.5,1,1,1,1,10,"sine","sqrt",86,FALSE,FALSE,0.5,0.2,"bich",NA
387,"synthetic","LSVCMM",100,0.5,1,1,1,1,10,"sine","sqrt",87,FALSE,FALSE,0.5,0.2,"bich",NA
388,"synthetic","LSVCMM",100,0.5,1,1,1,1,10,"sine","sqrt",88,FALSE,FALSE,0.5,0.2,"bich",NA
389,"synthetic","LSVCMM",100,0.5,1,1,1,1,10,"sine","sqrt",89,FALSE,FALSE,0.5,0.2,"bich",NA
390,"synthetic","LSVCMM",100,0.5,1,1,1,1,10,"sine","sqrt",90,FALSE,FALSE,0.5,0.2,"bich",NA
391,"synthetic","LSVCMM",100,0.5,1,1,1,1,10,"sine","sqrt",91,FALSE,FALSE,0.5,0.2,"bich",NA
392,"synthetic","LSVCMM",100,0.5,1,1,1,1,10,"sine","sqrt",92,FALSE,FALSE,0.5,0.2,"bich",NA
393,"synthetic","LSVCMM",100,0.5,1,1,1,1,10,"sine","sqrt",93,FALSE,FALSE,0.5,0.2,"bich",NA
394,"synthetic","LSVCMM",100,0.5,1,1,1,1,10,"sine","sqrt",94,FALSE,FALSE,0.5,0.2,"bich",NA
395,"synthetic","LSVCMM",100,0.5,1,1,1,1,10,"sine","sqrt",95,FALSE,FALSE,0.5,0.2,"bich",NA
396,"synthetic","LSVCMM",100,0.5,1,1,1,1,10,"sine","sqrt",96,FALSE,FALSE,0.5,0.2,"bich",NA
397,"synthetic","LSVCMM",100,0.5,1,1,1,1,10,"sine","sqrt",97,FALSE,FALSE,0.5,0.2,"bich",NA
398,"synthetic","LSVCMM",100,0.5,1,1,1,1,10,"sine","sqrt",98,FALSE,FALSE,0.5,0.2,"bich",NA
399,"synthetic","LSVCMM",100,0.5,1,1,1,1,10,"sine","sqrt",99,FALSE,FALSE,0.5,0.2,"bich",NA
400,"synthetic","LSVCMM",100,0.5,1,1,1,1,10,"sine","sqrt",100,FALSE,FALSE,0.5,0.2,"bich",NA
401,"synthetic","LSVCMM",150,0.5,1,1,1,1,10,"sine","sqrt",1,FALSE,FALSE,0.5,0.2,"bich",NA
402,"synthetic","LSVCMM",150,0.5,1,1,1,1,10,"sine","sqrt",2,FALSE,FALSE,0.5,0.2,"bich",NA
403,"synthetic","LSVCMM",150,0.5,1,1,1,1,10,"sine","sqrt",3,FALSE,FALSE,0.5,0.2,"bich",NA
404,"synthetic","LSVCMM",150,0.5,1,1,1,1,10,"sine","sqrt",4,FALSE,FALSE,0.5,0.2,"bich",NA
405,"synthetic","LSVCMM",150,0.5,1,1,1,1,10,"sine","sqrt",5,FALSE,FALSE,0.5,0.2,"bich",NA
406,"synthetic","LSVCMM",150,0.5,1,1,1,1,10,"sine","sqrt",6,FALSE,FALSE,0.5,0.2,"bich",NA
407,"synthetic","LSVCMM",150,0.5,1,1,1,1,10,"sine","sqrt",7,FALSE,FALSE,0.5,0.2,"bich",NA
408,"synthetic","LSVCMM",150,0.5,1,1,1,1,10,"sine","sqrt",8,FALSE,FALSE,0.5,0.2,"bich",NA
409,"synthetic","LSVCMM",150,0.5,1,1,1,1,10,"sine","sqrt",9,FALSE,FALSE,0.5,0.2,"bich",NA
410,"synthetic","LSVCMM",150,0.5,1,1,1,1,10,"sine","sqrt",10,FALSE,FALSE,0.5,0.2,"bich",NA
411,"synthetic","LSVCMM",150,0.5,1,1,1,1,10,"sine","sqrt",11,FALSE,FALSE,0.5,0.2,"bich",NA
412,"synthetic","LSVCMM",150,0.5,1,1,1,1,10,"sine","sqrt",12,FALSE,FALSE,0.5,0.2,"bich",NA
413,"synthetic","LSVCMM",150,0.5,1,1,1,1,10,"sine","sqrt",13,FALSE,FALSE,0.5,0.2,"bich",NA
414,"synthetic","LSVCMM",150,0.5,1,1,1,1,10,"sine","sqrt",14,FALSE,FALSE,0.5,0.2,"bich",NA
415,"synthetic","LSVCMM",150,0.5,1,1,1,1,10,"sine","sqrt",15,FALSE,FALSE,0.5,0.2,"bich",NA
416,"synthetic","LSVCMM",150,0.5,1,1,1,1,10,"sine","sqrt",16,FALSE,FALSE,0.5,0.2,"bich",NA
417,"synthetic","LSVCMM",150,0.5,1,1,1,1,10,"sine","sqrt",17,FALSE,FALSE,0.5,0.2,"bich",NA
418,"synthetic","LSVCMM",150,0.5,1,1,1,1,10,"sine","sqrt",18,FALSE,FALSE,0.5,0.2,"bich",NA
419,"synthetic","LSVCMM",150,0.5,1,1,1,1,10,"sine","sqrt",19,FALSE,FALSE,0.5,0.2,"bich",NA
420,"synthetic","LSVCMM",150,0.5,1,1,1,1,10,"sine","sqrt",20,FALSE,FALSE,0.5,0.2,"bich",NA
421,"synthetic","LSVCMM",150,0.5,1,1,1,1,10,"sine","sqrt",21,FALSE,FALSE,0.5,0.2,"bich",NA
422,"synthetic","LSVCMM",150,0.5,1,1,1,1,10,"sine","sqrt",22,FALSE,FALSE,0.5,0.2,"bich",NA
423,"synthetic","LSVCMM",150,0.5,1,1,1,1,10,"sine","sqrt",23,FALSE,FALSE,0.5,0.2,"bich",NA
424,"synthetic","LSVCMM",150,0.5,1,1,1,1,10,"sine","sqrt",24,FALSE,FALSE,0.5,0.2,"bich",NA
425,"synthetic","LSVCMM",150,0.5,1,1,1,1,10,"sine","sqrt",25,FALSE,FALSE,0.5,0.2,"bich",NA
426,"synthetic","LSVCMM",150,0.5,1,1,1,1,10,"sine","sqrt",26,FALSE,FALSE,0.5,0.2,"bich",NA
427,"synthetic","LSVCMM",150,0.5,1,1,1,1,10,"sine","sqrt",27,FALSE,FALSE,0.5,0.2,"bich",NA
428,"synthetic","LSVCMM",150,0.5,1,1,1,1,10,"sine","sqrt",28,FALSE,FALSE,0.5,0.2,"bich",NA
429,"synthetic","LSVCMM",150,0.5,1,1,1,1,10,"sine","sqrt",29,FALSE,FALSE,0.5,0.2,"bich",NA
430,"synthetic","LSVCMM",150,0.5,1,1,1,1,10,"sine","sqrt",30,FALSE,FALSE,0.5,0.2,"bich",NA
431,"synthetic","LSVCMM",150,0.5,1,1,1,1,10,"sine","sqrt",31,FALSE,FALSE,0.5,0.2,"bich",NA
432,"synthetic","LSVCMM",150,0.5,1,1,1,1,10,"sine","sqrt",32,FALSE,FALSE,0.5,0.2,"bich",NA
433,"synthetic","LSVCMM",150,0.5,1,1,1,1,10,"sine","sqrt",33,FALSE,FALSE,0.5,0.2,"bich",NA
434,"synthetic","LSVCMM",150,0.5,1,1,1,1,10,"sine","sqrt",34,FALSE,FALSE,0.5,0.2,"bich",NA
435,"synthetic","LSVCMM",150,0.5,1,1,1,1,10,"sine","sqrt",35,FALSE,FALSE,0.5,0.2,"bich",NA
436,"synthetic","LSVCMM",150,0.5,1,1,1,1,10,"sine","sqrt",36,FALSE,FALSE,0.5,0.2,"bich",NA
437,"synthetic","LSVCMM",150,0.5,1,1,1,1,10,"sine","sqrt",37,FALSE,FALSE,0.5,0.2,"bich",NA
438,"synthetic","LSVCMM",150,0.5,1,1,1,1,10,"sine","sqrt",38,FALSE,FALSE,0.5,0.2,"bich",NA
439,"synthetic","LSVCMM",150,0.5,1,1,1,1,10,"sine","sqrt",39,FALSE,FALSE,0.5,0.2,"bich",NA
440,"synthetic","LSVCMM",150,0.5,1,1,1,1,10,"sine","sqrt",40,FALSE,FALSE,0.5,0.2,"bich",NA
441,"synthetic","LSVCMM",150,0.5,1,1,1,1,10,"sine","sqrt",41,FALSE,FALSE,0.5,0.2,"bich",NA
442,"synthetic","LSVCMM",150,0.5,1,1,1,1,10,"sine","sqrt",42,FALSE,FALSE,0.5,0.2,"bich",NA
443,"synthetic","LSVCMM",150,0.5,1,1,1,1,10,"sine","sqrt",43,FALSE,FALSE,0.5,0.2,"bich",NA
444,"synthetic","LSVCMM",150,0.5,1,1,1,1,10,"sine","sqrt",44,FALSE,FALSE,0.5,0.2,"bich",NA
445,"synthetic","LSVCMM",150,0.5,1,1,1,1,10,"sine","sqrt",45,FALSE,FALSE,0.5,0.2,"bich",NA
446,"synthetic","LSVCMM",150,0.5,1,1,1,1,10,"sine","sqrt",46,FALSE,FALSE,0.5,0.2,"bich",NA
447,"synthetic","LSVCMM",150,0.5,1,1,1,1,10,"sine","sqrt",47,FALSE,FALSE,0.5,0.2,"bich",NA
448,"synthetic","LSVCMM",150,0.5,1,1,1,1,10,"sine","sqrt",48,FALSE,FALSE,0.5,0.2,"bich",NA
449,"synthetic","LSVCMM",150,0.5,1,1,1,1,10,"sine","sqrt",49,FALSE,FALSE,0.5,0.2,"bich",NA
450,"synthetic","LSVCMM",150,0.5,1,1,1,1,10,"sine","sqrt",50,FALSE,FALSE,0.5,0.2,"bich",NA
451,"synthetic","LSVCMM",150,0.5,1,1,1,1,10,"sine","sqrt",51,FALSE,FALSE,0.5,0.2,"bich",NA
452,"synthetic","LSVCMM",150,0.5,1,1,1,1,10,"sine","sqrt",52,FALSE,FALSE,0.5,0.2,"bich",NA
453,"synthetic","LSVCMM",150,0.5,1,1,1,1,10,"sine","sqrt",53,FALSE,FALSE,0.5,0.2,"bich",NA
454,"synthetic","LSVCMM",150,0.5,1,1,1,1,10,"sine","sqrt",54,FALSE,FALSE,0.5,0.2,"bich",NA
455,"synthetic","LSVCMM",150,0.5,1,1,1,1,10,"sine","sqrt",55,FALSE,FALSE,0.5,0.2,"bich",NA
456,"synthetic","LSVCMM",150,0.5,1,1,1,1,10,"sine","sqrt",56,FALSE,FALSE,0.5,0.2,"bich",NA
457,"synthetic","LSVCMM",150,0.5,1,1,1,1,10,"sine","sqrt",57,FALSE,FALSE,0.5,0.2,"bich",NA
458,"synthetic","LSVCMM",150,0.5,1,1,1,1,10,"sine","sqrt",58,FALSE,FALSE,0.5,0.2,"bich",NA
459,"synthetic","LSVCMM",150,0.5,1,1,1,1,10,"sine","sqrt",59,FALSE,FALSE,0.5,0.2,"bich",NA
460,"synthetic","LSVCMM",150,0.5,1,1,1,1,10,"sine","sqrt",60,FALSE,FALSE,0.5,0.2,"bich",NA
461,"synthetic","LSVCMM",150,0.5,1,1,1,1,10,"sine","sqrt",61,FALSE,FALSE,0.5,0.2,"bich",NA
462,"synthetic","LSVCMM",150,0.5,1,1,1,1,10,"sine","sqrt",62,FALSE,FALSE,0.5,0.2,"bich",NA
463,"synthetic","LSVCMM",150,0.5,1,1,1,1,10,"sine","sqrt",63,FALSE,FALSE,0.5,0.2,"bich",NA
464,"synthetic","LSVCMM",150,0.5,1,1,1,1,10,"sine","sqrt",64,FALSE,FALSE,0.5,0.2,"bich",NA
465,"synthetic","LSVCMM",150,0.5,1,1,1,1,10,"sine","sqrt",65,FALSE,FALSE,0.5,0.2,"bich",NA
466,"synthetic","LSVCMM",150,0.5,1,1,1,1,10,"sine","sqrt",66,FALSE,FALSE,0.5,0.2,"bich",NA
467,"synthetic","LSVCMM",150,0.5,1,1,1,1,10,"sine","sqrt",67,FALSE,FALSE,0.5,0.2,"bich",NA
468,"synthetic","LSVCMM",150,0.5,1,1,1,1,10,"sine","sqrt",68,FALSE,FALSE,0.5,0.2,"bich",NA
469,"synthetic","LSVCMM",150,0.5,1,1,1,1,10,"sine","sqrt",69,FALSE,FALSE,0.5,0.2,"bich",NA
470,"synthetic","LSVCMM",150,0.5,1,1,1,1,10,"sine","sqrt",70,FALSE,FALSE,0.5,0.2,"bich",NA
471,"synthetic","LSVCMM",150,0.5,1,1,1,1,10,"sine","sqrt",71,FALSE,FALSE,0.5,0.2,"bich",NA
472,"synthetic","LSVCMM",150,0.5,1,1,1,1,10,"sine","sqrt",72,FALSE,FALSE,0.5,0.2,"bich",NA
473,"synthetic","LSVCMM",150,0.5,1,1,1,1,10,"sine","sqrt",73,FALSE,FALSE,0.5,0.2,"bich",NA
474,"synthetic","LSVCMM",150,0.5,1,1,1,1,10,"sine","sqrt",74,FALSE,FALSE,0.5,0.2,"bich",NA
475,"synthetic","LSVCMM",150,0.5,1,1,1,1,10,"sine","sqrt",75,FALSE,FALSE,0.5,0.2,"bich",NA
476,"synthetic","LSVCMM",150,0.5,1,1,1,1,10,"sine","sqrt",76,FALSE,FALSE,0.5,0.2,"bich",NA
477,"synthetic","LSVCMM",150,0.5,1,1,1,1,10,"sine","sqrt",77,FALSE,FALSE,0.5,0.2,"bich",NA
478,"synthetic","LSVCMM",150,0.5,1,1,1,1,10,"sine","sqrt",78,FALSE,FALSE,0.5,0.2,"bich",NA
479,"synthetic","LSVCMM",150,0.5,1,1,1,1,10,"sine","sqrt",79,FALSE,FALSE,0.5,0.2,"bich",NA
480,"synthetic","LSVCMM",150,0.5,1,1,1,1,10,"sine","sqrt",80,FALSE,FALSE,0.5,0.2,"bich",NA
481,"synthetic","LSVCMM",150,0.5,1,1,1,1,10,"sine","sqrt",81,FALSE,FALSE,0.5,0.2,"bich",NA
482,"synthetic","LSVCMM",150,0.5,1,1,1,1,10,"sine","sqrt",82,FALSE,FALSE,0.5,0.2,"bich",NA
483,"synthetic","LSVCMM",150,0.5,1,1,1,1,10,"sine","sqrt",83,FALSE,FALSE,0.5,0.2,"bich",NA
484,"synthetic","LSVCMM",150,0.5,1,1,1,1,10,"sine","sqrt",84,FALSE,FALSE,0.5,0.2,"bich",NA
485,"synthetic","LSVCMM",150,0.5,1,1,1,1,10,"sine","sqrt",85,FALSE,FALSE,0.5,0.2,"bich",NA
486,"synthetic","LSVCMM",150,0.5,1,1,1,1,10,"sine","sqrt",86,FALSE,FALSE,0.5,0.2,"bich",NA
487,"synthetic","LSVCMM",150,0.5,1,1,1,1,10,"sine","sqrt",87,FALSE,FALSE,0.5,0.2,"bich",NA
488,"synthetic","LSVCMM",150,0.5,1,1,1,1,10,"sine","sqrt",88,FALSE,FALSE,0.5,0.2,"bich",NA
489,"synthetic","LSVCMM",150,0.5,1,1,1,1,10,"sine","sqrt",89,FALSE,FALSE,0.5,0.2,"bich",NA
490,"synthetic","LSVCMM",150,0.5,1,1,1,1,10,"sine","sqrt",90,FALSE,FALSE,0.5,0.2,"bich",NA
491,"synthetic","LSVCMM",150,0.5,1,1,1,1,10,"sine","sqrt",91,FALSE,FALSE,0.5,0.2,"bich",NA
492,"synthetic","LSVCMM",150,0.5,1,1,1,1,10,"sine","sqrt",92,FALSE,FALSE,0.5,0.2,"bich",NA
493,"synthetic","LSVCMM",150,0.5,1,1,1,1,10,"sine","sqrt",93,FALSE,FALSE,0.5,0.2,"bich",NA
494,"synthetic","LSVCMM",150,0.5,1,1,1,1,10,"sine","sqrt",94,FALSE,FALSE,0.5,0.2,"bich",NA
495,"synthetic","LSVCMM",150,0.5,1,1,1,1,10,"sine","sqrt",95,FALSE,FALSE,0.5,0.2,"bich",NA
496,"synthetic","LSVCMM",150,0.5,1,1,1,1,10,"sine","sqrt",96,FALSE,FALSE,0.5,0.2,"bich",NA
497,"synthetic","LSVCMM",150,0.5,1,1,1,1,10,"sine","sqrt",97,FALSE,FALSE,0.5,0.2,"bich",NA
498,"synthetic","LSVCMM",150,0.5,1,1,1,1,10,"sine","sqrt",98,FALSE,FALSE,0.5,0.2,"bich",NA
499,"synthetic","LSVCMM",150,0.5,1,1,1,1,10,"sine","sqrt",99,FALSE,FALSE,0.5,0.2,"bich",NA
500,"synthetic","LSVCMM",150,0.5,1,1,1,1,10,"sine","sqrt",100,FALSE,FALSE,0.5,0.2,"bich",NA
501,"synthetic","LSVCMM",200,0.5,1,1,1,1,10,"sine","sqrt",1,FALSE,FALSE,0.5,0.2,"bich",NA
502,"synthetic","LSVCMM",200,0.5,1,1,1,1,10,"sine","sqrt",2,FALSE,FALSE,0.5,0.2,"bich",NA
503,"synthetic","LSVCMM",200,0.5,1,1,1,1,10,"sine","sqrt",3,FALSE,FALSE,0.5,0.2,"bich",NA
504,"synthetic","LSVCMM",200,0.5,1,1,1,1,10,"sine","sqrt",4,FALSE,FALSE,0.5,0.2,"bich",NA
505,"synthetic","LSVCMM",200,0.5,1,1,1,1,10,"sine","sqrt",5,FALSE,FALSE,0.5,0.2,"bich",NA
506,"synthetic","LSVCMM",200,0.5,1,1,1,1,10,"sine","sqrt",6,FALSE,FALSE,0.5,0.2,"bich",NA
507,"synthetic","LSVCMM",200,0.5,1,1,1,1,10,"sine","sqrt",7,FALSE,FALSE,0.5,0.2,"bich",NA
508,"synthetic","LSVCMM",200,0.5,1,1,1,1,10,"sine","sqrt",8,FALSE,FALSE,0.5,0.2,"bich",NA
509,"synthetic","LSVCMM",200,0.5,1,1,1,1,10,"sine","sqrt",9,FALSE,FALSE,0.5,0.2,"bich",NA
510,"synthetic","LSVCMM",200,0.5,1,1,1,1,10,"sine","sqrt",10,FALSE,FALSE,0.5,0.2,"bich",NA
511,"synthetic","LSVCMM",200,0.5,1,1,1,1,10,"sine","sqrt",11,FALSE,FALSE,0.5,0.2,"bich",NA
512,"synthetic","LSVCMM",200,0.5,1,1,1,1,10,"sine","sqrt",12,FALSE,FALSE,0.5,0.2,"bich",NA
513,"synthetic","LSVCMM",200,0.5,1,1,1,1,10,"sine","sqrt",13,FALSE,FALSE,0.5,0.2,"bich",NA
514,"synthetic","LSVCMM",200,0.5,1,1,1,1,10,"sine","sqrt",14,FALSE,FALSE,0.5,0.2,"bich",NA
515,"synthetic","LSVCMM",200,0.5,1,1,1,1,10,"sine","sqrt",15,FALSE,FALSE,0.5,0.2,"bich",NA
516,"synthetic","LSVCMM",200,0.5,1,1,1,1,10,"sine","sqrt",16,FALSE,FALSE,0.5,0.2,"bich",NA
517,"synthetic","LSVCMM",200,0.5,1,1,1,1,10,"sine","sqrt",17,FALSE,FALSE,0.5,0.2,"bich",NA
518,"synthetic","LSVCMM",200,0.5,1,1,1,1,10,"sine","sqrt",18,FALSE,FALSE,0.5,0.2,"bich",NA
519,"synthetic","LSVCMM",200,0.5,1,1,1,1,10,"sine","sqrt",19,FALSE,FALSE,0.5,0.2,"bich",NA
520,"synthetic","LSVCMM",200,0.5,1,1,1,1,10,"sine","sqrt",20,FALSE,FALSE,0.5,0.2,"bich",NA
521,"synthetic","LSVCMM",200,0.5,1,1,1,1,10,"sine","sqrt",21,FALSE,FALSE,0.5,0.2,"bich",NA
522,"synthetic","LSVCMM",200,0.5,1,1,1,1,10,"sine","sqrt",22,FALSE,FALSE,0.5,0.2,"bich",NA
523,"synthetic","LSVCMM",200,0.5,1,1,1,1,10,"sine","sqrt",23,FALSE,FALSE,0.5,0.2,"bich",NA
524,"synthetic","LSVCMM",200,0.5,1,1,1,1,10,"sine","sqrt",24,FALSE,FALSE,0.5,0.2,"bich",NA
525,"synthetic","LSVCMM",200,0.5,1,1,1,1,10,"sine","sqrt",25,FALSE,FALSE,0.5,0.2,"bich",NA
526,"synthetic","LSVCMM",200,0.5,1,1,1,1,10,"sine","sqrt",26,FALSE,FALSE,0.5,0.2,"bich",NA
527,"synthetic","LSVCMM",200,0.5,1,1,1,1,10,"sine","sqrt",27,FALSE,FALSE,0.5,0.2,"bich",NA
528,"synthetic","LSVCMM",200,0.5,1,1,1,1,10,"sine","sqrt",28,FALSE,FALSE,0.5,0.2,"bich",NA
529,"synthetic","LSVCMM",200,0.5,1,1,1,1,10,"sine","sqrt",29,FALSE,FALSE,0.5,0.2,"bich",NA
530,"synthetic","LSVCMM",200,0.5,1,1,1,1,10,"sine","sqrt",30,FALSE,FALSE,0.5,0.2,"bich",NA
531,"synthetic","LSVCMM",200,0.5,1,1,1,1,10,"sine","sqrt",31,FALSE,FALSE,0.5,0.2,"bich",NA
532,"synthetic","LSVCMM",200,0.5,1,1,1,1,10,"sine","sqrt",32,FALSE,FALSE,0.5,0.2,"bich",NA
533,"synthetic","LSVCMM",200,0.5,1,1,1,1,10,"sine","sqrt",33,FALSE,FALSE,0.5,0.2,"bich",NA
534,"synthetic","LSVCMM",200,0.5,1,1,1,1,10,"sine","sqrt",34,FALSE,FALSE,0.5,0.2,"bich",NA
535,"synthetic","LSVCMM",200,0.5,1,1,1,1,10,"sine","sqrt",35,FALSE,FALSE,0.5,0.2,"bich",NA
536,"synthetic","LSVCMM",200,0.5,1,1,1,1,10,"sine","sqrt",36,FALSE,FALSE,0.5,0.2,"bich",NA
537,"synthetic","LSVCMM",200,0.5,1,1,1,1,10,"sine","sqrt",37,FALSE,FALSE,0.5,0.2,"bich",NA
538,"synthetic","LSVCMM",200,0.5,1,1,1,1,10,"sine","sqrt",38,FALSE,FALSE,0.5,0.2,"bich",NA
539,"synthetic","LSVCMM",200,0.5,1,1,1,1,10,"sine","sqrt",39,FALSE,FALSE,0.5,0.2,"bich",NA
540,"synthetic","LSVCMM",200,0.5,1,1,1,1,10,"sine","sqrt",40,FALSE,FALSE,0.5,0.2,"bich",NA
541,"synthetic","LSVCMM",200,0.5,1,1,1,1,10,"sine","sqrt",41,FALSE,FALSE,0.5,0.2,"bich",NA
542,"synthetic","LSVCMM",200,0.5,1,1,1,1,10,"sine","sqrt",42,FALSE,FALSE,0.5,0.2,"bich",NA
543,"synthetic","LSVCMM",200,0.5,1,1,1,1,10,"sine","sqrt",43,FALSE,FALSE,0.5,0.2,"bich",NA
544,"synthetic","LSVCMM",200,0.5,1,1,1,1,10,"sine","sqrt",44,FALSE,FALSE,0.5,0.2,"bich",NA
545,"synthetic","LSVCMM",200,0.5,1,1,1,1,10,"sine","sqrt",45,FALSE,FALSE,0.5,0.2,"bich",NA
546,"synthetic","LSVCMM",200,0.5,1,1,1,1,10,"sine","sqrt",46,FALSE,FALSE,0.5,0.2,"bich",NA
547,"synthetic","LSVCMM",200,0.5,1,1,1,1,10,"sine","sqrt",47,FALSE,FALSE,0.5,0.2,"bich",NA
548,"synthetic","LSVCMM",200,0.5,1,1,1,1,10,"sine","sqrt",48,FALSE,FALSE,0.5,0.2,"bich",NA
549,"synthetic","LSVCMM",200,0.5,1,1,1,1,10,"sine","sqrt",49,FALSE,FALSE,0.5,0.2,"bich",NA
550,"synthetic","LSVCMM",200,0.5,1,1,1,1,10,"sine","sqrt",50,FALSE,FALSE,0.5,0.2,"bich",NA
551,"synthetic","LSVCMM",200,0.5,1,1,1,1,10,"sine","sqrt",51,FALSE,FALSE,0.5,0.2,"bich",NA
552,"synthetic","LSVCMM",200,0.5,1,1,1,1,10,"sine","sqrt",52,FALSE,FALSE,0.5,0.2,"bich",NA
553,"synthetic","LSVCMM",200,0.5,1,1,1,1,10,"sine","sqrt",53,FALSE,FALSE,0.5,0.2,"bich",NA
554,"synthetic","LSVCMM",200,0.5,1,1,1,1,10,"sine","sqrt",54,FALSE,FALSE,0.5,0.2,"bich",NA
555,"synthetic","LSVCMM",200,0.5,1,1,1,1,10,"sine","sqrt",55,FALSE,FALSE,0.5,0.2,"bich",NA
556,"synthetic","LSVCMM",200,0.5,1,1,1,1,10,"sine","sqrt",56,FALSE,FALSE,0.5,0.2,"bich",NA
557,"synthetic","LSVCMM",200,0.5,1,1,1,1,10,"sine","sqrt",57,FALSE,FALSE,0.5,0.2,"bich",NA
558,"synthetic","LSVCMM",200,0.5,1,1,1,1,10,"sine","sqrt",58,FALSE,FALSE,0.5,0.2,"bich",NA
559,"synthetic","LSVCMM",200,0.5,1,1,1,1,10,"sine","sqrt",59,FALSE,FALSE,0.5,0.2,"bich",NA
560,"synthetic","LSVCMM",200,0.5,1,1,1,1,10,"sine","sqrt",60,FALSE,FALSE,0.5,0.2,"bich",NA
561,"synthetic","LSVCMM",200,0.5,1,1,1,1,10,"sine","sqrt",61,FALSE,FALSE,0.5,0.2,"bich",NA
562,"synthetic","LSVCMM",200,0.5,1,1,1,1,10,"sine","sqrt",62,FALSE,FALSE,0.5,0.2,"bich",NA
563,"synthetic","LSVCMM",200,0.5,1,1,1,1,10,"sine","sqrt",63,FALSE,FALSE,0.5,0.2,"bich",NA
564,"synthetic","LSVCMM",200,0.5,1,1,1,1,10,"sine","sqrt",64,FALSE,FALSE,0.5,0.2,"bich",NA
565,"synthetic","LSVCMM",200,0.5,1,1,1,1,10,"sine","sqrt",65,FALSE,FALSE,0.5,0.2,"bich",NA
566,"synthetic","LSVCMM",200,0.5,1,1,1,1,10,"sine","sqrt",66,FALSE,FALSE,0.5,0.2,"bich",NA
567,"synthetic","LSVCMM",200,0.5,1,1,1,1,10,"sine","sqrt",67,FALSE,FALSE,0.5,0.2,"bich",NA
568,"synthetic","LSVCMM",200,0.5,1,1,1,1,10,"sine","sqrt",68,FALSE,FALSE,0.5,0.2,"bich",NA
569,"synthetic","LSVCMM",200,0.5,1,1,1,1,10,"sine","sqrt",69,FALSE,FALSE,0.5,0.2,"bich",NA
570,"synthetic","LSVCMM",200,0.5,1,1,1,1,10,"sine","sqrt",70,FALSE,FALSE,0.5,0.2,"bich",NA
571,"synthetic","LSVCMM",200,0.5,1,1,1,1,10,"sine","sqrt",71,FALSE,FALSE,0.5,0.2,"bich",NA
572,"synthetic","LSVCMM",200,0.5,1,1,1,1,10,"sine","sqrt",72,FALSE,FALSE,0.5,0.2,"bich",NA
573,"synthetic","LSVCMM",200,0.5,1,1,1,1,10,"sine","sqrt",73,FALSE,FALSE,0.5,0.2,"bich",NA
574,"synthetic","LSVCMM",200,0.5,1,1,1,1,10,"sine","sqrt",74,FALSE,FALSE,0.5,0.2,"bich",NA
575,"synthetic","LSVCMM",200,0.5,1,1,1,1,10,"sine","sqrt",75,FALSE,FALSE,0.5,0.2,"bich",NA
576,"synthetic","LSVCMM",200,0.5,1,1,1,1,10,"sine","sqrt",76,FALSE,FALSE,0.5,0.2,"bich",NA
577,"synthetic","LSVCMM",200,0.5,1,1,1,1,10,"sine","sqrt",77,FALSE,FALSE,0.5,0.2,"bich",NA
578,"synthetic","LSVCMM",200,0.5,1,1,1,1,10,"sine","sqrt",78,FALSE,FALSE,0.5,0.2,"bich",NA
579,"synthetic","LSVCMM",200,0.5,1,1,1,1,10,"sine","sqrt",79,FALSE,FALSE,0.5,0.2,"bich",NA
580,"synthetic","LSVCMM",200,0.5,1,1,1,1,10,"sine","sqrt",80,FALSE,FALSE,0.5,0.2,"bich",NA
581,"synthetic","LSVCMM",200,0.5,1,1,1,1,10,"sine","sqrt",81,FALSE,FALSE,0.5,0.2,"bich",NA
582,"synthetic","LSVCMM",200,0.5,1,1,1,1,10,"sine","sqrt",82,FALSE,FALSE,0.5,0.2,"bich",NA
583,"synthetic","LSVCMM",200,0.5,1,1,1,1,10,"sine","sqrt",83,FALSE,FALSE,0.5,0.2,"bich",NA
584,"synthetic","LSVCMM",200,0.5,1,1,1,1,10,"sine","sqrt",84,FALSE,FALSE,0.5,0.2,"bich",NA
585,"synthetic","LSVCMM",200,0.5,1,1,1,1,10,"sine","sqrt",85,FALSE,FALSE,0.5,0.2,"bich",NA
586,"synthetic","LSVCMM",200,0.5,1,1,1,1,10,"sine","sqrt",86,FALSE,FALSE,0.5,0.2,"bich",NA
587,"synthetic","LSVCMM",200,0.5,1,1,1,1,10,"sine","sqrt",87,FALSE,FALSE,0.5,0.2,"bich",NA
588,"synthetic","LSVCMM",200,0.5,1,1,1,1,10,"sine","sqrt",88,FALSE,FALSE,0.5,0.2,"bich",NA
589,"synthetic","LSVCMM",200,0.5,1,1,1,1,10,"sine","sqrt",89,FALSE,FALSE,0.5,0.2,"bich",NA
590,"synthetic","LSVCMM",200,0.5,1,1,1,1,10,"sine","sqrt",90,FALSE,FALSE,0.5,0.2,"bich",NA
591,"synthetic","LSVCMM",200,0.5,1,1,1,1,10,"sine","sqrt",91,FALSE,FALSE,0.5,0.2,"bich",NA
592,"synthetic","LSVCMM",200,0.5,1,1,1,1,10,"sine","sqrt",92,FALSE,FALSE,0.5,0.2,"bich",NA
593,"synthetic","LSVCMM",200,0.5,1,1,1,1,10,"sine","sqrt",93,FALSE,FALSE,0.5,0.2,"bich",NA
594,"synthetic","LSVCMM",200,0.5,1,1,1,1,10,"sine","sqrt",94,FALSE,FALSE,0.5,0.2,"bich",NA
595,"synthetic","LSVCMM",200,0.5,1,1,1,1,10,"sine","sqrt",95,FALSE,FALSE,0.5,0.2,"bich",NA
596,"synthetic","LSVCMM",200,0.5,1,1,1,1,10,"sine","sqrt",96,FALSE,FALSE,0.5,0.2,"bich",NA
597,"synthetic","LSVCMM",200,0.5,1,1,1,1,10,"sine","sqrt",97,FALSE,FALSE,0.5,0.2,"bich",NA
598,"synthetic","LSVCMM",200,0.5,1,1,1,1,10,"sine","sqrt",98,FALSE,FALSE,0.5,0.2,"bich",NA
599,"synthetic","LSVCMM",200,0.5,1,1,1,1,10,"sine","sqrt",99,FALSE,FALSE,0.5,0.2,"bich",NA
600,"synthetic","LSVCMM",200,0.5,1,1,1,1,10,"sine","sqrt",100,FALSE,FALSE,0.5,0.2,"bich",NA
601,"synthetic","SPFDA",20,0.5,1,1,1,1,10,"sine","sqrt",1,NA,NA,NA,NA,NA,12
602,"synthetic","SPFDA",20,0.5,1,1,1,1,10,"sine","sqrt",2,NA,NA,NA,NA,NA,12
603,"synthetic","SPFDA",20,0.5,1,1,1,1,10,"sine","sqrt",3,NA,NA,NA,NA,NA,12
604,"synthetic","SPFDA",20,0.5,1,1,1,1,10,"sine","sqrt",4,NA,NA,NA,NA,NA,12
605,"synthetic","SPFDA",20,0.5,1,1,1,1,10,"sine","sqrt",5,NA,NA,NA,NA,NA,12
606,"synthetic","SPFDA",20,0.5,1,1,1,1,10,"sine","sqrt",6,NA,NA,NA,NA,NA,12
607,"synthetic","SPFDA",20,0.5,1,1,1,1,10,"sine","sqrt",7,NA,NA,NA,NA,NA,12
608,"synthetic","SPFDA",20,0.5,1,1,1,1,10,"sine","sqrt",8,NA,NA,NA,NA,NA,12
609,"synthetic","SPFDA",20,0.5,1,1,1,1,10,"sine","sqrt",9,NA,NA,NA,NA,NA,12
610,"synthetic","SPFDA",20,0.5,1,1,1,1,10,"sine","sqrt",10,NA,NA,NA,NA,NA,12
611,"synthetic","SPFDA",20,0.5,1,1,1,1,10,"sine","sqrt",11,NA,NA,NA,NA,NA,12
612,"synthetic","SPFDA",20,0.5,1,1,1,1,10,"sine","sqrt",12,NA,NA,NA,NA,NA,12
613,"synthetic","SPFDA",20,0.5,1,1,1,1,10,"sine","sqrt",13,NA,NA,NA,NA,NA,12
614,"synthetic","SPFDA",20,0.5,1,1,1,1,10,"sine","sqrt",14,NA,NA,NA,NA,NA,12
615,"synthetic","SPFDA",20,0.5,1,1,1,1,10,"sine","sqrt",15,NA,NA,NA,NA,NA,12
616,"synthetic","SPFDA",20,0.5,1,1,1,1,10,"sine","sqrt",16,NA,NA,NA,NA,NA,12
617,"synthetic","SPFDA",20,0.5,1,1,1,1,10,"sine","sqrt",17,NA,NA,NA,NA,NA,12
618,"synthetic","SPFDA",20,0.5,1,1,1,1,10,"sine","sqrt",18,NA,NA,NA,NA,NA,12
619,"synthetic","SPFDA",20,0.5,1,1,1,1,10,"sine","sqrt",19,NA,NA,NA,NA,NA,12
620,"synthetic","SPFDA",20,0.5,1,1,1,1,10,"sine","sqrt",20,NA,NA,NA,NA,NA,12
621,"synthetic","SPFDA",20,0.5,1,1,1,1,10,"sine","sqrt",21,NA,NA,NA,NA,NA,12
622,"synthetic","SPFDA",20,0.5,1,1,1,1,10,"sine","sqrt",22,NA,NA,NA,NA,NA,12
623,"synthetic","SPFDA",20,0.5,1,1,1,1,10,"sine","sqrt",23,NA,NA,NA,NA,NA,12
624,"synthetic","SPFDA",20,0.5,1,1,1,1,10,"sine","sqrt",24,NA,NA,NA,NA,NA,12
625,"synthetic","SPFDA",20,0.5,1,1,1,1,10,"sine","sqrt",25,NA,NA,NA,NA,NA,12
626,"synthetic","SPFDA",20,0.5,1,1,1,1,10,"sine","sqrt",26,NA,NA,NA,NA,NA,12
627,"synthetic","SPFDA",20,0.5,1,1,1,1,10,"sine","sqrt",27,NA,NA,NA,NA,NA,12
628,"synthetic","SPFDA",20,0.5,1,1,1,1,10,"sine","sqrt",28,NA,NA,NA,NA,NA,12
629,"synthetic","SPFDA",20,0.5,1,1,1,1,10,"sine","sqrt",29,NA,NA,NA,NA,NA,12
630,"synthetic","SPFDA",20,0.5,1,1,1,1,10,"sine","sqrt",30,NA,NA,NA,NA,NA,12
631,"synthetic","SPFDA",20,0.5,1,1,1,1,10,"sine","sqrt",31,NA,NA,NA,NA,NA,12
632,"synthetic","SPFDA",20,0.5,1,1,1,1,10,"sine","sqrt",32,NA,NA,NA,NA,NA,12
633,"synthetic","SPFDA",20,0.5,1,1,1,1,10,"sine","sqrt",33,NA,NA,NA,NA,NA,12
634,"synthetic","SPFDA",20,0.5,1,1,1,1,10,"sine","sqrt",34,NA,NA,NA,NA,NA,12
635,"synthetic","SPFDA",20,0.5,1,1,1,1,10,"sine","sqrt",35,NA,NA,NA,NA,NA,12
636,"synthetic","SPFDA",20,0.5,1,1,1,1,10,"sine","sqrt",36,NA,NA,NA,NA,NA,12
637,"synthetic","SPFDA",20,0.5,1,1,1,1,10,"sine","sqrt",37,NA,NA,NA,NA,NA,12
638,"synthetic","SPFDA",20,0.5,1,1,1,1,10,"sine","sqrt",38,NA,NA,NA,NA,NA,12
639,"synthetic","SPFDA",20,0.5,1,1,1,1,10,"sine","sqrt",39,NA,NA,NA,NA,NA,12
640,"synthetic","SPFDA",20,0.5,1,1,1,1,10,"sine","sqrt",40,NA,NA,NA,NA,NA,12
641,"synthetic","SPFDA",20,0.5,1,1,1,1,10,"sine","sqrt",41,NA,NA,NA,NA,NA,12
642,"synthetic","SPFDA",20,0.5,1,1,1,1,10,"sine","sqrt",42,NA,NA,NA,NA,NA,12
643,"synthetic","SPFDA",20,0.5,1,1,1,1,10,"sine","sqrt",43,NA,NA,NA,NA,NA,12
644,"synthetic","SPFDA",20,0.5,1,1,1,1,10,"sine","sqrt",44,NA,NA,NA,NA,NA,12
645,"synthetic","SPFDA",20,0.5,1,1,1,1,10,"sine","sqrt",45,NA,NA,NA,NA,NA,12
646,"synthetic","SPFDA",20,0.5,1,1,1,1,10,"sine","sqrt",46,NA,NA,NA,NA,NA,12
647,"synthetic","SPFDA",20,0.5,1,1,1,1,10,"sine","sqrt",47,NA,NA,NA,NA,NA,12
648,"synthetic","SPFDA",20,0.5,1,1,1,1,10,"sine","sqrt",48,NA,NA,NA,NA,NA,12
649,"synthetic","SPFDA",20,0.5,1,1,1,1,10,"sine","sqrt",49,NA,NA,NA,NA,NA,12
650,"synthetic","SPFDA",20,0.5,1,1,1,1,10,"sine","sqrt",50,NA,NA,NA,NA,NA,12
651,"synthetic","SPFDA",20,0.5,1,1,1,1,10,"sine","sqrt",51,NA,NA,NA,NA,NA,12
652,"synthetic","SPFDA",20,0.5,1,1,1,1,10,"sine","sqrt",52,NA,NA,NA,NA,NA,12
653,"synthetic","SPFDA",20,0.5,1,1,1,1,10,"sine","sqrt",53,NA,NA,NA,NA,NA,12
654,"synthetic","SPFDA",20,0.5,1,1,1,1,10,"sine","sqrt",54,NA,NA,NA,NA,NA,12
655,"synthetic","SPFDA",20,0.5,1,1,1,1,10,"sine","sqrt",55,NA,NA,NA,NA,NA,12
656,"synthetic","SPFDA",20,0.5,1,1,1,1,10,"sine","sqrt",56,NA,NA,NA,NA,NA,12
657,"synthetic","SPFDA",20,0.5,1,1,1,1,10,"sine","sqrt",57,NA,NA,NA,NA,NA,12
658,"synthetic","SPFDA",20,0.5,1,1,1,1,10,"sine","sqrt",58,NA,NA,NA,NA,NA,12
659,"synthetic","SPFDA",20,0.5,1,1,1,1,10,"sine","sqrt",59,NA,NA,NA,NA,NA,12
660,"synthetic","SPFDA",20,0.5,1,1,1,1,10,"sine","sqrt",60,NA,NA,NA,NA,NA,12
661,"synthetic","SPFDA",20,0.5,1,1,1,1,10,"sine","sqrt",61,NA,NA,NA,NA,NA,12
662,"synthetic","SPFDA",20,0.5,1,1,1,1,10,"sine","sqrt",62,NA,NA,NA,NA,NA,12
663,"synthetic","SPFDA",20,0.5,1,1,1,1,10,"sine","sqrt",63,NA,NA,NA,NA,NA,12
664,"synthetic","SPFDA",20,0.5,1,1,1,1,10,"sine","sqrt",64,NA,NA,NA,NA,NA,12
665,"synthetic","SPFDA",20,0.5,1,1,1,1,10,"sine","sqrt",65,NA,NA,NA,NA,NA,12
666,"synthetic","SPFDA",20,0.5,1,1,1,1,10,"sine","sqrt",66,NA,NA,NA,NA,NA,12
667,"synthetic","SPFDA",20,0.5,1,1,1,1,10,"sine","sqrt",67,NA,NA,NA,NA,NA,12
668,"synthetic","SPFDA",20,0.5,1,1,1,1,10,"sine","sqrt",68,NA,NA,NA,NA,NA,12
669,"synthetic","SPFDA",20,0.5,1,1,1,1,10,"sine","sqrt",69,NA,NA,NA,NA,NA,12
670,"synthetic","SPFDA",20,0.5,1,1,1,1,10,"sine","sqrt",70,NA,NA,NA,NA,NA,12
671,"synthetic","SPFDA",20,0.5,1,1,1,1,10,"sine","sqrt",71,NA,NA,NA,NA,NA,12
672,"synthetic","SPFDA",20,0.5,1,1,1,1,10,"sine","sqrt",72,NA,NA,NA,NA,NA,12
673,"synthetic","SPFDA",20,0.5,1,1,1,1,10,"sine","sqrt",73,NA,NA,NA,NA,NA,12
674,"synthetic","SPFDA",20,0.5,1,1,1,1,10,"sine","sqrt",74,NA,NA,NA,NA,NA,12
675,"synthetic","SPFDA",20,0.5,1,1,1,1,10,"sine","sqrt",75,NA,NA,NA,NA,NA,12
676,"synthetic","SPFDA",20,0.5,1,1,1,1,10,"sine","sqrt",76,NA,NA,NA,NA,NA,12
677,"synthetic","SPFDA",20,0.5,1,1,1,1,10,"sine","sqrt",77,NA,NA,NA,NA,NA,12
678,"synthetic","SPFDA",20,0.5,1,1,1,1,10,"sine","sqrt",78,NA,NA,NA,NA,NA,12
679,"synthetic","SPFDA",20,0.5,1,1,1,1,10,"sine","sqrt",79,NA,NA,NA,NA,NA,12
680,"synthetic","SPFDA",20,0.5,1,1,1,1,10,"sine","sqrt",80,NA,NA,NA,NA,NA,12
681,"synthetic","SPFDA",20,0.5,1,1,1,1,10,"sine","sqrt",81,NA,NA,NA,NA,NA,12
682,"synthetic","SPFDA",20,0.5,1,1,1,1,10,"sine","sqrt",82,NA,NA,NA,NA,NA,12
683,"synthetic","SPFDA",20,0.5,1,1,1,1,10,"sine","sqrt",83,NA,NA,NA,NA,NA,12
684,"synthetic","SPFDA",20,0.5,1,1,1,1,10,"sine","sqrt",84,NA,NA,NA,NA,NA,12
685,"synthetic","SPFDA",20,0.5,1,1,1,1,10,"sine","sqrt",85,NA,NA,NA,NA,NA,12
686,"synthetic","SPFDA",20,0.5,1,1,1,1,10,"sine","sqrt",86,NA,NA,NA,NA,NA,12
687,"synthetic","SPFDA",20,0.5,1,1,1,1,10,"sine","sqrt",87,NA,NA,NA,NA,NA,12
688,"synthetic","SPFDA",20,0.5,1,1,1,1,10,"sine","sqrt",88,NA,NA,NA,NA,NA,12
689,"synthetic","SPFDA",20,0.5,1,1,1,1,10,"sine","sqrt",89,NA,NA,NA,NA,NA,12
690,"synthetic","SPFDA",20,0.5,1,1,1,1,10,"sine","sqrt",90,NA,NA,NA,NA,NA,12
691,"synthetic","SPFDA",20,0.5,1,1,1,1,10,"sine","sqrt",91,NA,NA,NA,NA,NA,12
692,"synthetic","SPFDA",20,0.5,1,1,1,1,10,"sine","sqrt",92,NA,NA,NA,NA,NA,12
693,"synthetic","SPFDA",20,0.5,1,1,1,1,10,"sine","sqrt",93,NA,NA,NA,NA,NA,12
694,"synthetic","SPFDA",20,0.5,1,1,1,1,10,"sine","sqrt",94,NA,NA,NA,NA,NA,12
695,"synthetic","SPFDA",20,0.5,1,1,1,1,10,"sine","sqrt",95,NA,NA,NA,NA,NA,12
696,"synthetic","SPFDA",20,0.5,1,1,1,1,10,"sine","sqrt",96,NA,NA,NA,NA,NA,12
697,"synthetic","SPFDA",20,0.5,1,1,1,1,10,"sine","sqrt",97,NA,NA,NA,NA,NA,12
698,"synthetic","SPFDA",20,0.5,1,1,1,1,10,"sine","sqrt",98,NA,NA,NA,NA,NA,12
699,"synthetic","SPFDA",20,0.5,1,1,1,1,10,"sine","sqrt",99,NA,NA,NA,NA,NA,12
700,"synthetic","SPFDA",20,0.5,1,1,1,1,10,"sine","sqrt",100,NA,NA,NA,NA,NA,12
701,"synthetic","SPFDA",30,0.5,1,1,1,1,10,"sine","sqrt",1,NA,NA,NA,NA,NA,12
702,"synthetic","SPFDA",30,0.5,1,1,1,1,10,"sine","sqrt",2,NA,NA,NA,NA,NA,12
703,"synthetic","SPFDA",30,0.5,1,1,1,1,10,"sine","sqrt",3,NA,NA,NA,NA,NA,12
704,"synthetic","SPFDA",30,0.5,1,1,1,1,10,"sine","sqrt",4,NA,NA,NA,NA,NA,12
705,"synthetic","SPFDA",30,0.5,1,1,1,1,10,"sine","sqrt",5,NA,NA,NA,NA,NA,12
706,"synthetic","SPFDA",30,0.5,1,1,1,1,10,"sine","sqrt",6,NA,NA,NA,NA,NA,12
707,"synthetic","SPFDA",30,0.5,1,1,1,1,10,"sine","sqrt",7,NA,NA,NA,NA,NA,12
708,"synthetic","SPFDA",30,0.5,1,1,1,1,10,"sine","sqrt",8,NA,NA,NA,NA,NA,12
709,"synthetic","SPFDA",30,0.5,1,1,1,1,10,"sine","sqrt",9,NA,NA,NA,NA,NA,12
710,"synthetic","SPFDA",30,0.5,1,1,1,1,10,"sine","sqrt",10,NA,NA,NA,NA,NA,12
711,"synthetic","SPFDA",30,0.5,1,1,1,1,10,"sine","sqrt",11,NA,NA,NA,NA,NA,12
712,"synthetic","SPFDA",30,0.5,1,1,1,1,10,"sine","sqrt",12,NA,NA,NA,NA,NA,12
713,"synthetic","SPFDA",30,0.5,1,1,1,1,10,"sine","sqrt",13,NA,NA,NA,NA,NA,12
714,"synthetic","SPFDA",30,0.5,1,1,1,1,10,"sine","sqrt",14,NA,NA,NA,NA,NA,12
715,"synthetic","SPFDA",30,0.5,1,1,1,1,10,"sine","sqrt",15,NA,NA,NA,NA,NA,12
716,"synthetic","SPFDA",30,0.5,1,1,1,1,10,"sine","sqrt",16,NA,NA,NA,NA,NA,12
717,"synthetic","SPFDA",30,0.5,1,1,1,1,10,"sine","sqrt",17,NA,NA,NA,NA,NA,12
718,"synthetic","SPFDA",30,0.5,1,1,1,1,10,"sine","sqrt",18,NA,NA,NA,NA,NA,12
719,"synthetic","SPFDA",30,0.5,1,1,1,1,10,"sine","sqrt",19,NA,NA,NA,NA,NA,12
720,"synthetic","SPFDA",30,0.5,1,1,1,1,10,"sine","sqrt",20,NA,NA,NA,NA,NA,12
721,"synthetic","SPFDA",30,0.5,1,1,1,1,10,"sine","sqrt",21,NA,NA,NA,NA,NA,12
722,"synthetic","SPFDA",30,0.5,1,1,1,1,10,"sine","sqrt",22,NA,NA,NA,NA,NA,12
723,"synthetic","SPFDA",30,0.5,1,1,1,1,10,"sine","sqrt",23,NA,NA,NA,NA,NA,12
724,"synthetic","SPFDA",30,0.5,1,1,1,1,10,"sine","sqrt",24,NA,NA,NA,NA,NA,12
725,"synthetic","SPFDA",30,0.5,1,1,1,1,10,"sine","sqrt",25,NA,NA,NA,NA,NA,12
726,"synthetic","SPFDA",30,0.5,1,1,1,1,10,"sine","sqrt",26,NA,NA,NA,NA,NA,12
727,"synthetic","SPFDA",30,0.5,1,1,1,1,10,"sine","sqrt",27,NA,NA,NA,NA,NA,12
728,"synthetic","SPFDA",30,0.5,1,1,1,1,10,"sine","sqrt",28,NA,NA,NA,NA,NA,12
729,"synthetic","SPFDA",30,0.5,1,1,1,1,10,"sine","sqrt",29,NA,NA,NA,NA,NA,12
730,"synthetic","SPFDA",30,0.5,1,1,1,1,10,"sine","sqrt",30,NA,NA,NA,NA,NA,12
731,"synthetic","SPFDA",30,0.5,1,1,1,1,10,"sine","sqrt",31,NA,NA,NA,NA,NA,12
732,"synthetic","SPFDA",30,0.5,1,1,1,1,10,"sine","sqrt",32,NA,NA,NA,NA,NA,12
733,"synthetic","SPFDA",30,0.5,1,1,1,1,10,"sine","sqrt",33,NA,NA,NA,NA,NA,12
734,"synthetic","SPFDA",30,0.5,1,1,1,1,10,"sine","sqrt",34,NA,NA,NA,NA,NA,12
735,"synthetic","SPFDA",30,0.5,1,1,1,1,10,"sine","sqrt",35,NA,NA,NA,NA,NA,12
736,"synthetic","SPFDA",30,0.5,1,1,1,1,10,"sine","sqrt",36,NA,NA,NA,NA,NA,12
737,"synthetic","SPFDA",30,0.5,1,1,1,1,10,"sine","sqrt",37,NA,NA,NA,NA,NA,12
738,"synthetic","SPFDA",30,0.5,1,1,1,1,10,"sine","sqrt",38,NA,NA,NA,NA,NA,12
739,"synthetic","SPFDA",30,0.5,1,1,1,1,10,"sine","sqrt",39,NA,NA,NA,NA,NA,12
740,"synthetic","SPFDA",30,0.5,1,1,1,1,10,"sine","sqrt",40,NA,NA,NA,NA,NA,12
741,"synthetic","SPFDA",30,0.5,1,1,1,1,10,"sine","sqrt",41,NA,NA,NA,NA,NA,12
742,"synthetic","SPFDA",30,0.5,1,1,1,1,10,"sine","sqrt",42,NA,NA,NA,NA,NA,12
743,"synthetic","SPFDA",30,0.5,1,1,1,1,10,"sine","sqrt",43,NA,NA,NA,NA,NA,12
744,"synthetic","SPFDA",30,0.5,1,1,1,1,10,"sine","sqrt",44,NA,NA,NA,NA,NA,12
745,"synthetic","SPFDA",30,0.5,1,1,1,1,10,"sine","sqrt",45,NA,NA,NA,NA,NA,12
746,"synthetic","SPFDA",30,0.5,1,1,1,1,10,"sine","sqrt",46,NA,NA,NA,NA,NA,12
747,"synthetic","SPFDA",30,0.5,1,1,1,1,10,"sine","sqrt",47,NA,NA,NA,NA,NA,12
748,"synthetic","SPFDA",30,0.5,1,1,1,1,10,"sine","sqrt",48,NA,NA,NA,NA,NA,12
749,"synthetic","SPFDA",30,0.5,1,1,1,1,10,"sine","sqrt",49,NA,NA,NA,NA,NA,12
750,"synthetic","SPFDA",30,0.5,1,1,1,1,10,"sine","sqrt",50,NA,NA,NA,NA,NA,12
751,"synthetic","SPFDA",30,0.5,1,1,1,1,10,"sine","sqrt",51,NA,NA,NA,NA,NA,12
752,"synthetic","SPFDA",30,0.5,1,1,1,1,10,"sine","sqrt",52,NA,NA,NA,NA,NA,12
753,"synthetic","SPFDA",30,0.5,1,1,1,1,10,"sine","sqrt",53,NA,NA,NA,NA,NA,12
754,"synthetic","SPFDA",30,0.5,1,1,1,1,10,"sine","sqrt",54,NA,NA,NA,NA,NA,12
755,"synthetic","SPFDA",30,0.5,1,1,1,1,10,"sine","sqrt",55,NA,NA,NA,NA,NA,12
756,"synthetic","SPFDA",30,0.5,1,1,1,1,10,"sine","sqrt",56,NA,NA,NA,NA,NA,12
757,"synthetic","SPFDA",30,0.5,1,1,1,1,10,"sine","sqrt",57,NA,NA,NA,NA,NA,12
758,"synthetic","SPFDA",30,0.5,1,1,1,1,10,"sine","sqrt",58,NA,NA,NA,NA,NA,12
759,"synthetic","SPFDA",30,0.5,1,1,1,1,10,"sine","sqrt",59,NA,NA,NA,NA,NA,12
760,"synthetic","SPFDA",30,0.5,1,1,1,1,10,"sine","sqrt",60,NA,NA,NA,NA,NA,12
761,"synthetic","SPFDA",30,0.5,1,1,1,1,10,"sine","sqrt",61,NA,NA,NA,NA,NA,12
762,"synthetic","SPFDA",30,0.5,1,1,1,1,10,"sine","sqrt",62,NA,NA,NA,NA,NA,12
763,"synthetic","SPFDA",30,0.5,1,1,1,1,10,"sine","sqrt",63,NA,NA,NA,NA,NA,12
764,"synthetic","SPFDA",30,0.5,1,1,1,1,10,"sine","sqrt",64,NA,NA,NA,NA,NA,12
765,"synthetic","SPFDA",30,0.5,1,1,1,1,10,"sine","sqrt",65,NA,NA,NA,NA,NA,12
766,"synthetic","SPFDA",30,0.5,1,1,1,1,10,"sine","sqrt",66,NA,NA,NA,NA,NA,12
767,"synthetic","SPFDA",30,0.5,1,1,1,1,10,"sine","sqrt",67,NA,NA,NA,NA,NA,12
768,"synthetic","SPFDA",30,0.5,1,1,1,1,10,"sine","sqrt",68,NA,NA,NA,NA,NA,12
769,"synthetic","SPFDA",30,0.5,1,1,1,1,10,"sine","sqrt",69,NA,NA,NA,NA,NA,12
770,"synthetic","SPFDA",30,0.5,1,1,1,1,10,"sine","sqrt",70,NA,NA,NA,NA,NA,12
771,"synthetic","SPFDA",30,0.5,1,1,1,1,10,"sine","sqrt",71,NA,NA,NA,NA,NA,12
772,"synthetic","SPFDA",30,0.5,1,1,1,1,10,"sine","sqrt",72,NA,NA,NA,NA,NA,12
773,"synthetic","SPFDA",30,0.5,1,1,1,1,10,"sine","sqrt",73,NA,NA,NA,NA,NA,12
774,"synthetic","SPFDA",30,0.5,1,1,1,1,10,"sine","sqrt",74,NA,NA,NA,NA,NA,12
775,"synthetic","SPFDA",30,0.5,1,1,1,1,10,"sine","sqrt",75,NA,NA,NA,NA,NA,12
776,"synthetic","SPFDA",30,0.5,1,1,1,1,10,"sine","sqrt",76,NA,NA,NA,NA,NA,12
777,"synthetic","SPFDA",30,0.5,1,1,1,1,10,"sine","sqrt",77,NA,NA,NA,NA,NA,12
778,"synthetic","SPFDA",30,0.5,1,1,1,1,10,"sine","sqrt",78,NA,NA,NA,NA,NA,12
779,"synthetic","SPFDA",30,0.5,1,1,1,1,10,"sine","sqrt",79,NA,NA,NA,NA,NA,12
780,"synthetic","SPFDA",30,0.5,1,1,1,1,10,"sine","sqrt",80,NA,NA,NA,NA,NA,12
781,"synthetic","SPFDA",30,0.5,1,1,1,1,10,"sine","sqrt",81,NA,NA,NA,NA,NA,12
782,"synthetic","SPFDA",30,0.5,1,1,1,1,10,"sine","sqrt",82,NA,NA,NA,NA,NA,12
783,"synthetic","SPFDA",30,0.5,1,1,1,1,10,"sine","sqrt",83,NA,NA,NA,NA,NA,12
784,"synthetic","SPFDA",30,0.5,1,1,1,1,10,"sine","sqrt",84,NA,NA,NA,NA,NA,12
785,"synthetic","SPFDA",30,0.5,1,1,1,1,10,"sine","sqrt",85,NA,NA,NA,NA,NA,12
786,"synthetic","SPFDA",30,0.5,1,1,1,1,10,"sine","sqrt",86,NA,NA,NA,NA,NA,12
787,"synthetic","SPFDA",30,0.5,1,1,1,1,10,"sine","sqrt",87,NA,NA,NA,NA,NA,12
788,"synthetic","SPFDA",30,0.5,1,1,1,1,10,"sine","sqrt",88,NA,NA,NA,NA,NA,12
789,"synthetic","SPFDA",30,0.5,1,1,1,1,10,"sine","sqrt",89,NA,NA,NA,NA,NA,12
790,"synthetic","SPFDA",30,0.5,1,1,1,1,10,"sine","sqrt",90,NA,NA,NA,NA,NA,12
791,"synthetic","SPFDA",30,0.5,1,1,1,1,10,"sine","sqrt",91,NA,NA,NA,NA,NA,12
792,"synthetic","SPFDA",30,0.5,1,1,1,1,10,"sine","sqrt",92,NA,NA,NA,NA,NA,12
793,"synthetic","SPFDA",30,0.5,1,1,1,1,10,"sine","sqrt",93,NA,NA,NA,NA,NA,12
794,"synthetic","SPFDA",30,0.5,1,1,1,1,10,"sine","sqrt",94,NA,NA,NA,NA,NA,12
795,"synthetic","SPFDA",30,0.5,1,1,1,1,10,"sine","sqrt",95,NA,NA,NA,NA,NA,12
796,"synthetic","SPFDA",30,0.5,1,1,1,1,10,"sine","sqrt",96,NA,NA,NA,NA,NA,12
797,"synthetic","SPFDA",30,0.5,1,1,1,1,10,"sine","sqrt",97,NA,NA,NA,NA,NA,12
798,"synthetic","SPFDA",30,0.5,1,1,1,1,10,"sine","sqrt",98,NA,NA,NA,NA,NA,12
799,"synthetic","SPFDA",30,0.5,1,1,1,1,10,"sine","sqrt",99,NA,NA,NA,NA,NA,12
800,"synthetic","SPFDA",30,0.5,1,1,1,1,10,"sine","sqrt",100,NA,NA,NA,NA,NA,12
801,"synthetic","SPFDA",50,0.5,1,1,1,1,10,"sine","sqrt",1,NA,NA,NA,NA,NA,12
802,"synthetic","SPFDA",50,0.5,1,1,1,1,10,"sine","sqrt",2,NA,NA,NA,NA,NA,12
803,"synthetic","SPFDA",50,0.5,1,1,1,1,10,"sine","sqrt",3,NA,NA,NA,NA,NA,12
804,"synthetic","SPFDA",50,0.5,1,1,1,1,10,"sine","sqrt",4,NA,NA,NA,NA,NA,12
805,"synthetic","SPFDA",50,0.5,1,1,1,1,10,"sine","sqrt",5,NA,NA,NA,NA,NA,12
806,"synthetic","SPFDA",50,0.5,1,1,1,1,10,"sine","sqrt",6,NA,NA,NA,NA,NA,12
807,"synthetic","SPFDA",50,0.5,1,1,1,1,10,"sine","sqrt",7,NA,NA,NA,NA,NA,12
808,"synthetic","SPFDA",50,0.5,1,1,1,1,10,"sine","sqrt",8,NA,NA,NA,NA,NA,12
809,"synthetic","SPFDA",50,0.5,1,1,1,1,10,"sine","sqrt",9,NA,NA,NA,NA,NA,12
810,"synthetic","SPFDA",50,0.5,1,1,1,1,10,"sine","sqrt",10,NA,NA,NA,NA,NA,12
811,"synthetic","SPFDA",50,0.5,1,1,1,1,10,"sine","sqrt",11,NA,NA,NA,NA,NA,12
812,"synthetic","SPFDA",50,0.5,1,1,1,1,10,"sine","sqrt",12,NA,NA,NA,NA,NA,12
813,"synthetic","SPFDA",50,0.5,1,1,1,1,10,"sine","sqrt",13,NA,NA,NA,NA,NA,12
814,"synthetic","SPFDA",50,0.5,1,1,1,1,10,"sine","sqrt",14,NA,NA,NA,NA,NA,12
815,"synthetic","SPFDA",50,0.5,1,1,1,1,10,"sine","sqrt",15,NA,NA,NA,NA,NA,12
816,"synthetic","SPFDA",50,0.5,1,1,1,1,10,"sine","sqrt",16,NA,NA,NA,NA,NA,12
817,"synthetic","SPFDA",50,0.5,1,1,1,1,10,"sine","sqrt",17,NA,NA,NA,NA,NA,12
818,"synthetic","SPFDA",50,0.5,1,1,1,1,10,"sine","sqrt",18,NA,NA,NA,NA,NA,12
819,"synthetic","SPFDA",50,0.5,1,1,1,1,10,"sine","sqrt",19,NA,NA,NA,NA,NA,12
820,"synthetic","SPFDA",50,0.5,1,1,1,1,10,"sine","sqrt",20,NA,NA,NA,NA,NA,12
821,"synthetic","SPFDA",50,0.5,1,1,1,1,10,"sine","sqrt",21,NA,NA,NA,NA,NA,12
822,"synthetic","SPFDA",50,0.5,1,1,1,1,10,"sine","sqrt",22,NA,NA,NA,NA,NA,12
823,"synthetic","SPFDA",50,0.5,1,1,1,1,10,"sine","sqrt",23,NA,NA,NA,NA,NA,12
824,"synthetic","SPFDA",50,0.5,1,1,1,1,10,"sine","sqrt",24,NA,NA,NA,NA,NA,12
825,"synthetic","SPFDA",50,0.5,1,1,1,1,10,"sine","sqrt",25,NA,NA,NA,NA,NA,12
826,"synthetic","SPFDA",50,0.5,1,1,1,1,10,"sine","sqrt",26,NA,NA,NA,NA,NA,12
827,"synthetic","SPFDA",50,0.5,1,1,1,1,10,"sine","sqrt",27,NA,NA,NA,NA,NA,12
828,"synthetic","SPFDA",50,0.5,1,1,1,1,10,"sine","sqrt",28,NA,NA,NA,NA,NA,12
829,"synthetic","SPFDA",50,0.5,1,1,1,1,10,"sine","sqrt",29,NA,NA,NA,NA,NA,12
830,"synthetic","SPFDA",50,0.5,1,1,1,1,10,"sine","sqrt",30,NA,NA,NA,NA,NA,12
831,"synthetic","SPFDA",50,0.5,1,1,1,1,10,"sine","sqrt",31,NA,NA,NA,NA,NA,12
832,"synthetic","SPFDA",50,0.5,1,1,1,1,10,"sine","sqrt",32,NA,NA,NA,NA,NA,12
833,"synthetic","SPFDA",50,0.5,1,1,1,1,10,"sine","sqrt",33,NA,NA,NA,NA,NA,12
834,"synthetic","SPFDA",50,0.5,1,1,1,1,10,"sine","sqrt",34,NA,NA,NA,NA,NA,12
835,"synthetic","SPFDA",50,0.5,1,1,1,1,10,"sine","sqrt",35,NA,NA,NA,NA,NA,12
836,"synthetic","SPFDA",50,0.5,1,1,1,1,10,"sine","sqrt",36,NA,NA,NA,NA,NA,12
837,"synthetic","SPFDA",50,0.5,1,1,1,1,10,"sine","sqrt",37,NA,NA,NA,NA,NA,12
838,"synthetic","SPFDA",50,0.5,1,1,1,1,10,"sine","sqrt",38,NA,NA,NA,NA,NA,12
839,"synthetic","SPFDA",50,0.5,1,1,1,1,10,"sine","sqrt",39,NA,NA,NA,NA,NA,12
840,"synthetic","SPFDA",50,0.5,1,1,1,1,10,"sine","sqrt",40,NA,NA,NA,NA,NA,12
841,"synthetic","SPFDA",50,0.5,1,1,1,1,10,"sine","sqrt",41,NA,NA,NA,NA,NA,12
842,"synthetic","SPFDA",50,0.5,1,1,1,1,10,"sine","sqrt",42,NA,NA,NA,NA,NA,12
843,"synthetic","SPFDA",50,0.5,1,1,1,1,10,"sine","sqrt",43,NA,NA,NA,NA,NA,12
844,"synthetic","SPFDA",50,0.5,1,1,1,1,10,"sine","sqrt",44,NA,NA,NA,NA,NA,12
845,"synthetic","SPFDA",50,0.5,1,1,1,1,10,"sine","sqrt",45,NA,NA,NA,NA,NA,12
846,"synthetic","SPFDA",50,0.5,1,1,1,1,10,"sine","sqrt",46,NA,NA,NA,NA,NA,12
847,"synthetic","SPFDA",50,0.5,1,1,1,1,10,"sine","sqrt",47,NA,NA,NA,NA,NA,12
848,"synthetic","SPFDA",50,0.5,1,1,1,1,10,"sine","sqrt",48,NA,NA,NA,NA,NA,12
849,"synthetic","SPFDA",50,0.5,1,1,1,1,10,"sine","sqrt",49,NA,NA,NA,NA,NA,12
850,"synthetic","SPFDA",50,0.5,1,1,1,1,10,"sine","sqrt",50,NA,NA,NA,NA,NA,12
851,"synthetic","SPFDA",50,0.5,1,1,1,1,10,"sine","sqrt",51,NA,NA,NA,NA,NA,12
852,"synthetic","SPFDA",50,0.5,1,1,1,1,10,"sine","sqrt",52,NA,NA,NA,NA,NA,12
853,"synthetic","SPFDA",50,0.5,1,1,1,1,10,"sine","sqrt",53,NA,NA,NA,NA,NA,12
854,"synthetic","SPFDA",50,0.5,1,1,1,1,10,"sine","sqrt",54,NA,NA,NA,NA,NA,12
855,"synthetic","SPFDA",50,0.5,1,1,1,1,10,"sine","sqrt",55,NA,NA,NA,NA,NA,12
856,"synthetic","SPFDA",50,0.5,1,1,1,1,10,"sine","sqrt",56,NA,NA,NA,NA,NA,12
857,"synthetic","SPFDA",50,0.5,1,1,1,1,10,"sine","sqrt",57,NA,NA,NA,NA,NA,12
858,"synthetic","SPFDA",50,0.5,1,1,1,1,10,"sine","sqrt",58,NA,NA,NA,NA,NA,12
859,"synthetic","SPFDA",50,0.5,1,1,1,1,10,"sine","sqrt",59,NA,NA,NA,NA,NA,12
860,"synthetic","SPFDA",50,0.5,1,1,1,1,10,"sine","sqrt",60,NA,NA,NA,NA,NA,12
861,"synthetic","SPFDA",50,0.5,1,1,1,1,10,"sine","sqrt",61,NA,NA,NA,NA,NA,12
862,"synthetic","SPFDA",50,0.5,1,1,1,1,10,"sine","sqrt",62,NA,NA,NA,NA,NA,12
863,"synthetic","SPFDA",50,0.5,1,1,1,1,10,"sine","sqrt",63,NA,NA,NA,NA,NA,12
864,"synthetic","SPFDA",50,0.5,1,1,1,1,10,"sine","sqrt",64,NA,NA,NA,NA,NA,12
865,"synthetic","SPFDA",50,0.5,1,1,1,1,10,"sine","sqrt",65,NA,NA,NA,NA,NA,12
866,"synthetic","SPFDA",50,0.5,1,1,1,1,10,"sine","sqrt",66,NA,NA,NA,NA,NA,12
867,"synthetic","SPFDA",50,0.5,1,1,1,1,10,"sine","sqrt",67,NA,NA,NA,NA,NA,12
868,"synthetic","SPFDA",50,0.5,1,1,1,1,10,"sine","sqrt",68,NA,NA,NA,NA,NA,12
869,"synthetic","SPFDA",50,0.5,1,1,1,1,10,"sine","sqrt",69,NA,NA,NA,NA,NA,12
870,"synthetic","SPFDA",50,0.5,1,1,1,1,10,"sine","sqrt",70,NA,NA,NA,NA,NA,12
871,"synthetic","SPFDA",50,0.5,1,1,1,1,10,"sine","sqrt",71,NA,NA,NA,NA,NA,12
872,"synthetic","SPFDA",50,0.5,1,1,1,1,10,"sine","sqrt",72,NA,NA,NA,NA,NA,12
873,"synthetic","SPFDA",50,0.5,1,1,1,1,10,"sine","sqrt",73,NA,NA,NA,NA,NA,12
874,"synthetic","SPFDA",50,0.5,1,1,1,1,10,"sine","sqrt",74,NA,NA,NA,NA,NA,12
875,"synthetic","SPFDA",50,0.5,1,1,1,1,10,"sine","sqrt",75,NA,NA,NA,NA,NA,12
876,"synthetic","SPFDA",50,0.5,1,1,1,1,10,"sine","sqrt",76,NA,NA,NA,NA,NA,12
877,"synthetic","SPFDA",50,0.5,1,1,1,1,10,"sine","sqrt",77,NA,NA,NA,NA,NA,12
878,"synthetic","SPFDA",50,0.5,1,1,1,1,10,"sine","sqrt",78,NA,NA,NA,NA,NA,12
879,"synthetic","SPFDA",50,0.5,1,1,1,1,10,"sine","sqrt",79,NA,NA,NA,NA,NA,12
880,"synthetic","SPFDA",50,0.5,1,1,1,1,10,"sine","sqrt",80,NA,NA,NA,NA,NA,12
881,"synthetic","SPFDA",50,0.5,1,1,1,1,10,"sine","sqrt",81,NA,NA,NA,NA,NA,12
882,"synthetic","SPFDA",50,0.5,1,1,1,1,10,"sine","sqrt",82,NA,NA,NA,NA,NA,12
883,"synthetic","SPFDA",50,0.5,1,1,1,1,10,"sine","sqrt",83,NA,NA,NA,NA,NA,12
884,"synthetic","SPFDA",50,0.5,1,1,1,1,10,"sine","sqrt",84,NA,NA,NA,NA,NA,12
885,"synthetic","SPFDA",50,0.5,1,1,1,1,10,"sine","sqrt",85,NA,NA,NA,NA,NA,12
886,"synthetic","SPFDA",50,0.5,1,1,1,1,10,"sine","sqrt",86,NA,NA,NA,NA,NA,12
887,"synthetic","SPFDA",50,0.5,1,1,1,1,10,"sine","sqrt",87,NA,NA,NA,NA,NA,12
888,"synthetic","SPFDA",50,0.5,1,1,1,1,10,"sine","sqrt",88,NA,NA,NA,NA,NA,12
889,"synthetic","SPFDA",50,0.5,1,1,1,1,10,"sine","sqrt",89,NA,NA,NA,NA,NA,12
890,"synthetic","SPFDA",50,0.5,1,1,1,1,10,"sine","sqrt",90,NA,NA,NA,NA,NA,12
891,"synthetic","SPFDA",50,0.5,1,1,1,1,10,"sine","sqrt",91,NA,NA,NA,NA,NA,12
892,"synthetic","SPFDA",50,0.5,1,1,1,1,10,"sine","sqrt",92,NA,NA,NA,NA,NA,12
893,"synthetic","SPFDA",50,0.5,1,1,1,1,10,"sine","sqrt",93,NA,NA,NA,NA,NA,12
894,"synthetic","SPFDA",50,0.5,1,1,1,1,10,"sine","sqrt",94,NA,NA,NA,NA,NA,12
895,"synthetic","SPFDA",50,0.5,1,1,1,1,10,"sine","sqrt",95,NA,NA,NA,NA,NA,12
896,"synthetic","SPFDA",50,0.5,1,1,1,1,10,"sine","sqrt",96,NA,NA,NA,NA,NA,12
897,"synthetic","SPFDA",50,0.5,1,1,1,1,10,"sine","sqrt",97,NA,NA,NA,NA,NA,12
898,"synthetic","SPFDA",50,0.5,1,1,1,1,10,"sine","sqrt",98,NA,NA,NA,NA,NA,12
899,"synthetic","SPFDA",50,0.5,1,1,1,1,10,"sine","sqrt",99,NA,NA,NA,NA,NA,12
900,"synthetic","SPFDA",50,0.5,1,1,1,1,10,"sine","sqrt",100,NA,NA,NA,NA,NA,12
901,"synthetic","SPFDA",100,0.5,1,1,1,1,10,"sine","sqrt",1,NA,NA,NA,NA,NA,12
902,"synthetic","SPFDA",100,0.5,1,1,1,1,10,"sine","sqrt",2,NA,NA,NA,NA,NA,12
903,"synthetic","SPFDA",100,0.5,1,1,1,1,10,"sine","sqrt",3,NA,NA,NA,NA,NA,12
904,"synthetic","SPFDA",100,0.5,1,1,1,1,10,"sine","sqrt",4,NA,NA,NA,NA,NA,12
905,"synthetic","SPFDA",100,0.5,1,1,1,1,10,"sine","sqrt",5,NA,NA,NA,NA,NA,12
906,"synthetic","SPFDA",100,0.5,1,1,1,1,10,"sine","sqrt",6,NA,NA,NA,NA,NA,12
907,"synthetic","SPFDA",100,0.5,1,1,1,1,10,"sine","sqrt",7,NA,NA,NA,NA,NA,12
908,"synthetic","SPFDA",100,0.5,1,1,1,1,10,"sine","sqrt",8,NA,NA,NA,NA,NA,12
909,"synthetic","SPFDA",100,0.5,1,1,1,1,10,"sine","sqrt",9,NA,NA,NA,NA,NA,12
910,"synthetic","SPFDA",100,0.5,1,1,1,1,10,"sine","sqrt",10,NA,NA,NA,NA,NA,12
911,"synthetic","SPFDA",100,0.5,1,1,1,1,10,"sine","sqrt",11,NA,NA,NA,NA,NA,12
912,"synthetic","SPFDA",100,0.5,1,1,1,1,10,"sine","sqrt",12,NA,NA,NA,NA,NA,12
913,"synthetic","SPFDA",100,0.5,1,1,1,1,10,"sine","sqrt",13,NA,NA,NA,NA,NA,12
914,"synthetic","SPFDA",100,0.5,1,1,1,1,10,"sine","sqrt",14,NA,NA,NA,NA,NA,12
915,"synthetic","SPFDA",100,0.5,1,1,1,1,10,"sine","sqrt",15,NA,NA,NA,NA,NA,12
916,"synthetic","SPFDA",100,0.5,1,1,1,1,10,"sine","sqrt",16,NA,NA,NA,NA,NA,12
917,"synthetic","SPFDA",100,0.5,1,1,1,1,10,"sine","sqrt",17,NA,NA,NA,NA,NA,12
918,"synthetic","SPFDA",100,0.5,1,1,1,1,10,"sine","sqrt",18,NA,NA,NA,NA,NA,12
919,"synthetic","SPFDA",100,0.5,1,1,1,1,10,"sine","sqrt",19,NA,NA,NA,NA,NA,12
920,"synthetic","SPFDA",100,0.5,1,1,1,1,10,"sine","sqrt",20,NA,NA,NA,NA,NA,12
921,"synthetic","SPFDA",100,0.5,1,1,1,1,10,"sine","sqrt",21,NA,NA,NA,NA,NA,12
922,"synthetic","SPFDA",100,0.5,1,1,1,1,10,"sine","sqrt",22,NA,NA,NA,NA,NA,12
923,"synthetic","SPFDA",100,0.5,1,1,1,1,10,"sine","sqrt",23,NA,NA,NA,NA,NA,12
924,"synthetic","SPFDA",100,0.5,1,1,1,1,10,"sine","sqrt",24,NA,NA,NA,NA,NA,12
925,"synthetic","SPFDA",100,0.5,1,1,1,1,10,"sine","sqrt",25,NA,NA,NA,NA,NA,12
926,"synthetic","SPFDA",100,0.5,1,1,1,1,10,"sine","sqrt",26,NA,NA,NA,NA,NA,12
927,"synthetic","SPFDA",100,0.5,1,1,1,1,10,"sine","sqrt",27,NA,NA,NA,NA,NA,12
928,"synthetic","SPFDA",100,0.5,1,1,1,1,10,"sine","sqrt",28,NA,NA,NA,NA,NA,12
929,"synthetic","SPFDA",100,0.5,1,1,1,1,10,"sine","sqrt",29,NA,NA,NA,NA,NA,12
930,"synthetic","SPFDA",100,0.5,1,1,1,1,10,"sine","sqrt",30,NA,NA,NA,NA,NA,12
931,"synthetic","SPFDA",100,0.5,1,1,1,1,10,"sine","sqrt",31,NA,NA,NA,NA,NA,12
932,"synthetic","SPFDA",100,0.5,1,1,1,1,10,"sine","sqrt",32,NA,NA,NA,NA,NA,12
933,"synthetic","SPFDA",100,0.5,1,1,1,1,10,"sine","sqrt",33,NA,NA,NA,NA,NA,12
934,"synthetic","SPFDA",100,0.5,1,1,1,1,10,"sine","sqrt",34,NA,NA,NA,NA,NA,12
935,"synthetic","SPFDA",100,0.5,1,1,1,1,10,"sine","sqrt",35,NA,NA,NA,NA,NA,12
936,"synthetic","SPFDA",100,0.5,1,1,1,1,10,"sine","sqrt",36,NA,NA,NA,NA,NA,12
937,"synthetic","SPFDA",100,0.5,1,1,1,1,10,"sine","sqrt",37,NA,NA,NA,NA,NA,12
938,"synthetic","SPFDA",100,0.5,1,1,1,1,10,"sine","sqrt",38,NA,NA,NA,NA,NA,12
939,"synthetic","SPFDA",100,0.5,1,1,1,1,10,"sine","sqrt",39,NA,NA,NA,NA,NA,12
940,"synthetic","SPFDA",100,0.5,1,1,1,1,10,"sine","sqrt",40,NA,NA,NA,NA,NA,12
941,"synthetic","SPFDA",100,0.5,1,1,1,1,10,"sine","sqrt",41,NA,NA,NA,NA,NA,12
942,"synthetic","SPFDA",100,0.5,1,1,1,1,10,"sine","sqrt",42,NA,NA,NA,NA,NA,12
943,"synthetic","SPFDA",100,0.5,1,1,1,1,10,"sine","sqrt",43,NA,NA,NA,NA,NA,12
944,"synthetic","SPFDA",100,0.5,1,1,1,1,10,"sine","sqrt",44,NA,NA,NA,NA,NA,12
945,"synthetic","SPFDA",100,0.5,1,1,1,1,10,"sine","sqrt",45,NA,NA,NA,NA,NA,12
946,"synthetic","SPFDA",100,0.5,1,1,1,1,10,"sine","sqrt",46,NA,NA,NA,NA,NA,12
947,"synthetic","SPFDA",100,0.5,1,1,1,1,10,"sine","sqrt",47,NA,NA,NA,NA,NA,12
948,"synthetic","SPFDA",100,0.5,1,1,1,1,10,"sine","sqrt",48,NA,NA,NA,NA,NA,12
949,"synthetic","SPFDA",100,0.5,1,1,1,1,10,"sine","sqrt",49,NA,NA,NA,NA,NA,12
950,"synthetic","SPFDA",100,0.5,1,1,1,1,10,"sine","sqrt",50,NA,NA,NA,NA,NA,12
951,"synthetic","SPFDA",100,0.5,1,1,1,1,10,"sine","sqrt",51,NA,NA,NA,NA,NA,12
952,"synthetic","SPFDA",100,0.5,1,1,1,1,10,"sine","sqrt",52,NA,NA,NA,NA,NA,12
953,"synthetic","SPFDA",100,0.5,1,1,1,1,10,"sine","sqrt",53,NA,NA,NA,NA,NA,12
954,"synthetic","SPFDA",100,0.5,1,1,1,1,10,"sine","sqrt",54,NA,NA,NA,NA,NA,12
955,"synthetic","SPFDA",100,0.5,1,1,1,1,10,"sine","sqrt",55,NA,NA,NA,NA,NA,12
956,"synthetic","SPFDA",100,0.5,1,1,1,1,10,"sine","sqrt",56,NA,NA,NA,NA,NA,12
957,"synthetic","SPFDA",100,0.5,1,1,1,1,10,"sine","sqrt",57,NA,NA,NA,NA,NA,12
958,"synthetic","SPFDA",100,0.5,1,1,1,1,10,"sine","sqrt",58,NA,NA,NA,NA,NA,12
959,"synthetic","SPFDA",100,0.5,1,1,1,1,10,"sine","sqrt",59,NA,NA,NA,NA,NA,12
960,"synthetic","SPFDA",100,0.5,1,1,1,1,10,"sine","sqrt",60,NA,NA,NA,NA,NA,12
961,"synthetic","SPFDA",100,0.5,1,1,1,1,10,"sine","sqrt",61,NA,NA,NA,NA,NA,12
962,"synthetic","SPFDA",100,0.5,1,1,1,1,10,"sine","sqrt",62,NA,NA,NA,NA,NA,12
963,"synthetic","SPFDA",100,0.5,1,1,1,1,10,"sine","sqrt",63,NA,NA,NA,NA,NA,12
964,"synthetic","SPFDA",100,0.5,1,1,1,1,10,"sine","sqrt",64,NA,NA,NA,NA,NA,12
965,"synthetic","SPFDA",100,0.5,1,1,1,1,10,"sine","sqrt",65,NA,NA,NA,NA,NA,12
966,"synthetic","SPFDA",100,0.5,1,1,1,1,10,"sine","sqrt",66,NA,NA,NA,NA,NA,12
967,"synthetic","SPFDA",100,0.5,1,1,1,1,10,"sine","sqrt",67,NA,NA,NA,NA,NA,12
968,"synthetic","SPFDA",100,0.5,1,1,1,1,10,"sine","sqrt",68,NA,NA,NA,NA,NA,12
969,"synthetic","SPFDA",100,0.5,1,1,1,1,10,"sine","sqrt",69,NA,NA,NA,NA,NA,12
970,"synthetic","SPFDA",100,0.5,1,1,1,1,10,"sine","sqrt",70,NA,NA,NA,NA,NA,12
971,"synthetic","SPFDA",100,0.5,1,1,1,1,10,"sine","sqrt",71,NA,NA,NA,NA,NA,12
972,"synthetic","SPFDA",100,0.5,1,1,1,1,10,"sine","sqrt",72,NA,NA,NA,NA,NA,12
973,"synthetic","SPFDA",100,0.5,1,1,1,1,10,"sine","sqrt",73,NA,NA,NA,NA,NA,12
974,"synthetic","SPFDA",100,0.5,1,1,1,1,10,"sine","sqrt",74,NA,NA,NA,NA,NA,12
975,"synthetic","SPFDA",100,0.5,1,1,1,1,10,"sine","sqrt",75,NA,NA,NA,NA,NA,12
976,"synthetic","SPFDA",100,0.5,1,1,1,1,10,"sine","sqrt",76,NA,NA,NA,NA,NA,12
977,"synthetic","SPFDA",100,0.5,1,1,1,1,10,"sine","sqrt",77,NA,NA,NA,NA,NA,12
978,"synthetic","SPFDA",100,0.5,1,1,1,1,10,"sine","sqrt",78,NA,NA,NA,NA,NA,12
979,"synthetic","SPFDA",100,0.5,1,1,1,1,10,"sine","sqrt",79,NA,NA,NA,NA,NA,12
980,"synthetic","SPFDA",100,0.5,1,1,1,1,10,"sine","sqrt",80,NA,NA,NA,NA,NA,12
981,"synthetic","SPFDA",100,0.5,1,1,1,1,10,"sine","sqrt",81,NA,NA,NA,NA,NA,12
982,"synthetic","SPFDA",100,0.5,1,1,1,1,10,"sine","sqrt",82,NA,NA,NA,NA,NA,12
983,"synthetic","SPFDA",100,0.5,1,1,1,1,10,"sine","sqrt",83,NA,NA,NA,NA,NA,12
984,"synthetic","SPFDA",100,0.5,1,1,1,1,10,"sine","sqrt",84,NA,NA,NA,NA,NA,12
985,"synthetic","SPFDA",100,0.5,1,1,1,1,10,"sine","sqrt",85,NA,NA,NA,NA,NA,12
986,"synthetic","SPFDA",100,0.5,1,1,1,1,10,"sine","sqrt",86,NA,NA,NA,NA,NA,12
987,"synthetic","SPFDA",100,0.5,1,1,1,1,10,"sine","sqrt",87,NA,NA,NA,NA,NA,12
988,"synthetic","SPFDA",100,0.5,1,1,1,1,10,"sine","sqrt",88,NA,NA,NA,NA,NA,12
989,"synthetic","SPFDA",100,0.5,1,1,1,1,10,"sine","sqrt",89,NA,NA,NA,NA,NA,12
990,"synthetic","SPFDA",100,0.5,1,1,1,1,10,"sine","sqrt",90,NA,NA,NA,NA,NA,12
991,"synthetic","SPFDA",100,0.5,1,1,1,1,10,"sine","sqrt",91,NA,NA,NA,NA,NA,12
992,"synthetic","SPFDA",100,0.5,1,1,1,1,10,"sine","sqrt",92,NA,NA,NA,NA,NA,12
993,"synthetic","SPFDA",100,0.5,1,1,1,1,10,"sine","sqrt",93,NA,NA,NA,NA,NA,12
994,"synthetic","SPFDA",100,0.5,1,1,1,1,10,"sine","sqrt",94,NA,NA,NA,NA,NA,12
995,"synthetic","SPFDA",100,0.5,1,1,1,1,10,"sine","sqrt",95,NA,NA,NA,NA,NA,12
996,"synthetic","SPFDA",100,0.5,1,1,1,1,10,"sine","sqrt",96,NA,NA,NA,NA,NA,12
997,"synthetic","SPFDA",100,0.5,1,1,1,1,10,"sine","sqrt",97,NA,NA,NA,NA,NA,12
998,"synthetic","SPFDA",100,0.5,1,1,1,1,10,"sine","sqrt",98,NA,NA,NA,NA,NA,12
999,"synthetic","SPFDA",100,0.5,1,1,1,1,10,"sine","sqrt",99,NA,NA,NA,NA,NA,12
1000,"synthetic","SPFDA",100,0.5,1,1,1,1,10,"sine","sqrt",100,NA,NA,NA,NA,NA,12
1001,"synthetic","SPFDA",150,0.5,1,1,1,1,10,"sine","sqrt",1,NA,NA,NA,NA,NA,12
1002,"synthetic","SPFDA",150,0.5,1,1,1,1,10,"sine","sqrt",2,NA,NA,NA,NA,NA,12
1003,"synthetic","SPFDA",150,0.5,1,1,1,1,10,"sine","sqrt",3,NA,NA,NA,NA,NA,12
1004,"synthetic","SPFDA",150,0.5,1,1,1,1,10,"sine","sqrt",4,NA,NA,NA,NA,NA,12
1005,"synthetic","SPFDA",150,0.5,1,1,1,1,10,"sine","sqrt",5,NA,NA,NA,NA,NA,12
1006,"synthetic","SPFDA",150,0.5,1,1,1,1,10,"sine","sqrt",6,NA,NA,NA,NA,NA,12
1007,"synthetic","SPFDA",150,0.5,1,1,1,1,10,"sine","sqrt",7,NA,NA,NA,NA,NA,12
1008,"synthetic","SPFDA",150,0.5,1,1,1,1,10,"sine","sqrt",8,NA,NA,NA,NA,NA,12
1009,"synthetic","SPFDA",150,0.5,1,1,1,1,10,"sine","sqrt",9,NA,NA,NA,NA,NA,12
1010,"synthetic","SPFDA",150,0.5,1,1,1,1,10,"sine","sqrt",10,NA,NA,NA,NA,NA,12
1011,"synthetic","SPFDA",150,0.5,1,1,1,1,10,"sine","sqrt",11,NA,NA,NA,NA,NA,12
1012,"synthetic","SPFDA",150,0.5,1,1,1,1,10,"sine","sqrt",12,NA,NA,NA,NA,NA,12
1013,"synthetic","SPFDA",150,0.5,1,1,1,1,10,"sine","sqrt",13,NA,NA,NA,NA,NA,12
1014,"synthetic","SPFDA",150,0.5,1,1,1,1,10,"sine","sqrt",14,NA,NA,NA,NA,NA,12
1015,"synthetic","SPFDA",150,0.5,1,1,1,1,10,"sine","sqrt",15,NA,NA,NA,NA,NA,12
1016,"synthetic","SPFDA",150,0.5,1,1,1,1,10,"sine","sqrt",16,NA,NA,NA,NA,NA,12
1017,"synthetic","SPFDA",150,0.5,1,1,1,1,10,"sine","sqrt",17,NA,NA,NA,NA,NA,12
1018,"synthetic","SPFDA",150,0.5,1,1,1,1,10,"sine","sqrt",18,NA,NA,NA,NA,NA,12
1019,"synthetic","SPFDA",150,0.5,1,1,1,1,10,"sine","sqrt",19,NA,NA,NA,NA,NA,12
1020,"synthetic","SPFDA",150,0.5,1,1,1,1,10,"sine","sqrt",20,NA,NA,NA,NA,NA,12
1021,"synthetic","SPFDA",150,0.5,1,1,1,1,10,"sine","sqrt",21,NA,NA,NA,NA,NA,12
1022,"synthetic","SPFDA",150,0.5,1,1,1,1,10,"sine","sqrt",22,NA,NA,NA,NA,NA,12
1023,"synthetic","SPFDA",150,0.5,1,1,1,1,10,"sine","sqrt",23,NA,NA,NA,NA,NA,12
1024,"synthetic","SPFDA",150,0.5,1,1,1,1,10,"sine","sqrt",24,NA,NA,NA,NA,NA,12
1025,"synthetic","SPFDA",150,0.5,1,1,1,1,10,"sine","sqrt",25,NA,NA,NA,NA,NA,12
1026,"synthetic","SPFDA",150,0.5,1,1,1,1,10,"sine","sqrt",26,NA,NA,NA,NA,NA,12
1027,"synthetic","SPFDA",150,0.5,1,1,1,1,10,"sine","sqrt",27,NA,NA,NA,NA,NA,12
1028,"synthetic","SPFDA",150,0.5,1,1,1,1,10,"sine","sqrt",28,NA,NA,NA,NA,NA,12
1029,"synthetic","SPFDA",150,0.5,1,1,1,1,10,"sine","sqrt",29,NA,NA,NA,NA,NA,12
1030,"synthetic","SPFDA",150,0.5,1,1,1,1,10,"sine","sqrt",30,NA,NA,NA,NA,NA,12
1031,"synthetic","SPFDA",150,0.5,1,1,1,1,10,"sine","sqrt",31,NA,NA,NA,NA,NA,12
1032,"synthetic","SPFDA",150,0.5,1,1,1,1,10,"sine","sqrt",32,NA,NA,NA,NA,NA,12
1033,"synthetic","SPFDA",150,0.5,1,1,1,1,10,"sine","sqrt",33,NA,NA,NA,NA,NA,12
1034,"synthetic","SPFDA",150,0.5,1,1,1,1,10,"sine","sqrt",34,NA,NA,NA,NA,NA,12
1035,"synthetic","SPFDA",150,0.5,1,1,1,1,10,"sine","sqrt",35,NA,NA,NA,NA,NA,12
1036,"synthetic","SPFDA",150,0.5,1,1,1,1,10,"sine","sqrt",36,NA,NA,NA,NA,NA,12
1037,"synthetic","SPFDA",150,0.5,1,1,1,1,10,"sine","sqrt",37,NA,NA,NA,NA,NA,12
1038,"synthetic","SPFDA",150,0.5,1,1,1,1,10,"sine","sqrt",38,NA,NA,NA,NA,NA,12
1039,"synthetic","SPFDA",150,0.5,1,1,1,1,10,"sine","sqrt",39,NA,NA,NA,NA,NA,12
1040,"synthetic","SPFDA",150,0.5,1,1,1,1,10,"sine","sqrt",40,NA,NA,NA,NA,NA,12
1041,"synthetic","SPFDA",150,0.5,1,1,1,1,10,"sine","sqrt",41,NA,NA,NA,NA,NA,12
1042,"synthetic","SPFDA",150,0.5,1,1,1,1,10,"sine","sqrt",42,NA,NA,NA,NA,NA,12
1043,"synthetic","SPFDA",150,0.5,1,1,1,1,10,"sine","sqrt",43,NA,NA,NA,NA,NA,12
1044,"synthetic","SPFDA",150,0.5,1,1,1,1,10,"sine","sqrt",44,NA,NA,NA,NA,NA,12
1045,"synthetic","SPFDA",150,0.5,1,1,1,1,10,"sine","sqrt",45,NA,NA,NA,NA,NA,12
1046,"synthetic","SPFDA",150,0.5,1,1,1,1,10,"sine","sqrt",46,NA,NA,NA,NA,NA,12
1047,"synthetic","SPFDA",150,0.5,1,1,1,1,10,"sine","sqrt",47,NA,NA,NA,NA,NA,12
1048,"synthetic","SPFDA",150,0.5,1,1,1,1,10,"sine","sqrt",48,NA,NA,NA,NA,NA,12
1049,"synthetic","SPFDA",150,0.5,1,1,1,1,10,"sine","sqrt",49,NA,NA,NA,NA,NA,12
1050,"synthetic","SPFDA",150,0.5,1,1,1,1,10,"sine","sqrt",50,NA,NA,NA,NA,NA,12
1051,"synthetic","SPFDA",150,0.5,1,1,1,1,10,"sine","sqrt",51,NA,NA,NA,NA,NA,12
1052,"synthetic","SPFDA",150,0.5,1,1,1,1,10,"sine","sqrt",52,NA,NA,NA,NA,NA,12
1053,"synthetic","SPFDA",150,0.5,1,1,1,1,10,"sine","sqrt",53,NA,NA,NA,NA,NA,12
1054,"synthetic","SPFDA",150,0.5,1,1,1,1,10,"sine","sqrt",54,NA,NA,NA,NA,NA,12
1055,"synthetic","SPFDA",150,0.5,1,1,1,1,10,"sine","sqrt",55,NA,NA,NA,NA,NA,12
1056,"synthetic","SPFDA",150,0.5,1,1,1,1,10,"sine","sqrt",56,NA,NA,NA,NA,NA,12
1057,"synthetic","SPFDA",150,0.5,1,1,1,1,10,"sine","sqrt",57,NA,NA,NA,NA,NA,12
1058,"synthetic","SPFDA",150,0.5,1,1,1,1,10,"sine","sqrt",58,NA,NA,NA,NA,NA,12
1059,"synthetic","SPFDA",150,0.5,1,1,1,1,10,"sine","sqrt",59,NA,NA,NA,NA,NA,12
1060,"synthetic","SPFDA",150,0.5,1,1,1,1,10,"sine","sqrt",60,NA,NA,NA,NA,NA,12
1061,"synthetic","SPFDA",150,0.5,1,1,1,1,10,"sine","sqrt",61,NA,NA,NA,NA,NA,12
1062,"synthetic","SPFDA",150,0.5,1,1,1,1,10,"sine","sqrt",62,NA,NA,NA,NA,NA,12
1063,"synthetic","SPFDA",150,0.5,1,1,1,1,10,"sine","sqrt",63,NA,NA,NA,NA,NA,12
1064,"synthetic","SPFDA",150,0.5,1,1,1,1,10,"sine","sqrt",64,NA,NA,NA,NA,NA,12
1065,"synthetic","SPFDA",150,0.5,1,1,1,1,10,"sine","sqrt",65,NA,NA,NA,NA,NA,12
1066,"synthetic","SPFDA",150,0.5,1,1,1,1,10,"sine","sqrt",66,NA,NA,NA,NA,NA,12
1067,"synthetic","SPFDA",150,0.5,1,1,1,1,10,"sine","sqrt",67,NA,NA,NA,NA,NA,12
1068,"synthetic","SPFDA",150,0.5,1,1,1,1,10,"sine","sqrt",68,NA,NA,NA,NA,NA,12
1069,"synthetic","SPFDA",150,0.5,1,1,1,1,10,"sine","sqrt",69,NA,NA,NA,NA,NA,12
1070,"synthetic","SPFDA",150,0.5,1,1,1,1,10,"sine","sqrt",70,NA,NA,NA,NA,NA,12
1071,"synthetic","SPFDA",150,0.5,1,1,1,1,10,"sine","sqrt",71,NA,NA,NA,NA,NA,12
1072,"synthetic","SPFDA",150,0.5,1,1,1,1,10,"sine","sqrt",72,NA,NA,NA,NA,NA,12
1073,"synthetic","SPFDA",150,0.5,1,1,1,1,10,"sine","sqrt",73,NA,NA,NA,NA,NA,12
1074,"synthetic","SPFDA",150,0.5,1,1,1,1,10,"sine","sqrt",74,NA,NA,NA,NA,NA,12
1075,"synthetic","SPFDA",150,0.5,1,1,1,1,10,"sine","sqrt",75,NA,NA,NA,NA,NA,12
1076,"synthetic","SPFDA",150,0.5,1,1,1,1,10,"sine","sqrt",76,NA,NA,NA,NA,NA,12
1077,"synthetic","SPFDA",150,0.5,1,1,1,1,10,"sine","sqrt",77,NA,NA,NA,NA,NA,12
1078,"synthetic","SPFDA",150,0.5,1,1,1,1,10,"sine","sqrt",78,NA,NA,NA,NA,NA,12
1079,"synthetic","SPFDA",150,0.5,1,1,1,1,10,"sine","sqrt",79,NA,NA,NA,NA,NA,12
1080,"synthetic","SPFDA",150,0.5,1,1,1,1,10,"sine","sqrt",80,NA,NA,NA,NA,NA,12
1081,"synthetic","SPFDA",150,0.5,1,1,1,1,10,"sine","sqrt",81,NA,NA,NA,NA,NA,12
1082,"synthetic","SPFDA",150,0.5,1,1,1,1,10,"sine","sqrt",82,NA,NA,NA,NA,NA,12
1083,"synthetic","SPFDA",150,0.5,1,1,1,1,10,"sine","sqrt",83,NA,NA,NA,NA,NA,12
1084,"synthetic","SPFDA",150,0.5,1,1,1,1,10,"sine","sqrt",84,NA,NA,NA,NA,NA,12
1085,"synthetic","SPFDA",150,0.5,1,1,1,1,10,"sine","sqrt",85,NA,NA,NA,NA,NA,12
1086,"synthetic","SPFDA",150,0.5,1,1,1,1,10,"sine","sqrt",86,NA,NA,NA,NA,NA,12
1087,"synthetic","SPFDA",150,0.5,1,1,1,1,10,"sine","sqrt",87,NA,NA,NA,NA,NA,12
1088,"synthetic","SPFDA",150,0.5,1,1,1,1,10,"sine","sqrt",88,NA,NA,NA,NA,NA,12
1089,"synthetic","SPFDA",150,0.5,1,1,1,1,10,"sine","sqrt",89,NA,NA,NA,NA,NA,12
1090,"synthetic","SPFDA",150,0.5,1,1,1,1,10,"sine","sqrt",90,NA,NA,NA,NA,NA,12
1091,"synthetic","SPFDA",150,0.5,1,1,1,1,10,"sine","sqrt",91,NA,NA,NA,NA,NA,12
1092,"synthetic","SPFDA",150,0.5,1,1,1,1,10,"sine","sqrt",92,NA,NA,NA,NA,NA,12
1093,"synthetic","SPFDA",150,0.5,1,1,1,1,10,"sine","sqrt",93,NA,NA,NA,NA,NA,12
1094,"synthetic","SPFDA",150,0.5,1,1,1,1,10,"sine","sqrt",94,NA,NA,NA,NA,NA,12
1095,"synthetic","SPFDA",150,0.5,1,1,1,1,10,"sine","sqrt",95,NA,NA,NA,NA,NA,12
1096,"synthetic","SPFDA",150,0.5,1,1,1,1,10,"sine","sqrt",96,NA,NA,NA,NA,NA,12
1097,"synthetic","SPFDA",150,0.5,1,1,1,1,10,"sine","sqrt",97,NA,NA,NA,NA,NA,12
1098,"synthetic","SPFDA",150,0.5,1,1,1,1,10,"sine","sqrt",98,NA,NA,NA,NA,NA,12
1099,"synthetic","SPFDA",150,0.5,1,1,1,1,10,"sine","sqrt",99,NA,NA,NA,NA,NA,12
1100,"synthetic","SPFDA",150,0.5,1,1,1,1,10,"sine","sqrt",100,NA,NA,NA,NA,NA,12
1101,"synthetic","SPFDA",200,0.5,1,1,1,1,10,"sine","sqrt",1,NA,NA,NA,NA,NA,12
1102,"synthetic","SPFDA",200,0.5,1,1,1,1,10,"sine","sqrt",2,NA,NA,NA,NA,NA,12
1103,"synthetic","SPFDA",200,0.5,1,1,1,1,10,"sine","sqrt",3,NA,NA,NA,NA,NA,12
1104,"synthetic","SPFDA",200,0.5,1,1,1,1,10,"sine","sqrt",4,NA,NA,NA,NA,NA,12
1105,"synthetic","SPFDA",200,0.5,1,1,1,1,10,"sine","sqrt",5,NA,NA,NA,NA,NA,12
1106,"synthetic","SPFDA",200,0.5,1,1,1,1,10,"sine","sqrt",6,NA,NA,NA,NA,NA,12
1107,"synthetic","SPFDA",200,0.5,1,1,1,1,10,"sine","sqrt",7,NA,NA,NA,NA,NA,12
1108,"synthetic","SPFDA",200,0.5,1,1,1,1,10,"sine","sqrt",8,NA,NA,NA,NA,NA,12
1109,"synthetic","SPFDA",200,0.5,1,1,1,1,10,"sine","sqrt",9,NA,NA,NA,NA,NA,12
1110,"synthetic","SPFDA",200,0.5,1,1,1,1,10,"sine","sqrt",10,NA,NA,NA,NA,NA,12
1111,"synthetic","SPFDA",200,0.5,1,1,1,1,10,"sine","sqrt",11,NA,NA,NA,NA,NA,12
1112,"synthetic","SPFDA",200,0.5,1,1,1,1,10,"sine","sqrt",12,NA,NA,NA,NA,NA,12
1113,"synthetic","SPFDA",200,0.5,1,1,1,1,10,"sine","sqrt",13,NA,NA,NA,NA,NA,12
1114,"synthetic","SPFDA",200,0.5,1,1,1,1,10,"sine","sqrt",14,NA,NA,NA,NA,NA,12
1115,"synthetic","SPFDA",200,0.5,1,1,1,1,10,"sine","sqrt",15,NA,NA,NA,NA,NA,12
1116,"synthetic","SPFDA",200,0.5,1,1,1,1,10,"sine","sqrt",16,NA,NA,NA,NA,NA,12
1117,"synthetic","SPFDA",200,0.5,1,1,1,1,10,"sine","sqrt",17,NA,NA,NA,NA,NA,12
1118,"synthetic","SPFDA",200,0.5,1,1,1,1,10,"sine","sqrt",18,NA,NA,NA,NA,NA,12
1119,"synthetic","SPFDA",200,0.5,1,1,1,1,10,"sine","sqrt",19,NA,NA,NA,NA,NA,12
1120,"synthetic","SPFDA",200,0.5,1,1,1,1,10,"sine","sqrt",20,NA,NA,NA,NA,NA,12
1121,"synthetic","SPFDA",200,0.5,1,1,1,1,10,"sine","sqrt",21,NA,NA,NA,NA,NA,12
1122,"synthetic","SPFDA",200,0.5,1,1,1,1,10,"sine","sqrt",22,NA,NA,NA,NA,NA,12
1123,"synthetic","SPFDA",200,0.5,1,1,1,1,10,"sine","sqrt",23,NA,NA,NA,NA,NA,12
1124,"synthetic","SPFDA",200,0.5,1,1,1,1,10,"sine","sqrt",24,NA,NA,NA,NA,NA,12
1125,"synthetic","SPFDA",200,0.5,1,1,1,1,10,"sine","sqrt",25,NA,NA,NA,NA,NA,12
1126,"synthetic","SPFDA",200,0.5,1,1,1,1,10,"sine","sqrt",26,NA,NA,NA,NA,NA,12
1127,"synthetic","SPFDA",200,0.5,1,1,1,1,10,"sine","sqrt",27,NA,NA,NA,NA,NA,12
1128,"synthetic","SPFDA",200,0.5,1,1,1,1,10,"sine","sqrt",28,NA,NA,NA,NA,NA,12
1129,"synthetic","SPFDA",200,0.5,1,1,1,1,10,"sine","sqrt",29,NA,NA,NA,NA,NA,12
1130,"synthetic","SPFDA",200,0.5,1,1,1,1,10,"sine","sqrt",30,NA,NA,NA,NA,NA,12
1131,"synthetic","SPFDA",200,0.5,1,1,1,1,10,"sine","sqrt",31,NA,NA,NA,NA,NA,12
1132,"synthetic","SPFDA",200,0.5,1,1,1,1,10,"sine","sqrt",32,NA,NA,NA,NA,NA,12
1133,"synthetic","SPFDA",200,0.5,1,1,1,1,10,"sine","sqrt",33,NA,NA,NA,NA,NA,12
1134,"synthetic","SPFDA",200,0.5,1,1,1,1,10,"sine","sqrt",34,NA,NA,NA,NA,NA,12
1135,"synthetic","SPFDA",200,0.5,1,1,1,1,10,"sine","sqrt",35,NA,NA,NA,NA,NA,12
1136,"synthetic","SPFDA",200,0.5,1,1,1,1,10,"sine","sqrt",36,NA,NA,NA,NA,NA,12
1137,"synthetic","SPFDA",200,0.5,1,1,1,1,10,"sine","sqrt",37,NA,NA,NA,NA,NA,12
1138,"synthetic","SPFDA",200,0.5,1,1,1,1,10,"sine","sqrt",38,NA,NA,NA,NA,NA,12
1139,"synthetic","SPFDA",200,0.5,1,1,1,1,10,"sine","sqrt",39,NA,NA,NA,NA,NA,12
1140,"synthetic","SPFDA",200,0.5,1,1,1,1,10,"sine","sqrt",40,NA,NA,NA,NA,NA,12
1141,"synthetic","SPFDA",200,0.5,1,1,1,1,10,"sine","sqrt",41,NA,NA,NA,NA,NA,12
1142,"synthetic","SPFDA",200,0.5,1,1,1,1,10,"sine","sqrt",42,NA,NA,NA,NA,NA,12
1143,"synthetic","SPFDA",200,0.5,1,1,1,1,10,"sine","sqrt",43,NA,NA,NA,NA,NA,12
1144,"synthetic","SPFDA",200,0.5,1,1,1,1,10,"sine","sqrt",44,NA,NA,NA,NA,NA,12
1145,"synthetic","SPFDA",200,0.5,1,1,1,1,10,"sine","sqrt",45,NA,NA,NA,NA,NA,12
1146,"synthetic","SPFDA",200,0.5,1,1,1,1,10,"sine","sqrt",46,NA,NA,NA,NA,NA,12
1147,"synthetic","SPFDA",200,0.5,1,1,1,1,10,"sine","sqrt",47,NA,NA,NA,NA,NA,12
1148,"synthetic","SPFDA",200,0.5,1,1,1,1,10,"sine","sqrt",48,NA,NA,NA,NA,NA,12
1149,"synthetic","SPFDA",200,0.5,1,1,1,1,10,"sine","sqrt",49,NA,NA,NA,NA,NA,12
1150,"synthetic","SPFDA",200,0.5,1,1,1,1,10,"sine","sqrt",50,NA,NA,NA,NA,NA,12
1151,"synthetic","SPFDA",200,0.5,1,1,1,1,10,"sine","sqrt",51,NA,NA,NA,NA,NA,12
1152,"synthetic","SPFDA",200,0.5,1,1,1,1,10,"sine","sqrt",52,NA,NA,NA,NA,NA,12
1153,"synthetic","SPFDA",200,0.5,1,1,1,1,10,"sine","sqrt",53,NA,NA,NA,NA,NA,12
1154,"synthetic","SPFDA",200,0.5,1,1,1,1,10,"sine","sqrt",54,NA,NA,NA,NA,NA,12
1155,"synthetic","SPFDA",200,0.5,1,1,1,1,10,"sine","sqrt",55,NA,NA,NA,NA,NA,12
1156,"synthetic","SPFDA",200,0.5,1,1,1,1,10,"sine","sqrt",56,NA,NA,NA,NA,NA,12
1157,"synthetic","SPFDA",200,0.5,1,1,1,1,10,"sine","sqrt",57,NA,NA,NA,NA,NA,12
1158,"synthetic","SPFDA",200,0.5,1,1,1,1,10,"sine","sqrt",58,NA,NA,NA,NA,NA,12
1159,"synthetic","SPFDA",200,0.5,1,1,1,1,10,"sine","sqrt",59,NA,NA,NA,NA,NA,12
1160,"synthetic","SPFDA",200,0.5,1,1,1,1,10,"sine","sqrt",60,NA,NA,NA,NA,NA,12
1161,"synthetic","SPFDA",200,0.5,1,1,1,1,10,"sine","sqrt",61,NA,NA,NA,NA,NA,12
1162,"synthetic","SPFDA",200,0.5,1,1,1,1,10,"sine","sqrt",62,NA,NA,NA,NA,NA,12
1163,"synthetic","SPFDA",200,0.5,1,1,1,1,10,"sine","sqrt",63,NA,NA,NA,NA,NA,12
1164,"synthetic","SPFDA",200,0.5,1,1,1,1,10,"sine","sqrt",64,NA,NA,NA,NA,NA,12
1165,"synthetic","SPFDA",200,0.5,1,1,1,1,10,"sine","sqrt",65,NA,NA,NA,NA,NA,12
1166,"synthetic","SPFDA",200,0.5,1,1,1,1,10,"sine","sqrt",66,NA,NA,NA,NA,NA,12
1167,"synthetic","SPFDA",200,0.5,1,1,1,1,10,"sine","sqrt",67,NA,NA,NA,NA,NA,12
1168,"synthetic","SPFDA",200,0.5,1,1,1,1,10,"sine","sqrt",68,NA,NA,NA,NA,NA,12
1169,"synthetic","SPFDA",200,0.5,1,1,1,1,10,"sine","sqrt",69,NA,NA,NA,NA,NA,12
1170,"synthetic","SPFDA",200,0.5,1,1,1,1,10,"sine","sqrt",70,NA,NA,NA,NA,NA,12
1171,"synthetic","SPFDA",200,0.5,1,1,1,1,10,"sine","sqrt",71,NA,NA,NA,NA,NA,12
1172,"synthetic","SPFDA",200,0.5,1,1,1,1,10,"sine","sqrt",72,NA,NA,NA,NA,NA,12
1173,"synthetic","SPFDA",200,0.5,1,1,1,1,10,"sine","sqrt",73,NA,NA,NA,NA,NA,12
1174,"synthetic","SPFDA",200,0.5,1,1,1,1,10,"sine","sqrt",74,NA,NA,NA,NA,NA,12
1175,"synthetic","SPFDA",200,0.5,1,1,1,1,10,"sine","sqrt",75,NA,NA,NA,NA,NA,12
1176,"synthetic","SPFDA",200,0.5,1,1,1,1,10,"sine","sqrt",76,NA,NA,NA,NA,NA,12
1177,"synthetic","SPFDA",200,0.5,1,1,1,1,10,"sine","sqrt",77,NA,NA,NA,NA,NA,12
1178,"synthetic","SPFDA",200,0.5,1,1,1,1,10,"sine","sqrt",78,NA,NA,NA,NA,NA,12
1179,"synthetic","SPFDA",200,0.5,1,1,1,1,10,"sine","sqrt",79,NA,NA,NA,NA,NA,12
1180,"synthetic","SPFDA",200,0.5,1,1,1,1,10,"sine","sqrt",80,NA,NA,NA,NA,NA,12
1181,"synthetic","SPFDA",200,0.5,1,1,1,1,10,"sine","sqrt",81,NA,NA,NA,NA,NA,12
1182,"synthetic","SPFDA",200,0.5,1,1,1,1,10,"sine","sqrt",82,NA,NA,NA,NA,NA,12
1183,"synthetic","SPFDA",200,0.5,1,1,1,1,10,"sine","sqrt",83,NA,NA,NA,NA,NA,12
1184,"synthetic","SPFDA",200,0.5,1,1,1,1,10,"sine","sqrt",84,NA,NA,NA,NA,NA,12
1185,"synthetic","SPFDA",200,0.5,1,1,1,1,10,"sine","sqrt",85,NA,NA,NA,NA,NA,12
1186,"synthetic","SPFDA",200,0.5,1,1,1,1,10,"sine","sqrt",86,NA,NA,NA,NA,NA,12
1187,"synthetic","SPFDA",200,0.5,1,1,1,1,10,"sine","sqrt",87,NA,NA,NA,NA,NA,12
1188,"synthetic","SPFDA",200,0.5,1,1,1,1,10,"sine","sqrt",88,NA,NA,NA,NA,NA,12
1189,"synthetic","SPFDA",200,0.5,1,1,1,1,10,"sine","sqrt",89,NA,NA,NA,NA,NA,12
1190,"synthetic","SPFDA",200,0.5,1,1,1,1,10,"sine","sqrt",90,NA,NA,NA,NA,NA,12
1191,"synthetic","SPFDA",200,0.5,1,1,1,1,10,"sine","sqrt",91,NA,NA,NA,NA,NA,12
1192,"synthetic","SPFDA",200,0.5,1,1,1,1,10,"sine","sqrt",92,NA,NA,NA,NA,NA,12
1193,"synthetic","SPFDA",200,0.5,1,1,1,1,10,"sine","sqrt",93,NA,NA,NA,NA,NA,12
1194,"synthetic","SPFDA",200,0.5,1,1,1,1,10,"sine","sqrt",94,NA,NA,NA,NA,NA,12
1195,"synthetic","SPFDA",200,0.5,1,1,1,1,10,"sine","sqrt",95,NA,NA,NA,NA,NA,12
1196,"synthetic","SPFDA",200,0.5,1,1,1,1,10,"sine","sqrt",96,NA,NA,NA,NA,NA,12
1197,"synthetic","SPFDA",200,0.5,1,1,1,1,10,"sine","sqrt",97,NA,NA,NA,NA,NA,12
1198,"synthetic","SPFDA",200,0.5,1,1,1,1,10,"sine","sqrt",98,NA,NA,NA,NA,NA,12
1199,"synthetic","SPFDA",200,0.5,1,1,1,1,10,"sine","sqrt",99,NA,NA,NA,NA,NA,12
1200,"synthetic","SPFDA",200,0.5,1,1,1,1,10,"sine","sqrt",100,NA,NA,NA,NA,NA,12
1201,"synthetic","SSANOVA",20,0.5,1,1,1,1,10,"sine","sqrt",1,NA,NA,NA,NA,NA,NA
1202,"synthetic","SSANOVA",20,0.5,1,1,1,1,10,"sine","sqrt",2,NA,NA,NA,NA,NA,NA
1203,"synthetic","SSANOVA",20,0.5,1,1,1,1,10,"sine","sqrt",3,NA,NA,NA,NA,NA,NA
1204,"synthetic","SSANOVA",20,0.5,1,1,1,1,10,"sine","sqrt",4,NA,NA,NA,NA,NA,NA
1205,"synthetic","SSANOVA",20,0.5,1,1,1,1,10,"sine","sqrt",5,NA,NA,NA,NA,NA,NA
1206,"synthetic","SSANOVA",20,0.5,1,1,1,1,10,"sine","sqrt",6,NA,NA,NA,NA,NA,NA
1207,"synthetic","SSANOVA",20,0.5,1,1,1,1,10,"sine","sqrt",7,NA,NA,NA,NA,NA,NA
1208,"synthetic","SSANOVA",20,0.5,1,1,1,1,10,"sine","sqrt",8,NA,NA,NA,NA,NA,NA
1209,"synthetic","SSANOVA",20,0.5,1,1,1,1,10,"sine","sqrt",9,NA,NA,NA,NA,NA,NA
1210,"synthetic","SSANOVA",20,0.5,1,1,1,1,10,"sine","sqrt",10,NA,NA,NA,NA,NA,NA
1211,"synthetic","SSANOVA",20,0.5,1,1,1,1,10,"sine","sqrt",11,NA,NA,NA,NA,NA,NA
1212,"synthetic","SSANOVA",20,0.5,1,1,1,1,10,"sine","sqrt",12,NA,NA,NA,NA,NA,NA
1213,"synthetic","SSANOVA",20,0.5,1,1,1,1,10,"sine","sqrt",13,NA,NA,NA,NA,NA,NA
1214,"synthetic","SSANOVA",20,0.5,1,1,1,1,10,"sine","sqrt",14,NA,NA,NA,NA,NA,NA
1215,"synthetic","SSANOVA",20,0.5,1,1,1,1,10,"sine","sqrt",15,NA,NA,NA,NA,NA,NA
1216,"synthetic","SSANOVA",20,0.5,1,1,1,1,10,"sine","sqrt",16,NA,NA,NA,NA,NA,NA
1217,"synthetic","SSANOVA",20,0.5,1,1,1,1,10,"sine","sqrt",17,NA,NA,NA,NA,NA,NA
1218,"synthetic","SSANOVA",20,0.5,1,1,1,1,10,"sine","sqrt",18,NA,NA,NA,NA,NA,NA
1219,"synthetic","SSANOVA",20,0.5,1,1,1,1,10,"sine","sqrt",19,NA,NA,NA,NA,NA,NA
1220,"synthetic","SSANOVA",20,0.5,1,1,1,1,10,"sine","sqrt",20,NA,NA,NA,NA,NA,NA
1221,"synthetic","SSANOVA",20,0.5,1,1,1,1,10,"sine","sqrt",21,NA,NA,NA,NA,NA,NA
1222,"synthetic","SSANOVA",20,0.5,1,1,1,1,10,"sine","sqrt",22,NA,NA,NA,NA,NA,NA
1223,"synthetic","SSANOVA",20,0.5,1,1,1,1,10,"sine","sqrt",23,NA,NA,NA,NA,NA,NA
1224,"synthetic","SSANOVA",20,0.5,1,1,1,1,10,"sine","sqrt",24,NA,NA,NA,NA,NA,NA
1225,"synthetic","SSANOVA",20,0.5,1,1,1,1,10,"sine","sqrt",25,NA,NA,NA,NA,NA,NA
1226,"synthetic","SSANOVA",20,0.5,1,1,1,1,10,"sine","sqrt",26,NA,NA,NA,NA,NA,NA
1227,"synthetic","SSANOVA",20,0.5,1,1,1,1,10,"sine","sqrt",27,NA,NA,NA,NA,NA,NA
1228,"synthetic","SSANOVA",20,0.5,1,1,1,1,10,"sine","sqrt",28,NA,NA,NA,NA,NA,NA
1229,"synthetic","SSANOVA",20,0.5,1,1,1,1,10,"sine","sqrt",29,NA,NA,NA,NA,NA,NA
1230,"synthetic","SSANOVA",20,0.5,1,1,1,1,10,"sine","sqrt",30,NA,NA,NA,NA,NA,NA
1231,"synthetic","SSANOVA",20,0.5,1,1,1,1,10,"sine","sqrt",31,NA,NA,NA,NA,NA,NA
1232,"synthetic","SSANOVA",20,0.5,1,1,1,1,10,"sine","sqrt",32,NA,NA,NA,NA,NA,NA
1233,"synthetic","SSANOVA",20,0.5,1,1,1,1,10,"sine","sqrt",33,NA,NA,NA,NA,NA,NA
1234,"synthetic","SSANOVA",20,0.5,1,1,1,1,10,"sine","sqrt",34,NA,NA,NA,NA,NA,NA
1235,"synthetic","SSANOVA",20,0.5,1,1,1,1,10,"sine","sqrt",35,NA,NA,NA,NA,NA,NA
1236,"synthetic","SSANOVA",20,0.5,1,1,1,1,10,"sine","sqrt",36,NA,NA,NA,NA,NA,NA
1237,"synthetic","SSANOVA",20,0.5,1,1,1,1,10,"sine","sqrt",37,NA,NA,NA,NA,NA,NA
1238,"synthetic","SSANOVA",20,0.5,1,1,1,1,10,"sine","sqrt",38,NA,NA,NA,NA,NA,NA
1239,"synthetic","SSANOVA",20,0.5,1,1,1,1,10,"sine","sqrt",39,NA,NA,NA,NA,NA,NA
1240,"synthetic","SSANOVA",20,0.5,1,1,1,1,10,"sine","sqrt",40,NA,NA,NA,NA,NA,NA
1241,"synthetic","SSANOVA",20,0.5,1,1,1,1,10,"sine","sqrt",41,NA,NA,NA,NA,NA,NA
1242,"synthetic","SSANOVA",20,0.5,1,1,1,1,10,"sine","sqrt",42,NA,NA,NA,NA,NA,NA
1243,"synthetic","SSANOVA",20,0.5,1,1,1,1,10,"sine","sqrt",43,NA,NA,NA,NA,NA,NA
1244,"synthetic","SSANOVA",20,0.5,1,1,1,1,10,"sine","sqrt",44,NA,NA,NA,NA,NA,NA
1245,"synthetic","SSANOVA",20,0.5,1,1,1,1,10,"sine","sqrt",45,NA,NA,NA,NA,NA,NA
1246,"synthetic","SSANOVA",20,0.5,1,1,1,1,10,"sine","sqrt",46,NA,NA,NA,NA,NA,NA
1247,"synthetic","SSANOVA",20,0.5,1,1,1,1,10,"sine","sqrt",47,NA,NA,NA,NA,NA,NA
1248,"synthetic","SSANOVA",20,0.5,1,1,1,1,10,"sine","sqrt",48,NA,NA,NA,NA,NA,NA
1249,"synthetic","SSANOVA",20,0.5,1,1,1,1,10,"sine","sqrt",49,NA,NA,NA,NA,NA,NA
1250,"synthetic","SSANOVA",20,0.5,1,1,1,1,10,"sine","sqrt",50,NA,NA,NA,NA,NA,NA
1251,"synthetic","SSANOVA",20,0.5,1,1,1,1,10,"sine","sqrt",51,NA,NA,NA,NA,NA,NA
1252,"synthetic","SSANOVA",20,0.5,1,1,1,1,10,"sine","sqrt",52,NA,NA,NA,NA,NA,NA
1253,"synthetic","SSANOVA",20,0.5,1,1,1,1,10,"sine","sqrt",53,NA,NA,NA,NA,NA,NA
1254,"synthetic","SSANOVA",20,0.5,1,1,1,1,10,"sine","sqrt",54,NA,NA,NA,NA,NA,NA
1255,"synthetic","SSANOVA",20,0.5,1,1,1,1,10,"sine","sqrt",55,NA,NA,NA,NA,NA,NA
1256,"synthetic","SSANOVA",20,0.5,1,1,1,1,10,"sine","sqrt",56,NA,NA,NA,NA,NA,NA
1257,"synthetic","SSANOVA",20,0.5,1,1,1,1,10,"sine","sqrt",57,NA,NA,NA,NA,NA,NA
1258,"synthetic","SSANOVA",20,0.5,1,1,1,1,10,"sine","sqrt",58,NA,NA,NA,NA,NA,NA
1259,"synthetic","SSANOVA",20,0.5,1,1,1,1,10,"sine","sqrt",59,NA,NA,NA,NA,NA,NA
1260,"synthetic","SSANOVA",20,0.5,1,1,1,1,10,"sine","sqrt",60,NA,NA,NA,NA,NA,NA
1261,"synthetic","SSANOVA",20,0.5,1,1,1,1,10,"sine","sqrt",61,NA,NA,NA,NA,NA,NA
1262,"synthetic","SSANOVA",20,0.5,1,1,1,1,10,"sine","sqrt",62,NA,NA,NA,NA,NA,NA
1263,"synthetic","SSANOVA",20,0.5,1,1,1,1,10,"sine","sqrt",63,NA,NA,NA,NA,NA,NA
1264,"synthetic","SSANOVA",20,0.5,1,1,1,1,10,"sine","sqrt",64,NA,NA,NA,NA,NA,NA
1265,"synthetic","SSANOVA",20,0.5,1,1,1,1,10,"sine","sqrt",65,NA,NA,NA,NA,NA,NA
1266,"synthetic","SSANOVA",20,0.5,1,1,1,1,10,"sine","sqrt",66,NA,NA,NA,NA,NA,NA
1267,"synthetic","SSANOVA",20,0.5,1,1,1,1,10,"sine","sqrt",67,NA,NA,NA,NA,NA,NA
1268,"synthetic","SSANOVA",20,0.5,1,1,1,1,10,"sine","sqrt",68,NA,NA,NA,NA,NA,NA
1269,"synthetic","SSANOVA",20,0.5,1,1,1,1,10,"sine","sqrt",69,NA,NA,NA,NA,NA,NA
1270,"synthetic","SSANOVA",20,0.5,1,1,1,1,10,"sine","sqrt",70,NA,NA,NA,NA,NA,NA
1271,"synthetic","SSANOVA",20,0.5,1,1,1,1,10,"sine","sqrt",71,NA,NA,NA,NA,NA,NA
1272,"synthetic","SSANOVA",20,0.5,1,1,1,1,10,"sine","sqrt",72,NA,NA,NA,NA,NA,NA
1273,"synthetic","SSANOVA",20,0.5,1,1,1,1,10,"sine","sqrt",73,NA,NA,NA,NA,NA,NA
1274,"synthetic","SSANOVA",20,0.5,1,1,1,1,10,"sine","sqrt",74,NA,NA,NA,NA,NA,NA
1275,"synthetic","SSANOVA",20,0.5,1,1,1,1,10,"sine","sqrt",75,NA,NA,NA,NA,NA,NA
1276,"synthetic","SSANOVA",20,0.5,1,1,1,1,10,"sine","sqrt",76,NA,NA,NA,NA,NA,NA
1277,"synthetic","SSANOVA",20,0.5,1,1,1,1,10,"sine","sqrt",77,NA,NA,NA,NA,NA,NA
1278,"synthetic","SSANOVA",20,0.5,1,1,1,1,10,"sine","sqrt",78,NA,NA,NA,NA,NA,NA
1279,"synthetic","SSANOVA",20,0.5,1,1,1,1,10,"sine","sqrt",79,NA,NA,NA,NA,NA,NA
1280,"synthetic","SSANOVA",20,0.5,1,1,1,1,10,"sine","sqrt",80,NA,NA,NA,NA,NA,NA
1281,"synthetic","SSANOVA",20,0.5,1,1,1,1,10,"sine","sqrt",81,NA,NA,NA,NA,NA,NA
1282,"synthetic","SSANOVA",20,0.5,1,1,1,1,10,"sine","sqrt",82,NA,NA,NA,NA,NA,NA
1283,"synthetic","SSANOVA",20,0.5,1,1,1,1,10,"sine","sqrt",83,NA,NA,NA,NA,NA,NA
1284,"synthetic","SSANOVA",20,0.5,1,1,1,1,10,"sine","sqrt",84,NA,NA,NA,NA,NA,NA
1285,"synthetic","SSANOVA",20,0.5,1,1,1,1,10,"sine","sqrt",85,NA,NA,NA,NA,NA,NA
1286,"synthetic","SSANOVA",20,0.5,1,1,1,1,10,"sine","sqrt",86,NA,NA,NA,NA,NA,NA
1287,"synthetic","SSANOVA",20,0.5,1,1,1,1,10,"sine","sqrt",87,NA,NA,NA,NA,NA,NA
1288,"synthetic","SSANOVA",20,0.5,1,1,1,1,10,"sine","sqrt",88,NA,NA,NA,NA,NA,NA
1289,"synthetic","SSANOVA",20,0.5,1,1,1,1,10,"sine","sqrt",89,NA,NA,NA,NA,NA,NA
1290,"synthetic","SSANOVA",20,0.5,1,1,1,1,10,"sine","sqrt",90,NA,NA,NA,NA,NA,NA
1291,"synthetic","SSANOVA",20,0.5,1,1,1,1,10,"sine","sqrt",91,NA,NA,NA,NA,NA,NA
1292,"synthetic","SSANOVA",20,0.5,1,1,1,1,10,"sine","sqrt",92,NA,NA,NA,NA,NA,NA
1293,"synthetic","SSANOVA",20,0.5,1,1,1,1,10,"sine","sqrt",93,NA,NA,NA,NA,NA,NA
1294,"synthetic","SSANOVA",20,0.5,1,1,1,1,10,"sine","sqrt",94,NA,NA,NA,NA,NA,NA
1295,"synthetic","SSANOVA",20,0.5,1,1,1,1,10,"sine","sqrt",95,NA,NA,NA,NA,NA,NA
1296,"synthetic","SSANOVA",20,0.5,1,1,1,1,10,"sine","sqrt",96,NA,NA,NA,NA,NA,NA
1297,"synthetic","SSANOVA",20,0.5,1,1,1,1,10,"sine","sqrt",97,NA,NA,NA,NA,NA,NA
1298,"synthetic","SSANOVA",20,0.5,1,1,1,1,10,"sine","sqrt",98,NA,NA,NA,NA,NA,NA
1299,"synthetic","SSANOVA",20,0.5,1,1,1,1,10,"sine","sqrt",99,NA,NA,NA,NA,NA,NA
1300,"synthetic","SSANOVA",20,0.5,1,1,1,1,10,"sine","sqrt",100,NA,NA,NA,NA,NA,NA
1301,"synthetic","SSANOVA",30,0.5,1,1,1,1,10,"sine","sqrt",1,NA,NA,NA,NA,NA,NA
1302,"synthetic","SSANOVA",30,0.5,1,1,1,1,10,"sine","sqrt",2,NA,NA,NA,NA,NA,NA
1303,"synthetic","SSANOVA",30,0.5,1,1,1,1,10,"sine","sqrt",3,NA,NA,NA,NA,NA,NA
1304,"synthetic","SSANOVA",30,0.5,1,1,1,1,10,"sine","sqrt",4,NA,NA,NA,NA,NA,NA
1305,"synthetic","SSANOVA",30,0.5,1,1,1,1,10,"sine","sqrt",5,NA,NA,NA,NA,NA,NA
1306,"synthetic","SSANOVA",30,0.5,1,1,1,1,10,"sine","sqrt",6,NA,NA,NA,NA,NA,NA
1307,"synthetic","SSANOVA",30,0.5,1,1,1,1,10,"sine","sqrt",7,NA,NA,NA,NA,NA,NA
1308,"synthetic","SSANOVA",30,0.5,1,1,1,1,10,"sine","sqrt",8,NA,NA,NA,NA,NA,NA
1309,"synthetic","SSANOVA",30,0.5,1,1,1,1,10,"sine","sqrt",9,NA,NA,NA,NA,NA,NA
1310,"synthetic","SSANOVA",30,0.5,1,1,1,1,10,"sine","sqrt",10,NA,NA,NA,NA,NA,NA
1311,"synthetic","SSANOVA",30,0.5,1,1,1,1,10,"sine","sqrt",11,NA,NA,NA,NA,NA,NA
1312,"synthetic","SSANOVA",30,0.5,1,1,1,1,10,"sine","sqrt",12,NA,NA,NA,NA,NA,NA
1313,"synthetic","SSANOVA",30,0.5,1,1,1,1,10,"sine","sqrt",13,NA,NA,NA,NA,NA,NA
1314,"synthetic","SSANOVA",30,0.5,1,1,1,1,10,"sine","sqrt",14,NA,NA,NA,NA,NA,NA
1315,"synthetic","SSANOVA",30,0.5,1,1,1,1,10,"sine","sqrt",15,NA,NA,NA,NA,NA,NA
1316,"synthetic","SSANOVA",30,0.5,1,1,1,1,10,"sine","sqrt",16,NA,NA,NA,NA,NA,NA
1317,"synthetic","SSANOVA",30,0.5,1,1,1,1,10,"sine","sqrt",17,NA,NA,NA,NA,NA,NA
1318,"synthetic","SSANOVA",30,0.5,1,1,1,1,10,"sine","sqrt",18,NA,NA,NA,NA,NA,NA
1319,"synthetic","SSANOVA",30,0.5,1,1,1,1,10,"sine","sqrt",19,NA,NA,NA,NA,NA,NA
1320,"synthetic","SSANOVA",30,0.5,1,1,1,1,10,"sine","sqrt",20,NA,NA,NA,NA,NA,NA
1321,"synthetic","SSANOVA",30,0.5,1,1,1,1,10,"sine","sqrt",21,NA,NA,NA,NA,NA,NA
1322,"synthetic","SSANOVA",30,0.5,1,1,1,1,10,"sine","sqrt",22,NA,NA,NA,NA,NA,NA
1323,"synthetic","SSANOVA",30,0.5,1,1,1,1,10,"sine","sqrt",23,NA,NA,NA,NA,NA,NA
1324,"synthetic","SSANOVA",30,0.5,1,1,1,1,10,"sine","sqrt",24,NA,NA,NA,NA,NA,NA
1325,"synthetic","SSANOVA",30,0.5,1,1,1,1,10,"sine","sqrt",25,NA,NA,NA,NA,NA,NA
1326,"synthetic","SSANOVA",30,0.5,1,1,1,1,10,"sine","sqrt",26,NA,NA,NA,NA,NA,NA
1327,"synthetic","SSANOVA",30,0.5,1,1,1,1,10,"sine","sqrt",27,NA,NA,NA,NA,NA,NA
1328,"synthetic","SSANOVA",30,0.5,1,1,1,1,10,"sine","sqrt",28,NA,NA,NA,NA,NA,NA
1329,"synthetic","SSANOVA",30,0.5,1,1,1,1,10,"sine","sqrt",29,NA,NA,NA,NA,NA,NA
1330,"synthetic","SSANOVA",30,0.5,1,1,1,1,10,"sine","sqrt",30,NA,NA,NA,NA,NA,NA
1331,"synthetic","SSANOVA",30,0.5,1,1,1,1,10,"sine","sqrt",31,NA,NA,NA,NA,NA,NA
1332,"synthetic","SSANOVA",30,0.5,1,1,1,1,10,"sine","sqrt",32,NA,NA,NA,NA,NA,NA
1333,"synthetic","SSANOVA",30,0.5,1,1,1,1,10,"sine","sqrt",33,NA,NA,NA,NA,NA,NA
1334,"synthetic","SSANOVA",30,0.5,1,1,1,1,10,"sine","sqrt",34,NA,NA,NA,NA,NA,NA
1335,"synthetic","SSANOVA",30,0.5,1,1,1,1,10,"sine","sqrt",35,NA,NA,NA,NA,NA,NA
1336,"synthetic","SSANOVA",30,0.5,1,1,1,1,10,"sine","sqrt",36,NA,NA,NA,NA,NA,NA
1337,"synthetic","SSANOVA",30,0.5,1,1,1,1,10,"sine","sqrt",37,NA,NA,NA,NA,NA,NA
1338,"synthetic","SSANOVA",30,0.5,1,1,1,1,10,"sine","sqrt",38,NA,NA,NA,NA,NA,NA
1339,"synthetic","SSANOVA",30,0.5,1,1,1,1,10,"sine","sqrt",39,NA,NA,NA,NA,NA,NA
1340,"synthetic","SSANOVA",30,0.5,1,1,1,1,10,"sine","sqrt",40,NA,NA,NA,NA,NA,NA
1341,"synthetic","SSANOVA",30,0.5,1,1,1,1,10,"sine","sqrt",41,NA,NA,NA,NA,NA,NA
1342,"synthetic","SSANOVA",30,0.5,1,1,1,1,10,"sine","sqrt",42,NA,NA,NA,NA,NA,NA
1343,"synthetic","SSANOVA",30,0.5,1,1,1,1,10,"sine","sqrt",43,NA,NA,NA,NA,NA,NA
1344,"synthetic","SSANOVA",30,0.5,1,1,1,1,10,"sine","sqrt",44,NA,NA,NA,NA,NA,NA
1345,"synthetic","SSANOVA",30,0.5,1,1,1,1,10,"sine","sqrt",45,NA,NA,NA,NA,NA,NA
1346,"synthetic","SSANOVA",30,0.5,1,1,1,1,10,"sine","sqrt",46,NA,NA,NA,NA,NA,NA
1347,"synthetic","SSANOVA",30,0.5,1,1,1,1,10,"sine","sqrt",47,NA,NA,NA,NA,NA,NA
1348,"synthetic","SSANOVA",30,0.5,1,1,1,1,10,"sine","sqrt",48,NA,NA,NA,NA,NA,NA
1349,"synthetic","SSANOVA",30,0.5,1,1,1,1,10,"sine","sqrt",49,NA,NA,NA,NA,NA,NA
1350,"synthetic","SSANOVA",30,0.5,1,1,1,1,10,"sine","sqrt",50,NA,NA,NA,NA,NA,NA
1351,"synthetic","SSANOVA",30,0.5,1,1,1,1,10,"sine","sqrt",51,NA,NA,NA,NA,NA,NA
1352,"synthetic","SSANOVA",30,0.5,1,1,1,1,10,"sine","sqrt",52,NA,NA,NA,NA,NA,NA
1353,"synthetic","SSANOVA",30,0.5,1,1,1,1,10,"sine","sqrt",53,NA,NA,NA,NA,NA,NA
1354,"synthetic","SSANOVA",30,0.5,1,1,1,1,10,"sine","sqrt",54,NA,NA,NA,NA,NA,NA
1355,"synthetic","SSANOVA",30,0.5,1,1,1,1,10,"sine","sqrt",55,NA,NA,NA,NA,NA,NA
1356,"synthetic","SSANOVA",30,0.5,1,1,1,1,10,"sine","sqrt",56,NA,NA,NA,NA,NA,NA
1357,"synthetic","SSANOVA",30,0.5,1,1,1,1,10,"sine","sqrt",57,NA,NA,NA,NA,NA,NA
1358,"synthetic","SSANOVA",30,0.5,1,1,1,1,10,"sine","sqrt",58,NA,NA,NA,NA,NA,NA
1359,"synthetic","SSANOVA",30,0.5,1,1,1,1,10,"sine","sqrt",59,NA,NA,NA,NA,NA,NA
1360,"synthetic","SSANOVA",30,0.5,1,1,1,1,10,"sine","sqrt",60,NA,NA,NA,NA,NA,NA
1361,"synthetic","SSANOVA",30,0.5,1,1,1,1,10,"sine","sqrt",61,NA,NA,NA,NA,NA,NA
1362,"synthetic","SSANOVA",30,0.5,1,1,1,1,10,"sine","sqrt",62,NA,NA,NA,NA,NA,NA
1363,"synthetic","SSANOVA",30,0.5,1,1,1,1,10,"sine","sqrt",63,NA,NA,NA,NA,NA,NA
1364,"synthetic","SSANOVA",30,0.5,1,1,1,1,10,"sine","sqrt",64,NA,NA,NA,NA,NA,NA
1365,"synthetic","SSANOVA",30,0.5,1,1,1,1,10,"sine","sqrt",65,NA,NA,NA,NA,NA,NA
1366,"synthetic","SSANOVA",30,0.5,1,1,1,1,10,"sine","sqrt",66,NA,NA,NA,NA,NA,NA
1367,"synthetic","SSANOVA",30,0.5,1,1,1,1,10,"sine","sqrt",67,NA,NA,NA,NA,NA,NA
1368,"synthetic","SSANOVA",30,0.5,1,1,1,1,10,"sine","sqrt",68,NA,NA,NA,NA,NA,NA
1369,"synthetic","SSANOVA",30,0.5,1,1,1,1,10,"sine","sqrt",69,NA,NA,NA,NA,NA,NA
1370,"synthetic","SSANOVA",30,0.5,1,1,1,1,10,"sine","sqrt",70,NA,NA,NA,NA,NA,NA
1371,"synthetic","SSANOVA",30,0.5,1,1,1,1,10,"sine","sqrt",71,NA,NA,NA,NA,NA,NA
1372,"synthetic","SSANOVA",30,0.5,1,1,1,1,10,"sine","sqrt",72,NA,NA,NA,NA,NA,NA
1373,"synthetic","SSANOVA",30,0.5,1,1,1,1,10,"sine","sqrt",73,NA,NA,NA,NA,NA,NA
1374,"synthetic","SSANOVA",30,0.5,1,1,1,1,10,"sine","sqrt",74,NA,NA,NA,NA,NA,NA
1375,"synthetic","SSANOVA",30,0.5,1,1,1,1,10,"sine","sqrt",75,NA,NA,NA,NA,NA,NA
1376,"synthetic","SSANOVA",30,0.5,1,1,1,1,10,"sine","sqrt",76,NA,NA,NA,NA,NA,NA
1377,"synthetic","SSANOVA",30,0.5,1,1,1,1,10,"sine","sqrt",77,NA,NA,NA,NA,NA,NA
1378,"synthetic","SSANOVA",30,0.5,1,1,1,1,10,"sine","sqrt",78,NA,NA,NA,NA,NA,NA
1379,"synthetic","SSANOVA",30,0.5,1,1,1,1,10,"sine","sqrt",79,NA,NA,NA,NA,NA,NA
1380,"synthetic","SSANOVA",30,0.5,1,1,1,1,10,"sine","sqrt",80,NA,NA,NA,NA,NA,NA
1381,"synthetic","SSANOVA",30,0.5,1,1,1,1,10,"sine","sqrt",81,NA,NA,NA,NA,NA,NA
1382,"synthetic","SSANOVA",30,0.5,1,1,1,1,10,"sine","sqrt",82,NA,NA,NA,NA,NA,NA
1383,"synthetic","SSANOVA",30,0.5,1,1,1,1,10,"sine","sqrt",83,NA,NA,NA,NA,NA,NA
1384,"synthetic","SSANOVA",30,0.5,1,1,1,1,10,"sine","sqrt",84,NA,NA,NA,NA,NA,NA
1385,"synthetic","SSANOVA",30,0.5,1,1,1,1,10,"sine","sqrt",85,NA,NA,NA,NA,NA,NA
1386,"synthetic","SSANOVA",30,0.5,1,1,1,1,10,"sine","sqrt",86,NA,NA,NA,NA,NA,NA
1387,"synthetic","SSANOVA",30,0.5,1,1,1,1,10,"sine","sqrt",87,NA,NA,NA,NA,NA,NA
1388,"synthetic","SSANOVA",30,0.5,1,1,1,1,10,"sine","sqrt",88,NA,NA,NA,NA,NA,NA
1389,"synthetic","SSANOVA",30,0.5,1,1,1,1,10,"sine","sqrt",89,NA,NA,NA,NA,NA,NA
1390,"synthetic","SSANOVA",30,0.5,1,1,1,1,10,"sine","sqrt",90,NA,NA,NA,NA,NA,NA
1391,"synthetic","SSANOVA",30,0.5,1,1,1,1,10,"sine","sqrt",91,NA,NA,NA,NA,NA,NA
1392,"synthetic","SSANOVA",30,0.5,1,1,1,1,10,"sine","sqrt",92,NA,NA,NA,NA,NA,NA
1393,"synthetic","SSANOVA",30,0.5,1,1,1,1,10,"sine","sqrt",93,NA,NA,NA,NA,NA,NA
1394,"synthetic","SSANOVA",30,0.5,1,1,1,1,10,"sine","sqrt",94,NA,NA,NA,NA,NA,NA
1395,"synthetic","SSANOVA",30,0.5,1,1,1,1,10,"sine","sqrt",95,NA,NA,NA,NA,NA,NA
1396,"synthetic","SSANOVA",30,0.5,1,1,1,1,10,"sine","sqrt",96,NA,NA,NA,NA,NA,NA
1397,"synthetic","SSANOVA",30,0.5,1,1,1,1,10,"sine","sqrt",97,NA,NA,NA,NA,NA,NA
1398,"synthetic","SSANOVA",30,0.5,1,1,1,1,10,"sine","sqrt",98,NA,NA,NA,NA,NA,NA
1399,"synthetic","SSANOVA",30,0.5,1,1,1,1,10,"sine","sqrt",99,NA,NA,NA,NA,NA,NA
1400,"synthetic","SSANOVA",30,0.5,1,1,1,1,10,"sine","sqrt",100,NA,NA,NA,NA,NA,NA
1401,"synthetic","SSANOVA",50,0.5,1,1,1,1,10,"sine","sqrt",1,NA,NA,NA,NA,NA,NA
1402,"synthetic","SSANOVA",50,0.5,1,1,1,1,10,"sine","sqrt",2,NA,NA,NA,NA,NA,NA
1403,"synthetic","SSANOVA",50,0.5,1,1,1,1,10,"sine","sqrt",3,NA,NA,NA,NA,NA,NA
1404,"synthetic","SSANOVA",50,0.5,1,1,1,1,10,"sine","sqrt",4,NA,NA,NA,NA,NA,NA
1405,"synthetic","SSANOVA",50,0.5,1,1,1,1,10,"sine","sqrt",5,NA,NA,NA,NA,NA,NA
1406,"synthetic","SSANOVA",50,0.5,1,1,1,1,10,"sine","sqrt",6,NA,NA,NA,NA,NA,NA
1407,"synthetic","SSANOVA",50,0.5,1,1,1,1,10,"sine","sqrt",7,NA,NA,NA,NA,NA,NA
1408,"synthetic","SSANOVA",50,0.5,1,1,1,1,10,"sine","sqrt",8,NA,NA,NA,NA,NA,NA
1409,"synthetic","SSANOVA",50,0.5,1,1,1,1,10,"sine","sqrt",9,NA,NA,NA,NA,NA,NA
1410,"synthetic","SSANOVA",50,0.5,1,1,1,1,10,"sine","sqrt",10,NA,NA,NA,NA,NA,NA
1411,"synthetic","SSANOVA",50,0.5,1,1,1,1,10,"sine","sqrt",11,NA,NA,NA,NA,NA,NA
1412,"synthetic","SSANOVA",50,0.5,1,1,1,1,10,"sine","sqrt",12,NA,NA,NA,NA,NA,NA
1413,"synthetic","SSANOVA",50,0.5,1,1,1,1,10,"sine","sqrt",13,NA,NA,NA,NA,NA,NA
1414,"synthetic","SSANOVA",50,0.5,1,1,1,1,10,"sine","sqrt",14,NA,NA,NA,NA,NA,NA
1415,"synthetic","SSANOVA",50,0.5,1,1,1,1,10,"sine","sqrt",15,NA,NA,NA,NA,NA,NA
1416,"synthetic","SSANOVA",50,0.5,1,1,1,1,10,"sine","sqrt",16,NA,NA,NA,NA,NA,NA
1417,"synthetic","SSANOVA",50,0.5,1,1,1,1,10,"sine","sqrt",17,NA,NA,NA,NA,NA,NA
1418,"synthetic","SSANOVA",50,0.5,1,1,1,1,10,"sine","sqrt",18,NA,NA,NA,NA,NA,NA
1419,"synthetic","SSANOVA",50,0.5,1,1,1,1,10,"sine","sqrt",19,NA,NA,NA,NA,NA,NA
1420,"synthetic","SSANOVA",50,0.5,1,1,1,1,10,"sine","sqrt",20,NA,NA,NA,NA,NA,NA
1421,"synthetic","SSANOVA",50,0.5,1,1,1,1,10,"sine","sqrt",21,NA,NA,NA,NA,NA,NA
1422,"synthetic","SSANOVA",50,0.5,1,1,1,1,10,"sine","sqrt",22,NA,NA,NA,NA,NA,NA
1423,"synthetic","SSANOVA",50,0.5,1,1,1,1,10,"sine","sqrt",23,NA,NA,NA,NA,NA,NA
1424,"synthetic","SSANOVA",50,0.5,1,1,1,1,10,"sine","sqrt",24,NA,NA,NA,NA,NA,NA
1425,"synthetic","SSANOVA",50,0.5,1,1,1,1,10,"sine","sqrt",25,NA,NA,NA,NA,NA,NA
1426,"synthetic","SSANOVA",50,0.5,1,1,1,1,10,"sine","sqrt",26,NA,NA,NA,NA,NA,NA
1427,"synthetic","SSANOVA",50,0.5,1,1,1,1,10,"sine","sqrt",27,NA,NA,NA,NA,NA,NA
1428,"synthetic","SSANOVA",50,0.5,1,1,1,1,10,"sine","sqrt",28,NA,NA,NA,NA,NA,NA
1429,"synthetic","SSANOVA",50,0.5,1,1,1,1,10,"sine","sqrt",29,NA,NA,NA,NA,NA,NA
1430,"synthetic","SSANOVA",50,0.5,1,1,1,1,10,"sine","sqrt",30,NA,NA,NA,NA,NA,NA
1431,"synthetic","SSANOVA",50,0.5,1,1,1,1,10,"sine","sqrt",31,NA,NA,NA,NA,NA,NA
1432,"synthetic","SSANOVA",50,0.5,1,1,1,1,10,"sine","sqrt",32,NA,NA,NA,NA,NA,NA
1433,"synthetic","SSANOVA",50,0.5,1,1,1,1,10,"sine","sqrt",33,NA,NA,NA,NA,NA,NA
1434,"synthetic","SSANOVA",50,0.5,1,1,1,1,10,"sine","sqrt",34,NA,NA,NA,NA,NA,NA
1435,"synthetic","SSANOVA",50,0.5,1,1,1,1,10,"sine","sqrt",35,NA,NA,NA,NA,NA,NA
1436,"synthetic","SSANOVA",50,0.5,1,1,1,1,10,"sine","sqrt",36,NA,NA,NA,NA,NA,NA
1437,"synthetic","SSANOVA",50,0.5,1,1,1,1,10,"sine","sqrt",37,NA,NA,NA,NA,NA,NA
1438,"synthetic","SSANOVA",50,0.5,1,1,1,1,10,"sine","sqrt",38,NA,NA,NA,NA,NA,NA
1439,"synthetic","SSANOVA",50,0.5,1,1,1,1,10,"sine","sqrt",39,NA,NA,NA,NA,NA,NA
1440,"synthetic","SSANOVA",50,0.5,1,1,1,1,10,"sine","sqrt",40,NA,NA,NA,NA,NA,NA
1441,"synthetic","SSANOVA",50,0.5,1,1,1,1,10,"sine","sqrt",41,NA,NA,NA,NA,NA,NA
1442,"synthetic","SSANOVA",50,0.5,1,1,1,1,10,"sine","sqrt",42,NA,NA,NA,NA,NA,NA
1443,"synthetic","SSANOVA",50,0.5,1,1,1,1,10,"sine","sqrt",43,NA,NA,NA,NA,NA,NA
1444,"synthetic","SSANOVA",50,0.5,1,1,1,1,10,"sine","sqrt",44,NA,NA,NA,NA,NA,NA
1445,"synthetic","SSANOVA",50,0.5,1,1,1,1,10,"sine","sqrt",45,NA,NA,NA,NA,NA,NA
1446,"synthetic","SSANOVA",50,0.5,1,1,1,1,10,"sine","sqrt",46,NA,NA,NA,NA,NA,NA
1447,"synthetic","SSANOVA",50,0.5,1,1,1,1,10,"sine","sqrt",47,NA,NA,NA,NA,NA,NA
1448,"synthetic","SSANOVA",50,0.5,1,1,1,1,10,"sine","sqrt",48,NA,NA,NA,NA,NA,NA
1449,"synthetic","SSANOVA",50,0.5,1,1,1,1,10,"sine","sqrt",49,NA,NA,NA,NA,NA,NA
1450,"synthetic","SSANOVA",50,0.5,1,1,1,1,10,"sine","sqrt",50,NA,NA,NA,NA,NA,NA
1451,"synthetic","SSANOVA",50,0.5,1,1,1,1,10,"sine","sqrt",51,NA,NA,NA,NA,NA,NA
1452,"synthetic","SSANOVA",50,0.5,1,1,1,1,10,"sine","sqrt",52,NA,NA,NA,NA,NA,NA
1453,"synthetic","SSANOVA",50,0.5,1,1,1,1,10,"sine","sqrt",53,NA,NA,NA,NA,NA,NA
1454,"synthetic","SSANOVA",50,0.5,1,1,1,1,10,"sine","sqrt",54,NA,NA,NA,NA,NA,NA
1455,"synthetic","SSANOVA",50,0.5,1,1,1,1,10,"sine","sqrt",55,NA,NA,NA,NA,NA,NA
1456,"synthetic","SSANOVA",50,0.5,1,1,1,1,10,"sine","sqrt",56,NA,NA,NA,NA,NA,NA
1457,"synthetic","SSANOVA",50,0.5,1,1,1,1,10,"sine","sqrt",57,NA,NA,NA,NA,NA,NA
1458,"synthetic","SSANOVA",50,0.5,1,1,1,1,10,"sine","sqrt",58,NA,NA,NA,NA,NA,NA
1459,"synthetic","SSANOVA",50,0.5,1,1,1,1,10,"sine","sqrt",59,NA,NA,NA,NA,NA,NA
1460,"synthetic","SSANOVA",50,0.5,1,1,1,1,10,"sine","sqrt",60,NA,NA,NA,NA,NA,NA
1461,"synthetic","SSANOVA",50,0.5,1,1,1,1,10,"sine","sqrt",61,NA,NA,NA,NA,NA,NA
1462,"synthetic","SSANOVA",50,0.5,1,1,1,1,10,"sine","sqrt",62,NA,NA,NA,NA,NA,NA
1463,"synthetic","SSANOVA",50,0.5,1,1,1,1,10,"sine","sqrt",63,NA,NA,NA,NA,NA,NA
1464,"synthetic","SSANOVA",50,0.5,1,1,1,1,10,"sine","sqrt",64,NA,NA,NA,NA,NA,NA
1465,"synthetic","SSANOVA",50,0.5,1,1,1,1,10,"sine","sqrt",65,NA,NA,NA,NA,NA,NA
1466,"synthetic","SSANOVA",50,0.5,1,1,1,1,10,"sine","sqrt",66,NA,NA,NA,NA,NA,NA
1467,"synthetic","SSANOVA",50,0.5,1,1,1,1,10,"sine","sqrt",67,NA,NA,NA,NA,NA,NA
1468,"synthetic","SSANOVA",50,0.5,1,1,1,1,10,"sine","sqrt",68,NA,NA,NA,NA,NA,NA
1469,"synthetic","SSANOVA",50,0.5,1,1,1,1,10,"sine","sqrt",69,NA,NA,NA,NA,NA,NA
1470,"synthetic","SSANOVA",50,0.5,1,1,1,1,10,"sine","sqrt",70,NA,NA,NA,NA,NA,NA
1471,"synthetic","SSANOVA",50,0.5,1,1,1,1,10,"sine","sqrt",71,NA,NA,NA,NA,NA,NA
1472,"synthetic","SSANOVA",50,0.5,1,1,1,1,10,"sine","sqrt",72,NA,NA,NA,NA,NA,NA
1473,"synthetic","SSANOVA",50,0.5,1,1,1,1,10,"sine","sqrt",73,NA,NA,NA,NA,NA,NA
1474,"synthetic","SSANOVA",50,0.5,1,1,1,1,10,"sine","sqrt",74,NA,NA,NA,NA,NA,NA
1475,"synthetic","SSANOVA",50,0.5,1,1,1,1,10,"sine","sqrt",75,NA,NA,NA,NA,NA,NA
1476,"synthetic","SSANOVA",50,0.5,1,1,1,1,10,"sine","sqrt",76,NA,NA,NA,NA,NA,NA
1477,"synthetic","SSANOVA",50,0.5,1,1,1,1,10,"sine","sqrt",77,NA,NA,NA,NA,NA,NA
1478,"synthetic","SSANOVA",50,0.5,1,1,1,1,10,"sine","sqrt",78,NA,NA,NA,NA,NA,NA
1479,"synthetic","SSANOVA",50,0.5,1,1,1,1,10,"sine","sqrt",79,NA,NA,NA,NA,NA,NA
1480,"synthetic","SSANOVA",50,0.5,1,1,1,1,10,"sine","sqrt",80,NA,NA,NA,NA,NA,NA
1481,"synthetic","SSANOVA",50,0.5,1,1,1,1,10,"sine","sqrt",81,NA,NA,NA,NA,NA,NA
1482,"synthetic","SSANOVA",50,0.5,1,1,1,1,10,"sine","sqrt",82,NA,NA,NA,NA,NA,NA
1483,"synthetic","SSANOVA",50,0.5,1,1,1,1,10,"sine","sqrt",83,NA,NA,NA,NA,NA,NA
1484,"synthetic","SSANOVA",50,0.5,1,1,1,1,10,"sine","sqrt",84,NA,NA,NA,NA,NA,NA
1485,"synthetic","SSANOVA",50,0.5,1,1,1,1,10,"sine","sqrt",85,NA,NA,NA,NA,NA,NA
1486,"synthetic","SSANOVA",50,0.5,1,1,1,1,10,"sine","sqrt",86,NA,NA,NA,NA,NA,NA
1487,"synthetic","SSANOVA",50,0.5,1,1,1,1,10,"sine","sqrt",87,NA,NA,NA,NA,NA,NA
1488,"synthetic","SSANOVA",50,0.5,1,1,1,1,10,"sine","sqrt",88,NA,NA,NA,NA,NA,NA
1489,"synthetic","SSANOVA",50,0.5,1,1,1,1,10,"sine","sqrt",89,NA,NA,NA,NA,NA,NA
1490,"synthetic","SSANOVA",50,0.5,1,1,1,1,10,"sine","sqrt",90,NA,NA,NA,NA,NA,NA
1491,"synthetic","SSANOVA",50,0.5,1,1,1,1,10,"sine","sqrt",91,NA,NA,NA,NA,NA,NA
1492,"synthetic","SSANOVA",50,0.5,1,1,1,1,10,"sine","sqrt",92,NA,NA,NA,NA,NA,NA
1493,"synthetic","SSANOVA",50,0.5,1,1,1,1,10,"sine","sqrt",93,NA,NA,NA,NA,NA,NA
1494,"synthetic","SSANOVA",50,0.5,1,1,1,1,10,"sine","sqrt",94,NA,NA,NA,NA,NA,NA
1495,"synthetic","SSANOVA",50,0.5,1,1,1,1,10,"sine","sqrt",95,NA,NA,NA,NA,NA,NA
1496,"synthetic","SSANOVA",50,0.5,1,1,1,1,10,"sine","sqrt",96,NA,NA,NA,NA,NA,NA
1497,"synthetic","SSANOVA",50,0.5,1,1,1,1,10,"sine","sqrt",97,NA,NA,NA,NA,NA,NA
1498,"synthetic","SSANOVA",50,0.5,1,1,1,1,10,"sine","sqrt",98,NA,NA,NA,NA,NA,NA
1499,"synthetic","SSANOVA",50,0.5,1,1,1,1,10,"sine","sqrt",99,NA,NA,NA,NA,NA,NA
1500,"synthetic","SSANOVA",50,0.5,1,1,1,1,10,"sine","sqrt",100,NA,NA,NA,NA,NA,NA
1501,"synthetic","SSANOVA",100,0.5,1,1,1,1,10,"sine","sqrt",1,NA,NA,NA,NA,NA,NA
1502,"synthetic","SSANOVA",100,0.5,1,1,1,1,10,"sine","sqrt",2,NA,NA,NA,NA,NA,NA
1503,"synthetic","SSANOVA",100,0.5,1,1,1,1,10,"sine","sqrt",3,NA,NA,NA,NA,NA,NA
1504,"synthetic","SSANOVA",100,0.5,1,1,1,1,10,"sine","sqrt",4,NA,NA,NA,NA,NA,NA
1505,"synthetic","SSANOVA",100,0.5,1,1,1,1,10,"sine","sqrt",5,NA,NA,NA,NA,NA,NA
1506,"synthetic","SSANOVA",100,0.5,1,1,1,1,10,"sine","sqrt",6,NA,NA,NA,NA,NA,NA
1507,"synthetic","SSANOVA",100,0.5,1,1,1,1,10,"sine","sqrt",7,NA,NA,NA,NA,NA,NA
1508,"synthetic","SSANOVA",100,0.5,1,1,1,1,10,"sine","sqrt",8,NA,NA,NA,NA,NA,NA
1509,"synthetic","SSANOVA",100,0.5,1,1,1,1,10,"sine","sqrt",9,NA,NA,NA,NA,NA,NA
1510,"synthetic","SSANOVA",100,0.5,1,1,1,1,10,"sine","sqrt",10,NA,NA,NA,NA,NA,NA
1511,"synthetic","SSANOVA",100,0.5,1,1,1,1,10,"sine","sqrt",11,NA,NA,NA,NA,NA,NA
1512,"synthetic","SSANOVA",100,0.5,1,1,1,1,10,"sine","sqrt",12,NA,NA,NA,NA,NA,NA
1513,"synthetic","SSANOVA",100,0.5,1,1,1,1,10,"sine","sqrt",13,NA,NA,NA,NA,NA,NA
1514,"synthetic","SSANOVA",100,0.5,1,1,1,1,10,"sine","sqrt",14,NA,NA,NA,NA,NA,NA
1515,"synthetic","SSANOVA",100,0.5,1,1,1,1,10,"sine","sqrt",15,NA,NA,NA,NA,NA,NA
1516,"synthetic","SSANOVA",100,0.5,1,1,1,1,10,"sine","sqrt",16,NA,NA,NA,NA,NA,NA
1517,"synthetic","SSANOVA",100,0.5,1,1,1,1,10,"sine","sqrt",17,NA,NA,NA,NA,NA,NA
1518,"synthetic","SSANOVA",100,0.5,1,1,1,1,10,"sine","sqrt",18,NA,NA,NA,NA,NA,NA
1519,"synthetic","SSANOVA",100,0.5,1,1,1,1,10,"sine","sqrt",19,NA,NA,NA,NA,NA,NA
1520,"synthetic","SSANOVA",100,0.5,1,1,1,1,10,"sine","sqrt",20,NA,NA,NA,NA,NA,NA
1521,"synthetic","SSANOVA",100,0.5,1,1,1,1,10,"sine","sqrt",21,NA,NA,NA,NA,NA,NA
1522,"synthetic","SSANOVA",100,0.5,1,1,1,1,10,"sine","sqrt",22,NA,NA,NA,NA,NA,NA
1523,"synthetic","SSANOVA",100,0.5,1,1,1,1,10,"sine","sqrt",23,NA,NA,NA,NA,NA,NA
1524,"synthetic","SSANOVA",100,0.5,1,1,1,1,10,"sine","sqrt",24,NA,NA,NA,NA,NA,NA
1525,"synthetic","SSANOVA",100,0.5,1,1,1,1,10,"sine","sqrt",25,NA,NA,NA,NA,NA,NA
1526,"synthetic","SSANOVA",100,0.5,1,1,1,1,10,"sine","sqrt",26,NA,NA,NA,NA,NA,NA
1527,"synthetic","SSANOVA",100,0.5,1,1,1,1,10,"sine","sqrt",27,NA,NA,NA,NA,NA,NA
1528,"synthetic","SSANOVA",100,0.5,1,1,1,1,10,"sine","sqrt",28,NA,NA,NA,NA,NA,NA
1529,"synthetic","SSANOVA",100,0.5,1,1,1,1,10,"sine","sqrt",29,NA,NA,NA,NA,NA,NA
1530,"synthetic","SSANOVA",100,0.5,1,1,1,1,10,"sine","sqrt",30,NA,NA,NA,NA,NA,NA
1531,"synthetic","SSANOVA",100,0.5,1,1,1,1,10,"sine","sqrt",31,NA,NA,NA,NA,NA,NA
1532,"synthetic","SSANOVA",100,0.5,1,1,1,1,10,"sine","sqrt",32,NA,NA,NA,NA,NA,NA
1533,"synthetic","SSANOVA",100,0.5,1,1,1,1,10,"sine","sqrt",33,NA,NA,NA,NA,NA,NA
1534,"synthetic","SSANOVA",100,0.5,1,1,1,1,10,"sine","sqrt",34,NA,NA,NA,NA,NA,NA
1535,"synthetic","SSANOVA",100,0.5,1,1,1,1,10,"sine","sqrt",35,NA,NA,NA,NA,NA,NA
1536,"synthetic","SSANOVA",100,0.5,1,1,1,1,10,"sine","sqrt",36,NA,NA,NA,NA,NA,NA
1537,"synthetic","SSANOVA",100,0.5,1,1,1,1,10,"sine","sqrt",37,NA,NA,NA,NA,NA,NA
1538,"synthetic","SSANOVA",100,0.5,1,1,1,1,10,"sine","sqrt",38,NA,NA,NA,NA,NA,NA
1539,"synthetic","SSANOVA",100,0.5,1,1,1,1,10,"sine","sqrt",39,NA,NA,NA,NA,NA,NA
1540,"synthetic","SSANOVA",100,0.5,1,1,1,1,10,"sine","sqrt",40,NA,NA,NA,NA,NA,NA
1541,"synthetic","SSANOVA",100,0.5,1,1,1,1,10,"sine","sqrt",41,NA,NA,NA,NA,NA,NA
1542,"synthetic","SSANOVA",100,0.5,1,1,1,1,10,"sine","sqrt",42,NA,NA,NA,NA,NA,NA
1543,"synthetic","SSANOVA",100,0.5,1,1,1,1,10,"sine","sqrt",43,NA,NA,NA,NA,NA,NA
1544,"synthetic","SSANOVA",100,0.5,1,1,1,1,10,"sine","sqrt",44,NA,NA,NA,NA,NA,NA
1545,"synthetic","SSANOVA",100,0.5,1,1,1,1,10,"sine","sqrt",45,NA,NA,NA,NA,NA,NA
1546,"synthetic","SSANOVA",100,0.5,1,1,1,1,10,"sine","sqrt",46,NA,NA,NA,NA,NA,NA
1547,"synthetic","SSANOVA",100,0.5,1,1,1,1,10,"sine","sqrt",47,NA,NA,NA,NA,NA,NA
1548,"synthetic","SSANOVA",100,0.5,1,1,1,1,10,"sine","sqrt",48,NA,NA,NA,NA,NA,NA
1549,"synthetic","SSANOVA",100,0.5,1,1,1,1,10,"sine","sqrt",49,NA,NA,NA,NA,NA,NA
1550,"synthetic","SSANOVA",100,0.5,1,1,1,1,10,"sine","sqrt",50,NA,NA,NA,NA,NA,NA
1551,"synthetic","SSANOVA",100,0.5,1,1,1,1,10,"sine","sqrt",51,NA,NA,NA,NA,NA,NA
1552,"synthetic","SSANOVA",100,0.5,1,1,1,1,10,"sine","sqrt",52,NA,NA,NA,NA,NA,NA
1553,"synthetic","SSANOVA",100,0.5,1,1,1,1,10,"sine","sqrt",53,NA,NA,NA,NA,NA,NA
1554,"synthetic","SSANOVA",100,0.5,1,1,1,1,10,"sine","sqrt",54,NA,NA,NA,NA,NA,NA
1555,"synthetic","SSANOVA",100,0.5,1,1,1,1,10,"sine","sqrt",55,NA,NA,NA,NA,NA,NA
1556,"synthetic","SSANOVA",100,0.5,1,1,1,1,10,"sine","sqrt",56,NA,NA,NA,NA,NA,NA
1557,"synthetic","SSANOVA",100,0.5,1,1,1,1,10,"sine","sqrt",57,NA,NA,NA,NA,NA,NA
1558,"synthetic","SSANOVA",100,0.5,1,1,1,1,10,"sine","sqrt",58,NA,NA,NA,NA,NA,NA
1559,"synthetic","SSANOVA",100,0.5,1,1,1,1,10,"sine","sqrt",59,NA,NA,NA,NA,NA,NA
1560,"synthetic","SSANOVA",100,0.5,1,1,1,1,10,"sine","sqrt",60,NA,NA,NA,NA,NA,NA
1561,"synthetic","SSANOVA",100,0.5,1,1,1,1,10,"sine","sqrt",61,NA,NA,NA,NA,NA,NA
1562,"synthetic","SSANOVA",100,0.5,1,1,1,1,10,"sine","sqrt",62,NA,NA,NA,NA,NA,NA
1563,"synthetic","SSANOVA",100,0.5,1,1,1,1,10,"sine","sqrt",63,NA,NA,NA,NA,NA,NA
1564,"synthetic","SSANOVA",100,0.5,1,1,1,1,10,"sine","sqrt",64,NA,NA,NA,NA,NA,NA
1565,"synthetic","SSANOVA",100,0.5,1,1,1,1,10,"sine","sqrt",65,NA,NA,NA,NA,NA,NA
1566,"synthetic","SSANOVA",100,0.5,1,1,1,1,10,"sine","sqrt",66,NA,NA,NA,NA,NA,NA
1567,"synthetic","SSANOVA",100,0.5,1,1,1,1,10,"sine","sqrt",67,NA,NA,NA,NA,NA,NA
1568,"synthetic","SSANOVA",100,0.5,1,1,1,1,10,"sine","sqrt",68,NA,NA,NA,NA,NA,NA
1569,"synthetic","SSANOVA",100,0.5,1,1,1,1,10,"sine","sqrt",69,NA,NA,NA,NA,NA,NA
1570,"synthetic","SSANOVA",100,0.5,1,1,1,1,10,"sine","sqrt",70,NA,NA,NA,NA,NA,NA
1571,"synthetic","SSANOVA",100,0.5,1,1,1,1,10,"sine","sqrt",71,NA,NA,NA,NA,NA,NA
1572,"synthetic","SSANOVA",100,0.5,1,1,1,1,10,"sine","sqrt",72,NA,NA,NA,NA,NA,NA
1573,"synthetic","SSANOVA",100,0.5,1,1,1,1,10,"sine","sqrt",73,NA,NA,NA,NA,NA,NA
1574,"synthetic","SSANOVA",100,0.5,1,1,1,1,10,"sine","sqrt",74,NA,NA,NA,NA,NA,NA
1575,"synthetic","SSANOVA",100,0.5,1,1,1,1,10,"sine","sqrt",75,NA,NA,NA,NA,NA,NA
1576,"synthetic","SSANOVA",100,0.5,1,1,1,1,10,"sine","sqrt",76,NA,NA,NA,NA,NA,NA
1577,"synthetic","SSANOVA",100,0.5,1,1,1,1,10,"sine","sqrt",77,NA,NA,NA,NA,NA,NA
1578,"synthetic","SSANOVA",100,0.5,1,1,1,1,10,"sine","sqrt",78,NA,NA,NA,NA,NA,NA
1579,"synthetic","SSANOVA",100,0.5,1,1,1,1,10,"sine","sqrt",79,NA,NA,NA,NA,NA,NA
1580,"synthetic","SSANOVA",100,0.5,1,1,1,1,10,"sine","sqrt",80,NA,NA,NA,NA,NA,NA
1581,"synthetic","SSANOVA",100,0.5,1,1,1,1,10,"sine","sqrt",81,NA,NA,NA,NA,NA,NA
1582,"synthetic","SSANOVA",100,0.5,1,1,1,1,10,"sine","sqrt",82,NA,NA,NA,NA,NA,NA
1583,"synthetic","SSANOVA",100,0.5,1,1,1,1,10,"sine","sqrt",83,NA,NA,NA,NA,NA,NA
1584,"synthetic","SSANOVA",100,0.5,1,1,1,1,10,"sine","sqrt",84,NA,NA,NA,NA,NA,NA
1585,"synthetic","SSANOVA",100,0.5,1,1,1,1,10,"sine","sqrt",85,NA,NA,NA,NA,NA,NA
1586,"synthetic","SSANOVA",100,0.5,1,1,1,1,10,"sine","sqrt",86,NA,NA,NA,NA,NA,NA
1587,"synthetic","SSANOVA",100,0.5,1,1,1,1,10,"sine","sqrt",87,NA,NA,NA,NA,NA,NA
1588,"synthetic","SSANOVA",100,0.5,1,1,1,1,10,"sine","sqrt",88,NA,NA,NA,NA,NA,NA
1589,"synthetic","SSANOVA",100,0.5,1,1,1,1,10,"sine","sqrt",89,NA,NA,NA,NA,NA,NA
1590,"synthetic","SSANOVA",100,0.5,1,1,1,1,10,"sine","sqrt",90,NA,NA,NA,NA,NA,NA
1591,"synthetic","SSANOVA",100,0.5,1,1,1,1,10,"sine","sqrt",91,NA,NA,NA,NA,NA,NA
1592,"synthetic","SSANOVA",100,0.5,1,1,1,1,10,"sine","sqrt",92,NA,NA,NA,NA,NA,NA
1593,"synthetic","SSANOVA",100,0.5,1,1,1,1,10,"sine","sqrt",93,NA,NA,NA,NA,NA,NA
1594,"synthetic","SSANOVA",100,0.5,1,1,1,1,10,"sine","sqrt",94,NA,NA,NA,NA,NA,NA
1595,"synthetic","SSANOVA",100,0.5,1,1,1,1,10,"sine","sqrt",95,NA,NA,NA,NA,NA,NA
1596,"synthetic","SSANOVA",100,0.5,1,1,1,1,10,"sine","sqrt",96,NA,NA,NA,NA,NA,NA
1597,"synthetic","SSANOVA",100,0.5,1,1,1,1,10,"sine","sqrt",97,NA,NA,NA,NA,NA,NA
1598,"synthetic","SSANOVA",100,0.5,1,1,1,1,10,"sine","sqrt",98,NA,NA,NA,NA,NA,NA
1599,"synthetic","SSANOVA",100,0.5,1,1,1,1,10,"sine","sqrt",99,NA,NA,NA,NA,NA,NA
1600,"synthetic","SSANOVA",100,0.5,1,1,1,1,10,"sine","sqrt",100,NA,NA,NA,NA,NA,NA
1601,"synthetic","SSANOVA",150,0.5,1,1,1,1,10,"sine","sqrt",1,NA,NA,NA,NA,NA,NA
1602,"synthetic","SSANOVA",150,0.5,1,1,1,1,10,"sine","sqrt",2,NA,NA,NA,NA,NA,NA
1603,"synthetic","SSANOVA",150,0.5,1,1,1,1,10,"sine","sqrt",3,NA,NA,NA,NA,NA,NA
1604,"synthetic","SSANOVA",150,0.5,1,1,1,1,10,"sine","sqrt",4,NA,NA,NA,NA,NA,NA
1605,"synthetic","SSANOVA",150,0.5,1,1,1,1,10,"sine","sqrt",5,NA,NA,NA,NA,NA,NA
1606,"synthetic","SSANOVA",150,0.5,1,1,1,1,10,"sine","sqrt",6,NA,NA,NA,NA,NA,NA
1607,"synthetic","SSANOVA",150,0.5,1,1,1,1,10,"sine","sqrt",7,NA,NA,NA,NA,NA,NA
1608,"synthetic","SSANOVA",150,0.5,1,1,1,1,10,"sine","sqrt",8,NA,NA,NA,NA,NA,NA
1609,"synthetic","SSANOVA",150,0.5,1,1,1,1,10,"sine","sqrt",9,NA,NA,NA,NA,NA,NA
1610,"synthetic","SSANOVA",150,0.5,1,1,1,1,10,"sine","sqrt",10,NA,NA,NA,NA,NA,NA
1611,"synthetic","SSANOVA",150,0.5,1,1,1,1,10,"sine","sqrt",11,NA,NA,NA,NA,NA,NA
1612,"synthetic","SSANOVA",150,0.5,1,1,1,1,10,"sine","sqrt",12,NA,NA,NA,NA,NA,NA
1613,"synthetic","SSANOVA",150,0.5,1,1,1,1,10,"sine","sqrt",13,NA,NA,NA,NA,NA,NA
1614,"synthetic","SSANOVA",150,0.5,1,1,1,1,10,"sine","sqrt",14,NA,NA,NA,NA,NA,NA
1615,"synthetic","SSANOVA",150,0.5,1,1,1,1,10,"sine","sqrt",15,NA,NA,NA,NA,NA,NA
1616,"synthetic","SSANOVA",150,0.5,1,1,1,1,10,"sine","sqrt",16,NA,NA,NA,NA,NA,NA
1617,"synthetic","SSANOVA",150,0.5,1,1,1,1,10,"sine","sqrt",17,NA,NA,NA,NA,NA,NA
1618,"synthetic","SSANOVA",150,0.5,1,1,1,1,10,"sine","sqrt",18,NA,NA,NA,NA,NA,NA
1619,"synthetic","SSANOVA",150,0.5,1,1,1,1,10,"sine","sqrt",19,NA,NA,NA,NA,NA,NA
1620,"synthetic","SSANOVA",150,0.5,1,1,1,1,10,"sine","sqrt",20,NA,NA,NA,NA,NA,NA
1621,"synthetic","SSANOVA",150,0.5,1,1,1,1,10,"sine","sqrt",21,NA,NA,NA,NA,NA,NA
1622,"synthetic","SSANOVA",150,0.5,1,1,1,1,10,"sine","sqrt",22,NA,NA,NA,NA,NA,NA
1623,"synthetic","SSANOVA",150,0.5,1,1,1,1,10,"sine","sqrt",23,NA,NA,NA,NA,NA,NA
1624,"synthetic","SSANOVA",150,0.5,1,1,1,1,10,"sine","sqrt",24,NA,NA,NA,NA,NA,NA
1625,"synthetic","SSANOVA",150,0.5,1,1,1,1,10,"sine","sqrt",25,NA,NA,NA,NA,NA,NA
1626,"synthetic","SSANOVA",150,0.5,1,1,1,1,10,"sine","sqrt",26,NA,NA,NA,NA,NA,NA
1627,"synthetic","SSANOVA",150,0.5,1,1,1,1,10,"sine","sqrt",27,NA,NA,NA,NA,NA,NA
1628,"synthetic","SSANOVA",150,0.5,1,1,1,1,10,"sine","sqrt",28,NA,NA,NA,NA,NA,NA
1629,"synthetic","SSANOVA",150,0.5,1,1,1,1,10,"sine","sqrt",29,NA,NA,NA,NA,NA,NA
1630,"synthetic","SSANOVA",150,0.5,1,1,1,1,10,"sine","sqrt",30,NA,NA,NA,NA,NA,NA
1631,"synthetic","SSANOVA",150,0.5,1,1,1,1,10,"sine","sqrt",31,NA,NA,NA,NA,NA,NA
1632,"synthetic","SSANOVA",150,0.5,1,1,1,1,10,"sine","sqrt",32,NA,NA,NA,NA,NA,NA
1633,"synthetic","SSANOVA",150,0.5,1,1,1,1,10,"sine","sqrt",33,NA,NA,NA,NA,NA,NA
1634,"synthetic","SSANOVA",150,0.5,1,1,1,1,10,"sine","sqrt",34,NA,NA,NA,NA,NA,NA
1635,"synthetic","SSANOVA",150,0.5,1,1,1,1,10,"sine","sqrt",35,NA,NA,NA,NA,NA,NA
1636,"synthetic","SSANOVA",150,0.5,1,1,1,1,10,"sine","sqrt",36,NA,NA,NA,NA,NA,NA
1637,"synthetic","SSANOVA",150,0.5,1,1,1,1,10,"sine","sqrt",37,NA,NA,NA,NA,NA,NA
1638,"synthetic","SSANOVA",150,0.5,1,1,1,1,10,"sine","sqrt",38,NA,NA,NA,NA,NA,NA
1639,"synthetic","SSANOVA",150,0.5,1,1,1,1,10,"sine","sqrt",39,NA,NA,NA,NA,NA,NA
1640,"synthetic","SSANOVA",150,0.5,1,1,1,1,10,"sine","sqrt",40,NA,NA,NA,NA,NA,NA
1641,"synthetic","SSANOVA",150,0.5,1,1,1,1,10,"sine","sqrt",41,NA,NA,NA,NA,NA,NA
1642,"synthetic","SSANOVA",150,0.5,1,1,1,1,10,"sine","sqrt",42,NA,NA,NA,NA,NA,NA
1643,"synthetic","SSANOVA",150,0.5,1,1,1,1,10,"sine","sqrt",43,NA,NA,NA,NA,NA,NA
1644,"synthetic","SSANOVA",150,0.5,1,1,1,1,10,"sine","sqrt",44,NA,NA,NA,NA,NA,NA
1645,"synthetic","SSANOVA",150,0.5,1,1,1,1,10,"sine","sqrt",45,NA,NA,NA,NA,NA,NA
1646,"synthetic","SSANOVA",150,0.5,1,1,1,1,10,"sine","sqrt",46,NA,NA,NA,NA,NA,NA
1647,"synthetic","SSANOVA",150,0.5,1,1,1,1,10,"sine","sqrt",47,NA,NA,NA,NA,NA,NA
1648,"synthetic","SSANOVA",150,0.5,1,1,1,1,10,"sine","sqrt",48,NA,NA,NA,NA,NA,NA
1649,"synthetic","SSANOVA",150,0.5,1,1,1,1,10,"sine","sqrt",49,NA,NA,NA,NA,NA,NA
1650,"synthetic","SSANOVA",150,0.5,1,1,1,1,10,"sine","sqrt",50,NA,NA,NA,NA,NA,NA
1651,"synthetic","SSANOVA",150,0.5,1,1,1,1,10,"sine","sqrt",51,NA,NA,NA,NA,NA,NA
1652,"synthetic","SSANOVA",150,0.5,1,1,1,1,10,"sine","sqrt",52,NA,NA,NA,NA,NA,NA
1653,"synthetic","SSANOVA",150,0.5,1,1,1,1,10,"sine","sqrt",53,NA,NA,NA,NA,NA,NA
1654,"synthetic","SSANOVA",150,0.5,1,1,1,1,10,"sine","sqrt",54,NA,NA,NA,NA,NA,NA
1655,"synthetic","SSANOVA",150,0.5,1,1,1,1,10,"sine","sqrt",55,NA,NA,NA,NA,NA,NA
1656,"synthetic","SSANOVA",150,0.5,1,1,1,1,10,"sine","sqrt",56,NA,NA,NA,NA,NA,NA
1657,"synthetic","SSANOVA",150,0.5,1,1,1,1,10,"sine","sqrt",57,NA,NA,NA,NA,NA,NA
1658,"synthetic","SSANOVA",150,0.5,1,1,1,1,10,"sine","sqrt",58,NA,NA,NA,NA,NA,NA
1659,"synthetic","SSANOVA",150,0.5,1,1,1,1,10,"sine","sqrt",59,NA,NA,NA,NA,NA,NA
1660,"synthetic","SSANOVA",150,0.5,1,1,1,1,10,"sine","sqrt",60,NA,NA,NA,NA,NA,NA
1661,"synthetic","SSANOVA",150,0.5,1,1,1,1,10,"sine","sqrt",61,NA,NA,NA,NA,NA,NA
1662,"synthetic","SSANOVA",150,0.5,1,1,1,1,10,"sine","sqrt",62,NA,NA,NA,NA,NA,NA
1663,"synthetic","SSANOVA",150,0.5,1,1,1,1,10,"sine","sqrt",63,NA,NA,NA,NA,NA,NA
1664,"synthetic","SSANOVA",150,0.5,1,1,1,1,10,"sine","sqrt",64,NA,NA,NA,NA,NA,NA
1665,"synthetic","SSANOVA",150,0.5,1,1,1,1,10,"sine","sqrt",65,NA,NA,NA,NA,NA,NA
1666,"synthetic","SSANOVA",150,0.5,1,1,1,1,10,"sine","sqrt",66,NA,NA,NA,NA,NA,NA
1667,"synthetic","SSANOVA",150,0.5,1,1,1,1,10,"sine","sqrt",67,NA,NA,NA,NA,NA,NA
1668,"synthetic","SSANOVA",150,0.5,1,1,1,1,10,"sine","sqrt",68,NA,NA,NA,NA,NA,NA
1669,"synthetic","SSANOVA",150,0.5,1,1,1,1,10,"sine","sqrt",69,NA,NA,NA,NA,NA,NA
1670,"synthetic","SSANOVA",150,0.5,1,1,1,1,10,"sine","sqrt",70,NA,NA,NA,NA,NA,NA
1671,"synthetic","SSANOVA",150,0.5,1,1,1,1,10,"sine","sqrt",71,NA,NA,NA,NA,NA,NA
1672,"synthetic","SSANOVA",150,0.5,1,1,1,1,10,"sine","sqrt",72,NA,NA,NA,NA,NA,NA
1673,"synthetic","SSANOVA",150,0.5,1,1,1,1,10,"sine","sqrt",73,NA,NA,NA,NA,NA,NA
1674,"synthetic","SSANOVA",150,0.5,1,1,1,1,10,"sine","sqrt",74,NA,NA,NA,NA,NA,NA
1675,"synthetic","SSANOVA",150,0.5,1,1,1,1,10,"sine","sqrt",75,NA,NA,NA,NA,NA,NA
1676,"synthetic","SSANOVA",150,0.5,1,1,1,1,10,"sine","sqrt",76,NA,NA,NA,NA,NA,NA
1677,"synthetic","SSANOVA",150,0.5,1,1,1,1,10,"sine","sqrt",77,NA,NA,NA,NA,NA,NA
1678,"synthetic","SSANOVA",150,0.5,1,1,1,1,10,"sine","sqrt",78,NA,NA,NA,NA,NA,NA
1679,"synthetic","SSANOVA",150,0.5,1,1,1,1,10,"sine","sqrt",79,NA,NA,NA,NA,NA,NA
1680,"synthetic","SSANOVA",150,0.5,1,1,1,1,10,"sine","sqrt",80,NA,NA,NA,NA,NA,NA
1681,"synthetic","SSANOVA",150,0.5,1,1,1,1,10,"sine","sqrt",81,NA,NA,NA,NA,NA,NA
1682,"synthetic","SSANOVA",150,0.5,1,1,1,1,10,"sine","sqrt",82,NA,NA,NA,NA,NA,NA
1683,"synthetic","SSANOVA",150,0.5,1,1,1,1,10,"sine","sqrt",83,NA,NA,NA,NA,NA,NA
1684,"synthetic","SSANOVA",150,0.5,1,1,1,1,10,"sine","sqrt",84,NA,NA,NA,NA,NA,NA
1685,"synthetic","SSANOVA",150,0.5,1,1,1,1,10,"sine","sqrt",85,NA,NA,NA,NA,NA,NA
1686,"synthetic","SSANOVA",150,0.5,1,1,1,1,10,"sine","sqrt",86,NA,NA,NA,NA,NA,NA
1687,"synthetic","SSANOVA",150,0.5,1,1,1,1,10,"sine","sqrt",87,NA,NA,NA,NA,NA,NA
1688,"synthetic","SSANOVA",150,0.5,1,1,1,1,10,"sine","sqrt",88,NA,NA,NA,NA,NA,NA
1689,"synthetic","SSANOVA",150,0.5,1,1,1,1,10,"sine","sqrt",89,NA,NA,NA,NA,NA,NA
1690,"synthetic","SSANOVA",150,0.5,1,1,1,1,10,"sine","sqrt",90,NA,NA,NA,NA,NA,NA
1691,"synthetic","SSANOVA",150,0.5,1,1,1,1,10,"sine","sqrt",91,NA,NA,NA,NA,NA,NA
1692,"synthetic","SSANOVA",150,0.5,1,1,1,1,10,"sine","sqrt",92,NA,NA,NA,NA,NA,NA
1693,"synthetic","SSANOVA",150,0.5,1,1,1,1,10,"sine","sqrt",93,NA,NA,NA,NA,NA,NA
1694,"synthetic","SSANOVA",150,0.5,1,1,1,1,10,"sine","sqrt",94,NA,NA,NA,NA,NA,NA
1695,"synthetic","SSANOVA",150,0.5,1,1,1,1,10,"sine","sqrt",95,NA,NA,NA,NA,NA,NA
1696,"synthetic","SSANOVA",150,0.5,1,1,1,1,10,"sine","sqrt",96,NA,NA,NA,NA,NA,NA
1697,"synthetic","SSANOVA",150,0.5,1,1,1,1,10,"sine","sqrt",97,NA,NA,NA,NA,NA,NA
1698,"synthetic","SSANOVA",150,0.5,1,1,1,1,10,"sine","sqrt",98,NA,NA,NA,NA,NA,NA
1699,"synthetic","SSANOVA",150,0.5,1,1,1,1,10,"sine","sqrt",99,NA,NA,NA,NA,NA,NA
1700,"synthetic","SSANOVA",150,0.5,1,1,1,1,10,"sine","sqrt",100,NA,NA,NA,NA,NA,NA
1701,"synthetic","SSANOVA",200,0.5,1,1,1,1,10,"sine","sqrt",1,NA,NA,NA,NA,NA,NA
1702,"synthetic","SSANOVA",200,0.5,1,1,1,1,10,"sine","sqrt",2,NA,NA,NA,NA,NA,NA
1703,"synthetic","SSANOVA",200,0.5,1,1,1,1,10,"sine","sqrt",3,NA,NA,NA,NA,NA,NA
1704,"synthetic","SSANOVA",200,0.5,1,1,1,1,10,"sine","sqrt",4,NA,NA,NA,NA,NA,NA
1705,"synthetic","SSANOVA",200,0.5,1,1,1,1,10,"sine","sqrt",5,NA,NA,NA,NA,NA,NA
1706,"synthetic","SSANOVA",200,0.5,1,1,1,1,10,"sine","sqrt",6,NA,NA,NA,NA,NA,NA
1707,"synthetic","SSANOVA",200,0.5,1,1,1,1,10,"sine","sqrt",7,NA,NA,NA,NA,NA,NA
1708,"synthetic","SSANOVA",200,0.5,1,1,1,1,10,"sine","sqrt",8,NA,NA,NA,NA,NA,NA
1709,"synthetic","SSANOVA",200,0.5,1,1,1,1,10,"sine","sqrt",9,NA,NA,NA,NA,NA,NA
1710,"synthetic","SSANOVA",200,0.5,1,1,1,1,10,"sine","sqrt",10,NA,NA,NA,NA,NA,NA
1711,"synthetic","SSANOVA",200,0.5,1,1,1,1,10,"sine","sqrt",11,NA,NA,NA,NA,NA,NA
1712,"synthetic","SSANOVA",200,0.5,1,1,1,1,10,"sine","sqrt",12,NA,NA,NA,NA,NA,NA
1713,"synthetic","SSANOVA",200,0.5,1,1,1,1,10,"sine","sqrt",13,NA,NA,NA,NA,NA,NA
1714,"synthetic","SSANOVA",200,0.5,1,1,1,1,10,"sine","sqrt",14,NA,NA,NA,NA,NA,NA
1715,"synthetic","SSANOVA",200,0.5,1,1,1,1,10,"sine","sqrt",15,NA,NA,NA,NA,NA,NA
1716,"synthetic","SSANOVA",200,0.5,1,1,1,1,10,"sine","sqrt",16,NA,NA,NA,NA,NA,NA
1717,"synthetic","SSANOVA",200,0.5,1,1,1,1,10,"sine","sqrt",17,NA,NA,NA,NA,NA,NA
1718,"synthetic","SSANOVA",200,0.5,1,1,1,1,10,"sine","sqrt",18,NA,NA,NA,NA,NA,NA
1719,"synthetic","SSANOVA",200,0.5,1,1,1,1,10,"sine","sqrt",19,NA,NA,NA,NA,NA,NA
1720,"synthetic","SSANOVA",200,0.5,1,1,1,1,10,"sine","sqrt",20,NA,NA,NA,NA,NA,NA
1721,"synthetic","SSANOVA",200,0.5,1,1,1,1,10,"sine","sqrt",21,NA,NA,NA,NA,NA,NA
1722,"synthetic","SSANOVA",200,0.5,1,1,1,1,10,"sine","sqrt",22,NA,NA,NA,NA,NA,NA
1723,"synthetic","SSANOVA",200,0.5,1,1,1,1,10,"sine","sqrt",23,NA,NA,NA,NA,NA,NA
1724,"synthetic","SSANOVA",200,0.5,1,1,1,1,10,"sine","sqrt",24,NA,NA,NA,NA,NA,NA
1725,"synthetic","SSANOVA",200,0.5,1,1,1,1,10,"sine","sqrt",25,NA,NA,NA,NA,NA,NA
1726,"synthetic","SSANOVA",200,0.5,1,1,1,1,10,"sine","sqrt",26,NA,NA,NA,NA,NA,NA
1727,"synthetic","SSANOVA",200,0.5,1,1,1,1,10,"sine","sqrt",27,NA,NA,NA,NA,NA,NA
1728,"synthetic","SSANOVA",200,0.5,1,1,1,1,10,"sine","sqrt",28,NA,NA,NA,NA,NA,NA
1729,"synthetic","SSANOVA",200,0.5,1,1,1,1,10,"sine","sqrt",29,NA,NA,NA,NA,NA,NA
1730,"synthetic","SSANOVA",200,0.5,1,1,1,1,10,"sine","sqrt",30,NA,NA,NA,NA,NA,NA
1731,"synthetic","SSANOVA",200,0.5,1,1,1,1,10,"sine","sqrt",31,NA,NA,NA,NA,NA,NA
1732,"synthetic","SSANOVA",200,0.5,1,1,1,1,10,"sine","sqrt",32,NA,NA,NA,NA,NA,NA
1733,"synthetic","SSANOVA",200,0.5,1,1,1,1,10,"sine","sqrt",33,NA,NA,NA,NA,NA,NA
1734,"synthetic","SSANOVA",200,0.5,1,1,1,1,10,"sine","sqrt",34,NA,NA,NA,NA,NA,NA
1735,"synthetic","SSANOVA",200,0.5,1,1,1,1,10,"sine","sqrt",35,NA,NA,NA,NA,NA,NA
1736,"synthetic","SSANOVA",200,0.5,1,1,1,1,10,"sine","sqrt",36,NA,NA,NA,NA,NA,NA
1737,"synthetic","SSANOVA",200,0.5,1,1,1,1,10,"sine","sqrt",37,NA,NA,NA,NA,NA,NA
1738,"synthetic","SSANOVA",200,0.5,1,1,1,1,10,"sine","sqrt",38,NA,NA,NA,NA,NA,NA
1739,"synthetic","SSANOVA",200,0.5,1,1,1,1,10,"sine","sqrt",39,NA,NA,NA,NA,NA,NA
1740,"synthetic","SSANOVA",200,0.5,1,1,1,1,10,"sine","sqrt",40,NA,NA,NA,NA,NA,NA
1741,"synthetic","SSANOVA",200,0.5,1,1,1,1,10,"sine","sqrt",41,NA,NA,NA,NA,NA,NA
1742,"synthetic","SSANOVA",200,0.5,1,1,1,1,10,"sine","sqrt",42,NA,NA,NA,NA,NA,NA
1743,"synthetic","SSANOVA",200,0.5,1,1,1,1,10,"sine","sqrt",43,NA,NA,NA,NA,NA,NA
1744,"synthetic","SSANOVA",200,0.5,1,1,1,1,10,"sine","sqrt",44,NA,NA,NA,NA,NA,NA
1745,"synthetic","SSANOVA",200,0.5,1,1,1,1,10,"sine","sqrt",45,NA,NA,NA,NA,NA,NA
1746,"synthetic","SSANOVA",200,0.5,1,1,1,1,10,"sine","sqrt",46,NA,NA,NA,NA,NA,NA
1747,"synthetic","SSANOVA",200,0.5,1,1,1,1,10,"sine","sqrt",47,NA,NA,NA,NA,NA,NA
1748,"synthetic","SSANOVA",200,0.5,1,1,1,1,10,"sine","sqrt",48,NA,NA,NA,NA,NA,NA
1749,"synthetic","SSANOVA",200,0.5,1,1,1,1,10,"sine","sqrt",49,NA,NA,NA,NA,NA,NA
1750,"synthetic","SSANOVA",200,0.5,1,1,1,1,10,"sine","sqrt",50,NA,NA,NA,NA,NA,NA
1751,"synthetic","SSANOVA",200,0.5,1,1,1,1,10,"sine","sqrt",51,NA,NA,NA,NA,NA,NA
1752,"synthetic","SSANOVA",200,0.5,1,1,1,1,10,"sine","sqrt",52,NA,NA,NA,NA,NA,NA
1753,"synthetic","SSANOVA",200,0.5,1,1,1,1,10,"sine","sqrt",53,NA,NA,NA,NA,NA,NA
1754,"synthetic","SSANOVA",200,0.5,1,1,1,1,10,"sine","sqrt",54,NA,NA,NA,NA,NA,NA
1755,"synthetic","SSANOVA",200,0.5,1,1,1,1,10,"sine","sqrt",55,NA,NA,NA,NA,NA,NA
1756,"synthetic","SSANOVA",200,0.5,1,1,1,1,10,"sine","sqrt",56,NA,NA,NA,NA,NA,NA
1757,"synthetic","SSANOVA",200,0.5,1,1,1,1,10,"sine","sqrt",57,NA,NA,NA,NA,NA,NA
1758,"synthetic","SSANOVA",200,0.5,1,1,1,1,10,"sine","sqrt",58,NA,NA,NA,NA,NA,NA
1759,"synthetic","SSANOVA",200,0.5,1,1,1,1,10,"sine","sqrt",59,NA,NA,NA,NA,NA,NA
1760,"synthetic","SSANOVA",200,0.5,1,1,1,1,10,"sine","sqrt",60,NA,NA,NA,NA,NA,NA
1761,"synthetic","SSANOVA",200,0.5,1,1,1,1,10,"sine","sqrt",61,NA,NA,NA,NA,NA,NA
1762,"synthetic","SSANOVA",200,0.5,1,1,1,1,10,"sine","sqrt",62,NA,NA,NA,NA,NA,NA
1763,"synthetic","SSANOVA",200,0.5,1,1,1,1,10,"sine","sqrt",63,NA,NA,NA,NA,NA,NA
1764,"synthetic","SSANOVA",200,0.5,1,1,1,1,10,"sine","sqrt",64,NA,NA,NA,NA,NA,NA
1765,"synthetic","SSANOVA",200,0.5,1,1,1,1,10,"sine","sqrt",65,NA,NA,NA,NA,NA,NA
1766,"synthetic","SSANOVA",200,0.5,1,1,1,1,10,"sine","sqrt",66,NA,NA,NA,NA,NA,NA
1767,"synthetic","SSANOVA",200,0.5,1,1,1,1,10,"sine","sqrt",67,NA,NA,NA,NA,NA,NA
1768,"synthetic","SSANOVA",200,0.5,1,1,1,1,10,"sine","sqrt",68,NA,NA,NA,NA,NA,NA
1769,"synthetic","SSANOVA",200,0.5,1,1,1,1,10,"sine","sqrt",69,NA,NA,NA,NA,NA,NA
1770,"synthetic","SSANOVA",200,0.5,1,1,1,1,10,"sine","sqrt",70,NA,NA,NA,NA,NA,NA
1771,"synthetic","SSANOVA",200,0.5,1,1,1,1,10,"sine","sqrt",71,NA,NA,NA,NA,NA,NA
1772,"synthetic","SSANOVA",200,0.5,1,1,1,1,10,"sine","sqrt",72,NA,NA,NA,NA,NA,NA
1773,"synthetic","SSANOVA",200,0.5,1,1,1,1,10,"sine","sqrt",73,NA,NA,NA,NA,NA,NA
1774,"synthetic","SSANOVA",200,0.5,1,1,1,1,10,"sine","sqrt",74,NA,NA,NA,NA,NA,NA
1775,"synthetic","SSANOVA",200,0.5,1,1,1,1,10,"sine","sqrt",75,NA,NA,NA,NA,NA,NA
1776,"synthetic","SSANOVA",200,0.5,1,1,1,1,10,"sine","sqrt",76,NA,NA,NA,NA,NA,NA
1777,"synthetic","SSANOVA",200,0.5,1,1,1,1,10,"sine","sqrt",77,NA,NA,NA,NA,NA,NA
1778,"synthetic","SSANOVA",200,0.5,1,1,1,1,10,"sine","sqrt",78,NA,NA,NA,NA,NA,NA
1779,"synthetic","SSANOVA",200,0.5,1,1,1,1,10,"sine","sqrt",79,NA,NA,NA,NA,NA,NA
1780,"synthetic","SSANOVA",200,0.5,1,1,1,1,10,"sine","sqrt",80,NA,NA,NA,NA,NA,NA
1781,"synthetic","SSANOVA",200,0.5,1,1,1,1,10,"sine","sqrt",81,NA,NA,NA,NA,NA,NA
1782,"synthetic","SSANOVA",200,0.5,1,1,1,1,10,"sine","sqrt",82,NA,NA,NA,NA,NA,NA
1783,"synthetic","SSANOVA",200,0.5,1,1,1,1,10,"sine","sqrt",83,NA,NA,NA,NA,NA,NA
1784,"synthetic","SSANOVA",200,0.5,1,1,1,1,10,"sine","sqrt",84,NA,NA,NA,NA,NA,NA
1785,"synthetic","SSANOVA",200,0.5,1,1,1,1,10,"sine","sqrt",85,NA,NA,NA,NA,NA,NA
1786,"synthetic","SSANOVA",200,0.5,1,1,1,1,10,"sine","sqrt",86,NA,NA,NA,NA,NA,NA
1787,"synthetic","SSANOVA",200,0.5,1,1,1,1,10,"sine","sqrt",87,NA,NA,NA,NA,NA,NA
1788,"synthetic","SSANOVA",200,0.5,1,1,1,1,10,"sine","sqrt",88,NA,NA,NA,NA,NA,NA
1789,"synthetic","SSANOVA",200,0.5,1,1,1,1,10,"sine","sqrt",89,NA,NA,NA,NA,NA,NA
1790,"synthetic","SSANOVA",200,0.5,1,1,1,1,10,"sine","sqrt",90,NA,NA,NA,NA,NA,NA
1791,"synthetic","SSANOVA",200,0.5,1,1,1,1,10,"sine","sqrt",91,NA,NA,NA,NA,NA,NA
1792,"synthetic","SSANOVA",200,0.5,1,1,1,1,10,"sine","sqrt",92,NA,NA,NA,NA,NA,NA
1793,"synthetic","SSANOVA",200,0.5,1,1,1,1,10,"sine","sqrt",93,NA,NA,NA,NA,NA,NA
1794,"synthetic","SSANOVA",200,0.5,1,1,1,1,10,"sine","sqrt",94,NA,NA,NA,NA,NA,NA
1795,"synthetic","SSANOVA",200,0.5,1,1,1,1,10,"sine","sqrt",95,NA,NA,NA,NA,NA,NA
1796,"synthetic","SSANOVA",200,0.5,1,1,1,1,10,"sine","sqrt",96,NA,NA,NA,NA,NA,NA
1797,"synthetic","SSANOVA",200,0.5,1,1,1,1,10,"sine","sqrt",97,NA,NA,NA,NA,NA,NA
1798,"synthetic","SSANOVA",200,0.5,1,1,1,1,10,"sine","sqrt",98,NA,NA,NA,NA,NA,NA
1799,"synthetic","SSANOVA",200,0.5,1,1,1,1,10,"sine","sqrt",99,NA,NA,NA,NA,NA,NA
1800,"synthetic","SSANOVA",200,0.5,1,1,1,1,10,"sine","sqrt",100,NA,NA,NA,NA,NA,NA
1801,"synthetic","SPLINECTOMER",20,0.5,1,1,1,1,10,"sine","sqrt",1,NA,NA,NA,NA,NA,NA
1802,"synthetic","SPLINECTOMER",20,0.5,1,1,1,1,10,"sine","sqrt",2,NA,NA,NA,NA,NA,NA
1803,"synthetic","SPLINECTOMER",20,0.5,1,1,1,1,10,"sine","sqrt",3,NA,NA,NA,NA,NA,NA
1804,"synthetic","SPLINECTOMER",20,0.5,1,1,1,1,10,"sine","sqrt",4,NA,NA,NA,NA,NA,NA
1805,"synthetic","SPLINECTOMER",20,0.5,1,1,1,1,10,"sine","sqrt",5,NA,NA,NA,NA,NA,NA
1806,"synthetic","SPLINECTOMER",20,0.5,1,1,1,1,10,"sine","sqrt",6,NA,NA,NA,NA,NA,NA
1807,"synthetic","SPLINECTOMER",20,0.5,1,1,1,1,10,"sine","sqrt",7,NA,NA,NA,NA,NA,NA
1808,"synthetic","SPLINECTOMER",20,0.5,1,1,1,1,10,"sine","sqrt",8,NA,NA,NA,NA,NA,NA
1809,"synthetic","SPLINECTOMER",20,0.5,1,1,1,1,10,"sine","sqrt",9,NA,NA,NA,NA,NA,NA
1810,"synthetic","SPLINECTOMER",20,0.5,1,1,1,1,10,"sine","sqrt",10,NA,NA,NA,NA,NA,NA
1811,"synthetic","SPLINECTOMER",20,0.5,1,1,1,1,10,"sine","sqrt",11,NA,NA,NA,NA,NA,NA
1812,"synthetic","SPLINECTOMER",20,0.5,1,1,1,1,10,"sine","sqrt",12,NA,NA,NA,NA,NA,NA
1813,"synthetic","SPLINECTOMER",20,0.5,1,1,1,1,10,"sine","sqrt",13,NA,NA,NA,NA,NA,NA
1814,"synthetic","SPLINECTOMER",20,0.5,1,1,1,1,10,"sine","sqrt",14,NA,NA,NA,NA,NA,NA
1815,"synthetic","SPLINECTOMER",20,0.5,1,1,1,1,10,"sine","sqrt",15,NA,NA,NA,NA,NA,NA
1816,"synthetic","SPLINECTOMER",20,0.5,1,1,1,1,10,"sine","sqrt",16,NA,NA,NA,NA,NA,NA
1817,"synthetic","SPLINECTOMER",20,0.5,1,1,1,1,10,"sine","sqrt",17,NA,NA,NA,NA,NA,NA
1818,"synthetic","SPLINECTOMER",20,0.5,1,1,1,1,10,"sine","sqrt",18,NA,NA,NA,NA,NA,NA
1819,"synthetic","SPLINECTOMER",20,0.5,1,1,1,1,10,"sine","sqrt",19,NA,NA,NA,NA,NA,NA
1820,"synthetic","SPLINECTOMER",20,0.5,1,1,1,1,10,"sine","sqrt",20,NA,NA,NA,NA,NA,NA
1821,"synthetic","SPLINECTOMER",20,0.5,1,1,1,1,10,"sine","sqrt",21,NA,NA,NA,NA,NA,NA
1822,"synthetic","SPLINECTOMER",20,0.5,1,1,1,1,10,"sine","sqrt",22,NA,NA,NA,NA,NA,NA
1823,"synthetic","SPLINECTOMER",20,0.5,1,1,1,1,10,"sine","sqrt",23,NA,NA,NA,NA,NA,NA
1824,"synthetic","SPLINECTOMER",20,0.5,1,1,1,1,10,"sine","sqrt",24,NA,NA,NA,NA,NA,NA
1825,"synthetic","SPLINECTOMER",20,0.5,1,1,1,1,10,"sine","sqrt",25,NA,NA,NA,NA,NA,NA
1826,"synthetic","SPLINECTOMER",20,0.5,1,1,1,1,10,"sine","sqrt",26,NA,NA,NA,NA,NA,NA
1827,"synthetic","SPLINECTOMER",20,0.5,1,1,1,1,10,"sine","sqrt",27,NA,NA,NA,NA,NA,NA
1828,"synthetic","SPLINECTOMER",20,0.5,1,1,1,1,10,"sine","sqrt",28,NA,NA,NA,NA,NA,NA
1829,"synthetic","SPLINECTOMER",20,0.5,1,1,1,1,10,"sine","sqrt",29,NA,NA,NA,NA,NA,NA
1830,"synthetic","SPLINECTOMER",20,0.5,1,1,1,1,10,"sine","sqrt",30,NA,NA,NA,NA,NA,NA
1831,"synthetic","SPLINECTOMER",20,0.5,1,1,1,1,10,"sine","sqrt",31,NA,NA,NA,NA,NA,NA
1832,"synthetic","SPLINECTOMER",20,0.5,1,1,1,1,10,"sine","sqrt",32,NA,NA,NA,NA,NA,NA
1833,"synthetic","SPLINECTOMER",20,0.5,1,1,1,1,10,"sine","sqrt",33,NA,NA,NA,NA,NA,NA
1834,"synthetic","SPLINECTOMER",20,0.5,1,1,1,1,10,"sine","sqrt",34,NA,NA,NA,NA,NA,NA
1835,"synthetic","SPLINECTOMER",20,0.5,1,1,1,1,10,"sine","sqrt",35,NA,NA,NA,NA,NA,NA
1836,"synthetic","SPLINECTOMER",20,0.5,1,1,1,1,10,"sine","sqrt",36,NA,NA,NA,NA,NA,NA
1837,"synthetic","SPLINECTOMER",20,0.5,1,1,1,1,10,"sine","sqrt",37,NA,NA,NA,NA,NA,NA
1838,"synthetic","SPLINECTOMER",20,0.5,1,1,1,1,10,"sine","sqrt",38,NA,NA,NA,NA,NA,NA
1839,"synthetic","SPLINECTOMER",20,0.5,1,1,1,1,10,"sine","sqrt",39,NA,NA,NA,NA,NA,NA
1840,"synthetic","SPLINECTOMER",20,0.5,1,1,1,1,10,"sine","sqrt",40,NA,NA,NA,NA,NA,NA
1841,"synthetic","SPLINECTOMER",20,0.5,1,1,1,1,10,"sine","sqrt",41,NA,NA,NA,NA,NA,NA
1842,"synthetic","SPLINECTOMER",20,0.5,1,1,1,1,10,"sine","sqrt",42,NA,NA,NA,NA,NA,NA
1843,"synthetic","SPLINECTOMER",20,0.5,1,1,1,1,10,"sine","sqrt",43,NA,NA,NA,NA,NA,NA
1844,"synthetic","SPLINECTOMER",20,0.5,1,1,1,1,10,"sine","sqrt",44,NA,NA,NA,NA,NA,NA
1845,"synthetic","SPLINECTOMER",20,0.5,1,1,1,1,10,"sine","sqrt",45,NA,NA,NA,NA,NA,NA
1846,"synthetic","SPLINECTOMER",20,0.5,1,1,1,1,10,"sine","sqrt",46,NA,NA,NA,NA,NA,NA
1847,"synthetic","SPLINECTOMER",20,0.5,1,1,1,1,10,"sine","sqrt",47,NA,NA,NA,NA,NA,NA
1848,"synthetic","SPLINECTOMER",20,0.5,1,1,1,1,10,"sine","sqrt",48,NA,NA,NA,NA,NA,NA
1849,"synthetic","SPLINECTOMER",20,0.5,1,1,1,1,10,"sine","sqrt",49,NA,NA,NA,NA,NA,NA
1850,"synthetic","SPLINECTOMER",20,0.5,1,1,1,1,10,"sine","sqrt",50,NA,NA,NA,NA,NA,NA
1851,"synthetic","SPLINECTOMER",20,0.5,1,1,1,1,10,"sine","sqrt",51,NA,NA,NA,NA,NA,NA
1852,"synthetic","SPLINECTOMER",20,0.5,1,1,1,1,10,"sine","sqrt",52,NA,NA,NA,NA,NA,NA
1853,"synthetic","SPLINECTOMER",20,0.5,1,1,1,1,10,"sine","sqrt",53,NA,NA,NA,NA,NA,NA
1854,"synthetic","SPLINECTOMER",20,0.5,1,1,1,1,10,"sine","sqrt",54,NA,NA,NA,NA,NA,NA
1855,"synthetic","SPLINECTOMER",20,0.5,1,1,1,1,10,"sine","sqrt",55,NA,NA,NA,NA,NA,NA
1856,"synthetic","SPLINECTOMER",20,0.5,1,1,1,1,10,"sine","sqrt",56,NA,NA,NA,NA,NA,NA
1857,"synthetic","SPLINECTOMER",20,0.5,1,1,1,1,10,"sine","sqrt",57,NA,NA,NA,NA,NA,NA
1858,"synthetic","SPLINECTOMER",20,0.5,1,1,1,1,10,"sine","sqrt",58,NA,NA,NA,NA,NA,NA
1859,"synthetic","SPLINECTOMER",20,0.5,1,1,1,1,10,"sine","sqrt",59,NA,NA,NA,NA,NA,NA
1860,"synthetic","SPLINECTOMER",20,0.5,1,1,1,1,10,"sine","sqrt",60,NA,NA,NA,NA,NA,NA
1861,"synthetic","SPLINECTOMER",20,0.5,1,1,1,1,10,"sine","sqrt",61,NA,NA,NA,NA,NA,NA
1862,"synthetic","SPLINECTOMER",20,0.5,1,1,1,1,10,"sine","sqrt",62,NA,NA,NA,NA,NA,NA
1863,"synthetic","SPLINECTOMER",20,0.5,1,1,1,1,10,"sine","sqrt",63,NA,NA,NA,NA,NA,NA
1864,"synthetic","SPLINECTOMER",20,0.5,1,1,1,1,10,"sine","sqrt",64,NA,NA,NA,NA,NA,NA
1865,"synthetic","SPLINECTOMER",20,0.5,1,1,1,1,10,"sine","sqrt",65,NA,NA,NA,NA,NA,NA
1866,"synthetic","SPLINECTOMER",20,0.5,1,1,1,1,10,"sine","sqrt",66,NA,NA,NA,NA,NA,NA
1867,"synthetic","SPLINECTOMER",20,0.5,1,1,1,1,10,"sine","sqrt",67,NA,NA,NA,NA,NA,NA
1868,"synthetic","SPLINECTOMER",20,0.5,1,1,1,1,10,"sine","sqrt",68,NA,NA,NA,NA,NA,NA
1869,"synthetic","SPLINECTOMER",20,0.5,1,1,1,1,10,"sine","sqrt",69,NA,NA,NA,NA,NA,NA
1870,"synthetic","SPLINECTOMER",20,0.5,1,1,1,1,10,"sine","sqrt",70,NA,NA,NA,NA,NA,NA
1871,"synthetic","SPLINECTOMER",20,0.5,1,1,1,1,10,"sine","sqrt",71,NA,NA,NA,NA,NA,NA
1872,"synthetic","SPLINECTOMER",20,0.5,1,1,1,1,10,"sine","sqrt",72,NA,NA,NA,NA,NA,NA
1873,"synthetic","SPLINECTOMER",20,0.5,1,1,1,1,10,"sine","sqrt",73,NA,NA,NA,NA,NA,NA
1874,"synthetic","SPLINECTOMER",20,0.5,1,1,1,1,10,"sine","sqrt",74,NA,NA,NA,NA,NA,NA
1875,"synthetic","SPLINECTOMER",20,0.5,1,1,1,1,10,"sine","sqrt",75,NA,NA,NA,NA,NA,NA
1876,"synthetic","SPLINECTOMER",20,0.5,1,1,1,1,10,"sine","sqrt",76,NA,NA,NA,NA,NA,NA
1877,"synthetic","SPLINECTOMER",20,0.5,1,1,1,1,10,"sine","sqrt",77,NA,NA,NA,NA,NA,NA
1878,"synthetic","SPLINECTOMER",20,0.5,1,1,1,1,10,"sine","sqrt",78,NA,NA,NA,NA,NA,NA
1879,"synthetic","SPLINECTOMER",20,0.5,1,1,1,1,10,"sine","sqrt",79,NA,NA,NA,NA,NA,NA
1880,"synthetic","SPLINECTOMER",20,0.5,1,1,1,1,10,"sine","sqrt",80,NA,NA,NA,NA,NA,NA
1881,"synthetic","SPLINECTOMER",20,0.5,1,1,1,1,10,"sine","sqrt",81,NA,NA,NA,NA,NA,NA
1882,"synthetic","SPLINECTOMER",20,0.5,1,1,1,1,10,"sine","sqrt",82,NA,NA,NA,NA,NA,NA
1883,"synthetic","SPLINECTOMER",20,0.5,1,1,1,1,10,"sine","sqrt",83,NA,NA,NA,NA,NA,NA
1884,"synthetic","SPLINECTOMER",20,0.5,1,1,1,1,10,"sine","sqrt",84,NA,NA,NA,NA,NA,NA
1885,"synthetic","SPLINECTOMER",20,0.5,1,1,1,1,10,"sine","sqrt",85,NA,NA,NA,NA,NA,NA
1886,"synthetic","SPLINECTOMER",20,0.5,1,1,1,1,10,"sine","sqrt",86,NA,NA,NA,NA,NA,NA
1887,"synthetic","SPLINECTOMER",20,0.5,1,1,1,1,10,"sine","sqrt",87,NA,NA,NA,NA,NA,NA
1888,"synthetic","SPLINECTOMER",20,0.5,1,1,1,1,10,"sine","sqrt",88,NA,NA,NA,NA,NA,NA
1889,"synthetic","SPLINECTOMER",20,0.5,1,1,1,1,10,"sine","sqrt",89,NA,NA,NA,NA,NA,NA
1890,"synthetic","SPLINECTOMER",20,0.5,1,1,1,1,10,"sine","sqrt",90,NA,NA,NA,NA,NA,NA
1891,"synthetic","SPLINECTOMER",20,0.5,1,1,1,1,10,"sine","sqrt",91,NA,NA,NA,NA,NA,NA
1892,"synthetic","SPLINECTOMER",20,0.5,1,1,1,1,10,"sine","sqrt",92,NA,NA,NA,NA,NA,NA
1893,"synthetic","SPLINECTOMER",20,0.5,1,1,1,1,10,"sine","sqrt",93,NA,NA,NA,NA,NA,NA
1894,"synthetic","SPLINECTOMER",20,0.5,1,1,1,1,10,"sine","sqrt",94,NA,NA,NA,NA,NA,NA
1895,"synthetic","SPLINECTOMER",20,0.5,1,1,1,1,10,"sine","sqrt",95,NA,NA,NA,NA,NA,NA
1896,"synthetic","SPLINECTOMER",20,0.5,1,1,1,1,10,"sine","sqrt",96,NA,NA,NA,NA,NA,NA
1897,"synthetic","SPLINECTOMER",20,0.5,1,1,1,1,10,"sine","sqrt",97,NA,NA,NA,NA,NA,NA
1898,"synthetic","SPLINECTOMER",20,0.5,1,1,1,1,10,"sine","sqrt",98,NA,NA,NA,NA,NA,NA
1899,"synthetic","SPLINECTOMER",20,0.5,1,1,1,1,10,"sine","sqrt",99,NA,NA,NA,NA,NA,NA
1900,"synthetic","SPLINECTOMER",20,0.5,1,1,1,1,10,"sine","sqrt",100,NA,NA,NA,NA,NA,NA
1901,"synthetic","SPLINECTOMER",30,0.5,1,1,1,1,10,"sine","sqrt",1,NA,NA,NA,NA,NA,NA
1902,"synthetic","SPLINECTOMER",30,0.5,1,1,1,1,10,"sine","sqrt",2,NA,NA,NA,NA,NA,NA
1903,"synthetic","SPLINECTOMER",30,0.5,1,1,1,1,10,"sine","sqrt",3,NA,NA,NA,NA,NA,NA
1904,"synthetic","SPLINECTOMER",30,0.5,1,1,1,1,10,"sine","sqrt",4,NA,NA,NA,NA,NA,NA
1905,"synthetic","SPLINECTOMER",30,0.5,1,1,1,1,10,"sine","sqrt",5,NA,NA,NA,NA,NA,NA
1906,"synthetic","SPLINECTOMER",30,0.5,1,1,1,1,10,"sine","sqrt",6,NA,NA,NA,NA,NA,NA
1907,"synthetic","SPLINECTOMER",30,0.5,1,1,1,1,10,"sine","sqrt",7,NA,NA,NA,NA,NA,NA
1908,"synthetic","SPLINECTOMER",30,0.5,1,1,1,1,10,"sine","sqrt",8,NA,NA,NA,NA,NA,NA
1909,"synthetic","SPLINECTOMER",30,0.5,1,1,1,1,10,"sine","sqrt",9,NA,NA,NA,NA,NA,NA
1910,"synthetic","SPLINECTOMER",30,0.5,1,1,1,1,10,"sine","sqrt",10,NA,NA,NA,NA,NA,NA
1911,"synthetic","SPLINECTOMER",30,0.5,1,1,1,1,10,"sine","sqrt",11,NA,NA,NA,NA,NA,NA
1912,"synthetic","SPLINECTOMER",30,0.5,1,1,1,1,10,"sine","sqrt",12,NA,NA,NA,NA,NA,NA
1913,"synthetic","SPLINECTOMER",30,0.5,1,1,1,1,10,"sine","sqrt",13,NA,NA,NA,NA,NA,NA
1914,"synthetic","SPLINECTOMER",30,0.5,1,1,1,1,10,"sine","sqrt",14,NA,NA,NA,NA,NA,NA
1915,"synthetic","SPLINECTOMER",30,0.5,1,1,1,1,10,"sine","sqrt",15,NA,NA,NA,NA,NA,NA
1916,"synthetic","SPLINECTOMER",30,0.5,1,1,1,1,10,"sine","sqrt",16,NA,NA,NA,NA,NA,NA
1917,"synthetic","SPLINECTOMER",30,0.5,1,1,1,1,10,"sine","sqrt",17,NA,NA,NA,NA,NA,NA
1918,"synthetic","SPLINECTOMER",30,0.5,1,1,1,1,10,"sine","sqrt",18,NA,NA,NA,NA,NA,NA
1919,"synthetic","SPLINECTOMER",30,0.5,1,1,1,1,10,"sine","sqrt",19,NA,NA,NA,NA,NA,NA
1920,"synthetic","SPLINECTOMER",30,0.5,1,1,1,1,10,"sine","sqrt",20,NA,NA,NA,NA,NA,NA
1921,"synthetic","SPLINECTOMER",30,0.5,1,1,1,1,10,"sine","sqrt",21,NA,NA,NA,NA,NA,NA
1922,"synthetic","SPLINECTOMER",30,0.5,1,1,1,1,10,"sine","sqrt",22,NA,NA,NA,NA,NA,NA
1923,"synthetic","SPLINECTOMER",30,0.5,1,1,1,1,10,"sine","sqrt",23,NA,NA,NA,NA,NA,NA
1924,"synthetic","SPLINECTOMER",30,0.5,1,1,1,1,10,"sine","sqrt",24,NA,NA,NA,NA,NA,NA
1925,"synthetic","SPLINECTOMER",30,0.5,1,1,1,1,10,"sine","sqrt",25,NA,NA,NA,NA,NA,NA
1926,"synthetic","SPLINECTOMER",30,0.5,1,1,1,1,10,"sine","sqrt",26,NA,NA,NA,NA,NA,NA
1927,"synthetic","SPLINECTOMER",30,0.5,1,1,1,1,10,"sine","sqrt",27,NA,NA,NA,NA,NA,NA
1928,"synthetic","SPLINECTOMER",30,0.5,1,1,1,1,10,"sine","sqrt",28,NA,NA,NA,NA,NA,NA
1929,"synthetic","SPLINECTOMER",30,0.5,1,1,1,1,10,"sine","sqrt",29,NA,NA,NA,NA,NA,NA
1930,"synthetic","SPLINECTOMER",30,0.5,1,1,1,1,10,"sine","sqrt",30,NA,NA,NA,NA,NA,NA
1931,"synthetic","SPLINECTOMER",30,0.5,1,1,1,1,10,"sine","sqrt",31,NA,NA,NA,NA,NA,NA
1932,"synthetic","SPLINECTOMER",30,0.5,1,1,1,1,10,"sine","sqrt",32,NA,NA,NA,NA,NA,NA
1933,"synthetic","SPLINECTOMER",30,0.5,1,1,1,1,10,"sine","sqrt",33,NA,NA,NA,NA,NA,NA
1934,"synthetic","SPLINECTOMER",30,0.5,1,1,1,1,10,"sine","sqrt",34,NA,NA,NA,NA,NA,NA
1935,"synthetic","SPLINECTOMER",30,0.5,1,1,1,1,10,"sine","sqrt",35,NA,NA,NA,NA,NA,NA
1936,"synthetic","SPLINECTOMER",30,0.5,1,1,1,1,10,"sine","sqrt",36,NA,NA,NA,NA,NA,NA
1937,"synthetic","SPLINECTOMER",30,0.5,1,1,1,1,10,"sine","sqrt",37,NA,NA,NA,NA,NA,NA
1938,"synthetic","SPLINECTOMER",30,0.5,1,1,1,1,10,"sine","sqrt",38,NA,NA,NA,NA,NA,NA
1939,"synthetic","SPLINECTOMER",30,0.5,1,1,1,1,10,"sine","sqrt",39,NA,NA,NA,NA,NA,NA
1940,"synthetic","SPLINECTOMER",30,0.5,1,1,1,1,10,"sine","sqrt",40,NA,NA,NA,NA,NA,NA
1941,"synthetic","SPLINECTOMER",30,0.5,1,1,1,1,10,"sine","sqrt",41,NA,NA,NA,NA,NA,NA
1942,"synthetic","SPLINECTOMER",30,0.5,1,1,1,1,10,"sine","sqrt",42,NA,NA,NA,NA,NA,NA
1943,"synthetic","SPLINECTOMER",30,0.5,1,1,1,1,10,"sine","sqrt",43,NA,NA,NA,NA,NA,NA
1944,"synthetic","SPLINECTOMER",30,0.5,1,1,1,1,10,"sine","sqrt",44,NA,NA,NA,NA,NA,NA
1945,"synthetic","SPLINECTOMER",30,0.5,1,1,1,1,10,"sine","sqrt",45,NA,NA,NA,NA,NA,NA
1946,"synthetic","SPLINECTOMER",30,0.5,1,1,1,1,10,"sine","sqrt",46,NA,NA,NA,NA,NA,NA
1947,"synthetic","SPLINECTOMER",30,0.5,1,1,1,1,10,"sine","sqrt",47,NA,NA,NA,NA,NA,NA
1948,"synthetic","SPLINECTOMER",30,0.5,1,1,1,1,10,"sine","sqrt",48,NA,NA,NA,NA,NA,NA
1949,"synthetic","SPLINECTOMER",30,0.5,1,1,1,1,10,"sine","sqrt",49,NA,NA,NA,NA,NA,NA
1950,"synthetic","SPLINECTOMER",30,0.5,1,1,1,1,10,"sine","sqrt",50,NA,NA,NA,NA,NA,NA
1951,"synthetic","SPLINECTOMER",30,0.5,1,1,1,1,10,"sine","sqrt",51,NA,NA,NA,NA,NA,NA
1952,"synthetic","SPLINECTOMER",30,0.5,1,1,1,1,10,"sine","sqrt",52,NA,NA,NA,NA,NA,NA
1953,"synthetic","SPLINECTOMER",30,0.5,1,1,1,1,10,"sine","sqrt",53,NA,NA,NA,NA,NA,NA
1954,"synthetic","SPLINECTOMER",30,0.5,1,1,1,1,10,"sine","sqrt",54,NA,NA,NA,NA,NA,NA
1955,"synthetic","SPLINECTOMER",30,0.5,1,1,1,1,10,"sine","sqrt",55,NA,NA,NA,NA,NA,NA
1956,"synthetic","SPLINECTOMER",30,0.5,1,1,1,1,10,"sine","sqrt",56,NA,NA,NA,NA,NA,NA
1957,"synthetic","SPLINECTOMER",30,0.5,1,1,1,1,10,"sine","sqrt",57,NA,NA,NA,NA,NA,NA
1958,"synthetic","SPLINECTOMER",30,0.5,1,1,1,1,10,"sine","sqrt",58,NA,NA,NA,NA,NA,NA
1959,"synthetic","SPLINECTOMER",30,0.5,1,1,1,1,10,"sine","sqrt",59,NA,NA,NA,NA,NA,NA
1960,"synthetic","SPLINECTOMER",30,0.5,1,1,1,1,10,"sine","sqrt",60,NA,NA,NA,NA,NA,NA
1961,"synthetic","SPLINECTOMER",30,0.5,1,1,1,1,10,"sine","sqrt",61,NA,NA,NA,NA,NA,NA
1962,"synthetic","SPLINECTOMER",30,0.5,1,1,1,1,10,"sine","sqrt",62,NA,NA,NA,NA,NA,NA
1963,"synthetic","SPLINECTOMER",30,0.5,1,1,1,1,10,"sine","sqrt",63,NA,NA,NA,NA,NA,NA
1964,"synthetic","SPLINECTOMER",30,0.5,1,1,1,1,10,"sine","sqrt",64,NA,NA,NA,NA,NA,NA
1965,"synthetic","SPLINECTOMER",30,0.5,1,1,1,1,10,"sine","sqrt",65,NA,NA,NA,NA,NA,NA
1966,"synthetic","SPLINECTOMER",30,0.5,1,1,1,1,10,"sine","sqrt",66,NA,NA,NA,NA,NA,NA
1967,"synthetic","SPLINECTOMER",30,0.5,1,1,1,1,10,"sine","sqrt",67,NA,NA,NA,NA,NA,NA
1968,"synthetic","SPLINECTOMER",30,0.5,1,1,1,1,10,"sine","sqrt",68,NA,NA,NA,NA,NA,NA
1969,"synthetic","SPLINECTOMER",30,0.5,1,1,1,1,10,"sine","sqrt",69,NA,NA,NA,NA,NA,NA
1970,"synthetic","SPLINECTOMER",30,0.5,1,1,1,1,10,"sine","sqrt",70,NA,NA,NA,NA,NA,NA
1971,"synthetic","SPLINECTOMER",30,0.5,1,1,1,1,10,"sine","sqrt",71,NA,NA,NA,NA,NA,NA
1972,"synthetic","SPLINECTOMER",30,0.5,1,1,1,1,10,"sine","sqrt",72,NA,NA,NA,NA,NA,NA
1973,"synthetic","SPLINECTOMER",30,0.5,1,1,1,1,10,"sine","sqrt",73,NA,NA,NA,NA,NA,NA
1974,"synthetic","SPLINECTOMER",30,0.5,1,1,1,1,10,"sine","sqrt",74,NA,NA,NA,NA,NA,NA
1975,"synthetic","SPLINECTOMER",30,0.5,1,1,1,1,10,"sine","sqrt",75,NA,NA,NA,NA,NA,NA
1976,"synthetic","SPLINECTOMER",30,0.5,1,1,1,1,10,"sine","sqrt",76,NA,NA,NA,NA,NA,NA
1977,"synthetic","SPLINECTOMER",30,0.5,1,1,1,1,10,"sine","sqrt",77,NA,NA,NA,NA,NA,NA
1978,"synthetic","SPLINECTOMER",30,0.5,1,1,1,1,10,"sine","sqrt",78,NA,NA,NA,NA,NA,NA
1979,"synthetic","SPLINECTOMER",30,0.5,1,1,1,1,10,"sine","sqrt",79,NA,NA,NA,NA,NA,NA
1980,"synthetic","SPLINECTOMER",30,0.5,1,1,1,1,10,"sine","sqrt",80,NA,NA,NA,NA,NA,NA
1981,"synthetic","SPLINECTOMER",30,0.5,1,1,1,1,10,"sine","sqrt",81,NA,NA,NA,NA,NA,NA
1982,"synthetic","SPLINECTOMER",30,0.5,1,1,1,1,10,"sine","sqrt",82,NA,NA,NA,NA,NA,NA
1983,"synthetic","SPLINECTOMER",30,0.5,1,1,1,1,10,"sine","sqrt",83,NA,NA,NA,NA,NA,NA
1984,"synthetic","SPLINECTOMER",30,0.5,1,1,1,1,10,"sine","sqrt",84,NA,NA,NA,NA,NA,NA
1985,"synthetic","SPLINECTOMER",30,0.5,1,1,1,1,10,"sine","sqrt",85,NA,NA,NA,NA,NA,NA
1986,"synthetic","SPLINECTOMER",30,0.5,1,1,1,1,10,"sine","sqrt",86,NA,NA,NA,NA,NA,NA
1987,"synthetic","SPLINECTOMER",30,0.5,1,1,1,1,10,"sine","sqrt",87,NA,NA,NA,NA,NA,NA
1988,"synthetic","SPLINECTOMER",30,0.5,1,1,1,1,10,"sine","sqrt",88,NA,NA,NA,NA,NA,NA
1989,"synthetic","SPLINECTOMER",30,0.5,1,1,1,1,10,"sine","sqrt",89,NA,NA,NA,NA,NA,NA
1990,"synthetic","SPLINECTOMER",30,0.5,1,1,1,1,10,"sine","sqrt",90,NA,NA,NA,NA,NA,NA
1991,"synthetic","SPLINECTOMER",30,0.5,1,1,1,1,10,"sine","sqrt",91,NA,NA,NA,NA,NA,NA
1992,"synthetic","SPLINECTOMER",30,0.5,1,1,1,1,10,"sine","sqrt",92,NA,NA,NA,NA,NA,NA
1993,"synthetic","SPLINECTOMER",30,0.5,1,1,1,1,10,"sine","sqrt",93,NA,NA,NA,NA,NA,NA
1994,"synthetic","SPLINECTOMER",30,0.5,1,1,1,1,10,"sine","sqrt",94,NA,NA,NA,NA,NA,NA
1995,"synthetic","SPLINECTOMER",30,0.5,1,1,1,1,10,"sine","sqrt",95,NA,NA,NA,NA,NA,NA
1996,"synthetic","SPLINECTOMER",30,0.5,1,1,1,1,10,"sine","sqrt",96,NA,NA,NA,NA,NA,NA
1997,"synthetic","SPLINECTOMER",30,0.5,1,1,1,1,10,"sine","sqrt",97,NA,NA,NA,NA,NA,NA
1998,"synthetic","SPLINECTOMER",30,0.5,1,1,1,1,10,"sine","sqrt",98,NA,NA,NA,NA,NA,NA
1999,"synthetic","SPLINECTOMER",30,0.5,1,1,1,1,10,"sine","sqrt",99,NA,NA,NA,NA,NA,NA
2000,"synthetic","SPLINECTOMER",30,0.5,1,1,1,1,10,"sine","sqrt",100,NA,NA,NA,NA,NA,NA
2001,"synthetic","SPLINECTOMER",50,0.5,1,1,1,1,10,"sine","sqrt",1,NA,NA,NA,NA,NA,NA
2002,"synthetic","SPLINECTOMER",50,0.5,1,1,1,1,10,"sine","sqrt",2,NA,NA,NA,NA,NA,NA
2003,"synthetic","SPLINECTOMER",50,0.5,1,1,1,1,10,"sine","sqrt",3,NA,NA,NA,NA,NA,NA
2004,"synthetic","SPLINECTOMER",50,0.5,1,1,1,1,10,"sine","sqrt",4,NA,NA,NA,NA,NA,NA
2005,"synthetic","SPLINECTOMER",50,0.5,1,1,1,1,10,"sine","sqrt",5,NA,NA,NA,NA,NA,NA
2006,"synthetic","SPLINECTOMER",50,0.5,1,1,1,1,10,"sine","sqrt",6,NA,NA,NA,NA,NA,NA
2007,"synthetic","SPLINECTOMER",50,0.5,1,1,1,1,10,"sine","sqrt",7,NA,NA,NA,NA,NA,NA
2008,"synthetic","SPLINECTOMER",50,0.5,1,1,1,1,10,"sine","sqrt",8,NA,NA,NA,NA,NA,NA
2009,"synthetic","SPLINECTOMER",50,0.5,1,1,1,1,10,"sine","sqrt",9,NA,NA,NA,NA,NA,NA
2010,"synthetic","SPLINECTOMER",50,0.5,1,1,1,1,10,"sine","sqrt",10,NA,NA,NA,NA,NA,NA
2011,"synthetic","SPLINECTOMER",50,0.5,1,1,1,1,10,"sine","sqrt",11,NA,NA,NA,NA,NA,NA
2012,"synthetic","SPLINECTOMER",50,0.5,1,1,1,1,10,"sine","sqrt",12,NA,NA,NA,NA,NA,NA
2013,"synthetic","SPLINECTOMER",50,0.5,1,1,1,1,10,"sine","sqrt",13,NA,NA,NA,NA,NA,NA
2014,"synthetic","SPLINECTOMER",50,0.5,1,1,1,1,10,"sine","sqrt",14,NA,NA,NA,NA,NA,NA
2015,"synthetic","SPLINECTOMER",50,0.5,1,1,1,1,10,"sine","sqrt",15,NA,NA,NA,NA,NA,NA
2016,"synthetic","SPLINECTOMER",50,0.5,1,1,1,1,10,"sine","sqrt",16,NA,NA,NA,NA,NA,NA
2017,"synthetic","SPLINECTOMER",50,0.5,1,1,1,1,10,"sine","sqrt",17,NA,NA,NA,NA,NA,NA
2018,"synthetic","SPLINECTOMER",50,0.5,1,1,1,1,10,"sine","sqrt",18,NA,NA,NA,NA,NA,NA
2019,"synthetic","SPLINECTOMER",50,0.5,1,1,1,1,10,"sine","sqrt",19,NA,NA,NA,NA,NA,NA
2020,"synthetic","SPLINECTOMER",50,0.5,1,1,1,1,10,"sine","sqrt",20,NA,NA,NA,NA,NA,NA
2021,"synthetic","SPLINECTOMER",50,0.5,1,1,1,1,10,"sine","sqrt",21,NA,NA,NA,NA,NA,NA
2022,"synthetic","SPLINECTOMER",50,0.5,1,1,1,1,10,"sine","sqrt",22,NA,NA,NA,NA,NA,NA
2023,"synthetic","SPLINECTOMER",50,0.5,1,1,1,1,10,"sine","sqrt",23,NA,NA,NA,NA,NA,NA
2024,"synthetic","SPLINECTOMER",50,0.5,1,1,1,1,10,"sine","sqrt",24,NA,NA,NA,NA,NA,NA
2025,"synthetic","SPLINECTOMER",50,0.5,1,1,1,1,10,"sine","sqrt",25,NA,NA,NA,NA,NA,NA
2026,"synthetic","SPLINECTOMER",50,0.5,1,1,1,1,10,"sine","sqrt",26,NA,NA,NA,NA,NA,NA
2027,"synthetic","SPLINECTOMER",50,0.5,1,1,1,1,10,"sine","sqrt",27,NA,NA,NA,NA,NA,NA
2028,"synthetic","SPLINECTOMER",50,0.5,1,1,1,1,10,"sine","sqrt",28,NA,NA,NA,NA,NA,NA
2029,"synthetic","SPLINECTOMER",50,0.5,1,1,1,1,10,"sine","sqrt",29,NA,NA,NA,NA,NA,NA
2030,"synthetic","SPLINECTOMER",50,0.5,1,1,1,1,10,"sine","sqrt",30,NA,NA,NA,NA,NA,NA
2031,"synthetic","SPLINECTOMER",50,0.5,1,1,1,1,10,"sine","sqrt",31,NA,NA,NA,NA,NA,NA
2032,"synthetic","SPLINECTOMER",50,0.5,1,1,1,1,10,"sine","sqrt",32,NA,NA,NA,NA,NA,NA
2033,"synthetic","SPLINECTOMER",50,0.5,1,1,1,1,10,"sine","sqrt",33,NA,NA,NA,NA,NA,NA
2034,"synthetic","SPLINECTOMER",50,0.5,1,1,1,1,10,"sine","sqrt",34,NA,NA,NA,NA,NA,NA
2035,"synthetic","SPLINECTOMER",50,0.5,1,1,1,1,10,"sine","sqrt",35,NA,NA,NA,NA,NA,NA
2036,"synthetic","SPLINECTOMER",50,0.5,1,1,1,1,10,"sine","sqrt",36,NA,NA,NA,NA,NA,NA
2037,"synthetic","SPLINECTOMER",50,0.5,1,1,1,1,10,"sine","sqrt",37,NA,NA,NA,NA,NA,NA
2038,"synthetic","SPLINECTOMER",50,0.5,1,1,1,1,10,"sine","sqrt",38,NA,NA,NA,NA,NA,NA
2039,"synthetic","SPLINECTOMER",50,0.5,1,1,1,1,10,"sine","sqrt",39,NA,NA,NA,NA,NA,NA
2040,"synthetic","SPLINECTOMER",50,0.5,1,1,1,1,10,"sine","sqrt",40,NA,NA,NA,NA,NA,NA
2041,"synthetic","SPLINECTOMER",50,0.5,1,1,1,1,10,"sine","sqrt",41,NA,NA,NA,NA,NA,NA
2042,"synthetic","SPLINECTOMER",50,0.5,1,1,1,1,10,"sine","sqrt",42,NA,NA,NA,NA,NA,NA
2043,"synthetic","SPLINECTOMER",50,0.5,1,1,1,1,10,"sine","sqrt",43,NA,NA,NA,NA,NA,NA
2044,"synthetic","SPLINECTOMER",50,0.5,1,1,1,1,10,"sine","sqrt",44,NA,NA,NA,NA,NA,NA
2045,"synthetic","SPLINECTOMER",50,0.5,1,1,1,1,10,"sine","sqrt",45,NA,NA,NA,NA,NA,NA
2046,"synthetic","SPLINECTOMER",50,0.5,1,1,1,1,10,"sine","sqrt",46,NA,NA,NA,NA,NA,NA
2047,"synthetic","SPLINECTOMER",50,0.5,1,1,1,1,10,"sine","sqrt",47,NA,NA,NA,NA,NA,NA
2048,"synthetic","SPLINECTOMER",50,0.5,1,1,1,1,10,"sine","sqrt",48,NA,NA,NA,NA,NA,NA
2049,"synthetic","SPLINECTOMER",50,0.5,1,1,1,1,10,"sine","sqrt",49,NA,NA,NA,NA,NA,NA
2050,"synthetic","SPLINECTOMER",50,0.5,1,1,1,1,10,"sine","sqrt",50,NA,NA,NA,NA,NA,NA
2051,"synthetic","SPLINECTOMER",50,0.5,1,1,1,1,10,"sine","sqrt",51,NA,NA,NA,NA,NA,NA
2052,"synthetic","SPLINECTOMER",50,0.5,1,1,1,1,10,"sine","sqrt",52,NA,NA,NA,NA,NA,NA
2053,"synthetic","SPLINECTOMER",50,0.5,1,1,1,1,10,"sine","sqrt",53,NA,NA,NA,NA,NA,NA
2054,"synthetic","SPLINECTOMER",50,0.5,1,1,1,1,10,"sine","sqrt",54,NA,NA,NA,NA,NA,NA
2055,"synthetic","SPLINECTOMER",50,0.5,1,1,1,1,10,"sine","sqrt",55,NA,NA,NA,NA,NA,NA
2056,"synthetic","SPLINECTOMER",50,0.5,1,1,1,1,10,"sine","sqrt",56,NA,NA,NA,NA,NA,NA
2057,"synthetic","SPLINECTOMER",50,0.5,1,1,1,1,10,"sine","sqrt",57,NA,NA,NA,NA,NA,NA
2058,"synthetic","SPLINECTOMER",50,0.5,1,1,1,1,10,"sine","sqrt",58,NA,NA,NA,NA,NA,NA
2059,"synthetic","SPLINECTOMER",50,0.5,1,1,1,1,10,"sine","sqrt",59,NA,NA,NA,NA,NA,NA
2060,"synthetic","SPLINECTOMER",50,0.5,1,1,1,1,10,"sine","sqrt",60,NA,NA,NA,NA,NA,NA
2061,"synthetic","SPLINECTOMER",50,0.5,1,1,1,1,10,"sine","sqrt",61,NA,NA,NA,NA,NA,NA
2062,"synthetic","SPLINECTOMER",50,0.5,1,1,1,1,10,"sine","sqrt",62,NA,NA,NA,NA,NA,NA
2063,"synthetic","SPLINECTOMER",50,0.5,1,1,1,1,10,"sine","sqrt",63,NA,NA,NA,NA,NA,NA
2064,"synthetic","SPLINECTOMER",50,0.5,1,1,1,1,10,"sine","sqrt",64,NA,NA,NA,NA,NA,NA
2065,"synthetic","SPLINECTOMER",50,0.5,1,1,1,1,10,"sine","sqrt",65,NA,NA,NA,NA,NA,NA
2066,"synthetic","SPLINECTOMER",50,0.5,1,1,1,1,10,"sine","sqrt",66,NA,NA,NA,NA,NA,NA
2067,"synthetic","SPLINECTOMER",50,0.5,1,1,1,1,10,"sine","sqrt",67,NA,NA,NA,NA,NA,NA
2068,"synthetic","SPLINECTOMER",50,0.5,1,1,1,1,10,"sine","sqrt",68,NA,NA,NA,NA,NA,NA
2069,"synthetic","SPLINECTOMER",50,0.5,1,1,1,1,10,"sine","sqrt",69,NA,NA,NA,NA,NA,NA
2070,"synthetic","SPLINECTOMER",50,0.5,1,1,1,1,10,"sine","sqrt",70,NA,NA,NA,NA,NA,NA
2071,"synthetic","SPLINECTOMER",50,0.5,1,1,1,1,10,"sine","sqrt",71,NA,NA,NA,NA,NA,NA
2072,"synthetic","SPLINECTOMER",50,0.5,1,1,1,1,10,"sine","sqrt",72,NA,NA,NA,NA,NA,NA
2073,"synthetic","SPLINECTOMER",50,0.5,1,1,1,1,10,"sine","sqrt",73,NA,NA,NA,NA,NA,NA
2074,"synthetic","SPLINECTOMER",50,0.5,1,1,1,1,10,"sine","sqrt",74,NA,NA,NA,NA,NA,NA
2075,"synthetic","SPLINECTOMER",50,0.5,1,1,1,1,10,"sine","sqrt",75,NA,NA,NA,NA,NA,NA
2076,"synthetic","SPLINECTOMER",50,0.5,1,1,1,1,10,"sine","sqrt",76,NA,NA,NA,NA,NA,NA
2077,"synthetic","SPLINECTOMER",50,0.5,1,1,1,1,10,"sine","sqrt",77,NA,NA,NA,NA,NA,NA
2078,"synthetic","SPLINECTOMER",50,0.5,1,1,1,1,10,"sine","sqrt",78,NA,NA,NA,NA,NA,NA
2079,"synthetic","SPLINECTOMER",50,0.5,1,1,1,1,10,"sine","sqrt",79,NA,NA,NA,NA,NA,NA
2080,"synthetic","SPLINECTOMER",50,0.5,1,1,1,1,10,"sine","sqrt",80,NA,NA,NA,NA,NA,NA
2081,"synthetic","SPLINECTOMER",50,0.5,1,1,1,1,10,"sine","sqrt",81,NA,NA,NA,NA,NA,NA
2082,"synthetic","SPLINECTOMER",50,0.5,1,1,1,1,10,"sine","sqrt",82,NA,NA,NA,NA,NA,NA
2083,"synthetic","SPLINECTOMER",50,0.5,1,1,1,1,10,"sine","sqrt",83,NA,NA,NA,NA,NA,NA
2084,"synthetic","SPLINECTOMER",50,0.5,1,1,1,1,10,"sine","sqrt",84,NA,NA,NA,NA,NA,NA
2085,"synthetic","SPLINECTOMER",50,0.5,1,1,1,1,10,"sine","sqrt",85,NA,NA,NA,NA,NA,NA
2086,"synthetic","SPLINECTOMER",50,0.5,1,1,1,1,10,"sine","sqrt",86,NA,NA,NA,NA,NA,NA
2087,"synthetic","SPLINECTOMER",50,0.5,1,1,1,1,10,"sine","sqrt",87,NA,NA,NA,NA,NA,NA
2088,"synthetic","SPLINECTOMER",50,0.5,1,1,1,1,10,"sine","sqrt",88,NA,NA,NA,NA,NA,NA
2089,"synthetic","SPLINECTOMER",50,0.5,1,1,1,1,10,"sine","sqrt",89,NA,NA,NA,NA,NA,NA
2090,"synthetic","SPLINECTOMER",50,0.5,1,1,1,1,10,"sine","sqrt",90,NA,NA,NA,NA,NA,NA
2091,"synthetic","SPLINECTOMER",50,0.5,1,1,1,1,10,"sine","sqrt",91,NA,NA,NA,NA,NA,NA
2092,"synthetic","SPLINECTOMER",50,0.5,1,1,1,1,10,"sine","sqrt",92,NA,NA,NA,NA,NA,NA
2093,"synthetic","SPLINECTOMER",50,0.5,1,1,1,1,10,"sine","sqrt",93,NA,NA,NA,NA,NA,NA
2094,"synthetic","SPLINECTOMER",50,0.5,1,1,1,1,10,"sine","sqrt",94,NA,NA,NA,NA,NA,NA
2095,"synthetic","SPLINECTOMER",50,0.5,1,1,1,1,10,"sine","sqrt",95,NA,NA,NA,NA,NA,NA
2096,"synthetic","SPLINECTOMER",50,0.5,1,1,1,1,10,"sine","sqrt",96,NA,NA,NA,NA,NA,NA
2097,"synthetic","SPLINECTOMER",50,0.5,1,1,1,1,10,"sine","sqrt",97,NA,NA,NA,NA,NA,NA
2098,"synthetic","SPLINECTOMER",50,0.5,1,1,1,1,10,"sine","sqrt",98,NA,NA,NA,NA,NA,NA
2099,"synthetic","SPLINECTOMER",50,0.5,1,1,1,1,10,"sine","sqrt",99,NA,NA,NA,NA,NA,NA
2100,"synthetic","SPLINECTOMER",50,0.5,1,1,1,1,10,"sine","sqrt",100,NA,NA,NA,NA,NA,NA
2101,"synthetic","SPLINECTOMER",100,0.5,1,1,1,1,10,"sine","sqrt",1,NA,NA,NA,NA,NA,NA
2102,"synthetic","SPLINECTOMER",100,0.5,1,1,1,1,10,"sine","sqrt",2,NA,NA,NA,NA,NA,NA
2103,"synthetic","SPLINECTOMER",100,0.5,1,1,1,1,10,"sine","sqrt",3,NA,NA,NA,NA,NA,NA
2104,"synthetic","SPLINECTOMER",100,0.5,1,1,1,1,10,"sine","sqrt",4,NA,NA,NA,NA,NA,NA
2105,"synthetic","SPLINECTOMER",100,0.5,1,1,1,1,10,"sine","sqrt",5,NA,NA,NA,NA,NA,NA
2106,"synthetic","SPLINECTOMER",100,0.5,1,1,1,1,10,"sine","sqrt",6,NA,NA,NA,NA,NA,NA
2107,"synthetic","SPLINECTOMER",100,0.5,1,1,1,1,10,"sine","sqrt",7,NA,NA,NA,NA,NA,NA
2108,"synthetic","SPLINECTOMER",100,0.5,1,1,1,1,10,"sine","sqrt",8,NA,NA,NA,NA,NA,NA
2109,"synthetic","SPLINECTOMER",100,0.5,1,1,1,1,10,"sine","sqrt",9,NA,NA,NA,NA,NA,NA
2110,"synthetic","SPLINECTOMER",100,0.5,1,1,1,1,10,"sine","sqrt",10,NA,NA,NA,NA,NA,NA
2111,"synthetic","SPLINECTOMER",100,0.5,1,1,1,1,10,"sine","sqrt",11,NA,NA,NA,NA,NA,NA
2112,"synthetic","SPLINECTOMER",100,0.5,1,1,1,1,10,"sine","sqrt",12,NA,NA,NA,NA,NA,NA
2113,"synthetic","SPLINECTOMER",100,0.5,1,1,1,1,10,"sine","sqrt",13,NA,NA,NA,NA,NA,NA
2114,"synthetic","SPLINECTOMER",100,0.5,1,1,1,1,10,"sine","sqrt",14,NA,NA,NA,NA,NA,NA
2115,"synthetic","SPLINECTOMER",100,0.5,1,1,1,1,10,"sine","sqrt",15,NA,NA,NA,NA,NA,NA
2116,"synthetic","SPLINECTOMER",100,0.5,1,1,1,1,10,"sine","sqrt",16,NA,NA,NA,NA,NA,NA
2117,"synthetic","SPLINECTOMER",100,0.5,1,1,1,1,10,"sine","sqrt",17,NA,NA,NA,NA,NA,NA
2118,"synthetic","SPLINECTOMER",100,0.5,1,1,1,1,10,"sine","sqrt",18,NA,NA,NA,NA,NA,NA
2119,"synthetic","SPLINECTOMER",100,0.5,1,1,1,1,10,"sine","sqrt",19,NA,NA,NA,NA,NA,NA
2120,"synthetic","SPLINECTOMER",100,0.5,1,1,1,1,10,"sine","sqrt",20,NA,NA,NA,NA,NA,NA
2121,"synthetic","SPLINECTOMER",100,0.5,1,1,1,1,10,"sine","sqrt",21,NA,NA,NA,NA,NA,NA
2122,"synthetic","SPLINECTOMER",100,0.5,1,1,1,1,10,"sine","sqrt",22,NA,NA,NA,NA,NA,NA
2123,"synthetic","SPLINECTOMER",100,0.5,1,1,1,1,10,"sine","sqrt",23,NA,NA,NA,NA,NA,NA
2124,"synthetic","SPLINECTOMER",100,0.5,1,1,1,1,10,"sine","sqrt",24,NA,NA,NA,NA,NA,NA
2125,"synthetic","SPLINECTOMER",100,0.5,1,1,1,1,10,"sine","sqrt",25,NA,NA,NA,NA,NA,NA
2126,"synthetic","SPLINECTOMER",100,0.5,1,1,1,1,10,"sine","sqrt",26,NA,NA,NA,NA,NA,NA
2127,"synthetic","SPLINECTOMER",100,0.5,1,1,1,1,10,"sine","sqrt",27,NA,NA,NA,NA,NA,NA
2128,"synthetic","SPLINECTOMER",100,0.5,1,1,1,1,10,"sine","sqrt",28,NA,NA,NA,NA,NA,NA
2129,"synthetic","SPLINECTOMER",100,0.5,1,1,1,1,10,"sine","sqrt",29,NA,NA,NA,NA,NA,NA
2130,"synthetic","SPLINECTOMER",100,0.5,1,1,1,1,10,"sine","sqrt",30,NA,NA,NA,NA,NA,NA
2131,"synthetic","SPLINECTOMER",100,0.5,1,1,1,1,10,"sine","sqrt",31,NA,NA,NA,NA,NA,NA
2132,"synthetic","SPLINECTOMER",100,0.5,1,1,1,1,10,"sine","sqrt",32,NA,NA,NA,NA,NA,NA
2133,"synthetic","SPLINECTOMER",100,0.5,1,1,1,1,10,"sine","sqrt",33,NA,NA,NA,NA,NA,NA
2134,"synthetic","SPLINECTOMER",100,0.5,1,1,1,1,10,"sine","sqrt",34,NA,NA,NA,NA,NA,NA
2135,"synthetic","SPLINECTOMER",100,0.5,1,1,1,1,10,"sine","sqrt",35,NA,NA,NA,NA,NA,NA
2136,"synthetic","SPLINECTOMER",100,0.5,1,1,1,1,10,"sine","sqrt",36,NA,NA,NA,NA,NA,NA
2137,"synthetic","SPLINECTOMER",100,0.5,1,1,1,1,10,"sine","sqrt",37,NA,NA,NA,NA,NA,NA
2138,"synthetic","SPLINECTOMER",100,0.5,1,1,1,1,10,"sine","sqrt",38,NA,NA,NA,NA,NA,NA
2139,"synthetic","SPLINECTOMER",100,0.5,1,1,1,1,10,"sine","sqrt",39,NA,NA,NA,NA,NA,NA
2140,"synthetic","SPLINECTOMER",100,0.5,1,1,1,1,10,"sine","sqrt",40,NA,NA,NA,NA,NA,NA
2141,"synthetic","SPLINECTOMER",100,0.5,1,1,1,1,10,"sine","sqrt",41,NA,NA,NA,NA,NA,NA
2142,"synthetic","SPLINECTOMER",100,0.5,1,1,1,1,10,"sine","sqrt",42,NA,NA,NA,NA,NA,NA
2143,"synthetic","SPLINECTOMER",100,0.5,1,1,1,1,10,"sine","sqrt",43,NA,NA,NA,NA,NA,NA
2144,"synthetic","SPLINECTOMER",100,0.5,1,1,1,1,10,"sine","sqrt",44,NA,NA,NA,NA,NA,NA
2145,"synthetic","SPLINECTOMER",100,0.5,1,1,1,1,10,"sine","sqrt",45,NA,NA,NA,NA,NA,NA
2146,"synthetic","SPLINECTOMER",100,0.5,1,1,1,1,10,"sine","sqrt",46,NA,NA,NA,NA,NA,NA
2147,"synthetic","SPLINECTOMER",100,0.5,1,1,1,1,10,"sine","sqrt",47,NA,NA,NA,NA,NA,NA
2148,"synthetic","SPLINECTOMER",100,0.5,1,1,1,1,10,"sine","sqrt",48,NA,NA,NA,NA,NA,NA
2149,"synthetic","SPLINECTOMER",100,0.5,1,1,1,1,10,"sine","sqrt",49,NA,NA,NA,NA,NA,NA
2150,"synthetic","SPLINECTOMER",100,0.5,1,1,1,1,10,"sine","sqrt",50,NA,NA,NA,NA,NA,NA
2151,"synthetic","SPLINECTOMER",100,0.5,1,1,1,1,10,"sine","sqrt",51,NA,NA,NA,NA,NA,NA
2152,"synthetic","SPLINECTOMER",100,0.5,1,1,1,1,10,"sine","sqrt",52,NA,NA,NA,NA,NA,NA
2153,"synthetic","SPLINECTOMER",100,0.5,1,1,1,1,10,"sine","sqrt",53,NA,NA,NA,NA,NA,NA
2154,"synthetic","SPLINECTOMER",100,0.5,1,1,1,1,10,"sine","sqrt",54,NA,NA,NA,NA,NA,NA
2155,"synthetic","SPLINECTOMER",100,0.5,1,1,1,1,10,"sine","sqrt",55,NA,NA,NA,NA,NA,NA
2156,"synthetic","SPLINECTOMER",100,0.5,1,1,1,1,10,"sine","sqrt",56,NA,NA,NA,NA,NA,NA
2157,"synthetic","SPLINECTOMER",100,0.5,1,1,1,1,10,"sine","sqrt",57,NA,NA,NA,NA,NA,NA
2158,"synthetic","SPLINECTOMER",100,0.5,1,1,1,1,10,"sine","sqrt",58,NA,NA,NA,NA,NA,NA
2159,"synthetic","SPLINECTOMER",100,0.5,1,1,1,1,10,"sine","sqrt",59,NA,NA,NA,NA,NA,NA
2160,"synthetic","SPLINECTOMER",100,0.5,1,1,1,1,10,"sine","sqrt",60,NA,NA,NA,NA,NA,NA
2161,"synthetic","SPLINECTOMER",100,0.5,1,1,1,1,10,"sine","sqrt",61,NA,NA,NA,NA,NA,NA
2162,"synthetic","SPLINECTOMER",100,0.5,1,1,1,1,10,"sine","sqrt",62,NA,NA,NA,NA,NA,NA
2163,"synthetic","SPLINECTOMER",100,0.5,1,1,1,1,10,"sine","sqrt",63,NA,NA,NA,NA,NA,NA
2164,"synthetic","SPLINECTOMER",100,0.5,1,1,1,1,10,"sine","sqrt",64,NA,NA,NA,NA,NA,NA
2165,"synthetic","SPLINECTOMER",100,0.5,1,1,1,1,10,"sine","sqrt",65,NA,NA,NA,NA,NA,NA
2166,"synthetic","SPLINECTOMER",100,0.5,1,1,1,1,10,"sine","sqrt",66,NA,NA,NA,NA,NA,NA
2167,"synthetic","SPLINECTOMER",100,0.5,1,1,1,1,10,"sine","sqrt",67,NA,NA,NA,NA,NA,NA
2168,"synthetic","SPLINECTOMER",100,0.5,1,1,1,1,10,"sine","sqrt",68,NA,NA,NA,NA,NA,NA
2169,"synthetic","SPLINECTOMER",100,0.5,1,1,1,1,10,"sine","sqrt",69,NA,NA,NA,NA,NA,NA
2170,"synthetic","SPLINECTOMER",100,0.5,1,1,1,1,10,"sine","sqrt",70,NA,NA,NA,NA,NA,NA
2171,"synthetic","SPLINECTOMER",100,0.5,1,1,1,1,10,"sine","sqrt",71,NA,NA,NA,NA,NA,NA
2172,"synthetic","SPLINECTOMER",100,0.5,1,1,1,1,10,"sine","sqrt",72,NA,NA,NA,NA,NA,NA
2173,"synthetic","SPLINECTOMER",100,0.5,1,1,1,1,10,"sine","sqrt",73,NA,NA,NA,NA,NA,NA
2174,"synthetic","SPLINECTOMER",100,0.5,1,1,1,1,10,"sine","sqrt",74,NA,NA,NA,NA,NA,NA
2175,"synthetic","SPLINECTOMER",100,0.5,1,1,1,1,10,"sine","sqrt",75,NA,NA,NA,NA,NA,NA
2176,"synthetic","SPLINECTOMER",100,0.5,1,1,1,1,10,"sine","sqrt",76,NA,NA,NA,NA,NA,NA
2177,"synthetic","SPLINECTOMER",100,0.5,1,1,1,1,10,"sine","sqrt",77,NA,NA,NA,NA,NA,NA
2178,"synthetic","SPLINECTOMER",100,0.5,1,1,1,1,10,"sine","sqrt",78,NA,NA,NA,NA,NA,NA
2179,"synthetic","SPLINECTOMER",100,0.5,1,1,1,1,10,"sine","sqrt",79,NA,NA,NA,NA,NA,NA
2180,"synthetic","SPLINECTOMER",100,0.5,1,1,1,1,10,"sine","sqrt",80,NA,NA,NA,NA,NA,NA
2181,"synthetic","SPLINECTOMER",100,0.5,1,1,1,1,10,"sine","sqrt",81,NA,NA,NA,NA,NA,NA
2182,"synthetic","SPLINECTOMER",100,0.5,1,1,1,1,10,"sine","sqrt",82,NA,NA,NA,NA,NA,NA
2183,"synthetic","SPLINECTOMER",100,0.5,1,1,1,1,10,"sine","sqrt",83,NA,NA,NA,NA,NA,NA
2184,"synthetic","SPLINECTOMER",100,0.5,1,1,1,1,10,"sine","sqrt",84,NA,NA,NA,NA,NA,NA
2185,"synthetic","SPLINECTOMER",100,0.5,1,1,1,1,10,"sine","sqrt",85,NA,NA,NA,NA,NA,NA
2186,"synthetic","SPLINECTOMER",100,0.5,1,1,1,1,10,"sine","sqrt",86,NA,NA,NA,NA,NA,NA
2187,"synthetic","SPLINECTOMER",100,0.5,1,1,1,1,10,"sine","sqrt",87,NA,NA,NA,NA,NA,NA
2188,"synthetic","SPLINECTOMER",100,0.5,1,1,1,1,10,"sine","sqrt",88,NA,NA,NA,NA,NA,NA
2189,"synthetic","SPLINECTOMER",100,0.5,1,1,1,1,10,"sine","sqrt",89,NA,NA,NA,NA,NA,NA
2190,"synthetic","SPLINECTOMER",100,0.5,1,1,1,1,10,"sine","sqrt",90,NA,NA,NA,NA,NA,NA
2191,"synthetic","SPLINECTOMER",100,0.5,1,1,1,1,10,"sine","sqrt",91,NA,NA,NA,NA,NA,NA
2192,"synthetic","SPLINECTOMER",100,0.5,1,1,1,1,10,"sine","sqrt",92,NA,NA,NA,NA,NA,NA
2193,"synthetic","SPLINECTOMER",100,0.5,1,1,1,1,10,"sine","sqrt",93,NA,NA,NA,NA,NA,NA
2194,"synthetic","SPLINECTOMER",100,0.5,1,1,1,1,10,"sine","sqrt",94,NA,NA,NA,NA,NA,NA
2195,"synthetic","SPLINECTOMER",100,0.5,1,1,1,1,10,"sine","sqrt",95,NA,NA,NA,NA,NA,NA
2196,"synthetic","SPLINECTOMER",100,0.5,1,1,1,1,10,"sine","sqrt",96,NA,NA,NA,NA,NA,NA
2197,"synthetic","SPLINECTOMER",100,0.5,1,1,1,1,10,"sine","sqrt",97,NA,NA,NA,NA,NA,NA
2198,"synthetic","SPLINECTOMER",100,0.5,1,1,1,1,10,"sine","sqrt",98,NA,NA,NA,NA,NA,NA
2199,"synthetic","SPLINECTOMER",100,0.5,1,1,1,1,10,"sine","sqrt",99,NA,NA,NA,NA,NA,NA
2200,"synthetic","SPLINECTOMER",100,0.5,1,1,1,1,10,"sine","sqrt",100,NA,NA,NA,NA,NA,NA
2201,"synthetic","SPLINECTOMER",150,0.5,1,1,1,1,10,"sine","sqrt",1,NA,NA,NA,NA,NA,NA
2202,"synthetic","SPLINECTOMER",150,0.5,1,1,1,1,10,"sine","sqrt",2,NA,NA,NA,NA,NA,NA
2203,"synthetic","SPLINECTOMER",150,0.5,1,1,1,1,10,"sine","sqrt",3,NA,NA,NA,NA,NA,NA
2204,"synthetic","SPLINECTOMER",150,0.5,1,1,1,1,10,"sine","sqrt",4,NA,NA,NA,NA,NA,NA
2205,"synthetic","SPLINECTOMER",150,0.5,1,1,1,1,10,"sine","sqrt",5,NA,NA,NA,NA,NA,NA
2206,"synthetic","SPLINECTOMER",150,0.5,1,1,1,1,10,"sine","sqrt",6,NA,NA,NA,NA,NA,NA
2207,"synthetic","SPLINECTOMER",150,0.5,1,1,1,1,10,"sine","sqrt",7,NA,NA,NA,NA,NA,NA
2208,"synthetic","SPLINECTOMER",150,0.5,1,1,1,1,10,"sine","sqrt",8,NA,NA,NA,NA,NA,NA
2209,"synthetic","SPLINECTOMER",150,0.5,1,1,1,1,10,"sine","sqrt",9,NA,NA,NA,NA,NA,NA
2210,"synthetic","SPLINECTOMER",150,0.5,1,1,1,1,10,"sine","sqrt",10,NA,NA,NA,NA,NA,NA
2211,"synthetic","SPLINECTOMER",150,0.5,1,1,1,1,10,"sine","sqrt",11,NA,NA,NA,NA,NA,NA
2212,"synthetic","SPLINECTOMER",150,0.5,1,1,1,1,10,"sine","sqrt",12,NA,NA,NA,NA,NA,NA
2213,"synthetic","SPLINECTOMER",150,0.5,1,1,1,1,10,"sine","sqrt",13,NA,NA,NA,NA,NA,NA
2214,"synthetic","SPLINECTOMER",150,0.5,1,1,1,1,10,"sine","sqrt",14,NA,NA,NA,NA,NA,NA
2215,"synthetic","SPLINECTOMER",150,0.5,1,1,1,1,10,"sine","sqrt",15,NA,NA,NA,NA,NA,NA
2216,"synthetic","SPLINECTOMER",150,0.5,1,1,1,1,10,"sine","sqrt",16,NA,NA,NA,NA,NA,NA
2217,"synthetic","SPLINECTOMER",150,0.5,1,1,1,1,10,"sine","sqrt",17,NA,NA,NA,NA,NA,NA
2218,"synthetic","SPLINECTOMER",150,0.5,1,1,1,1,10,"sine","sqrt",18,NA,NA,NA,NA,NA,NA
2219,"synthetic","SPLINECTOMER",150,0.5,1,1,1,1,10,"sine","sqrt",19,NA,NA,NA,NA,NA,NA
2220,"synthetic","SPLINECTOMER",150,0.5,1,1,1,1,10,"sine","sqrt",20,NA,NA,NA,NA,NA,NA
2221,"synthetic","SPLINECTOMER",150,0.5,1,1,1,1,10,"sine","sqrt",21,NA,NA,NA,NA,NA,NA
2222,"synthetic","SPLINECTOMER",150,0.5,1,1,1,1,10,"sine","sqrt",22,NA,NA,NA,NA,NA,NA
2223,"synthetic","SPLINECTOMER",150,0.5,1,1,1,1,10,"sine","sqrt",23,NA,NA,NA,NA,NA,NA
2224,"synthetic","SPLINECTOMER",150,0.5,1,1,1,1,10,"sine","sqrt",24,NA,NA,NA,NA,NA,NA
2225,"synthetic","SPLINECTOMER",150,0.5,1,1,1,1,10,"sine","sqrt",25,NA,NA,NA,NA,NA,NA
2226,"synthetic","SPLINECTOMER",150,0.5,1,1,1,1,10,"sine","sqrt",26,NA,NA,NA,NA,NA,NA
2227,"synthetic","SPLINECTOMER",150,0.5,1,1,1,1,10,"sine","sqrt",27,NA,NA,NA,NA,NA,NA
2228,"synthetic","SPLINECTOMER",150,0.5,1,1,1,1,10,"sine","sqrt",28,NA,NA,NA,NA,NA,NA
2229,"synthetic","SPLINECTOMER",150,0.5,1,1,1,1,10,"sine","sqrt",29,NA,NA,NA,NA,NA,NA
2230,"synthetic","SPLINECTOMER",150,0.5,1,1,1,1,10,"sine","sqrt",30,NA,NA,NA,NA,NA,NA
2231,"synthetic","SPLINECTOMER",150,0.5,1,1,1,1,10,"sine","sqrt",31,NA,NA,NA,NA,NA,NA
2232,"synthetic","SPLINECTOMER",150,0.5,1,1,1,1,10,"sine","sqrt",32,NA,NA,NA,NA,NA,NA
2233,"synthetic","SPLINECTOMER",150,0.5,1,1,1,1,10,"sine","sqrt",33,NA,NA,NA,NA,NA,NA
2234,"synthetic","SPLINECTOMER",150,0.5,1,1,1,1,10,"sine","sqrt",34,NA,NA,NA,NA,NA,NA
2235,"synthetic","SPLINECTOMER",150,0.5,1,1,1,1,10,"sine","sqrt",35,NA,NA,NA,NA,NA,NA
2236,"synthetic","SPLINECTOMER",150,0.5,1,1,1,1,10,"sine","sqrt",36,NA,NA,NA,NA,NA,NA
2237,"synthetic","SPLINECTOMER",150,0.5,1,1,1,1,10,"sine","sqrt",37,NA,NA,NA,NA,NA,NA
2238,"synthetic","SPLINECTOMER",150,0.5,1,1,1,1,10,"sine","sqrt",38,NA,NA,NA,NA,NA,NA
2239,"synthetic","SPLINECTOMER",150,0.5,1,1,1,1,10,"sine","sqrt",39,NA,NA,NA,NA,NA,NA
2240,"synthetic","SPLINECTOMER",150,0.5,1,1,1,1,10,"sine","sqrt",40,NA,NA,NA,NA,NA,NA
2241,"synthetic","SPLINECTOMER",150,0.5,1,1,1,1,10,"sine","sqrt",41,NA,NA,NA,NA,NA,NA
2242,"synthetic","SPLINECTOMER",150,0.5,1,1,1,1,10,"sine","sqrt",42,NA,NA,NA,NA,NA,NA
2243,"synthetic","SPLINECTOMER",150,0.5,1,1,1,1,10,"sine","sqrt",43,NA,NA,NA,NA,NA,NA
2244,"synthetic","SPLINECTOMER",150,0.5,1,1,1,1,10,"sine","sqrt",44,NA,NA,NA,NA,NA,NA
2245,"synthetic","SPLINECTOMER",150,0.5,1,1,1,1,10,"sine","sqrt",45,NA,NA,NA,NA,NA,NA
2246,"synthetic","SPLINECTOMER",150,0.5,1,1,1,1,10,"sine","sqrt",46,NA,NA,NA,NA,NA,NA
2247,"synthetic","SPLINECTOMER",150,0.5,1,1,1,1,10,"sine","sqrt",47,NA,NA,NA,NA,NA,NA
2248,"synthetic","SPLINECTOMER",150,0.5,1,1,1,1,10,"sine","sqrt",48,NA,NA,NA,NA,NA,NA
2249,"synthetic","SPLINECTOMER",150,0.5,1,1,1,1,10,"sine","sqrt",49,NA,NA,NA,NA,NA,NA
2250,"synthetic","SPLINECTOMER",150,0.5,1,1,1,1,10,"sine","sqrt",50,NA,NA,NA,NA,NA,NA
2251,"synthetic","SPLINECTOMER",150,0.5,1,1,1,1,10,"sine","sqrt",51,NA,NA,NA,NA,NA,NA
2252,"synthetic","SPLINECTOMER",150,0.5,1,1,1,1,10,"sine","sqrt",52,NA,NA,NA,NA,NA,NA
2253,"synthetic","SPLINECTOMER",150,0.5,1,1,1,1,10,"sine","sqrt",53,NA,NA,NA,NA,NA,NA
2254,"synthetic","SPLINECTOMER",150,0.5,1,1,1,1,10,"sine","sqrt",54,NA,NA,NA,NA,NA,NA
2255,"synthetic","SPLINECTOMER",150,0.5,1,1,1,1,10,"sine","sqrt",55,NA,NA,NA,NA,NA,NA
2256,"synthetic","SPLINECTOMER",150,0.5,1,1,1,1,10,"sine","sqrt",56,NA,NA,NA,NA,NA,NA
2257,"synthetic","SPLINECTOMER",150,0.5,1,1,1,1,10,"sine","sqrt",57,NA,NA,NA,NA,NA,NA
2258,"synthetic","SPLINECTOMER",150,0.5,1,1,1,1,10,"sine","sqrt",58,NA,NA,NA,NA,NA,NA
2259,"synthetic","SPLINECTOMER",150,0.5,1,1,1,1,10,"sine","sqrt",59,NA,NA,NA,NA,NA,NA
2260,"synthetic","SPLINECTOMER",150,0.5,1,1,1,1,10,"sine","sqrt",60,NA,NA,NA,NA,NA,NA
2261,"synthetic","SPLINECTOMER",150,0.5,1,1,1,1,10,"sine","sqrt",61,NA,NA,NA,NA,NA,NA
2262,"synthetic","SPLINECTOMER",150,0.5,1,1,1,1,10,"sine","sqrt",62,NA,NA,NA,NA,NA,NA
2263,"synthetic","SPLINECTOMER",150,0.5,1,1,1,1,10,"sine","sqrt",63,NA,NA,NA,NA,NA,NA
2264,"synthetic","SPLINECTOMER",150,0.5,1,1,1,1,10,"sine","sqrt",64,NA,NA,NA,NA,NA,NA
2265,"synthetic","SPLINECTOMER",150,0.5,1,1,1,1,10,"sine","sqrt",65,NA,NA,NA,NA,NA,NA
2266,"synthetic","SPLINECTOMER",150,0.5,1,1,1,1,10,"sine","sqrt",66,NA,NA,NA,NA,NA,NA
2267,"synthetic","SPLINECTOMER",150,0.5,1,1,1,1,10,"sine","sqrt",67,NA,NA,NA,NA,NA,NA
2268,"synthetic","SPLINECTOMER",150,0.5,1,1,1,1,10,"sine","sqrt",68,NA,NA,NA,NA,NA,NA
2269,"synthetic","SPLINECTOMER",150,0.5,1,1,1,1,10,"sine","sqrt",69,NA,NA,NA,NA,NA,NA
2270,"synthetic","SPLINECTOMER",150,0.5,1,1,1,1,10,"sine","sqrt",70,NA,NA,NA,NA,NA,NA
2271,"synthetic","SPLINECTOMER",150,0.5,1,1,1,1,10,"sine","sqrt",71,NA,NA,NA,NA,NA,NA
2272,"synthetic","SPLINECTOMER",150,0.5,1,1,1,1,10,"sine","sqrt",72,NA,NA,NA,NA,NA,NA
2273,"synthetic","SPLINECTOMER",150,0.5,1,1,1,1,10,"sine","sqrt",73,NA,NA,NA,NA,NA,NA
2274,"synthetic","SPLINECTOMER",150,0.5,1,1,1,1,10,"sine","sqrt",74,NA,NA,NA,NA,NA,NA
2275,"synthetic","SPLINECTOMER",150,0.5,1,1,1,1,10,"sine","sqrt",75,NA,NA,NA,NA,NA,NA
2276,"synthetic","SPLINECTOMER",150,0.5,1,1,1,1,10,"sine","sqrt",76,NA,NA,NA,NA,NA,NA
2277,"synthetic","SPLINECTOMER",150,0.5,1,1,1,1,10,"sine","sqrt",77,NA,NA,NA,NA,NA,NA
2278,"synthetic","SPLINECTOMER",150,0.5,1,1,1,1,10,"sine","sqrt",78,NA,NA,NA,NA,NA,NA
2279,"synthetic","SPLINECTOMER",150,0.5,1,1,1,1,10,"sine","sqrt",79,NA,NA,NA,NA,NA,NA
2280,"synthetic","SPLINECTOMER",150,0.5,1,1,1,1,10,"sine","sqrt",80,NA,NA,NA,NA,NA,NA
2281,"synthetic","SPLINECTOMER",150,0.5,1,1,1,1,10,"sine","sqrt",81,NA,NA,NA,NA,NA,NA
2282,"synthetic","SPLINECTOMER",150,0.5,1,1,1,1,10,"sine","sqrt",82,NA,NA,NA,NA,NA,NA
2283,"synthetic","SPLINECTOMER",150,0.5,1,1,1,1,10,"sine","sqrt",83,NA,NA,NA,NA,NA,NA
2284,"synthetic","SPLINECTOMER",150,0.5,1,1,1,1,10,"sine","sqrt",84,NA,NA,NA,NA,NA,NA
2285,"synthetic","SPLINECTOMER",150,0.5,1,1,1,1,10,"sine","sqrt",85,NA,NA,NA,NA,NA,NA
2286,"synthetic","SPLINECTOMER",150,0.5,1,1,1,1,10,"sine","sqrt",86,NA,NA,NA,NA,NA,NA
2287,"synthetic","SPLINECTOMER",150,0.5,1,1,1,1,10,"sine","sqrt",87,NA,NA,NA,NA,NA,NA
2288,"synthetic","SPLINECTOMER",150,0.5,1,1,1,1,10,"sine","sqrt",88,NA,NA,NA,NA,NA,NA
2289,"synthetic","SPLINECTOMER",150,0.5,1,1,1,1,10,"sine","sqrt",89,NA,NA,NA,NA,NA,NA
2290,"synthetic","SPLINECTOMER",150,0.5,1,1,1,1,10,"sine","sqrt",90,NA,NA,NA,NA,NA,NA
2291,"synthetic","SPLINECTOMER",150,0.5,1,1,1,1,10,"sine","sqrt",91,NA,NA,NA,NA,NA,NA
2292,"synthetic","SPLINECTOMER",150,0.5,1,1,1,1,10,"sine","sqrt",92,NA,NA,NA,NA,NA,NA
2293,"synthetic","SPLINECTOMER",150,0.5,1,1,1,1,10,"sine","sqrt",93,NA,NA,NA,NA,NA,NA
2294,"synthetic","SPLINECTOMER",150,0.5,1,1,1,1,10,"sine","sqrt",94,NA,NA,NA,NA,NA,NA
2295,"synthetic","SPLINECTOMER",150,0.5,1,1,1,1,10,"sine","sqrt",95,NA,NA,NA,NA,NA,NA
2296,"synthetic","SPLINECTOMER",150,0.5,1,1,1,1,10,"sine","sqrt",96,NA,NA,NA,NA,NA,NA
2297,"synthetic","SPLINECTOMER",150,0.5,1,1,1,1,10,"sine","sqrt",97,NA,NA,NA,NA,NA,NA
2298,"synthetic","SPLINECTOMER",150,0.5,1,1,1,1,10,"sine","sqrt",98,NA,NA,NA,NA,NA,NA
2299,"synthetic","SPLINECTOMER",150,0.5,1,1,1,1,10,"sine","sqrt",99,NA,NA,NA,NA,NA,NA
2300,"synthetic","SPLINECTOMER",150,0.5,1,1,1,1,10,"sine","sqrt",100,NA,NA,NA,NA,NA,NA
2301,"synthetic","SPLINECTOMER",200,0.5,1,1,1,1,10,"sine","sqrt",1,NA,NA,NA,NA,NA,NA
2302,"synthetic","SPLINECTOMER",200,0.5,1,1,1,1,10,"sine","sqrt",2,NA,NA,NA,NA,NA,NA
2303,"synthetic","SPLINECTOMER",200,0.5,1,1,1,1,10,"sine","sqrt",3,NA,NA,NA,NA,NA,NA
2304,"synthetic","SPLINECTOMER",200,0.5,1,1,1,1,10,"sine","sqrt",4,NA,NA,NA,NA,NA,NA
2305,"synthetic","SPLINECTOMER",200,0.5,1,1,1,1,10,"sine","sqrt",5,NA,NA,NA,NA,NA,NA
2306,"synthetic","SPLINECTOMER",200,0.5,1,1,1,1,10,"sine","sqrt",6,NA,NA,NA,NA,NA,NA
2307,"synthetic","SPLINECTOMER",200,0.5,1,1,1,1,10,"sine","sqrt",7,NA,NA,NA,NA,NA,NA
2308,"synthetic","SPLINECTOMER",200,0.5,1,1,1,1,10,"sine","sqrt",8,NA,NA,NA,NA,NA,NA
2309,"synthetic","SPLINECTOMER",200,0.5,1,1,1,1,10,"sine","sqrt",9,NA,NA,NA,NA,NA,NA
2310,"synthetic","SPLINECTOMER",200,0.5,1,1,1,1,10,"sine","sqrt",10,NA,NA,NA,NA,NA,NA
2311,"synthetic","SPLINECTOMER",200,0.5,1,1,1,1,10,"sine","sqrt",11,NA,NA,NA,NA,NA,NA
2312,"synthetic","SPLINECTOMER",200,0.5,1,1,1,1,10,"sine","sqrt",12,NA,NA,NA,NA,NA,NA
2313,"synthetic","SPLINECTOMER",200,0.5,1,1,1,1,10,"sine","sqrt",13,NA,NA,NA,NA,NA,NA
2314,"synthetic","SPLINECTOMER",200,0.5,1,1,1,1,10,"sine","sqrt",14,NA,NA,NA,NA,NA,NA
2315,"synthetic","SPLINECTOMER",200,0.5,1,1,1,1,10,"sine","sqrt",15,NA,NA,NA,NA,NA,NA
2316,"synthetic","SPLINECTOMER",200,0.5,1,1,1,1,10,"sine","sqrt",16,NA,NA,NA,NA,NA,NA
2317,"synthetic","SPLINECTOMER",200,0.5,1,1,1,1,10,"sine","sqrt",17,NA,NA,NA,NA,NA,NA
2318,"synthetic","SPLINECTOMER",200,0.5,1,1,1,1,10,"sine","sqrt",18,NA,NA,NA,NA,NA,NA
2319,"synthetic","SPLINECTOMER",200,0.5,1,1,1,1,10,"sine","sqrt",19,NA,NA,NA,NA,NA,NA
2320,"synthetic","SPLINECTOMER",200,0.5,1,1,1,1,10,"sine","sqrt",20,NA,NA,NA,NA,NA,NA
2321,"synthetic","SPLINECTOMER",200,0.5,1,1,1,1,10,"sine","sqrt",21,NA,NA,NA,NA,NA,NA
2322,"synthetic","SPLINECTOMER",200,0.5,1,1,1,1,10,"sine","sqrt",22,NA,NA,NA,NA,NA,NA
2323,"synthetic","SPLINECTOMER",200,0.5,1,1,1,1,10,"sine","sqrt",23,NA,NA,NA,NA,NA,NA
2324,"synthetic","SPLINECTOMER",200,0.5,1,1,1,1,10,"sine","sqrt",24,NA,NA,NA,NA,NA,NA
2325,"synthetic","SPLINECTOMER",200,0.5,1,1,1,1,10,"sine","sqrt",25,NA,NA,NA,NA,NA,NA
2326,"synthetic","SPLINECTOMER",200,0.5,1,1,1,1,10,"sine","sqrt",26,NA,NA,NA,NA,NA,NA
2327,"synthetic","SPLINECTOMER",200,0.5,1,1,1,1,10,"sine","sqrt",27,NA,NA,NA,NA,NA,NA
2328,"synthetic","SPLINECTOMER",200,0.5,1,1,1,1,10,"sine","sqrt",28,NA,NA,NA,NA,NA,NA
2329,"synthetic","SPLINECTOMER",200,0.5,1,1,1,1,10,"sine","sqrt",29,NA,NA,NA,NA,NA,NA
2330,"synthetic","SPLINECTOMER",200,0.5,1,1,1,1,10,"sine","sqrt",30,NA,NA,NA,NA,NA,NA
2331,"synthetic","SPLINECTOMER",200,0.5,1,1,1,1,10,"sine","sqrt",31,NA,NA,NA,NA,NA,NA
2332,"synthetic","SPLINECTOMER",200,0.5,1,1,1,1,10,"sine","sqrt",32,NA,NA,NA,NA,NA,NA
2333,"synthetic","SPLINECTOMER",200,0.5,1,1,1,1,10,"sine","sqrt",33,NA,NA,NA,NA,NA,NA
2334,"synthetic","SPLINECTOMER",200,0.5,1,1,1,1,10,"sine","sqrt",34,NA,NA,NA,NA,NA,NA
2335,"synthetic","SPLINECTOMER",200,0.5,1,1,1,1,10,"sine","sqrt",35,NA,NA,NA,NA,NA,NA
2336,"synthetic","SPLINECTOMER",200,0.5,1,1,1,1,10,"sine","sqrt",36,NA,NA,NA,NA,NA,NA
2337,"synthetic","SPLINECTOMER",200,0.5,1,1,1,1,10,"sine","sqrt",37,NA,NA,NA,NA,NA,NA
2338,"synthetic","SPLINECTOMER",200,0.5,1,1,1,1,10,"sine","sqrt",38,NA,NA,NA,NA,NA,NA
2339,"synthetic","SPLINECTOMER",200,0.5,1,1,1,1,10,"sine","sqrt",39,NA,NA,NA,NA,NA,NA
2340,"synthetic","SPLINECTOMER",200,0.5,1,1,1,1,10,"sine","sqrt",40,NA,NA,NA,NA,NA,NA
2341,"synthetic","SPLINECTOMER",200,0.5,1,1,1,1,10,"sine","sqrt",41,NA,NA,NA,NA,NA,NA
2342,"synthetic","SPLINECTOMER",200,0.5,1,1,1,1,10,"sine","sqrt",42,NA,NA,NA,NA,NA,NA
2343,"synthetic","SPLINECTOMER",200,0.5,1,1,1,1,10,"sine","sqrt",43,NA,NA,NA,NA,NA,NA
2344,"synthetic","SPLINECTOMER",200,0.5,1,1,1,1,10,"sine","sqrt",44,NA,NA,NA,NA,NA,NA
2345,"synthetic","SPLINECTOMER",200,0.5,1,1,1,1,10,"sine","sqrt",45,NA,NA,NA,NA,NA,NA
2346,"synthetic","SPLINECTOMER",200,0.5,1,1,1,1,10,"sine","sqrt",46,NA,NA,NA,NA,NA,NA
2347,"synthetic","SPLINECTOMER",200,0.5,1,1,1,1,10,"sine","sqrt",47,NA,NA,NA,NA,NA,NA
2348,"synthetic","SPLINECTOMER",200,0.5,1,1,1,1,10,"sine","sqrt",48,NA,NA,NA,NA,NA,NA
2349,"synthetic","SPLINECTOMER",200,0.5,1,1,1,1,10,"sine","sqrt",49,NA,NA,NA,NA,NA,NA
2350,"synthetic","SPLINECTOMER",200,0.5,1,1,1,1,10,"sine","sqrt",50,NA,NA,NA,NA,NA,NA
2351,"synthetic","SPLINECTOMER",200,0.5,1,1,1,1,10,"sine","sqrt",51,NA,NA,NA,NA,NA,NA
2352,"synthetic","SPLINECTOMER",200,0.5,1,1,1,1,10,"sine","sqrt",52,NA,NA,NA,NA,NA,NA
2353,"synthetic","SPLINECTOMER",200,0.5,1,1,1,1,10,"sine","sqrt",53,NA,NA,NA,NA,NA,NA
2354,"synthetic","SPLINECTOMER",200,0.5,1,1,1,1,10,"sine","sqrt",54,NA,NA,NA,NA,NA,NA
2355,"synthetic","SPLINECTOMER",200,0.5,1,1,1,1,10,"sine","sqrt",55,NA,NA,NA,NA,NA,NA
2356,"synthetic","SPLINECTOMER",200,0.5,1,1,1,1,10,"sine","sqrt",56,NA,NA,NA,NA,NA,NA
2357,"synthetic","SPLINECTOMER",200,0.5,1,1,1,1,10,"sine","sqrt",57,NA,NA,NA,NA,NA,NA
2358,"synthetic","SPLINECTOMER",200,0.5,1,1,1,1,10,"sine","sqrt",58,NA,NA,NA,NA,NA,NA
2359,"synthetic","SPLINECTOMER",200,0.5,1,1,1,1,10,"sine","sqrt",59,NA,NA,NA,NA,NA,NA
2360,"synthetic","SPLINECTOMER",200,0.5,1,1,1,1,10,"sine","sqrt",60,NA,NA,NA,NA,NA,NA
2361,"synthetic","SPLINECTOMER",200,0.5,1,1,1,1,10,"sine","sqrt",61,NA,NA,NA,NA,NA,NA
2362,"synthetic","SPLINECTOMER",200,0.5,1,1,1,1,10,"sine","sqrt",62,NA,NA,NA,NA,NA,NA
2363,"synthetic","SPLINECTOMER",200,0.5,1,1,1,1,10,"sine","sqrt",63,NA,NA,NA,NA,NA,NA
2364,"synthetic","SPLINECTOMER",200,0.5,1,1,1,1,10,"sine","sqrt",64,NA,NA,NA,NA,NA,NA
2365,"synthetic","SPLINECTOMER",200,0.5,1,1,1,1,10,"sine","sqrt",65,NA,NA,NA,NA,NA,NA
2366,"synthetic","SPLINECTOMER",200,0.5,1,1,1,1,10,"sine","sqrt",66,NA,NA,NA,NA,NA,NA
2367,"synthetic","SPLINECTOMER",200,0.5,1,1,1,1,10,"sine","sqrt",67,NA,NA,NA,NA,NA,NA
2368,"synthetic","SPLINECTOMER",200,0.5,1,1,1,1,10,"sine","sqrt",68,NA,NA,NA,NA,NA,NA
2369,"synthetic","SPLINECTOMER",200,0.5,1,1,1,1,10,"sine","sqrt",69,NA,NA,NA,NA,NA,NA
2370,"synthetic","SPLINECTOMER",200,0.5,1,1,1,1,10,"sine","sqrt",70,NA,NA,NA,NA,NA,NA
2371,"synthetic","SPLINECTOMER",200,0.5,1,1,1,1,10,"sine","sqrt",71,NA,NA,NA,NA,NA,NA
2372,"synthetic","SPLINECTOMER",200,0.5,1,1,1,1,10,"sine","sqrt",72,NA,NA,NA,NA,NA,NA
2373,"synthetic","SPLINECTOMER",200,0.5,1,1,1,1,10,"sine","sqrt",73,NA,NA,NA,NA,NA,NA
2374,"synthetic","SPLINECTOMER",200,0.5,1,1,1,1,10,"sine","sqrt",74,NA,NA,NA,NA,NA,NA
2375,"synthetic","SPLINECTOMER",200,0.5,1,1,1,1,10,"sine","sqrt",75,NA,NA,NA,NA,NA,NA
2376,"synthetic","SPLINECTOMER",200,0.5,1,1,1,1,10,"sine","sqrt",76,NA,NA,NA,NA,NA,NA
2377,"synthetic","SPLINECTOMER",200,0.5,1,1,1,1,10,"sine","sqrt",77,NA,NA,NA,NA,NA,NA
2378,"synthetic","SPLINECTOMER",200,0.5,1,1,1,1,10,"sine","sqrt",78,NA,NA,NA,NA,NA,NA
2379,"synthetic","SPLINECTOMER",200,0.5,1,1,1,1,10,"sine","sqrt",79,NA,NA,NA,NA,NA,NA
2380,"synthetic","SPLINECTOMER",200,0.5,1,1,1,1,10,"sine","sqrt",80,NA,NA,NA,NA,NA,NA
2381,"synthetic","SPLINECTOMER",200,0.5,1,1,1,1,10,"sine","sqrt",81,NA,NA,NA,NA,NA,NA
2382,"synthetic","SPLINECTOMER",200,0.5,1,1,1,1,10,"sine","sqrt",82,NA,NA,NA,NA,NA,NA
2383,"synthetic","SPLINECTOMER",200,0.5,1,1,1,1,10,"sine","sqrt",83,NA,NA,NA,NA,NA,NA
2384,"synthetic","SPLINECTOMER",200,0.5,1,1,1,1,10,"sine","sqrt",84,NA,NA,NA,NA,NA,NA
2385,"synthetic","SPLINECTOMER",200,0.5,1,1,1,1,10,"sine","sqrt",85,NA,NA,NA,NA,NA,NA
2386,"synthetic","SPLINECTOMER",200,0.5,1,1,1,1,10,"sine","sqrt",86,NA,NA,NA,NA,NA,NA
2387,"synthetic","SPLINECTOMER",200,0.5,1,1,1,1,10,"sine","sqrt",87,NA,NA,NA,NA,NA,NA
2388,"synthetic","SPLINECTOMER",200,0.5,1,1,1,1,10,"sine","sqrt",88,NA,NA,NA,NA,NA,NA
2389,"synthetic","SPLINECTOMER",200,0.5,1,1,1,1,10,"sine","sqrt",89,NA,NA,NA,NA,NA,NA
2390,"synthetic","SPLINECTOMER",200,0.5,1,1,1,1,10,"sine","sqrt",90,NA,NA,NA,NA,NA,NA
2391,"synthetic","SPLINECTOMER",200,0.5,1,1,1,1,10,"sine","sqrt",91,NA,NA,NA,NA,NA,NA
2392,"synthetic","SPLINECTOMER",200,0.5,1,1,1,1,10,"sine","sqrt",92,NA,NA,NA,NA,NA,NA
2393,"synthetic","SPLINECTOMER",200,0.5,1,1,1,1,10,"sine","sqrt",93,NA,NA,NA,NA,NA,NA
2394,"synthetic","SPLINECTOMER",200,0.5,1,1,1,1,10,"sine","sqrt",94,NA,NA,NA,NA,NA,NA
2395,"synthetic","SPLINECTOMER",200,0.5,1,1,1,1,10,"sine","sqrt",95,NA,NA,NA,NA,NA,NA
2396,"synthetic","SPLINECTOMER",200,0.5,1,1,1,1,10,"sine","sqrt",96,NA,NA,NA,NA,NA,NA
2397,"synthetic","SPLINECTOMER",200,0.5,1,1,1,1,10,"sine","sqrt",97,NA,NA,NA,NA,NA,NA
2398,"synthetic","SPLINECTOMER",200,0.5,1,1,1,1,10,"sine","sqrt",98,NA,NA,NA,NA,NA,NA
2399,"synthetic","SPLINECTOMER",200,0.5,1,1,1,1,10,"sine","sqrt",99,NA,NA,NA,NA,NA,NA
2400,"synthetic","SPLINECTOMER",200,0.5,1,1,1,1,10,"sine","sqrt",100,NA,NA,NA,NA,NA,NA
