"job.id","problem","algorithm","n_subjects","n_timepoints","n_features","feature_type","observation_variance","random_effect_variance_ratio","random_effect_ar1_correlation","effect_size","effect_groupsparsity","effect_sparsity","prop_observed","missingness","seed","cross_sectional","independent","penalty.adaptive","penalty.alpha","kernel.scale","add_intercept"
1,"synthetic","LSVCMM",200,21,5,"binary",1,1,1,1,0,-1.5,0.7,"uniform",1,FALSE,FALSE,0.5,0,0.2,FALSE
2,"synthetic","LSVCMM",200,21,5,"binary",1,1,1,1,0,-1.5,0.7,"uniform",1,FALSE,FALSE,0.5,0.1,0.2,FALSE
3,"synthetic","LSVCMM",200,21,5,"binary",1,1,1,1,0,-1.5,0.7,"uniform",1,FALSE,FALSE,0.5,0.2,0.2,FALSE
4,"synthetic","LSVCMM",200,21,5,"binary",1,1,1,1,0,-1.5,0.7,"uniform",1,FALSE,FALSE,0.5,0.3,0.2,FALSE
5,"synthetic","LSVCMM",200,21,5,"binary",1,1,1,1,0,-1.5,0.7,"uniform",1,FALSE,FALSE,0.5,0.4,0.2,FALSE
6,"synthetic","LSVCMM",200,21,5,"binary",1,1,1,1,0,-1.5,0.7,"uniform",1,FALSE,FALSE,0.5,0.5,0.2,FALSE
7,"synthetic","LSVCMM",200,21,5,"binary",1,1,1,1,0,-1.5,0.7,"uniform",1,FALSE,FALSE,0.5,0.6,0.2,FALSE
8,"synthetic","LSVCMM",200,21,5,"binary",1,1,1,1,0,-1.5,0.7,"uniform",1,FALSE,FALSE,0.5,0.7,0.2,FALSE
9,"synthetic","LSVCMM",200,21,5,"binary",1,1,1,1,0,-1.5,0.7,"uniform",1,FALSE,FALSE,0.5,0.8,0.2,FALSE
10,"synthetic","LSVCMM",200,21,5,"binary",1,1,1,1,0,-1.5,0.7,"uniform",1,FALSE,FALSE,0.5,0.9,0.2,FALSE
11,"synthetic","LSVCMM",200,21,5,"binary",1,1,1,1,0,-1.5,0.7,"uniform",1,FALSE,FALSE,0.5,1,0.2,FALSE
12,"synthetic","LSVCMM",200,21,5,"binary",1,1,1,1,0,-1.5,0.7,"uniform",2,FALSE,FALSE,0.5,0,0.2,FALSE
13,"synthetic","LSVCMM",200,21,5,"binary",1,1,1,1,0,-1.5,0.7,"uniform",2,FALSE,FALSE,0.5,0.1,0.2,FALSE
14,"synthetic","LSVCMM",200,21,5,"binary",1,1,1,1,0,-1.5,0.7,"uniform",2,FALSE,FALSE,0.5,0.2,0.2,FALSE
15,"synthetic","LSVCMM",200,21,5,"binary",1,1,1,1,0,-1.5,0.7,"uniform",2,FALSE,FALSE,0.5,0.3,0.2,FALSE
16,"synthetic","LSVCMM",200,21,5,"binary",1,1,1,1,0,-1.5,0.7,"uniform",2,FALSE,FALSE,0.5,0.4,0.2,FALSE
17,"synthetic","LSVCMM",200,21,5,"binary",1,1,1,1,0,-1.5,0.7,"uniform",2,FALSE,FALSE,0.5,0.5,0.2,FALSE
18,"synthetic","LSVCMM",200,21,5,"binary",1,1,1,1,0,-1.5,0.7,"uniform",2,FALSE,FALSE,0.5,0.6,0.2,FALSE
19,"synthetic","LSVCMM",200,21,5,"binary",1,1,1,1,0,-1.5,0.7,"uniform",2,FALSE,FALSE,0.5,0.7,0.2,FALSE
20,"synthetic","LSVCMM",200,21,5,"binary",1,1,1,1,0,-1.5,0.7,"uniform",2,FALSE,FALSE,0.5,0.8,0.2,FALSE
21,"synthetic","LSVCMM",200,21,5,"binary",1,1,1,1,0,-1.5,0.7,"uniform",2,FALSE,FALSE,0.5,0.9,0.2,FALSE
22,"synthetic","LSVCMM",200,21,5,"binary",1,1,1,1,0,-1.5,0.7,"uniform",2,FALSE,FALSE,0.5,1,0.2,FALSE
23,"synthetic","LSVCMM",200,21,5,"binary",1,1,1,1,0,-1.5,0.7,"uniform",3,FALSE,FALSE,0.5,0,0.2,FALSE
24,"synthetic","LSVCMM",200,21,5,"binary",1,1,1,1,0,-1.5,0.7,"uniform",3,FALSE,FALSE,0.5,0.1,0.2,FALSE
25,"synthetic","LSVCMM",200,21,5,"binary",1,1,1,1,0,-1.5,0.7,"uniform",3,FALSE,FALSE,0.5,0.2,0.2,FALSE
26,"synthetic","LSVCMM",200,21,5,"binary",1,1,1,1,0,-1.5,0.7,"uniform",3,FALSE,FALSE,0.5,0.3,0.2,FALSE
27,"synthetic","LSVCMM",200,21,5,"binary",1,1,1,1,0,-1.5,0.7,"uniform",3,FALSE,FALSE,0.5,0.4,0.2,FALSE
28,"synthetic","LSVCMM",200,21,5,"binary",1,1,1,1,0,-1.5,0.7,"uniform",3,FALSE,FALSE,0.5,0.5,0.2,FALSE
29,"synthetic","LSVCMM",200,21,5,"binary",1,1,1,1,0,-1.5,0.7,"uniform",3,FALSE,FALSE,0.5,0.6,0.2,FALSE
30,"synthetic","LSVCMM",200,21,5,"binary",1,1,1,1,0,-1.5,0.7,"uniform",3,FALSE,FALSE,0.5,0.7,0.2,FALSE
31,"synthetic","LSVCMM",200,21,5,"binary",1,1,1,1,0,-1.5,0.7,"uniform",3,FALSE,FALSE,0.5,0.8,0.2,FALSE
32,"synthetic","LSVCMM",200,21,5,"binary",1,1,1,1,0,-1.5,0.7,"uniform",3,FALSE,FALSE,0.5,0.9,0.2,FALSE
33,"synthetic","LSVCMM",200,21,5,"binary",1,1,1,1,0,-1.5,0.7,"uniform",3,FALSE,FALSE,0.5,1,0.2,FALSE
34,"synthetic","LSVCMM",200,21,5,"binary",1,1,1,1,0,-1.5,0.7,"uniform",4,FALSE,FALSE,0.5,0,0.2,FALSE
35,"synthetic","LSVCMM",200,21,5,"binary",1,1,1,1,0,-1.5,0.7,"uniform",4,FALSE,FALSE,0.5,0.1,0.2,FALSE
36,"synthetic","LSVCMM",200,21,5,"binary",1,1,1,1,0,-1.5,0.7,"uniform",4,FALSE,FALSE,0.5,0.2,0.2,FALSE
37,"synthetic","LSVCMM",200,21,5,"binary",1,1,1,1,0,-1.5,0.7,"uniform",4,FALSE,FALSE,0.5,0.3,0.2,FALSE
38,"synthetic","LSVCMM",200,21,5,"binary",1,1,1,1,0,-1.5,0.7,"uniform",4,FALSE,FALSE,0.5,0.4,0.2,FALSE
39,"synthetic","LSVCMM",200,21,5,"binary",1,1,1,1,0,-1.5,0.7,"uniform",4,FALSE,FALSE,0.5,0.5,0.2,FALSE
40,"synthetic","LSVCMM",200,21,5,"binary",1,1,1,1,0,-1.5,0.7,"uniform",4,FALSE,FALSE,0.5,0.6,0.2,FALSE
41,"synthetic","LSVCMM",200,21,5,"binary",1,1,1,1,0,-1.5,0.7,"uniform",4,FALSE,FALSE,0.5,0.7,0.2,FALSE
42,"synthetic","LSVCMM",200,21,5,"binary",1,1,1,1,0,-1.5,0.7,"uniform",4,FALSE,FALSE,0.5,0.8,0.2,FALSE
43,"synthetic","LSVCMM",200,21,5,"binary",1,1,1,1,0,-1.5,0.7,"uniform",4,FALSE,FALSE,0.5,0.9,0.2,FALSE
44,"synthetic","LSVCMM",200,21,5,"binary",1,1,1,1,0,-1.5,0.7,"uniform",4,FALSE,FALSE,0.5,1,0.2,FALSE
45,"synthetic","LSVCMM",200,21,5,"binary",1,1,1,1,0,-1.5,0.7,"uniform",5,FALSE,FALSE,0.5,0,0.2,FALSE
46,"synthetic","LSVCMM",200,21,5,"binary",1,1,1,1,0,-1.5,0.7,"uniform",5,FALSE,FALSE,0.5,0.1,0.2,FALSE
47,"synthetic","LSVCMM",200,21,5,"binary",1,1,1,1,0,-1.5,0.7,"uniform",5,FALSE,FALSE,0.5,0.2,0.2,FALSE
48,"synthetic","LSVCMM",200,21,5,"binary",1,1,1,1,0,-1.5,0.7,"uniform",5,FALSE,FALSE,0.5,0.3,0.2,FALSE
49,"synthetic","LSVCMM",200,21,5,"binary",1,1,1,1,0,-1.5,0.7,"uniform",5,FALSE,FALSE,0.5,0.4,0.2,FALSE
50,"synthetic","LSVCMM",200,21,5,"binary",1,1,1,1,0,-1.5,0.7,"uniform",5,FALSE,FALSE,0.5,0.5,0.2,FALSE
51,"synthetic","LSVCMM",200,21,5,"binary",1,1,1,1,0,-1.5,0.7,"uniform",5,FALSE,FALSE,0.5,0.6,0.2,FALSE
52,"synthetic","LSVCMM",200,21,5,"binary",1,1,1,1,0,-1.5,0.7,"uniform",5,FALSE,FALSE,0.5,0.7,0.2,FALSE
53,"synthetic","LSVCMM",200,21,5,"binary",1,1,1,1,0,-1.5,0.7,"uniform",5,FALSE,FALSE,0.5,0.8,0.2,FALSE
54,"synthetic","LSVCMM",200,21,5,"binary",1,1,1,1,0,-1.5,0.7,"uniform",5,FALSE,FALSE,0.5,0.9,0.2,FALSE
55,"synthetic","LSVCMM",200,21,5,"binary",1,1,1,1,0,-1.5,0.7,"uniform",5,FALSE,FALSE,0.5,1,0.2,FALSE
56,"synthetic","LSVCMM",200,21,5,"binary",1,1,1,1,0,-1.5,0.7,"uniform",6,FALSE,FALSE,0.5,0,0.2,FALSE
57,"synthetic","LSVCMM",200,21,5,"binary",1,1,1,1,0,-1.5,0.7,"uniform",6,FALSE,FALSE,0.5,0.1,0.2,FALSE
58,"synthetic","LSVCMM",200,21,5,"binary",1,1,1,1,0,-1.5,0.7,"uniform",6,FALSE,FALSE,0.5,0.2,0.2,FALSE
59,"synthetic","LSVCMM",200,21,5,"binary",1,1,1,1,0,-1.5,0.7,"uniform",6,FALSE,FALSE,0.5,0.3,0.2,FALSE
60,"synthetic","LSVCMM",200,21,5,"binary",1,1,1,1,0,-1.5,0.7,"uniform",6,FALSE,FALSE,0.5,0.4,0.2,FALSE
61,"synthetic","LSVCMM",200,21,5,"binary",1,1,1,1,0,-1.5,0.7,"uniform",6,FALSE,FALSE,0.5,0.5,0.2,FALSE
62,"synthetic","LSVCMM",200,21,5,"binary",1,1,1,1,0,-1.5,0.7,"uniform",6,FALSE,FALSE,0.5,0.6,0.2,FALSE
63,"synthetic","LSVCMM",200,21,5,"binary",1,1,1,1,0,-1.5,0.7,"uniform",6,FALSE,FALSE,0.5,0.7,0.2,FALSE
64,"synthetic","LSVCMM",200,21,5,"binary",1,1,1,1,0,-1.5,0.7,"uniform",6,FALSE,FALSE,0.5,0.8,0.2,FALSE
65,"synthetic","LSVCMM",200,21,5,"binary",1,1,1,1,0,-1.5,0.7,"uniform",6,FALSE,FALSE,0.5,0.9,0.2,FALSE
66,"synthetic","LSVCMM",200,21,5,"binary",1,1,1,1,0,-1.5,0.7,"uniform",6,FALSE,FALSE,0.5,1,0.2,FALSE
67,"synthetic","LSVCMM",200,21,5,"binary",1,1,1,1,0,-1.5,0.7,"uniform",7,FALSE,FALSE,0.5,0,0.2,FALSE
68,"synthetic","LSVCMM",200,21,5,"binary",1,1,1,1,0,-1.5,0.7,"uniform",7,FALSE,FALSE,0.5,0.1,0.2,FALSE
69,"synthetic","LSVCMM",200,21,5,"binary",1,1,1,1,0,-1.5,0.7,"uniform",7,FALSE,FALSE,0.5,0.2,0.2,FALSE
70,"synthetic","LSVCMM",200,21,5,"binary",1,1,1,1,0,-1.5,0.7,"uniform",7,FALSE,FALSE,0.5,0.3,0.2,FALSE
71,"synthetic","LSVCMM",200,21,5,"binary",1,1,1,1,0,-1.5,0.7,"uniform",7,FALSE,FALSE,0.5,0.4,0.2,FALSE
72,"synthetic","LSVCMM",200,21,5,"binary",1,1,1,1,0,-1.5,0.7,"uniform",7,FALSE,FALSE,0.5,0.5,0.2,FALSE
73,"synthetic","LSVCMM",200,21,5,"binary",1,1,1,1,0,-1.5,0.7,"uniform",7,FALSE,FALSE,0.5,0.6,0.2,FALSE
74,"synthetic","LSVCMM",200,21,5,"binary",1,1,1,1,0,-1.5,0.7,"uniform",7,FALSE,FALSE,0.5,0.7,0.2,FALSE
75,"synthetic","LSVCMM",200,21,5,"binary",1,1,1,1,0,-1.5,0.7,"uniform",7,FALSE,FALSE,0.5,0.8,0.2,FALSE
76,"synthetic","LSVCMM",200,21,5,"binary",1,1,1,1,0,-1.5,0.7,"uniform",7,FALSE,FALSE,0.5,0.9,0.2,FALSE
77,"synthetic","LSVCMM",200,21,5,"binary",1,1,1,1,0,-1.5,0.7,"uniform",7,FALSE,FALSE,0.5,1,0.2,FALSE
78,"synthetic","LSVCMM",200,21,5,"binary",1,1,1,1,0,-1.5,0.7,"uniform",8,FALSE,FALSE,0.5,0,0.2,FALSE
79,"synthetic","LSVCMM",200,21,5,"binary",1,1,1,1,0,-1.5,0.7,"uniform",8,FALSE,FALSE,0.5,0.1,0.2,FALSE
80,"synthetic","LSVCMM",200,21,5,"binary",1,1,1,1,0,-1.5,0.7,"uniform",8,FALSE,FALSE,0.5,0.2,0.2,FALSE
81,"synthetic","LSVCMM",200,21,5,"binary",1,1,1,1,0,-1.5,0.7,"uniform",8,FALSE,FALSE,0.5,0.3,0.2,FALSE
82,"synthetic","LSVCMM",200,21,5,"binary",1,1,1,1,0,-1.5,0.7,"uniform",8,FALSE,FALSE,0.5,0.4,0.2,FALSE
83,"synthetic","LSVCMM",200,21,5,"binary",1,1,1,1,0,-1.5,0.7,"uniform",8,FALSE,FALSE,0.5,0.5,0.2,FALSE
84,"synthetic","LSVCMM",200,21,5,"binary",1,1,1,1,0,-1.5,0.7,"uniform",8,FALSE,FALSE,0.5,0.6,0.2,FALSE
85,"synthetic","LSVCMM",200,21,5,"binary",1,1,1,1,0,-1.5,0.7,"uniform",8,FALSE,FALSE,0.5,0.7,0.2,FALSE
86,"synthetic","LSVCMM",200,21,5,"binary",1,1,1,1,0,-1.5,0.7,"uniform",8,FALSE,FALSE,0.5,0.8,0.2,FALSE
87,"synthetic","LSVCMM",200,21,5,"binary",1,1,1,1,0,-1.5,0.7,"uniform",8,FALSE,FALSE,0.5,0.9,0.2,FALSE
88,"synthetic","LSVCMM",200,21,5,"binary",1,1,1,1,0,-1.5,0.7,"uniform",8,FALSE,FALSE,0.5,1,0.2,FALSE
89,"synthetic","LSVCMM",200,21,5,"binary",1,1,1,1,0,-1.5,0.7,"uniform",9,FALSE,FALSE,0.5,0,0.2,FALSE
90,"synthetic","LSVCMM",200,21,5,"binary",1,1,1,1,0,-1.5,0.7,"uniform",9,FALSE,FALSE,0.5,0.1,0.2,FALSE
91,"synthetic","LSVCMM",200,21,5,"binary",1,1,1,1,0,-1.5,0.7,"uniform",9,FALSE,FALSE,0.5,0.2,0.2,FALSE
92,"synthetic","LSVCMM",200,21,5,"binary",1,1,1,1,0,-1.5,0.7,"uniform",9,FALSE,FALSE,0.5,0.3,0.2,FALSE
93,"synthetic","LSVCMM",200,21,5,"binary",1,1,1,1,0,-1.5,0.7,"uniform",9,FALSE,FALSE,0.5,0.4,0.2,FALSE
94,"synthetic","LSVCMM",200,21,5,"binary",1,1,1,1,0,-1.5,0.7,"uniform",9,FALSE,FALSE,0.5,0.5,0.2,FALSE
95,"synthetic","LSVCMM",200,21,5,"binary",1,1,1,1,0,-1.5,0.7,"uniform",9,FALSE,FALSE,0.5,0.6,0.2,FALSE
96,"synthetic","LSVCMM",200,21,5,"binary",1,1,1,1,0,-1.5,0.7,"uniform",9,FALSE,FALSE,0.5,0.7,0.2,FALSE
97,"synthetic","LSVCMM",200,21,5,"binary",1,1,1,1,0,-1.5,0.7,"uniform",9,FALSE,FALSE,0.5,0.8,0.2,FALSE
98,"synthetic","LSVCMM",200,21,5,"binary",1,1,1,1,0,-1.5,0.7,"uniform",9,FALSE,FALSE,0.5,0.9,0.2,FALSE
99,"synthetic","LSVCMM",200,21,5,"binary",1,1,1,1,0,-1.5,0.7,"uniform",9,FALSE,FALSE,0.5,1,0.2,FALSE
100,"synthetic","LSVCMM",200,21,5,"binary",1,1,1,1,0,-1.5,0.7,"uniform",10,FALSE,FALSE,0.5,0,0.2,FALSE
101,"synthetic","LSVCMM",200,21,5,"binary",1,1,1,1,0,-1.5,0.7,"uniform",10,FALSE,FALSE,0.5,0.1,0.2,FALSE
102,"synthetic","LSVCMM",200,21,5,"binary",1,1,1,1,0,-1.5,0.7,"uniform",10,FALSE,FALSE,0.5,0.2,0.2,FALSE
103,"synthetic","LSVCMM",200,21,5,"binary",1,1,1,1,0,-1.5,0.7,"uniform",10,FALSE,FALSE,0.5,0.3,0.2,FALSE
104,"synthetic","LSVCMM",200,21,5,"binary",1,1,1,1,0,-1.5,0.7,"uniform",10,FALSE,FALSE,0.5,0.4,0.2,FALSE
105,"synthetic","LSVCMM",200,21,5,"binary",1,1,1,1,0,-1.5,0.7,"uniform",10,FALSE,FALSE,0.5,0.5,0.2,FALSE
106,"synthetic","LSVCMM",200,21,5,"binary",1,1,1,1,0,-1.5,0.7,"uniform",10,FALSE,FALSE,0.5,0.6,0.2,FALSE
107,"synthetic","LSVCMM",200,21,5,"binary",1,1,1,1,0,-1.5,0.7,"uniform",10,FALSE,FALSE,0.5,0.7,0.2,FALSE
108,"synthetic","LSVCMM",200,21,5,"binary",1,1,1,1,0,-1.5,0.7,"uniform",10,FALSE,FALSE,0.5,0.8,0.2,FALSE
109,"synthetic","LSVCMM",200,21,5,"binary",1,1,1,1,0,-1.5,0.7,"uniform",10,FALSE,FALSE,0.5,0.9,0.2,FALSE
110,"synthetic","LSVCMM",200,21,5,"binary",1,1,1,1,0,-1.5,0.7,"uniform",10,FALSE,FALSE,0.5,1,0.2,FALSE
111,"synthetic","LSVCMM",200,21,5,"binary",1,1,1,1,0,-1.5,0.7,"uniform",11,FALSE,FALSE,0.5,0,0.2,FALSE
112,"synthetic","LSVCMM",200,21,5,"binary",1,1,1,1,0,-1.5,0.7,"uniform",11,FALSE,FALSE,0.5,0.1,0.2,FALSE
113,"synthetic","LSVCMM",200,21,5,"binary",1,1,1,1,0,-1.5,0.7,"uniform",11,FALSE,FALSE,0.5,0.2,0.2,FALSE
114,"synthetic","LSVCMM",200,21,5,"binary",1,1,1,1,0,-1.5,0.7,"uniform",11,FALSE,FALSE,0.5,0.3,0.2,FALSE
115,"synthetic","LSVCMM",200,21,5,"binary",1,1,1,1,0,-1.5,0.7,"uniform",11,FALSE,FALSE,0.5,0.4,0.2,FALSE
116,"synthetic","LSVCMM",200,21,5,"binary",1,1,1,1,0,-1.5,0.7,"uniform",11,FALSE,FALSE,0.5,0.5,0.2,FALSE
117,"synthetic","LSVCMM",200,21,5,"binary",1,1,1,1,0,-1.5,0.7,"uniform",11,FALSE,FALSE,0.5,0.6,0.2,FALSE
118,"synthetic","LSVCMM",200,21,5,"binary",1,1,1,1,0,-1.5,0.7,"uniform",11,FALSE,FALSE,0.5,0.7,0.2,FALSE
119,"synthetic","LSVCMM",200,21,5,"binary",1,1,1,1,0,-1.5,0.7,"uniform",11,FALSE,FALSE,0.5,0.8,0.2,FALSE
120,"synthetic","LSVCMM",200,21,5,"binary",1,1,1,1,0,-1.5,0.7,"uniform",11,FALSE,FALSE,0.5,0.9,0.2,FALSE
121,"synthetic","LSVCMM",200,21,5,"binary",1,1,1,1,0,-1.5,0.7,"uniform",11,FALSE,FALSE,0.5,1,0.2,FALSE
122,"synthetic","LSVCMM",200,21,5,"binary",1,1,1,1,0,-1.5,0.7,"uniform",12,FALSE,FALSE,0.5,0,0.2,FALSE
123,"synthetic","LSVCMM",200,21,5,"binary",1,1,1,1,0,-1.5,0.7,"uniform",12,FALSE,FALSE,0.5,0.1,0.2,FALSE
124,"synthetic","LSVCMM",200,21,5,"binary",1,1,1,1,0,-1.5,0.7,"uniform",12,FALSE,FALSE,0.5,0.2,0.2,FALSE
125,"synthetic","LSVCMM",200,21,5,"binary",1,1,1,1,0,-1.5,0.7,"uniform",12,FALSE,FALSE,0.5,0.3,0.2,FALSE
126,"synthetic","LSVCMM",200,21,5,"binary",1,1,1,1,0,-1.5,0.7,"uniform",12,FALSE,FALSE,0.5,0.4,0.2,FALSE
127,"synthetic","LSVCMM",200,21,5,"binary",1,1,1,1,0,-1.5,0.7,"uniform",12,FALSE,FALSE,0.5,0.5,0.2,FALSE
128,"synthetic","LSVCMM",200,21,5,"binary",1,1,1,1,0,-1.5,0.7,"uniform",12,FALSE,FALSE,0.5,0.6,0.2,FALSE
129,"synthetic","LSVCMM",200,21,5,"binary",1,1,1,1,0,-1.5,0.7,"uniform",12,FALSE,FALSE,0.5,0.7,0.2,FALSE
130,"synthetic","LSVCMM",200,21,5,"binary",1,1,1,1,0,-1.5,0.7,"uniform",12,FALSE,FALSE,0.5,0.8,0.2,FALSE
131,"synthetic","LSVCMM",200,21,5,"binary",1,1,1,1,0,-1.5,0.7,"uniform",12,FALSE,FALSE,0.5,0.9,0.2,FALSE
132,"synthetic","LSVCMM",200,21,5,"binary",1,1,1,1,0,-1.5,0.7,"uniform",12,FALSE,FALSE,0.5,1,0.2,FALSE
133,"synthetic","LSVCMM",200,21,5,"binary",1,1,1,1,0,-1.5,0.7,"uniform",13,FALSE,FALSE,0.5,0,0.2,FALSE
134,"synthetic","LSVCMM",200,21,5,"binary",1,1,1,1,0,-1.5,0.7,"uniform",13,FALSE,FALSE,0.5,0.1,0.2,FALSE
135,"synthetic","LSVCMM",200,21,5,"binary",1,1,1,1,0,-1.5,0.7,"uniform",13,FALSE,FALSE,0.5,0.2,0.2,FALSE
136,"synthetic","LSVCMM",200,21,5,"binary",1,1,1,1,0,-1.5,0.7,"uniform",13,FALSE,FALSE,0.5,0.3,0.2,FALSE
137,"synthetic","LSVCMM",200,21,5,"binary",1,1,1,1,0,-1.5,0.7,"uniform",13,FALSE,FALSE,0.5,0.4,0.2,FALSE
138,"synthetic","LSVCMM",200,21,5,"binary",1,1,1,1,0,-1.5,0.7,"uniform",13,FALSE,FALSE,0.5,0.5,0.2,FALSE
139,"synthetic","LSVCMM",200,21,5,"binary",1,1,1,1,0,-1.5,0.7,"uniform",13,FALSE,FALSE,0.5,0.6,0.2,FALSE
140,"synthetic","LSVCMM",200,21,5,"binary",1,1,1,1,0,-1.5,0.7,"uniform",13,FALSE,FALSE,0.5,0.7,0.2,FALSE
141,"synthetic","LSVCMM",200,21,5,"binary",1,1,1,1,0,-1.5,0.7,"uniform",13,FALSE,FALSE,0.5,0.8,0.2,FALSE
142,"synthetic","LSVCMM",200,21,5,"binary",1,1,1,1,0,-1.5,0.7,"uniform",13,FALSE,FALSE,0.5,0.9,0.2,FALSE
143,"synthetic","LSVCMM",200,21,5,"binary",1,1,1,1,0,-1.5,0.7,"uniform",13,FALSE,FALSE,0.5,1,0.2,FALSE
144,"synthetic","LSVCMM",200,21,5,"binary",1,1,1,1,0,-1.5,0.7,"uniform",14,FALSE,FALSE,0.5,0,0.2,FALSE
145,"synthetic","LSVCMM",200,21,5,"binary",1,1,1,1,0,-1.5,0.7,"uniform",14,FALSE,FALSE,0.5,0.1,0.2,FALSE
146,"synthetic","LSVCMM",200,21,5,"binary",1,1,1,1,0,-1.5,0.7,"uniform",14,FALSE,FALSE,0.5,0.2,0.2,FALSE
147,"synthetic","LSVCMM",200,21,5,"binary",1,1,1,1,0,-1.5,0.7,"uniform",14,FALSE,FALSE,0.5,0.3,0.2,FALSE
148,"synthetic","LSVCMM",200,21,5,"binary",1,1,1,1,0,-1.5,0.7,"uniform",14,FALSE,FALSE,0.5,0.4,0.2,FALSE
149,"synthetic","LSVCMM",200,21,5,"binary",1,1,1,1,0,-1.5,0.7,"uniform",14,FALSE,FALSE,0.5,0.5,0.2,FALSE
150,"synthetic","LSVCMM",200,21,5,"binary",1,1,1,1,0,-1.5,0.7,"uniform",14,FALSE,FALSE,0.5,0.6,0.2,FALSE
151,"synthetic","LSVCMM",200,21,5,"binary",1,1,1,1,0,-1.5,0.7,"uniform",14,FALSE,FALSE,0.5,0.7,0.2,FALSE
152,"synthetic","LSVCMM",200,21,5,"binary",1,1,1,1,0,-1.5,0.7,"uniform",14,FALSE,FALSE,0.5,0.8,0.2,FALSE
153,"synthetic","LSVCMM",200,21,5,"binary",1,1,1,1,0,-1.5,0.7,"uniform",14,FALSE,FALSE,0.5,0.9,0.2,FALSE
154,"synthetic","LSVCMM",200,21,5,"binary",1,1,1,1,0,-1.5,0.7,"uniform",14,FALSE,FALSE,0.5,1,0.2,FALSE
155,"synthetic","LSVCMM",200,21,5,"binary",1,1,1,1,0,-1.5,0.7,"uniform",15,FALSE,FALSE,0.5,0,0.2,FALSE
156,"synthetic","LSVCMM",200,21,5,"binary",1,1,1,1,0,-1.5,0.7,"uniform",15,FALSE,FALSE,0.5,0.1,0.2,FALSE
157,"synthetic","LSVCMM",200,21,5,"binary",1,1,1,1,0,-1.5,0.7,"uniform",15,FALSE,FALSE,0.5,0.2,0.2,FALSE
158,"synthetic","LSVCMM",200,21,5,"binary",1,1,1,1,0,-1.5,0.7,"uniform",15,FALSE,FALSE,0.5,0.3,0.2,FALSE
159,"synthetic","LSVCMM",200,21,5,"binary",1,1,1,1,0,-1.5,0.7,"uniform",15,FALSE,FALSE,0.5,0.4,0.2,FALSE
160,"synthetic","LSVCMM",200,21,5,"binary",1,1,1,1,0,-1.5,0.7,"uniform",15,FALSE,FALSE,0.5,0.5,0.2,FALSE
161,"synthetic","LSVCMM",200,21,5,"binary",1,1,1,1,0,-1.5,0.7,"uniform",15,FALSE,FALSE,0.5,0.6,0.2,FALSE
162,"synthetic","LSVCMM",200,21,5,"binary",1,1,1,1,0,-1.5,0.7,"uniform",15,FALSE,FALSE,0.5,0.7,0.2,FALSE
163,"synthetic","LSVCMM",200,21,5,"binary",1,1,1,1,0,-1.5,0.7,"uniform",15,FALSE,FALSE,0.5,0.8,0.2,FALSE
164,"synthetic","LSVCMM",200,21,5,"binary",1,1,1,1,0,-1.5,0.7,"uniform",15,FALSE,FALSE,0.5,0.9,0.2,FALSE
165,"synthetic","LSVCMM",200,21,5,"binary",1,1,1,1,0,-1.5,0.7,"uniform",15,FALSE,FALSE,0.5,1,0.2,FALSE
166,"synthetic","LSVCMM",200,21,5,"binary",1,1,1,1,0,-1.5,0.7,"uniform",16,FALSE,FALSE,0.5,0,0.2,FALSE
167,"synthetic","LSVCMM",200,21,5,"binary",1,1,1,1,0,-1.5,0.7,"uniform",16,FALSE,FALSE,0.5,0.1,0.2,FALSE
168,"synthetic","LSVCMM",200,21,5,"binary",1,1,1,1,0,-1.5,0.7,"uniform",16,FALSE,FALSE,0.5,0.2,0.2,FALSE
169,"synthetic","LSVCMM",200,21,5,"binary",1,1,1,1,0,-1.5,0.7,"uniform",16,FALSE,FALSE,0.5,0.3,0.2,FALSE
170,"synthetic","LSVCMM",200,21,5,"binary",1,1,1,1,0,-1.5,0.7,"uniform",16,FALSE,FALSE,0.5,0.4,0.2,FALSE
171,"synthetic","LSVCMM",200,21,5,"binary",1,1,1,1,0,-1.5,0.7,"uniform",16,FALSE,FALSE,0.5,0.5,0.2,FALSE
172,"synthetic","LSVCMM",200,21,5,"binary",1,1,1,1,0,-1.5,0.7,"uniform",16,FALSE,FALSE,0.5,0.6,0.2,FALSE
173,"synthetic","LSVCMM",200,21,5,"binary",1,1,1,1,0,-1.5,0.7,"uniform",16,FALSE,FALSE,0.5,0.7,0.2,FALSE
174,"synthetic","LSVCMM",200,21,5,"binary",1,1,1,1,0,-1.5,0.7,"uniform",16,FALSE,FALSE,0.5,0.8,0.2,FALSE
175,"synthetic","LSVCMM",200,21,5,"binary",1,1,1,1,0,-1.5,0.7,"uniform",16,FALSE,FALSE,0.5,0.9,0.2,FALSE
176,"synthetic","LSVCMM",200,21,5,"binary",1,1,1,1,0,-1.5,0.7,"uniform",16,FALSE,FALSE,0.5,1,0.2,FALSE
177,"synthetic","LSVCMM",200,21,5,"binary",1,1,1,1,0,-1.5,0.7,"uniform",17,FALSE,FALSE,0.5,0,0.2,FALSE
178,"synthetic","LSVCMM",200,21,5,"binary",1,1,1,1,0,-1.5,0.7,"uniform",17,FALSE,FALSE,0.5,0.1,0.2,FALSE
179,"synthetic","LSVCMM",200,21,5,"binary",1,1,1,1,0,-1.5,0.7,"uniform",17,FALSE,FALSE,0.5,0.2,0.2,FALSE
180,"synthetic","LSVCMM",200,21,5,"binary",1,1,1,1,0,-1.5,0.7,"uniform",17,FALSE,FALSE,0.5,0.3,0.2,FALSE
181,"synthetic","LSVCMM",200,21,5,"binary",1,1,1,1,0,-1.5,0.7,"uniform",17,FALSE,FALSE,0.5,0.4,0.2,FALSE
182,"synthetic","LSVCMM",200,21,5,"binary",1,1,1,1,0,-1.5,0.7,"uniform",17,FALSE,FALSE,0.5,0.5,0.2,FALSE
183,"synthetic","LSVCMM",200,21,5,"binary",1,1,1,1,0,-1.5,0.7,"uniform",17,FALSE,FALSE,0.5,0.6,0.2,FALSE
184,"synthetic","LSVCMM",200,21,5,"binary",1,1,1,1,0,-1.5,0.7,"uniform",17,FALSE,FALSE,0.5,0.7,0.2,FALSE
185,"synthetic","LSVCMM",200,21,5,"binary",1,1,1,1,0,-1.5,0.7,"uniform",17,FALSE,FALSE,0.5,0.8,0.2,FALSE
186,"synthetic","LSVCMM",200,21,5,"binary",1,1,1,1,0,-1.5,0.7,"uniform",17,FALSE,FALSE,0.5,0.9,0.2,FALSE
187,"synthetic","LSVCMM",200,21,5,"binary",1,1,1,1,0,-1.5,0.7,"uniform",17,FALSE,FALSE,0.5,1,0.2,FALSE
188,"synthetic","LSVCMM",200,21,5,"binary",1,1,1,1,0,-1.5,0.7,"uniform",18,FALSE,FALSE,0.5,0,0.2,FALSE
189,"synthetic","LSVCMM",200,21,5,"binary",1,1,1,1,0,-1.5,0.7,"uniform",18,FALSE,FALSE,0.5,0.1,0.2,FALSE
190,"synthetic","LSVCMM",200,21,5,"binary",1,1,1,1,0,-1.5,0.7,"uniform",18,FALSE,FALSE,0.5,0.2,0.2,FALSE
191,"synthetic","LSVCMM",200,21,5,"binary",1,1,1,1,0,-1.5,0.7,"uniform",18,FALSE,FALSE,0.5,0.3,0.2,FALSE
192,"synthetic","LSVCMM",200,21,5,"binary",1,1,1,1,0,-1.5,0.7,"uniform",18,FALSE,FALSE,0.5,0.4,0.2,FALSE
193,"synthetic","LSVCMM",200,21,5,"binary",1,1,1,1,0,-1.5,0.7,"uniform",18,FALSE,FALSE,0.5,0.5,0.2,FALSE
194,"synthetic","LSVCMM",200,21,5,"binary",1,1,1,1,0,-1.5,0.7,"uniform",18,FALSE,FALSE,0.5,0.6,0.2,FALSE
195,"synthetic","LSVCMM",200,21,5,"binary",1,1,1,1,0,-1.5,0.7,"uniform",18,FALSE,FALSE,0.5,0.7,0.2,FALSE
196,"synthetic","LSVCMM",200,21,5,"binary",1,1,1,1,0,-1.5,0.7,"uniform",18,FALSE,FALSE,0.5,0.8,0.2,FALSE
197,"synthetic","LSVCMM",200,21,5,"binary",1,1,1,1,0,-1.5,0.7,"uniform",18,FALSE,FALSE,0.5,0.9,0.2,FALSE
198,"synthetic","LSVCMM",200,21,5,"binary",1,1,1,1,0,-1.5,0.7,"uniform",18,FALSE,FALSE,0.5,1,0.2,FALSE
199,"synthetic","LSVCMM",200,21,5,"binary",1,1,1,1,0,-1.5,0.7,"uniform",19,FALSE,FALSE,0.5,0,0.2,FALSE
200,"synthetic","LSVCMM",200,21,5,"binary",1,1,1,1,0,-1.5,0.7,"uniform",19,FALSE,FALSE,0.5,0.1,0.2,FALSE
201,"synthetic","LSVCMM",200,21,5,"binary",1,1,1,1,0,-1.5,0.7,"uniform",19,FALSE,FALSE,0.5,0.2,0.2,FALSE
202,"synthetic","LSVCMM",200,21,5,"binary",1,1,1,1,0,-1.5,0.7,"uniform",19,FALSE,FALSE,0.5,0.3,0.2,FALSE
203,"synthetic","LSVCMM",200,21,5,"binary",1,1,1,1,0,-1.5,0.7,"uniform",19,FALSE,FALSE,0.5,0.4,0.2,FALSE
204,"synthetic","LSVCMM",200,21,5,"binary",1,1,1,1,0,-1.5,0.7,"uniform",19,FALSE,FALSE,0.5,0.5,0.2,FALSE
205,"synthetic","LSVCMM",200,21,5,"binary",1,1,1,1,0,-1.5,0.7,"uniform",19,FALSE,FALSE,0.5,0.6,0.2,FALSE
206,"synthetic","LSVCMM",200,21,5,"binary",1,1,1,1,0,-1.5,0.7,"uniform",19,FALSE,FALSE,0.5,0.7,0.2,FALSE
207,"synthetic","LSVCMM",200,21,5,"binary",1,1,1,1,0,-1.5,0.7,"uniform",19,FALSE,FALSE,0.5,0.8,0.2,FALSE
208,"synthetic","LSVCMM",200,21,5,"binary",1,1,1,1,0,-1.5,0.7,"uniform",19,FALSE,FALSE,0.5,0.9,0.2,FALSE
209,"synthetic","LSVCMM",200,21,5,"binary",1,1,1,1,0,-1.5,0.7,"uniform",19,FALSE,FALSE,0.5,1,0.2,FALSE
210,"synthetic","LSVCMM",200,21,5,"binary",1,1,1,1,0,-1.5,0.7,"uniform",20,FALSE,FALSE,0.5,0,0.2,FALSE
211,"synthetic","LSVCMM",200,21,5,"binary",1,1,1,1,0,-1.5,0.7,"uniform",20,FALSE,FALSE,0.5,0.1,0.2,FALSE
212,"synthetic","LSVCMM",200,21,5,"binary",1,1,1,1,0,-1.5,0.7,"uniform",20,FALSE,FALSE,0.5,0.2,0.2,FALSE
213,"synthetic","LSVCMM",200,21,5,"binary",1,1,1,1,0,-1.5,0.7,"uniform",20,FALSE,FALSE,0.5,0.3,0.2,FALSE
214,"synthetic","LSVCMM",200,21,5,"binary",1,1,1,1,0,-1.5,0.7,"uniform",20,FALSE,FALSE,0.5,0.4,0.2,FALSE
215,"synthetic","LSVCMM",200,21,5,"binary",1,1,1,1,0,-1.5,0.7,"uniform",20,FALSE,FALSE,0.5,0.5,0.2,FALSE
216,"synthetic","LSVCMM",200,21,5,"binary",1,1,1,1,0,-1.5,0.7,"uniform",20,FALSE,FALSE,0.5,0.6,0.2,FALSE
217,"synthetic","LSVCMM",200,21,5,"binary",1,1,1,1,0,-1.5,0.7,"uniform",20,FALSE,FALSE,0.5,0.7,0.2,FALSE
218,"synthetic","LSVCMM",200,21,5,"binary",1,1,1,1,0,-1.5,0.7,"uniform",20,FALSE,FALSE,0.5,0.8,0.2,FALSE
219,"synthetic","LSVCMM",200,21,5,"binary",1,1,1,1,0,-1.5,0.7,"uniform",20,FALSE,FALSE,0.5,0.9,0.2,FALSE
220,"synthetic","LSVCMM",200,21,5,"binary",1,1,1,1,0,-1.5,0.7,"uniform",20,FALSE,FALSE,0.5,1,0.2,FALSE
221,"synthetic","LSVCMM",200,21,5,"binary",1,1,1,1,0,-1.5,0.7,"uniform",21,FALSE,FALSE,0.5,0,0.2,FALSE
222,"synthetic","LSVCMM",200,21,5,"binary",1,1,1,1,0,-1.5,0.7,"uniform",21,FALSE,FALSE,0.5,0.1,0.2,FALSE
223,"synthetic","LSVCMM",200,21,5,"binary",1,1,1,1,0,-1.5,0.7,"uniform",21,FALSE,FALSE,0.5,0.2,0.2,FALSE
224,"synthetic","LSVCMM",200,21,5,"binary",1,1,1,1,0,-1.5,0.7,"uniform",21,FALSE,FALSE,0.5,0.3,0.2,FALSE
225,"synthetic","LSVCMM",200,21,5,"binary",1,1,1,1,0,-1.5,0.7,"uniform",21,FALSE,FALSE,0.5,0.4,0.2,FALSE
226,"synthetic","LSVCMM",200,21,5,"binary",1,1,1,1,0,-1.5,0.7,"uniform",21,FALSE,FALSE,0.5,0.5,0.2,FALSE
227,"synthetic","LSVCMM",200,21,5,"binary",1,1,1,1,0,-1.5,0.7,"uniform",21,FALSE,FALSE,0.5,0.6,0.2,FALSE
228,"synthetic","LSVCMM",200,21,5,"binary",1,1,1,1,0,-1.5,0.7,"uniform",21,FALSE,FALSE,0.5,0.7,0.2,FALSE
229,"synthetic","LSVCMM",200,21,5,"binary",1,1,1,1,0,-1.5,0.7,"uniform",21,FALSE,FALSE,0.5,0.8,0.2,FALSE
230,"synthetic","LSVCMM",200,21,5,"binary",1,1,1,1,0,-1.5,0.7,"uniform",21,FALSE,FALSE,0.5,0.9,0.2,FALSE
231,"synthetic","LSVCMM",200,21,5,"binary",1,1,1,1,0,-1.5,0.7,"uniform",21,FALSE,FALSE,0.5,1,0.2,FALSE
232,"synthetic","LSVCMM",200,21,5,"binary",1,1,1,1,0,-1.5,0.7,"uniform",22,FALSE,FALSE,0.5,0,0.2,FALSE
233,"synthetic","LSVCMM",200,21,5,"binary",1,1,1,1,0,-1.5,0.7,"uniform",22,FALSE,FALSE,0.5,0.1,0.2,FALSE
234,"synthetic","LSVCMM",200,21,5,"binary",1,1,1,1,0,-1.5,0.7,"uniform",22,FALSE,FALSE,0.5,0.2,0.2,FALSE
235,"synthetic","LSVCMM",200,21,5,"binary",1,1,1,1,0,-1.5,0.7,"uniform",22,FALSE,FALSE,0.5,0.3,0.2,FALSE
236,"synthetic","LSVCMM",200,21,5,"binary",1,1,1,1,0,-1.5,0.7,"uniform",22,FALSE,FALSE,0.5,0.4,0.2,FALSE
237,"synthetic","LSVCMM",200,21,5,"binary",1,1,1,1,0,-1.5,0.7,"uniform",22,FALSE,FALSE,0.5,0.5,0.2,FALSE
238,"synthetic","LSVCMM",200,21,5,"binary",1,1,1,1,0,-1.5,0.7,"uniform",22,FALSE,FALSE,0.5,0.6,0.2,FALSE
239,"synthetic","LSVCMM",200,21,5,"binary",1,1,1,1,0,-1.5,0.7,"uniform",22,FALSE,FALSE,0.5,0.7,0.2,FALSE
240,"synthetic","LSVCMM",200,21,5,"binary",1,1,1,1,0,-1.5,0.7,"uniform",22,FALSE,FALSE,0.5,0.8,0.2,FALSE
241,"synthetic","LSVCMM",200,21,5,"binary",1,1,1,1,0,-1.5,0.7,"uniform",22,FALSE,FALSE,0.5,0.9,0.2,FALSE
242,"synthetic","LSVCMM",200,21,5,"binary",1,1,1,1,0,-1.5,0.7,"uniform",22,FALSE,FALSE,0.5,1,0.2,FALSE
243,"synthetic","LSVCMM",200,21,5,"binary",1,1,1,1,0,-1.5,0.7,"uniform",23,FALSE,FALSE,0.5,0,0.2,FALSE
244,"synthetic","LSVCMM",200,21,5,"binary",1,1,1,1,0,-1.5,0.7,"uniform",23,FALSE,FALSE,0.5,0.1,0.2,FALSE
245,"synthetic","LSVCMM",200,21,5,"binary",1,1,1,1,0,-1.5,0.7,"uniform",23,FALSE,FALSE,0.5,0.2,0.2,FALSE
246,"synthetic","LSVCMM",200,21,5,"binary",1,1,1,1,0,-1.5,0.7,"uniform",23,FALSE,FALSE,0.5,0.3,0.2,FALSE
247,"synthetic","LSVCMM",200,21,5,"binary",1,1,1,1,0,-1.5,0.7,"uniform",23,FALSE,FALSE,0.5,0.4,0.2,FALSE
248,"synthetic","LSVCMM",200,21,5,"binary",1,1,1,1,0,-1.5,0.7,"uniform",23,FALSE,FALSE,0.5,0.5,0.2,FALSE
249,"synthetic","LSVCMM",200,21,5,"binary",1,1,1,1,0,-1.5,0.7,"uniform",23,FALSE,FALSE,0.5,0.6,0.2,FALSE
250,"synthetic","LSVCMM",200,21,5,"binary",1,1,1,1,0,-1.5,0.7,"uniform",23,FALSE,FALSE,0.5,0.7,0.2,FALSE
251,"synthetic","LSVCMM",200,21,5,"binary",1,1,1,1,0,-1.5,0.7,"uniform",23,FALSE,FALSE,0.5,0.8,0.2,FALSE
252,"synthetic","LSVCMM",200,21,5,"binary",1,1,1,1,0,-1.5,0.7,"uniform",23,FALSE,FALSE,0.5,0.9,0.2,FALSE
253,"synthetic","LSVCMM",200,21,5,"binary",1,1,1,1,0,-1.5,0.7,"uniform",23,FALSE,FALSE,0.5,1,0.2,FALSE
254,"synthetic","LSVCMM",200,21,5,"binary",1,1,1,1,0,-1.5,0.7,"uniform",24,FALSE,FALSE,0.5,0,0.2,FALSE
255,"synthetic","LSVCMM",200,21,5,"binary",1,1,1,1,0,-1.5,0.7,"uniform",24,FALSE,FALSE,0.5,0.1,0.2,FALSE
256,"synthetic","LSVCMM",200,21,5,"binary",1,1,1,1,0,-1.5,0.7,"uniform",24,FALSE,FALSE,0.5,0.2,0.2,FALSE
257,"synthetic","LSVCMM",200,21,5,"binary",1,1,1,1,0,-1.5,0.7,"uniform",24,FALSE,FALSE,0.5,0.3,0.2,FALSE
258,"synthetic","LSVCMM",200,21,5,"binary",1,1,1,1,0,-1.5,0.7,"uniform",24,FALSE,FALSE,0.5,0.4,0.2,FALSE
259,"synthetic","LSVCMM",200,21,5,"binary",1,1,1,1,0,-1.5,0.7,"uniform",24,FALSE,FALSE,0.5,0.5,0.2,FALSE
260,"synthetic","LSVCMM",200,21,5,"binary",1,1,1,1,0,-1.5,0.7,"uniform",24,FALSE,FALSE,0.5,0.6,0.2,FALSE
261,"synthetic","LSVCMM",200,21,5,"binary",1,1,1,1,0,-1.5,0.7,"uniform",24,FALSE,FALSE,0.5,0.7,0.2,FALSE
262,"synthetic","LSVCMM",200,21,5,"binary",1,1,1,1,0,-1.5,0.7,"uniform",24,FALSE,FALSE,0.5,0.8,0.2,FALSE
263,"synthetic","LSVCMM",200,21,5,"binary",1,1,1,1,0,-1.5,0.7,"uniform",24,FALSE,FALSE,0.5,0.9,0.2,FALSE
264,"synthetic","LSVCMM",200,21,5,"binary",1,1,1,1,0,-1.5,0.7,"uniform",24,FALSE,FALSE,0.5,1,0.2,FALSE
265,"synthetic","LSVCMM",200,21,5,"binary",1,1,1,1,0,-1.5,0.7,"uniform",25,FALSE,FALSE,0.5,0,0.2,FALSE
266,"synthetic","LSVCMM",200,21,5,"binary",1,1,1,1,0,-1.5,0.7,"uniform",25,FALSE,FALSE,0.5,0.1,0.2,FALSE
267,"synthetic","LSVCMM",200,21,5,"binary",1,1,1,1,0,-1.5,0.7,"uniform",25,FALSE,FALSE,0.5,0.2,0.2,FALSE
268,"synthetic","LSVCMM",200,21,5,"binary",1,1,1,1,0,-1.5,0.7,"uniform",25,FALSE,FALSE,0.5,0.3,0.2,FALSE
269,"synthetic","LSVCMM",200,21,5,"binary",1,1,1,1,0,-1.5,0.7,"uniform",25,FALSE,FALSE,0.5,0.4,0.2,FALSE
270,"synthetic","LSVCMM",200,21,5,"binary",1,1,1,1,0,-1.5,0.7,"uniform",25,FALSE,FALSE,0.5,0.5,0.2,FALSE
271,"synthetic","LSVCMM",200,21,5,"binary",1,1,1,1,0,-1.5,0.7,"uniform",25,FALSE,FALSE,0.5,0.6,0.2,FALSE
272,"synthetic","LSVCMM",200,21,5,"binary",1,1,1,1,0,-1.5,0.7,"uniform",25,FALSE,FALSE,0.5,0.7,0.2,FALSE
273,"synthetic","LSVCMM",200,21,5,"binary",1,1,1,1,0,-1.5,0.7,"uniform",25,FALSE,FALSE,0.5,0.8,0.2,FALSE
274,"synthetic","LSVCMM",200,21,5,"binary",1,1,1,1,0,-1.5,0.7,"uniform",25,FALSE,FALSE,0.5,0.9,0.2,FALSE
275,"synthetic","LSVCMM",200,21,5,"binary",1,1,1,1,0,-1.5,0.7,"uniform",25,FALSE,FALSE,0.5,1,0.2,FALSE
276,"synthetic","LSVCMM",200,21,5,"binary",1,1,1,1,0,-1.5,0.7,"uniform",26,FALSE,FALSE,0.5,0,0.2,FALSE
277,"synthetic","LSVCMM",200,21,5,"binary",1,1,1,1,0,-1.5,0.7,"uniform",26,FALSE,FALSE,0.5,0.1,0.2,FALSE
278,"synthetic","LSVCMM",200,21,5,"binary",1,1,1,1,0,-1.5,0.7,"uniform",26,FALSE,FALSE,0.5,0.2,0.2,FALSE
279,"synthetic","LSVCMM",200,21,5,"binary",1,1,1,1,0,-1.5,0.7,"uniform",26,FALSE,FALSE,0.5,0.3,0.2,FALSE
280,"synthetic","LSVCMM",200,21,5,"binary",1,1,1,1,0,-1.5,0.7,"uniform",26,FALSE,FALSE,0.5,0.4,0.2,FALSE
281,"synthetic","LSVCMM",200,21,5,"binary",1,1,1,1,0,-1.5,0.7,"uniform",26,FALSE,FALSE,0.5,0.5,0.2,FALSE
282,"synthetic","LSVCMM",200,21,5,"binary",1,1,1,1,0,-1.5,0.7,"uniform",26,FALSE,FALSE,0.5,0.6,0.2,FALSE
283,"synthetic","LSVCMM",200,21,5,"binary",1,1,1,1,0,-1.5,0.7,"uniform",26,FALSE,FALSE,0.5,0.7,0.2,FALSE
284,"synthetic","LSVCMM",200,21,5,"binary",1,1,1,1,0,-1.5,0.7,"uniform",26,FALSE,FALSE,0.5,0.8,0.2,FALSE
285,"synthetic","LSVCMM",200,21,5,"binary",1,1,1,1,0,-1.5,0.7,"uniform",26,FALSE,FALSE,0.5,0.9,0.2,FALSE
286,"synthetic","LSVCMM",200,21,5,"binary",1,1,1,1,0,-1.5,0.7,"uniform",26,FALSE,FALSE,0.5,1,0.2,FALSE
287,"synthetic","LSVCMM",200,21,5,"binary",1,1,1,1,0,-1.5,0.7,"uniform",27,FALSE,FALSE,0.5,0,0.2,FALSE
288,"synthetic","LSVCMM",200,21,5,"binary",1,1,1,1,0,-1.5,0.7,"uniform",27,FALSE,FALSE,0.5,0.1,0.2,FALSE
289,"synthetic","LSVCMM",200,21,5,"binary",1,1,1,1,0,-1.5,0.7,"uniform",27,FALSE,FALSE,0.5,0.2,0.2,FALSE
290,"synthetic","LSVCMM",200,21,5,"binary",1,1,1,1,0,-1.5,0.7,"uniform",27,FALSE,FALSE,0.5,0.3,0.2,FALSE
291,"synthetic","LSVCMM",200,21,5,"binary",1,1,1,1,0,-1.5,0.7,"uniform",27,FALSE,FALSE,0.5,0.4,0.2,FALSE
292,"synthetic","LSVCMM",200,21,5,"binary",1,1,1,1,0,-1.5,0.7,"uniform",27,FALSE,FALSE,0.5,0.5,0.2,FALSE
293,"synthetic","LSVCMM",200,21,5,"binary",1,1,1,1,0,-1.5,0.7,"uniform",27,FALSE,FALSE,0.5,0.6,0.2,FALSE
294,"synthetic","LSVCMM",200,21,5,"binary",1,1,1,1,0,-1.5,0.7,"uniform",27,FALSE,FALSE,0.5,0.7,0.2,FALSE
295,"synthetic","LSVCMM",200,21,5,"binary",1,1,1,1,0,-1.5,0.7,"uniform",27,FALSE,FALSE,0.5,0.8,0.2,FALSE
296,"synthetic","LSVCMM",200,21,5,"binary",1,1,1,1,0,-1.5,0.7,"uniform",27,FALSE,FALSE,0.5,0.9,0.2,FALSE
297,"synthetic","LSVCMM",200,21,5,"binary",1,1,1,1,0,-1.5,0.7,"uniform",27,FALSE,FALSE,0.5,1,0.2,FALSE
298,"synthetic","LSVCMM",200,21,5,"binary",1,1,1,1,0,-1.5,0.7,"uniform",28,FALSE,FALSE,0.5,0,0.2,FALSE
299,"synthetic","LSVCMM",200,21,5,"binary",1,1,1,1,0,-1.5,0.7,"uniform",28,FALSE,FALSE,0.5,0.1,0.2,FALSE
300,"synthetic","LSVCMM",200,21,5,"binary",1,1,1,1,0,-1.5,0.7,"uniform",28,FALSE,FALSE,0.5,0.2,0.2,FALSE
301,"synthetic","LSVCMM",200,21,5,"binary",1,1,1,1,0,-1.5,0.7,"uniform",28,FALSE,FALSE,0.5,0.3,0.2,FALSE
302,"synthetic","LSVCMM",200,21,5,"binary",1,1,1,1,0,-1.5,0.7,"uniform",28,FALSE,FALSE,0.5,0.4,0.2,FALSE
303,"synthetic","LSVCMM",200,21,5,"binary",1,1,1,1,0,-1.5,0.7,"uniform",28,FALSE,FALSE,0.5,0.5,0.2,FALSE
304,"synthetic","LSVCMM",200,21,5,"binary",1,1,1,1,0,-1.5,0.7,"uniform",28,FALSE,FALSE,0.5,0.6,0.2,FALSE
305,"synthetic","LSVCMM",200,21,5,"binary",1,1,1,1,0,-1.5,0.7,"uniform",28,FALSE,FALSE,0.5,0.7,0.2,FALSE
306,"synthetic","LSVCMM",200,21,5,"binary",1,1,1,1,0,-1.5,0.7,"uniform",28,FALSE,FALSE,0.5,0.8,0.2,FALSE
307,"synthetic","LSVCMM",200,21,5,"binary",1,1,1,1,0,-1.5,0.7,"uniform",28,FALSE,FALSE,0.5,0.9,0.2,FALSE
308,"synthetic","LSVCMM",200,21,5,"binary",1,1,1,1,0,-1.5,0.7,"uniform",28,FALSE,FALSE,0.5,1,0.2,FALSE
309,"synthetic","LSVCMM",200,21,5,"binary",1,1,1,1,0,-1.5,0.7,"uniform",29,FALSE,FALSE,0.5,0,0.2,FALSE
310,"synthetic","LSVCMM",200,21,5,"binary",1,1,1,1,0,-1.5,0.7,"uniform",29,FALSE,FALSE,0.5,0.1,0.2,FALSE
311,"synthetic","LSVCMM",200,21,5,"binary",1,1,1,1,0,-1.5,0.7,"uniform",29,FALSE,FALSE,0.5,0.2,0.2,FALSE
312,"synthetic","LSVCMM",200,21,5,"binary",1,1,1,1,0,-1.5,0.7,"uniform",29,FALSE,FALSE,0.5,0.3,0.2,FALSE
313,"synthetic","LSVCMM",200,21,5,"binary",1,1,1,1,0,-1.5,0.7,"uniform",29,FALSE,FALSE,0.5,0.4,0.2,FALSE
314,"synthetic","LSVCMM",200,21,5,"binary",1,1,1,1,0,-1.5,0.7,"uniform",29,FALSE,FALSE,0.5,0.5,0.2,FALSE
315,"synthetic","LSVCMM",200,21,5,"binary",1,1,1,1,0,-1.5,0.7,"uniform",29,FALSE,FALSE,0.5,0.6,0.2,FALSE
316,"synthetic","LSVCMM",200,21,5,"binary",1,1,1,1,0,-1.5,0.7,"uniform",29,FALSE,FALSE,0.5,0.7,0.2,FALSE
317,"synthetic","LSVCMM",200,21,5,"binary",1,1,1,1,0,-1.5,0.7,"uniform",29,FALSE,FALSE,0.5,0.8,0.2,FALSE
318,"synthetic","LSVCMM",200,21,5,"binary",1,1,1,1,0,-1.5,0.7,"uniform",29,FALSE,FALSE,0.5,0.9,0.2,FALSE
319,"synthetic","LSVCMM",200,21,5,"binary",1,1,1,1,0,-1.5,0.7,"uniform",29,FALSE,FALSE,0.5,1,0.2,FALSE
320,"synthetic","LSVCMM",200,21,5,"binary",1,1,1,1,0,-1.5,0.7,"uniform",30,FALSE,FALSE,0.5,0,0.2,FALSE
321,"synthetic","LSVCMM",200,21,5,"binary",1,1,1,1,0,-1.5,0.7,"uniform",30,FALSE,FALSE,0.5,0.1,0.2,FALSE
322,"synthetic","LSVCMM",200,21,5,"binary",1,1,1,1,0,-1.5,0.7,"uniform",30,FALSE,FALSE,0.5,0.2,0.2,FALSE
323,"synthetic","LSVCMM",200,21,5,"binary",1,1,1,1,0,-1.5,0.7,"uniform",30,FALSE,FALSE,0.5,0.3,0.2,FALSE
324,"synthetic","LSVCMM",200,21,5,"binary",1,1,1,1,0,-1.5,0.7,"uniform",30,FALSE,FALSE,0.5,0.4,0.2,FALSE
325,"synthetic","LSVCMM",200,21,5,"binary",1,1,1,1,0,-1.5,0.7,"uniform",30,FALSE,FALSE,0.5,0.5,0.2,FALSE
326,"synthetic","LSVCMM",200,21,5,"binary",1,1,1,1,0,-1.5,0.7,"uniform",30,FALSE,FALSE,0.5,0.6,0.2,FALSE
327,"synthetic","LSVCMM",200,21,5,"binary",1,1,1,1,0,-1.5,0.7,"uniform",30,FALSE,FALSE,0.5,0.7,0.2,FALSE
328,"synthetic","LSVCMM",200,21,5,"binary",1,1,1,1,0,-1.5,0.7,"uniform",30,FALSE,FALSE,0.5,0.8,0.2,FALSE
329,"synthetic","LSVCMM",200,21,5,"binary",1,1,1,1,0,-1.5,0.7,"uniform",30,FALSE,FALSE,0.5,0.9,0.2,FALSE
330,"synthetic","LSVCMM",200,21,5,"binary",1,1,1,1,0,-1.5,0.7,"uniform",30,FALSE,FALSE,0.5,1,0.2,FALSE
331,"synthetic","LSVCMM",200,21,5,"binary",1,1,1,1,0,-1.5,0.7,"uniform",31,FALSE,FALSE,0.5,0,0.2,FALSE
332,"synthetic","LSVCMM",200,21,5,"binary",1,1,1,1,0,-1.5,0.7,"uniform",31,FALSE,FALSE,0.5,0.1,0.2,FALSE
333,"synthetic","LSVCMM",200,21,5,"binary",1,1,1,1,0,-1.5,0.7,"uniform",31,FALSE,FALSE,0.5,0.2,0.2,FALSE
334,"synthetic","LSVCMM",200,21,5,"binary",1,1,1,1,0,-1.5,0.7,"uniform",31,FALSE,FALSE,0.5,0.3,0.2,FALSE
335,"synthetic","LSVCMM",200,21,5,"binary",1,1,1,1,0,-1.5,0.7,"uniform",31,FALSE,FALSE,0.5,0.4,0.2,FALSE
336,"synthetic","LSVCMM",200,21,5,"binary",1,1,1,1,0,-1.5,0.7,"uniform",31,FALSE,FALSE,0.5,0.5,0.2,FALSE
337,"synthetic","LSVCMM",200,21,5,"binary",1,1,1,1,0,-1.5,0.7,"uniform",31,FALSE,FALSE,0.5,0.6,0.2,FALSE
338,"synthetic","LSVCMM",200,21,5,"binary",1,1,1,1,0,-1.5,0.7,"uniform",31,FALSE,FALSE,0.5,0.7,0.2,FALSE
339,"synthetic","LSVCMM",200,21,5,"binary",1,1,1,1,0,-1.5,0.7,"uniform",31,FALSE,FALSE,0.5,0.8,0.2,FALSE
340,"synthetic","LSVCMM",200,21,5,"binary",1,1,1,1,0,-1.5,0.7,"uniform",31,FALSE,FALSE,0.5,0.9,0.2,FALSE
341,"synthetic","LSVCMM",200,21,5,"binary",1,1,1,1,0,-1.5,0.7,"uniform",31,FALSE,FALSE,0.5,1,0.2,FALSE
342,"synthetic","LSVCMM",200,21,5,"binary",1,1,1,1,0,-1.5,0.7,"uniform",32,FALSE,FALSE,0.5,0,0.2,FALSE
343,"synthetic","LSVCMM",200,21,5,"binary",1,1,1,1,0,-1.5,0.7,"uniform",32,FALSE,FALSE,0.5,0.1,0.2,FALSE
344,"synthetic","LSVCMM",200,21,5,"binary",1,1,1,1,0,-1.5,0.7,"uniform",32,FALSE,FALSE,0.5,0.2,0.2,FALSE
345,"synthetic","LSVCMM",200,21,5,"binary",1,1,1,1,0,-1.5,0.7,"uniform",32,FALSE,FALSE,0.5,0.3,0.2,FALSE
346,"synthetic","LSVCMM",200,21,5,"binary",1,1,1,1,0,-1.5,0.7,"uniform",32,FALSE,FALSE,0.5,0.4,0.2,FALSE
347,"synthetic","LSVCMM",200,21,5,"binary",1,1,1,1,0,-1.5,0.7,"uniform",32,FALSE,FALSE,0.5,0.5,0.2,FALSE
348,"synthetic","LSVCMM",200,21,5,"binary",1,1,1,1,0,-1.5,0.7,"uniform",32,FALSE,FALSE,0.5,0.6,0.2,FALSE
349,"synthetic","LSVCMM",200,21,5,"binary",1,1,1,1,0,-1.5,0.7,"uniform",32,FALSE,FALSE,0.5,0.7,0.2,FALSE
350,"synthetic","LSVCMM",200,21,5,"binary",1,1,1,1,0,-1.5,0.7,"uniform",32,FALSE,FALSE,0.5,0.8,0.2,FALSE
351,"synthetic","LSVCMM",200,21,5,"binary",1,1,1,1,0,-1.5,0.7,"uniform",32,FALSE,FALSE,0.5,0.9,0.2,FALSE
352,"synthetic","LSVCMM",200,21,5,"binary",1,1,1,1,0,-1.5,0.7,"uniform",32,FALSE,FALSE,0.5,1,0.2,FALSE
353,"synthetic","LSVCMM",200,21,5,"binary",1,1,1,1,0,-1.5,0.7,"uniform",33,FALSE,FALSE,0.5,0,0.2,FALSE
354,"synthetic","LSVCMM",200,21,5,"binary",1,1,1,1,0,-1.5,0.7,"uniform",33,FALSE,FALSE,0.5,0.1,0.2,FALSE
355,"synthetic","LSVCMM",200,21,5,"binary",1,1,1,1,0,-1.5,0.7,"uniform",33,FALSE,FALSE,0.5,0.2,0.2,FALSE
356,"synthetic","LSVCMM",200,21,5,"binary",1,1,1,1,0,-1.5,0.7,"uniform",33,FALSE,FALSE,0.5,0.3,0.2,FALSE
357,"synthetic","LSVCMM",200,21,5,"binary",1,1,1,1,0,-1.5,0.7,"uniform",33,FALSE,FALSE,0.5,0.4,0.2,FALSE
358,"synthetic","LSVCMM",200,21,5,"binary",1,1,1,1,0,-1.5,0.7,"uniform",33,FALSE,FALSE,0.5,0.5,0.2,FALSE
359,"synthetic","LSVCMM",200,21,5,"binary",1,1,1,1,0,-1.5,0.7,"uniform",33,FALSE,FALSE,0.5,0.6,0.2,FALSE
360,"synthetic","LSVCMM",200,21,5,"binary",1,1,1,1,0,-1.5,0.7,"uniform",33,FALSE,FALSE,0.5,0.7,0.2,FALSE
361,"synthetic","LSVCMM",200,21,5,"binary",1,1,1,1,0,-1.5,0.7,"uniform",33,FALSE,FALSE,0.5,0.8,0.2,FALSE
362,"synthetic","LSVCMM",200,21,5,"binary",1,1,1,1,0,-1.5,0.7,"uniform",33,FALSE,FALSE,0.5,0.9,0.2,FALSE
363,"synthetic","LSVCMM",200,21,5,"binary",1,1,1,1,0,-1.5,0.7,"uniform",33,FALSE,FALSE,0.5,1,0.2,FALSE
364,"synthetic","LSVCMM",200,21,5,"binary",1,1,1,1,0,-1.5,0.7,"uniform",34,FALSE,FALSE,0.5,0,0.2,FALSE
365,"synthetic","LSVCMM",200,21,5,"binary",1,1,1,1,0,-1.5,0.7,"uniform",34,FALSE,FALSE,0.5,0.1,0.2,FALSE
366,"synthetic","LSVCMM",200,21,5,"binary",1,1,1,1,0,-1.5,0.7,"uniform",34,FALSE,FALSE,0.5,0.2,0.2,FALSE
367,"synthetic","LSVCMM",200,21,5,"binary",1,1,1,1,0,-1.5,0.7,"uniform",34,FALSE,FALSE,0.5,0.3,0.2,FALSE
368,"synthetic","LSVCMM",200,21,5,"binary",1,1,1,1,0,-1.5,0.7,"uniform",34,FALSE,FALSE,0.5,0.4,0.2,FALSE
369,"synthetic","LSVCMM",200,21,5,"binary",1,1,1,1,0,-1.5,0.7,"uniform",34,FALSE,FALSE,0.5,0.5,0.2,FALSE
370,"synthetic","LSVCMM",200,21,5,"binary",1,1,1,1,0,-1.5,0.7,"uniform",34,FALSE,FALSE,0.5,0.6,0.2,FALSE
371,"synthetic","LSVCMM",200,21,5,"binary",1,1,1,1,0,-1.5,0.7,"uniform",34,FALSE,FALSE,0.5,0.7,0.2,FALSE
372,"synthetic","LSVCMM",200,21,5,"binary",1,1,1,1,0,-1.5,0.7,"uniform",34,FALSE,FALSE,0.5,0.8,0.2,FALSE
373,"synthetic","LSVCMM",200,21,5,"binary",1,1,1,1,0,-1.5,0.7,"uniform",34,FALSE,FALSE,0.5,0.9,0.2,FALSE
374,"synthetic","LSVCMM",200,21,5,"binary",1,1,1,1,0,-1.5,0.7,"uniform",34,FALSE,FALSE,0.5,1,0.2,FALSE
375,"synthetic","LSVCMM",200,21,5,"binary",1,1,1,1,0,-1.5,0.7,"uniform",35,FALSE,FALSE,0.5,0,0.2,FALSE
376,"synthetic","LSVCMM",200,21,5,"binary",1,1,1,1,0,-1.5,0.7,"uniform",35,FALSE,FALSE,0.5,0.1,0.2,FALSE
377,"synthetic","LSVCMM",200,21,5,"binary",1,1,1,1,0,-1.5,0.7,"uniform",35,FALSE,FALSE,0.5,0.2,0.2,FALSE
378,"synthetic","LSVCMM",200,21,5,"binary",1,1,1,1,0,-1.5,0.7,"uniform",35,FALSE,FALSE,0.5,0.3,0.2,FALSE
379,"synthetic","LSVCMM",200,21,5,"binary",1,1,1,1,0,-1.5,0.7,"uniform",35,FALSE,FALSE,0.5,0.4,0.2,FALSE
380,"synthetic","LSVCMM",200,21,5,"binary",1,1,1,1,0,-1.5,0.7,"uniform",35,FALSE,FALSE,0.5,0.5,0.2,FALSE
381,"synthetic","LSVCMM",200,21,5,"binary",1,1,1,1,0,-1.5,0.7,"uniform",35,FALSE,FALSE,0.5,0.6,0.2,FALSE
382,"synthetic","LSVCMM",200,21,5,"binary",1,1,1,1,0,-1.5,0.7,"uniform",35,FALSE,FALSE,0.5,0.7,0.2,FALSE
383,"synthetic","LSVCMM",200,21,5,"binary",1,1,1,1,0,-1.5,0.7,"uniform",35,FALSE,FALSE,0.5,0.8,0.2,FALSE
384,"synthetic","LSVCMM",200,21,5,"binary",1,1,1,1,0,-1.5,0.7,"uniform",35,FALSE,FALSE,0.5,0.9,0.2,FALSE
385,"synthetic","LSVCMM",200,21,5,"binary",1,1,1,1,0,-1.5,0.7,"uniform",35,FALSE,FALSE,0.5,1,0.2,FALSE
386,"synthetic","LSVCMM",200,21,5,"binary",1,1,1,1,0,-1.5,0.7,"uniform",36,FALSE,FALSE,0.5,0,0.2,FALSE
387,"synthetic","LSVCMM",200,21,5,"binary",1,1,1,1,0,-1.5,0.7,"uniform",36,FALSE,FALSE,0.5,0.1,0.2,FALSE
388,"synthetic","LSVCMM",200,21,5,"binary",1,1,1,1,0,-1.5,0.7,"uniform",36,FALSE,FALSE,0.5,0.2,0.2,FALSE
389,"synthetic","LSVCMM",200,21,5,"binary",1,1,1,1,0,-1.5,0.7,"uniform",36,FALSE,FALSE,0.5,0.3,0.2,FALSE
390,"synthetic","LSVCMM",200,21,5,"binary",1,1,1,1,0,-1.5,0.7,"uniform",36,FALSE,FALSE,0.5,0.4,0.2,FALSE
391,"synthetic","LSVCMM",200,21,5,"binary",1,1,1,1,0,-1.5,0.7,"uniform",36,FALSE,FALSE,0.5,0.5,0.2,FALSE
392,"synthetic","LSVCMM",200,21,5,"binary",1,1,1,1,0,-1.5,0.7,"uniform",36,FALSE,FALSE,0.5,0.6,0.2,FALSE
393,"synthetic","LSVCMM",200,21,5,"binary",1,1,1,1,0,-1.5,0.7,"uniform",36,FALSE,FALSE,0.5,0.7,0.2,FALSE
394,"synthetic","LSVCMM",200,21,5,"binary",1,1,1,1,0,-1.5,0.7,"uniform",36,FALSE,FALSE,0.5,0.8,0.2,FALSE
395,"synthetic","LSVCMM",200,21,5,"binary",1,1,1,1,0,-1.5,0.7,"uniform",36,FALSE,FALSE,0.5,0.9,0.2,FALSE
396,"synthetic","LSVCMM",200,21,5,"binary",1,1,1,1,0,-1.5,0.7,"uniform",36,FALSE,FALSE,0.5,1,0.2,FALSE
397,"synthetic","LSVCMM",200,21,5,"binary",1,1,1,1,0,-1.5,0.7,"uniform",37,FALSE,FALSE,0.5,0,0.2,FALSE
398,"synthetic","LSVCMM",200,21,5,"binary",1,1,1,1,0,-1.5,0.7,"uniform",37,FALSE,FALSE,0.5,0.1,0.2,FALSE
399,"synthetic","LSVCMM",200,21,5,"binary",1,1,1,1,0,-1.5,0.7,"uniform",37,FALSE,FALSE,0.5,0.2,0.2,FALSE
400,"synthetic","LSVCMM",200,21,5,"binary",1,1,1,1,0,-1.5,0.7,"uniform",37,FALSE,FALSE,0.5,0.3,0.2,FALSE
401,"synthetic","LSVCMM",200,21,5,"binary",1,1,1,1,0,-1.5,0.7,"uniform",37,FALSE,FALSE,0.5,0.4,0.2,FALSE
402,"synthetic","LSVCMM",200,21,5,"binary",1,1,1,1,0,-1.5,0.7,"uniform",37,FALSE,FALSE,0.5,0.5,0.2,FALSE
403,"synthetic","LSVCMM",200,21,5,"binary",1,1,1,1,0,-1.5,0.7,"uniform",37,FALSE,FALSE,0.5,0.6,0.2,FALSE
404,"synthetic","LSVCMM",200,21,5,"binary",1,1,1,1,0,-1.5,0.7,"uniform",37,FALSE,FALSE,0.5,0.7,0.2,FALSE
405,"synthetic","LSVCMM",200,21,5,"binary",1,1,1,1,0,-1.5,0.7,"uniform",37,FALSE,FALSE,0.5,0.8,0.2,FALSE
406,"synthetic","LSVCMM",200,21,5,"binary",1,1,1,1,0,-1.5,0.7,"uniform",37,FALSE,FALSE,0.5,0.9,0.2,FALSE
407,"synthetic","LSVCMM",200,21,5,"binary",1,1,1,1,0,-1.5,0.7,"uniform",37,FALSE,FALSE,0.5,1,0.2,FALSE
408,"synthetic","LSVCMM",200,21,5,"binary",1,1,1,1,0,-1.5,0.7,"uniform",38,FALSE,FALSE,0.5,0,0.2,FALSE
409,"synthetic","LSVCMM",200,21,5,"binary",1,1,1,1,0,-1.5,0.7,"uniform",38,FALSE,FALSE,0.5,0.1,0.2,FALSE
410,"synthetic","LSVCMM",200,21,5,"binary",1,1,1,1,0,-1.5,0.7,"uniform",38,FALSE,FALSE,0.5,0.2,0.2,FALSE
411,"synthetic","LSVCMM",200,21,5,"binary",1,1,1,1,0,-1.5,0.7,"uniform",38,FALSE,FALSE,0.5,0.3,0.2,FALSE
412,"synthetic","LSVCMM",200,21,5,"binary",1,1,1,1,0,-1.5,0.7,"uniform",38,FALSE,FALSE,0.5,0.4,0.2,FALSE
413,"synthetic","LSVCMM",200,21,5,"binary",1,1,1,1,0,-1.5,0.7,"uniform",38,FALSE,FALSE,0.5,0.5,0.2,FALSE
414,"synthetic","LSVCMM",200,21,5,"binary",1,1,1,1,0,-1.5,0.7,"uniform",38,FALSE,FALSE,0.5,0.6,0.2,FALSE
415,"synthetic","LSVCMM",200,21,5,"binary",1,1,1,1,0,-1.5,0.7,"uniform",38,FALSE,FALSE,0.5,0.7,0.2,FALSE
416,"synthetic","LSVCMM",200,21,5,"binary",1,1,1,1,0,-1.5,0.7,"uniform",38,FALSE,FALSE,0.5,0.8,0.2,FALSE
417,"synthetic","LSVCMM",200,21,5,"binary",1,1,1,1,0,-1.5,0.7,"uniform",38,FALSE,FALSE,0.5,0.9,0.2,FALSE
418,"synthetic","LSVCMM",200,21,5,"binary",1,1,1,1,0,-1.5,0.7,"uniform",38,FALSE,FALSE,0.5,1,0.2,FALSE
419,"synthetic","LSVCMM",200,21,5,"binary",1,1,1,1,0,-1.5,0.7,"uniform",39,FALSE,FALSE,0.5,0,0.2,FALSE
420,"synthetic","LSVCMM",200,21,5,"binary",1,1,1,1,0,-1.5,0.7,"uniform",39,FALSE,FALSE,0.5,0.1,0.2,FALSE
421,"synthetic","LSVCMM",200,21,5,"binary",1,1,1,1,0,-1.5,0.7,"uniform",39,FALSE,FALSE,0.5,0.2,0.2,FALSE
422,"synthetic","LSVCMM",200,21,5,"binary",1,1,1,1,0,-1.5,0.7,"uniform",39,FALSE,FALSE,0.5,0.3,0.2,FALSE
423,"synthetic","LSVCMM",200,21,5,"binary",1,1,1,1,0,-1.5,0.7,"uniform",39,FALSE,FALSE,0.5,0.4,0.2,FALSE
424,"synthetic","LSVCMM",200,21,5,"binary",1,1,1,1,0,-1.5,0.7,"uniform",39,FALSE,FALSE,0.5,0.5,0.2,FALSE
425,"synthetic","LSVCMM",200,21,5,"binary",1,1,1,1,0,-1.5,0.7,"uniform",39,FALSE,FALSE,0.5,0.6,0.2,FALSE
426,"synthetic","LSVCMM",200,21,5,"binary",1,1,1,1,0,-1.5,0.7,"uniform",39,FALSE,FALSE,0.5,0.7,0.2,FALSE
427,"synthetic","LSVCMM",200,21,5,"binary",1,1,1,1,0,-1.5,0.7,"uniform",39,FALSE,FALSE,0.5,0.8,0.2,FALSE
428,"synthetic","LSVCMM",200,21,5,"binary",1,1,1,1,0,-1.5,0.7,"uniform",39,FALSE,FALSE,0.5,0.9,0.2,FALSE
429,"synthetic","LSVCMM",200,21,5,"binary",1,1,1,1,0,-1.5,0.7,"uniform",39,FALSE,FALSE,0.5,1,0.2,FALSE
430,"synthetic","LSVCMM",200,21,5,"binary",1,1,1,1,0,-1.5,0.7,"uniform",40,FALSE,FALSE,0.5,0,0.2,FALSE
431,"synthetic","LSVCMM",200,21,5,"binary",1,1,1,1,0,-1.5,0.7,"uniform",40,FALSE,FALSE,0.5,0.1,0.2,FALSE
432,"synthetic","LSVCMM",200,21,5,"binary",1,1,1,1,0,-1.5,0.7,"uniform",40,FALSE,FALSE,0.5,0.2,0.2,FALSE
433,"synthetic","LSVCMM",200,21,5,"binary",1,1,1,1,0,-1.5,0.7,"uniform",40,FALSE,FALSE,0.5,0.3,0.2,FALSE
434,"synthetic","LSVCMM",200,21,5,"binary",1,1,1,1,0,-1.5,0.7,"uniform",40,FALSE,FALSE,0.5,0.4,0.2,FALSE
435,"synthetic","LSVCMM",200,21,5,"binary",1,1,1,1,0,-1.5,0.7,"uniform",40,FALSE,FALSE,0.5,0.5,0.2,FALSE
436,"synthetic","LSVCMM",200,21,5,"binary",1,1,1,1,0,-1.5,0.7,"uniform",40,FALSE,FALSE,0.5,0.6,0.2,FALSE
437,"synthetic","LSVCMM",200,21,5,"binary",1,1,1,1,0,-1.5,0.7,"uniform",40,FALSE,FALSE,0.5,0.7,0.2,FALSE
438,"synthetic","LSVCMM",200,21,5,"binary",1,1,1,1,0,-1.5,0.7,"uniform",40,FALSE,FALSE,0.5,0.8,0.2,FALSE
439,"synthetic","LSVCMM",200,21,5,"binary",1,1,1,1,0,-1.5,0.7,"uniform",40,FALSE,FALSE,0.5,0.9,0.2,FALSE
440,"synthetic","LSVCMM",200,21,5,"binary",1,1,1,1,0,-1.5,0.7,"uniform",40,FALSE,FALSE,0.5,1,0.2,FALSE
441,"synthetic","LSVCMM",200,21,5,"binary",1,1,1,1,0,-1.5,0.7,"uniform",41,FALSE,FALSE,0.5,0,0.2,FALSE
442,"synthetic","LSVCMM",200,21,5,"binary",1,1,1,1,0,-1.5,0.7,"uniform",41,FALSE,FALSE,0.5,0.1,0.2,FALSE
443,"synthetic","LSVCMM",200,21,5,"binary",1,1,1,1,0,-1.5,0.7,"uniform",41,FALSE,FALSE,0.5,0.2,0.2,FALSE
444,"synthetic","LSVCMM",200,21,5,"binary",1,1,1,1,0,-1.5,0.7,"uniform",41,FALSE,FALSE,0.5,0.3,0.2,FALSE
445,"synthetic","LSVCMM",200,21,5,"binary",1,1,1,1,0,-1.5,0.7,"uniform",41,FALSE,FALSE,0.5,0.4,0.2,FALSE
446,"synthetic","LSVCMM",200,21,5,"binary",1,1,1,1,0,-1.5,0.7,"uniform",41,FALSE,FALSE,0.5,0.5,0.2,FALSE
447,"synthetic","LSVCMM",200,21,5,"binary",1,1,1,1,0,-1.5,0.7,"uniform",41,FALSE,FALSE,0.5,0.6,0.2,FALSE
448,"synthetic","LSVCMM",200,21,5,"binary",1,1,1,1,0,-1.5,0.7,"uniform",41,FALSE,FALSE,0.5,0.7,0.2,FALSE
449,"synthetic","LSVCMM",200,21,5,"binary",1,1,1,1,0,-1.5,0.7,"uniform",41,FALSE,FALSE,0.5,0.8,0.2,FALSE
450,"synthetic","LSVCMM",200,21,5,"binary",1,1,1,1,0,-1.5,0.7,"uniform",41,FALSE,FALSE,0.5,0.9,0.2,FALSE
451,"synthetic","LSVCMM",200,21,5,"binary",1,1,1,1,0,-1.5,0.7,"uniform",41,FALSE,FALSE,0.5,1,0.2,FALSE
452,"synthetic","LSVCMM",200,21,5,"binary",1,1,1,1,0,-1.5,0.7,"uniform",42,FALSE,FALSE,0.5,0,0.2,FALSE
453,"synthetic","LSVCMM",200,21,5,"binary",1,1,1,1,0,-1.5,0.7,"uniform",42,FALSE,FALSE,0.5,0.1,0.2,FALSE
454,"synthetic","LSVCMM",200,21,5,"binary",1,1,1,1,0,-1.5,0.7,"uniform",42,FALSE,FALSE,0.5,0.2,0.2,FALSE
455,"synthetic","LSVCMM",200,21,5,"binary",1,1,1,1,0,-1.5,0.7,"uniform",42,FALSE,FALSE,0.5,0.3,0.2,FALSE
456,"synthetic","LSVCMM",200,21,5,"binary",1,1,1,1,0,-1.5,0.7,"uniform",42,FALSE,FALSE,0.5,0.4,0.2,FALSE
457,"synthetic","LSVCMM",200,21,5,"binary",1,1,1,1,0,-1.5,0.7,"uniform",42,FALSE,FALSE,0.5,0.5,0.2,FALSE
458,"synthetic","LSVCMM",200,21,5,"binary",1,1,1,1,0,-1.5,0.7,"uniform",42,FALSE,FALSE,0.5,0.6,0.2,FALSE
459,"synthetic","LSVCMM",200,21,5,"binary",1,1,1,1,0,-1.5,0.7,"uniform",42,FALSE,FALSE,0.5,0.7,0.2,FALSE
460,"synthetic","LSVCMM",200,21,5,"binary",1,1,1,1,0,-1.5,0.7,"uniform",42,FALSE,FALSE,0.5,0.8,0.2,FALSE
461,"synthetic","LSVCMM",200,21,5,"binary",1,1,1,1,0,-1.5,0.7,"uniform",42,FALSE,FALSE,0.5,0.9,0.2,FALSE
462,"synthetic","LSVCMM",200,21,5,"binary",1,1,1,1,0,-1.5,0.7,"uniform",42,FALSE,FALSE,0.5,1,0.2,FALSE
463,"synthetic","LSVCMM",200,21,5,"binary",1,1,1,1,0,-1.5,0.7,"uniform",43,FALSE,FALSE,0.5,0,0.2,FALSE
464,"synthetic","LSVCMM",200,21,5,"binary",1,1,1,1,0,-1.5,0.7,"uniform",43,FALSE,FALSE,0.5,0.1,0.2,FALSE
465,"synthetic","LSVCMM",200,21,5,"binary",1,1,1,1,0,-1.5,0.7,"uniform",43,FALSE,FALSE,0.5,0.2,0.2,FALSE
466,"synthetic","LSVCMM",200,21,5,"binary",1,1,1,1,0,-1.5,0.7,"uniform",43,FALSE,FALSE,0.5,0.3,0.2,FALSE
467,"synthetic","LSVCMM",200,21,5,"binary",1,1,1,1,0,-1.5,0.7,"uniform",43,FALSE,FALSE,0.5,0.4,0.2,FALSE
468,"synthetic","LSVCMM",200,21,5,"binary",1,1,1,1,0,-1.5,0.7,"uniform",43,FALSE,FALSE,0.5,0.5,0.2,FALSE
469,"synthetic","LSVCMM",200,21,5,"binary",1,1,1,1,0,-1.5,0.7,"uniform",43,FALSE,FALSE,0.5,0.6,0.2,FALSE
470,"synthetic","LSVCMM",200,21,5,"binary",1,1,1,1,0,-1.5,0.7,"uniform",43,FALSE,FALSE,0.5,0.7,0.2,FALSE
471,"synthetic","LSVCMM",200,21,5,"binary",1,1,1,1,0,-1.5,0.7,"uniform",43,FALSE,FALSE,0.5,0.8,0.2,FALSE
472,"synthetic","LSVCMM",200,21,5,"binary",1,1,1,1,0,-1.5,0.7,"uniform",43,FALSE,FALSE,0.5,0.9,0.2,FALSE
473,"synthetic","LSVCMM",200,21,5,"binary",1,1,1,1,0,-1.5,0.7,"uniform",43,FALSE,FALSE,0.5,1,0.2,FALSE
474,"synthetic","LSVCMM",200,21,5,"binary",1,1,1,1,0,-1.5,0.7,"uniform",44,FALSE,FALSE,0.5,0,0.2,FALSE
475,"synthetic","LSVCMM",200,21,5,"binary",1,1,1,1,0,-1.5,0.7,"uniform",44,FALSE,FALSE,0.5,0.1,0.2,FALSE
476,"synthetic","LSVCMM",200,21,5,"binary",1,1,1,1,0,-1.5,0.7,"uniform",44,FALSE,FALSE,0.5,0.2,0.2,FALSE
477,"synthetic","LSVCMM",200,21,5,"binary",1,1,1,1,0,-1.5,0.7,"uniform",44,FALSE,FALSE,0.5,0.3,0.2,FALSE
478,"synthetic","LSVCMM",200,21,5,"binary",1,1,1,1,0,-1.5,0.7,"uniform",44,FALSE,FALSE,0.5,0.4,0.2,FALSE
479,"synthetic","LSVCMM",200,21,5,"binary",1,1,1,1,0,-1.5,0.7,"uniform",44,FALSE,FALSE,0.5,0.5,0.2,FALSE
480,"synthetic","LSVCMM",200,21,5,"binary",1,1,1,1,0,-1.5,0.7,"uniform",44,FALSE,FALSE,0.5,0.6,0.2,FALSE
481,"synthetic","LSVCMM",200,21,5,"binary",1,1,1,1,0,-1.5,0.7,"uniform",44,FALSE,FALSE,0.5,0.7,0.2,FALSE
482,"synthetic","LSVCMM",200,21,5,"binary",1,1,1,1,0,-1.5,0.7,"uniform",44,FALSE,FALSE,0.5,0.8,0.2,FALSE
483,"synthetic","LSVCMM",200,21,5,"binary",1,1,1,1,0,-1.5,0.7,"uniform",44,FALSE,FALSE,0.5,0.9,0.2,FALSE
484,"synthetic","LSVCMM",200,21,5,"binary",1,1,1,1,0,-1.5,0.7,"uniform",44,FALSE,FALSE,0.5,1,0.2,FALSE
485,"synthetic","LSVCMM",200,21,5,"binary",1,1,1,1,0,-1.5,0.7,"uniform",45,FALSE,FALSE,0.5,0,0.2,FALSE
486,"synthetic","LSVCMM",200,21,5,"binary",1,1,1,1,0,-1.5,0.7,"uniform",45,FALSE,FALSE,0.5,0.1,0.2,FALSE
487,"synthetic","LSVCMM",200,21,5,"binary",1,1,1,1,0,-1.5,0.7,"uniform",45,FALSE,FALSE,0.5,0.2,0.2,FALSE
488,"synthetic","LSVCMM",200,21,5,"binary",1,1,1,1,0,-1.5,0.7,"uniform",45,FALSE,FALSE,0.5,0.3,0.2,FALSE
489,"synthetic","LSVCMM",200,21,5,"binary",1,1,1,1,0,-1.5,0.7,"uniform",45,FALSE,FALSE,0.5,0.4,0.2,FALSE
490,"synthetic","LSVCMM",200,21,5,"binary",1,1,1,1,0,-1.5,0.7,"uniform",45,FALSE,FALSE,0.5,0.5,0.2,FALSE
491,"synthetic","LSVCMM",200,21,5,"binary",1,1,1,1,0,-1.5,0.7,"uniform",45,FALSE,FALSE,0.5,0.6,0.2,FALSE
492,"synthetic","LSVCMM",200,21,5,"binary",1,1,1,1,0,-1.5,0.7,"uniform",45,FALSE,FALSE,0.5,0.7,0.2,FALSE
493,"synthetic","LSVCMM",200,21,5,"binary",1,1,1,1,0,-1.5,0.7,"uniform",45,FALSE,FALSE,0.5,0.8,0.2,FALSE
494,"synthetic","LSVCMM",200,21,5,"binary",1,1,1,1,0,-1.5,0.7,"uniform",45,FALSE,FALSE,0.5,0.9,0.2,FALSE
495,"synthetic","LSVCMM",200,21,5,"binary",1,1,1,1,0,-1.5,0.7,"uniform",45,FALSE,FALSE,0.5,1,0.2,FALSE
496,"synthetic","LSVCMM",200,21,5,"binary",1,1,1,1,0,-1.5,0.7,"uniform",46,FALSE,FALSE,0.5,0,0.2,FALSE
497,"synthetic","LSVCMM",200,21,5,"binary",1,1,1,1,0,-1.5,0.7,"uniform",46,FALSE,FALSE,0.5,0.1,0.2,FALSE
498,"synthetic","LSVCMM",200,21,5,"binary",1,1,1,1,0,-1.5,0.7,"uniform",46,FALSE,FALSE,0.5,0.2,0.2,FALSE
499,"synthetic","LSVCMM",200,21,5,"binary",1,1,1,1,0,-1.5,0.7,"uniform",46,FALSE,FALSE,0.5,0.3,0.2,FALSE
500,"synthetic","LSVCMM",200,21,5,"binary",1,1,1,1,0,-1.5,0.7,"uniform",46,FALSE,FALSE,0.5,0.4,0.2,FALSE
501,"synthetic","LSVCMM",200,21,5,"binary",1,1,1,1,0,-1.5,0.7,"uniform",46,FALSE,FALSE,0.5,0.5,0.2,FALSE
502,"synthetic","LSVCMM",200,21,5,"binary",1,1,1,1,0,-1.5,0.7,"uniform",46,FALSE,FALSE,0.5,0.6,0.2,FALSE
503,"synthetic","LSVCMM",200,21,5,"binary",1,1,1,1,0,-1.5,0.7,"uniform",46,FALSE,FALSE,0.5,0.7,0.2,FALSE
504,"synthetic","LSVCMM",200,21,5,"binary",1,1,1,1,0,-1.5,0.7,"uniform",46,FALSE,FALSE,0.5,0.8,0.2,FALSE
505,"synthetic","LSVCMM",200,21,5,"binary",1,1,1,1,0,-1.5,0.7,"uniform",46,FALSE,FALSE,0.5,0.9,0.2,FALSE
506,"synthetic","LSVCMM",200,21,5,"binary",1,1,1,1,0,-1.5,0.7,"uniform",46,FALSE,FALSE,0.5,1,0.2,FALSE
507,"synthetic","LSVCMM",200,21,5,"binary",1,1,1,1,0,-1.5,0.7,"uniform",47,FALSE,FALSE,0.5,0,0.2,FALSE
508,"synthetic","LSVCMM",200,21,5,"binary",1,1,1,1,0,-1.5,0.7,"uniform",47,FALSE,FALSE,0.5,0.1,0.2,FALSE
509,"synthetic","LSVCMM",200,21,5,"binary",1,1,1,1,0,-1.5,0.7,"uniform",47,FALSE,FALSE,0.5,0.2,0.2,FALSE
510,"synthetic","LSVCMM",200,21,5,"binary",1,1,1,1,0,-1.5,0.7,"uniform",47,FALSE,FALSE,0.5,0.3,0.2,FALSE
511,"synthetic","LSVCMM",200,21,5,"binary",1,1,1,1,0,-1.5,0.7,"uniform",47,FALSE,FALSE,0.5,0.4,0.2,FALSE
512,"synthetic","LSVCMM",200,21,5,"binary",1,1,1,1,0,-1.5,0.7,"uniform",47,FALSE,FALSE,0.5,0.5,0.2,FALSE
513,"synthetic","LSVCMM",200,21,5,"binary",1,1,1,1,0,-1.5,0.7,"uniform",47,FALSE,FALSE,0.5,0.6,0.2,FALSE
514,"synthetic","LSVCMM",200,21,5,"binary",1,1,1,1,0,-1.5,0.7,"uniform",47,FALSE,FALSE,0.5,0.7,0.2,FALSE
515,"synthetic","LSVCMM",200,21,5,"binary",1,1,1,1,0,-1.5,0.7,"uniform",47,FALSE,FALSE,0.5,0.8,0.2,FALSE
516,"synthetic","LSVCMM",200,21,5,"binary",1,1,1,1,0,-1.5,0.7,"uniform",47,FALSE,FALSE,0.5,0.9,0.2,FALSE
517,"synthetic","LSVCMM",200,21,5,"binary",1,1,1,1,0,-1.5,0.7,"uniform",47,FALSE,FALSE,0.5,1,0.2,FALSE
518,"synthetic","LSVCMM",200,21,5,"binary",1,1,1,1,0,-1.5,0.7,"uniform",48,FALSE,FALSE,0.5,0,0.2,FALSE
519,"synthetic","LSVCMM",200,21,5,"binary",1,1,1,1,0,-1.5,0.7,"uniform",48,FALSE,FALSE,0.5,0.1,0.2,FALSE
520,"synthetic","LSVCMM",200,21,5,"binary",1,1,1,1,0,-1.5,0.7,"uniform",48,FALSE,FALSE,0.5,0.2,0.2,FALSE
521,"synthetic","LSVCMM",200,21,5,"binary",1,1,1,1,0,-1.5,0.7,"uniform",48,FALSE,FALSE,0.5,0.3,0.2,FALSE
522,"synthetic","LSVCMM",200,21,5,"binary",1,1,1,1,0,-1.5,0.7,"uniform",48,FALSE,FALSE,0.5,0.4,0.2,FALSE
523,"synthetic","LSVCMM",200,21,5,"binary",1,1,1,1,0,-1.5,0.7,"uniform",48,FALSE,FALSE,0.5,0.5,0.2,FALSE
524,"synthetic","LSVCMM",200,21,5,"binary",1,1,1,1,0,-1.5,0.7,"uniform",48,FALSE,FALSE,0.5,0.6,0.2,FALSE
525,"synthetic","LSVCMM",200,21,5,"binary",1,1,1,1,0,-1.5,0.7,"uniform",48,FALSE,FALSE,0.5,0.7,0.2,FALSE
526,"synthetic","LSVCMM",200,21,5,"binary",1,1,1,1,0,-1.5,0.7,"uniform",48,FALSE,FALSE,0.5,0.8,0.2,FALSE
527,"synthetic","LSVCMM",200,21,5,"binary",1,1,1,1,0,-1.5,0.7,"uniform",48,FALSE,FALSE,0.5,0.9,0.2,FALSE
528,"synthetic","LSVCMM",200,21,5,"binary",1,1,1,1,0,-1.5,0.7,"uniform",48,FALSE,FALSE,0.5,1,0.2,FALSE
529,"synthetic","LSVCMM",200,21,5,"binary",1,1,1,1,0,-1.5,0.7,"uniform",49,FALSE,FALSE,0.5,0,0.2,FALSE
530,"synthetic","LSVCMM",200,21,5,"binary",1,1,1,1,0,-1.5,0.7,"uniform",49,FALSE,FALSE,0.5,0.1,0.2,FALSE
531,"synthetic","LSVCMM",200,21,5,"binary",1,1,1,1,0,-1.5,0.7,"uniform",49,FALSE,FALSE,0.5,0.2,0.2,FALSE
532,"synthetic","LSVCMM",200,21,5,"binary",1,1,1,1,0,-1.5,0.7,"uniform",49,FALSE,FALSE,0.5,0.3,0.2,FALSE
533,"synthetic","LSVCMM",200,21,5,"binary",1,1,1,1,0,-1.5,0.7,"uniform",49,FALSE,FALSE,0.5,0.4,0.2,FALSE
534,"synthetic","LSVCMM",200,21,5,"binary",1,1,1,1,0,-1.5,0.7,"uniform",49,FALSE,FALSE,0.5,0.5,0.2,FALSE
535,"synthetic","LSVCMM",200,21,5,"binary",1,1,1,1,0,-1.5,0.7,"uniform",49,FALSE,FALSE,0.5,0.6,0.2,FALSE
536,"synthetic","LSVCMM",200,21,5,"binary",1,1,1,1,0,-1.5,0.7,"uniform",49,FALSE,FALSE,0.5,0.7,0.2,FALSE
537,"synthetic","LSVCMM",200,21,5,"binary",1,1,1,1,0,-1.5,0.7,"uniform",49,FALSE,FALSE,0.5,0.8,0.2,FALSE
538,"synthetic","LSVCMM",200,21,5,"binary",1,1,1,1,0,-1.5,0.7,"uniform",49,FALSE,FALSE,0.5,0.9,0.2,FALSE
539,"synthetic","LSVCMM",200,21,5,"binary",1,1,1,1,0,-1.5,0.7,"uniform",49,FALSE,FALSE,0.5,1,0.2,FALSE
540,"synthetic","LSVCMM",200,21,5,"binary",1,1,1,1,0,-1.5,0.7,"uniform",50,FALSE,FALSE,0.5,0,0.2,FALSE
541,"synthetic","LSVCMM",200,21,5,"binary",1,1,1,1,0,-1.5,0.7,"uniform",50,FALSE,FALSE,0.5,0.1,0.2,FALSE
542,"synthetic","LSVCMM",200,21,5,"binary",1,1,1,1,0,-1.5,0.7,"uniform",50,FALSE,FALSE,0.5,0.2,0.2,FALSE
543,"synthetic","LSVCMM",200,21,5,"binary",1,1,1,1,0,-1.5,0.7,"uniform",50,FALSE,FALSE,0.5,0.3,0.2,FALSE
544,"synthetic","LSVCMM",200,21,5,"binary",1,1,1,1,0,-1.5,0.7,"uniform",50,FALSE,FALSE,0.5,0.4,0.2,FALSE
545,"synthetic","LSVCMM",200,21,5,"binary",1,1,1,1,0,-1.5,0.7,"uniform",50,FALSE,FALSE,0.5,0.5,0.2,FALSE
546,"synthetic","LSVCMM",200,21,5,"binary",1,1,1,1,0,-1.5,0.7,"uniform",50,FALSE,FALSE,0.5,0.6,0.2,FALSE
547,"synthetic","LSVCMM",200,21,5,"binary",1,1,1,1,0,-1.5,0.7,"uniform",50,FALSE,FALSE,0.5,0.7,0.2,FALSE
548,"synthetic","LSVCMM",200,21,5,"binary",1,1,1,1,0,-1.5,0.7,"uniform",50,FALSE,FALSE,0.5,0.8,0.2,FALSE
549,"synthetic","LSVCMM",200,21,5,"binary",1,1,1,1,0,-1.5,0.7,"uniform",50,FALSE,FALSE,0.5,0.9,0.2,FALSE
550,"synthetic","LSVCMM",200,21,5,"binary",1,1,1,1,0,-1.5,0.7,"uniform",50,FALSE,FALSE,0.5,1,0.2,FALSE
551,"synthetic","LSVCMM",200,21,5,"binary",1,1,1,1,0,-1.5,0.7,"uniform",51,FALSE,FALSE,0.5,0,0.2,FALSE
552,"synthetic","LSVCMM",200,21,5,"binary",1,1,1,1,0,-1.5,0.7,"uniform",51,FALSE,FALSE,0.5,0.1,0.2,FALSE
553,"synthetic","LSVCMM",200,21,5,"binary",1,1,1,1,0,-1.5,0.7,"uniform",51,FALSE,FALSE,0.5,0.2,0.2,FALSE
554,"synthetic","LSVCMM",200,21,5,"binary",1,1,1,1,0,-1.5,0.7,"uniform",51,FALSE,FALSE,0.5,0.3,0.2,FALSE
555,"synthetic","LSVCMM",200,21,5,"binary",1,1,1,1,0,-1.5,0.7,"uniform",51,FALSE,FALSE,0.5,0.4,0.2,FALSE
556,"synthetic","LSVCMM",200,21,5,"binary",1,1,1,1,0,-1.5,0.7,"uniform",51,FALSE,FALSE,0.5,0.5,0.2,FALSE
557,"synthetic","LSVCMM",200,21,5,"binary",1,1,1,1,0,-1.5,0.7,"uniform",51,FALSE,FALSE,0.5,0.6,0.2,FALSE
558,"synthetic","LSVCMM",200,21,5,"binary",1,1,1,1,0,-1.5,0.7,"uniform",51,FALSE,FALSE,0.5,0.7,0.2,FALSE
559,"synthetic","LSVCMM",200,21,5,"binary",1,1,1,1,0,-1.5,0.7,"uniform",51,FALSE,FALSE,0.5,0.8,0.2,FALSE
560,"synthetic","LSVCMM",200,21,5,"binary",1,1,1,1,0,-1.5,0.7,"uniform",51,FALSE,FALSE,0.5,0.9,0.2,FALSE
561,"synthetic","LSVCMM",200,21,5,"binary",1,1,1,1,0,-1.5,0.7,"uniform",51,FALSE,FALSE,0.5,1,0.2,FALSE
562,"synthetic","LSVCMM",200,21,5,"binary",1,1,1,1,0,-1.5,0.7,"uniform",52,FALSE,FALSE,0.5,0,0.2,FALSE
563,"synthetic","LSVCMM",200,21,5,"binary",1,1,1,1,0,-1.5,0.7,"uniform",52,FALSE,FALSE,0.5,0.1,0.2,FALSE
564,"synthetic","LSVCMM",200,21,5,"binary",1,1,1,1,0,-1.5,0.7,"uniform",52,FALSE,FALSE,0.5,0.2,0.2,FALSE
565,"synthetic","LSVCMM",200,21,5,"binary",1,1,1,1,0,-1.5,0.7,"uniform",52,FALSE,FALSE,0.5,0.3,0.2,FALSE
566,"synthetic","LSVCMM",200,21,5,"binary",1,1,1,1,0,-1.5,0.7,"uniform",52,FALSE,FALSE,0.5,0.4,0.2,FALSE
567,"synthetic","LSVCMM",200,21,5,"binary",1,1,1,1,0,-1.5,0.7,"uniform",52,FALSE,FALSE,0.5,0.5,0.2,FALSE
568,"synthetic","LSVCMM",200,21,5,"binary",1,1,1,1,0,-1.5,0.7,"uniform",52,FALSE,FALSE,0.5,0.6,0.2,FALSE
569,"synthetic","LSVCMM",200,21,5,"binary",1,1,1,1,0,-1.5,0.7,"uniform",52,FALSE,FALSE,0.5,0.7,0.2,FALSE
570,"synthetic","LSVCMM",200,21,5,"binary",1,1,1,1,0,-1.5,0.7,"uniform",52,FALSE,FALSE,0.5,0.8,0.2,FALSE
571,"synthetic","LSVCMM",200,21,5,"binary",1,1,1,1,0,-1.5,0.7,"uniform",52,FALSE,FALSE,0.5,0.9,0.2,FALSE
572,"synthetic","LSVCMM",200,21,5,"binary",1,1,1,1,0,-1.5,0.7,"uniform",52,FALSE,FALSE,0.5,1,0.2,FALSE
573,"synthetic","LSVCMM",200,21,5,"binary",1,1,1,1,0,-1.5,0.7,"uniform",53,FALSE,FALSE,0.5,0,0.2,FALSE
574,"synthetic","LSVCMM",200,21,5,"binary",1,1,1,1,0,-1.5,0.7,"uniform",53,FALSE,FALSE,0.5,0.1,0.2,FALSE
575,"synthetic","LSVCMM",200,21,5,"binary",1,1,1,1,0,-1.5,0.7,"uniform",53,FALSE,FALSE,0.5,0.2,0.2,FALSE
576,"synthetic","LSVCMM",200,21,5,"binary",1,1,1,1,0,-1.5,0.7,"uniform",53,FALSE,FALSE,0.5,0.3,0.2,FALSE
577,"synthetic","LSVCMM",200,21,5,"binary",1,1,1,1,0,-1.5,0.7,"uniform",53,FALSE,FALSE,0.5,0.4,0.2,FALSE
578,"synthetic","LSVCMM",200,21,5,"binary",1,1,1,1,0,-1.5,0.7,"uniform",53,FALSE,FALSE,0.5,0.5,0.2,FALSE
579,"synthetic","LSVCMM",200,21,5,"binary",1,1,1,1,0,-1.5,0.7,"uniform",53,FALSE,FALSE,0.5,0.6,0.2,FALSE
580,"synthetic","LSVCMM",200,21,5,"binary",1,1,1,1,0,-1.5,0.7,"uniform",53,FALSE,FALSE,0.5,0.7,0.2,FALSE
581,"synthetic","LSVCMM",200,21,5,"binary",1,1,1,1,0,-1.5,0.7,"uniform",53,FALSE,FALSE,0.5,0.8,0.2,FALSE
582,"synthetic","LSVCMM",200,21,5,"binary",1,1,1,1,0,-1.5,0.7,"uniform",53,FALSE,FALSE,0.5,0.9,0.2,FALSE
583,"synthetic","LSVCMM",200,21,5,"binary",1,1,1,1,0,-1.5,0.7,"uniform",53,FALSE,FALSE,0.5,1,0.2,FALSE
584,"synthetic","LSVCMM",200,21,5,"binary",1,1,1,1,0,-1.5,0.7,"uniform",54,FALSE,FALSE,0.5,0,0.2,FALSE
585,"synthetic","LSVCMM",200,21,5,"binary",1,1,1,1,0,-1.5,0.7,"uniform",54,FALSE,FALSE,0.5,0.1,0.2,FALSE
586,"synthetic","LSVCMM",200,21,5,"binary",1,1,1,1,0,-1.5,0.7,"uniform",54,FALSE,FALSE,0.5,0.2,0.2,FALSE
587,"synthetic","LSVCMM",200,21,5,"binary",1,1,1,1,0,-1.5,0.7,"uniform",54,FALSE,FALSE,0.5,0.3,0.2,FALSE
588,"synthetic","LSVCMM",200,21,5,"binary",1,1,1,1,0,-1.5,0.7,"uniform",54,FALSE,FALSE,0.5,0.4,0.2,FALSE
589,"synthetic","LSVCMM",200,21,5,"binary",1,1,1,1,0,-1.5,0.7,"uniform",54,FALSE,FALSE,0.5,0.5,0.2,FALSE
590,"synthetic","LSVCMM",200,21,5,"binary",1,1,1,1,0,-1.5,0.7,"uniform",54,FALSE,FALSE,0.5,0.6,0.2,FALSE
591,"synthetic","LSVCMM",200,21,5,"binary",1,1,1,1,0,-1.5,0.7,"uniform",54,FALSE,FALSE,0.5,0.7,0.2,FALSE
592,"synthetic","LSVCMM",200,21,5,"binary",1,1,1,1,0,-1.5,0.7,"uniform",54,FALSE,FALSE,0.5,0.8,0.2,FALSE
593,"synthetic","LSVCMM",200,21,5,"binary",1,1,1,1,0,-1.5,0.7,"uniform",54,FALSE,FALSE,0.5,0.9,0.2,FALSE
594,"synthetic","LSVCMM",200,21,5,"binary",1,1,1,1,0,-1.5,0.7,"uniform",54,FALSE,FALSE,0.5,1,0.2,FALSE
595,"synthetic","LSVCMM",200,21,5,"binary",1,1,1,1,0,-1.5,0.7,"uniform",55,FALSE,FALSE,0.5,0,0.2,FALSE
596,"synthetic","LSVCMM",200,21,5,"binary",1,1,1,1,0,-1.5,0.7,"uniform",55,FALSE,FALSE,0.5,0.1,0.2,FALSE
597,"synthetic","LSVCMM",200,21,5,"binary",1,1,1,1,0,-1.5,0.7,"uniform",55,FALSE,FALSE,0.5,0.2,0.2,FALSE
598,"synthetic","LSVCMM",200,21,5,"binary",1,1,1,1,0,-1.5,0.7,"uniform",55,FALSE,FALSE,0.5,0.3,0.2,FALSE
599,"synthetic","LSVCMM",200,21,5,"binary",1,1,1,1,0,-1.5,0.7,"uniform",55,FALSE,FALSE,0.5,0.4,0.2,FALSE
600,"synthetic","LSVCMM",200,21,5,"binary",1,1,1,1,0,-1.5,0.7,"uniform",55,FALSE,FALSE,0.5,0.5,0.2,FALSE
601,"synthetic","LSVCMM",200,21,5,"binary",1,1,1,1,0,-1.5,0.7,"uniform",55,FALSE,FALSE,0.5,0.6,0.2,FALSE
602,"synthetic","LSVCMM",200,21,5,"binary",1,1,1,1,0,-1.5,0.7,"uniform",55,FALSE,FALSE,0.5,0.7,0.2,FALSE
603,"synthetic","LSVCMM",200,21,5,"binary",1,1,1,1,0,-1.5,0.7,"uniform",55,FALSE,FALSE,0.5,0.8,0.2,FALSE
604,"synthetic","LSVCMM",200,21,5,"binary",1,1,1,1,0,-1.5,0.7,"uniform",55,FALSE,FALSE,0.5,0.9,0.2,FALSE
605,"synthetic","LSVCMM",200,21,5,"binary",1,1,1,1,0,-1.5,0.7,"uniform",55,FALSE,FALSE,0.5,1,0.2,FALSE
606,"synthetic","LSVCMM",200,21,5,"binary",1,1,1,1,0,-1.5,0.7,"uniform",56,FALSE,FALSE,0.5,0,0.2,FALSE
607,"synthetic","LSVCMM",200,21,5,"binary",1,1,1,1,0,-1.5,0.7,"uniform",56,FALSE,FALSE,0.5,0.1,0.2,FALSE
608,"synthetic","LSVCMM",200,21,5,"binary",1,1,1,1,0,-1.5,0.7,"uniform",56,FALSE,FALSE,0.5,0.2,0.2,FALSE
609,"synthetic","LSVCMM",200,21,5,"binary",1,1,1,1,0,-1.5,0.7,"uniform",56,FALSE,FALSE,0.5,0.3,0.2,FALSE
610,"synthetic","LSVCMM",200,21,5,"binary",1,1,1,1,0,-1.5,0.7,"uniform",56,FALSE,FALSE,0.5,0.4,0.2,FALSE
611,"synthetic","LSVCMM",200,21,5,"binary",1,1,1,1,0,-1.5,0.7,"uniform",56,FALSE,FALSE,0.5,0.5,0.2,FALSE
612,"synthetic","LSVCMM",200,21,5,"binary",1,1,1,1,0,-1.5,0.7,"uniform",56,FALSE,FALSE,0.5,0.6,0.2,FALSE
613,"synthetic","LSVCMM",200,21,5,"binary",1,1,1,1,0,-1.5,0.7,"uniform",56,FALSE,FALSE,0.5,0.7,0.2,FALSE
614,"synthetic","LSVCMM",200,21,5,"binary",1,1,1,1,0,-1.5,0.7,"uniform",56,FALSE,FALSE,0.5,0.8,0.2,FALSE
615,"synthetic","LSVCMM",200,21,5,"binary",1,1,1,1,0,-1.5,0.7,"uniform",56,FALSE,FALSE,0.5,0.9,0.2,FALSE
616,"synthetic","LSVCMM",200,21,5,"binary",1,1,1,1,0,-1.5,0.7,"uniform",56,FALSE,FALSE,0.5,1,0.2,FALSE
617,"synthetic","LSVCMM",200,21,5,"binary",1,1,1,1,0,-1.5,0.7,"uniform",57,FALSE,FALSE,0.5,0,0.2,FALSE
618,"synthetic","LSVCMM",200,21,5,"binary",1,1,1,1,0,-1.5,0.7,"uniform",57,FALSE,FALSE,0.5,0.1,0.2,FALSE
619,"synthetic","LSVCMM",200,21,5,"binary",1,1,1,1,0,-1.5,0.7,"uniform",57,FALSE,FALSE,0.5,0.2,0.2,FALSE
620,"synthetic","LSVCMM",200,21,5,"binary",1,1,1,1,0,-1.5,0.7,"uniform",57,FALSE,FALSE,0.5,0.3,0.2,FALSE
621,"synthetic","LSVCMM",200,21,5,"binary",1,1,1,1,0,-1.5,0.7,"uniform",57,FALSE,FALSE,0.5,0.4,0.2,FALSE
622,"synthetic","LSVCMM",200,21,5,"binary",1,1,1,1,0,-1.5,0.7,"uniform",57,FALSE,FALSE,0.5,0.5,0.2,FALSE
623,"synthetic","LSVCMM",200,21,5,"binary",1,1,1,1,0,-1.5,0.7,"uniform",57,FALSE,FALSE,0.5,0.6,0.2,FALSE
624,"synthetic","LSVCMM",200,21,5,"binary",1,1,1,1,0,-1.5,0.7,"uniform",57,FALSE,FALSE,0.5,0.7,0.2,FALSE
625,"synthetic","LSVCMM",200,21,5,"binary",1,1,1,1,0,-1.5,0.7,"uniform",57,FALSE,FALSE,0.5,0.8,0.2,FALSE
626,"synthetic","LSVCMM",200,21,5,"binary",1,1,1,1,0,-1.5,0.7,"uniform",57,FALSE,FALSE,0.5,0.9,0.2,FALSE
627,"synthetic","LSVCMM",200,21,5,"binary",1,1,1,1,0,-1.5,0.7,"uniform",57,FALSE,FALSE,0.5,1,0.2,FALSE
628,"synthetic","LSVCMM",200,21,5,"binary",1,1,1,1,0,-1.5,0.7,"uniform",58,FALSE,FALSE,0.5,0,0.2,FALSE
629,"synthetic","LSVCMM",200,21,5,"binary",1,1,1,1,0,-1.5,0.7,"uniform",58,FALSE,FALSE,0.5,0.1,0.2,FALSE
630,"synthetic","LSVCMM",200,21,5,"binary",1,1,1,1,0,-1.5,0.7,"uniform",58,FALSE,FALSE,0.5,0.2,0.2,FALSE
631,"synthetic","LSVCMM",200,21,5,"binary",1,1,1,1,0,-1.5,0.7,"uniform",58,FALSE,FALSE,0.5,0.3,0.2,FALSE
632,"synthetic","LSVCMM",200,21,5,"binary",1,1,1,1,0,-1.5,0.7,"uniform",58,FALSE,FALSE,0.5,0.4,0.2,FALSE
633,"synthetic","LSVCMM",200,21,5,"binary",1,1,1,1,0,-1.5,0.7,"uniform",58,FALSE,FALSE,0.5,0.5,0.2,FALSE
634,"synthetic","LSVCMM",200,21,5,"binary",1,1,1,1,0,-1.5,0.7,"uniform",58,FALSE,FALSE,0.5,0.6,0.2,FALSE
635,"synthetic","LSVCMM",200,21,5,"binary",1,1,1,1,0,-1.5,0.7,"uniform",58,FALSE,FALSE,0.5,0.7,0.2,FALSE
636,"synthetic","LSVCMM",200,21,5,"binary",1,1,1,1,0,-1.5,0.7,"uniform",58,FALSE,FALSE,0.5,0.8,0.2,FALSE
637,"synthetic","LSVCMM",200,21,5,"binary",1,1,1,1,0,-1.5,0.7,"uniform",58,FALSE,FALSE,0.5,0.9,0.2,FALSE
638,"synthetic","LSVCMM",200,21,5,"binary",1,1,1,1,0,-1.5,0.7,"uniform",58,FALSE,FALSE,0.5,1,0.2,FALSE
639,"synthetic","LSVCMM",200,21,5,"binary",1,1,1,1,0,-1.5,0.7,"uniform",59,FALSE,FALSE,0.5,0,0.2,FALSE
640,"synthetic","LSVCMM",200,21,5,"binary",1,1,1,1,0,-1.5,0.7,"uniform",59,FALSE,FALSE,0.5,0.1,0.2,FALSE
641,"synthetic","LSVCMM",200,21,5,"binary",1,1,1,1,0,-1.5,0.7,"uniform",59,FALSE,FALSE,0.5,0.2,0.2,FALSE
642,"synthetic","LSVCMM",200,21,5,"binary",1,1,1,1,0,-1.5,0.7,"uniform",59,FALSE,FALSE,0.5,0.3,0.2,FALSE
643,"synthetic","LSVCMM",200,21,5,"binary",1,1,1,1,0,-1.5,0.7,"uniform",59,FALSE,FALSE,0.5,0.4,0.2,FALSE
644,"synthetic","LSVCMM",200,21,5,"binary",1,1,1,1,0,-1.5,0.7,"uniform",59,FALSE,FALSE,0.5,0.5,0.2,FALSE
645,"synthetic","LSVCMM",200,21,5,"binary",1,1,1,1,0,-1.5,0.7,"uniform",59,FALSE,FALSE,0.5,0.6,0.2,FALSE
646,"synthetic","LSVCMM",200,21,5,"binary",1,1,1,1,0,-1.5,0.7,"uniform",59,FALSE,FALSE,0.5,0.7,0.2,FALSE
647,"synthetic","LSVCMM",200,21,5,"binary",1,1,1,1,0,-1.5,0.7,"uniform",59,FALSE,FALSE,0.5,0.8,0.2,FALSE
648,"synthetic","LSVCMM",200,21,5,"binary",1,1,1,1,0,-1.5,0.7,"uniform",59,FALSE,FALSE,0.5,0.9,0.2,FALSE
649,"synthetic","LSVCMM",200,21,5,"binary",1,1,1,1,0,-1.5,0.7,"uniform",59,FALSE,FALSE,0.5,1,0.2,FALSE
650,"synthetic","LSVCMM",200,21,5,"binary",1,1,1,1,0,-1.5,0.7,"uniform",60,FALSE,FALSE,0.5,0,0.2,FALSE
651,"synthetic","LSVCMM",200,21,5,"binary",1,1,1,1,0,-1.5,0.7,"uniform",60,FALSE,FALSE,0.5,0.1,0.2,FALSE
652,"synthetic","LSVCMM",200,21,5,"binary",1,1,1,1,0,-1.5,0.7,"uniform",60,FALSE,FALSE,0.5,0.2,0.2,FALSE
653,"synthetic","LSVCMM",200,21,5,"binary",1,1,1,1,0,-1.5,0.7,"uniform",60,FALSE,FALSE,0.5,0.3,0.2,FALSE
654,"synthetic","LSVCMM",200,21,5,"binary",1,1,1,1,0,-1.5,0.7,"uniform",60,FALSE,FALSE,0.5,0.4,0.2,FALSE
655,"synthetic","LSVCMM",200,21,5,"binary",1,1,1,1,0,-1.5,0.7,"uniform",60,FALSE,FALSE,0.5,0.5,0.2,FALSE
656,"synthetic","LSVCMM",200,21,5,"binary",1,1,1,1,0,-1.5,0.7,"uniform",60,FALSE,FALSE,0.5,0.6,0.2,FALSE
657,"synthetic","LSVCMM",200,21,5,"binary",1,1,1,1,0,-1.5,0.7,"uniform",60,FALSE,FALSE,0.5,0.7,0.2,FALSE
658,"synthetic","LSVCMM",200,21,5,"binary",1,1,1,1,0,-1.5,0.7,"uniform",60,FALSE,FALSE,0.5,0.8,0.2,FALSE
659,"synthetic","LSVCMM",200,21,5,"binary",1,1,1,1,0,-1.5,0.7,"uniform",60,FALSE,FALSE,0.5,0.9,0.2,FALSE
660,"synthetic","LSVCMM",200,21,5,"binary",1,1,1,1,0,-1.5,0.7,"uniform",60,FALSE,FALSE,0.5,1,0.2,FALSE
661,"synthetic","LSVCMM",200,21,5,"binary",1,1,1,1,0,-1.5,0.7,"uniform",61,FALSE,FALSE,0.5,0,0.2,FALSE
662,"synthetic","LSVCMM",200,21,5,"binary",1,1,1,1,0,-1.5,0.7,"uniform",61,FALSE,FALSE,0.5,0.1,0.2,FALSE
663,"synthetic","LSVCMM",200,21,5,"binary",1,1,1,1,0,-1.5,0.7,"uniform",61,FALSE,FALSE,0.5,0.2,0.2,FALSE
664,"synthetic","LSVCMM",200,21,5,"binary",1,1,1,1,0,-1.5,0.7,"uniform",61,FALSE,FALSE,0.5,0.3,0.2,FALSE
665,"synthetic","LSVCMM",200,21,5,"binary",1,1,1,1,0,-1.5,0.7,"uniform",61,FALSE,FALSE,0.5,0.4,0.2,FALSE
666,"synthetic","LSVCMM",200,21,5,"binary",1,1,1,1,0,-1.5,0.7,"uniform",61,FALSE,FALSE,0.5,0.5,0.2,FALSE
667,"synthetic","LSVCMM",200,21,5,"binary",1,1,1,1,0,-1.5,0.7,"uniform",61,FALSE,FALSE,0.5,0.6,0.2,FALSE
668,"synthetic","LSVCMM",200,21,5,"binary",1,1,1,1,0,-1.5,0.7,"uniform",61,FALSE,FALSE,0.5,0.7,0.2,FALSE
669,"synthetic","LSVCMM",200,21,5,"binary",1,1,1,1,0,-1.5,0.7,"uniform",61,FALSE,FALSE,0.5,0.8,0.2,FALSE
670,"synthetic","LSVCMM",200,21,5,"binary",1,1,1,1,0,-1.5,0.7,"uniform",61,FALSE,FALSE,0.5,0.9,0.2,FALSE
671,"synthetic","LSVCMM",200,21,5,"binary",1,1,1,1,0,-1.5,0.7,"uniform",61,FALSE,FALSE,0.5,1,0.2,FALSE
672,"synthetic","LSVCMM",200,21,5,"binary",1,1,1,1,0,-1.5,0.7,"uniform",62,FALSE,FALSE,0.5,0,0.2,FALSE
673,"synthetic","LSVCMM",200,21,5,"binary",1,1,1,1,0,-1.5,0.7,"uniform",62,FALSE,FALSE,0.5,0.1,0.2,FALSE
674,"synthetic","LSVCMM",200,21,5,"binary",1,1,1,1,0,-1.5,0.7,"uniform",62,FALSE,FALSE,0.5,0.2,0.2,FALSE
675,"synthetic","LSVCMM",200,21,5,"binary",1,1,1,1,0,-1.5,0.7,"uniform",62,FALSE,FALSE,0.5,0.3,0.2,FALSE
676,"synthetic","LSVCMM",200,21,5,"binary",1,1,1,1,0,-1.5,0.7,"uniform",62,FALSE,FALSE,0.5,0.4,0.2,FALSE
677,"synthetic","LSVCMM",200,21,5,"binary",1,1,1,1,0,-1.5,0.7,"uniform",62,FALSE,FALSE,0.5,0.5,0.2,FALSE
678,"synthetic","LSVCMM",200,21,5,"binary",1,1,1,1,0,-1.5,0.7,"uniform",62,FALSE,FALSE,0.5,0.6,0.2,FALSE
679,"synthetic","LSVCMM",200,21,5,"binary",1,1,1,1,0,-1.5,0.7,"uniform",62,FALSE,FALSE,0.5,0.7,0.2,FALSE
680,"synthetic","LSVCMM",200,21,5,"binary",1,1,1,1,0,-1.5,0.7,"uniform",62,FALSE,FALSE,0.5,0.8,0.2,FALSE
681,"synthetic","LSVCMM",200,21,5,"binary",1,1,1,1,0,-1.5,0.7,"uniform",62,FALSE,FALSE,0.5,0.9,0.2,FALSE
682,"synthetic","LSVCMM",200,21,5,"binary",1,1,1,1,0,-1.5,0.7,"uniform",62,FALSE,FALSE,0.5,1,0.2,FALSE
683,"synthetic","LSVCMM",200,21,5,"binary",1,1,1,1,0,-1.5,0.7,"uniform",63,FALSE,FALSE,0.5,0,0.2,FALSE
684,"synthetic","LSVCMM",200,21,5,"binary",1,1,1,1,0,-1.5,0.7,"uniform",63,FALSE,FALSE,0.5,0.1,0.2,FALSE
685,"synthetic","LSVCMM",200,21,5,"binary",1,1,1,1,0,-1.5,0.7,"uniform",63,FALSE,FALSE,0.5,0.2,0.2,FALSE
686,"synthetic","LSVCMM",200,21,5,"binary",1,1,1,1,0,-1.5,0.7,"uniform",63,FALSE,FALSE,0.5,0.3,0.2,FALSE
687,"synthetic","LSVCMM",200,21,5,"binary",1,1,1,1,0,-1.5,0.7,"uniform",63,FALSE,FALSE,0.5,0.4,0.2,FALSE
688,"synthetic","LSVCMM",200,21,5,"binary",1,1,1,1,0,-1.5,0.7,"uniform",63,FALSE,FALSE,0.5,0.5,0.2,FALSE
689,"synthetic","LSVCMM",200,21,5,"binary",1,1,1,1,0,-1.5,0.7,"uniform",63,FALSE,FALSE,0.5,0.6,0.2,FALSE
690,"synthetic","LSVCMM",200,21,5,"binary",1,1,1,1,0,-1.5,0.7,"uniform",63,FALSE,FALSE,0.5,0.7,0.2,FALSE
691,"synthetic","LSVCMM",200,21,5,"binary",1,1,1,1,0,-1.5,0.7,"uniform",63,FALSE,FALSE,0.5,0.8,0.2,FALSE
692,"synthetic","LSVCMM",200,21,5,"binary",1,1,1,1,0,-1.5,0.7,"uniform",63,FALSE,FALSE,0.5,0.9,0.2,FALSE
693,"synthetic","LSVCMM",200,21,5,"binary",1,1,1,1,0,-1.5,0.7,"uniform",63,FALSE,FALSE,0.5,1,0.2,FALSE
694,"synthetic","LSVCMM",200,21,5,"binary",1,1,1,1,0,-1.5,0.7,"uniform",64,FALSE,FALSE,0.5,0,0.2,FALSE
695,"synthetic","LSVCMM",200,21,5,"binary",1,1,1,1,0,-1.5,0.7,"uniform",64,FALSE,FALSE,0.5,0.1,0.2,FALSE
696,"synthetic","LSVCMM",200,21,5,"binary",1,1,1,1,0,-1.5,0.7,"uniform",64,FALSE,FALSE,0.5,0.2,0.2,FALSE
697,"synthetic","LSVCMM",200,21,5,"binary",1,1,1,1,0,-1.5,0.7,"uniform",64,FALSE,FALSE,0.5,0.3,0.2,FALSE
698,"synthetic","LSVCMM",200,21,5,"binary",1,1,1,1,0,-1.5,0.7,"uniform",64,FALSE,FALSE,0.5,0.4,0.2,FALSE
699,"synthetic","LSVCMM",200,21,5,"binary",1,1,1,1,0,-1.5,0.7,"uniform",64,FALSE,FALSE,0.5,0.5,0.2,FALSE
700,"synthetic","LSVCMM",200,21,5,"binary",1,1,1,1,0,-1.5,0.7,"uniform",64,FALSE,FALSE,0.5,0.6,0.2,FALSE
701,"synthetic","LSVCMM",200,21,5,"binary",1,1,1,1,0,-1.5,0.7,"uniform",64,FALSE,FALSE,0.5,0.7,0.2,FALSE
702,"synthetic","LSVCMM",200,21,5,"binary",1,1,1,1,0,-1.5,0.7,"uniform",64,FALSE,FALSE,0.5,0.8,0.2,FALSE
703,"synthetic","LSVCMM",200,21,5,"binary",1,1,1,1,0,-1.5,0.7,"uniform",64,FALSE,FALSE,0.5,0.9,0.2,FALSE
704,"synthetic","LSVCMM",200,21,5,"binary",1,1,1,1,0,-1.5,0.7,"uniform",64,FALSE,FALSE,0.5,1,0.2,FALSE
705,"synthetic","LSVCMM",200,21,5,"binary",1,1,1,1,0,-1.5,0.7,"uniform",65,FALSE,FALSE,0.5,0,0.2,FALSE
706,"synthetic","LSVCMM",200,21,5,"binary",1,1,1,1,0,-1.5,0.7,"uniform",65,FALSE,FALSE,0.5,0.1,0.2,FALSE
707,"synthetic","LSVCMM",200,21,5,"binary",1,1,1,1,0,-1.5,0.7,"uniform",65,FALSE,FALSE,0.5,0.2,0.2,FALSE
708,"synthetic","LSVCMM",200,21,5,"binary",1,1,1,1,0,-1.5,0.7,"uniform",65,FALSE,FALSE,0.5,0.3,0.2,FALSE
709,"synthetic","LSVCMM",200,21,5,"binary",1,1,1,1,0,-1.5,0.7,"uniform",65,FALSE,FALSE,0.5,0.4,0.2,FALSE
710,"synthetic","LSVCMM",200,21,5,"binary",1,1,1,1,0,-1.5,0.7,"uniform",65,FALSE,FALSE,0.5,0.5,0.2,FALSE
711,"synthetic","LSVCMM",200,21,5,"binary",1,1,1,1,0,-1.5,0.7,"uniform",65,FALSE,FALSE,0.5,0.6,0.2,FALSE
712,"synthetic","LSVCMM",200,21,5,"binary",1,1,1,1,0,-1.5,0.7,"uniform",65,FALSE,FALSE,0.5,0.7,0.2,FALSE
713,"synthetic","LSVCMM",200,21,5,"binary",1,1,1,1,0,-1.5,0.7,"uniform",65,FALSE,FALSE,0.5,0.8,0.2,FALSE
714,"synthetic","LSVCMM",200,21,5,"binary",1,1,1,1,0,-1.5,0.7,"uniform",65,FALSE,FALSE,0.5,0.9,0.2,FALSE
715,"synthetic","LSVCMM",200,21,5,"binary",1,1,1,1,0,-1.5,0.7,"uniform",65,FALSE,FALSE,0.5,1,0.2,FALSE
716,"synthetic","LSVCMM",200,21,5,"binary",1,1,1,1,0,-1.5,0.7,"uniform",66,FALSE,FALSE,0.5,0,0.2,FALSE
717,"synthetic","LSVCMM",200,21,5,"binary",1,1,1,1,0,-1.5,0.7,"uniform",66,FALSE,FALSE,0.5,0.1,0.2,FALSE
718,"synthetic","LSVCMM",200,21,5,"binary",1,1,1,1,0,-1.5,0.7,"uniform",66,FALSE,FALSE,0.5,0.2,0.2,FALSE
719,"synthetic","LSVCMM",200,21,5,"binary",1,1,1,1,0,-1.5,0.7,"uniform",66,FALSE,FALSE,0.5,0.3,0.2,FALSE
720,"synthetic","LSVCMM",200,21,5,"binary",1,1,1,1,0,-1.5,0.7,"uniform",66,FALSE,FALSE,0.5,0.4,0.2,FALSE
721,"synthetic","LSVCMM",200,21,5,"binary",1,1,1,1,0,-1.5,0.7,"uniform",66,FALSE,FALSE,0.5,0.5,0.2,FALSE
722,"synthetic","LSVCMM",200,21,5,"binary",1,1,1,1,0,-1.5,0.7,"uniform",66,FALSE,FALSE,0.5,0.6,0.2,FALSE
723,"synthetic","LSVCMM",200,21,5,"binary",1,1,1,1,0,-1.5,0.7,"uniform",66,FALSE,FALSE,0.5,0.7,0.2,FALSE
724,"synthetic","LSVCMM",200,21,5,"binary",1,1,1,1,0,-1.5,0.7,"uniform",66,FALSE,FALSE,0.5,0.8,0.2,FALSE
725,"synthetic","LSVCMM",200,21,5,"binary",1,1,1,1,0,-1.5,0.7,"uniform",66,FALSE,FALSE,0.5,0.9,0.2,FALSE
726,"synthetic","LSVCMM",200,21,5,"binary",1,1,1,1,0,-1.5,0.7,"uniform",66,FALSE,FALSE,0.5,1,0.2,FALSE
727,"synthetic","LSVCMM",200,21,5,"binary",1,1,1,1,0,-1.5,0.7,"uniform",67,FALSE,FALSE,0.5,0,0.2,FALSE
728,"synthetic","LSVCMM",200,21,5,"binary",1,1,1,1,0,-1.5,0.7,"uniform",67,FALSE,FALSE,0.5,0.1,0.2,FALSE
729,"synthetic","LSVCMM",200,21,5,"binary",1,1,1,1,0,-1.5,0.7,"uniform",67,FALSE,FALSE,0.5,0.2,0.2,FALSE
730,"synthetic","LSVCMM",200,21,5,"binary",1,1,1,1,0,-1.5,0.7,"uniform",67,FALSE,FALSE,0.5,0.3,0.2,FALSE
731,"synthetic","LSVCMM",200,21,5,"binary",1,1,1,1,0,-1.5,0.7,"uniform",67,FALSE,FALSE,0.5,0.4,0.2,FALSE
732,"synthetic","LSVCMM",200,21,5,"binary",1,1,1,1,0,-1.5,0.7,"uniform",67,FALSE,FALSE,0.5,0.5,0.2,FALSE
733,"synthetic","LSVCMM",200,21,5,"binary",1,1,1,1,0,-1.5,0.7,"uniform",67,FALSE,FALSE,0.5,0.6,0.2,FALSE
734,"synthetic","LSVCMM",200,21,5,"binary",1,1,1,1,0,-1.5,0.7,"uniform",67,FALSE,FALSE,0.5,0.7,0.2,FALSE
735,"synthetic","LSVCMM",200,21,5,"binary",1,1,1,1,0,-1.5,0.7,"uniform",67,FALSE,FALSE,0.5,0.8,0.2,FALSE
736,"synthetic","LSVCMM",200,21,5,"binary",1,1,1,1,0,-1.5,0.7,"uniform",67,FALSE,FALSE,0.5,0.9,0.2,FALSE
737,"synthetic","LSVCMM",200,21,5,"binary",1,1,1,1,0,-1.5,0.7,"uniform",67,FALSE,FALSE,0.5,1,0.2,FALSE
738,"synthetic","LSVCMM",200,21,5,"binary",1,1,1,1,0,-1.5,0.7,"uniform",68,FALSE,FALSE,0.5,0,0.2,FALSE
739,"synthetic","LSVCMM",200,21,5,"binary",1,1,1,1,0,-1.5,0.7,"uniform",68,FALSE,FALSE,0.5,0.1,0.2,FALSE
740,"synthetic","LSVCMM",200,21,5,"binary",1,1,1,1,0,-1.5,0.7,"uniform",68,FALSE,FALSE,0.5,0.2,0.2,FALSE
741,"synthetic","LSVCMM",200,21,5,"binary",1,1,1,1,0,-1.5,0.7,"uniform",68,FALSE,FALSE,0.5,0.3,0.2,FALSE
742,"synthetic","LSVCMM",200,21,5,"binary",1,1,1,1,0,-1.5,0.7,"uniform",68,FALSE,FALSE,0.5,0.4,0.2,FALSE
743,"synthetic","LSVCMM",200,21,5,"binary",1,1,1,1,0,-1.5,0.7,"uniform",68,FALSE,FALSE,0.5,0.5,0.2,FALSE
744,"synthetic","LSVCMM",200,21,5,"binary",1,1,1,1,0,-1.5,0.7,"uniform",68,FALSE,FALSE,0.5,0.6,0.2,FALSE
745,"synthetic","LSVCMM",200,21,5,"binary",1,1,1,1,0,-1.5,0.7,"uniform",68,FALSE,FALSE,0.5,0.7,0.2,FALSE
746,"synthetic","LSVCMM",200,21,5,"binary",1,1,1,1,0,-1.5,0.7,"uniform",68,FALSE,FALSE,0.5,0.8,0.2,FALSE
747,"synthetic","LSVCMM",200,21,5,"binary",1,1,1,1,0,-1.5,0.7,"uniform",68,FALSE,FALSE,0.5,0.9,0.2,FALSE
748,"synthetic","LSVCMM",200,21,5,"binary",1,1,1,1,0,-1.5,0.7,"uniform",68,FALSE,FALSE,0.5,1,0.2,FALSE
749,"synthetic","LSVCMM",200,21,5,"binary",1,1,1,1,0,-1.5,0.7,"uniform",69,FALSE,FALSE,0.5,0,0.2,FALSE
750,"synthetic","LSVCMM",200,21,5,"binary",1,1,1,1,0,-1.5,0.7,"uniform",69,FALSE,FALSE,0.5,0.1,0.2,FALSE
751,"synthetic","LSVCMM",200,21,5,"binary",1,1,1,1,0,-1.5,0.7,"uniform",69,FALSE,FALSE,0.5,0.2,0.2,FALSE
752,"synthetic","LSVCMM",200,21,5,"binary",1,1,1,1,0,-1.5,0.7,"uniform",69,FALSE,FALSE,0.5,0.3,0.2,FALSE
753,"synthetic","LSVCMM",200,21,5,"binary",1,1,1,1,0,-1.5,0.7,"uniform",69,FALSE,FALSE,0.5,0.4,0.2,FALSE
754,"synthetic","LSVCMM",200,21,5,"binary",1,1,1,1,0,-1.5,0.7,"uniform",69,FALSE,FALSE,0.5,0.5,0.2,FALSE
755,"synthetic","LSVCMM",200,21,5,"binary",1,1,1,1,0,-1.5,0.7,"uniform",69,FALSE,FALSE,0.5,0.6,0.2,FALSE
756,"synthetic","LSVCMM",200,21,5,"binary",1,1,1,1,0,-1.5,0.7,"uniform",69,FALSE,FALSE,0.5,0.7,0.2,FALSE
757,"synthetic","LSVCMM",200,21,5,"binary",1,1,1,1,0,-1.5,0.7,"uniform",69,FALSE,FALSE,0.5,0.8,0.2,FALSE
758,"synthetic","LSVCMM",200,21,5,"binary",1,1,1,1,0,-1.5,0.7,"uniform",69,FALSE,FALSE,0.5,0.9,0.2,FALSE
759,"synthetic","LSVCMM",200,21,5,"binary",1,1,1,1,0,-1.5,0.7,"uniform",69,FALSE,FALSE,0.5,1,0.2,FALSE
760,"synthetic","LSVCMM",200,21,5,"binary",1,1,1,1,0,-1.5,0.7,"uniform",70,FALSE,FALSE,0.5,0,0.2,FALSE
761,"synthetic","LSVCMM",200,21,5,"binary",1,1,1,1,0,-1.5,0.7,"uniform",70,FALSE,FALSE,0.5,0.1,0.2,FALSE
762,"synthetic","LSVCMM",200,21,5,"binary",1,1,1,1,0,-1.5,0.7,"uniform",70,FALSE,FALSE,0.5,0.2,0.2,FALSE
763,"synthetic","LSVCMM",200,21,5,"binary",1,1,1,1,0,-1.5,0.7,"uniform",70,FALSE,FALSE,0.5,0.3,0.2,FALSE
764,"synthetic","LSVCMM",200,21,5,"binary",1,1,1,1,0,-1.5,0.7,"uniform",70,FALSE,FALSE,0.5,0.4,0.2,FALSE
765,"synthetic","LSVCMM",200,21,5,"binary",1,1,1,1,0,-1.5,0.7,"uniform",70,FALSE,FALSE,0.5,0.5,0.2,FALSE
766,"synthetic","LSVCMM",200,21,5,"binary",1,1,1,1,0,-1.5,0.7,"uniform",70,FALSE,FALSE,0.5,0.6,0.2,FALSE
767,"synthetic","LSVCMM",200,21,5,"binary",1,1,1,1,0,-1.5,0.7,"uniform",70,FALSE,FALSE,0.5,0.7,0.2,FALSE
768,"synthetic","LSVCMM",200,21,5,"binary",1,1,1,1,0,-1.5,0.7,"uniform",70,FALSE,FALSE,0.5,0.8,0.2,FALSE
769,"synthetic","LSVCMM",200,21,5,"binary",1,1,1,1,0,-1.5,0.7,"uniform",70,FALSE,FALSE,0.5,0.9,0.2,FALSE
770,"synthetic","LSVCMM",200,21,5,"binary",1,1,1,1,0,-1.5,0.7,"uniform",70,FALSE,FALSE,0.5,1,0.2,FALSE
771,"synthetic","LSVCMM",200,21,5,"binary",1,1,1,1,0,-1.5,0.7,"uniform",71,FALSE,FALSE,0.5,0,0.2,FALSE
772,"synthetic","LSVCMM",200,21,5,"binary",1,1,1,1,0,-1.5,0.7,"uniform",71,FALSE,FALSE,0.5,0.1,0.2,FALSE
773,"synthetic","LSVCMM",200,21,5,"binary",1,1,1,1,0,-1.5,0.7,"uniform",71,FALSE,FALSE,0.5,0.2,0.2,FALSE
774,"synthetic","LSVCMM",200,21,5,"binary",1,1,1,1,0,-1.5,0.7,"uniform",71,FALSE,FALSE,0.5,0.3,0.2,FALSE
775,"synthetic","LSVCMM",200,21,5,"binary",1,1,1,1,0,-1.5,0.7,"uniform",71,FALSE,FALSE,0.5,0.4,0.2,FALSE
776,"synthetic","LSVCMM",200,21,5,"binary",1,1,1,1,0,-1.5,0.7,"uniform",71,FALSE,FALSE,0.5,0.5,0.2,FALSE
777,"synthetic","LSVCMM",200,21,5,"binary",1,1,1,1,0,-1.5,0.7,"uniform",71,FALSE,FALSE,0.5,0.6,0.2,FALSE
778,"synthetic","LSVCMM",200,21,5,"binary",1,1,1,1,0,-1.5,0.7,"uniform",71,FALSE,FALSE,0.5,0.7,0.2,FALSE
779,"synthetic","LSVCMM",200,21,5,"binary",1,1,1,1,0,-1.5,0.7,"uniform",71,FALSE,FALSE,0.5,0.8,0.2,FALSE
780,"synthetic","LSVCMM",200,21,5,"binary",1,1,1,1,0,-1.5,0.7,"uniform",71,FALSE,FALSE,0.5,0.9,0.2,FALSE
781,"synthetic","LSVCMM",200,21,5,"binary",1,1,1,1,0,-1.5,0.7,"uniform",71,FALSE,FALSE,0.5,1,0.2,FALSE
782,"synthetic","LSVCMM",200,21,5,"binary",1,1,1,1,0,-1.5,0.7,"uniform",72,FALSE,FALSE,0.5,0,0.2,FALSE
783,"synthetic","LSVCMM",200,21,5,"binary",1,1,1,1,0,-1.5,0.7,"uniform",72,FALSE,FALSE,0.5,0.1,0.2,FALSE
784,"synthetic","LSVCMM",200,21,5,"binary",1,1,1,1,0,-1.5,0.7,"uniform",72,FALSE,FALSE,0.5,0.2,0.2,FALSE
785,"synthetic","LSVCMM",200,21,5,"binary",1,1,1,1,0,-1.5,0.7,"uniform",72,FALSE,FALSE,0.5,0.3,0.2,FALSE
786,"synthetic","LSVCMM",200,21,5,"binary",1,1,1,1,0,-1.5,0.7,"uniform",72,FALSE,FALSE,0.5,0.4,0.2,FALSE
787,"synthetic","LSVCMM",200,21,5,"binary",1,1,1,1,0,-1.5,0.7,"uniform",72,FALSE,FALSE,0.5,0.5,0.2,FALSE
788,"synthetic","LSVCMM",200,21,5,"binary",1,1,1,1,0,-1.5,0.7,"uniform",72,FALSE,FALSE,0.5,0.6,0.2,FALSE
789,"synthetic","LSVCMM",200,21,5,"binary",1,1,1,1,0,-1.5,0.7,"uniform",72,FALSE,FALSE,0.5,0.7,0.2,FALSE
790,"synthetic","LSVCMM",200,21,5,"binary",1,1,1,1,0,-1.5,0.7,"uniform",72,FALSE,FALSE,0.5,0.8,0.2,FALSE
791,"synthetic","LSVCMM",200,21,5,"binary",1,1,1,1,0,-1.5,0.7,"uniform",72,FALSE,FALSE,0.5,0.9,0.2,FALSE
792,"synthetic","LSVCMM",200,21,5,"binary",1,1,1,1,0,-1.5,0.7,"uniform",72,FALSE,FALSE,0.5,1,0.2,FALSE
793,"synthetic","LSVCMM",200,21,5,"binary",1,1,1,1,0,-1.5,0.7,"uniform",73,FALSE,FALSE,0.5,0,0.2,FALSE
794,"synthetic","LSVCMM",200,21,5,"binary",1,1,1,1,0,-1.5,0.7,"uniform",73,FALSE,FALSE,0.5,0.1,0.2,FALSE
795,"synthetic","LSVCMM",200,21,5,"binary",1,1,1,1,0,-1.5,0.7,"uniform",73,FALSE,FALSE,0.5,0.2,0.2,FALSE
796,"synthetic","LSVCMM",200,21,5,"binary",1,1,1,1,0,-1.5,0.7,"uniform",73,FALSE,FALSE,0.5,0.3,0.2,FALSE
797,"synthetic","LSVCMM",200,21,5,"binary",1,1,1,1,0,-1.5,0.7,"uniform",73,FALSE,FALSE,0.5,0.4,0.2,FALSE
798,"synthetic","LSVCMM",200,21,5,"binary",1,1,1,1,0,-1.5,0.7,"uniform",73,FALSE,FALSE,0.5,0.5,0.2,FALSE
799,"synthetic","LSVCMM",200,21,5,"binary",1,1,1,1,0,-1.5,0.7,"uniform",73,FALSE,FALSE,0.5,0.6,0.2,FALSE
800,"synthetic","LSVCMM",200,21,5,"binary",1,1,1,1,0,-1.5,0.7,"uniform",73,FALSE,FALSE,0.5,0.7,0.2,FALSE
801,"synthetic","LSVCMM",200,21,5,"binary",1,1,1,1,0,-1.5,0.7,"uniform",73,FALSE,FALSE,0.5,0.8,0.2,FALSE
802,"synthetic","LSVCMM",200,21,5,"binary",1,1,1,1,0,-1.5,0.7,"uniform",73,FALSE,FALSE,0.5,0.9,0.2,FALSE
803,"synthetic","LSVCMM",200,21,5,"binary",1,1,1,1,0,-1.5,0.7,"uniform",73,FALSE,FALSE,0.5,1,0.2,FALSE
804,"synthetic","LSVCMM",200,21,5,"binary",1,1,1,1,0,-1.5,0.7,"uniform",74,FALSE,FALSE,0.5,0,0.2,FALSE
805,"synthetic","LSVCMM",200,21,5,"binary",1,1,1,1,0,-1.5,0.7,"uniform",74,FALSE,FALSE,0.5,0.1,0.2,FALSE
806,"synthetic","LSVCMM",200,21,5,"binary",1,1,1,1,0,-1.5,0.7,"uniform",74,FALSE,FALSE,0.5,0.2,0.2,FALSE
807,"synthetic","LSVCMM",200,21,5,"binary",1,1,1,1,0,-1.5,0.7,"uniform",74,FALSE,FALSE,0.5,0.3,0.2,FALSE
808,"synthetic","LSVCMM",200,21,5,"binary",1,1,1,1,0,-1.5,0.7,"uniform",74,FALSE,FALSE,0.5,0.4,0.2,FALSE
809,"synthetic","LSVCMM",200,21,5,"binary",1,1,1,1,0,-1.5,0.7,"uniform",74,FALSE,FALSE,0.5,0.5,0.2,FALSE
810,"synthetic","LSVCMM",200,21,5,"binary",1,1,1,1,0,-1.5,0.7,"uniform",74,FALSE,FALSE,0.5,0.6,0.2,FALSE
811,"synthetic","LSVCMM",200,21,5,"binary",1,1,1,1,0,-1.5,0.7,"uniform",74,FALSE,FALSE,0.5,0.7,0.2,FALSE
812,"synthetic","LSVCMM",200,21,5,"binary",1,1,1,1,0,-1.5,0.7,"uniform",74,FALSE,FALSE,0.5,0.8,0.2,FALSE
813,"synthetic","LSVCMM",200,21,5,"binary",1,1,1,1,0,-1.5,0.7,"uniform",74,FALSE,FALSE,0.5,0.9,0.2,FALSE
814,"synthetic","LSVCMM",200,21,5,"binary",1,1,1,1,0,-1.5,0.7,"uniform",74,FALSE,FALSE,0.5,1,0.2,FALSE
815,"synthetic","LSVCMM",200,21,5,"binary",1,1,1,1,0,-1.5,0.7,"uniform",75,FALSE,FALSE,0.5,0,0.2,FALSE
816,"synthetic","LSVCMM",200,21,5,"binary",1,1,1,1,0,-1.5,0.7,"uniform",75,FALSE,FALSE,0.5,0.1,0.2,FALSE
817,"synthetic","LSVCMM",200,21,5,"binary",1,1,1,1,0,-1.5,0.7,"uniform",75,FALSE,FALSE,0.5,0.2,0.2,FALSE
818,"synthetic","LSVCMM",200,21,5,"binary",1,1,1,1,0,-1.5,0.7,"uniform",75,FALSE,FALSE,0.5,0.3,0.2,FALSE
819,"synthetic","LSVCMM",200,21,5,"binary",1,1,1,1,0,-1.5,0.7,"uniform",75,FALSE,FALSE,0.5,0.4,0.2,FALSE
820,"synthetic","LSVCMM",200,21,5,"binary",1,1,1,1,0,-1.5,0.7,"uniform",75,FALSE,FALSE,0.5,0.5,0.2,FALSE
821,"synthetic","LSVCMM",200,21,5,"binary",1,1,1,1,0,-1.5,0.7,"uniform",75,FALSE,FALSE,0.5,0.6,0.2,FALSE
822,"synthetic","LSVCMM",200,21,5,"binary",1,1,1,1,0,-1.5,0.7,"uniform",75,FALSE,FALSE,0.5,0.7,0.2,FALSE
823,"synthetic","LSVCMM",200,21,5,"binary",1,1,1,1,0,-1.5,0.7,"uniform",75,FALSE,FALSE,0.5,0.8,0.2,FALSE
824,"synthetic","LSVCMM",200,21,5,"binary",1,1,1,1,0,-1.5,0.7,"uniform",75,FALSE,FALSE,0.5,0.9,0.2,FALSE
825,"synthetic","LSVCMM",200,21,5,"binary",1,1,1,1,0,-1.5,0.7,"uniform",75,FALSE,FALSE,0.5,1,0.2,FALSE
826,"synthetic","LSVCMM",200,21,5,"binary",1,1,1,1,0,-1.5,0.7,"uniform",76,FALSE,FALSE,0.5,0,0.2,FALSE
827,"synthetic","LSVCMM",200,21,5,"binary",1,1,1,1,0,-1.5,0.7,"uniform",76,FALSE,FALSE,0.5,0.1,0.2,FALSE
828,"synthetic","LSVCMM",200,21,5,"binary",1,1,1,1,0,-1.5,0.7,"uniform",76,FALSE,FALSE,0.5,0.2,0.2,FALSE
829,"synthetic","LSVCMM",200,21,5,"binary",1,1,1,1,0,-1.5,0.7,"uniform",76,FALSE,FALSE,0.5,0.3,0.2,FALSE
830,"synthetic","LSVCMM",200,21,5,"binary",1,1,1,1,0,-1.5,0.7,"uniform",76,FALSE,FALSE,0.5,0.4,0.2,FALSE
831,"synthetic","LSVCMM",200,21,5,"binary",1,1,1,1,0,-1.5,0.7,"uniform",76,FALSE,FALSE,0.5,0.5,0.2,FALSE
832,"synthetic","LSVCMM",200,21,5,"binary",1,1,1,1,0,-1.5,0.7,"uniform",76,FALSE,FALSE,0.5,0.6,0.2,FALSE
833,"synthetic","LSVCMM",200,21,5,"binary",1,1,1,1,0,-1.5,0.7,"uniform",76,FALSE,FALSE,0.5,0.7,0.2,FALSE
834,"synthetic","LSVCMM",200,21,5,"binary",1,1,1,1,0,-1.5,0.7,"uniform",76,FALSE,FALSE,0.5,0.8,0.2,FALSE
835,"synthetic","LSVCMM",200,21,5,"binary",1,1,1,1,0,-1.5,0.7,"uniform",76,FALSE,FALSE,0.5,0.9,0.2,FALSE
836,"synthetic","LSVCMM",200,21,5,"binary",1,1,1,1,0,-1.5,0.7,"uniform",76,FALSE,FALSE,0.5,1,0.2,FALSE
837,"synthetic","LSVCMM",200,21,5,"binary",1,1,1,1,0,-1.5,0.7,"uniform",77,FALSE,FALSE,0.5,0,0.2,FALSE
838,"synthetic","LSVCMM",200,21,5,"binary",1,1,1,1,0,-1.5,0.7,"uniform",77,FALSE,FALSE,0.5,0.1,0.2,FALSE
839,"synthetic","LSVCMM",200,21,5,"binary",1,1,1,1,0,-1.5,0.7,"uniform",77,FALSE,FALSE,0.5,0.2,0.2,FALSE
840,"synthetic","LSVCMM",200,21,5,"binary",1,1,1,1,0,-1.5,0.7,"uniform",77,FALSE,FALSE,0.5,0.3,0.2,FALSE
841,"synthetic","LSVCMM",200,21,5,"binary",1,1,1,1,0,-1.5,0.7,"uniform",77,FALSE,FALSE,0.5,0.4,0.2,FALSE
842,"synthetic","LSVCMM",200,21,5,"binary",1,1,1,1,0,-1.5,0.7,"uniform",77,FALSE,FALSE,0.5,0.5,0.2,FALSE
843,"synthetic","LSVCMM",200,21,5,"binary",1,1,1,1,0,-1.5,0.7,"uniform",77,FALSE,FALSE,0.5,0.6,0.2,FALSE
844,"synthetic","LSVCMM",200,21,5,"binary",1,1,1,1,0,-1.5,0.7,"uniform",77,FALSE,FALSE,0.5,0.7,0.2,FALSE
845,"synthetic","LSVCMM",200,21,5,"binary",1,1,1,1,0,-1.5,0.7,"uniform",77,FALSE,FALSE,0.5,0.8,0.2,FALSE
846,"synthetic","LSVCMM",200,21,5,"binary",1,1,1,1,0,-1.5,0.7,"uniform",77,FALSE,FALSE,0.5,0.9,0.2,FALSE
847,"synthetic","LSVCMM",200,21,5,"binary",1,1,1,1,0,-1.5,0.7,"uniform",77,FALSE,FALSE,0.5,1,0.2,FALSE
848,"synthetic","LSVCMM",200,21,5,"binary",1,1,1,1,0,-1.5,0.7,"uniform",78,FALSE,FALSE,0.5,0,0.2,FALSE
849,"synthetic","LSVCMM",200,21,5,"binary",1,1,1,1,0,-1.5,0.7,"uniform",78,FALSE,FALSE,0.5,0.1,0.2,FALSE
850,"synthetic","LSVCMM",200,21,5,"binary",1,1,1,1,0,-1.5,0.7,"uniform",78,FALSE,FALSE,0.5,0.2,0.2,FALSE
851,"synthetic","LSVCMM",200,21,5,"binary",1,1,1,1,0,-1.5,0.7,"uniform",78,FALSE,FALSE,0.5,0.3,0.2,FALSE
852,"synthetic","LSVCMM",200,21,5,"binary",1,1,1,1,0,-1.5,0.7,"uniform",78,FALSE,FALSE,0.5,0.4,0.2,FALSE
853,"synthetic","LSVCMM",200,21,5,"binary",1,1,1,1,0,-1.5,0.7,"uniform",78,FALSE,FALSE,0.5,0.5,0.2,FALSE
854,"synthetic","LSVCMM",200,21,5,"binary",1,1,1,1,0,-1.5,0.7,"uniform",78,FALSE,FALSE,0.5,0.6,0.2,FALSE
855,"synthetic","LSVCMM",200,21,5,"binary",1,1,1,1,0,-1.5,0.7,"uniform",78,FALSE,FALSE,0.5,0.7,0.2,FALSE
856,"synthetic","LSVCMM",200,21,5,"binary",1,1,1,1,0,-1.5,0.7,"uniform",78,FALSE,FALSE,0.5,0.8,0.2,FALSE
857,"synthetic","LSVCMM",200,21,5,"binary",1,1,1,1,0,-1.5,0.7,"uniform",78,FALSE,FALSE,0.5,0.9,0.2,FALSE
858,"synthetic","LSVCMM",200,21,5,"binary",1,1,1,1,0,-1.5,0.7,"uniform",78,FALSE,FALSE,0.5,1,0.2,FALSE
859,"synthetic","LSVCMM",200,21,5,"binary",1,1,1,1,0,-1.5,0.7,"uniform",79,FALSE,FALSE,0.5,0,0.2,FALSE
860,"synthetic","LSVCMM",200,21,5,"binary",1,1,1,1,0,-1.5,0.7,"uniform",79,FALSE,FALSE,0.5,0.1,0.2,FALSE
861,"synthetic","LSVCMM",200,21,5,"binary",1,1,1,1,0,-1.5,0.7,"uniform",79,FALSE,FALSE,0.5,0.2,0.2,FALSE
862,"synthetic","LSVCMM",200,21,5,"binary",1,1,1,1,0,-1.5,0.7,"uniform",79,FALSE,FALSE,0.5,0.3,0.2,FALSE
863,"synthetic","LSVCMM",200,21,5,"binary",1,1,1,1,0,-1.5,0.7,"uniform",79,FALSE,FALSE,0.5,0.4,0.2,FALSE
864,"synthetic","LSVCMM",200,21,5,"binary",1,1,1,1,0,-1.5,0.7,"uniform",79,FALSE,FALSE,0.5,0.5,0.2,FALSE
865,"synthetic","LSVCMM",200,21,5,"binary",1,1,1,1,0,-1.5,0.7,"uniform",79,FALSE,FALSE,0.5,0.6,0.2,FALSE
866,"synthetic","LSVCMM",200,21,5,"binary",1,1,1,1,0,-1.5,0.7,"uniform",79,FALSE,FALSE,0.5,0.7,0.2,FALSE
867,"synthetic","LSVCMM",200,21,5,"binary",1,1,1,1,0,-1.5,0.7,"uniform",79,FALSE,FALSE,0.5,0.8,0.2,FALSE
868,"synthetic","LSVCMM",200,21,5,"binary",1,1,1,1,0,-1.5,0.7,"uniform",79,FALSE,FALSE,0.5,0.9,0.2,FALSE
869,"synthetic","LSVCMM",200,21,5,"binary",1,1,1,1,0,-1.5,0.7,"uniform",79,FALSE,FALSE,0.5,1,0.2,FALSE
870,"synthetic","LSVCMM",200,21,5,"binary",1,1,1,1,0,-1.5,0.7,"uniform",80,FALSE,FALSE,0.5,0,0.2,FALSE
871,"synthetic","LSVCMM",200,21,5,"binary",1,1,1,1,0,-1.5,0.7,"uniform",80,FALSE,FALSE,0.5,0.1,0.2,FALSE
872,"synthetic","LSVCMM",200,21,5,"binary",1,1,1,1,0,-1.5,0.7,"uniform",80,FALSE,FALSE,0.5,0.2,0.2,FALSE
873,"synthetic","LSVCMM",200,21,5,"binary",1,1,1,1,0,-1.5,0.7,"uniform",80,FALSE,FALSE,0.5,0.3,0.2,FALSE
874,"synthetic","LSVCMM",200,21,5,"binary",1,1,1,1,0,-1.5,0.7,"uniform",80,FALSE,FALSE,0.5,0.4,0.2,FALSE
875,"synthetic","LSVCMM",200,21,5,"binary",1,1,1,1,0,-1.5,0.7,"uniform",80,FALSE,FALSE,0.5,0.5,0.2,FALSE
876,"synthetic","LSVCMM",200,21,5,"binary",1,1,1,1,0,-1.5,0.7,"uniform",80,FALSE,FALSE,0.5,0.6,0.2,FALSE
877,"synthetic","LSVCMM",200,21,5,"binary",1,1,1,1,0,-1.5,0.7,"uniform",80,FALSE,FALSE,0.5,0.7,0.2,FALSE
878,"synthetic","LSVCMM",200,21,5,"binary",1,1,1,1,0,-1.5,0.7,"uniform",80,FALSE,FALSE,0.5,0.8,0.2,FALSE
879,"synthetic","LSVCMM",200,21,5,"binary",1,1,1,1,0,-1.5,0.7,"uniform",80,FALSE,FALSE,0.5,0.9,0.2,FALSE
880,"synthetic","LSVCMM",200,21,5,"binary",1,1,1,1,0,-1.5,0.7,"uniform",80,FALSE,FALSE,0.5,1,0.2,FALSE
881,"synthetic","LSVCMM",200,21,5,"binary",1,1,1,1,0,-1.5,0.7,"uniform",81,FALSE,FALSE,0.5,0,0.2,FALSE
882,"synthetic","LSVCMM",200,21,5,"binary",1,1,1,1,0,-1.5,0.7,"uniform",81,FALSE,FALSE,0.5,0.1,0.2,FALSE
883,"synthetic","LSVCMM",200,21,5,"binary",1,1,1,1,0,-1.5,0.7,"uniform",81,FALSE,FALSE,0.5,0.2,0.2,FALSE
884,"synthetic","LSVCMM",200,21,5,"binary",1,1,1,1,0,-1.5,0.7,"uniform",81,FALSE,FALSE,0.5,0.3,0.2,FALSE
885,"synthetic","LSVCMM",200,21,5,"binary",1,1,1,1,0,-1.5,0.7,"uniform",81,FALSE,FALSE,0.5,0.4,0.2,FALSE
886,"synthetic","LSVCMM",200,21,5,"binary",1,1,1,1,0,-1.5,0.7,"uniform",81,FALSE,FALSE,0.5,0.5,0.2,FALSE
887,"synthetic","LSVCMM",200,21,5,"binary",1,1,1,1,0,-1.5,0.7,"uniform",81,FALSE,FALSE,0.5,0.6,0.2,FALSE
888,"synthetic","LSVCMM",200,21,5,"binary",1,1,1,1,0,-1.5,0.7,"uniform",81,FALSE,FALSE,0.5,0.7,0.2,FALSE
889,"synthetic","LSVCMM",200,21,5,"binary",1,1,1,1,0,-1.5,0.7,"uniform",81,FALSE,FALSE,0.5,0.8,0.2,FALSE
890,"synthetic","LSVCMM",200,21,5,"binary",1,1,1,1,0,-1.5,0.7,"uniform",81,FALSE,FALSE,0.5,0.9,0.2,FALSE
891,"synthetic","LSVCMM",200,21,5,"binary",1,1,1,1,0,-1.5,0.7,"uniform",81,FALSE,FALSE,0.5,1,0.2,FALSE
892,"synthetic","LSVCMM",200,21,5,"binary",1,1,1,1,0,-1.5,0.7,"uniform",82,FALSE,FALSE,0.5,0,0.2,FALSE
893,"synthetic","LSVCMM",200,21,5,"binary",1,1,1,1,0,-1.5,0.7,"uniform",82,FALSE,FALSE,0.5,0.1,0.2,FALSE
894,"synthetic","LSVCMM",200,21,5,"binary",1,1,1,1,0,-1.5,0.7,"uniform",82,FALSE,FALSE,0.5,0.2,0.2,FALSE
895,"synthetic","LSVCMM",200,21,5,"binary",1,1,1,1,0,-1.5,0.7,"uniform",82,FALSE,FALSE,0.5,0.3,0.2,FALSE
896,"synthetic","LSVCMM",200,21,5,"binary",1,1,1,1,0,-1.5,0.7,"uniform",82,FALSE,FALSE,0.5,0.4,0.2,FALSE
897,"synthetic","LSVCMM",200,21,5,"binary",1,1,1,1,0,-1.5,0.7,"uniform",82,FALSE,FALSE,0.5,0.5,0.2,FALSE
898,"synthetic","LSVCMM",200,21,5,"binary",1,1,1,1,0,-1.5,0.7,"uniform",82,FALSE,FALSE,0.5,0.6,0.2,FALSE
899,"synthetic","LSVCMM",200,21,5,"binary",1,1,1,1,0,-1.5,0.7,"uniform",82,FALSE,FALSE,0.5,0.7,0.2,FALSE
900,"synthetic","LSVCMM",200,21,5,"binary",1,1,1,1,0,-1.5,0.7,"uniform",82,FALSE,FALSE,0.5,0.8,0.2,FALSE
901,"synthetic","LSVCMM",200,21,5,"binary",1,1,1,1,0,-1.5,0.7,"uniform",82,FALSE,FALSE,0.5,0.9,0.2,FALSE
902,"synthetic","LSVCMM",200,21,5,"binary",1,1,1,1,0,-1.5,0.7,"uniform",82,FALSE,FALSE,0.5,1,0.2,FALSE
903,"synthetic","LSVCMM",200,21,5,"binary",1,1,1,1,0,-1.5,0.7,"uniform",83,FALSE,FALSE,0.5,0,0.2,FALSE
904,"synthetic","LSVCMM",200,21,5,"binary",1,1,1,1,0,-1.5,0.7,"uniform",83,FALSE,FALSE,0.5,0.1,0.2,FALSE
905,"synthetic","LSVCMM",200,21,5,"binary",1,1,1,1,0,-1.5,0.7,"uniform",83,FALSE,FALSE,0.5,0.2,0.2,FALSE
906,"synthetic","LSVCMM",200,21,5,"binary",1,1,1,1,0,-1.5,0.7,"uniform",83,FALSE,FALSE,0.5,0.3,0.2,FALSE
907,"synthetic","LSVCMM",200,21,5,"binary",1,1,1,1,0,-1.5,0.7,"uniform",83,FALSE,FALSE,0.5,0.4,0.2,FALSE
908,"synthetic","LSVCMM",200,21,5,"binary",1,1,1,1,0,-1.5,0.7,"uniform",83,FALSE,FALSE,0.5,0.5,0.2,FALSE
909,"synthetic","LSVCMM",200,21,5,"binary",1,1,1,1,0,-1.5,0.7,"uniform",83,FALSE,FALSE,0.5,0.6,0.2,FALSE
910,"synthetic","LSVCMM",200,21,5,"binary",1,1,1,1,0,-1.5,0.7,"uniform",83,FALSE,FALSE,0.5,0.7,0.2,FALSE
911,"synthetic","LSVCMM",200,21,5,"binary",1,1,1,1,0,-1.5,0.7,"uniform",83,FALSE,FALSE,0.5,0.8,0.2,FALSE
912,"synthetic","LSVCMM",200,21,5,"binary",1,1,1,1,0,-1.5,0.7,"uniform",83,FALSE,FALSE,0.5,0.9,0.2,FALSE
913,"synthetic","LSVCMM",200,21,5,"binary",1,1,1,1,0,-1.5,0.7,"uniform",83,FALSE,FALSE,0.5,1,0.2,FALSE
914,"synthetic","LSVCMM",200,21,5,"binary",1,1,1,1,0,-1.5,0.7,"uniform",84,FALSE,FALSE,0.5,0,0.2,FALSE
915,"synthetic","LSVCMM",200,21,5,"binary",1,1,1,1,0,-1.5,0.7,"uniform",84,FALSE,FALSE,0.5,0.1,0.2,FALSE
916,"synthetic","LSVCMM",200,21,5,"binary",1,1,1,1,0,-1.5,0.7,"uniform",84,FALSE,FALSE,0.5,0.2,0.2,FALSE
917,"synthetic","LSVCMM",200,21,5,"binary",1,1,1,1,0,-1.5,0.7,"uniform",84,FALSE,FALSE,0.5,0.3,0.2,FALSE
918,"synthetic","LSVCMM",200,21,5,"binary",1,1,1,1,0,-1.5,0.7,"uniform",84,FALSE,FALSE,0.5,0.4,0.2,FALSE
919,"synthetic","LSVCMM",200,21,5,"binary",1,1,1,1,0,-1.5,0.7,"uniform",84,FALSE,FALSE,0.5,0.5,0.2,FALSE
920,"synthetic","LSVCMM",200,21,5,"binary",1,1,1,1,0,-1.5,0.7,"uniform",84,FALSE,FALSE,0.5,0.6,0.2,FALSE
921,"synthetic","LSVCMM",200,21,5,"binary",1,1,1,1,0,-1.5,0.7,"uniform",84,FALSE,FALSE,0.5,0.7,0.2,FALSE
922,"synthetic","LSVCMM",200,21,5,"binary",1,1,1,1,0,-1.5,0.7,"uniform",84,FALSE,FALSE,0.5,0.8,0.2,FALSE
923,"synthetic","LSVCMM",200,21,5,"binary",1,1,1,1,0,-1.5,0.7,"uniform",84,FALSE,FALSE,0.5,0.9,0.2,FALSE
924,"synthetic","LSVCMM",200,21,5,"binary",1,1,1,1,0,-1.5,0.7,"uniform",84,FALSE,FALSE,0.5,1,0.2,FALSE
925,"synthetic","LSVCMM",200,21,5,"binary",1,1,1,1,0,-1.5,0.7,"uniform",85,FALSE,FALSE,0.5,0,0.2,FALSE
926,"synthetic","LSVCMM",200,21,5,"binary",1,1,1,1,0,-1.5,0.7,"uniform",85,FALSE,FALSE,0.5,0.1,0.2,FALSE
927,"synthetic","LSVCMM",200,21,5,"binary",1,1,1,1,0,-1.5,0.7,"uniform",85,FALSE,FALSE,0.5,0.2,0.2,FALSE
928,"synthetic","LSVCMM",200,21,5,"binary",1,1,1,1,0,-1.5,0.7,"uniform",85,FALSE,FALSE,0.5,0.3,0.2,FALSE
929,"synthetic","LSVCMM",200,21,5,"binary",1,1,1,1,0,-1.5,0.7,"uniform",85,FALSE,FALSE,0.5,0.4,0.2,FALSE
930,"synthetic","LSVCMM",200,21,5,"binary",1,1,1,1,0,-1.5,0.7,"uniform",85,FALSE,FALSE,0.5,0.5,0.2,FALSE
931,"synthetic","LSVCMM",200,21,5,"binary",1,1,1,1,0,-1.5,0.7,"uniform",85,FALSE,FALSE,0.5,0.6,0.2,FALSE
932,"synthetic","LSVCMM",200,21,5,"binary",1,1,1,1,0,-1.5,0.7,"uniform",85,FALSE,FALSE,0.5,0.7,0.2,FALSE
933,"synthetic","LSVCMM",200,21,5,"binary",1,1,1,1,0,-1.5,0.7,"uniform",85,FALSE,FALSE,0.5,0.8,0.2,FALSE
934,"synthetic","LSVCMM",200,21,5,"binary",1,1,1,1,0,-1.5,0.7,"uniform",85,FALSE,FALSE,0.5,0.9,0.2,FALSE
935,"synthetic","LSVCMM",200,21,5,"binary",1,1,1,1,0,-1.5,0.7,"uniform",85,FALSE,FALSE,0.5,1,0.2,FALSE
936,"synthetic","LSVCMM",200,21,5,"binary",1,1,1,1,0,-1.5,0.7,"uniform",86,FALSE,FALSE,0.5,0,0.2,FALSE
937,"synthetic","LSVCMM",200,21,5,"binary",1,1,1,1,0,-1.5,0.7,"uniform",86,FALSE,FALSE,0.5,0.1,0.2,FALSE
938,"synthetic","LSVCMM",200,21,5,"binary",1,1,1,1,0,-1.5,0.7,"uniform",86,FALSE,FALSE,0.5,0.2,0.2,FALSE
939,"synthetic","LSVCMM",200,21,5,"binary",1,1,1,1,0,-1.5,0.7,"uniform",86,FALSE,FALSE,0.5,0.3,0.2,FALSE
940,"synthetic","LSVCMM",200,21,5,"binary",1,1,1,1,0,-1.5,0.7,"uniform",86,FALSE,FALSE,0.5,0.4,0.2,FALSE
941,"synthetic","LSVCMM",200,21,5,"binary",1,1,1,1,0,-1.5,0.7,"uniform",86,FALSE,FALSE,0.5,0.5,0.2,FALSE
942,"synthetic","LSVCMM",200,21,5,"binary",1,1,1,1,0,-1.5,0.7,"uniform",86,FALSE,FALSE,0.5,0.6,0.2,FALSE
943,"synthetic","LSVCMM",200,21,5,"binary",1,1,1,1,0,-1.5,0.7,"uniform",86,FALSE,FALSE,0.5,0.7,0.2,FALSE
944,"synthetic","LSVCMM",200,21,5,"binary",1,1,1,1,0,-1.5,0.7,"uniform",86,FALSE,FALSE,0.5,0.8,0.2,FALSE
945,"synthetic","LSVCMM",200,21,5,"binary",1,1,1,1,0,-1.5,0.7,"uniform",86,FALSE,FALSE,0.5,0.9,0.2,FALSE
946,"synthetic","LSVCMM",200,21,5,"binary",1,1,1,1,0,-1.5,0.7,"uniform",86,FALSE,FALSE,0.5,1,0.2,FALSE
947,"synthetic","LSVCMM",200,21,5,"binary",1,1,1,1,0,-1.5,0.7,"uniform",87,FALSE,FALSE,0.5,0,0.2,FALSE
948,"synthetic","LSVCMM",200,21,5,"binary",1,1,1,1,0,-1.5,0.7,"uniform",87,FALSE,FALSE,0.5,0.1,0.2,FALSE
949,"synthetic","LSVCMM",200,21,5,"binary",1,1,1,1,0,-1.5,0.7,"uniform",87,FALSE,FALSE,0.5,0.2,0.2,FALSE
950,"synthetic","LSVCMM",200,21,5,"binary",1,1,1,1,0,-1.5,0.7,"uniform",87,FALSE,FALSE,0.5,0.3,0.2,FALSE
951,"synthetic","LSVCMM",200,21,5,"binary",1,1,1,1,0,-1.5,0.7,"uniform",87,FALSE,FALSE,0.5,0.4,0.2,FALSE
952,"synthetic","LSVCMM",200,21,5,"binary",1,1,1,1,0,-1.5,0.7,"uniform",87,FALSE,FALSE,0.5,0.5,0.2,FALSE
953,"synthetic","LSVCMM",200,21,5,"binary",1,1,1,1,0,-1.5,0.7,"uniform",87,FALSE,FALSE,0.5,0.6,0.2,FALSE
954,"synthetic","LSVCMM",200,21,5,"binary",1,1,1,1,0,-1.5,0.7,"uniform",87,FALSE,FALSE,0.5,0.7,0.2,FALSE
955,"synthetic","LSVCMM",200,21,5,"binary",1,1,1,1,0,-1.5,0.7,"uniform",87,FALSE,FALSE,0.5,0.8,0.2,FALSE
956,"synthetic","LSVCMM",200,21,5,"binary",1,1,1,1,0,-1.5,0.7,"uniform",87,FALSE,FALSE,0.5,0.9,0.2,FALSE
957,"synthetic","LSVCMM",200,21,5,"binary",1,1,1,1,0,-1.5,0.7,"uniform",87,FALSE,FALSE,0.5,1,0.2,FALSE
958,"synthetic","LSVCMM",200,21,5,"binary",1,1,1,1,0,-1.5,0.7,"uniform",88,FALSE,FALSE,0.5,0,0.2,FALSE
959,"synthetic","LSVCMM",200,21,5,"binary",1,1,1,1,0,-1.5,0.7,"uniform",88,FALSE,FALSE,0.5,0.1,0.2,FALSE
960,"synthetic","LSVCMM",200,21,5,"binary",1,1,1,1,0,-1.5,0.7,"uniform",88,FALSE,FALSE,0.5,0.2,0.2,FALSE
961,"synthetic","LSVCMM",200,21,5,"binary",1,1,1,1,0,-1.5,0.7,"uniform",88,FALSE,FALSE,0.5,0.3,0.2,FALSE
962,"synthetic","LSVCMM",200,21,5,"binary",1,1,1,1,0,-1.5,0.7,"uniform",88,FALSE,FALSE,0.5,0.4,0.2,FALSE
963,"synthetic","LSVCMM",200,21,5,"binary",1,1,1,1,0,-1.5,0.7,"uniform",88,FALSE,FALSE,0.5,0.5,0.2,FALSE
964,"synthetic","LSVCMM",200,21,5,"binary",1,1,1,1,0,-1.5,0.7,"uniform",88,FALSE,FALSE,0.5,0.6,0.2,FALSE
965,"synthetic","LSVCMM",200,21,5,"binary",1,1,1,1,0,-1.5,0.7,"uniform",88,FALSE,FALSE,0.5,0.7,0.2,FALSE
966,"synthetic","LSVCMM",200,21,5,"binary",1,1,1,1,0,-1.5,0.7,"uniform",88,FALSE,FALSE,0.5,0.8,0.2,FALSE
967,"synthetic","LSVCMM",200,21,5,"binary",1,1,1,1,0,-1.5,0.7,"uniform",88,FALSE,FALSE,0.5,0.9,0.2,FALSE
968,"synthetic","LSVCMM",200,21,5,"binary",1,1,1,1,0,-1.5,0.7,"uniform",88,FALSE,FALSE,0.5,1,0.2,FALSE
969,"synthetic","LSVCMM",200,21,5,"binary",1,1,1,1,0,-1.5,0.7,"uniform",89,FALSE,FALSE,0.5,0,0.2,FALSE
970,"synthetic","LSVCMM",200,21,5,"binary",1,1,1,1,0,-1.5,0.7,"uniform",89,FALSE,FALSE,0.5,0.1,0.2,FALSE
971,"synthetic","LSVCMM",200,21,5,"binary",1,1,1,1,0,-1.5,0.7,"uniform",89,FALSE,FALSE,0.5,0.2,0.2,FALSE
972,"synthetic","LSVCMM",200,21,5,"binary",1,1,1,1,0,-1.5,0.7,"uniform",89,FALSE,FALSE,0.5,0.3,0.2,FALSE
973,"synthetic","LSVCMM",200,21,5,"binary",1,1,1,1,0,-1.5,0.7,"uniform",89,FALSE,FALSE,0.5,0.4,0.2,FALSE
974,"synthetic","LSVCMM",200,21,5,"binary",1,1,1,1,0,-1.5,0.7,"uniform",89,FALSE,FALSE,0.5,0.5,0.2,FALSE
975,"synthetic","LSVCMM",200,21,5,"binary",1,1,1,1,0,-1.5,0.7,"uniform",89,FALSE,FALSE,0.5,0.6,0.2,FALSE
976,"synthetic","LSVCMM",200,21,5,"binary",1,1,1,1,0,-1.5,0.7,"uniform",89,FALSE,FALSE,0.5,0.7,0.2,FALSE
977,"synthetic","LSVCMM",200,21,5,"binary",1,1,1,1,0,-1.5,0.7,"uniform",89,FALSE,FALSE,0.5,0.8,0.2,FALSE
978,"synthetic","LSVCMM",200,21,5,"binary",1,1,1,1,0,-1.5,0.7,"uniform",89,FALSE,FALSE,0.5,0.9,0.2,FALSE
979,"synthetic","LSVCMM",200,21,5,"binary",1,1,1,1,0,-1.5,0.7,"uniform",89,FALSE,FALSE,0.5,1,0.2,FALSE
980,"synthetic","LSVCMM",200,21,5,"binary",1,1,1,1,0,-1.5,0.7,"uniform",90,FALSE,FALSE,0.5,0,0.2,FALSE
981,"synthetic","LSVCMM",200,21,5,"binary",1,1,1,1,0,-1.5,0.7,"uniform",90,FALSE,FALSE,0.5,0.1,0.2,FALSE
982,"synthetic","LSVCMM",200,21,5,"binary",1,1,1,1,0,-1.5,0.7,"uniform",90,FALSE,FALSE,0.5,0.2,0.2,FALSE
983,"synthetic","LSVCMM",200,21,5,"binary",1,1,1,1,0,-1.5,0.7,"uniform",90,FALSE,FALSE,0.5,0.3,0.2,FALSE
984,"synthetic","LSVCMM",200,21,5,"binary",1,1,1,1,0,-1.5,0.7,"uniform",90,FALSE,FALSE,0.5,0.4,0.2,FALSE
985,"synthetic","LSVCMM",200,21,5,"binary",1,1,1,1,0,-1.5,0.7,"uniform",90,FALSE,FALSE,0.5,0.5,0.2,FALSE
986,"synthetic","LSVCMM",200,21,5,"binary",1,1,1,1,0,-1.5,0.7,"uniform",90,FALSE,FALSE,0.5,0.6,0.2,FALSE
987,"synthetic","LSVCMM",200,21,5,"binary",1,1,1,1,0,-1.5,0.7,"uniform",90,FALSE,FALSE,0.5,0.7,0.2,FALSE
988,"synthetic","LSVCMM",200,21,5,"binary",1,1,1,1,0,-1.5,0.7,"uniform",90,FALSE,FALSE,0.5,0.8,0.2,FALSE
989,"synthetic","LSVCMM",200,21,5,"binary",1,1,1,1,0,-1.5,0.7,"uniform",90,FALSE,FALSE,0.5,0.9,0.2,FALSE
990,"synthetic","LSVCMM",200,21,5,"binary",1,1,1,1,0,-1.5,0.7,"uniform",90,FALSE,FALSE,0.5,1,0.2,FALSE
991,"synthetic","LSVCMM",200,21,5,"binary",1,1,1,1,0,-1.5,0.7,"uniform",91,FALSE,FALSE,0.5,0,0.2,FALSE
992,"synthetic","LSVCMM",200,21,5,"binary",1,1,1,1,0,-1.5,0.7,"uniform",91,FALSE,FALSE,0.5,0.1,0.2,FALSE
993,"synthetic","LSVCMM",200,21,5,"binary",1,1,1,1,0,-1.5,0.7,"uniform",91,FALSE,FALSE,0.5,0.2,0.2,FALSE
994,"synthetic","LSVCMM",200,21,5,"binary",1,1,1,1,0,-1.5,0.7,"uniform",91,FALSE,FALSE,0.5,0.3,0.2,FALSE
995,"synthetic","LSVCMM",200,21,5,"binary",1,1,1,1,0,-1.5,0.7,"uniform",91,FALSE,FALSE,0.5,0.4,0.2,FALSE
996,"synthetic","LSVCMM",200,21,5,"binary",1,1,1,1,0,-1.5,0.7,"uniform",91,FALSE,FALSE,0.5,0.5,0.2,FALSE
997,"synthetic","LSVCMM",200,21,5,"binary",1,1,1,1,0,-1.5,0.7,"uniform",91,FALSE,FALSE,0.5,0.6,0.2,FALSE
998,"synthetic","LSVCMM",200,21,5,"binary",1,1,1,1,0,-1.5,0.7,"uniform",91,FALSE,FALSE,0.5,0.7,0.2,FALSE
999,"synthetic","LSVCMM",200,21,5,"binary",1,1,1,1,0,-1.5,0.7,"uniform",91,FALSE,FALSE,0.5,0.8,0.2,FALSE
1000,"synthetic","LSVCMM",200,21,5,"binary",1,1,1,1,0,-1.5,0.7,"uniform",91,FALSE,FALSE,0.5,0.9,0.2,FALSE
1001,"synthetic","LSVCMM",200,21,5,"binary",1,1,1,1,0,-1.5,0.7,"uniform",91,FALSE,FALSE,0.5,1,0.2,FALSE
1002,"synthetic","LSVCMM",200,21,5,"binary",1,1,1,1,0,-1.5,0.7,"uniform",92,FALSE,FALSE,0.5,0,0.2,FALSE
1003,"synthetic","LSVCMM",200,21,5,"binary",1,1,1,1,0,-1.5,0.7,"uniform",92,FALSE,FALSE,0.5,0.1,0.2,FALSE
1004,"synthetic","LSVCMM",200,21,5,"binary",1,1,1,1,0,-1.5,0.7,"uniform",92,FALSE,FALSE,0.5,0.2,0.2,FALSE
1005,"synthetic","LSVCMM",200,21,5,"binary",1,1,1,1,0,-1.5,0.7,"uniform",92,FALSE,FALSE,0.5,0.3,0.2,FALSE
1006,"synthetic","LSVCMM",200,21,5,"binary",1,1,1,1,0,-1.5,0.7,"uniform",92,FALSE,FALSE,0.5,0.4,0.2,FALSE
1007,"synthetic","LSVCMM",200,21,5,"binary",1,1,1,1,0,-1.5,0.7,"uniform",92,FALSE,FALSE,0.5,0.5,0.2,FALSE
1008,"synthetic","LSVCMM",200,21,5,"binary",1,1,1,1,0,-1.5,0.7,"uniform",92,FALSE,FALSE,0.5,0.6,0.2,FALSE
1009,"synthetic","LSVCMM",200,21,5,"binary",1,1,1,1,0,-1.5,0.7,"uniform",92,FALSE,FALSE,0.5,0.7,0.2,FALSE
1010,"synthetic","LSVCMM",200,21,5,"binary",1,1,1,1,0,-1.5,0.7,"uniform",92,FALSE,FALSE,0.5,0.8,0.2,FALSE
1011,"synthetic","LSVCMM",200,21,5,"binary",1,1,1,1,0,-1.5,0.7,"uniform",92,FALSE,FALSE,0.5,0.9,0.2,FALSE
1012,"synthetic","LSVCMM",200,21,5,"binary",1,1,1,1,0,-1.5,0.7,"uniform",92,FALSE,FALSE,0.5,1,0.2,FALSE
1013,"synthetic","LSVCMM",200,21,5,"binary",1,1,1,1,0,-1.5,0.7,"uniform",93,FALSE,FALSE,0.5,0,0.2,FALSE
1014,"synthetic","LSVCMM",200,21,5,"binary",1,1,1,1,0,-1.5,0.7,"uniform",93,FALSE,FALSE,0.5,0.1,0.2,FALSE
1015,"synthetic","LSVCMM",200,21,5,"binary",1,1,1,1,0,-1.5,0.7,"uniform",93,FALSE,FALSE,0.5,0.2,0.2,FALSE
1016,"synthetic","LSVCMM",200,21,5,"binary",1,1,1,1,0,-1.5,0.7,"uniform",93,FALSE,FALSE,0.5,0.3,0.2,FALSE
1017,"synthetic","LSVCMM",200,21,5,"binary",1,1,1,1,0,-1.5,0.7,"uniform",93,FALSE,FALSE,0.5,0.4,0.2,FALSE
1018,"synthetic","LSVCMM",200,21,5,"binary",1,1,1,1,0,-1.5,0.7,"uniform",93,FALSE,FALSE,0.5,0.5,0.2,FALSE
1019,"synthetic","LSVCMM",200,21,5,"binary",1,1,1,1,0,-1.5,0.7,"uniform",93,FALSE,FALSE,0.5,0.6,0.2,FALSE
1020,"synthetic","LSVCMM",200,21,5,"binary",1,1,1,1,0,-1.5,0.7,"uniform",93,FALSE,FALSE,0.5,0.7,0.2,FALSE
1021,"synthetic","LSVCMM",200,21,5,"binary",1,1,1,1,0,-1.5,0.7,"uniform",93,FALSE,FALSE,0.5,0.8,0.2,FALSE
1022,"synthetic","LSVCMM",200,21,5,"binary",1,1,1,1,0,-1.5,0.7,"uniform",93,FALSE,FALSE,0.5,0.9,0.2,FALSE
1023,"synthetic","LSVCMM",200,21,5,"binary",1,1,1,1,0,-1.5,0.7,"uniform",93,FALSE,FALSE,0.5,1,0.2,FALSE
1024,"synthetic","LSVCMM",200,21,5,"binary",1,1,1,1,0,-1.5,0.7,"uniform",94,FALSE,FALSE,0.5,0,0.2,FALSE
1025,"synthetic","LSVCMM",200,21,5,"binary",1,1,1,1,0,-1.5,0.7,"uniform",94,FALSE,FALSE,0.5,0.1,0.2,FALSE
1026,"synthetic","LSVCMM",200,21,5,"binary",1,1,1,1,0,-1.5,0.7,"uniform",94,FALSE,FALSE,0.5,0.2,0.2,FALSE
1027,"synthetic","LSVCMM",200,21,5,"binary",1,1,1,1,0,-1.5,0.7,"uniform",94,FALSE,FALSE,0.5,0.3,0.2,FALSE
1028,"synthetic","LSVCMM",200,21,5,"binary",1,1,1,1,0,-1.5,0.7,"uniform",94,FALSE,FALSE,0.5,0.4,0.2,FALSE
1029,"synthetic","LSVCMM",200,21,5,"binary",1,1,1,1,0,-1.5,0.7,"uniform",94,FALSE,FALSE,0.5,0.5,0.2,FALSE
1030,"synthetic","LSVCMM",200,21,5,"binary",1,1,1,1,0,-1.5,0.7,"uniform",94,FALSE,FALSE,0.5,0.6,0.2,FALSE
1031,"synthetic","LSVCMM",200,21,5,"binary",1,1,1,1,0,-1.5,0.7,"uniform",94,FALSE,FALSE,0.5,0.7,0.2,FALSE
1032,"synthetic","LSVCMM",200,21,5,"binary",1,1,1,1,0,-1.5,0.7,"uniform",94,FALSE,FALSE,0.5,0.8,0.2,FALSE
1033,"synthetic","LSVCMM",200,21,5,"binary",1,1,1,1,0,-1.5,0.7,"uniform",94,FALSE,FALSE,0.5,0.9,0.2,FALSE
1034,"synthetic","LSVCMM",200,21,5,"binary",1,1,1,1,0,-1.5,0.7,"uniform",94,FALSE,FALSE,0.5,1,0.2,FALSE
1035,"synthetic","LSVCMM",200,21,5,"binary",1,1,1,1,0,-1.5,0.7,"uniform",95,FALSE,FALSE,0.5,0,0.2,FALSE
1036,"synthetic","LSVCMM",200,21,5,"binary",1,1,1,1,0,-1.5,0.7,"uniform",95,FALSE,FALSE,0.5,0.1,0.2,FALSE
1037,"synthetic","LSVCMM",200,21,5,"binary",1,1,1,1,0,-1.5,0.7,"uniform",95,FALSE,FALSE,0.5,0.2,0.2,FALSE
1038,"synthetic","LSVCMM",200,21,5,"binary",1,1,1,1,0,-1.5,0.7,"uniform",95,FALSE,FALSE,0.5,0.3,0.2,FALSE
1039,"synthetic","LSVCMM",200,21,5,"binary",1,1,1,1,0,-1.5,0.7,"uniform",95,FALSE,FALSE,0.5,0.4,0.2,FALSE
1040,"synthetic","LSVCMM",200,21,5,"binary",1,1,1,1,0,-1.5,0.7,"uniform",95,FALSE,FALSE,0.5,0.5,0.2,FALSE
1041,"synthetic","LSVCMM",200,21,5,"binary",1,1,1,1,0,-1.5,0.7,"uniform",95,FALSE,FALSE,0.5,0.6,0.2,FALSE
1042,"synthetic","LSVCMM",200,21,5,"binary",1,1,1,1,0,-1.5,0.7,"uniform",95,FALSE,FALSE,0.5,0.7,0.2,FALSE
1043,"synthetic","LSVCMM",200,21,5,"binary",1,1,1,1,0,-1.5,0.7,"uniform",95,FALSE,FALSE,0.5,0.8,0.2,FALSE
1044,"synthetic","LSVCMM",200,21,5,"binary",1,1,1,1,0,-1.5,0.7,"uniform",95,FALSE,FALSE,0.5,0.9,0.2,FALSE
1045,"synthetic","LSVCMM",200,21,5,"binary",1,1,1,1,0,-1.5,0.7,"uniform",95,FALSE,FALSE,0.5,1,0.2,FALSE
1046,"synthetic","LSVCMM",200,21,5,"binary",1,1,1,1,0,-1.5,0.7,"uniform",96,FALSE,FALSE,0.5,0,0.2,FALSE
1047,"synthetic","LSVCMM",200,21,5,"binary",1,1,1,1,0,-1.5,0.7,"uniform",96,FALSE,FALSE,0.5,0.1,0.2,FALSE
1048,"synthetic","LSVCMM",200,21,5,"binary",1,1,1,1,0,-1.5,0.7,"uniform",96,FALSE,FALSE,0.5,0.2,0.2,FALSE
1049,"synthetic","LSVCMM",200,21,5,"binary",1,1,1,1,0,-1.5,0.7,"uniform",96,FALSE,FALSE,0.5,0.3,0.2,FALSE
1050,"synthetic","LSVCMM",200,21,5,"binary",1,1,1,1,0,-1.5,0.7,"uniform",96,FALSE,FALSE,0.5,0.4,0.2,FALSE
1051,"synthetic","LSVCMM",200,21,5,"binary",1,1,1,1,0,-1.5,0.7,"uniform",96,FALSE,FALSE,0.5,0.5,0.2,FALSE
1052,"synthetic","LSVCMM",200,21,5,"binary",1,1,1,1,0,-1.5,0.7,"uniform",96,FALSE,FALSE,0.5,0.6,0.2,FALSE
1053,"synthetic","LSVCMM",200,21,5,"binary",1,1,1,1,0,-1.5,0.7,"uniform",96,FALSE,FALSE,0.5,0.7,0.2,FALSE
1054,"synthetic","LSVCMM",200,21,5,"binary",1,1,1,1,0,-1.5,0.7,"uniform",96,FALSE,FALSE,0.5,0.8,0.2,FALSE
1055,"synthetic","LSVCMM",200,21,5,"binary",1,1,1,1,0,-1.5,0.7,"uniform",96,FALSE,FALSE,0.5,0.9,0.2,FALSE
1056,"synthetic","LSVCMM",200,21,5,"binary",1,1,1,1,0,-1.5,0.7,"uniform",96,FALSE,FALSE,0.5,1,0.2,FALSE
1057,"synthetic","LSVCMM",200,21,5,"binary",1,1,1,1,0,-1.5,0.7,"uniform",97,FALSE,FALSE,0.5,0,0.2,FALSE
1058,"synthetic","LSVCMM",200,21,5,"binary",1,1,1,1,0,-1.5,0.7,"uniform",97,FALSE,FALSE,0.5,0.1,0.2,FALSE
1059,"synthetic","LSVCMM",200,21,5,"binary",1,1,1,1,0,-1.5,0.7,"uniform",97,FALSE,FALSE,0.5,0.2,0.2,FALSE
1060,"synthetic","LSVCMM",200,21,5,"binary",1,1,1,1,0,-1.5,0.7,"uniform",97,FALSE,FALSE,0.5,0.3,0.2,FALSE
1061,"synthetic","LSVCMM",200,21,5,"binary",1,1,1,1,0,-1.5,0.7,"uniform",97,FALSE,FALSE,0.5,0.4,0.2,FALSE
1062,"synthetic","LSVCMM",200,21,5,"binary",1,1,1,1,0,-1.5,0.7,"uniform",97,FALSE,FALSE,0.5,0.5,0.2,FALSE
1063,"synthetic","LSVCMM",200,21,5,"binary",1,1,1,1,0,-1.5,0.7,"uniform",97,FALSE,FALSE,0.5,0.6,0.2,FALSE
1064,"synthetic","LSVCMM",200,21,5,"binary",1,1,1,1,0,-1.5,0.7,"uniform",97,FALSE,FALSE,0.5,0.7,0.2,FALSE
1065,"synthetic","LSVCMM",200,21,5,"binary",1,1,1,1,0,-1.5,0.7,"uniform",97,FALSE,FALSE,0.5,0.8,0.2,FALSE
1066,"synthetic","LSVCMM",200,21,5,"binary",1,1,1,1,0,-1.5,0.7,"uniform",97,FALSE,FALSE,0.5,0.9,0.2,FALSE
1067,"synthetic","LSVCMM",200,21,5,"binary",1,1,1,1,0,-1.5,0.7,"uniform",97,FALSE,FALSE,0.5,1,0.2,FALSE
1068,"synthetic","LSVCMM",200,21,5,"binary",1,1,1,1,0,-1.5,0.7,"uniform",98,FALSE,FALSE,0.5,0,0.2,FALSE
1069,"synthetic","LSVCMM",200,21,5,"binary",1,1,1,1,0,-1.5,0.7,"uniform",98,FALSE,FALSE,0.5,0.1,0.2,FALSE
1070,"synthetic","LSVCMM",200,21,5,"binary",1,1,1,1,0,-1.5,0.7,"uniform",98,FALSE,FALSE,0.5,0.2,0.2,FALSE
1071,"synthetic","LSVCMM",200,21,5,"binary",1,1,1,1,0,-1.5,0.7,"uniform",98,FALSE,FALSE,0.5,0.3,0.2,FALSE
1072,"synthetic","LSVCMM",200,21,5,"binary",1,1,1,1,0,-1.5,0.7,"uniform",98,FALSE,FALSE,0.5,0.4,0.2,FALSE
1073,"synthetic","LSVCMM",200,21,5,"binary",1,1,1,1,0,-1.5,0.7,"uniform",98,FALSE,FALSE,0.5,0.5,0.2,FALSE
1074,"synthetic","LSVCMM",200,21,5,"binary",1,1,1,1,0,-1.5,0.7,"uniform",98,FALSE,FALSE,0.5,0.6,0.2,FALSE
1075,"synthetic","LSVCMM",200,21,5,"binary",1,1,1,1,0,-1.5,0.7,"uniform",98,FALSE,FALSE,0.5,0.7,0.2,FALSE
1076,"synthetic","LSVCMM",200,21,5,"binary",1,1,1,1,0,-1.5,0.7,"uniform",98,FALSE,FALSE,0.5,0.8,0.2,FALSE
1077,"synthetic","LSVCMM",200,21,5,"binary",1,1,1,1,0,-1.5,0.7,"uniform",98,FALSE,FALSE,0.5,0.9,0.2,FALSE
1078,"synthetic","LSVCMM",200,21,5,"binary",1,1,1,1,0,-1.5,0.7,"uniform",98,FALSE,FALSE,0.5,1,0.2,FALSE
1079,"synthetic","LSVCMM",200,21,5,"binary",1,1,1,1,0,-1.5,0.7,"uniform",99,FALSE,FALSE,0.5,0,0.2,FALSE
1080,"synthetic","LSVCMM",200,21,5,"binary",1,1,1,1,0,-1.5,0.7,"uniform",99,FALSE,FALSE,0.5,0.1,0.2,FALSE
1081,"synthetic","LSVCMM",200,21,5,"binary",1,1,1,1,0,-1.5,0.7,"uniform",99,FALSE,FALSE,0.5,0.2,0.2,FALSE
1082,"synthetic","LSVCMM",200,21,5,"binary",1,1,1,1,0,-1.5,0.7,"uniform",99,FALSE,FALSE,0.5,0.3,0.2,FALSE
1083,"synthetic","LSVCMM",200,21,5,"binary",1,1,1,1,0,-1.5,0.7,"uniform",99,FALSE,FALSE,0.5,0.4,0.2,FALSE
1084,"synthetic","LSVCMM",200,21,5,"binary",1,1,1,1,0,-1.5,0.7,"uniform",99,FALSE,FALSE,0.5,0.5,0.2,FALSE
1085,"synthetic","LSVCMM",200,21,5,"binary",1,1,1,1,0,-1.5,0.7,"uniform",99,FALSE,FALSE,0.5,0.6,0.2,FALSE
1086,"synthetic","LSVCMM",200,21,5,"binary",1,1,1,1,0,-1.5,0.7,"uniform",99,FALSE,FALSE,0.5,0.7,0.2,FALSE
1087,"synthetic","LSVCMM",200,21,5,"binary",1,1,1,1,0,-1.5,0.7,"uniform",99,FALSE,FALSE,0.5,0.8,0.2,FALSE
1088,"synthetic","LSVCMM",200,21,5,"binary",1,1,1,1,0,-1.5,0.7,"uniform",99,FALSE,FALSE,0.5,0.9,0.2,FALSE
1089,"synthetic","LSVCMM",200,21,5,"binary",1,1,1,1,0,-1.5,0.7,"uniform",99,FALSE,FALSE,0.5,1,0.2,FALSE
1090,"synthetic","LSVCMM",200,21,5,"binary",1,1,1,1,0,-1.5,0.7,"uniform",100,FALSE,FALSE,0.5,0,0.2,FALSE
1091,"synthetic","LSVCMM",200,21,5,"binary",1,1,1,1,0,-1.5,0.7,"uniform",100,FALSE,FALSE,0.5,0.1,0.2,FALSE
1092,"synthetic","LSVCMM",200,21,5,"binary",1,1,1,1,0,-1.5,0.7,"uniform",100,FALSE,FALSE,0.5,0.2,0.2,FALSE
1093,"synthetic","LSVCMM",200,21,5,"binary",1,1,1,1,0,-1.5,0.7,"uniform",100,FALSE,FALSE,0.5,0.3,0.2,FALSE
1094,"synthetic","LSVCMM",200,21,5,"binary",1,1,1,1,0,-1.5,0.7,"uniform",100,FALSE,FALSE,0.5,0.4,0.2,FALSE
1095,"synthetic","LSVCMM",200,21,5,"binary",1,1,1,1,0,-1.5,0.7,"uniform",100,FALSE,FALSE,0.5,0.5,0.2,FALSE
1096,"synthetic","LSVCMM",200,21,5,"binary",1,1,1,1,0,-1.5,0.7,"uniform",100,FALSE,FALSE,0.5,0.6,0.2,FALSE
1097,"synthetic","LSVCMM",200,21,5,"binary",1,1,1,1,0,-1.5,0.7,"uniform",100,FALSE,FALSE,0.5,0.7,0.2,FALSE
1098,"synthetic","LSVCMM",200,21,5,"binary",1,1,1,1,0,-1.5,0.7,"uniform",100,FALSE,FALSE,0.5,0.8,0.2,FALSE
1099,"synthetic","LSVCMM",200,21,5,"binary",1,1,1,1,0,-1.5,0.7,"uniform",100,FALSE,FALSE,0.5,0.9,0.2,FALSE
1100,"synthetic","LSVCMM",200,21,5,"binary",1,1,1,1,0,-1.5,0.7,"uniform",100,FALSE,FALSE,0.5,1,0.2,FALSE
1101,"synthetic","LSVCMM",200,21,5,"binary",1,1,1,1,0,0.8,0.7,"uniform",1,FALSE,FALSE,0.5,0,0.2,FALSE
1102,"synthetic","LSVCMM",200,21,5,"binary",1,1,1,1,0,0.8,0.7,"uniform",1,FALSE,FALSE,0.5,0.1,0.2,FALSE
1103,"synthetic","LSVCMM",200,21,5,"binary",1,1,1,1,0,0.8,0.7,"uniform",1,FALSE,FALSE,0.5,0.2,0.2,FALSE
1104,"synthetic","LSVCMM",200,21,5,"binary",1,1,1,1,0,0.8,0.7,"uniform",1,FALSE,FALSE,0.5,0.3,0.2,FALSE
1105,"synthetic","LSVCMM",200,21,5,"binary",1,1,1,1,0,0.8,0.7,"uniform",1,FALSE,FALSE,0.5,0.4,0.2,FALSE
1106,"synthetic","LSVCMM",200,21,5,"binary",1,1,1,1,0,0.8,0.7,"uniform",1,FALSE,FALSE,0.5,0.5,0.2,FALSE
1107,"synthetic","LSVCMM",200,21,5,"binary",1,1,1,1,0,0.8,0.7,"uniform",1,FALSE,FALSE,0.5,0.6,0.2,FALSE
1108,"synthetic","LSVCMM",200,21,5,"binary",1,1,1,1,0,0.8,0.7,"uniform",1,FALSE,FALSE,0.5,0.7,0.2,FALSE
1109,"synthetic","LSVCMM",200,21,5,"binary",1,1,1,1,0,0.8,0.7,"uniform",1,FALSE,FALSE,0.5,0.8,0.2,FALSE
1110,"synthetic","LSVCMM",200,21,5,"binary",1,1,1,1,0,0.8,0.7,"uniform",1,FALSE,FALSE,0.5,0.9,0.2,FALSE
1111,"synthetic","LSVCMM",200,21,5,"binary",1,1,1,1,0,0.8,0.7,"uniform",1,FALSE,FALSE,0.5,1,0.2,FALSE
1112,"synthetic","LSVCMM",200,21,5,"binary",1,1,1,1,0,0.8,0.7,"uniform",2,FALSE,FALSE,0.5,0,0.2,FALSE
1113,"synthetic","LSVCMM",200,21,5,"binary",1,1,1,1,0,0.8,0.7,"uniform",2,FALSE,FALSE,0.5,0.1,0.2,FALSE
1114,"synthetic","LSVCMM",200,21,5,"binary",1,1,1,1,0,0.8,0.7,"uniform",2,FALSE,FALSE,0.5,0.2,0.2,FALSE
1115,"synthetic","LSVCMM",200,21,5,"binary",1,1,1,1,0,0.8,0.7,"uniform",2,FALSE,FALSE,0.5,0.3,0.2,FALSE
1116,"synthetic","LSVCMM",200,21,5,"binary",1,1,1,1,0,0.8,0.7,"uniform",2,FALSE,FALSE,0.5,0.4,0.2,FALSE
1117,"synthetic","LSVCMM",200,21,5,"binary",1,1,1,1,0,0.8,0.7,"uniform",2,FALSE,FALSE,0.5,0.5,0.2,FALSE
1118,"synthetic","LSVCMM",200,21,5,"binary",1,1,1,1,0,0.8,0.7,"uniform",2,FALSE,FALSE,0.5,0.6,0.2,FALSE
1119,"synthetic","LSVCMM",200,21,5,"binary",1,1,1,1,0,0.8,0.7,"uniform",2,FALSE,FALSE,0.5,0.7,0.2,FALSE
1120,"synthetic","LSVCMM",200,21,5,"binary",1,1,1,1,0,0.8,0.7,"uniform",2,FALSE,FALSE,0.5,0.8,0.2,FALSE
1121,"synthetic","LSVCMM",200,21,5,"binary",1,1,1,1,0,0.8,0.7,"uniform",2,FALSE,FALSE,0.5,0.9,0.2,FALSE
1122,"synthetic","LSVCMM",200,21,5,"binary",1,1,1,1,0,0.8,0.7,"uniform",2,FALSE,FALSE,0.5,1,0.2,FALSE
1123,"synthetic","LSVCMM",200,21,5,"binary",1,1,1,1,0,0.8,0.7,"uniform",3,FALSE,FALSE,0.5,0,0.2,FALSE
1124,"synthetic","LSVCMM",200,21,5,"binary",1,1,1,1,0,0.8,0.7,"uniform",3,FALSE,FALSE,0.5,0.1,0.2,FALSE
1125,"synthetic","LSVCMM",200,21,5,"binary",1,1,1,1,0,0.8,0.7,"uniform",3,FALSE,FALSE,0.5,0.2,0.2,FALSE
1126,"synthetic","LSVCMM",200,21,5,"binary",1,1,1,1,0,0.8,0.7,"uniform",3,FALSE,FALSE,0.5,0.3,0.2,FALSE
1127,"synthetic","LSVCMM",200,21,5,"binary",1,1,1,1,0,0.8,0.7,"uniform",3,FALSE,FALSE,0.5,0.4,0.2,FALSE
1128,"synthetic","LSVCMM",200,21,5,"binary",1,1,1,1,0,0.8,0.7,"uniform",3,FALSE,FALSE,0.5,0.5,0.2,FALSE
1129,"synthetic","LSVCMM",200,21,5,"binary",1,1,1,1,0,0.8,0.7,"uniform",3,FALSE,FALSE,0.5,0.6,0.2,FALSE
1130,"synthetic","LSVCMM",200,21,5,"binary",1,1,1,1,0,0.8,0.7,"uniform",3,FALSE,FALSE,0.5,0.7,0.2,FALSE
1131,"synthetic","LSVCMM",200,21,5,"binary",1,1,1,1,0,0.8,0.7,"uniform",3,FALSE,FALSE,0.5,0.8,0.2,FALSE
1132,"synthetic","LSVCMM",200,21,5,"binary",1,1,1,1,0,0.8,0.7,"uniform",3,FALSE,FALSE,0.5,0.9,0.2,FALSE
1133,"synthetic","LSVCMM",200,21,5,"binary",1,1,1,1,0,0.8,0.7,"uniform",3,FALSE,FALSE,0.5,1,0.2,FALSE
1134,"synthetic","LSVCMM",200,21,5,"binary",1,1,1,1,0,0.8,0.7,"uniform",4,FALSE,FALSE,0.5,0,0.2,FALSE
1135,"synthetic","LSVCMM",200,21,5,"binary",1,1,1,1,0,0.8,0.7,"uniform",4,FALSE,FALSE,0.5,0.1,0.2,FALSE
1136,"synthetic","LSVCMM",200,21,5,"binary",1,1,1,1,0,0.8,0.7,"uniform",4,FALSE,FALSE,0.5,0.2,0.2,FALSE
1137,"synthetic","LSVCMM",200,21,5,"binary",1,1,1,1,0,0.8,0.7,"uniform",4,FALSE,FALSE,0.5,0.3,0.2,FALSE
1138,"synthetic","LSVCMM",200,21,5,"binary",1,1,1,1,0,0.8,0.7,"uniform",4,FALSE,FALSE,0.5,0.4,0.2,FALSE
1139,"synthetic","LSVCMM",200,21,5,"binary",1,1,1,1,0,0.8,0.7,"uniform",4,FALSE,FALSE,0.5,0.5,0.2,FALSE
1140,"synthetic","LSVCMM",200,21,5,"binary",1,1,1,1,0,0.8,0.7,"uniform",4,FALSE,FALSE,0.5,0.6,0.2,FALSE
1141,"synthetic","LSVCMM",200,21,5,"binary",1,1,1,1,0,0.8,0.7,"uniform",4,FALSE,FALSE,0.5,0.7,0.2,FALSE
1142,"synthetic","LSVCMM",200,21,5,"binary",1,1,1,1,0,0.8,0.7,"uniform",4,FALSE,FALSE,0.5,0.8,0.2,FALSE
1143,"synthetic","LSVCMM",200,21,5,"binary",1,1,1,1,0,0.8,0.7,"uniform",4,FALSE,FALSE,0.5,0.9,0.2,FALSE
1144,"synthetic","LSVCMM",200,21,5,"binary",1,1,1,1,0,0.8,0.7,"uniform",4,FALSE,FALSE,0.5,1,0.2,FALSE
1145,"synthetic","LSVCMM",200,21,5,"binary",1,1,1,1,0,0.8,0.7,"uniform",5,FALSE,FALSE,0.5,0,0.2,FALSE
1146,"synthetic","LSVCMM",200,21,5,"binary",1,1,1,1,0,0.8,0.7,"uniform",5,FALSE,FALSE,0.5,0.1,0.2,FALSE
1147,"synthetic","LSVCMM",200,21,5,"binary",1,1,1,1,0,0.8,0.7,"uniform",5,FALSE,FALSE,0.5,0.2,0.2,FALSE
1148,"synthetic","LSVCMM",200,21,5,"binary",1,1,1,1,0,0.8,0.7,"uniform",5,FALSE,FALSE,0.5,0.3,0.2,FALSE
1149,"synthetic","LSVCMM",200,21,5,"binary",1,1,1,1,0,0.8,0.7,"uniform",5,FALSE,FALSE,0.5,0.4,0.2,FALSE
1150,"synthetic","LSVCMM",200,21,5,"binary",1,1,1,1,0,0.8,0.7,"uniform",5,FALSE,FALSE,0.5,0.5,0.2,FALSE
1151,"synthetic","LSVCMM",200,21,5,"binary",1,1,1,1,0,0.8,0.7,"uniform",5,FALSE,FALSE,0.5,0.6,0.2,FALSE
1152,"synthetic","LSVCMM",200,21,5,"binary",1,1,1,1,0,0.8,0.7,"uniform",5,FALSE,FALSE,0.5,0.7,0.2,FALSE
1153,"synthetic","LSVCMM",200,21,5,"binary",1,1,1,1,0,0.8,0.7,"uniform",5,FALSE,FALSE,0.5,0.8,0.2,FALSE
1154,"synthetic","LSVCMM",200,21,5,"binary",1,1,1,1,0,0.8,0.7,"uniform",5,FALSE,FALSE,0.5,0.9,0.2,FALSE
1155,"synthetic","LSVCMM",200,21,5,"binary",1,1,1,1,0,0.8,0.7,"uniform",5,FALSE,FALSE,0.5,1,0.2,FALSE
1156,"synthetic","LSVCMM",200,21,5,"binary",1,1,1,1,0,0.8,0.7,"uniform",6,FALSE,FALSE,0.5,0,0.2,FALSE
1157,"synthetic","LSVCMM",200,21,5,"binary",1,1,1,1,0,0.8,0.7,"uniform",6,FALSE,FALSE,0.5,0.1,0.2,FALSE
1158,"synthetic","LSVCMM",200,21,5,"binary",1,1,1,1,0,0.8,0.7,"uniform",6,FALSE,FALSE,0.5,0.2,0.2,FALSE
1159,"synthetic","LSVCMM",200,21,5,"binary",1,1,1,1,0,0.8,0.7,"uniform",6,FALSE,FALSE,0.5,0.3,0.2,FALSE
1160,"synthetic","LSVCMM",200,21,5,"binary",1,1,1,1,0,0.8,0.7,"uniform",6,FALSE,FALSE,0.5,0.4,0.2,FALSE
1161,"synthetic","LSVCMM",200,21,5,"binary",1,1,1,1,0,0.8,0.7,"uniform",6,FALSE,FALSE,0.5,0.5,0.2,FALSE
1162,"synthetic","LSVCMM",200,21,5,"binary",1,1,1,1,0,0.8,0.7,"uniform",6,FALSE,FALSE,0.5,0.6,0.2,FALSE
1163,"synthetic","LSVCMM",200,21,5,"binary",1,1,1,1,0,0.8,0.7,"uniform",6,FALSE,FALSE,0.5,0.7,0.2,FALSE
1164,"synthetic","LSVCMM",200,21,5,"binary",1,1,1,1,0,0.8,0.7,"uniform",6,FALSE,FALSE,0.5,0.8,0.2,FALSE
1165,"synthetic","LSVCMM",200,21,5,"binary",1,1,1,1,0,0.8,0.7,"uniform",6,FALSE,FALSE,0.5,0.9,0.2,FALSE
1166,"synthetic","LSVCMM",200,21,5,"binary",1,1,1,1,0,0.8,0.7,"uniform",6,FALSE,FALSE,0.5,1,0.2,FALSE
1167,"synthetic","LSVCMM",200,21,5,"binary",1,1,1,1,0,0.8,0.7,"uniform",7,FALSE,FALSE,0.5,0,0.2,FALSE
1168,"synthetic","LSVCMM",200,21,5,"binary",1,1,1,1,0,0.8,0.7,"uniform",7,FALSE,FALSE,0.5,0.1,0.2,FALSE
1169,"synthetic","LSVCMM",200,21,5,"binary",1,1,1,1,0,0.8,0.7,"uniform",7,FALSE,FALSE,0.5,0.2,0.2,FALSE
1170,"synthetic","LSVCMM",200,21,5,"binary",1,1,1,1,0,0.8,0.7,"uniform",7,FALSE,FALSE,0.5,0.3,0.2,FALSE
1171,"synthetic","LSVCMM",200,21,5,"binary",1,1,1,1,0,0.8,0.7,"uniform",7,FALSE,FALSE,0.5,0.4,0.2,FALSE
1172,"synthetic","LSVCMM",200,21,5,"binary",1,1,1,1,0,0.8,0.7,"uniform",7,FALSE,FALSE,0.5,0.5,0.2,FALSE
1173,"synthetic","LSVCMM",200,21,5,"binary",1,1,1,1,0,0.8,0.7,"uniform",7,FALSE,FALSE,0.5,0.6,0.2,FALSE
1174,"synthetic","LSVCMM",200,21,5,"binary",1,1,1,1,0,0.8,0.7,"uniform",7,FALSE,FALSE,0.5,0.7,0.2,FALSE
1175,"synthetic","LSVCMM",200,21,5,"binary",1,1,1,1,0,0.8,0.7,"uniform",7,FALSE,FALSE,0.5,0.8,0.2,FALSE
1176,"synthetic","LSVCMM",200,21,5,"binary",1,1,1,1,0,0.8,0.7,"uniform",7,FALSE,FALSE,0.5,0.9,0.2,FALSE
1177,"synthetic","LSVCMM",200,21,5,"binary",1,1,1,1,0,0.8,0.7,"uniform",7,FALSE,FALSE,0.5,1,0.2,FALSE
1178,"synthetic","LSVCMM",200,21,5,"binary",1,1,1,1,0,0.8,0.7,"uniform",8,FALSE,FALSE,0.5,0,0.2,FALSE
1179,"synthetic","LSVCMM",200,21,5,"binary",1,1,1,1,0,0.8,0.7,"uniform",8,FALSE,FALSE,0.5,0.1,0.2,FALSE
1180,"synthetic","LSVCMM",200,21,5,"binary",1,1,1,1,0,0.8,0.7,"uniform",8,FALSE,FALSE,0.5,0.2,0.2,FALSE
1181,"synthetic","LSVCMM",200,21,5,"binary",1,1,1,1,0,0.8,0.7,"uniform",8,FALSE,FALSE,0.5,0.3,0.2,FALSE
1182,"synthetic","LSVCMM",200,21,5,"binary",1,1,1,1,0,0.8,0.7,"uniform",8,FALSE,FALSE,0.5,0.4,0.2,FALSE
1183,"synthetic","LSVCMM",200,21,5,"binary",1,1,1,1,0,0.8,0.7,"uniform",8,FALSE,FALSE,0.5,0.5,0.2,FALSE
1184,"synthetic","LSVCMM",200,21,5,"binary",1,1,1,1,0,0.8,0.7,"uniform",8,FALSE,FALSE,0.5,0.6,0.2,FALSE
1185,"synthetic","LSVCMM",200,21,5,"binary",1,1,1,1,0,0.8,0.7,"uniform",8,FALSE,FALSE,0.5,0.7,0.2,FALSE
1186,"synthetic","LSVCMM",200,21,5,"binary",1,1,1,1,0,0.8,0.7,"uniform",8,FALSE,FALSE,0.5,0.8,0.2,FALSE
1187,"synthetic","LSVCMM",200,21,5,"binary",1,1,1,1,0,0.8,0.7,"uniform",8,FALSE,FALSE,0.5,0.9,0.2,FALSE
1188,"synthetic","LSVCMM",200,21,5,"binary",1,1,1,1,0,0.8,0.7,"uniform",8,FALSE,FALSE,0.5,1,0.2,FALSE
1189,"synthetic","LSVCMM",200,21,5,"binary",1,1,1,1,0,0.8,0.7,"uniform",9,FALSE,FALSE,0.5,0,0.2,FALSE
1190,"synthetic","LSVCMM",200,21,5,"binary",1,1,1,1,0,0.8,0.7,"uniform",9,FALSE,FALSE,0.5,0.1,0.2,FALSE
1191,"synthetic","LSVCMM",200,21,5,"binary",1,1,1,1,0,0.8,0.7,"uniform",9,FALSE,FALSE,0.5,0.2,0.2,FALSE
1192,"synthetic","LSVCMM",200,21,5,"binary",1,1,1,1,0,0.8,0.7,"uniform",9,FALSE,FALSE,0.5,0.3,0.2,FALSE
1193,"synthetic","LSVCMM",200,21,5,"binary",1,1,1,1,0,0.8,0.7,"uniform",9,FALSE,FALSE,0.5,0.4,0.2,FALSE
1194,"synthetic","LSVCMM",200,21,5,"binary",1,1,1,1,0,0.8,0.7,"uniform",9,FALSE,FALSE,0.5,0.5,0.2,FALSE
1195,"synthetic","LSVCMM",200,21,5,"binary",1,1,1,1,0,0.8,0.7,"uniform",9,FALSE,FALSE,0.5,0.6,0.2,FALSE
1196,"synthetic","LSVCMM",200,21,5,"binary",1,1,1,1,0,0.8,0.7,"uniform",9,FALSE,FALSE,0.5,0.7,0.2,FALSE
1197,"synthetic","LSVCMM",200,21,5,"binary",1,1,1,1,0,0.8,0.7,"uniform",9,FALSE,FALSE,0.5,0.8,0.2,FALSE
1198,"synthetic","LSVCMM",200,21,5,"binary",1,1,1,1,0,0.8,0.7,"uniform",9,FALSE,FALSE,0.5,0.9,0.2,FALSE
1199,"synthetic","LSVCMM",200,21,5,"binary",1,1,1,1,0,0.8,0.7,"uniform",9,FALSE,FALSE,0.5,1,0.2,FALSE
1200,"synthetic","LSVCMM",200,21,5,"binary",1,1,1,1,0,0.8,0.7,"uniform",10,FALSE,FALSE,0.5,0,0.2,FALSE
1201,"synthetic","LSVCMM",200,21,5,"binary",1,1,1,1,0,0.8,0.7,"uniform",10,FALSE,FALSE,0.5,0.1,0.2,FALSE
1202,"synthetic","LSVCMM",200,21,5,"binary",1,1,1,1,0,0.8,0.7,"uniform",10,FALSE,FALSE,0.5,0.2,0.2,FALSE
1203,"synthetic","LSVCMM",200,21,5,"binary",1,1,1,1,0,0.8,0.7,"uniform",10,FALSE,FALSE,0.5,0.3,0.2,FALSE
1204,"synthetic","LSVCMM",200,21,5,"binary",1,1,1,1,0,0.8,0.7,"uniform",10,FALSE,FALSE,0.5,0.4,0.2,FALSE
1205,"synthetic","LSVCMM",200,21,5,"binary",1,1,1,1,0,0.8,0.7,"uniform",10,FALSE,FALSE,0.5,0.5,0.2,FALSE
1206,"synthetic","LSVCMM",200,21,5,"binary",1,1,1,1,0,0.8,0.7,"uniform",10,FALSE,FALSE,0.5,0.6,0.2,FALSE
1207,"synthetic","LSVCMM",200,21,5,"binary",1,1,1,1,0,0.8,0.7,"uniform",10,FALSE,FALSE,0.5,0.7,0.2,FALSE
1208,"synthetic","LSVCMM",200,21,5,"binary",1,1,1,1,0,0.8,0.7,"uniform",10,FALSE,FALSE,0.5,0.8,0.2,FALSE
1209,"synthetic","LSVCMM",200,21,5,"binary",1,1,1,1,0,0.8,0.7,"uniform",10,FALSE,FALSE,0.5,0.9,0.2,FALSE
1210,"synthetic","LSVCMM",200,21,5,"binary",1,1,1,1,0,0.8,0.7,"uniform",10,FALSE,FALSE,0.5,1,0.2,FALSE
1211,"synthetic","LSVCMM",200,21,5,"binary",1,1,1,1,0,0.8,0.7,"uniform",11,FALSE,FALSE,0.5,0,0.2,FALSE
1212,"synthetic","LSVCMM",200,21,5,"binary",1,1,1,1,0,0.8,0.7,"uniform",11,FALSE,FALSE,0.5,0.1,0.2,FALSE
1213,"synthetic","LSVCMM",200,21,5,"binary",1,1,1,1,0,0.8,0.7,"uniform",11,FALSE,FALSE,0.5,0.2,0.2,FALSE
1214,"synthetic","LSVCMM",200,21,5,"binary",1,1,1,1,0,0.8,0.7,"uniform",11,FALSE,FALSE,0.5,0.3,0.2,FALSE
1215,"synthetic","LSVCMM",200,21,5,"binary",1,1,1,1,0,0.8,0.7,"uniform",11,FALSE,FALSE,0.5,0.4,0.2,FALSE
1216,"synthetic","LSVCMM",200,21,5,"binary",1,1,1,1,0,0.8,0.7,"uniform",11,FALSE,FALSE,0.5,0.5,0.2,FALSE
1217,"synthetic","LSVCMM",200,21,5,"binary",1,1,1,1,0,0.8,0.7,"uniform",11,FALSE,FALSE,0.5,0.6,0.2,FALSE
1218,"synthetic","LSVCMM",200,21,5,"binary",1,1,1,1,0,0.8,0.7,"uniform",11,FALSE,FALSE,0.5,0.7,0.2,FALSE
1219,"synthetic","LSVCMM",200,21,5,"binary",1,1,1,1,0,0.8,0.7,"uniform",11,FALSE,FALSE,0.5,0.8,0.2,FALSE
1220,"synthetic","LSVCMM",200,21,5,"binary",1,1,1,1,0,0.8,0.7,"uniform",11,FALSE,FALSE,0.5,0.9,0.2,FALSE
1221,"synthetic","LSVCMM",200,21,5,"binary",1,1,1,1,0,0.8,0.7,"uniform",11,FALSE,FALSE,0.5,1,0.2,FALSE
1222,"synthetic","LSVCMM",200,21,5,"binary",1,1,1,1,0,0.8,0.7,"uniform",12,FALSE,FALSE,0.5,0,0.2,FALSE
1223,"synthetic","LSVCMM",200,21,5,"binary",1,1,1,1,0,0.8,0.7,"uniform",12,FALSE,FALSE,0.5,0.1,0.2,FALSE
1224,"synthetic","LSVCMM",200,21,5,"binary",1,1,1,1,0,0.8,0.7,"uniform",12,FALSE,FALSE,0.5,0.2,0.2,FALSE
1225,"synthetic","LSVCMM",200,21,5,"binary",1,1,1,1,0,0.8,0.7,"uniform",12,FALSE,FALSE,0.5,0.3,0.2,FALSE
1226,"synthetic","LSVCMM",200,21,5,"binary",1,1,1,1,0,0.8,0.7,"uniform",12,FALSE,FALSE,0.5,0.4,0.2,FALSE
1227,"synthetic","LSVCMM",200,21,5,"binary",1,1,1,1,0,0.8,0.7,"uniform",12,FALSE,FALSE,0.5,0.5,0.2,FALSE
1228,"synthetic","LSVCMM",200,21,5,"binary",1,1,1,1,0,0.8,0.7,"uniform",12,FALSE,FALSE,0.5,0.6,0.2,FALSE
1229,"synthetic","LSVCMM",200,21,5,"binary",1,1,1,1,0,0.8,0.7,"uniform",12,FALSE,FALSE,0.5,0.7,0.2,FALSE
1230,"synthetic","LSVCMM",200,21,5,"binary",1,1,1,1,0,0.8,0.7,"uniform",12,FALSE,FALSE,0.5,0.8,0.2,FALSE
1231,"synthetic","LSVCMM",200,21,5,"binary",1,1,1,1,0,0.8,0.7,"uniform",12,FALSE,FALSE,0.5,0.9,0.2,FALSE
1232,"synthetic","LSVCMM",200,21,5,"binary",1,1,1,1,0,0.8,0.7,"uniform",12,FALSE,FALSE,0.5,1,0.2,FALSE
1233,"synthetic","LSVCMM",200,21,5,"binary",1,1,1,1,0,0.8,0.7,"uniform",13,FALSE,FALSE,0.5,0,0.2,FALSE
1234,"synthetic","LSVCMM",200,21,5,"binary",1,1,1,1,0,0.8,0.7,"uniform",13,FALSE,FALSE,0.5,0.1,0.2,FALSE
1235,"synthetic","LSVCMM",200,21,5,"binary",1,1,1,1,0,0.8,0.7,"uniform",13,FALSE,FALSE,0.5,0.2,0.2,FALSE
1236,"synthetic","LSVCMM",200,21,5,"binary",1,1,1,1,0,0.8,0.7,"uniform",13,FALSE,FALSE,0.5,0.3,0.2,FALSE
1237,"synthetic","LSVCMM",200,21,5,"binary",1,1,1,1,0,0.8,0.7,"uniform",13,FALSE,FALSE,0.5,0.4,0.2,FALSE
1238,"synthetic","LSVCMM",200,21,5,"binary",1,1,1,1,0,0.8,0.7,"uniform",13,FALSE,FALSE,0.5,0.5,0.2,FALSE
1239,"synthetic","LSVCMM",200,21,5,"binary",1,1,1,1,0,0.8,0.7,"uniform",13,FALSE,FALSE,0.5,0.6,0.2,FALSE
1240,"synthetic","LSVCMM",200,21,5,"binary",1,1,1,1,0,0.8,0.7,"uniform",13,FALSE,FALSE,0.5,0.7,0.2,FALSE
1241,"synthetic","LSVCMM",200,21,5,"binary",1,1,1,1,0,0.8,0.7,"uniform",13,FALSE,FALSE,0.5,0.8,0.2,FALSE
1242,"synthetic","LSVCMM",200,21,5,"binary",1,1,1,1,0,0.8,0.7,"uniform",13,FALSE,FALSE,0.5,0.9,0.2,FALSE
1243,"synthetic","LSVCMM",200,21,5,"binary",1,1,1,1,0,0.8,0.7,"uniform",13,FALSE,FALSE,0.5,1,0.2,FALSE
1244,"synthetic","LSVCMM",200,21,5,"binary",1,1,1,1,0,0.8,0.7,"uniform",14,FALSE,FALSE,0.5,0,0.2,FALSE
1245,"synthetic","LSVCMM",200,21,5,"binary",1,1,1,1,0,0.8,0.7,"uniform",14,FALSE,FALSE,0.5,0.1,0.2,FALSE
1246,"synthetic","LSVCMM",200,21,5,"binary",1,1,1,1,0,0.8,0.7,"uniform",14,FALSE,FALSE,0.5,0.2,0.2,FALSE
1247,"synthetic","LSVCMM",200,21,5,"binary",1,1,1,1,0,0.8,0.7,"uniform",14,FALSE,FALSE,0.5,0.3,0.2,FALSE
1248,"synthetic","LSVCMM",200,21,5,"binary",1,1,1,1,0,0.8,0.7,"uniform",14,FALSE,FALSE,0.5,0.4,0.2,FALSE
1249,"synthetic","LSVCMM",200,21,5,"binary",1,1,1,1,0,0.8,0.7,"uniform",14,FALSE,FALSE,0.5,0.5,0.2,FALSE
1250,"synthetic","LSVCMM",200,21,5,"binary",1,1,1,1,0,0.8,0.7,"uniform",14,FALSE,FALSE,0.5,0.6,0.2,FALSE
1251,"synthetic","LSVCMM",200,21,5,"binary",1,1,1,1,0,0.8,0.7,"uniform",14,FALSE,FALSE,0.5,0.7,0.2,FALSE
1252,"synthetic","LSVCMM",200,21,5,"binary",1,1,1,1,0,0.8,0.7,"uniform",14,FALSE,FALSE,0.5,0.8,0.2,FALSE
1253,"synthetic","LSVCMM",200,21,5,"binary",1,1,1,1,0,0.8,0.7,"uniform",14,FALSE,FALSE,0.5,0.9,0.2,FALSE
1254,"synthetic","LSVCMM",200,21,5,"binary",1,1,1,1,0,0.8,0.7,"uniform",14,FALSE,FALSE,0.5,1,0.2,FALSE
1255,"synthetic","LSVCMM",200,21,5,"binary",1,1,1,1,0,0.8,0.7,"uniform",15,FALSE,FALSE,0.5,0,0.2,FALSE
1256,"synthetic","LSVCMM",200,21,5,"binary",1,1,1,1,0,0.8,0.7,"uniform",15,FALSE,FALSE,0.5,0.1,0.2,FALSE
1257,"synthetic","LSVCMM",200,21,5,"binary",1,1,1,1,0,0.8,0.7,"uniform",15,FALSE,FALSE,0.5,0.2,0.2,FALSE
1258,"synthetic","LSVCMM",200,21,5,"binary",1,1,1,1,0,0.8,0.7,"uniform",15,FALSE,FALSE,0.5,0.3,0.2,FALSE
1259,"synthetic","LSVCMM",200,21,5,"binary",1,1,1,1,0,0.8,0.7,"uniform",15,FALSE,FALSE,0.5,0.4,0.2,FALSE
1260,"synthetic","LSVCMM",200,21,5,"binary",1,1,1,1,0,0.8,0.7,"uniform",15,FALSE,FALSE,0.5,0.5,0.2,FALSE
1261,"synthetic","LSVCMM",200,21,5,"binary",1,1,1,1,0,0.8,0.7,"uniform",15,FALSE,FALSE,0.5,0.6,0.2,FALSE
1262,"synthetic","LSVCMM",200,21,5,"binary",1,1,1,1,0,0.8,0.7,"uniform",15,FALSE,FALSE,0.5,0.7,0.2,FALSE
1263,"synthetic","LSVCMM",200,21,5,"binary",1,1,1,1,0,0.8,0.7,"uniform",15,FALSE,FALSE,0.5,0.8,0.2,FALSE
1264,"synthetic","LSVCMM",200,21,5,"binary",1,1,1,1,0,0.8,0.7,"uniform",15,FALSE,FALSE,0.5,0.9,0.2,FALSE
1265,"synthetic","LSVCMM",200,21,5,"binary",1,1,1,1,0,0.8,0.7,"uniform",15,FALSE,FALSE,0.5,1,0.2,FALSE
1266,"synthetic","LSVCMM",200,21,5,"binary",1,1,1,1,0,0.8,0.7,"uniform",16,FALSE,FALSE,0.5,0,0.2,FALSE
1267,"synthetic","LSVCMM",200,21,5,"binary",1,1,1,1,0,0.8,0.7,"uniform",16,FALSE,FALSE,0.5,0.1,0.2,FALSE
1268,"synthetic","LSVCMM",200,21,5,"binary",1,1,1,1,0,0.8,0.7,"uniform",16,FALSE,FALSE,0.5,0.2,0.2,FALSE
1269,"synthetic","LSVCMM",200,21,5,"binary",1,1,1,1,0,0.8,0.7,"uniform",16,FALSE,FALSE,0.5,0.3,0.2,FALSE
1270,"synthetic","LSVCMM",200,21,5,"binary",1,1,1,1,0,0.8,0.7,"uniform",16,FALSE,FALSE,0.5,0.4,0.2,FALSE
1271,"synthetic","LSVCMM",200,21,5,"binary",1,1,1,1,0,0.8,0.7,"uniform",16,FALSE,FALSE,0.5,0.5,0.2,FALSE
1272,"synthetic","LSVCMM",200,21,5,"binary",1,1,1,1,0,0.8,0.7,"uniform",16,FALSE,FALSE,0.5,0.6,0.2,FALSE
1273,"synthetic","LSVCMM",200,21,5,"binary",1,1,1,1,0,0.8,0.7,"uniform",16,FALSE,FALSE,0.5,0.7,0.2,FALSE
1274,"synthetic","LSVCMM",200,21,5,"binary",1,1,1,1,0,0.8,0.7,"uniform",16,FALSE,FALSE,0.5,0.8,0.2,FALSE
1275,"synthetic","LSVCMM",200,21,5,"binary",1,1,1,1,0,0.8,0.7,"uniform",16,FALSE,FALSE,0.5,0.9,0.2,FALSE
1276,"synthetic","LSVCMM",200,21,5,"binary",1,1,1,1,0,0.8,0.7,"uniform",16,FALSE,FALSE,0.5,1,0.2,FALSE
1277,"synthetic","LSVCMM",200,21,5,"binary",1,1,1,1,0,0.8,0.7,"uniform",17,FALSE,FALSE,0.5,0,0.2,FALSE
1278,"synthetic","LSVCMM",200,21,5,"binary",1,1,1,1,0,0.8,0.7,"uniform",17,FALSE,FALSE,0.5,0.1,0.2,FALSE
1279,"synthetic","LSVCMM",200,21,5,"binary",1,1,1,1,0,0.8,0.7,"uniform",17,FALSE,FALSE,0.5,0.2,0.2,FALSE
1280,"synthetic","LSVCMM",200,21,5,"binary",1,1,1,1,0,0.8,0.7,"uniform",17,FALSE,FALSE,0.5,0.3,0.2,FALSE
1281,"synthetic","LSVCMM",200,21,5,"binary",1,1,1,1,0,0.8,0.7,"uniform",17,FALSE,FALSE,0.5,0.4,0.2,FALSE
1282,"synthetic","LSVCMM",200,21,5,"binary",1,1,1,1,0,0.8,0.7,"uniform",17,FALSE,FALSE,0.5,0.5,0.2,FALSE
1283,"synthetic","LSVCMM",200,21,5,"binary",1,1,1,1,0,0.8,0.7,"uniform",17,FALSE,FALSE,0.5,0.6,0.2,FALSE
1284,"synthetic","LSVCMM",200,21,5,"binary",1,1,1,1,0,0.8,0.7,"uniform",17,FALSE,FALSE,0.5,0.7,0.2,FALSE
1285,"synthetic","LSVCMM",200,21,5,"binary",1,1,1,1,0,0.8,0.7,"uniform",17,FALSE,FALSE,0.5,0.8,0.2,FALSE
1286,"synthetic","LSVCMM",200,21,5,"binary",1,1,1,1,0,0.8,0.7,"uniform",17,FALSE,FALSE,0.5,0.9,0.2,FALSE
1287,"synthetic","LSVCMM",200,21,5,"binary",1,1,1,1,0,0.8,0.7,"uniform",17,FALSE,FALSE,0.5,1,0.2,FALSE
1288,"synthetic","LSVCMM",200,21,5,"binary",1,1,1,1,0,0.8,0.7,"uniform",18,FALSE,FALSE,0.5,0,0.2,FALSE
1289,"synthetic","LSVCMM",200,21,5,"binary",1,1,1,1,0,0.8,0.7,"uniform",18,FALSE,FALSE,0.5,0.1,0.2,FALSE
1290,"synthetic","LSVCMM",200,21,5,"binary",1,1,1,1,0,0.8,0.7,"uniform",18,FALSE,FALSE,0.5,0.2,0.2,FALSE
1291,"synthetic","LSVCMM",200,21,5,"binary",1,1,1,1,0,0.8,0.7,"uniform",18,FALSE,FALSE,0.5,0.3,0.2,FALSE
1292,"synthetic","LSVCMM",200,21,5,"binary",1,1,1,1,0,0.8,0.7,"uniform",18,FALSE,FALSE,0.5,0.4,0.2,FALSE
1293,"synthetic","LSVCMM",200,21,5,"binary",1,1,1,1,0,0.8,0.7,"uniform",18,FALSE,FALSE,0.5,0.5,0.2,FALSE
1294,"synthetic","LSVCMM",200,21,5,"binary",1,1,1,1,0,0.8,0.7,"uniform",18,FALSE,FALSE,0.5,0.6,0.2,FALSE
1295,"synthetic","LSVCMM",200,21,5,"binary",1,1,1,1,0,0.8,0.7,"uniform",18,FALSE,FALSE,0.5,0.7,0.2,FALSE
1296,"synthetic","LSVCMM",200,21,5,"binary",1,1,1,1,0,0.8,0.7,"uniform",18,FALSE,FALSE,0.5,0.8,0.2,FALSE
1297,"synthetic","LSVCMM",200,21,5,"binary",1,1,1,1,0,0.8,0.7,"uniform",18,FALSE,FALSE,0.5,0.9,0.2,FALSE
1298,"synthetic","LSVCMM",200,21,5,"binary",1,1,1,1,0,0.8,0.7,"uniform",18,FALSE,FALSE,0.5,1,0.2,FALSE
1299,"synthetic","LSVCMM",200,21,5,"binary",1,1,1,1,0,0.8,0.7,"uniform",19,FALSE,FALSE,0.5,0,0.2,FALSE
1300,"synthetic","LSVCMM",200,21,5,"binary",1,1,1,1,0,0.8,0.7,"uniform",19,FALSE,FALSE,0.5,0.1,0.2,FALSE
1301,"synthetic","LSVCMM",200,21,5,"binary",1,1,1,1,0,0.8,0.7,"uniform",19,FALSE,FALSE,0.5,0.2,0.2,FALSE
1302,"synthetic","LSVCMM",200,21,5,"binary",1,1,1,1,0,0.8,0.7,"uniform",19,FALSE,FALSE,0.5,0.3,0.2,FALSE
1303,"synthetic","LSVCMM",200,21,5,"binary",1,1,1,1,0,0.8,0.7,"uniform",19,FALSE,FALSE,0.5,0.4,0.2,FALSE
1304,"synthetic","LSVCMM",200,21,5,"binary",1,1,1,1,0,0.8,0.7,"uniform",19,FALSE,FALSE,0.5,0.5,0.2,FALSE
1305,"synthetic","LSVCMM",200,21,5,"binary",1,1,1,1,0,0.8,0.7,"uniform",19,FALSE,FALSE,0.5,0.6,0.2,FALSE
1306,"synthetic","LSVCMM",200,21,5,"binary",1,1,1,1,0,0.8,0.7,"uniform",19,FALSE,FALSE,0.5,0.7,0.2,FALSE
1307,"synthetic","LSVCMM",200,21,5,"binary",1,1,1,1,0,0.8,0.7,"uniform",19,FALSE,FALSE,0.5,0.8,0.2,FALSE
1308,"synthetic","LSVCMM",200,21,5,"binary",1,1,1,1,0,0.8,0.7,"uniform",19,FALSE,FALSE,0.5,0.9,0.2,FALSE
1309,"synthetic","LSVCMM",200,21,5,"binary",1,1,1,1,0,0.8,0.7,"uniform",19,FALSE,FALSE,0.5,1,0.2,FALSE
1310,"synthetic","LSVCMM",200,21,5,"binary",1,1,1,1,0,0.8,0.7,"uniform",20,FALSE,FALSE,0.5,0,0.2,FALSE
1311,"synthetic","LSVCMM",200,21,5,"binary",1,1,1,1,0,0.8,0.7,"uniform",20,FALSE,FALSE,0.5,0.1,0.2,FALSE
1312,"synthetic","LSVCMM",200,21,5,"binary",1,1,1,1,0,0.8,0.7,"uniform",20,FALSE,FALSE,0.5,0.2,0.2,FALSE
1313,"synthetic","LSVCMM",200,21,5,"binary",1,1,1,1,0,0.8,0.7,"uniform",20,FALSE,FALSE,0.5,0.3,0.2,FALSE
1314,"synthetic","LSVCMM",200,21,5,"binary",1,1,1,1,0,0.8,0.7,"uniform",20,FALSE,FALSE,0.5,0.4,0.2,FALSE
1315,"synthetic","LSVCMM",200,21,5,"binary",1,1,1,1,0,0.8,0.7,"uniform",20,FALSE,FALSE,0.5,0.5,0.2,FALSE
1316,"synthetic","LSVCMM",200,21,5,"binary",1,1,1,1,0,0.8,0.7,"uniform",20,FALSE,FALSE,0.5,0.6,0.2,FALSE
1317,"synthetic","LSVCMM",200,21,5,"binary",1,1,1,1,0,0.8,0.7,"uniform",20,FALSE,FALSE,0.5,0.7,0.2,FALSE
1318,"synthetic","LSVCMM",200,21,5,"binary",1,1,1,1,0,0.8,0.7,"uniform",20,FALSE,FALSE,0.5,0.8,0.2,FALSE
1319,"synthetic","LSVCMM",200,21,5,"binary",1,1,1,1,0,0.8,0.7,"uniform",20,FALSE,FALSE,0.5,0.9,0.2,FALSE
1320,"synthetic","LSVCMM",200,21,5,"binary",1,1,1,1,0,0.8,0.7,"uniform",20,FALSE,FALSE,0.5,1,0.2,FALSE
1321,"synthetic","LSVCMM",200,21,5,"binary",1,1,1,1,0,0.8,0.7,"uniform",21,FALSE,FALSE,0.5,0,0.2,FALSE
1322,"synthetic","LSVCMM",200,21,5,"binary",1,1,1,1,0,0.8,0.7,"uniform",21,FALSE,FALSE,0.5,0.1,0.2,FALSE
1323,"synthetic","LSVCMM",200,21,5,"binary",1,1,1,1,0,0.8,0.7,"uniform",21,FALSE,FALSE,0.5,0.2,0.2,FALSE
1324,"synthetic","LSVCMM",200,21,5,"binary",1,1,1,1,0,0.8,0.7,"uniform",21,FALSE,FALSE,0.5,0.3,0.2,FALSE
1325,"synthetic","LSVCMM",200,21,5,"binary",1,1,1,1,0,0.8,0.7,"uniform",21,FALSE,FALSE,0.5,0.4,0.2,FALSE
1326,"synthetic","LSVCMM",200,21,5,"binary",1,1,1,1,0,0.8,0.7,"uniform",21,FALSE,FALSE,0.5,0.5,0.2,FALSE
1327,"synthetic","LSVCMM",200,21,5,"binary",1,1,1,1,0,0.8,0.7,"uniform",21,FALSE,FALSE,0.5,0.6,0.2,FALSE
1328,"synthetic","LSVCMM",200,21,5,"binary",1,1,1,1,0,0.8,0.7,"uniform",21,FALSE,FALSE,0.5,0.7,0.2,FALSE
1329,"synthetic","LSVCMM",200,21,5,"binary",1,1,1,1,0,0.8,0.7,"uniform",21,FALSE,FALSE,0.5,0.8,0.2,FALSE
1330,"synthetic","LSVCMM",200,21,5,"binary",1,1,1,1,0,0.8,0.7,"uniform",21,FALSE,FALSE,0.5,0.9,0.2,FALSE
1331,"synthetic","LSVCMM",200,21,5,"binary",1,1,1,1,0,0.8,0.7,"uniform",21,FALSE,FALSE,0.5,1,0.2,FALSE
1332,"synthetic","LSVCMM",200,21,5,"binary",1,1,1,1,0,0.8,0.7,"uniform",22,FALSE,FALSE,0.5,0,0.2,FALSE
1333,"synthetic","LSVCMM",200,21,5,"binary",1,1,1,1,0,0.8,0.7,"uniform",22,FALSE,FALSE,0.5,0.1,0.2,FALSE
1334,"synthetic","LSVCMM",200,21,5,"binary",1,1,1,1,0,0.8,0.7,"uniform",22,FALSE,FALSE,0.5,0.2,0.2,FALSE
1335,"synthetic","LSVCMM",200,21,5,"binary",1,1,1,1,0,0.8,0.7,"uniform",22,FALSE,FALSE,0.5,0.3,0.2,FALSE
1336,"synthetic","LSVCMM",200,21,5,"binary",1,1,1,1,0,0.8,0.7,"uniform",22,FALSE,FALSE,0.5,0.4,0.2,FALSE
1337,"synthetic","LSVCMM",200,21,5,"binary",1,1,1,1,0,0.8,0.7,"uniform",22,FALSE,FALSE,0.5,0.5,0.2,FALSE
1338,"synthetic","LSVCMM",200,21,5,"binary",1,1,1,1,0,0.8,0.7,"uniform",22,FALSE,FALSE,0.5,0.6,0.2,FALSE
1339,"synthetic","LSVCMM",200,21,5,"binary",1,1,1,1,0,0.8,0.7,"uniform",22,FALSE,FALSE,0.5,0.7,0.2,FALSE
1340,"synthetic","LSVCMM",200,21,5,"binary",1,1,1,1,0,0.8,0.7,"uniform",22,FALSE,FALSE,0.5,0.8,0.2,FALSE
1341,"synthetic","LSVCMM",200,21,5,"binary",1,1,1,1,0,0.8,0.7,"uniform",22,FALSE,FALSE,0.5,0.9,0.2,FALSE
1342,"synthetic","LSVCMM",200,21,5,"binary",1,1,1,1,0,0.8,0.7,"uniform",22,FALSE,FALSE,0.5,1,0.2,FALSE
1343,"synthetic","LSVCMM",200,21,5,"binary",1,1,1,1,0,0.8,0.7,"uniform",23,FALSE,FALSE,0.5,0,0.2,FALSE
1344,"synthetic","LSVCMM",200,21,5,"binary",1,1,1,1,0,0.8,0.7,"uniform",23,FALSE,FALSE,0.5,0.1,0.2,FALSE
1345,"synthetic","LSVCMM",200,21,5,"binary",1,1,1,1,0,0.8,0.7,"uniform",23,FALSE,FALSE,0.5,0.2,0.2,FALSE
1346,"synthetic","LSVCMM",200,21,5,"binary",1,1,1,1,0,0.8,0.7,"uniform",23,FALSE,FALSE,0.5,0.3,0.2,FALSE
1347,"synthetic","LSVCMM",200,21,5,"binary",1,1,1,1,0,0.8,0.7,"uniform",23,FALSE,FALSE,0.5,0.4,0.2,FALSE
1348,"synthetic","LSVCMM",200,21,5,"binary",1,1,1,1,0,0.8,0.7,"uniform",23,FALSE,FALSE,0.5,0.5,0.2,FALSE
1349,"synthetic","LSVCMM",200,21,5,"binary",1,1,1,1,0,0.8,0.7,"uniform",23,FALSE,FALSE,0.5,0.6,0.2,FALSE
1350,"synthetic","LSVCMM",200,21,5,"binary",1,1,1,1,0,0.8,0.7,"uniform",23,FALSE,FALSE,0.5,0.7,0.2,FALSE
1351,"synthetic","LSVCMM",200,21,5,"binary",1,1,1,1,0,0.8,0.7,"uniform",23,FALSE,FALSE,0.5,0.8,0.2,FALSE
1352,"synthetic","LSVCMM",200,21,5,"binary",1,1,1,1,0,0.8,0.7,"uniform",23,FALSE,FALSE,0.5,0.9,0.2,FALSE
1353,"synthetic","LSVCMM",200,21,5,"binary",1,1,1,1,0,0.8,0.7,"uniform",23,FALSE,FALSE,0.5,1,0.2,FALSE
1354,"synthetic","LSVCMM",200,21,5,"binary",1,1,1,1,0,0.8,0.7,"uniform",24,FALSE,FALSE,0.5,0,0.2,FALSE
1355,"synthetic","LSVCMM",200,21,5,"binary",1,1,1,1,0,0.8,0.7,"uniform",24,FALSE,FALSE,0.5,0.1,0.2,FALSE
1356,"synthetic","LSVCMM",200,21,5,"binary",1,1,1,1,0,0.8,0.7,"uniform",24,FALSE,FALSE,0.5,0.2,0.2,FALSE
1357,"synthetic","LSVCMM",200,21,5,"binary",1,1,1,1,0,0.8,0.7,"uniform",24,FALSE,FALSE,0.5,0.3,0.2,FALSE
1358,"synthetic","LSVCMM",200,21,5,"binary",1,1,1,1,0,0.8,0.7,"uniform",24,FALSE,FALSE,0.5,0.4,0.2,FALSE
1359,"synthetic","LSVCMM",200,21,5,"binary",1,1,1,1,0,0.8,0.7,"uniform",24,FALSE,FALSE,0.5,0.5,0.2,FALSE
1360,"synthetic","LSVCMM",200,21,5,"binary",1,1,1,1,0,0.8,0.7,"uniform",24,FALSE,FALSE,0.5,0.6,0.2,FALSE
1361,"synthetic","LSVCMM",200,21,5,"binary",1,1,1,1,0,0.8,0.7,"uniform",24,FALSE,FALSE,0.5,0.7,0.2,FALSE
1362,"synthetic","LSVCMM",200,21,5,"binary",1,1,1,1,0,0.8,0.7,"uniform",24,FALSE,FALSE,0.5,0.8,0.2,FALSE
1363,"synthetic","LSVCMM",200,21,5,"binary",1,1,1,1,0,0.8,0.7,"uniform",24,FALSE,FALSE,0.5,0.9,0.2,FALSE
1364,"synthetic","LSVCMM",200,21,5,"binary",1,1,1,1,0,0.8,0.7,"uniform",24,FALSE,FALSE,0.5,1,0.2,FALSE
1365,"synthetic","LSVCMM",200,21,5,"binary",1,1,1,1,0,0.8,0.7,"uniform",25,FALSE,FALSE,0.5,0,0.2,FALSE
1366,"synthetic","LSVCMM",200,21,5,"binary",1,1,1,1,0,0.8,0.7,"uniform",25,FALSE,FALSE,0.5,0.1,0.2,FALSE
1367,"synthetic","LSVCMM",200,21,5,"binary",1,1,1,1,0,0.8,0.7,"uniform",25,FALSE,FALSE,0.5,0.2,0.2,FALSE
1368,"synthetic","LSVCMM",200,21,5,"binary",1,1,1,1,0,0.8,0.7,"uniform",25,FALSE,FALSE,0.5,0.3,0.2,FALSE
1369,"synthetic","LSVCMM",200,21,5,"binary",1,1,1,1,0,0.8,0.7,"uniform",25,FALSE,FALSE,0.5,0.4,0.2,FALSE
1370,"synthetic","LSVCMM",200,21,5,"binary",1,1,1,1,0,0.8,0.7,"uniform",25,FALSE,FALSE,0.5,0.5,0.2,FALSE
1371,"synthetic","LSVCMM",200,21,5,"binary",1,1,1,1,0,0.8,0.7,"uniform",25,FALSE,FALSE,0.5,0.6,0.2,FALSE
1372,"synthetic","LSVCMM",200,21,5,"binary",1,1,1,1,0,0.8,0.7,"uniform",25,FALSE,FALSE,0.5,0.7,0.2,FALSE
1373,"synthetic","LSVCMM",200,21,5,"binary",1,1,1,1,0,0.8,0.7,"uniform",25,FALSE,FALSE,0.5,0.8,0.2,FALSE
1374,"synthetic","LSVCMM",200,21,5,"binary",1,1,1,1,0,0.8,0.7,"uniform",25,FALSE,FALSE,0.5,0.9,0.2,FALSE
1375,"synthetic","LSVCMM",200,21,5,"binary",1,1,1,1,0,0.8,0.7,"uniform",25,FALSE,FALSE,0.5,1,0.2,FALSE
1376,"synthetic","LSVCMM",200,21,5,"binary",1,1,1,1,0,0.8,0.7,"uniform",26,FALSE,FALSE,0.5,0,0.2,FALSE
1377,"synthetic","LSVCMM",200,21,5,"binary",1,1,1,1,0,0.8,0.7,"uniform",26,FALSE,FALSE,0.5,0.1,0.2,FALSE
1378,"synthetic","LSVCMM",200,21,5,"binary",1,1,1,1,0,0.8,0.7,"uniform",26,FALSE,FALSE,0.5,0.2,0.2,FALSE
1379,"synthetic","LSVCMM",200,21,5,"binary",1,1,1,1,0,0.8,0.7,"uniform",26,FALSE,FALSE,0.5,0.3,0.2,FALSE
1380,"synthetic","LSVCMM",200,21,5,"binary",1,1,1,1,0,0.8,0.7,"uniform",26,FALSE,FALSE,0.5,0.4,0.2,FALSE
1381,"synthetic","LSVCMM",200,21,5,"binary",1,1,1,1,0,0.8,0.7,"uniform",26,FALSE,FALSE,0.5,0.5,0.2,FALSE
1382,"synthetic","LSVCMM",200,21,5,"binary",1,1,1,1,0,0.8,0.7,"uniform",26,FALSE,FALSE,0.5,0.6,0.2,FALSE
1383,"synthetic","LSVCMM",200,21,5,"binary",1,1,1,1,0,0.8,0.7,"uniform",26,FALSE,FALSE,0.5,0.7,0.2,FALSE
1384,"synthetic","LSVCMM",200,21,5,"binary",1,1,1,1,0,0.8,0.7,"uniform",26,FALSE,FALSE,0.5,0.8,0.2,FALSE
1385,"synthetic","LSVCMM",200,21,5,"binary",1,1,1,1,0,0.8,0.7,"uniform",26,FALSE,FALSE,0.5,0.9,0.2,FALSE
1386,"synthetic","LSVCMM",200,21,5,"binary",1,1,1,1,0,0.8,0.7,"uniform",26,FALSE,FALSE,0.5,1,0.2,FALSE
1387,"synthetic","LSVCMM",200,21,5,"binary",1,1,1,1,0,0.8,0.7,"uniform",27,FALSE,FALSE,0.5,0,0.2,FALSE
1388,"synthetic","LSVCMM",200,21,5,"binary",1,1,1,1,0,0.8,0.7,"uniform",27,FALSE,FALSE,0.5,0.1,0.2,FALSE
1389,"synthetic","LSVCMM",200,21,5,"binary",1,1,1,1,0,0.8,0.7,"uniform",27,FALSE,FALSE,0.5,0.2,0.2,FALSE
1390,"synthetic","LSVCMM",200,21,5,"binary",1,1,1,1,0,0.8,0.7,"uniform",27,FALSE,FALSE,0.5,0.3,0.2,FALSE
1391,"synthetic","LSVCMM",200,21,5,"binary",1,1,1,1,0,0.8,0.7,"uniform",27,FALSE,FALSE,0.5,0.4,0.2,FALSE
1392,"synthetic","LSVCMM",200,21,5,"binary",1,1,1,1,0,0.8,0.7,"uniform",27,FALSE,FALSE,0.5,0.5,0.2,FALSE
1393,"synthetic","LSVCMM",200,21,5,"binary",1,1,1,1,0,0.8,0.7,"uniform",27,FALSE,FALSE,0.5,0.6,0.2,FALSE
1394,"synthetic","LSVCMM",200,21,5,"binary",1,1,1,1,0,0.8,0.7,"uniform",27,FALSE,FALSE,0.5,0.7,0.2,FALSE
1395,"synthetic","LSVCMM",200,21,5,"binary",1,1,1,1,0,0.8,0.7,"uniform",27,FALSE,FALSE,0.5,0.8,0.2,FALSE
1396,"synthetic","LSVCMM",200,21,5,"binary",1,1,1,1,0,0.8,0.7,"uniform",27,FALSE,FALSE,0.5,0.9,0.2,FALSE
1397,"synthetic","LSVCMM",200,21,5,"binary",1,1,1,1,0,0.8,0.7,"uniform",27,FALSE,FALSE,0.5,1,0.2,FALSE
1398,"synthetic","LSVCMM",200,21,5,"binary",1,1,1,1,0,0.8,0.7,"uniform",28,FALSE,FALSE,0.5,0,0.2,FALSE
1399,"synthetic","LSVCMM",200,21,5,"binary",1,1,1,1,0,0.8,0.7,"uniform",28,FALSE,FALSE,0.5,0.1,0.2,FALSE
1400,"synthetic","LSVCMM",200,21,5,"binary",1,1,1,1,0,0.8,0.7,"uniform",28,FALSE,FALSE,0.5,0.2,0.2,FALSE
1401,"synthetic","LSVCMM",200,21,5,"binary",1,1,1,1,0,0.8,0.7,"uniform",28,FALSE,FALSE,0.5,0.3,0.2,FALSE
1402,"synthetic","LSVCMM",200,21,5,"binary",1,1,1,1,0,0.8,0.7,"uniform",28,FALSE,FALSE,0.5,0.4,0.2,FALSE
1403,"synthetic","LSVCMM",200,21,5,"binary",1,1,1,1,0,0.8,0.7,"uniform",28,FALSE,FALSE,0.5,0.5,0.2,FALSE
1404,"synthetic","LSVCMM",200,21,5,"binary",1,1,1,1,0,0.8,0.7,"uniform",28,FALSE,FALSE,0.5,0.6,0.2,FALSE
1405,"synthetic","LSVCMM",200,21,5,"binary",1,1,1,1,0,0.8,0.7,"uniform",28,FALSE,FALSE,0.5,0.7,0.2,FALSE
1406,"synthetic","LSVCMM",200,21,5,"binary",1,1,1,1,0,0.8,0.7,"uniform",28,FALSE,FALSE,0.5,0.8,0.2,FALSE
1407,"synthetic","LSVCMM",200,21,5,"binary",1,1,1,1,0,0.8,0.7,"uniform",28,FALSE,FALSE,0.5,0.9,0.2,FALSE
1408,"synthetic","LSVCMM",200,21,5,"binary",1,1,1,1,0,0.8,0.7,"uniform",28,FALSE,FALSE,0.5,1,0.2,FALSE
1409,"synthetic","LSVCMM",200,21,5,"binary",1,1,1,1,0,0.8,0.7,"uniform",29,FALSE,FALSE,0.5,0,0.2,FALSE
1410,"synthetic","LSVCMM",200,21,5,"binary",1,1,1,1,0,0.8,0.7,"uniform",29,FALSE,FALSE,0.5,0.1,0.2,FALSE
1411,"synthetic","LSVCMM",200,21,5,"binary",1,1,1,1,0,0.8,0.7,"uniform",29,FALSE,FALSE,0.5,0.2,0.2,FALSE
1412,"synthetic","LSVCMM",200,21,5,"binary",1,1,1,1,0,0.8,0.7,"uniform",29,FALSE,FALSE,0.5,0.3,0.2,FALSE
1413,"synthetic","LSVCMM",200,21,5,"binary",1,1,1,1,0,0.8,0.7,"uniform",29,FALSE,FALSE,0.5,0.4,0.2,FALSE
1414,"synthetic","LSVCMM",200,21,5,"binary",1,1,1,1,0,0.8,0.7,"uniform",29,FALSE,FALSE,0.5,0.5,0.2,FALSE
1415,"synthetic","LSVCMM",200,21,5,"binary",1,1,1,1,0,0.8,0.7,"uniform",29,FALSE,FALSE,0.5,0.6,0.2,FALSE
1416,"synthetic","LSVCMM",200,21,5,"binary",1,1,1,1,0,0.8,0.7,"uniform",29,FALSE,FALSE,0.5,0.7,0.2,FALSE
1417,"synthetic","LSVCMM",200,21,5,"binary",1,1,1,1,0,0.8,0.7,"uniform",29,FALSE,FALSE,0.5,0.8,0.2,FALSE
1418,"synthetic","LSVCMM",200,21,5,"binary",1,1,1,1,0,0.8,0.7,"uniform",29,FALSE,FALSE,0.5,0.9,0.2,FALSE
1419,"synthetic","LSVCMM",200,21,5,"binary",1,1,1,1,0,0.8,0.7,"uniform",29,FALSE,FALSE,0.5,1,0.2,FALSE
1420,"synthetic","LSVCMM",200,21,5,"binary",1,1,1,1,0,0.8,0.7,"uniform",30,FALSE,FALSE,0.5,0,0.2,FALSE
1421,"synthetic","LSVCMM",200,21,5,"binary",1,1,1,1,0,0.8,0.7,"uniform",30,FALSE,FALSE,0.5,0.1,0.2,FALSE
1422,"synthetic","LSVCMM",200,21,5,"binary",1,1,1,1,0,0.8,0.7,"uniform",30,FALSE,FALSE,0.5,0.2,0.2,FALSE
1423,"synthetic","LSVCMM",200,21,5,"binary",1,1,1,1,0,0.8,0.7,"uniform",30,FALSE,FALSE,0.5,0.3,0.2,FALSE
1424,"synthetic","LSVCMM",200,21,5,"binary",1,1,1,1,0,0.8,0.7,"uniform",30,FALSE,FALSE,0.5,0.4,0.2,FALSE
1425,"synthetic","LSVCMM",200,21,5,"binary",1,1,1,1,0,0.8,0.7,"uniform",30,FALSE,FALSE,0.5,0.5,0.2,FALSE
1426,"synthetic","LSVCMM",200,21,5,"binary",1,1,1,1,0,0.8,0.7,"uniform",30,FALSE,FALSE,0.5,0.6,0.2,FALSE
1427,"synthetic","LSVCMM",200,21,5,"binary",1,1,1,1,0,0.8,0.7,"uniform",30,FALSE,FALSE,0.5,0.7,0.2,FALSE
1428,"synthetic","LSVCMM",200,21,5,"binary",1,1,1,1,0,0.8,0.7,"uniform",30,FALSE,FALSE,0.5,0.8,0.2,FALSE
1429,"synthetic","LSVCMM",200,21,5,"binary",1,1,1,1,0,0.8,0.7,"uniform",30,FALSE,FALSE,0.5,0.9,0.2,FALSE
1430,"synthetic","LSVCMM",200,21,5,"binary",1,1,1,1,0,0.8,0.7,"uniform",30,FALSE,FALSE,0.5,1,0.2,FALSE
1431,"synthetic","LSVCMM",200,21,5,"binary",1,1,1,1,0,0.8,0.7,"uniform",31,FALSE,FALSE,0.5,0,0.2,FALSE
1432,"synthetic","LSVCMM",200,21,5,"binary",1,1,1,1,0,0.8,0.7,"uniform",31,FALSE,FALSE,0.5,0.1,0.2,FALSE
1433,"synthetic","LSVCMM",200,21,5,"binary",1,1,1,1,0,0.8,0.7,"uniform",31,FALSE,FALSE,0.5,0.2,0.2,FALSE
1434,"synthetic","LSVCMM",200,21,5,"binary",1,1,1,1,0,0.8,0.7,"uniform",31,FALSE,FALSE,0.5,0.3,0.2,FALSE
1435,"synthetic","LSVCMM",200,21,5,"binary",1,1,1,1,0,0.8,0.7,"uniform",31,FALSE,FALSE,0.5,0.4,0.2,FALSE
1436,"synthetic","LSVCMM",200,21,5,"binary",1,1,1,1,0,0.8,0.7,"uniform",31,FALSE,FALSE,0.5,0.5,0.2,FALSE
1437,"synthetic","LSVCMM",200,21,5,"binary",1,1,1,1,0,0.8,0.7,"uniform",31,FALSE,FALSE,0.5,0.6,0.2,FALSE
1438,"synthetic","LSVCMM",200,21,5,"binary",1,1,1,1,0,0.8,0.7,"uniform",31,FALSE,FALSE,0.5,0.7,0.2,FALSE
1439,"synthetic","LSVCMM",200,21,5,"binary",1,1,1,1,0,0.8,0.7,"uniform",31,FALSE,FALSE,0.5,0.8,0.2,FALSE
1440,"synthetic","LSVCMM",200,21,5,"binary",1,1,1,1,0,0.8,0.7,"uniform",31,FALSE,FALSE,0.5,0.9,0.2,FALSE
1441,"synthetic","LSVCMM",200,21,5,"binary",1,1,1,1,0,0.8,0.7,"uniform",31,FALSE,FALSE,0.5,1,0.2,FALSE
1442,"synthetic","LSVCMM",200,21,5,"binary",1,1,1,1,0,0.8,0.7,"uniform",32,FALSE,FALSE,0.5,0,0.2,FALSE
1443,"synthetic","LSVCMM",200,21,5,"binary",1,1,1,1,0,0.8,0.7,"uniform",32,FALSE,FALSE,0.5,0.1,0.2,FALSE
1444,"synthetic","LSVCMM",200,21,5,"binary",1,1,1,1,0,0.8,0.7,"uniform",32,FALSE,FALSE,0.5,0.2,0.2,FALSE
1445,"synthetic","LSVCMM",200,21,5,"binary",1,1,1,1,0,0.8,0.7,"uniform",32,FALSE,FALSE,0.5,0.3,0.2,FALSE
1446,"synthetic","LSVCMM",200,21,5,"binary",1,1,1,1,0,0.8,0.7,"uniform",32,FALSE,FALSE,0.5,0.4,0.2,FALSE
1447,"synthetic","LSVCMM",200,21,5,"binary",1,1,1,1,0,0.8,0.7,"uniform",32,FALSE,FALSE,0.5,0.5,0.2,FALSE
1448,"synthetic","LSVCMM",200,21,5,"binary",1,1,1,1,0,0.8,0.7,"uniform",32,FALSE,FALSE,0.5,0.6,0.2,FALSE
1449,"synthetic","LSVCMM",200,21,5,"binary",1,1,1,1,0,0.8,0.7,"uniform",32,FALSE,FALSE,0.5,0.7,0.2,FALSE
1450,"synthetic","LSVCMM",200,21,5,"binary",1,1,1,1,0,0.8,0.7,"uniform",32,FALSE,FALSE,0.5,0.8,0.2,FALSE
1451,"synthetic","LSVCMM",200,21,5,"binary",1,1,1,1,0,0.8,0.7,"uniform",32,FALSE,FALSE,0.5,0.9,0.2,FALSE
1452,"synthetic","LSVCMM",200,21,5,"binary",1,1,1,1,0,0.8,0.7,"uniform",32,FALSE,FALSE,0.5,1,0.2,FALSE
1453,"synthetic","LSVCMM",200,21,5,"binary",1,1,1,1,0,0.8,0.7,"uniform",33,FALSE,FALSE,0.5,0,0.2,FALSE
1454,"synthetic","LSVCMM",200,21,5,"binary",1,1,1,1,0,0.8,0.7,"uniform",33,FALSE,FALSE,0.5,0.1,0.2,FALSE
1455,"synthetic","LSVCMM",200,21,5,"binary",1,1,1,1,0,0.8,0.7,"uniform",33,FALSE,FALSE,0.5,0.2,0.2,FALSE
1456,"synthetic","LSVCMM",200,21,5,"binary",1,1,1,1,0,0.8,0.7,"uniform",33,FALSE,FALSE,0.5,0.3,0.2,FALSE
1457,"synthetic","LSVCMM",200,21,5,"binary",1,1,1,1,0,0.8,0.7,"uniform",33,FALSE,FALSE,0.5,0.4,0.2,FALSE
1458,"synthetic","LSVCMM",200,21,5,"binary",1,1,1,1,0,0.8,0.7,"uniform",33,FALSE,FALSE,0.5,0.5,0.2,FALSE
1459,"synthetic","LSVCMM",200,21,5,"binary",1,1,1,1,0,0.8,0.7,"uniform",33,FALSE,FALSE,0.5,0.6,0.2,FALSE
1460,"synthetic","LSVCMM",200,21,5,"binary",1,1,1,1,0,0.8,0.7,"uniform",33,FALSE,FALSE,0.5,0.7,0.2,FALSE
1461,"synthetic","LSVCMM",200,21,5,"binary",1,1,1,1,0,0.8,0.7,"uniform",33,FALSE,FALSE,0.5,0.8,0.2,FALSE
1462,"synthetic","LSVCMM",200,21,5,"binary",1,1,1,1,0,0.8,0.7,"uniform",33,FALSE,FALSE,0.5,0.9,0.2,FALSE
1463,"synthetic","LSVCMM",200,21,5,"binary",1,1,1,1,0,0.8,0.7,"uniform",33,FALSE,FALSE,0.5,1,0.2,FALSE
1464,"synthetic","LSVCMM",200,21,5,"binary",1,1,1,1,0,0.8,0.7,"uniform",34,FALSE,FALSE,0.5,0,0.2,FALSE
1465,"synthetic","LSVCMM",200,21,5,"binary",1,1,1,1,0,0.8,0.7,"uniform",34,FALSE,FALSE,0.5,0.1,0.2,FALSE
1466,"synthetic","LSVCMM",200,21,5,"binary",1,1,1,1,0,0.8,0.7,"uniform",34,FALSE,FALSE,0.5,0.2,0.2,FALSE
1467,"synthetic","LSVCMM",200,21,5,"binary",1,1,1,1,0,0.8,0.7,"uniform",34,FALSE,FALSE,0.5,0.3,0.2,FALSE
1468,"synthetic","LSVCMM",200,21,5,"binary",1,1,1,1,0,0.8,0.7,"uniform",34,FALSE,FALSE,0.5,0.4,0.2,FALSE
1469,"synthetic","LSVCMM",200,21,5,"binary",1,1,1,1,0,0.8,0.7,"uniform",34,FALSE,FALSE,0.5,0.5,0.2,FALSE
1470,"synthetic","LSVCMM",200,21,5,"binary",1,1,1,1,0,0.8,0.7,"uniform",34,FALSE,FALSE,0.5,0.6,0.2,FALSE
1471,"synthetic","LSVCMM",200,21,5,"binary",1,1,1,1,0,0.8,0.7,"uniform",34,FALSE,FALSE,0.5,0.7,0.2,FALSE
1472,"synthetic","LSVCMM",200,21,5,"binary",1,1,1,1,0,0.8,0.7,"uniform",34,FALSE,FALSE,0.5,0.8,0.2,FALSE
1473,"synthetic","LSVCMM",200,21,5,"binary",1,1,1,1,0,0.8,0.7,"uniform",34,FALSE,FALSE,0.5,0.9,0.2,FALSE
1474,"synthetic","LSVCMM",200,21,5,"binary",1,1,1,1,0,0.8,0.7,"uniform",34,FALSE,FALSE,0.5,1,0.2,FALSE
1475,"synthetic","LSVCMM",200,21,5,"binary",1,1,1,1,0,0.8,0.7,"uniform",35,FALSE,FALSE,0.5,0,0.2,FALSE
1476,"synthetic","LSVCMM",200,21,5,"binary",1,1,1,1,0,0.8,0.7,"uniform",35,FALSE,FALSE,0.5,0.1,0.2,FALSE
1477,"synthetic","LSVCMM",200,21,5,"binary",1,1,1,1,0,0.8,0.7,"uniform",35,FALSE,FALSE,0.5,0.2,0.2,FALSE
1478,"synthetic","LSVCMM",200,21,5,"binary",1,1,1,1,0,0.8,0.7,"uniform",35,FALSE,FALSE,0.5,0.3,0.2,FALSE
1479,"synthetic","LSVCMM",200,21,5,"binary",1,1,1,1,0,0.8,0.7,"uniform",35,FALSE,FALSE,0.5,0.4,0.2,FALSE
1480,"synthetic","LSVCMM",200,21,5,"binary",1,1,1,1,0,0.8,0.7,"uniform",35,FALSE,FALSE,0.5,0.5,0.2,FALSE
1481,"synthetic","LSVCMM",200,21,5,"binary",1,1,1,1,0,0.8,0.7,"uniform",35,FALSE,FALSE,0.5,0.6,0.2,FALSE
1482,"synthetic","LSVCMM",200,21,5,"binary",1,1,1,1,0,0.8,0.7,"uniform",35,FALSE,FALSE,0.5,0.7,0.2,FALSE
1483,"synthetic","LSVCMM",200,21,5,"binary",1,1,1,1,0,0.8,0.7,"uniform",35,FALSE,FALSE,0.5,0.8,0.2,FALSE
1484,"synthetic","LSVCMM",200,21,5,"binary",1,1,1,1,0,0.8,0.7,"uniform",35,FALSE,FALSE,0.5,0.9,0.2,FALSE
1485,"synthetic","LSVCMM",200,21,5,"binary",1,1,1,1,0,0.8,0.7,"uniform",35,FALSE,FALSE,0.5,1,0.2,FALSE
1486,"synthetic","LSVCMM",200,21,5,"binary",1,1,1,1,0,0.8,0.7,"uniform",36,FALSE,FALSE,0.5,0,0.2,FALSE
1487,"synthetic","LSVCMM",200,21,5,"binary",1,1,1,1,0,0.8,0.7,"uniform",36,FALSE,FALSE,0.5,0.1,0.2,FALSE
1488,"synthetic","LSVCMM",200,21,5,"binary",1,1,1,1,0,0.8,0.7,"uniform",36,FALSE,FALSE,0.5,0.2,0.2,FALSE
1489,"synthetic","LSVCMM",200,21,5,"binary",1,1,1,1,0,0.8,0.7,"uniform",36,FALSE,FALSE,0.5,0.3,0.2,FALSE
1490,"synthetic","LSVCMM",200,21,5,"binary",1,1,1,1,0,0.8,0.7,"uniform",36,FALSE,FALSE,0.5,0.4,0.2,FALSE
1491,"synthetic","LSVCMM",200,21,5,"binary",1,1,1,1,0,0.8,0.7,"uniform",36,FALSE,FALSE,0.5,0.5,0.2,FALSE
1492,"synthetic","LSVCMM",200,21,5,"binary",1,1,1,1,0,0.8,0.7,"uniform",36,FALSE,FALSE,0.5,0.6,0.2,FALSE
1493,"synthetic","LSVCMM",200,21,5,"binary",1,1,1,1,0,0.8,0.7,"uniform",36,FALSE,FALSE,0.5,0.7,0.2,FALSE
1494,"synthetic","LSVCMM",200,21,5,"binary",1,1,1,1,0,0.8,0.7,"uniform",36,FALSE,FALSE,0.5,0.8,0.2,FALSE
1495,"synthetic","LSVCMM",200,21,5,"binary",1,1,1,1,0,0.8,0.7,"uniform",36,FALSE,FALSE,0.5,0.9,0.2,FALSE
1496,"synthetic","LSVCMM",200,21,5,"binary",1,1,1,1,0,0.8,0.7,"uniform",36,FALSE,FALSE,0.5,1,0.2,FALSE
1497,"synthetic","LSVCMM",200,21,5,"binary",1,1,1,1,0,0.8,0.7,"uniform",37,FALSE,FALSE,0.5,0,0.2,FALSE
1498,"synthetic","LSVCMM",200,21,5,"binary",1,1,1,1,0,0.8,0.7,"uniform",37,FALSE,FALSE,0.5,0.1,0.2,FALSE
1499,"synthetic","LSVCMM",200,21,5,"binary",1,1,1,1,0,0.8,0.7,"uniform",37,FALSE,FALSE,0.5,0.2,0.2,FALSE
1500,"synthetic","LSVCMM",200,21,5,"binary",1,1,1,1,0,0.8,0.7,"uniform",37,FALSE,FALSE,0.5,0.3,0.2,FALSE
1501,"synthetic","LSVCMM",200,21,5,"binary",1,1,1,1,0,0.8,0.7,"uniform",37,FALSE,FALSE,0.5,0.4,0.2,FALSE
1502,"synthetic","LSVCMM",200,21,5,"binary",1,1,1,1,0,0.8,0.7,"uniform",37,FALSE,FALSE,0.5,0.5,0.2,FALSE
1503,"synthetic","LSVCMM",200,21,5,"binary",1,1,1,1,0,0.8,0.7,"uniform",37,FALSE,FALSE,0.5,0.6,0.2,FALSE
1504,"synthetic","LSVCMM",200,21,5,"binary",1,1,1,1,0,0.8,0.7,"uniform",37,FALSE,FALSE,0.5,0.7,0.2,FALSE
1505,"synthetic","LSVCMM",200,21,5,"binary",1,1,1,1,0,0.8,0.7,"uniform",37,FALSE,FALSE,0.5,0.8,0.2,FALSE
1506,"synthetic","LSVCMM",200,21,5,"binary",1,1,1,1,0,0.8,0.7,"uniform",37,FALSE,FALSE,0.5,0.9,0.2,FALSE
1507,"synthetic","LSVCMM",200,21,5,"binary",1,1,1,1,0,0.8,0.7,"uniform",37,FALSE,FALSE,0.5,1,0.2,FALSE
1508,"synthetic","LSVCMM",200,21,5,"binary",1,1,1,1,0,0.8,0.7,"uniform",38,FALSE,FALSE,0.5,0,0.2,FALSE
1509,"synthetic","LSVCMM",200,21,5,"binary",1,1,1,1,0,0.8,0.7,"uniform",38,FALSE,FALSE,0.5,0.1,0.2,FALSE
1510,"synthetic","LSVCMM",200,21,5,"binary",1,1,1,1,0,0.8,0.7,"uniform",38,FALSE,FALSE,0.5,0.2,0.2,FALSE
1511,"synthetic","LSVCMM",200,21,5,"binary",1,1,1,1,0,0.8,0.7,"uniform",38,FALSE,FALSE,0.5,0.3,0.2,FALSE
1512,"synthetic","LSVCMM",200,21,5,"binary",1,1,1,1,0,0.8,0.7,"uniform",38,FALSE,FALSE,0.5,0.4,0.2,FALSE
1513,"synthetic","LSVCMM",200,21,5,"binary",1,1,1,1,0,0.8,0.7,"uniform",38,FALSE,FALSE,0.5,0.5,0.2,FALSE
1514,"synthetic","LSVCMM",200,21,5,"binary",1,1,1,1,0,0.8,0.7,"uniform",38,FALSE,FALSE,0.5,0.6,0.2,FALSE
1515,"synthetic","LSVCMM",200,21,5,"binary",1,1,1,1,0,0.8,0.7,"uniform",38,FALSE,FALSE,0.5,0.7,0.2,FALSE
1516,"synthetic","LSVCMM",200,21,5,"binary",1,1,1,1,0,0.8,0.7,"uniform",38,FALSE,FALSE,0.5,0.8,0.2,FALSE
1517,"synthetic","LSVCMM",200,21,5,"binary",1,1,1,1,0,0.8,0.7,"uniform",38,FALSE,FALSE,0.5,0.9,0.2,FALSE
1518,"synthetic","LSVCMM",200,21,5,"binary",1,1,1,1,0,0.8,0.7,"uniform",38,FALSE,FALSE,0.5,1,0.2,FALSE
1519,"synthetic","LSVCMM",200,21,5,"binary",1,1,1,1,0,0.8,0.7,"uniform",39,FALSE,FALSE,0.5,0,0.2,FALSE
1520,"synthetic","LSVCMM",200,21,5,"binary",1,1,1,1,0,0.8,0.7,"uniform",39,FALSE,FALSE,0.5,0.1,0.2,FALSE
1521,"synthetic","LSVCMM",200,21,5,"binary",1,1,1,1,0,0.8,0.7,"uniform",39,FALSE,FALSE,0.5,0.2,0.2,FALSE
1522,"synthetic","LSVCMM",200,21,5,"binary",1,1,1,1,0,0.8,0.7,"uniform",39,FALSE,FALSE,0.5,0.3,0.2,FALSE
1523,"synthetic","LSVCMM",200,21,5,"binary",1,1,1,1,0,0.8,0.7,"uniform",39,FALSE,FALSE,0.5,0.4,0.2,FALSE
1524,"synthetic","LSVCMM",200,21,5,"binary",1,1,1,1,0,0.8,0.7,"uniform",39,FALSE,FALSE,0.5,0.5,0.2,FALSE
1525,"synthetic","LSVCMM",200,21,5,"binary",1,1,1,1,0,0.8,0.7,"uniform",39,FALSE,FALSE,0.5,0.6,0.2,FALSE
1526,"synthetic","LSVCMM",200,21,5,"binary",1,1,1,1,0,0.8,0.7,"uniform",39,FALSE,FALSE,0.5,0.7,0.2,FALSE
1527,"synthetic","LSVCMM",200,21,5,"binary",1,1,1,1,0,0.8,0.7,"uniform",39,FALSE,FALSE,0.5,0.8,0.2,FALSE
1528,"synthetic","LSVCMM",200,21,5,"binary",1,1,1,1,0,0.8,0.7,"uniform",39,FALSE,FALSE,0.5,0.9,0.2,FALSE
1529,"synthetic","LSVCMM",200,21,5,"binary",1,1,1,1,0,0.8,0.7,"uniform",39,FALSE,FALSE,0.5,1,0.2,FALSE
1530,"synthetic","LSVCMM",200,21,5,"binary",1,1,1,1,0,0.8,0.7,"uniform",40,FALSE,FALSE,0.5,0,0.2,FALSE
1531,"synthetic","LSVCMM",200,21,5,"binary",1,1,1,1,0,0.8,0.7,"uniform",40,FALSE,FALSE,0.5,0.1,0.2,FALSE
1532,"synthetic","LSVCMM",200,21,5,"binary",1,1,1,1,0,0.8,0.7,"uniform",40,FALSE,FALSE,0.5,0.2,0.2,FALSE
1533,"synthetic","LSVCMM",200,21,5,"binary",1,1,1,1,0,0.8,0.7,"uniform",40,FALSE,FALSE,0.5,0.3,0.2,FALSE
1534,"synthetic","LSVCMM",200,21,5,"binary",1,1,1,1,0,0.8,0.7,"uniform",40,FALSE,FALSE,0.5,0.4,0.2,FALSE
1535,"synthetic","LSVCMM",200,21,5,"binary",1,1,1,1,0,0.8,0.7,"uniform",40,FALSE,FALSE,0.5,0.5,0.2,FALSE
1536,"synthetic","LSVCMM",200,21,5,"binary",1,1,1,1,0,0.8,0.7,"uniform",40,FALSE,FALSE,0.5,0.6,0.2,FALSE
1537,"synthetic","LSVCMM",200,21,5,"binary",1,1,1,1,0,0.8,0.7,"uniform",40,FALSE,FALSE,0.5,0.7,0.2,FALSE
1538,"synthetic","LSVCMM",200,21,5,"binary",1,1,1,1,0,0.8,0.7,"uniform",40,FALSE,FALSE,0.5,0.8,0.2,FALSE
1539,"synthetic","LSVCMM",200,21,5,"binary",1,1,1,1,0,0.8,0.7,"uniform",40,FALSE,FALSE,0.5,0.9,0.2,FALSE
1540,"synthetic","LSVCMM",200,21,5,"binary",1,1,1,1,0,0.8,0.7,"uniform",40,FALSE,FALSE,0.5,1,0.2,FALSE
1541,"synthetic","LSVCMM",200,21,5,"binary",1,1,1,1,0,0.8,0.7,"uniform",41,FALSE,FALSE,0.5,0,0.2,FALSE
1542,"synthetic","LSVCMM",200,21,5,"binary",1,1,1,1,0,0.8,0.7,"uniform",41,FALSE,FALSE,0.5,0.1,0.2,FALSE
1543,"synthetic","LSVCMM",200,21,5,"binary",1,1,1,1,0,0.8,0.7,"uniform",41,FALSE,FALSE,0.5,0.2,0.2,FALSE
1544,"synthetic","LSVCMM",200,21,5,"binary",1,1,1,1,0,0.8,0.7,"uniform",41,FALSE,FALSE,0.5,0.3,0.2,FALSE
1545,"synthetic","LSVCMM",200,21,5,"binary",1,1,1,1,0,0.8,0.7,"uniform",41,FALSE,FALSE,0.5,0.4,0.2,FALSE
1546,"synthetic","LSVCMM",200,21,5,"binary",1,1,1,1,0,0.8,0.7,"uniform",41,FALSE,FALSE,0.5,0.5,0.2,FALSE
1547,"synthetic","LSVCMM",200,21,5,"binary",1,1,1,1,0,0.8,0.7,"uniform",41,FALSE,FALSE,0.5,0.6,0.2,FALSE
1548,"synthetic","LSVCMM",200,21,5,"binary",1,1,1,1,0,0.8,0.7,"uniform",41,FALSE,FALSE,0.5,0.7,0.2,FALSE
1549,"synthetic","LSVCMM",200,21,5,"binary",1,1,1,1,0,0.8,0.7,"uniform",41,FALSE,FALSE,0.5,0.8,0.2,FALSE
1550,"synthetic","LSVCMM",200,21,5,"binary",1,1,1,1,0,0.8,0.7,"uniform",41,FALSE,FALSE,0.5,0.9,0.2,FALSE
1551,"synthetic","LSVCMM",200,21,5,"binary",1,1,1,1,0,0.8,0.7,"uniform",41,FALSE,FALSE,0.5,1,0.2,FALSE
1552,"synthetic","LSVCMM",200,21,5,"binary",1,1,1,1,0,0.8,0.7,"uniform",42,FALSE,FALSE,0.5,0,0.2,FALSE
1553,"synthetic","LSVCMM",200,21,5,"binary",1,1,1,1,0,0.8,0.7,"uniform",42,FALSE,FALSE,0.5,0.1,0.2,FALSE
1554,"synthetic","LSVCMM",200,21,5,"binary",1,1,1,1,0,0.8,0.7,"uniform",42,FALSE,FALSE,0.5,0.2,0.2,FALSE
1555,"synthetic","LSVCMM",200,21,5,"binary",1,1,1,1,0,0.8,0.7,"uniform",42,FALSE,FALSE,0.5,0.3,0.2,FALSE
1556,"synthetic","LSVCMM",200,21,5,"binary",1,1,1,1,0,0.8,0.7,"uniform",42,FALSE,FALSE,0.5,0.4,0.2,FALSE
1557,"synthetic","LSVCMM",200,21,5,"binary",1,1,1,1,0,0.8,0.7,"uniform",42,FALSE,FALSE,0.5,0.5,0.2,FALSE
1558,"synthetic","LSVCMM",200,21,5,"binary",1,1,1,1,0,0.8,0.7,"uniform",42,FALSE,FALSE,0.5,0.6,0.2,FALSE
1559,"synthetic","LSVCMM",200,21,5,"binary",1,1,1,1,0,0.8,0.7,"uniform",42,FALSE,FALSE,0.5,0.7,0.2,FALSE
1560,"synthetic","LSVCMM",200,21,5,"binary",1,1,1,1,0,0.8,0.7,"uniform",42,FALSE,FALSE,0.5,0.8,0.2,FALSE
1561,"synthetic","LSVCMM",200,21,5,"binary",1,1,1,1,0,0.8,0.7,"uniform",42,FALSE,FALSE,0.5,0.9,0.2,FALSE
1562,"synthetic","LSVCMM",200,21,5,"binary",1,1,1,1,0,0.8,0.7,"uniform",42,FALSE,FALSE,0.5,1,0.2,FALSE
1563,"synthetic","LSVCMM",200,21,5,"binary",1,1,1,1,0,0.8,0.7,"uniform",43,FALSE,FALSE,0.5,0,0.2,FALSE
1564,"synthetic","LSVCMM",200,21,5,"binary",1,1,1,1,0,0.8,0.7,"uniform",43,FALSE,FALSE,0.5,0.1,0.2,FALSE
1565,"synthetic","LSVCMM",200,21,5,"binary",1,1,1,1,0,0.8,0.7,"uniform",43,FALSE,FALSE,0.5,0.2,0.2,FALSE
1566,"synthetic","LSVCMM",200,21,5,"binary",1,1,1,1,0,0.8,0.7,"uniform",43,FALSE,FALSE,0.5,0.3,0.2,FALSE
1567,"synthetic","LSVCMM",200,21,5,"binary",1,1,1,1,0,0.8,0.7,"uniform",43,FALSE,FALSE,0.5,0.4,0.2,FALSE
1568,"synthetic","LSVCMM",200,21,5,"binary",1,1,1,1,0,0.8,0.7,"uniform",43,FALSE,FALSE,0.5,0.5,0.2,FALSE
1569,"synthetic","LSVCMM",200,21,5,"binary",1,1,1,1,0,0.8,0.7,"uniform",43,FALSE,FALSE,0.5,0.6,0.2,FALSE
1570,"synthetic","LSVCMM",200,21,5,"binary",1,1,1,1,0,0.8,0.7,"uniform",43,FALSE,FALSE,0.5,0.7,0.2,FALSE
1571,"synthetic","LSVCMM",200,21,5,"binary",1,1,1,1,0,0.8,0.7,"uniform",43,FALSE,FALSE,0.5,0.8,0.2,FALSE
1572,"synthetic","LSVCMM",200,21,5,"binary",1,1,1,1,0,0.8,0.7,"uniform",43,FALSE,FALSE,0.5,0.9,0.2,FALSE
1573,"synthetic","LSVCMM",200,21,5,"binary",1,1,1,1,0,0.8,0.7,"uniform",43,FALSE,FALSE,0.5,1,0.2,FALSE
1574,"synthetic","LSVCMM",200,21,5,"binary",1,1,1,1,0,0.8,0.7,"uniform",44,FALSE,FALSE,0.5,0,0.2,FALSE
1575,"synthetic","LSVCMM",200,21,5,"binary",1,1,1,1,0,0.8,0.7,"uniform",44,FALSE,FALSE,0.5,0.1,0.2,FALSE
1576,"synthetic","LSVCMM",200,21,5,"binary",1,1,1,1,0,0.8,0.7,"uniform",44,FALSE,FALSE,0.5,0.2,0.2,FALSE
1577,"synthetic","LSVCMM",200,21,5,"binary",1,1,1,1,0,0.8,0.7,"uniform",44,FALSE,FALSE,0.5,0.3,0.2,FALSE
1578,"synthetic","LSVCMM",200,21,5,"binary",1,1,1,1,0,0.8,0.7,"uniform",44,FALSE,FALSE,0.5,0.4,0.2,FALSE
1579,"synthetic","LSVCMM",200,21,5,"binary",1,1,1,1,0,0.8,0.7,"uniform",44,FALSE,FALSE,0.5,0.5,0.2,FALSE
1580,"synthetic","LSVCMM",200,21,5,"binary",1,1,1,1,0,0.8,0.7,"uniform",44,FALSE,FALSE,0.5,0.6,0.2,FALSE
1581,"synthetic","LSVCMM",200,21,5,"binary",1,1,1,1,0,0.8,0.7,"uniform",44,FALSE,FALSE,0.5,0.7,0.2,FALSE
1582,"synthetic","LSVCMM",200,21,5,"binary",1,1,1,1,0,0.8,0.7,"uniform",44,FALSE,FALSE,0.5,0.8,0.2,FALSE
1583,"synthetic","LSVCMM",200,21,5,"binary",1,1,1,1,0,0.8,0.7,"uniform",44,FALSE,FALSE,0.5,0.9,0.2,FALSE
1584,"synthetic","LSVCMM",200,21,5,"binary",1,1,1,1,0,0.8,0.7,"uniform",44,FALSE,FALSE,0.5,1,0.2,FALSE
1585,"synthetic","LSVCMM",200,21,5,"binary",1,1,1,1,0,0.8,0.7,"uniform",45,FALSE,FALSE,0.5,0,0.2,FALSE
1586,"synthetic","LSVCMM",200,21,5,"binary",1,1,1,1,0,0.8,0.7,"uniform",45,FALSE,FALSE,0.5,0.1,0.2,FALSE
1587,"synthetic","LSVCMM",200,21,5,"binary",1,1,1,1,0,0.8,0.7,"uniform",45,FALSE,FALSE,0.5,0.2,0.2,FALSE
1588,"synthetic","LSVCMM",200,21,5,"binary",1,1,1,1,0,0.8,0.7,"uniform",45,FALSE,FALSE,0.5,0.3,0.2,FALSE
1589,"synthetic","LSVCMM",200,21,5,"binary",1,1,1,1,0,0.8,0.7,"uniform",45,FALSE,FALSE,0.5,0.4,0.2,FALSE
1590,"synthetic","LSVCMM",200,21,5,"binary",1,1,1,1,0,0.8,0.7,"uniform",45,FALSE,FALSE,0.5,0.5,0.2,FALSE
1591,"synthetic","LSVCMM",200,21,5,"binary",1,1,1,1,0,0.8,0.7,"uniform",45,FALSE,FALSE,0.5,0.6,0.2,FALSE
1592,"synthetic","LSVCMM",200,21,5,"binary",1,1,1,1,0,0.8,0.7,"uniform",45,FALSE,FALSE,0.5,0.7,0.2,FALSE
1593,"synthetic","LSVCMM",200,21,5,"binary",1,1,1,1,0,0.8,0.7,"uniform",45,FALSE,FALSE,0.5,0.8,0.2,FALSE
1594,"synthetic","LSVCMM",200,21,5,"binary",1,1,1,1,0,0.8,0.7,"uniform",45,FALSE,FALSE,0.5,0.9,0.2,FALSE
1595,"synthetic","LSVCMM",200,21,5,"binary",1,1,1,1,0,0.8,0.7,"uniform",45,FALSE,FALSE,0.5,1,0.2,FALSE
1596,"synthetic","LSVCMM",200,21,5,"binary",1,1,1,1,0,0.8,0.7,"uniform",46,FALSE,FALSE,0.5,0,0.2,FALSE
1597,"synthetic","LSVCMM",200,21,5,"binary",1,1,1,1,0,0.8,0.7,"uniform",46,FALSE,FALSE,0.5,0.1,0.2,FALSE
1598,"synthetic","LSVCMM",200,21,5,"binary",1,1,1,1,0,0.8,0.7,"uniform",46,FALSE,FALSE,0.5,0.2,0.2,FALSE
1599,"synthetic","LSVCMM",200,21,5,"binary",1,1,1,1,0,0.8,0.7,"uniform",46,FALSE,FALSE,0.5,0.3,0.2,FALSE
1600,"synthetic","LSVCMM",200,21,5,"binary",1,1,1,1,0,0.8,0.7,"uniform",46,FALSE,FALSE,0.5,0.4,0.2,FALSE
1601,"synthetic","LSVCMM",200,21,5,"binary",1,1,1,1,0,0.8,0.7,"uniform",46,FALSE,FALSE,0.5,0.5,0.2,FALSE
1602,"synthetic","LSVCMM",200,21,5,"binary",1,1,1,1,0,0.8,0.7,"uniform",46,FALSE,FALSE,0.5,0.6,0.2,FALSE
1603,"synthetic","LSVCMM",200,21,5,"binary",1,1,1,1,0,0.8,0.7,"uniform",46,FALSE,FALSE,0.5,0.7,0.2,FALSE
1604,"synthetic","LSVCMM",200,21,5,"binary",1,1,1,1,0,0.8,0.7,"uniform",46,FALSE,FALSE,0.5,0.8,0.2,FALSE
1605,"synthetic","LSVCMM",200,21,5,"binary",1,1,1,1,0,0.8,0.7,"uniform",46,FALSE,FALSE,0.5,0.9,0.2,FALSE
1606,"synthetic","LSVCMM",200,21,5,"binary",1,1,1,1,0,0.8,0.7,"uniform",46,FALSE,FALSE,0.5,1,0.2,FALSE
1607,"synthetic","LSVCMM",200,21,5,"binary",1,1,1,1,0,0.8,0.7,"uniform",47,FALSE,FALSE,0.5,0,0.2,FALSE
1608,"synthetic","LSVCMM",200,21,5,"binary",1,1,1,1,0,0.8,0.7,"uniform",47,FALSE,FALSE,0.5,0.1,0.2,FALSE
1609,"synthetic","LSVCMM",200,21,5,"binary",1,1,1,1,0,0.8,0.7,"uniform",47,FALSE,FALSE,0.5,0.2,0.2,FALSE
1610,"synthetic","LSVCMM",200,21,5,"binary",1,1,1,1,0,0.8,0.7,"uniform",47,FALSE,FALSE,0.5,0.3,0.2,FALSE
1611,"synthetic","LSVCMM",200,21,5,"binary",1,1,1,1,0,0.8,0.7,"uniform",47,FALSE,FALSE,0.5,0.4,0.2,FALSE
1612,"synthetic","LSVCMM",200,21,5,"binary",1,1,1,1,0,0.8,0.7,"uniform",47,FALSE,FALSE,0.5,0.5,0.2,FALSE
1613,"synthetic","LSVCMM",200,21,5,"binary",1,1,1,1,0,0.8,0.7,"uniform",47,FALSE,FALSE,0.5,0.6,0.2,FALSE
1614,"synthetic","LSVCMM",200,21,5,"binary",1,1,1,1,0,0.8,0.7,"uniform",47,FALSE,FALSE,0.5,0.7,0.2,FALSE
1615,"synthetic","LSVCMM",200,21,5,"binary",1,1,1,1,0,0.8,0.7,"uniform",47,FALSE,FALSE,0.5,0.8,0.2,FALSE
1616,"synthetic","LSVCMM",200,21,5,"binary",1,1,1,1,0,0.8,0.7,"uniform",47,FALSE,FALSE,0.5,0.9,0.2,FALSE
1617,"synthetic","LSVCMM",200,21,5,"binary",1,1,1,1,0,0.8,0.7,"uniform",47,FALSE,FALSE,0.5,1,0.2,FALSE
1618,"synthetic","LSVCMM",200,21,5,"binary",1,1,1,1,0,0.8,0.7,"uniform",48,FALSE,FALSE,0.5,0,0.2,FALSE
1619,"synthetic","LSVCMM",200,21,5,"binary",1,1,1,1,0,0.8,0.7,"uniform",48,FALSE,FALSE,0.5,0.1,0.2,FALSE
1620,"synthetic","LSVCMM",200,21,5,"binary",1,1,1,1,0,0.8,0.7,"uniform",48,FALSE,FALSE,0.5,0.2,0.2,FALSE
1621,"synthetic","LSVCMM",200,21,5,"binary",1,1,1,1,0,0.8,0.7,"uniform",48,FALSE,FALSE,0.5,0.3,0.2,FALSE
1622,"synthetic","LSVCMM",200,21,5,"binary",1,1,1,1,0,0.8,0.7,"uniform",48,FALSE,FALSE,0.5,0.4,0.2,FALSE
1623,"synthetic","LSVCMM",200,21,5,"binary",1,1,1,1,0,0.8,0.7,"uniform",48,FALSE,FALSE,0.5,0.5,0.2,FALSE
1624,"synthetic","LSVCMM",200,21,5,"binary",1,1,1,1,0,0.8,0.7,"uniform",48,FALSE,FALSE,0.5,0.6,0.2,FALSE
1625,"synthetic","LSVCMM",200,21,5,"binary",1,1,1,1,0,0.8,0.7,"uniform",48,FALSE,FALSE,0.5,0.7,0.2,FALSE
1626,"synthetic","LSVCMM",200,21,5,"binary",1,1,1,1,0,0.8,0.7,"uniform",48,FALSE,FALSE,0.5,0.8,0.2,FALSE
1627,"synthetic","LSVCMM",200,21,5,"binary",1,1,1,1,0,0.8,0.7,"uniform",48,FALSE,FALSE,0.5,0.9,0.2,FALSE
1628,"synthetic","LSVCMM",200,21,5,"binary",1,1,1,1,0,0.8,0.7,"uniform",48,FALSE,FALSE,0.5,1,0.2,FALSE
1629,"synthetic","LSVCMM",200,21,5,"binary",1,1,1,1,0,0.8,0.7,"uniform",49,FALSE,FALSE,0.5,0,0.2,FALSE
1630,"synthetic","LSVCMM",200,21,5,"binary",1,1,1,1,0,0.8,0.7,"uniform",49,FALSE,FALSE,0.5,0.1,0.2,FALSE
1631,"synthetic","LSVCMM",200,21,5,"binary",1,1,1,1,0,0.8,0.7,"uniform",49,FALSE,FALSE,0.5,0.2,0.2,FALSE
1632,"synthetic","LSVCMM",200,21,5,"binary",1,1,1,1,0,0.8,0.7,"uniform",49,FALSE,FALSE,0.5,0.3,0.2,FALSE
1633,"synthetic","LSVCMM",200,21,5,"binary",1,1,1,1,0,0.8,0.7,"uniform",49,FALSE,FALSE,0.5,0.4,0.2,FALSE
1634,"synthetic","LSVCMM",200,21,5,"binary",1,1,1,1,0,0.8,0.7,"uniform",49,FALSE,FALSE,0.5,0.5,0.2,FALSE
1635,"synthetic","LSVCMM",200,21,5,"binary",1,1,1,1,0,0.8,0.7,"uniform",49,FALSE,FALSE,0.5,0.6,0.2,FALSE
1636,"synthetic","LSVCMM",200,21,5,"binary",1,1,1,1,0,0.8,0.7,"uniform",49,FALSE,FALSE,0.5,0.7,0.2,FALSE
1637,"synthetic","LSVCMM",200,21,5,"binary",1,1,1,1,0,0.8,0.7,"uniform",49,FALSE,FALSE,0.5,0.8,0.2,FALSE
1638,"synthetic","LSVCMM",200,21,5,"binary",1,1,1,1,0,0.8,0.7,"uniform",49,FALSE,FALSE,0.5,0.9,0.2,FALSE
1639,"synthetic","LSVCMM",200,21,5,"binary",1,1,1,1,0,0.8,0.7,"uniform",49,FALSE,FALSE,0.5,1,0.2,FALSE
1640,"synthetic","LSVCMM",200,21,5,"binary",1,1,1,1,0,0.8,0.7,"uniform",50,FALSE,FALSE,0.5,0,0.2,FALSE
1641,"synthetic","LSVCMM",200,21,5,"binary",1,1,1,1,0,0.8,0.7,"uniform",50,FALSE,FALSE,0.5,0.1,0.2,FALSE
1642,"synthetic","LSVCMM",200,21,5,"binary",1,1,1,1,0,0.8,0.7,"uniform",50,FALSE,FALSE,0.5,0.2,0.2,FALSE
1643,"synthetic","LSVCMM",200,21,5,"binary",1,1,1,1,0,0.8,0.7,"uniform",50,FALSE,FALSE,0.5,0.3,0.2,FALSE
1644,"synthetic","LSVCMM",200,21,5,"binary",1,1,1,1,0,0.8,0.7,"uniform",50,FALSE,FALSE,0.5,0.4,0.2,FALSE
1645,"synthetic","LSVCMM",200,21,5,"binary",1,1,1,1,0,0.8,0.7,"uniform",50,FALSE,FALSE,0.5,0.5,0.2,FALSE
1646,"synthetic","LSVCMM",200,21,5,"binary",1,1,1,1,0,0.8,0.7,"uniform",50,FALSE,FALSE,0.5,0.6,0.2,FALSE
1647,"synthetic","LSVCMM",200,21,5,"binary",1,1,1,1,0,0.8,0.7,"uniform",50,FALSE,FALSE,0.5,0.7,0.2,FALSE
1648,"synthetic","LSVCMM",200,21,5,"binary",1,1,1,1,0,0.8,0.7,"uniform",50,FALSE,FALSE,0.5,0.8,0.2,FALSE
1649,"synthetic","LSVCMM",200,21,5,"binary",1,1,1,1,0,0.8,0.7,"uniform",50,FALSE,FALSE,0.5,0.9,0.2,FALSE
1650,"synthetic","LSVCMM",200,21,5,"binary",1,1,1,1,0,0.8,0.7,"uniform",50,FALSE,FALSE,0.5,1,0.2,FALSE
1651,"synthetic","LSVCMM",200,21,5,"binary",1,1,1,1,0,0.8,0.7,"uniform",51,FALSE,FALSE,0.5,0,0.2,FALSE
1652,"synthetic","LSVCMM",200,21,5,"binary",1,1,1,1,0,0.8,0.7,"uniform",51,FALSE,FALSE,0.5,0.1,0.2,FALSE
1653,"synthetic","LSVCMM",200,21,5,"binary",1,1,1,1,0,0.8,0.7,"uniform",51,FALSE,FALSE,0.5,0.2,0.2,FALSE
1654,"synthetic","LSVCMM",200,21,5,"binary",1,1,1,1,0,0.8,0.7,"uniform",51,FALSE,FALSE,0.5,0.3,0.2,FALSE
1655,"synthetic","LSVCMM",200,21,5,"binary",1,1,1,1,0,0.8,0.7,"uniform",51,FALSE,FALSE,0.5,0.4,0.2,FALSE
1656,"synthetic","LSVCMM",200,21,5,"binary",1,1,1,1,0,0.8,0.7,"uniform",51,FALSE,FALSE,0.5,0.5,0.2,FALSE
1657,"synthetic","LSVCMM",200,21,5,"binary",1,1,1,1,0,0.8,0.7,"uniform",51,FALSE,FALSE,0.5,0.6,0.2,FALSE
1658,"synthetic","LSVCMM",200,21,5,"binary",1,1,1,1,0,0.8,0.7,"uniform",51,FALSE,FALSE,0.5,0.7,0.2,FALSE
1659,"synthetic","LSVCMM",200,21,5,"binary",1,1,1,1,0,0.8,0.7,"uniform",51,FALSE,FALSE,0.5,0.8,0.2,FALSE
1660,"synthetic","LSVCMM",200,21,5,"binary",1,1,1,1,0,0.8,0.7,"uniform",51,FALSE,FALSE,0.5,0.9,0.2,FALSE
1661,"synthetic","LSVCMM",200,21,5,"binary",1,1,1,1,0,0.8,0.7,"uniform",51,FALSE,FALSE,0.5,1,0.2,FALSE
1662,"synthetic","LSVCMM",200,21,5,"binary",1,1,1,1,0,0.8,0.7,"uniform",52,FALSE,FALSE,0.5,0,0.2,FALSE
1663,"synthetic","LSVCMM",200,21,5,"binary",1,1,1,1,0,0.8,0.7,"uniform",52,FALSE,FALSE,0.5,0.1,0.2,FALSE
1664,"synthetic","LSVCMM",200,21,5,"binary",1,1,1,1,0,0.8,0.7,"uniform",52,FALSE,FALSE,0.5,0.2,0.2,FALSE
1665,"synthetic","LSVCMM",200,21,5,"binary",1,1,1,1,0,0.8,0.7,"uniform",52,FALSE,FALSE,0.5,0.3,0.2,FALSE
1666,"synthetic","LSVCMM",200,21,5,"binary",1,1,1,1,0,0.8,0.7,"uniform",52,FALSE,FALSE,0.5,0.4,0.2,FALSE
1667,"synthetic","LSVCMM",200,21,5,"binary",1,1,1,1,0,0.8,0.7,"uniform",52,FALSE,FALSE,0.5,0.5,0.2,FALSE
1668,"synthetic","LSVCMM",200,21,5,"binary",1,1,1,1,0,0.8,0.7,"uniform",52,FALSE,FALSE,0.5,0.6,0.2,FALSE
1669,"synthetic","LSVCMM",200,21,5,"binary",1,1,1,1,0,0.8,0.7,"uniform",52,FALSE,FALSE,0.5,0.7,0.2,FALSE
1670,"synthetic","LSVCMM",200,21,5,"binary",1,1,1,1,0,0.8,0.7,"uniform",52,FALSE,FALSE,0.5,0.8,0.2,FALSE
1671,"synthetic","LSVCMM",200,21,5,"binary",1,1,1,1,0,0.8,0.7,"uniform",52,FALSE,FALSE,0.5,0.9,0.2,FALSE
1672,"synthetic","LSVCMM",200,21,5,"binary",1,1,1,1,0,0.8,0.7,"uniform",52,FALSE,FALSE,0.5,1,0.2,FALSE
1673,"synthetic","LSVCMM",200,21,5,"binary",1,1,1,1,0,0.8,0.7,"uniform",53,FALSE,FALSE,0.5,0,0.2,FALSE
1674,"synthetic","LSVCMM",200,21,5,"binary",1,1,1,1,0,0.8,0.7,"uniform",53,FALSE,FALSE,0.5,0.1,0.2,FALSE
1675,"synthetic","LSVCMM",200,21,5,"binary",1,1,1,1,0,0.8,0.7,"uniform",53,FALSE,FALSE,0.5,0.2,0.2,FALSE
1676,"synthetic","LSVCMM",200,21,5,"binary",1,1,1,1,0,0.8,0.7,"uniform",53,FALSE,FALSE,0.5,0.3,0.2,FALSE
1677,"synthetic","LSVCMM",200,21,5,"binary",1,1,1,1,0,0.8,0.7,"uniform",53,FALSE,FALSE,0.5,0.4,0.2,FALSE
1678,"synthetic","LSVCMM",200,21,5,"binary",1,1,1,1,0,0.8,0.7,"uniform",53,FALSE,FALSE,0.5,0.5,0.2,FALSE
1679,"synthetic","LSVCMM",200,21,5,"binary",1,1,1,1,0,0.8,0.7,"uniform",53,FALSE,FALSE,0.5,0.6,0.2,FALSE
1680,"synthetic","LSVCMM",200,21,5,"binary",1,1,1,1,0,0.8,0.7,"uniform",53,FALSE,FALSE,0.5,0.7,0.2,FALSE
1681,"synthetic","LSVCMM",200,21,5,"binary",1,1,1,1,0,0.8,0.7,"uniform",53,FALSE,FALSE,0.5,0.8,0.2,FALSE
1682,"synthetic","LSVCMM",200,21,5,"binary",1,1,1,1,0,0.8,0.7,"uniform",53,FALSE,FALSE,0.5,0.9,0.2,FALSE
1683,"synthetic","LSVCMM",200,21,5,"binary",1,1,1,1,0,0.8,0.7,"uniform",53,FALSE,FALSE,0.5,1,0.2,FALSE
1684,"synthetic","LSVCMM",200,21,5,"binary",1,1,1,1,0,0.8,0.7,"uniform",54,FALSE,FALSE,0.5,0,0.2,FALSE
1685,"synthetic","LSVCMM",200,21,5,"binary",1,1,1,1,0,0.8,0.7,"uniform",54,FALSE,FALSE,0.5,0.1,0.2,FALSE
1686,"synthetic","LSVCMM",200,21,5,"binary",1,1,1,1,0,0.8,0.7,"uniform",54,FALSE,FALSE,0.5,0.2,0.2,FALSE
1687,"synthetic","LSVCMM",200,21,5,"binary",1,1,1,1,0,0.8,0.7,"uniform",54,FALSE,FALSE,0.5,0.3,0.2,FALSE
1688,"synthetic","LSVCMM",200,21,5,"binary",1,1,1,1,0,0.8,0.7,"uniform",54,FALSE,FALSE,0.5,0.4,0.2,FALSE
1689,"synthetic","LSVCMM",200,21,5,"binary",1,1,1,1,0,0.8,0.7,"uniform",54,FALSE,FALSE,0.5,0.5,0.2,FALSE
1690,"synthetic","LSVCMM",200,21,5,"binary",1,1,1,1,0,0.8,0.7,"uniform",54,FALSE,FALSE,0.5,0.6,0.2,FALSE
1691,"synthetic","LSVCMM",200,21,5,"binary",1,1,1,1,0,0.8,0.7,"uniform",54,FALSE,FALSE,0.5,0.7,0.2,FALSE
1692,"synthetic","LSVCMM",200,21,5,"binary",1,1,1,1,0,0.8,0.7,"uniform",54,FALSE,FALSE,0.5,0.8,0.2,FALSE
1693,"synthetic","LSVCMM",200,21,5,"binary",1,1,1,1,0,0.8,0.7,"uniform",54,FALSE,FALSE,0.5,0.9,0.2,FALSE
1694,"synthetic","LSVCMM",200,21,5,"binary",1,1,1,1,0,0.8,0.7,"uniform",54,FALSE,FALSE,0.5,1,0.2,FALSE
1695,"synthetic","LSVCMM",200,21,5,"binary",1,1,1,1,0,0.8,0.7,"uniform",55,FALSE,FALSE,0.5,0,0.2,FALSE
1696,"synthetic","LSVCMM",200,21,5,"binary",1,1,1,1,0,0.8,0.7,"uniform",55,FALSE,FALSE,0.5,0.1,0.2,FALSE
1697,"synthetic","LSVCMM",200,21,5,"binary",1,1,1,1,0,0.8,0.7,"uniform",55,FALSE,FALSE,0.5,0.2,0.2,FALSE
1698,"synthetic","LSVCMM",200,21,5,"binary",1,1,1,1,0,0.8,0.7,"uniform",55,FALSE,FALSE,0.5,0.3,0.2,FALSE
1699,"synthetic","LSVCMM",200,21,5,"binary",1,1,1,1,0,0.8,0.7,"uniform",55,FALSE,FALSE,0.5,0.4,0.2,FALSE
1700,"synthetic","LSVCMM",200,21,5,"binary",1,1,1,1,0,0.8,0.7,"uniform",55,FALSE,FALSE,0.5,0.5,0.2,FALSE
1701,"synthetic","LSVCMM",200,21,5,"binary",1,1,1,1,0,0.8,0.7,"uniform",55,FALSE,FALSE,0.5,0.6,0.2,FALSE
1702,"synthetic","LSVCMM",200,21,5,"binary",1,1,1,1,0,0.8,0.7,"uniform",55,FALSE,FALSE,0.5,0.7,0.2,FALSE
1703,"synthetic","LSVCMM",200,21,5,"binary",1,1,1,1,0,0.8,0.7,"uniform",55,FALSE,FALSE,0.5,0.8,0.2,FALSE
1704,"synthetic","LSVCMM",200,21,5,"binary",1,1,1,1,0,0.8,0.7,"uniform",55,FALSE,FALSE,0.5,0.9,0.2,FALSE
1705,"synthetic","LSVCMM",200,21,5,"binary",1,1,1,1,0,0.8,0.7,"uniform",55,FALSE,FALSE,0.5,1,0.2,FALSE
1706,"synthetic","LSVCMM",200,21,5,"binary",1,1,1,1,0,0.8,0.7,"uniform",56,FALSE,FALSE,0.5,0,0.2,FALSE
1707,"synthetic","LSVCMM",200,21,5,"binary",1,1,1,1,0,0.8,0.7,"uniform",56,FALSE,FALSE,0.5,0.1,0.2,FALSE
1708,"synthetic","LSVCMM",200,21,5,"binary",1,1,1,1,0,0.8,0.7,"uniform",56,FALSE,FALSE,0.5,0.2,0.2,FALSE
1709,"synthetic","LSVCMM",200,21,5,"binary",1,1,1,1,0,0.8,0.7,"uniform",56,FALSE,FALSE,0.5,0.3,0.2,FALSE
1710,"synthetic","LSVCMM",200,21,5,"binary",1,1,1,1,0,0.8,0.7,"uniform",56,FALSE,FALSE,0.5,0.4,0.2,FALSE
1711,"synthetic","LSVCMM",200,21,5,"binary",1,1,1,1,0,0.8,0.7,"uniform",56,FALSE,FALSE,0.5,0.5,0.2,FALSE
1712,"synthetic","LSVCMM",200,21,5,"binary",1,1,1,1,0,0.8,0.7,"uniform",56,FALSE,FALSE,0.5,0.6,0.2,FALSE
1713,"synthetic","LSVCMM",200,21,5,"binary",1,1,1,1,0,0.8,0.7,"uniform",56,FALSE,FALSE,0.5,0.7,0.2,FALSE
1714,"synthetic","LSVCMM",200,21,5,"binary",1,1,1,1,0,0.8,0.7,"uniform",56,FALSE,FALSE,0.5,0.8,0.2,FALSE
1715,"synthetic","LSVCMM",200,21,5,"binary",1,1,1,1,0,0.8,0.7,"uniform",56,FALSE,FALSE,0.5,0.9,0.2,FALSE
1716,"synthetic","LSVCMM",200,21,5,"binary",1,1,1,1,0,0.8,0.7,"uniform",56,FALSE,FALSE,0.5,1,0.2,FALSE
1717,"synthetic","LSVCMM",200,21,5,"binary",1,1,1,1,0,0.8,0.7,"uniform",57,FALSE,FALSE,0.5,0,0.2,FALSE
1718,"synthetic","LSVCMM",200,21,5,"binary",1,1,1,1,0,0.8,0.7,"uniform",57,FALSE,FALSE,0.5,0.1,0.2,FALSE
1719,"synthetic","LSVCMM",200,21,5,"binary",1,1,1,1,0,0.8,0.7,"uniform",57,FALSE,FALSE,0.5,0.2,0.2,FALSE
1720,"synthetic","LSVCMM",200,21,5,"binary",1,1,1,1,0,0.8,0.7,"uniform",57,FALSE,FALSE,0.5,0.3,0.2,FALSE
1721,"synthetic","LSVCMM",200,21,5,"binary",1,1,1,1,0,0.8,0.7,"uniform",57,FALSE,FALSE,0.5,0.4,0.2,FALSE
1722,"synthetic","LSVCMM",200,21,5,"binary",1,1,1,1,0,0.8,0.7,"uniform",57,FALSE,FALSE,0.5,0.5,0.2,FALSE
1723,"synthetic","LSVCMM",200,21,5,"binary",1,1,1,1,0,0.8,0.7,"uniform",57,FALSE,FALSE,0.5,0.6,0.2,FALSE
1724,"synthetic","LSVCMM",200,21,5,"binary",1,1,1,1,0,0.8,0.7,"uniform",57,FALSE,FALSE,0.5,0.7,0.2,FALSE
1725,"synthetic","LSVCMM",200,21,5,"binary",1,1,1,1,0,0.8,0.7,"uniform",57,FALSE,FALSE,0.5,0.8,0.2,FALSE
1726,"synthetic","LSVCMM",200,21,5,"binary",1,1,1,1,0,0.8,0.7,"uniform",57,FALSE,FALSE,0.5,0.9,0.2,FALSE
1727,"synthetic","LSVCMM",200,21,5,"binary",1,1,1,1,0,0.8,0.7,"uniform",57,FALSE,FALSE,0.5,1,0.2,FALSE
1728,"synthetic","LSVCMM",200,21,5,"binary",1,1,1,1,0,0.8,0.7,"uniform",58,FALSE,FALSE,0.5,0,0.2,FALSE
1729,"synthetic","LSVCMM",200,21,5,"binary",1,1,1,1,0,0.8,0.7,"uniform",58,FALSE,FALSE,0.5,0.1,0.2,FALSE
1730,"synthetic","LSVCMM",200,21,5,"binary",1,1,1,1,0,0.8,0.7,"uniform",58,FALSE,FALSE,0.5,0.2,0.2,FALSE
1731,"synthetic","LSVCMM",200,21,5,"binary",1,1,1,1,0,0.8,0.7,"uniform",58,FALSE,FALSE,0.5,0.3,0.2,FALSE
1732,"synthetic","LSVCMM",200,21,5,"binary",1,1,1,1,0,0.8,0.7,"uniform",58,FALSE,FALSE,0.5,0.4,0.2,FALSE
1733,"synthetic","LSVCMM",200,21,5,"binary",1,1,1,1,0,0.8,0.7,"uniform",58,FALSE,FALSE,0.5,0.5,0.2,FALSE
1734,"synthetic","LSVCMM",200,21,5,"binary",1,1,1,1,0,0.8,0.7,"uniform",58,FALSE,FALSE,0.5,0.6,0.2,FALSE
1735,"synthetic","LSVCMM",200,21,5,"binary",1,1,1,1,0,0.8,0.7,"uniform",58,FALSE,FALSE,0.5,0.7,0.2,FALSE
1736,"synthetic","LSVCMM",200,21,5,"binary",1,1,1,1,0,0.8,0.7,"uniform",58,FALSE,FALSE,0.5,0.8,0.2,FALSE
1737,"synthetic","LSVCMM",200,21,5,"binary",1,1,1,1,0,0.8,0.7,"uniform",58,FALSE,FALSE,0.5,0.9,0.2,FALSE
1738,"synthetic","LSVCMM",200,21,5,"binary",1,1,1,1,0,0.8,0.7,"uniform",58,FALSE,FALSE,0.5,1,0.2,FALSE
1739,"synthetic","LSVCMM",200,21,5,"binary",1,1,1,1,0,0.8,0.7,"uniform",59,FALSE,FALSE,0.5,0,0.2,FALSE
1740,"synthetic","LSVCMM",200,21,5,"binary",1,1,1,1,0,0.8,0.7,"uniform",59,FALSE,FALSE,0.5,0.1,0.2,FALSE
1741,"synthetic","LSVCMM",200,21,5,"binary",1,1,1,1,0,0.8,0.7,"uniform",59,FALSE,FALSE,0.5,0.2,0.2,FALSE
1742,"synthetic","LSVCMM",200,21,5,"binary",1,1,1,1,0,0.8,0.7,"uniform",59,FALSE,FALSE,0.5,0.3,0.2,FALSE
1743,"synthetic","LSVCMM",200,21,5,"binary",1,1,1,1,0,0.8,0.7,"uniform",59,FALSE,FALSE,0.5,0.4,0.2,FALSE
1744,"synthetic","LSVCMM",200,21,5,"binary",1,1,1,1,0,0.8,0.7,"uniform",59,FALSE,FALSE,0.5,0.5,0.2,FALSE
1745,"synthetic","LSVCMM",200,21,5,"binary",1,1,1,1,0,0.8,0.7,"uniform",59,FALSE,FALSE,0.5,0.6,0.2,FALSE
1746,"synthetic","LSVCMM",200,21,5,"binary",1,1,1,1,0,0.8,0.7,"uniform",59,FALSE,FALSE,0.5,0.7,0.2,FALSE
1747,"synthetic","LSVCMM",200,21,5,"binary",1,1,1,1,0,0.8,0.7,"uniform",59,FALSE,FALSE,0.5,0.8,0.2,FALSE
1748,"synthetic","LSVCMM",200,21,5,"binary",1,1,1,1,0,0.8,0.7,"uniform",59,FALSE,FALSE,0.5,0.9,0.2,FALSE
1749,"synthetic","LSVCMM",200,21,5,"binary",1,1,1,1,0,0.8,0.7,"uniform",59,FALSE,FALSE,0.5,1,0.2,FALSE
1750,"synthetic","LSVCMM",200,21,5,"binary",1,1,1,1,0,0.8,0.7,"uniform",60,FALSE,FALSE,0.5,0,0.2,FALSE
1751,"synthetic","LSVCMM",200,21,5,"binary",1,1,1,1,0,0.8,0.7,"uniform",60,FALSE,FALSE,0.5,0.1,0.2,FALSE
1752,"synthetic","LSVCMM",200,21,5,"binary",1,1,1,1,0,0.8,0.7,"uniform",60,FALSE,FALSE,0.5,0.2,0.2,FALSE
1753,"synthetic","LSVCMM",200,21,5,"binary",1,1,1,1,0,0.8,0.7,"uniform",60,FALSE,FALSE,0.5,0.3,0.2,FALSE
1754,"synthetic","LSVCMM",200,21,5,"binary",1,1,1,1,0,0.8,0.7,"uniform",60,FALSE,FALSE,0.5,0.4,0.2,FALSE
1755,"synthetic","LSVCMM",200,21,5,"binary",1,1,1,1,0,0.8,0.7,"uniform",60,FALSE,FALSE,0.5,0.5,0.2,FALSE
1756,"synthetic","LSVCMM",200,21,5,"binary",1,1,1,1,0,0.8,0.7,"uniform",60,FALSE,FALSE,0.5,0.6,0.2,FALSE
1757,"synthetic","LSVCMM",200,21,5,"binary",1,1,1,1,0,0.8,0.7,"uniform",60,FALSE,FALSE,0.5,0.7,0.2,FALSE
1758,"synthetic","LSVCMM",200,21,5,"binary",1,1,1,1,0,0.8,0.7,"uniform",60,FALSE,FALSE,0.5,0.8,0.2,FALSE
1759,"synthetic","LSVCMM",200,21,5,"binary",1,1,1,1,0,0.8,0.7,"uniform",60,FALSE,FALSE,0.5,0.9,0.2,FALSE
1760,"synthetic","LSVCMM",200,21,5,"binary",1,1,1,1,0,0.8,0.7,"uniform",60,FALSE,FALSE,0.5,1,0.2,FALSE
1761,"synthetic","LSVCMM",200,21,5,"binary",1,1,1,1,0,0.8,0.7,"uniform",61,FALSE,FALSE,0.5,0,0.2,FALSE
1762,"synthetic","LSVCMM",200,21,5,"binary",1,1,1,1,0,0.8,0.7,"uniform",61,FALSE,FALSE,0.5,0.1,0.2,FALSE
1763,"synthetic","LSVCMM",200,21,5,"binary",1,1,1,1,0,0.8,0.7,"uniform",61,FALSE,FALSE,0.5,0.2,0.2,FALSE
1764,"synthetic","LSVCMM",200,21,5,"binary",1,1,1,1,0,0.8,0.7,"uniform",61,FALSE,FALSE,0.5,0.3,0.2,FALSE
1765,"synthetic","LSVCMM",200,21,5,"binary",1,1,1,1,0,0.8,0.7,"uniform",61,FALSE,FALSE,0.5,0.4,0.2,FALSE
1766,"synthetic","LSVCMM",200,21,5,"binary",1,1,1,1,0,0.8,0.7,"uniform",61,FALSE,FALSE,0.5,0.5,0.2,FALSE
1767,"synthetic","LSVCMM",200,21,5,"binary",1,1,1,1,0,0.8,0.7,"uniform",61,FALSE,FALSE,0.5,0.6,0.2,FALSE
1768,"synthetic","LSVCMM",200,21,5,"binary",1,1,1,1,0,0.8,0.7,"uniform",61,FALSE,FALSE,0.5,0.7,0.2,FALSE
1769,"synthetic","LSVCMM",200,21,5,"binary",1,1,1,1,0,0.8,0.7,"uniform",61,FALSE,FALSE,0.5,0.8,0.2,FALSE
1770,"synthetic","LSVCMM",200,21,5,"binary",1,1,1,1,0,0.8,0.7,"uniform",61,FALSE,FALSE,0.5,0.9,0.2,FALSE
1771,"synthetic","LSVCMM",200,21,5,"binary",1,1,1,1,0,0.8,0.7,"uniform",61,FALSE,FALSE,0.5,1,0.2,FALSE
1772,"synthetic","LSVCMM",200,21,5,"binary",1,1,1,1,0,0.8,0.7,"uniform",62,FALSE,FALSE,0.5,0,0.2,FALSE
1773,"synthetic","LSVCMM",200,21,5,"binary",1,1,1,1,0,0.8,0.7,"uniform",62,FALSE,FALSE,0.5,0.1,0.2,FALSE
1774,"synthetic","LSVCMM",200,21,5,"binary",1,1,1,1,0,0.8,0.7,"uniform",62,FALSE,FALSE,0.5,0.2,0.2,FALSE
1775,"synthetic","LSVCMM",200,21,5,"binary",1,1,1,1,0,0.8,0.7,"uniform",62,FALSE,FALSE,0.5,0.3,0.2,FALSE
1776,"synthetic","LSVCMM",200,21,5,"binary",1,1,1,1,0,0.8,0.7,"uniform",62,FALSE,FALSE,0.5,0.4,0.2,FALSE
1777,"synthetic","LSVCMM",200,21,5,"binary",1,1,1,1,0,0.8,0.7,"uniform",62,FALSE,FALSE,0.5,0.5,0.2,FALSE
1778,"synthetic","LSVCMM",200,21,5,"binary",1,1,1,1,0,0.8,0.7,"uniform",62,FALSE,FALSE,0.5,0.6,0.2,FALSE
1779,"synthetic","LSVCMM",200,21,5,"binary",1,1,1,1,0,0.8,0.7,"uniform",62,FALSE,FALSE,0.5,0.7,0.2,FALSE
1780,"synthetic","LSVCMM",200,21,5,"binary",1,1,1,1,0,0.8,0.7,"uniform",62,FALSE,FALSE,0.5,0.8,0.2,FALSE
1781,"synthetic","LSVCMM",200,21,5,"binary",1,1,1,1,0,0.8,0.7,"uniform",62,FALSE,FALSE,0.5,0.9,0.2,FALSE
1782,"synthetic","LSVCMM",200,21,5,"binary",1,1,1,1,0,0.8,0.7,"uniform",62,FALSE,FALSE,0.5,1,0.2,FALSE
1783,"synthetic","LSVCMM",200,21,5,"binary",1,1,1,1,0,0.8,0.7,"uniform",63,FALSE,FALSE,0.5,0,0.2,FALSE
1784,"synthetic","LSVCMM",200,21,5,"binary",1,1,1,1,0,0.8,0.7,"uniform",63,FALSE,FALSE,0.5,0.1,0.2,FALSE
1785,"synthetic","LSVCMM",200,21,5,"binary",1,1,1,1,0,0.8,0.7,"uniform",63,FALSE,FALSE,0.5,0.2,0.2,FALSE
1786,"synthetic","LSVCMM",200,21,5,"binary",1,1,1,1,0,0.8,0.7,"uniform",63,FALSE,FALSE,0.5,0.3,0.2,FALSE
1787,"synthetic","LSVCMM",200,21,5,"binary",1,1,1,1,0,0.8,0.7,"uniform",63,FALSE,FALSE,0.5,0.4,0.2,FALSE
1788,"synthetic","LSVCMM",200,21,5,"binary",1,1,1,1,0,0.8,0.7,"uniform",63,FALSE,FALSE,0.5,0.5,0.2,FALSE
1789,"synthetic","LSVCMM",200,21,5,"binary",1,1,1,1,0,0.8,0.7,"uniform",63,FALSE,FALSE,0.5,0.6,0.2,FALSE
1790,"synthetic","LSVCMM",200,21,5,"binary",1,1,1,1,0,0.8,0.7,"uniform",63,FALSE,FALSE,0.5,0.7,0.2,FALSE
1791,"synthetic","LSVCMM",200,21,5,"binary",1,1,1,1,0,0.8,0.7,"uniform",63,FALSE,FALSE,0.5,0.8,0.2,FALSE
1792,"synthetic","LSVCMM",200,21,5,"binary",1,1,1,1,0,0.8,0.7,"uniform",63,FALSE,FALSE,0.5,0.9,0.2,FALSE
1793,"synthetic","LSVCMM",200,21,5,"binary",1,1,1,1,0,0.8,0.7,"uniform",63,FALSE,FALSE,0.5,1,0.2,FALSE
1794,"synthetic","LSVCMM",200,21,5,"binary",1,1,1,1,0,0.8,0.7,"uniform",64,FALSE,FALSE,0.5,0,0.2,FALSE
1795,"synthetic","LSVCMM",200,21,5,"binary",1,1,1,1,0,0.8,0.7,"uniform",64,FALSE,FALSE,0.5,0.1,0.2,FALSE
1796,"synthetic","LSVCMM",200,21,5,"binary",1,1,1,1,0,0.8,0.7,"uniform",64,FALSE,FALSE,0.5,0.2,0.2,FALSE
1797,"synthetic","LSVCMM",200,21,5,"binary",1,1,1,1,0,0.8,0.7,"uniform",64,FALSE,FALSE,0.5,0.3,0.2,FALSE
1798,"synthetic","LSVCMM",200,21,5,"binary",1,1,1,1,0,0.8,0.7,"uniform",64,FALSE,FALSE,0.5,0.4,0.2,FALSE
1799,"synthetic","LSVCMM",200,21,5,"binary",1,1,1,1,0,0.8,0.7,"uniform",64,FALSE,FALSE,0.5,0.5,0.2,FALSE
1800,"synthetic","LSVCMM",200,21,5,"binary",1,1,1,1,0,0.8,0.7,"uniform",64,FALSE,FALSE,0.5,0.6,0.2,FALSE
1801,"synthetic","LSVCMM",200,21,5,"binary",1,1,1,1,0,0.8,0.7,"uniform",64,FALSE,FALSE,0.5,0.7,0.2,FALSE
1802,"synthetic","LSVCMM",200,21,5,"binary",1,1,1,1,0,0.8,0.7,"uniform",64,FALSE,FALSE,0.5,0.8,0.2,FALSE
1803,"synthetic","LSVCMM",200,21,5,"binary",1,1,1,1,0,0.8,0.7,"uniform",64,FALSE,FALSE,0.5,0.9,0.2,FALSE
1804,"synthetic","LSVCMM",200,21,5,"binary",1,1,1,1,0,0.8,0.7,"uniform",64,FALSE,FALSE,0.5,1,0.2,FALSE
1805,"synthetic","LSVCMM",200,21,5,"binary",1,1,1,1,0,0.8,0.7,"uniform",65,FALSE,FALSE,0.5,0,0.2,FALSE
1806,"synthetic","LSVCMM",200,21,5,"binary",1,1,1,1,0,0.8,0.7,"uniform",65,FALSE,FALSE,0.5,0.1,0.2,FALSE
1807,"synthetic","LSVCMM",200,21,5,"binary",1,1,1,1,0,0.8,0.7,"uniform",65,FALSE,FALSE,0.5,0.2,0.2,FALSE
1808,"synthetic","LSVCMM",200,21,5,"binary",1,1,1,1,0,0.8,0.7,"uniform",65,FALSE,FALSE,0.5,0.3,0.2,FALSE
1809,"synthetic","LSVCMM",200,21,5,"binary",1,1,1,1,0,0.8,0.7,"uniform",65,FALSE,FALSE,0.5,0.4,0.2,FALSE
1810,"synthetic","LSVCMM",200,21,5,"binary",1,1,1,1,0,0.8,0.7,"uniform",65,FALSE,FALSE,0.5,0.5,0.2,FALSE
1811,"synthetic","LSVCMM",200,21,5,"binary",1,1,1,1,0,0.8,0.7,"uniform",65,FALSE,FALSE,0.5,0.6,0.2,FALSE
1812,"synthetic","LSVCMM",200,21,5,"binary",1,1,1,1,0,0.8,0.7,"uniform",65,FALSE,FALSE,0.5,0.7,0.2,FALSE
1813,"synthetic","LSVCMM",200,21,5,"binary",1,1,1,1,0,0.8,0.7,"uniform",65,FALSE,FALSE,0.5,0.8,0.2,FALSE
1814,"synthetic","LSVCMM",200,21,5,"binary",1,1,1,1,0,0.8,0.7,"uniform",65,FALSE,FALSE,0.5,0.9,0.2,FALSE
1815,"synthetic","LSVCMM",200,21,5,"binary",1,1,1,1,0,0.8,0.7,"uniform",65,FALSE,FALSE,0.5,1,0.2,FALSE
1816,"synthetic","LSVCMM",200,21,5,"binary",1,1,1,1,0,0.8,0.7,"uniform",66,FALSE,FALSE,0.5,0,0.2,FALSE
1817,"synthetic","LSVCMM",200,21,5,"binary",1,1,1,1,0,0.8,0.7,"uniform",66,FALSE,FALSE,0.5,0.1,0.2,FALSE
1818,"synthetic","LSVCMM",200,21,5,"binary",1,1,1,1,0,0.8,0.7,"uniform",66,FALSE,FALSE,0.5,0.2,0.2,FALSE
1819,"synthetic","LSVCMM",200,21,5,"binary",1,1,1,1,0,0.8,0.7,"uniform",66,FALSE,FALSE,0.5,0.3,0.2,FALSE
1820,"synthetic","LSVCMM",200,21,5,"binary",1,1,1,1,0,0.8,0.7,"uniform",66,FALSE,FALSE,0.5,0.4,0.2,FALSE
1821,"synthetic","LSVCMM",200,21,5,"binary",1,1,1,1,0,0.8,0.7,"uniform",66,FALSE,FALSE,0.5,0.5,0.2,FALSE
1822,"synthetic","LSVCMM",200,21,5,"binary",1,1,1,1,0,0.8,0.7,"uniform",66,FALSE,FALSE,0.5,0.6,0.2,FALSE
1823,"synthetic","LSVCMM",200,21,5,"binary",1,1,1,1,0,0.8,0.7,"uniform",66,FALSE,FALSE,0.5,0.7,0.2,FALSE
1824,"synthetic","LSVCMM",200,21,5,"binary",1,1,1,1,0,0.8,0.7,"uniform",66,FALSE,FALSE,0.5,0.8,0.2,FALSE
1825,"synthetic","LSVCMM",200,21,5,"binary",1,1,1,1,0,0.8,0.7,"uniform",66,FALSE,FALSE,0.5,0.9,0.2,FALSE
1826,"synthetic","LSVCMM",200,21,5,"binary",1,1,1,1,0,0.8,0.7,"uniform",66,FALSE,FALSE,0.5,1,0.2,FALSE
1827,"synthetic","LSVCMM",200,21,5,"binary",1,1,1,1,0,0.8,0.7,"uniform",67,FALSE,FALSE,0.5,0,0.2,FALSE
1828,"synthetic","LSVCMM",200,21,5,"binary",1,1,1,1,0,0.8,0.7,"uniform",67,FALSE,FALSE,0.5,0.1,0.2,FALSE
1829,"synthetic","LSVCMM",200,21,5,"binary",1,1,1,1,0,0.8,0.7,"uniform",67,FALSE,FALSE,0.5,0.2,0.2,FALSE
1830,"synthetic","LSVCMM",200,21,5,"binary",1,1,1,1,0,0.8,0.7,"uniform",67,FALSE,FALSE,0.5,0.3,0.2,FALSE
1831,"synthetic","LSVCMM",200,21,5,"binary",1,1,1,1,0,0.8,0.7,"uniform",67,FALSE,FALSE,0.5,0.4,0.2,FALSE
1832,"synthetic","LSVCMM",200,21,5,"binary",1,1,1,1,0,0.8,0.7,"uniform",67,FALSE,FALSE,0.5,0.5,0.2,FALSE
1833,"synthetic","LSVCMM",200,21,5,"binary",1,1,1,1,0,0.8,0.7,"uniform",67,FALSE,FALSE,0.5,0.6,0.2,FALSE
1834,"synthetic","LSVCMM",200,21,5,"binary",1,1,1,1,0,0.8,0.7,"uniform",67,FALSE,FALSE,0.5,0.7,0.2,FALSE
1835,"synthetic","LSVCMM",200,21,5,"binary",1,1,1,1,0,0.8,0.7,"uniform",67,FALSE,FALSE,0.5,0.8,0.2,FALSE
1836,"synthetic","LSVCMM",200,21,5,"binary",1,1,1,1,0,0.8,0.7,"uniform",67,FALSE,FALSE,0.5,0.9,0.2,FALSE
1837,"synthetic","LSVCMM",200,21,5,"binary",1,1,1,1,0,0.8,0.7,"uniform",67,FALSE,FALSE,0.5,1,0.2,FALSE
1838,"synthetic","LSVCMM",200,21,5,"binary",1,1,1,1,0,0.8,0.7,"uniform",68,FALSE,FALSE,0.5,0,0.2,FALSE
1839,"synthetic","LSVCMM",200,21,5,"binary",1,1,1,1,0,0.8,0.7,"uniform",68,FALSE,FALSE,0.5,0.1,0.2,FALSE
1840,"synthetic","LSVCMM",200,21,5,"binary",1,1,1,1,0,0.8,0.7,"uniform",68,FALSE,FALSE,0.5,0.2,0.2,FALSE
1841,"synthetic","LSVCMM",200,21,5,"binary",1,1,1,1,0,0.8,0.7,"uniform",68,FALSE,FALSE,0.5,0.3,0.2,FALSE
1842,"synthetic","LSVCMM",200,21,5,"binary",1,1,1,1,0,0.8,0.7,"uniform",68,FALSE,FALSE,0.5,0.4,0.2,FALSE
1843,"synthetic","LSVCMM",200,21,5,"binary",1,1,1,1,0,0.8,0.7,"uniform",68,FALSE,FALSE,0.5,0.5,0.2,FALSE
1844,"synthetic","LSVCMM",200,21,5,"binary",1,1,1,1,0,0.8,0.7,"uniform",68,FALSE,FALSE,0.5,0.6,0.2,FALSE
1845,"synthetic","LSVCMM",200,21,5,"binary",1,1,1,1,0,0.8,0.7,"uniform",68,FALSE,FALSE,0.5,0.7,0.2,FALSE
1846,"synthetic","LSVCMM",200,21,5,"binary",1,1,1,1,0,0.8,0.7,"uniform",68,FALSE,FALSE,0.5,0.8,0.2,FALSE
1847,"synthetic","LSVCMM",200,21,5,"binary",1,1,1,1,0,0.8,0.7,"uniform",68,FALSE,FALSE,0.5,0.9,0.2,FALSE
1848,"synthetic","LSVCMM",200,21,5,"binary",1,1,1,1,0,0.8,0.7,"uniform",68,FALSE,FALSE,0.5,1,0.2,FALSE
1849,"synthetic","LSVCMM",200,21,5,"binary",1,1,1,1,0,0.8,0.7,"uniform",69,FALSE,FALSE,0.5,0,0.2,FALSE
1850,"synthetic","LSVCMM",200,21,5,"binary",1,1,1,1,0,0.8,0.7,"uniform",69,FALSE,FALSE,0.5,0.1,0.2,FALSE
1851,"synthetic","LSVCMM",200,21,5,"binary",1,1,1,1,0,0.8,0.7,"uniform",69,FALSE,FALSE,0.5,0.2,0.2,FALSE
1852,"synthetic","LSVCMM",200,21,5,"binary",1,1,1,1,0,0.8,0.7,"uniform",69,FALSE,FALSE,0.5,0.3,0.2,FALSE
1853,"synthetic","LSVCMM",200,21,5,"binary",1,1,1,1,0,0.8,0.7,"uniform",69,FALSE,FALSE,0.5,0.4,0.2,FALSE
1854,"synthetic","LSVCMM",200,21,5,"binary",1,1,1,1,0,0.8,0.7,"uniform",69,FALSE,FALSE,0.5,0.5,0.2,FALSE
1855,"synthetic","LSVCMM",200,21,5,"binary",1,1,1,1,0,0.8,0.7,"uniform",69,FALSE,FALSE,0.5,0.6,0.2,FALSE
1856,"synthetic","LSVCMM",200,21,5,"binary",1,1,1,1,0,0.8,0.7,"uniform",69,FALSE,FALSE,0.5,0.7,0.2,FALSE
1857,"synthetic","LSVCMM",200,21,5,"binary",1,1,1,1,0,0.8,0.7,"uniform",69,FALSE,FALSE,0.5,0.8,0.2,FALSE
1858,"synthetic","LSVCMM",200,21,5,"binary",1,1,1,1,0,0.8,0.7,"uniform",69,FALSE,FALSE,0.5,0.9,0.2,FALSE
1859,"synthetic","LSVCMM",200,21,5,"binary",1,1,1,1,0,0.8,0.7,"uniform",69,FALSE,FALSE,0.5,1,0.2,FALSE
1860,"synthetic","LSVCMM",200,21,5,"binary",1,1,1,1,0,0.8,0.7,"uniform",70,FALSE,FALSE,0.5,0,0.2,FALSE
1861,"synthetic","LSVCMM",200,21,5,"binary",1,1,1,1,0,0.8,0.7,"uniform",70,FALSE,FALSE,0.5,0.1,0.2,FALSE
1862,"synthetic","LSVCMM",200,21,5,"binary",1,1,1,1,0,0.8,0.7,"uniform",70,FALSE,FALSE,0.5,0.2,0.2,FALSE
1863,"synthetic","LSVCMM",200,21,5,"binary",1,1,1,1,0,0.8,0.7,"uniform",70,FALSE,FALSE,0.5,0.3,0.2,FALSE
1864,"synthetic","LSVCMM",200,21,5,"binary",1,1,1,1,0,0.8,0.7,"uniform",70,FALSE,FALSE,0.5,0.4,0.2,FALSE
1865,"synthetic","LSVCMM",200,21,5,"binary",1,1,1,1,0,0.8,0.7,"uniform",70,FALSE,FALSE,0.5,0.5,0.2,FALSE
1866,"synthetic","LSVCMM",200,21,5,"binary",1,1,1,1,0,0.8,0.7,"uniform",70,FALSE,FALSE,0.5,0.6,0.2,FALSE
1867,"synthetic","LSVCMM",200,21,5,"binary",1,1,1,1,0,0.8,0.7,"uniform",70,FALSE,FALSE,0.5,0.7,0.2,FALSE
1868,"synthetic","LSVCMM",200,21,5,"binary",1,1,1,1,0,0.8,0.7,"uniform",70,FALSE,FALSE,0.5,0.8,0.2,FALSE
1869,"synthetic","LSVCMM",200,21,5,"binary",1,1,1,1,0,0.8,0.7,"uniform",70,FALSE,FALSE,0.5,0.9,0.2,FALSE
1870,"synthetic","LSVCMM",200,21,5,"binary",1,1,1,1,0,0.8,0.7,"uniform",70,FALSE,FALSE,0.5,1,0.2,FALSE
1871,"synthetic","LSVCMM",200,21,5,"binary",1,1,1,1,0,0.8,0.7,"uniform",71,FALSE,FALSE,0.5,0,0.2,FALSE
1872,"synthetic","LSVCMM",200,21,5,"binary",1,1,1,1,0,0.8,0.7,"uniform",71,FALSE,FALSE,0.5,0.1,0.2,FALSE
1873,"synthetic","LSVCMM",200,21,5,"binary",1,1,1,1,0,0.8,0.7,"uniform",71,FALSE,FALSE,0.5,0.2,0.2,FALSE
1874,"synthetic","LSVCMM",200,21,5,"binary",1,1,1,1,0,0.8,0.7,"uniform",71,FALSE,FALSE,0.5,0.3,0.2,FALSE
1875,"synthetic","LSVCMM",200,21,5,"binary",1,1,1,1,0,0.8,0.7,"uniform",71,FALSE,FALSE,0.5,0.4,0.2,FALSE
1876,"synthetic","LSVCMM",200,21,5,"binary",1,1,1,1,0,0.8,0.7,"uniform",71,FALSE,FALSE,0.5,0.5,0.2,FALSE
1877,"synthetic","LSVCMM",200,21,5,"binary",1,1,1,1,0,0.8,0.7,"uniform",71,FALSE,FALSE,0.5,0.6,0.2,FALSE
1878,"synthetic","LSVCMM",200,21,5,"binary",1,1,1,1,0,0.8,0.7,"uniform",71,FALSE,FALSE,0.5,0.7,0.2,FALSE
1879,"synthetic","LSVCMM",200,21,5,"binary",1,1,1,1,0,0.8,0.7,"uniform",71,FALSE,FALSE,0.5,0.8,0.2,FALSE
1880,"synthetic","LSVCMM",200,21,5,"binary",1,1,1,1,0,0.8,0.7,"uniform",71,FALSE,FALSE,0.5,0.9,0.2,FALSE
1881,"synthetic","LSVCMM",200,21,5,"binary",1,1,1,1,0,0.8,0.7,"uniform",71,FALSE,FALSE,0.5,1,0.2,FALSE
1882,"synthetic","LSVCMM",200,21,5,"binary",1,1,1,1,0,0.8,0.7,"uniform",72,FALSE,FALSE,0.5,0,0.2,FALSE
1883,"synthetic","LSVCMM",200,21,5,"binary",1,1,1,1,0,0.8,0.7,"uniform",72,FALSE,FALSE,0.5,0.1,0.2,FALSE
1884,"synthetic","LSVCMM",200,21,5,"binary",1,1,1,1,0,0.8,0.7,"uniform",72,FALSE,FALSE,0.5,0.2,0.2,FALSE
1885,"synthetic","LSVCMM",200,21,5,"binary",1,1,1,1,0,0.8,0.7,"uniform",72,FALSE,FALSE,0.5,0.3,0.2,FALSE
1886,"synthetic","LSVCMM",200,21,5,"binary",1,1,1,1,0,0.8,0.7,"uniform",72,FALSE,FALSE,0.5,0.4,0.2,FALSE
1887,"synthetic","LSVCMM",200,21,5,"binary",1,1,1,1,0,0.8,0.7,"uniform",72,FALSE,FALSE,0.5,0.5,0.2,FALSE
1888,"synthetic","LSVCMM",200,21,5,"binary",1,1,1,1,0,0.8,0.7,"uniform",72,FALSE,FALSE,0.5,0.6,0.2,FALSE
1889,"synthetic","LSVCMM",200,21,5,"binary",1,1,1,1,0,0.8,0.7,"uniform",72,FALSE,FALSE,0.5,0.7,0.2,FALSE
1890,"synthetic","LSVCMM",200,21,5,"binary",1,1,1,1,0,0.8,0.7,"uniform",72,FALSE,FALSE,0.5,0.8,0.2,FALSE
1891,"synthetic","LSVCMM",200,21,5,"binary",1,1,1,1,0,0.8,0.7,"uniform",72,FALSE,FALSE,0.5,0.9,0.2,FALSE
1892,"synthetic","LSVCMM",200,21,5,"binary",1,1,1,1,0,0.8,0.7,"uniform",72,FALSE,FALSE,0.5,1,0.2,FALSE
1893,"synthetic","LSVCMM",200,21,5,"binary",1,1,1,1,0,0.8,0.7,"uniform",73,FALSE,FALSE,0.5,0,0.2,FALSE
1894,"synthetic","LSVCMM",200,21,5,"binary",1,1,1,1,0,0.8,0.7,"uniform",73,FALSE,FALSE,0.5,0.1,0.2,FALSE
1895,"synthetic","LSVCMM",200,21,5,"binary",1,1,1,1,0,0.8,0.7,"uniform",73,FALSE,FALSE,0.5,0.2,0.2,FALSE
1896,"synthetic","LSVCMM",200,21,5,"binary",1,1,1,1,0,0.8,0.7,"uniform",73,FALSE,FALSE,0.5,0.3,0.2,FALSE
1897,"synthetic","LSVCMM",200,21,5,"binary",1,1,1,1,0,0.8,0.7,"uniform",73,FALSE,FALSE,0.5,0.4,0.2,FALSE
1898,"synthetic","LSVCMM",200,21,5,"binary",1,1,1,1,0,0.8,0.7,"uniform",73,FALSE,FALSE,0.5,0.5,0.2,FALSE
1899,"synthetic","LSVCMM",200,21,5,"binary",1,1,1,1,0,0.8,0.7,"uniform",73,FALSE,FALSE,0.5,0.6,0.2,FALSE
1900,"synthetic","LSVCMM",200,21,5,"binary",1,1,1,1,0,0.8,0.7,"uniform",73,FALSE,FALSE,0.5,0.7,0.2,FALSE
1901,"synthetic","LSVCMM",200,21,5,"binary",1,1,1,1,0,0.8,0.7,"uniform",73,FALSE,FALSE,0.5,0.8,0.2,FALSE
1902,"synthetic","LSVCMM",200,21,5,"binary",1,1,1,1,0,0.8,0.7,"uniform",73,FALSE,FALSE,0.5,0.9,0.2,FALSE
1903,"synthetic","LSVCMM",200,21,5,"binary",1,1,1,1,0,0.8,0.7,"uniform",73,FALSE,FALSE,0.5,1,0.2,FALSE
1904,"synthetic","LSVCMM",200,21,5,"binary",1,1,1,1,0,0.8,0.7,"uniform",74,FALSE,FALSE,0.5,0,0.2,FALSE
1905,"synthetic","LSVCMM",200,21,5,"binary",1,1,1,1,0,0.8,0.7,"uniform",74,FALSE,FALSE,0.5,0.1,0.2,FALSE
1906,"synthetic","LSVCMM",200,21,5,"binary",1,1,1,1,0,0.8,0.7,"uniform",74,FALSE,FALSE,0.5,0.2,0.2,FALSE
1907,"synthetic","LSVCMM",200,21,5,"binary",1,1,1,1,0,0.8,0.7,"uniform",74,FALSE,FALSE,0.5,0.3,0.2,FALSE
1908,"synthetic","LSVCMM",200,21,5,"binary",1,1,1,1,0,0.8,0.7,"uniform",74,FALSE,FALSE,0.5,0.4,0.2,FALSE
1909,"synthetic","LSVCMM",200,21,5,"binary",1,1,1,1,0,0.8,0.7,"uniform",74,FALSE,FALSE,0.5,0.5,0.2,FALSE
1910,"synthetic","LSVCMM",200,21,5,"binary",1,1,1,1,0,0.8,0.7,"uniform",74,FALSE,FALSE,0.5,0.6,0.2,FALSE
1911,"synthetic","LSVCMM",200,21,5,"binary",1,1,1,1,0,0.8,0.7,"uniform",74,FALSE,FALSE,0.5,0.7,0.2,FALSE
1912,"synthetic","LSVCMM",200,21,5,"binary",1,1,1,1,0,0.8,0.7,"uniform",74,FALSE,FALSE,0.5,0.8,0.2,FALSE
1913,"synthetic","LSVCMM",200,21,5,"binary",1,1,1,1,0,0.8,0.7,"uniform",74,FALSE,FALSE,0.5,0.9,0.2,FALSE
1914,"synthetic","LSVCMM",200,21,5,"binary",1,1,1,1,0,0.8,0.7,"uniform",74,FALSE,FALSE,0.5,1,0.2,FALSE
1915,"synthetic","LSVCMM",200,21,5,"binary",1,1,1,1,0,0.8,0.7,"uniform",75,FALSE,FALSE,0.5,0,0.2,FALSE
1916,"synthetic","LSVCMM",200,21,5,"binary",1,1,1,1,0,0.8,0.7,"uniform",75,FALSE,FALSE,0.5,0.1,0.2,FALSE
1917,"synthetic","LSVCMM",200,21,5,"binary",1,1,1,1,0,0.8,0.7,"uniform",75,FALSE,FALSE,0.5,0.2,0.2,FALSE
1918,"synthetic","LSVCMM",200,21,5,"binary",1,1,1,1,0,0.8,0.7,"uniform",75,FALSE,FALSE,0.5,0.3,0.2,FALSE
1919,"synthetic","LSVCMM",200,21,5,"binary",1,1,1,1,0,0.8,0.7,"uniform",75,FALSE,FALSE,0.5,0.4,0.2,FALSE
1920,"synthetic","LSVCMM",200,21,5,"binary",1,1,1,1,0,0.8,0.7,"uniform",75,FALSE,FALSE,0.5,0.5,0.2,FALSE
1921,"synthetic","LSVCMM",200,21,5,"binary",1,1,1,1,0,0.8,0.7,"uniform",75,FALSE,FALSE,0.5,0.6,0.2,FALSE
1922,"synthetic","LSVCMM",200,21,5,"binary",1,1,1,1,0,0.8,0.7,"uniform",75,FALSE,FALSE,0.5,0.7,0.2,FALSE
1923,"synthetic","LSVCMM",200,21,5,"binary",1,1,1,1,0,0.8,0.7,"uniform",75,FALSE,FALSE,0.5,0.8,0.2,FALSE
1924,"synthetic","LSVCMM",200,21,5,"binary",1,1,1,1,0,0.8,0.7,"uniform",75,FALSE,FALSE,0.5,0.9,0.2,FALSE
1925,"synthetic","LSVCMM",200,21,5,"binary",1,1,1,1,0,0.8,0.7,"uniform",75,FALSE,FALSE,0.5,1,0.2,FALSE
1926,"synthetic","LSVCMM",200,21,5,"binary",1,1,1,1,0,0.8,0.7,"uniform",76,FALSE,FALSE,0.5,0,0.2,FALSE
1927,"synthetic","LSVCMM",200,21,5,"binary",1,1,1,1,0,0.8,0.7,"uniform",76,FALSE,FALSE,0.5,0.1,0.2,FALSE
1928,"synthetic","LSVCMM",200,21,5,"binary",1,1,1,1,0,0.8,0.7,"uniform",76,FALSE,FALSE,0.5,0.2,0.2,FALSE
1929,"synthetic","LSVCMM",200,21,5,"binary",1,1,1,1,0,0.8,0.7,"uniform",76,FALSE,FALSE,0.5,0.3,0.2,FALSE
1930,"synthetic","LSVCMM",200,21,5,"binary",1,1,1,1,0,0.8,0.7,"uniform",76,FALSE,FALSE,0.5,0.4,0.2,FALSE
1931,"synthetic","LSVCMM",200,21,5,"binary",1,1,1,1,0,0.8,0.7,"uniform",76,FALSE,FALSE,0.5,0.5,0.2,FALSE
1932,"synthetic","LSVCMM",200,21,5,"binary",1,1,1,1,0,0.8,0.7,"uniform",76,FALSE,FALSE,0.5,0.6,0.2,FALSE
1933,"synthetic","LSVCMM",200,21,5,"binary",1,1,1,1,0,0.8,0.7,"uniform",76,FALSE,FALSE,0.5,0.7,0.2,FALSE
1934,"synthetic","LSVCMM",200,21,5,"binary",1,1,1,1,0,0.8,0.7,"uniform",76,FALSE,FALSE,0.5,0.8,0.2,FALSE
1935,"synthetic","LSVCMM",200,21,5,"binary",1,1,1,1,0,0.8,0.7,"uniform",76,FALSE,FALSE,0.5,0.9,0.2,FALSE
1936,"synthetic","LSVCMM",200,21,5,"binary",1,1,1,1,0,0.8,0.7,"uniform",76,FALSE,FALSE,0.5,1,0.2,FALSE
1937,"synthetic","LSVCMM",200,21,5,"binary",1,1,1,1,0,0.8,0.7,"uniform",77,FALSE,FALSE,0.5,0,0.2,FALSE
1938,"synthetic","LSVCMM",200,21,5,"binary",1,1,1,1,0,0.8,0.7,"uniform",77,FALSE,FALSE,0.5,0.1,0.2,FALSE
1939,"synthetic","LSVCMM",200,21,5,"binary",1,1,1,1,0,0.8,0.7,"uniform",77,FALSE,FALSE,0.5,0.2,0.2,FALSE
1940,"synthetic","LSVCMM",200,21,5,"binary",1,1,1,1,0,0.8,0.7,"uniform",77,FALSE,FALSE,0.5,0.3,0.2,FALSE
1941,"synthetic","LSVCMM",200,21,5,"binary",1,1,1,1,0,0.8,0.7,"uniform",77,FALSE,FALSE,0.5,0.4,0.2,FALSE
1942,"synthetic","LSVCMM",200,21,5,"binary",1,1,1,1,0,0.8,0.7,"uniform",77,FALSE,FALSE,0.5,0.5,0.2,FALSE
1943,"synthetic","LSVCMM",200,21,5,"binary",1,1,1,1,0,0.8,0.7,"uniform",77,FALSE,FALSE,0.5,0.6,0.2,FALSE
1944,"synthetic","LSVCMM",200,21,5,"binary",1,1,1,1,0,0.8,0.7,"uniform",77,FALSE,FALSE,0.5,0.7,0.2,FALSE
1945,"synthetic","LSVCMM",200,21,5,"binary",1,1,1,1,0,0.8,0.7,"uniform",77,FALSE,FALSE,0.5,0.8,0.2,FALSE
1946,"synthetic","LSVCMM",200,21,5,"binary",1,1,1,1,0,0.8,0.7,"uniform",77,FALSE,FALSE,0.5,0.9,0.2,FALSE
1947,"synthetic","LSVCMM",200,21,5,"binary",1,1,1,1,0,0.8,0.7,"uniform",77,FALSE,FALSE,0.5,1,0.2,FALSE
1948,"synthetic","LSVCMM",200,21,5,"binary",1,1,1,1,0,0.8,0.7,"uniform",78,FALSE,FALSE,0.5,0,0.2,FALSE
1949,"synthetic","LSVCMM",200,21,5,"binary",1,1,1,1,0,0.8,0.7,"uniform",78,FALSE,FALSE,0.5,0.1,0.2,FALSE
1950,"synthetic","LSVCMM",200,21,5,"binary",1,1,1,1,0,0.8,0.7,"uniform",78,FALSE,FALSE,0.5,0.2,0.2,FALSE
1951,"synthetic","LSVCMM",200,21,5,"binary",1,1,1,1,0,0.8,0.7,"uniform",78,FALSE,FALSE,0.5,0.3,0.2,FALSE
1952,"synthetic","LSVCMM",200,21,5,"binary",1,1,1,1,0,0.8,0.7,"uniform",78,FALSE,FALSE,0.5,0.4,0.2,FALSE
1953,"synthetic","LSVCMM",200,21,5,"binary",1,1,1,1,0,0.8,0.7,"uniform",78,FALSE,FALSE,0.5,0.5,0.2,FALSE
1954,"synthetic","LSVCMM",200,21,5,"binary",1,1,1,1,0,0.8,0.7,"uniform",78,FALSE,FALSE,0.5,0.6,0.2,FALSE
1955,"synthetic","LSVCMM",200,21,5,"binary",1,1,1,1,0,0.8,0.7,"uniform",78,FALSE,FALSE,0.5,0.7,0.2,FALSE
1956,"synthetic","LSVCMM",200,21,5,"binary",1,1,1,1,0,0.8,0.7,"uniform",78,FALSE,FALSE,0.5,0.8,0.2,FALSE
1957,"synthetic","LSVCMM",200,21,5,"binary",1,1,1,1,0,0.8,0.7,"uniform",78,FALSE,FALSE,0.5,0.9,0.2,FALSE
1958,"synthetic","LSVCMM",200,21,5,"binary",1,1,1,1,0,0.8,0.7,"uniform",78,FALSE,FALSE,0.5,1,0.2,FALSE
1959,"synthetic","LSVCMM",200,21,5,"binary",1,1,1,1,0,0.8,0.7,"uniform",79,FALSE,FALSE,0.5,0,0.2,FALSE
1960,"synthetic","LSVCMM",200,21,5,"binary",1,1,1,1,0,0.8,0.7,"uniform",79,FALSE,FALSE,0.5,0.1,0.2,FALSE
1961,"synthetic","LSVCMM",200,21,5,"binary",1,1,1,1,0,0.8,0.7,"uniform",79,FALSE,FALSE,0.5,0.2,0.2,FALSE
1962,"synthetic","LSVCMM",200,21,5,"binary",1,1,1,1,0,0.8,0.7,"uniform",79,FALSE,FALSE,0.5,0.3,0.2,FALSE
1963,"synthetic","LSVCMM",200,21,5,"binary",1,1,1,1,0,0.8,0.7,"uniform",79,FALSE,FALSE,0.5,0.4,0.2,FALSE
1964,"synthetic","LSVCMM",200,21,5,"binary",1,1,1,1,0,0.8,0.7,"uniform",79,FALSE,FALSE,0.5,0.5,0.2,FALSE
1965,"synthetic","LSVCMM",200,21,5,"binary",1,1,1,1,0,0.8,0.7,"uniform",79,FALSE,FALSE,0.5,0.6,0.2,FALSE
1966,"synthetic","LSVCMM",200,21,5,"binary",1,1,1,1,0,0.8,0.7,"uniform",79,FALSE,FALSE,0.5,0.7,0.2,FALSE
1967,"synthetic","LSVCMM",200,21,5,"binary",1,1,1,1,0,0.8,0.7,"uniform",79,FALSE,FALSE,0.5,0.8,0.2,FALSE
1968,"synthetic","LSVCMM",200,21,5,"binary",1,1,1,1,0,0.8,0.7,"uniform",79,FALSE,FALSE,0.5,0.9,0.2,FALSE
1969,"synthetic","LSVCMM",200,21,5,"binary",1,1,1,1,0,0.8,0.7,"uniform",79,FALSE,FALSE,0.5,1,0.2,FALSE
1970,"synthetic","LSVCMM",200,21,5,"binary",1,1,1,1,0,0.8,0.7,"uniform",80,FALSE,FALSE,0.5,0,0.2,FALSE
1971,"synthetic","LSVCMM",200,21,5,"binary",1,1,1,1,0,0.8,0.7,"uniform",80,FALSE,FALSE,0.5,0.1,0.2,FALSE
1972,"synthetic","LSVCMM",200,21,5,"binary",1,1,1,1,0,0.8,0.7,"uniform",80,FALSE,FALSE,0.5,0.2,0.2,FALSE
1973,"synthetic","LSVCMM",200,21,5,"binary",1,1,1,1,0,0.8,0.7,"uniform",80,FALSE,FALSE,0.5,0.3,0.2,FALSE
1974,"synthetic","LSVCMM",200,21,5,"binary",1,1,1,1,0,0.8,0.7,"uniform",80,FALSE,FALSE,0.5,0.4,0.2,FALSE
1975,"synthetic","LSVCMM",200,21,5,"binary",1,1,1,1,0,0.8,0.7,"uniform",80,FALSE,FALSE,0.5,0.5,0.2,FALSE
1976,"synthetic","LSVCMM",200,21,5,"binary",1,1,1,1,0,0.8,0.7,"uniform",80,FALSE,FALSE,0.5,0.6,0.2,FALSE
1977,"synthetic","LSVCMM",200,21,5,"binary",1,1,1,1,0,0.8,0.7,"uniform",80,FALSE,FALSE,0.5,0.7,0.2,FALSE
1978,"synthetic","LSVCMM",200,21,5,"binary",1,1,1,1,0,0.8,0.7,"uniform",80,FALSE,FALSE,0.5,0.8,0.2,FALSE
1979,"synthetic","LSVCMM",200,21,5,"binary",1,1,1,1,0,0.8,0.7,"uniform",80,FALSE,FALSE,0.5,0.9,0.2,FALSE
1980,"synthetic","LSVCMM",200,21,5,"binary",1,1,1,1,0,0.8,0.7,"uniform",80,FALSE,FALSE,0.5,1,0.2,FALSE
1981,"synthetic","LSVCMM",200,21,5,"binary",1,1,1,1,0,0.8,0.7,"uniform",81,FALSE,FALSE,0.5,0,0.2,FALSE
1982,"synthetic","LSVCMM",200,21,5,"binary",1,1,1,1,0,0.8,0.7,"uniform",81,FALSE,FALSE,0.5,0.1,0.2,FALSE
1983,"synthetic","LSVCMM",200,21,5,"binary",1,1,1,1,0,0.8,0.7,"uniform",81,FALSE,FALSE,0.5,0.2,0.2,FALSE
1984,"synthetic","LSVCMM",200,21,5,"binary",1,1,1,1,0,0.8,0.7,"uniform",81,FALSE,FALSE,0.5,0.3,0.2,FALSE
1985,"synthetic","LSVCMM",200,21,5,"binary",1,1,1,1,0,0.8,0.7,"uniform",81,FALSE,FALSE,0.5,0.4,0.2,FALSE
1986,"synthetic","LSVCMM",200,21,5,"binary",1,1,1,1,0,0.8,0.7,"uniform",81,FALSE,FALSE,0.5,0.5,0.2,FALSE
1987,"synthetic","LSVCMM",200,21,5,"binary",1,1,1,1,0,0.8,0.7,"uniform",81,FALSE,FALSE,0.5,0.6,0.2,FALSE
1988,"synthetic","LSVCMM",200,21,5,"binary",1,1,1,1,0,0.8,0.7,"uniform",81,FALSE,FALSE,0.5,0.7,0.2,FALSE
1989,"synthetic","LSVCMM",200,21,5,"binary",1,1,1,1,0,0.8,0.7,"uniform",81,FALSE,FALSE,0.5,0.8,0.2,FALSE
1990,"synthetic","LSVCMM",200,21,5,"binary",1,1,1,1,0,0.8,0.7,"uniform",81,FALSE,FALSE,0.5,0.9,0.2,FALSE
1991,"synthetic","LSVCMM",200,21,5,"binary",1,1,1,1,0,0.8,0.7,"uniform",81,FALSE,FALSE,0.5,1,0.2,FALSE
1992,"synthetic","LSVCMM",200,21,5,"binary",1,1,1,1,0,0.8,0.7,"uniform",82,FALSE,FALSE,0.5,0,0.2,FALSE
1993,"synthetic","LSVCMM",200,21,5,"binary",1,1,1,1,0,0.8,0.7,"uniform",82,FALSE,FALSE,0.5,0.1,0.2,FALSE
1994,"synthetic","LSVCMM",200,21,5,"binary",1,1,1,1,0,0.8,0.7,"uniform",82,FALSE,FALSE,0.5,0.2,0.2,FALSE
1995,"synthetic","LSVCMM",200,21,5,"binary",1,1,1,1,0,0.8,0.7,"uniform",82,FALSE,FALSE,0.5,0.3,0.2,FALSE
1996,"synthetic","LSVCMM",200,21,5,"binary",1,1,1,1,0,0.8,0.7,"uniform",82,FALSE,FALSE,0.5,0.4,0.2,FALSE
1997,"synthetic","LSVCMM",200,21,5,"binary",1,1,1,1,0,0.8,0.7,"uniform",82,FALSE,FALSE,0.5,0.5,0.2,FALSE
1998,"synthetic","LSVCMM",200,21,5,"binary",1,1,1,1,0,0.8,0.7,"uniform",82,FALSE,FALSE,0.5,0.6,0.2,FALSE
1999,"synthetic","LSVCMM",200,21,5,"binary",1,1,1,1,0,0.8,0.7,"uniform",82,FALSE,FALSE,0.5,0.7,0.2,FALSE
2000,"synthetic","LSVCMM",200,21,5,"binary",1,1,1,1,0,0.8,0.7,"uniform",82,FALSE,FALSE,0.5,0.8,0.2,FALSE
2001,"synthetic","LSVCMM",200,21,5,"binary",1,1,1,1,0,0.8,0.7,"uniform",82,FALSE,FALSE,0.5,0.9,0.2,FALSE
2002,"synthetic","LSVCMM",200,21,5,"binary",1,1,1,1,0,0.8,0.7,"uniform",82,FALSE,FALSE,0.5,1,0.2,FALSE
2003,"synthetic","LSVCMM",200,21,5,"binary",1,1,1,1,0,0.8,0.7,"uniform",83,FALSE,FALSE,0.5,0,0.2,FALSE
2004,"synthetic","LSVCMM",200,21,5,"binary",1,1,1,1,0,0.8,0.7,"uniform",83,FALSE,FALSE,0.5,0.1,0.2,FALSE
2005,"synthetic","LSVCMM",200,21,5,"binary",1,1,1,1,0,0.8,0.7,"uniform",83,FALSE,FALSE,0.5,0.2,0.2,FALSE
2006,"synthetic","LSVCMM",200,21,5,"binary",1,1,1,1,0,0.8,0.7,"uniform",83,FALSE,FALSE,0.5,0.3,0.2,FALSE
2007,"synthetic","LSVCMM",200,21,5,"binary",1,1,1,1,0,0.8,0.7,"uniform",83,FALSE,FALSE,0.5,0.4,0.2,FALSE
2008,"synthetic","LSVCMM",200,21,5,"binary",1,1,1,1,0,0.8,0.7,"uniform",83,FALSE,FALSE,0.5,0.5,0.2,FALSE
2009,"synthetic","LSVCMM",200,21,5,"binary",1,1,1,1,0,0.8,0.7,"uniform",83,FALSE,FALSE,0.5,0.6,0.2,FALSE
2010,"synthetic","LSVCMM",200,21,5,"binary",1,1,1,1,0,0.8,0.7,"uniform",83,FALSE,FALSE,0.5,0.7,0.2,FALSE
2011,"synthetic","LSVCMM",200,21,5,"binary",1,1,1,1,0,0.8,0.7,"uniform",83,FALSE,FALSE,0.5,0.8,0.2,FALSE
2012,"synthetic","LSVCMM",200,21,5,"binary",1,1,1,1,0,0.8,0.7,"uniform",83,FALSE,FALSE,0.5,0.9,0.2,FALSE
2013,"synthetic","LSVCMM",200,21,5,"binary",1,1,1,1,0,0.8,0.7,"uniform",83,FALSE,FALSE,0.5,1,0.2,FALSE
2014,"synthetic","LSVCMM",200,21,5,"binary",1,1,1,1,0,0.8,0.7,"uniform",84,FALSE,FALSE,0.5,0,0.2,FALSE
2015,"synthetic","LSVCMM",200,21,5,"binary",1,1,1,1,0,0.8,0.7,"uniform",84,FALSE,FALSE,0.5,0.1,0.2,FALSE
2016,"synthetic","LSVCMM",200,21,5,"binary",1,1,1,1,0,0.8,0.7,"uniform",84,FALSE,FALSE,0.5,0.2,0.2,FALSE
2017,"synthetic","LSVCMM",200,21,5,"binary",1,1,1,1,0,0.8,0.7,"uniform",84,FALSE,FALSE,0.5,0.3,0.2,FALSE
2018,"synthetic","LSVCMM",200,21,5,"binary",1,1,1,1,0,0.8,0.7,"uniform",84,FALSE,FALSE,0.5,0.4,0.2,FALSE
2019,"synthetic","LSVCMM",200,21,5,"binary",1,1,1,1,0,0.8,0.7,"uniform",84,FALSE,FALSE,0.5,0.5,0.2,FALSE
2020,"synthetic","LSVCMM",200,21,5,"binary",1,1,1,1,0,0.8,0.7,"uniform",84,FALSE,FALSE,0.5,0.6,0.2,FALSE
2021,"synthetic","LSVCMM",200,21,5,"binary",1,1,1,1,0,0.8,0.7,"uniform",84,FALSE,FALSE,0.5,0.7,0.2,FALSE
2022,"synthetic","LSVCMM",200,21,5,"binary",1,1,1,1,0,0.8,0.7,"uniform",84,FALSE,FALSE,0.5,0.8,0.2,FALSE
2023,"synthetic","LSVCMM",200,21,5,"binary",1,1,1,1,0,0.8,0.7,"uniform",84,FALSE,FALSE,0.5,0.9,0.2,FALSE
2024,"synthetic","LSVCMM",200,21,5,"binary",1,1,1,1,0,0.8,0.7,"uniform",84,FALSE,FALSE,0.5,1,0.2,FALSE
2025,"synthetic","LSVCMM",200,21,5,"binary",1,1,1,1,0,0.8,0.7,"uniform",85,FALSE,FALSE,0.5,0,0.2,FALSE
2026,"synthetic","LSVCMM",200,21,5,"binary",1,1,1,1,0,0.8,0.7,"uniform",85,FALSE,FALSE,0.5,0.1,0.2,FALSE
2027,"synthetic","LSVCMM",200,21,5,"binary",1,1,1,1,0,0.8,0.7,"uniform",85,FALSE,FALSE,0.5,0.2,0.2,FALSE
2028,"synthetic","LSVCMM",200,21,5,"binary",1,1,1,1,0,0.8,0.7,"uniform",85,FALSE,FALSE,0.5,0.3,0.2,FALSE
2029,"synthetic","LSVCMM",200,21,5,"binary",1,1,1,1,0,0.8,0.7,"uniform",85,FALSE,FALSE,0.5,0.4,0.2,FALSE
2030,"synthetic","LSVCMM",200,21,5,"binary",1,1,1,1,0,0.8,0.7,"uniform",85,FALSE,FALSE,0.5,0.5,0.2,FALSE
2031,"synthetic","LSVCMM",200,21,5,"binary",1,1,1,1,0,0.8,0.7,"uniform",85,FALSE,FALSE,0.5,0.6,0.2,FALSE
2032,"synthetic","LSVCMM",200,21,5,"binary",1,1,1,1,0,0.8,0.7,"uniform",85,FALSE,FALSE,0.5,0.7,0.2,FALSE
2033,"synthetic","LSVCMM",200,21,5,"binary",1,1,1,1,0,0.8,0.7,"uniform",85,FALSE,FALSE,0.5,0.8,0.2,FALSE
2034,"synthetic","LSVCMM",200,21,5,"binary",1,1,1,1,0,0.8,0.7,"uniform",85,FALSE,FALSE,0.5,0.9,0.2,FALSE
2035,"synthetic","LSVCMM",200,21,5,"binary",1,1,1,1,0,0.8,0.7,"uniform",85,FALSE,FALSE,0.5,1,0.2,FALSE
2036,"synthetic","LSVCMM",200,21,5,"binary",1,1,1,1,0,0.8,0.7,"uniform",86,FALSE,FALSE,0.5,0,0.2,FALSE
2037,"synthetic","LSVCMM",200,21,5,"binary",1,1,1,1,0,0.8,0.7,"uniform",86,FALSE,FALSE,0.5,0.1,0.2,FALSE
2038,"synthetic","LSVCMM",200,21,5,"binary",1,1,1,1,0,0.8,0.7,"uniform",86,FALSE,FALSE,0.5,0.2,0.2,FALSE
2039,"synthetic","LSVCMM",200,21,5,"binary",1,1,1,1,0,0.8,0.7,"uniform",86,FALSE,FALSE,0.5,0.3,0.2,FALSE
2040,"synthetic","LSVCMM",200,21,5,"binary",1,1,1,1,0,0.8,0.7,"uniform",86,FALSE,FALSE,0.5,0.4,0.2,FALSE
2041,"synthetic","LSVCMM",200,21,5,"binary",1,1,1,1,0,0.8,0.7,"uniform",86,FALSE,FALSE,0.5,0.5,0.2,FALSE
2042,"synthetic","LSVCMM",200,21,5,"binary",1,1,1,1,0,0.8,0.7,"uniform",86,FALSE,FALSE,0.5,0.6,0.2,FALSE
2043,"synthetic","LSVCMM",200,21,5,"binary",1,1,1,1,0,0.8,0.7,"uniform",86,FALSE,FALSE,0.5,0.7,0.2,FALSE
2044,"synthetic","LSVCMM",200,21,5,"binary",1,1,1,1,0,0.8,0.7,"uniform",86,FALSE,FALSE,0.5,0.8,0.2,FALSE
2045,"synthetic","LSVCMM",200,21,5,"binary",1,1,1,1,0,0.8,0.7,"uniform",86,FALSE,FALSE,0.5,0.9,0.2,FALSE
2046,"synthetic","LSVCMM",200,21,5,"binary",1,1,1,1,0,0.8,0.7,"uniform",86,FALSE,FALSE,0.5,1,0.2,FALSE
2047,"synthetic","LSVCMM",200,21,5,"binary",1,1,1,1,0,0.8,0.7,"uniform",87,FALSE,FALSE,0.5,0,0.2,FALSE
2048,"synthetic","LSVCMM",200,21,5,"binary",1,1,1,1,0,0.8,0.7,"uniform",87,FALSE,FALSE,0.5,0.1,0.2,FALSE
2049,"synthetic","LSVCMM",200,21,5,"binary",1,1,1,1,0,0.8,0.7,"uniform",87,FALSE,FALSE,0.5,0.2,0.2,FALSE
2050,"synthetic","LSVCMM",200,21,5,"binary",1,1,1,1,0,0.8,0.7,"uniform",87,FALSE,FALSE,0.5,0.3,0.2,FALSE
2051,"synthetic","LSVCMM",200,21,5,"binary",1,1,1,1,0,0.8,0.7,"uniform",87,FALSE,FALSE,0.5,0.4,0.2,FALSE
2052,"synthetic","LSVCMM",200,21,5,"binary",1,1,1,1,0,0.8,0.7,"uniform",87,FALSE,FALSE,0.5,0.5,0.2,FALSE
2053,"synthetic","LSVCMM",200,21,5,"binary",1,1,1,1,0,0.8,0.7,"uniform",87,FALSE,FALSE,0.5,0.6,0.2,FALSE
2054,"synthetic","LSVCMM",200,21,5,"binary",1,1,1,1,0,0.8,0.7,"uniform",87,FALSE,FALSE,0.5,0.7,0.2,FALSE
2055,"synthetic","LSVCMM",200,21,5,"binary",1,1,1,1,0,0.8,0.7,"uniform",87,FALSE,FALSE,0.5,0.8,0.2,FALSE
2056,"synthetic","LSVCMM",200,21,5,"binary",1,1,1,1,0,0.8,0.7,"uniform",87,FALSE,FALSE,0.5,0.9,0.2,FALSE
2057,"synthetic","LSVCMM",200,21,5,"binary",1,1,1,1,0,0.8,0.7,"uniform",87,FALSE,FALSE,0.5,1,0.2,FALSE
2058,"synthetic","LSVCMM",200,21,5,"binary",1,1,1,1,0,0.8,0.7,"uniform",88,FALSE,FALSE,0.5,0,0.2,FALSE
2059,"synthetic","LSVCMM",200,21,5,"binary",1,1,1,1,0,0.8,0.7,"uniform",88,FALSE,FALSE,0.5,0.1,0.2,FALSE
2060,"synthetic","LSVCMM",200,21,5,"binary",1,1,1,1,0,0.8,0.7,"uniform",88,FALSE,FALSE,0.5,0.2,0.2,FALSE
2061,"synthetic","LSVCMM",200,21,5,"binary",1,1,1,1,0,0.8,0.7,"uniform",88,FALSE,FALSE,0.5,0.3,0.2,FALSE
2062,"synthetic","LSVCMM",200,21,5,"binary",1,1,1,1,0,0.8,0.7,"uniform",88,FALSE,FALSE,0.5,0.4,0.2,FALSE
2063,"synthetic","LSVCMM",200,21,5,"binary",1,1,1,1,0,0.8,0.7,"uniform",88,FALSE,FALSE,0.5,0.5,0.2,FALSE
2064,"synthetic","LSVCMM",200,21,5,"binary",1,1,1,1,0,0.8,0.7,"uniform",88,FALSE,FALSE,0.5,0.6,0.2,FALSE
2065,"synthetic","LSVCMM",200,21,5,"binary",1,1,1,1,0,0.8,0.7,"uniform",88,FALSE,FALSE,0.5,0.7,0.2,FALSE
2066,"synthetic","LSVCMM",200,21,5,"binary",1,1,1,1,0,0.8,0.7,"uniform",88,FALSE,FALSE,0.5,0.8,0.2,FALSE
2067,"synthetic","LSVCMM",200,21,5,"binary",1,1,1,1,0,0.8,0.7,"uniform",88,FALSE,FALSE,0.5,0.9,0.2,FALSE
2068,"synthetic","LSVCMM",200,21,5,"binary",1,1,1,1,0,0.8,0.7,"uniform",88,FALSE,FALSE,0.5,1,0.2,FALSE
2069,"synthetic","LSVCMM",200,21,5,"binary",1,1,1,1,0,0.8,0.7,"uniform",89,FALSE,FALSE,0.5,0,0.2,FALSE
2070,"synthetic","LSVCMM",200,21,5,"binary",1,1,1,1,0,0.8,0.7,"uniform",89,FALSE,FALSE,0.5,0.1,0.2,FALSE
2071,"synthetic","LSVCMM",200,21,5,"binary",1,1,1,1,0,0.8,0.7,"uniform",89,FALSE,FALSE,0.5,0.2,0.2,FALSE
2072,"synthetic","LSVCMM",200,21,5,"binary",1,1,1,1,0,0.8,0.7,"uniform",89,FALSE,FALSE,0.5,0.3,0.2,FALSE
2073,"synthetic","LSVCMM",200,21,5,"binary",1,1,1,1,0,0.8,0.7,"uniform",89,FALSE,FALSE,0.5,0.4,0.2,FALSE
2074,"synthetic","LSVCMM",200,21,5,"binary",1,1,1,1,0,0.8,0.7,"uniform",89,FALSE,FALSE,0.5,0.5,0.2,FALSE
2075,"synthetic","LSVCMM",200,21,5,"binary",1,1,1,1,0,0.8,0.7,"uniform",89,FALSE,FALSE,0.5,0.6,0.2,FALSE
2076,"synthetic","LSVCMM",200,21,5,"binary",1,1,1,1,0,0.8,0.7,"uniform",89,FALSE,FALSE,0.5,0.7,0.2,FALSE
2077,"synthetic","LSVCMM",200,21,5,"binary",1,1,1,1,0,0.8,0.7,"uniform",89,FALSE,FALSE,0.5,0.8,0.2,FALSE
2078,"synthetic","LSVCMM",200,21,5,"binary",1,1,1,1,0,0.8,0.7,"uniform",89,FALSE,FALSE,0.5,0.9,0.2,FALSE
2079,"synthetic","LSVCMM",200,21,5,"binary",1,1,1,1,0,0.8,0.7,"uniform",89,FALSE,FALSE,0.5,1,0.2,FALSE
2080,"synthetic","LSVCMM",200,21,5,"binary",1,1,1,1,0,0.8,0.7,"uniform",90,FALSE,FALSE,0.5,0,0.2,FALSE
2081,"synthetic","LSVCMM",200,21,5,"binary",1,1,1,1,0,0.8,0.7,"uniform",90,FALSE,FALSE,0.5,0.1,0.2,FALSE
2082,"synthetic","LSVCMM",200,21,5,"binary",1,1,1,1,0,0.8,0.7,"uniform",90,FALSE,FALSE,0.5,0.2,0.2,FALSE
2083,"synthetic","LSVCMM",200,21,5,"binary",1,1,1,1,0,0.8,0.7,"uniform",90,FALSE,FALSE,0.5,0.3,0.2,FALSE
2084,"synthetic","LSVCMM",200,21,5,"binary",1,1,1,1,0,0.8,0.7,"uniform",90,FALSE,FALSE,0.5,0.4,0.2,FALSE
2085,"synthetic","LSVCMM",200,21,5,"binary",1,1,1,1,0,0.8,0.7,"uniform",90,FALSE,FALSE,0.5,0.5,0.2,FALSE
2086,"synthetic","LSVCMM",200,21,5,"binary",1,1,1,1,0,0.8,0.7,"uniform",90,FALSE,FALSE,0.5,0.6,0.2,FALSE
2087,"synthetic","LSVCMM",200,21,5,"binary",1,1,1,1,0,0.8,0.7,"uniform",90,FALSE,FALSE,0.5,0.7,0.2,FALSE
2088,"synthetic","LSVCMM",200,21,5,"binary",1,1,1,1,0,0.8,0.7,"uniform",90,FALSE,FALSE,0.5,0.8,0.2,FALSE
2089,"synthetic","LSVCMM",200,21,5,"binary",1,1,1,1,0,0.8,0.7,"uniform",90,FALSE,FALSE,0.5,0.9,0.2,FALSE
2090,"synthetic","LSVCMM",200,21,5,"binary",1,1,1,1,0,0.8,0.7,"uniform",90,FALSE,FALSE,0.5,1,0.2,FALSE
2091,"synthetic","LSVCMM",200,21,5,"binary",1,1,1,1,0,0.8,0.7,"uniform",91,FALSE,FALSE,0.5,0,0.2,FALSE
2092,"synthetic","LSVCMM",200,21,5,"binary",1,1,1,1,0,0.8,0.7,"uniform",91,FALSE,FALSE,0.5,0.1,0.2,FALSE
2093,"synthetic","LSVCMM",200,21,5,"binary",1,1,1,1,0,0.8,0.7,"uniform",91,FALSE,FALSE,0.5,0.2,0.2,FALSE
2094,"synthetic","LSVCMM",200,21,5,"binary",1,1,1,1,0,0.8,0.7,"uniform",91,FALSE,FALSE,0.5,0.3,0.2,FALSE
2095,"synthetic","LSVCMM",200,21,5,"binary",1,1,1,1,0,0.8,0.7,"uniform",91,FALSE,FALSE,0.5,0.4,0.2,FALSE
2096,"synthetic","LSVCMM",200,21,5,"binary",1,1,1,1,0,0.8,0.7,"uniform",91,FALSE,FALSE,0.5,0.5,0.2,FALSE
2097,"synthetic","LSVCMM",200,21,5,"binary",1,1,1,1,0,0.8,0.7,"uniform",91,FALSE,FALSE,0.5,0.6,0.2,FALSE
2098,"synthetic","LSVCMM",200,21,5,"binary",1,1,1,1,0,0.8,0.7,"uniform",91,FALSE,FALSE,0.5,0.7,0.2,FALSE
2099,"synthetic","LSVCMM",200,21,5,"binary",1,1,1,1,0,0.8,0.7,"uniform",91,FALSE,FALSE,0.5,0.8,0.2,FALSE
2100,"synthetic","LSVCMM",200,21,5,"binary",1,1,1,1,0,0.8,0.7,"uniform",91,FALSE,FALSE,0.5,0.9,0.2,FALSE
2101,"synthetic","LSVCMM",200,21,5,"binary",1,1,1,1,0,0.8,0.7,"uniform",91,FALSE,FALSE,0.5,1,0.2,FALSE
2102,"synthetic","LSVCMM",200,21,5,"binary",1,1,1,1,0,0.8,0.7,"uniform",92,FALSE,FALSE,0.5,0,0.2,FALSE
2103,"synthetic","LSVCMM",200,21,5,"binary",1,1,1,1,0,0.8,0.7,"uniform",92,FALSE,FALSE,0.5,0.1,0.2,FALSE
2104,"synthetic","LSVCMM",200,21,5,"binary",1,1,1,1,0,0.8,0.7,"uniform",92,FALSE,FALSE,0.5,0.2,0.2,FALSE
2105,"synthetic","LSVCMM",200,21,5,"binary",1,1,1,1,0,0.8,0.7,"uniform",92,FALSE,FALSE,0.5,0.3,0.2,FALSE
2106,"synthetic","LSVCMM",200,21,5,"binary",1,1,1,1,0,0.8,0.7,"uniform",92,FALSE,FALSE,0.5,0.4,0.2,FALSE
2107,"synthetic","LSVCMM",200,21,5,"binary",1,1,1,1,0,0.8,0.7,"uniform",92,FALSE,FALSE,0.5,0.5,0.2,FALSE
2108,"synthetic","LSVCMM",200,21,5,"binary",1,1,1,1,0,0.8,0.7,"uniform",92,FALSE,FALSE,0.5,0.6,0.2,FALSE
2109,"synthetic","LSVCMM",200,21,5,"binary",1,1,1,1,0,0.8,0.7,"uniform",92,FALSE,FALSE,0.5,0.7,0.2,FALSE
2110,"synthetic","LSVCMM",200,21,5,"binary",1,1,1,1,0,0.8,0.7,"uniform",92,FALSE,FALSE,0.5,0.8,0.2,FALSE
2111,"synthetic","LSVCMM",200,21,5,"binary",1,1,1,1,0,0.8,0.7,"uniform",92,FALSE,FALSE,0.5,0.9,0.2,FALSE
2112,"synthetic","LSVCMM",200,21,5,"binary",1,1,1,1,0,0.8,0.7,"uniform",92,FALSE,FALSE,0.5,1,0.2,FALSE
2113,"synthetic","LSVCMM",200,21,5,"binary",1,1,1,1,0,0.8,0.7,"uniform",93,FALSE,FALSE,0.5,0,0.2,FALSE
2114,"synthetic","LSVCMM",200,21,5,"binary",1,1,1,1,0,0.8,0.7,"uniform",93,FALSE,FALSE,0.5,0.1,0.2,FALSE
2115,"synthetic","LSVCMM",200,21,5,"binary",1,1,1,1,0,0.8,0.7,"uniform",93,FALSE,FALSE,0.5,0.2,0.2,FALSE
2116,"synthetic","LSVCMM",200,21,5,"binary",1,1,1,1,0,0.8,0.7,"uniform",93,FALSE,FALSE,0.5,0.3,0.2,FALSE
2117,"synthetic","LSVCMM",200,21,5,"binary",1,1,1,1,0,0.8,0.7,"uniform",93,FALSE,FALSE,0.5,0.4,0.2,FALSE
2118,"synthetic","LSVCMM",200,21,5,"binary",1,1,1,1,0,0.8,0.7,"uniform",93,FALSE,FALSE,0.5,0.5,0.2,FALSE
2119,"synthetic","LSVCMM",200,21,5,"binary",1,1,1,1,0,0.8,0.7,"uniform",93,FALSE,FALSE,0.5,0.6,0.2,FALSE
2120,"synthetic","LSVCMM",200,21,5,"binary",1,1,1,1,0,0.8,0.7,"uniform",93,FALSE,FALSE,0.5,0.7,0.2,FALSE
2121,"synthetic","LSVCMM",200,21,5,"binary",1,1,1,1,0,0.8,0.7,"uniform",93,FALSE,FALSE,0.5,0.8,0.2,FALSE
2122,"synthetic","LSVCMM",200,21,5,"binary",1,1,1,1,0,0.8,0.7,"uniform",93,FALSE,FALSE,0.5,0.9,0.2,FALSE
2123,"synthetic","LSVCMM",200,21,5,"binary",1,1,1,1,0,0.8,0.7,"uniform",93,FALSE,FALSE,0.5,1,0.2,FALSE
2124,"synthetic","LSVCMM",200,21,5,"binary",1,1,1,1,0,0.8,0.7,"uniform",94,FALSE,FALSE,0.5,0,0.2,FALSE
2125,"synthetic","LSVCMM",200,21,5,"binary",1,1,1,1,0,0.8,0.7,"uniform",94,FALSE,FALSE,0.5,0.1,0.2,FALSE
2126,"synthetic","LSVCMM",200,21,5,"binary",1,1,1,1,0,0.8,0.7,"uniform",94,FALSE,FALSE,0.5,0.2,0.2,FALSE
2127,"synthetic","LSVCMM",200,21,5,"binary",1,1,1,1,0,0.8,0.7,"uniform",94,FALSE,FALSE,0.5,0.3,0.2,FALSE
2128,"synthetic","LSVCMM",200,21,5,"binary",1,1,1,1,0,0.8,0.7,"uniform",94,FALSE,FALSE,0.5,0.4,0.2,FALSE
2129,"synthetic","LSVCMM",200,21,5,"binary",1,1,1,1,0,0.8,0.7,"uniform",94,FALSE,FALSE,0.5,0.5,0.2,FALSE
2130,"synthetic","LSVCMM",200,21,5,"binary",1,1,1,1,0,0.8,0.7,"uniform",94,FALSE,FALSE,0.5,0.6,0.2,FALSE
2131,"synthetic","LSVCMM",200,21,5,"binary",1,1,1,1,0,0.8,0.7,"uniform",94,FALSE,FALSE,0.5,0.7,0.2,FALSE
2132,"synthetic","LSVCMM",200,21,5,"binary",1,1,1,1,0,0.8,0.7,"uniform",94,FALSE,FALSE,0.5,0.8,0.2,FALSE
2133,"synthetic","LSVCMM",200,21,5,"binary",1,1,1,1,0,0.8,0.7,"uniform",94,FALSE,FALSE,0.5,0.9,0.2,FALSE
2134,"synthetic","LSVCMM",200,21,5,"binary",1,1,1,1,0,0.8,0.7,"uniform",94,FALSE,FALSE,0.5,1,0.2,FALSE
2135,"synthetic","LSVCMM",200,21,5,"binary",1,1,1,1,0,0.8,0.7,"uniform",95,FALSE,FALSE,0.5,0,0.2,FALSE
2136,"synthetic","LSVCMM",200,21,5,"binary",1,1,1,1,0,0.8,0.7,"uniform",95,FALSE,FALSE,0.5,0.1,0.2,FALSE
2137,"synthetic","LSVCMM",200,21,5,"binary",1,1,1,1,0,0.8,0.7,"uniform",95,FALSE,FALSE,0.5,0.2,0.2,FALSE
2138,"synthetic","LSVCMM",200,21,5,"binary",1,1,1,1,0,0.8,0.7,"uniform",95,FALSE,FALSE,0.5,0.3,0.2,FALSE
2139,"synthetic","LSVCMM",200,21,5,"binary",1,1,1,1,0,0.8,0.7,"uniform",95,FALSE,FALSE,0.5,0.4,0.2,FALSE
2140,"synthetic","LSVCMM",200,21,5,"binary",1,1,1,1,0,0.8,0.7,"uniform",95,FALSE,FALSE,0.5,0.5,0.2,FALSE
2141,"synthetic","LSVCMM",200,21,5,"binary",1,1,1,1,0,0.8,0.7,"uniform",95,FALSE,FALSE,0.5,0.6,0.2,FALSE
2142,"synthetic","LSVCMM",200,21,5,"binary",1,1,1,1,0,0.8,0.7,"uniform",95,FALSE,FALSE,0.5,0.7,0.2,FALSE
2143,"synthetic","LSVCMM",200,21,5,"binary",1,1,1,1,0,0.8,0.7,"uniform",95,FALSE,FALSE,0.5,0.8,0.2,FALSE
2144,"synthetic","LSVCMM",200,21,5,"binary",1,1,1,1,0,0.8,0.7,"uniform",95,FALSE,FALSE,0.5,0.9,0.2,FALSE
2145,"synthetic","LSVCMM",200,21,5,"binary",1,1,1,1,0,0.8,0.7,"uniform",95,FALSE,FALSE,0.5,1,0.2,FALSE
2146,"synthetic","LSVCMM",200,21,5,"binary",1,1,1,1,0,0.8,0.7,"uniform",96,FALSE,FALSE,0.5,0,0.2,FALSE
2147,"synthetic","LSVCMM",200,21,5,"binary",1,1,1,1,0,0.8,0.7,"uniform",96,FALSE,FALSE,0.5,0.1,0.2,FALSE
2148,"synthetic","LSVCMM",200,21,5,"binary",1,1,1,1,0,0.8,0.7,"uniform",96,FALSE,FALSE,0.5,0.2,0.2,FALSE
2149,"synthetic","LSVCMM",200,21,5,"binary",1,1,1,1,0,0.8,0.7,"uniform",96,FALSE,FALSE,0.5,0.3,0.2,FALSE
2150,"synthetic","LSVCMM",200,21,5,"binary",1,1,1,1,0,0.8,0.7,"uniform",96,FALSE,FALSE,0.5,0.4,0.2,FALSE
2151,"synthetic","LSVCMM",200,21,5,"binary",1,1,1,1,0,0.8,0.7,"uniform",96,FALSE,FALSE,0.5,0.5,0.2,FALSE
2152,"synthetic","LSVCMM",200,21,5,"binary",1,1,1,1,0,0.8,0.7,"uniform",96,FALSE,FALSE,0.5,0.6,0.2,FALSE
2153,"synthetic","LSVCMM",200,21,5,"binary",1,1,1,1,0,0.8,0.7,"uniform",96,FALSE,FALSE,0.5,0.7,0.2,FALSE
2154,"synthetic","LSVCMM",200,21,5,"binary",1,1,1,1,0,0.8,0.7,"uniform",96,FALSE,FALSE,0.5,0.8,0.2,FALSE
2155,"synthetic","LSVCMM",200,21,5,"binary",1,1,1,1,0,0.8,0.7,"uniform",96,FALSE,FALSE,0.5,0.9,0.2,FALSE
2156,"synthetic","LSVCMM",200,21,5,"binary",1,1,1,1,0,0.8,0.7,"uniform",96,FALSE,FALSE,0.5,1,0.2,FALSE
2157,"synthetic","LSVCMM",200,21,5,"binary",1,1,1,1,0,0.8,0.7,"uniform",97,FALSE,FALSE,0.5,0,0.2,FALSE
2158,"synthetic","LSVCMM",200,21,5,"binary",1,1,1,1,0,0.8,0.7,"uniform",97,FALSE,FALSE,0.5,0.1,0.2,FALSE
2159,"synthetic","LSVCMM",200,21,5,"binary",1,1,1,1,0,0.8,0.7,"uniform",97,FALSE,FALSE,0.5,0.2,0.2,FALSE
2160,"synthetic","LSVCMM",200,21,5,"binary",1,1,1,1,0,0.8,0.7,"uniform",97,FALSE,FALSE,0.5,0.3,0.2,FALSE
2161,"synthetic","LSVCMM",200,21,5,"binary",1,1,1,1,0,0.8,0.7,"uniform",97,FALSE,FALSE,0.5,0.4,0.2,FALSE
2162,"synthetic","LSVCMM",200,21,5,"binary",1,1,1,1,0,0.8,0.7,"uniform",97,FALSE,FALSE,0.5,0.5,0.2,FALSE
2163,"synthetic","LSVCMM",200,21,5,"binary",1,1,1,1,0,0.8,0.7,"uniform",97,FALSE,FALSE,0.5,0.6,0.2,FALSE
2164,"synthetic","LSVCMM",200,21,5,"binary",1,1,1,1,0,0.8,0.7,"uniform",97,FALSE,FALSE,0.5,0.7,0.2,FALSE
2165,"synthetic","LSVCMM",200,21,5,"binary",1,1,1,1,0,0.8,0.7,"uniform",97,FALSE,FALSE,0.5,0.8,0.2,FALSE
2166,"synthetic","LSVCMM",200,21,5,"binary",1,1,1,1,0,0.8,0.7,"uniform",97,FALSE,FALSE,0.5,0.9,0.2,FALSE
2167,"synthetic","LSVCMM",200,21,5,"binary",1,1,1,1,0,0.8,0.7,"uniform",97,FALSE,FALSE,0.5,1,0.2,FALSE
2168,"synthetic","LSVCMM",200,21,5,"binary",1,1,1,1,0,0.8,0.7,"uniform",98,FALSE,FALSE,0.5,0,0.2,FALSE
2169,"synthetic","LSVCMM",200,21,5,"binary",1,1,1,1,0,0.8,0.7,"uniform",98,FALSE,FALSE,0.5,0.1,0.2,FALSE
2170,"synthetic","LSVCMM",200,21,5,"binary",1,1,1,1,0,0.8,0.7,"uniform",98,FALSE,FALSE,0.5,0.2,0.2,FALSE
2171,"synthetic","LSVCMM",200,21,5,"binary",1,1,1,1,0,0.8,0.7,"uniform",98,FALSE,FALSE,0.5,0.3,0.2,FALSE
2172,"synthetic","LSVCMM",200,21,5,"binary",1,1,1,1,0,0.8,0.7,"uniform",98,FALSE,FALSE,0.5,0.4,0.2,FALSE
2173,"synthetic","LSVCMM",200,21,5,"binary",1,1,1,1,0,0.8,0.7,"uniform",98,FALSE,FALSE,0.5,0.5,0.2,FALSE
2174,"synthetic","LSVCMM",200,21,5,"binary",1,1,1,1,0,0.8,0.7,"uniform",98,FALSE,FALSE,0.5,0.6,0.2,FALSE
2175,"synthetic","LSVCMM",200,21,5,"binary",1,1,1,1,0,0.8,0.7,"uniform",98,FALSE,FALSE,0.5,0.7,0.2,FALSE
2176,"synthetic","LSVCMM",200,21,5,"binary",1,1,1,1,0,0.8,0.7,"uniform",98,FALSE,FALSE,0.5,0.8,0.2,FALSE
2177,"synthetic","LSVCMM",200,21,5,"binary",1,1,1,1,0,0.8,0.7,"uniform",98,FALSE,FALSE,0.5,0.9,0.2,FALSE
2178,"synthetic","LSVCMM",200,21,5,"binary",1,1,1,1,0,0.8,0.7,"uniform",98,FALSE,FALSE,0.5,1,0.2,FALSE
2179,"synthetic","LSVCMM",200,21,5,"binary",1,1,1,1,0,0.8,0.7,"uniform",99,FALSE,FALSE,0.5,0,0.2,FALSE
2180,"synthetic","LSVCMM",200,21,5,"binary",1,1,1,1,0,0.8,0.7,"uniform",99,FALSE,FALSE,0.5,0.1,0.2,FALSE
2181,"synthetic","LSVCMM",200,21,5,"binary",1,1,1,1,0,0.8,0.7,"uniform",99,FALSE,FALSE,0.5,0.2,0.2,FALSE
2182,"synthetic","LSVCMM",200,21,5,"binary",1,1,1,1,0,0.8,0.7,"uniform",99,FALSE,FALSE,0.5,0.3,0.2,FALSE
2183,"synthetic","LSVCMM",200,21,5,"binary",1,1,1,1,0,0.8,0.7,"uniform",99,FALSE,FALSE,0.5,0.4,0.2,FALSE
2184,"synthetic","LSVCMM",200,21,5,"binary",1,1,1,1,0,0.8,0.7,"uniform",99,FALSE,FALSE,0.5,0.5,0.2,FALSE
2185,"synthetic","LSVCMM",200,21,5,"binary",1,1,1,1,0,0.8,0.7,"uniform",99,FALSE,FALSE,0.5,0.6,0.2,FALSE
2186,"synthetic","LSVCMM",200,21,5,"binary",1,1,1,1,0,0.8,0.7,"uniform",99,FALSE,FALSE,0.5,0.7,0.2,FALSE
2187,"synthetic","LSVCMM",200,21,5,"binary",1,1,1,1,0,0.8,0.7,"uniform",99,FALSE,FALSE,0.5,0.8,0.2,FALSE
2188,"synthetic","LSVCMM",200,21,5,"binary",1,1,1,1,0,0.8,0.7,"uniform",99,FALSE,FALSE,0.5,0.9,0.2,FALSE
2189,"synthetic","LSVCMM",200,21,5,"binary",1,1,1,1,0,0.8,0.7,"uniform",99,FALSE,FALSE,0.5,1,0.2,FALSE
2190,"synthetic","LSVCMM",200,21,5,"binary",1,1,1,1,0,0.8,0.7,"uniform",100,FALSE,FALSE,0.5,0,0.2,FALSE
2191,"synthetic","LSVCMM",200,21,5,"binary",1,1,1,1,0,0.8,0.7,"uniform",100,FALSE,FALSE,0.5,0.1,0.2,FALSE
2192,"synthetic","LSVCMM",200,21,5,"binary",1,1,1,1,0,0.8,0.7,"uniform",100,FALSE,FALSE,0.5,0.2,0.2,FALSE
2193,"synthetic","LSVCMM",200,21,5,"binary",1,1,1,1,0,0.8,0.7,"uniform",100,FALSE,FALSE,0.5,0.3,0.2,FALSE
2194,"synthetic","LSVCMM",200,21,5,"binary",1,1,1,1,0,0.8,0.7,"uniform",100,FALSE,FALSE,0.5,0.4,0.2,FALSE
2195,"synthetic","LSVCMM",200,21,5,"binary",1,1,1,1,0,0.8,0.7,"uniform",100,FALSE,FALSE,0.5,0.5,0.2,FALSE
2196,"synthetic","LSVCMM",200,21,5,"binary",1,1,1,1,0,0.8,0.7,"uniform",100,FALSE,FALSE,0.5,0.6,0.2,FALSE
2197,"synthetic","LSVCMM",200,21,5,"binary",1,1,1,1,0,0.8,0.7,"uniform",100,FALSE,FALSE,0.5,0.7,0.2,FALSE
2198,"synthetic","LSVCMM",200,21,5,"binary",1,1,1,1,0,0.8,0.7,"uniform",100,FALSE,FALSE,0.5,0.8,0.2,FALSE
2199,"synthetic","LSVCMM",200,21,5,"binary",1,1,1,1,0,0.8,0.7,"uniform",100,FALSE,FALSE,0.5,0.9,0.2,FALSE
2200,"synthetic","LSVCMM",200,21,5,"binary",1,1,1,1,0,0.8,0.7,"uniform",100,FALSE,FALSE,0.5,1,0.2,FALSE
2201,"synthetic","LSVCMM",200,21,5,"binary",1,1,1,1,0.8,-1.5,0.7,"uniform",1,FALSE,FALSE,0.5,0,0.2,FALSE
2202,"synthetic","LSVCMM",200,21,5,"binary",1,1,1,1,0.8,-1.5,0.7,"uniform",1,FALSE,FALSE,0.5,0.1,0.2,FALSE
2203,"synthetic","LSVCMM",200,21,5,"binary",1,1,1,1,0.8,-1.5,0.7,"uniform",1,FALSE,FALSE,0.5,0.2,0.2,FALSE
2204,"synthetic","LSVCMM",200,21,5,"binary",1,1,1,1,0.8,-1.5,0.7,"uniform",1,FALSE,FALSE,0.5,0.3,0.2,FALSE
2205,"synthetic","LSVCMM",200,21,5,"binary",1,1,1,1,0.8,-1.5,0.7,"uniform",1,FALSE,FALSE,0.5,0.4,0.2,FALSE
2206,"synthetic","LSVCMM",200,21,5,"binary",1,1,1,1,0.8,-1.5,0.7,"uniform",1,FALSE,FALSE,0.5,0.5,0.2,FALSE
2207,"synthetic","LSVCMM",200,21,5,"binary",1,1,1,1,0.8,-1.5,0.7,"uniform",1,FALSE,FALSE,0.5,0.6,0.2,FALSE
2208,"synthetic","LSVCMM",200,21,5,"binary",1,1,1,1,0.8,-1.5,0.7,"uniform",1,FALSE,FALSE,0.5,0.7,0.2,FALSE
2209,"synthetic","LSVCMM",200,21,5,"binary",1,1,1,1,0.8,-1.5,0.7,"uniform",1,FALSE,FALSE,0.5,0.8,0.2,FALSE
2210,"synthetic","LSVCMM",200,21,5,"binary",1,1,1,1,0.8,-1.5,0.7,"uniform",1,FALSE,FALSE,0.5,0.9,0.2,FALSE
2211,"synthetic","LSVCMM",200,21,5,"binary",1,1,1,1,0.8,-1.5,0.7,"uniform",1,FALSE,FALSE,0.5,1,0.2,FALSE
2212,"synthetic","LSVCMM",200,21,5,"binary",1,1,1,1,0.8,-1.5,0.7,"uniform",2,FALSE,FALSE,0.5,0,0.2,FALSE
2213,"synthetic","LSVCMM",200,21,5,"binary",1,1,1,1,0.8,-1.5,0.7,"uniform",2,FALSE,FALSE,0.5,0.1,0.2,FALSE
2214,"synthetic","LSVCMM",200,21,5,"binary",1,1,1,1,0.8,-1.5,0.7,"uniform",2,FALSE,FALSE,0.5,0.2,0.2,FALSE
2215,"synthetic","LSVCMM",200,21,5,"binary",1,1,1,1,0.8,-1.5,0.7,"uniform",2,FALSE,FALSE,0.5,0.3,0.2,FALSE
2216,"synthetic","LSVCMM",200,21,5,"binary",1,1,1,1,0.8,-1.5,0.7,"uniform",2,FALSE,FALSE,0.5,0.4,0.2,FALSE
2217,"synthetic","LSVCMM",200,21,5,"binary",1,1,1,1,0.8,-1.5,0.7,"uniform",2,FALSE,FALSE,0.5,0.5,0.2,FALSE
2218,"synthetic","LSVCMM",200,21,5,"binary",1,1,1,1,0.8,-1.5,0.7,"uniform",2,FALSE,FALSE,0.5,0.6,0.2,FALSE
2219,"synthetic","LSVCMM",200,21,5,"binary",1,1,1,1,0.8,-1.5,0.7,"uniform",2,FALSE,FALSE,0.5,0.7,0.2,FALSE
2220,"synthetic","LSVCMM",200,21,5,"binary",1,1,1,1,0.8,-1.5,0.7,"uniform",2,FALSE,FALSE,0.5,0.8,0.2,FALSE
2221,"synthetic","LSVCMM",200,21,5,"binary",1,1,1,1,0.8,-1.5,0.7,"uniform",2,FALSE,FALSE,0.5,0.9,0.2,FALSE
2222,"synthetic","LSVCMM",200,21,5,"binary",1,1,1,1,0.8,-1.5,0.7,"uniform",2,FALSE,FALSE,0.5,1,0.2,FALSE
2223,"synthetic","LSVCMM",200,21,5,"binary",1,1,1,1,0.8,-1.5,0.7,"uniform",3,FALSE,FALSE,0.5,0,0.2,FALSE
2224,"synthetic","LSVCMM",200,21,5,"binary",1,1,1,1,0.8,-1.5,0.7,"uniform",3,FALSE,FALSE,0.5,0.1,0.2,FALSE
2225,"synthetic","LSVCMM",200,21,5,"binary",1,1,1,1,0.8,-1.5,0.7,"uniform",3,FALSE,FALSE,0.5,0.2,0.2,FALSE
2226,"synthetic","LSVCMM",200,21,5,"binary",1,1,1,1,0.8,-1.5,0.7,"uniform",3,FALSE,FALSE,0.5,0.3,0.2,FALSE
2227,"synthetic","LSVCMM",200,21,5,"binary",1,1,1,1,0.8,-1.5,0.7,"uniform",3,FALSE,FALSE,0.5,0.4,0.2,FALSE
2228,"synthetic","LSVCMM",200,21,5,"binary",1,1,1,1,0.8,-1.5,0.7,"uniform",3,FALSE,FALSE,0.5,0.5,0.2,FALSE
2229,"synthetic","LSVCMM",200,21,5,"binary",1,1,1,1,0.8,-1.5,0.7,"uniform",3,FALSE,FALSE,0.5,0.6,0.2,FALSE
2230,"synthetic","LSVCMM",200,21,5,"binary",1,1,1,1,0.8,-1.5,0.7,"uniform",3,FALSE,FALSE,0.5,0.7,0.2,FALSE
2231,"synthetic","LSVCMM",200,21,5,"binary",1,1,1,1,0.8,-1.5,0.7,"uniform",3,FALSE,FALSE,0.5,0.8,0.2,FALSE
2232,"synthetic","LSVCMM",200,21,5,"binary",1,1,1,1,0.8,-1.5,0.7,"uniform",3,FALSE,FALSE,0.5,0.9,0.2,FALSE
2233,"synthetic","LSVCMM",200,21,5,"binary",1,1,1,1,0.8,-1.5,0.7,"uniform",3,FALSE,FALSE,0.5,1,0.2,FALSE
2234,"synthetic","LSVCMM",200,21,5,"binary",1,1,1,1,0.8,-1.5,0.7,"uniform",4,FALSE,FALSE,0.5,0,0.2,FALSE
2235,"synthetic","LSVCMM",200,21,5,"binary",1,1,1,1,0.8,-1.5,0.7,"uniform",4,FALSE,FALSE,0.5,0.1,0.2,FALSE
2236,"synthetic","LSVCMM",200,21,5,"binary",1,1,1,1,0.8,-1.5,0.7,"uniform",4,FALSE,FALSE,0.5,0.2,0.2,FALSE
2237,"synthetic","LSVCMM",200,21,5,"binary",1,1,1,1,0.8,-1.5,0.7,"uniform",4,FALSE,FALSE,0.5,0.3,0.2,FALSE
2238,"synthetic","LSVCMM",200,21,5,"binary",1,1,1,1,0.8,-1.5,0.7,"uniform",4,FALSE,FALSE,0.5,0.4,0.2,FALSE
2239,"synthetic","LSVCMM",200,21,5,"binary",1,1,1,1,0.8,-1.5,0.7,"uniform",4,FALSE,FALSE,0.5,0.5,0.2,FALSE
2240,"synthetic","LSVCMM",200,21,5,"binary",1,1,1,1,0.8,-1.5,0.7,"uniform",4,FALSE,FALSE,0.5,0.6,0.2,FALSE
2241,"synthetic","LSVCMM",200,21,5,"binary",1,1,1,1,0.8,-1.5,0.7,"uniform",4,FALSE,FALSE,0.5,0.7,0.2,FALSE
2242,"synthetic","LSVCMM",200,21,5,"binary",1,1,1,1,0.8,-1.5,0.7,"uniform",4,FALSE,FALSE,0.5,0.8,0.2,FALSE
2243,"synthetic","LSVCMM",200,21,5,"binary",1,1,1,1,0.8,-1.5,0.7,"uniform",4,FALSE,FALSE,0.5,0.9,0.2,FALSE
2244,"synthetic","LSVCMM",200,21,5,"binary",1,1,1,1,0.8,-1.5,0.7,"uniform",4,FALSE,FALSE,0.5,1,0.2,FALSE
2245,"synthetic","LSVCMM",200,21,5,"binary",1,1,1,1,0.8,-1.5,0.7,"uniform",5,FALSE,FALSE,0.5,0,0.2,FALSE
2246,"synthetic","LSVCMM",200,21,5,"binary",1,1,1,1,0.8,-1.5,0.7,"uniform",5,FALSE,FALSE,0.5,0.1,0.2,FALSE
2247,"synthetic","LSVCMM",200,21,5,"binary",1,1,1,1,0.8,-1.5,0.7,"uniform",5,FALSE,FALSE,0.5,0.2,0.2,FALSE
2248,"synthetic","LSVCMM",200,21,5,"binary",1,1,1,1,0.8,-1.5,0.7,"uniform",5,FALSE,FALSE,0.5,0.3,0.2,FALSE
2249,"synthetic","LSVCMM",200,21,5,"binary",1,1,1,1,0.8,-1.5,0.7,"uniform",5,FALSE,FALSE,0.5,0.4,0.2,FALSE
2250,"synthetic","LSVCMM",200,21,5,"binary",1,1,1,1,0.8,-1.5,0.7,"uniform",5,FALSE,FALSE,0.5,0.5,0.2,FALSE
2251,"synthetic","LSVCMM",200,21,5,"binary",1,1,1,1,0.8,-1.5,0.7,"uniform",5,FALSE,FALSE,0.5,0.6,0.2,FALSE
2252,"synthetic","LSVCMM",200,21,5,"binary",1,1,1,1,0.8,-1.5,0.7,"uniform",5,FALSE,FALSE,0.5,0.7,0.2,FALSE
2253,"synthetic","LSVCMM",200,21,5,"binary",1,1,1,1,0.8,-1.5,0.7,"uniform",5,FALSE,FALSE,0.5,0.8,0.2,FALSE
2254,"synthetic","LSVCMM",200,21,5,"binary",1,1,1,1,0.8,-1.5,0.7,"uniform",5,FALSE,FALSE,0.5,0.9,0.2,FALSE
2255,"synthetic","LSVCMM",200,21,5,"binary",1,1,1,1,0.8,-1.5,0.7,"uniform",5,FALSE,FALSE,0.5,1,0.2,FALSE
2256,"synthetic","LSVCMM",200,21,5,"binary",1,1,1,1,0.8,-1.5,0.7,"uniform",6,FALSE,FALSE,0.5,0,0.2,FALSE
2257,"synthetic","LSVCMM",200,21,5,"binary",1,1,1,1,0.8,-1.5,0.7,"uniform",6,FALSE,FALSE,0.5,0.1,0.2,FALSE
2258,"synthetic","LSVCMM",200,21,5,"binary",1,1,1,1,0.8,-1.5,0.7,"uniform",6,FALSE,FALSE,0.5,0.2,0.2,FALSE
2259,"synthetic","LSVCMM",200,21,5,"binary",1,1,1,1,0.8,-1.5,0.7,"uniform",6,FALSE,FALSE,0.5,0.3,0.2,FALSE
2260,"synthetic","LSVCMM",200,21,5,"binary",1,1,1,1,0.8,-1.5,0.7,"uniform",6,FALSE,FALSE,0.5,0.4,0.2,FALSE
2261,"synthetic","LSVCMM",200,21,5,"binary",1,1,1,1,0.8,-1.5,0.7,"uniform",6,FALSE,FALSE,0.5,0.5,0.2,FALSE
2262,"synthetic","LSVCMM",200,21,5,"binary",1,1,1,1,0.8,-1.5,0.7,"uniform",6,FALSE,FALSE,0.5,0.6,0.2,FALSE
2263,"synthetic","LSVCMM",200,21,5,"binary",1,1,1,1,0.8,-1.5,0.7,"uniform",6,FALSE,FALSE,0.5,0.7,0.2,FALSE
2264,"synthetic","LSVCMM",200,21,5,"binary",1,1,1,1,0.8,-1.5,0.7,"uniform",6,FALSE,FALSE,0.5,0.8,0.2,FALSE
2265,"synthetic","LSVCMM",200,21,5,"binary",1,1,1,1,0.8,-1.5,0.7,"uniform",6,FALSE,FALSE,0.5,0.9,0.2,FALSE
2266,"synthetic","LSVCMM",200,21,5,"binary",1,1,1,1,0.8,-1.5,0.7,"uniform",6,FALSE,FALSE,0.5,1,0.2,FALSE
2267,"synthetic","LSVCMM",200,21,5,"binary",1,1,1,1,0.8,-1.5,0.7,"uniform",7,FALSE,FALSE,0.5,0,0.2,FALSE
2268,"synthetic","LSVCMM",200,21,5,"binary",1,1,1,1,0.8,-1.5,0.7,"uniform",7,FALSE,FALSE,0.5,0.1,0.2,FALSE
2269,"synthetic","LSVCMM",200,21,5,"binary",1,1,1,1,0.8,-1.5,0.7,"uniform",7,FALSE,FALSE,0.5,0.2,0.2,FALSE
2270,"synthetic","LSVCMM",200,21,5,"binary",1,1,1,1,0.8,-1.5,0.7,"uniform",7,FALSE,FALSE,0.5,0.3,0.2,FALSE
2271,"synthetic","LSVCMM",200,21,5,"binary",1,1,1,1,0.8,-1.5,0.7,"uniform",7,FALSE,FALSE,0.5,0.4,0.2,FALSE
2272,"synthetic","LSVCMM",200,21,5,"binary",1,1,1,1,0.8,-1.5,0.7,"uniform",7,FALSE,FALSE,0.5,0.5,0.2,FALSE
2273,"synthetic","LSVCMM",200,21,5,"binary",1,1,1,1,0.8,-1.5,0.7,"uniform",7,FALSE,FALSE,0.5,0.6,0.2,FALSE
2274,"synthetic","LSVCMM",200,21,5,"binary",1,1,1,1,0.8,-1.5,0.7,"uniform",7,FALSE,FALSE,0.5,0.7,0.2,FALSE
2275,"synthetic","LSVCMM",200,21,5,"binary",1,1,1,1,0.8,-1.5,0.7,"uniform",7,FALSE,FALSE,0.5,0.8,0.2,FALSE
2276,"synthetic","LSVCMM",200,21,5,"binary",1,1,1,1,0.8,-1.5,0.7,"uniform",7,FALSE,FALSE,0.5,0.9,0.2,FALSE
2277,"synthetic","LSVCMM",200,21,5,"binary",1,1,1,1,0.8,-1.5,0.7,"uniform",7,FALSE,FALSE,0.5,1,0.2,FALSE
2278,"synthetic","LSVCMM",200,21,5,"binary",1,1,1,1,0.8,-1.5,0.7,"uniform",8,FALSE,FALSE,0.5,0,0.2,FALSE
2279,"synthetic","LSVCMM",200,21,5,"binary",1,1,1,1,0.8,-1.5,0.7,"uniform",8,FALSE,FALSE,0.5,0.1,0.2,FALSE
2280,"synthetic","LSVCMM",200,21,5,"binary",1,1,1,1,0.8,-1.5,0.7,"uniform",8,FALSE,FALSE,0.5,0.2,0.2,FALSE
2281,"synthetic","LSVCMM",200,21,5,"binary",1,1,1,1,0.8,-1.5,0.7,"uniform",8,FALSE,FALSE,0.5,0.3,0.2,FALSE
2282,"synthetic","LSVCMM",200,21,5,"binary",1,1,1,1,0.8,-1.5,0.7,"uniform",8,FALSE,FALSE,0.5,0.4,0.2,FALSE
2283,"synthetic","LSVCMM",200,21,5,"binary",1,1,1,1,0.8,-1.5,0.7,"uniform",8,FALSE,FALSE,0.5,0.5,0.2,FALSE
2284,"synthetic","LSVCMM",200,21,5,"binary",1,1,1,1,0.8,-1.5,0.7,"uniform",8,FALSE,FALSE,0.5,0.6,0.2,FALSE
2285,"synthetic","LSVCMM",200,21,5,"binary",1,1,1,1,0.8,-1.5,0.7,"uniform",8,FALSE,FALSE,0.5,0.7,0.2,FALSE
2286,"synthetic","LSVCMM",200,21,5,"binary",1,1,1,1,0.8,-1.5,0.7,"uniform",8,FALSE,FALSE,0.5,0.8,0.2,FALSE
2287,"synthetic","LSVCMM",200,21,5,"binary",1,1,1,1,0.8,-1.5,0.7,"uniform",8,FALSE,FALSE,0.5,0.9,0.2,FALSE
2288,"synthetic","LSVCMM",200,21,5,"binary",1,1,1,1,0.8,-1.5,0.7,"uniform",8,FALSE,FALSE,0.5,1,0.2,FALSE
2289,"synthetic","LSVCMM",200,21,5,"binary",1,1,1,1,0.8,-1.5,0.7,"uniform",9,FALSE,FALSE,0.5,0,0.2,FALSE
2290,"synthetic","LSVCMM",200,21,5,"binary",1,1,1,1,0.8,-1.5,0.7,"uniform",9,FALSE,FALSE,0.5,0.1,0.2,FALSE
2291,"synthetic","LSVCMM",200,21,5,"binary",1,1,1,1,0.8,-1.5,0.7,"uniform",9,FALSE,FALSE,0.5,0.2,0.2,FALSE
2292,"synthetic","LSVCMM",200,21,5,"binary",1,1,1,1,0.8,-1.5,0.7,"uniform",9,FALSE,FALSE,0.5,0.3,0.2,FALSE
2293,"synthetic","LSVCMM",200,21,5,"binary",1,1,1,1,0.8,-1.5,0.7,"uniform",9,FALSE,FALSE,0.5,0.4,0.2,FALSE
2294,"synthetic","LSVCMM",200,21,5,"binary",1,1,1,1,0.8,-1.5,0.7,"uniform",9,FALSE,FALSE,0.5,0.5,0.2,FALSE
2295,"synthetic","LSVCMM",200,21,5,"binary",1,1,1,1,0.8,-1.5,0.7,"uniform",9,FALSE,FALSE,0.5,0.6,0.2,FALSE
2296,"synthetic","LSVCMM",200,21,5,"binary",1,1,1,1,0.8,-1.5,0.7,"uniform",9,FALSE,FALSE,0.5,0.7,0.2,FALSE
2297,"synthetic","LSVCMM",200,21,5,"binary",1,1,1,1,0.8,-1.5,0.7,"uniform",9,FALSE,FALSE,0.5,0.8,0.2,FALSE
2298,"synthetic","LSVCMM",200,21,5,"binary",1,1,1,1,0.8,-1.5,0.7,"uniform",9,FALSE,FALSE,0.5,0.9,0.2,FALSE
2299,"synthetic","LSVCMM",200,21,5,"binary",1,1,1,1,0.8,-1.5,0.7,"uniform",9,FALSE,FALSE,0.5,1,0.2,FALSE
2300,"synthetic","LSVCMM",200,21,5,"binary",1,1,1,1,0.8,-1.5,0.7,"uniform",10,FALSE,FALSE,0.5,0,0.2,FALSE
2301,"synthetic","LSVCMM",200,21,5,"binary",1,1,1,1,0.8,-1.5,0.7,"uniform",10,FALSE,FALSE,0.5,0.1,0.2,FALSE
2302,"synthetic","LSVCMM",200,21,5,"binary",1,1,1,1,0.8,-1.5,0.7,"uniform",10,FALSE,FALSE,0.5,0.2,0.2,FALSE
2303,"synthetic","LSVCMM",200,21,5,"binary",1,1,1,1,0.8,-1.5,0.7,"uniform",10,FALSE,FALSE,0.5,0.3,0.2,FALSE
2304,"synthetic","LSVCMM",200,21,5,"binary",1,1,1,1,0.8,-1.5,0.7,"uniform",10,FALSE,FALSE,0.5,0.4,0.2,FALSE
2305,"synthetic","LSVCMM",200,21,5,"binary",1,1,1,1,0.8,-1.5,0.7,"uniform",10,FALSE,FALSE,0.5,0.5,0.2,FALSE
2306,"synthetic","LSVCMM",200,21,5,"binary",1,1,1,1,0.8,-1.5,0.7,"uniform",10,FALSE,FALSE,0.5,0.6,0.2,FALSE
2307,"synthetic","LSVCMM",200,21,5,"binary",1,1,1,1,0.8,-1.5,0.7,"uniform",10,FALSE,FALSE,0.5,0.7,0.2,FALSE
2308,"synthetic","LSVCMM",200,21,5,"binary",1,1,1,1,0.8,-1.5,0.7,"uniform",10,FALSE,FALSE,0.5,0.8,0.2,FALSE
2309,"synthetic","LSVCMM",200,21,5,"binary",1,1,1,1,0.8,-1.5,0.7,"uniform",10,FALSE,FALSE,0.5,0.9,0.2,FALSE
2310,"synthetic","LSVCMM",200,21,5,"binary",1,1,1,1,0.8,-1.5,0.7,"uniform",10,FALSE,FALSE,0.5,1,0.2,FALSE
2311,"synthetic","LSVCMM",200,21,5,"binary",1,1,1,1,0.8,-1.5,0.7,"uniform",11,FALSE,FALSE,0.5,0,0.2,FALSE
2312,"synthetic","LSVCMM",200,21,5,"binary",1,1,1,1,0.8,-1.5,0.7,"uniform",11,FALSE,FALSE,0.5,0.1,0.2,FALSE
2313,"synthetic","LSVCMM",200,21,5,"binary",1,1,1,1,0.8,-1.5,0.7,"uniform",11,FALSE,FALSE,0.5,0.2,0.2,FALSE
2314,"synthetic","LSVCMM",200,21,5,"binary",1,1,1,1,0.8,-1.5,0.7,"uniform",11,FALSE,FALSE,0.5,0.3,0.2,FALSE
2315,"synthetic","LSVCMM",200,21,5,"binary",1,1,1,1,0.8,-1.5,0.7,"uniform",11,FALSE,FALSE,0.5,0.4,0.2,FALSE
2316,"synthetic","LSVCMM",200,21,5,"binary",1,1,1,1,0.8,-1.5,0.7,"uniform",11,FALSE,FALSE,0.5,0.5,0.2,FALSE
2317,"synthetic","LSVCMM",200,21,5,"binary",1,1,1,1,0.8,-1.5,0.7,"uniform",11,FALSE,FALSE,0.5,0.6,0.2,FALSE
2318,"synthetic","LSVCMM",200,21,5,"binary",1,1,1,1,0.8,-1.5,0.7,"uniform",11,FALSE,FALSE,0.5,0.7,0.2,FALSE
2319,"synthetic","LSVCMM",200,21,5,"binary",1,1,1,1,0.8,-1.5,0.7,"uniform",11,FALSE,FALSE,0.5,0.8,0.2,FALSE
2320,"synthetic","LSVCMM",200,21,5,"binary",1,1,1,1,0.8,-1.5,0.7,"uniform",11,FALSE,FALSE,0.5,0.9,0.2,FALSE
2321,"synthetic","LSVCMM",200,21,5,"binary",1,1,1,1,0.8,-1.5,0.7,"uniform",11,FALSE,FALSE,0.5,1,0.2,FALSE
2322,"synthetic","LSVCMM",200,21,5,"binary",1,1,1,1,0.8,-1.5,0.7,"uniform",12,FALSE,FALSE,0.5,0,0.2,FALSE
2323,"synthetic","LSVCMM",200,21,5,"binary",1,1,1,1,0.8,-1.5,0.7,"uniform",12,FALSE,FALSE,0.5,0.1,0.2,FALSE
2324,"synthetic","LSVCMM",200,21,5,"binary",1,1,1,1,0.8,-1.5,0.7,"uniform",12,FALSE,FALSE,0.5,0.2,0.2,FALSE
2325,"synthetic","LSVCMM",200,21,5,"binary",1,1,1,1,0.8,-1.5,0.7,"uniform",12,FALSE,FALSE,0.5,0.3,0.2,FALSE
2326,"synthetic","LSVCMM",200,21,5,"binary",1,1,1,1,0.8,-1.5,0.7,"uniform",12,FALSE,FALSE,0.5,0.4,0.2,FALSE
2327,"synthetic","LSVCMM",200,21,5,"binary",1,1,1,1,0.8,-1.5,0.7,"uniform",12,FALSE,FALSE,0.5,0.5,0.2,FALSE
2328,"synthetic","LSVCMM",200,21,5,"binary",1,1,1,1,0.8,-1.5,0.7,"uniform",12,FALSE,FALSE,0.5,0.6,0.2,FALSE
2329,"synthetic","LSVCMM",200,21,5,"binary",1,1,1,1,0.8,-1.5,0.7,"uniform",12,FALSE,FALSE,0.5,0.7,0.2,FALSE
2330,"synthetic","LSVCMM",200,21,5,"binary",1,1,1,1,0.8,-1.5,0.7,"uniform",12,FALSE,FALSE,0.5,0.8,0.2,FALSE
2331,"synthetic","LSVCMM",200,21,5,"binary",1,1,1,1,0.8,-1.5,0.7,"uniform",12,FALSE,FALSE,0.5,0.9,0.2,FALSE
2332,"synthetic","LSVCMM",200,21,5,"binary",1,1,1,1,0.8,-1.5,0.7,"uniform",12,FALSE,FALSE,0.5,1,0.2,FALSE
2333,"synthetic","LSVCMM",200,21,5,"binary",1,1,1,1,0.8,-1.5,0.7,"uniform",13,FALSE,FALSE,0.5,0,0.2,FALSE
2334,"synthetic","LSVCMM",200,21,5,"binary",1,1,1,1,0.8,-1.5,0.7,"uniform",13,FALSE,FALSE,0.5,0.1,0.2,FALSE
2335,"synthetic","LSVCMM",200,21,5,"binary",1,1,1,1,0.8,-1.5,0.7,"uniform",13,FALSE,FALSE,0.5,0.2,0.2,FALSE
2336,"synthetic","LSVCMM",200,21,5,"binary",1,1,1,1,0.8,-1.5,0.7,"uniform",13,FALSE,FALSE,0.5,0.3,0.2,FALSE
2337,"synthetic","LSVCMM",200,21,5,"binary",1,1,1,1,0.8,-1.5,0.7,"uniform",13,FALSE,FALSE,0.5,0.4,0.2,FALSE
2338,"synthetic","LSVCMM",200,21,5,"binary",1,1,1,1,0.8,-1.5,0.7,"uniform",13,FALSE,FALSE,0.5,0.5,0.2,FALSE
2339,"synthetic","LSVCMM",200,21,5,"binary",1,1,1,1,0.8,-1.5,0.7,"uniform",13,FALSE,FALSE,0.5,0.6,0.2,FALSE
2340,"synthetic","LSVCMM",200,21,5,"binary",1,1,1,1,0.8,-1.5,0.7,"uniform",13,FALSE,FALSE,0.5,0.7,0.2,FALSE
2341,"synthetic","LSVCMM",200,21,5,"binary",1,1,1,1,0.8,-1.5,0.7,"uniform",13,FALSE,FALSE,0.5,0.8,0.2,FALSE
2342,"synthetic","LSVCMM",200,21,5,"binary",1,1,1,1,0.8,-1.5,0.7,"uniform",13,FALSE,FALSE,0.5,0.9,0.2,FALSE
2343,"synthetic","LSVCMM",200,21,5,"binary",1,1,1,1,0.8,-1.5,0.7,"uniform",13,FALSE,FALSE,0.5,1,0.2,FALSE
2344,"synthetic","LSVCMM",200,21,5,"binary",1,1,1,1,0.8,-1.5,0.7,"uniform",14,FALSE,FALSE,0.5,0,0.2,FALSE
2345,"synthetic","LSVCMM",200,21,5,"binary",1,1,1,1,0.8,-1.5,0.7,"uniform",14,FALSE,FALSE,0.5,0.1,0.2,FALSE
2346,"synthetic","LSVCMM",200,21,5,"binary",1,1,1,1,0.8,-1.5,0.7,"uniform",14,FALSE,FALSE,0.5,0.2,0.2,FALSE
2347,"synthetic","LSVCMM",200,21,5,"binary",1,1,1,1,0.8,-1.5,0.7,"uniform",14,FALSE,FALSE,0.5,0.3,0.2,FALSE
2348,"synthetic","LSVCMM",200,21,5,"binary",1,1,1,1,0.8,-1.5,0.7,"uniform",14,FALSE,FALSE,0.5,0.4,0.2,FALSE
2349,"synthetic","LSVCMM",200,21,5,"binary",1,1,1,1,0.8,-1.5,0.7,"uniform",14,FALSE,FALSE,0.5,0.5,0.2,FALSE
2350,"synthetic","LSVCMM",200,21,5,"binary",1,1,1,1,0.8,-1.5,0.7,"uniform",14,FALSE,FALSE,0.5,0.6,0.2,FALSE
2351,"synthetic","LSVCMM",200,21,5,"binary",1,1,1,1,0.8,-1.5,0.7,"uniform",14,FALSE,FALSE,0.5,0.7,0.2,FALSE
2352,"synthetic","LSVCMM",200,21,5,"binary",1,1,1,1,0.8,-1.5,0.7,"uniform",14,FALSE,FALSE,0.5,0.8,0.2,FALSE
2353,"synthetic","LSVCMM",200,21,5,"binary",1,1,1,1,0.8,-1.5,0.7,"uniform",14,FALSE,FALSE,0.5,0.9,0.2,FALSE
2354,"synthetic","LSVCMM",200,21,5,"binary",1,1,1,1,0.8,-1.5,0.7,"uniform",14,FALSE,FALSE,0.5,1,0.2,FALSE
2355,"synthetic","LSVCMM",200,21,5,"binary",1,1,1,1,0.8,-1.5,0.7,"uniform",15,FALSE,FALSE,0.5,0,0.2,FALSE
2356,"synthetic","LSVCMM",200,21,5,"binary",1,1,1,1,0.8,-1.5,0.7,"uniform",15,FALSE,FALSE,0.5,0.1,0.2,FALSE
2357,"synthetic","LSVCMM",200,21,5,"binary",1,1,1,1,0.8,-1.5,0.7,"uniform",15,FALSE,FALSE,0.5,0.2,0.2,FALSE
2358,"synthetic","LSVCMM",200,21,5,"binary",1,1,1,1,0.8,-1.5,0.7,"uniform",15,FALSE,FALSE,0.5,0.3,0.2,FALSE
2359,"synthetic","LSVCMM",200,21,5,"binary",1,1,1,1,0.8,-1.5,0.7,"uniform",15,FALSE,FALSE,0.5,0.4,0.2,FALSE
2360,"synthetic","LSVCMM",200,21,5,"binary",1,1,1,1,0.8,-1.5,0.7,"uniform",15,FALSE,FALSE,0.5,0.5,0.2,FALSE
2361,"synthetic","LSVCMM",200,21,5,"binary",1,1,1,1,0.8,-1.5,0.7,"uniform",15,FALSE,FALSE,0.5,0.6,0.2,FALSE
2362,"synthetic","LSVCMM",200,21,5,"binary",1,1,1,1,0.8,-1.5,0.7,"uniform",15,FALSE,FALSE,0.5,0.7,0.2,FALSE
2363,"synthetic","LSVCMM",200,21,5,"binary",1,1,1,1,0.8,-1.5,0.7,"uniform",15,FALSE,FALSE,0.5,0.8,0.2,FALSE
2364,"synthetic","LSVCMM",200,21,5,"binary",1,1,1,1,0.8,-1.5,0.7,"uniform",15,FALSE,FALSE,0.5,0.9,0.2,FALSE
2365,"synthetic","LSVCMM",200,21,5,"binary",1,1,1,1,0.8,-1.5,0.7,"uniform",15,FALSE,FALSE,0.5,1,0.2,FALSE
2366,"synthetic","LSVCMM",200,21,5,"binary",1,1,1,1,0.8,-1.5,0.7,"uniform",16,FALSE,FALSE,0.5,0,0.2,FALSE
2367,"synthetic","LSVCMM",200,21,5,"binary",1,1,1,1,0.8,-1.5,0.7,"uniform",16,FALSE,FALSE,0.5,0.1,0.2,FALSE
2368,"synthetic","LSVCMM",200,21,5,"binary",1,1,1,1,0.8,-1.5,0.7,"uniform",16,FALSE,FALSE,0.5,0.2,0.2,FALSE
2369,"synthetic","LSVCMM",200,21,5,"binary",1,1,1,1,0.8,-1.5,0.7,"uniform",16,FALSE,FALSE,0.5,0.3,0.2,FALSE
2370,"synthetic","LSVCMM",200,21,5,"binary",1,1,1,1,0.8,-1.5,0.7,"uniform",16,FALSE,FALSE,0.5,0.4,0.2,FALSE
2371,"synthetic","LSVCMM",200,21,5,"binary",1,1,1,1,0.8,-1.5,0.7,"uniform",16,FALSE,FALSE,0.5,0.5,0.2,FALSE
2372,"synthetic","LSVCMM",200,21,5,"binary",1,1,1,1,0.8,-1.5,0.7,"uniform",16,FALSE,FALSE,0.5,0.6,0.2,FALSE
2373,"synthetic","LSVCMM",200,21,5,"binary",1,1,1,1,0.8,-1.5,0.7,"uniform",16,FALSE,FALSE,0.5,0.7,0.2,FALSE
2374,"synthetic","LSVCMM",200,21,5,"binary",1,1,1,1,0.8,-1.5,0.7,"uniform",16,FALSE,FALSE,0.5,0.8,0.2,FALSE
2375,"synthetic","LSVCMM",200,21,5,"binary",1,1,1,1,0.8,-1.5,0.7,"uniform",16,FALSE,FALSE,0.5,0.9,0.2,FALSE
2376,"synthetic","LSVCMM",200,21,5,"binary",1,1,1,1,0.8,-1.5,0.7,"uniform",16,FALSE,FALSE,0.5,1,0.2,FALSE
2377,"synthetic","LSVCMM",200,21,5,"binary",1,1,1,1,0.8,-1.5,0.7,"uniform",17,FALSE,FALSE,0.5,0,0.2,FALSE
2378,"synthetic","LSVCMM",200,21,5,"binary",1,1,1,1,0.8,-1.5,0.7,"uniform",17,FALSE,FALSE,0.5,0.1,0.2,FALSE
2379,"synthetic","LSVCMM",200,21,5,"binary",1,1,1,1,0.8,-1.5,0.7,"uniform",17,FALSE,FALSE,0.5,0.2,0.2,FALSE
2380,"synthetic","LSVCMM",200,21,5,"binary",1,1,1,1,0.8,-1.5,0.7,"uniform",17,FALSE,FALSE,0.5,0.3,0.2,FALSE
2381,"synthetic","LSVCMM",200,21,5,"binary",1,1,1,1,0.8,-1.5,0.7,"uniform",17,FALSE,FALSE,0.5,0.4,0.2,FALSE
2382,"synthetic","LSVCMM",200,21,5,"binary",1,1,1,1,0.8,-1.5,0.7,"uniform",17,FALSE,FALSE,0.5,0.5,0.2,FALSE
2383,"synthetic","LSVCMM",200,21,5,"binary",1,1,1,1,0.8,-1.5,0.7,"uniform",17,FALSE,FALSE,0.5,0.6,0.2,FALSE
2384,"synthetic","LSVCMM",200,21,5,"binary",1,1,1,1,0.8,-1.5,0.7,"uniform",17,FALSE,FALSE,0.5,0.7,0.2,FALSE
2385,"synthetic","LSVCMM",200,21,5,"binary",1,1,1,1,0.8,-1.5,0.7,"uniform",17,FALSE,FALSE,0.5,0.8,0.2,FALSE
2386,"synthetic","LSVCMM",200,21,5,"binary",1,1,1,1,0.8,-1.5,0.7,"uniform",17,FALSE,FALSE,0.5,0.9,0.2,FALSE
2387,"synthetic","LSVCMM",200,21,5,"binary",1,1,1,1,0.8,-1.5,0.7,"uniform",17,FALSE,FALSE,0.5,1,0.2,FALSE
2388,"synthetic","LSVCMM",200,21,5,"binary",1,1,1,1,0.8,-1.5,0.7,"uniform",18,FALSE,FALSE,0.5,0,0.2,FALSE
2389,"synthetic","LSVCMM",200,21,5,"binary",1,1,1,1,0.8,-1.5,0.7,"uniform",18,FALSE,FALSE,0.5,0.1,0.2,FALSE
2390,"synthetic","LSVCMM",200,21,5,"binary",1,1,1,1,0.8,-1.5,0.7,"uniform",18,FALSE,FALSE,0.5,0.2,0.2,FALSE
2391,"synthetic","LSVCMM",200,21,5,"binary",1,1,1,1,0.8,-1.5,0.7,"uniform",18,FALSE,FALSE,0.5,0.3,0.2,FALSE
2392,"synthetic","LSVCMM",200,21,5,"binary",1,1,1,1,0.8,-1.5,0.7,"uniform",18,FALSE,FALSE,0.5,0.4,0.2,FALSE
2393,"synthetic","LSVCMM",200,21,5,"binary",1,1,1,1,0.8,-1.5,0.7,"uniform",18,FALSE,FALSE,0.5,0.5,0.2,FALSE
2394,"synthetic","LSVCMM",200,21,5,"binary",1,1,1,1,0.8,-1.5,0.7,"uniform",18,FALSE,FALSE,0.5,0.6,0.2,FALSE
2395,"synthetic","LSVCMM",200,21,5,"binary",1,1,1,1,0.8,-1.5,0.7,"uniform",18,FALSE,FALSE,0.5,0.7,0.2,FALSE
2396,"synthetic","LSVCMM",200,21,5,"binary",1,1,1,1,0.8,-1.5,0.7,"uniform",18,FALSE,FALSE,0.5,0.8,0.2,FALSE
2397,"synthetic","LSVCMM",200,21,5,"binary",1,1,1,1,0.8,-1.5,0.7,"uniform",18,FALSE,FALSE,0.5,0.9,0.2,FALSE
2398,"synthetic","LSVCMM",200,21,5,"binary",1,1,1,1,0.8,-1.5,0.7,"uniform",18,FALSE,FALSE,0.5,1,0.2,FALSE
2399,"synthetic","LSVCMM",200,21,5,"binary",1,1,1,1,0.8,-1.5,0.7,"uniform",19,FALSE,FALSE,0.5,0,0.2,FALSE
2400,"synthetic","LSVCMM",200,21,5,"binary",1,1,1,1,0.8,-1.5,0.7,"uniform",19,FALSE,FALSE,0.5,0.1,0.2,FALSE
2401,"synthetic","LSVCMM",200,21,5,"binary",1,1,1,1,0.8,-1.5,0.7,"uniform",19,FALSE,FALSE,0.5,0.2,0.2,FALSE
2402,"synthetic","LSVCMM",200,21,5,"binary",1,1,1,1,0.8,-1.5,0.7,"uniform",19,FALSE,FALSE,0.5,0.3,0.2,FALSE
2403,"synthetic","LSVCMM",200,21,5,"binary",1,1,1,1,0.8,-1.5,0.7,"uniform",19,FALSE,FALSE,0.5,0.4,0.2,FALSE
2404,"synthetic","LSVCMM",200,21,5,"binary",1,1,1,1,0.8,-1.5,0.7,"uniform",19,FALSE,FALSE,0.5,0.5,0.2,FALSE
2405,"synthetic","LSVCMM",200,21,5,"binary",1,1,1,1,0.8,-1.5,0.7,"uniform",19,FALSE,FALSE,0.5,0.6,0.2,FALSE
2406,"synthetic","LSVCMM",200,21,5,"binary",1,1,1,1,0.8,-1.5,0.7,"uniform",19,FALSE,FALSE,0.5,0.7,0.2,FALSE
2407,"synthetic","LSVCMM",200,21,5,"binary",1,1,1,1,0.8,-1.5,0.7,"uniform",19,FALSE,FALSE,0.5,0.8,0.2,FALSE
2408,"synthetic","LSVCMM",200,21,5,"binary",1,1,1,1,0.8,-1.5,0.7,"uniform",19,FALSE,FALSE,0.5,0.9,0.2,FALSE
2409,"synthetic","LSVCMM",200,21,5,"binary",1,1,1,1,0.8,-1.5,0.7,"uniform",19,FALSE,FALSE,0.5,1,0.2,FALSE
2410,"synthetic","LSVCMM",200,21,5,"binary",1,1,1,1,0.8,-1.5,0.7,"uniform",20,FALSE,FALSE,0.5,0,0.2,FALSE
2411,"synthetic","LSVCMM",200,21,5,"binary",1,1,1,1,0.8,-1.5,0.7,"uniform",20,FALSE,FALSE,0.5,0.1,0.2,FALSE
2412,"synthetic","LSVCMM",200,21,5,"binary",1,1,1,1,0.8,-1.5,0.7,"uniform",20,FALSE,FALSE,0.5,0.2,0.2,FALSE
2413,"synthetic","LSVCMM",200,21,5,"binary",1,1,1,1,0.8,-1.5,0.7,"uniform",20,FALSE,FALSE,0.5,0.3,0.2,FALSE
2414,"synthetic","LSVCMM",200,21,5,"binary",1,1,1,1,0.8,-1.5,0.7,"uniform",20,FALSE,FALSE,0.5,0.4,0.2,FALSE
2415,"synthetic","LSVCMM",200,21,5,"binary",1,1,1,1,0.8,-1.5,0.7,"uniform",20,FALSE,FALSE,0.5,0.5,0.2,FALSE
2416,"synthetic","LSVCMM",200,21,5,"binary",1,1,1,1,0.8,-1.5,0.7,"uniform",20,FALSE,FALSE,0.5,0.6,0.2,FALSE
2417,"synthetic","LSVCMM",200,21,5,"binary",1,1,1,1,0.8,-1.5,0.7,"uniform",20,FALSE,FALSE,0.5,0.7,0.2,FALSE
2418,"synthetic","LSVCMM",200,21,5,"binary",1,1,1,1,0.8,-1.5,0.7,"uniform",20,FALSE,FALSE,0.5,0.8,0.2,FALSE
2419,"synthetic","LSVCMM",200,21,5,"binary",1,1,1,1,0.8,-1.5,0.7,"uniform",20,FALSE,FALSE,0.5,0.9,0.2,FALSE
2420,"synthetic","LSVCMM",200,21,5,"binary",1,1,1,1,0.8,-1.5,0.7,"uniform",20,FALSE,FALSE,0.5,1,0.2,FALSE
2421,"synthetic","LSVCMM",200,21,5,"binary",1,1,1,1,0.8,-1.5,0.7,"uniform",21,FALSE,FALSE,0.5,0,0.2,FALSE
2422,"synthetic","LSVCMM",200,21,5,"binary",1,1,1,1,0.8,-1.5,0.7,"uniform",21,FALSE,FALSE,0.5,0.1,0.2,FALSE
2423,"synthetic","LSVCMM",200,21,5,"binary",1,1,1,1,0.8,-1.5,0.7,"uniform",21,FALSE,FALSE,0.5,0.2,0.2,FALSE
2424,"synthetic","LSVCMM",200,21,5,"binary",1,1,1,1,0.8,-1.5,0.7,"uniform",21,FALSE,FALSE,0.5,0.3,0.2,FALSE
2425,"synthetic","LSVCMM",200,21,5,"binary",1,1,1,1,0.8,-1.5,0.7,"uniform",21,FALSE,FALSE,0.5,0.4,0.2,FALSE
2426,"synthetic","LSVCMM",200,21,5,"binary",1,1,1,1,0.8,-1.5,0.7,"uniform",21,FALSE,FALSE,0.5,0.5,0.2,FALSE
2427,"synthetic","LSVCMM",200,21,5,"binary",1,1,1,1,0.8,-1.5,0.7,"uniform",21,FALSE,FALSE,0.5,0.6,0.2,FALSE
2428,"synthetic","LSVCMM",200,21,5,"binary",1,1,1,1,0.8,-1.5,0.7,"uniform",21,FALSE,FALSE,0.5,0.7,0.2,FALSE
2429,"synthetic","LSVCMM",200,21,5,"binary",1,1,1,1,0.8,-1.5,0.7,"uniform",21,FALSE,FALSE,0.5,0.8,0.2,FALSE
2430,"synthetic","LSVCMM",200,21,5,"binary",1,1,1,1,0.8,-1.5,0.7,"uniform",21,FALSE,FALSE,0.5,0.9,0.2,FALSE
2431,"synthetic","LSVCMM",200,21,5,"binary",1,1,1,1,0.8,-1.5,0.7,"uniform",21,FALSE,FALSE,0.5,1,0.2,FALSE
2432,"synthetic","LSVCMM",200,21,5,"binary",1,1,1,1,0.8,-1.5,0.7,"uniform",22,FALSE,FALSE,0.5,0,0.2,FALSE
2433,"synthetic","LSVCMM",200,21,5,"binary",1,1,1,1,0.8,-1.5,0.7,"uniform",22,FALSE,FALSE,0.5,0.1,0.2,FALSE
2434,"synthetic","LSVCMM",200,21,5,"binary",1,1,1,1,0.8,-1.5,0.7,"uniform",22,FALSE,FALSE,0.5,0.2,0.2,FALSE
2435,"synthetic","LSVCMM",200,21,5,"binary",1,1,1,1,0.8,-1.5,0.7,"uniform",22,FALSE,FALSE,0.5,0.3,0.2,FALSE
2436,"synthetic","LSVCMM",200,21,5,"binary",1,1,1,1,0.8,-1.5,0.7,"uniform",22,FALSE,FALSE,0.5,0.4,0.2,FALSE
2437,"synthetic","LSVCMM",200,21,5,"binary",1,1,1,1,0.8,-1.5,0.7,"uniform",22,FALSE,FALSE,0.5,0.5,0.2,FALSE
2438,"synthetic","LSVCMM",200,21,5,"binary",1,1,1,1,0.8,-1.5,0.7,"uniform",22,FALSE,FALSE,0.5,0.6,0.2,FALSE
2439,"synthetic","LSVCMM",200,21,5,"binary",1,1,1,1,0.8,-1.5,0.7,"uniform",22,FALSE,FALSE,0.5,0.7,0.2,FALSE
2440,"synthetic","LSVCMM",200,21,5,"binary",1,1,1,1,0.8,-1.5,0.7,"uniform",22,FALSE,FALSE,0.5,0.8,0.2,FALSE
2441,"synthetic","LSVCMM",200,21,5,"binary",1,1,1,1,0.8,-1.5,0.7,"uniform",22,FALSE,FALSE,0.5,0.9,0.2,FALSE
2442,"synthetic","LSVCMM",200,21,5,"binary",1,1,1,1,0.8,-1.5,0.7,"uniform",22,FALSE,FALSE,0.5,1,0.2,FALSE
2443,"synthetic","LSVCMM",200,21,5,"binary",1,1,1,1,0.8,-1.5,0.7,"uniform",23,FALSE,FALSE,0.5,0,0.2,FALSE
2444,"synthetic","LSVCMM",200,21,5,"binary",1,1,1,1,0.8,-1.5,0.7,"uniform",23,FALSE,FALSE,0.5,0.1,0.2,FALSE
2445,"synthetic","LSVCMM",200,21,5,"binary",1,1,1,1,0.8,-1.5,0.7,"uniform",23,FALSE,FALSE,0.5,0.2,0.2,FALSE
2446,"synthetic","LSVCMM",200,21,5,"binary",1,1,1,1,0.8,-1.5,0.7,"uniform",23,FALSE,FALSE,0.5,0.3,0.2,FALSE
2447,"synthetic","LSVCMM",200,21,5,"binary",1,1,1,1,0.8,-1.5,0.7,"uniform",23,FALSE,FALSE,0.5,0.4,0.2,FALSE
2448,"synthetic","LSVCMM",200,21,5,"binary",1,1,1,1,0.8,-1.5,0.7,"uniform",23,FALSE,FALSE,0.5,0.5,0.2,FALSE
2449,"synthetic","LSVCMM",200,21,5,"binary",1,1,1,1,0.8,-1.5,0.7,"uniform",23,FALSE,FALSE,0.5,0.6,0.2,FALSE
2450,"synthetic","LSVCMM",200,21,5,"binary",1,1,1,1,0.8,-1.5,0.7,"uniform",23,FALSE,FALSE,0.5,0.7,0.2,FALSE
2451,"synthetic","LSVCMM",200,21,5,"binary",1,1,1,1,0.8,-1.5,0.7,"uniform",23,FALSE,FALSE,0.5,0.8,0.2,FALSE
2452,"synthetic","LSVCMM",200,21,5,"binary",1,1,1,1,0.8,-1.5,0.7,"uniform",23,FALSE,FALSE,0.5,0.9,0.2,FALSE
2453,"synthetic","LSVCMM",200,21,5,"binary",1,1,1,1,0.8,-1.5,0.7,"uniform",23,FALSE,FALSE,0.5,1,0.2,FALSE
2454,"synthetic","LSVCMM",200,21,5,"binary",1,1,1,1,0.8,-1.5,0.7,"uniform",24,FALSE,FALSE,0.5,0,0.2,FALSE
2455,"synthetic","LSVCMM",200,21,5,"binary",1,1,1,1,0.8,-1.5,0.7,"uniform",24,FALSE,FALSE,0.5,0.1,0.2,FALSE
2456,"synthetic","LSVCMM",200,21,5,"binary",1,1,1,1,0.8,-1.5,0.7,"uniform",24,FALSE,FALSE,0.5,0.2,0.2,FALSE
2457,"synthetic","LSVCMM",200,21,5,"binary",1,1,1,1,0.8,-1.5,0.7,"uniform",24,FALSE,FALSE,0.5,0.3,0.2,FALSE
2458,"synthetic","LSVCMM",200,21,5,"binary",1,1,1,1,0.8,-1.5,0.7,"uniform",24,FALSE,FALSE,0.5,0.4,0.2,FALSE
2459,"synthetic","LSVCMM",200,21,5,"binary",1,1,1,1,0.8,-1.5,0.7,"uniform",24,FALSE,FALSE,0.5,0.5,0.2,FALSE
2460,"synthetic","LSVCMM",200,21,5,"binary",1,1,1,1,0.8,-1.5,0.7,"uniform",24,FALSE,FALSE,0.5,0.6,0.2,FALSE
2461,"synthetic","LSVCMM",200,21,5,"binary",1,1,1,1,0.8,-1.5,0.7,"uniform",24,FALSE,FALSE,0.5,0.7,0.2,FALSE
2462,"synthetic","LSVCMM",200,21,5,"binary",1,1,1,1,0.8,-1.5,0.7,"uniform",24,FALSE,FALSE,0.5,0.8,0.2,FALSE
2463,"synthetic","LSVCMM",200,21,5,"binary",1,1,1,1,0.8,-1.5,0.7,"uniform",24,FALSE,FALSE,0.5,0.9,0.2,FALSE
2464,"synthetic","LSVCMM",200,21,5,"binary",1,1,1,1,0.8,-1.5,0.7,"uniform",24,FALSE,FALSE,0.5,1,0.2,FALSE
2465,"synthetic","LSVCMM",200,21,5,"binary",1,1,1,1,0.8,-1.5,0.7,"uniform",25,FALSE,FALSE,0.5,0,0.2,FALSE
2466,"synthetic","LSVCMM",200,21,5,"binary",1,1,1,1,0.8,-1.5,0.7,"uniform",25,FALSE,FALSE,0.5,0.1,0.2,FALSE
2467,"synthetic","LSVCMM",200,21,5,"binary",1,1,1,1,0.8,-1.5,0.7,"uniform",25,FALSE,FALSE,0.5,0.2,0.2,FALSE
2468,"synthetic","LSVCMM",200,21,5,"binary",1,1,1,1,0.8,-1.5,0.7,"uniform",25,FALSE,FALSE,0.5,0.3,0.2,FALSE
2469,"synthetic","LSVCMM",200,21,5,"binary",1,1,1,1,0.8,-1.5,0.7,"uniform",25,FALSE,FALSE,0.5,0.4,0.2,FALSE
2470,"synthetic","LSVCMM",200,21,5,"binary",1,1,1,1,0.8,-1.5,0.7,"uniform",25,FALSE,FALSE,0.5,0.5,0.2,FALSE
2471,"synthetic","LSVCMM",200,21,5,"binary",1,1,1,1,0.8,-1.5,0.7,"uniform",25,FALSE,FALSE,0.5,0.6,0.2,FALSE
2472,"synthetic","LSVCMM",200,21,5,"binary",1,1,1,1,0.8,-1.5,0.7,"uniform",25,FALSE,FALSE,0.5,0.7,0.2,FALSE
2473,"synthetic","LSVCMM",200,21,5,"binary",1,1,1,1,0.8,-1.5,0.7,"uniform",25,FALSE,FALSE,0.5,0.8,0.2,FALSE
2474,"synthetic","LSVCMM",200,21,5,"binary",1,1,1,1,0.8,-1.5,0.7,"uniform",25,FALSE,FALSE,0.5,0.9,0.2,FALSE
2475,"synthetic","LSVCMM",200,21,5,"binary",1,1,1,1,0.8,-1.5,0.7,"uniform",25,FALSE,FALSE,0.5,1,0.2,FALSE
2476,"synthetic","LSVCMM",200,21,5,"binary",1,1,1,1,0.8,-1.5,0.7,"uniform",26,FALSE,FALSE,0.5,0,0.2,FALSE
2477,"synthetic","LSVCMM",200,21,5,"binary",1,1,1,1,0.8,-1.5,0.7,"uniform",26,FALSE,FALSE,0.5,0.1,0.2,FALSE
2478,"synthetic","LSVCMM",200,21,5,"binary",1,1,1,1,0.8,-1.5,0.7,"uniform",26,FALSE,FALSE,0.5,0.2,0.2,FALSE
2479,"synthetic","LSVCMM",200,21,5,"binary",1,1,1,1,0.8,-1.5,0.7,"uniform",26,FALSE,FALSE,0.5,0.3,0.2,FALSE
2480,"synthetic","LSVCMM",200,21,5,"binary",1,1,1,1,0.8,-1.5,0.7,"uniform",26,FALSE,FALSE,0.5,0.4,0.2,FALSE
2481,"synthetic","LSVCMM",200,21,5,"binary",1,1,1,1,0.8,-1.5,0.7,"uniform",26,FALSE,FALSE,0.5,0.5,0.2,FALSE
2482,"synthetic","LSVCMM",200,21,5,"binary",1,1,1,1,0.8,-1.5,0.7,"uniform",26,FALSE,FALSE,0.5,0.6,0.2,FALSE
2483,"synthetic","LSVCMM",200,21,5,"binary",1,1,1,1,0.8,-1.5,0.7,"uniform",26,FALSE,FALSE,0.5,0.7,0.2,FALSE
2484,"synthetic","LSVCMM",200,21,5,"binary",1,1,1,1,0.8,-1.5,0.7,"uniform",26,FALSE,FALSE,0.5,0.8,0.2,FALSE
2485,"synthetic","LSVCMM",200,21,5,"binary",1,1,1,1,0.8,-1.5,0.7,"uniform",26,FALSE,FALSE,0.5,0.9,0.2,FALSE
2486,"synthetic","LSVCMM",200,21,5,"binary",1,1,1,1,0.8,-1.5,0.7,"uniform",26,FALSE,FALSE,0.5,1,0.2,FALSE
2487,"synthetic","LSVCMM",200,21,5,"binary",1,1,1,1,0.8,-1.5,0.7,"uniform",27,FALSE,FALSE,0.5,0,0.2,FALSE
2488,"synthetic","LSVCMM",200,21,5,"binary",1,1,1,1,0.8,-1.5,0.7,"uniform",27,FALSE,FALSE,0.5,0.1,0.2,FALSE
2489,"synthetic","LSVCMM",200,21,5,"binary",1,1,1,1,0.8,-1.5,0.7,"uniform",27,FALSE,FALSE,0.5,0.2,0.2,FALSE
2490,"synthetic","LSVCMM",200,21,5,"binary",1,1,1,1,0.8,-1.5,0.7,"uniform",27,FALSE,FALSE,0.5,0.3,0.2,FALSE
2491,"synthetic","LSVCMM",200,21,5,"binary",1,1,1,1,0.8,-1.5,0.7,"uniform",27,FALSE,FALSE,0.5,0.4,0.2,FALSE
2492,"synthetic","LSVCMM",200,21,5,"binary",1,1,1,1,0.8,-1.5,0.7,"uniform",27,FALSE,FALSE,0.5,0.5,0.2,FALSE
2493,"synthetic","LSVCMM",200,21,5,"binary",1,1,1,1,0.8,-1.5,0.7,"uniform",27,FALSE,FALSE,0.5,0.6,0.2,FALSE
2494,"synthetic","LSVCMM",200,21,5,"binary",1,1,1,1,0.8,-1.5,0.7,"uniform",27,FALSE,FALSE,0.5,0.7,0.2,FALSE
2495,"synthetic","LSVCMM",200,21,5,"binary",1,1,1,1,0.8,-1.5,0.7,"uniform",27,FALSE,FALSE,0.5,0.8,0.2,FALSE
2496,"synthetic","LSVCMM",200,21,5,"binary",1,1,1,1,0.8,-1.5,0.7,"uniform",27,FALSE,FALSE,0.5,0.9,0.2,FALSE
2497,"synthetic","LSVCMM",200,21,5,"binary",1,1,1,1,0.8,-1.5,0.7,"uniform",27,FALSE,FALSE,0.5,1,0.2,FALSE
2498,"synthetic","LSVCMM",200,21,5,"binary",1,1,1,1,0.8,-1.5,0.7,"uniform",28,FALSE,FALSE,0.5,0,0.2,FALSE
2499,"synthetic","LSVCMM",200,21,5,"binary",1,1,1,1,0.8,-1.5,0.7,"uniform",28,FALSE,FALSE,0.5,0.1,0.2,FALSE
2500,"synthetic","LSVCMM",200,21,5,"binary",1,1,1,1,0.8,-1.5,0.7,"uniform",28,FALSE,FALSE,0.5,0.2,0.2,FALSE
2501,"synthetic","LSVCMM",200,21,5,"binary",1,1,1,1,0.8,-1.5,0.7,"uniform",28,FALSE,FALSE,0.5,0.3,0.2,FALSE
2502,"synthetic","LSVCMM",200,21,5,"binary",1,1,1,1,0.8,-1.5,0.7,"uniform",28,FALSE,FALSE,0.5,0.4,0.2,FALSE
2503,"synthetic","LSVCMM",200,21,5,"binary",1,1,1,1,0.8,-1.5,0.7,"uniform",28,FALSE,FALSE,0.5,0.5,0.2,FALSE
2504,"synthetic","LSVCMM",200,21,5,"binary",1,1,1,1,0.8,-1.5,0.7,"uniform",28,FALSE,FALSE,0.5,0.6,0.2,FALSE
2505,"synthetic","LSVCMM",200,21,5,"binary",1,1,1,1,0.8,-1.5,0.7,"uniform",28,FALSE,FALSE,0.5,0.7,0.2,FALSE
2506,"synthetic","LSVCMM",200,21,5,"binary",1,1,1,1,0.8,-1.5,0.7,"uniform",28,FALSE,FALSE,0.5,0.8,0.2,FALSE
2507,"synthetic","LSVCMM",200,21,5,"binary",1,1,1,1,0.8,-1.5,0.7,"uniform",28,FALSE,FALSE,0.5,0.9,0.2,FALSE
2508,"synthetic","LSVCMM",200,21,5,"binary",1,1,1,1,0.8,-1.5,0.7,"uniform",28,FALSE,FALSE,0.5,1,0.2,FALSE
2509,"synthetic","LSVCMM",200,21,5,"binary",1,1,1,1,0.8,-1.5,0.7,"uniform",29,FALSE,FALSE,0.5,0,0.2,FALSE
2510,"synthetic","LSVCMM",200,21,5,"binary",1,1,1,1,0.8,-1.5,0.7,"uniform",29,FALSE,FALSE,0.5,0.1,0.2,FALSE
2511,"synthetic","LSVCMM",200,21,5,"binary",1,1,1,1,0.8,-1.5,0.7,"uniform",29,FALSE,FALSE,0.5,0.2,0.2,FALSE
2512,"synthetic","LSVCMM",200,21,5,"binary",1,1,1,1,0.8,-1.5,0.7,"uniform",29,FALSE,FALSE,0.5,0.3,0.2,FALSE
2513,"synthetic","LSVCMM",200,21,5,"binary",1,1,1,1,0.8,-1.5,0.7,"uniform",29,FALSE,FALSE,0.5,0.4,0.2,FALSE
2514,"synthetic","LSVCMM",200,21,5,"binary",1,1,1,1,0.8,-1.5,0.7,"uniform",29,FALSE,FALSE,0.5,0.5,0.2,FALSE
2515,"synthetic","LSVCMM",200,21,5,"binary",1,1,1,1,0.8,-1.5,0.7,"uniform",29,FALSE,FALSE,0.5,0.6,0.2,FALSE
2516,"synthetic","LSVCMM",200,21,5,"binary",1,1,1,1,0.8,-1.5,0.7,"uniform",29,FALSE,FALSE,0.5,0.7,0.2,FALSE
2517,"synthetic","LSVCMM",200,21,5,"binary",1,1,1,1,0.8,-1.5,0.7,"uniform",29,FALSE,FALSE,0.5,0.8,0.2,FALSE
2518,"synthetic","LSVCMM",200,21,5,"binary",1,1,1,1,0.8,-1.5,0.7,"uniform",29,FALSE,FALSE,0.5,0.9,0.2,FALSE
2519,"synthetic","LSVCMM",200,21,5,"binary",1,1,1,1,0.8,-1.5,0.7,"uniform",29,FALSE,FALSE,0.5,1,0.2,FALSE
2520,"synthetic","LSVCMM",200,21,5,"binary",1,1,1,1,0.8,-1.5,0.7,"uniform",30,FALSE,FALSE,0.5,0,0.2,FALSE
2521,"synthetic","LSVCMM",200,21,5,"binary",1,1,1,1,0.8,-1.5,0.7,"uniform",30,FALSE,FALSE,0.5,0.1,0.2,FALSE
2522,"synthetic","LSVCMM",200,21,5,"binary",1,1,1,1,0.8,-1.5,0.7,"uniform",30,FALSE,FALSE,0.5,0.2,0.2,FALSE
2523,"synthetic","LSVCMM",200,21,5,"binary",1,1,1,1,0.8,-1.5,0.7,"uniform",30,FALSE,FALSE,0.5,0.3,0.2,FALSE
2524,"synthetic","LSVCMM",200,21,5,"binary",1,1,1,1,0.8,-1.5,0.7,"uniform",30,FALSE,FALSE,0.5,0.4,0.2,FALSE
2525,"synthetic","LSVCMM",200,21,5,"binary",1,1,1,1,0.8,-1.5,0.7,"uniform",30,FALSE,FALSE,0.5,0.5,0.2,FALSE
2526,"synthetic","LSVCMM",200,21,5,"binary",1,1,1,1,0.8,-1.5,0.7,"uniform",30,FALSE,FALSE,0.5,0.6,0.2,FALSE
2527,"synthetic","LSVCMM",200,21,5,"binary",1,1,1,1,0.8,-1.5,0.7,"uniform",30,FALSE,FALSE,0.5,0.7,0.2,FALSE
2528,"synthetic","LSVCMM",200,21,5,"binary",1,1,1,1,0.8,-1.5,0.7,"uniform",30,FALSE,FALSE,0.5,0.8,0.2,FALSE
2529,"synthetic","LSVCMM",200,21,5,"binary",1,1,1,1,0.8,-1.5,0.7,"uniform",30,FALSE,FALSE,0.5,0.9,0.2,FALSE
2530,"synthetic","LSVCMM",200,21,5,"binary",1,1,1,1,0.8,-1.5,0.7,"uniform",30,FALSE,FALSE,0.5,1,0.2,FALSE
2531,"synthetic","LSVCMM",200,21,5,"binary",1,1,1,1,0.8,-1.5,0.7,"uniform",31,FALSE,FALSE,0.5,0,0.2,FALSE
2532,"synthetic","LSVCMM",200,21,5,"binary",1,1,1,1,0.8,-1.5,0.7,"uniform",31,FALSE,FALSE,0.5,0.1,0.2,FALSE
2533,"synthetic","LSVCMM",200,21,5,"binary",1,1,1,1,0.8,-1.5,0.7,"uniform",31,FALSE,FALSE,0.5,0.2,0.2,FALSE
2534,"synthetic","LSVCMM",200,21,5,"binary",1,1,1,1,0.8,-1.5,0.7,"uniform",31,FALSE,FALSE,0.5,0.3,0.2,FALSE
2535,"synthetic","LSVCMM",200,21,5,"binary",1,1,1,1,0.8,-1.5,0.7,"uniform",31,FALSE,FALSE,0.5,0.4,0.2,FALSE
2536,"synthetic","LSVCMM",200,21,5,"binary",1,1,1,1,0.8,-1.5,0.7,"uniform",31,FALSE,FALSE,0.5,0.5,0.2,FALSE
2537,"synthetic","LSVCMM",200,21,5,"binary",1,1,1,1,0.8,-1.5,0.7,"uniform",31,FALSE,FALSE,0.5,0.6,0.2,FALSE
2538,"synthetic","LSVCMM",200,21,5,"binary",1,1,1,1,0.8,-1.5,0.7,"uniform",31,FALSE,FALSE,0.5,0.7,0.2,FALSE
2539,"synthetic","LSVCMM",200,21,5,"binary",1,1,1,1,0.8,-1.5,0.7,"uniform",31,FALSE,FALSE,0.5,0.8,0.2,FALSE
2540,"synthetic","LSVCMM",200,21,5,"binary",1,1,1,1,0.8,-1.5,0.7,"uniform",31,FALSE,FALSE,0.5,0.9,0.2,FALSE
2541,"synthetic","LSVCMM",200,21,5,"binary",1,1,1,1,0.8,-1.5,0.7,"uniform",31,FALSE,FALSE,0.5,1,0.2,FALSE
2542,"synthetic","LSVCMM",200,21,5,"binary",1,1,1,1,0.8,-1.5,0.7,"uniform",32,FALSE,FALSE,0.5,0,0.2,FALSE
2543,"synthetic","LSVCMM",200,21,5,"binary",1,1,1,1,0.8,-1.5,0.7,"uniform",32,FALSE,FALSE,0.5,0.1,0.2,FALSE
2544,"synthetic","LSVCMM",200,21,5,"binary",1,1,1,1,0.8,-1.5,0.7,"uniform",32,FALSE,FALSE,0.5,0.2,0.2,FALSE
2545,"synthetic","LSVCMM",200,21,5,"binary",1,1,1,1,0.8,-1.5,0.7,"uniform",32,FALSE,FALSE,0.5,0.3,0.2,FALSE
2546,"synthetic","LSVCMM",200,21,5,"binary",1,1,1,1,0.8,-1.5,0.7,"uniform",32,FALSE,FALSE,0.5,0.4,0.2,FALSE
2547,"synthetic","LSVCMM",200,21,5,"binary",1,1,1,1,0.8,-1.5,0.7,"uniform",32,FALSE,FALSE,0.5,0.5,0.2,FALSE
2548,"synthetic","LSVCMM",200,21,5,"binary",1,1,1,1,0.8,-1.5,0.7,"uniform",32,FALSE,FALSE,0.5,0.6,0.2,FALSE
2549,"synthetic","LSVCMM",200,21,5,"binary",1,1,1,1,0.8,-1.5,0.7,"uniform",32,FALSE,FALSE,0.5,0.7,0.2,FALSE
2550,"synthetic","LSVCMM",200,21,5,"binary",1,1,1,1,0.8,-1.5,0.7,"uniform",32,FALSE,FALSE,0.5,0.8,0.2,FALSE
2551,"synthetic","LSVCMM",200,21,5,"binary",1,1,1,1,0.8,-1.5,0.7,"uniform",32,FALSE,FALSE,0.5,0.9,0.2,FALSE
2552,"synthetic","LSVCMM",200,21,5,"binary",1,1,1,1,0.8,-1.5,0.7,"uniform",32,FALSE,FALSE,0.5,1,0.2,FALSE
2553,"synthetic","LSVCMM",200,21,5,"binary",1,1,1,1,0.8,-1.5,0.7,"uniform",33,FALSE,FALSE,0.5,0,0.2,FALSE
2554,"synthetic","LSVCMM",200,21,5,"binary",1,1,1,1,0.8,-1.5,0.7,"uniform",33,FALSE,FALSE,0.5,0.1,0.2,FALSE
2555,"synthetic","LSVCMM",200,21,5,"binary",1,1,1,1,0.8,-1.5,0.7,"uniform",33,FALSE,FALSE,0.5,0.2,0.2,FALSE
2556,"synthetic","LSVCMM",200,21,5,"binary",1,1,1,1,0.8,-1.5,0.7,"uniform",33,FALSE,FALSE,0.5,0.3,0.2,FALSE
2557,"synthetic","LSVCMM",200,21,5,"binary",1,1,1,1,0.8,-1.5,0.7,"uniform",33,FALSE,FALSE,0.5,0.4,0.2,FALSE
2558,"synthetic","LSVCMM",200,21,5,"binary",1,1,1,1,0.8,-1.5,0.7,"uniform",33,FALSE,FALSE,0.5,0.5,0.2,FALSE
2559,"synthetic","LSVCMM",200,21,5,"binary",1,1,1,1,0.8,-1.5,0.7,"uniform",33,FALSE,FALSE,0.5,0.6,0.2,FALSE
2560,"synthetic","LSVCMM",200,21,5,"binary",1,1,1,1,0.8,-1.5,0.7,"uniform",33,FALSE,FALSE,0.5,0.7,0.2,FALSE
2561,"synthetic","LSVCMM",200,21,5,"binary",1,1,1,1,0.8,-1.5,0.7,"uniform",33,FALSE,FALSE,0.5,0.8,0.2,FALSE
2562,"synthetic","LSVCMM",200,21,5,"binary",1,1,1,1,0.8,-1.5,0.7,"uniform",33,FALSE,FALSE,0.5,0.9,0.2,FALSE
2563,"synthetic","LSVCMM",200,21,5,"binary",1,1,1,1,0.8,-1.5,0.7,"uniform",33,FALSE,FALSE,0.5,1,0.2,FALSE
2564,"synthetic","LSVCMM",200,21,5,"binary",1,1,1,1,0.8,-1.5,0.7,"uniform",34,FALSE,FALSE,0.5,0,0.2,FALSE
2565,"synthetic","LSVCMM",200,21,5,"binary",1,1,1,1,0.8,-1.5,0.7,"uniform",34,FALSE,FALSE,0.5,0.1,0.2,FALSE
2566,"synthetic","LSVCMM",200,21,5,"binary",1,1,1,1,0.8,-1.5,0.7,"uniform",34,FALSE,FALSE,0.5,0.2,0.2,FALSE
2567,"synthetic","LSVCMM",200,21,5,"binary",1,1,1,1,0.8,-1.5,0.7,"uniform",34,FALSE,FALSE,0.5,0.3,0.2,FALSE
2568,"synthetic","LSVCMM",200,21,5,"binary",1,1,1,1,0.8,-1.5,0.7,"uniform",34,FALSE,FALSE,0.5,0.4,0.2,FALSE
2569,"synthetic","LSVCMM",200,21,5,"binary",1,1,1,1,0.8,-1.5,0.7,"uniform",34,FALSE,FALSE,0.5,0.5,0.2,FALSE
2570,"synthetic","LSVCMM",200,21,5,"binary",1,1,1,1,0.8,-1.5,0.7,"uniform",34,FALSE,FALSE,0.5,0.6,0.2,FALSE
2571,"synthetic","LSVCMM",200,21,5,"binary",1,1,1,1,0.8,-1.5,0.7,"uniform",34,FALSE,FALSE,0.5,0.7,0.2,FALSE
2572,"synthetic","LSVCMM",200,21,5,"binary",1,1,1,1,0.8,-1.5,0.7,"uniform",34,FALSE,FALSE,0.5,0.8,0.2,FALSE
2573,"synthetic","LSVCMM",200,21,5,"binary",1,1,1,1,0.8,-1.5,0.7,"uniform",34,FALSE,FALSE,0.5,0.9,0.2,FALSE
2574,"synthetic","LSVCMM",200,21,5,"binary",1,1,1,1,0.8,-1.5,0.7,"uniform",34,FALSE,FALSE,0.5,1,0.2,FALSE
2575,"synthetic","LSVCMM",200,21,5,"binary",1,1,1,1,0.8,-1.5,0.7,"uniform",35,FALSE,FALSE,0.5,0,0.2,FALSE
2576,"synthetic","LSVCMM",200,21,5,"binary",1,1,1,1,0.8,-1.5,0.7,"uniform",35,FALSE,FALSE,0.5,0.1,0.2,FALSE
2577,"synthetic","LSVCMM",200,21,5,"binary",1,1,1,1,0.8,-1.5,0.7,"uniform",35,FALSE,FALSE,0.5,0.2,0.2,FALSE
2578,"synthetic","LSVCMM",200,21,5,"binary",1,1,1,1,0.8,-1.5,0.7,"uniform",35,FALSE,FALSE,0.5,0.3,0.2,FALSE
2579,"synthetic","LSVCMM",200,21,5,"binary",1,1,1,1,0.8,-1.5,0.7,"uniform",35,FALSE,FALSE,0.5,0.4,0.2,FALSE
2580,"synthetic","LSVCMM",200,21,5,"binary",1,1,1,1,0.8,-1.5,0.7,"uniform",35,FALSE,FALSE,0.5,0.5,0.2,FALSE
2581,"synthetic","LSVCMM",200,21,5,"binary",1,1,1,1,0.8,-1.5,0.7,"uniform",35,FALSE,FALSE,0.5,0.6,0.2,FALSE
2582,"synthetic","LSVCMM",200,21,5,"binary",1,1,1,1,0.8,-1.5,0.7,"uniform",35,FALSE,FALSE,0.5,0.7,0.2,FALSE
2583,"synthetic","LSVCMM",200,21,5,"binary",1,1,1,1,0.8,-1.5,0.7,"uniform",35,FALSE,FALSE,0.5,0.8,0.2,FALSE
2584,"synthetic","LSVCMM",200,21,5,"binary",1,1,1,1,0.8,-1.5,0.7,"uniform",35,FALSE,FALSE,0.5,0.9,0.2,FALSE
2585,"synthetic","LSVCMM",200,21,5,"binary",1,1,1,1,0.8,-1.5,0.7,"uniform",35,FALSE,FALSE,0.5,1,0.2,FALSE
2586,"synthetic","LSVCMM",200,21,5,"binary",1,1,1,1,0.8,-1.5,0.7,"uniform",36,FALSE,FALSE,0.5,0,0.2,FALSE
2587,"synthetic","LSVCMM",200,21,5,"binary",1,1,1,1,0.8,-1.5,0.7,"uniform",36,FALSE,FALSE,0.5,0.1,0.2,FALSE
2588,"synthetic","LSVCMM",200,21,5,"binary",1,1,1,1,0.8,-1.5,0.7,"uniform",36,FALSE,FALSE,0.5,0.2,0.2,FALSE
2589,"synthetic","LSVCMM",200,21,5,"binary",1,1,1,1,0.8,-1.5,0.7,"uniform",36,FALSE,FALSE,0.5,0.3,0.2,FALSE
2590,"synthetic","LSVCMM",200,21,5,"binary",1,1,1,1,0.8,-1.5,0.7,"uniform",36,FALSE,FALSE,0.5,0.4,0.2,FALSE
2591,"synthetic","LSVCMM",200,21,5,"binary",1,1,1,1,0.8,-1.5,0.7,"uniform",36,FALSE,FALSE,0.5,0.5,0.2,FALSE
2592,"synthetic","LSVCMM",200,21,5,"binary",1,1,1,1,0.8,-1.5,0.7,"uniform",36,FALSE,FALSE,0.5,0.6,0.2,FALSE
2593,"synthetic","LSVCMM",200,21,5,"binary",1,1,1,1,0.8,-1.5,0.7,"uniform",36,FALSE,FALSE,0.5,0.7,0.2,FALSE
2594,"synthetic","LSVCMM",200,21,5,"binary",1,1,1,1,0.8,-1.5,0.7,"uniform",36,FALSE,FALSE,0.5,0.8,0.2,FALSE
2595,"synthetic","LSVCMM",200,21,5,"binary",1,1,1,1,0.8,-1.5,0.7,"uniform",36,FALSE,FALSE,0.5,0.9,0.2,FALSE
2596,"synthetic","LSVCMM",200,21,5,"binary",1,1,1,1,0.8,-1.5,0.7,"uniform",36,FALSE,FALSE,0.5,1,0.2,FALSE
2597,"synthetic","LSVCMM",200,21,5,"binary",1,1,1,1,0.8,-1.5,0.7,"uniform",37,FALSE,FALSE,0.5,0,0.2,FALSE
2598,"synthetic","LSVCMM",200,21,5,"binary",1,1,1,1,0.8,-1.5,0.7,"uniform",37,FALSE,FALSE,0.5,0.1,0.2,FALSE
2599,"synthetic","LSVCMM",200,21,5,"binary",1,1,1,1,0.8,-1.5,0.7,"uniform",37,FALSE,FALSE,0.5,0.2,0.2,FALSE
2600,"synthetic","LSVCMM",200,21,5,"binary",1,1,1,1,0.8,-1.5,0.7,"uniform",37,FALSE,FALSE,0.5,0.3,0.2,FALSE
2601,"synthetic","LSVCMM",200,21,5,"binary",1,1,1,1,0.8,-1.5,0.7,"uniform",37,FALSE,FALSE,0.5,0.4,0.2,FALSE
2602,"synthetic","LSVCMM",200,21,5,"binary",1,1,1,1,0.8,-1.5,0.7,"uniform",37,FALSE,FALSE,0.5,0.5,0.2,FALSE
2603,"synthetic","LSVCMM",200,21,5,"binary",1,1,1,1,0.8,-1.5,0.7,"uniform",37,FALSE,FALSE,0.5,0.6,0.2,FALSE
2604,"synthetic","LSVCMM",200,21,5,"binary",1,1,1,1,0.8,-1.5,0.7,"uniform",37,FALSE,FALSE,0.5,0.7,0.2,FALSE
2605,"synthetic","LSVCMM",200,21,5,"binary",1,1,1,1,0.8,-1.5,0.7,"uniform",37,FALSE,FALSE,0.5,0.8,0.2,FALSE
2606,"synthetic","LSVCMM",200,21,5,"binary",1,1,1,1,0.8,-1.5,0.7,"uniform",37,FALSE,FALSE,0.5,0.9,0.2,FALSE
2607,"synthetic","LSVCMM",200,21,5,"binary",1,1,1,1,0.8,-1.5,0.7,"uniform",37,FALSE,FALSE,0.5,1,0.2,FALSE
2608,"synthetic","LSVCMM",200,21,5,"binary",1,1,1,1,0.8,-1.5,0.7,"uniform",38,FALSE,FALSE,0.5,0,0.2,FALSE
2609,"synthetic","LSVCMM",200,21,5,"binary",1,1,1,1,0.8,-1.5,0.7,"uniform",38,FALSE,FALSE,0.5,0.1,0.2,FALSE
2610,"synthetic","LSVCMM",200,21,5,"binary",1,1,1,1,0.8,-1.5,0.7,"uniform",38,FALSE,FALSE,0.5,0.2,0.2,FALSE
2611,"synthetic","LSVCMM",200,21,5,"binary",1,1,1,1,0.8,-1.5,0.7,"uniform",38,FALSE,FALSE,0.5,0.3,0.2,FALSE
2612,"synthetic","LSVCMM",200,21,5,"binary",1,1,1,1,0.8,-1.5,0.7,"uniform",38,FALSE,FALSE,0.5,0.4,0.2,FALSE
2613,"synthetic","LSVCMM",200,21,5,"binary",1,1,1,1,0.8,-1.5,0.7,"uniform",38,FALSE,FALSE,0.5,0.5,0.2,FALSE
2614,"synthetic","LSVCMM",200,21,5,"binary",1,1,1,1,0.8,-1.5,0.7,"uniform",38,FALSE,FALSE,0.5,0.6,0.2,FALSE
2615,"synthetic","LSVCMM",200,21,5,"binary",1,1,1,1,0.8,-1.5,0.7,"uniform",38,FALSE,FALSE,0.5,0.7,0.2,FALSE
2616,"synthetic","LSVCMM",200,21,5,"binary",1,1,1,1,0.8,-1.5,0.7,"uniform",38,FALSE,FALSE,0.5,0.8,0.2,FALSE
2617,"synthetic","LSVCMM",200,21,5,"binary",1,1,1,1,0.8,-1.5,0.7,"uniform",38,FALSE,FALSE,0.5,0.9,0.2,FALSE
2618,"synthetic","LSVCMM",200,21,5,"binary",1,1,1,1,0.8,-1.5,0.7,"uniform",38,FALSE,FALSE,0.5,1,0.2,FALSE
2619,"synthetic","LSVCMM",200,21,5,"binary",1,1,1,1,0.8,-1.5,0.7,"uniform",39,FALSE,FALSE,0.5,0,0.2,FALSE
2620,"synthetic","LSVCMM",200,21,5,"binary",1,1,1,1,0.8,-1.5,0.7,"uniform",39,FALSE,FALSE,0.5,0.1,0.2,FALSE
2621,"synthetic","LSVCMM",200,21,5,"binary",1,1,1,1,0.8,-1.5,0.7,"uniform",39,FALSE,FALSE,0.5,0.2,0.2,FALSE
2622,"synthetic","LSVCMM",200,21,5,"binary",1,1,1,1,0.8,-1.5,0.7,"uniform",39,FALSE,FALSE,0.5,0.3,0.2,FALSE
2623,"synthetic","LSVCMM",200,21,5,"binary",1,1,1,1,0.8,-1.5,0.7,"uniform",39,FALSE,FALSE,0.5,0.4,0.2,FALSE
2624,"synthetic","LSVCMM",200,21,5,"binary",1,1,1,1,0.8,-1.5,0.7,"uniform",39,FALSE,FALSE,0.5,0.5,0.2,FALSE
2625,"synthetic","LSVCMM",200,21,5,"binary",1,1,1,1,0.8,-1.5,0.7,"uniform",39,FALSE,FALSE,0.5,0.6,0.2,FALSE
2626,"synthetic","LSVCMM",200,21,5,"binary",1,1,1,1,0.8,-1.5,0.7,"uniform",39,FALSE,FALSE,0.5,0.7,0.2,FALSE
2627,"synthetic","LSVCMM",200,21,5,"binary",1,1,1,1,0.8,-1.5,0.7,"uniform",39,FALSE,FALSE,0.5,0.8,0.2,FALSE
2628,"synthetic","LSVCMM",200,21,5,"binary",1,1,1,1,0.8,-1.5,0.7,"uniform",39,FALSE,FALSE,0.5,0.9,0.2,FALSE
2629,"synthetic","LSVCMM",200,21,5,"binary",1,1,1,1,0.8,-1.5,0.7,"uniform",39,FALSE,FALSE,0.5,1,0.2,FALSE
2630,"synthetic","LSVCMM",200,21,5,"binary",1,1,1,1,0.8,-1.5,0.7,"uniform",40,FALSE,FALSE,0.5,0,0.2,FALSE
2631,"synthetic","LSVCMM",200,21,5,"binary",1,1,1,1,0.8,-1.5,0.7,"uniform",40,FALSE,FALSE,0.5,0.1,0.2,FALSE
2632,"synthetic","LSVCMM",200,21,5,"binary",1,1,1,1,0.8,-1.5,0.7,"uniform",40,FALSE,FALSE,0.5,0.2,0.2,FALSE
2633,"synthetic","LSVCMM",200,21,5,"binary",1,1,1,1,0.8,-1.5,0.7,"uniform",40,FALSE,FALSE,0.5,0.3,0.2,FALSE
2634,"synthetic","LSVCMM",200,21,5,"binary",1,1,1,1,0.8,-1.5,0.7,"uniform",40,FALSE,FALSE,0.5,0.4,0.2,FALSE
2635,"synthetic","LSVCMM",200,21,5,"binary",1,1,1,1,0.8,-1.5,0.7,"uniform",40,FALSE,FALSE,0.5,0.5,0.2,FALSE
2636,"synthetic","LSVCMM",200,21,5,"binary",1,1,1,1,0.8,-1.5,0.7,"uniform",40,FALSE,FALSE,0.5,0.6,0.2,FALSE
2637,"synthetic","LSVCMM",200,21,5,"binary",1,1,1,1,0.8,-1.5,0.7,"uniform",40,FALSE,FALSE,0.5,0.7,0.2,FALSE
2638,"synthetic","LSVCMM",200,21,5,"binary",1,1,1,1,0.8,-1.5,0.7,"uniform",40,FALSE,FALSE,0.5,0.8,0.2,FALSE
2639,"synthetic","LSVCMM",200,21,5,"binary",1,1,1,1,0.8,-1.5,0.7,"uniform",40,FALSE,FALSE,0.5,0.9,0.2,FALSE
2640,"synthetic","LSVCMM",200,21,5,"binary",1,1,1,1,0.8,-1.5,0.7,"uniform",40,FALSE,FALSE,0.5,1,0.2,FALSE
2641,"synthetic","LSVCMM",200,21,5,"binary",1,1,1,1,0.8,-1.5,0.7,"uniform",41,FALSE,FALSE,0.5,0,0.2,FALSE
2642,"synthetic","LSVCMM",200,21,5,"binary",1,1,1,1,0.8,-1.5,0.7,"uniform",41,FALSE,FALSE,0.5,0.1,0.2,FALSE
2643,"synthetic","LSVCMM",200,21,5,"binary",1,1,1,1,0.8,-1.5,0.7,"uniform",41,FALSE,FALSE,0.5,0.2,0.2,FALSE
2644,"synthetic","LSVCMM",200,21,5,"binary",1,1,1,1,0.8,-1.5,0.7,"uniform",41,FALSE,FALSE,0.5,0.3,0.2,FALSE
2645,"synthetic","LSVCMM",200,21,5,"binary",1,1,1,1,0.8,-1.5,0.7,"uniform",41,FALSE,FALSE,0.5,0.4,0.2,FALSE
2646,"synthetic","LSVCMM",200,21,5,"binary",1,1,1,1,0.8,-1.5,0.7,"uniform",41,FALSE,FALSE,0.5,0.5,0.2,FALSE
2647,"synthetic","LSVCMM",200,21,5,"binary",1,1,1,1,0.8,-1.5,0.7,"uniform",41,FALSE,FALSE,0.5,0.6,0.2,FALSE
2648,"synthetic","LSVCMM",200,21,5,"binary",1,1,1,1,0.8,-1.5,0.7,"uniform",41,FALSE,FALSE,0.5,0.7,0.2,FALSE
2649,"synthetic","LSVCMM",200,21,5,"binary",1,1,1,1,0.8,-1.5,0.7,"uniform",41,FALSE,FALSE,0.5,0.8,0.2,FALSE
2650,"synthetic","LSVCMM",200,21,5,"binary",1,1,1,1,0.8,-1.5,0.7,"uniform",41,FALSE,FALSE,0.5,0.9,0.2,FALSE
2651,"synthetic","LSVCMM",200,21,5,"binary",1,1,1,1,0.8,-1.5,0.7,"uniform",41,FALSE,FALSE,0.5,1,0.2,FALSE
2652,"synthetic","LSVCMM",200,21,5,"binary",1,1,1,1,0.8,-1.5,0.7,"uniform",42,FALSE,FALSE,0.5,0,0.2,FALSE
2653,"synthetic","LSVCMM",200,21,5,"binary",1,1,1,1,0.8,-1.5,0.7,"uniform",42,FALSE,FALSE,0.5,0.1,0.2,FALSE
2654,"synthetic","LSVCMM",200,21,5,"binary",1,1,1,1,0.8,-1.5,0.7,"uniform",42,FALSE,FALSE,0.5,0.2,0.2,FALSE
2655,"synthetic","LSVCMM",200,21,5,"binary",1,1,1,1,0.8,-1.5,0.7,"uniform",42,FALSE,FALSE,0.5,0.3,0.2,FALSE
2656,"synthetic","LSVCMM",200,21,5,"binary",1,1,1,1,0.8,-1.5,0.7,"uniform",42,FALSE,FALSE,0.5,0.4,0.2,FALSE
2657,"synthetic","LSVCMM",200,21,5,"binary",1,1,1,1,0.8,-1.5,0.7,"uniform",42,FALSE,FALSE,0.5,0.5,0.2,FALSE
2658,"synthetic","LSVCMM",200,21,5,"binary",1,1,1,1,0.8,-1.5,0.7,"uniform",42,FALSE,FALSE,0.5,0.6,0.2,FALSE
2659,"synthetic","LSVCMM",200,21,5,"binary",1,1,1,1,0.8,-1.5,0.7,"uniform",42,FALSE,FALSE,0.5,0.7,0.2,FALSE
2660,"synthetic","LSVCMM",200,21,5,"binary",1,1,1,1,0.8,-1.5,0.7,"uniform",42,FALSE,FALSE,0.5,0.8,0.2,FALSE
2661,"synthetic","LSVCMM",200,21,5,"binary",1,1,1,1,0.8,-1.5,0.7,"uniform",42,FALSE,FALSE,0.5,0.9,0.2,FALSE
2662,"synthetic","LSVCMM",200,21,5,"binary",1,1,1,1,0.8,-1.5,0.7,"uniform",42,FALSE,FALSE,0.5,1,0.2,FALSE
2663,"synthetic","LSVCMM",200,21,5,"binary",1,1,1,1,0.8,-1.5,0.7,"uniform",43,FALSE,FALSE,0.5,0,0.2,FALSE
2664,"synthetic","LSVCMM",200,21,5,"binary",1,1,1,1,0.8,-1.5,0.7,"uniform",43,FALSE,FALSE,0.5,0.1,0.2,FALSE
2665,"synthetic","LSVCMM",200,21,5,"binary",1,1,1,1,0.8,-1.5,0.7,"uniform",43,FALSE,FALSE,0.5,0.2,0.2,FALSE
2666,"synthetic","LSVCMM",200,21,5,"binary",1,1,1,1,0.8,-1.5,0.7,"uniform",43,FALSE,FALSE,0.5,0.3,0.2,FALSE
2667,"synthetic","LSVCMM",200,21,5,"binary",1,1,1,1,0.8,-1.5,0.7,"uniform",43,FALSE,FALSE,0.5,0.4,0.2,FALSE
2668,"synthetic","LSVCMM",200,21,5,"binary",1,1,1,1,0.8,-1.5,0.7,"uniform",43,FALSE,FALSE,0.5,0.5,0.2,FALSE
2669,"synthetic","LSVCMM",200,21,5,"binary",1,1,1,1,0.8,-1.5,0.7,"uniform",43,FALSE,FALSE,0.5,0.6,0.2,FALSE
2670,"synthetic","LSVCMM",200,21,5,"binary",1,1,1,1,0.8,-1.5,0.7,"uniform",43,FALSE,FALSE,0.5,0.7,0.2,FALSE
2671,"synthetic","LSVCMM",200,21,5,"binary",1,1,1,1,0.8,-1.5,0.7,"uniform",43,FALSE,FALSE,0.5,0.8,0.2,FALSE
2672,"synthetic","LSVCMM",200,21,5,"binary",1,1,1,1,0.8,-1.5,0.7,"uniform",43,FALSE,FALSE,0.5,0.9,0.2,FALSE
2673,"synthetic","LSVCMM",200,21,5,"binary",1,1,1,1,0.8,-1.5,0.7,"uniform",43,FALSE,FALSE,0.5,1,0.2,FALSE
2674,"synthetic","LSVCMM",200,21,5,"binary",1,1,1,1,0.8,-1.5,0.7,"uniform",44,FALSE,FALSE,0.5,0,0.2,FALSE
2675,"synthetic","LSVCMM",200,21,5,"binary",1,1,1,1,0.8,-1.5,0.7,"uniform",44,FALSE,FALSE,0.5,0.1,0.2,FALSE
2676,"synthetic","LSVCMM",200,21,5,"binary",1,1,1,1,0.8,-1.5,0.7,"uniform",44,FALSE,FALSE,0.5,0.2,0.2,FALSE
2677,"synthetic","LSVCMM",200,21,5,"binary",1,1,1,1,0.8,-1.5,0.7,"uniform",44,FALSE,FALSE,0.5,0.3,0.2,FALSE
2678,"synthetic","LSVCMM",200,21,5,"binary",1,1,1,1,0.8,-1.5,0.7,"uniform",44,FALSE,FALSE,0.5,0.4,0.2,FALSE
2679,"synthetic","LSVCMM",200,21,5,"binary",1,1,1,1,0.8,-1.5,0.7,"uniform",44,FALSE,FALSE,0.5,0.5,0.2,FALSE
2680,"synthetic","LSVCMM",200,21,5,"binary",1,1,1,1,0.8,-1.5,0.7,"uniform",44,FALSE,FALSE,0.5,0.6,0.2,FALSE
2681,"synthetic","LSVCMM",200,21,5,"binary",1,1,1,1,0.8,-1.5,0.7,"uniform",44,FALSE,FALSE,0.5,0.7,0.2,FALSE
2682,"synthetic","LSVCMM",200,21,5,"binary",1,1,1,1,0.8,-1.5,0.7,"uniform",44,FALSE,FALSE,0.5,0.8,0.2,FALSE
2683,"synthetic","LSVCMM",200,21,5,"binary",1,1,1,1,0.8,-1.5,0.7,"uniform",44,FALSE,FALSE,0.5,0.9,0.2,FALSE
2684,"synthetic","LSVCMM",200,21,5,"binary",1,1,1,1,0.8,-1.5,0.7,"uniform",44,FALSE,FALSE,0.5,1,0.2,FALSE
2685,"synthetic","LSVCMM",200,21,5,"binary",1,1,1,1,0.8,-1.5,0.7,"uniform",45,FALSE,FALSE,0.5,0,0.2,FALSE
2686,"synthetic","LSVCMM",200,21,5,"binary",1,1,1,1,0.8,-1.5,0.7,"uniform",45,FALSE,FALSE,0.5,0.1,0.2,FALSE
2687,"synthetic","LSVCMM",200,21,5,"binary",1,1,1,1,0.8,-1.5,0.7,"uniform",45,FALSE,FALSE,0.5,0.2,0.2,FALSE
2688,"synthetic","LSVCMM",200,21,5,"binary",1,1,1,1,0.8,-1.5,0.7,"uniform",45,FALSE,FALSE,0.5,0.3,0.2,FALSE
2689,"synthetic","LSVCMM",200,21,5,"binary",1,1,1,1,0.8,-1.5,0.7,"uniform",45,FALSE,FALSE,0.5,0.4,0.2,FALSE
2690,"synthetic","LSVCMM",200,21,5,"binary",1,1,1,1,0.8,-1.5,0.7,"uniform",45,FALSE,FALSE,0.5,0.5,0.2,FALSE
2691,"synthetic","LSVCMM",200,21,5,"binary",1,1,1,1,0.8,-1.5,0.7,"uniform",45,FALSE,FALSE,0.5,0.6,0.2,FALSE
2692,"synthetic","LSVCMM",200,21,5,"binary",1,1,1,1,0.8,-1.5,0.7,"uniform",45,FALSE,FALSE,0.5,0.7,0.2,FALSE
2693,"synthetic","LSVCMM",200,21,5,"binary",1,1,1,1,0.8,-1.5,0.7,"uniform",45,FALSE,FALSE,0.5,0.8,0.2,FALSE
2694,"synthetic","LSVCMM",200,21,5,"binary",1,1,1,1,0.8,-1.5,0.7,"uniform",45,FALSE,FALSE,0.5,0.9,0.2,FALSE
2695,"synthetic","LSVCMM",200,21,5,"binary",1,1,1,1,0.8,-1.5,0.7,"uniform",45,FALSE,FALSE,0.5,1,0.2,FALSE
2696,"synthetic","LSVCMM",200,21,5,"binary",1,1,1,1,0.8,-1.5,0.7,"uniform",46,FALSE,FALSE,0.5,0,0.2,FALSE
2697,"synthetic","LSVCMM",200,21,5,"binary",1,1,1,1,0.8,-1.5,0.7,"uniform",46,FALSE,FALSE,0.5,0.1,0.2,FALSE
2698,"synthetic","LSVCMM",200,21,5,"binary",1,1,1,1,0.8,-1.5,0.7,"uniform",46,FALSE,FALSE,0.5,0.2,0.2,FALSE
2699,"synthetic","LSVCMM",200,21,5,"binary",1,1,1,1,0.8,-1.5,0.7,"uniform",46,FALSE,FALSE,0.5,0.3,0.2,FALSE
2700,"synthetic","LSVCMM",200,21,5,"binary",1,1,1,1,0.8,-1.5,0.7,"uniform",46,FALSE,FALSE,0.5,0.4,0.2,FALSE
2701,"synthetic","LSVCMM",200,21,5,"binary",1,1,1,1,0.8,-1.5,0.7,"uniform",46,FALSE,FALSE,0.5,0.5,0.2,FALSE
2702,"synthetic","LSVCMM",200,21,5,"binary",1,1,1,1,0.8,-1.5,0.7,"uniform",46,FALSE,FALSE,0.5,0.6,0.2,FALSE
2703,"synthetic","LSVCMM",200,21,5,"binary",1,1,1,1,0.8,-1.5,0.7,"uniform",46,FALSE,FALSE,0.5,0.7,0.2,FALSE
2704,"synthetic","LSVCMM",200,21,5,"binary",1,1,1,1,0.8,-1.5,0.7,"uniform",46,FALSE,FALSE,0.5,0.8,0.2,FALSE
2705,"synthetic","LSVCMM",200,21,5,"binary",1,1,1,1,0.8,-1.5,0.7,"uniform",46,FALSE,FALSE,0.5,0.9,0.2,FALSE
2706,"synthetic","LSVCMM",200,21,5,"binary",1,1,1,1,0.8,-1.5,0.7,"uniform",46,FALSE,FALSE,0.5,1,0.2,FALSE
2707,"synthetic","LSVCMM",200,21,5,"binary",1,1,1,1,0.8,-1.5,0.7,"uniform",47,FALSE,FALSE,0.5,0,0.2,FALSE
2708,"synthetic","LSVCMM",200,21,5,"binary",1,1,1,1,0.8,-1.5,0.7,"uniform",47,FALSE,FALSE,0.5,0.1,0.2,FALSE
2709,"synthetic","LSVCMM",200,21,5,"binary",1,1,1,1,0.8,-1.5,0.7,"uniform",47,FALSE,FALSE,0.5,0.2,0.2,FALSE
2710,"synthetic","LSVCMM",200,21,5,"binary",1,1,1,1,0.8,-1.5,0.7,"uniform",47,FALSE,FALSE,0.5,0.3,0.2,FALSE
2711,"synthetic","LSVCMM",200,21,5,"binary",1,1,1,1,0.8,-1.5,0.7,"uniform",47,FALSE,FALSE,0.5,0.4,0.2,FALSE
2712,"synthetic","LSVCMM",200,21,5,"binary",1,1,1,1,0.8,-1.5,0.7,"uniform",47,FALSE,FALSE,0.5,0.5,0.2,FALSE
2713,"synthetic","LSVCMM",200,21,5,"binary",1,1,1,1,0.8,-1.5,0.7,"uniform",47,FALSE,FALSE,0.5,0.6,0.2,FALSE
2714,"synthetic","LSVCMM",200,21,5,"binary",1,1,1,1,0.8,-1.5,0.7,"uniform",47,FALSE,FALSE,0.5,0.7,0.2,FALSE
2715,"synthetic","LSVCMM",200,21,5,"binary",1,1,1,1,0.8,-1.5,0.7,"uniform",47,FALSE,FALSE,0.5,0.8,0.2,FALSE
2716,"synthetic","LSVCMM",200,21,5,"binary",1,1,1,1,0.8,-1.5,0.7,"uniform",47,FALSE,FALSE,0.5,0.9,0.2,FALSE
2717,"synthetic","LSVCMM",200,21,5,"binary",1,1,1,1,0.8,-1.5,0.7,"uniform",47,FALSE,FALSE,0.5,1,0.2,FALSE
2718,"synthetic","LSVCMM",200,21,5,"binary",1,1,1,1,0.8,-1.5,0.7,"uniform",48,FALSE,FALSE,0.5,0,0.2,FALSE
2719,"synthetic","LSVCMM",200,21,5,"binary",1,1,1,1,0.8,-1.5,0.7,"uniform",48,FALSE,FALSE,0.5,0.1,0.2,FALSE
2720,"synthetic","LSVCMM",200,21,5,"binary",1,1,1,1,0.8,-1.5,0.7,"uniform",48,FALSE,FALSE,0.5,0.2,0.2,FALSE
2721,"synthetic","LSVCMM",200,21,5,"binary",1,1,1,1,0.8,-1.5,0.7,"uniform",48,FALSE,FALSE,0.5,0.3,0.2,FALSE
2722,"synthetic","LSVCMM",200,21,5,"binary",1,1,1,1,0.8,-1.5,0.7,"uniform",48,FALSE,FALSE,0.5,0.4,0.2,FALSE
2723,"synthetic","LSVCMM",200,21,5,"binary",1,1,1,1,0.8,-1.5,0.7,"uniform",48,FALSE,FALSE,0.5,0.5,0.2,FALSE
2724,"synthetic","LSVCMM",200,21,5,"binary",1,1,1,1,0.8,-1.5,0.7,"uniform",48,FALSE,FALSE,0.5,0.6,0.2,FALSE
2725,"synthetic","LSVCMM",200,21,5,"binary",1,1,1,1,0.8,-1.5,0.7,"uniform",48,FALSE,FALSE,0.5,0.7,0.2,FALSE
2726,"synthetic","LSVCMM",200,21,5,"binary",1,1,1,1,0.8,-1.5,0.7,"uniform",48,FALSE,FALSE,0.5,0.8,0.2,FALSE
2727,"synthetic","LSVCMM",200,21,5,"binary",1,1,1,1,0.8,-1.5,0.7,"uniform",48,FALSE,FALSE,0.5,0.9,0.2,FALSE
2728,"synthetic","LSVCMM",200,21,5,"binary",1,1,1,1,0.8,-1.5,0.7,"uniform",48,FALSE,FALSE,0.5,1,0.2,FALSE
2729,"synthetic","LSVCMM",200,21,5,"binary",1,1,1,1,0.8,-1.5,0.7,"uniform",49,FALSE,FALSE,0.5,0,0.2,FALSE
2730,"synthetic","LSVCMM",200,21,5,"binary",1,1,1,1,0.8,-1.5,0.7,"uniform",49,FALSE,FALSE,0.5,0.1,0.2,FALSE
2731,"synthetic","LSVCMM",200,21,5,"binary",1,1,1,1,0.8,-1.5,0.7,"uniform",49,FALSE,FALSE,0.5,0.2,0.2,FALSE
2732,"synthetic","LSVCMM",200,21,5,"binary",1,1,1,1,0.8,-1.5,0.7,"uniform",49,FALSE,FALSE,0.5,0.3,0.2,FALSE
2733,"synthetic","LSVCMM",200,21,5,"binary",1,1,1,1,0.8,-1.5,0.7,"uniform",49,FALSE,FALSE,0.5,0.4,0.2,FALSE
2734,"synthetic","LSVCMM",200,21,5,"binary",1,1,1,1,0.8,-1.5,0.7,"uniform",49,FALSE,FALSE,0.5,0.5,0.2,FALSE
2735,"synthetic","LSVCMM",200,21,5,"binary",1,1,1,1,0.8,-1.5,0.7,"uniform",49,FALSE,FALSE,0.5,0.6,0.2,FALSE
2736,"synthetic","LSVCMM",200,21,5,"binary",1,1,1,1,0.8,-1.5,0.7,"uniform",49,FALSE,FALSE,0.5,0.7,0.2,FALSE
2737,"synthetic","LSVCMM",200,21,5,"binary",1,1,1,1,0.8,-1.5,0.7,"uniform",49,FALSE,FALSE,0.5,0.8,0.2,FALSE
2738,"synthetic","LSVCMM",200,21,5,"binary",1,1,1,1,0.8,-1.5,0.7,"uniform",49,FALSE,FALSE,0.5,0.9,0.2,FALSE
2739,"synthetic","LSVCMM",200,21,5,"binary",1,1,1,1,0.8,-1.5,0.7,"uniform",49,FALSE,FALSE,0.5,1,0.2,FALSE
2740,"synthetic","LSVCMM",200,21,5,"binary",1,1,1,1,0.8,-1.5,0.7,"uniform",50,FALSE,FALSE,0.5,0,0.2,FALSE
2741,"synthetic","LSVCMM",200,21,5,"binary",1,1,1,1,0.8,-1.5,0.7,"uniform",50,FALSE,FALSE,0.5,0.1,0.2,FALSE
2742,"synthetic","LSVCMM",200,21,5,"binary",1,1,1,1,0.8,-1.5,0.7,"uniform",50,FALSE,FALSE,0.5,0.2,0.2,FALSE
2743,"synthetic","LSVCMM",200,21,5,"binary",1,1,1,1,0.8,-1.5,0.7,"uniform",50,FALSE,FALSE,0.5,0.3,0.2,FALSE
2744,"synthetic","LSVCMM",200,21,5,"binary",1,1,1,1,0.8,-1.5,0.7,"uniform",50,FALSE,FALSE,0.5,0.4,0.2,FALSE
2745,"synthetic","LSVCMM",200,21,5,"binary",1,1,1,1,0.8,-1.5,0.7,"uniform",50,FALSE,FALSE,0.5,0.5,0.2,FALSE
2746,"synthetic","LSVCMM",200,21,5,"binary",1,1,1,1,0.8,-1.5,0.7,"uniform",50,FALSE,FALSE,0.5,0.6,0.2,FALSE
2747,"synthetic","LSVCMM",200,21,5,"binary",1,1,1,1,0.8,-1.5,0.7,"uniform",50,FALSE,FALSE,0.5,0.7,0.2,FALSE
2748,"synthetic","LSVCMM",200,21,5,"binary",1,1,1,1,0.8,-1.5,0.7,"uniform",50,FALSE,FALSE,0.5,0.8,0.2,FALSE
2749,"synthetic","LSVCMM",200,21,5,"binary",1,1,1,1,0.8,-1.5,0.7,"uniform",50,FALSE,FALSE,0.5,0.9,0.2,FALSE
2750,"synthetic","LSVCMM",200,21,5,"binary",1,1,1,1,0.8,-1.5,0.7,"uniform",50,FALSE,FALSE,0.5,1,0.2,FALSE
2751,"synthetic","LSVCMM",200,21,5,"binary",1,1,1,1,0.8,-1.5,0.7,"uniform",51,FALSE,FALSE,0.5,0,0.2,FALSE
2752,"synthetic","LSVCMM",200,21,5,"binary",1,1,1,1,0.8,-1.5,0.7,"uniform",51,FALSE,FALSE,0.5,0.1,0.2,FALSE
2753,"synthetic","LSVCMM",200,21,5,"binary",1,1,1,1,0.8,-1.5,0.7,"uniform",51,FALSE,FALSE,0.5,0.2,0.2,FALSE
2754,"synthetic","LSVCMM",200,21,5,"binary",1,1,1,1,0.8,-1.5,0.7,"uniform",51,FALSE,FALSE,0.5,0.3,0.2,FALSE
2755,"synthetic","LSVCMM",200,21,5,"binary",1,1,1,1,0.8,-1.5,0.7,"uniform",51,FALSE,FALSE,0.5,0.4,0.2,FALSE
2756,"synthetic","LSVCMM",200,21,5,"binary",1,1,1,1,0.8,-1.5,0.7,"uniform",51,FALSE,FALSE,0.5,0.5,0.2,FALSE
2757,"synthetic","LSVCMM",200,21,5,"binary",1,1,1,1,0.8,-1.5,0.7,"uniform",51,FALSE,FALSE,0.5,0.6,0.2,FALSE
2758,"synthetic","LSVCMM",200,21,5,"binary",1,1,1,1,0.8,-1.5,0.7,"uniform",51,FALSE,FALSE,0.5,0.7,0.2,FALSE
2759,"synthetic","LSVCMM",200,21,5,"binary",1,1,1,1,0.8,-1.5,0.7,"uniform",51,FALSE,FALSE,0.5,0.8,0.2,FALSE
2760,"synthetic","LSVCMM",200,21,5,"binary",1,1,1,1,0.8,-1.5,0.7,"uniform",51,FALSE,FALSE,0.5,0.9,0.2,FALSE
2761,"synthetic","LSVCMM",200,21,5,"binary",1,1,1,1,0.8,-1.5,0.7,"uniform",51,FALSE,FALSE,0.5,1,0.2,FALSE
2762,"synthetic","LSVCMM",200,21,5,"binary",1,1,1,1,0.8,-1.5,0.7,"uniform",52,FALSE,FALSE,0.5,0,0.2,FALSE
2763,"synthetic","LSVCMM",200,21,5,"binary",1,1,1,1,0.8,-1.5,0.7,"uniform",52,FALSE,FALSE,0.5,0.1,0.2,FALSE
2764,"synthetic","LSVCMM",200,21,5,"binary",1,1,1,1,0.8,-1.5,0.7,"uniform",52,FALSE,FALSE,0.5,0.2,0.2,FALSE
2765,"synthetic","LSVCMM",200,21,5,"binary",1,1,1,1,0.8,-1.5,0.7,"uniform",52,FALSE,FALSE,0.5,0.3,0.2,FALSE
2766,"synthetic","LSVCMM",200,21,5,"binary",1,1,1,1,0.8,-1.5,0.7,"uniform",52,FALSE,FALSE,0.5,0.4,0.2,FALSE
2767,"synthetic","LSVCMM",200,21,5,"binary",1,1,1,1,0.8,-1.5,0.7,"uniform",52,FALSE,FALSE,0.5,0.5,0.2,FALSE
2768,"synthetic","LSVCMM",200,21,5,"binary",1,1,1,1,0.8,-1.5,0.7,"uniform",52,FALSE,FALSE,0.5,0.6,0.2,FALSE
2769,"synthetic","LSVCMM",200,21,5,"binary",1,1,1,1,0.8,-1.5,0.7,"uniform",52,FALSE,FALSE,0.5,0.7,0.2,FALSE
2770,"synthetic","LSVCMM",200,21,5,"binary",1,1,1,1,0.8,-1.5,0.7,"uniform",52,FALSE,FALSE,0.5,0.8,0.2,FALSE
2771,"synthetic","LSVCMM",200,21,5,"binary",1,1,1,1,0.8,-1.5,0.7,"uniform",52,FALSE,FALSE,0.5,0.9,0.2,FALSE
2772,"synthetic","LSVCMM",200,21,5,"binary",1,1,1,1,0.8,-1.5,0.7,"uniform",52,FALSE,FALSE,0.5,1,0.2,FALSE
2773,"synthetic","LSVCMM",200,21,5,"binary",1,1,1,1,0.8,-1.5,0.7,"uniform",53,FALSE,FALSE,0.5,0,0.2,FALSE
2774,"synthetic","LSVCMM",200,21,5,"binary",1,1,1,1,0.8,-1.5,0.7,"uniform",53,FALSE,FALSE,0.5,0.1,0.2,FALSE
2775,"synthetic","LSVCMM",200,21,5,"binary",1,1,1,1,0.8,-1.5,0.7,"uniform",53,FALSE,FALSE,0.5,0.2,0.2,FALSE
2776,"synthetic","LSVCMM",200,21,5,"binary",1,1,1,1,0.8,-1.5,0.7,"uniform",53,FALSE,FALSE,0.5,0.3,0.2,FALSE
2777,"synthetic","LSVCMM",200,21,5,"binary",1,1,1,1,0.8,-1.5,0.7,"uniform",53,FALSE,FALSE,0.5,0.4,0.2,FALSE
2778,"synthetic","LSVCMM",200,21,5,"binary",1,1,1,1,0.8,-1.5,0.7,"uniform",53,FALSE,FALSE,0.5,0.5,0.2,FALSE
2779,"synthetic","LSVCMM",200,21,5,"binary",1,1,1,1,0.8,-1.5,0.7,"uniform",53,FALSE,FALSE,0.5,0.6,0.2,FALSE
2780,"synthetic","LSVCMM",200,21,5,"binary",1,1,1,1,0.8,-1.5,0.7,"uniform",53,FALSE,FALSE,0.5,0.7,0.2,FALSE
2781,"synthetic","LSVCMM",200,21,5,"binary",1,1,1,1,0.8,-1.5,0.7,"uniform",53,FALSE,FALSE,0.5,0.8,0.2,FALSE
2782,"synthetic","LSVCMM",200,21,5,"binary",1,1,1,1,0.8,-1.5,0.7,"uniform",53,FALSE,FALSE,0.5,0.9,0.2,FALSE
2783,"synthetic","LSVCMM",200,21,5,"binary",1,1,1,1,0.8,-1.5,0.7,"uniform",53,FALSE,FALSE,0.5,1,0.2,FALSE
2784,"synthetic","LSVCMM",200,21,5,"binary",1,1,1,1,0.8,-1.5,0.7,"uniform",54,FALSE,FALSE,0.5,0,0.2,FALSE
2785,"synthetic","LSVCMM",200,21,5,"binary",1,1,1,1,0.8,-1.5,0.7,"uniform",54,FALSE,FALSE,0.5,0.1,0.2,FALSE
2786,"synthetic","LSVCMM",200,21,5,"binary",1,1,1,1,0.8,-1.5,0.7,"uniform",54,FALSE,FALSE,0.5,0.2,0.2,FALSE
2787,"synthetic","LSVCMM",200,21,5,"binary",1,1,1,1,0.8,-1.5,0.7,"uniform",54,FALSE,FALSE,0.5,0.3,0.2,FALSE
2788,"synthetic","LSVCMM",200,21,5,"binary",1,1,1,1,0.8,-1.5,0.7,"uniform",54,FALSE,FALSE,0.5,0.4,0.2,FALSE
2789,"synthetic","LSVCMM",200,21,5,"binary",1,1,1,1,0.8,-1.5,0.7,"uniform",54,FALSE,FALSE,0.5,0.5,0.2,FALSE
2790,"synthetic","LSVCMM",200,21,5,"binary",1,1,1,1,0.8,-1.5,0.7,"uniform",54,FALSE,FALSE,0.5,0.6,0.2,FALSE
2791,"synthetic","LSVCMM",200,21,5,"binary",1,1,1,1,0.8,-1.5,0.7,"uniform",54,FALSE,FALSE,0.5,0.7,0.2,FALSE
2792,"synthetic","LSVCMM",200,21,5,"binary",1,1,1,1,0.8,-1.5,0.7,"uniform",54,FALSE,FALSE,0.5,0.8,0.2,FALSE
2793,"synthetic","LSVCMM",200,21,5,"binary",1,1,1,1,0.8,-1.5,0.7,"uniform",54,FALSE,FALSE,0.5,0.9,0.2,FALSE
2794,"synthetic","LSVCMM",200,21,5,"binary",1,1,1,1,0.8,-1.5,0.7,"uniform",54,FALSE,FALSE,0.5,1,0.2,FALSE
2795,"synthetic","LSVCMM",200,21,5,"binary",1,1,1,1,0.8,-1.5,0.7,"uniform",55,FALSE,FALSE,0.5,0,0.2,FALSE
2796,"synthetic","LSVCMM",200,21,5,"binary",1,1,1,1,0.8,-1.5,0.7,"uniform",55,FALSE,FALSE,0.5,0.1,0.2,FALSE
2797,"synthetic","LSVCMM",200,21,5,"binary",1,1,1,1,0.8,-1.5,0.7,"uniform",55,FALSE,FALSE,0.5,0.2,0.2,FALSE
2798,"synthetic","LSVCMM",200,21,5,"binary",1,1,1,1,0.8,-1.5,0.7,"uniform",55,FALSE,FALSE,0.5,0.3,0.2,FALSE
2799,"synthetic","LSVCMM",200,21,5,"binary",1,1,1,1,0.8,-1.5,0.7,"uniform",55,FALSE,FALSE,0.5,0.4,0.2,FALSE
2800,"synthetic","LSVCMM",200,21,5,"binary",1,1,1,1,0.8,-1.5,0.7,"uniform",55,FALSE,FALSE,0.5,0.5,0.2,FALSE
2801,"synthetic","LSVCMM",200,21,5,"binary",1,1,1,1,0.8,-1.5,0.7,"uniform",55,FALSE,FALSE,0.5,0.6,0.2,FALSE
2802,"synthetic","LSVCMM",200,21,5,"binary",1,1,1,1,0.8,-1.5,0.7,"uniform",55,FALSE,FALSE,0.5,0.7,0.2,FALSE
2803,"synthetic","LSVCMM",200,21,5,"binary",1,1,1,1,0.8,-1.5,0.7,"uniform",55,FALSE,FALSE,0.5,0.8,0.2,FALSE
2804,"synthetic","LSVCMM",200,21,5,"binary",1,1,1,1,0.8,-1.5,0.7,"uniform",55,FALSE,FALSE,0.5,0.9,0.2,FALSE
2805,"synthetic","LSVCMM",200,21,5,"binary",1,1,1,1,0.8,-1.5,0.7,"uniform",55,FALSE,FALSE,0.5,1,0.2,FALSE
2806,"synthetic","LSVCMM",200,21,5,"binary",1,1,1,1,0.8,-1.5,0.7,"uniform",56,FALSE,FALSE,0.5,0,0.2,FALSE
2807,"synthetic","LSVCMM",200,21,5,"binary",1,1,1,1,0.8,-1.5,0.7,"uniform",56,FALSE,FALSE,0.5,0.1,0.2,FALSE
2808,"synthetic","LSVCMM",200,21,5,"binary",1,1,1,1,0.8,-1.5,0.7,"uniform",56,FALSE,FALSE,0.5,0.2,0.2,FALSE
2809,"synthetic","LSVCMM",200,21,5,"binary",1,1,1,1,0.8,-1.5,0.7,"uniform",56,FALSE,FALSE,0.5,0.3,0.2,FALSE
2810,"synthetic","LSVCMM",200,21,5,"binary",1,1,1,1,0.8,-1.5,0.7,"uniform",56,FALSE,FALSE,0.5,0.4,0.2,FALSE
2811,"synthetic","LSVCMM",200,21,5,"binary",1,1,1,1,0.8,-1.5,0.7,"uniform",56,FALSE,FALSE,0.5,0.5,0.2,FALSE
2812,"synthetic","LSVCMM",200,21,5,"binary",1,1,1,1,0.8,-1.5,0.7,"uniform",56,FALSE,FALSE,0.5,0.6,0.2,FALSE
2813,"synthetic","LSVCMM",200,21,5,"binary",1,1,1,1,0.8,-1.5,0.7,"uniform",56,FALSE,FALSE,0.5,0.7,0.2,FALSE
2814,"synthetic","LSVCMM",200,21,5,"binary",1,1,1,1,0.8,-1.5,0.7,"uniform",56,FALSE,FALSE,0.5,0.8,0.2,FALSE
2815,"synthetic","LSVCMM",200,21,5,"binary",1,1,1,1,0.8,-1.5,0.7,"uniform",56,FALSE,FALSE,0.5,0.9,0.2,FALSE
2816,"synthetic","LSVCMM",200,21,5,"binary",1,1,1,1,0.8,-1.5,0.7,"uniform",56,FALSE,FALSE,0.5,1,0.2,FALSE
2817,"synthetic","LSVCMM",200,21,5,"binary",1,1,1,1,0.8,-1.5,0.7,"uniform",57,FALSE,FALSE,0.5,0,0.2,FALSE
2818,"synthetic","LSVCMM",200,21,5,"binary",1,1,1,1,0.8,-1.5,0.7,"uniform",57,FALSE,FALSE,0.5,0.1,0.2,FALSE
2819,"synthetic","LSVCMM",200,21,5,"binary",1,1,1,1,0.8,-1.5,0.7,"uniform",57,FALSE,FALSE,0.5,0.2,0.2,FALSE
2820,"synthetic","LSVCMM",200,21,5,"binary",1,1,1,1,0.8,-1.5,0.7,"uniform",57,FALSE,FALSE,0.5,0.3,0.2,FALSE
2821,"synthetic","LSVCMM",200,21,5,"binary",1,1,1,1,0.8,-1.5,0.7,"uniform",57,FALSE,FALSE,0.5,0.4,0.2,FALSE
2822,"synthetic","LSVCMM",200,21,5,"binary",1,1,1,1,0.8,-1.5,0.7,"uniform",57,FALSE,FALSE,0.5,0.5,0.2,FALSE
2823,"synthetic","LSVCMM",200,21,5,"binary",1,1,1,1,0.8,-1.5,0.7,"uniform",57,FALSE,FALSE,0.5,0.6,0.2,FALSE
2824,"synthetic","LSVCMM",200,21,5,"binary",1,1,1,1,0.8,-1.5,0.7,"uniform",57,FALSE,FALSE,0.5,0.7,0.2,FALSE
2825,"synthetic","LSVCMM",200,21,5,"binary",1,1,1,1,0.8,-1.5,0.7,"uniform",57,FALSE,FALSE,0.5,0.8,0.2,FALSE
2826,"synthetic","LSVCMM",200,21,5,"binary",1,1,1,1,0.8,-1.5,0.7,"uniform",57,FALSE,FALSE,0.5,0.9,0.2,FALSE
2827,"synthetic","LSVCMM",200,21,5,"binary",1,1,1,1,0.8,-1.5,0.7,"uniform",57,FALSE,FALSE,0.5,1,0.2,FALSE
2828,"synthetic","LSVCMM",200,21,5,"binary",1,1,1,1,0.8,-1.5,0.7,"uniform",58,FALSE,FALSE,0.5,0,0.2,FALSE
2829,"synthetic","LSVCMM",200,21,5,"binary",1,1,1,1,0.8,-1.5,0.7,"uniform",58,FALSE,FALSE,0.5,0.1,0.2,FALSE
2830,"synthetic","LSVCMM",200,21,5,"binary",1,1,1,1,0.8,-1.5,0.7,"uniform",58,FALSE,FALSE,0.5,0.2,0.2,FALSE
2831,"synthetic","LSVCMM",200,21,5,"binary",1,1,1,1,0.8,-1.5,0.7,"uniform",58,FALSE,FALSE,0.5,0.3,0.2,FALSE
2832,"synthetic","LSVCMM",200,21,5,"binary",1,1,1,1,0.8,-1.5,0.7,"uniform",58,FALSE,FALSE,0.5,0.4,0.2,FALSE
2833,"synthetic","LSVCMM",200,21,5,"binary",1,1,1,1,0.8,-1.5,0.7,"uniform",58,FALSE,FALSE,0.5,0.5,0.2,FALSE
2834,"synthetic","LSVCMM",200,21,5,"binary",1,1,1,1,0.8,-1.5,0.7,"uniform",58,FALSE,FALSE,0.5,0.6,0.2,FALSE
2835,"synthetic","LSVCMM",200,21,5,"binary",1,1,1,1,0.8,-1.5,0.7,"uniform",58,FALSE,FALSE,0.5,0.7,0.2,FALSE
2836,"synthetic","LSVCMM",200,21,5,"binary",1,1,1,1,0.8,-1.5,0.7,"uniform",58,FALSE,FALSE,0.5,0.8,0.2,FALSE
2837,"synthetic","LSVCMM",200,21,5,"binary",1,1,1,1,0.8,-1.5,0.7,"uniform",58,FALSE,FALSE,0.5,0.9,0.2,FALSE
2838,"synthetic","LSVCMM",200,21,5,"binary",1,1,1,1,0.8,-1.5,0.7,"uniform",58,FALSE,FALSE,0.5,1,0.2,FALSE
2839,"synthetic","LSVCMM",200,21,5,"binary",1,1,1,1,0.8,-1.5,0.7,"uniform",59,FALSE,FALSE,0.5,0,0.2,FALSE
2840,"synthetic","LSVCMM",200,21,5,"binary",1,1,1,1,0.8,-1.5,0.7,"uniform",59,FALSE,FALSE,0.5,0.1,0.2,FALSE
2841,"synthetic","LSVCMM",200,21,5,"binary",1,1,1,1,0.8,-1.5,0.7,"uniform",59,FALSE,FALSE,0.5,0.2,0.2,FALSE
2842,"synthetic","LSVCMM",200,21,5,"binary",1,1,1,1,0.8,-1.5,0.7,"uniform",59,FALSE,FALSE,0.5,0.3,0.2,FALSE
2843,"synthetic","LSVCMM",200,21,5,"binary",1,1,1,1,0.8,-1.5,0.7,"uniform",59,FALSE,FALSE,0.5,0.4,0.2,FALSE
2844,"synthetic","LSVCMM",200,21,5,"binary",1,1,1,1,0.8,-1.5,0.7,"uniform",59,FALSE,FALSE,0.5,0.5,0.2,FALSE
2845,"synthetic","LSVCMM",200,21,5,"binary",1,1,1,1,0.8,-1.5,0.7,"uniform",59,FALSE,FALSE,0.5,0.6,0.2,FALSE
2846,"synthetic","LSVCMM",200,21,5,"binary",1,1,1,1,0.8,-1.5,0.7,"uniform",59,FALSE,FALSE,0.5,0.7,0.2,FALSE
2847,"synthetic","LSVCMM",200,21,5,"binary",1,1,1,1,0.8,-1.5,0.7,"uniform",59,FALSE,FALSE,0.5,0.8,0.2,FALSE
2848,"synthetic","LSVCMM",200,21,5,"binary",1,1,1,1,0.8,-1.5,0.7,"uniform",59,FALSE,FALSE,0.5,0.9,0.2,FALSE
2849,"synthetic","LSVCMM",200,21,5,"binary",1,1,1,1,0.8,-1.5,0.7,"uniform",59,FALSE,FALSE,0.5,1,0.2,FALSE
2850,"synthetic","LSVCMM",200,21,5,"binary",1,1,1,1,0.8,-1.5,0.7,"uniform",60,FALSE,FALSE,0.5,0,0.2,FALSE
2851,"synthetic","LSVCMM",200,21,5,"binary",1,1,1,1,0.8,-1.5,0.7,"uniform",60,FALSE,FALSE,0.5,0.1,0.2,FALSE
2852,"synthetic","LSVCMM",200,21,5,"binary",1,1,1,1,0.8,-1.5,0.7,"uniform",60,FALSE,FALSE,0.5,0.2,0.2,FALSE
2853,"synthetic","LSVCMM",200,21,5,"binary",1,1,1,1,0.8,-1.5,0.7,"uniform",60,FALSE,FALSE,0.5,0.3,0.2,FALSE
2854,"synthetic","LSVCMM",200,21,5,"binary",1,1,1,1,0.8,-1.5,0.7,"uniform",60,FALSE,FALSE,0.5,0.4,0.2,FALSE
2855,"synthetic","LSVCMM",200,21,5,"binary",1,1,1,1,0.8,-1.5,0.7,"uniform",60,FALSE,FALSE,0.5,0.5,0.2,FALSE
2856,"synthetic","LSVCMM",200,21,5,"binary",1,1,1,1,0.8,-1.5,0.7,"uniform",60,FALSE,FALSE,0.5,0.6,0.2,FALSE
2857,"synthetic","LSVCMM",200,21,5,"binary",1,1,1,1,0.8,-1.5,0.7,"uniform",60,FALSE,FALSE,0.5,0.7,0.2,FALSE
2858,"synthetic","LSVCMM",200,21,5,"binary",1,1,1,1,0.8,-1.5,0.7,"uniform",60,FALSE,FALSE,0.5,0.8,0.2,FALSE
2859,"synthetic","LSVCMM",200,21,5,"binary",1,1,1,1,0.8,-1.5,0.7,"uniform",60,FALSE,FALSE,0.5,0.9,0.2,FALSE
2860,"synthetic","LSVCMM",200,21,5,"binary",1,1,1,1,0.8,-1.5,0.7,"uniform",60,FALSE,FALSE,0.5,1,0.2,FALSE
2861,"synthetic","LSVCMM",200,21,5,"binary",1,1,1,1,0.8,-1.5,0.7,"uniform",61,FALSE,FALSE,0.5,0,0.2,FALSE
2862,"synthetic","LSVCMM",200,21,5,"binary",1,1,1,1,0.8,-1.5,0.7,"uniform",61,FALSE,FALSE,0.5,0.1,0.2,FALSE
2863,"synthetic","LSVCMM",200,21,5,"binary",1,1,1,1,0.8,-1.5,0.7,"uniform",61,FALSE,FALSE,0.5,0.2,0.2,FALSE
2864,"synthetic","LSVCMM",200,21,5,"binary",1,1,1,1,0.8,-1.5,0.7,"uniform",61,FALSE,FALSE,0.5,0.3,0.2,FALSE
2865,"synthetic","LSVCMM",200,21,5,"binary",1,1,1,1,0.8,-1.5,0.7,"uniform",61,FALSE,FALSE,0.5,0.4,0.2,FALSE
2866,"synthetic","LSVCMM",200,21,5,"binary",1,1,1,1,0.8,-1.5,0.7,"uniform",61,FALSE,FALSE,0.5,0.5,0.2,FALSE
2867,"synthetic","LSVCMM",200,21,5,"binary",1,1,1,1,0.8,-1.5,0.7,"uniform",61,FALSE,FALSE,0.5,0.6,0.2,FALSE
2868,"synthetic","LSVCMM",200,21,5,"binary",1,1,1,1,0.8,-1.5,0.7,"uniform",61,FALSE,FALSE,0.5,0.7,0.2,FALSE
2869,"synthetic","LSVCMM",200,21,5,"binary",1,1,1,1,0.8,-1.5,0.7,"uniform",61,FALSE,FALSE,0.5,0.8,0.2,FALSE
2870,"synthetic","LSVCMM",200,21,5,"binary",1,1,1,1,0.8,-1.5,0.7,"uniform",61,FALSE,FALSE,0.5,0.9,0.2,FALSE
2871,"synthetic","LSVCMM",200,21,5,"binary",1,1,1,1,0.8,-1.5,0.7,"uniform",61,FALSE,FALSE,0.5,1,0.2,FALSE
2872,"synthetic","LSVCMM",200,21,5,"binary",1,1,1,1,0.8,-1.5,0.7,"uniform",62,FALSE,FALSE,0.5,0,0.2,FALSE
2873,"synthetic","LSVCMM",200,21,5,"binary",1,1,1,1,0.8,-1.5,0.7,"uniform",62,FALSE,FALSE,0.5,0.1,0.2,FALSE
2874,"synthetic","LSVCMM",200,21,5,"binary",1,1,1,1,0.8,-1.5,0.7,"uniform",62,FALSE,FALSE,0.5,0.2,0.2,FALSE
2875,"synthetic","LSVCMM",200,21,5,"binary",1,1,1,1,0.8,-1.5,0.7,"uniform",62,FALSE,FALSE,0.5,0.3,0.2,FALSE
2876,"synthetic","LSVCMM",200,21,5,"binary",1,1,1,1,0.8,-1.5,0.7,"uniform",62,FALSE,FALSE,0.5,0.4,0.2,FALSE
2877,"synthetic","LSVCMM",200,21,5,"binary",1,1,1,1,0.8,-1.5,0.7,"uniform",62,FALSE,FALSE,0.5,0.5,0.2,FALSE
2878,"synthetic","LSVCMM",200,21,5,"binary",1,1,1,1,0.8,-1.5,0.7,"uniform",62,FALSE,FALSE,0.5,0.6,0.2,FALSE
2879,"synthetic","LSVCMM",200,21,5,"binary",1,1,1,1,0.8,-1.5,0.7,"uniform",62,FALSE,FALSE,0.5,0.7,0.2,FALSE
2880,"synthetic","LSVCMM",200,21,5,"binary",1,1,1,1,0.8,-1.5,0.7,"uniform",62,FALSE,FALSE,0.5,0.8,0.2,FALSE
2881,"synthetic","LSVCMM",200,21,5,"binary",1,1,1,1,0.8,-1.5,0.7,"uniform",62,FALSE,FALSE,0.5,0.9,0.2,FALSE
2882,"synthetic","LSVCMM",200,21,5,"binary",1,1,1,1,0.8,-1.5,0.7,"uniform",62,FALSE,FALSE,0.5,1,0.2,FALSE
2883,"synthetic","LSVCMM",200,21,5,"binary",1,1,1,1,0.8,-1.5,0.7,"uniform",63,FALSE,FALSE,0.5,0,0.2,FALSE
2884,"synthetic","LSVCMM",200,21,5,"binary",1,1,1,1,0.8,-1.5,0.7,"uniform",63,FALSE,FALSE,0.5,0.1,0.2,FALSE
2885,"synthetic","LSVCMM",200,21,5,"binary",1,1,1,1,0.8,-1.5,0.7,"uniform",63,FALSE,FALSE,0.5,0.2,0.2,FALSE
2886,"synthetic","LSVCMM",200,21,5,"binary",1,1,1,1,0.8,-1.5,0.7,"uniform",63,FALSE,FALSE,0.5,0.3,0.2,FALSE
2887,"synthetic","LSVCMM",200,21,5,"binary",1,1,1,1,0.8,-1.5,0.7,"uniform",63,FALSE,FALSE,0.5,0.4,0.2,FALSE
2888,"synthetic","LSVCMM",200,21,5,"binary",1,1,1,1,0.8,-1.5,0.7,"uniform",63,FALSE,FALSE,0.5,0.5,0.2,FALSE
2889,"synthetic","LSVCMM",200,21,5,"binary",1,1,1,1,0.8,-1.5,0.7,"uniform",63,FALSE,FALSE,0.5,0.6,0.2,FALSE
2890,"synthetic","LSVCMM",200,21,5,"binary",1,1,1,1,0.8,-1.5,0.7,"uniform",63,FALSE,FALSE,0.5,0.7,0.2,FALSE
2891,"synthetic","LSVCMM",200,21,5,"binary",1,1,1,1,0.8,-1.5,0.7,"uniform",63,FALSE,FALSE,0.5,0.8,0.2,FALSE
2892,"synthetic","LSVCMM",200,21,5,"binary",1,1,1,1,0.8,-1.5,0.7,"uniform",63,FALSE,FALSE,0.5,0.9,0.2,FALSE
2893,"synthetic","LSVCMM",200,21,5,"binary",1,1,1,1,0.8,-1.5,0.7,"uniform",63,FALSE,FALSE,0.5,1,0.2,FALSE
2894,"synthetic","LSVCMM",200,21,5,"binary",1,1,1,1,0.8,-1.5,0.7,"uniform",64,FALSE,FALSE,0.5,0,0.2,FALSE
2895,"synthetic","LSVCMM",200,21,5,"binary",1,1,1,1,0.8,-1.5,0.7,"uniform",64,FALSE,FALSE,0.5,0.1,0.2,FALSE
2896,"synthetic","LSVCMM",200,21,5,"binary",1,1,1,1,0.8,-1.5,0.7,"uniform",64,FALSE,FALSE,0.5,0.2,0.2,FALSE
2897,"synthetic","LSVCMM",200,21,5,"binary",1,1,1,1,0.8,-1.5,0.7,"uniform",64,FALSE,FALSE,0.5,0.3,0.2,FALSE
2898,"synthetic","LSVCMM",200,21,5,"binary",1,1,1,1,0.8,-1.5,0.7,"uniform",64,FALSE,FALSE,0.5,0.4,0.2,FALSE
2899,"synthetic","LSVCMM",200,21,5,"binary",1,1,1,1,0.8,-1.5,0.7,"uniform",64,FALSE,FALSE,0.5,0.5,0.2,FALSE
2900,"synthetic","LSVCMM",200,21,5,"binary",1,1,1,1,0.8,-1.5,0.7,"uniform",64,FALSE,FALSE,0.5,0.6,0.2,FALSE
2901,"synthetic","LSVCMM",200,21,5,"binary",1,1,1,1,0.8,-1.5,0.7,"uniform",64,FALSE,FALSE,0.5,0.7,0.2,FALSE
2902,"synthetic","LSVCMM",200,21,5,"binary",1,1,1,1,0.8,-1.5,0.7,"uniform",64,FALSE,FALSE,0.5,0.8,0.2,FALSE
2903,"synthetic","LSVCMM",200,21,5,"binary",1,1,1,1,0.8,-1.5,0.7,"uniform",64,FALSE,FALSE,0.5,0.9,0.2,FALSE
2904,"synthetic","LSVCMM",200,21,5,"binary",1,1,1,1,0.8,-1.5,0.7,"uniform",64,FALSE,FALSE,0.5,1,0.2,FALSE
2905,"synthetic","LSVCMM",200,21,5,"binary",1,1,1,1,0.8,-1.5,0.7,"uniform",65,FALSE,FALSE,0.5,0,0.2,FALSE
2906,"synthetic","LSVCMM",200,21,5,"binary",1,1,1,1,0.8,-1.5,0.7,"uniform",65,FALSE,FALSE,0.5,0.1,0.2,FALSE
2907,"synthetic","LSVCMM",200,21,5,"binary",1,1,1,1,0.8,-1.5,0.7,"uniform",65,FALSE,FALSE,0.5,0.2,0.2,FALSE
2908,"synthetic","LSVCMM",200,21,5,"binary",1,1,1,1,0.8,-1.5,0.7,"uniform",65,FALSE,FALSE,0.5,0.3,0.2,FALSE
2909,"synthetic","LSVCMM",200,21,5,"binary",1,1,1,1,0.8,-1.5,0.7,"uniform",65,FALSE,FALSE,0.5,0.4,0.2,FALSE
2910,"synthetic","LSVCMM",200,21,5,"binary",1,1,1,1,0.8,-1.5,0.7,"uniform",65,FALSE,FALSE,0.5,0.5,0.2,FALSE
2911,"synthetic","LSVCMM",200,21,5,"binary",1,1,1,1,0.8,-1.5,0.7,"uniform",65,FALSE,FALSE,0.5,0.6,0.2,FALSE
2912,"synthetic","LSVCMM",200,21,5,"binary",1,1,1,1,0.8,-1.5,0.7,"uniform",65,FALSE,FALSE,0.5,0.7,0.2,FALSE
2913,"synthetic","LSVCMM",200,21,5,"binary",1,1,1,1,0.8,-1.5,0.7,"uniform",65,FALSE,FALSE,0.5,0.8,0.2,FALSE
2914,"synthetic","LSVCMM",200,21,5,"binary",1,1,1,1,0.8,-1.5,0.7,"uniform",65,FALSE,FALSE,0.5,0.9,0.2,FALSE
2915,"synthetic","LSVCMM",200,21,5,"binary",1,1,1,1,0.8,-1.5,0.7,"uniform",65,FALSE,FALSE,0.5,1,0.2,FALSE
2916,"synthetic","LSVCMM",200,21,5,"binary",1,1,1,1,0.8,-1.5,0.7,"uniform",66,FALSE,FALSE,0.5,0,0.2,FALSE
2917,"synthetic","LSVCMM",200,21,5,"binary",1,1,1,1,0.8,-1.5,0.7,"uniform",66,FALSE,FALSE,0.5,0.1,0.2,FALSE
2918,"synthetic","LSVCMM",200,21,5,"binary",1,1,1,1,0.8,-1.5,0.7,"uniform",66,FALSE,FALSE,0.5,0.2,0.2,FALSE
2919,"synthetic","LSVCMM",200,21,5,"binary",1,1,1,1,0.8,-1.5,0.7,"uniform",66,FALSE,FALSE,0.5,0.3,0.2,FALSE
2920,"synthetic","LSVCMM",200,21,5,"binary",1,1,1,1,0.8,-1.5,0.7,"uniform",66,FALSE,FALSE,0.5,0.4,0.2,FALSE
2921,"synthetic","LSVCMM",200,21,5,"binary",1,1,1,1,0.8,-1.5,0.7,"uniform",66,FALSE,FALSE,0.5,0.5,0.2,FALSE
2922,"synthetic","LSVCMM",200,21,5,"binary",1,1,1,1,0.8,-1.5,0.7,"uniform",66,FALSE,FALSE,0.5,0.6,0.2,FALSE
2923,"synthetic","LSVCMM",200,21,5,"binary",1,1,1,1,0.8,-1.5,0.7,"uniform",66,FALSE,FALSE,0.5,0.7,0.2,FALSE
2924,"synthetic","LSVCMM",200,21,5,"binary",1,1,1,1,0.8,-1.5,0.7,"uniform",66,FALSE,FALSE,0.5,0.8,0.2,FALSE
2925,"synthetic","LSVCMM",200,21,5,"binary",1,1,1,1,0.8,-1.5,0.7,"uniform",66,FALSE,FALSE,0.5,0.9,0.2,FALSE
2926,"synthetic","LSVCMM",200,21,5,"binary",1,1,1,1,0.8,-1.5,0.7,"uniform",66,FALSE,FALSE,0.5,1,0.2,FALSE
2927,"synthetic","LSVCMM",200,21,5,"binary",1,1,1,1,0.8,-1.5,0.7,"uniform",67,FALSE,FALSE,0.5,0,0.2,FALSE
2928,"synthetic","LSVCMM",200,21,5,"binary",1,1,1,1,0.8,-1.5,0.7,"uniform",67,FALSE,FALSE,0.5,0.1,0.2,FALSE
2929,"synthetic","LSVCMM",200,21,5,"binary",1,1,1,1,0.8,-1.5,0.7,"uniform",67,FALSE,FALSE,0.5,0.2,0.2,FALSE
2930,"synthetic","LSVCMM",200,21,5,"binary",1,1,1,1,0.8,-1.5,0.7,"uniform",67,FALSE,FALSE,0.5,0.3,0.2,FALSE
2931,"synthetic","LSVCMM",200,21,5,"binary",1,1,1,1,0.8,-1.5,0.7,"uniform",67,FALSE,FALSE,0.5,0.4,0.2,FALSE
2932,"synthetic","LSVCMM",200,21,5,"binary",1,1,1,1,0.8,-1.5,0.7,"uniform",67,FALSE,FALSE,0.5,0.5,0.2,FALSE
2933,"synthetic","LSVCMM",200,21,5,"binary",1,1,1,1,0.8,-1.5,0.7,"uniform",67,FALSE,FALSE,0.5,0.6,0.2,FALSE
2934,"synthetic","LSVCMM",200,21,5,"binary",1,1,1,1,0.8,-1.5,0.7,"uniform",67,FALSE,FALSE,0.5,0.7,0.2,FALSE
2935,"synthetic","LSVCMM",200,21,5,"binary",1,1,1,1,0.8,-1.5,0.7,"uniform",67,FALSE,FALSE,0.5,0.8,0.2,FALSE
2936,"synthetic","LSVCMM",200,21,5,"binary",1,1,1,1,0.8,-1.5,0.7,"uniform",67,FALSE,FALSE,0.5,0.9,0.2,FALSE
2937,"synthetic","LSVCMM",200,21,5,"binary",1,1,1,1,0.8,-1.5,0.7,"uniform",67,FALSE,FALSE,0.5,1,0.2,FALSE
2938,"synthetic","LSVCMM",200,21,5,"binary",1,1,1,1,0.8,-1.5,0.7,"uniform",68,FALSE,FALSE,0.5,0,0.2,FALSE
2939,"synthetic","LSVCMM",200,21,5,"binary",1,1,1,1,0.8,-1.5,0.7,"uniform",68,FALSE,FALSE,0.5,0.1,0.2,FALSE
2940,"synthetic","LSVCMM",200,21,5,"binary",1,1,1,1,0.8,-1.5,0.7,"uniform",68,FALSE,FALSE,0.5,0.2,0.2,FALSE
2941,"synthetic","LSVCMM",200,21,5,"binary",1,1,1,1,0.8,-1.5,0.7,"uniform",68,FALSE,FALSE,0.5,0.3,0.2,FALSE
2942,"synthetic","LSVCMM",200,21,5,"binary",1,1,1,1,0.8,-1.5,0.7,"uniform",68,FALSE,FALSE,0.5,0.4,0.2,FALSE
2943,"synthetic","LSVCMM",200,21,5,"binary",1,1,1,1,0.8,-1.5,0.7,"uniform",68,FALSE,FALSE,0.5,0.5,0.2,FALSE
2944,"synthetic","LSVCMM",200,21,5,"binary",1,1,1,1,0.8,-1.5,0.7,"uniform",68,FALSE,FALSE,0.5,0.6,0.2,FALSE
2945,"synthetic","LSVCMM",200,21,5,"binary",1,1,1,1,0.8,-1.5,0.7,"uniform",68,FALSE,FALSE,0.5,0.7,0.2,FALSE
2946,"synthetic","LSVCMM",200,21,5,"binary",1,1,1,1,0.8,-1.5,0.7,"uniform",68,FALSE,FALSE,0.5,0.8,0.2,FALSE
2947,"synthetic","LSVCMM",200,21,5,"binary",1,1,1,1,0.8,-1.5,0.7,"uniform",68,FALSE,FALSE,0.5,0.9,0.2,FALSE
2948,"synthetic","LSVCMM",200,21,5,"binary",1,1,1,1,0.8,-1.5,0.7,"uniform",68,FALSE,FALSE,0.5,1,0.2,FALSE
2949,"synthetic","LSVCMM",200,21,5,"binary",1,1,1,1,0.8,-1.5,0.7,"uniform",69,FALSE,FALSE,0.5,0,0.2,FALSE
2950,"synthetic","LSVCMM",200,21,5,"binary",1,1,1,1,0.8,-1.5,0.7,"uniform",69,FALSE,FALSE,0.5,0.1,0.2,FALSE
2951,"synthetic","LSVCMM",200,21,5,"binary",1,1,1,1,0.8,-1.5,0.7,"uniform",69,FALSE,FALSE,0.5,0.2,0.2,FALSE
2952,"synthetic","LSVCMM",200,21,5,"binary",1,1,1,1,0.8,-1.5,0.7,"uniform",69,FALSE,FALSE,0.5,0.3,0.2,FALSE
2953,"synthetic","LSVCMM",200,21,5,"binary",1,1,1,1,0.8,-1.5,0.7,"uniform",69,FALSE,FALSE,0.5,0.4,0.2,FALSE
2954,"synthetic","LSVCMM",200,21,5,"binary",1,1,1,1,0.8,-1.5,0.7,"uniform",69,FALSE,FALSE,0.5,0.5,0.2,FALSE
2955,"synthetic","LSVCMM",200,21,5,"binary",1,1,1,1,0.8,-1.5,0.7,"uniform",69,FALSE,FALSE,0.5,0.6,0.2,FALSE
2956,"synthetic","LSVCMM",200,21,5,"binary",1,1,1,1,0.8,-1.5,0.7,"uniform",69,FALSE,FALSE,0.5,0.7,0.2,FALSE
2957,"synthetic","LSVCMM",200,21,5,"binary",1,1,1,1,0.8,-1.5,0.7,"uniform",69,FALSE,FALSE,0.5,0.8,0.2,FALSE
2958,"synthetic","LSVCMM",200,21,5,"binary",1,1,1,1,0.8,-1.5,0.7,"uniform",69,FALSE,FALSE,0.5,0.9,0.2,FALSE
2959,"synthetic","LSVCMM",200,21,5,"binary",1,1,1,1,0.8,-1.5,0.7,"uniform",69,FALSE,FALSE,0.5,1,0.2,FALSE
2960,"synthetic","LSVCMM",200,21,5,"binary",1,1,1,1,0.8,-1.5,0.7,"uniform",70,FALSE,FALSE,0.5,0,0.2,FALSE
2961,"synthetic","LSVCMM",200,21,5,"binary",1,1,1,1,0.8,-1.5,0.7,"uniform",70,FALSE,FALSE,0.5,0.1,0.2,FALSE
2962,"synthetic","LSVCMM",200,21,5,"binary",1,1,1,1,0.8,-1.5,0.7,"uniform",70,FALSE,FALSE,0.5,0.2,0.2,FALSE
2963,"synthetic","LSVCMM",200,21,5,"binary",1,1,1,1,0.8,-1.5,0.7,"uniform",70,FALSE,FALSE,0.5,0.3,0.2,FALSE
2964,"synthetic","LSVCMM",200,21,5,"binary",1,1,1,1,0.8,-1.5,0.7,"uniform",70,FALSE,FALSE,0.5,0.4,0.2,FALSE
2965,"synthetic","LSVCMM",200,21,5,"binary",1,1,1,1,0.8,-1.5,0.7,"uniform",70,FALSE,FALSE,0.5,0.5,0.2,FALSE
2966,"synthetic","LSVCMM",200,21,5,"binary",1,1,1,1,0.8,-1.5,0.7,"uniform",70,FALSE,FALSE,0.5,0.6,0.2,FALSE
2967,"synthetic","LSVCMM",200,21,5,"binary",1,1,1,1,0.8,-1.5,0.7,"uniform",70,FALSE,FALSE,0.5,0.7,0.2,FALSE
2968,"synthetic","LSVCMM",200,21,5,"binary",1,1,1,1,0.8,-1.5,0.7,"uniform",70,FALSE,FALSE,0.5,0.8,0.2,FALSE
2969,"synthetic","LSVCMM",200,21,5,"binary",1,1,1,1,0.8,-1.5,0.7,"uniform",70,FALSE,FALSE,0.5,0.9,0.2,FALSE
2970,"synthetic","LSVCMM",200,21,5,"binary",1,1,1,1,0.8,-1.5,0.7,"uniform",70,FALSE,FALSE,0.5,1,0.2,FALSE
2971,"synthetic","LSVCMM",200,21,5,"binary",1,1,1,1,0.8,-1.5,0.7,"uniform",71,FALSE,FALSE,0.5,0,0.2,FALSE
2972,"synthetic","LSVCMM",200,21,5,"binary",1,1,1,1,0.8,-1.5,0.7,"uniform",71,FALSE,FALSE,0.5,0.1,0.2,FALSE
2973,"synthetic","LSVCMM",200,21,5,"binary",1,1,1,1,0.8,-1.5,0.7,"uniform",71,FALSE,FALSE,0.5,0.2,0.2,FALSE
2974,"synthetic","LSVCMM",200,21,5,"binary",1,1,1,1,0.8,-1.5,0.7,"uniform",71,FALSE,FALSE,0.5,0.3,0.2,FALSE
2975,"synthetic","LSVCMM",200,21,5,"binary",1,1,1,1,0.8,-1.5,0.7,"uniform",71,FALSE,FALSE,0.5,0.4,0.2,FALSE
2976,"synthetic","LSVCMM",200,21,5,"binary",1,1,1,1,0.8,-1.5,0.7,"uniform",71,FALSE,FALSE,0.5,0.5,0.2,FALSE
2977,"synthetic","LSVCMM",200,21,5,"binary",1,1,1,1,0.8,-1.5,0.7,"uniform",71,FALSE,FALSE,0.5,0.6,0.2,FALSE
2978,"synthetic","LSVCMM",200,21,5,"binary",1,1,1,1,0.8,-1.5,0.7,"uniform",71,FALSE,FALSE,0.5,0.7,0.2,FALSE
2979,"synthetic","LSVCMM",200,21,5,"binary",1,1,1,1,0.8,-1.5,0.7,"uniform",71,FALSE,FALSE,0.5,0.8,0.2,FALSE
2980,"synthetic","LSVCMM",200,21,5,"binary",1,1,1,1,0.8,-1.5,0.7,"uniform",71,FALSE,FALSE,0.5,0.9,0.2,FALSE
2981,"synthetic","LSVCMM",200,21,5,"binary",1,1,1,1,0.8,-1.5,0.7,"uniform",71,FALSE,FALSE,0.5,1,0.2,FALSE
2982,"synthetic","LSVCMM",200,21,5,"binary",1,1,1,1,0.8,-1.5,0.7,"uniform",72,FALSE,FALSE,0.5,0,0.2,FALSE
2983,"synthetic","LSVCMM",200,21,5,"binary",1,1,1,1,0.8,-1.5,0.7,"uniform",72,FALSE,FALSE,0.5,0.1,0.2,FALSE
2984,"synthetic","LSVCMM",200,21,5,"binary",1,1,1,1,0.8,-1.5,0.7,"uniform",72,FALSE,FALSE,0.5,0.2,0.2,FALSE
2985,"synthetic","LSVCMM",200,21,5,"binary",1,1,1,1,0.8,-1.5,0.7,"uniform",72,FALSE,FALSE,0.5,0.3,0.2,FALSE
2986,"synthetic","LSVCMM",200,21,5,"binary",1,1,1,1,0.8,-1.5,0.7,"uniform",72,FALSE,FALSE,0.5,0.4,0.2,FALSE
2987,"synthetic","LSVCMM",200,21,5,"binary",1,1,1,1,0.8,-1.5,0.7,"uniform",72,FALSE,FALSE,0.5,0.5,0.2,FALSE
2988,"synthetic","LSVCMM",200,21,5,"binary",1,1,1,1,0.8,-1.5,0.7,"uniform",72,FALSE,FALSE,0.5,0.6,0.2,FALSE
2989,"synthetic","LSVCMM",200,21,5,"binary",1,1,1,1,0.8,-1.5,0.7,"uniform",72,FALSE,FALSE,0.5,0.7,0.2,FALSE
2990,"synthetic","LSVCMM",200,21,5,"binary",1,1,1,1,0.8,-1.5,0.7,"uniform",72,FALSE,FALSE,0.5,0.8,0.2,FALSE
2991,"synthetic","LSVCMM",200,21,5,"binary",1,1,1,1,0.8,-1.5,0.7,"uniform",72,FALSE,FALSE,0.5,0.9,0.2,FALSE
2992,"synthetic","LSVCMM",200,21,5,"binary",1,1,1,1,0.8,-1.5,0.7,"uniform",72,FALSE,FALSE,0.5,1,0.2,FALSE
2993,"synthetic","LSVCMM",200,21,5,"binary",1,1,1,1,0.8,-1.5,0.7,"uniform",73,FALSE,FALSE,0.5,0,0.2,FALSE
2994,"synthetic","LSVCMM",200,21,5,"binary",1,1,1,1,0.8,-1.5,0.7,"uniform",73,FALSE,FALSE,0.5,0.1,0.2,FALSE
2995,"synthetic","LSVCMM",200,21,5,"binary",1,1,1,1,0.8,-1.5,0.7,"uniform",73,FALSE,FALSE,0.5,0.2,0.2,FALSE
2996,"synthetic","LSVCMM",200,21,5,"binary",1,1,1,1,0.8,-1.5,0.7,"uniform",73,FALSE,FALSE,0.5,0.3,0.2,FALSE
2997,"synthetic","LSVCMM",200,21,5,"binary",1,1,1,1,0.8,-1.5,0.7,"uniform",73,FALSE,FALSE,0.5,0.4,0.2,FALSE
2998,"synthetic","LSVCMM",200,21,5,"binary",1,1,1,1,0.8,-1.5,0.7,"uniform",73,FALSE,FALSE,0.5,0.5,0.2,FALSE
2999,"synthetic","LSVCMM",200,21,5,"binary",1,1,1,1,0.8,-1.5,0.7,"uniform",73,FALSE,FALSE,0.5,0.6,0.2,FALSE
3000,"synthetic","LSVCMM",200,21,5,"binary",1,1,1,1,0.8,-1.5,0.7,"uniform",73,FALSE,FALSE,0.5,0.7,0.2,FALSE
3001,"synthetic","LSVCMM",200,21,5,"binary",1,1,1,1,0.8,-1.5,0.7,"uniform",73,FALSE,FALSE,0.5,0.8,0.2,FALSE
3002,"synthetic","LSVCMM",200,21,5,"binary",1,1,1,1,0.8,-1.5,0.7,"uniform",73,FALSE,FALSE,0.5,0.9,0.2,FALSE
3003,"synthetic","LSVCMM",200,21,5,"binary",1,1,1,1,0.8,-1.5,0.7,"uniform",73,FALSE,FALSE,0.5,1,0.2,FALSE
3004,"synthetic","LSVCMM",200,21,5,"binary",1,1,1,1,0.8,-1.5,0.7,"uniform",74,FALSE,FALSE,0.5,0,0.2,FALSE
3005,"synthetic","LSVCMM",200,21,5,"binary",1,1,1,1,0.8,-1.5,0.7,"uniform",74,FALSE,FALSE,0.5,0.1,0.2,FALSE
3006,"synthetic","LSVCMM",200,21,5,"binary",1,1,1,1,0.8,-1.5,0.7,"uniform",74,FALSE,FALSE,0.5,0.2,0.2,FALSE
3007,"synthetic","LSVCMM",200,21,5,"binary",1,1,1,1,0.8,-1.5,0.7,"uniform",74,FALSE,FALSE,0.5,0.3,0.2,FALSE
3008,"synthetic","LSVCMM",200,21,5,"binary",1,1,1,1,0.8,-1.5,0.7,"uniform",74,FALSE,FALSE,0.5,0.4,0.2,FALSE
3009,"synthetic","LSVCMM",200,21,5,"binary",1,1,1,1,0.8,-1.5,0.7,"uniform",74,FALSE,FALSE,0.5,0.5,0.2,FALSE
3010,"synthetic","LSVCMM",200,21,5,"binary",1,1,1,1,0.8,-1.5,0.7,"uniform",74,FALSE,FALSE,0.5,0.6,0.2,FALSE
3011,"synthetic","LSVCMM",200,21,5,"binary",1,1,1,1,0.8,-1.5,0.7,"uniform",74,FALSE,FALSE,0.5,0.7,0.2,FALSE
3012,"synthetic","LSVCMM",200,21,5,"binary",1,1,1,1,0.8,-1.5,0.7,"uniform",74,FALSE,FALSE,0.5,0.8,0.2,FALSE
3013,"synthetic","LSVCMM",200,21,5,"binary",1,1,1,1,0.8,-1.5,0.7,"uniform",74,FALSE,FALSE,0.5,0.9,0.2,FALSE
3014,"synthetic","LSVCMM",200,21,5,"binary",1,1,1,1,0.8,-1.5,0.7,"uniform",74,FALSE,FALSE,0.5,1,0.2,FALSE
3015,"synthetic","LSVCMM",200,21,5,"binary",1,1,1,1,0.8,-1.5,0.7,"uniform",75,FALSE,FALSE,0.5,0,0.2,FALSE
3016,"synthetic","LSVCMM",200,21,5,"binary",1,1,1,1,0.8,-1.5,0.7,"uniform",75,FALSE,FALSE,0.5,0.1,0.2,FALSE
3017,"synthetic","LSVCMM",200,21,5,"binary",1,1,1,1,0.8,-1.5,0.7,"uniform",75,FALSE,FALSE,0.5,0.2,0.2,FALSE
3018,"synthetic","LSVCMM",200,21,5,"binary",1,1,1,1,0.8,-1.5,0.7,"uniform",75,FALSE,FALSE,0.5,0.3,0.2,FALSE
3019,"synthetic","LSVCMM",200,21,5,"binary",1,1,1,1,0.8,-1.5,0.7,"uniform",75,FALSE,FALSE,0.5,0.4,0.2,FALSE
3020,"synthetic","LSVCMM",200,21,5,"binary",1,1,1,1,0.8,-1.5,0.7,"uniform",75,FALSE,FALSE,0.5,0.5,0.2,FALSE
3021,"synthetic","LSVCMM",200,21,5,"binary",1,1,1,1,0.8,-1.5,0.7,"uniform",75,FALSE,FALSE,0.5,0.6,0.2,FALSE
3022,"synthetic","LSVCMM",200,21,5,"binary",1,1,1,1,0.8,-1.5,0.7,"uniform",75,FALSE,FALSE,0.5,0.7,0.2,FALSE
3023,"synthetic","LSVCMM",200,21,5,"binary",1,1,1,1,0.8,-1.5,0.7,"uniform",75,FALSE,FALSE,0.5,0.8,0.2,FALSE
3024,"synthetic","LSVCMM",200,21,5,"binary",1,1,1,1,0.8,-1.5,0.7,"uniform",75,FALSE,FALSE,0.5,0.9,0.2,FALSE
3025,"synthetic","LSVCMM",200,21,5,"binary",1,1,1,1,0.8,-1.5,0.7,"uniform",75,FALSE,FALSE,0.5,1,0.2,FALSE
3026,"synthetic","LSVCMM",200,21,5,"binary",1,1,1,1,0.8,-1.5,0.7,"uniform",76,FALSE,FALSE,0.5,0,0.2,FALSE
3027,"synthetic","LSVCMM",200,21,5,"binary",1,1,1,1,0.8,-1.5,0.7,"uniform",76,FALSE,FALSE,0.5,0.1,0.2,FALSE
3028,"synthetic","LSVCMM",200,21,5,"binary",1,1,1,1,0.8,-1.5,0.7,"uniform",76,FALSE,FALSE,0.5,0.2,0.2,FALSE
3029,"synthetic","LSVCMM",200,21,5,"binary",1,1,1,1,0.8,-1.5,0.7,"uniform",76,FALSE,FALSE,0.5,0.3,0.2,FALSE
3030,"synthetic","LSVCMM",200,21,5,"binary",1,1,1,1,0.8,-1.5,0.7,"uniform",76,FALSE,FALSE,0.5,0.4,0.2,FALSE
3031,"synthetic","LSVCMM",200,21,5,"binary",1,1,1,1,0.8,-1.5,0.7,"uniform",76,FALSE,FALSE,0.5,0.5,0.2,FALSE
3032,"synthetic","LSVCMM",200,21,5,"binary",1,1,1,1,0.8,-1.5,0.7,"uniform",76,FALSE,FALSE,0.5,0.6,0.2,FALSE
3033,"synthetic","LSVCMM",200,21,5,"binary",1,1,1,1,0.8,-1.5,0.7,"uniform",76,FALSE,FALSE,0.5,0.7,0.2,FALSE
3034,"synthetic","LSVCMM",200,21,5,"binary",1,1,1,1,0.8,-1.5,0.7,"uniform",76,FALSE,FALSE,0.5,0.8,0.2,FALSE
3035,"synthetic","LSVCMM",200,21,5,"binary",1,1,1,1,0.8,-1.5,0.7,"uniform",76,FALSE,FALSE,0.5,0.9,0.2,FALSE
3036,"synthetic","LSVCMM",200,21,5,"binary",1,1,1,1,0.8,-1.5,0.7,"uniform",76,FALSE,FALSE,0.5,1,0.2,FALSE
3037,"synthetic","LSVCMM",200,21,5,"binary",1,1,1,1,0.8,-1.5,0.7,"uniform",77,FALSE,FALSE,0.5,0,0.2,FALSE
3038,"synthetic","LSVCMM",200,21,5,"binary",1,1,1,1,0.8,-1.5,0.7,"uniform",77,FALSE,FALSE,0.5,0.1,0.2,FALSE
3039,"synthetic","LSVCMM",200,21,5,"binary",1,1,1,1,0.8,-1.5,0.7,"uniform",77,FALSE,FALSE,0.5,0.2,0.2,FALSE
3040,"synthetic","LSVCMM",200,21,5,"binary",1,1,1,1,0.8,-1.5,0.7,"uniform",77,FALSE,FALSE,0.5,0.3,0.2,FALSE
3041,"synthetic","LSVCMM",200,21,5,"binary",1,1,1,1,0.8,-1.5,0.7,"uniform",77,FALSE,FALSE,0.5,0.4,0.2,FALSE
3042,"synthetic","LSVCMM",200,21,5,"binary",1,1,1,1,0.8,-1.5,0.7,"uniform",77,FALSE,FALSE,0.5,0.5,0.2,FALSE
3043,"synthetic","LSVCMM",200,21,5,"binary",1,1,1,1,0.8,-1.5,0.7,"uniform",77,FALSE,FALSE,0.5,0.6,0.2,FALSE
3044,"synthetic","LSVCMM",200,21,5,"binary",1,1,1,1,0.8,-1.5,0.7,"uniform",77,FALSE,FALSE,0.5,0.7,0.2,FALSE
3045,"synthetic","LSVCMM",200,21,5,"binary",1,1,1,1,0.8,-1.5,0.7,"uniform",77,FALSE,FALSE,0.5,0.8,0.2,FALSE
3046,"synthetic","LSVCMM",200,21,5,"binary",1,1,1,1,0.8,-1.5,0.7,"uniform",77,FALSE,FALSE,0.5,0.9,0.2,FALSE
3047,"synthetic","LSVCMM",200,21,5,"binary",1,1,1,1,0.8,-1.5,0.7,"uniform",77,FALSE,FALSE,0.5,1,0.2,FALSE
3048,"synthetic","LSVCMM",200,21,5,"binary",1,1,1,1,0.8,-1.5,0.7,"uniform",78,FALSE,FALSE,0.5,0,0.2,FALSE
3049,"synthetic","LSVCMM",200,21,5,"binary",1,1,1,1,0.8,-1.5,0.7,"uniform",78,FALSE,FALSE,0.5,0.1,0.2,FALSE
3050,"synthetic","LSVCMM",200,21,5,"binary",1,1,1,1,0.8,-1.5,0.7,"uniform",78,FALSE,FALSE,0.5,0.2,0.2,FALSE
3051,"synthetic","LSVCMM",200,21,5,"binary",1,1,1,1,0.8,-1.5,0.7,"uniform",78,FALSE,FALSE,0.5,0.3,0.2,FALSE
3052,"synthetic","LSVCMM",200,21,5,"binary",1,1,1,1,0.8,-1.5,0.7,"uniform",78,FALSE,FALSE,0.5,0.4,0.2,FALSE
3053,"synthetic","LSVCMM",200,21,5,"binary",1,1,1,1,0.8,-1.5,0.7,"uniform",78,FALSE,FALSE,0.5,0.5,0.2,FALSE
3054,"synthetic","LSVCMM",200,21,5,"binary",1,1,1,1,0.8,-1.5,0.7,"uniform",78,FALSE,FALSE,0.5,0.6,0.2,FALSE
3055,"synthetic","LSVCMM",200,21,5,"binary",1,1,1,1,0.8,-1.5,0.7,"uniform",78,FALSE,FALSE,0.5,0.7,0.2,FALSE
3056,"synthetic","LSVCMM",200,21,5,"binary",1,1,1,1,0.8,-1.5,0.7,"uniform",78,FALSE,FALSE,0.5,0.8,0.2,FALSE
3057,"synthetic","LSVCMM",200,21,5,"binary",1,1,1,1,0.8,-1.5,0.7,"uniform",78,FALSE,FALSE,0.5,0.9,0.2,FALSE
3058,"synthetic","LSVCMM",200,21,5,"binary",1,1,1,1,0.8,-1.5,0.7,"uniform",78,FALSE,FALSE,0.5,1,0.2,FALSE
3059,"synthetic","LSVCMM",200,21,5,"binary",1,1,1,1,0.8,-1.5,0.7,"uniform",79,FALSE,FALSE,0.5,0,0.2,FALSE
3060,"synthetic","LSVCMM",200,21,5,"binary",1,1,1,1,0.8,-1.5,0.7,"uniform",79,FALSE,FALSE,0.5,0.1,0.2,FALSE
3061,"synthetic","LSVCMM",200,21,5,"binary",1,1,1,1,0.8,-1.5,0.7,"uniform",79,FALSE,FALSE,0.5,0.2,0.2,FALSE
3062,"synthetic","LSVCMM",200,21,5,"binary",1,1,1,1,0.8,-1.5,0.7,"uniform",79,FALSE,FALSE,0.5,0.3,0.2,FALSE
3063,"synthetic","LSVCMM",200,21,5,"binary",1,1,1,1,0.8,-1.5,0.7,"uniform",79,FALSE,FALSE,0.5,0.4,0.2,FALSE
3064,"synthetic","LSVCMM",200,21,5,"binary",1,1,1,1,0.8,-1.5,0.7,"uniform",79,FALSE,FALSE,0.5,0.5,0.2,FALSE
3065,"synthetic","LSVCMM",200,21,5,"binary",1,1,1,1,0.8,-1.5,0.7,"uniform",79,FALSE,FALSE,0.5,0.6,0.2,FALSE
3066,"synthetic","LSVCMM",200,21,5,"binary",1,1,1,1,0.8,-1.5,0.7,"uniform",79,FALSE,FALSE,0.5,0.7,0.2,FALSE
3067,"synthetic","LSVCMM",200,21,5,"binary",1,1,1,1,0.8,-1.5,0.7,"uniform",79,FALSE,FALSE,0.5,0.8,0.2,FALSE
3068,"synthetic","LSVCMM",200,21,5,"binary",1,1,1,1,0.8,-1.5,0.7,"uniform",79,FALSE,FALSE,0.5,0.9,0.2,FALSE
3069,"synthetic","LSVCMM",200,21,5,"binary",1,1,1,1,0.8,-1.5,0.7,"uniform",79,FALSE,FALSE,0.5,1,0.2,FALSE
3070,"synthetic","LSVCMM",200,21,5,"binary",1,1,1,1,0.8,-1.5,0.7,"uniform",80,FALSE,FALSE,0.5,0,0.2,FALSE
3071,"synthetic","LSVCMM",200,21,5,"binary",1,1,1,1,0.8,-1.5,0.7,"uniform",80,FALSE,FALSE,0.5,0.1,0.2,FALSE
3072,"synthetic","LSVCMM",200,21,5,"binary",1,1,1,1,0.8,-1.5,0.7,"uniform",80,FALSE,FALSE,0.5,0.2,0.2,FALSE
3073,"synthetic","LSVCMM",200,21,5,"binary",1,1,1,1,0.8,-1.5,0.7,"uniform",80,FALSE,FALSE,0.5,0.3,0.2,FALSE
3074,"synthetic","LSVCMM",200,21,5,"binary",1,1,1,1,0.8,-1.5,0.7,"uniform",80,FALSE,FALSE,0.5,0.4,0.2,FALSE
3075,"synthetic","LSVCMM",200,21,5,"binary",1,1,1,1,0.8,-1.5,0.7,"uniform",80,FALSE,FALSE,0.5,0.5,0.2,FALSE
3076,"synthetic","LSVCMM",200,21,5,"binary",1,1,1,1,0.8,-1.5,0.7,"uniform",80,FALSE,FALSE,0.5,0.6,0.2,FALSE
3077,"synthetic","LSVCMM",200,21,5,"binary",1,1,1,1,0.8,-1.5,0.7,"uniform",80,FALSE,FALSE,0.5,0.7,0.2,FALSE
3078,"synthetic","LSVCMM",200,21,5,"binary",1,1,1,1,0.8,-1.5,0.7,"uniform",80,FALSE,FALSE,0.5,0.8,0.2,FALSE
3079,"synthetic","LSVCMM",200,21,5,"binary",1,1,1,1,0.8,-1.5,0.7,"uniform",80,FALSE,FALSE,0.5,0.9,0.2,FALSE
3080,"synthetic","LSVCMM",200,21,5,"binary",1,1,1,1,0.8,-1.5,0.7,"uniform",80,FALSE,FALSE,0.5,1,0.2,FALSE
3081,"synthetic","LSVCMM",200,21,5,"binary",1,1,1,1,0.8,-1.5,0.7,"uniform",81,FALSE,FALSE,0.5,0,0.2,FALSE
3082,"synthetic","LSVCMM",200,21,5,"binary",1,1,1,1,0.8,-1.5,0.7,"uniform",81,FALSE,FALSE,0.5,0.1,0.2,FALSE
3083,"synthetic","LSVCMM",200,21,5,"binary",1,1,1,1,0.8,-1.5,0.7,"uniform",81,FALSE,FALSE,0.5,0.2,0.2,FALSE
3084,"synthetic","LSVCMM",200,21,5,"binary",1,1,1,1,0.8,-1.5,0.7,"uniform",81,FALSE,FALSE,0.5,0.3,0.2,FALSE
3085,"synthetic","LSVCMM",200,21,5,"binary",1,1,1,1,0.8,-1.5,0.7,"uniform",81,FALSE,FALSE,0.5,0.4,0.2,FALSE
3086,"synthetic","LSVCMM",200,21,5,"binary",1,1,1,1,0.8,-1.5,0.7,"uniform",81,FALSE,FALSE,0.5,0.5,0.2,FALSE
3087,"synthetic","LSVCMM",200,21,5,"binary",1,1,1,1,0.8,-1.5,0.7,"uniform",81,FALSE,FALSE,0.5,0.6,0.2,FALSE
3088,"synthetic","LSVCMM",200,21,5,"binary",1,1,1,1,0.8,-1.5,0.7,"uniform",81,FALSE,FALSE,0.5,0.7,0.2,FALSE
3089,"synthetic","LSVCMM",200,21,5,"binary",1,1,1,1,0.8,-1.5,0.7,"uniform",81,FALSE,FALSE,0.5,0.8,0.2,FALSE
3090,"synthetic","LSVCMM",200,21,5,"binary",1,1,1,1,0.8,-1.5,0.7,"uniform",81,FALSE,FALSE,0.5,0.9,0.2,FALSE
3091,"synthetic","LSVCMM",200,21,5,"binary",1,1,1,1,0.8,-1.5,0.7,"uniform",81,FALSE,FALSE,0.5,1,0.2,FALSE
3092,"synthetic","LSVCMM",200,21,5,"binary",1,1,1,1,0.8,-1.5,0.7,"uniform",82,FALSE,FALSE,0.5,0,0.2,FALSE
3093,"synthetic","LSVCMM",200,21,5,"binary",1,1,1,1,0.8,-1.5,0.7,"uniform",82,FALSE,FALSE,0.5,0.1,0.2,FALSE
3094,"synthetic","LSVCMM",200,21,5,"binary",1,1,1,1,0.8,-1.5,0.7,"uniform",82,FALSE,FALSE,0.5,0.2,0.2,FALSE
3095,"synthetic","LSVCMM",200,21,5,"binary",1,1,1,1,0.8,-1.5,0.7,"uniform",82,FALSE,FALSE,0.5,0.3,0.2,FALSE
3096,"synthetic","LSVCMM",200,21,5,"binary",1,1,1,1,0.8,-1.5,0.7,"uniform",82,FALSE,FALSE,0.5,0.4,0.2,FALSE
3097,"synthetic","LSVCMM",200,21,5,"binary",1,1,1,1,0.8,-1.5,0.7,"uniform",82,FALSE,FALSE,0.5,0.5,0.2,FALSE
3098,"synthetic","LSVCMM",200,21,5,"binary",1,1,1,1,0.8,-1.5,0.7,"uniform",82,FALSE,FALSE,0.5,0.6,0.2,FALSE
3099,"synthetic","LSVCMM",200,21,5,"binary",1,1,1,1,0.8,-1.5,0.7,"uniform",82,FALSE,FALSE,0.5,0.7,0.2,FALSE
3100,"synthetic","LSVCMM",200,21,5,"binary",1,1,1,1,0.8,-1.5,0.7,"uniform",82,FALSE,FALSE,0.5,0.8,0.2,FALSE
3101,"synthetic","LSVCMM",200,21,5,"binary",1,1,1,1,0.8,-1.5,0.7,"uniform",82,FALSE,FALSE,0.5,0.9,0.2,FALSE
3102,"synthetic","LSVCMM",200,21,5,"binary",1,1,1,1,0.8,-1.5,0.7,"uniform",82,FALSE,FALSE,0.5,1,0.2,FALSE
3103,"synthetic","LSVCMM",200,21,5,"binary",1,1,1,1,0.8,-1.5,0.7,"uniform",83,FALSE,FALSE,0.5,0,0.2,FALSE
3104,"synthetic","LSVCMM",200,21,5,"binary",1,1,1,1,0.8,-1.5,0.7,"uniform",83,FALSE,FALSE,0.5,0.1,0.2,FALSE
3105,"synthetic","LSVCMM",200,21,5,"binary",1,1,1,1,0.8,-1.5,0.7,"uniform",83,FALSE,FALSE,0.5,0.2,0.2,FALSE
3106,"synthetic","LSVCMM",200,21,5,"binary",1,1,1,1,0.8,-1.5,0.7,"uniform",83,FALSE,FALSE,0.5,0.3,0.2,FALSE
3107,"synthetic","LSVCMM",200,21,5,"binary",1,1,1,1,0.8,-1.5,0.7,"uniform",83,FALSE,FALSE,0.5,0.4,0.2,FALSE
3108,"synthetic","LSVCMM",200,21,5,"binary",1,1,1,1,0.8,-1.5,0.7,"uniform",83,FALSE,FALSE,0.5,0.5,0.2,FALSE
3109,"synthetic","LSVCMM",200,21,5,"binary",1,1,1,1,0.8,-1.5,0.7,"uniform",83,FALSE,FALSE,0.5,0.6,0.2,FALSE
3110,"synthetic","LSVCMM",200,21,5,"binary",1,1,1,1,0.8,-1.5,0.7,"uniform",83,FALSE,FALSE,0.5,0.7,0.2,FALSE
3111,"synthetic","LSVCMM",200,21,5,"binary",1,1,1,1,0.8,-1.5,0.7,"uniform",83,FALSE,FALSE,0.5,0.8,0.2,FALSE
3112,"synthetic","LSVCMM",200,21,5,"binary",1,1,1,1,0.8,-1.5,0.7,"uniform",83,FALSE,FALSE,0.5,0.9,0.2,FALSE
3113,"synthetic","LSVCMM",200,21,5,"binary",1,1,1,1,0.8,-1.5,0.7,"uniform",83,FALSE,FALSE,0.5,1,0.2,FALSE
3114,"synthetic","LSVCMM",200,21,5,"binary",1,1,1,1,0.8,-1.5,0.7,"uniform",84,FALSE,FALSE,0.5,0,0.2,FALSE
3115,"synthetic","LSVCMM",200,21,5,"binary",1,1,1,1,0.8,-1.5,0.7,"uniform",84,FALSE,FALSE,0.5,0.1,0.2,FALSE
3116,"synthetic","LSVCMM",200,21,5,"binary",1,1,1,1,0.8,-1.5,0.7,"uniform",84,FALSE,FALSE,0.5,0.2,0.2,FALSE
3117,"synthetic","LSVCMM",200,21,5,"binary",1,1,1,1,0.8,-1.5,0.7,"uniform",84,FALSE,FALSE,0.5,0.3,0.2,FALSE
3118,"synthetic","LSVCMM",200,21,5,"binary",1,1,1,1,0.8,-1.5,0.7,"uniform",84,FALSE,FALSE,0.5,0.4,0.2,FALSE
3119,"synthetic","LSVCMM",200,21,5,"binary",1,1,1,1,0.8,-1.5,0.7,"uniform",84,FALSE,FALSE,0.5,0.5,0.2,FALSE
3120,"synthetic","LSVCMM",200,21,5,"binary",1,1,1,1,0.8,-1.5,0.7,"uniform",84,FALSE,FALSE,0.5,0.6,0.2,FALSE
3121,"synthetic","LSVCMM",200,21,5,"binary",1,1,1,1,0.8,-1.5,0.7,"uniform",84,FALSE,FALSE,0.5,0.7,0.2,FALSE
3122,"synthetic","LSVCMM",200,21,5,"binary",1,1,1,1,0.8,-1.5,0.7,"uniform",84,FALSE,FALSE,0.5,0.8,0.2,FALSE
3123,"synthetic","LSVCMM",200,21,5,"binary",1,1,1,1,0.8,-1.5,0.7,"uniform",84,FALSE,FALSE,0.5,0.9,0.2,FALSE
3124,"synthetic","LSVCMM",200,21,5,"binary",1,1,1,1,0.8,-1.5,0.7,"uniform",84,FALSE,FALSE,0.5,1,0.2,FALSE
3125,"synthetic","LSVCMM",200,21,5,"binary",1,1,1,1,0.8,-1.5,0.7,"uniform",85,FALSE,FALSE,0.5,0,0.2,FALSE
3126,"synthetic","LSVCMM",200,21,5,"binary",1,1,1,1,0.8,-1.5,0.7,"uniform",85,FALSE,FALSE,0.5,0.1,0.2,FALSE
3127,"synthetic","LSVCMM",200,21,5,"binary",1,1,1,1,0.8,-1.5,0.7,"uniform",85,FALSE,FALSE,0.5,0.2,0.2,FALSE
3128,"synthetic","LSVCMM",200,21,5,"binary",1,1,1,1,0.8,-1.5,0.7,"uniform",85,FALSE,FALSE,0.5,0.3,0.2,FALSE
3129,"synthetic","LSVCMM",200,21,5,"binary",1,1,1,1,0.8,-1.5,0.7,"uniform",85,FALSE,FALSE,0.5,0.4,0.2,FALSE
3130,"synthetic","LSVCMM",200,21,5,"binary",1,1,1,1,0.8,-1.5,0.7,"uniform",85,FALSE,FALSE,0.5,0.5,0.2,FALSE
3131,"synthetic","LSVCMM",200,21,5,"binary",1,1,1,1,0.8,-1.5,0.7,"uniform",85,FALSE,FALSE,0.5,0.6,0.2,FALSE
3132,"synthetic","LSVCMM",200,21,5,"binary",1,1,1,1,0.8,-1.5,0.7,"uniform",85,FALSE,FALSE,0.5,0.7,0.2,FALSE
3133,"synthetic","LSVCMM",200,21,5,"binary",1,1,1,1,0.8,-1.5,0.7,"uniform",85,FALSE,FALSE,0.5,0.8,0.2,FALSE
3134,"synthetic","LSVCMM",200,21,5,"binary",1,1,1,1,0.8,-1.5,0.7,"uniform",85,FALSE,FALSE,0.5,0.9,0.2,FALSE
3135,"synthetic","LSVCMM",200,21,5,"binary",1,1,1,1,0.8,-1.5,0.7,"uniform",85,FALSE,FALSE,0.5,1,0.2,FALSE
3136,"synthetic","LSVCMM",200,21,5,"binary",1,1,1,1,0.8,-1.5,0.7,"uniform",86,FALSE,FALSE,0.5,0,0.2,FALSE
3137,"synthetic","LSVCMM",200,21,5,"binary",1,1,1,1,0.8,-1.5,0.7,"uniform",86,FALSE,FALSE,0.5,0.1,0.2,FALSE
3138,"synthetic","LSVCMM",200,21,5,"binary",1,1,1,1,0.8,-1.5,0.7,"uniform",86,FALSE,FALSE,0.5,0.2,0.2,FALSE
3139,"synthetic","LSVCMM",200,21,5,"binary",1,1,1,1,0.8,-1.5,0.7,"uniform",86,FALSE,FALSE,0.5,0.3,0.2,FALSE
3140,"synthetic","LSVCMM",200,21,5,"binary",1,1,1,1,0.8,-1.5,0.7,"uniform",86,FALSE,FALSE,0.5,0.4,0.2,FALSE
3141,"synthetic","LSVCMM",200,21,5,"binary",1,1,1,1,0.8,-1.5,0.7,"uniform",86,FALSE,FALSE,0.5,0.5,0.2,FALSE
3142,"synthetic","LSVCMM",200,21,5,"binary",1,1,1,1,0.8,-1.5,0.7,"uniform",86,FALSE,FALSE,0.5,0.6,0.2,FALSE
3143,"synthetic","LSVCMM",200,21,5,"binary",1,1,1,1,0.8,-1.5,0.7,"uniform",86,FALSE,FALSE,0.5,0.7,0.2,FALSE
3144,"synthetic","LSVCMM",200,21,5,"binary",1,1,1,1,0.8,-1.5,0.7,"uniform",86,FALSE,FALSE,0.5,0.8,0.2,FALSE
3145,"synthetic","LSVCMM",200,21,5,"binary",1,1,1,1,0.8,-1.5,0.7,"uniform",86,FALSE,FALSE,0.5,0.9,0.2,FALSE
3146,"synthetic","LSVCMM",200,21,5,"binary",1,1,1,1,0.8,-1.5,0.7,"uniform",86,FALSE,FALSE,0.5,1,0.2,FALSE
3147,"synthetic","LSVCMM",200,21,5,"binary",1,1,1,1,0.8,-1.5,0.7,"uniform",87,FALSE,FALSE,0.5,0,0.2,FALSE
3148,"synthetic","LSVCMM",200,21,5,"binary",1,1,1,1,0.8,-1.5,0.7,"uniform",87,FALSE,FALSE,0.5,0.1,0.2,FALSE
3149,"synthetic","LSVCMM",200,21,5,"binary",1,1,1,1,0.8,-1.5,0.7,"uniform",87,FALSE,FALSE,0.5,0.2,0.2,FALSE
3150,"synthetic","LSVCMM",200,21,5,"binary",1,1,1,1,0.8,-1.5,0.7,"uniform",87,FALSE,FALSE,0.5,0.3,0.2,FALSE
3151,"synthetic","LSVCMM",200,21,5,"binary",1,1,1,1,0.8,-1.5,0.7,"uniform",87,FALSE,FALSE,0.5,0.4,0.2,FALSE
3152,"synthetic","LSVCMM",200,21,5,"binary",1,1,1,1,0.8,-1.5,0.7,"uniform",87,FALSE,FALSE,0.5,0.5,0.2,FALSE
3153,"synthetic","LSVCMM",200,21,5,"binary",1,1,1,1,0.8,-1.5,0.7,"uniform",87,FALSE,FALSE,0.5,0.6,0.2,FALSE
3154,"synthetic","LSVCMM",200,21,5,"binary",1,1,1,1,0.8,-1.5,0.7,"uniform",87,FALSE,FALSE,0.5,0.7,0.2,FALSE
3155,"synthetic","LSVCMM",200,21,5,"binary",1,1,1,1,0.8,-1.5,0.7,"uniform",87,FALSE,FALSE,0.5,0.8,0.2,FALSE
3156,"synthetic","LSVCMM",200,21,5,"binary",1,1,1,1,0.8,-1.5,0.7,"uniform",87,FALSE,FALSE,0.5,0.9,0.2,FALSE
3157,"synthetic","LSVCMM",200,21,5,"binary",1,1,1,1,0.8,-1.5,0.7,"uniform",87,FALSE,FALSE,0.5,1,0.2,FALSE
3158,"synthetic","LSVCMM",200,21,5,"binary",1,1,1,1,0.8,-1.5,0.7,"uniform",88,FALSE,FALSE,0.5,0,0.2,FALSE
3159,"synthetic","LSVCMM",200,21,5,"binary",1,1,1,1,0.8,-1.5,0.7,"uniform",88,FALSE,FALSE,0.5,0.1,0.2,FALSE
3160,"synthetic","LSVCMM",200,21,5,"binary",1,1,1,1,0.8,-1.5,0.7,"uniform",88,FALSE,FALSE,0.5,0.2,0.2,FALSE
3161,"synthetic","LSVCMM",200,21,5,"binary",1,1,1,1,0.8,-1.5,0.7,"uniform",88,FALSE,FALSE,0.5,0.3,0.2,FALSE
3162,"synthetic","LSVCMM",200,21,5,"binary",1,1,1,1,0.8,-1.5,0.7,"uniform",88,FALSE,FALSE,0.5,0.4,0.2,FALSE
3163,"synthetic","LSVCMM",200,21,5,"binary",1,1,1,1,0.8,-1.5,0.7,"uniform",88,FALSE,FALSE,0.5,0.5,0.2,FALSE
3164,"synthetic","LSVCMM",200,21,5,"binary",1,1,1,1,0.8,-1.5,0.7,"uniform",88,FALSE,FALSE,0.5,0.6,0.2,FALSE
3165,"synthetic","LSVCMM",200,21,5,"binary",1,1,1,1,0.8,-1.5,0.7,"uniform",88,FALSE,FALSE,0.5,0.7,0.2,FALSE
3166,"synthetic","LSVCMM",200,21,5,"binary",1,1,1,1,0.8,-1.5,0.7,"uniform",88,FALSE,FALSE,0.5,0.8,0.2,FALSE
3167,"synthetic","LSVCMM",200,21,5,"binary",1,1,1,1,0.8,-1.5,0.7,"uniform",88,FALSE,FALSE,0.5,0.9,0.2,FALSE
3168,"synthetic","LSVCMM",200,21,5,"binary",1,1,1,1,0.8,-1.5,0.7,"uniform",88,FALSE,FALSE,0.5,1,0.2,FALSE
3169,"synthetic","LSVCMM",200,21,5,"binary",1,1,1,1,0.8,-1.5,0.7,"uniform",89,FALSE,FALSE,0.5,0,0.2,FALSE
3170,"synthetic","LSVCMM",200,21,5,"binary",1,1,1,1,0.8,-1.5,0.7,"uniform",89,FALSE,FALSE,0.5,0.1,0.2,FALSE
3171,"synthetic","LSVCMM",200,21,5,"binary",1,1,1,1,0.8,-1.5,0.7,"uniform",89,FALSE,FALSE,0.5,0.2,0.2,FALSE
3172,"synthetic","LSVCMM",200,21,5,"binary",1,1,1,1,0.8,-1.5,0.7,"uniform",89,FALSE,FALSE,0.5,0.3,0.2,FALSE
3173,"synthetic","LSVCMM",200,21,5,"binary",1,1,1,1,0.8,-1.5,0.7,"uniform",89,FALSE,FALSE,0.5,0.4,0.2,FALSE
3174,"synthetic","LSVCMM",200,21,5,"binary",1,1,1,1,0.8,-1.5,0.7,"uniform",89,FALSE,FALSE,0.5,0.5,0.2,FALSE
3175,"synthetic","LSVCMM",200,21,5,"binary",1,1,1,1,0.8,-1.5,0.7,"uniform",89,FALSE,FALSE,0.5,0.6,0.2,FALSE
3176,"synthetic","LSVCMM",200,21,5,"binary",1,1,1,1,0.8,-1.5,0.7,"uniform",89,FALSE,FALSE,0.5,0.7,0.2,FALSE
3177,"synthetic","LSVCMM",200,21,5,"binary",1,1,1,1,0.8,-1.5,0.7,"uniform",89,FALSE,FALSE,0.5,0.8,0.2,FALSE
3178,"synthetic","LSVCMM",200,21,5,"binary",1,1,1,1,0.8,-1.5,0.7,"uniform",89,FALSE,FALSE,0.5,0.9,0.2,FALSE
3179,"synthetic","LSVCMM",200,21,5,"binary",1,1,1,1,0.8,-1.5,0.7,"uniform",89,FALSE,FALSE,0.5,1,0.2,FALSE
3180,"synthetic","LSVCMM",200,21,5,"binary",1,1,1,1,0.8,-1.5,0.7,"uniform",90,FALSE,FALSE,0.5,0,0.2,FALSE
3181,"synthetic","LSVCMM",200,21,5,"binary",1,1,1,1,0.8,-1.5,0.7,"uniform",90,FALSE,FALSE,0.5,0.1,0.2,FALSE
3182,"synthetic","LSVCMM",200,21,5,"binary",1,1,1,1,0.8,-1.5,0.7,"uniform",90,FALSE,FALSE,0.5,0.2,0.2,FALSE
3183,"synthetic","LSVCMM",200,21,5,"binary",1,1,1,1,0.8,-1.5,0.7,"uniform",90,FALSE,FALSE,0.5,0.3,0.2,FALSE
3184,"synthetic","LSVCMM",200,21,5,"binary",1,1,1,1,0.8,-1.5,0.7,"uniform",90,FALSE,FALSE,0.5,0.4,0.2,FALSE
3185,"synthetic","LSVCMM",200,21,5,"binary",1,1,1,1,0.8,-1.5,0.7,"uniform",90,FALSE,FALSE,0.5,0.5,0.2,FALSE
3186,"synthetic","LSVCMM",200,21,5,"binary",1,1,1,1,0.8,-1.5,0.7,"uniform",90,FALSE,FALSE,0.5,0.6,0.2,FALSE
3187,"synthetic","LSVCMM",200,21,5,"binary",1,1,1,1,0.8,-1.5,0.7,"uniform",90,FALSE,FALSE,0.5,0.7,0.2,FALSE
3188,"synthetic","LSVCMM",200,21,5,"binary",1,1,1,1,0.8,-1.5,0.7,"uniform",90,FALSE,FALSE,0.5,0.8,0.2,FALSE
3189,"synthetic","LSVCMM",200,21,5,"binary",1,1,1,1,0.8,-1.5,0.7,"uniform",90,FALSE,FALSE,0.5,0.9,0.2,FALSE
3190,"synthetic","LSVCMM",200,21,5,"binary",1,1,1,1,0.8,-1.5,0.7,"uniform",90,FALSE,FALSE,0.5,1,0.2,FALSE
3191,"synthetic","LSVCMM",200,21,5,"binary",1,1,1,1,0.8,-1.5,0.7,"uniform",91,FALSE,FALSE,0.5,0,0.2,FALSE
3192,"synthetic","LSVCMM",200,21,5,"binary",1,1,1,1,0.8,-1.5,0.7,"uniform",91,FALSE,FALSE,0.5,0.1,0.2,FALSE
3193,"synthetic","LSVCMM",200,21,5,"binary",1,1,1,1,0.8,-1.5,0.7,"uniform",91,FALSE,FALSE,0.5,0.2,0.2,FALSE
3194,"synthetic","LSVCMM",200,21,5,"binary",1,1,1,1,0.8,-1.5,0.7,"uniform",91,FALSE,FALSE,0.5,0.3,0.2,FALSE
3195,"synthetic","LSVCMM",200,21,5,"binary",1,1,1,1,0.8,-1.5,0.7,"uniform",91,FALSE,FALSE,0.5,0.4,0.2,FALSE
3196,"synthetic","LSVCMM",200,21,5,"binary",1,1,1,1,0.8,-1.5,0.7,"uniform",91,FALSE,FALSE,0.5,0.5,0.2,FALSE
3197,"synthetic","LSVCMM",200,21,5,"binary",1,1,1,1,0.8,-1.5,0.7,"uniform",91,FALSE,FALSE,0.5,0.6,0.2,FALSE
3198,"synthetic","LSVCMM",200,21,5,"binary",1,1,1,1,0.8,-1.5,0.7,"uniform",91,FALSE,FALSE,0.5,0.7,0.2,FALSE
3199,"synthetic","LSVCMM",200,21,5,"binary",1,1,1,1,0.8,-1.5,0.7,"uniform",91,FALSE,FALSE,0.5,0.8,0.2,FALSE
3200,"synthetic","LSVCMM",200,21,5,"binary",1,1,1,1,0.8,-1.5,0.7,"uniform",91,FALSE,FALSE,0.5,0.9,0.2,FALSE
3201,"synthetic","LSVCMM",200,21,5,"binary",1,1,1,1,0.8,-1.5,0.7,"uniform",91,FALSE,FALSE,0.5,1,0.2,FALSE
3202,"synthetic","LSVCMM",200,21,5,"binary",1,1,1,1,0.8,-1.5,0.7,"uniform",92,FALSE,FALSE,0.5,0,0.2,FALSE
3203,"synthetic","LSVCMM",200,21,5,"binary",1,1,1,1,0.8,-1.5,0.7,"uniform",92,FALSE,FALSE,0.5,0.1,0.2,FALSE
3204,"synthetic","LSVCMM",200,21,5,"binary",1,1,1,1,0.8,-1.5,0.7,"uniform",92,FALSE,FALSE,0.5,0.2,0.2,FALSE
3205,"synthetic","LSVCMM",200,21,5,"binary",1,1,1,1,0.8,-1.5,0.7,"uniform",92,FALSE,FALSE,0.5,0.3,0.2,FALSE
3206,"synthetic","LSVCMM",200,21,5,"binary",1,1,1,1,0.8,-1.5,0.7,"uniform",92,FALSE,FALSE,0.5,0.4,0.2,FALSE
3207,"synthetic","LSVCMM",200,21,5,"binary",1,1,1,1,0.8,-1.5,0.7,"uniform",92,FALSE,FALSE,0.5,0.5,0.2,FALSE
3208,"synthetic","LSVCMM",200,21,5,"binary",1,1,1,1,0.8,-1.5,0.7,"uniform",92,FALSE,FALSE,0.5,0.6,0.2,FALSE
3209,"synthetic","LSVCMM",200,21,5,"binary",1,1,1,1,0.8,-1.5,0.7,"uniform",92,FALSE,FALSE,0.5,0.7,0.2,FALSE
3210,"synthetic","LSVCMM",200,21,5,"binary",1,1,1,1,0.8,-1.5,0.7,"uniform",92,FALSE,FALSE,0.5,0.8,0.2,FALSE
3211,"synthetic","LSVCMM",200,21,5,"binary",1,1,1,1,0.8,-1.5,0.7,"uniform",92,FALSE,FALSE,0.5,0.9,0.2,FALSE
3212,"synthetic","LSVCMM",200,21,5,"binary",1,1,1,1,0.8,-1.5,0.7,"uniform",92,FALSE,FALSE,0.5,1,0.2,FALSE
3213,"synthetic","LSVCMM",200,21,5,"binary",1,1,1,1,0.8,-1.5,0.7,"uniform",93,FALSE,FALSE,0.5,0,0.2,FALSE
3214,"synthetic","LSVCMM",200,21,5,"binary",1,1,1,1,0.8,-1.5,0.7,"uniform",93,FALSE,FALSE,0.5,0.1,0.2,FALSE
3215,"synthetic","LSVCMM",200,21,5,"binary",1,1,1,1,0.8,-1.5,0.7,"uniform",93,FALSE,FALSE,0.5,0.2,0.2,FALSE
3216,"synthetic","LSVCMM",200,21,5,"binary",1,1,1,1,0.8,-1.5,0.7,"uniform",93,FALSE,FALSE,0.5,0.3,0.2,FALSE
3217,"synthetic","LSVCMM",200,21,5,"binary",1,1,1,1,0.8,-1.5,0.7,"uniform",93,FALSE,FALSE,0.5,0.4,0.2,FALSE
3218,"synthetic","LSVCMM",200,21,5,"binary",1,1,1,1,0.8,-1.5,0.7,"uniform",93,FALSE,FALSE,0.5,0.5,0.2,FALSE
3219,"synthetic","LSVCMM",200,21,5,"binary",1,1,1,1,0.8,-1.5,0.7,"uniform",93,FALSE,FALSE,0.5,0.6,0.2,FALSE
3220,"synthetic","LSVCMM",200,21,5,"binary",1,1,1,1,0.8,-1.5,0.7,"uniform",93,FALSE,FALSE,0.5,0.7,0.2,FALSE
3221,"synthetic","LSVCMM",200,21,5,"binary",1,1,1,1,0.8,-1.5,0.7,"uniform",93,FALSE,FALSE,0.5,0.8,0.2,FALSE
3222,"synthetic","LSVCMM",200,21,5,"binary",1,1,1,1,0.8,-1.5,0.7,"uniform",93,FALSE,FALSE,0.5,0.9,0.2,FALSE
3223,"synthetic","LSVCMM",200,21,5,"binary",1,1,1,1,0.8,-1.5,0.7,"uniform",93,FALSE,FALSE,0.5,1,0.2,FALSE
3224,"synthetic","LSVCMM",200,21,5,"binary",1,1,1,1,0.8,-1.5,0.7,"uniform",94,FALSE,FALSE,0.5,0,0.2,FALSE
3225,"synthetic","LSVCMM",200,21,5,"binary",1,1,1,1,0.8,-1.5,0.7,"uniform",94,FALSE,FALSE,0.5,0.1,0.2,FALSE
3226,"synthetic","LSVCMM",200,21,5,"binary",1,1,1,1,0.8,-1.5,0.7,"uniform",94,FALSE,FALSE,0.5,0.2,0.2,FALSE
3227,"synthetic","LSVCMM",200,21,5,"binary",1,1,1,1,0.8,-1.5,0.7,"uniform",94,FALSE,FALSE,0.5,0.3,0.2,FALSE
3228,"synthetic","LSVCMM",200,21,5,"binary",1,1,1,1,0.8,-1.5,0.7,"uniform",94,FALSE,FALSE,0.5,0.4,0.2,FALSE
3229,"synthetic","LSVCMM",200,21,5,"binary",1,1,1,1,0.8,-1.5,0.7,"uniform",94,FALSE,FALSE,0.5,0.5,0.2,FALSE
3230,"synthetic","LSVCMM",200,21,5,"binary",1,1,1,1,0.8,-1.5,0.7,"uniform",94,FALSE,FALSE,0.5,0.6,0.2,FALSE
3231,"synthetic","LSVCMM",200,21,5,"binary",1,1,1,1,0.8,-1.5,0.7,"uniform",94,FALSE,FALSE,0.5,0.7,0.2,FALSE
3232,"synthetic","LSVCMM",200,21,5,"binary",1,1,1,1,0.8,-1.5,0.7,"uniform",94,FALSE,FALSE,0.5,0.8,0.2,FALSE
3233,"synthetic","LSVCMM",200,21,5,"binary",1,1,1,1,0.8,-1.5,0.7,"uniform",94,FALSE,FALSE,0.5,0.9,0.2,FALSE
3234,"synthetic","LSVCMM",200,21,5,"binary",1,1,1,1,0.8,-1.5,0.7,"uniform",94,FALSE,FALSE,0.5,1,0.2,FALSE
3235,"synthetic","LSVCMM",200,21,5,"binary",1,1,1,1,0.8,-1.5,0.7,"uniform",95,FALSE,FALSE,0.5,0,0.2,FALSE
3236,"synthetic","LSVCMM",200,21,5,"binary",1,1,1,1,0.8,-1.5,0.7,"uniform",95,FALSE,FALSE,0.5,0.1,0.2,FALSE
3237,"synthetic","LSVCMM",200,21,5,"binary",1,1,1,1,0.8,-1.5,0.7,"uniform",95,FALSE,FALSE,0.5,0.2,0.2,FALSE
3238,"synthetic","LSVCMM",200,21,5,"binary",1,1,1,1,0.8,-1.5,0.7,"uniform",95,FALSE,FALSE,0.5,0.3,0.2,FALSE
3239,"synthetic","LSVCMM",200,21,5,"binary",1,1,1,1,0.8,-1.5,0.7,"uniform",95,FALSE,FALSE,0.5,0.4,0.2,FALSE
3240,"synthetic","LSVCMM",200,21,5,"binary",1,1,1,1,0.8,-1.5,0.7,"uniform",95,FALSE,FALSE,0.5,0.5,0.2,FALSE
3241,"synthetic","LSVCMM",200,21,5,"binary",1,1,1,1,0.8,-1.5,0.7,"uniform",95,FALSE,FALSE,0.5,0.6,0.2,FALSE
3242,"synthetic","LSVCMM",200,21,5,"binary",1,1,1,1,0.8,-1.5,0.7,"uniform",95,FALSE,FALSE,0.5,0.7,0.2,FALSE
3243,"synthetic","LSVCMM",200,21,5,"binary",1,1,1,1,0.8,-1.5,0.7,"uniform",95,FALSE,FALSE,0.5,0.8,0.2,FALSE
3244,"synthetic","LSVCMM",200,21,5,"binary",1,1,1,1,0.8,-1.5,0.7,"uniform",95,FALSE,FALSE,0.5,0.9,0.2,FALSE
3245,"synthetic","LSVCMM",200,21,5,"binary",1,1,1,1,0.8,-1.5,0.7,"uniform",95,FALSE,FALSE,0.5,1,0.2,FALSE
3246,"synthetic","LSVCMM",200,21,5,"binary",1,1,1,1,0.8,-1.5,0.7,"uniform",96,FALSE,FALSE,0.5,0,0.2,FALSE
3247,"synthetic","LSVCMM",200,21,5,"binary",1,1,1,1,0.8,-1.5,0.7,"uniform",96,FALSE,FALSE,0.5,0.1,0.2,FALSE
3248,"synthetic","LSVCMM",200,21,5,"binary",1,1,1,1,0.8,-1.5,0.7,"uniform",96,FALSE,FALSE,0.5,0.2,0.2,FALSE
3249,"synthetic","LSVCMM",200,21,5,"binary",1,1,1,1,0.8,-1.5,0.7,"uniform",96,FALSE,FALSE,0.5,0.3,0.2,FALSE
3250,"synthetic","LSVCMM",200,21,5,"binary",1,1,1,1,0.8,-1.5,0.7,"uniform",96,FALSE,FALSE,0.5,0.4,0.2,FALSE
3251,"synthetic","LSVCMM",200,21,5,"binary",1,1,1,1,0.8,-1.5,0.7,"uniform",96,FALSE,FALSE,0.5,0.5,0.2,FALSE
3252,"synthetic","LSVCMM",200,21,5,"binary",1,1,1,1,0.8,-1.5,0.7,"uniform",96,FALSE,FALSE,0.5,0.6,0.2,FALSE
3253,"synthetic","LSVCMM",200,21,5,"binary",1,1,1,1,0.8,-1.5,0.7,"uniform",96,FALSE,FALSE,0.5,0.7,0.2,FALSE
3254,"synthetic","LSVCMM",200,21,5,"binary",1,1,1,1,0.8,-1.5,0.7,"uniform",96,FALSE,FALSE,0.5,0.8,0.2,FALSE
3255,"synthetic","LSVCMM",200,21,5,"binary",1,1,1,1,0.8,-1.5,0.7,"uniform",96,FALSE,FALSE,0.5,0.9,0.2,FALSE
3256,"synthetic","LSVCMM",200,21,5,"binary",1,1,1,1,0.8,-1.5,0.7,"uniform",96,FALSE,FALSE,0.5,1,0.2,FALSE
3257,"synthetic","LSVCMM",200,21,5,"binary",1,1,1,1,0.8,-1.5,0.7,"uniform",97,FALSE,FALSE,0.5,0,0.2,FALSE
3258,"synthetic","LSVCMM",200,21,5,"binary",1,1,1,1,0.8,-1.5,0.7,"uniform",97,FALSE,FALSE,0.5,0.1,0.2,FALSE
3259,"synthetic","LSVCMM",200,21,5,"binary",1,1,1,1,0.8,-1.5,0.7,"uniform",97,FALSE,FALSE,0.5,0.2,0.2,FALSE
3260,"synthetic","LSVCMM",200,21,5,"binary",1,1,1,1,0.8,-1.5,0.7,"uniform",97,FALSE,FALSE,0.5,0.3,0.2,FALSE
3261,"synthetic","LSVCMM",200,21,5,"binary",1,1,1,1,0.8,-1.5,0.7,"uniform",97,FALSE,FALSE,0.5,0.4,0.2,FALSE
3262,"synthetic","LSVCMM",200,21,5,"binary",1,1,1,1,0.8,-1.5,0.7,"uniform",97,FALSE,FALSE,0.5,0.5,0.2,FALSE
3263,"synthetic","LSVCMM",200,21,5,"binary",1,1,1,1,0.8,-1.5,0.7,"uniform",97,FALSE,FALSE,0.5,0.6,0.2,FALSE
3264,"synthetic","LSVCMM",200,21,5,"binary",1,1,1,1,0.8,-1.5,0.7,"uniform",97,FALSE,FALSE,0.5,0.7,0.2,FALSE
3265,"synthetic","LSVCMM",200,21,5,"binary",1,1,1,1,0.8,-1.5,0.7,"uniform",97,FALSE,FALSE,0.5,0.8,0.2,FALSE
3266,"synthetic","LSVCMM",200,21,5,"binary",1,1,1,1,0.8,-1.5,0.7,"uniform",97,FALSE,FALSE,0.5,0.9,0.2,FALSE
3267,"synthetic","LSVCMM",200,21,5,"binary",1,1,1,1,0.8,-1.5,0.7,"uniform",97,FALSE,FALSE,0.5,1,0.2,FALSE
3268,"synthetic","LSVCMM",200,21,5,"binary",1,1,1,1,0.8,-1.5,0.7,"uniform",98,FALSE,FALSE,0.5,0,0.2,FALSE
3269,"synthetic","LSVCMM",200,21,5,"binary",1,1,1,1,0.8,-1.5,0.7,"uniform",98,FALSE,FALSE,0.5,0.1,0.2,FALSE
3270,"synthetic","LSVCMM",200,21,5,"binary",1,1,1,1,0.8,-1.5,0.7,"uniform",98,FALSE,FALSE,0.5,0.2,0.2,FALSE
3271,"synthetic","LSVCMM",200,21,5,"binary",1,1,1,1,0.8,-1.5,0.7,"uniform",98,FALSE,FALSE,0.5,0.3,0.2,FALSE
3272,"synthetic","LSVCMM",200,21,5,"binary",1,1,1,1,0.8,-1.5,0.7,"uniform",98,FALSE,FALSE,0.5,0.4,0.2,FALSE
3273,"synthetic","LSVCMM",200,21,5,"binary",1,1,1,1,0.8,-1.5,0.7,"uniform",98,FALSE,FALSE,0.5,0.5,0.2,FALSE
3274,"synthetic","LSVCMM",200,21,5,"binary",1,1,1,1,0.8,-1.5,0.7,"uniform",98,FALSE,FALSE,0.5,0.6,0.2,FALSE
3275,"synthetic","LSVCMM",200,21,5,"binary",1,1,1,1,0.8,-1.5,0.7,"uniform",98,FALSE,FALSE,0.5,0.7,0.2,FALSE
3276,"synthetic","LSVCMM",200,21,5,"binary",1,1,1,1,0.8,-1.5,0.7,"uniform",98,FALSE,FALSE,0.5,0.8,0.2,FALSE
3277,"synthetic","LSVCMM",200,21,5,"binary",1,1,1,1,0.8,-1.5,0.7,"uniform",98,FALSE,FALSE,0.5,0.9,0.2,FALSE
3278,"synthetic","LSVCMM",200,21,5,"binary",1,1,1,1,0.8,-1.5,0.7,"uniform",98,FALSE,FALSE,0.5,1,0.2,FALSE
3279,"synthetic","LSVCMM",200,21,5,"binary",1,1,1,1,0.8,-1.5,0.7,"uniform",99,FALSE,FALSE,0.5,0,0.2,FALSE
3280,"synthetic","LSVCMM",200,21,5,"binary",1,1,1,1,0.8,-1.5,0.7,"uniform",99,FALSE,FALSE,0.5,0.1,0.2,FALSE
3281,"synthetic","LSVCMM",200,21,5,"binary",1,1,1,1,0.8,-1.5,0.7,"uniform",99,FALSE,FALSE,0.5,0.2,0.2,FALSE
3282,"synthetic","LSVCMM",200,21,5,"binary",1,1,1,1,0.8,-1.5,0.7,"uniform",99,FALSE,FALSE,0.5,0.3,0.2,FALSE
3283,"synthetic","LSVCMM",200,21,5,"binary",1,1,1,1,0.8,-1.5,0.7,"uniform",99,FALSE,FALSE,0.5,0.4,0.2,FALSE
3284,"synthetic","LSVCMM",200,21,5,"binary",1,1,1,1,0.8,-1.5,0.7,"uniform",99,FALSE,FALSE,0.5,0.5,0.2,FALSE
3285,"synthetic","LSVCMM",200,21,5,"binary",1,1,1,1,0.8,-1.5,0.7,"uniform",99,FALSE,FALSE,0.5,0.6,0.2,FALSE
3286,"synthetic","LSVCMM",200,21,5,"binary",1,1,1,1,0.8,-1.5,0.7,"uniform",99,FALSE,FALSE,0.5,0.7,0.2,FALSE
3287,"synthetic","LSVCMM",200,21,5,"binary",1,1,1,1,0.8,-1.5,0.7,"uniform",99,FALSE,FALSE,0.5,0.8,0.2,FALSE
3288,"synthetic","LSVCMM",200,21,5,"binary",1,1,1,1,0.8,-1.5,0.7,"uniform",99,FALSE,FALSE,0.5,0.9,0.2,FALSE
3289,"synthetic","LSVCMM",200,21,5,"binary",1,1,1,1,0.8,-1.5,0.7,"uniform",99,FALSE,FALSE,0.5,1,0.2,FALSE
3290,"synthetic","LSVCMM",200,21,5,"binary",1,1,1,1,0.8,-1.5,0.7,"uniform",100,FALSE,FALSE,0.5,0,0.2,FALSE
3291,"synthetic","LSVCMM",200,21,5,"binary",1,1,1,1,0.8,-1.5,0.7,"uniform",100,FALSE,FALSE,0.5,0.1,0.2,FALSE
3292,"synthetic","LSVCMM",200,21,5,"binary",1,1,1,1,0.8,-1.5,0.7,"uniform",100,FALSE,FALSE,0.5,0.2,0.2,FALSE
3293,"synthetic","LSVCMM",200,21,5,"binary",1,1,1,1,0.8,-1.5,0.7,"uniform",100,FALSE,FALSE,0.5,0.3,0.2,FALSE
3294,"synthetic","LSVCMM",200,21,5,"binary",1,1,1,1,0.8,-1.5,0.7,"uniform",100,FALSE,FALSE,0.5,0.4,0.2,FALSE
3295,"synthetic","LSVCMM",200,21,5,"binary",1,1,1,1,0.8,-1.5,0.7,"uniform",100,FALSE,FALSE,0.5,0.5,0.2,FALSE
3296,"synthetic","LSVCMM",200,21,5,"binary",1,1,1,1,0.8,-1.5,0.7,"uniform",100,FALSE,FALSE,0.5,0.6,0.2,FALSE
3297,"synthetic","LSVCMM",200,21,5,"binary",1,1,1,1,0.8,-1.5,0.7,"uniform",100,FALSE,FALSE,0.5,0.7,0.2,FALSE
3298,"synthetic","LSVCMM",200,21,5,"binary",1,1,1,1,0.8,-1.5,0.7,"uniform",100,FALSE,FALSE,0.5,0.8,0.2,FALSE
3299,"synthetic","LSVCMM",200,21,5,"binary",1,1,1,1,0.8,-1.5,0.7,"uniform",100,FALSE,FALSE,0.5,0.9,0.2,FALSE
3300,"synthetic","LSVCMM",200,21,5,"binary",1,1,1,1,0.8,-1.5,0.7,"uniform",100,FALSE,FALSE,0.5,1,0.2,FALSE
3301,"synthetic","LSVCMM",200,21,5,"binary",1,1,1,1,0.8,0.8,0.7,"uniform",1,FALSE,FALSE,0.5,0,0.2,FALSE
3302,"synthetic","LSVCMM",200,21,5,"binary",1,1,1,1,0.8,0.8,0.7,"uniform",1,FALSE,FALSE,0.5,0.1,0.2,FALSE
3303,"synthetic","LSVCMM",200,21,5,"binary",1,1,1,1,0.8,0.8,0.7,"uniform",1,FALSE,FALSE,0.5,0.2,0.2,FALSE
3304,"synthetic","LSVCMM",200,21,5,"binary",1,1,1,1,0.8,0.8,0.7,"uniform",1,FALSE,FALSE,0.5,0.3,0.2,FALSE
3305,"synthetic","LSVCMM",200,21,5,"binary",1,1,1,1,0.8,0.8,0.7,"uniform",1,FALSE,FALSE,0.5,0.4,0.2,FALSE
3306,"synthetic","LSVCMM",200,21,5,"binary",1,1,1,1,0.8,0.8,0.7,"uniform",1,FALSE,FALSE,0.5,0.5,0.2,FALSE
3307,"synthetic","LSVCMM",200,21,5,"binary",1,1,1,1,0.8,0.8,0.7,"uniform",1,FALSE,FALSE,0.5,0.6,0.2,FALSE
3308,"synthetic","LSVCMM",200,21,5,"binary",1,1,1,1,0.8,0.8,0.7,"uniform",1,FALSE,FALSE,0.5,0.7,0.2,FALSE
3309,"synthetic","LSVCMM",200,21,5,"binary",1,1,1,1,0.8,0.8,0.7,"uniform",1,FALSE,FALSE,0.5,0.8,0.2,FALSE
3310,"synthetic","LSVCMM",200,21,5,"binary",1,1,1,1,0.8,0.8,0.7,"uniform",1,FALSE,FALSE,0.5,0.9,0.2,FALSE
3311,"synthetic","LSVCMM",200,21,5,"binary",1,1,1,1,0.8,0.8,0.7,"uniform",1,FALSE,FALSE,0.5,1,0.2,FALSE
3312,"synthetic","LSVCMM",200,21,5,"binary",1,1,1,1,0.8,0.8,0.7,"uniform",2,FALSE,FALSE,0.5,0,0.2,FALSE
3313,"synthetic","LSVCMM",200,21,5,"binary",1,1,1,1,0.8,0.8,0.7,"uniform",2,FALSE,FALSE,0.5,0.1,0.2,FALSE
3314,"synthetic","LSVCMM",200,21,5,"binary",1,1,1,1,0.8,0.8,0.7,"uniform",2,FALSE,FALSE,0.5,0.2,0.2,FALSE
3315,"synthetic","LSVCMM",200,21,5,"binary",1,1,1,1,0.8,0.8,0.7,"uniform",2,FALSE,FALSE,0.5,0.3,0.2,FALSE
3316,"synthetic","LSVCMM",200,21,5,"binary",1,1,1,1,0.8,0.8,0.7,"uniform",2,FALSE,FALSE,0.5,0.4,0.2,FALSE
3317,"synthetic","LSVCMM",200,21,5,"binary",1,1,1,1,0.8,0.8,0.7,"uniform",2,FALSE,FALSE,0.5,0.5,0.2,FALSE
3318,"synthetic","LSVCMM",200,21,5,"binary",1,1,1,1,0.8,0.8,0.7,"uniform",2,FALSE,FALSE,0.5,0.6,0.2,FALSE
3319,"synthetic","LSVCMM",200,21,5,"binary",1,1,1,1,0.8,0.8,0.7,"uniform",2,FALSE,FALSE,0.5,0.7,0.2,FALSE
3320,"synthetic","LSVCMM",200,21,5,"binary",1,1,1,1,0.8,0.8,0.7,"uniform",2,FALSE,FALSE,0.5,0.8,0.2,FALSE
3321,"synthetic","LSVCMM",200,21,5,"binary",1,1,1,1,0.8,0.8,0.7,"uniform",2,FALSE,FALSE,0.5,0.9,0.2,FALSE
3322,"synthetic","LSVCMM",200,21,5,"binary",1,1,1,1,0.8,0.8,0.7,"uniform",2,FALSE,FALSE,0.5,1,0.2,FALSE
3323,"synthetic","LSVCMM",200,21,5,"binary",1,1,1,1,0.8,0.8,0.7,"uniform",3,FALSE,FALSE,0.5,0,0.2,FALSE
3324,"synthetic","LSVCMM",200,21,5,"binary",1,1,1,1,0.8,0.8,0.7,"uniform",3,FALSE,FALSE,0.5,0.1,0.2,FALSE
3325,"synthetic","LSVCMM",200,21,5,"binary",1,1,1,1,0.8,0.8,0.7,"uniform",3,FALSE,FALSE,0.5,0.2,0.2,FALSE
3326,"synthetic","LSVCMM",200,21,5,"binary",1,1,1,1,0.8,0.8,0.7,"uniform",3,FALSE,FALSE,0.5,0.3,0.2,FALSE
3327,"synthetic","LSVCMM",200,21,5,"binary",1,1,1,1,0.8,0.8,0.7,"uniform",3,FALSE,FALSE,0.5,0.4,0.2,FALSE
3328,"synthetic","LSVCMM",200,21,5,"binary",1,1,1,1,0.8,0.8,0.7,"uniform",3,FALSE,FALSE,0.5,0.5,0.2,FALSE
3329,"synthetic","LSVCMM",200,21,5,"binary",1,1,1,1,0.8,0.8,0.7,"uniform",3,FALSE,FALSE,0.5,0.6,0.2,FALSE
3330,"synthetic","LSVCMM",200,21,5,"binary",1,1,1,1,0.8,0.8,0.7,"uniform",3,FALSE,FALSE,0.5,0.7,0.2,FALSE
3331,"synthetic","LSVCMM",200,21,5,"binary",1,1,1,1,0.8,0.8,0.7,"uniform",3,FALSE,FALSE,0.5,0.8,0.2,FALSE
3332,"synthetic","LSVCMM",200,21,5,"binary",1,1,1,1,0.8,0.8,0.7,"uniform",3,FALSE,FALSE,0.5,0.9,0.2,FALSE
3333,"synthetic","LSVCMM",200,21,5,"binary",1,1,1,1,0.8,0.8,0.7,"uniform",3,FALSE,FALSE,0.5,1,0.2,FALSE
3334,"synthetic","LSVCMM",200,21,5,"binary",1,1,1,1,0.8,0.8,0.7,"uniform",4,FALSE,FALSE,0.5,0,0.2,FALSE
3335,"synthetic","LSVCMM",200,21,5,"binary",1,1,1,1,0.8,0.8,0.7,"uniform",4,FALSE,FALSE,0.5,0.1,0.2,FALSE
3336,"synthetic","LSVCMM",200,21,5,"binary",1,1,1,1,0.8,0.8,0.7,"uniform",4,FALSE,FALSE,0.5,0.2,0.2,FALSE
3337,"synthetic","LSVCMM",200,21,5,"binary",1,1,1,1,0.8,0.8,0.7,"uniform",4,FALSE,FALSE,0.5,0.3,0.2,FALSE
3338,"synthetic","LSVCMM",200,21,5,"binary",1,1,1,1,0.8,0.8,0.7,"uniform",4,FALSE,FALSE,0.5,0.4,0.2,FALSE
3339,"synthetic","LSVCMM",200,21,5,"binary",1,1,1,1,0.8,0.8,0.7,"uniform",4,FALSE,FALSE,0.5,0.5,0.2,FALSE
3340,"synthetic","LSVCMM",200,21,5,"binary",1,1,1,1,0.8,0.8,0.7,"uniform",4,FALSE,FALSE,0.5,0.6,0.2,FALSE
3341,"synthetic","LSVCMM",200,21,5,"binary",1,1,1,1,0.8,0.8,0.7,"uniform",4,FALSE,FALSE,0.5,0.7,0.2,FALSE
3342,"synthetic","LSVCMM",200,21,5,"binary",1,1,1,1,0.8,0.8,0.7,"uniform",4,FALSE,FALSE,0.5,0.8,0.2,FALSE
3343,"synthetic","LSVCMM",200,21,5,"binary",1,1,1,1,0.8,0.8,0.7,"uniform",4,FALSE,FALSE,0.5,0.9,0.2,FALSE
3344,"synthetic","LSVCMM",200,21,5,"binary",1,1,1,1,0.8,0.8,0.7,"uniform",4,FALSE,FALSE,0.5,1,0.2,FALSE
3345,"synthetic","LSVCMM",200,21,5,"binary",1,1,1,1,0.8,0.8,0.7,"uniform",5,FALSE,FALSE,0.5,0,0.2,FALSE
3346,"synthetic","LSVCMM",200,21,5,"binary",1,1,1,1,0.8,0.8,0.7,"uniform",5,FALSE,FALSE,0.5,0.1,0.2,FALSE
3347,"synthetic","LSVCMM",200,21,5,"binary",1,1,1,1,0.8,0.8,0.7,"uniform",5,FALSE,FALSE,0.5,0.2,0.2,FALSE
3348,"synthetic","LSVCMM",200,21,5,"binary",1,1,1,1,0.8,0.8,0.7,"uniform",5,FALSE,FALSE,0.5,0.3,0.2,FALSE
3349,"synthetic","LSVCMM",200,21,5,"binary",1,1,1,1,0.8,0.8,0.7,"uniform",5,FALSE,FALSE,0.5,0.4,0.2,FALSE
3350,"synthetic","LSVCMM",200,21,5,"binary",1,1,1,1,0.8,0.8,0.7,"uniform",5,FALSE,FALSE,0.5,0.5,0.2,FALSE
3351,"synthetic","LSVCMM",200,21,5,"binary",1,1,1,1,0.8,0.8,0.7,"uniform",5,FALSE,FALSE,0.5,0.6,0.2,FALSE
3352,"synthetic","LSVCMM",200,21,5,"binary",1,1,1,1,0.8,0.8,0.7,"uniform",5,FALSE,FALSE,0.5,0.7,0.2,FALSE
3353,"synthetic","LSVCMM",200,21,5,"binary",1,1,1,1,0.8,0.8,0.7,"uniform",5,FALSE,FALSE,0.5,0.8,0.2,FALSE
3354,"synthetic","LSVCMM",200,21,5,"binary",1,1,1,1,0.8,0.8,0.7,"uniform",5,FALSE,FALSE,0.5,0.9,0.2,FALSE
3355,"synthetic","LSVCMM",200,21,5,"binary",1,1,1,1,0.8,0.8,0.7,"uniform",5,FALSE,FALSE,0.5,1,0.2,FALSE
3356,"synthetic","LSVCMM",200,21,5,"binary",1,1,1,1,0.8,0.8,0.7,"uniform",6,FALSE,FALSE,0.5,0,0.2,FALSE
3357,"synthetic","LSVCMM",200,21,5,"binary",1,1,1,1,0.8,0.8,0.7,"uniform",6,FALSE,FALSE,0.5,0.1,0.2,FALSE
3358,"synthetic","LSVCMM",200,21,5,"binary",1,1,1,1,0.8,0.8,0.7,"uniform",6,FALSE,FALSE,0.5,0.2,0.2,FALSE
3359,"synthetic","LSVCMM",200,21,5,"binary",1,1,1,1,0.8,0.8,0.7,"uniform",6,FALSE,FALSE,0.5,0.3,0.2,FALSE
3360,"synthetic","LSVCMM",200,21,5,"binary",1,1,1,1,0.8,0.8,0.7,"uniform",6,FALSE,FALSE,0.5,0.4,0.2,FALSE
3361,"synthetic","LSVCMM",200,21,5,"binary",1,1,1,1,0.8,0.8,0.7,"uniform",6,FALSE,FALSE,0.5,0.5,0.2,FALSE
3362,"synthetic","LSVCMM",200,21,5,"binary",1,1,1,1,0.8,0.8,0.7,"uniform",6,FALSE,FALSE,0.5,0.6,0.2,FALSE
3363,"synthetic","LSVCMM",200,21,5,"binary",1,1,1,1,0.8,0.8,0.7,"uniform",6,FALSE,FALSE,0.5,0.7,0.2,FALSE
3364,"synthetic","LSVCMM",200,21,5,"binary",1,1,1,1,0.8,0.8,0.7,"uniform",6,FALSE,FALSE,0.5,0.8,0.2,FALSE
3365,"synthetic","LSVCMM",200,21,5,"binary",1,1,1,1,0.8,0.8,0.7,"uniform",6,FALSE,FALSE,0.5,0.9,0.2,FALSE
3366,"synthetic","LSVCMM",200,21,5,"binary",1,1,1,1,0.8,0.8,0.7,"uniform",6,FALSE,FALSE,0.5,1,0.2,FALSE
3367,"synthetic","LSVCMM",200,21,5,"binary",1,1,1,1,0.8,0.8,0.7,"uniform",7,FALSE,FALSE,0.5,0,0.2,FALSE
3368,"synthetic","LSVCMM",200,21,5,"binary",1,1,1,1,0.8,0.8,0.7,"uniform",7,FALSE,FALSE,0.5,0.1,0.2,FALSE
3369,"synthetic","LSVCMM",200,21,5,"binary",1,1,1,1,0.8,0.8,0.7,"uniform",7,FALSE,FALSE,0.5,0.2,0.2,FALSE
3370,"synthetic","LSVCMM",200,21,5,"binary",1,1,1,1,0.8,0.8,0.7,"uniform",7,FALSE,FALSE,0.5,0.3,0.2,FALSE
3371,"synthetic","LSVCMM",200,21,5,"binary",1,1,1,1,0.8,0.8,0.7,"uniform",7,FALSE,FALSE,0.5,0.4,0.2,FALSE
3372,"synthetic","LSVCMM",200,21,5,"binary",1,1,1,1,0.8,0.8,0.7,"uniform",7,FALSE,FALSE,0.5,0.5,0.2,FALSE
3373,"synthetic","LSVCMM",200,21,5,"binary",1,1,1,1,0.8,0.8,0.7,"uniform",7,FALSE,FALSE,0.5,0.6,0.2,FALSE
3374,"synthetic","LSVCMM",200,21,5,"binary",1,1,1,1,0.8,0.8,0.7,"uniform",7,FALSE,FALSE,0.5,0.7,0.2,FALSE
3375,"synthetic","LSVCMM",200,21,5,"binary",1,1,1,1,0.8,0.8,0.7,"uniform",7,FALSE,FALSE,0.5,0.8,0.2,FALSE
3376,"synthetic","LSVCMM",200,21,5,"binary",1,1,1,1,0.8,0.8,0.7,"uniform",7,FALSE,FALSE,0.5,0.9,0.2,FALSE
3377,"synthetic","LSVCMM",200,21,5,"binary",1,1,1,1,0.8,0.8,0.7,"uniform",7,FALSE,FALSE,0.5,1,0.2,FALSE
3378,"synthetic","LSVCMM",200,21,5,"binary",1,1,1,1,0.8,0.8,0.7,"uniform",8,FALSE,FALSE,0.5,0,0.2,FALSE
3379,"synthetic","LSVCMM",200,21,5,"binary",1,1,1,1,0.8,0.8,0.7,"uniform",8,FALSE,FALSE,0.5,0.1,0.2,FALSE
3380,"synthetic","LSVCMM",200,21,5,"binary",1,1,1,1,0.8,0.8,0.7,"uniform",8,FALSE,FALSE,0.5,0.2,0.2,FALSE
3381,"synthetic","LSVCMM",200,21,5,"binary",1,1,1,1,0.8,0.8,0.7,"uniform",8,FALSE,FALSE,0.5,0.3,0.2,FALSE
3382,"synthetic","LSVCMM",200,21,5,"binary",1,1,1,1,0.8,0.8,0.7,"uniform",8,FALSE,FALSE,0.5,0.4,0.2,FALSE
3383,"synthetic","LSVCMM",200,21,5,"binary",1,1,1,1,0.8,0.8,0.7,"uniform",8,FALSE,FALSE,0.5,0.5,0.2,FALSE
3384,"synthetic","LSVCMM",200,21,5,"binary",1,1,1,1,0.8,0.8,0.7,"uniform",8,FALSE,FALSE,0.5,0.6,0.2,FALSE
3385,"synthetic","LSVCMM",200,21,5,"binary",1,1,1,1,0.8,0.8,0.7,"uniform",8,FALSE,FALSE,0.5,0.7,0.2,FALSE
3386,"synthetic","LSVCMM",200,21,5,"binary",1,1,1,1,0.8,0.8,0.7,"uniform",8,FALSE,FALSE,0.5,0.8,0.2,FALSE
3387,"synthetic","LSVCMM",200,21,5,"binary",1,1,1,1,0.8,0.8,0.7,"uniform",8,FALSE,FALSE,0.5,0.9,0.2,FALSE
3388,"synthetic","LSVCMM",200,21,5,"binary",1,1,1,1,0.8,0.8,0.7,"uniform",8,FALSE,FALSE,0.5,1,0.2,FALSE
3389,"synthetic","LSVCMM",200,21,5,"binary",1,1,1,1,0.8,0.8,0.7,"uniform",9,FALSE,FALSE,0.5,0,0.2,FALSE
3390,"synthetic","LSVCMM",200,21,5,"binary",1,1,1,1,0.8,0.8,0.7,"uniform",9,FALSE,FALSE,0.5,0.1,0.2,FALSE
3391,"synthetic","LSVCMM",200,21,5,"binary",1,1,1,1,0.8,0.8,0.7,"uniform",9,FALSE,FALSE,0.5,0.2,0.2,FALSE
3392,"synthetic","LSVCMM",200,21,5,"binary",1,1,1,1,0.8,0.8,0.7,"uniform",9,FALSE,FALSE,0.5,0.3,0.2,FALSE
3393,"synthetic","LSVCMM",200,21,5,"binary",1,1,1,1,0.8,0.8,0.7,"uniform",9,FALSE,FALSE,0.5,0.4,0.2,FALSE
3394,"synthetic","LSVCMM",200,21,5,"binary",1,1,1,1,0.8,0.8,0.7,"uniform",9,FALSE,FALSE,0.5,0.5,0.2,FALSE
3395,"synthetic","LSVCMM",200,21,5,"binary",1,1,1,1,0.8,0.8,0.7,"uniform",9,FALSE,FALSE,0.5,0.6,0.2,FALSE
3396,"synthetic","LSVCMM",200,21,5,"binary",1,1,1,1,0.8,0.8,0.7,"uniform",9,FALSE,FALSE,0.5,0.7,0.2,FALSE
3397,"synthetic","LSVCMM",200,21,5,"binary",1,1,1,1,0.8,0.8,0.7,"uniform",9,FALSE,FALSE,0.5,0.8,0.2,FALSE
3398,"synthetic","LSVCMM",200,21,5,"binary",1,1,1,1,0.8,0.8,0.7,"uniform",9,FALSE,FALSE,0.5,0.9,0.2,FALSE
3399,"synthetic","LSVCMM",200,21,5,"binary",1,1,1,1,0.8,0.8,0.7,"uniform",9,FALSE,FALSE,0.5,1,0.2,FALSE
3400,"synthetic","LSVCMM",200,21,5,"binary",1,1,1,1,0.8,0.8,0.7,"uniform",10,FALSE,FALSE,0.5,0,0.2,FALSE
3401,"synthetic","LSVCMM",200,21,5,"binary",1,1,1,1,0.8,0.8,0.7,"uniform",10,FALSE,FALSE,0.5,0.1,0.2,FALSE
3402,"synthetic","LSVCMM",200,21,5,"binary",1,1,1,1,0.8,0.8,0.7,"uniform",10,FALSE,FALSE,0.5,0.2,0.2,FALSE
3403,"synthetic","LSVCMM",200,21,5,"binary",1,1,1,1,0.8,0.8,0.7,"uniform",10,FALSE,FALSE,0.5,0.3,0.2,FALSE
3404,"synthetic","LSVCMM",200,21,5,"binary",1,1,1,1,0.8,0.8,0.7,"uniform",10,FALSE,FALSE,0.5,0.4,0.2,FALSE
3405,"synthetic","LSVCMM",200,21,5,"binary",1,1,1,1,0.8,0.8,0.7,"uniform",10,FALSE,FALSE,0.5,0.5,0.2,FALSE
3406,"synthetic","LSVCMM",200,21,5,"binary",1,1,1,1,0.8,0.8,0.7,"uniform",10,FALSE,FALSE,0.5,0.6,0.2,FALSE
3407,"synthetic","LSVCMM",200,21,5,"binary",1,1,1,1,0.8,0.8,0.7,"uniform",10,FALSE,FALSE,0.5,0.7,0.2,FALSE
3408,"synthetic","LSVCMM",200,21,5,"binary",1,1,1,1,0.8,0.8,0.7,"uniform",10,FALSE,FALSE,0.5,0.8,0.2,FALSE
3409,"synthetic","LSVCMM",200,21,5,"binary",1,1,1,1,0.8,0.8,0.7,"uniform",10,FALSE,FALSE,0.5,0.9,0.2,FALSE
3410,"synthetic","LSVCMM",200,21,5,"binary",1,1,1,1,0.8,0.8,0.7,"uniform",10,FALSE,FALSE,0.5,1,0.2,FALSE
3411,"synthetic","LSVCMM",200,21,5,"binary",1,1,1,1,0.8,0.8,0.7,"uniform",11,FALSE,FALSE,0.5,0,0.2,FALSE
3412,"synthetic","LSVCMM",200,21,5,"binary",1,1,1,1,0.8,0.8,0.7,"uniform",11,FALSE,FALSE,0.5,0.1,0.2,FALSE
3413,"synthetic","LSVCMM",200,21,5,"binary",1,1,1,1,0.8,0.8,0.7,"uniform",11,FALSE,FALSE,0.5,0.2,0.2,FALSE
3414,"synthetic","LSVCMM",200,21,5,"binary",1,1,1,1,0.8,0.8,0.7,"uniform",11,FALSE,FALSE,0.5,0.3,0.2,FALSE
3415,"synthetic","LSVCMM",200,21,5,"binary",1,1,1,1,0.8,0.8,0.7,"uniform",11,FALSE,FALSE,0.5,0.4,0.2,FALSE
3416,"synthetic","LSVCMM",200,21,5,"binary",1,1,1,1,0.8,0.8,0.7,"uniform",11,FALSE,FALSE,0.5,0.5,0.2,FALSE
3417,"synthetic","LSVCMM",200,21,5,"binary",1,1,1,1,0.8,0.8,0.7,"uniform",11,FALSE,FALSE,0.5,0.6,0.2,FALSE
3418,"synthetic","LSVCMM",200,21,5,"binary",1,1,1,1,0.8,0.8,0.7,"uniform",11,FALSE,FALSE,0.5,0.7,0.2,FALSE
3419,"synthetic","LSVCMM",200,21,5,"binary",1,1,1,1,0.8,0.8,0.7,"uniform",11,FALSE,FALSE,0.5,0.8,0.2,FALSE
3420,"synthetic","LSVCMM",200,21,5,"binary",1,1,1,1,0.8,0.8,0.7,"uniform",11,FALSE,FALSE,0.5,0.9,0.2,FALSE
3421,"synthetic","LSVCMM",200,21,5,"binary",1,1,1,1,0.8,0.8,0.7,"uniform",11,FALSE,FALSE,0.5,1,0.2,FALSE
3422,"synthetic","LSVCMM",200,21,5,"binary",1,1,1,1,0.8,0.8,0.7,"uniform",12,FALSE,FALSE,0.5,0,0.2,FALSE
3423,"synthetic","LSVCMM",200,21,5,"binary",1,1,1,1,0.8,0.8,0.7,"uniform",12,FALSE,FALSE,0.5,0.1,0.2,FALSE
3424,"synthetic","LSVCMM",200,21,5,"binary",1,1,1,1,0.8,0.8,0.7,"uniform",12,FALSE,FALSE,0.5,0.2,0.2,FALSE
3425,"synthetic","LSVCMM",200,21,5,"binary",1,1,1,1,0.8,0.8,0.7,"uniform",12,FALSE,FALSE,0.5,0.3,0.2,FALSE
3426,"synthetic","LSVCMM",200,21,5,"binary",1,1,1,1,0.8,0.8,0.7,"uniform",12,FALSE,FALSE,0.5,0.4,0.2,FALSE
3427,"synthetic","LSVCMM",200,21,5,"binary",1,1,1,1,0.8,0.8,0.7,"uniform",12,FALSE,FALSE,0.5,0.5,0.2,FALSE
3428,"synthetic","LSVCMM",200,21,5,"binary",1,1,1,1,0.8,0.8,0.7,"uniform",12,FALSE,FALSE,0.5,0.6,0.2,FALSE
3429,"synthetic","LSVCMM",200,21,5,"binary",1,1,1,1,0.8,0.8,0.7,"uniform",12,FALSE,FALSE,0.5,0.7,0.2,FALSE
3430,"synthetic","LSVCMM",200,21,5,"binary",1,1,1,1,0.8,0.8,0.7,"uniform",12,FALSE,FALSE,0.5,0.8,0.2,FALSE
3431,"synthetic","LSVCMM",200,21,5,"binary",1,1,1,1,0.8,0.8,0.7,"uniform",12,FALSE,FALSE,0.5,0.9,0.2,FALSE
3432,"synthetic","LSVCMM",200,21,5,"binary",1,1,1,1,0.8,0.8,0.7,"uniform",12,FALSE,FALSE,0.5,1,0.2,FALSE
3433,"synthetic","LSVCMM",200,21,5,"binary",1,1,1,1,0.8,0.8,0.7,"uniform",13,FALSE,FALSE,0.5,0,0.2,FALSE
3434,"synthetic","LSVCMM",200,21,5,"binary",1,1,1,1,0.8,0.8,0.7,"uniform",13,FALSE,FALSE,0.5,0.1,0.2,FALSE
3435,"synthetic","LSVCMM",200,21,5,"binary",1,1,1,1,0.8,0.8,0.7,"uniform",13,FALSE,FALSE,0.5,0.2,0.2,FALSE
3436,"synthetic","LSVCMM",200,21,5,"binary",1,1,1,1,0.8,0.8,0.7,"uniform",13,FALSE,FALSE,0.5,0.3,0.2,FALSE
3437,"synthetic","LSVCMM",200,21,5,"binary",1,1,1,1,0.8,0.8,0.7,"uniform",13,FALSE,FALSE,0.5,0.4,0.2,FALSE
3438,"synthetic","LSVCMM",200,21,5,"binary",1,1,1,1,0.8,0.8,0.7,"uniform",13,FALSE,FALSE,0.5,0.5,0.2,FALSE
3439,"synthetic","LSVCMM",200,21,5,"binary",1,1,1,1,0.8,0.8,0.7,"uniform",13,FALSE,FALSE,0.5,0.6,0.2,FALSE
3440,"synthetic","LSVCMM",200,21,5,"binary",1,1,1,1,0.8,0.8,0.7,"uniform",13,FALSE,FALSE,0.5,0.7,0.2,FALSE
3441,"synthetic","LSVCMM",200,21,5,"binary",1,1,1,1,0.8,0.8,0.7,"uniform",13,FALSE,FALSE,0.5,0.8,0.2,FALSE
3442,"synthetic","LSVCMM",200,21,5,"binary",1,1,1,1,0.8,0.8,0.7,"uniform",13,FALSE,FALSE,0.5,0.9,0.2,FALSE
3443,"synthetic","LSVCMM",200,21,5,"binary",1,1,1,1,0.8,0.8,0.7,"uniform",13,FALSE,FALSE,0.5,1,0.2,FALSE
3444,"synthetic","LSVCMM",200,21,5,"binary",1,1,1,1,0.8,0.8,0.7,"uniform",14,FALSE,FALSE,0.5,0,0.2,FALSE
3445,"synthetic","LSVCMM",200,21,5,"binary",1,1,1,1,0.8,0.8,0.7,"uniform",14,FALSE,FALSE,0.5,0.1,0.2,FALSE
3446,"synthetic","LSVCMM",200,21,5,"binary",1,1,1,1,0.8,0.8,0.7,"uniform",14,FALSE,FALSE,0.5,0.2,0.2,FALSE
3447,"synthetic","LSVCMM",200,21,5,"binary",1,1,1,1,0.8,0.8,0.7,"uniform",14,FALSE,FALSE,0.5,0.3,0.2,FALSE
3448,"synthetic","LSVCMM",200,21,5,"binary",1,1,1,1,0.8,0.8,0.7,"uniform",14,FALSE,FALSE,0.5,0.4,0.2,FALSE
3449,"synthetic","LSVCMM",200,21,5,"binary",1,1,1,1,0.8,0.8,0.7,"uniform",14,FALSE,FALSE,0.5,0.5,0.2,FALSE
3450,"synthetic","LSVCMM",200,21,5,"binary",1,1,1,1,0.8,0.8,0.7,"uniform",14,FALSE,FALSE,0.5,0.6,0.2,FALSE
3451,"synthetic","LSVCMM",200,21,5,"binary",1,1,1,1,0.8,0.8,0.7,"uniform",14,FALSE,FALSE,0.5,0.7,0.2,FALSE
3452,"synthetic","LSVCMM",200,21,5,"binary",1,1,1,1,0.8,0.8,0.7,"uniform",14,FALSE,FALSE,0.5,0.8,0.2,FALSE
3453,"synthetic","LSVCMM",200,21,5,"binary",1,1,1,1,0.8,0.8,0.7,"uniform",14,FALSE,FALSE,0.5,0.9,0.2,FALSE
3454,"synthetic","LSVCMM",200,21,5,"binary",1,1,1,1,0.8,0.8,0.7,"uniform",14,FALSE,FALSE,0.5,1,0.2,FALSE
3455,"synthetic","LSVCMM",200,21,5,"binary",1,1,1,1,0.8,0.8,0.7,"uniform",15,FALSE,FALSE,0.5,0,0.2,FALSE
3456,"synthetic","LSVCMM",200,21,5,"binary",1,1,1,1,0.8,0.8,0.7,"uniform",15,FALSE,FALSE,0.5,0.1,0.2,FALSE
3457,"synthetic","LSVCMM",200,21,5,"binary",1,1,1,1,0.8,0.8,0.7,"uniform",15,FALSE,FALSE,0.5,0.2,0.2,FALSE
3458,"synthetic","LSVCMM",200,21,5,"binary",1,1,1,1,0.8,0.8,0.7,"uniform",15,FALSE,FALSE,0.5,0.3,0.2,FALSE
3459,"synthetic","LSVCMM",200,21,5,"binary",1,1,1,1,0.8,0.8,0.7,"uniform",15,FALSE,FALSE,0.5,0.4,0.2,FALSE
3460,"synthetic","LSVCMM",200,21,5,"binary",1,1,1,1,0.8,0.8,0.7,"uniform",15,FALSE,FALSE,0.5,0.5,0.2,FALSE
3461,"synthetic","LSVCMM",200,21,5,"binary",1,1,1,1,0.8,0.8,0.7,"uniform",15,FALSE,FALSE,0.5,0.6,0.2,FALSE
3462,"synthetic","LSVCMM",200,21,5,"binary",1,1,1,1,0.8,0.8,0.7,"uniform",15,FALSE,FALSE,0.5,0.7,0.2,FALSE
3463,"synthetic","LSVCMM",200,21,5,"binary",1,1,1,1,0.8,0.8,0.7,"uniform",15,FALSE,FALSE,0.5,0.8,0.2,FALSE
3464,"synthetic","LSVCMM",200,21,5,"binary",1,1,1,1,0.8,0.8,0.7,"uniform",15,FALSE,FALSE,0.5,0.9,0.2,FALSE
3465,"synthetic","LSVCMM",200,21,5,"binary",1,1,1,1,0.8,0.8,0.7,"uniform",15,FALSE,FALSE,0.5,1,0.2,FALSE
3466,"synthetic","LSVCMM",200,21,5,"binary",1,1,1,1,0.8,0.8,0.7,"uniform",16,FALSE,FALSE,0.5,0,0.2,FALSE
3467,"synthetic","LSVCMM",200,21,5,"binary",1,1,1,1,0.8,0.8,0.7,"uniform",16,FALSE,FALSE,0.5,0.1,0.2,FALSE
3468,"synthetic","LSVCMM",200,21,5,"binary",1,1,1,1,0.8,0.8,0.7,"uniform",16,FALSE,FALSE,0.5,0.2,0.2,FALSE
3469,"synthetic","LSVCMM",200,21,5,"binary",1,1,1,1,0.8,0.8,0.7,"uniform",16,FALSE,FALSE,0.5,0.3,0.2,FALSE
3470,"synthetic","LSVCMM",200,21,5,"binary",1,1,1,1,0.8,0.8,0.7,"uniform",16,FALSE,FALSE,0.5,0.4,0.2,FALSE
3471,"synthetic","LSVCMM",200,21,5,"binary",1,1,1,1,0.8,0.8,0.7,"uniform",16,FALSE,FALSE,0.5,0.5,0.2,FALSE
3472,"synthetic","LSVCMM",200,21,5,"binary",1,1,1,1,0.8,0.8,0.7,"uniform",16,FALSE,FALSE,0.5,0.6,0.2,FALSE
3473,"synthetic","LSVCMM",200,21,5,"binary",1,1,1,1,0.8,0.8,0.7,"uniform",16,FALSE,FALSE,0.5,0.7,0.2,FALSE
3474,"synthetic","LSVCMM",200,21,5,"binary",1,1,1,1,0.8,0.8,0.7,"uniform",16,FALSE,FALSE,0.5,0.8,0.2,FALSE
3475,"synthetic","LSVCMM",200,21,5,"binary",1,1,1,1,0.8,0.8,0.7,"uniform",16,FALSE,FALSE,0.5,0.9,0.2,FALSE
3476,"synthetic","LSVCMM",200,21,5,"binary",1,1,1,1,0.8,0.8,0.7,"uniform",16,FALSE,FALSE,0.5,1,0.2,FALSE
3477,"synthetic","LSVCMM",200,21,5,"binary",1,1,1,1,0.8,0.8,0.7,"uniform",17,FALSE,FALSE,0.5,0,0.2,FALSE
3478,"synthetic","LSVCMM",200,21,5,"binary",1,1,1,1,0.8,0.8,0.7,"uniform",17,FALSE,FALSE,0.5,0.1,0.2,FALSE
3479,"synthetic","LSVCMM",200,21,5,"binary",1,1,1,1,0.8,0.8,0.7,"uniform",17,FALSE,FALSE,0.5,0.2,0.2,FALSE
3480,"synthetic","LSVCMM",200,21,5,"binary",1,1,1,1,0.8,0.8,0.7,"uniform",17,FALSE,FALSE,0.5,0.3,0.2,FALSE
3481,"synthetic","LSVCMM",200,21,5,"binary",1,1,1,1,0.8,0.8,0.7,"uniform",17,FALSE,FALSE,0.5,0.4,0.2,FALSE
3482,"synthetic","LSVCMM",200,21,5,"binary",1,1,1,1,0.8,0.8,0.7,"uniform",17,FALSE,FALSE,0.5,0.5,0.2,FALSE
3483,"synthetic","LSVCMM",200,21,5,"binary",1,1,1,1,0.8,0.8,0.7,"uniform",17,FALSE,FALSE,0.5,0.6,0.2,FALSE
3484,"synthetic","LSVCMM",200,21,5,"binary",1,1,1,1,0.8,0.8,0.7,"uniform",17,FALSE,FALSE,0.5,0.7,0.2,FALSE
3485,"synthetic","LSVCMM",200,21,5,"binary",1,1,1,1,0.8,0.8,0.7,"uniform",17,FALSE,FALSE,0.5,0.8,0.2,FALSE
3486,"synthetic","LSVCMM",200,21,5,"binary",1,1,1,1,0.8,0.8,0.7,"uniform",17,FALSE,FALSE,0.5,0.9,0.2,FALSE
3487,"synthetic","LSVCMM",200,21,5,"binary",1,1,1,1,0.8,0.8,0.7,"uniform",17,FALSE,FALSE,0.5,1,0.2,FALSE
3488,"synthetic","LSVCMM",200,21,5,"binary",1,1,1,1,0.8,0.8,0.7,"uniform",18,FALSE,FALSE,0.5,0,0.2,FALSE
3489,"synthetic","LSVCMM",200,21,5,"binary",1,1,1,1,0.8,0.8,0.7,"uniform",18,FALSE,FALSE,0.5,0.1,0.2,FALSE
3490,"synthetic","LSVCMM",200,21,5,"binary",1,1,1,1,0.8,0.8,0.7,"uniform",18,FALSE,FALSE,0.5,0.2,0.2,FALSE
3491,"synthetic","LSVCMM",200,21,5,"binary",1,1,1,1,0.8,0.8,0.7,"uniform",18,FALSE,FALSE,0.5,0.3,0.2,FALSE
3492,"synthetic","LSVCMM",200,21,5,"binary",1,1,1,1,0.8,0.8,0.7,"uniform",18,FALSE,FALSE,0.5,0.4,0.2,FALSE
3493,"synthetic","LSVCMM",200,21,5,"binary",1,1,1,1,0.8,0.8,0.7,"uniform",18,FALSE,FALSE,0.5,0.5,0.2,FALSE
3494,"synthetic","LSVCMM",200,21,5,"binary",1,1,1,1,0.8,0.8,0.7,"uniform",18,FALSE,FALSE,0.5,0.6,0.2,FALSE
3495,"synthetic","LSVCMM",200,21,5,"binary",1,1,1,1,0.8,0.8,0.7,"uniform",18,FALSE,FALSE,0.5,0.7,0.2,FALSE
3496,"synthetic","LSVCMM",200,21,5,"binary",1,1,1,1,0.8,0.8,0.7,"uniform",18,FALSE,FALSE,0.5,0.8,0.2,FALSE
3497,"synthetic","LSVCMM",200,21,5,"binary",1,1,1,1,0.8,0.8,0.7,"uniform",18,FALSE,FALSE,0.5,0.9,0.2,FALSE
3498,"synthetic","LSVCMM",200,21,5,"binary",1,1,1,1,0.8,0.8,0.7,"uniform",18,FALSE,FALSE,0.5,1,0.2,FALSE
3499,"synthetic","LSVCMM",200,21,5,"binary",1,1,1,1,0.8,0.8,0.7,"uniform",19,FALSE,FALSE,0.5,0,0.2,FALSE
3500,"synthetic","LSVCMM",200,21,5,"binary",1,1,1,1,0.8,0.8,0.7,"uniform",19,FALSE,FALSE,0.5,0.1,0.2,FALSE
3501,"synthetic","LSVCMM",200,21,5,"binary",1,1,1,1,0.8,0.8,0.7,"uniform",19,FALSE,FALSE,0.5,0.2,0.2,FALSE
3502,"synthetic","LSVCMM",200,21,5,"binary",1,1,1,1,0.8,0.8,0.7,"uniform",19,FALSE,FALSE,0.5,0.3,0.2,FALSE
3503,"synthetic","LSVCMM",200,21,5,"binary",1,1,1,1,0.8,0.8,0.7,"uniform",19,FALSE,FALSE,0.5,0.4,0.2,FALSE
3504,"synthetic","LSVCMM",200,21,5,"binary",1,1,1,1,0.8,0.8,0.7,"uniform",19,FALSE,FALSE,0.5,0.5,0.2,FALSE
3505,"synthetic","LSVCMM",200,21,5,"binary",1,1,1,1,0.8,0.8,0.7,"uniform",19,FALSE,FALSE,0.5,0.6,0.2,FALSE
3506,"synthetic","LSVCMM",200,21,5,"binary",1,1,1,1,0.8,0.8,0.7,"uniform",19,FALSE,FALSE,0.5,0.7,0.2,FALSE
3507,"synthetic","LSVCMM",200,21,5,"binary",1,1,1,1,0.8,0.8,0.7,"uniform",19,FALSE,FALSE,0.5,0.8,0.2,FALSE
3508,"synthetic","LSVCMM",200,21,5,"binary",1,1,1,1,0.8,0.8,0.7,"uniform",19,FALSE,FALSE,0.5,0.9,0.2,FALSE
3509,"synthetic","LSVCMM",200,21,5,"binary",1,1,1,1,0.8,0.8,0.7,"uniform",19,FALSE,FALSE,0.5,1,0.2,FALSE
3510,"synthetic","LSVCMM",200,21,5,"binary",1,1,1,1,0.8,0.8,0.7,"uniform",20,FALSE,FALSE,0.5,0,0.2,FALSE
3511,"synthetic","LSVCMM",200,21,5,"binary",1,1,1,1,0.8,0.8,0.7,"uniform",20,FALSE,FALSE,0.5,0.1,0.2,FALSE
3512,"synthetic","LSVCMM",200,21,5,"binary",1,1,1,1,0.8,0.8,0.7,"uniform",20,FALSE,FALSE,0.5,0.2,0.2,FALSE
3513,"synthetic","LSVCMM",200,21,5,"binary",1,1,1,1,0.8,0.8,0.7,"uniform",20,FALSE,FALSE,0.5,0.3,0.2,FALSE
3514,"synthetic","LSVCMM",200,21,5,"binary",1,1,1,1,0.8,0.8,0.7,"uniform",20,FALSE,FALSE,0.5,0.4,0.2,FALSE
3515,"synthetic","LSVCMM",200,21,5,"binary",1,1,1,1,0.8,0.8,0.7,"uniform",20,FALSE,FALSE,0.5,0.5,0.2,FALSE
3516,"synthetic","LSVCMM",200,21,5,"binary",1,1,1,1,0.8,0.8,0.7,"uniform",20,FALSE,FALSE,0.5,0.6,0.2,FALSE
3517,"synthetic","LSVCMM",200,21,5,"binary",1,1,1,1,0.8,0.8,0.7,"uniform",20,FALSE,FALSE,0.5,0.7,0.2,FALSE
3518,"synthetic","LSVCMM",200,21,5,"binary",1,1,1,1,0.8,0.8,0.7,"uniform",20,FALSE,FALSE,0.5,0.8,0.2,FALSE
3519,"synthetic","LSVCMM",200,21,5,"binary",1,1,1,1,0.8,0.8,0.7,"uniform",20,FALSE,FALSE,0.5,0.9,0.2,FALSE
3520,"synthetic","LSVCMM",200,21,5,"binary",1,1,1,1,0.8,0.8,0.7,"uniform",20,FALSE,FALSE,0.5,1,0.2,FALSE
3521,"synthetic","LSVCMM",200,21,5,"binary",1,1,1,1,0.8,0.8,0.7,"uniform",21,FALSE,FALSE,0.5,0,0.2,FALSE
3522,"synthetic","LSVCMM",200,21,5,"binary",1,1,1,1,0.8,0.8,0.7,"uniform",21,FALSE,FALSE,0.5,0.1,0.2,FALSE
3523,"synthetic","LSVCMM",200,21,5,"binary",1,1,1,1,0.8,0.8,0.7,"uniform",21,FALSE,FALSE,0.5,0.2,0.2,FALSE
3524,"synthetic","LSVCMM",200,21,5,"binary",1,1,1,1,0.8,0.8,0.7,"uniform",21,FALSE,FALSE,0.5,0.3,0.2,FALSE
3525,"synthetic","LSVCMM",200,21,5,"binary",1,1,1,1,0.8,0.8,0.7,"uniform",21,FALSE,FALSE,0.5,0.4,0.2,FALSE
3526,"synthetic","LSVCMM",200,21,5,"binary",1,1,1,1,0.8,0.8,0.7,"uniform",21,FALSE,FALSE,0.5,0.5,0.2,FALSE
3527,"synthetic","LSVCMM",200,21,5,"binary",1,1,1,1,0.8,0.8,0.7,"uniform",21,FALSE,FALSE,0.5,0.6,0.2,FALSE
3528,"synthetic","LSVCMM",200,21,5,"binary",1,1,1,1,0.8,0.8,0.7,"uniform",21,FALSE,FALSE,0.5,0.7,0.2,FALSE
3529,"synthetic","LSVCMM",200,21,5,"binary",1,1,1,1,0.8,0.8,0.7,"uniform",21,FALSE,FALSE,0.5,0.8,0.2,FALSE
3530,"synthetic","LSVCMM",200,21,5,"binary",1,1,1,1,0.8,0.8,0.7,"uniform",21,FALSE,FALSE,0.5,0.9,0.2,FALSE
3531,"synthetic","LSVCMM",200,21,5,"binary",1,1,1,1,0.8,0.8,0.7,"uniform",21,FALSE,FALSE,0.5,1,0.2,FALSE
3532,"synthetic","LSVCMM",200,21,5,"binary",1,1,1,1,0.8,0.8,0.7,"uniform",22,FALSE,FALSE,0.5,0,0.2,FALSE
3533,"synthetic","LSVCMM",200,21,5,"binary",1,1,1,1,0.8,0.8,0.7,"uniform",22,FALSE,FALSE,0.5,0.1,0.2,FALSE
3534,"synthetic","LSVCMM",200,21,5,"binary",1,1,1,1,0.8,0.8,0.7,"uniform",22,FALSE,FALSE,0.5,0.2,0.2,FALSE
3535,"synthetic","LSVCMM",200,21,5,"binary",1,1,1,1,0.8,0.8,0.7,"uniform",22,FALSE,FALSE,0.5,0.3,0.2,FALSE
3536,"synthetic","LSVCMM",200,21,5,"binary",1,1,1,1,0.8,0.8,0.7,"uniform",22,FALSE,FALSE,0.5,0.4,0.2,FALSE
3537,"synthetic","LSVCMM",200,21,5,"binary",1,1,1,1,0.8,0.8,0.7,"uniform",22,FALSE,FALSE,0.5,0.5,0.2,FALSE
3538,"synthetic","LSVCMM",200,21,5,"binary",1,1,1,1,0.8,0.8,0.7,"uniform",22,FALSE,FALSE,0.5,0.6,0.2,FALSE
3539,"synthetic","LSVCMM",200,21,5,"binary",1,1,1,1,0.8,0.8,0.7,"uniform",22,FALSE,FALSE,0.5,0.7,0.2,FALSE
3540,"synthetic","LSVCMM",200,21,5,"binary",1,1,1,1,0.8,0.8,0.7,"uniform",22,FALSE,FALSE,0.5,0.8,0.2,FALSE
3541,"synthetic","LSVCMM",200,21,5,"binary",1,1,1,1,0.8,0.8,0.7,"uniform",22,FALSE,FALSE,0.5,0.9,0.2,FALSE
3542,"synthetic","LSVCMM",200,21,5,"binary",1,1,1,1,0.8,0.8,0.7,"uniform",22,FALSE,FALSE,0.5,1,0.2,FALSE
3543,"synthetic","LSVCMM",200,21,5,"binary",1,1,1,1,0.8,0.8,0.7,"uniform",23,FALSE,FALSE,0.5,0,0.2,FALSE
3544,"synthetic","LSVCMM",200,21,5,"binary",1,1,1,1,0.8,0.8,0.7,"uniform",23,FALSE,FALSE,0.5,0.1,0.2,FALSE
3545,"synthetic","LSVCMM",200,21,5,"binary",1,1,1,1,0.8,0.8,0.7,"uniform",23,FALSE,FALSE,0.5,0.2,0.2,FALSE
3546,"synthetic","LSVCMM",200,21,5,"binary",1,1,1,1,0.8,0.8,0.7,"uniform",23,FALSE,FALSE,0.5,0.3,0.2,FALSE
3547,"synthetic","LSVCMM",200,21,5,"binary",1,1,1,1,0.8,0.8,0.7,"uniform",23,FALSE,FALSE,0.5,0.4,0.2,FALSE
3548,"synthetic","LSVCMM",200,21,5,"binary",1,1,1,1,0.8,0.8,0.7,"uniform",23,FALSE,FALSE,0.5,0.5,0.2,FALSE
3549,"synthetic","LSVCMM",200,21,5,"binary",1,1,1,1,0.8,0.8,0.7,"uniform",23,FALSE,FALSE,0.5,0.6,0.2,FALSE
3550,"synthetic","LSVCMM",200,21,5,"binary",1,1,1,1,0.8,0.8,0.7,"uniform",23,FALSE,FALSE,0.5,0.7,0.2,FALSE
3551,"synthetic","LSVCMM",200,21,5,"binary",1,1,1,1,0.8,0.8,0.7,"uniform",23,FALSE,FALSE,0.5,0.8,0.2,FALSE
3552,"synthetic","LSVCMM",200,21,5,"binary",1,1,1,1,0.8,0.8,0.7,"uniform",23,FALSE,FALSE,0.5,0.9,0.2,FALSE
3553,"synthetic","LSVCMM",200,21,5,"binary",1,1,1,1,0.8,0.8,0.7,"uniform",23,FALSE,FALSE,0.5,1,0.2,FALSE
3554,"synthetic","LSVCMM",200,21,5,"binary",1,1,1,1,0.8,0.8,0.7,"uniform",24,FALSE,FALSE,0.5,0,0.2,FALSE
3555,"synthetic","LSVCMM",200,21,5,"binary",1,1,1,1,0.8,0.8,0.7,"uniform",24,FALSE,FALSE,0.5,0.1,0.2,FALSE
3556,"synthetic","LSVCMM",200,21,5,"binary",1,1,1,1,0.8,0.8,0.7,"uniform",24,FALSE,FALSE,0.5,0.2,0.2,FALSE
3557,"synthetic","LSVCMM",200,21,5,"binary",1,1,1,1,0.8,0.8,0.7,"uniform",24,FALSE,FALSE,0.5,0.3,0.2,FALSE
3558,"synthetic","LSVCMM",200,21,5,"binary",1,1,1,1,0.8,0.8,0.7,"uniform",24,FALSE,FALSE,0.5,0.4,0.2,FALSE
3559,"synthetic","LSVCMM",200,21,5,"binary",1,1,1,1,0.8,0.8,0.7,"uniform",24,FALSE,FALSE,0.5,0.5,0.2,FALSE
3560,"synthetic","LSVCMM",200,21,5,"binary",1,1,1,1,0.8,0.8,0.7,"uniform",24,FALSE,FALSE,0.5,0.6,0.2,FALSE
3561,"synthetic","LSVCMM",200,21,5,"binary",1,1,1,1,0.8,0.8,0.7,"uniform",24,FALSE,FALSE,0.5,0.7,0.2,FALSE
3562,"synthetic","LSVCMM",200,21,5,"binary",1,1,1,1,0.8,0.8,0.7,"uniform",24,FALSE,FALSE,0.5,0.8,0.2,FALSE
3563,"synthetic","LSVCMM",200,21,5,"binary",1,1,1,1,0.8,0.8,0.7,"uniform",24,FALSE,FALSE,0.5,0.9,0.2,FALSE
3564,"synthetic","LSVCMM",200,21,5,"binary",1,1,1,1,0.8,0.8,0.7,"uniform",24,FALSE,FALSE,0.5,1,0.2,FALSE
3565,"synthetic","LSVCMM",200,21,5,"binary",1,1,1,1,0.8,0.8,0.7,"uniform",25,FALSE,FALSE,0.5,0,0.2,FALSE
3566,"synthetic","LSVCMM",200,21,5,"binary",1,1,1,1,0.8,0.8,0.7,"uniform",25,FALSE,FALSE,0.5,0.1,0.2,FALSE
3567,"synthetic","LSVCMM",200,21,5,"binary",1,1,1,1,0.8,0.8,0.7,"uniform",25,FALSE,FALSE,0.5,0.2,0.2,FALSE
3568,"synthetic","LSVCMM",200,21,5,"binary",1,1,1,1,0.8,0.8,0.7,"uniform",25,FALSE,FALSE,0.5,0.3,0.2,FALSE
3569,"synthetic","LSVCMM",200,21,5,"binary",1,1,1,1,0.8,0.8,0.7,"uniform",25,FALSE,FALSE,0.5,0.4,0.2,FALSE
3570,"synthetic","LSVCMM",200,21,5,"binary",1,1,1,1,0.8,0.8,0.7,"uniform",25,FALSE,FALSE,0.5,0.5,0.2,FALSE
3571,"synthetic","LSVCMM",200,21,5,"binary",1,1,1,1,0.8,0.8,0.7,"uniform",25,FALSE,FALSE,0.5,0.6,0.2,FALSE
3572,"synthetic","LSVCMM",200,21,5,"binary",1,1,1,1,0.8,0.8,0.7,"uniform",25,FALSE,FALSE,0.5,0.7,0.2,FALSE
3573,"synthetic","LSVCMM",200,21,5,"binary",1,1,1,1,0.8,0.8,0.7,"uniform",25,FALSE,FALSE,0.5,0.8,0.2,FALSE
3574,"synthetic","LSVCMM",200,21,5,"binary",1,1,1,1,0.8,0.8,0.7,"uniform",25,FALSE,FALSE,0.5,0.9,0.2,FALSE
3575,"synthetic","LSVCMM",200,21,5,"binary",1,1,1,1,0.8,0.8,0.7,"uniform",25,FALSE,FALSE,0.5,1,0.2,FALSE
3576,"synthetic","LSVCMM",200,21,5,"binary",1,1,1,1,0.8,0.8,0.7,"uniform",26,FALSE,FALSE,0.5,0,0.2,FALSE
3577,"synthetic","LSVCMM",200,21,5,"binary",1,1,1,1,0.8,0.8,0.7,"uniform",26,FALSE,FALSE,0.5,0.1,0.2,FALSE
3578,"synthetic","LSVCMM",200,21,5,"binary",1,1,1,1,0.8,0.8,0.7,"uniform",26,FALSE,FALSE,0.5,0.2,0.2,FALSE
3579,"synthetic","LSVCMM",200,21,5,"binary",1,1,1,1,0.8,0.8,0.7,"uniform",26,FALSE,FALSE,0.5,0.3,0.2,FALSE
3580,"synthetic","LSVCMM",200,21,5,"binary",1,1,1,1,0.8,0.8,0.7,"uniform",26,FALSE,FALSE,0.5,0.4,0.2,FALSE
3581,"synthetic","LSVCMM",200,21,5,"binary",1,1,1,1,0.8,0.8,0.7,"uniform",26,FALSE,FALSE,0.5,0.5,0.2,FALSE
3582,"synthetic","LSVCMM",200,21,5,"binary",1,1,1,1,0.8,0.8,0.7,"uniform",26,FALSE,FALSE,0.5,0.6,0.2,FALSE
3583,"synthetic","LSVCMM",200,21,5,"binary",1,1,1,1,0.8,0.8,0.7,"uniform",26,FALSE,FALSE,0.5,0.7,0.2,FALSE
3584,"synthetic","LSVCMM",200,21,5,"binary",1,1,1,1,0.8,0.8,0.7,"uniform",26,FALSE,FALSE,0.5,0.8,0.2,FALSE
3585,"synthetic","LSVCMM",200,21,5,"binary",1,1,1,1,0.8,0.8,0.7,"uniform",26,FALSE,FALSE,0.5,0.9,0.2,FALSE
3586,"synthetic","LSVCMM",200,21,5,"binary",1,1,1,1,0.8,0.8,0.7,"uniform",26,FALSE,FALSE,0.5,1,0.2,FALSE
3587,"synthetic","LSVCMM",200,21,5,"binary",1,1,1,1,0.8,0.8,0.7,"uniform",27,FALSE,FALSE,0.5,0,0.2,FALSE
3588,"synthetic","LSVCMM",200,21,5,"binary",1,1,1,1,0.8,0.8,0.7,"uniform",27,FALSE,FALSE,0.5,0.1,0.2,FALSE
3589,"synthetic","LSVCMM",200,21,5,"binary",1,1,1,1,0.8,0.8,0.7,"uniform",27,FALSE,FALSE,0.5,0.2,0.2,FALSE
3590,"synthetic","LSVCMM",200,21,5,"binary",1,1,1,1,0.8,0.8,0.7,"uniform",27,FALSE,FALSE,0.5,0.3,0.2,FALSE
3591,"synthetic","LSVCMM",200,21,5,"binary",1,1,1,1,0.8,0.8,0.7,"uniform",27,FALSE,FALSE,0.5,0.4,0.2,FALSE
3592,"synthetic","LSVCMM",200,21,5,"binary",1,1,1,1,0.8,0.8,0.7,"uniform",27,FALSE,FALSE,0.5,0.5,0.2,FALSE
3593,"synthetic","LSVCMM",200,21,5,"binary",1,1,1,1,0.8,0.8,0.7,"uniform",27,FALSE,FALSE,0.5,0.6,0.2,FALSE
3594,"synthetic","LSVCMM",200,21,5,"binary",1,1,1,1,0.8,0.8,0.7,"uniform",27,FALSE,FALSE,0.5,0.7,0.2,FALSE
3595,"synthetic","LSVCMM",200,21,5,"binary",1,1,1,1,0.8,0.8,0.7,"uniform",27,FALSE,FALSE,0.5,0.8,0.2,FALSE
3596,"synthetic","LSVCMM",200,21,5,"binary",1,1,1,1,0.8,0.8,0.7,"uniform",27,FALSE,FALSE,0.5,0.9,0.2,FALSE
3597,"synthetic","LSVCMM",200,21,5,"binary",1,1,1,1,0.8,0.8,0.7,"uniform",27,FALSE,FALSE,0.5,1,0.2,FALSE
3598,"synthetic","LSVCMM",200,21,5,"binary",1,1,1,1,0.8,0.8,0.7,"uniform",28,FALSE,FALSE,0.5,0,0.2,FALSE
3599,"synthetic","LSVCMM",200,21,5,"binary",1,1,1,1,0.8,0.8,0.7,"uniform",28,FALSE,FALSE,0.5,0.1,0.2,FALSE
3600,"synthetic","LSVCMM",200,21,5,"binary",1,1,1,1,0.8,0.8,0.7,"uniform",28,FALSE,FALSE,0.5,0.2,0.2,FALSE
3601,"synthetic","LSVCMM",200,21,5,"binary",1,1,1,1,0.8,0.8,0.7,"uniform",28,FALSE,FALSE,0.5,0.3,0.2,FALSE
3602,"synthetic","LSVCMM",200,21,5,"binary",1,1,1,1,0.8,0.8,0.7,"uniform",28,FALSE,FALSE,0.5,0.4,0.2,FALSE
3603,"synthetic","LSVCMM",200,21,5,"binary",1,1,1,1,0.8,0.8,0.7,"uniform",28,FALSE,FALSE,0.5,0.5,0.2,FALSE
3604,"synthetic","LSVCMM",200,21,5,"binary",1,1,1,1,0.8,0.8,0.7,"uniform",28,FALSE,FALSE,0.5,0.6,0.2,FALSE
3605,"synthetic","LSVCMM",200,21,5,"binary",1,1,1,1,0.8,0.8,0.7,"uniform",28,FALSE,FALSE,0.5,0.7,0.2,FALSE
3606,"synthetic","LSVCMM",200,21,5,"binary",1,1,1,1,0.8,0.8,0.7,"uniform",28,FALSE,FALSE,0.5,0.8,0.2,FALSE
3607,"synthetic","LSVCMM",200,21,5,"binary",1,1,1,1,0.8,0.8,0.7,"uniform",28,FALSE,FALSE,0.5,0.9,0.2,FALSE
3608,"synthetic","LSVCMM",200,21,5,"binary",1,1,1,1,0.8,0.8,0.7,"uniform",28,FALSE,FALSE,0.5,1,0.2,FALSE
3609,"synthetic","LSVCMM",200,21,5,"binary",1,1,1,1,0.8,0.8,0.7,"uniform",29,FALSE,FALSE,0.5,0,0.2,FALSE
3610,"synthetic","LSVCMM",200,21,5,"binary",1,1,1,1,0.8,0.8,0.7,"uniform",29,FALSE,FALSE,0.5,0.1,0.2,FALSE
3611,"synthetic","LSVCMM",200,21,5,"binary",1,1,1,1,0.8,0.8,0.7,"uniform",29,FALSE,FALSE,0.5,0.2,0.2,FALSE
3612,"synthetic","LSVCMM",200,21,5,"binary",1,1,1,1,0.8,0.8,0.7,"uniform",29,FALSE,FALSE,0.5,0.3,0.2,FALSE
3613,"synthetic","LSVCMM",200,21,5,"binary",1,1,1,1,0.8,0.8,0.7,"uniform",29,FALSE,FALSE,0.5,0.4,0.2,FALSE
3614,"synthetic","LSVCMM",200,21,5,"binary",1,1,1,1,0.8,0.8,0.7,"uniform",29,FALSE,FALSE,0.5,0.5,0.2,FALSE
3615,"synthetic","LSVCMM",200,21,5,"binary",1,1,1,1,0.8,0.8,0.7,"uniform",29,FALSE,FALSE,0.5,0.6,0.2,FALSE
3616,"synthetic","LSVCMM",200,21,5,"binary",1,1,1,1,0.8,0.8,0.7,"uniform",29,FALSE,FALSE,0.5,0.7,0.2,FALSE
3617,"synthetic","LSVCMM",200,21,5,"binary",1,1,1,1,0.8,0.8,0.7,"uniform",29,FALSE,FALSE,0.5,0.8,0.2,FALSE
3618,"synthetic","LSVCMM",200,21,5,"binary",1,1,1,1,0.8,0.8,0.7,"uniform",29,FALSE,FALSE,0.5,0.9,0.2,FALSE
3619,"synthetic","LSVCMM",200,21,5,"binary",1,1,1,1,0.8,0.8,0.7,"uniform",29,FALSE,FALSE,0.5,1,0.2,FALSE
3620,"synthetic","LSVCMM",200,21,5,"binary",1,1,1,1,0.8,0.8,0.7,"uniform",30,FALSE,FALSE,0.5,0,0.2,FALSE
3621,"synthetic","LSVCMM",200,21,5,"binary",1,1,1,1,0.8,0.8,0.7,"uniform",30,FALSE,FALSE,0.5,0.1,0.2,FALSE
3622,"synthetic","LSVCMM",200,21,5,"binary",1,1,1,1,0.8,0.8,0.7,"uniform",30,FALSE,FALSE,0.5,0.2,0.2,FALSE
3623,"synthetic","LSVCMM",200,21,5,"binary",1,1,1,1,0.8,0.8,0.7,"uniform",30,FALSE,FALSE,0.5,0.3,0.2,FALSE
3624,"synthetic","LSVCMM",200,21,5,"binary",1,1,1,1,0.8,0.8,0.7,"uniform",30,FALSE,FALSE,0.5,0.4,0.2,FALSE
3625,"synthetic","LSVCMM",200,21,5,"binary",1,1,1,1,0.8,0.8,0.7,"uniform",30,FALSE,FALSE,0.5,0.5,0.2,FALSE
3626,"synthetic","LSVCMM",200,21,5,"binary",1,1,1,1,0.8,0.8,0.7,"uniform",30,FALSE,FALSE,0.5,0.6,0.2,FALSE
3627,"synthetic","LSVCMM",200,21,5,"binary",1,1,1,1,0.8,0.8,0.7,"uniform",30,FALSE,FALSE,0.5,0.7,0.2,FALSE
3628,"synthetic","LSVCMM",200,21,5,"binary",1,1,1,1,0.8,0.8,0.7,"uniform",30,FALSE,FALSE,0.5,0.8,0.2,FALSE
3629,"synthetic","LSVCMM",200,21,5,"binary",1,1,1,1,0.8,0.8,0.7,"uniform",30,FALSE,FALSE,0.5,0.9,0.2,FALSE
3630,"synthetic","LSVCMM",200,21,5,"binary",1,1,1,1,0.8,0.8,0.7,"uniform",30,FALSE,FALSE,0.5,1,0.2,FALSE
3631,"synthetic","LSVCMM",200,21,5,"binary",1,1,1,1,0.8,0.8,0.7,"uniform",31,FALSE,FALSE,0.5,0,0.2,FALSE
3632,"synthetic","LSVCMM",200,21,5,"binary",1,1,1,1,0.8,0.8,0.7,"uniform",31,FALSE,FALSE,0.5,0.1,0.2,FALSE
3633,"synthetic","LSVCMM",200,21,5,"binary",1,1,1,1,0.8,0.8,0.7,"uniform",31,FALSE,FALSE,0.5,0.2,0.2,FALSE
3634,"synthetic","LSVCMM",200,21,5,"binary",1,1,1,1,0.8,0.8,0.7,"uniform",31,FALSE,FALSE,0.5,0.3,0.2,FALSE
3635,"synthetic","LSVCMM",200,21,5,"binary",1,1,1,1,0.8,0.8,0.7,"uniform",31,FALSE,FALSE,0.5,0.4,0.2,FALSE
3636,"synthetic","LSVCMM",200,21,5,"binary",1,1,1,1,0.8,0.8,0.7,"uniform",31,FALSE,FALSE,0.5,0.5,0.2,FALSE
3637,"synthetic","LSVCMM",200,21,5,"binary",1,1,1,1,0.8,0.8,0.7,"uniform",31,FALSE,FALSE,0.5,0.6,0.2,FALSE
3638,"synthetic","LSVCMM",200,21,5,"binary",1,1,1,1,0.8,0.8,0.7,"uniform",31,FALSE,FALSE,0.5,0.7,0.2,FALSE
3639,"synthetic","LSVCMM",200,21,5,"binary",1,1,1,1,0.8,0.8,0.7,"uniform",31,FALSE,FALSE,0.5,0.8,0.2,FALSE
3640,"synthetic","LSVCMM",200,21,5,"binary",1,1,1,1,0.8,0.8,0.7,"uniform",31,FALSE,FALSE,0.5,0.9,0.2,FALSE
3641,"synthetic","LSVCMM",200,21,5,"binary",1,1,1,1,0.8,0.8,0.7,"uniform",31,FALSE,FALSE,0.5,1,0.2,FALSE
3642,"synthetic","LSVCMM",200,21,5,"binary",1,1,1,1,0.8,0.8,0.7,"uniform",32,FALSE,FALSE,0.5,0,0.2,FALSE
3643,"synthetic","LSVCMM",200,21,5,"binary",1,1,1,1,0.8,0.8,0.7,"uniform",32,FALSE,FALSE,0.5,0.1,0.2,FALSE
3644,"synthetic","LSVCMM",200,21,5,"binary",1,1,1,1,0.8,0.8,0.7,"uniform",32,FALSE,FALSE,0.5,0.2,0.2,FALSE
3645,"synthetic","LSVCMM",200,21,5,"binary",1,1,1,1,0.8,0.8,0.7,"uniform",32,FALSE,FALSE,0.5,0.3,0.2,FALSE
3646,"synthetic","LSVCMM",200,21,5,"binary",1,1,1,1,0.8,0.8,0.7,"uniform",32,FALSE,FALSE,0.5,0.4,0.2,FALSE
3647,"synthetic","LSVCMM",200,21,5,"binary",1,1,1,1,0.8,0.8,0.7,"uniform",32,FALSE,FALSE,0.5,0.5,0.2,FALSE
3648,"synthetic","LSVCMM",200,21,5,"binary",1,1,1,1,0.8,0.8,0.7,"uniform",32,FALSE,FALSE,0.5,0.6,0.2,FALSE
3649,"synthetic","LSVCMM",200,21,5,"binary",1,1,1,1,0.8,0.8,0.7,"uniform",32,FALSE,FALSE,0.5,0.7,0.2,FALSE
3650,"synthetic","LSVCMM",200,21,5,"binary",1,1,1,1,0.8,0.8,0.7,"uniform",32,FALSE,FALSE,0.5,0.8,0.2,FALSE
3651,"synthetic","LSVCMM",200,21,5,"binary",1,1,1,1,0.8,0.8,0.7,"uniform",32,FALSE,FALSE,0.5,0.9,0.2,FALSE
3652,"synthetic","LSVCMM",200,21,5,"binary",1,1,1,1,0.8,0.8,0.7,"uniform",32,FALSE,FALSE,0.5,1,0.2,FALSE
3653,"synthetic","LSVCMM",200,21,5,"binary",1,1,1,1,0.8,0.8,0.7,"uniform",33,FALSE,FALSE,0.5,0,0.2,FALSE
3654,"synthetic","LSVCMM",200,21,5,"binary",1,1,1,1,0.8,0.8,0.7,"uniform",33,FALSE,FALSE,0.5,0.1,0.2,FALSE
3655,"synthetic","LSVCMM",200,21,5,"binary",1,1,1,1,0.8,0.8,0.7,"uniform",33,FALSE,FALSE,0.5,0.2,0.2,FALSE
3656,"synthetic","LSVCMM",200,21,5,"binary",1,1,1,1,0.8,0.8,0.7,"uniform",33,FALSE,FALSE,0.5,0.3,0.2,FALSE
3657,"synthetic","LSVCMM",200,21,5,"binary",1,1,1,1,0.8,0.8,0.7,"uniform",33,FALSE,FALSE,0.5,0.4,0.2,FALSE
3658,"synthetic","LSVCMM",200,21,5,"binary",1,1,1,1,0.8,0.8,0.7,"uniform",33,FALSE,FALSE,0.5,0.5,0.2,FALSE
3659,"synthetic","LSVCMM",200,21,5,"binary",1,1,1,1,0.8,0.8,0.7,"uniform",33,FALSE,FALSE,0.5,0.6,0.2,FALSE
3660,"synthetic","LSVCMM",200,21,5,"binary",1,1,1,1,0.8,0.8,0.7,"uniform",33,FALSE,FALSE,0.5,0.7,0.2,FALSE
3661,"synthetic","LSVCMM",200,21,5,"binary",1,1,1,1,0.8,0.8,0.7,"uniform",33,FALSE,FALSE,0.5,0.8,0.2,FALSE
3662,"synthetic","LSVCMM",200,21,5,"binary",1,1,1,1,0.8,0.8,0.7,"uniform",33,FALSE,FALSE,0.5,0.9,0.2,FALSE
3663,"synthetic","LSVCMM",200,21,5,"binary",1,1,1,1,0.8,0.8,0.7,"uniform",33,FALSE,FALSE,0.5,1,0.2,FALSE
3664,"synthetic","LSVCMM",200,21,5,"binary",1,1,1,1,0.8,0.8,0.7,"uniform",34,FALSE,FALSE,0.5,0,0.2,FALSE
3665,"synthetic","LSVCMM",200,21,5,"binary",1,1,1,1,0.8,0.8,0.7,"uniform",34,FALSE,FALSE,0.5,0.1,0.2,FALSE
3666,"synthetic","LSVCMM",200,21,5,"binary",1,1,1,1,0.8,0.8,0.7,"uniform",34,FALSE,FALSE,0.5,0.2,0.2,FALSE
3667,"synthetic","LSVCMM",200,21,5,"binary",1,1,1,1,0.8,0.8,0.7,"uniform",34,FALSE,FALSE,0.5,0.3,0.2,FALSE
3668,"synthetic","LSVCMM",200,21,5,"binary",1,1,1,1,0.8,0.8,0.7,"uniform",34,FALSE,FALSE,0.5,0.4,0.2,FALSE
3669,"synthetic","LSVCMM",200,21,5,"binary",1,1,1,1,0.8,0.8,0.7,"uniform",34,FALSE,FALSE,0.5,0.5,0.2,FALSE
3670,"synthetic","LSVCMM",200,21,5,"binary",1,1,1,1,0.8,0.8,0.7,"uniform",34,FALSE,FALSE,0.5,0.6,0.2,FALSE
3671,"synthetic","LSVCMM",200,21,5,"binary",1,1,1,1,0.8,0.8,0.7,"uniform",34,FALSE,FALSE,0.5,0.7,0.2,FALSE
3672,"synthetic","LSVCMM",200,21,5,"binary",1,1,1,1,0.8,0.8,0.7,"uniform",34,FALSE,FALSE,0.5,0.8,0.2,FALSE
3673,"synthetic","LSVCMM",200,21,5,"binary",1,1,1,1,0.8,0.8,0.7,"uniform",34,FALSE,FALSE,0.5,0.9,0.2,FALSE
3674,"synthetic","LSVCMM",200,21,5,"binary",1,1,1,1,0.8,0.8,0.7,"uniform",34,FALSE,FALSE,0.5,1,0.2,FALSE
3675,"synthetic","LSVCMM",200,21,5,"binary",1,1,1,1,0.8,0.8,0.7,"uniform",35,FALSE,FALSE,0.5,0,0.2,FALSE
3676,"synthetic","LSVCMM",200,21,5,"binary",1,1,1,1,0.8,0.8,0.7,"uniform",35,FALSE,FALSE,0.5,0.1,0.2,FALSE
3677,"synthetic","LSVCMM",200,21,5,"binary",1,1,1,1,0.8,0.8,0.7,"uniform",35,FALSE,FALSE,0.5,0.2,0.2,FALSE
3678,"synthetic","LSVCMM",200,21,5,"binary",1,1,1,1,0.8,0.8,0.7,"uniform",35,FALSE,FALSE,0.5,0.3,0.2,FALSE
3679,"synthetic","LSVCMM",200,21,5,"binary",1,1,1,1,0.8,0.8,0.7,"uniform",35,FALSE,FALSE,0.5,0.4,0.2,FALSE
3680,"synthetic","LSVCMM",200,21,5,"binary",1,1,1,1,0.8,0.8,0.7,"uniform",35,FALSE,FALSE,0.5,0.5,0.2,FALSE
3681,"synthetic","LSVCMM",200,21,5,"binary",1,1,1,1,0.8,0.8,0.7,"uniform",35,FALSE,FALSE,0.5,0.6,0.2,FALSE
3682,"synthetic","LSVCMM",200,21,5,"binary",1,1,1,1,0.8,0.8,0.7,"uniform",35,FALSE,FALSE,0.5,0.7,0.2,FALSE
3683,"synthetic","LSVCMM",200,21,5,"binary",1,1,1,1,0.8,0.8,0.7,"uniform",35,FALSE,FALSE,0.5,0.8,0.2,FALSE
3684,"synthetic","LSVCMM",200,21,5,"binary",1,1,1,1,0.8,0.8,0.7,"uniform",35,FALSE,FALSE,0.5,0.9,0.2,FALSE
3685,"synthetic","LSVCMM",200,21,5,"binary",1,1,1,1,0.8,0.8,0.7,"uniform",35,FALSE,FALSE,0.5,1,0.2,FALSE
3686,"synthetic","LSVCMM",200,21,5,"binary",1,1,1,1,0.8,0.8,0.7,"uniform",36,FALSE,FALSE,0.5,0,0.2,FALSE
3687,"synthetic","LSVCMM",200,21,5,"binary",1,1,1,1,0.8,0.8,0.7,"uniform",36,FALSE,FALSE,0.5,0.1,0.2,FALSE
3688,"synthetic","LSVCMM",200,21,5,"binary",1,1,1,1,0.8,0.8,0.7,"uniform",36,FALSE,FALSE,0.5,0.2,0.2,FALSE
3689,"synthetic","LSVCMM",200,21,5,"binary",1,1,1,1,0.8,0.8,0.7,"uniform",36,FALSE,FALSE,0.5,0.3,0.2,FALSE
3690,"synthetic","LSVCMM",200,21,5,"binary",1,1,1,1,0.8,0.8,0.7,"uniform",36,FALSE,FALSE,0.5,0.4,0.2,FALSE
3691,"synthetic","LSVCMM",200,21,5,"binary",1,1,1,1,0.8,0.8,0.7,"uniform",36,FALSE,FALSE,0.5,0.5,0.2,FALSE
3692,"synthetic","LSVCMM",200,21,5,"binary",1,1,1,1,0.8,0.8,0.7,"uniform",36,FALSE,FALSE,0.5,0.6,0.2,FALSE
3693,"synthetic","LSVCMM",200,21,5,"binary",1,1,1,1,0.8,0.8,0.7,"uniform",36,FALSE,FALSE,0.5,0.7,0.2,FALSE
3694,"synthetic","LSVCMM",200,21,5,"binary",1,1,1,1,0.8,0.8,0.7,"uniform",36,FALSE,FALSE,0.5,0.8,0.2,FALSE
3695,"synthetic","LSVCMM",200,21,5,"binary",1,1,1,1,0.8,0.8,0.7,"uniform",36,FALSE,FALSE,0.5,0.9,0.2,FALSE
3696,"synthetic","LSVCMM",200,21,5,"binary",1,1,1,1,0.8,0.8,0.7,"uniform",36,FALSE,FALSE,0.5,1,0.2,FALSE
3697,"synthetic","LSVCMM",200,21,5,"binary",1,1,1,1,0.8,0.8,0.7,"uniform",37,FALSE,FALSE,0.5,0,0.2,FALSE
3698,"synthetic","LSVCMM",200,21,5,"binary",1,1,1,1,0.8,0.8,0.7,"uniform",37,FALSE,FALSE,0.5,0.1,0.2,FALSE
3699,"synthetic","LSVCMM",200,21,5,"binary",1,1,1,1,0.8,0.8,0.7,"uniform",37,FALSE,FALSE,0.5,0.2,0.2,FALSE
3700,"synthetic","LSVCMM",200,21,5,"binary",1,1,1,1,0.8,0.8,0.7,"uniform",37,FALSE,FALSE,0.5,0.3,0.2,FALSE
3701,"synthetic","LSVCMM",200,21,5,"binary",1,1,1,1,0.8,0.8,0.7,"uniform",37,FALSE,FALSE,0.5,0.4,0.2,FALSE
3702,"synthetic","LSVCMM",200,21,5,"binary",1,1,1,1,0.8,0.8,0.7,"uniform",37,FALSE,FALSE,0.5,0.5,0.2,FALSE
3703,"synthetic","LSVCMM",200,21,5,"binary",1,1,1,1,0.8,0.8,0.7,"uniform",37,FALSE,FALSE,0.5,0.6,0.2,FALSE
3704,"synthetic","LSVCMM",200,21,5,"binary",1,1,1,1,0.8,0.8,0.7,"uniform",37,FALSE,FALSE,0.5,0.7,0.2,FALSE
3705,"synthetic","LSVCMM",200,21,5,"binary",1,1,1,1,0.8,0.8,0.7,"uniform",37,FALSE,FALSE,0.5,0.8,0.2,FALSE
3706,"synthetic","LSVCMM",200,21,5,"binary",1,1,1,1,0.8,0.8,0.7,"uniform",37,FALSE,FALSE,0.5,0.9,0.2,FALSE
3707,"synthetic","LSVCMM",200,21,5,"binary",1,1,1,1,0.8,0.8,0.7,"uniform",37,FALSE,FALSE,0.5,1,0.2,FALSE
3708,"synthetic","LSVCMM",200,21,5,"binary",1,1,1,1,0.8,0.8,0.7,"uniform",38,FALSE,FALSE,0.5,0,0.2,FALSE
3709,"synthetic","LSVCMM",200,21,5,"binary",1,1,1,1,0.8,0.8,0.7,"uniform",38,FALSE,FALSE,0.5,0.1,0.2,FALSE
3710,"synthetic","LSVCMM",200,21,5,"binary",1,1,1,1,0.8,0.8,0.7,"uniform",38,FALSE,FALSE,0.5,0.2,0.2,FALSE
3711,"synthetic","LSVCMM",200,21,5,"binary",1,1,1,1,0.8,0.8,0.7,"uniform",38,FALSE,FALSE,0.5,0.3,0.2,FALSE
3712,"synthetic","LSVCMM",200,21,5,"binary",1,1,1,1,0.8,0.8,0.7,"uniform",38,FALSE,FALSE,0.5,0.4,0.2,FALSE
3713,"synthetic","LSVCMM",200,21,5,"binary",1,1,1,1,0.8,0.8,0.7,"uniform",38,FALSE,FALSE,0.5,0.5,0.2,FALSE
3714,"synthetic","LSVCMM",200,21,5,"binary",1,1,1,1,0.8,0.8,0.7,"uniform",38,FALSE,FALSE,0.5,0.6,0.2,FALSE
3715,"synthetic","LSVCMM",200,21,5,"binary",1,1,1,1,0.8,0.8,0.7,"uniform",38,FALSE,FALSE,0.5,0.7,0.2,FALSE
3716,"synthetic","LSVCMM",200,21,5,"binary",1,1,1,1,0.8,0.8,0.7,"uniform",38,FALSE,FALSE,0.5,0.8,0.2,FALSE
3717,"synthetic","LSVCMM",200,21,5,"binary",1,1,1,1,0.8,0.8,0.7,"uniform",38,FALSE,FALSE,0.5,0.9,0.2,FALSE
3718,"synthetic","LSVCMM",200,21,5,"binary",1,1,1,1,0.8,0.8,0.7,"uniform",38,FALSE,FALSE,0.5,1,0.2,FALSE
3719,"synthetic","LSVCMM",200,21,5,"binary",1,1,1,1,0.8,0.8,0.7,"uniform",39,FALSE,FALSE,0.5,0,0.2,FALSE
3720,"synthetic","LSVCMM",200,21,5,"binary",1,1,1,1,0.8,0.8,0.7,"uniform",39,FALSE,FALSE,0.5,0.1,0.2,FALSE
3721,"synthetic","LSVCMM",200,21,5,"binary",1,1,1,1,0.8,0.8,0.7,"uniform",39,FALSE,FALSE,0.5,0.2,0.2,FALSE
3722,"synthetic","LSVCMM",200,21,5,"binary",1,1,1,1,0.8,0.8,0.7,"uniform",39,FALSE,FALSE,0.5,0.3,0.2,FALSE
3723,"synthetic","LSVCMM",200,21,5,"binary",1,1,1,1,0.8,0.8,0.7,"uniform",39,FALSE,FALSE,0.5,0.4,0.2,FALSE
3724,"synthetic","LSVCMM",200,21,5,"binary",1,1,1,1,0.8,0.8,0.7,"uniform",39,FALSE,FALSE,0.5,0.5,0.2,FALSE
3725,"synthetic","LSVCMM",200,21,5,"binary",1,1,1,1,0.8,0.8,0.7,"uniform",39,FALSE,FALSE,0.5,0.6,0.2,FALSE
3726,"synthetic","LSVCMM",200,21,5,"binary",1,1,1,1,0.8,0.8,0.7,"uniform",39,FALSE,FALSE,0.5,0.7,0.2,FALSE
3727,"synthetic","LSVCMM",200,21,5,"binary",1,1,1,1,0.8,0.8,0.7,"uniform",39,FALSE,FALSE,0.5,0.8,0.2,FALSE
3728,"synthetic","LSVCMM",200,21,5,"binary",1,1,1,1,0.8,0.8,0.7,"uniform",39,FALSE,FALSE,0.5,0.9,0.2,FALSE
3729,"synthetic","LSVCMM",200,21,5,"binary",1,1,1,1,0.8,0.8,0.7,"uniform",39,FALSE,FALSE,0.5,1,0.2,FALSE
3730,"synthetic","LSVCMM",200,21,5,"binary",1,1,1,1,0.8,0.8,0.7,"uniform",40,FALSE,FALSE,0.5,0,0.2,FALSE
3731,"synthetic","LSVCMM",200,21,5,"binary",1,1,1,1,0.8,0.8,0.7,"uniform",40,FALSE,FALSE,0.5,0.1,0.2,FALSE
3732,"synthetic","LSVCMM",200,21,5,"binary",1,1,1,1,0.8,0.8,0.7,"uniform",40,FALSE,FALSE,0.5,0.2,0.2,FALSE
3733,"synthetic","LSVCMM",200,21,5,"binary",1,1,1,1,0.8,0.8,0.7,"uniform",40,FALSE,FALSE,0.5,0.3,0.2,FALSE
3734,"synthetic","LSVCMM",200,21,5,"binary",1,1,1,1,0.8,0.8,0.7,"uniform",40,FALSE,FALSE,0.5,0.4,0.2,FALSE
3735,"synthetic","LSVCMM",200,21,5,"binary",1,1,1,1,0.8,0.8,0.7,"uniform",40,FALSE,FALSE,0.5,0.5,0.2,FALSE
3736,"synthetic","LSVCMM",200,21,5,"binary",1,1,1,1,0.8,0.8,0.7,"uniform",40,FALSE,FALSE,0.5,0.6,0.2,FALSE
3737,"synthetic","LSVCMM",200,21,5,"binary",1,1,1,1,0.8,0.8,0.7,"uniform",40,FALSE,FALSE,0.5,0.7,0.2,FALSE
3738,"synthetic","LSVCMM",200,21,5,"binary",1,1,1,1,0.8,0.8,0.7,"uniform",40,FALSE,FALSE,0.5,0.8,0.2,FALSE
3739,"synthetic","LSVCMM",200,21,5,"binary",1,1,1,1,0.8,0.8,0.7,"uniform",40,FALSE,FALSE,0.5,0.9,0.2,FALSE
3740,"synthetic","LSVCMM",200,21,5,"binary",1,1,1,1,0.8,0.8,0.7,"uniform",40,FALSE,FALSE,0.5,1,0.2,FALSE
3741,"synthetic","LSVCMM",200,21,5,"binary",1,1,1,1,0.8,0.8,0.7,"uniform",41,FALSE,FALSE,0.5,0,0.2,FALSE
3742,"synthetic","LSVCMM",200,21,5,"binary",1,1,1,1,0.8,0.8,0.7,"uniform",41,FALSE,FALSE,0.5,0.1,0.2,FALSE
3743,"synthetic","LSVCMM",200,21,5,"binary",1,1,1,1,0.8,0.8,0.7,"uniform",41,FALSE,FALSE,0.5,0.2,0.2,FALSE
3744,"synthetic","LSVCMM",200,21,5,"binary",1,1,1,1,0.8,0.8,0.7,"uniform",41,FALSE,FALSE,0.5,0.3,0.2,FALSE
3745,"synthetic","LSVCMM",200,21,5,"binary",1,1,1,1,0.8,0.8,0.7,"uniform",41,FALSE,FALSE,0.5,0.4,0.2,FALSE
3746,"synthetic","LSVCMM",200,21,5,"binary",1,1,1,1,0.8,0.8,0.7,"uniform",41,FALSE,FALSE,0.5,0.5,0.2,FALSE
3747,"synthetic","LSVCMM",200,21,5,"binary",1,1,1,1,0.8,0.8,0.7,"uniform",41,FALSE,FALSE,0.5,0.6,0.2,FALSE
3748,"synthetic","LSVCMM",200,21,5,"binary",1,1,1,1,0.8,0.8,0.7,"uniform",41,FALSE,FALSE,0.5,0.7,0.2,FALSE
3749,"synthetic","LSVCMM",200,21,5,"binary",1,1,1,1,0.8,0.8,0.7,"uniform",41,FALSE,FALSE,0.5,0.8,0.2,FALSE
3750,"synthetic","LSVCMM",200,21,5,"binary",1,1,1,1,0.8,0.8,0.7,"uniform",41,FALSE,FALSE,0.5,0.9,0.2,FALSE
3751,"synthetic","LSVCMM",200,21,5,"binary",1,1,1,1,0.8,0.8,0.7,"uniform",41,FALSE,FALSE,0.5,1,0.2,FALSE
3752,"synthetic","LSVCMM",200,21,5,"binary",1,1,1,1,0.8,0.8,0.7,"uniform",42,FALSE,FALSE,0.5,0,0.2,FALSE
3753,"synthetic","LSVCMM",200,21,5,"binary",1,1,1,1,0.8,0.8,0.7,"uniform",42,FALSE,FALSE,0.5,0.1,0.2,FALSE
3754,"synthetic","LSVCMM",200,21,5,"binary",1,1,1,1,0.8,0.8,0.7,"uniform",42,FALSE,FALSE,0.5,0.2,0.2,FALSE
3755,"synthetic","LSVCMM",200,21,5,"binary",1,1,1,1,0.8,0.8,0.7,"uniform",42,FALSE,FALSE,0.5,0.3,0.2,FALSE
3756,"synthetic","LSVCMM",200,21,5,"binary",1,1,1,1,0.8,0.8,0.7,"uniform",42,FALSE,FALSE,0.5,0.4,0.2,FALSE
3757,"synthetic","LSVCMM",200,21,5,"binary",1,1,1,1,0.8,0.8,0.7,"uniform",42,FALSE,FALSE,0.5,0.5,0.2,FALSE
3758,"synthetic","LSVCMM",200,21,5,"binary",1,1,1,1,0.8,0.8,0.7,"uniform",42,FALSE,FALSE,0.5,0.6,0.2,FALSE
3759,"synthetic","LSVCMM",200,21,5,"binary",1,1,1,1,0.8,0.8,0.7,"uniform",42,FALSE,FALSE,0.5,0.7,0.2,FALSE
3760,"synthetic","LSVCMM",200,21,5,"binary",1,1,1,1,0.8,0.8,0.7,"uniform",42,FALSE,FALSE,0.5,0.8,0.2,FALSE
3761,"synthetic","LSVCMM",200,21,5,"binary",1,1,1,1,0.8,0.8,0.7,"uniform",42,FALSE,FALSE,0.5,0.9,0.2,FALSE
3762,"synthetic","LSVCMM",200,21,5,"binary",1,1,1,1,0.8,0.8,0.7,"uniform",42,FALSE,FALSE,0.5,1,0.2,FALSE
3763,"synthetic","LSVCMM",200,21,5,"binary",1,1,1,1,0.8,0.8,0.7,"uniform",43,FALSE,FALSE,0.5,0,0.2,FALSE
3764,"synthetic","LSVCMM",200,21,5,"binary",1,1,1,1,0.8,0.8,0.7,"uniform",43,FALSE,FALSE,0.5,0.1,0.2,FALSE
3765,"synthetic","LSVCMM",200,21,5,"binary",1,1,1,1,0.8,0.8,0.7,"uniform",43,FALSE,FALSE,0.5,0.2,0.2,FALSE
3766,"synthetic","LSVCMM",200,21,5,"binary",1,1,1,1,0.8,0.8,0.7,"uniform",43,FALSE,FALSE,0.5,0.3,0.2,FALSE
3767,"synthetic","LSVCMM",200,21,5,"binary",1,1,1,1,0.8,0.8,0.7,"uniform",43,FALSE,FALSE,0.5,0.4,0.2,FALSE
3768,"synthetic","LSVCMM",200,21,5,"binary",1,1,1,1,0.8,0.8,0.7,"uniform",43,FALSE,FALSE,0.5,0.5,0.2,FALSE
3769,"synthetic","LSVCMM",200,21,5,"binary",1,1,1,1,0.8,0.8,0.7,"uniform",43,FALSE,FALSE,0.5,0.6,0.2,FALSE
3770,"synthetic","LSVCMM",200,21,5,"binary",1,1,1,1,0.8,0.8,0.7,"uniform",43,FALSE,FALSE,0.5,0.7,0.2,FALSE
3771,"synthetic","LSVCMM",200,21,5,"binary",1,1,1,1,0.8,0.8,0.7,"uniform",43,FALSE,FALSE,0.5,0.8,0.2,FALSE
3772,"synthetic","LSVCMM",200,21,5,"binary",1,1,1,1,0.8,0.8,0.7,"uniform",43,FALSE,FALSE,0.5,0.9,0.2,FALSE
3773,"synthetic","LSVCMM",200,21,5,"binary",1,1,1,1,0.8,0.8,0.7,"uniform",43,FALSE,FALSE,0.5,1,0.2,FALSE
3774,"synthetic","LSVCMM",200,21,5,"binary",1,1,1,1,0.8,0.8,0.7,"uniform",44,FALSE,FALSE,0.5,0,0.2,FALSE
3775,"synthetic","LSVCMM",200,21,5,"binary",1,1,1,1,0.8,0.8,0.7,"uniform",44,FALSE,FALSE,0.5,0.1,0.2,FALSE
3776,"synthetic","LSVCMM",200,21,5,"binary",1,1,1,1,0.8,0.8,0.7,"uniform",44,FALSE,FALSE,0.5,0.2,0.2,FALSE
3777,"synthetic","LSVCMM",200,21,5,"binary",1,1,1,1,0.8,0.8,0.7,"uniform",44,FALSE,FALSE,0.5,0.3,0.2,FALSE
3778,"synthetic","LSVCMM",200,21,5,"binary",1,1,1,1,0.8,0.8,0.7,"uniform",44,FALSE,FALSE,0.5,0.4,0.2,FALSE
3779,"synthetic","LSVCMM",200,21,5,"binary",1,1,1,1,0.8,0.8,0.7,"uniform",44,FALSE,FALSE,0.5,0.5,0.2,FALSE
3780,"synthetic","LSVCMM",200,21,5,"binary",1,1,1,1,0.8,0.8,0.7,"uniform",44,FALSE,FALSE,0.5,0.6,0.2,FALSE
3781,"synthetic","LSVCMM",200,21,5,"binary",1,1,1,1,0.8,0.8,0.7,"uniform",44,FALSE,FALSE,0.5,0.7,0.2,FALSE
3782,"synthetic","LSVCMM",200,21,5,"binary",1,1,1,1,0.8,0.8,0.7,"uniform",44,FALSE,FALSE,0.5,0.8,0.2,FALSE
3783,"synthetic","LSVCMM",200,21,5,"binary",1,1,1,1,0.8,0.8,0.7,"uniform",44,FALSE,FALSE,0.5,0.9,0.2,FALSE
3784,"synthetic","LSVCMM",200,21,5,"binary",1,1,1,1,0.8,0.8,0.7,"uniform",44,FALSE,FALSE,0.5,1,0.2,FALSE
3785,"synthetic","LSVCMM",200,21,5,"binary",1,1,1,1,0.8,0.8,0.7,"uniform",45,FALSE,FALSE,0.5,0,0.2,FALSE
3786,"synthetic","LSVCMM",200,21,5,"binary",1,1,1,1,0.8,0.8,0.7,"uniform",45,FALSE,FALSE,0.5,0.1,0.2,FALSE
3787,"synthetic","LSVCMM",200,21,5,"binary",1,1,1,1,0.8,0.8,0.7,"uniform",45,FALSE,FALSE,0.5,0.2,0.2,FALSE
3788,"synthetic","LSVCMM",200,21,5,"binary",1,1,1,1,0.8,0.8,0.7,"uniform",45,FALSE,FALSE,0.5,0.3,0.2,FALSE
3789,"synthetic","LSVCMM",200,21,5,"binary",1,1,1,1,0.8,0.8,0.7,"uniform",45,FALSE,FALSE,0.5,0.4,0.2,FALSE
3790,"synthetic","LSVCMM",200,21,5,"binary",1,1,1,1,0.8,0.8,0.7,"uniform",45,FALSE,FALSE,0.5,0.5,0.2,FALSE
3791,"synthetic","LSVCMM",200,21,5,"binary",1,1,1,1,0.8,0.8,0.7,"uniform",45,FALSE,FALSE,0.5,0.6,0.2,FALSE
3792,"synthetic","LSVCMM",200,21,5,"binary",1,1,1,1,0.8,0.8,0.7,"uniform",45,FALSE,FALSE,0.5,0.7,0.2,FALSE
3793,"synthetic","LSVCMM",200,21,5,"binary",1,1,1,1,0.8,0.8,0.7,"uniform",45,FALSE,FALSE,0.5,0.8,0.2,FALSE
3794,"synthetic","LSVCMM",200,21,5,"binary",1,1,1,1,0.8,0.8,0.7,"uniform",45,FALSE,FALSE,0.5,0.9,0.2,FALSE
3795,"synthetic","LSVCMM",200,21,5,"binary",1,1,1,1,0.8,0.8,0.7,"uniform",45,FALSE,FALSE,0.5,1,0.2,FALSE
3796,"synthetic","LSVCMM",200,21,5,"binary",1,1,1,1,0.8,0.8,0.7,"uniform",46,FALSE,FALSE,0.5,0,0.2,FALSE
3797,"synthetic","LSVCMM",200,21,5,"binary",1,1,1,1,0.8,0.8,0.7,"uniform",46,FALSE,FALSE,0.5,0.1,0.2,FALSE
3798,"synthetic","LSVCMM",200,21,5,"binary",1,1,1,1,0.8,0.8,0.7,"uniform",46,FALSE,FALSE,0.5,0.2,0.2,FALSE
3799,"synthetic","LSVCMM",200,21,5,"binary",1,1,1,1,0.8,0.8,0.7,"uniform",46,FALSE,FALSE,0.5,0.3,0.2,FALSE
3800,"synthetic","LSVCMM",200,21,5,"binary",1,1,1,1,0.8,0.8,0.7,"uniform",46,FALSE,FALSE,0.5,0.4,0.2,FALSE
3801,"synthetic","LSVCMM",200,21,5,"binary",1,1,1,1,0.8,0.8,0.7,"uniform",46,FALSE,FALSE,0.5,0.5,0.2,FALSE
3802,"synthetic","LSVCMM",200,21,5,"binary",1,1,1,1,0.8,0.8,0.7,"uniform",46,FALSE,FALSE,0.5,0.6,0.2,FALSE
3803,"synthetic","LSVCMM",200,21,5,"binary",1,1,1,1,0.8,0.8,0.7,"uniform",46,FALSE,FALSE,0.5,0.7,0.2,FALSE
3804,"synthetic","LSVCMM",200,21,5,"binary",1,1,1,1,0.8,0.8,0.7,"uniform",46,FALSE,FALSE,0.5,0.8,0.2,FALSE
3805,"synthetic","LSVCMM",200,21,5,"binary",1,1,1,1,0.8,0.8,0.7,"uniform",46,FALSE,FALSE,0.5,0.9,0.2,FALSE
3806,"synthetic","LSVCMM",200,21,5,"binary",1,1,1,1,0.8,0.8,0.7,"uniform",46,FALSE,FALSE,0.5,1,0.2,FALSE
3807,"synthetic","LSVCMM",200,21,5,"binary",1,1,1,1,0.8,0.8,0.7,"uniform",47,FALSE,FALSE,0.5,0,0.2,FALSE
3808,"synthetic","LSVCMM",200,21,5,"binary",1,1,1,1,0.8,0.8,0.7,"uniform",47,FALSE,FALSE,0.5,0.1,0.2,FALSE
3809,"synthetic","LSVCMM",200,21,5,"binary",1,1,1,1,0.8,0.8,0.7,"uniform",47,FALSE,FALSE,0.5,0.2,0.2,FALSE
3810,"synthetic","LSVCMM",200,21,5,"binary",1,1,1,1,0.8,0.8,0.7,"uniform",47,FALSE,FALSE,0.5,0.3,0.2,FALSE
3811,"synthetic","LSVCMM",200,21,5,"binary",1,1,1,1,0.8,0.8,0.7,"uniform",47,FALSE,FALSE,0.5,0.4,0.2,FALSE
3812,"synthetic","LSVCMM",200,21,5,"binary",1,1,1,1,0.8,0.8,0.7,"uniform",47,FALSE,FALSE,0.5,0.5,0.2,FALSE
3813,"synthetic","LSVCMM",200,21,5,"binary",1,1,1,1,0.8,0.8,0.7,"uniform",47,FALSE,FALSE,0.5,0.6,0.2,FALSE
3814,"synthetic","LSVCMM",200,21,5,"binary",1,1,1,1,0.8,0.8,0.7,"uniform",47,FALSE,FALSE,0.5,0.7,0.2,FALSE
3815,"synthetic","LSVCMM",200,21,5,"binary",1,1,1,1,0.8,0.8,0.7,"uniform",47,FALSE,FALSE,0.5,0.8,0.2,FALSE
3816,"synthetic","LSVCMM",200,21,5,"binary",1,1,1,1,0.8,0.8,0.7,"uniform",47,FALSE,FALSE,0.5,0.9,0.2,FALSE
3817,"synthetic","LSVCMM",200,21,5,"binary",1,1,1,1,0.8,0.8,0.7,"uniform",47,FALSE,FALSE,0.5,1,0.2,FALSE
3818,"synthetic","LSVCMM",200,21,5,"binary",1,1,1,1,0.8,0.8,0.7,"uniform",48,FALSE,FALSE,0.5,0,0.2,FALSE
3819,"synthetic","LSVCMM",200,21,5,"binary",1,1,1,1,0.8,0.8,0.7,"uniform",48,FALSE,FALSE,0.5,0.1,0.2,FALSE
3820,"synthetic","LSVCMM",200,21,5,"binary",1,1,1,1,0.8,0.8,0.7,"uniform",48,FALSE,FALSE,0.5,0.2,0.2,FALSE
3821,"synthetic","LSVCMM",200,21,5,"binary",1,1,1,1,0.8,0.8,0.7,"uniform",48,FALSE,FALSE,0.5,0.3,0.2,FALSE
3822,"synthetic","LSVCMM",200,21,5,"binary",1,1,1,1,0.8,0.8,0.7,"uniform",48,FALSE,FALSE,0.5,0.4,0.2,FALSE
3823,"synthetic","LSVCMM",200,21,5,"binary",1,1,1,1,0.8,0.8,0.7,"uniform",48,FALSE,FALSE,0.5,0.5,0.2,FALSE
3824,"synthetic","LSVCMM",200,21,5,"binary",1,1,1,1,0.8,0.8,0.7,"uniform",48,FALSE,FALSE,0.5,0.6,0.2,FALSE
3825,"synthetic","LSVCMM",200,21,5,"binary",1,1,1,1,0.8,0.8,0.7,"uniform",48,FALSE,FALSE,0.5,0.7,0.2,FALSE
3826,"synthetic","LSVCMM",200,21,5,"binary",1,1,1,1,0.8,0.8,0.7,"uniform",48,FALSE,FALSE,0.5,0.8,0.2,FALSE
3827,"synthetic","LSVCMM",200,21,5,"binary",1,1,1,1,0.8,0.8,0.7,"uniform",48,FALSE,FALSE,0.5,0.9,0.2,FALSE
3828,"synthetic","LSVCMM",200,21,5,"binary",1,1,1,1,0.8,0.8,0.7,"uniform",48,FALSE,FALSE,0.5,1,0.2,FALSE
3829,"synthetic","LSVCMM",200,21,5,"binary",1,1,1,1,0.8,0.8,0.7,"uniform",49,FALSE,FALSE,0.5,0,0.2,FALSE
3830,"synthetic","LSVCMM",200,21,5,"binary",1,1,1,1,0.8,0.8,0.7,"uniform",49,FALSE,FALSE,0.5,0.1,0.2,FALSE
3831,"synthetic","LSVCMM",200,21,5,"binary",1,1,1,1,0.8,0.8,0.7,"uniform",49,FALSE,FALSE,0.5,0.2,0.2,FALSE
3832,"synthetic","LSVCMM",200,21,5,"binary",1,1,1,1,0.8,0.8,0.7,"uniform",49,FALSE,FALSE,0.5,0.3,0.2,FALSE
3833,"synthetic","LSVCMM",200,21,5,"binary",1,1,1,1,0.8,0.8,0.7,"uniform",49,FALSE,FALSE,0.5,0.4,0.2,FALSE
3834,"synthetic","LSVCMM",200,21,5,"binary",1,1,1,1,0.8,0.8,0.7,"uniform",49,FALSE,FALSE,0.5,0.5,0.2,FALSE
3835,"synthetic","LSVCMM",200,21,5,"binary",1,1,1,1,0.8,0.8,0.7,"uniform",49,FALSE,FALSE,0.5,0.6,0.2,FALSE
3836,"synthetic","LSVCMM",200,21,5,"binary",1,1,1,1,0.8,0.8,0.7,"uniform",49,FALSE,FALSE,0.5,0.7,0.2,FALSE
3837,"synthetic","LSVCMM",200,21,5,"binary",1,1,1,1,0.8,0.8,0.7,"uniform",49,FALSE,FALSE,0.5,0.8,0.2,FALSE
3838,"synthetic","LSVCMM",200,21,5,"binary",1,1,1,1,0.8,0.8,0.7,"uniform",49,FALSE,FALSE,0.5,0.9,0.2,FALSE
3839,"synthetic","LSVCMM",200,21,5,"binary",1,1,1,1,0.8,0.8,0.7,"uniform",49,FALSE,FALSE,0.5,1,0.2,FALSE
3840,"synthetic","LSVCMM",200,21,5,"binary",1,1,1,1,0.8,0.8,0.7,"uniform",50,FALSE,FALSE,0.5,0,0.2,FALSE
3841,"synthetic","LSVCMM",200,21,5,"binary",1,1,1,1,0.8,0.8,0.7,"uniform",50,FALSE,FALSE,0.5,0.1,0.2,FALSE
3842,"synthetic","LSVCMM",200,21,5,"binary",1,1,1,1,0.8,0.8,0.7,"uniform",50,FALSE,FALSE,0.5,0.2,0.2,FALSE
3843,"synthetic","LSVCMM",200,21,5,"binary",1,1,1,1,0.8,0.8,0.7,"uniform",50,FALSE,FALSE,0.5,0.3,0.2,FALSE
3844,"synthetic","LSVCMM",200,21,5,"binary",1,1,1,1,0.8,0.8,0.7,"uniform",50,FALSE,FALSE,0.5,0.4,0.2,FALSE
3845,"synthetic","LSVCMM",200,21,5,"binary",1,1,1,1,0.8,0.8,0.7,"uniform",50,FALSE,FALSE,0.5,0.5,0.2,FALSE
3846,"synthetic","LSVCMM",200,21,5,"binary",1,1,1,1,0.8,0.8,0.7,"uniform",50,FALSE,FALSE,0.5,0.6,0.2,FALSE
3847,"synthetic","LSVCMM",200,21,5,"binary",1,1,1,1,0.8,0.8,0.7,"uniform",50,FALSE,FALSE,0.5,0.7,0.2,FALSE
3848,"synthetic","LSVCMM",200,21,5,"binary",1,1,1,1,0.8,0.8,0.7,"uniform",50,FALSE,FALSE,0.5,0.8,0.2,FALSE
3849,"synthetic","LSVCMM",200,21,5,"binary",1,1,1,1,0.8,0.8,0.7,"uniform",50,FALSE,FALSE,0.5,0.9,0.2,FALSE
3850,"synthetic","LSVCMM",200,21,5,"binary",1,1,1,1,0.8,0.8,0.7,"uniform",50,FALSE,FALSE,0.5,1,0.2,FALSE
3851,"synthetic","LSVCMM",200,21,5,"binary",1,1,1,1,0.8,0.8,0.7,"uniform",51,FALSE,FALSE,0.5,0,0.2,FALSE
3852,"synthetic","LSVCMM",200,21,5,"binary",1,1,1,1,0.8,0.8,0.7,"uniform",51,FALSE,FALSE,0.5,0.1,0.2,FALSE
3853,"synthetic","LSVCMM",200,21,5,"binary",1,1,1,1,0.8,0.8,0.7,"uniform",51,FALSE,FALSE,0.5,0.2,0.2,FALSE
3854,"synthetic","LSVCMM",200,21,5,"binary",1,1,1,1,0.8,0.8,0.7,"uniform",51,FALSE,FALSE,0.5,0.3,0.2,FALSE
3855,"synthetic","LSVCMM",200,21,5,"binary",1,1,1,1,0.8,0.8,0.7,"uniform",51,FALSE,FALSE,0.5,0.4,0.2,FALSE
3856,"synthetic","LSVCMM",200,21,5,"binary",1,1,1,1,0.8,0.8,0.7,"uniform",51,FALSE,FALSE,0.5,0.5,0.2,FALSE
3857,"synthetic","LSVCMM",200,21,5,"binary",1,1,1,1,0.8,0.8,0.7,"uniform",51,FALSE,FALSE,0.5,0.6,0.2,FALSE
3858,"synthetic","LSVCMM",200,21,5,"binary",1,1,1,1,0.8,0.8,0.7,"uniform",51,FALSE,FALSE,0.5,0.7,0.2,FALSE
3859,"synthetic","LSVCMM",200,21,5,"binary",1,1,1,1,0.8,0.8,0.7,"uniform",51,FALSE,FALSE,0.5,0.8,0.2,FALSE
3860,"synthetic","LSVCMM",200,21,5,"binary",1,1,1,1,0.8,0.8,0.7,"uniform",51,FALSE,FALSE,0.5,0.9,0.2,FALSE
3861,"synthetic","LSVCMM",200,21,5,"binary",1,1,1,1,0.8,0.8,0.7,"uniform",51,FALSE,FALSE,0.5,1,0.2,FALSE
3862,"synthetic","LSVCMM",200,21,5,"binary",1,1,1,1,0.8,0.8,0.7,"uniform",52,FALSE,FALSE,0.5,0,0.2,FALSE
3863,"synthetic","LSVCMM",200,21,5,"binary",1,1,1,1,0.8,0.8,0.7,"uniform",52,FALSE,FALSE,0.5,0.1,0.2,FALSE
3864,"synthetic","LSVCMM",200,21,5,"binary",1,1,1,1,0.8,0.8,0.7,"uniform",52,FALSE,FALSE,0.5,0.2,0.2,FALSE
3865,"synthetic","LSVCMM",200,21,5,"binary",1,1,1,1,0.8,0.8,0.7,"uniform",52,FALSE,FALSE,0.5,0.3,0.2,FALSE
3866,"synthetic","LSVCMM",200,21,5,"binary",1,1,1,1,0.8,0.8,0.7,"uniform",52,FALSE,FALSE,0.5,0.4,0.2,FALSE
3867,"synthetic","LSVCMM",200,21,5,"binary",1,1,1,1,0.8,0.8,0.7,"uniform",52,FALSE,FALSE,0.5,0.5,0.2,FALSE
3868,"synthetic","LSVCMM",200,21,5,"binary",1,1,1,1,0.8,0.8,0.7,"uniform",52,FALSE,FALSE,0.5,0.6,0.2,FALSE
3869,"synthetic","LSVCMM",200,21,5,"binary",1,1,1,1,0.8,0.8,0.7,"uniform",52,FALSE,FALSE,0.5,0.7,0.2,FALSE
3870,"synthetic","LSVCMM",200,21,5,"binary",1,1,1,1,0.8,0.8,0.7,"uniform",52,FALSE,FALSE,0.5,0.8,0.2,FALSE
3871,"synthetic","LSVCMM",200,21,5,"binary",1,1,1,1,0.8,0.8,0.7,"uniform",52,FALSE,FALSE,0.5,0.9,0.2,FALSE
3872,"synthetic","LSVCMM",200,21,5,"binary",1,1,1,1,0.8,0.8,0.7,"uniform",52,FALSE,FALSE,0.5,1,0.2,FALSE
3873,"synthetic","LSVCMM",200,21,5,"binary",1,1,1,1,0.8,0.8,0.7,"uniform",53,FALSE,FALSE,0.5,0,0.2,FALSE
3874,"synthetic","LSVCMM",200,21,5,"binary",1,1,1,1,0.8,0.8,0.7,"uniform",53,FALSE,FALSE,0.5,0.1,0.2,FALSE
3875,"synthetic","LSVCMM",200,21,5,"binary",1,1,1,1,0.8,0.8,0.7,"uniform",53,FALSE,FALSE,0.5,0.2,0.2,FALSE
3876,"synthetic","LSVCMM",200,21,5,"binary",1,1,1,1,0.8,0.8,0.7,"uniform",53,FALSE,FALSE,0.5,0.3,0.2,FALSE
3877,"synthetic","LSVCMM",200,21,5,"binary",1,1,1,1,0.8,0.8,0.7,"uniform",53,FALSE,FALSE,0.5,0.4,0.2,FALSE
3878,"synthetic","LSVCMM",200,21,5,"binary",1,1,1,1,0.8,0.8,0.7,"uniform",53,FALSE,FALSE,0.5,0.5,0.2,FALSE
3879,"synthetic","LSVCMM",200,21,5,"binary",1,1,1,1,0.8,0.8,0.7,"uniform",53,FALSE,FALSE,0.5,0.6,0.2,FALSE
3880,"synthetic","LSVCMM",200,21,5,"binary",1,1,1,1,0.8,0.8,0.7,"uniform",53,FALSE,FALSE,0.5,0.7,0.2,FALSE
3881,"synthetic","LSVCMM",200,21,5,"binary",1,1,1,1,0.8,0.8,0.7,"uniform",53,FALSE,FALSE,0.5,0.8,0.2,FALSE
3882,"synthetic","LSVCMM",200,21,5,"binary",1,1,1,1,0.8,0.8,0.7,"uniform",53,FALSE,FALSE,0.5,0.9,0.2,FALSE
3883,"synthetic","LSVCMM",200,21,5,"binary",1,1,1,1,0.8,0.8,0.7,"uniform",53,FALSE,FALSE,0.5,1,0.2,FALSE
3884,"synthetic","LSVCMM",200,21,5,"binary",1,1,1,1,0.8,0.8,0.7,"uniform",54,FALSE,FALSE,0.5,0,0.2,FALSE
3885,"synthetic","LSVCMM",200,21,5,"binary",1,1,1,1,0.8,0.8,0.7,"uniform",54,FALSE,FALSE,0.5,0.1,0.2,FALSE
3886,"synthetic","LSVCMM",200,21,5,"binary",1,1,1,1,0.8,0.8,0.7,"uniform",54,FALSE,FALSE,0.5,0.2,0.2,FALSE
3887,"synthetic","LSVCMM",200,21,5,"binary",1,1,1,1,0.8,0.8,0.7,"uniform",54,FALSE,FALSE,0.5,0.3,0.2,FALSE
3888,"synthetic","LSVCMM",200,21,5,"binary",1,1,1,1,0.8,0.8,0.7,"uniform",54,FALSE,FALSE,0.5,0.4,0.2,FALSE
3889,"synthetic","LSVCMM",200,21,5,"binary",1,1,1,1,0.8,0.8,0.7,"uniform",54,FALSE,FALSE,0.5,0.5,0.2,FALSE
3890,"synthetic","LSVCMM",200,21,5,"binary",1,1,1,1,0.8,0.8,0.7,"uniform",54,FALSE,FALSE,0.5,0.6,0.2,FALSE
3891,"synthetic","LSVCMM",200,21,5,"binary",1,1,1,1,0.8,0.8,0.7,"uniform",54,FALSE,FALSE,0.5,0.7,0.2,FALSE
3892,"synthetic","LSVCMM",200,21,5,"binary",1,1,1,1,0.8,0.8,0.7,"uniform",54,FALSE,FALSE,0.5,0.8,0.2,FALSE
3893,"synthetic","LSVCMM",200,21,5,"binary",1,1,1,1,0.8,0.8,0.7,"uniform",54,FALSE,FALSE,0.5,0.9,0.2,FALSE
3894,"synthetic","LSVCMM",200,21,5,"binary",1,1,1,1,0.8,0.8,0.7,"uniform",54,FALSE,FALSE,0.5,1,0.2,FALSE
3895,"synthetic","LSVCMM",200,21,5,"binary",1,1,1,1,0.8,0.8,0.7,"uniform",55,FALSE,FALSE,0.5,0,0.2,FALSE
3896,"synthetic","LSVCMM",200,21,5,"binary",1,1,1,1,0.8,0.8,0.7,"uniform",55,FALSE,FALSE,0.5,0.1,0.2,FALSE
3897,"synthetic","LSVCMM",200,21,5,"binary",1,1,1,1,0.8,0.8,0.7,"uniform",55,FALSE,FALSE,0.5,0.2,0.2,FALSE
3898,"synthetic","LSVCMM",200,21,5,"binary",1,1,1,1,0.8,0.8,0.7,"uniform",55,FALSE,FALSE,0.5,0.3,0.2,FALSE
3899,"synthetic","LSVCMM",200,21,5,"binary",1,1,1,1,0.8,0.8,0.7,"uniform",55,FALSE,FALSE,0.5,0.4,0.2,FALSE
3900,"synthetic","LSVCMM",200,21,5,"binary",1,1,1,1,0.8,0.8,0.7,"uniform",55,FALSE,FALSE,0.5,0.5,0.2,FALSE
3901,"synthetic","LSVCMM",200,21,5,"binary",1,1,1,1,0.8,0.8,0.7,"uniform",55,FALSE,FALSE,0.5,0.6,0.2,FALSE
3902,"synthetic","LSVCMM",200,21,5,"binary",1,1,1,1,0.8,0.8,0.7,"uniform",55,FALSE,FALSE,0.5,0.7,0.2,FALSE
3903,"synthetic","LSVCMM",200,21,5,"binary",1,1,1,1,0.8,0.8,0.7,"uniform",55,FALSE,FALSE,0.5,0.8,0.2,FALSE
3904,"synthetic","LSVCMM",200,21,5,"binary",1,1,1,1,0.8,0.8,0.7,"uniform",55,FALSE,FALSE,0.5,0.9,0.2,FALSE
3905,"synthetic","LSVCMM",200,21,5,"binary",1,1,1,1,0.8,0.8,0.7,"uniform",55,FALSE,FALSE,0.5,1,0.2,FALSE
3906,"synthetic","LSVCMM",200,21,5,"binary",1,1,1,1,0.8,0.8,0.7,"uniform",56,FALSE,FALSE,0.5,0,0.2,FALSE
3907,"synthetic","LSVCMM",200,21,5,"binary",1,1,1,1,0.8,0.8,0.7,"uniform",56,FALSE,FALSE,0.5,0.1,0.2,FALSE
3908,"synthetic","LSVCMM",200,21,5,"binary",1,1,1,1,0.8,0.8,0.7,"uniform",56,FALSE,FALSE,0.5,0.2,0.2,FALSE
3909,"synthetic","LSVCMM",200,21,5,"binary",1,1,1,1,0.8,0.8,0.7,"uniform",56,FALSE,FALSE,0.5,0.3,0.2,FALSE
3910,"synthetic","LSVCMM",200,21,5,"binary",1,1,1,1,0.8,0.8,0.7,"uniform",56,FALSE,FALSE,0.5,0.4,0.2,FALSE
3911,"synthetic","LSVCMM",200,21,5,"binary",1,1,1,1,0.8,0.8,0.7,"uniform",56,FALSE,FALSE,0.5,0.5,0.2,FALSE
3912,"synthetic","LSVCMM",200,21,5,"binary",1,1,1,1,0.8,0.8,0.7,"uniform",56,FALSE,FALSE,0.5,0.6,0.2,FALSE
3913,"synthetic","LSVCMM",200,21,5,"binary",1,1,1,1,0.8,0.8,0.7,"uniform",56,FALSE,FALSE,0.5,0.7,0.2,FALSE
3914,"synthetic","LSVCMM",200,21,5,"binary",1,1,1,1,0.8,0.8,0.7,"uniform",56,FALSE,FALSE,0.5,0.8,0.2,FALSE
3915,"synthetic","LSVCMM",200,21,5,"binary",1,1,1,1,0.8,0.8,0.7,"uniform",56,FALSE,FALSE,0.5,0.9,0.2,FALSE
3916,"synthetic","LSVCMM",200,21,5,"binary",1,1,1,1,0.8,0.8,0.7,"uniform",56,FALSE,FALSE,0.5,1,0.2,FALSE
3917,"synthetic","LSVCMM",200,21,5,"binary",1,1,1,1,0.8,0.8,0.7,"uniform",57,FALSE,FALSE,0.5,0,0.2,FALSE
3918,"synthetic","LSVCMM",200,21,5,"binary",1,1,1,1,0.8,0.8,0.7,"uniform",57,FALSE,FALSE,0.5,0.1,0.2,FALSE
3919,"synthetic","LSVCMM",200,21,5,"binary",1,1,1,1,0.8,0.8,0.7,"uniform",57,FALSE,FALSE,0.5,0.2,0.2,FALSE
3920,"synthetic","LSVCMM",200,21,5,"binary",1,1,1,1,0.8,0.8,0.7,"uniform",57,FALSE,FALSE,0.5,0.3,0.2,FALSE
3921,"synthetic","LSVCMM",200,21,5,"binary",1,1,1,1,0.8,0.8,0.7,"uniform",57,FALSE,FALSE,0.5,0.4,0.2,FALSE
3922,"synthetic","LSVCMM",200,21,5,"binary",1,1,1,1,0.8,0.8,0.7,"uniform",57,FALSE,FALSE,0.5,0.5,0.2,FALSE
3923,"synthetic","LSVCMM",200,21,5,"binary",1,1,1,1,0.8,0.8,0.7,"uniform",57,FALSE,FALSE,0.5,0.6,0.2,FALSE
3924,"synthetic","LSVCMM",200,21,5,"binary",1,1,1,1,0.8,0.8,0.7,"uniform",57,FALSE,FALSE,0.5,0.7,0.2,FALSE
3925,"synthetic","LSVCMM",200,21,5,"binary",1,1,1,1,0.8,0.8,0.7,"uniform",57,FALSE,FALSE,0.5,0.8,0.2,FALSE
3926,"synthetic","LSVCMM",200,21,5,"binary",1,1,1,1,0.8,0.8,0.7,"uniform",57,FALSE,FALSE,0.5,0.9,0.2,FALSE
3927,"synthetic","LSVCMM",200,21,5,"binary",1,1,1,1,0.8,0.8,0.7,"uniform",57,FALSE,FALSE,0.5,1,0.2,FALSE
3928,"synthetic","LSVCMM",200,21,5,"binary",1,1,1,1,0.8,0.8,0.7,"uniform",58,FALSE,FALSE,0.5,0,0.2,FALSE
3929,"synthetic","LSVCMM",200,21,5,"binary",1,1,1,1,0.8,0.8,0.7,"uniform",58,FALSE,FALSE,0.5,0.1,0.2,FALSE
3930,"synthetic","LSVCMM",200,21,5,"binary",1,1,1,1,0.8,0.8,0.7,"uniform",58,FALSE,FALSE,0.5,0.2,0.2,FALSE
3931,"synthetic","LSVCMM",200,21,5,"binary",1,1,1,1,0.8,0.8,0.7,"uniform",58,FALSE,FALSE,0.5,0.3,0.2,FALSE
3932,"synthetic","LSVCMM",200,21,5,"binary",1,1,1,1,0.8,0.8,0.7,"uniform",58,FALSE,FALSE,0.5,0.4,0.2,FALSE
3933,"synthetic","LSVCMM",200,21,5,"binary",1,1,1,1,0.8,0.8,0.7,"uniform",58,FALSE,FALSE,0.5,0.5,0.2,FALSE
3934,"synthetic","LSVCMM",200,21,5,"binary",1,1,1,1,0.8,0.8,0.7,"uniform",58,FALSE,FALSE,0.5,0.6,0.2,FALSE
3935,"synthetic","LSVCMM",200,21,5,"binary",1,1,1,1,0.8,0.8,0.7,"uniform",58,FALSE,FALSE,0.5,0.7,0.2,FALSE
3936,"synthetic","LSVCMM",200,21,5,"binary",1,1,1,1,0.8,0.8,0.7,"uniform",58,FALSE,FALSE,0.5,0.8,0.2,FALSE
3937,"synthetic","LSVCMM",200,21,5,"binary",1,1,1,1,0.8,0.8,0.7,"uniform",58,FALSE,FALSE,0.5,0.9,0.2,FALSE
3938,"synthetic","LSVCMM",200,21,5,"binary",1,1,1,1,0.8,0.8,0.7,"uniform",58,FALSE,FALSE,0.5,1,0.2,FALSE
3939,"synthetic","LSVCMM",200,21,5,"binary",1,1,1,1,0.8,0.8,0.7,"uniform",59,FALSE,FALSE,0.5,0,0.2,FALSE
3940,"synthetic","LSVCMM",200,21,5,"binary",1,1,1,1,0.8,0.8,0.7,"uniform",59,FALSE,FALSE,0.5,0.1,0.2,FALSE
3941,"synthetic","LSVCMM",200,21,5,"binary",1,1,1,1,0.8,0.8,0.7,"uniform",59,FALSE,FALSE,0.5,0.2,0.2,FALSE
3942,"synthetic","LSVCMM",200,21,5,"binary",1,1,1,1,0.8,0.8,0.7,"uniform",59,FALSE,FALSE,0.5,0.3,0.2,FALSE
3943,"synthetic","LSVCMM",200,21,5,"binary",1,1,1,1,0.8,0.8,0.7,"uniform",59,FALSE,FALSE,0.5,0.4,0.2,FALSE
3944,"synthetic","LSVCMM",200,21,5,"binary",1,1,1,1,0.8,0.8,0.7,"uniform",59,FALSE,FALSE,0.5,0.5,0.2,FALSE
3945,"synthetic","LSVCMM",200,21,5,"binary",1,1,1,1,0.8,0.8,0.7,"uniform",59,FALSE,FALSE,0.5,0.6,0.2,FALSE
3946,"synthetic","LSVCMM",200,21,5,"binary",1,1,1,1,0.8,0.8,0.7,"uniform",59,FALSE,FALSE,0.5,0.7,0.2,FALSE
3947,"synthetic","LSVCMM",200,21,5,"binary",1,1,1,1,0.8,0.8,0.7,"uniform",59,FALSE,FALSE,0.5,0.8,0.2,FALSE
3948,"synthetic","LSVCMM",200,21,5,"binary",1,1,1,1,0.8,0.8,0.7,"uniform",59,FALSE,FALSE,0.5,0.9,0.2,FALSE
3949,"synthetic","LSVCMM",200,21,5,"binary",1,1,1,1,0.8,0.8,0.7,"uniform",59,FALSE,FALSE,0.5,1,0.2,FALSE
3950,"synthetic","LSVCMM",200,21,5,"binary",1,1,1,1,0.8,0.8,0.7,"uniform",60,FALSE,FALSE,0.5,0,0.2,FALSE
3951,"synthetic","LSVCMM",200,21,5,"binary",1,1,1,1,0.8,0.8,0.7,"uniform",60,FALSE,FALSE,0.5,0.1,0.2,FALSE
3952,"synthetic","LSVCMM",200,21,5,"binary",1,1,1,1,0.8,0.8,0.7,"uniform",60,FALSE,FALSE,0.5,0.2,0.2,FALSE
3953,"synthetic","LSVCMM",200,21,5,"binary",1,1,1,1,0.8,0.8,0.7,"uniform",60,FALSE,FALSE,0.5,0.3,0.2,FALSE
3954,"synthetic","LSVCMM",200,21,5,"binary",1,1,1,1,0.8,0.8,0.7,"uniform",60,FALSE,FALSE,0.5,0.4,0.2,FALSE
3955,"synthetic","LSVCMM",200,21,5,"binary",1,1,1,1,0.8,0.8,0.7,"uniform",60,FALSE,FALSE,0.5,0.5,0.2,FALSE
3956,"synthetic","LSVCMM",200,21,5,"binary",1,1,1,1,0.8,0.8,0.7,"uniform",60,FALSE,FALSE,0.5,0.6,0.2,FALSE
3957,"synthetic","LSVCMM",200,21,5,"binary",1,1,1,1,0.8,0.8,0.7,"uniform",60,FALSE,FALSE,0.5,0.7,0.2,FALSE
3958,"synthetic","LSVCMM",200,21,5,"binary",1,1,1,1,0.8,0.8,0.7,"uniform",60,FALSE,FALSE,0.5,0.8,0.2,FALSE
3959,"synthetic","LSVCMM",200,21,5,"binary",1,1,1,1,0.8,0.8,0.7,"uniform",60,FALSE,FALSE,0.5,0.9,0.2,FALSE
3960,"synthetic","LSVCMM",200,21,5,"binary",1,1,1,1,0.8,0.8,0.7,"uniform",60,FALSE,FALSE,0.5,1,0.2,FALSE
3961,"synthetic","LSVCMM",200,21,5,"binary",1,1,1,1,0.8,0.8,0.7,"uniform",61,FALSE,FALSE,0.5,0,0.2,FALSE
3962,"synthetic","LSVCMM",200,21,5,"binary",1,1,1,1,0.8,0.8,0.7,"uniform",61,FALSE,FALSE,0.5,0.1,0.2,FALSE
3963,"synthetic","LSVCMM",200,21,5,"binary",1,1,1,1,0.8,0.8,0.7,"uniform",61,FALSE,FALSE,0.5,0.2,0.2,FALSE
3964,"synthetic","LSVCMM",200,21,5,"binary",1,1,1,1,0.8,0.8,0.7,"uniform",61,FALSE,FALSE,0.5,0.3,0.2,FALSE
3965,"synthetic","LSVCMM",200,21,5,"binary",1,1,1,1,0.8,0.8,0.7,"uniform",61,FALSE,FALSE,0.5,0.4,0.2,FALSE
3966,"synthetic","LSVCMM",200,21,5,"binary",1,1,1,1,0.8,0.8,0.7,"uniform",61,FALSE,FALSE,0.5,0.5,0.2,FALSE
3967,"synthetic","LSVCMM",200,21,5,"binary",1,1,1,1,0.8,0.8,0.7,"uniform",61,FALSE,FALSE,0.5,0.6,0.2,FALSE
3968,"synthetic","LSVCMM",200,21,5,"binary",1,1,1,1,0.8,0.8,0.7,"uniform",61,FALSE,FALSE,0.5,0.7,0.2,FALSE
3969,"synthetic","LSVCMM",200,21,5,"binary",1,1,1,1,0.8,0.8,0.7,"uniform",61,FALSE,FALSE,0.5,0.8,0.2,FALSE
3970,"synthetic","LSVCMM",200,21,5,"binary",1,1,1,1,0.8,0.8,0.7,"uniform",61,FALSE,FALSE,0.5,0.9,0.2,FALSE
3971,"synthetic","LSVCMM",200,21,5,"binary",1,1,1,1,0.8,0.8,0.7,"uniform",61,FALSE,FALSE,0.5,1,0.2,FALSE
3972,"synthetic","LSVCMM",200,21,5,"binary",1,1,1,1,0.8,0.8,0.7,"uniform",62,FALSE,FALSE,0.5,0,0.2,FALSE
3973,"synthetic","LSVCMM",200,21,5,"binary",1,1,1,1,0.8,0.8,0.7,"uniform",62,FALSE,FALSE,0.5,0.1,0.2,FALSE
3974,"synthetic","LSVCMM",200,21,5,"binary",1,1,1,1,0.8,0.8,0.7,"uniform",62,FALSE,FALSE,0.5,0.2,0.2,FALSE
3975,"synthetic","LSVCMM",200,21,5,"binary",1,1,1,1,0.8,0.8,0.7,"uniform",62,FALSE,FALSE,0.5,0.3,0.2,FALSE
3976,"synthetic","LSVCMM",200,21,5,"binary",1,1,1,1,0.8,0.8,0.7,"uniform",62,FALSE,FALSE,0.5,0.4,0.2,FALSE
3977,"synthetic","LSVCMM",200,21,5,"binary",1,1,1,1,0.8,0.8,0.7,"uniform",62,FALSE,FALSE,0.5,0.5,0.2,FALSE
3978,"synthetic","LSVCMM",200,21,5,"binary",1,1,1,1,0.8,0.8,0.7,"uniform",62,FALSE,FALSE,0.5,0.6,0.2,FALSE
3979,"synthetic","LSVCMM",200,21,5,"binary",1,1,1,1,0.8,0.8,0.7,"uniform",62,FALSE,FALSE,0.5,0.7,0.2,FALSE
3980,"synthetic","LSVCMM",200,21,5,"binary",1,1,1,1,0.8,0.8,0.7,"uniform",62,FALSE,FALSE,0.5,0.8,0.2,FALSE
3981,"synthetic","LSVCMM",200,21,5,"binary",1,1,1,1,0.8,0.8,0.7,"uniform",62,FALSE,FALSE,0.5,0.9,0.2,FALSE
3982,"synthetic","LSVCMM",200,21,5,"binary",1,1,1,1,0.8,0.8,0.7,"uniform",62,FALSE,FALSE,0.5,1,0.2,FALSE
3983,"synthetic","LSVCMM",200,21,5,"binary",1,1,1,1,0.8,0.8,0.7,"uniform",63,FALSE,FALSE,0.5,0,0.2,FALSE
3984,"synthetic","LSVCMM",200,21,5,"binary",1,1,1,1,0.8,0.8,0.7,"uniform",63,FALSE,FALSE,0.5,0.1,0.2,FALSE
3985,"synthetic","LSVCMM",200,21,5,"binary",1,1,1,1,0.8,0.8,0.7,"uniform",63,FALSE,FALSE,0.5,0.2,0.2,FALSE
3986,"synthetic","LSVCMM",200,21,5,"binary",1,1,1,1,0.8,0.8,0.7,"uniform",63,FALSE,FALSE,0.5,0.3,0.2,FALSE
3987,"synthetic","LSVCMM",200,21,5,"binary",1,1,1,1,0.8,0.8,0.7,"uniform",63,FALSE,FALSE,0.5,0.4,0.2,FALSE
3988,"synthetic","LSVCMM",200,21,5,"binary",1,1,1,1,0.8,0.8,0.7,"uniform",63,FALSE,FALSE,0.5,0.5,0.2,FALSE
3989,"synthetic","LSVCMM",200,21,5,"binary",1,1,1,1,0.8,0.8,0.7,"uniform",63,FALSE,FALSE,0.5,0.6,0.2,FALSE
3990,"synthetic","LSVCMM",200,21,5,"binary",1,1,1,1,0.8,0.8,0.7,"uniform",63,FALSE,FALSE,0.5,0.7,0.2,FALSE
3991,"synthetic","LSVCMM",200,21,5,"binary",1,1,1,1,0.8,0.8,0.7,"uniform",63,FALSE,FALSE,0.5,0.8,0.2,FALSE
3992,"synthetic","LSVCMM",200,21,5,"binary",1,1,1,1,0.8,0.8,0.7,"uniform",63,FALSE,FALSE,0.5,0.9,0.2,FALSE
3993,"synthetic","LSVCMM",200,21,5,"binary",1,1,1,1,0.8,0.8,0.7,"uniform",63,FALSE,FALSE,0.5,1,0.2,FALSE
3994,"synthetic","LSVCMM",200,21,5,"binary",1,1,1,1,0.8,0.8,0.7,"uniform",64,FALSE,FALSE,0.5,0,0.2,FALSE
3995,"synthetic","LSVCMM",200,21,5,"binary",1,1,1,1,0.8,0.8,0.7,"uniform",64,FALSE,FALSE,0.5,0.1,0.2,FALSE
3996,"synthetic","LSVCMM",200,21,5,"binary",1,1,1,1,0.8,0.8,0.7,"uniform",64,FALSE,FALSE,0.5,0.2,0.2,FALSE
3997,"synthetic","LSVCMM",200,21,5,"binary",1,1,1,1,0.8,0.8,0.7,"uniform",64,FALSE,FALSE,0.5,0.3,0.2,FALSE
3998,"synthetic","LSVCMM",200,21,5,"binary",1,1,1,1,0.8,0.8,0.7,"uniform",64,FALSE,FALSE,0.5,0.4,0.2,FALSE
3999,"synthetic","LSVCMM",200,21,5,"binary",1,1,1,1,0.8,0.8,0.7,"uniform",64,FALSE,FALSE,0.5,0.5,0.2,FALSE
4000,"synthetic","LSVCMM",200,21,5,"binary",1,1,1,1,0.8,0.8,0.7,"uniform",64,FALSE,FALSE,0.5,0.6,0.2,FALSE
4001,"synthetic","LSVCMM",200,21,5,"binary",1,1,1,1,0.8,0.8,0.7,"uniform",64,FALSE,FALSE,0.5,0.7,0.2,FALSE
4002,"synthetic","LSVCMM",200,21,5,"binary",1,1,1,1,0.8,0.8,0.7,"uniform",64,FALSE,FALSE,0.5,0.8,0.2,FALSE
4003,"synthetic","LSVCMM",200,21,5,"binary",1,1,1,1,0.8,0.8,0.7,"uniform",64,FALSE,FALSE,0.5,0.9,0.2,FALSE
4004,"synthetic","LSVCMM",200,21,5,"binary",1,1,1,1,0.8,0.8,0.7,"uniform",64,FALSE,FALSE,0.5,1,0.2,FALSE
4005,"synthetic","LSVCMM",200,21,5,"binary",1,1,1,1,0.8,0.8,0.7,"uniform",65,FALSE,FALSE,0.5,0,0.2,FALSE
4006,"synthetic","LSVCMM",200,21,5,"binary",1,1,1,1,0.8,0.8,0.7,"uniform",65,FALSE,FALSE,0.5,0.1,0.2,FALSE
4007,"synthetic","LSVCMM",200,21,5,"binary",1,1,1,1,0.8,0.8,0.7,"uniform",65,FALSE,FALSE,0.5,0.2,0.2,FALSE
4008,"synthetic","LSVCMM",200,21,5,"binary",1,1,1,1,0.8,0.8,0.7,"uniform",65,FALSE,FALSE,0.5,0.3,0.2,FALSE
4009,"synthetic","LSVCMM",200,21,5,"binary",1,1,1,1,0.8,0.8,0.7,"uniform",65,FALSE,FALSE,0.5,0.4,0.2,FALSE
4010,"synthetic","LSVCMM",200,21,5,"binary",1,1,1,1,0.8,0.8,0.7,"uniform",65,FALSE,FALSE,0.5,0.5,0.2,FALSE
4011,"synthetic","LSVCMM",200,21,5,"binary",1,1,1,1,0.8,0.8,0.7,"uniform",65,FALSE,FALSE,0.5,0.6,0.2,FALSE
4012,"synthetic","LSVCMM",200,21,5,"binary",1,1,1,1,0.8,0.8,0.7,"uniform",65,FALSE,FALSE,0.5,0.7,0.2,FALSE
4013,"synthetic","LSVCMM",200,21,5,"binary",1,1,1,1,0.8,0.8,0.7,"uniform",65,FALSE,FALSE,0.5,0.8,0.2,FALSE
4014,"synthetic","LSVCMM",200,21,5,"binary",1,1,1,1,0.8,0.8,0.7,"uniform",65,FALSE,FALSE,0.5,0.9,0.2,FALSE
4015,"synthetic","LSVCMM",200,21,5,"binary",1,1,1,1,0.8,0.8,0.7,"uniform",65,FALSE,FALSE,0.5,1,0.2,FALSE
4016,"synthetic","LSVCMM",200,21,5,"binary",1,1,1,1,0.8,0.8,0.7,"uniform",66,FALSE,FALSE,0.5,0,0.2,FALSE
4017,"synthetic","LSVCMM",200,21,5,"binary",1,1,1,1,0.8,0.8,0.7,"uniform",66,FALSE,FALSE,0.5,0.1,0.2,FALSE
4018,"synthetic","LSVCMM",200,21,5,"binary",1,1,1,1,0.8,0.8,0.7,"uniform",66,FALSE,FALSE,0.5,0.2,0.2,FALSE
4019,"synthetic","LSVCMM",200,21,5,"binary",1,1,1,1,0.8,0.8,0.7,"uniform",66,FALSE,FALSE,0.5,0.3,0.2,FALSE
4020,"synthetic","LSVCMM",200,21,5,"binary",1,1,1,1,0.8,0.8,0.7,"uniform",66,FALSE,FALSE,0.5,0.4,0.2,FALSE
4021,"synthetic","LSVCMM",200,21,5,"binary",1,1,1,1,0.8,0.8,0.7,"uniform",66,FALSE,FALSE,0.5,0.5,0.2,FALSE
4022,"synthetic","LSVCMM",200,21,5,"binary",1,1,1,1,0.8,0.8,0.7,"uniform",66,FALSE,FALSE,0.5,0.6,0.2,FALSE
4023,"synthetic","LSVCMM",200,21,5,"binary",1,1,1,1,0.8,0.8,0.7,"uniform",66,FALSE,FALSE,0.5,0.7,0.2,FALSE
4024,"synthetic","LSVCMM",200,21,5,"binary",1,1,1,1,0.8,0.8,0.7,"uniform",66,FALSE,FALSE,0.5,0.8,0.2,FALSE
4025,"synthetic","LSVCMM",200,21,5,"binary",1,1,1,1,0.8,0.8,0.7,"uniform",66,FALSE,FALSE,0.5,0.9,0.2,FALSE
4026,"synthetic","LSVCMM",200,21,5,"binary",1,1,1,1,0.8,0.8,0.7,"uniform",66,FALSE,FALSE,0.5,1,0.2,FALSE
4027,"synthetic","LSVCMM",200,21,5,"binary",1,1,1,1,0.8,0.8,0.7,"uniform",67,FALSE,FALSE,0.5,0,0.2,FALSE
4028,"synthetic","LSVCMM",200,21,5,"binary",1,1,1,1,0.8,0.8,0.7,"uniform",67,FALSE,FALSE,0.5,0.1,0.2,FALSE
4029,"synthetic","LSVCMM",200,21,5,"binary",1,1,1,1,0.8,0.8,0.7,"uniform",67,FALSE,FALSE,0.5,0.2,0.2,FALSE
4030,"synthetic","LSVCMM",200,21,5,"binary",1,1,1,1,0.8,0.8,0.7,"uniform",67,FALSE,FALSE,0.5,0.3,0.2,FALSE
4031,"synthetic","LSVCMM",200,21,5,"binary",1,1,1,1,0.8,0.8,0.7,"uniform",67,FALSE,FALSE,0.5,0.4,0.2,FALSE
4032,"synthetic","LSVCMM",200,21,5,"binary",1,1,1,1,0.8,0.8,0.7,"uniform",67,FALSE,FALSE,0.5,0.5,0.2,FALSE
4033,"synthetic","LSVCMM",200,21,5,"binary",1,1,1,1,0.8,0.8,0.7,"uniform",67,FALSE,FALSE,0.5,0.6,0.2,FALSE
4034,"synthetic","LSVCMM",200,21,5,"binary",1,1,1,1,0.8,0.8,0.7,"uniform",67,FALSE,FALSE,0.5,0.7,0.2,FALSE
4035,"synthetic","LSVCMM",200,21,5,"binary",1,1,1,1,0.8,0.8,0.7,"uniform",67,FALSE,FALSE,0.5,0.8,0.2,FALSE
4036,"synthetic","LSVCMM",200,21,5,"binary",1,1,1,1,0.8,0.8,0.7,"uniform",67,FALSE,FALSE,0.5,0.9,0.2,FALSE
4037,"synthetic","LSVCMM",200,21,5,"binary",1,1,1,1,0.8,0.8,0.7,"uniform",67,FALSE,FALSE,0.5,1,0.2,FALSE
4038,"synthetic","LSVCMM",200,21,5,"binary",1,1,1,1,0.8,0.8,0.7,"uniform",68,FALSE,FALSE,0.5,0,0.2,FALSE
4039,"synthetic","LSVCMM",200,21,5,"binary",1,1,1,1,0.8,0.8,0.7,"uniform",68,FALSE,FALSE,0.5,0.1,0.2,FALSE
4040,"synthetic","LSVCMM",200,21,5,"binary",1,1,1,1,0.8,0.8,0.7,"uniform",68,FALSE,FALSE,0.5,0.2,0.2,FALSE
4041,"synthetic","LSVCMM",200,21,5,"binary",1,1,1,1,0.8,0.8,0.7,"uniform",68,FALSE,FALSE,0.5,0.3,0.2,FALSE
4042,"synthetic","LSVCMM",200,21,5,"binary",1,1,1,1,0.8,0.8,0.7,"uniform",68,FALSE,FALSE,0.5,0.4,0.2,FALSE
4043,"synthetic","LSVCMM",200,21,5,"binary",1,1,1,1,0.8,0.8,0.7,"uniform",68,FALSE,FALSE,0.5,0.5,0.2,FALSE
4044,"synthetic","LSVCMM",200,21,5,"binary",1,1,1,1,0.8,0.8,0.7,"uniform",68,FALSE,FALSE,0.5,0.6,0.2,FALSE
4045,"synthetic","LSVCMM",200,21,5,"binary",1,1,1,1,0.8,0.8,0.7,"uniform",68,FALSE,FALSE,0.5,0.7,0.2,FALSE
4046,"synthetic","LSVCMM",200,21,5,"binary",1,1,1,1,0.8,0.8,0.7,"uniform",68,FALSE,FALSE,0.5,0.8,0.2,FALSE
4047,"synthetic","LSVCMM",200,21,5,"binary",1,1,1,1,0.8,0.8,0.7,"uniform",68,FALSE,FALSE,0.5,0.9,0.2,FALSE
4048,"synthetic","LSVCMM",200,21,5,"binary",1,1,1,1,0.8,0.8,0.7,"uniform",68,FALSE,FALSE,0.5,1,0.2,FALSE
4049,"synthetic","LSVCMM",200,21,5,"binary",1,1,1,1,0.8,0.8,0.7,"uniform",69,FALSE,FALSE,0.5,0,0.2,FALSE
4050,"synthetic","LSVCMM",200,21,5,"binary",1,1,1,1,0.8,0.8,0.7,"uniform",69,FALSE,FALSE,0.5,0.1,0.2,FALSE
4051,"synthetic","LSVCMM",200,21,5,"binary",1,1,1,1,0.8,0.8,0.7,"uniform",69,FALSE,FALSE,0.5,0.2,0.2,FALSE
4052,"synthetic","LSVCMM",200,21,5,"binary",1,1,1,1,0.8,0.8,0.7,"uniform",69,FALSE,FALSE,0.5,0.3,0.2,FALSE
4053,"synthetic","LSVCMM",200,21,5,"binary",1,1,1,1,0.8,0.8,0.7,"uniform",69,FALSE,FALSE,0.5,0.4,0.2,FALSE
4054,"synthetic","LSVCMM",200,21,5,"binary",1,1,1,1,0.8,0.8,0.7,"uniform",69,FALSE,FALSE,0.5,0.5,0.2,FALSE
4055,"synthetic","LSVCMM",200,21,5,"binary",1,1,1,1,0.8,0.8,0.7,"uniform",69,FALSE,FALSE,0.5,0.6,0.2,FALSE
4056,"synthetic","LSVCMM",200,21,5,"binary",1,1,1,1,0.8,0.8,0.7,"uniform",69,FALSE,FALSE,0.5,0.7,0.2,FALSE
4057,"synthetic","LSVCMM",200,21,5,"binary",1,1,1,1,0.8,0.8,0.7,"uniform",69,FALSE,FALSE,0.5,0.8,0.2,FALSE
4058,"synthetic","LSVCMM",200,21,5,"binary",1,1,1,1,0.8,0.8,0.7,"uniform",69,FALSE,FALSE,0.5,0.9,0.2,FALSE
4059,"synthetic","LSVCMM",200,21,5,"binary",1,1,1,1,0.8,0.8,0.7,"uniform",69,FALSE,FALSE,0.5,1,0.2,FALSE
4060,"synthetic","LSVCMM",200,21,5,"binary",1,1,1,1,0.8,0.8,0.7,"uniform",70,FALSE,FALSE,0.5,0,0.2,FALSE
4061,"synthetic","LSVCMM",200,21,5,"binary",1,1,1,1,0.8,0.8,0.7,"uniform",70,FALSE,FALSE,0.5,0.1,0.2,FALSE
4062,"synthetic","LSVCMM",200,21,5,"binary",1,1,1,1,0.8,0.8,0.7,"uniform",70,FALSE,FALSE,0.5,0.2,0.2,FALSE
4063,"synthetic","LSVCMM",200,21,5,"binary",1,1,1,1,0.8,0.8,0.7,"uniform",70,FALSE,FALSE,0.5,0.3,0.2,FALSE
4064,"synthetic","LSVCMM",200,21,5,"binary",1,1,1,1,0.8,0.8,0.7,"uniform",70,FALSE,FALSE,0.5,0.4,0.2,FALSE
4065,"synthetic","LSVCMM",200,21,5,"binary",1,1,1,1,0.8,0.8,0.7,"uniform",70,FALSE,FALSE,0.5,0.5,0.2,FALSE
4066,"synthetic","LSVCMM",200,21,5,"binary",1,1,1,1,0.8,0.8,0.7,"uniform",70,FALSE,FALSE,0.5,0.6,0.2,FALSE
4067,"synthetic","LSVCMM",200,21,5,"binary",1,1,1,1,0.8,0.8,0.7,"uniform",70,FALSE,FALSE,0.5,0.7,0.2,FALSE
4068,"synthetic","LSVCMM",200,21,5,"binary",1,1,1,1,0.8,0.8,0.7,"uniform",70,FALSE,FALSE,0.5,0.8,0.2,FALSE
4069,"synthetic","LSVCMM",200,21,5,"binary",1,1,1,1,0.8,0.8,0.7,"uniform",70,FALSE,FALSE,0.5,0.9,0.2,FALSE
4070,"synthetic","LSVCMM",200,21,5,"binary",1,1,1,1,0.8,0.8,0.7,"uniform",70,FALSE,FALSE,0.5,1,0.2,FALSE
4071,"synthetic","LSVCMM",200,21,5,"binary",1,1,1,1,0.8,0.8,0.7,"uniform",71,FALSE,FALSE,0.5,0,0.2,FALSE
4072,"synthetic","LSVCMM",200,21,5,"binary",1,1,1,1,0.8,0.8,0.7,"uniform",71,FALSE,FALSE,0.5,0.1,0.2,FALSE
4073,"synthetic","LSVCMM",200,21,5,"binary",1,1,1,1,0.8,0.8,0.7,"uniform",71,FALSE,FALSE,0.5,0.2,0.2,FALSE
4074,"synthetic","LSVCMM",200,21,5,"binary",1,1,1,1,0.8,0.8,0.7,"uniform",71,FALSE,FALSE,0.5,0.3,0.2,FALSE
4075,"synthetic","LSVCMM",200,21,5,"binary",1,1,1,1,0.8,0.8,0.7,"uniform",71,FALSE,FALSE,0.5,0.4,0.2,FALSE
4076,"synthetic","LSVCMM",200,21,5,"binary",1,1,1,1,0.8,0.8,0.7,"uniform",71,FALSE,FALSE,0.5,0.5,0.2,FALSE
4077,"synthetic","LSVCMM",200,21,5,"binary",1,1,1,1,0.8,0.8,0.7,"uniform",71,FALSE,FALSE,0.5,0.6,0.2,FALSE
4078,"synthetic","LSVCMM",200,21,5,"binary",1,1,1,1,0.8,0.8,0.7,"uniform",71,FALSE,FALSE,0.5,0.7,0.2,FALSE
4079,"synthetic","LSVCMM",200,21,5,"binary",1,1,1,1,0.8,0.8,0.7,"uniform",71,FALSE,FALSE,0.5,0.8,0.2,FALSE
4080,"synthetic","LSVCMM",200,21,5,"binary",1,1,1,1,0.8,0.8,0.7,"uniform",71,FALSE,FALSE,0.5,0.9,0.2,FALSE
4081,"synthetic","LSVCMM",200,21,5,"binary",1,1,1,1,0.8,0.8,0.7,"uniform",71,FALSE,FALSE,0.5,1,0.2,FALSE
4082,"synthetic","LSVCMM",200,21,5,"binary",1,1,1,1,0.8,0.8,0.7,"uniform",72,FALSE,FALSE,0.5,0,0.2,FALSE
4083,"synthetic","LSVCMM",200,21,5,"binary",1,1,1,1,0.8,0.8,0.7,"uniform",72,FALSE,FALSE,0.5,0.1,0.2,FALSE
4084,"synthetic","LSVCMM",200,21,5,"binary",1,1,1,1,0.8,0.8,0.7,"uniform",72,FALSE,FALSE,0.5,0.2,0.2,FALSE
4085,"synthetic","LSVCMM",200,21,5,"binary",1,1,1,1,0.8,0.8,0.7,"uniform",72,FALSE,FALSE,0.5,0.3,0.2,FALSE
4086,"synthetic","LSVCMM",200,21,5,"binary",1,1,1,1,0.8,0.8,0.7,"uniform",72,FALSE,FALSE,0.5,0.4,0.2,FALSE
4087,"synthetic","LSVCMM",200,21,5,"binary",1,1,1,1,0.8,0.8,0.7,"uniform",72,FALSE,FALSE,0.5,0.5,0.2,FALSE
4088,"synthetic","LSVCMM",200,21,5,"binary",1,1,1,1,0.8,0.8,0.7,"uniform",72,FALSE,FALSE,0.5,0.6,0.2,FALSE
4089,"synthetic","LSVCMM",200,21,5,"binary",1,1,1,1,0.8,0.8,0.7,"uniform",72,FALSE,FALSE,0.5,0.7,0.2,FALSE
4090,"synthetic","LSVCMM",200,21,5,"binary",1,1,1,1,0.8,0.8,0.7,"uniform",72,FALSE,FALSE,0.5,0.8,0.2,FALSE
4091,"synthetic","LSVCMM",200,21,5,"binary",1,1,1,1,0.8,0.8,0.7,"uniform",72,FALSE,FALSE,0.5,0.9,0.2,FALSE
4092,"synthetic","LSVCMM",200,21,5,"binary",1,1,1,1,0.8,0.8,0.7,"uniform",72,FALSE,FALSE,0.5,1,0.2,FALSE
4093,"synthetic","LSVCMM",200,21,5,"binary",1,1,1,1,0.8,0.8,0.7,"uniform",73,FALSE,FALSE,0.5,0,0.2,FALSE
4094,"synthetic","LSVCMM",200,21,5,"binary",1,1,1,1,0.8,0.8,0.7,"uniform",73,FALSE,FALSE,0.5,0.1,0.2,FALSE
4095,"synthetic","LSVCMM",200,21,5,"binary",1,1,1,1,0.8,0.8,0.7,"uniform",73,FALSE,FALSE,0.5,0.2,0.2,FALSE
4096,"synthetic","LSVCMM",200,21,5,"binary",1,1,1,1,0.8,0.8,0.7,"uniform",73,FALSE,FALSE,0.5,0.3,0.2,FALSE
4097,"synthetic","LSVCMM",200,21,5,"binary",1,1,1,1,0.8,0.8,0.7,"uniform",73,FALSE,FALSE,0.5,0.4,0.2,FALSE
4098,"synthetic","LSVCMM",200,21,5,"binary",1,1,1,1,0.8,0.8,0.7,"uniform",73,FALSE,FALSE,0.5,0.5,0.2,FALSE
4099,"synthetic","LSVCMM",200,21,5,"binary",1,1,1,1,0.8,0.8,0.7,"uniform",73,FALSE,FALSE,0.5,0.6,0.2,FALSE
4100,"synthetic","LSVCMM",200,21,5,"binary",1,1,1,1,0.8,0.8,0.7,"uniform",73,FALSE,FALSE,0.5,0.7,0.2,FALSE
4101,"synthetic","LSVCMM",200,21,5,"binary",1,1,1,1,0.8,0.8,0.7,"uniform",73,FALSE,FALSE,0.5,0.8,0.2,FALSE
4102,"synthetic","LSVCMM",200,21,5,"binary",1,1,1,1,0.8,0.8,0.7,"uniform",73,FALSE,FALSE,0.5,0.9,0.2,FALSE
4103,"synthetic","LSVCMM",200,21,5,"binary",1,1,1,1,0.8,0.8,0.7,"uniform",73,FALSE,FALSE,0.5,1,0.2,FALSE
4104,"synthetic","LSVCMM",200,21,5,"binary",1,1,1,1,0.8,0.8,0.7,"uniform",74,FALSE,FALSE,0.5,0,0.2,FALSE
4105,"synthetic","LSVCMM",200,21,5,"binary",1,1,1,1,0.8,0.8,0.7,"uniform",74,FALSE,FALSE,0.5,0.1,0.2,FALSE
4106,"synthetic","LSVCMM",200,21,5,"binary",1,1,1,1,0.8,0.8,0.7,"uniform",74,FALSE,FALSE,0.5,0.2,0.2,FALSE
4107,"synthetic","LSVCMM",200,21,5,"binary",1,1,1,1,0.8,0.8,0.7,"uniform",74,FALSE,FALSE,0.5,0.3,0.2,FALSE
4108,"synthetic","LSVCMM",200,21,5,"binary",1,1,1,1,0.8,0.8,0.7,"uniform",74,FALSE,FALSE,0.5,0.4,0.2,FALSE
4109,"synthetic","LSVCMM",200,21,5,"binary",1,1,1,1,0.8,0.8,0.7,"uniform",74,FALSE,FALSE,0.5,0.5,0.2,FALSE
4110,"synthetic","LSVCMM",200,21,5,"binary",1,1,1,1,0.8,0.8,0.7,"uniform",74,FALSE,FALSE,0.5,0.6,0.2,FALSE
4111,"synthetic","LSVCMM",200,21,5,"binary",1,1,1,1,0.8,0.8,0.7,"uniform",74,FALSE,FALSE,0.5,0.7,0.2,FALSE
4112,"synthetic","LSVCMM",200,21,5,"binary",1,1,1,1,0.8,0.8,0.7,"uniform",74,FALSE,FALSE,0.5,0.8,0.2,FALSE
4113,"synthetic","LSVCMM",200,21,5,"binary",1,1,1,1,0.8,0.8,0.7,"uniform",74,FALSE,FALSE,0.5,0.9,0.2,FALSE
4114,"synthetic","LSVCMM",200,21,5,"binary",1,1,1,1,0.8,0.8,0.7,"uniform",74,FALSE,FALSE,0.5,1,0.2,FALSE
4115,"synthetic","LSVCMM",200,21,5,"binary",1,1,1,1,0.8,0.8,0.7,"uniform",75,FALSE,FALSE,0.5,0,0.2,FALSE
4116,"synthetic","LSVCMM",200,21,5,"binary",1,1,1,1,0.8,0.8,0.7,"uniform",75,FALSE,FALSE,0.5,0.1,0.2,FALSE
4117,"synthetic","LSVCMM",200,21,5,"binary",1,1,1,1,0.8,0.8,0.7,"uniform",75,FALSE,FALSE,0.5,0.2,0.2,FALSE
4118,"synthetic","LSVCMM",200,21,5,"binary",1,1,1,1,0.8,0.8,0.7,"uniform",75,FALSE,FALSE,0.5,0.3,0.2,FALSE
4119,"synthetic","LSVCMM",200,21,5,"binary",1,1,1,1,0.8,0.8,0.7,"uniform",75,FALSE,FALSE,0.5,0.4,0.2,FALSE
4120,"synthetic","LSVCMM",200,21,5,"binary",1,1,1,1,0.8,0.8,0.7,"uniform",75,FALSE,FALSE,0.5,0.5,0.2,FALSE
4121,"synthetic","LSVCMM",200,21,5,"binary",1,1,1,1,0.8,0.8,0.7,"uniform",75,FALSE,FALSE,0.5,0.6,0.2,FALSE
4122,"synthetic","LSVCMM",200,21,5,"binary",1,1,1,1,0.8,0.8,0.7,"uniform",75,FALSE,FALSE,0.5,0.7,0.2,FALSE
4123,"synthetic","LSVCMM",200,21,5,"binary",1,1,1,1,0.8,0.8,0.7,"uniform",75,FALSE,FALSE,0.5,0.8,0.2,FALSE
4124,"synthetic","LSVCMM",200,21,5,"binary",1,1,1,1,0.8,0.8,0.7,"uniform",75,FALSE,FALSE,0.5,0.9,0.2,FALSE
4125,"synthetic","LSVCMM",200,21,5,"binary",1,1,1,1,0.8,0.8,0.7,"uniform",75,FALSE,FALSE,0.5,1,0.2,FALSE
4126,"synthetic","LSVCMM",200,21,5,"binary",1,1,1,1,0.8,0.8,0.7,"uniform",76,FALSE,FALSE,0.5,0,0.2,FALSE
4127,"synthetic","LSVCMM",200,21,5,"binary",1,1,1,1,0.8,0.8,0.7,"uniform",76,FALSE,FALSE,0.5,0.1,0.2,FALSE
4128,"synthetic","LSVCMM",200,21,5,"binary",1,1,1,1,0.8,0.8,0.7,"uniform",76,FALSE,FALSE,0.5,0.2,0.2,FALSE
4129,"synthetic","LSVCMM",200,21,5,"binary",1,1,1,1,0.8,0.8,0.7,"uniform",76,FALSE,FALSE,0.5,0.3,0.2,FALSE
4130,"synthetic","LSVCMM",200,21,5,"binary",1,1,1,1,0.8,0.8,0.7,"uniform",76,FALSE,FALSE,0.5,0.4,0.2,FALSE
4131,"synthetic","LSVCMM",200,21,5,"binary",1,1,1,1,0.8,0.8,0.7,"uniform",76,FALSE,FALSE,0.5,0.5,0.2,FALSE
4132,"synthetic","LSVCMM",200,21,5,"binary",1,1,1,1,0.8,0.8,0.7,"uniform",76,FALSE,FALSE,0.5,0.6,0.2,FALSE
4133,"synthetic","LSVCMM",200,21,5,"binary",1,1,1,1,0.8,0.8,0.7,"uniform",76,FALSE,FALSE,0.5,0.7,0.2,FALSE
4134,"synthetic","LSVCMM",200,21,5,"binary",1,1,1,1,0.8,0.8,0.7,"uniform",76,FALSE,FALSE,0.5,0.8,0.2,FALSE
4135,"synthetic","LSVCMM",200,21,5,"binary",1,1,1,1,0.8,0.8,0.7,"uniform",76,FALSE,FALSE,0.5,0.9,0.2,FALSE
4136,"synthetic","LSVCMM",200,21,5,"binary",1,1,1,1,0.8,0.8,0.7,"uniform",76,FALSE,FALSE,0.5,1,0.2,FALSE
4137,"synthetic","LSVCMM",200,21,5,"binary",1,1,1,1,0.8,0.8,0.7,"uniform",77,FALSE,FALSE,0.5,0,0.2,FALSE
4138,"synthetic","LSVCMM",200,21,5,"binary",1,1,1,1,0.8,0.8,0.7,"uniform",77,FALSE,FALSE,0.5,0.1,0.2,FALSE
4139,"synthetic","LSVCMM",200,21,5,"binary",1,1,1,1,0.8,0.8,0.7,"uniform",77,FALSE,FALSE,0.5,0.2,0.2,FALSE
4140,"synthetic","LSVCMM",200,21,5,"binary",1,1,1,1,0.8,0.8,0.7,"uniform",77,FALSE,FALSE,0.5,0.3,0.2,FALSE
4141,"synthetic","LSVCMM",200,21,5,"binary",1,1,1,1,0.8,0.8,0.7,"uniform",77,FALSE,FALSE,0.5,0.4,0.2,FALSE
4142,"synthetic","LSVCMM",200,21,5,"binary",1,1,1,1,0.8,0.8,0.7,"uniform",77,FALSE,FALSE,0.5,0.5,0.2,FALSE
4143,"synthetic","LSVCMM",200,21,5,"binary",1,1,1,1,0.8,0.8,0.7,"uniform",77,FALSE,FALSE,0.5,0.6,0.2,FALSE
4144,"synthetic","LSVCMM",200,21,5,"binary",1,1,1,1,0.8,0.8,0.7,"uniform",77,FALSE,FALSE,0.5,0.7,0.2,FALSE
4145,"synthetic","LSVCMM",200,21,5,"binary",1,1,1,1,0.8,0.8,0.7,"uniform",77,FALSE,FALSE,0.5,0.8,0.2,FALSE
4146,"synthetic","LSVCMM",200,21,5,"binary",1,1,1,1,0.8,0.8,0.7,"uniform",77,FALSE,FALSE,0.5,0.9,0.2,FALSE
4147,"synthetic","LSVCMM",200,21,5,"binary",1,1,1,1,0.8,0.8,0.7,"uniform",77,FALSE,FALSE,0.5,1,0.2,FALSE
4148,"synthetic","LSVCMM",200,21,5,"binary",1,1,1,1,0.8,0.8,0.7,"uniform",78,FALSE,FALSE,0.5,0,0.2,FALSE
4149,"synthetic","LSVCMM",200,21,5,"binary",1,1,1,1,0.8,0.8,0.7,"uniform",78,FALSE,FALSE,0.5,0.1,0.2,FALSE
4150,"synthetic","LSVCMM",200,21,5,"binary",1,1,1,1,0.8,0.8,0.7,"uniform",78,FALSE,FALSE,0.5,0.2,0.2,FALSE
4151,"synthetic","LSVCMM",200,21,5,"binary",1,1,1,1,0.8,0.8,0.7,"uniform",78,FALSE,FALSE,0.5,0.3,0.2,FALSE
4152,"synthetic","LSVCMM",200,21,5,"binary",1,1,1,1,0.8,0.8,0.7,"uniform",78,FALSE,FALSE,0.5,0.4,0.2,FALSE
4153,"synthetic","LSVCMM",200,21,5,"binary",1,1,1,1,0.8,0.8,0.7,"uniform",78,FALSE,FALSE,0.5,0.5,0.2,FALSE
4154,"synthetic","LSVCMM",200,21,5,"binary",1,1,1,1,0.8,0.8,0.7,"uniform",78,FALSE,FALSE,0.5,0.6,0.2,FALSE
4155,"synthetic","LSVCMM",200,21,5,"binary",1,1,1,1,0.8,0.8,0.7,"uniform",78,FALSE,FALSE,0.5,0.7,0.2,FALSE
4156,"synthetic","LSVCMM",200,21,5,"binary",1,1,1,1,0.8,0.8,0.7,"uniform",78,FALSE,FALSE,0.5,0.8,0.2,FALSE
4157,"synthetic","LSVCMM",200,21,5,"binary",1,1,1,1,0.8,0.8,0.7,"uniform",78,FALSE,FALSE,0.5,0.9,0.2,FALSE
4158,"synthetic","LSVCMM",200,21,5,"binary",1,1,1,1,0.8,0.8,0.7,"uniform",78,FALSE,FALSE,0.5,1,0.2,FALSE
4159,"synthetic","LSVCMM",200,21,5,"binary",1,1,1,1,0.8,0.8,0.7,"uniform",79,FALSE,FALSE,0.5,0,0.2,FALSE
4160,"synthetic","LSVCMM",200,21,5,"binary",1,1,1,1,0.8,0.8,0.7,"uniform",79,FALSE,FALSE,0.5,0.1,0.2,FALSE
4161,"synthetic","LSVCMM",200,21,5,"binary",1,1,1,1,0.8,0.8,0.7,"uniform",79,FALSE,FALSE,0.5,0.2,0.2,FALSE
4162,"synthetic","LSVCMM",200,21,5,"binary",1,1,1,1,0.8,0.8,0.7,"uniform",79,FALSE,FALSE,0.5,0.3,0.2,FALSE
4163,"synthetic","LSVCMM",200,21,5,"binary",1,1,1,1,0.8,0.8,0.7,"uniform",79,FALSE,FALSE,0.5,0.4,0.2,FALSE
4164,"synthetic","LSVCMM",200,21,5,"binary",1,1,1,1,0.8,0.8,0.7,"uniform",79,FALSE,FALSE,0.5,0.5,0.2,FALSE
4165,"synthetic","LSVCMM",200,21,5,"binary",1,1,1,1,0.8,0.8,0.7,"uniform",79,FALSE,FALSE,0.5,0.6,0.2,FALSE
4166,"synthetic","LSVCMM",200,21,5,"binary",1,1,1,1,0.8,0.8,0.7,"uniform",79,FALSE,FALSE,0.5,0.7,0.2,FALSE
4167,"synthetic","LSVCMM",200,21,5,"binary",1,1,1,1,0.8,0.8,0.7,"uniform",79,FALSE,FALSE,0.5,0.8,0.2,FALSE
4168,"synthetic","LSVCMM",200,21,5,"binary",1,1,1,1,0.8,0.8,0.7,"uniform",79,FALSE,FALSE,0.5,0.9,0.2,FALSE
4169,"synthetic","LSVCMM",200,21,5,"binary",1,1,1,1,0.8,0.8,0.7,"uniform",79,FALSE,FALSE,0.5,1,0.2,FALSE
4170,"synthetic","LSVCMM",200,21,5,"binary",1,1,1,1,0.8,0.8,0.7,"uniform",80,FALSE,FALSE,0.5,0,0.2,FALSE
4171,"synthetic","LSVCMM",200,21,5,"binary",1,1,1,1,0.8,0.8,0.7,"uniform",80,FALSE,FALSE,0.5,0.1,0.2,FALSE
4172,"synthetic","LSVCMM",200,21,5,"binary",1,1,1,1,0.8,0.8,0.7,"uniform",80,FALSE,FALSE,0.5,0.2,0.2,FALSE
4173,"synthetic","LSVCMM",200,21,5,"binary",1,1,1,1,0.8,0.8,0.7,"uniform",80,FALSE,FALSE,0.5,0.3,0.2,FALSE
4174,"synthetic","LSVCMM",200,21,5,"binary",1,1,1,1,0.8,0.8,0.7,"uniform",80,FALSE,FALSE,0.5,0.4,0.2,FALSE
4175,"synthetic","LSVCMM",200,21,5,"binary",1,1,1,1,0.8,0.8,0.7,"uniform",80,FALSE,FALSE,0.5,0.5,0.2,FALSE
4176,"synthetic","LSVCMM",200,21,5,"binary",1,1,1,1,0.8,0.8,0.7,"uniform",80,FALSE,FALSE,0.5,0.6,0.2,FALSE
4177,"synthetic","LSVCMM",200,21,5,"binary",1,1,1,1,0.8,0.8,0.7,"uniform",80,FALSE,FALSE,0.5,0.7,0.2,FALSE
4178,"synthetic","LSVCMM",200,21,5,"binary",1,1,1,1,0.8,0.8,0.7,"uniform",80,FALSE,FALSE,0.5,0.8,0.2,FALSE
4179,"synthetic","LSVCMM",200,21,5,"binary",1,1,1,1,0.8,0.8,0.7,"uniform",80,FALSE,FALSE,0.5,0.9,0.2,FALSE
4180,"synthetic","LSVCMM",200,21,5,"binary",1,1,1,1,0.8,0.8,0.7,"uniform",80,FALSE,FALSE,0.5,1,0.2,FALSE
4181,"synthetic","LSVCMM",200,21,5,"binary",1,1,1,1,0.8,0.8,0.7,"uniform",81,FALSE,FALSE,0.5,0,0.2,FALSE
4182,"synthetic","LSVCMM",200,21,5,"binary",1,1,1,1,0.8,0.8,0.7,"uniform",81,FALSE,FALSE,0.5,0.1,0.2,FALSE
4183,"synthetic","LSVCMM",200,21,5,"binary",1,1,1,1,0.8,0.8,0.7,"uniform",81,FALSE,FALSE,0.5,0.2,0.2,FALSE
4184,"synthetic","LSVCMM",200,21,5,"binary",1,1,1,1,0.8,0.8,0.7,"uniform",81,FALSE,FALSE,0.5,0.3,0.2,FALSE
4185,"synthetic","LSVCMM",200,21,5,"binary",1,1,1,1,0.8,0.8,0.7,"uniform",81,FALSE,FALSE,0.5,0.4,0.2,FALSE
4186,"synthetic","LSVCMM",200,21,5,"binary",1,1,1,1,0.8,0.8,0.7,"uniform",81,FALSE,FALSE,0.5,0.5,0.2,FALSE
4187,"synthetic","LSVCMM",200,21,5,"binary",1,1,1,1,0.8,0.8,0.7,"uniform",81,FALSE,FALSE,0.5,0.6,0.2,FALSE
4188,"synthetic","LSVCMM",200,21,5,"binary",1,1,1,1,0.8,0.8,0.7,"uniform",81,FALSE,FALSE,0.5,0.7,0.2,FALSE
4189,"synthetic","LSVCMM",200,21,5,"binary",1,1,1,1,0.8,0.8,0.7,"uniform",81,FALSE,FALSE,0.5,0.8,0.2,FALSE
4190,"synthetic","LSVCMM",200,21,5,"binary",1,1,1,1,0.8,0.8,0.7,"uniform",81,FALSE,FALSE,0.5,0.9,0.2,FALSE
4191,"synthetic","LSVCMM",200,21,5,"binary",1,1,1,1,0.8,0.8,0.7,"uniform",81,FALSE,FALSE,0.5,1,0.2,FALSE
4192,"synthetic","LSVCMM",200,21,5,"binary",1,1,1,1,0.8,0.8,0.7,"uniform",82,FALSE,FALSE,0.5,0,0.2,FALSE
4193,"synthetic","LSVCMM",200,21,5,"binary",1,1,1,1,0.8,0.8,0.7,"uniform",82,FALSE,FALSE,0.5,0.1,0.2,FALSE
4194,"synthetic","LSVCMM",200,21,5,"binary",1,1,1,1,0.8,0.8,0.7,"uniform",82,FALSE,FALSE,0.5,0.2,0.2,FALSE
4195,"synthetic","LSVCMM",200,21,5,"binary",1,1,1,1,0.8,0.8,0.7,"uniform",82,FALSE,FALSE,0.5,0.3,0.2,FALSE
4196,"synthetic","LSVCMM",200,21,5,"binary",1,1,1,1,0.8,0.8,0.7,"uniform",82,FALSE,FALSE,0.5,0.4,0.2,FALSE
4197,"synthetic","LSVCMM",200,21,5,"binary",1,1,1,1,0.8,0.8,0.7,"uniform",82,FALSE,FALSE,0.5,0.5,0.2,FALSE
4198,"synthetic","LSVCMM",200,21,5,"binary",1,1,1,1,0.8,0.8,0.7,"uniform",82,FALSE,FALSE,0.5,0.6,0.2,FALSE
4199,"synthetic","LSVCMM",200,21,5,"binary",1,1,1,1,0.8,0.8,0.7,"uniform",82,FALSE,FALSE,0.5,0.7,0.2,FALSE
4200,"synthetic","LSVCMM",200,21,5,"binary",1,1,1,1,0.8,0.8,0.7,"uniform",82,FALSE,FALSE,0.5,0.8,0.2,FALSE
4201,"synthetic","LSVCMM",200,21,5,"binary",1,1,1,1,0.8,0.8,0.7,"uniform",82,FALSE,FALSE,0.5,0.9,0.2,FALSE
4202,"synthetic","LSVCMM",200,21,5,"binary",1,1,1,1,0.8,0.8,0.7,"uniform",82,FALSE,FALSE,0.5,1,0.2,FALSE
4203,"synthetic","LSVCMM",200,21,5,"binary",1,1,1,1,0.8,0.8,0.7,"uniform",83,FALSE,FALSE,0.5,0,0.2,FALSE
4204,"synthetic","LSVCMM",200,21,5,"binary",1,1,1,1,0.8,0.8,0.7,"uniform",83,FALSE,FALSE,0.5,0.1,0.2,FALSE
4205,"synthetic","LSVCMM",200,21,5,"binary",1,1,1,1,0.8,0.8,0.7,"uniform",83,FALSE,FALSE,0.5,0.2,0.2,FALSE
4206,"synthetic","LSVCMM",200,21,5,"binary",1,1,1,1,0.8,0.8,0.7,"uniform",83,FALSE,FALSE,0.5,0.3,0.2,FALSE
4207,"synthetic","LSVCMM",200,21,5,"binary",1,1,1,1,0.8,0.8,0.7,"uniform",83,FALSE,FALSE,0.5,0.4,0.2,FALSE
4208,"synthetic","LSVCMM",200,21,5,"binary",1,1,1,1,0.8,0.8,0.7,"uniform",83,FALSE,FALSE,0.5,0.5,0.2,FALSE
4209,"synthetic","LSVCMM",200,21,5,"binary",1,1,1,1,0.8,0.8,0.7,"uniform",83,FALSE,FALSE,0.5,0.6,0.2,FALSE
4210,"synthetic","LSVCMM",200,21,5,"binary",1,1,1,1,0.8,0.8,0.7,"uniform",83,FALSE,FALSE,0.5,0.7,0.2,FALSE
4211,"synthetic","LSVCMM",200,21,5,"binary",1,1,1,1,0.8,0.8,0.7,"uniform",83,FALSE,FALSE,0.5,0.8,0.2,FALSE
4212,"synthetic","LSVCMM",200,21,5,"binary",1,1,1,1,0.8,0.8,0.7,"uniform",83,FALSE,FALSE,0.5,0.9,0.2,FALSE
4213,"synthetic","LSVCMM",200,21,5,"binary",1,1,1,1,0.8,0.8,0.7,"uniform",83,FALSE,FALSE,0.5,1,0.2,FALSE
4214,"synthetic","LSVCMM",200,21,5,"binary",1,1,1,1,0.8,0.8,0.7,"uniform",84,FALSE,FALSE,0.5,0,0.2,FALSE
4215,"synthetic","LSVCMM",200,21,5,"binary",1,1,1,1,0.8,0.8,0.7,"uniform",84,FALSE,FALSE,0.5,0.1,0.2,FALSE
4216,"synthetic","LSVCMM",200,21,5,"binary",1,1,1,1,0.8,0.8,0.7,"uniform",84,FALSE,FALSE,0.5,0.2,0.2,FALSE
4217,"synthetic","LSVCMM",200,21,5,"binary",1,1,1,1,0.8,0.8,0.7,"uniform",84,FALSE,FALSE,0.5,0.3,0.2,FALSE
4218,"synthetic","LSVCMM",200,21,5,"binary",1,1,1,1,0.8,0.8,0.7,"uniform",84,FALSE,FALSE,0.5,0.4,0.2,FALSE
4219,"synthetic","LSVCMM",200,21,5,"binary",1,1,1,1,0.8,0.8,0.7,"uniform",84,FALSE,FALSE,0.5,0.5,0.2,FALSE
4220,"synthetic","LSVCMM",200,21,5,"binary",1,1,1,1,0.8,0.8,0.7,"uniform",84,FALSE,FALSE,0.5,0.6,0.2,FALSE
4221,"synthetic","LSVCMM",200,21,5,"binary",1,1,1,1,0.8,0.8,0.7,"uniform",84,FALSE,FALSE,0.5,0.7,0.2,FALSE
4222,"synthetic","LSVCMM",200,21,5,"binary",1,1,1,1,0.8,0.8,0.7,"uniform",84,FALSE,FALSE,0.5,0.8,0.2,FALSE
4223,"synthetic","LSVCMM",200,21,5,"binary",1,1,1,1,0.8,0.8,0.7,"uniform",84,FALSE,FALSE,0.5,0.9,0.2,FALSE
4224,"synthetic","LSVCMM",200,21,5,"binary",1,1,1,1,0.8,0.8,0.7,"uniform",84,FALSE,FALSE,0.5,1,0.2,FALSE
4225,"synthetic","LSVCMM",200,21,5,"binary",1,1,1,1,0.8,0.8,0.7,"uniform",85,FALSE,FALSE,0.5,0,0.2,FALSE
4226,"synthetic","LSVCMM",200,21,5,"binary",1,1,1,1,0.8,0.8,0.7,"uniform",85,FALSE,FALSE,0.5,0.1,0.2,FALSE
4227,"synthetic","LSVCMM",200,21,5,"binary",1,1,1,1,0.8,0.8,0.7,"uniform",85,FALSE,FALSE,0.5,0.2,0.2,FALSE
4228,"synthetic","LSVCMM",200,21,5,"binary",1,1,1,1,0.8,0.8,0.7,"uniform",85,FALSE,FALSE,0.5,0.3,0.2,FALSE
4229,"synthetic","LSVCMM",200,21,5,"binary",1,1,1,1,0.8,0.8,0.7,"uniform",85,FALSE,FALSE,0.5,0.4,0.2,FALSE
4230,"synthetic","LSVCMM",200,21,5,"binary",1,1,1,1,0.8,0.8,0.7,"uniform",85,FALSE,FALSE,0.5,0.5,0.2,FALSE
4231,"synthetic","LSVCMM",200,21,5,"binary",1,1,1,1,0.8,0.8,0.7,"uniform",85,FALSE,FALSE,0.5,0.6,0.2,FALSE
4232,"synthetic","LSVCMM",200,21,5,"binary",1,1,1,1,0.8,0.8,0.7,"uniform",85,FALSE,FALSE,0.5,0.7,0.2,FALSE
4233,"synthetic","LSVCMM",200,21,5,"binary",1,1,1,1,0.8,0.8,0.7,"uniform",85,FALSE,FALSE,0.5,0.8,0.2,FALSE
4234,"synthetic","LSVCMM",200,21,5,"binary",1,1,1,1,0.8,0.8,0.7,"uniform",85,FALSE,FALSE,0.5,0.9,0.2,FALSE
4235,"synthetic","LSVCMM",200,21,5,"binary",1,1,1,1,0.8,0.8,0.7,"uniform",85,FALSE,FALSE,0.5,1,0.2,FALSE
4236,"synthetic","LSVCMM",200,21,5,"binary",1,1,1,1,0.8,0.8,0.7,"uniform",86,FALSE,FALSE,0.5,0,0.2,FALSE
4237,"synthetic","LSVCMM",200,21,5,"binary",1,1,1,1,0.8,0.8,0.7,"uniform",86,FALSE,FALSE,0.5,0.1,0.2,FALSE
4238,"synthetic","LSVCMM",200,21,5,"binary",1,1,1,1,0.8,0.8,0.7,"uniform",86,FALSE,FALSE,0.5,0.2,0.2,FALSE
4239,"synthetic","LSVCMM",200,21,5,"binary",1,1,1,1,0.8,0.8,0.7,"uniform",86,FALSE,FALSE,0.5,0.3,0.2,FALSE
4240,"synthetic","LSVCMM",200,21,5,"binary",1,1,1,1,0.8,0.8,0.7,"uniform",86,FALSE,FALSE,0.5,0.4,0.2,FALSE
4241,"synthetic","LSVCMM",200,21,5,"binary",1,1,1,1,0.8,0.8,0.7,"uniform",86,FALSE,FALSE,0.5,0.5,0.2,FALSE
4242,"synthetic","LSVCMM",200,21,5,"binary",1,1,1,1,0.8,0.8,0.7,"uniform",86,FALSE,FALSE,0.5,0.6,0.2,FALSE
4243,"synthetic","LSVCMM",200,21,5,"binary",1,1,1,1,0.8,0.8,0.7,"uniform",86,FALSE,FALSE,0.5,0.7,0.2,FALSE
4244,"synthetic","LSVCMM",200,21,5,"binary",1,1,1,1,0.8,0.8,0.7,"uniform",86,FALSE,FALSE,0.5,0.8,0.2,FALSE
4245,"synthetic","LSVCMM",200,21,5,"binary",1,1,1,1,0.8,0.8,0.7,"uniform",86,FALSE,FALSE,0.5,0.9,0.2,FALSE
4246,"synthetic","LSVCMM",200,21,5,"binary",1,1,1,1,0.8,0.8,0.7,"uniform",86,FALSE,FALSE,0.5,1,0.2,FALSE
4247,"synthetic","LSVCMM",200,21,5,"binary",1,1,1,1,0.8,0.8,0.7,"uniform",87,FALSE,FALSE,0.5,0,0.2,FALSE
4248,"synthetic","LSVCMM",200,21,5,"binary",1,1,1,1,0.8,0.8,0.7,"uniform",87,FALSE,FALSE,0.5,0.1,0.2,FALSE
4249,"synthetic","LSVCMM",200,21,5,"binary",1,1,1,1,0.8,0.8,0.7,"uniform",87,FALSE,FALSE,0.5,0.2,0.2,FALSE
4250,"synthetic","LSVCMM",200,21,5,"binary",1,1,1,1,0.8,0.8,0.7,"uniform",87,FALSE,FALSE,0.5,0.3,0.2,FALSE
4251,"synthetic","LSVCMM",200,21,5,"binary",1,1,1,1,0.8,0.8,0.7,"uniform",87,FALSE,FALSE,0.5,0.4,0.2,FALSE
4252,"synthetic","LSVCMM",200,21,5,"binary",1,1,1,1,0.8,0.8,0.7,"uniform",87,FALSE,FALSE,0.5,0.5,0.2,FALSE
4253,"synthetic","LSVCMM",200,21,5,"binary",1,1,1,1,0.8,0.8,0.7,"uniform",87,FALSE,FALSE,0.5,0.6,0.2,FALSE
4254,"synthetic","LSVCMM",200,21,5,"binary",1,1,1,1,0.8,0.8,0.7,"uniform",87,FALSE,FALSE,0.5,0.7,0.2,FALSE
4255,"synthetic","LSVCMM",200,21,5,"binary",1,1,1,1,0.8,0.8,0.7,"uniform",87,FALSE,FALSE,0.5,0.8,0.2,FALSE
4256,"synthetic","LSVCMM",200,21,5,"binary",1,1,1,1,0.8,0.8,0.7,"uniform",87,FALSE,FALSE,0.5,0.9,0.2,FALSE
4257,"synthetic","LSVCMM",200,21,5,"binary",1,1,1,1,0.8,0.8,0.7,"uniform",87,FALSE,FALSE,0.5,1,0.2,FALSE
4258,"synthetic","LSVCMM",200,21,5,"binary",1,1,1,1,0.8,0.8,0.7,"uniform",88,FALSE,FALSE,0.5,0,0.2,FALSE
4259,"synthetic","LSVCMM",200,21,5,"binary",1,1,1,1,0.8,0.8,0.7,"uniform",88,FALSE,FALSE,0.5,0.1,0.2,FALSE
4260,"synthetic","LSVCMM",200,21,5,"binary",1,1,1,1,0.8,0.8,0.7,"uniform",88,FALSE,FALSE,0.5,0.2,0.2,FALSE
4261,"synthetic","LSVCMM",200,21,5,"binary",1,1,1,1,0.8,0.8,0.7,"uniform",88,FALSE,FALSE,0.5,0.3,0.2,FALSE
4262,"synthetic","LSVCMM",200,21,5,"binary",1,1,1,1,0.8,0.8,0.7,"uniform",88,FALSE,FALSE,0.5,0.4,0.2,FALSE
4263,"synthetic","LSVCMM",200,21,5,"binary",1,1,1,1,0.8,0.8,0.7,"uniform",88,FALSE,FALSE,0.5,0.5,0.2,FALSE
4264,"synthetic","LSVCMM",200,21,5,"binary",1,1,1,1,0.8,0.8,0.7,"uniform",88,FALSE,FALSE,0.5,0.6,0.2,FALSE
4265,"synthetic","LSVCMM",200,21,5,"binary",1,1,1,1,0.8,0.8,0.7,"uniform",88,FALSE,FALSE,0.5,0.7,0.2,FALSE
4266,"synthetic","LSVCMM",200,21,5,"binary",1,1,1,1,0.8,0.8,0.7,"uniform",88,FALSE,FALSE,0.5,0.8,0.2,FALSE
4267,"synthetic","LSVCMM",200,21,5,"binary",1,1,1,1,0.8,0.8,0.7,"uniform",88,FALSE,FALSE,0.5,0.9,0.2,FALSE
4268,"synthetic","LSVCMM",200,21,5,"binary",1,1,1,1,0.8,0.8,0.7,"uniform",88,FALSE,FALSE,0.5,1,0.2,FALSE
4269,"synthetic","LSVCMM",200,21,5,"binary",1,1,1,1,0.8,0.8,0.7,"uniform",89,FALSE,FALSE,0.5,0,0.2,FALSE
4270,"synthetic","LSVCMM",200,21,5,"binary",1,1,1,1,0.8,0.8,0.7,"uniform",89,FALSE,FALSE,0.5,0.1,0.2,FALSE
4271,"synthetic","LSVCMM",200,21,5,"binary",1,1,1,1,0.8,0.8,0.7,"uniform",89,FALSE,FALSE,0.5,0.2,0.2,FALSE
4272,"synthetic","LSVCMM",200,21,5,"binary",1,1,1,1,0.8,0.8,0.7,"uniform",89,FALSE,FALSE,0.5,0.3,0.2,FALSE
4273,"synthetic","LSVCMM",200,21,5,"binary",1,1,1,1,0.8,0.8,0.7,"uniform",89,FALSE,FALSE,0.5,0.4,0.2,FALSE
4274,"synthetic","LSVCMM",200,21,5,"binary",1,1,1,1,0.8,0.8,0.7,"uniform",89,FALSE,FALSE,0.5,0.5,0.2,FALSE
4275,"synthetic","LSVCMM",200,21,5,"binary",1,1,1,1,0.8,0.8,0.7,"uniform",89,FALSE,FALSE,0.5,0.6,0.2,FALSE
4276,"synthetic","LSVCMM",200,21,5,"binary",1,1,1,1,0.8,0.8,0.7,"uniform",89,FALSE,FALSE,0.5,0.7,0.2,FALSE
4277,"synthetic","LSVCMM",200,21,5,"binary",1,1,1,1,0.8,0.8,0.7,"uniform",89,FALSE,FALSE,0.5,0.8,0.2,FALSE
4278,"synthetic","LSVCMM",200,21,5,"binary",1,1,1,1,0.8,0.8,0.7,"uniform",89,FALSE,FALSE,0.5,0.9,0.2,FALSE
4279,"synthetic","LSVCMM",200,21,5,"binary",1,1,1,1,0.8,0.8,0.7,"uniform",89,FALSE,FALSE,0.5,1,0.2,FALSE
4280,"synthetic","LSVCMM",200,21,5,"binary",1,1,1,1,0.8,0.8,0.7,"uniform",90,FALSE,FALSE,0.5,0,0.2,FALSE
4281,"synthetic","LSVCMM",200,21,5,"binary",1,1,1,1,0.8,0.8,0.7,"uniform",90,FALSE,FALSE,0.5,0.1,0.2,FALSE
4282,"synthetic","LSVCMM",200,21,5,"binary",1,1,1,1,0.8,0.8,0.7,"uniform",90,FALSE,FALSE,0.5,0.2,0.2,FALSE
4283,"synthetic","LSVCMM",200,21,5,"binary",1,1,1,1,0.8,0.8,0.7,"uniform",90,FALSE,FALSE,0.5,0.3,0.2,FALSE
4284,"synthetic","LSVCMM",200,21,5,"binary",1,1,1,1,0.8,0.8,0.7,"uniform",90,FALSE,FALSE,0.5,0.4,0.2,FALSE
4285,"synthetic","LSVCMM",200,21,5,"binary",1,1,1,1,0.8,0.8,0.7,"uniform",90,FALSE,FALSE,0.5,0.5,0.2,FALSE
4286,"synthetic","LSVCMM",200,21,5,"binary",1,1,1,1,0.8,0.8,0.7,"uniform",90,FALSE,FALSE,0.5,0.6,0.2,FALSE
4287,"synthetic","LSVCMM",200,21,5,"binary",1,1,1,1,0.8,0.8,0.7,"uniform",90,FALSE,FALSE,0.5,0.7,0.2,FALSE
4288,"synthetic","LSVCMM",200,21,5,"binary",1,1,1,1,0.8,0.8,0.7,"uniform",90,FALSE,FALSE,0.5,0.8,0.2,FALSE
4289,"synthetic","LSVCMM",200,21,5,"binary",1,1,1,1,0.8,0.8,0.7,"uniform",90,FALSE,FALSE,0.5,0.9,0.2,FALSE
4290,"synthetic","LSVCMM",200,21,5,"binary",1,1,1,1,0.8,0.8,0.7,"uniform",90,FALSE,FALSE,0.5,1,0.2,FALSE
4291,"synthetic","LSVCMM",200,21,5,"binary",1,1,1,1,0.8,0.8,0.7,"uniform",91,FALSE,FALSE,0.5,0,0.2,FALSE
4292,"synthetic","LSVCMM",200,21,5,"binary",1,1,1,1,0.8,0.8,0.7,"uniform",91,FALSE,FALSE,0.5,0.1,0.2,FALSE
4293,"synthetic","LSVCMM",200,21,5,"binary",1,1,1,1,0.8,0.8,0.7,"uniform",91,FALSE,FALSE,0.5,0.2,0.2,FALSE
4294,"synthetic","LSVCMM",200,21,5,"binary",1,1,1,1,0.8,0.8,0.7,"uniform",91,FALSE,FALSE,0.5,0.3,0.2,FALSE
4295,"synthetic","LSVCMM",200,21,5,"binary",1,1,1,1,0.8,0.8,0.7,"uniform",91,FALSE,FALSE,0.5,0.4,0.2,FALSE
4296,"synthetic","LSVCMM",200,21,5,"binary",1,1,1,1,0.8,0.8,0.7,"uniform",91,FALSE,FALSE,0.5,0.5,0.2,FALSE
4297,"synthetic","LSVCMM",200,21,5,"binary",1,1,1,1,0.8,0.8,0.7,"uniform",91,FALSE,FALSE,0.5,0.6,0.2,FALSE
4298,"synthetic","LSVCMM",200,21,5,"binary",1,1,1,1,0.8,0.8,0.7,"uniform",91,FALSE,FALSE,0.5,0.7,0.2,FALSE
4299,"synthetic","LSVCMM",200,21,5,"binary",1,1,1,1,0.8,0.8,0.7,"uniform",91,FALSE,FALSE,0.5,0.8,0.2,FALSE
4300,"synthetic","LSVCMM",200,21,5,"binary",1,1,1,1,0.8,0.8,0.7,"uniform",91,FALSE,FALSE,0.5,0.9,0.2,FALSE
4301,"synthetic","LSVCMM",200,21,5,"binary",1,1,1,1,0.8,0.8,0.7,"uniform",91,FALSE,FALSE,0.5,1,0.2,FALSE
4302,"synthetic","LSVCMM",200,21,5,"binary",1,1,1,1,0.8,0.8,0.7,"uniform",92,FALSE,FALSE,0.5,0,0.2,FALSE
4303,"synthetic","LSVCMM",200,21,5,"binary",1,1,1,1,0.8,0.8,0.7,"uniform",92,FALSE,FALSE,0.5,0.1,0.2,FALSE
4304,"synthetic","LSVCMM",200,21,5,"binary",1,1,1,1,0.8,0.8,0.7,"uniform",92,FALSE,FALSE,0.5,0.2,0.2,FALSE
4305,"synthetic","LSVCMM",200,21,5,"binary",1,1,1,1,0.8,0.8,0.7,"uniform",92,FALSE,FALSE,0.5,0.3,0.2,FALSE
4306,"synthetic","LSVCMM",200,21,5,"binary",1,1,1,1,0.8,0.8,0.7,"uniform",92,FALSE,FALSE,0.5,0.4,0.2,FALSE
4307,"synthetic","LSVCMM",200,21,5,"binary",1,1,1,1,0.8,0.8,0.7,"uniform",92,FALSE,FALSE,0.5,0.5,0.2,FALSE
4308,"synthetic","LSVCMM",200,21,5,"binary",1,1,1,1,0.8,0.8,0.7,"uniform",92,FALSE,FALSE,0.5,0.6,0.2,FALSE
4309,"synthetic","LSVCMM",200,21,5,"binary",1,1,1,1,0.8,0.8,0.7,"uniform",92,FALSE,FALSE,0.5,0.7,0.2,FALSE
4310,"synthetic","LSVCMM",200,21,5,"binary",1,1,1,1,0.8,0.8,0.7,"uniform",92,FALSE,FALSE,0.5,0.8,0.2,FALSE
4311,"synthetic","LSVCMM",200,21,5,"binary",1,1,1,1,0.8,0.8,0.7,"uniform",92,FALSE,FALSE,0.5,0.9,0.2,FALSE
4312,"synthetic","LSVCMM",200,21,5,"binary",1,1,1,1,0.8,0.8,0.7,"uniform",92,FALSE,FALSE,0.5,1,0.2,FALSE
4313,"synthetic","LSVCMM",200,21,5,"binary",1,1,1,1,0.8,0.8,0.7,"uniform",93,FALSE,FALSE,0.5,0,0.2,FALSE
4314,"synthetic","LSVCMM",200,21,5,"binary",1,1,1,1,0.8,0.8,0.7,"uniform",93,FALSE,FALSE,0.5,0.1,0.2,FALSE
4315,"synthetic","LSVCMM",200,21,5,"binary",1,1,1,1,0.8,0.8,0.7,"uniform",93,FALSE,FALSE,0.5,0.2,0.2,FALSE
4316,"synthetic","LSVCMM",200,21,5,"binary",1,1,1,1,0.8,0.8,0.7,"uniform",93,FALSE,FALSE,0.5,0.3,0.2,FALSE
4317,"synthetic","LSVCMM",200,21,5,"binary",1,1,1,1,0.8,0.8,0.7,"uniform",93,FALSE,FALSE,0.5,0.4,0.2,FALSE
4318,"synthetic","LSVCMM",200,21,5,"binary",1,1,1,1,0.8,0.8,0.7,"uniform",93,FALSE,FALSE,0.5,0.5,0.2,FALSE
4319,"synthetic","LSVCMM",200,21,5,"binary",1,1,1,1,0.8,0.8,0.7,"uniform",93,FALSE,FALSE,0.5,0.6,0.2,FALSE
4320,"synthetic","LSVCMM",200,21,5,"binary",1,1,1,1,0.8,0.8,0.7,"uniform",93,FALSE,FALSE,0.5,0.7,0.2,FALSE
4321,"synthetic","LSVCMM",200,21,5,"binary",1,1,1,1,0.8,0.8,0.7,"uniform",93,FALSE,FALSE,0.5,0.8,0.2,FALSE
4322,"synthetic","LSVCMM",200,21,5,"binary",1,1,1,1,0.8,0.8,0.7,"uniform",93,FALSE,FALSE,0.5,0.9,0.2,FALSE
4323,"synthetic","LSVCMM",200,21,5,"binary",1,1,1,1,0.8,0.8,0.7,"uniform",93,FALSE,FALSE,0.5,1,0.2,FALSE
4324,"synthetic","LSVCMM",200,21,5,"binary",1,1,1,1,0.8,0.8,0.7,"uniform",94,FALSE,FALSE,0.5,0,0.2,FALSE
4325,"synthetic","LSVCMM",200,21,5,"binary",1,1,1,1,0.8,0.8,0.7,"uniform",94,FALSE,FALSE,0.5,0.1,0.2,FALSE
4326,"synthetic","LSVCMM",200,21,5,"binary",1,1,1,1,0.8,0.8,0.7,"uniform",94,FALSE,FALSE,0.5,0.2,0.2,FALSE
4327,"synthetic","LSVCMM",200,21,5,"binary",1,1,1,1,0.8,0.8,0.7,"uniform",94,FALSE,FALSE,0.5,0.3,0.2,FALSE
4328,"synthetic","LSVCMM",200,21,5,"binary",1,1,1,1,0.8,0.8,0.7,"uniform",94,FALSE,FALSE,0.5,0.4,0.2,FALSE
4329,"synthetic","LSVCMM",200,21,5,"binary",1,1,1,1,0.8,0.8,0.7,"uniform",94,FALSE,FALSE,0.5,0.5,0.2,FALSE
4330,"synthetic","LSVCMM",200,21,5,"binary",1,1,1,1,0.8,0.8,0.7,"uniform",94,FALSE,FALSE,0.5,0.6,0.2,FALSE
4331,"synthetic","LSVCMM",200,21,5,"binary",1,1,1,1,0.8,0.8,0.7,"uniform",94,FALSE,FALSE,0.5,0.7,0.2,FALSE
4332,"synthetic","LSVCMM",200,21,5,"binary",1,1,1,1,0.8,0.8,0.7,"uniform",94,FALSE,FALSE,0.5,0.8,0.2,FALSE
4333,"synthetic","LSVCMM",200,21,5,"binary",1,1,1,1,0.8,0.8,0.7,"uniform",94,FALSE,FALSE,0.5,0.9,0.2,FALSE
4334,"synthetic","LSVCMM",200,21,5,"binary",1,1,1,1,0.8,0.8,0.7,"uniform",94,FALSE,FALSE,0.5,1,0.2,FALSE
4335,"synthetic","LSVCMM",200,21,5,"binary",1,1,1,1,0.8,0.8,0.7,"uniform",95,FALSE,FALSE,0.5,0,0.2,FALSE
4336,"synthetic","LSVCMM",200,21,5,"binary",1,1,1,1,0.8,0.8,0.7,"uniform",95,FALSE,FALSE,0.5,0.1,0.2,FALSE
4337,"synthetic","LSVCMM",200,21,5,"binary",1,1,1,1,0.8,0.8,0.7,"uniform",95,FALSE,FALSE,0.5,0.2,0.2,FALSE
4338,"synthetic","LSVCMM",200,21,5,"binary",1,1,1,1,0.8,0.8,0.7,"uniform",95,FALSE,FALSE,0.5,0.3,0.2,FALSE
4339,"synthetic","LSVCMM",200,21,5,"binary",1,1,1,1,0.8,0.8,0.7,"uniform",95,FALSE,FALSE,0.5,0.4,0.2,FALSE
4340,"synthetic","LSVCMM",200,21,5,"binary",1,1,1,1,0.8,0.8,0.7,"uniform",95,FALSE,FALSE,0.5,0.5,0.2,FALSE
4341,"synthetic","LSVCMM",200,21,5,"binary",1,1,1,1,0.8,0.8,0.7,"uniform",95,FALSE,FALSE,0.5,0.6,0.2,FALSE
4342,"synthetic","LSVCMM",200,21,5,"binary",1,1,1,1,0.8,0.8,0.7,"uniform",95,FALSE,FALSE,0.5,0.7,0.2,FALSE
4343,"synthetic","LSVCMM",200,21,5,"binary",1,1,1,1,0.8,0.8,0.7,"uniform",95,FALSE,FALSE,0.5,0.8,0.2,FALSE
4344,"synthetic","LSVCMM",200,21,5,"binary",1,1,1,1,0.8,0.8,0.7,"uniform",95,FALSE,FALSE,0.5,0.9,0.2,FALSE
4345,"synthetic","LSVCMM",200,21,5,"binary",1,1,1,1,0.8,0.8,0.7,"uniform",95,FALSE,FALSE,0.5,1,0.2,FALSE
4346,"synthetic","LSVCMM",200,21,5,"binary",1,1,1,1,0.8,0.8,0.7,"uniform",96,FALSE,FALSE,0.5,0,0.2,FALSE
4347,"synthetic","LSVCMM",200,21,5,"binary",1,1,1,1,0.8,0.8,0.7,"uniform",96,FALSE,FALSE,0.5,0.1,0.2,FALSE
4348,"synthetic","LSVCMM",200,21,5,"binary",1,1,1,1,0.8,0.8,0.7,"uniform",96,FALSE,FALSE,0.5,0.2,0.2,FALSE
4349,"synthetic","LSVCMM",200,21,5,"binary",1,1,1,1,0.8,0.8,0.7,"uniform",96,FALSE,FALSE,0.5,0.3,0.2,FALSE
4350,"synthetic","LSVCMM",200,21,5,"binary",1,1,1,1,0.8,0.8,0.7,"uniform",96,FALSE,FALSE,0.5,0.4,0.2,FALSE
4351,"synthetic","LSVCMM",200,21,5,"binary",1,1,1,1,0.8,0.8,0.7,"uniform",96,FALSE,FALSE,0.5,0.5,0.2,FALSE
4352,"synthetic","LSVCMM",200,21,5,"binary",1,1,1,1,0.8,0.8,0.7,"uniform",96,FALSE,FALSE,0.5,0.6,0.2,FALSE
4353,"synthetic","LSVCMM",200,21,5,"binary",1,1,1,1,0.8,0.8,0.7,"uniform",96,FALSE,FALSE,0.5,0.7,0.2,FALSE
4354,"synthetic","LSVCMM",200,21,5,"binary",1,1,1,1,0.8,0.8,0.7,"uniform",96,FALSE,FALSE,0.5,0.8,0.2,FALSE
4355,"synthetic","LSVCMM",200,21,5,"binary",1,1,1,1,0.8,0.8,0.7,"uniform",96,FALSE,FALSE,0.5,0.9,0.2,FALSE
4356,"synthetic","LSVCMM",200,21,5,"binary",1,1,1,1,0.8,0.8,0.7,"uniform",96,FALSE,FALSE,0.5,1,0.2,FALSE
4357,"synthetic","LSVCMM",200,21,5,"binary",1,1,1,1,0.8,0.8,0.7,"uniform",97,FALSE,FALSE,0.5,0,0.2,FALSE
4358,"synthetic","LSVCMM",200,21,5,"binary",1,1,1,1,0.8,0.8,0.7,"uniform",97,FALSE,FALSE,0.5,0.1,0.2,FALSE
4359,"synthetic","LSVCMM",200,21,5,"binary",1,1,1,1,0.8,0.8,0.7,"uniform",97,FALSE,FALSE,0.5,0.2,0.2,FALSE
4360,"synthetic","LSVCMM",200,21,5,"binary",1,1,1,1,0.8,0.8,0.7,"uniform",97,FALSE,FALSE,0.5,0.3,0.2,FALSE
4361,"synthetic","LSVCMM",200,21,5,"binary",1,1,1,1,0.8,0.8,0.7,"uniform",97,FALSE,FALSE,0.5,0.4,0.2,FALSE
4362,"synthetic","LSVCMM",200,21,5,"binary",1,1,1,1,0.8,0.8,0.7,"uniform",97,FALSE,FALSE,0.5,0.5,0.2,FALSE
4363,"synthetic","LSVCMM",200,21,5,"binary",1,1,1,1,0.8,0.8,0.7,"uniform",97,FALSE,FALSE,0.5,0.6,0.2,FALSE
4364,"synthetic","LSVCMM",200,21,5,"binary",1,1,1,1,0.8,0.8,0.7,"uniform",97,FALSE,FALSE,0.5,0.7,0.2,FALSE
4365,"synthetic","LSVCMM",200,21,5,"binary",1,1,1,1,0.8,0.8,0.7,"uniform",97,FALSE,FALSE,0.5,0.8,0.2,FALSE
4366,"synthetic","LSVCMM",200,21,5,"binary",1,1,1,1,0.8,0.8,0.7,"uniform",97,FALSE,FALSE,0.5,0.9,0.2,FALSE
4367,"synthetic","LSVCMM",200,21,5,"binary",1,1,1,1,0.8,0.8,0.7,"uniform",97,FALSE,FALSE,0.5,1,0.2,FALSE
4368,"synthetic","LSVCMM",200,21,5,"binary",1,1,1,1,0.8,0.8,0.7,"uniform",98,FALSE,FALSE,0.5,0,0.2,FALSE
4369,"synthetic","LSVCMM",200,21,5,"binary",1,1,1,1,0.8,0.8,0.7,"uniform",98,FALSE,FALSE,0.5,0.1,0.2,FALSE
4370,"synthetic","LSVCMM",200,21,5,"binary",1,1,1,1,0.8,0.8,0.7,"uniform",98,FALSE,FALSE,0.5,0.2,0.2,FALSE
4371,"synthetic","LSVCMM",200,21,5,"binary",1,1,1,1,0.8,0.8,0.7,"uniform",98,FALSE,FALSE,0.5,0.3,0.2,FALSE
4372,"synthetic","LSVCMM",200,21,5,"binary",1,1,1,1,0.8,0.8,0.7,"uniform",98,FALSE,FALSE,0.5,0.4,0.2,FALSE
4373,"synthetic","LSVCMM",200,21,5,"binary",1,1,1,1,0.8,0.8,0.7,"uniform",98,FALSE,FALSE,0.5,0.5,0.2,FALSE
4374,"synthetic","LSVCMM",200,21,5,"binary",1,1,1,1,0.8,0.8,0.7,"uniform",98,FALSE,FALSE,0.5,0.6,0.2,FALSE
4375,"synthetic","LSVCMM",200,21,5,"binary",1,1,1,1,0.8,0.8,0.7,"uniform",98,FALSE,FALSE,0.5,0.7,0.2,FALSE
4376,"synthetic","LSVCMM",200,21,5,"binary",1,1,1,1,0.8,0.8,0.7,"uniform",98,FALSE,FALSE,0.5,0.8,0.2,FALSE
4377,"synthetic","LSVCMM",200,21,5,"binary",1,1,1,1,0.8,0.8,0.7,"uniform",98,FALSE,FALSE,0.5,0.9,0.2,FALSE
4378,"synthetic","LSVCMM",200,21,5,"binary",1,1,1,1,0.8,0.8,0.7,"uniform",98,FALSE,FALSE,0.5,1,0.2,FALSE
4379,"synthetic","LSVCMM",200,21,5,"binary",1,1,1,1,0.8,0.8,0.7,"uniform",99,FALSE,FALSE,0.5,0,0.2,FALSE
4380,"synthetic","LSVCMM",200,21,5,"binary",1,1,1,1,0.8,0.8,0.7,"uniform",99,FALSE,FALSE,0.5,0.1,0.2,FALSE
4381,"synthetic","LSVCMM",200,21,5,"binary",1,1,1,1,0.8,0.8,0.7,"uniform",99,FALSE,FALSE,0.5,0.2,0.2,FALSE
4382,"synthetic","LSVCMM",200,21,5,"binary",1,1,1,1,0.8,0.8,0.7,"uniform",99,FALSE,FALSE,0.5,0.3,0.2,FALSE
4383,"synthetic","LSVCMM",200,21,5,"binary",1,1,1,1,0.8,0.8,0.7,"uniform",99,FALSE,FALSE,0.5,0.4,0.2,FALSE
4384,"synthetic","LSVCMM",200,21,5,"binary",1,1,1,1,0.8,0.8,0.7,"uniform",99,FALSE,FALSE,0.5,0.5,0.2,FALSE
4385,"synthetic","LSVCMM",200,21,5,"binary",1,1,1,1,0.8,0.8,0.7,"uniform",99,FALSE,FALSE,0.5,0.6,0.2,FALSE
4386,"synthetic","LSVCMM",200,21,5,"binary",1,1,1,1,0.8,0.8,0.7,"uniform",99,FALSE,FALSE,0.5,0.7,0.2,FALSE
4387,"synthetic","LSVCMM",200,21,5,"binary",1,1,1,1,0.8,0.8,0.7,"uniform",99,FALSE,FALSE,0.5,0.8,0.2,FALSE
4388,"synthetic","LSVCMM",200,21,5,"binary",1,1,1,1,0.8,0.8,0.7,"uniform",99,FALSE,FALSE,0.5,0.9,0.2,FALSE
4389,"synthetic","LSVCMM",200,21,5,"binary",1,1,1,1,0.8,0.8,0.7,"uniform",99,FALSE,FALSE,0.5,1,0.2,FALSE
4390,"synthetic","LSVCMM",200,21,5,"binary",1,1,1,1,0.8,0.8,0.7,"uniform",100,FALSE,FALSE,0.5,0,0.2,FALSE
4391,"synthetic","LSVCMM",200,21,5,"binary",1,1,1,1,0.8,0.8,0.7,"uniform",100,FALSE,FALSE,0.5,0.1,0.2,FALSE
4392,"synthetic","LSVCMM",200,21,5,"binary",1,1,1,1,0.8,0.8,0.7,"uniform",100,FALSE,FALSE,0.5,0.2,0.2,FALSE
4393,"synthetic","LSVCMM",200,21,5,"binary",1,1,1,1,0.8,0.8,0.7,"uniform",100,FALSE,FALSE,0.5,0.3,0.2,FALSE
4394,"synthetic","LSVCMM",200,21,5,"binary",1,1,1,1,0.8,0.8,0.7,"uniform",100,FALSE,FALSE,0.5,0.4,0.2,FALSE
4395,"synthetic","LSVCMM",200,21,5,"binary",1,1,1,1,0.8,0.8,0.7,"uniform",100,FALSE,FALSE,0.5,0.5,0.2,FALSE
4396,"synthetic","LSVCMM",200,21,5,"binary",1,1,1,1,0.8,0.8,0.7,"uniform",100,FALSE,FALSE,0.5,0.6,0.2,FALSE
4397,"synthetic","LSVCMM",200,21,5,"binary",1,1,1,1,0.8,0.8,0.7,"uniform",100,FALSE,FALSE,0.5,0.7,0.2,FALSE
4398,"synthetic","LSVCMM",200,21,5,"binary",1,1,1,1,0.8,0.8,0.7,"uniform",100,FALSE,FALSE,0.5,0.8,0.2,FALSE
4399,"synthetic","LSVCMM",200,21,5,"binary",1,1,1,1,0.8,0.8,0.7,"uniform",100,FALSE,FALSE,0.5,0.9,0.2,FALSE
4400,"synthetic","LSVCMM",200,21,5,"binary",1,1,1,1,0.8,0.8,0.7,"uniform",100,FALSE,FALSE,0.5,1,0.2,FALSE
