"job.id","llk","rss","family.dispersion","family.name","penalty.name","penalty.alpha","penalty.lambda","penalty.adaptive","penalty.penalize_intercept","link_function.name","working_covariance.estimate","working_covariance.ratio","working_covariance.name","kernel.name","kernel.scale","control.max_iter","control.max_rounds","control.rel_tol","control.verbose","control.update_method","control.backtracking_fraction","control.two_step_estimation","control.lambda_max_factor","control.stepsize_factor","control.update_stepsize_every_round","penalty","df","df_kernel","df_logn","df_logn_kernel","df_max","aic","aich","bic","bich","ebic","ebich"
1,-318.07190208289,237.169047564306,1.18584523782153,"gaussian","adaptive_sparse_group_lasso",1,0.149320391025066,0.5,TRUE,"identity",FALSE,0.460613499186552,"compound_symmetry","gaussian",0.2,1000,50,1e-06,1,"PGD",0.9,TRUE,10,1,TRUE,0.362431888168378,28,0.789865416966859,147.006479038489,4.14697620937734,200,692.143804165781,637.723534999714,783.150283204269,640.290780375158,931.503169467614,644.475738031109
2,-338.278849102089,288.249799679649,1.44124899839824,"gaussian","adaptive_sparse_group_lasso",1,0.267830261306161,0.5,TRUE,"identity",FALSE,0.501353805278563,"compound_symmetry","gaussian",0.2,1000,50,1e-06,1,"PGD",0.9,TRUE,10,1,TRUE,0.515671460150882,18,0.507770625192981,95.7977624435801,2.70240498489252,200,712.557698204178,677.573239454564,772.355460647758,679.26010318907,867.725173245622,681.950433110753
3,-329.667468831693,272.501450097966,1.36250725048983,"gaussian","adaptive_sparse_group_lasso",1,4.2425514333939,0.5,TRUE,"identity",FALSE,0.345804589132027,"compound_symmetry","gaussian",0.2,1000,50,1e-06,1,"PGD",0.9,TRUE,10,1,TRUE,0,0,0,0,0,200,659.334937663387,659.334937663387,659.334937663387,659.334937663387,659.334937663387,659.334937663387
4,-298.851382941652,199.699850660275,0.998499253301374,"gaussian","adaptive_sparse_group_lasso",1,0.0119996063589488,0.5,TRUE,"identity",FALSE,0.357856838487273,"compound_symmetry","gaussian",0.2,1000,50,1e-06,1,"PGD",0.9,TRUE,10,1,TRUE,0.0101082823075269,72,2.03108250077192,378.083478107513,10.6655380029883,200,741.702765883304,601.764930884847,975.786243990817,608.368303886292,1357.26509438228,619.129623573023
5,-315.356018660393,231.853059596698,1.15926529798349,"gaussian","adaptive_sparse_group_lasso",1,0.0679849862862475,0.5,TRUE,"identity",FALSE,0.436001511709527,"compound_symmetry","gaussian",0.2,1000,50,1e-06,1,"PGD",0.9,TRUE,10,1,TRUE,0.206296250185076,55,1.55152135475633,293.692797144185,8.28492084558768,200,740.712037320785,633.815080030298,924.404834464971,638.996958166373,1215.81228962511,647.217410704849
6,-311.310338868832,235.304100197798,1.17652050098899,"gaussian","adaptive_sparse_group_lasso",1,2.90785339138408,0.5,TRUE,"identity",FALSE,0.208530240975339,"compound_symmetry","gaussian",0.2,1000,50,1e-06,1,"PGD",0.9,TRUE,10,1,TRUE,0,0,0,0,0,200,622.620677737664,622.620677737664,622.620677737664,622.620677737664,622.620677737664,622.620677737664
7,-325.873293964753,262.007962488204,1.31003981244102,"gaussian","adaptive_sparse_group_lasso",1,0.140571254216475,0.5,TRUE,"identity",FALSE,0.351761162709428,"compound_symmetry","gaussian",0.2,1000,50,1e-06,1,"PGD",0.9,TRUE,10,1,TRUE,0.488704793714788,29,0.818074896144247,154.958397755301,4.37129569483955,200,709.746587929506,653.382737721794,806.704985684807,656.117883624345,960.3561893147,660.452304053724
8,-334.856874278935,290.041979462886,1.45020989731443,"gaussian","adaptive_sparse_group_lasso",1,2.28060717447117,0.5,TRUE,"identity",FALSE,0.30141825856704,"compound_symmetry","gaussian",0.2,1000,50,1e-06,1,"PGD",0.9,TRUE,10,1,TRUE,0,0,0,0,0,200,669.71374855787,669.71374855787,669.71374855787,669.71374855787,669.71374855787,669.71374855787
9,-305.744370867963,213.328115477929,1.06664057738965,"gaussian","adaptive_sparse_group_lasso",1,0.0713691909643229,0.5,TRUE,"identity",FALSE,0.371394813108931,"compound_symmetry","gaussian",0.2,1000,50,1e-06,1,"PGD",0.9,TRUE,10,1,TRUE,0.12612546337609,42,1.18479812545029,215.371316631228,6.07551267191522,200,695.488741735925,613.858337986826,826.860058367153,617.564254407841,1049.38938776217,623.841690891767
10,-320.419867192522,242.162138755471,1.21081069377736,"gaussian","adaptive_sparse_group_lasso",1,1.76946925717152,0.5,TRUE,"identity",FALSE,0.475641424508528,"compound_symmetry","gaussian",0.2,1000,50,1e-06,1,"PGD",0.9,TRUE,10,1,TRUE,0,0,0,0,0,200,640.839734385043,640.839734385043,640.839734385043,640.839734385043,640.839734385043,640.839734385043
11,-304.514772653409,215.26603364438,1.0763301682219,"gaussian","adaptive_sparse_group_lasso",1,0.0799856654969869,0.5,TRUE,"identity",FALSE,0.280811370745533,"compound_symmetry","gaussian",0.2,1000,50,1e-06,1,"PGD",0.9,TRUE,10,1,TRUE,0.123516633425956,38,1.07196020874074,197.074312242669,5.55936370760759,200,685.029545306819,611.1734657243,806.103857549488,614.588909014426,1007.43991747831,620.268494404646
12,-305.408153363145,214.680302777694,1.07340151388847,"gaussian","adaptive_sparse_group_lasso",1,0.295475126025922,0.5,TRUE,"identity",FALSE,0.327899753322314,"compound_symmetry","gaussian",0.2,1000,50,1e-06,1,"PGD",0.9,TRUE,10,1,TRUE,0.196752082423214,3,0.0846284375321635,15.8895586576092,0.448236174089709,200,616.81630672629,610.985563601354,626.705865383899,611.26454290038,642.600817483543,611.71293122066
13,-309.332278618119,221.05388331512,1.1052694165756,"gaussian","adaptive_sparse_group_lasso",1,3.31293981789842,0.5,TRUE,"identity",FALSE,0.372830121177495,"compound_symmetry","gaussian",0.2,1000,50,1e-06,1,"PGD",0.9,TRUE,10,1,TRUE,0,0,0,0,0,200,618.664557236238,618.664557236238,618.664557236238,618.664557236238,618.664557236238,618.664557236238
14,-305.89293528987,216.729367035734,1.08364683517867,"gaussian","adaptive_sparse_group_lasso",1,1.50715488402172,0.5,TRUE,"identity",FALSE,0.308451234261044,"compound_symmetry","gaussian",0.2,1000,50,1e-06,1,"PGD",0.9,TRUE,10,1,TRUE,0,0,0,0,0,200,611.785870579741,611.785870579741,611.785870579741,611.785870579741,611.785870579741,611.785870579741
15,-321.571941281757,249.885979827735,1.24942989913868,"gaussian","adaptive_sparse_group_lasso",1,0.0667769936002957,0.5,TRUE,"identity",FALSE,0.371877767167979,"compound_symmetry","gaussian",0.2,1000,50,1e-06,1,"PGD",0.9,TRUE,10,1,TRUE,0.0858954778760999,18,0.507770625192981,96.2209255981156,2.71434219708903,200,679.143882563514,644.1594238139,739.364808161629,645.858224760603,834.734520759494,648.548554682286
16,-310.775711632826,230.614094149398,1.15307047074699,"gaussian","adaptive_sparse_group_lasso",1,0.25954745337963,0.5,TRUE,"identity",FALSE,0.25769729938841,"compound_symmetry","gaussian",0.2,1000,50,1e-06,1,"PGD",0.9,TRUE,10,1,TRUE,0.420233376424833,11,0.310304270951266,58.0603421583335,1.63785201314752,200,643.551423265653,622.172031807555,679.611765423986,623.1892752788,737.893256456015,624.833365786495
17,-310.966834246803,227.478642408171,1.13739321204085,"gaussian","adaptive_sparse_group_lasso",1,0.0846101758460113,0.5,TRUE,"identity",FALSE,0.318088472764607,"compound_symmetry","gaussian",0.2,1000,50,1e-06,1,"PGD",0.9,TRUE,10,1,TRUE,0.0946871538378093,15,0.423142187660817,78.0061066585597,2.20051164149373,200,651.933668493606,622.779952868928,699.939775152166,624.1341801351,779.414535650387,626.376121736502
18,-308.96308284818,216.885964275018,1.08442982137509,"gaussian","adaptive_sparse_group_lasso",1,0.133637325445754,0.5,TRUE,"identity",FALSE,0.451236766768738,"compound_symmetry","gaussian",0.2,1000,50,1e-06,1,"PGD",0.9,TRUE,10,1,TRUE,0.181201057380315,17,0.479561146015593,89.6158009280161,2.5280150702438,200,651.92616569636,618.885287988391,707.541966624376,620.454180766603,797.613361855692,622.99504791486
19,-322.749963340164,255.195800478585,1.27597900239292,"gaussian","adaptive_sparse_group_lasso",1,2.25838410346272,0.5,TRUE,"identity",FALSE,0.330203591864324,"compound_symmetry","gaussian",0.2,1000,50,1e-06,1,"PGD",0.9,TRUE,10,1,TRUE,0,0,0,0,0,200,645.499926680328,645.499926680328,645.499926680328,645.499926680328,645.499926680328,645.499926680328
20,-311.199034866608,230.239872481066,1.15119936240533,"gaussian","adaptive_sparse_group_lasso",1,0.101248600010157,0.5,TRUE,"identity",FALSE,0.279274334575779,"compound_symmetry","gaussian",0.2,1000,50,1e-06,1,"PGD",0.9,TRUE,10,1,TRUE,0.148865396391922,25,0.705236979434695,131.621340130789,3.71296945371938,200,672.398069733216,623.808543692086,754.019409864005,626.111039186936,886.477344027706,629.847608522606
21,-314.128694024533,225.138849127611,1.12569424563806,"gaussian","adaptive_sparse_group_lasso",1,0.0571820726007702,0.5,TRUE,"identity",FALSE,0.536045052928777,"compound_symmetry","gaussian",0.2,1000,50,1e-06,1,"PGD",0.9,TRUE,10,1,TRUE,0.122157002543121,49,1.382264479692,256.34796343219,7.23144253660613,200,726.257388049067,631.021917008451,884.605351481256,635.488830585673,1144.22290244211,642.812506483588
22,-315.438598488565,238.159455790933,1.19079727895466,"gaussian","adaptive_sparse_group_lasso",1,0.269999650212188,0.5,TRUE,"identity",FALSE,0.313240075113261,"compound_symmetry","gaussian",0.2,1000,50,1e-06,1,"PGD",0.9,TRUE,10,1,TRUE,0.110297477227956,2,0.0564189583547756,10.9515796858479,0.308938359107431,200,634.877196977131,630.99003489384,641.828776662978,631.186135336238,652.425411396075,631.485060883092
23,-294.1719043297,187.001277715612,0.935006388578058,"gaussian","adaptive_sparse_group_lasso",1,0.0185972957479346,0.5,TRUE,"identity",FALSE,0.453138888718508,"compound_symmetry","gaussian",0.2,1000,50,1e-06,1,"PGD",0.9,TRUE,10,1,TRUE,0.0227916380275498,59,1.66435927146588,310.493008957176,8.75884607090196,200,706.343808659401,591.672527202332,898.836817616577,597.102654730303,1211.43754224291,605.920958362486
24,-318.769030859081,243.376621495587,1.21688310747794,"gaussian","adaptive_sparse_group_lasso",1,2.91383311512365,0.5,TRUE,"identity",FALSE,0.364227628773541,"compound_symmetry","gaussian",0.2,1000,50,1e-06,1,"PGD",0.9,TRUE,10,1,TRUE,0,0,0,0,0,200,637.538061718162,637.538061718162,637.538061718162,637.538061718162,637.538061718162,637.538061718162
25,-311.263032293477,227.018741952097,1.13509370976048,"gaussian","adaptive_sparse_group_lasso",1,0.0583663459666241,0.5,TRUE,"identity",FALSE,0.339461730977122,"compound_symmetry","gaussian",0.2,1000,50,1e-06,1,"PGD",0.9,TRUE,10,1,TRUE,0.089633493207844,36,1.01554125038596,190.892525413756,5.38497872077832,200,694.526064586954,624.557147087726,813.41859000071,627.911043307732,1004.15801519644,633.291703151098
26,-312.021143494835,230.248285891152,1.15124142945576,"gaussian","adaptive_sparse_group_lasso",1,1.85891465098915,0.5,TRUE,"identity",FALSE,0.311621908970271,"compound_symmetry","gaussian",0.2,1000,50,1e-06,1,"PGD",0.9,TRUE,10,1,TRUE,0,0,0,0,0,200,624.04228698967,624.04228698967,624.04228698967,624.04228698967,624.04228698967,624.04228698967
27,-302.960027654877,207.06099282561,1.03530496412805,"gaussian","adaptive_sparse_group_lasso",1,0.092699363507899,0.5,TRUE,"identity",FALSE,0.380795460156513,"compound_symmetry","gaussian",0.2,1000,50,1e-06,1,"PGD",0.9,TRUE,10,1,TRUE,0.0721192851280556,16,0.451351666838205,84.1444792084264,2.37367193412225,200,637.920055309753,606.82275864343,690.06453451818,608.293727243876,774.837612382948,610.685131618705
28,-300.998099176244,203.60337038592,1.0180168519296,"gaussian","adaptive_sparse_group_lasso",1,0.0571224340120241,0.5,TRUE,"identity",FALSE,0.367614725154318,"compound_symmetry","gaussian",0.2,1000,50,1e-06,1,"PGD",0.9,TRUE,10,1,TRUE,0.0552921387527861,21,0.592399062725144,110.815060285133,3.12603513565444,200,643.996198352488,603.180996477938,712.811258637621,605.122233488142,824.07592333513,608.260951730105
29,-307.061255090075,215.927950747412,1.07963975373706,"gaussian","adaptive_sparse_group_lasso",1,0.12815103792545,0.5,TRUE,"identity",FALSE,0.376396642366103,"compound_symmetry","gaussian",0.2,1000,50,1e-06,1,"PGD",0.9,TRUE,10,1,TRUE,0.192420247169752,25,0.705236979434695,132.346493286031,3.73342564655259,200,664.12251018015,615.532984139019,746.469003466181,617.855935826702,878.926937629882,621.592505162373
30,-314.074710919007,227.110298471309,1.13555149235655,"gaussian","adaptive_sparse_group_lasso",1,0.137378057513054,0.5,TRUE,"identity",FALSE,0.479801800035002,"compound_symmetry","gaussian",0.2,1000,50,1e-06,1,"PGD",0.9,TRUE,10,1,TRUE,0.306903909642943,27,0.761655937789471,140.600371161979,3.96626324262684,200,682.149421838013,629.672733713592,768.749792999992,632.11568508064,911.804361896789,636.151179963165
31,-327.344282620599,256.78464759139,1.28392323795695,"gaussian","adaptive_sparse_group_lasso",1,0.189718735091964,0.5,TRUE,"identity",FALSE,0.540099468862028,"compound_symmetry","gaussian",0.2,1000,50,1e-06,1,"PGD",0.9,TRUE,10,1,TRUE,0.0410848099698936,2,0.0564189583547756,10.5731182489205,0.298262159082982,200,658.688565241199,654.801403157908,665.261683490119,654.986827400282,675.858318223215,655.285752947135
32,-301.175367751905,206.890684080269,1.03445342040134,"gaussian","adaptive_sparse_group_lasso",1,0.0764727743428303,0.5,TRUE,"identity",FALSE,0.30553386617143,"compound_symmetry","gaussian",0.2,1000,50,1e-06,1,"PGD",0.9,TRUE,10,1,TRUE,0.152374917580478,36,1.01554125038596,188.278862640676,5.31124865520442,200,674.350735503811,604.381818004583,790.629598144487,607.661984159015,981.369023340217,613.042644002381
33,-301.421046601973,206.250766439791,1.03125383219895,"gaussian","adaptive_sparse_group_lasso",1,0.0664218382217986,0.5,TRUE,"identity",FALSE,0.328697025334938,"compound_symmetry","gaussian",0.2,1000,50,1e-06,1,"PGD",0.9,TRUE,10,1,TRUE,0.161815372317376,48,1.35405500051462,256.141876761032,7.22562893894736,200,698.842093203947,605.550203204976,858.983969964978,610.067722142894,1113.30320355928,617.241935267382
34,-301.41157089798,207.991137219675,1.03995568609837,"gaussian","adaptive_sparse_group_lasso",1,0.13608760523292,0.5,TRUE,"identity",FALSE,0.293773387202531,"compound_symmetry","gaussian",0.2,1000,50,1e-06,1,"PGD",0.9,TRUE,10,1,TRUE,0.260328766368062,25,0.705236979434695,132.167168652219,3.72836699202908,200,652.82314179596,604.23361575483,734.990310448179,606.551508787989,867.44824461188,610.28807812366
35,-328.521386794775,264.651201757604,1.32325600878802,"gaussian","adaptive_sparse_group_lasso",1,0.208938745421671,0.5,TRUE,"identity",FALSE,0.432500839760566,"compound_symmetry","gaussian",0.2,1000,50,1e-06,1,"PGD",0.9,TRUE,10,1,TRUE,0.702319445388159,31,0.874493854499022,165.448150418454,4.66720615416671,200,719.042773589549,658.791761298547,822.490924008004,661.709979743716,986.738762370993,666.343325719948
36,-328.323968814896,267.071443233123,1.33535721616561,"gaussian","adaptive_sparse_group_lasso",1,0.0981336820511143,0.5,TRUE,"identity",FALSE,0.376662201121681,"compound_symmetry","gaussian",0.2,1000,50,1e-06,1,"PGD",0.9,TRUE,10,1,TRUE,0.191025108539777,24,0.677027500257308,125.230115684221,3.5326763407759,200,704.647937629791,658.001992630306,781.878053314012,660.180613970567,909.037670111165,663.767720532811
37,-314.989793937361,237.093488050513,1.18546744025256,"gaussian","adaptive_sparse_group_lasso",1,0.112347845616092,0.5,TRUE,"identity",FALSE,0.313231225397599,"compound_symmetry","gaussian",0.2,1000,50,1e-06,1,"PGD",0.9,TRUE,10,1,TRUE,0.0717853400671171,16,0.451351666838205,83.082190024885,2.34370530951877,200,661.979587874722,630.882291208399,713.061777899607,632.323293184241,797.834855764376,634.71469755907
38,-306.729510611489,222.200417781475,1.11100208890738,"gaussian","adaptive_sparse_group_lasso",1,0.0702331614040553,0.5,TRUE,"identity",FALSE,0.24609962752684,"compound_symmetry","gaussian",0.2,1000,50,1e-06,1,"PGD",0.9,TRUE,10,1,TRUE,0.16284908367943,48,1.35405500051462,255.481270056497,7.20699356787133,200,709.459021222979,616.167131224008,868.940291279476,620.66601479085,1123.25952487378,627.840227915338
39,-307.355813135523,220.319653010622,1.10159826505311,"gaussian","adaptive_sparse_group_lasso",1,0.0709391388894733,0.5,TRUE,"identity",FALSE,0.301159819579338,"compound_symmetry","gaussian",0.2,1000,50,1e-06,1,"PGD",0.9,TRUE,10,1,TRUE,0.173897998760017,45,1.26942656298245,240.109261011293,6.77335719879604,200,704.711626271045,617.25047939701,854.820887282338,621.484983469841,1093.245168777,628.210808274048
40,-320.63550098155,249.876100269809,1.24938050134904,"gaussian","adaptive_sparse_group_lasso",1,1.50883008342116,0.5,TRUE,"identity",FALSE,0.329865051027979,"compound_symmetry","gaussian",0.2,1000,50,1e-06,1,"PGD",0.9,TRUE,10,1,TRUE,0,0,0,0,0,200,641.271001963099,641.271001963099,641.271001963099,641.271001963099,641.271001963099,641.271001963099
41,-307.201888110147,213.502313377789,1.06751156688894,"gaussian","adaptive_sparse_group_lasso",1,0.00931781283509888,0.5,TRUE,"identity",FALSE,0.440927531689035,"compound_symmetry","gaussian",0.2,1000,50,1e-06,1,"PGD",0.9,TRUE,10,1,TRUE,0.0048061027640379,71,2.00287302159453,372.505411990693,10.5081836630157,200,756.403776220294,618.409522263483,986.909188210988,624.91195988331,1363.0897212359,635.523816796615
42,-335.206357068142,280.650755815583,1.40325377907791,"gaussian","adaptive_sparse_group_lasso",1,0.258630348754028,0.5,TRUE,"identity",FALSE,0.477725330771178,"compound_symmetry","gaussian",0.2,1000,50,1e-06,1,"PGD",0.9,TRUE,10,1,TRUE,0.371240411209405,9,0.25388531259649,47.0207678305126,1.32643137101963,200,688.412714136284,670.920484761477,717.433481966796,671.739145507303,765.118338265729,673.084310468145
43,-331.196381976568,276.943863704711,1.38471931852355,"gaussian","adaptive_sparse_group_lasso",1,0.195687044578344,0.5,TRUE,"identity",FALSE,0.341890940019733,"compound_symmetry","gaussian",0.2,1000,50,1e-06,1,"PGD",0.9,TRUE,10,1,TRUE,0.0156906445408588,2,0.0564189583547756,10.2377094366929,0.288800451178535,200,666.392763953136,662.505601869845,672.630473389829,662.681564404314,683.227108122925,662.980489951168
44,-309.687057163873,223.932799256735,1.11966399628368,"gaussian","adaptive_sparse_group_lasso",1,0.198093819651126,0.5,TRUE,"identity",FALSE,0.330444703512939,"compound_symmetry","gaussian",0.2,1000,50,1e-06,1,"PGD",0.9,TRUE,10,1,TRUE,0.181520796910156,11,0.310304270951266,57.7061609048884,1.62786074445344,200,641.374114327746,619.994722869648,677.080275232634,621.001975072199,735.361766264662,622.646065579894
45,-311.318966472805,230.231411480204,1.15115705740102,"gaussian","adaptive_sparse_group_lasso",1,0.275057278989961,0.5,TRUE,"identity",FALSE,0.283991506895493,"compound_symmetry","gaussian",0.2,1000,50,1e-06,1,"PGD",0.9,TRUE,10,1,TRUE,0.0917023065496613,3,0.0846284375321635,16.1320835764888,0.455077675738841,200,628.637932945609,622.807189820674,638.770016522098,623.093010621348,654.664968621742,623.541398941629
46,-341.062896867957,295.882935465356,1.47941467732678,"gaussian","adaptive_sparse_group_lasso",1,2.74044941774021,0.5,TRUE,"identity",FALSE,0.511689007770202,"compound_symmetry","gaussian",0.2,1000,50,1e-06,1,"PGD",0.9,TRUE,10,1,TRUE,0,0,0,0,0,200,682.125793735913,682.125793735913,682.125793735913,682.125793735913,682.125793735913,682.125793735913
47,-303.608462692632,210.442720187549,1.05221360093774,"gaussian","adaptive_sparse_group_lasso",1,0.182767859494628,0.5,TRUE,"identity",FALSE,0.33628008196878,"compound_symmetry","gaussian",0.2,1000,50,1e-06,1,"PGD",0.9,TRUE,10,1,TRUE,0.355403684025243,21,0.592399062725144,109.598783444733,3.09172459945123,200,649.216925385265,608.401723510715,716.815708829997,610.308649984716,828.080373527506,613.447368226679
48,-296.646240593246,199.387027285846,0.996935136429232,"gaussian","adaptive_sparse_group_lasso",1,0.0254753603011232,0.5,TRUE,"identity",FALSE,0.273052544634547,"compound_symmetry","gaussian",0.2,1000,50,1e-06,1,"PGD",0.9,TRUE,10,1,TRUE,0.0395689306155113,59,1.66435927146588,308.954388935447,8.71544240143706,200,711.292481186492,596.621199729424,902.246870121939,602.007923587929,1214.84759474827,610.826227220112
49,-328.08939383615,274.444197559326,1.37222098779663,"gaussian","adaptive_sparse_group_lasso",1,0.169401258903511,0.5,TRUE,"identity",FALSE,0.254615124122414,"compound_symmetry","gaussian",0.2,1000,50,1e-06,1,"PGD",0.9,TRUE,10,1,TRUE,0.716285640227191,47,1.32584552133723,246.734346413353,6.96024740749386,200,750.178787672299,658.830478714974,902.913134085652,663.139035079793,1151.93405031341,670.163785430854
50,-314.540017837869,231.890707244843,1.15945353622421,"gaussian","adaptive_sparse_group_lasso",1,1.59834487516962,0.5,TRUE,"identity",FALSE,0.393199254184754,"compound_symmetry","gaussian",0.2,1000,50,1e-06,1,"PGD",0.9,TRUE,10,1,TRUE,0,0,0,0,0,200,629.080035675738,629.080035675738,629.080035675738,629.080035675738,629.080035675738,629.080035675738
51,-314.061619260093,225.759555634749,1.12879777817375,"gaussian","adaptive_sparse_group_lasso",1,0.112727057253195,0.5,TRUE,"identity",FALSE,0.514635811169428,"compound_symmetry","gaussian",0.2,1000,50,1e-06,1,"PGD",0.9,TRUE,10,1,TRUE,0.237278879308552,29,0.818074896144247,153.099621686338,4.3188605900267,200,686.123238520185,629.759388312474,781.222860206523,632.442099110212,934.874063836416,636.77651953959
52,-314.682662065816,243.975233661556,1.21987616830778,"gaussian","adaptive_sparse_group_lasso",1,0.0916808055141254,0.5,TRUE,"identity",FALSE,0.201018645017863,"compound_symmetry","gaussian",0.2,1000,50,1e-06,1,"PGD",0.9,TRUE,10,1,TRUE,0.265098753735119,37,1.04375072956335,192.227317385257,5.42263250710452,200,703.365324131632,631.452825590759,821.592641516889,634.787956638736,1017.63038407917,640.318079255529
53,-324.771724790693,253.263728570982,1.26631864285491,"gaussian","adaptive_sparse_group_lasso",1,0.289581989775966,0.5,TRUE,"identity",FALSE,0.468176525206827,"compound_symmetry","gaussian",0.2,1000,50,1e-06,1,"PGD",0.9,TRUE,10,1,TRUE,0.856050028933006,7,0.197466354241715,37.455313970057,1.05659489952085,200,663.543449581386,649.93838228987,686.998763551443,650.600044480907,724.08698511728,651.646283894895
54,-304.241138987637,210.748687219484,1.05374343609742,"gaussian","adaptive_sparse_group_lasso",1,0.202369499531631,0.5,TRUE,"identity",FALSE,0.358070640171553,"compound_symmetry","gaussian",0.2,1000,50,1e-06,1,"PGD",0.9,TRUE,10,1,TRUE,0.13091281556,5,0.141047395886939,26.065632077968,0.735297905348889,200,618.482277975273,608.764372767047,634.547910053241,609.217575880622,661.039496885981,609.964889747756
55,-306.05839550513,214.72729659306,1.0736364829653,"gaussian","adaptive_sparse_group_lasso",1,0.0112423167297799,0.5,TRUE,"identity",FALSE,0.355649733859514,"compound_symmetry","gaussian",0.2,1000,50,1e-06,1,"PGD",0.9,TRUE,10,1,TRUE,0.0115833675866939,88,2.48243416761013,464.06801149262,13.0911169070928,200,788.11679101026,617.08165934548,1076.18480250288,625.207907917353,1542.43673075911,638.360631978914
56,-323.059757854406,257.542562541511,1.28771281270755,"gaussian","adaptive_sparse_group_lasso",1,3.36768876427027,0.5,TRUE,"identity",FALSE,0.30492383760899,"compound_symmetry","gaussian",0.2,1000,50,1e-06,1,"PGD",0.9,TRUE,10,1,TRUE,0,0,0,0,0,200,646.119515708812,646.119515708812,646.119515708812,646.119515708812,646.119515708812,646.119515708812
57,-310.570317668352,221.240948845423,1.10620474422711,"gaussian","adaptive_sparse_group_lasso",1,2.01520206476165,0.5,TRUE,"identity",FALSE,0.430638615144336,"compound_symmetry","gaussian",0.2,1000,50,1e-06,1,"PGD",0.9,TRUE,10,1,TRUE,0,0,0,0,0,200,621.140635336703,621.140635336703,621.140635336703,621.140635336703,621.140635336703,621.140635336703
58,-307.725969916982,221.812811276976,1.10906405638488,"gaussian","adaptive_sparse_group_lasso",1,0.0143021791965058,0.5,TRUE,"identity",FALSE,0.289098234146615,"compound_symmetry","gaussian",0.2,1000,50,1e-06,1,"PGD",0.9,TRUE,10,1,TRUE,0.0129057107926972,49,1.382264479692,260.392230499691,7.3455292042346,200,713.451939833964,618.216468793348,875.844170333655,622.797469038199,1135.46172129451,630.121144936113
59,-308.137235488089,217.301539336568,1.08650769668284,"gaussian","adaptive_sparse_group_lasso",1,0.0759339921902842,0.5,TRUE,"identity",FALSE,0.397918806500335,"compound_symmetry","gaussian",0.2,1000,50,1e-06,1,"PGD",0.9,TRUE,10,1,TRUE,0.068103336941979,18,0.507770625192981,94.1668087967984,2.65639663195434,200,652.274470976178,617.290012226564,710.441279772977,618.930867608133,805.810992370841,621.621197529816
60,-310.467557692421,220.582102609189,1.10291051304594,"gaussian","adaptive_sparse_group_lasso",1,0.0769428682452714,0.5,TRUE,"identity",FALSE,0.441113593577177,"compound_symmetry","gaussian",0.2,1000,50,1e-06,1,"PGD",0.9,TRUE,10,1,TRUE,0.181430738934621,46,1.29763604215984,243.485127714614,6.868588640269,200,712.935115384842,623.530387469162,864.420243099456,627.803704025111,1108.14284196067,634.678991602745
61,-314.745069783131,231.615305836761,1.1580765291838,"gaussian","adaptive_sparse_group_lasso",1,0.0187279326465239,0.5,TRUE,"identity",FALSE,0.409434790258782,"compound_symmetry","gaussian",0.2,1000,50,1e-06,1,"PGD",0.9,TRUE,10,1,TRUE,0.0169162735100008,60,1.69256875064327,319.767442162711,9.02047300129555,200,749.490139566263,632.87527706755,949.257581728974,638.510612567558,1267.15662372186,647.478378973168
62,-312.476732476939,228.009725728372,1.14004862864186,"gaussian","adaptive_sparse_group_lasso",1,0.129230199653722,0.5,TRUE,"identity",FALSE,0.375023172753226,"compound_symmetry","gaussian",0.2,1000,50,1e-06,1,"PGD",0.9,TRUE,10,1,TRUE,0.159363473483324,18,0.507770625192981,94.2381989646587,2.65841051140807,200,660.953464953878,625.969006204263,719.191663918536,627.611875465286,814.561376516401,630.302205386969
63,-320.951557853098,256.282588647911,1.28141294323955,"gaussian","adaptive_sparse_group_lasso",1,0.123060658815783,0.5,TRUE,"identity",FALSE,0.244440718873846,"compound_symmetry","gaussian",0.2,1000,50,1e-06,1,"PGD",0.9,TRUE,10,1,TRUE,0.289240389940899,20,0.564189583547756,105.404744056033,2.97341293264656,200,681.903115706195,643.031494873291,747.307859762228,644.876528638842,853.274207093189,647.865784107378
64,-323.001183036014,249.084971219818,1.24542485609909,"gaussian","adaptive_sparse_group_lasso",1,0.179765025845341,0.5,TRUE,"identity",FALSE,0.462139820382415,"compound_symmetry","gaussian",0.2,1000,50,1e-06,1,"PGD",0.9,TRUE,10,1,TRUE,0.333461324942653,14,0.394932708483429,72.6443769092919,2.04926003777698,200,674.002366072029,646.792231488996,718.646742981321,648.051626109806,792.823186112993,650.144104937781
65,-305.481798488258,221.485439009441,1.1074271950472,"gaussian","adaptive_sparse_group_lasso",1,0.142189094786502,0.5,TRUE,"identity",FALSE,0.215508159579036,"compound_symmetry","gaussian",0.2,1000,50,1e-06,1,"PGD",0.9,TRUE,10,1,TRUE,0.469842541613215,46,1.29763604215984,240.005073373773,6.77041811980489,200,702.963596976516,613.558869060836,850.968670350289,617.734015096321,1094.6912692115,624.609302673955
66,-294.027465103431,188.800308745869,0.944001543729345,"gaussian","adaptive_sparse_group_lasso",1,0.124326864580293,0.5,TRUE,"identity",FALSE,0.395427391669513,"compound_symmetry","gaussian",0.2,1000,50,1e-06,1,"PGD",0.9,TRUE,10,1,TRUE,0.321189866234484,31,0.874493854499022,165.466506644771,4.66772397375077,200,650.054930206862,589.80391791586,753.521436851633,592.722654180613,917.769275214622,597.356000156844
67,-320.724185715812,244.908653943041,1.22454326971521,"gaussian","adaptive_sparse_group_lasso",1,0.159222290175147,0.5,TRUE,"identity",FALSE,0.430138747076186,"compound_symmetry","gaussian",0.2,1000,50,1e-06,1,"PGD",0.9,TRUE,10,1,TRUE,0.421021807342659,33,0.930912812853798,173.356557378943,4.89029819564493,200,707.448371431625,643.310197057333,814.804928810568,646.33866962727,989.649401906653,651.270941150355
68,-305.144745615818,214.57203682979,1.07286018414895,"gaussian","adaptive_sparse_group_lasso",1,0.181038220464228,0.5,TRUE,"identity",FALSE,0.318883387075035,"compound_symmetry","gaussian",0.2,1000,50,1e-06,1,"PGD",0.9,TRUE,10,1,TRUE,0.324159664198712,12,0.338513750128654,63.1108816356964,1.78032510136877,200,634.289491231637,610.966518731894,673.400372867333,612.069816333005,736.98018126591,613.863369614127
69,-308.053121679704,218.292882644072,1.09146441322036,"gaussian","adaptive_sparse_group_lasso",1,0.121518830669322,0.5,TRUE,"identity",FALSE,0.371778106002457,"compound_symmetry","gaussian",0.2,1000,50,1e-06,1,"PGD",0.9,TRUE,10,1,TRUE,0.292963121979084,34,0.959122292031186,182.991590053745,5.16209744925821,200,684.106243359407,618.02448794347,799.097833413152,621.268340808665,979.240623875785,626.350075105178
70,-293.695894507578,187.781042122052,0.93890521061026,"gaussian","adaptive_sparse_group_lasso",1,3.56137251879006,0.5,TRUE,"identity",FALSE,0.405929075777451,"compound_symmetry","gaussian",0.2,1000,50,1e-06,1,"PGD",0.9,TRUE,10,1,TRUE,0,0,0,0,0,200,587.391789015156,587.391789015156,587.391789015156,587.391789015156,587.391789015156,587.391789015156
71,-309.652472194144,218.729214622926,1.09364607311463,"gaussian","adaptive_sparse_group_lasso",1,0.0538475041648035,0.5,TRUE,"identity",FALSE,0.442655884166087,"compound_symmetry","gaussian",0.2,1000,50,1e-06,1,"PGD",0.9,TRUE,10,1,TRUE,0.151840484175366,59,1.66435927146588,310.501836334594,8.7590950866214,200,737.304944388287,622.633662931219,929.806780722881,628.064039474909,1242.40750534922,636.882343107092
72,-328.350775955019,262.70670064606,1.3135335032303,"gaussian","adaptive_sparse_group_lasso",1,3.38738475108549,0.5,TRUE,"identity",FALSE,0.4635571515837,"compound_symmetry","gaussian",0.2,1000,50,1e-06,1,"PGD",0.9,TRUE,10,1,TRUE,0,0,0,0,0,200,656.701551910039,656.701551910039,656.701551910039,656.701551910039,656.701551910039,656.701551910039
73,-298.195418988694,200.238106882367,1.00119053441183,"gaussian","adaptive_sparse_group_lasso",1,0.0514022775776902,0.5,TRUE,"identity",FALSE,0.317399233338642,"compound_symmetry","gaussian",0.2,1000,50,1e-06,1,"PGD",0.9,TRUE,10,1,TRUE,0.102912577735058,77,2.17212989665886,398.054744386451,11.22891702323,200,750.390837977387,600.735097770705,994.445582363839,607.619755000617,1402.41601958804,619.128388554483
74,-323.333792630975,248.909175533544,1.24454587766772,"gaussian","adaptive_sparse_group_lasso",1,2.57233270728769,0.5,TRUE,"identity",FALSE,0.485269087530751,"compound_symmetry","gaussian",0.2,1000,50,1e-06,1,"PGD",0.9,TRUE,10,1,TRUE,0,0,0,0,0,200,646.66758526195,646.66758526195,646.66758526195,646.66758526195,646.66758526195,646.66758526195
75,-311.854861218258,229.448600167833,1.14724300083916,"gaussian","adaptive_sparse_group_lasso",1,0.0223474704685628,0.5,TRUE,"identity",FALSE,0.319166790668724,"compound_symmetry","gaussian",0.2,1000,50,1e-06,1,"PGD",0.9,TRUE,10,1,TRUE,0.0233437458864773,47,1.32584552133723,247.638713999829,6.98575914609326,200,717.709722436516,626.36141347919,871.348436436345,630.695481582609,1120.3693526641,637.72023193367
76,-287.365968244869,179.748162550558,0.898740812752789,"gaussian","adaptive_sparse_group_lasso",1,0.0994851846503958,0.5,TRUE,"identity",FALSE,0.315965477015094,"compound_symmetry","gaussian",0.2,1000,50,1e-06,1,"PGD",0.9,TRUE,10,1,TRUE,0.0913278748541538,18,0.507770625192981,94.4464304022185,2.66428461180999,200,610.731936489738,575.747477740124,669.178366891957,577.396221101548,764.548079489821,580.086551023231
77,-299.942169436683,202.862722201613,1.01431361100807,"gaussian","adaptive_sparse_group_lasso",1,0.127658497296472,0.5,TRUE,"identity",FALSE,0.33637199595802,"compound_symmetry","gaussian",0.2,1000,50,1e-06,1,"PGD",0.9,TRUE,10,1,TRUE,0.39075120487023,39,1.10016968791812,204.116922276373,5.75803206870784,200,677.884338873366,602.084678249202,804.001261149739,605.642370942074,1010.63563844511,611.47141910572
78,-327.185339438798,261.38366932662,1.3069183466331,"gaussian","adaptive_sparse_group_lasso",1,0.37254857275149,0.5,TRUE,"identity",FALSE,0.427534295136316,"compound_symmetry","gaussian",0.2,1000,50,1e-06,1,"PGD",0.9,TRUE,10,1,TRUE,1.70595918225971,19,0.535980104370368,100.456295225477,2.83381976840061,200,692.370678877597,655.442639086338,754.826974103074,657.204498645998,855.495004067486,660.044291341107
79,-305.623669645536,213.571902904911,1.06785951452455,"gaussian","adaptive_sparse_group_lasso",1,0.0528690178282266,0.5,TRUE,"identity",FALSE,0.360450139284611,"compound_symmetry","gaussian",0.2,1000,50,1e-06,1,"PGD",0.9,TRUE,10,1,TRUE,0.108006488847497,51,1.43868343804678,271.17995184018,7.6498452047606,200,713.247339291072,614.124706167165,882.427291131252,618.897184495832,1152.6414768252,626.519785940601
80,-299.700774621523,208.536455941373,1.04268227970687,"gaussian","adaptive_sparse_group_lasso",1,0.063637147979657,0.5,TRUE,"identity",FALSE,0.223277763819888,"compound_symmetry","gaussian",0.2,1000,50,1e-06,1,"PGD",0.9,TRUE,10,1,TRUE,0.143326732415874,53,1.49510239640155,280.720695782535,7.91898462233924,200,705.401549243046,602.391754035849,880.122245025581,607.320533865385,1160.93306545263,615.242060857007
81,-315.003139484924,228.399528680334,1.14199764340167,"gaussian","adaptive_sparse_group_lasso",1,0.0539869917293458,0.5,TRUE,"identity",FALSE,0.501197195951763,"compound_symmetry","gaussian",0.2,1000,50,1e-06,1,"PGD",0.9,TRUE,10,1,TRUE,0.0306730797199546,17,0.479561146015593,91.9272871873722,2.59322089374593,200,664.006278969849,630.96540126188,721.933566157221,632.599499863595,812.004961388538,635.140367011851
82,-328.393703350477,268.760071051602,1.34380035525801,"gaussian","adaptive_sparse_group_lasso",1,0.174631910318607,0.5,TRUE,"identity",FALSE,0.350677947123647,"compound_symmetry","gaussian",0.2,1000,50,1e-06,1,"PGD",0.9,TRUE,10,1,TRUE,0.987451956127734,17,0.479561146015593,87.864191451836,2.47860307919858,200,690.787406700954,657.746528992985,744.65159815279,659.266009780152,834.722993384106,661.806876928408
83,-296.824361735801,197.128986117191,0.985644930585957,"gaussian","adaptive_sparse_group_lasso",1,0.106127185485318,0.5,TRUE,"identity",FALSE,0.325568829973358,"compound_symmetry","gaussian",0.2,1000,50,1e-06,1,"PGD",0.9,TRUE,10,1,TRUE,0.296509285453622,32,0.90270333367641,165.852905071989,4.67862407213756,200,657.648723471601,595.454130138954,759.501628543591,598.327347543739,929.047784273128,603.110156293397
84,-311.647097833036,227.581003214934,1.13790501607467,"gaussian","adaptive_sparse_group_lasso",1,0.0548551552481755,0.5,TRUE,"identity",FALSE,0.345510421577713,"compound_symmetry","gaussian",0.2,1000,50,1e-06,1,"PGD",0.9,TRUE,10,1,TRUE,0.12924914926349,48,1.35405500051462,250.062316531027,7.05412771123137,200,719.294195666073,626.002305667102,873.3565121971,630.348323377304,1127.67574579141,637.522536501792
85,-331.18576991236,265.064896262428,1.32532448131214,"gaussian","adaptive_sparse_group_lasso",1,0.00705941295450671,0.5,TRUE,"identity",FALSE,0.584304711447363,"compound_symmetry","gaussian",0.2,1000,50,1e-06,1,"PGD",0.9,TRUE,10,1,TRUE,0.00459155648464334,90,2.5388531259649,472.887342944707,13.339905654049,200,842.371539824721,667.449246076651,1135.25888276943,675.71144547877,1612.10744575875,689.163095087184
86,-306.295696400588,220.313088022721,1.1015654401136,"gaussian","adaptive_sparse_group_lasso",1,0.0101350795280777,0.5,TRUE,"identity",FALSE,0.260916347466305,"compound_symmetry","gaussian",0.2,1000,50,1e-06,1,"PGD",0.9,TRUE,10,1,TRUE,0.00784835679370102,80,2.25675833419103,421.661161424965,11.8948417531307,200,772.591392801176,617.104909469558,1034.25255422614,624.486234554307,1458.11794354998,636.443256428453
87,-292.483644001652,183.182329239914,0.915911646199572,"gaussian","adaptive_sparse_group_lasso",1,0.0344495041172584,0.5,TRUE,"identity",FALSE,0.474280339136764,"compound_symmetry","gaussian",0.2,1000,50,1e-06,1,"PGD",0.9,TRUE,10,1,TRUE,0.0489369644414569,54,1.52331187557894,285.780939263093,8.06173145543656,200,692.967288003304,588.013911754462,870.748227266397,593.02901945874,1156.85736505999,601.100009223789
88,-299.840808352457,197.292945808782,0.986464729043908,"gaussian","adaptive_sparse_group_lasso",1,0.0878992604165984,0.5,TRUE,"identity",FALSE,0.470639370617501,"compound_symmetry","gaussian",0.2,1000,50,1e-06,1,"PGD",0.9,TRUE,10,1,TRUE,0.132635121650835,25,0.705236979434695,130.674916376526,3.6862713325305,200,649.681616704914,601.092090663783,730.35653308144,603.367888037444,862.814467245141,607.104457373115
89,-306.037701208208,208.141715647944,1.04070857823972,"gaussian","adaptive_sparse_group_lasso",1,0.115288556200754,0.5,TRUE,"identity",FALSE,0.520888538585708,"compound_symmetry","gaussian",0.2,1000,50,1e-06,1,"PGD",0.9,TRUE,10,1,TRUE,0.0773199875749175,10,0.282094791773878,52.02887609106,1.46770749671365,200,632.075402416415,612.639591999963,664.104278507475,613.543109913129,717.087452172956,615.037737647397
90,-325.230003849043,256.422654834505,1.28211327417253,"gaussian","adaptive_sparse_group_lasso",1,3.73596750790133,0.5,TRUE,"identity",FALSE,0.425475090125441,"compound_symmetry","gaussian",0.2,1000,50,1e-06,1,"PGD",0.9,TRUE,10,1,TRUE,0,0,0,0,0,200,650.460007698086,650.460007698086,650.460007698086,650.460007698086,650.460007698086,650.460007698086
91,-304.302257539647,212.18172204982,1.0609086102491,"gaussian","adaptive_sparse_group_lasso",1,0.0824889061384461,0.5,TRUE,"identity",FALSE,0.33068116996729,"compound_symmetry","gaussian",0.2,1000,50,1e-06,1,"PGD",0.9,TRUE,10,1,TRUE,0.177763127540568,27,0.761655937789471,141.143574052663,3.9815867132607,200,662.604515079295,610.127826954874,749.748089131958,612.586101792556,892.802658028755,616.62159667508
92,-319.230403444346,242.895167353794,1.21447583676897,"gaussian","adaptive_sparse_group_lasso",1,0.284163991835144,0.5,TRUE,"identity",FALSE,0.395870165776625,"compound_symmetry","gaussian",0.2,1000,50,1e-06,1,"PGD",0.9,TRUE,10,1,TRUE,0.489374394900169,9,0.25388531259649,47.4574288076691,1.33874934976231,200,656.460806888693,638.968577513886,685.918235696362,639.799556238455,733.603091995294,641.144721199296
93,-339.294665197128,299.228512898428,1.49614256449214,"gaussian","adaptive_sparse_group_lasso",1,3.9287994853559,0.5,TRUE,"identity",FALSE,0.358043574439079,"compound_symmetry","gaussian",0.2,1000,50,1e-06,1,"PGD",0.9,TRUE,10,1,TRUE,0,0,0,0,0,200,678.589330394256,678.589330394256,678.589330394256,678.589330394256,678.589330394256,678.589330394256
94,-332.779865989817,279.646986566697,1.39823493283348,"gaussian","adaptive_sparse_group_lasso",1,0.0954432555356861,0.5,TRUE,"identity",FALSE,0.369786967623948,"compound_symmetry","gaussian",0.2,1000,50,1e-06,1,"PGD",0.9,TRUE,10,1,TRUE,0.321909848440675,37,1.04375072956335,196.460572550678,5.54205043054603,200,739.559731979635,667.647233438762,862.020304530313,671.101782410181,1058.05804709259,676.631905026974
95,-327.594265943764,255.81385182027,1.27906925910135,"gaussian","adaptive_sparse_group_lasso",1,1.94079864777479,0.5,TRUE,"identity",FALSE,0.581638456729342,"compound_symmetry","gaussian",0.2,1000,50,1e-06,1,"PGD",0.9,TRUE,10,1,TRUE,0,0,0,0,0,200,655.188531887529,655.188531887529,655.188531887529,655.188531887529,655.188531887529,655.188531887529
96,-315.876260245698,232.224076376204,1.16112038188102,"gaussian","adaptive_sparse_group_lasso",1,0.212356910621462,0.5,TRUE,"identity",FALSE,0.455668388126413,"compound_symmetry","gaussian",0.2,1000,50,1e-06,1,"PGD",0.9,TRUE,10,1,TRUE,0.298855368005013,14,0.394932708483429,72.7041201035775,2.05094536217217,200,659.752520491396,632.542385908363,704.456640594973,633.803465853568,778.633083726646,635.895944681544
97,-304.873042262618,205.028628955688,1.02514314477844,"gaussian","adaptive_sparse_group_lasso",1,3.00088418828525,0.5,TRUE,"identity",FALSE,0.542509231869899,"compound_symmetry","gaussian",0.2,1000,50,1e-06,1,"PGD",0.9,TRUE,10,1,TRUE,0,0,0,0,0,200,609.746084525236,609.746084525236,609.746084525236,609.746084525236,609.746084525236,609.746084525236
98,-311.824384330309,229.846490485092,1.14923245242546,"gaussian","adaptive_sparse_group_lasso",1,0.0908467757191195,0.5,TRUE,"identity",FALSE,0.310713169417521,"compound_symmetry","gaussian",0.2,1000,50,1e-06,1,"PGD",0.9,TRUE,10,1,TRUE,0.311541192969453,46,1.29763604215984,239.902956812962,6.76753746480902,200,715.648768660618,626.244040744938,863.55172547358,630.416306125427,1107.27432433479,637.291593703061
99,-301.076406468893,206.464841709377,1.03232420854688,"gaussian","adaptive_sparse_group_lasso",1,0.135333557416647,0.5,TRUE,"identity",FALSE,0.309899675506203,"compound_symmetry","gaussian",0.2,1000,50,1e-06,1,"PGD",0.9,TRUE,10,1,TRUE,0.0771131000080741,13,0.366723229306042,66.7587845007157,1.88323054128066,200,628.152812937785,602.886259396397,668.911597438501,604.036043479066,737.789723203625,605.979059533615
100,-330.860237911415,273.952874490851,1.36976437245425,"gaussian","adaptive_sparse_group_lasso",1,0.0519095500882671,0.5,TRUE,"identity",FALSE,0.376294314842528,"compound_symmetry","gaussian",0.2,1000,50,1e-06,1,"PGD",0.9,TRUE,10,1,TRUE,0.0655195124943844,36,1.01554125038596,189.962705796443,5.35874899364501,200,733.72047582283,663.751558323602,851.683181619273,667.079224816475,1042.422606815,672.459884659841
101,-461.014078919596,318.95744084805,1.0631914694935,"gaussian","adaptive_sparse_group_lasso",1,1.50782907754631,0.5,TRUE,"identity",FALSE,0.471302819115343,"compound_symmetry","gaussian",0.2,1000,50,1e-06,1,"PGD",0.9,TRUE,10,1,TRUE,0,0,0,0,0,200,922.028157839191,922.028157839191,922.028157839191,922.028157839191,922.028157839191,922.028157839191
102,-456.380019363492,304.558483378289,1.0151949445943,"gaussian","adaptive_sparse_group_lasso",1,0.0714656169531471,0.5,TRUE,"identity",FALSE,0.565758884171801,"compound_symmetry","gaussian",0.2,1000,50,1e-06,1,"PGD",0.9,TRUE,10,1,TRUE,0.121506957083972,43,1.21300760462768,246.405468885982,6.9509699437336,200,998.760038726985,915.18605393624,1159.16550761297,919.711008670718,1386.99315437453,926.137907928072
103,-465.664469670703,333.141811993102,1.11047270664367,"gaussian","adaptive_sparse_group_lasso",1,0.141007316558999,0.5,TRUE,"identity",FALSE,0.404132754322972,"compound_symmetry","gaussian",0.2,1000,50,1e-06,1,"PGD",0.9,TRUE,10,1,TRUE,0.132872011516256,18,0.507770625192981,102.064958298604,2.87919931586542,200,967.328939341406,932.344480591792,1033.39389764001,934.208138657271,1128.76361023787,936.898468578954
104,-474.638706828574,358.925793786354,1.19641931262118,"gaussian","adaptive_sparse_group_lasso",1,0.157062512663071,0.5,TRUE,"identity",FALSE,0.335131410217089,"compound_symmetry","gaussian",0.2,1000,50,1e-06,1,"PGD",0.9,TRUE,10,1,TRUE,0.285463193505181,18,0.507770625192981,102.484649468313,2.89103858517826,200,985.277413657148,950.292954907534,1051.76206312546,952.168452242326,1147.13177572333,954.858782164009
105,-449.904729713486,299.000917913322,0.996669726377741,"gaussian","adaptive_sparse_group_lasso",1,0.0714716221044925,0.5,TRUE,"identity",FALSE,0.419780435362874,"compound_symmetry","gaussian",0.2,1000,50,1e-06,1,"PGD",0.9,TRUE,10,1,TRUE,0.17953534891061,41,1.1565886462729,237.404807384977,6.69706597053827,200,981.809459426972,902.122636719518,1137.21426681195,906.50652539751,1354.44527884042,912.63449910801
106,-437.764171906409,283.408602286489,0.944695340954962,"gaussian","adaptive_sparse_group_lasso",1,0.00275297218449791,0.5,TRUE,"identity",FALSE,0.295284432838445,"compound_symmetry","gaussian",0.2,1000,50,1e-06,1,"PGD",0.9,TRUE,10,1,TRUE,0.000648677631843163,104,2.93378583444833,588.779531291211,16.6091639280316,200,1083.52834381282,881.395915481714,1464.30787510403,892.137507740849,2015.33288122502,907.681636177239
107,-474.121002038167,355.28252128867,1.18427507096223,"gaussian","adaptive_sparse_group_lasso",1,0.172528651027776,0.5,TRUE,"identity",FALSE,0.365521366220963,"compound_symmetry","gaussian",0.2,1000,50,1e-06,1,"PGD",0.9,TRUE,10,1,TRUE,0.20821287017514,10,0.282094791773878,57.6221318046468,1.62549032729988,200,968.242004076333,948.806193659881,1005.86413588098,949.867494403633,1058.84730954646,951.362122137901
108,-467.311993001318,340.264756104063,1.13421585368021,"gaussian","adaptive_sparse_group_lasso",1,0.0445181231790442,0.5,TRUE,"identity",FALSE,0.35537308278207,"compound_symmetry","gaussian",0.2,1000,50,1e-06,1,"PGD",0.9,TRUE,10,1,TRUE,0.0893590489284732,64,1.80540666735282,361.98941879186,10.2115329718437,200,1062.62398600264,938.234799337342,1296.6134047945,944.83551897448,1635.70571625357,954.401136473797
109,-475.047612351469,353.155239388923,1.17718413129641,"gaussian","adaptive_sparse_group_lasso",1,0.101970094549641,0.5,TRUE,"identity",FALSE,0.425835156463576,"compound_symmetry","gaussian",0.2,1000,50,1e-06,1,"PGD",0.9,TRUE,10,1,TRUE,0.22057234262766,30,0.846284375321634,170.453347117636,4.808400146231,200,1010.09522470294,951.787793453581,1120.54857182057,954.903624849169,1279.49809281701,959.387508051974
110,-480.73436469029,363.179218714113,1.21059739571371,"gaussian","adaptive_sparse_group_lasso",1,0.136004978164782,0.5,TRUE,"identity",FALSE,0.480690339070007,"compound_symmetry","gaussian",0.2,1000,50,1e-06,1,"PGD",0.9,TRUE,10,1,TRUE,0.081466138821805,12,0.338513750128654,68.5479342583381,1.93370152411354,200,985.468729380581,962.145756880838,1030.01666363892,963.402430904694,1093.5964720375,965.195984185816
111,-462.104486630147,321.343365759958,1.07114455253319,"gaussian","adaptive_sparse_group_lasso",1,0.0392040522557462,0.5,TRUE,"identity",FALSE,0.470257365190026,"compound_symmetry","gaussian",0.2,1000,50,1e-06,1,"PGD",0.9,TRUE,10,1,TRUE,0.0451767555438473,43,1.21300760462768,245.25204339037,6.91843241123247,200,1010.20897326029,926.634988469549,1169.46101665066,931.127405671526,1397.28866341223,937.55430492888
112,-467.125453158538,344.455996245903,1.14818665415301,"gaussian","adaptive_sparse_group_lasso",1,2.26106841166551,0.5,TRUE,"identity",FALSE,0.297922652149564,"compound_symmetry","gaussian",0.2,1000,50,1e-06,1,"PGD",0.9,TRUE,10,1,TRUE,0,0,0,0,0,200,934.250906317076,934.250906317076,934.250906317076,934.250906317076,934.250906317076,934.250906317076
113,-470.483953820464,351.655809002546,1.17218603000849,"gaussian","adaptive_sparse_group_lasso",1,0.0324700747497013,0.5,TRUE,"identity",FALSE,0.304759219642868,"compound_symmetry","gaussian",0.2,1000,50,1e-06,1,"PGD",0.9,TRUE,10,1,TRUE,0.0359159360253063,51,1.43868343804678,295.183300743333,8.32696717583165,200,1042.96790764093,943.845274517021,1236.15120838426,949.294874816759,1506.36539407821,956.917476261528
114,-466.689825909943,341.660032937173,1.13886677645724,"gaussian","adaptive_sparse_group_lasso",1,0.117686655268463,0.5,TRUE,"identity",FALSE,0.319354850425747,"compound_symmetry","gaussian",0.2,1000,50,1e-06,1,"PGD",0.9,TRUE,10,1,TRUE,0.415043062156884,48,1.35405500051462,271.77033267204,7.66649954054367,200,1029.37965181989,936.087761820916,1205.14998449193,941.046151360431,1459.46921808623,948.220364484918
115,-478.189668096642,361.857140875388,1.20619046958463,"gaussian","adaptive_sparse_group_lasso",1,1.25559955839567,0.5,TRUE,"identity",FALSE,0.408284088298381,"compound_symmetry","gaussian",0.2,1000,50,1e-06,1,"PGD",0.9,TRUE,10,1,TRUE,0,0,0,0,0,200,956.379336193285,956.379336193285,956.379336193285,956.379336193285,956.379336193285,956.379336193285
116,-461.843392733382,331.293492387272,1.10431164129091,"gaussian","adaptive_sparse_group_lasso",1,0.0530084367469487,0.5,TRUE,"identity",FALSE,0.313119591759919,"compound_symmetry","gaussian",0.2,1000,50,1e-06,1,"PGD",0.9,TRUE,10,1,TRUE,0.117605642353218,51,1.43868343804678,289.485128656456,8.16622470899773,200,1025.68678546676,926.564152342858,1213.17191412322,931.853010175762,1483.38609981717,939.47561162053
117,-456.767063926446,317.918169993439,1.05972723331146,"gaussian","adaptive_sparse_group_lasso",1,0.143397075977886,0.5,TRUE,"identity",FALSE,0.344709667893801,"compound_symmetry","gaussian",0.2,1000,50,1e-06,1,"PGD",0.9,TRUE,10,1,TRUE,0.230331234698072,18,0.507770625192981,100.498428838382,2.83500833567653,200,949.534127852891,914.549669103277,1014.03255669127,916.369136188568,1109.40226928914,919.059466110251
118,-454.626070242974,308.286808698272,1.02762269566091,"gaussian","adaptive_sparse_group_lasso",1,0.0103371871414212,0.5,TRUE,"identity",FALSE,0.424436044259334,"compound_symmetry","gaussian",0.2,1000,50,1e-06,1,"PGD",0.9,TRUE,10,1,TRUE,0.0065893444959892,76,2.14392041748147,430.312723909102,12.1388978248789,200,1061.25214048595,913.539981320911,1339.56486439505,921.391038310827,1742.2369842527,932.750209091266
119,-463.734009710695,325.47546399519,1.0849182133173,"gaussian","adaptive_sparse_group_lasso",1,0.125152300631308,0.5,TRUE,"identity",FALSE,0.459449979758362,"compound_symmetry","gaussian",0.2,1000,50,1e-06,1,"PGD",0.9,TRUE,10,1,TRUE,0.220340335845097,20,0.564189583547756,114.189995862673,3.22124031055408,200,967.468019421391,928.596398588486,1041.65801528406,930.689259731945,1147.62436261502,933.678515200482
120,-471.588242573174,346.287072434726,1.15429024144909,"gaussian","adaptive_sparse_group_lasso",1,0.199190813670987,0.5,TRUE,"identity",FALSE,0.408141137271056,"compound_symmetry","gaussian",0.2,1000,50,1e-06,1,"PGD",0.9,TRUE,10,1,TRUE,0.0431317855914021,3,0.0846284375321635,17.0860260538699,0.481987896190948,200,949.176485146348,943.345742021412,960.262511200217,943.658473042539,976.157463299862,944.106861362819
121,-473.146171089365,346.64571677593,1.15548572258643,"gaussian","adaptive_sparse_group_lasso",1,0.0882637141325865,0.5,TRUE,"identity",FALSE,0.457950165046415,"compound_symmetry","gaussian",0.2,1000,50,1e-06,1,"PGD",0.9,TRUE,10,1,TRUE,0.222633721557933,33,0.930912812853798,185.761664560314,5.24023980837108,200,1012.29234217873,948.154167804438,1132.05400673905,951.532581987102,1306.89847983513,956.464853510187
122,-452.609366318894,307.548391420917,1.02516130473639,"gaussian","adaptive_sparse_group_lasso",1,0.0328332648908899,0.5,TRUE,"identity",FALSE,0.36958887114676,"compound_symmetry","gaussian",0.2,1000,50,1e-06,1,"PGD",0.9,TRUE,10,1,TRUE,0.0655567634930422,69,1.94645406323976,391.08023213519,11.0321696651056,200,1043.21873263779,909.111640764267,1296.29896477298,916.250902302893,1661.88286306479,926.563833669344
123,-488.976936354318,394.255414335183,1.31418471445061,"gaussian","adaptive_sparse_group_lasso",1,0.198398199210295,0.5,TRUE,"identity",FALSE,0.342613576714323,"compound_symmetry","gaussian",0.2,1000,50,1e-06,1,"PGD",0.9,TRUE,10,1,TRUE,0.131233936845938,14,0.394932708483429,81.1346655145412,2.28876665739678,200,1005.95387270864,978.743738125602,1059.08853822318,980.242639366032,1133.26498135485,982.335118194008
124,-464.645100235621,323.673281117708,1.07891093705903,"gaussian","adaptive_sparse_group_lasso",1,0.0609926517570042,0.5,TRUE,"identity",FALSE,0.52842590548746,"compound_symmetry","gaussian",0.2,1000,50,1e-06,1,"PGD",0.9,TRUE,10,1,TRUE,0.115021630096279,62,1.74898770899804,350.513017418374,9.88778966626699,200,1053.29020047124,932.788175889239,1279.80321788962,939.177990137509,1608.29889461559,948.444682089973
125,-482.446170053933,373.487097711226,1.24495699237075,"gaussian","adaptive_sparse_group_lasso",1,0.0853665056245233,0.5,TRUE,"identity",FALSE,0.39199456766267,"compound_symmetry","gaussian",0.2,1000,50,1e-06,1,"PGD",0.9,TRUE,10,1,TRUE,0.139252004916514,20,0.564189583547756,111.736368459201,3.15202475940677,200,1004.89234010787,966.020719274961,1076.62870856707,968.044364867272,1182.59505589803,971.033620335809
126,-472.601898360425,344.205027906747,1.14735009302249,"gaussian","adaptive_sparse_group_lasso",1,0.055457090483628,0.5,TRUE,"identity",FALSE,0.477461966079784,"compound_symmetry","gaussian",0.2,1000,50,1e-06,1,"PGD",0.9,TRUE,10,1,TRUE,0.067889054982344,36,1.01554125038596,203.489477339529,5.74033217382698,200,1017.20379672085,947.234879221621,1148.69327406038,950.944128894677,1339.43269925611,956.324788738042
127,-477.867014548354,358.398477265365,1.19466159088455,"gaussian","adaptive_sparse_group_lasso",1,2.92548079920321,0.5,TRUE,"identity",FALSE,0.447614139778922,"compound_symmetry","gaussian",0.2,1000,50,1e-06,1,"PGD",0.9,TRUE,10,1,TRUE,0,0,0,0,0,200,955.734029096709,955.734029096709,955.734029096709,955.734029096709,955.734029096709,955.734029096709
128,-473.17129262951,347.895812459328,1.15965270819776,"gaussian","adaptive_sparse_group_lasso",1,0.00853769512330763,0.5,TRUE,"identity",FALSE,0.439124569141121,"compound_symmetry","gaussian",0.2,1000,50,1e-06,1,"PGD",0.9,TRUE,10,1,TRUE,0.00397312180007839,51,1.43868343804678,287.151071407351,8.10038216963027,200,1048.34258525902,949.219952135113,1233.49365666637,954.44296742865,1503.70784236032,962.065568873418
129,-464.861444938556,326.161630002821,1.08720543334274,"gaussian","adaptive_sparse_group_lasso",1,0.117971096859498,0.5,TRUE,"identity",FALSE,0.490551415998129,"compound_symmetry","gaussian",0.2,1000,50,1e-06,1,"PGD",0.9,TRUE,10,1,TRUE,0.239760254031741,24,0.677027500257308,134.906027372522,3.80562877006926,200,977.722889877112,931.076944877626,1064.62891724963,933.528518647181,1191.78853404679,937.115625209425
130,-472.38027843453,348.730321244471,1.16243440414824,"gaussian","adaptive_sparse_group_lasso",1,2.41851268703891,0.5,TRUE,"identity",FALSE,0.399323299483474,"compound_symmetry","gaussian",0.2,1000,50,1e-06,1,"PGD",0.9,TRUE,10,1,TRUE,0,0,0,0,0,200,944.76055686906,944.76055686906,944.76055686906,944.76055686906,944.76055686906,944.76055686906
131,-488.030787174427,381.243719591483,1.27081239863828,"gaussian","adaptive_sparse_group_lasso",1,0.067774260325801,0.5,TRUE,"identity",FALSE,0.481273586063722,"compound_symmetry","gaussian",0.2,1000,50,1e-06,1,"PGD",0.9,TRUE,10,1,TRUE,0.163942113485378,57,1.60794031311111,323.708504066766,9.13164830501479,200,1090.06157434885,979.277454975077,1299.77007841562,985.193222653869,1601.77416830886,993.712600739199
132,-456.211612588078,320.961886280977,1.06987295426992,"gaussian","adaptive_sparse_group_lasso",1,0.131146757184978,0.5,TRUE,"identity",FALSE,0.289595085237324,"compound_symmetry","gaussian",0.2,1000,50,1e-06,1,"PGD",0.9,TRUE,10,1,TRUE,0.331175142077795,28,0.789865416966859,157.785507824459,4.45104699746764,200,968.423225176156,914.00295601009,1070.20873300061,916.874272173624,1218.56161926396,921.059229829575
133,-462.1042483042,329.238664608097,1.09746221536032,"gaussian","adaptive_sparse_group_lasso",1,0.0703705588491308,0.5,TRUE,"identity",FALSE,0.347351676795916,"compound_symmetry","gaussian",0.2,1000,50,1e-06,1,"PGD",0.9,TRUE,10,1,TRUE,0.173971818467286,50,1.41047395886939,284.673306321901,8.0304857070458,200,1024.2084966084,927.029444526139,1208.8818029303,932.238982315446,1473.7976712577,939.712120986787
134,-461.92345318974,321.750208439004,1.07250069479668,"gaussian","adaptive_sparse_group_lasso",1,0.0878844425403693,0.5,TRUE,"identity",FALSE,0.45633253762586,"compound_symmetry","gaussian",0.2,1000,50,1e-06,1,"PGD",0.9,TRUE,10,1,TRUE,0.147806344789721,33,0.930912812853798,189.397115210481,5.3427939777874,200,989.846906379479,925.708732005187,1113.24402158996,929.189700357267,1288.08849468605,934.121971880352
135,-480.69133113257,365.930015727482,1.21976671909161,"gaussian","adaptive_sparse_group_lasso",1,0.1798091777836,0.5,TRUE,"identity",FALSE,0.436943029221009,"compound_symmetry","gaussian",0.2,1000,50,1e-06,1,"PGD",0.9,TRUE,10,1,TRUE,0.405304003300337,27,0.761655937789471,155.604180584524,4.38951289211362,200,1015.38266226514,962.905974140719,1116.98684284966,965.772175157254,1260.04141174646,969.807670039778
136,-484.71406457883,382.017652722771,1.27339217574257,"gaussian","adaptive_sparse_group_lasso",1,0.0751473739194103,0.5,TRUE,"identity",FALSE,0.356608820561963,"compound_symmetry","gaussian",0.2,1000,50,1e-06,1,"PGD",0.9,TRUE,10,1,TRUE,0.203974033510722,47,1.32584552133723,265.403024498056,7.48688109319364,200,1063.42812915766,972.079820200334,1234.83115365571,976.915010250853,1483.85206988347,983.939760601914
137,-474.72685125156,361.886872713645,1.20628957571215,"gaussian","adaptive_sparse_group_lasso",1,0.0691593568745304,0.5,TRUE,"identity",FALSE,0.30317247653479,"compound_symmetry","gaussian",0.2,1000,50,1e-06,1,"PGD",0.9,TRUE,10,1,TRUE,0.181105883013564,40,1.12837916709551,223.352712613437,6.30066369568184,200,1029.45370250312,951.710460837311,1172.80641511656,955.754366198802,1384.73910977848,961.732877135875
138,-471.069212540211,346.254723685915,1.15418241228638,"gaussian","adaptive_sparse_group_lasso",1,0.0678402766629106,0.5,TRUE,"identity",FALSE,0.391317932975071,"compound_symmetry","gaussian",0.2,1000,50,1e-06,1,"PGD",0.9,TRUE,10,1,TRUE,0.102868657043578,29,0.818074896144247,165.184121168538,4.65975802653899,200,1000.13842508042,943.774574872711,1107.32254624896,946.798183106962,1260.97374987885,951.13260353634
139,-474.481542445394,355.852964005029,1.18617654668343,"gaussian","adaptive_sparse_group_lasso",1,0.0565174413453537,0.5,TRUE,"identity",FALSE,0.369257128859414,"compound_symmetry","gaussian",0.2,1000,50,1e-06,1,"PGD",0.9,TRUE,10,1,TRUE,0.103970431556005,48,1.35405500051462,269.16660611885,7.59304977055784,200,1044.96308489079,951.671194891818,1218.12969100964,956.556134661346,1472.44892460394,963.730347785834
140,-477.789110458878,366.492132602869,1.22164044200956,"gaussian","adaptive_sparse_group_lasso",1,0.0985668471792271,0.5,TRUE,"identity",FALSE,0.335746688299105,"compound_symmetry","gaussian",0.2,1000,50,1e-06,1,"PGD",0.9,TRUE,10,1,TRUE,0.204027752725477,30,0.846284375321634,168.825443120973,4.76247782233435,200,1015.57822091776,957.2707896684,1124.40366403873,960.340698740091,1283.35318503517,964.824581942896
141,-454.933660537784,313.429541037476,1.04476513679159,"gaussian","adaptive_sparse_group_lasso",1,0.0361635385269724,0.5,TRUE,"identity",FALSE,0.35367864529398,"compound_symmetry","gaussian",0.2,1000,50,1e-06,1,"PGD",0.9,TRUE,10,1,TRUE,0.0623152001575182,62,1.74898770899804,350.850638238458,9.89731377376101,200,1033.86732107557,913.365296493564,1260.71795931403,919.764634849329,1589.21363604,929.031326801792
142,-479.341025559638,361.501983416328,1.20500661138776,"gaussian","adaptive_sparse_group_lasso",1,1.4227075855897,0.5,TRUE,"identity",FALSE,0.454250836073804,"compound_symmetry","gaussian",0.2,1000,50,1e-06,1,"PGD",0.9,TRUE,10,1,TRUE,0,0,0,0,0,200,958.682051119276,958.682051119276,958.682051119276,958.682051119276,958.682051119276,958.682051119276
143,-490.234158689725,390.80636300212,1.30268787667373,"gaussian","adaptive_sparse_group_lasso",1,0.146600037403713,0.5,TRUE,"identity",FALSE,0.425515399398581,"compound_symmetry","gaussian",0.2,1000,50,1e-06,1,"PGD",0.9,TRUE,10,1,TRUE,0.712520247742013,39,1.10016968791812,220.147218022993,6.21023836277949,200,1058.46831737945,982.668656755286,1200.61553540244,986.678555742229,1407.24991269782,992.507603905876
144,-471.23132565033,346.176649640447,1.15392216546816,"gaussian","adaptive_sparse_group_lasso",1,0.0215996535574317,0.5,TRUE,"identity",FALSE,0.397777927979337,"compound_symmetry","gaussian",0.2,1000,50,1e-06,1,"PGD",0.9,TRUE,10,1,TRUE,0.0144636405897705,46,1.29763604215984,262.725711652786,7.41135549223365,200,1034.46265130066,945.057923384979,1205.18836295344,949.874006792893,1448.91096181465,956.749294370527
145,-454.508514853791,316.015337100515,1.05338445700172,"gaussian","adaptive_sparse_group_lasso",1,0.0991710478053618,0.5,TRUE,"identity",FALSE,0.30621576121366,"compound_symmetry","gaussian",0.2,1000,50,1e-06,1,"PGD",0.9,TRUE,10,1,TRUE,0.146510405345428,21,0.592399062725144,121.964453926015,3.4405537234074,200,951.017029707582,910.201827833033,1030.9814836336,912.45758343099,1142.24614833111,915.596301672953
146,-469.584482728887,337.103328610849,1.12367776203616,"gaussian","adaptive_sparse_group_lasso",1,0.00946689703184414,0.5,TRUE,"identity",FALSE,0.48170385960292,"compound_symmetry","gaussian",0.2,1000,50,1e-06,1,"PGD",0.9,TRUE,10,1,TRUE,0.00904118158317065,129,3.63902281388303,734.286129163674,20.7138292708874,200,1197.16896545777,946.44701108554,1673.45509462145,959.882794728662,2356.93803490615,979.163492500723
147,-485.762195088341,382.291180712273,1.27430393570758,"gaussian","adaptive_sparse_group_lasso",1,2.52598287079538,0.5,TRUE,"identity",FALSE,0.386163454531886,"compound_symmetry","gaussian",0.2,1000,50,1e-06,1,"PGD",0.9,TRUE,10,1,TRUE,0,0,0,0,0,200,971.524390176683,971.524390176683,971.524390176683,971.524390176683,971.524390176683,971.524390176683
148,-470.123953382795,350.184369248638,1.16728123082879,"gaussian","adaptive_sparse_group_lasso",1,2.34154567080014,0.5,TRUE,"identity",FALSE,0.312082391997472,"compound_symmetry","gaussian",0.2,1000,50,1e-06,1,"PGD",0.9,TRUE,10,1,TRUE,0,0,0,0,0,200,940.247906765589,940.247906765589,940.247906765589,940.247906765589,940.247906765589,940.247906765589
149,-485.045466787686,377.085121773108,1.25695040591036,"gaussian","adaptive_sparse_group_lasso",1,0.109766372218552,0.5,TRUE,"identity",FALSE,0.431593569031851,"compound_symmetry","gaussian",0.2,1000,50,1e-06,1,"PGD",0.9,TRUE,10,1,TRUE,0.188689369021842,43,1.21300760462768,241.828477744814,6.82185540744172,200,1056.09093357537,972.516948784627,1211.91941132019,976.912788982814,1439.74705808175,983.339688240167
150,-477.017340733381,358.659997232853,1.19553332410951,"gaussian","adaptive_sparse_group_lasso",1,0.0987814288693527,0.5,TRUE,"identity",FALSE,0.413696050599747,"compound_symmetry","gaussian",0.2,1000,50,1e-06,1,"PGD",0.9,TRUE,10,1,TRUE,0.211680422342506,53,1.49510239640155,299.844158444082,8.4584475440897,200,1060.03468146676,957.024886259566,1253.87883991084,962.493129010852,1534.68966033789,970.414656002474
151,-484.707328987158,375.713925804361,1.2523797526812,"gaussian","adaptive_sparse_group_lasso",1,0.0241249658339347,0.5,TRUE,"identity",FALSE,0.439027192274374,"compound_symmetry","gaussian",0.2,1000,50,1e-06,1,"PGD",0.9,TRUE,10,1,TRUE,0.0213394523401713,44,1.24121708380506,250.153443396969,7.05669835265867,200,1057.41465797432,971.897092141927,1219.56810137129,976.471356326975,1452.6940654994,983.047718357756
152,-450.246788202401,300.640347158254,1.00213449052751,"gaussian","adaptive_sparse_group_lasso",1,0.129952063631267,0.5,TRUE,"identity",FALSE,0.403472912011938,"compound_symmetry","gaussian",0.2,1000,50,1e-06,1,"PGD",0.9,TRUE,10,1,TRUE,0.130035588107793,15,0.423142187660817,84.8074035465559,2.39237268443489,200,930.493576404801,901.339860780123,985.300979951357,902.885949089236,1064.77574044958,905.127890690639
153,-464.113095626741,320.095374356369,1.0669845811879,"gaussian","adaptive_sparse_group_lasso",1,0.15583447389829,0.5,TRUE,"identity",FALSE,0.57783734005286,"compound_symmetry","gaussian",0.2,1000,50,1e-06,1,"PGD",0.9,TRUE,10,1,TRUE,0.297642184646462,27,0.761655937789471,153.676854959151,4.33514404001662,200,982.226191253482,929.749503129061,1081.90304621263,932.561335293498,1224.95761510943,936.596830176023
154,-461.192872351388,324.666166162598,1.08222055387533,"gaussian","adaptive_sparse_group_lasso",1,0.00700508169867563,0.5,TRUE,"identity",FALSE,0.384172391823796,"compound_symmetry","gaussian",0.2,1000,50,1e-06,1,"PGD",0.9,TRUE,10,1,TRUE,0.00257541952926615,66,1.8618256257076,374.810380182184,10.5732056152181,200,1054.38574470278,926.10939595419,1297.19612488496,932.958950317993,1646.88507107713,942.823493364164
155,-488.589511823597,386.20437297748,1.28734790992493,"gaussian","adaptive_sparse_group_lasso",1,0.242547914724943,0.5,TRUE,"identity",FALSE,0.430166686443173,"compound_symmetry","gaussian",0.2,1000,50,1e-06,1,"PGD",0.9,TRUE,10,1,TRUE,0.385266220575982,15,0.423142187660817,83.8272316180707,2.36472254482803,200,1007.17902364719,978.025308022515,1061.00625526526,979.543746192022,1140.48101576348,981.785687793424
156,-459.283891529263,322.790198907463,1.07596732969154,"gaussian","adaptive_sparse_group_lasso",1,0.040325036168957,0.5,TRUE,"identity",FALSE,0.351748061539851,"compound_symmetry","gaussian",0.2,1000,50,1e-06,1,"PGD",0.9,TRUE,10,1,TRUE,0.0542942551635336,46,1.29763604215984,261.352265988284,7.37261130535961,200,1010.56778305853,921.163055142845,1179.92004904681,925.940394363885,1423.64264790802,932.815681941519
157,-475.503451729268,348.964497666325,1.16321499222108,"gaussian","adaptive_sparse_group_lasso",1,0.150827823846933,0.5,TRUE,"identity",FALSE,0.510789554774842,"compound_symmetry","gaussian",0.2,1000,50,1e-06,1,"PGD",0.9,TRUE,10,1,TRUE,0.0495238033070431,7,0.197466354241715,39.4541079989223,1.11297983805801,200,965.006903458535,951.401836167019,990.461011457458,952.119883296593,1027.54923302329,953.166122710581
158,-460.397903075266,327.761777137048,1.09253925712349,"gaussian","adaptive_sparse_group_lasso",1,0.0559603540111968,0.5,TRUE,"identity",FALSE,0.317609695664939,"compound_symmetry","gaussian",0.2,1000,50,1e-06,1,"PGD",0.9,TRUE,10,1,TRUE,0.0849614366737771,47,1.32584552133723,267.409817658558,7.54349168306816,200,1014.79580615053,923.447497193207,1188.20562380909,928.339297833601,1437.22654003685,935.364048184662
159,-470.375080043705,341.345447802101,1.13781815934034,"gaussian","adaptive_sparse_group_lasso",1,0.0539584809450981,0.5,TRUE,"identity",FALSE,0.441104736970206,"compound_symmetry","gaussian",0.2,1000,50,1e-06,1,"PGD",0.9,TRUE,10,1,TRUE,0.0887660759293873,48,1.35405500051462,273.051632680904,7.7026443464637,200,1036.75016008741,943.45827008844,1213.80179276831,948.452804433874,1468.12102636262,955.627017558362
160,-465.753832421859,337.327877967988,1.12442625989329,"gaussian","adaptive_sparse_group_lasso",1,0.0331576624323696,0.5,TRUE,"identity",FALSE,0.347611591486477,"compound_symmetry","gaussian",0.2,1000,50,1e-06,1,"PGD",0.9,TRUE,10,1,TRUE,0.0473184592482626,47,1.32584552133723,265.319590159194,7.48452745394886,200,1025.50766484372,934.159355886393,1196.82725500291,938.992192297667,1445.84817123067,946.016942648728
161,-444.85099743063,288.419583552886,0.961398611842954,"gaussian","adaptive_sparse_group_lasso",1,0.00439571077448326,0.5,TRUE,"identity",FALSE,0.432080268224883,"compound_symmetry","gaussian",0.2,1000,50,1e-06,1,"PGD",0.9,TRUE,10,1,TRUE,0.00119728528653796,89,2.51064364678752,505.423192444184,14.2577250230231,200,1067.70199486126,894.723282154836,1395.12518730544,903.959719884284,1866.67543292822,917.261906719272
162,-482.922636323546,368.102112024496,1.22700704008165,"gaussian","adaptive_sparse_group_lasso",1,0.0731354478734864,0.5,TRUE,"identity",FALSE,0.487257215246606,"compound_symmetry","gaussian",0.2,1000,50,1e-06,1,"PGD",0.9,TRUE,10,1,TRUE,0.158071917319419,45,1.26942656298245,250.893606435127,7.07757796647143,200,1055.84527264709,968.384125773057,1216.73887908222,972.922850613564,1455.16316057688,979.648675417771
163,-490.769873696915,401.203251369026,1.33734417123009,"gaussian","adaptive_sparse_group_lasso",1,3.42379730666379,0.5,TRUE,"identity",FALSE,0.31885895762162,"compound_symmetry","gaussian",0.2,1000,50,1e-06,1,"PGD",0.9,TRUE,10,1,TRUE,0,0,0,0,0,200,981.539747393829,981.539747393829,981.539747393829,981.539747393829,981.539747393829,981.539747393829
164,-467.748042962966,339.424637646464,1.13141545882155,"gaussian","adaptive_sparse_group_lasso",1,0.0623509921743299,0.5,TRUE,"identity",FALSE,0.380538674549539,"compound_symmetry","gaussian",0.2,1000,50,1e-06,1,"PGD",0.9,TRUE,10,1,TRUE,0.091393350755019,38,1.07196020874074,214.869317915871,6.06135154960728,200,1011.49608592593,937.640006343414,1150.3654038418,941.557437475539,1351.70146377063,947.237022865759
165,-455.208977451322,319.152182137938,1.06384060712646,"gaussian","adaptive_sparse_group_lasso",1,0.0977048143308552,0.5,TRUE,"identity",FALSE,0.28560323092791,"compound_symmetry","gaussian",0.2,1000,50,1e-06,1,"PGD",0.9,TRUE,10,1,TRUE,0.244460324433978,52,1.46689291722417,294.439148926619,8.30597504065324,200,1014.41795490264,913.351740737092,1204.85710382926,918.723929943297,1480.36960688976,926.495994161492
166,-453.144793842768,307.049424561565,1.02349808187188,"gaussian","adaptive_sparse_group_lasso",1,0.048722979406942,0.5,TRUE,"identity",FALSE,0.394620066009867,"compound_symmetry","gaussian",0.2,1000,50,1e-06,1,"PGD",0.9,TRUE,10,1,TRUE,0.0723939334249788,49,1.382264479692,275.638644796529,7.77562261087109,200,1004.28958768554,909.054116644919,1181.92823248206,914.065210296406,1441.54578344292,921.388886194321
167,-453.811492040018,307.485044753302,1.02495014917767,"gaussian","adaptive_sparse_group_lasso",1,0.0986721017316201,0.5,TRUE,"identity",FALSE,0.409820766971356,"compound_symmetry","gaussian",0.2,1000,50,1e-06,1,"PGD",0.9,TRUE,10,1,TRUE,0.0855682972983497,16,0.451351666838205,90.7441577870558,2.55984542956354,200,939.622984080036,908.525687413712,998.367141867092,910.182829509599,1083.14021973186,912.574233884429
168,-461.994410954185,324.126742780078,1.08042247593359,"gaussian","adaptive_sparse_group_lasso",1,0.0407534751454343,0.5,TRUE,"identity",FALSE,0.419312311369599,"compound_symmetry","gaussian",0.2,1000,50,1e-06,1,"PGD",0.9,TRUE,10,1,TRUE,0.0415019118037028,42,1.18479812545029,236.707972662425,6.67740862594237,200,1007.98882190837,926.358418159271,1160.6967945708,930.666230534313,1383.22612396581,936.943667018239
169,-479.360099787874,363.921078500838,1.21307026166946,"gaussian","adaptive_sparse_group_lasso",1,0.136716297801493,0.5,TRUE,"identity",FALSE,0.419150585256114,"compound_symmetry","gaussian",0.2,1000,50,1e-06,1,"PGD",0.9,TRUE,10,1,TRUE,0.471430564962145,35,0.987331771208573,198.826900093708,5.60880329809802,200,1028.72019957575,960.694863118165,1157.54709966946,964.329002873846,1342.98820749864,969.560199943785
170,-476.83045448885,363.08944148645,1.21029813828817,"gaussian","adaptive_sparse_group_lasso",1,0.036750645174491,0.5,TRUE,"identity",FALSE,0.348733532360745,"compound_symmetry","gaussian",0.2,1000,50,1e-06,1,"PGD",0.9,TRUE,10,1,TRUE,0.0487348127820213,52,1.46689291722417,297.071398158618,8.38022942055301,200,1057.6609089777,956.594694812147,1250.73230713632,962.041138398252,1526.24481019681,969.813202616447
171,-437.570082112296,279.882096028006,0.932940320093352,"gaussian","adaptive_sparse_group_lasso",1,0.0164970836527523,0.5,TRUE,"identity",FALSE,0.342251527608322,"compound_symmetry","gaussian",0.2,1000,50,1e-06,1,"PGD",0.9,TRUE,10,1,TRUE,0.0227269559868833,93,2.62348156349707,526.722901683746,14.8585787273009,200,1061.14016422459,880.387127351586,1401.86306590834,889.998742951893,1894.60658099731,903.898780880588
172,-488.257200773557,384.927166139892,1.28309055379964,"gaussian","adaptive_sparse_group_lasso",1,0.214382680453939,0.5,TRUE,"identity",FALSE,0.436015428241534,"compound_symmetry","gaussian",0.2,1000,50,1e-06,1,"PGD",0.9,TRUE,10,1,TRUE,0.66599446530849,34,0.959122292031186,192.344703653928,5.42594391260632,200,1044.51440154711,978.432646131176,1168.85910520104,981.94034545972,1349.00189566368,987.022079756232
173,-464.212788946513,332.050768446832,1.10683589482277,"gaussian","adaptive_sparse_group_lasso",1,0.0383672206792597,0.5,TRUE,"identity",FALSE,0.372890939116448,"compound_symmetry","gaussian",0.2,1000,50,1e-06,1,"PGD",0.9,TRUE,10,1,TRUE,0.0422803870162205,45,1.26942656298245,254.445925834853,7.17778704660944,200,1018.42557789303,930.964431018991,1182.87150372788,935.603364939635,1421.29578522254,942.329189743842
174,-467.202176077645,330.387769413179,1.1012925647106,"gaussian","adaptive_sparse_group_lasso",1,0.053787026307852,0.5,TRUE,"identity",FALSE,0.506901055796823,"compound_symmetry","gaussian",0.2,1000,50,1e-06,1,"PGD",0.9,TRUE,10,1,TRUE,0.0907134656631973,47,1.32584552133723,265.594689553165,7.4922878645748,200,1028.40435215529,937.056043197964,1199.99904170846,941.896640019864,1449.01995793621,948.921390370925
175,-481.889437001089,373.516537732335,1.24505512577445,"gaussian","adaptive_sparse_group_lasso",1,0.0557152288785992,0.5,TRUE,"identity",FALSE,0.373695126616038,"compound_symmetry","gaussian",0.2,1000,50,1e-06,1,"PGD",0.9,TRUE,10,1,TRUE,0.0989947914519564,38,1.07196020874074,215.20370509585,6.07078443779808,200,1039.77887400218,965.92279441966,1178.98257909803,969.849658439977,1380.31863902685,975.529243830196
176,-461.778265819367,328.840937783683,1.09613645927894,"gaussian","adaptive_sparse_group_lasso",1,0.0700254345985136,0.5,TRUE,"identity",FALSE,0.34305785912257,"compound_symmetry","gaussian",0.2,1000,50,1e-06,1,"PGD",0.9,TRUE,10,1,TRUE,0.208423079549731,45,1.26942656298245,256.418572486337,7.23343438124884,200,1013.55653163873,926.095384764698,1179.97510412507,930.789966019982,1418.39938561973,937.515790824189
177,-459.283040464007,325.924351054223,1.08641450351408,"gaussian","adaptive_sparse_group_lasso",1,0.0560981423393566,0.5,TRUE,"identity",FALSE,0.310116230336273,"compound_symmetry","gaussian",0.2,1000,50,1e-06,1,"PGD",0.9,TRUE,10,1,TRUE,0.0869904751263408,37,1.04375072956335,211.05439397017,5.95373453199771,200,992.566080928014,920.653582387141,1129.62047489818,924.519815460012,1325.65821746046,930.049938076805
178,-449.938975059043,297.75608917262,0.992520297242067,"gaussian","adaptive_sparse_group_lasso",1,0.0763079663372469,0.5,TRUE,"identity",FALSE,0.443162942169152,"compound_symmetry","gaussian",0.2,1000,50,1e-06,1,"PGD",0.9,TRUE,10,1,TRUE,0.118757981444541,28,0.789865416966859,158.934895400951,4.48347062237343,200,955.877950118086,901.457680952019,1058.81284551904,904.361420740459,1207.16573178238,908.54637839641
179,-456.295223995302,313.138267163851,1.0437942238795,"gaussian","adaptive_sparse_group_lasso",1,0.0511587612362659,0.5,TRUE,"identity",FALSE,0.401426710873235,"compound_symmetry","gaussian",0.2,1000,50,1e-06,1,"PGD",0.9,TRUE,10,1,TRUE,0.112097711471296,42,1.18479812545029,238.0063534907,6.71403527288189,200,996.590447990603,914.960044241504,1150.5968014813,919.304483263485,1373.12613087632,925.581919747412
180,-431.652516502826,276.593595922921,0.921978653076404,"gaussian","adaptive_sparse_group_lasso",1,0.0279297473894289,0.5,TRUE,"identity",FALSE,0.235481240839291,"compound_symmetry","gaussian",0.2,1000,50,1e-06,1,"PGD",0.9,TRUE,10,1,TRUE,0.0333782065250476,47,1.32584552133723,267.830296979798,7.5553531857252,200,957.305033005653,865.956724048327,1131.13532998545,870.860386191378,1380.15624621321,877.885136542439
181,-487.242127474902,387.968810368692,1.29322936789564,"gaussian","adaptive_sparse_group_lasso",1,2.36404980041429,0.5,TRUE,"identity",FALSE,0.363026023763221,"compound_symmetry","gaussian",0.2,1000,50,1e-06,1,"PGD",0.9,TRUE,10,1,TRUE,0,0,0,0,0,200,974.484254949803,974.484254949803,974.484254949803,974.484254949803,974.484254949803,974.484254949803
182,-463.443033075734,326.467862368215,1.08822620789405,"gaussian","adaptive_sparse_group_lasso",1,0.0203957543245233,0.5,TRUE,"identity",FALSE,0.432248955867866,"compound_symmetry","gaussian",0.2,1000,50,1e-06,1,"PGD",0.9,TRUE,10,1,TRUE,0.0205450735937977,50,1.41047395886939,283.554133294467,7.99891441883251,200,1026.88606615147,929.707014069206,1210.44019944593,934.8849805703,1475.35606777334,942.358119241642
183,-462.915079146689,335.661138962988,1.11887046320996,"gaussian","adaptive_sparse_group_lasso",1,0.0245928572603404,0.5,TRUE,"identity",FALSE,0.289244695882776,"compound_symmetry","gaussian",0.2,1000,50,1e-06,1,"PGD",0.9,TRUE,10,1,TRUE,0.0453322436766053,94,2.65169104267446,534.280941040867,15.0717870811675,200,1113.83015829338,931.133540378728,1460.11109933425,940.901945374546,1958.15293178976,954.951446076668
184,-477.588471403148,360.347420469232,1.20115806823077,"gaussian","adaptive_sparse_group_lasso",1,0.0591660613920498,0.5,TRUE,"identity",FALSE,0.409163644030193,"compound_symmetry","gaussian",0.2,1000,50,1e-06,1,"PGD",0.9,TRUE,10,1,TRUE,0.080192980191888,36,1.01554125038596,203.935643399214,5.75291828599732,200,1027.1769428063,957.208025307069,1159.11258620551,960.929861092294,1349.85201140124,966.31052093566
185,-488.633088940379,378.836572688839,1.26278857562946,"gaussian","adaptive_sparse_group_lasso",1,0.105907121426713,0.5,TRUE,"identity",FALSE,0.544654475619439,"compound_symmetry","gaussian",0.2,1000,50,1e-06,1,"PGD",0.9,TRUE,10,1,TRUE,0.153688388076268,32,0.90270333367641,181.114734660881,5.10915233613423,200,1041.26617788076,979.071584548111,1158.38091254164,982.375330216892,1327.92706827118,987.158138966551
186,-438.999818158723,284.47152593263,0.948238419775432,"gaussian","adaptive_sparse_group_lasso",1,0.0623688966455182,0.5,TRUE,"identity",FALSE,0.313454376218073,"compound_symmetry","gaussian",0.2,1000,50,1e-06,1,"PGD",0.9,TRUE,10,1,TRUE,0.118575818287804,65,1.83361614653021,368.001843118938,10.381140330704,200,1007.99963631745,881.666868610507,1246.00147943639,888.380776648151,1590.39210826201,898.095856920895
187,-481.804671694509,371.684721151229,1.2389490705041,"gaussian","adaptive_sparse_group_lasso",1,0.236923396150625,0.5,TRUE,"identity",FALSE,0.394761586649664,"compound_symmetry","gaussian",0.2,1000,50,1e-06,1,"PGD",0.9,TRUE,10,1,TRUE,0.354496257736929,17,0.479561146015593,96.3441902590813,2.71781942897584,200,997.609343389019,964.56846568105,1059.9535336481,966.327162817995,1150.02492887942,968.868029966251
188,-456.543555696324,320.99002283608,1.06996674278693,"gaussian","adaptive_sparse_group_lasso",1,0.107020385683918,0.5,TRUE,"identity",FALSE,0.297963743134935,"compound_symmetry","gaussian",0.2,1000,50,1e-06,1,"PGD",0.9,TRUE,10,1,TRUE,0.223559800000571,31,0.874493854499022,175.482140307525,4.95025978300859,200,975.087111392648,914.836099101646,1088.56925170017,918.037371175656,1252.81709006316,922.670717151888
189,-467.563533468783,333.473216862076,1.11157738954025,"gaussian","adaptive_sparse_group_lasso",1,0.114316998253994,0.5,TRUE,"identity",FALSE,0.466513534144099,"compound_symmetry","gaussian",0.2,1000,50,1e-06,1,"PGD",0.9,TRUE,10,1,TRUE,0.246393880378211,33,0.930912812853798,187.859340529147,5.29941415493477,200,1001.12706693757,936.988892563274,1122.98640746671,940.426481092501,1297.8308805628,945.358752615586
190,-472.124032634879,342.876318976846,1.14292106325615,"gaussian","adaptive_sparse_group_lasso",1,0.132147085284981,0.5,TRUE,"identity",FALSE,0.481413272737704,"compound_symmetry","gaussian",0.2,1000,50,1e-06,1,"PGD",0.9,TRUE,10,1,TRUE,0.227565895749328,22,0.620608541902532,125.607712534284,3.5433281512552,200,988.248065269758,945.489282353563,1069.85577780404,947.791393421013,1186.4187598681,951.079574436403
191,-464.90653965046,333.720656718215,1.11240218906072,"gaussian","adaptive_sparse_group_lasso",1,0.0998049494218563,0.5,TRUE,"identity",FALSE,0.371043628599178,"compound_symmetry","gaussian",0.2,1000,50,1e-06,1,"PGD",0.9,TRUE,10,1,TRUE,0.0816533767853818,21,0.592399062725144,120.402354264222,3.39648770552503,200,971.81307930092,930.99787742637,1050.21543356514,933.209567006445,1161.48009826265,936.348285248408
192,-463.772171289604,329.858013383338,1.09952671127779,"gaussian","adaptive_sparse_group_lasso",1,0.0720139909125284,0.5,TRUE,"identity",FALSE,0.390657352190711,"compound_symmetry","gaussian",0.2,1000,50,1e-06,1,"PGD",0.9,TRUE,10,1,TRUE,0.106778779558881,36,1.01554125038596,205.408406787649,5.79446417413659,200,999.544342579208,929.57542507998,1132.95274936686,933.338806753344,1323.69217456259,938.71946659671
193,-463.282380074517,324.187029639975,1.08062343213325,"gaussian","adaptive_sparse_group_lasso",1,0.0522652312922511,0.5,TRUE,"identity",FALSE,0.464821787596118,"compound_symmetry","gaussian",0.2,1000,50,1e-06,1,"PGD",0.9,TRUE,10,1,TRUE,0.0959434169271761,51,1.43868343804678,291.030172296682,8.20980958539484,200,1028.56476014903,929.442127025128,1217.59493244572,934.774569734429,1487.80911813967,942.397171179197
194,-462.375189158946,326.897220600519,1.08965740200173,"gaussian","adaptive_sparse_group_lasso",1,0.0290636972779102,0.5,TRUE,"identity",FALSE,0.389203601125386,"compound_symmetry","gaussian",0.2,1000,50,1e-06,1,"PGD",0.9,TRUE,10,1,TRUE,0.0284938784838309,48,1.35405500051462,273.485990757144,7.71489736157093,200,1020.75037831789,927.458488318921,1198.23636907504,932.465275679463,1452.55560266934,939.639488803951
195,-497.613180601629,401.756988621766,1.33918996207255,"gaussian","adaptive_sparse_group_lasso",1,0.129798838606881,0.5,TRUE,"identity",FALSE,0.551946373563831,"compound_symmetry","gaussian",0.2,1000,50,1e-06,1,"PGD",0.9,TRUE,10,1,TRUE,0.36815624761523,36,1.01554125038596,206.009917199919,5.81143246958649,200,1067.22636120326,997.25744370403,1201.23627840318,1001.03779367284,1391.97570359891,1006.41845351621
196,-461.589770329991,321.680924888325,1.07226974962775,"gaussian","adaptive_sparse_group_lasso",1,0.108432468654342,0.5,TRUE,"identity",FALSE,0.445266271072905,"compound_symmetry","gaussian",0.2,1000,50,1e-06,1,"PGD",0.9,TRUE,10,1,TRUE,0.215178466349777,25,0.705236979434695,142.236094820682,4.01240615511699,200,973.179540659982,924.590014618851,1065.41563548066,927.191946815099,1197.87356964436,930.928516150769
197,-467.541733950915,334.540178494986,1.11513392831662,"gaussian","adaptive_sparse_group_lasso",1,1.36344235243128,0.5,TRUE,"identity",FALSE,0.447905772486259,"compound_symmetry","gaussian",0.2,1000,50,1e-06,1,"PGD",0.9,TRUE,10,1,TRUE,0,0,0,0,0,200,935.08346790183,935.08346790183,935.08346790183,935.08346790183,935.08346790183,935.08346790183
198,-465.999846188026,334.846600997674,1.11615533665891,"gaussian","adaptive_sparse_group_lasso",1,0.024038535229552,0.5,TRUE,"identity",FALSE,0.38987756187362,"compound_symmetry","gaussian",0.2,1000,50,1e-06,1,"PGD",0.9,TRUE,10,1,TRUE,0.0276952855971443,57,1.60794031311111,326.528723037548,9.21120521334674,200,1045.99969237605,935.215573002273,1258.5284154136,941.210897589398,1560.53250530684,949.730275674727
199,-461.075088504239,321.3685958199,1.071228652733,"gaussian","adaptive_sparse_group_lasso",1,0.0514329714534373,0.5,TRUE,"identity",FALSE,0.432017361160039,"compound_symmetry","gaussian",0.2,1000,50,1e-06,1,"PGD",0.9,TRUE,10,1,TRUE,0.0675697996620596,38,1.07196020874074,215.902086510932,6.09048541378472,200,998.150177008478,924.294097425959,1138.05226351941,928.240662422263,1339.38832344824,933.920247812482
200,-451.634221199367,305.725244775228,1.01908414925076,"gaussian","adaptive_sparse_group_lasso",1,0.00968619213213406,0.5,TRUE,"identity",FALSE,0.366988340840799,"compound_symmetry","gaussian",0.2,1000,50,1e-06,1,"PGD",0.9,TRUE,10,1,TRUE,0.00550510285942996,70,1.97466354241715,396.294275358728,11.17925510885,200,1043.26844239873,907.217769483568,1299.56271775746,914.447697507584,1670.44493341582,924.910091647462
201,-811.447071307864,641.011165623425,1.28202233124685,"gaussian","adaptive_sparse_group_lasso",1,0.0837627111272004,0.5,TRUE,"identity",FALSE,0.39269710810513,"compound_symmetry","gaussian",0.2,1000,50,1e-06,1,"PGD",0.9,TRUE,10,1,TRUE,0.0952041848254323,23,0.64881802107992,142.870085346992,4.03029069766758,200,1668.89414261573,1624.19177865789,1765.76422796272,1626.9244333134,1887.62552739333,1630.36207710221
202,-784.696644640712,565.133517233925,1.13026703446785,"gaussian","adaptive_sparse_group_lasso",1,0.0720615738494876,0.5,TRUE,"identity",FALSE,0.495693410366798,"compound_symmetry","gaussian",0.2,1000,50,1e-06,1,"PGD",0.9,TRUE,10,1,TRUE,0.186766023816429,46,1.29763604215984,284.009858480858,8.01177018898862,200,1661.39328928142,1571.98856136574,1853.40314776228,1577.40505947041,2097.12574662349,1584.28034704805
203,-790.780630819645,590.008771161089,1.18001754232218,"gaussian","adaptive_sparse_group_lasso",1,1.73633090054771,0.5,TRUE,"identity",FALSE,0.393899328156135,"compound_symmetry","gaussian",0.2,1000,50,1e-06,1,"PGD",0.9,TRUE,10,1,TRUE,0,0,0,0,0,200,1581.56126163929,1581.56126163929,1581.56126163929,1581.56126163929,1581.56126163929,1581.56126163929
204,-806.950277357903,630.612212906966,1.26122442581393,"gaussian","adaptive_sparse_group_lasso",1,0.026774113024213,0.5,TRUE,"identity",FALSE,0.384724389326403,"compound_symmetry","gaussian",0.2,1000,50,1e-06,1,"PGD",0.9,TRUE,10,1,TRUE,0.0359393827588069,61,1.72077822982066,378.54910288915,10.6786730355703,200,1735.90055471581,1617.34211117545,1992.44965760495,1624.57922775138,2315.64701696438,1633.69645693041
205,-796.678778478916,606.075429655312,1.21215085931062,"gaussian","adaptive_sparse_group_lasso",1,0.0245873312737554,0.5,TRUE,"identity",FALSE,0.377988726868022,"compound_symmetry","gaussian",0.2,1000,50,1e-06,1,"PGD",0.9,TRUE,10,1,TRUE,0.0299179236540337,89,2.51064364678752,551.886643560093,15.5684347797869,200,1771.35755695783,1598.37884425141,2145.24420051793,1608.92599173762,2616.7944461407,1622.22817857261
206,-735.953911932157,480.554122114407,0.961108244228814,"gaussian","adaptive_sparse_group_lasso",1,0.0298651292077397,0.5,TRUE,"identity",FALSE,0.328906262183016,"compound_symmetry","gaussian",0.2,1000,50,1e-06,1,"PGD",0.9,TRUE,10,1,TRUE,0.0379940881753143,53,1.49510239640155,327.70194874722,9.2443012995741,200,1577.90782386431,1474.89802865712,1799.60977261153,1481.15212516389,2080.42059303858,1489.07365215551
207,-776.6681084003,565.883342167624,1.13176668433525,"gaussian","adaptive_sparse_group_lasso",1,0.0240179278621689,0.5,TRUE,"identity",FALSE,0.326377611229553,"compound_symmetry","gaussian",0.2,1000,50,1e-06,1,"PGD",0.9,TRUE,10,1,TRUE,0.0236620495350985,67,1.89003510488498,414.011600228616,11.6790516158462,200,1687.3362168006,1557.11628701037,1967.34781702922,1565.01526841645,2322.33508058793,1575.02927423604
208,-762.168451791387,525.92924122604,1.05185848245208,"gaussian","adaptive_sparse_group_lasso",1,0.0305996740904636,0.5,TRUE,"identity",FALSE,0.396484251884794,"compound_symmetry","gaussian",0.2,1000,50,1e-06,1,"PGD",0.9,TRUE,10,1,TRUE,0.0449620040392922,66,1.8618256257076,407.54812320186,11.4967202952464,200,1656.33690358277,1528.06055483419,1931.88502678464,1535.83362387802,2281.57397297681,1545.69816692419
209,-758.878410982369,513.351366781354,1.02670273356271,"gaussian","adaptive_sparse_group_lasso",1,0.0429389951156989,0.5,TRUE,"identity",FALSE,0.454469379392693,"compound_symmetry","gaussian",0.2,1000,50,1e-06,1,"PGD",0.9,TRUE,10,1,TRUE,0.0422388148579761,46,1.29763604215984,287.988821064185,8.12401465113059,200,1609.75682196474,1520.35209404906,1805.74564302892,1525.88083661587,2049.46824189013,1532.7561241935
210,-748.514000357434,492.030587671558,0.984061175343116,"gaussian","adaptive_sparse_group_lasso",1,0.0227907946874167,0.5,TRUE,"identity",FALSE,0.459829164712273,"compound_symmetry","gaussian",0.2,1000,50,1e-06,1,"PGD",0.9,TRUE,10,1,TRUE,0.0194815488483788,53,1.49510239640155,327.488097964238,9.2382686803645,200,1603.02800071487,1500.01820550767,1824.51609867911,1506.26626939523,2105.32691910615,1514.18779638686
211,-774.662529617763,551.176776715537,1.10235355343107,"gaussian","adaptive_sparse_group_lasso",1,0.0679125195386211,0.5,TRUE,"identity",FALSE,0.412051816999364,"compound_symmetry","gaussian",0.2,1000,50,1e-06,1,"PGD",0.9,TRUE,10,1,TRUE,0.077908863691257,34,0.959122292031186,211.555513679834,5.96787085801285,200,1617.32505923553,1551.24330381959,1760.88057291536,1555.29293009354,1941.02336337799,1560.37466439005
212,-772.95425523312,546.803047571967,1.09360609514393,"gaussian","adaptive_sparse_group_lasso",1,0.0188113411514589,0.5,TRUE,"identity",FALSE,0.417890553069692,"compound_symmetry","gaussian",0.2,1000,50,1e-06,1,"PGD",0.9,TRUE,10,1,TRUE,0.0213373371383067,76,2.14392041748147,469.757501639688,13.2516144609265,200,1697.90851046624,1550.1963513012,2015.66601210593,1559.16012492717,2418.33813196358,1570.51929570761
213,-741.845596490694,481.034037343891,0.962068074687783,"gaussian","adaptive_sparse_group_lasso",1,0.0210953843175333,0.5,TRUE,"identity",FALSE,0.437497469796776,"compound_symmetry","gaussian",0.2,1000,50,1e-06,1,"PGD",0.9,TRUE,10,1,TRUE,0.00612467897277492,23,0.64881802107992,142.518296429476,4.02036691552409,200,1529.69119298139,1484.98882902355,1626.20948941086,1487.71155989691,1748.07078884147,1491.14920368573
214,-775.392182615182,571.005751291534,1.14201150258307,"gaussian","adaptive_sparse_group_lasso",1,0.0558629534114154,0.5,TRUE,"identity",FALSE,0.270248718337002,"compound_symmetry","gaussian",0.2,1000,50,1e-06,1,"PGD",0.9,TRUE,10,1,TRUE,0.0819632686094306,41,1.1565886462729,253.287842714383,7.14511812493685,200,1632.78436523036,1553.09754252291,1804.07220794475,1557.9294833553,2021.30321997322,1564.0574570658
215,-794.687598188694,601.525084562889,1.20305016912578,"gaussian","adaptive_sparse_group_lasso",1,0.0498884353971405,0.5,TRUE,"identity",FALSE,0.375944882637289,"compound_symmetry","gaussian",0.2,1000,50,1e-06,1,"PGD",0.9,TRUE,10,1,TRUE,0.0694605010355641,38,1.07196020874074,235.736428449895,6.65000186970908,200,1665.37519637739,1591.51911679487,1825.11162482728,1596.0251982471,2026.44768475611,1601.70478363732
216,-744.2294609333,488.337182351878,0.976674364703757,"gaussian","adaptive_sparse_group_lasso",1,0.0282885871815889,0.5,TRUE,"identity",FALSE,0.408567421881187,"compound_symmetry","gaussian",0.2,1000,50,1e-06,1,"PGD",0.9,TRUE,10,1,TRUE,0.0245833760175518,36,1.01554125038596,220.421826288415,6.21798491892484,200,1560.4589218666,1490.49000436737,1708.88074815502,1494.67690678553,1899.62017335075,1500.05756662889
217,-777.534317683555,562.166220921678,1.12433244184336,"gaussian","adaptive_sparse_group_lasso",1,0.0278731675851366,0.5,TRUE,"identity",FALSE,0.371480377571536,"compound_symmetry","gaussian",0.2,1000,50,1e-06,1,"PGD",0.9,TRUE,10,1,TRUE,0.0250949518388172,51,1.43868343804678,316.53291063711,8.92922855157551,200,1657.06863536711,1557.9460022432,1871.60154600422,1563.99786391869,2141.81573169817,1571.62046536345
218,-781.747637937663,563.183730422829,1.12636746084566,"gaussian","adaptive_sparse_group_lasso",1,0.0181062861986863,0.5,TRUE,"identity",FALSE,0.448028261003709,"compound_symmetry","gaussian",0.2,1000,50,1e-06,1,"PGD",0.9,TRUE,10,1,TRUE,0.0142475846599971,64,1.80540666735282,395.562777310089,11.1586199298787,200,1691.49527587533,1567.10608921003,1959.05805318542,1574.65389580521,2298.15036464449,1584.21951330452
219,-760.226827707629,517.894060890975,1.03578812178195,"gaussian","adaptive_sparse_group_lasso",1,0.0870759052834823,0.5,TRUE,"identity",FALSE,0.435845866669734,"compound_symmetry","gaussian",0.2,1000,50,1e-06,1,"PGD",0.9,TRUE,10,1,TRUE,0.140626700185611,31,0.874493854499022,189.496373822878,5.34559401154699,200,1582.45365541526,1522.20264312426,1709.95002923814,1525.7992494268,1874.19786760112,1530.43259540304
220,-773.280769851635,558.522743785651,1.1170454875713,"gaussian","adaptive_sparse_group_lasso",1,0.0262632146107528,0.5,TRUE,"identity",FALSE,0.324434584414418,"compound_symmetry","gaussian",0.2,1000,50,1e-06,1,"PGD",0.9,TRUE,10,1,TRUE,0.0273696141747806,59,1.66435927146588,364.93946319138,10.2947521879043,200,1664.56153970327,1549.8902582462,1911.50100289465,1556.85629189118,2224.10172752099,1565.67459552336
221,-785.372306536676,570.868649866668,1.14173729973334,"gaussian","adaptive_sparse_group_lasso",1,0.00900817730245205,0.5,TRUE,"identity",FALSE,0.453234127104434,"compound_symmetry","gaussian",0.2,1000,50,1e-06,1,"PGD",0.9,TRUE,10,1,TRUE,0.00473612331026519,92,2.59527208431968,568.655777245872,16.0414833073187,200,1754.74461307335,1575.93515724199,2139.40039031922,1586.78609638067,2626.84558804164,1600.53667153594
222,-798.228554719518,606.401546465011,1.21280309293002,"gaussian","adaptive_sparse_group_lasso",1,0.181985197120629,0.5,TRUE,"identity",FALSE,0.405829091934197,"compound_symmetry","gaussian",0.2,1000,50,1e-06,1,"PGD",0.9,TRUE,10,1,TRUE,0.332228985357025,18,0.507770625192981,110.049588030395,3.10444156202353,200,1632.45710943904,1597.47265068942,1706.50669746943,1599.56155100106,1801.87641006729,1602.25188092274
223,-785.347737111289,574.843672567514,1.14968734513503,"gaussian","adaptive_sparse_group_lasso",1,0.0301265578889264,0.5,TRUE,"identity",FALSE,0.415639918848478,"compound_symmetry","gaussian",0.2,1000,50,1e-06,1,"PGD",0.9,TRUE,10,1,TRUE,0.0517244838015273,79,2.22854885501364,487.335871977493,13.7474911329432,200,1728.69547422258,1575.15257193261,2058.03134620007,1584.44296535552,2476.59841815737,1596.25052445624
224,-775.53880780781,546.897327720351,1.0937946554407,"gaussian","adaptive_sparse_group_lasso",1,0.0111077629489164,0.5,TRUE,"identity",FALSE,0.473307359737369,"compound_symmetry","gaussian",0.2,1000,50,1e-06,1,"PGD",0.9,TRUE,10,1,TRUE,0.00692370984888774,90,2.5388531259649,557.250924463805,15.7197583502418,200,1731.07761561562,1556.15532186755,2108.32854007943,1566.79737396586,2585.17710306875,1580.24902357428
225,-784.896628362552,573.371219573862,1.14674243914772,"gaussian","adaptive_sparse_group_lasso",1,0.0448962458682719,0.5,TRUE,"identity",FALSE,0.419575454540536,"compound_symmetry","gaussian",0.2,1000,50,1e-06,1,"PGD",0.9,TRUE,10,1,TRUE,0.0734633429020345,37,1.04375072956335,224.386766873228,6.32983382779171,200,1643.7932567251,1571.88075818423,1794.18002359833,1576.12309055289,1990.21776616061,1581.65321316969
226,-773.922242011968,543.602434099415,1.08720486819883,"gaussian","adaptive_sparse_group_lasso",1,0.0454272586800655,0.5,TRUE,"identity",FALSE,0.470885455683588,"compound_symmetry","gaussian",0.2,1000,50,1e-06,1,"PGD",0.9,TRUE,10,1,TRUE,0.0512865763485043,44,1.24121708380506,274.744037816192,7.75038621388732,200,1635.84448402394,1550.32691819155,1822.58852184013,1555.59487023782,2055.71448596824,1562.1712322686
227,-760.115031705436,520.115801513976,1.04023160302795,"gaussian","adaptive_sparse_group_lasso",1,0.0475420673272476,0.5,TRUE,"identity",FALSE,0.41110086301464,"compound_symmetry","gaussian",0.2,1000,50,1e-06,1,"PGD",0.9,TRUE,10,1,TRUE,0.0531309774720585,48,1.35405500051462,296.65772960087,8.36856004598688,200,1616.23006341087,1522.9381734119,1816.88779301174,1528.59862345686,2071.20702660605,1535.77283658135
228,-791.246997190624,592.098516811924,1.18419703362385,"gaussian","adaptive_sparse_group_lasso",1,0.022503838070098,0.5,TRUE,"identity",FALSE,0.385718893449134,"compound_symmetry","gaussian",0.2,1000,50,1e-06,1,"PGD",0.9,TRUE,10,1,TRUE,0.024728255948578,68,1.91824458406237,423.33163405364,11.9419649159657,200,1718.49399438125,1586.33048354937,2005.82562843489,1594.43595929721,2366.11120936015,1604.59942789024
229,-762.132145224005,521.69318499708,1.04338636999416,"gaussian","adaptive_sparse_group_lasso",1,0.029100245189914,0.5,TRUE,"identity",FALSE,0.437522084356758,"compound_symmetry","gaussian",0.2,1000,50,1e-06,1,"PGD",0.9,TRUE,10,1,TRUE,0.0280207637244099,46,1.29763604215984,284.58013132427,8.02785728889029,200,1616.26429044801,1526.85956253233,1808.84442177228,1532.2921477369,2052.56702063349,1539.16743531454
230,-785.894384452543,576.336544334115,1.15267308866823,"gaussian","adaptive_sparse_group_lasso",1,0.0423065557177116,0.5,TRUE,"identity",FALSE,0.413545277575406,"compound_symmetry","gaussian",0.2,1000,50,1e-06,1,"PGD",0.9,TRUE,10,1,TRUE,0.0441958568328432,38,1.07196020874074,236.65628916768,6.67595066147354,200,1647.78876890509,1573.93268932257,1808.44505807277,1578.46471956656,2009.78111800159,1584.14430495678
231,-794.001005105244,590.783248293789,1.18156649658758,"gaussian","adaptive_sparse_group_lasso",1,0.0965414498340195,0.5,TRUE,"identity",FALSE,0.454478898206859,"compound_symmetry","gaussian",0.2,1000,50,1e-06,1,"PGD",0.9,TRUE,10,1,TRUE,0.206767633169923,31,0.874493854499022,191.107090019617,5.39103147655956,200,1650.00201021049,1589.75099791949,1779.10910023011,1593.39304168705,1943.35693859309,1598.02638766328
232,-786.658724183846,579.117118372876,1.15823423674575,"gaussian","adaptive_sparse_group_lasso",1,0.0231736162324595,0.5,TRUE,"identity",FALSE,0.404608122238496,"compound_symmetry","gaussian",0.2,1000,50,1e-06,1,"PGD",0.9,TRUE,10,1,TRUE,0.0197507650169024,43,1.21300760462768,264.137521912412,7.45118192435501,200,1659.31744836769,1575.74346357695,1837.45497028011,1580.76863029205,2065.28261704167,1587.1955295494
233,-770.700419970206,558.481283233037,1.11696256646607,"gaussian","adaptive_sparse_group_lasso",1,0.0619071837937282,0.5,TRUE,"identity",FALSE,0.283096245401131,"compound_symmetry","gaussian",0.2,1000,50,1e-06,1,"PGD",0.9,TRUE,10,1,TRUE,0.129173692171337,63,1.77719718817543,389.726525597585,10.9939823087208,200,1667.40083994041,1544.95523431676,1931.127365538,1552.39482224913,2264.92135963052,1561.81097697502
234,-771.720398383621,536.79498288618,1.07358996577236,"gaussian","adaptive_sparse_group_lasso",1,0.0207246912204211,0.5,TRUE,"identity",FALSE,0.49296421335076,"compound_symmetry","gaussian",0.2,1000,50,1e-06,1,"PGD",0.9,TRUE,10,1,TRUE,0.0158306825110325,56,1.57973083393372,345.989797937075,9.76019200049454,200,1655.44079676724,1546.60025843511,1889.43059470432,1553.20098876774,2186.13636723101,1561.57090407964
235,-785.833440308039,571.791440203807,1.14358288040761,"gaussian","adaptive_sparse_group_lasso",1,0.0641747018744146,0.5,TRUE,"identity",FALSE,0.454504554135541,"compound_symmetry","gaussian",0.2,1000,50,1e-06,1,"PGD",0.9,TRUE,10,1,TRUE,0.146255903229706,64,1.80540666735282,399.014159398414,11.2559816210325,200,1699.66688061608,1575.27769395078,1970.68104001449,1582.92286223711,2309.77335147357,1592.48847973643
236,-779.588911925429,562.636486933824,1.12527297386765,"gaussian","adaptive_sparse_group_lasso",1,0.0187075698790867,0.5,TRUE,"identity",FALSE,0.407602927063652,"compound_symmetry","gaussian",0.2,1000,50,1e-06,1,"PGD",0.9,TRUE,10,1,TRUE,0.00959527689980506,37,1.04375072956335,227.649495864024,6.42187371331902,200,1633.17782385086,1561.26532530999,1786.82731971488,1565.59969756418,1982.86506227716,1571.12982018097
237,-759.671161332095,518.986139343746,1.03797227868749,"gaussian","adaptive_sparse_group_lasso",1,0.0151481353247917,0.5,TRUE,"identity",FALSE,0.413143326981112,"compound_symmetry","gaussian",0.2,1000,50,1e-06,1,"PGD",0.9,TRUE,10,1,TRUE,0.0125314776427624,73,2.05929197994931,452.091027332494,12.7532524218198,200,1665.34232266419,1523.46090662409,1971.43334999668,1532.09557508601,2358.21051775469,1543.00635754617
238,-755.081168451896,510.535373492579,1.02107074698516,"gaussian","adaptive_sparse_group_lasso",1,0.0567227729473597,0.5,TRUE,"identity",FALSE,0.403270587910205,"compound_symmetry","gaussian",0.2,1000,50,1e-06,1,"PGD",0.9,TRUE,10,1,TRUE,0.0763574695683163,34,0.959122292031186,211.487873925916,5.96596277578315,200,1578.16233690379,1512.08058148786,1721.65021082971,1516.12829967958,1901.79300129234,1521.21003397609
239,-739.744845816233,489.942035493054,0.979884070986108,"gaussian","adaptive_sparse_group_lasso",1,0.00851836278099134,0.5,TRUE,"identity",FALSE,0.311333140425138,"compound_symmetry","gaussian",0.2,1000,50,1e-06,1,"PGD",0.9,TRUE,10,1,TRUE,0.00193258880646356,44,1.24121708380506,272.034965113093,7.67396468387921,200,1567.48969163247,1481.97212580008,1751.52465674556,1487.16365631635,1984.65062087367,1493.74001834713
240,-775.816356509888,553.942719946026,1.10788543989205,"gaussian","adaptive_sparse_group_lasso",1,0.0415002719486602,0.5,TRUE,"identity",FALSE,0.410056696162897,"compound_symmetry","gaussian",0.2,1000,50,1e-06,1,"PGD",0.9,TRUE,10,1,TRUE,0.0426429176921727,43,1.21300760462768,266.622968751619,7.52129508521212,200,1637.63271301978,1554.05872822903,1818.2556817714,1559.15400810499,2046.08332853296,1565.58090736234
241,-766.995437026293,535.148074013067,1.07029614802613,"gaussian","adaptive_sparse_group_lasso",1,0.0263594067557615,0.5,TRUE,"identity",FALSE,0.406165232585493,"compound_symmetry","gaussian",0.2,1000,50,1e-06,1,"PGD",0.9,TRUE,10,1,TRUE,0.023917990184097,47,1.32584552133723,292.200370247824,8.24282026013099,200,1627.99087405259,1536.64256509526,1826.19124430041,1542.23369431272,2075.21216052817,1549.25844466378
242,-787.559949156625,576.197084839989,1.15239416967998,"gaussian","adaptive_sparse_group_lasso",1,0.162580995304619,0.5,TRUE,"identity",FALSE,0.450254467194471,"compound_symmetry","gaussian",0.2,1000,50,1e-06,1,"PGD",0.9,TRUE,10,1,TRUE,0.262014809534373,14,0.394932708483429,85.2221914420689,2.4040736349364,200,1603.11989831325,1575.90976373022,1660.34208975532,1577.52397194819,1734.51853288699,1579.61645077616
243,-757.667145010271,517.307529000246,1.03461505800049,"gaussian","adaptive_sparse_group_lasso",1,0.0412156036346549,0.5,TRUE,"identity",FALSE,0.389209583278439,"compound_symmetry","gaussian",0.2,1000,50,1e-06,1,"PGD",0.9,TRUE,10,1,TRUE,0.05123358608934,48,1.35405500051462,296.356275265365,8.36005617618654,200,1611.33429002054,1518.04240002157,1811.69056528591,1523.69434619673,2066.00979888021,1530.86855932122
244,-774.397268768131,554.47786860201,1.10895573720402,"gaussian","adaptive_sparse_group_lasso",1,0.0363196898728265,0.5,TRUE,"identity",FALSE,0.377279522545941,"compound_symmetry","gaussian",0.2,1000,50,1e-06,1,"PGD",0.9,TRUE,10,1,TRUE,0.036914743529091,52,1.46689291722417,322.76058510886,9.10490800490989,200,1652.79453753626,1551.72832337071,1871.55512264512,1557.89944554117,2147.06762570562,1565.67150975937
245,-767.820797456543,542.408828486242,1.08481765697248,"gaussian","adaptive_sparse_group_lasso",1,0.0435288978367933,0.5,TRUE,"identity",FALSE,0.357196040867986,"compound_symmetry","gaussian",0.2,1000,50,1e-06,1,"PGD",0.9,TRUE,10,1,TRUE,0.0502612797527393,36,1.01554125038596,223.101544099489,6.29357836271761,200,1607.64159491309,1537.67267741386,1758.74313901257,1541.9351732758,1949.4825642083,1547.31583311917
246,-790.753904742908,578.100695020588,1.15620139004118,"gaussian","adaptive_sparse_group_lasso",1,0.0623192564637965,0.5,TRUE,"identity",FALSE,0.504956184115252,"compound_symmetry","gaussian",0.2,1000,50,1e-06,1,"PGD",0.9,TRUE,10,1,TRUE,0.0781541537151073,50,1.41047395886939,309.334343950152,8.72616073451272,200,1681.50780948582,1584.32875740356,1890.84215343597,1590.23397022033,2155.75802176337,1597.70710889167
247,-790.260638218525,581.980112549056,1.16396022509811,"gaussian","adaptive_sparse_group_lasso",1,0.0345390477363665,0.5,TRUE,"identity",FALSE,0.454764262998871,"compound_symmetry","gaussian",0.2,1000,50,1e-06,1,"PGD",0.9,TRUE,10,1,TRUE,0.0448614024165402,62,1.74898770899804,384.103302059612,10.8353541014165,200,1704.52127643705,1584.01925185505,1964.62457849666,1591.35663053847,2293.12025522264,1600.62332249093
248,-769.63706410703,536.335579952072,1.07267115990414,"gaussian","adaptive_sparse_group_lasso",1,0.02040083084974,0.5,TRUE,"identity",FALSE,0.450244430594419,"compound_symmetry","gaussian",0.2,1000,50,1e-06,1,"PGD",0.9,TRUE,10,1,TRUE,0.0167906620518457,59,1.66435927146588,364.910905840617,10.2939465999126,200,1657.27412821406,1542.60284675699,1904.18503405468,1549.56807481397,2216.78575868101,1558.38637844616
249,-796.190736148949,589.224546691005,1.17844909338201,"gaussian","adaptive_sparse_group_lasso",1,0.142912687478455,0.5,TRUE,"identity",FALSE,0.52143822187563,"compound_symmetry","gaussian",0.2,1000,50,1e-06,1,"PGD",0.9,TRUE,10,1,TRUE,0.118823814090754,17,0.479561146015593,104.597576840089,2.95064316587571,200,1626.3814722979,1593.34059458993,1696.97904913799,1595.33211546377,1787.0504443693,1597.87298261203
250,-768.294782199885,529.204706335827,1.05840941267165,"gaussian","adaptive_sparse_group_lasso",1,0.0214969220029258,0.5,TRUE,"identity",FALSE,0.49616563472733,"compound_symmetry","gaussian",0.2,1000,50,1e-06,1,"PGD",0.9,TRUE,10,1,TRUE,0.0163171980069732,44,1.24121708380506,272.66705381695,7.69179557700893,200,1624.58956439977,1539.07199856738,1809.25661821672,1544.28135997678,2042.38258234483,1550.85772200756
251,-788.578902147676,575.568086022303,1.1511361720446,"gaussian","adaptive_sparse_group_lasso",1,0.173916951328942,0.5,TRUE,"identity",FALSE,0.479439527479105,"compound_symmetry","gaussian",0.2,1000,50,1e-06,1,"PGD",0.9,TRUE,10,1,TRUE,0.251524218911032,14,0.394932708483429,87.3419281810452,2.4638703043361,200,1605.15780429535,1577.94766971232,1664.4997324764,1579.62167459969,1738.67617560807,1581.71415342766
252,-776.088236883854,557.864021667576,1.11572804333515,"gaussian","adaptive_sparse_group_lasso",1,0.0553774853119979,0.5,TRUE,"identity",FALSE,0.380514566047044,"compound_symmetry","gaussian",0.2,1000,50,1e-06,1,"PGD",0.9,TRUE,10,1,TRUE,0.0855511465958525,50,1.41047395886939,308.714335815532,8.70867062794935,200,1652.17647376771,1554.99742168545,1860.89080958324,1560.88514439566,2125.80667791064,1568.358283067
253,-810.27599700495,630.842795292663,1.26168559058533,"gaussian","adaptive_sparse_group_lasso",1,0.268211399107165,0.5,TRUE,"identity",FALSE,0.451671869146259,"compound_symmetry","gaussian",0.2,1000,50,1e-06,1,"PGD",0.9,TRUE,10,1,TRUE,0.120463306862738,4,0.112837916709551,24.9086777726488,0.7026608269638,200,1628.5519940099,1620.77766984332,1645.46067178255,1621.25465483686,1666.65394124874,1621.85250593057
254,-764.717035786199,535.507834780266,1.07101566956053,"gaussian","adaptive_sparse_group_lasso",1,0.0115335488166106,0.5,TRUE,"identity",FALSE,0.358980044004961,"compound_symmetry","gaussian",0.2,1000,50,1e-06,1,"PGD",0.9,TRUE,10,1,TRUE,0.0063136181553795,60,1.69256875064327,370.84861649886,10.4614463250877,200,1649.4340715724,1532.81920907368,1900.28268807126,1539.89551789749,2218.18173006414,1548.8632843031
255,-756.067454794661,510.043582158488,1.02008716431698,"gaussian","adaptive_sparse_group_lasso",1,0.00949765116784326,0.5,TRUE,"identity",FALSE,0.428592030322337,"compound_symmetry","gaussian",0.2,1000,50,1e-06,1,"PGD",0.9,TRUE,10,1,TRUE,0.00407571756280921,58,1.63614979228849,358.457569292928,10.1119013369459,200,1628.13490958932,1515.4072091739,1870.59247888225,1522.24681092627,2177.89488614204,1530.91565178502
256,-764.493783799045,523.825444401435,1.04765088880287,"gaussian","adaptive_sparse_group_lasso",1,0.0441182279402862,0.5,TRUE,"identity",FALSE,0.467163024493206,"compound_symmetry","gaussian",0.2,1000,50,1e-06,1,"PGD",0.9,TRUE,10,1,TRUE,0.0571767781833306,40,1.12837916709551,248.551532245608,7.01150927339031,200,1608.98756759809,1531.24432593228,1777.5390998437,1535.99907687148,1989.47179450562,1541.97758780855
257,-785.368316771489,567.346920498643,1.13469384099729,"gaussian","adaptive_sparse_group_lasso",1,0.0142079667337223,0.5,TRUE,"identity",FALSE,0.488456780229205,"compound_symmetry","gaussian",0.2,1000,50,1e-06,1,"PGD",0.9,TRUE,10,1,TRUE,0.0119828124053693,72,2.03108250077192,442.874941778225,12.4932714482797,200,1714.73663354298,1574.79879854452,2013.6115753212,1583.22990499126,2395.09042571266,1593.99122467799
258,-761.082203641148,520.506442543275,1.04101288508655,"gaussian","adaptive_sparse_group_lasso",1,0.0269975280863688,0.5,TRUE,"identity",FALSE,0.427287529183086,"compound_symmetry","gaussian",0.2,1000,50,1e-06,1,"PGD",0.9,TRUE,10,1,TRUE,0.0322276014213762,60,1.69256875064327,373.915024222666,10.5479480899217,200,1642.1644072823,1525.54954478358,1896.07943150496,1532.71235537222,2213.97847349784,1541.68012177783
259,-781.712466655829,562.73018906745,1.1254603781349,"gaussian","adaptive_sparse_group_lasso",1,0.0917305717261728,0.5,TRUE,"identity",FALSE,0.451684551675511,"compound_symmetry","gaussian",0.2,1000,50,1e-06,1,"PGD",0.9,TRUE,10,1,TRUE,0.13765715699367,18,0.507770625192981,109.72588414437,3.09531004399108,200,1599.42493331166,1564.44047456204,1673.15081745603,1566.52024335565,1768.52053005389,1569.21057327733
260,-799.775434160433,607.073765959722,1.21414753191944,"gaussian","adaptive_sparse_group_lasso",1,0.0297017979271857,0.5,TRUE,"identity",FALSE,0.43218692003698,"compound_symmetry","gaussian",0.2,1000,50,1e-06,1,"PGD",0.9,TRUE,10,1,TRUE,0.0355373607676653,65,1.83361614653021,399.212130581917,11.2615662850112,200,1729.55086832087,1603.21810061393,1998.76299890278,1610.81243460588,2343.1536277284,1620.52751487862
261,-783.387651697972,564.3014806646,1.1286029613292,"gaussian","adaptive_sparse_group_lasso",1,0.103988659715943,0.5,TRUE,"identity",FALSE,0.473696255902341,"compound_symmetry","gaussian",0.2,1000,50,1e-06,1,"PGD",0.9,TRUE,10,1,TRUE,0.0827482699151822,15,0.423142187660817,93.1460977141745,2.62760290392294,200,1596.77530339594,1567.62158777127,1659.92140111012,1569.40290629987,1739.39616160834,1571.64484790127
262,-779.893056776553,554.902820041292,1.10980564008258,"gaussian","adaptive_sparse_group_lasso",1,0.0178710894141367,0.5,TRUE,"identity",FALSE,0.490088652022553,"compound_symmetry","gaussian",0.2,1000,50,1e-06,1,"PGD",0.9,TRUE,10,1,TRUE,0.0137485721477159,63,1.77719718817543,388.059900095496,10.9469676713231,200,1685.78611355311,1563.34050792946,1947.8460136486,1570.73308122443,2281.64000774113,1580.14923595032
263,-775.49331958272,550.784876973495,1.10156975394699,"gaussian","adaptive_sparse_group_lasso",1,0.103638260368814,0.5,TRUE,"identity",FALSE,0.433132608363876,"compound_symmetry","gaussian",0.2,1000,50,1e-06,1,"PGD",0.9,TRUE,10,1,TRUE,0.0680489179689632,21,0.592399062725144,127.366627253489,3.59294621940141,200,1592.98663916544,1552.17143729089,1678.35326641893,1554.57958538484,1789.61793111644,1557.7183036268
264,-762.537615877841,526.04472608887,1.05208945217774,"gaussian","adaptive_sparse_group_lasso",1,0.0309732736295014,0.5,TRUE,"identity",FALSE,0.402764939678157,"compound_symmetry","gaussian",0.2,1000,50,1e-06,1,"PGD",0.9,TRUE,10,1,TRUE,0.0403343792217328,50,1.41047395886939,306.787393541833,8.65431259000341,200,1625.07523175568,1527.89617967342,1831.86262529752,1533.72954434569,2096.77849362492,1541.20268301703
265,-763.78480560151,529.0561433345,1.058112286669,"gaussian","adaptive_sparse_group_lasso",1,0.053302142094618,0.5,TRUE,"identity",FALSE,0.399160235403046,"compound_symmetry","gaussian",0.2,1000,50,1e-06,1,"PGD",0.9,TRUE,10,1,TRUE,0.0900350580803287,39,1.10016968791812,240.120313993846,6.77366899767723,200,1605.56961120302,1529.76995057886,1767.68992519687,1534.3432802007,1974.32430249224,1540.17232836434
266,-761.298767977171,519.362883721912,1.03872576744382,"gaussian","adaptive_sparse_group_lasso",1,0.0255824122126835,0.5,TRUE,"identity",FALSE,0.443702845415138,"compound_symmetry","gaussian",0.2,1000,50,1e-06,1,"PGD",0.9,TRUE,10,1,TRUE,0.0191478433040477,52,1.46689291722417,320.955284679002,9.05398142002488,200,1626.59753595434,1525.53132178879,1843.55282063334,1531.65151737437,2119.06532369384,1539.42358159256
267,-777.178129503549,553.310645194488,1.10662129038898,"gaussian","adaptive_sparse_group_lasso",1,0.0244455061807824,0.5,TRUE,"identity",FALSE,0.444795118401612,"compound_symmetry","gaussian",0.2,1000,50,1e-06,1,"PGD",0.9,TRUE,10,1,TRUE,0.0194281839875657,44,1.24121708380506,272.198262224395,7.67857121034023,200,1642.3562590071,1556.83869317471,1826.55452123149,1562.03483021744,2059.68048535961,1568.61119224822
268,-778.742341264218,564.736195607867,1.12947239121573,"gaussian","adaptive_sparse_group_lasso",1,0.0577600614588552,0.5,TRUE,"identity",FALSE,0.37275961220862,"compound_symmetry","gaussian",0.2,1000,50,1e-06,1,"PGD",0.9,TRUE,10,1,TRUE,0.10453238252822,51,1.43868343804678,313.541975165449,8.84485581966678,200,1659.48468252844,1560.36204940453,1871.02665769389,1566.3295383481,2141.24084338783,1573.95213979287
269,-795.049600435313,596.395373434824,1.19279074686965,"gaussian","adaptive_sparse_group_lasso",1,0.0755007294583697,0.5,TRUE,"identity",FALSE,0.426065784124343,"compound_symmetry","gaussian",0.2,1000,50,1e-06,1,"PGD",0.9,TRUE,10,1,TRUE,0.122311183613469,37,1.04375072956335,229.206906715577,6.46580746230655,200,1664.09920087063,1592.18670232975,1819.3061075862,1596.56500833293,2015.34385014848,1602.09513094972
270,-790.463132661436,594.845162946828,1.18969032589366,"gaussian","adaptive_sparse_group_lasso",1,0.0272589463651243,0.5,TRUE,"identity",FALSE,0.349436420599639,"compound_symmetry","gaussian",0.2,1000,50,1e-06,1,"PGD",0.9,TRUE,10,1,TRUE,0.0231566370890926,51,1.43868343804678,313.785578376256,8.85172773936959,200,1682.92626532287,1583.80363219897,1894.71184369913,1589.77799306224,2164.92602939308,1597.40059450701
271,-782.708743901394,570.746350438541,1.14149270087708,"gaussian","adaptive_sparse_group_lasso",1,0.10647265303637,0.5,TRUE,"identity",FALSE,0.39838922673324,"compound_symmetry","gaussian",0.2,1000,50,1e-06,1,"PGD",0.9,TRUE,10,1,TRUE,0.233254264587612,32,0.90270333367641,198.997096441271,5.61360444842067,200,1629.41748780279,1567.22289447014,1764.41458424406,1571.03109225121,1933.9607399736,1575.81390100087
272,-772.415782198941,542.264224594048,1.0845284491881,"gaussian","adaptive_sparse_group_lasso",1,0.035465200650606,0.5,TRUE,"identity",FALSE,0.450913591190441,"compound_symmetry","gaussian",0.2,1000,50,1e-06,1,"PGD",0.9,TRUE,10,1,TRUE,0.0447976418795368,45,1.26942656298245,277.097222734441,7.81676833483921,200,1634.83156439788,1547.37041752385,1821.92878713232,1552.64833273272,2060.35306862698,1559.37415753693
273,-778.349144030297,563.347056897399,1.1266941137948,"gaussian","adaptive_sparse_group_lasso",1,0.0686343881909871,0.5,TRUE,"identity",FALSE,0.376986154490821,"compound_symmetry","gaussian",0.2,1000,50,1e-06,1,"PGD",0.9,TRUE,10,1,TRUE,0.101674329915432,31,0.874493854499022,190.97035146095,5.38717415303611,200,1618.69828806059,1558.44727576959,1747.66863952154,1562.08546221363,1911.91647788453,1566.71880818986
274,-778.669137652668,561.078245084005,1.12215649016801,"gaussian","adaptive_sparse_group_lasso",1,0.0384893644352828,0.5,TRUE,"identity",FALSE,0.403026227668411,"compound_symmetry","gaussian",0.2,1000,50,1e-06,1,"PGD",0.9,TRUE,10,1,TRUE,0.0527765284422961,56,1.57973083393372,347.506896777138,9.80298856863332,200,1669.33827530534,1560.4977369732,1904.84517208247,1567.14126387397,2201.55094460916,1575.51117918587
275,-771.581846011633,556.109044270818,1.11221808854164,"gaussian","adaptive_sparse_group_lasso",1,0.0600244433026357,0.5,TRUE,"identity",FALSE,0.314101191751584,"compound_symmetry","gaussian",0.2,1000,50,1e-06,1,"PGD",0.9,TRUE,10,1,TRUE,0.0876830278683905,53,1.49510239640155,325.940199856494,9.19460328092539,200,1649.16369202327,1546.15389681607,1869.10389187976,1552.35829530419,2149.91471230681,1560.27982229581
276,-767.245917795879,535.408570654964,1.07081714130993,"gaussian","adaptive_sparse_group_lasso",1,0.0444954774531048,0.5,TRUE,"identity",FALSE,0.408780064015013,"compound_symmetry","gaussian",0.2,1000,50,1e-06,1,"PGD",0.9,TRUE,10,1,TRUE,0.0561087155865191,36,1.01554125038596,220.310153817276,6.21483469667556,200,1606.49183559176,1536.52291809253,1754.80198940903,1540.70667028843,1945.54141460476,1546.0873301318
277,-753.959432188025,510.655852700589,1.02131170540118,"gaussian","adaptive_sparse_group_lasso",1,0.0203890107300083,0.5,TRUE,"identity",FALSE,0.380054165003713,"compound_symmetry","gaussian",0.2,1000,50,1e-06,1,"PGD",0.9,TRUE,10,1,TRUE,0.0154012321397591,57,1.60794031311111,353.273656249063,9.9656658498776,200,1621.91886437605,1511.13474500227,1861.19252062511,1517.88453022593,2163.19661051835,1526.40390831126
278,-765.544279051561,538.782315733535,1.07756463146707,"gaussian","adaptive_sparse_group_lasso",1,0.104883693751161,0.5,TRUE,"identity",FALSE,0.34636430412303,"compound_symmetry","gaussian",0.2,1000,50,1e-06,1,"PGD",0.9,TRUE,10,1,TRUE,0.124080520168139,23,0.64881802107992,141.006437808033,3.97771817122334,200,1577.08855810312,1532.38619414528,1672.09499591115,1535.06627627435,1793.95629534176,1538.50392006316
279,-749.126997233178,495.79004440183,0.99158008880366,"gaussian","adaptive_sparse_group_lasso",1,0.0227024645931091,0.5,TRUE,"identity",FALSE,0.431676382203605,"compound_symmetry","gaussian",0.2,1000,50,1e-06,1,"PGD",0.9,TRUE,10,1,TRUE,0.023049944500173,56,1.57973083393372,343.853347547492,9.69992384771606,200,1610.25399446636,1501.41345613422,1842.10734201385,1507.95391831407,2138.81311454054,1516.32383362597
280,-741.0313208039,489.034477248477,0.978068954496954,"gaussian","adaptive_sparse_group_lasso",1,0.0181104007389087,0.5,TRUE,"identity",FALSE,0.341158143044051,"compound_symmetry","gaussian",0.2,1000,50,1e-06,1,"PGD",0.9,TRUE,10,1,TRUE,0.0130781143049303,47,1.32584552133723,292.974107689195,8.26464699037214,200,1576.0626416078,1484.71433265047,1775.03674929699,1490.32728859817,2024.05766552475,1497.35203894923
281,-750.648931803945,495.191842076726,0.990383684153453,"gaussian","adaptive_sparse_group_lasso",1,0.0374956313883983,0.5,TRUE,"identity",FALSE,0.471912098658385,"compound_symmetry","gaussian",0.2,1000,50,1e-06,1,"PGD",0.9,TRUE,10,1,TRUE,0.0383094525720599,58,1.63614979228849,358.882649296508,10.1238926224556,200,1617.29786360789,1504.57016319247,1860.1805129044,1511.42175623035,2167.48292016418,1520.0905970891
282,-795.48527967868,600.642415901735,1.20128483180347,"gaussian","adaptive_sparse_group_lasso",1,0.0336279336761294,0.5,TRUE,"identity",FALSE,0.398644759410524,"compound_symmetry","gaussian",0.2,1000,50,1e-06,1,"PGD",0.9,TRUE,10,1,TRUE,0.0444866915632954,65,1.83361614653021,401.652454683263,11.3304065569342,200,1720.97055935736,1594.63779165042,1992.62301404062,1602.30096591429,2337.01364286625,1612.01604618704
283,-748.35221951195,489.675959307752,0.979351918615505,"gaussian","adaptive_sparse_group_lasso",1,0.0503811543769902,0.5,TRUE,"identity",FALSE,0.483550292151018,"compound_symmetry","gaussian",0.2,1000,50,1e-06,1,"PGD",0.9,TRUE,10,1,TRUE,0.0591995121397614,53,1.49510239640155,327.858455287484,9.24871626756281,200,1602.7044390239,1499.6946438167,1824.56289431138,1505.95315529146,2105.37371473843,1513.87468228308
284,-768.050508598591,539.746695200474,1.07949339040095,"gaussian","adaptive_sparse_group_lasso",1,0.0848400333233828,0.5,TRUE,"identity",FALSE,0.384686061093526,"compound_symmetry","gaussian",0.2,1000,50,1e-06,1,"PGD",0.9,TRUE,10,1,TRUE,0.205157315999417,53,1.49510239640155,329.939910770666,9.30743304267429,200,1642.10101719718,1539.09122198998,1866.04092796785,1545.40845023986,2146.85174839489,1553.32997723148
285,-771.742711161688,533.067515965155,1.06613503193031,"gaussian","adaptive_sparse_group_lasso",1,0.0326026999954385,0.5,TRUE,"identity",FALSE,0.536324132048824,"compound_symmetry","gaussian",0.2,1000,50,1e-06,1,"PGD",0.9,TRUE,10,1,TRUE,0.0355112741446455,76,2.14392041748147,470.276680956219,13.2662602390455,200,1695.48542232338,1547.77326315834,2013.7621032796,1556.75168256242,2416.43422313725,1568.11085334286
286,-745.017381126703,485.708217775704,0.971416435551409,"gaussian","adaptive_sparse_group_lasso",1,0.0457172084372588,0.5,TRUE,"identity",FALSE,0.453961430685738,"compound_symmetry","gaussian",0.2,1000,50,1e-06,1,"PGD",0.9,TRUE,10,1,TRUE,0.050450821240831,35,0.987331771208573,215.010134360868,6.06532390818025,200,1560.03476225341,1492.00942579582,1705.04489661427,1496.10008616159,1890.48600444345,1501.33128323152
287,-752.383048036088,498.805142753089,0.997610285506177,"gaussian","adaptive_sparse_group_lasso",1,0.0448046930445555,0.5,TRUE,"identity",FALSE,0.470006171250345,"compound_symmetry","gaussian",0.2,1000,50,1e-06,1,"PGD",0.9,TRUE,10,1,TRUE,0.0503474103821311,37,1.04375072956335,229.071899840102,6.46199898866402,200,1578.76609607218,1506.8535975313,1733.83799591228,1511.22809506084,1929.87573847456,1516.75821767763
288,-794.142515298341,600.995326300448,1.2019906526009,"gaussian","adaptive_sparse_group_lasso",1,0.0301429910461154,0.5,TRUE,"identity",FALSE,0.369801158603029,"compound_symmetry","gaussian",0.2,1000,50,1e-06,1,"PGD",0.9,TRUE,10,1,TRUE,0.039759054908427,59,1.66435927146588,361.950165865198,10.2104256672264,200,1706.28503059668,1591.61374913961,1950.23519646188,1598.49545626391,2262.83592108821,1607.31375989609
289,-786.862903793224,573.947991381855,1.14789598276371,"gaussian","adaptive_sparse_group_lasso",1,0.102433797256525,0.5,TRUE,"identity",FALSE,0.4564675227574,"compound_symmetry","gaussian",0.2,1000,50,1e-06,1,"PGD",0.9,TRUE,10,1,TRUE,0.173152416976005,28,0.789865416966859,173.505312565194,4.894494501974,200,1629.72580758645,1575.30553842038,1747.23112015164,1578.62030208842,1895.58400641499,1582.80525974437
290,-771.376362282863,543.361010247459,1.08672202049492,"gaussian","adaptive_sparse_group_lasso",1,0.0445058441931466,0.5,TRUE,"identity",FALSE,0.417906937104744,"compound_symmetry","gaussian",0.2,1000,50,1e-06,1,"PGD",0.9,TRUE,10,1,TRUE,0.0807158406557465,59,1.66435927146588,364.370863174219,10.27871227756,200,1660.75272456573,1546.08144310866,1907.12358773994,1553.03143684329,2219.72431236628,1561.84974047547
291,-752.674799481838,495.791142824319,0.991582285648638,"gaussian","adaptive_sparse_group_lasso",1,0.0195552402922123,0.5,TRUE,"identity",FALSE,0.5127303388168,"compound_symmetry","gaussian",0.2,1000,50,1e-06,1,"PGD",0.9,TRUE,10,1,TRUE,0.0125759027591302,42,1.18479812545029,260.084666888203,7.33685299494062,200,1589.34959896368,1507.71919521458,1765.43426585188,1512.68645195862,1987.9635952469,1518.96388844254
292,-796.287950131419,602.469283905753,1.20493856781151,"gaussian","adaptive_sparse_group_lasso",1,0.0464050616521967,0.5,TRUE,"identity",FALSE,0.399512029765835,"compound_symmetry","gaussian",0.2,1000,50,1e-06,1,"PGD",0.9,TRUE,10,1,TRUE,0.0632003616232545,43,1.21300760462768,265.317031141714,7.48445526539855,200,1678.57590026284,1595.00191547209,1857.89293140455,1600.06035552824,2085.72057816612,1606.48725478559
293,-771.777388417627,547.446192007099,1.0948923840142,"gaussian","adaptive_sparse_group_lasso",1,0.0222566903169318,0.5,TRUE,"identity",FALSE,0.388302098491226,"compound_symmetry","gaussian",0.2,1000,50,1e-06,1,"PGD",0.9,TRUE,10,1,TRUE,0.0149465507521438,42,1.18479812545029,259.69525293943,7.32586783026132,200,1627.55477683525,1545.92437308616,1803.25002977469,1550.88064466552,2025.7793591697,1557.15808114944
294,-767.897750630442,536.209330000651,1.0724186600013,"gaussian","adaptive_sparse_group_lasso",1,0.0635199810126163,0.5,TRUE,"identity",FALSE,0.414473615730081,"compound_symmetry","gaussian",0.2,1000,50,1e-06,1,"PGD",0.9,TRUE,10,1,TRUE,0.10871153831098,35,0.987331771208573,214.556348100531,6.05252283411829,200,1605.79550126088,1537.7701648033,1750.35184936141,1541.848024095,1935.7929571906,1547.07922116494
295,-791.798119477298,584.245309489441,1.16849061897888,"gaussian","adaptive_sparse_group_lasso",1,0.0675761257544896,0.5,TRUE,"identity",FALSE,0.467474511071345,"compound_symmetry","gaussian",0.2,1000,50,1e-06,1,"PGD",0.9,TRUE,10,1,TRUE,0.0250970114727476,13,0.366723229306042,79.7179968518089,2.24880317225417,200,1609.5962389546,1584.32968541321,1663.31423580641,1585.84504212685,1732.19236157153,1587.7880581814
296,-765.144569919699,525.883685654461,1.05176737130892,"gaussian","adaptive_sparse_group_lasso",1,0.0324907435111521,0.5,TRUE,"identity",FALSE,0.459734586892375,"compound_symmetry","gaussian",0.2,1000,50,1e-06,1,"PGD",0.9,TRUE,10,1,TRUE,0.0348264441372673,44,1.24121708380506,271.47705002333,7.65822618977181,200,1618.2891398394,1532.77157400701,1801.76618986273,1537.94736602917,2034.89215399084,1544.52372805995
297,-758.4991520362,511.39701092959,1.02279402185918,"gaussian","adaptive_sparse_group_lasso",1,0.00289279629826304,0.5,TRUE,"identity",FALSE,0.467354544890901,"compound_symmetry","gaussian",0.2,1000,50,1e-06,1,"PGD",0.9,TRUE,10,1,TRUE,0.000458504267616255,86,2.42601520925535,532.717970945886,15.0276965088183,200,1688.9983040724,1521.85033449091,2049.71627501829,1532.02600058122,2505.37156854142,1544.87979909593
298,-771.040135274257,543.744711827692,1.08748942365538,"gaussian","adaptive_sparse_group_lasso",1,0.0496038979599742,0.5,TRUE,"identity",FALSE,0.407393759073812,"compound_symmetry","gaussian",0.2,1000,50,1e-06,1,"PGD",0.9,TRUE,10,1,TRUE,0.0797054022397257,47,1.32584552133723,289.068531599414,8.15447272299173,200,1636.08027054851,1544.73196159119,1831.14880214793,1550.23474327151,2080.16971837569,1557.25949362257
299,-768.087514078575,529.74366964328,1.05948733928656,"gaussian","adaptive_sparse_group_lasso",1,0.0380479832453464,0.5,TRUE,"identity",FALSE,0.485255553567654,"compound_symmetry","gaussian",0.2,1000,50,1e-06,1,"PGD",0.9,TRUE,10,1,TRUE,0.0589405571385677,50,1.41047395886939,307.267122662251,8.66784549863664,200,1636.17502815715,1538.99597607489,1843.4421508194,1544.84287365579,2108.3580191468,1552.31601232713
300,-778.965337489124,566.51970907978,1.13303941815956,"gaussian","adaptive_sparse_group_lasso",1,0.0400375740650768,0.5,TRUE,"identity",FALSE,0.362189646649205,"compound_symmetry","gaussian",0.2,1000,50,1e-06,1,"PGD",0.9,TRUE,10,1,TRUE,0.0412706463951363,41,1.1565886462729,252.725154241858,7.1292449761878,200,1639.93067497825,1560.24385227079,1810.65582922011,1565.05991995444,2027.88684124857,1571.18789366494
301,-1569.92255063361,1140.26257679853,1.14026257679853,"gaussian","adaptive_sparse_group_lasso",1,0.0203522676152666,0.5,TRUE,"identity",FALSE,0.451292141206612,"compound_symmetry","gaussian",0.2,1000,50,1e-06,1,"PGD",0.9,TRUE,10,1,TRUE,0.0149016591445216,57,1.60794031311111,391.587110512214,11.0464684401278,200,3253.84510126721,3143.06098189343,3531.43221177942,3150.89156970734,3833.43630167266,3159.41094779267
302,-1598.86133940506,1197.34800309602,1.19734800309602,"gaussian","adaptive_sparse_group_lasso",1,0.0295704620406267,0.5,TRUE,"identity",FALSE,0.503372754699526,"compound_symmetry","gaussian",0.2,1000,50,1e-06,1,"PGD",0.9,TRUE,10,1,TRUE,0.0332527064418573,47,1.32584552133723,323.259149831692,9.11897225607721,200,3291.72267881012,3200.37436985279,3520.98182864181,3206.8416510662,3770.00274486957,3213.86640141726
303,-1541.840874612,1094.3739863705,1.0943739863705,"gaussian","adaptive_sparse_group_lasso",1,0.0244438124432151,0.5,TRUE,"identity",FALSE,0.374087562542238,"compound_symmetry","gaussian",0.2,1000,50,1e-06,1,"PGD",0.9,TRUE,10,1,TRUE,0.0155097983202217,44,1.24121708380506,304.579508290222,8.59202929697204,200,3171.681749224,3086.16418339161,3388.26125751422,3092.27377852097,3621.38722164233,3098.85014055175
304,-1558.15995156939,1116.87964342489,1.11687964342489,"gaussian","adaptive_sparse_group_lasso",1,0.0329630249183592,0.5,TRUE,"identity",FALSE,0.436041138415274,"compound_symmetry","gaussian",0.2,1000,50,1e-06,1,"PGD",0.9,TRUE,10,1,TRUE,0.0289727807537207,44,1.24121708380506,303.437023221756,8.55980038822266,200,3204.31990313877,3118.80233730638,3419.75692636053,3124.879703527,3652.88289048864,3131.45606555778
305,-1523.33280290871,1045.1869440393,1.0451869440393,"gaussian","adaptive_sparse_group_lasso",1,0.0175909603933646,0.5,TRUE,"identity",FALSE,0.418581888012826,"compound_symmetry","gaussian",0.2,1000,50,1e-06,1,"PGD",0.9,TRUE,10,1,TRUE,0.0123015929198166,45,1.26942656298245,311.109274226646,8.77623059318881,200,3136.66560581742,3049.20445894338,3357.77488004407,3055.44183641061,3596.19916153873,3062.16766121482
306,-1497.94999042107,992.013995637743,0.992013995637743,"gaussian","adaptive_sparse_group_lasso",1,0.0322580049295393,0.5,TRUE,"identity",FALSE,0.426146643194295,"compound_symmetry","gaussian",0.2,1000,50,1e-06,1,"PGD",0.9,TRUE,10,1,TRUE,0.0310681495763192,44,1.24121708380506,302.172338094701,8.52412427946505,200,3083.89998084213,2998.38241500974,3298.07231893683,3004.4241051216,3531.19828306495,3011.00046715238
307,-1537.68049759291,1071.8712884437,1.0718712884437,"gaussian","adaptive_sparse_group_lasso",1,0.022907291780254,0.5,TRUE,"identity",FALSE,0.43697395202183,"compound_symmetry","gaussian",0.2,1000,50,1e-06,1,"PGD",0.9,TRUE,10,1,TRUE,0.0226025983310585,52,1.46689291722417,358.91900244991,10.1249181259795,200,3179.36099518582,3078.29478102026,3434.27999763573,3085.4859133118,3709.79250069622,3093.25797752999
308,-1510.42192300862,1019.3159676371,1.0193159676371,"gaussian","adaptive_sparse_group_lasso",1,0.028194061634511,0.5,TRUE,"identity",FALSE,0.414667035418464,"compound_symmetry","gaussian",0.2,1000,50,1e-06,1,"PGD",0.9,TRUE,10,1,TRUE,0.0304739989426123,51,1.43868343804678,350.153062719002,9.87763553167026,200,3122.84384601723,3023.72121289333,3370.99690873624,3030.7214815489,3641.21109443019,3038.34408299367
309,-1512.60013784043,1022.64941092877,1.02264941092877,"gaussian","adaptive_sparse_group_lasso",1,0.01057460736667,0.5,TRUE,"identity",FALSE,0.420315347115374,"compound_symmetry","gaussian",0.2,1000,50,1e-06,1,"PGD",0.9,TRUE,10,1,TRUE,0.00452749754556513,67,1.89003510488498,461.888793680644,13.0296423076029,200,3159.20027568086,3028.98034589063,3487.08906936151,3038.22991798846,3842.07633292022,3048.24392380806
310,-1559.66882351572,1129.44049204468,1.12944049204468,"gaussian","adaptive_sparse_group_lasso",1,0.017462699263147,0.5,TRUE,"identity",FALSE,0.394008285356021,"compound_symmetry","gaussian",0.2,1000,50,1e-06,1,"PGD",0.9,TRUE,10,1,TRUE,0.014528342821081,84,2.36959625090058,577.239386215466,16.2836224458133,200,3287.33764703144,3124.07683953324,3696.57703324691,3135.62126947725,4141.63569203694,3148.17614244511
311,-1557.9474596168,1118.22424727788,1.11822424727788,"gaussian","adaptive_sparse_group_lasso",1,0.0160294139532582,0.5,TRUE,"identity",FALSE,0.427384233354115,"compound_symmetry","gaussian",0.2,1000,50,1e-06,1,"PGD",0.9,TRUE,10,1,TRUE,0.010971665652748,58,1.63614979228849,400.218431526794,11.2899535105619,200,3231.8949192336,3119.16721881818,3516.11335076039,3127.18487274416,3823.41575802018,3135.85371360292
312,-1536.42801049193,1075.11222242212,1.07511222242212,"gaussian","adaptive_sparse_group_lasso",1,0.0169553235339271,0.5,TRUE,"identity",FALSE,0.408115732195788,"compound_symmetry","gaussian",0.2,1000,50,1e-06,1,"PGD",0.9,TRUE,10,1,TRUE,0.0111626669502457,59,1.66435927146588,405.967963762492,11.4521448204445,200,3190.85602098387,3076.1847395268,3478.82398474636,3084.30816580431,3791.42470937269,3093.1264694365
313,-1558.93090069685,1123.72021317449,1.12372021317449,"gaussian","adaptive_sparse_group_lasso",1,0.00336330166155426,0.5,TRUE,"identity",FALSE,0.412125410591845,"compound_symmetry","gaussian",0.2,1000,50,1e-06,1,"PGD",0.9,TRUE,10,1,TRUE,0.000707989072053238,98,2.76452895938401,673.608012561363,19.0021312040713,200,3313.86180139369,3123.39085931246,3791.46981395506,3136.86393259777,4310.70491587676,3151.51128439359
314,-1529.58924688728,1064.0149336941,1.0640149336941,"gaussian","adaptive_sparse_group_lasso",1,0.019970336940782,0.5,TRUE,"identity",FALSE,0.391612201403309,"compound_symmetry","gaussian",0.2,1000,50,1e-06,1,"PGD",0.9,TRUE,10,1,TRUE,0.0131046927661305,44,1.24121708380506,303.168646515802,8.55222962112437,200,3147.17849377456,3061.66092794217,3362.34714029036,3067.73072339568,3595.47310441848,3074.30708542646
315,-1541.20173986437,1080.89111142812,1.08089111142812,"gaussian","adaptive_sparse_group_lasso",1,0.0397303717263044,0.5,TRUE,"identity",FALSE,0.429840637931514,"compound_symmetry","gaussian",0.2,1000,50,1e-06,1,"PGD",0.9,TRUE,10,1,TRUE,0.0461669936155523,41,1.1565886462729,282.260250735797,7.96241466573573,200,3164.40347972873,3084.71665702128,3364.66373046453,3090.36589439447,3581.894742493,3096.49386810497
316,-1589.93907399423,1212.64161347283,1.21264161347283,"gaussian","adaptive_sparse_group_lasso",1,0.00478048279353326,0.5,TRUE,"identity",FALSE,0.344597636506463,"compound_symmetry","gaussian",0.2,1000,50,1e-06,1,"PGD",0.9,TRUE,10,1,TRUE,0.00132863107438681,80,2.25675833419103,550.073123682415,15.5172763285598,200,3339.87814798845,3184.39166465684,3729.95127167087,3195.39542431701,4153.81666099471,3207.35244619116
317,-1547.41790068196,1091.35290918161,1.09135290918161,"gaussian","adaptive_sparse_group_lasso",1,0.0329607922333633,0.5,TRUE,"identity",FALSE,0.444885814926316,"compound_symmetry","gaussian",0.2,1000,50,1e-06,1,"PGD",0.9,TRUE,10,1,TRUE,0.0315102911967247,40,1.12837916709551,275.397306172093,7.76881457397037,200,3174.83580136391,3097.0925596981,3370.23310753601,3102.60461593788,3582.16580219793,3108.58312687496
318,-1551.91810470983,1104.73056859975,1.10473056859975,"gaussian","adaptive_sparse_group_lasso",1,0.0177257820075342,0.5,TRUE,"identity",FALSE,0.427815534887822,"compound_symmetry","gaussian",0.2,1000,50,1e-06,1,"PGD",0.9,TRUE,10,1,TRUE,0.0107647280017846,50,1.41047395886939,343.667009031192,9.69466733522057,200,3203.83620941967,3106.65715733741,3447.50321845086,3113.53087675489,3712.41908677826,3121.00401542623
319,-1515.92724739618,1022.37037922033,1.02237037922033,"gaussian","adaptive_sparse_group_lasso",1,0.0283793126212421,0.5,TRUE,"identity",FALSE,0.457635847175542,"compound_symmetry","gaussian",0.2,1000,50,1e-06,1,"PGD",0.9,TRUE,10,1,TRUE,0.0272892742631488,50,1.41047395886939,345.431939864765,9.74445511481976,200,3131.85449479236,3034.6754427101,3377.28643465712,3041.59894990718,3642.20230298453,3049.07208857852
320,-1534.65324593067,1061.15290119699,1.06115290119699,"gaussian","adaptive_sparse_group_lasso",1,0.0168861322998121,0.5,TRUE,"identity",FALSE,0.458863268707953,"compound_symmetry","gaussian",0.2,1000,50,1e-06,1,"PGD",0.9,TRUE,10,1,TRUE,0.00959936769014778,58,1.63614979228849,398.696382580379,11.247017302501,200,3185.30649186134,3072.57879144592,3468.00287444172,3080.55350916384,3775.30528170151,3089.2223500226
321,-1586.09424973466,1168.52739324637,1.16852739324637,"gaussian","adaptive_sparse_group_lasso",1,0.025560018471656,0.5,TRUE,"identity",FALSE,0.496358107719602,"compound_symmetry","gaussian",0.2,1000,50,1e-06,1,"PGD",0.9,TRUE,10,1,TRUE,0.024737842189391,59,1.66435927146588,405.013698363372,11.4252254905384,200,3290.18849946932,3175.51721801225,3577.20219783269,3183.61372495986,3889.80292245903,3192.43202859204
322,-1550.66237359484,1096.65751210039,1.09665751210039,"gaussian","adaptive_sparse_group_lasso",1,0.0136433879641673,0.5,TRUE,"identity",FALSE,0.453896424197861,"compound_symmetry","gaussian",0.2,1000,50,1e-06,1,"PGD",0.9,TRUE,10,1,TRUE,0.00609178436883337,42,1.18479812545029,288.780855464315,8.14635752904884,200,3185.32474718968,3103.69434344058,3390.105602654,3109.47110471873,3612.63493204902,3115.74854120266
323,-1600.04230005388,1220.55530864436,1.22055530864436,"gaussian","adaptive_sparse_group_lasso",1,0.0128348507239319,0.5,TRUE,"identity",FALSE,0.40988553579484,"compound_symmetry","gaussian",0.2,1000,50,1e-06,1,"PGD",0.9,TRUE,10,1,TRUE,0.00732345880481573,49,1.382264479692,335.862698086159,9.4745117881228,200,3298.08460010777,3202.84912906715,3535.94729819393,3209.55911189589,3795.56484915478,3216.88278779381
324,-1529.98653383645,1052.7482859015,1.0527482859015,"gaussian","adaptive_sparse_group_lasso",1,0.0362933925445696,0.5,TRUE,"identity",FALSE,0.451194973322796,"compound_symmetry","gaussian",0.2,1000,50,1e-06,1,"PGD",0.9,TRUE,10,1,TRUE,0.0313202249933785,44,1.24121708380506,302.776961509129,8.54118039108452,200,3147.9730676729,3062.45550184051,3362.75002918203,3068.51424806399,3595.87599331015,3075.09061009477
325,-1549.89646051004,1109.38472173923,1.10938472173923,"gaussian","adaptive_sparse_group_lasso",1,0.0243357338816485,0.5,TRUE,"identity",FALSE,0.386031367055344,"compound_symmetry","gaussian",0.2,1000,50,1e-06,1,"PGD",0.9,TRUE,10,1,TRUE,0.0220264478442124,55,1.55152135475633,379.153117352096,10.6957119689856,200,3209.79292102008,3102.89596372959,3478.94603837217,3110.48863298906,3770.35349353231,3118.70908552754
326,-1585.94704040792,1183.25093968707,1.18325093968707,"gaussian","adaptive_sparse_group_lasso",1,0.010775789603198,0.5,TRUE,"identity",FALSE,0.424624878697981,"compound_symmetry","gaussian",0.2,1000,50,1e-06,1,"PGD",0.9,TRUE,10,1,TRUE,0.00665422539860097,92,2.59527208431968,634.823468091663,17.9080394044489,200,3355.89408081583,3177.08462498447,3806.71754890749,3189.80212022028,4294.16274662991,3203.55269537555
327,-1579.92935681782,1159.88481201849,1.15988481201849,"gaussian","adaptive_sparse_group_lasso",1,0.0261833519744704,0.5,TRUE,"identity",FALSE,0.467805912064132,"compound_symmetry","gaussian",0.2,1000,50,1e-06,1,"PGD",0.9,TRUE,10,1,TRUE,0.0199796472294804,72,2.03108250077192,495.264356090296,13.9711495404316,200,3303.85871363564,3163.92087863718,3655.12306972593,3173.82986317607,4036.60192011739,3184.5911828628
328,-1555.10419430869,1114.20706679539,1.11420706679539,"gaussian","adaptive_sparse_group_lasso",1,0.00292149037926654,0.5,TRUE,"identity",FALSE,0.416488693332681,"compound_symmetry","gaussian",0.2,1000,50,1e-06,1,"PGD",0.9,TRUE,10,1,TRUE,0.000496976896586703,78,2.20033937583625,535.923393865842,15.1181198199335,200,3266.20838861738,3114.60906736905,3646.13178248322,3125.32650843731,4059.40053707397,3136.9846047646
329,-1542.62614612275,1084.79034974253,1.08479034974253,"gaussian","adaptive_sparse_group_lasso",1,0.0281270422517693,0.5,TRUE,"identity",FALSE,0.425870519384095,"compound_symmetry","gaussian",0.2,1000,50,1e-06,1,"PGD",0.9,TRUE,10,1,TRUE,0.0282673487983599,51,1.43868343804678,350.75554632068,9.8946312802865,200,3187.25229224549,3088.12965912158,3436.00783856617,3095.14692352578,3706.22202426012,3102.76952497055
330,-1495.28161120456,982.563026976044,0.982563026976044,"gaussian","adaptive_sparse_group_lasso",1,0.0199437444419115,0.5,TRUE,"identity",FALSE,0.448912815566476,"compound_symmetry","gaussian",0.2,1000,50,1e-06,1,"PGD",0.9,TRUE,10,1,TRUE,0.0143989130755177,56,1.57973083393372,386.289510839784,10.8970259124782,200,3102.56322240913,2993.72268407699,3376.85273324891,3001.4602483216,3673.5585057756,3009.83016363351
331,-1570.38473763546,1150.04897008131,1.15004897008131,"gaussian","adaptive_sparse_group_lasso",1,0.00458883978373614,0.5,TRUE,"identity",FALSE,0.410836221584031,"compound_symmetry","gaussian",0.2,1000,50,1e-06,1,"PGD",0.9,TRUE,10,1,TRUE,0.000837368190094894,52,1.46689291722417,357.372280157702,10.0812858956843,200,3244.76947527092,3143.70326110537,3498.14175542862,3150.8507611666,3773.65425848912,3158.6228253848
332,-1561.45507757912,1115.93731658378,1.11593731658378,"gaussian","adaptive_sparse_group_lasso",1,0.025768701759214,0.5,TRUE,"identity",FALSE,0.477410890899476,"compound_symmetry","gaussian",0.2,1000,50,1e-06,1,"PGD",0.9,TRUE,10,1,TRUE,0.0280037504668363,78,2.20033937583625,534.912948246875,15.0896156752853,200,3278.91015515825,3127.31083390992,3657.82310340512,3137.99977083353,4071.09185799587,3149.65786716083
333,-1557.07725898001,1123.18969336664,1.12318969336664,"gaussian","adaptive_sparse_group_lasso",1,0.01697220846677,0.5,TRUE,"identity",FALSE,0.395822956447035,"compound_symmetry","gaussian",0.2,1000,50,1e-06,1,"PGD",0.9,TRUE,10,1,TRUE,0.0104461847752308,53,1.49510239640155,367.521666406081,10.3675947957212,200,3220.15451796002,3117.14472275282,3481.6761843661,3124.52211275574,3762.48700479314,3132.44363974736
334,-1553.39090976328,1105.84670019823,1.10584670019823,"gaussian","adaptive_sparse_group_lasso",1,0.0153583887011214,0.5,TRUE,"identity",FALSE,0.438132523687347,"compound_symmetry","gaussian",0.2,1000,50,1e-06,1,"PGD",0.9,TRUE,10,1,TRUE,0.00860677653574748,47,1.32584552133723,321.1969263553,9.06079800586082,200,3200.78181952655,3109.43351056923,3427.97874588185,3115.84261753241,3676.99966210961,3122.86736788348
335,-1546.54729851932,1087.84943111847,1.08784943111847,"gaussian","adaptive_sparse_group_lasso",1,0.00988229273767179,0.5,TRUE,"identity",FALSE,0.452977884507237,"compound_symmetry","gaussian",0.2,1000,50,1e-06,1,"PGD",0.9,TRUE,10,1,TRUE,0.0057307620796956,93,2.62348156349707,637.524266583458,17.9842275232655,200,3279.09459703864,3098.34156016563,3730.6188636221,3111.07882456191,4223.36237871107,3124.9788624906
336,-1538.3727967469,1067.68068183962,1.06768068183962,"gaussian","adaptive_sparse_group_lasso",1,0.00447138977588894,0.5,TRUE,"identity",FALSE,0.466211888199098,"compound_symmetry","gaussian",0.2,1000,50,1e-06,1,"PGD",0.9,TRUE,10,1,TRUE,0.000998050329682097,100,2.82094791773878,688.951033037837,19.4349498207207,200,3276.74559349379,3082.38748932927,3765.69662653163,3096.18054331451,4295.52836318643,3111.1268206572
337,-1536.26231990234,1066.1905695097,1.0661905695097,"gaussian","adaptive_sparse_group_lasso",1,0.028724429357722,0.5,TRUE,"identity",FALSE,0.450443939740805,"compound_symmetry","gaussian",0.2,1000,50,1e-06,1,"PGD",0.9,TRUE,10,1,TRUE,0.0313032864378936,67,1.89003510488498,460.551862079278,12.9919281634326,200,3206.52463980468,3076.30471001445,3533.07650188396,3085.51656796811,3888.06376544268,3095.53057378771
338,-1568.98507867364,1143.74080717086,1.14374080717086,"gaussian","adaptive_sparse_group_lasso",1,0.0239264937055955,0.5,TRUE,"identity",FALSE,0.424821441901411,"compound_symmetry","gaussian",0.2,1000,50,1e-06,1,"PGD",0.9,TRUE,10,1,TRUE,0.0230255383260076,46,1.29763604215984,316.916669845963,8.94005419898678,200,3229.97015734728,3140.5654294316,3454.88682719324,3146.91021154626,3698.60942605445,3153.7854991239
339,-1587.84373125517,1199.76216230766,1.19976216230766,"gaussian","adaptive_sparse_group_lasso",1,0.0322971352058109,0.5,TRUE,"identity",FALSE,0.374395212655837,"compound_symmetry","gaussian",0.2,1000,50,1e-06,1,"PGD",0.9,TRUE,10,1,TRUE,0.0340422359412921,50,1.41047395886939,343.431266307516,9.6880171557658,200,3275.68746251034,3178.50841042808,3519.11872881785,3185.3754796661,3784.03459714526,3192.84861833745
340,-1533.65025420805,1062.14299722874,1.06214299722874,"gaussian","adaptive_sparse_group_lasso",1,0.0031030894565437,0.5,TRUE,"identity",FALSE,0.442679539249585,"compound_symmetry","gaussian",0.2,1000,50,1e-06,1,"PGD",0.9,TRUE,10,1,TRUE,0.000584135344435801,110,3.10304270951266,757.499510985437,21.3686666820251,200,3287.30050841609,3073.50659383512,3824.80001940153,3088.66917509812,4407.61492972181,3105.11008017507
341,-1544.09027316036,1087.32538842996,1.08732538842996,"gaussian","adaptive_sparse_group_lasso",1,0.013264255126566,0.5,TRUE,"identity",FALSE,0.429003949520397,"compound_symmetry","gaussian",0.2,1000,50,1e-06,1,"PGD",0.9,TRUE,10,1,TRUE,0.0076460079376578,75,2.11571093830409,516.009993257652,14.5563731601258,200,3238.18054632072,3092.41196819732,3604.19053957837,3102.73691948084,4001.56434206947,3113.94662748785
342,-1553.39179010906,1093.31113107784,1.09331113107784,"gaussian","adaptive_sparse_group_lasso",1,0.0458628351886846,0.5,TRUE,"identity",FALSE,0.503126559788809,"compound_symmetry","gaussian",0.2,1000,50,1e-06,1,"PGD",0.9,TRUE,10,1,TRUE,0.0713052197087869,46,1.29763604215984,315.202648135011,8.8917025392221,200,3198.78358021811,3109.37885230243,3421.98622835313,3115.67528275734,3665.70882721434,3122.55057033497
343,-1533.21068682041,1064.95565245795,1.06495565245795,"gaussian","adaptive_sparse_group_lasso",1,0.0118528748815782,0.5,TRUE,"identity",FALSE,0.423889971492334,"compound_symmetry","gaussian",0.2,1000,50,1e-06,1,"PGD",0.9,TRUE,10,1,TRUE,0.00656857538951579,56,1.57973083393372,384.541120181686,10.8477047226146,200,3178.42137364082,3069.58083530869,3450.9624938225,3077.26907836343,3747.66826634919,3085.63899367533
344,-1549.17922902418,1089.1023991257,1.0891023991257,"gaussian","adaptive_sparse_group_lasso",1,0.0104020222344029,0.5,TRUE,"identity",FALSE,0.476194572360338,"compound_symmetry","gaussian",0.2,1000,50,1e-06,1,"PGD",0.9,TRUE,10,1,TRUE,0.00454142967455148,75,2.11571093830409,515.214249118412,14.5339256323994,200,3248.35845804836,3102.58987992497,3613.57270716677,3112.89238368076,4010.94650965787,3124.10209168777
345,-1541.28478403683,1088.72415050197,1.08872415050197,"gaussian","adaptive_sparse_group_lasso",1,0.0347705292097593,0.5,TRUE,"identity",FALSE,0.393750405379531,"compound_symmetry","gaussian",0.2,1000,50,1e-06,1,"PGD",0.9,TRUE,10,1,TRUE,0.0394140818419255,52,1.46689291722417,356.051204345085,10.0440190350565,200,3186.56956807365,3085.5033539081,3438.62077241874,3092.61358710871,3714.13327547924,3100.3856513269
346,-1562.82407443799,1117.22757834307,1.11722757834307,"gaussian","adaptive_sparse_group_lasso",1,0.0364385437861821,0.5,TRUE,"identity",FALSE,0.486620797645318,"compound_symmetry","gaussian",0.2,1000,50,1e-06,1,"PGD",0.9,TRUE,10,1,TRUE,0.042563851474352,41,1.1565886462729,282.827409502816,7.97841391916421,200,3207.64814887598,3127.96132616853,3408.4755583788,3133.62656279515,3625.70657040727,3139.75453650565
347,-1549.4596787237,1093.94238193795,1.09394238193795,"gaussian","adaptive_sparse_group_lasso",1,0.0193860498130605,0.5,TRUE,"identity",FALSE,0.454303706695371,"compound_symmetry","gaussian",0.2,1000,50,1e-06,1,"PGD",0.9,TRUE,10,1,TRUE,0.017578694705134,64,1.80540666735282,440.3762172812,12.4227837316108,200,3226.91935744739,3102.5301707821,3539.29557472859,3111.342141179,3878.38788618767,3120.90775867832
348,-1546.44000050367,1101.67738325042,1.10167738325042,"gaussian","adaptive_sparse_group_lasso",1,0.0286376460509222,0.5,TRUE,"identity",FALSE,0.386316871292076,"compound_symmetry","gaussian",0.2,1000,50,1e-06,1,"PGD",0.9,TRUE,10,1,TRUE,0.0278359180539902,49,1.382264479692,335.32073371663,9.45922325552568,200,3190.88000100734,3095.64452996673,3428.20073472397,3102.33922426287,3687.81828568483,3109.66290016078
349,-1569.70476127975,1136.6086225949,1.1366086225949,"gaussian","adaptive_sparse_group_lasso",1,0.021016053934845,0.5,TRUE,"identity",FALSE,0.46679936410539,"compound_symmetry","gaussian",0.2,1000,50,1e-06,1,"PGD",0.9,TRUE,10,1,TRUE,0.0127672658517784,44,1.24121708380506,301.940332320245,8.51757951740151,200,3227.4095225595,3141.89195672711,3441.34985487974,3147.9271020769,3674.47581900786,3154.50346410768
350,-1543.18649918942,1077.85719095542,1.07785719095542,"gaussian","adaptive_sparse_group_lasso",1,0.0229112579977137,0.5,TRUE,"identity",FALSE,0.467011523865016,"compound_symmetry","gaussian",0.2,1000,50,1e-06,1,"PGD",0.9,TRUE,10,1,TRUE,0.0200301385162485,60,1.69256875064327,410.799493289663,11.5884397520362,200,3206.37299837883,3089.75813588012,3497.1724916685,3097.96143813087,3815.07153366138,3106.92920453648
351,-1557.98823761719,1117.20927324398,1.11720927324398,"gaussian","adaptive_sparse_group_lasso",1,0.0150256407494639,0.5,TRUE,"identity",FALSE,0.432629318296986,"compound_symmetry","gaussian",0.2,1000,50,1e-06,1,"PGD",0.9,TRUE,10,1,TRUE,0.011631137610386,75,2.11571093830409,516.199694852257,14.5617245433087,200,3265.97647523437,3120.20789711098,3632.17617008663,3130.53819977768,4029.54997257773,3141.74790778469
352,-1541.74047765207,1069.64177197602,1.06964177197602,"gaussian","adaptive_sparse_group_lasso",1,0.0217803191040605,0.5,TRUE,"identity",FALSE,0.494648857700873,"compound_symmetry","gaussian",0.2,1000,50,1e-06,1,"PGD",0.9,TRUE,10,1,TRUE,0.0169228180785848,52,1.46689291722417,356.11608260405,10.0458492169519,200,3187.48095530414,3086.41474113859,3439.59703790819,3093.52680452109,3715.10954096868,3101.29886873928
353,-1525.28426210827,1031.26155489995,1.03126155489995,"gaussian","adaptive_sparse_group_lasso",1,0.0209448179362558,0.5,TRUE,"identity",FALSE,0.516621960633036,"compound_symmetry","gaussian",0.2,1000,50,1e-06,1,"PGD",0.9,TRUE,10,1,TRUE,0.0154057512791742,46,1.29763604215984,318.473424076726,8.98396942504381,200,3142.56852421654,3053.16379630086,3369.04194829326,3059.55249364158,3612.76454715447,3066.42778121921
354,-1553.87709882008,1109.36922658677,1.10936922658677,"gaussian","adaptive_sparse_group_lasso",1,0.0182519249470553,0.5,TRUE,"identity",FALSE,0.426381167660412,"compound_symmetry","gaussian",0.2,1000,50,1e-06,1,"PGD",0.9,TRUE,10,1,TRUE,0.0128457795096561,50,1.41047395886939,345.607275390724,9.74940123868837,200,3207.75419764017,3110.57514555791,3453.36147303089,3117.50359887885,3718.27734135829,3124.9767375502
355,-1561.02050153863,1125.48052997276,1.12548052997276,"gaussian","adaptive_sparse_group_lasso",1,0.0204452414300065,0.5,TRUE,"identity",FALSE,0.425688446668746,"compound_symmetry","gaussian",0.2,1000,50,1e-06,1,"PGD",0.9,TRUE,10,1,TRUE,0.0153959852460818,53,1.49510239640155,360.899868475562,10.1807973248834,200,3228.04100307726,3125.03120787006,3482.94087155282,3132.22180040214,3763.75169197986,3140.14332739376
356,-1557.68868847747,1118.17219579731,1.11817219579731,"gaussian","adaptive_sparse_group_lasso",1,0.0377113306383631,0.5,TRUE,"identity",FALSE,0.424906131708319,"compound_symmetry","gaussian",0.2,1000,50,1e-06,1,"PGD",0.9,TRUE,10,1,TRUE,0.042526117114193,44,1.24121708380506,302.096617933323,8.52198825314936,200,3203.37737695495,3117.85981112256,3417.47399488827,3123.89936520809,3650.59995901638,3130.47572723887
357,-1542.24352945,1079.90081043737,1.07990081043737,"gaussian","adaptive_sparse_group_lasso",1,0.0102932580393226,0.5,TRUE,"identity",FALSE,0.445977717016521,"compound_symmetry","gaussian",0.2,1000,50,1e-06,1,"PGD",0.9,TRUE,10,1,TRUE,0.00437288385151247,52,1.46689291722417,358.240654291071,10.1057822777177,200,3188.4870589,3087.42084473445,3442.72771319107,3094.59284117772,3718.24021625157,3102.36490539591
358,-1556.47645569521,1127.91444402645,1.12791444402645,"gaussian","adaptive_sparse_group_lasso",1,0.0157640027173003,0.5,TRUE,"identity",FALSE,0.369761730017727,"compound_symmetry","gaussian",0.2,1000,50,1e-06,1,"PGD",0.9,TRUE,10,1,TRUE,0.0087622620351479,63,1.77719718817543,430.235925738914,12.1367313884961,200,3238.95291139042,3116.50730576677,3543.18883712933,3125.08964277892,3876.98283122186,3134.50579750481
359,-1584.86430848687,1174.6339787797,1.1746339787797,"gaussian","adaptive_sparse_group_lasso",1,0.0092712497215969,0.5,TRUE,"identity",FALSE,0.452315684584035,"compound_symmetry","gaussian",0.2,1000,50,1e-06,1,"PGD",0.9,TRUE,10,1,TRUE,0.00355104163026959,53,1.49510239640155,363.058885534632,10.2417020716548,200,3275.72861697374,3172.71882176655,3532.78750250838,3179.9703190454,3813.59832293542,3187.89184603702
360,-1538.28855517387,1068.73588819111,1.06873588819111,"gaussian","adaptive_sparse_group_lasso",1,0.0131647080936946,0.5,TRUE,"identity",FALSE,0.459702422372963,"compound_symmetry","gaussian",0.2,1000,50,1e-06,1,"PGD",0.9,TRUE,10,1,TRUE,0.00683824430285283,54,1.52331187557894,373.667521981112,10.5409661805923,200,3184.57711034774,3079.62373409889,3450.24463232885,3087.11807652833,3736.35377012244,3095.18906629338
361,-1555.79474175289,1114.04315165828,1.11404315165828,"gaussian","adaptive_sparse_group_lasso",1,0.0711760039938723,0.5,TRUE,"identity",FALSE,0.424442394062592,"compound_symmetry","gaussian",0.2,1000,50,1e-06,1,"PGD",0.9,TRUE,10,1,TRUE,0.148839206811111,42,1.18479812545029,289.587200674381,8.16910410746198,200,3195.58948350578,3113.95907975668,3401.17668418016,3119.75858761324,3623.70601357518,3126.03602409717
362,-1533.81268145777,1058.47295649969,1.05847295649969,"gaussian","adaptive_sparse_group_lasso",1,0.00668168328686445,0.5,TRUE,"identity",FALSE,0.463620147517979,"compound_symmetry","gaussian",0.2,1000,50,1e-06,1,"PGD",0.9,TRUE,10,1,TRUE,0.00237972160151293,83,2.34138677172319,572.071063117681,16.1378267430043,200,3233.62536291554,3072.30813645899,3639.69642603322,3083.76318965855,4079.45676745671,3096.16859985297
363,-1528.0623820869,1063.35926487405,1.06335926487405,"gaussian","adaptive_sparse_group_lasso",1,0.00585115568237629,0.5,TRUE,"identity",FALSE,0.379774890144323,"compound_symmetry","gaussian",0.2,1000,50,1e-06,1,"PGD",0.9,TRUE,10,1,TRUE,0.00184038228922155,96,2.70811000102923,660.494929500034,18.6322179605014,200,3248.1247641738,3061.54098417586,3716.61969367384,3074.7569821343,4225.25816086245,3089.10540838328
364,-1534.83978044448,1063.76757367104,1.06376757367104,"gaussian","adaptive_sparse_group_lasso",1,0.0199539759095247,0.5,TRUE,"identity",FALSE,0.447315773438665,"compound_symmetry","gaussian",0.2,1000,50,1e-06,1,"PGD",0.9,TRUE,10,1,TRUE,0.0180921178507875,78,2.20033937583625,538.38843269939,15.1876572815799,200,3225.67956088896,3074.08023964063,3608.06799358835,3084.86721817054,4021.3367481791,3096.52531449783
365,-1560.42546370133,1132.38507097594,1.13238507097594,"gaussian","adaptive_sparse_group_lasso",1,0.0157441335375933,0.5,TRUE,"identity",FALSE,0.388650685431042,"compound_symmetry","gaussian",0.2,1000,50,1e-06,1,"PGD",0.9,TRUE,10,1,TRUE,0.00903546750427489,50,1.41047395886939,344.420878039306,9.71593358730744,200,3220.85092740267,3123.67187532041,3465.27180544197,3130.56686098997,3730.18767376937,3138.03999966132
366,-1535.65274838164,1078.99854449582,1.07899854449582,"gaussian","adaptive_sparse_group_lasso",1,0.0313509638780841,0.5,TRUE,"identity",FALSE,0.382567649011944,"compound_symmetry","gaussian",0.2,1000,50,1e-06,1,"PGD",0.9,TRUE,10,1,TRUE,0.0286947502534631,62,1.74898770899804,425.658770461945,12.0076122220187,200,3195.30549676329,3074.80347218128,3496.96426722523,3083.31310898531,3825.45994395121,3092.57980093777
367,-1563.94562010219,1133.62483782331,1.13362483782331,"gaussian","adaptive_sparse_group_lasso",1,0.016371419914828,0.5,TRUE,"identity",FALSE,0.418587477818148,"compound_symmetry","gaussian",0.2,1000,50,1e-06,1,"PGD",0.9,TRUE,10,1,TRUE,0.00930791327950621,50,1.41047395886939,344.971504835553,9.73146648245067,200,3227.89124020438,3130.71218812212,3472.86274503994,3137.62270668683,3737.77861336734,3145.09584535818
368,-1550.30227033164,1092.94151987734,1.09294151987734,"gaussian","adaptive_sparse_group_lasso",1,0.0836910332844679,0.5,TRUE,"identity",FALSE,0.468907521723628,"compound_symmetry","gaussian",0.2,1000,50,1e-06,1,"PGD",0.9,TRUE,10,1,TRUE,0.141804783628326,36,1.01554125038596,246.945853984672,6.96621392592286,200,3172.60454066328,3102.63562316405,3347.55039464795,3107.5707545892,3538.28981984368,3112.95141443257
369,-1572.82884419852,1147.20480204133,1.14720480204133,"gaussian","adaptive_sparse_group_lasso",1,0.0219519862652952,0.5,TRUE,"identity",FALSE,0.449875912162767,"compound_symmetry","gaussian",0.2,1000,50,1e-06,1,"PGD",0.9,TRUE,10,1,TRUE,0.0168817338651962,53,1.49510239640155,363.957098351371,10.2670401874055,200,3251.65768839704,3148.64789318985,3509.61478674842,3155.92472858445,3790.42560717546,3163.84625557607
370,-1561.04064270472,1124.3173622328,1.1243173622328,"gaussian","adaptive_sparse_group_lasso",1,0.0187025677102075,0.5,TRUE,"identity",FALSE,0.43136637357977,"compound_symmetry","gaussian",0.2,1000,50,1e-06,1,"PGD",0.9,TRUE,10,1,TRUE,0.0143888155123214,61,1.72077822982066,419.565595585859,11.8357269322276,200,3244.08128540944,3125.52284186908,3541.6468809953,3133.91701234167,3864.84424035473,3143.0342415207
371,-1584.28107728717,1185.28091170715,1.18528091170715,"gaussian","adaptive_sparse_group_lasso",1,0.0167010184188691,0.5,TRUE,"identity",FALSE,0.398808891670939,"compound_symmetry","gaussian",0.2,1000,50,1e-06,1,"PGD",0.9,TRUE,10,1,TRUE,0.0158136811132597,98,2.76452895938401,673.759859487628,19.006414726776,200,3364.56215457434,3174.09121249311,3842.32201406197,3187.56856930111,4361.55711598367,3202.21592109694
372,-1557.37744417493,1115.00974789149,1.11500974789149,"gaussian","adaptive_sparse_group_lasso",1,0.0327071521067539,0.5,TRUE,"identity",FALSE,0.436634340079143,"compound_symmetry","gaussian",0.2,1000,50,1e-06,1,"PGD",0.9,TRUE,10,1,TRUE,0.0440997494011263,53,1.49510239640155,364.402282418936,10.2795985980896,200,3220.75488834986,3117.74509314266,3479.15717076879,3125.03448694795,3759.96799119584,3132.95601393957
373,-1574.31067863198,1162.13062926391,1.16213062926391,"gaussian","adaptive_sparse_group_lasso",1,0.0207991888533784,0.5,TRUE,"identity",FALSE,0.397732307475767,"compound_symmetry","gaussian",0.2,1000,50,1e-06,1,"PGD",0.9,TRUE,10,1,TRUE,0.0178593358804052,52,1.46689291722417,355.625947762858,10.0320227683552,200,3252.62135726397,3151.55514309841,3504.24730502682,3158.65338003232,3779.75980808732,3166.42544425052
374,-1576.34498784704,1152.0604416972,1.1520604416972,"gaussian","adaptive_sparse_group_lasso",1,0.0272308000975674,0.5,TRUE,"identity",FALSE,0.465538855027432,"compound_symmetry","gaussian",0.2,1000,50,1e-06,1,"PGD",0.9,TRUE,10,1,TRUE,0.02672498649279,57,1.60794031311111,392.468677917621,11.0713369974941,200,3266.68997569408,3155.9058563203,3545.1586536117,3163.76131269157,3847.16274350494,3172.2806907769
375,-1531.39587827971,1069.06855392955,1.06906855392955,"gaussian","adaptive_sparse_group_lasso",1,0.0139088239710755,0.5,TRUE,"identity",FALSE,0.386112217452122,"compound_symmetry","gaussian",0.2,1000,50,1e-06,1,"PGD",0.9,TRUE,10,1,TRUE,0.00838708870931837,76,2.14392041748147,522.601136121572,14.7423058675007,200,3214.79175655941,3067.07959739438,3585.39289268098,3077.53406242691,3988.06501253863,3088.89323320735
376,-1557.43010057754,1106.11695891375,1.10611695891375,"gaussian","adaptive_sparse_group_lasso",1,0.0339369940499994,0.5,TRUE,"identity",FALSE,0.481985226655245,"compound_symmetry","gaussian",0.2,1000,50,1e-06,1,"PGD",0.9,TRUE,10,1,TRUE,0.0468387611515119,57,1.60794031311111,389.410790303858,10.9850755805268,200,3228.86020115507,3118.0760817813,3504.27099145893,3125.8452767356,3806.27508135217,3134.36465482093
377,-1548.10859015505,1101.60304720787,1.10160304720787,"gaussian","adaptive_sparse_group_lasso",1,0.0189005941213279,0.5,TRUE,"identity",FALSE,0.403159380150313,"compound_symmetry","gaussian",0.2,1000,50,1e-06,1,"PGD",0.9,TRUE,10,1,TRUE,0.0149324812754919,61,1.72077822982066,419.690151039261,11.8392405766968,200,3218.21718031011,3099.65873676975,3515.90733134937,3108.0564208868,3839.1046907088,3117.17365006584
378,-1526.6791414046,1058.81712310365,1.05881712310365,"gaussian","adaptive_sparse_group_lasso",1,0.0257904998471417,0.5,TRUE,"identity",FALSE,0.38709477587015,"compound_symmetry","gaussian",0.2,1000,50,1e-06,1,"PGD",0.9,TRUE,10,1,TRUE,0.0282119810731373,64,1.80540666735282,439.937399943139,12.4104049230501,200,3181.35828280919,3056.9690961439,3493.29568275233,3065.76868773224,3832.38799421141,3075.33430523156
379,-1548.38725346828,1102.89260447042,1.10289260447042,"gaussian","adaptive_sparse_group_lasso",1,0.0186053620635428,0.5,TRUE,"identity",FALSE,0.400086409999863,"compound_symmetry","gaussian",0.2,1000,50,1e-06,1,"PGD",0.9,TRUE,10,1,TRUE,0.0105703635674476,43,1.21300760462768,295.874758912278,8.34647285065055,200,3182.77450693655,3099.20052214581,3392.64926584883,3105.1209797872,3620.4769126104,3111.54787904456
380,-1542.08387399725,1100.83230722731,1.10083230722731,"gaussian","adaptive_sparse_group_lasso",1,0.0242453309538653,0.5,TRUE,"identity",FALSE,0.349174581700609,"compound_symmetry","gaussian",0.2,1000,50,1e-06,1,"PGD",0.9,TRUE,10,1,TRUE,0.0188570932077866,42,1.18479812545029,288.592770972258,8.14105176348657,200,3168.1677479945,3086.5373442454,3372.76051896675,3092.30879975798,3595.28984836177,3098.58623624191
381,-1557.43717156141,1114.3931612633,1.1143931612633,"gaussian","adaptive_sparse_group_lasso",1,0.0290712090436145,0.5,TRUE,"identity",FALSE,0.440255883394303,"compound_symmetry","gaussian",0.2,1000,50,1e-06,1,"PGD",0.9,TRUE,10,1,TRUE,0.0269717970254423,41,1.1565886462729,280.363308604688,7.90890291618751,200,3196.87434312283,3117.18752041537,3395.23765172752,3122.78324603901,3612.46866375598,3128.91121974951
382,-1578.53895604065,1157.6525889434,1.1576525889434,"gaussian","adaptive_sparse_group_lasso",1,0.0357391008151258,0.5,TRUE,"identity",FALSE,0.462975098305585,"compound_symmetry","gaussian",0.2,1000,50,1e-06,1,"PGD",0.9,TRUE,10,1,TRUE,0.0412155887945283,43,1.21300760462768,295.222656203926,8.32807737287777,200,3243.0779120813,3159.50392729056,3452.30056828523,3165.40598945418,3680.1282150468,3171.83288871154
383,-1560.45415311008,1119.52664508674,1.11952664508674,"gaussian","adaptive_sparse_group_lasso",1,0.0225123719116401,0.5,TRUE,"identity",FALSE,0.448080956867984,"compound_symmetry","gaussian",0.2,1000,50,1e-06,1,"PGD",0.9,TRUE,10,1,TRUE,0.0155566192223631,42,1.18479812545029,288.487020186173,8.13806858888851,200,3204.90830622016,3123.27790247106,3409.39532640633,3129.04637480904,3631.92465580135,3135.32381129297
384,-1558.13047451308,1122.24470554421,1.12224470554421,"gaussian","adaptive_sparse_group_lasso",1,0.0113930251132568,0.5,TRUE,"identity",FALSE,0.410658057403414,"compound_symmetry","gaussian",0.2,1000,50,1e-06,1,"PGD",0.9,TRUE,10,1,TRUE,0.00536244548908727,63,1.77719718817543,433.46135029958,12.2277189354784,200,3242.26094902617,3119.81534340252,3549.72229932575,3128.48866796165,3883.51629341828,3137.90482268754
385,-1571.69023375343,1135.40980226453,1.13540980226453,"gaussian","adaptive_sparse_group_lasso",1,0.0154612273026239,0.5,TRUE,"identity",FALSE,0.496016139652608,"compound_symmetry","gaussian",0.2,1000,50,1e-06,1,"PGD",0.9,TRUE,10,1,TRUE,0.0103504874252712,55,1.55152135475633,378.189166400805,10.6685194146972,200,3253.38046750686,3146.48351021638,3521.56963390767,3154.04898692156,3812.97708906781,3162.26943946004
386,-1558.00259393749,1126.49915691112,1.12649915691112,"gaussian","adaptive_sparse_group_lasso",1,0.0501350653721442,0.5,TRUE,"identity",FALSE,0.390440553474537,"compound_symmetry","gaussian",0.2,1000,50,1e-06,1,"PGD",0.9,TRUE,10,1,TRUE,0.0530610593994856,35,0.987331771208573,240.103509758007,6.77319495893624,200,3186.00518787497,3117.97985141739,3356.10869763298,3122.77838283391,3541.54980546216,3128.00957990385
387,-1539.68348042318,1077.03142105126,1.07703142105126,"gaussian","adaptive_sparse_group_lasso",1,0.00560700440960983,0.5,TRUE,"identity",FALSE,0.432713313875102,"compound_symmetry","gaussian",0.2,1000,50,1e-06,1,"PGD",0.9,TRUE,10,1,TRUE,0.0016266991799471,94,2.65169104267446,646.344421378437,18.2330394962958,200,3267.36696084636,3084.67034293171,3725.7113822248,3097.60000034266,4223.75321468031,3111.64950104478
388,-1509.87568487515,1028.11125732185,1.02811125732185,"gaussian","adaptive_sparse_group_lasso",1,0.0233709475863911,0.5,TRUE,"identity",FALSE,0.367163516116806,"compound_symmetry","gaussian",0.2,1000,50,1e-06,1,"PGD",0.9,TRUE,10,1,TRUE,0.0201127315103781,47,1.32584552133723,324.748611562555,9.16098919575949,200,3113.75136975031,3022.40306079298,3344.49998131286,3028.91235894607,3593.52089754062,3035.93710929713
389,-1560.33568719127,1106.59350993768,1.10659350993768,"gaussian","adaptive_sparse_group_lasso",1,0.0259341400872855,0.5,TRUE,"identity",FALSE,0.514156265444538,"compound_symmetry","gaussian",0.2,1000,50,1e-06,1,"PGD",0.9,TRUE,10,1,TRUE,0.0223007965551359,56,1.57973083393372,386.739436972753,10.9097180943576,200,3232.67137438255,3123.83083605041,3507.4108113553,3131.5810924769,3804.11658388199,3139.95100778881
390,-1544.05191977482,1088.37370691002,1.08837370691002,"gaussian","adaptive_sparse_group_lasso",1,0.0146146111358031,0.5,TRUE,"identity",FALSE,0.423528890848455,"compound_symmetry","gaussian",0.2,1000,50,1e-06,1,"PGD",0.9,TRUE,10,1,TRUE,0.00899228169372859,69,1.94645406323976,472.084144486007,13.317247843853,200,3226.10383954965,3091.99674767613,3560.18798403566,3101.4210873935,3925.77188232747,3111.73401875995
391,-1563.63469670356,1125.64546675183,1.12564546675183,"gaussian","adaptive_sparse_group_lasso",1,0.0307701244976019,0.5,TRUE,"identity",FALSE,0.453093609225675,"compound_symmetry","gaussian",0.2,1000,50,1e-06,1,"PGD",0.9,TRUE,10,1,TRUE,0.0310663391958439,59,1.66435927146588,403.566059933275,11.3843883643881,200,3245.26939340712,3130.59811195005,3530.8354533404,3138.65378177151,3843.43617796673,3147.47208540369
392,-1557.90215708479,1114.67744198416,1.11467744198416,"gaussian","adaptive_sparse_group_lasso",1,0.0187764049943576,0.5,TRUE,"identity",FALSE,0.443914426359429,"compound_symmetry","gaussian",0.2,1000,50,1e-06,1,"PGD",0.9,TRUE,10,1,TRUE,0.0133260789246785,52,1.46689291722417,360.523398471575,10.170177302145,200,3219.80431416957,3118.73810000402,3476.32771264115,3125.97449147172,3751.84021570165,3133.74655568991
393,-1550.4130127365,1109.46770188814,1.10946770188814,"gaussian","adaptive_sparse_group_lasso",1,0.0376255826274045,0.5,TRUE,"identity",FALSE,0.390711437844897,"compound_symmetry","gaussian",0.2,1000,50,1e-06,1,"PGD",0.9,TRUE,10,1,TRUE,0.052879126882228,46,1.29763604215984,315.490352132861,8.8998185191587,200,3192.826025473,3103.42129755732,3416.31637760586,3109.72584399216,3660.03897646707,3116.60113156979
394,-1558.4824826655,1119.40357965687,1.11940357965687,"gaussian","adaptive_sparse_group_lasso",1,0.0187598885370701,0.5,TRUE,"identity",FALSE,0.427468380910189,"compound_symmetry","gaussian",0.2,1000,50,1e-06,1,"PGD",0.9,TRUE,10,1,TRUE,0.0152710085014561,59,1.66435927146588,407.168309088204,11.4860059369159,200,3234.964965331,3120.29368387393,3524.1332744192,3128.45097126791,3836.73399904554,3137.2692749001
395,-1557.06030714525,1104.99951296583,1.10499951296583,"gaussian","adaptive_sparse_group_lasso",1,0.0358207381539963,0.5,TRUE,"identity",FALSE,0.483565513762911,"compound_symmetry","gaussian",0.2,1000,50,1e-06,1,"PGD",0.9,TRUE,10,1,TRUE,0.0394945628456925,57,1.60794031311111,392.647980138267,11.0763950197538,200,3228.12061429051,3117.33649491673,3506.76859442878,3125.19700931026,3808.77268432201,3133.71638739559
396,-1561.36603132486,1117.31612748689,1.11731612748689,"gaussian","adaptive_sparse_group_lasso",1,0.0087254528759605,0.5,TRUE,"identity",FALSE,0.469310056417925,"compound_symmetry","gaussian",0.2,1000,50,1e-06,1,"PGD",0.9,TRUE,10,1,TRUE,0.00325488033824975,61,1.72077822982066,421.902945443341,11.9016623543625,200,3244.73206264973,3126.17361910937,3544.63500809307,3134.63372500409,3867.8323674525,3143.75095418313
397,-1618.60779566696,1253.15548159122,1.25315548159122,"gaussian","adaptive_sparse_group_lasso",1,0.0265402148530791,0.5,TRUE,"identity",FALSE,0.467878722073039,"compound_symmetry","gaussian",0.2,1000,50,1e-06,1,"PGD",0.9,TRUE,10,1,TRUE,0.0291305551482268,61,1.72077822982066,420.748588598502,11.8690985489848,200,3359.21559133392,3240.65714779356,3657.96417993243,3249.08468988291,3981.16153929186,3258.20191906195
398,-1530.40167077191,1047.70393897765,1.04770393897765,"gaussian","adaptive_sparse_group_lasso",1,0.0205945251030099,0.5,TRUE,"identity",FALSE,0.483137196540942,"compound_symmetry","gaussian",0.2,1000,50,1e-06,1,"PGD",0.9,TRUE,10,1,TRUE,0.014603999925593,49,1.382264479692,336.068670627949,9.48032216625154,200,3158.80334154382,3063.5678705032,3396.87201217177,3070.28366371007,3656.48956313262,3077.60733960798
399,-1570.77666063957,1142.19259390392,1.14219259390392,"gaussian","adaptive_sparse_group_lasso",1,0.0321561167391681,0.5,TRUE,"identity",FALSE,0.451386107345625,"compound_symmetry","gaussian",0.2,1000,50,1e-06,1,"PGD",0.9,TRUE,10,1,TRUE,0.032393302729037,44,1.24121708380506,301.82887084321,8.51443524718601,200,3229.55332127914,3144.03575544675,3443.38219212235,3150.06775652633,3676.50815625046,3156.64411855711
400,-1522.27107327272,1040.49329033173,1.04049329033173,"gaussian","adaptive_sparse_group_lasso",1,0.035384258235438,0.5,TRUE,"identity",FALSE,0.431058297887013,"compound_symmetry","gaussian",0.2,1000,50,1e-06,1,"PGD",0.9,TRUE,10,1,TRUE,0.0400446459478016,52,1.46689291722417,358.144310297375,10.1030644638337,200,3148.54214654543,3047.47593237988,3402.68645684281,3054.64521100926,3678.1989599033,3062.41727522746
401,-2316.03986735159,1654.90545679788,1.10327030453192,"gaussian","adaptive_sparse_group_lasso",1,0.0083416937554742,0.5,TRUE,"identity",FALSE,0.356753269634701,"compound_symmetry","gaussian",0.2,1000,50,1e-06,1,"PGD",0.9,TRUE,10,1,TRUE,0.00257537375950326,65,1.83361614653021,472.557642802223,13.3306049847448,200,4762.07973470319,4635.74696699625,5104.63737750541,4645.41033968793,5449.02800633103,4655.12541996068
402,-2400.67751982648,1809.7819393772,1.20652129291814,"gaussian","adaptive_sparse_group_lasso",1,0.0166492952751991,0.5,TRUE,"identity",FALSE,0.477102893337396,"compound_symmetry","gaussian",0.2,1000,50,1e-06,1,"PGD",0.9,TRUE,10,1,TRUE,0.0109538269294311,62,1.74898770899804,450.314295445475,12.7031317406492,200,4925.35503965297,4804.85301507096,5251.66933509844,4814.05817139362,5580.16501182442,4823.32486334608
403,-2324.67626087365,1666.74812738868,1.11116541825912,"gaussian","adaptive_sparse_group_lasso",1,0.00352001889739957,0.5,TRUE,"identity",FALSE,0.377225483647151,"compound_symmetry","gaussian",0.2,1000,50,1e-06,1,"PGD",0.9,TRUE,10,1,TRUE,0.000623373071315275,92,2.59527208431968,670.7982147096,18.9228682700794,200,4833.35252174729,4654.54306591593,5320.15073645689,4668.27539001737,5807.59593417931,4682.02596517264
404,-2357.84099990094,1731.55198400883,1.15436798933922,"gaussian","adaptive_sparse_group_lasso",1,0.0177989245589071,0.5,TRUE,"identity",FALSE,0.40712094846416,"compound_symmetry","gaussian",0.2,1000,50,1e-06,1,"PGD",0.9,TRUE,10,1,TRUE,0.0115776363562664,52,1.46689291722417,379.001861554965,10.691445121726,200,4819.68199980187,4718.61578563632,5094.68386135684,4726.3734449236,5370.19636441733,4734.14550914179
405,-2368.69764994822,1742.55294136564,1.16170196091043,"gaussian","adaptive_sparse_group_lasso",1,0.0210120002736023,0.5,TRUE,"identity",FALSE,0.45014037862087,"compound_symmetry","gaussian",0.2,1000,50,1e-06,1,"PGD",0.9,TRUE,10,1,TRUE,0.0142304856823039,42,1.18479812545029,306.331395298933,8.64144911706542,200,4821.39529989643,4739.76489614733,5043.72669519536,4746.0367490135,5266.25602459038,4752.31418549742
406,-2329.98415412648,1668.76446363695,1.11250964242464,"gaussian","adaptive_sparse_group_lasso",1,0.0170827312974093,0.5,TRUE,"identity",FALSE,0.406067918498167,"compound_symmetry","gaussian",0.2,1000,50,1e-06,1,"PGD",0.9,TRUE,10,1,TRUE,0.00981652332505142,46,1.29763604215984,336.700088064857,9.49813412329022,200,4751.96830825296,4662.56358033728,4996.66839631782,4669.46644237625,5240.39099517903,4676.34172995389
407,-2332.07946748421,1664.22633226947,1.10948422151298,"gaussian","adaptive_sparse_group_lasso",1,0.0334744402798041,0.5,TRUE,"identity",FALSE,0.43477173985776,"compound_symmetry","gaussian",0.2,1000,50,1e-06,1,"PGD",0.9,TRUE,10,1,TRUE,0.04530192487451,51,1.43868343804678,370.318192777354,10.4464833481606,200,4766.15893496841,4667.03630184451,5034.47712774577,4674.60541831657,5304.69131343972,4682.22801976134
408,-2347.32295300082,1700.75188744726,1.13383459163151,"gaussian","adaptive_sparse_group_lasso",1,0.0140923401667963,0.5,TRUE,"identity",FALSE,0.427413871985003,"compound_symmetry","gaussian",0.2,1000,50,1e-06,1,"PGD",0.9,TRUE,10,1,TRUE,0.00812605763561257,52,1.46689291722417,378.35664191635,10.6732438117656,200,4798.64590600164,4697.57969183608,5073.00254791799,4705.3191498134,5348.51505097848,4713.0912140316
409,-2309.30642329867,1606.2875753705,1.07085838358033,"gaussian","adaptive_sparse_group_lasso",1,0.0177243227607373,0.5,TRUE,"identity",FALSE,0.462587280558931,"compound_symmetry","gaussian",0.2,1000,50,1e-06,1,"PGD",0.9,TRUE,10,1,TRUE,0.0126816675783433,52,1.46689291722417,379.056822971532,10.6929955546622,200,4722.61284659734,4621.54663243179,4997.66966956887,4629.305842152,5273.18217262937,4637.07790637019
410,-2325.47556688644,1642.6857850115,1.09512385667434,"gaussian","adaptive_sparse_group_lasso",1,0.027203014456812,0.5,TRUE,"identity",FALSE,0.457836402446271,"compound_symmetry","gaussian",0.2,1000,50,1e-06,1,"PGD",0.9,TRUE,10,1,TRUE,0.021837557787881,48,1.35405500051462,349.226993239345,9.85151159396706,200,4746.95113377288,4653.65924377391,5000.17812701222,4660.80264536685,5254.49736060653,4667.97685849134
411,-2326.59915232779,1656.99170299119,1.10466113532746,"gaussian","adaptive_sparse_group_lasso",1,0.0268659496074721,0.5,TRUE,"identity",FALSE,0.419223965152187,"compound_symmetry","gaussian",0.2,1000,50,1e-06,1,"PGD",0.9,TRUE,10,1,TRUE,0.0185757811389781,47,1.32584552133723,343.536952550227,9.6909985096289,200,4747.19830465559,4655.84999569826,4996.73525720581,4662.88930316522,5245.75617343357,4669.91405351628
412,-2336.34521057529,1688.31729776315,1.12554486517543,"gaussian","adaptive_sparse_group_lasso",1,0.00468783711443201,0.5,TRUE,"identity",FALSE,0.390289761407361,"compound_symmetry","gaussian",0.2,1000,50,1e-06,1,"PGD",0.9,TRUE,10,1,TRUE,0.00100919790033446,71,2.00287302159453,517.06196908421,14.5860488503002,200,4814.69042115059,4676.69616719378,5189.7523902348,4687.27647000089,5565.93292325971,4697.88832691419
413,-2344.93475066357,1693.71627437633,1.12914418291755,"gaussian","adaptive_sparse_group_lasso",1,0.01567559789413,0.5,TRUE,"identity",FALSE,0.432507159246484,"compound_symmetry","gaussian",0.2,1000,50,1e-06,1,"PGD",0.9,TRUE,10,1,TRUE,0.0079741777265675,54,1.52331187557894,392.826701096575,11.0814366449058,200,4797.86950132713,4692.91612507829,5082.69620242371,4700.95093797204,5368.8053402173,4709.02192773709
414,-2295.82038284242,1597.19850206166,1.06479900137444,"gaussian","adaptive_sparse_group_lasso",1,0.016968049023431,0.5,TRUE,"identity",FALSE,0.397441249086791,"compound_symmetry","gaussian",0.2,1000,50,1e-06,1,"PGD",0.9,TRUE,10,1,TRUE,0.0108712771945675,55,1.55152135475633,399.41636225562,11.2673275541579,200,4701.64076568484,4594.74380839435,4991.05712794046,4602.908093239,5282.4645831006,4611.12854577748
415,-2300.73317661713,1590.17335444694,1.06011556963129,"gaussian","adaptive_sparse_group_lasso",1,0.00572411887906656,0.5,TRUE,"identity",FALSE,0.455052428716517,"compound_symmetry","gaussian",0.2,1000,50,1e-06,1,"PGD",0.9,TRUE,10,1,TRUE,0.00156853683593578,57,1.60794031311111,415.455166990555,11.7197738823582,200,4715.46635323427,4604.68223386049,5016.92152022482,4613.18612711663,5318.92561011806,4621.70550520196
416,-2345.14614101995,1698.82571474278,1.13255047649518,"gaussian","adaptive_sparse_group_lasso",1,0.00420525513214473,0.5,TRUE,"identity",FALSE,0.418164755815853,"compound_symmetry","gaussian",0.2,1000,50,1e-06,1,"PGD",0.9,TRUE,10,1,TRUE,0.00106339572896929,106,2.99020479280311,772.216436616172,21.7838234891605,200,4902.2922820399,4696.27269162551,5462.50871865607,4712.07610552906,6024.13035951017,4727.91915951231
417,-2305.98850774591,1603.26634070045,1.06884422713363,"gaussian","adaptive_sparse_group_lasso",1,0.0146628651103349,0.5,TRUE,"identity",FALSE,0.448470736976161,"compound_symmetry","gaussian",0.2,1000,50,1e-06,1,"PGD",0.9,TRUE,10,1,TRUE,0.00896627081434532,52,1.46689291722417,378.890895284544,10.6883148210312,200,4715.97701549183,4614.91080132627,4990.86791077637,4622.66533031286,5266.38041383687,4630.43739453105
418,-2334.16759479122,1675.51062010232,1.11700708006821,"gaussian","adaptive_sparse_group_lasso",1,0.00345071837613956,0.5,TRUE,"identity",FALSE,0.413939489473811,"compound_symmetry","gaussian",0.2,1000,50,1e-06,1,"PGD",0.9,TRUE,10,1,TRUE,0.000592391224830464,77,2.17212989665886,558.124995276458,15.7444154326309,200,4822.33518958243,4672.67944937575,5226.46018485889,4684.07960501506,5634.43062208309,4695.58823856893
419,-2323.35319790113,1630.66727777127,1.08711151851418,"gaussian","adaptive_sparse_group_lasso",1,0.0122892280648651,0.5,TRUE,"identity",FALSE,0.483590887662982,"compound_symmetry","gaussian",0.2,1000,50,1e-06,1,"PGD",0.9,TRUE,10,1,TRUE,0.00598484559085423,54,1.52331187557894,393.888908205868,11.1114009542375,200,4754.70639580227,4649.75301955343,5040.59530400814,4657.81779675651,5326.70444180173,4665.88878652155
420,-2353.02254653344,1696.97866198075,1.13131910798717,"gaussian","adaptive_sparse_group_lasso",1,0.00711868976567513,0.5,TRUE,"identity",FALSE,0.481837055217821,"compound_symmetry","gaussian",0.2,1000,50,1e-06,1,"PGD",0.9,TRUE,10,1,TRUE,0.00238775673483333,77,2.17212989665886,560.115740737524,15.8005733252623,200,4860.04509306688,4710.3893528602,5266.1608338044,4721.84566639214,5674.1312710286,4733.35429994601
421,-2317.28456845628,1624.70252328134,1.0831350155209,"gaussian","adaptive_sparse_group_lasso",1,0.012785412239165,0.5,TRUE,"identity",FALSE,0.458319186756412,"compound_symmetry","gaussian",0.2,1000,50,1e-06,1,"PGD",0.9,TRUE,10,1,TRUE,0.00659910650984312,50,1.41047395886939,364.88017057518,10.2930795740822,200,4734.56913691257,4637.3900848303,4999.44930748774,4644.86221648665,5264.36517581515,4652.33535515799
422,-2288.88560804137,1564.69803288218,1.04313202192146,"gaussian","adaptive_sparse_group_lasso",1,0.00246160202318842,0.5,TRUE,"identity",FALSE,0.457017593421347,"compound_symmetry","gaussian",0.2,1000,50,1e-06,1,"PGD",0.9,TRUE,10,1,TRUE,0.000343802226770454,105,2.96199531362572,765.018386298511,21.5807702386067,200,4787.77121608273,4583.69520670999,5342.78960238125,4599.35198632134,5899.11292586879,4615.04557753116
423,-2235.38293948523,1466.49111343749,0.977660742291663,"gaussian","adaptive_sparse_group_lasso",1,0.0153996778294275,0.5,TRUE,"identity",FALSE,0.421876497829868,"compound_symmetry","gaussian",0.2,1000,50,1e-06,1,"PGD",0.9,TRUE,10,1,TRUE,0.00933459462728538,52,1.46689291722417,379.982449145001,10.7191069869287,200,4574.76587897045,4473.6996648049,4850.74832811546,4481.48498595738,5126.26083117595,4489.25705017558
424,-2298.5889574317,1590.34576113117,1.06023050742078,"gaussian","adaptive_sparse_group_lasso",1,0.00432472280772451,0.5,TRUE,"identity",FALSE,0.43882392323762,"compound_symmetry","gaussian",0.2,1000,50,1e-06,1,"PGD",0.9,TRUE,10,1,TRUE,0.000804554686340701,67,1.89003510488498,488.013534011315,13.7666076259756,200,4731.17791486339,4600.95798507316,5085.19144887471,4610.94452248937,5440.17871243343,4620.95852830897
425,-2349.34049871454,1706.71937382102,1.13781291588068,"gaussian","adaptive_sparse_group_lasso",1,0.0117403467251088,0.5,TRUE,"identity",FALSE,0.423145828399107,"compound_symmetry","gaussian",0.2,1000,50,1e-06,1,"PGD",0.9,TRUE,10,1,TRUE,0.0056710719151162,70,1.97466354241715,509.724182858348,14.3790537225536,200,4838.68099742908,4702.63032451391,5208.40518028742,4713.06005115163,5579.28739594579,4723.52244529151
426,-2306.84005724406,1594.80822112375,1.06320548074917,"gaussian","adaptive_sparse_group_lasso",1,0.0102940417191819,0.5,TRUE,"identity",FALSE,0.484866208829456,"compound_symmetry","gaussian",0.2,1000,50,1e-06,1,"PGD",0.9,TRUE,10,1,TRUE,0.00469049776411936,57,1.60794031311111,413.886133622219,11.6755122682255,200,4727.68011448811,4616.89599511433,5027.56624811033,4625.35562675634,5329.57033800357,4633.87500484167
427,-2316.23491279139,1626.91253606551,1.08460835737701,"gaussian","adaptive_sparse_group_lasso",1,0.0111133530470513,0.5,TRUE,"identity",FALSE,0.443126405365934,"compound_symmetry","gaussian",0.2,1000,50,1e-06,1,"PGD",0.9,TRUE,10,1,TRUE,0.00544297946228564,69,1.94645406323976,502.200380243853,14.1668111693652,200,4770.46982558277,4636.36273370925,5134.67020582662,4646.63663675214,5500.25410411844,4656.94956811859
428,-2350.97144678091,1713.38546009358,1.14225697339572,"gaussian","adaptive_sparse_group_lasso",1,0.0144070482448618,0.5,TRUE,"identity",FALSE,0.414206232177944,"compound_symmetry","gaussian",0.2,1000,50,1e-06,1,"PGD",0.9,TRUE,10,1,TRUE,0.0066742247265324,38,1.07196020874074,274.569488441411,7.745462266934,200,4777.94289356182,4704.0868139793,4976.51238200323,4709.68835582875,5177.84844193205,4715.36794121897
429,-2284.72800261078,1563.17103820173,1.04211402546782,"gaussian","adaptive_sparse_group_lasso",1,0.0203475335863821,0.5,TRUE,"identity",FALSE,0.432150257804896,"compound_symmetry","gaussian",0.2,1000,50,1e-06,1,"PGD",0.9,TRUE,10,1,TRUE,0.0164940857203375,73,2.05929197994931,531.134296722203,14.9830218837815,200,4715.45600522156,4573.57458918146,5100.59030194376,4584.43902710534,5487.36746970177,4595.3498095655
430,-2333.08350202391,1674.76891283416,1.11651260855611,"gaussian","adaptive_sparse_group_lasso",1,0.0187469983076974,0.5,TRUE,"identity",FALSE,0.408812051179205,"compound_symmetry","gaussian",0.2,1000,50,1e-06,1,"PGD",0.9,TRUE,10,1,TRUE,0.0142577420890454,60,1.69256875064327,437.458535478342,12.3404774475469,200,4786.16700404782,4669.55214154911,5103.62553952617,4678.50748149537,5421.52458151905,4687.47524790098
431,-2300.96943302571,1601.84660510384,1.06789773673589,"gaussian","adaptive_sparse_group_lasso",1,0.0142306892175561,0.5,TRUE,"identity",FALSE,0.417532395873657,"compound_symmetry","gaussian",0.2,1000,50,1e-06,1,"PGD",0.9,TRUE,10,1,TRUE,0.00655204260650153,52,1.46689291722417,378.918297887173,10.6890878341794,200,4705.93886605143,4604.87265188587,4980.8571639386,4612.6279538856,5256.3696669991,4620.4000181038
432,-2337.99915284767,1671.07345491305,1.11404896994204,"gaussian","adaptive_sparse_group_lasso",1,0.0102480249141864,0.5,TRUE,"identity",FALSE,0.455412215073274,"compound_symmetry","gaussian",0.2,1000,50,1e-06,1,"PGD",0.9,TRUE,10,1,TRUE,0.00582903255958157,85,2.39780573007797,618.190453654767,17.4388307300341,200,4845.99830569534,4680.79391715549,5294.1887593501,4693.43713642537,5744.54573550668,4706.14147216665
433,-2275.04111629876,1547.09814834226,1.03139876556151,"gaussian","adaptive_sparse_group_lasso",1,0.0110391583596763,0.5,TRUE,"identity",FALSE,0.418594368901662,"compound_symmetry","gaussian",0.2,1000,50,1e-06,1,"PGD",0.9,TRUE,10,1,TRUE,0.00436884021179789,43,1.21300760462768,313.098093363418,8.83233414521517,200,4636.08223259753,4552.50824780679,4863.18032596095,4558.91456674274,5091.00797272251,4565.3414660001
434,-2354.55948523841,1720.71193648301,1.14714129098868,"gaussian","adaptive_sparse_group_lasso",1,0.0285129148865031,0.5,TRUE,"identity",FALSE,0.4168723068761,"compound_symmetry","gaussian",0.2,1000,50,1e-06,1,"PGD",0.9,TRUE,10,1,TRUE,0.0246941954976545,42,1.18479812545029,307.039131288972,8.66141398073949,200,4793.11897047682,4711.48856672772,5016.15810176579,4717.78038445756,5238.68743116081,4724.05782094148
435,-2333.0406504822,1667.57153078045,1.11171435385364,"gaussian","adaptive_sparse_group_lasso",1,0.0196614052480342,0.5,TRUE,"identity",FALSE,0.430900874610228,"compound_symmetry","gaussian",0.2,1000,50,1e-06,1,"PGD",0.9,TRUE,10,1,TRUE,0.0169756925717511,46,1.29763604215984,334.300390926944,9.43043991684623,200,4758.0813009644,4668.67657304872,5000.38169189134,4675.51174088125,5244.10429075255,4682.38702845888
436,-2334.50361686019,1664.25164082179,1.10950109388119,"gaussian","adaptive_sparse_group_lasso",1,0.027435135203663,0.5,TRUE,"identity",FALSE,0.452255013313316,"compound_symmetry","gaussian",0.2,1000,50,1e-06,1,"PGD",0.9,TRUE,10,1,TRUE,0.0250434884318831,55,1.55152135475633,400.1487624696,11.2879881827437,200,4779.00723372038,4672.11027642989,5069.15599618998,4680.29522190313,5360.56345135012,4688.5156744416
437,-2319.98127829144,1631.75316716425,1.08783544477617,"gaussian","adaptive_sparse_group_lasso",1,0.0193808881014251,0.5,TRUE,"identity",FALSE,0.454232524829681,"compound_symmetry","gaussian",0.2,1000,50,1e-06,1,"PGD",0.9,TRUE,10,1,TRUE,0.0132390016518019,51,1.43868343804678,371.649439892129,10.4840371359249,200,4741.96255658287,4642.83992345897,5011.611996475,4650.4465937188,5281.82618216895,4658.06919516357
438,-2298.33134774635,1588.55908877342,1.05903939251561,"gaussian","adaptive_sparse_group_lasso",1,0.00683527838292684,0.5,TRUE,"identity",FALSE,0.443046447061771,"compound_symmetry","gaussian",0.2,1000,50,1e-06,1,"PGD",0.9,TRUE,10,1,TRUE,0.00223523555835809,72,2.03108250077192,524.160830317309,14.7863040284384,200,4740.66269549271,4600.72486049425,5120.82352581002,4611.44899952115,5502.30237620148,4622.21031920788
439,-2293.42291466449,1574.46024601639,1.04964016401093,"gaussian","adaptive_sparse_group_lasso",1,0.0120851954245821,0.5,TRUE,"identity",FALSE,0.456071938960522,"compound_symmetry","gaussian",0.2,1000,50,1e-06,1,"PGD",0.9,TRUE,10,1,TRUE,0.00496695545433044,44,1.24121708380506,319.45326477527,9.01161022082653,200,4674.84582932899,4589.3282634966,4906.29909410426,4595.85743954981,5139.42505823237,4602.43380158059
440,-2346.36205859939,1692.94373644125,1.1286291576275,"gaussian","adaptive_sparse_group_lasso",1,0.0190013482803804,0.5,TRUE,"identity",FALSE,0.445219985047482,"compound_symmetry","gaussian",0.2,1000,50,1e-06,1,"PGD",0.9,TRUE,10,1,TRUE,0.014104088463751,50,1.41047395886939,363.294711044789,10.2483545864731,200,4792.72411719877,4695.54506511651,5056.01882824356,4702.97247178525,5320.93469657096,4710.44561045659
441,-2351.4939676609,1720.24731977493,1.14683154651662,"gaussian","adaptive_sparse_group_lasso",1,0.0196814671996253,0.5,TRUE,"identity",FALSE,0.39751355107455,"compound_symmetry","gaussian",0.2,1000,50,1e-06,1,"PGD",0.9,TRUE,10,1,TRUE,0.0142994538091679,43,1.21300760462768,315.100827915846,8.88883024386972,200,4788.98793532179,4705.41395053105,5018.08876323764,4711.87676556566,5245.91640999921,4718.30366482302
442,-2345.31415468718,1689.20062838703,1.12613375225802,"gaussian","adaptive_sparse_group_lasso",1,0.031233905548634,0.5,TRUE,"identity",FALSE,0.449688546094929,"compound_symmetry","gaussian",0.2,1000,50,1e-06,1,"PGD",0.9,TRUE,10,1,TRUE,0.0288780288935754,36,1.01554125038596,262.659627624891,7.4094912962248,200,4762.62830937437,4692.65939187514,4953.28793699926,4698.03780067059,5144.02736219499,4703.41846051396
443,-2318.54138693714,1635.39915235484,1.09026610156989,"gaussian","adaptive_sparse_group_lasso",1,0.0105973788564412,0.5,TRUE,"identity",FALSE,0.431693246005533,"compound_symmetry","gaussian",0.2,1000,50,1e-06,1,"PGD",0.9,TRUE,10,1,TRUE,0.00461126252679904,51,1.43868343804678,371.160462163971,10.4702433288842,200,4739.08277387428,4639.96014075038,5008.24323603825,4647.55301720317,5278.4574217322,4655.17561864794
444,-2312.22100113913,1607.35951745255,1.07157301163503,"gaussian","adaptive_sparse_group_lasso",1,0.0360094432716061,0.5,TRUE,"identity",FALSE,0.480991506401585,"compound_symmetry","gaussian",0.2,1000,50,1e-06,1,"PGD",0.9,TRUE,10,1,TRUE,0.0423604688776184,42,1.18479812545029,303.477925477968,8.56095421956758,200,4708.44200227827,4626.81159852917,4927.91992775623,4633.00295649783,5150.44925715125,4639.28039298176
445,-2309.37906855882,1619.00405268747,1.07933603512498,"gaussian","adaptive_sparse_group_lasso",1,0.00459675321502941,0.5,TRUE,"identity",FALSE,0.420432261371724,"compound_symmetry","gaussian",0.2,1000,50,1e-06,1,"PGD",0.9,TRUE,10,1,TRUE,0.00097858676446841,61,1.72077822982066,442.821122576409,12.4917532366267,200,4740.75813711765,4622.19969357729,5061.57925969406,4631.24989035428,5384.77661905349,4640.36711953331
446,-2302.80586011327,1581.5169320622,1.0543446213748,"gaussian","adaptive_sparse_group_lasso",1,0.00614501041748491,0.5,TRUE,"identity",FALSE,0.502618325798379,"compound_symmetry","gaussian",0.2,1000,50,1e-06,1,"PGD",0.9,TRUE,10,1,TRUE,0.00193420261600914,73,2.05929197994931,530.774343089368,14.9728677792712,200,4751.61172022655,4609.73030418645,5136.38606331592,4620.58458800582,5523.16323107392,4631.49537046598
447,-2320.54497245835,1625.52932835065,1.08368621890043,"gaussian","adaptive_sparse_group_lasso",1,0.00700980973120153,0.5,TRUE,"identity",FALSE,0.480166541663028,"compound_symmetry","gaussian",0.2,1000,50,1e-06,1,"PGD",0.9,TRUE,10,1,TRUE,0.00208624538472144,67,1.89003510488498,487.348346050042,13.7478430200331,200,4775.0899449167,4644.87001512647,5128.43829096674,4654.83778793673,5483.42555452546,4664.85179375633
448,-2355.94356741212,1719.46064826231,1.14630709884154,"gaussian","adaptive_sparse_group_lasso",1,0.00693081311747764,0.5,TRUE,"identity",FALSE,0.430343468923437,"compound_symmetry","gaussian",0.2,1000,50,1e-06,1,"PGD",0.9,TRUE,10,1,TRUE,0.00192504433190923,56,1.57973083393372,407.251590576835,11.4883552643353,200,4823.88713482425,4715.04659649212,5119.13872540108,4723.37549008858,5415.84449792777,4731.74540540049
449,-2346.48022392136,1685.99214643464,1.12399476428976,"gaussian","adaptive_sparse_group_lasso",1,0.0100035125260653,0.5,TRUE,"identity",FALSE,0.469017718840257,"compound_symmetry","gaussian",0.2,1000,50,1e-06,1,"PGD",0.9,TRUE,10,1,TRUE,0.00379270938395542,45,1.26942656298245,326.300161336511,9.2047576068006,200,4782.96044784273,4695.49930096869,5019.26060917924,4702.16520544953,5257.6848906739,4708.89103025373
450,-2323.00771233575,1652.30347738618,1.10153565159079,"gaussian","adaptive_sparse_group_lasso",1,0.00957877386261157,0.5,TRUE,"identity",FALSE,0.409170614056679,"compound_symmetry","gaussian",0.2,1000,50,1e-06,1,"PGD",0.9,TRUE,10,1,TRUE,0.00388136565198384,56,1.57973083393372,407.503126189257,11.4954509529563,200,4758.0154246715,4649.17488633937,5053.51855086076,4657.51087562446,5350.22432338745,4665.88079093636
451,-2307.87893043339,1600.90036603684,1.06726691069123,"gaussian","adaptive_sparse_group_lasso",1,0.0147404652184808,0.5,TRUE,"identity",FALSE,0.470839268027334,"compound_symmetry","gaussian",0.2,1000,50,1e-06,1,"PGD",0.9,TRUE,10,1,TRUE,0.0089855420541654,59,1.66435927146588,429.723317733042,12.1222709836282,200,4733.75786086678,4619.08657940971,5045.48117859982,4627.88013185041,5358.08190322615,4636.69843548259
452,-2293.77609266965,1566.97830030694,1.04465220020463,"gaussian","adaptive_sparse_group_lasso",1,0.0146370028061546,0.5,TRUE,"identity",FALSE,0.485953646555429,"compound_symmetry","gaussian",0.2,1000,50,1e-06,1,"PGD",0.9,TRUE,10,1,TRUE,0.0079848683964793,46,1.29763604215984,332.836377468274,9.38914085966848,200,4679.55218533931,4590.14745742363,4920.38856280758,4596.94132619897,5164.11116166879,4603.81661377661
453,-2334.09819967031,1665.28421572769,1.1101894771518,"gaussian","adaptive_sparse_group_lasso",1,0.00813599546011085,0.5,TRUE,"identity",FALSE,0.44588145778998,"compound_symmetry","gaussian",0.2,1000,50,1e-06,1,"PGD",0.9,TRUE,10,1,TRUE,0.0025762672131301,52,1.46689291722417,378.606150256137,10.6802823120815,200,4772.19639934063,4671.13018517507,5046.80254959676,4678.87668165271,5322.31505265726,4686.6487458709
454,-2309.73545874372,1612.96667402606,1.07531111601737,"gaussian","adaptive_sparse_group_lasso",1,0.00413577481818733,0.5,TRUE,"identity",FALSE,0.442816869189224,"compound_symmetry","gaussian",0.2,1000,50,1e-06,1,"PGD",0.9,TRUE,10,1,TRUE,0.000842376363974962,81,2.28496781336841,589.541634483206,16.6306624621572,200,4781.47091748744,4624.04085311418,5209.01255197065,4636.1015799496,5638.17625866104,4648.20806459717
455,-2361.48349142313,1714.61904863002,1.14307936575334,"gaussian","adaptive_sparse_group_lasso",1,0.00897737100995737,0.5,TRUE,"identity",FALSE,0.487330613286134,"compound_symmetry","gaussian",0.2,1000,50,1e-06,1,"PGD",0.9,TRUE,10,1,TRUE,0.00349479700867793,71,2.00287302159453,517.415963316291,14.596034843219,200,4864.96698284626,4726.97272888945,5240.38294616255,4737.56301768948,5616.56347918746,4748.17487460278
456,-2345.84304650816,1697.28433017696,1.13152288678464,"gaussian","adaptive_sparse_group_lasso",1,0.021620020497346,0.5,TRUE,"identity",FALSE,0.427771107073433,"compound_symmetry","gaussian",0.2,1000,50,1e-06,1,"PGD",0.9,TRUE,10,1,TRUE,0.0191711959947066,57,1.60794031311111,415.242147291628,11.713764707597,200,4805.68609301633,4694.90197364255,5106.92824030796,4703.39985772393,5408.93233020119,4711.91923580926
457,-2376.82772993288,1757.3645231385,1.171576348759,"gaussian","adaptive_sparse_group_lasso",1,0.00935737221566367,0.5,TRUE,"identity",FALSE,0.463368776773174,"compound_symmetry","gaussian",0.2,1000,50,1e-06,1,"PGD",0.9,TRUE,10,1,TRUE,0.00380252178268534,49,1.382264479692,356.763668566175,10.064117279666,200,4851.65545986576,4756.41998882515,5110.41912843194,4763.71957714543,5370.03667939279,4771.04325304335
458,-2312.6561322823,1630.67089305045,1.0871139287003,"gaussian","adaptive_sparse_group_lasso",1,0.00935971993751052,0.5,TRUE,"identity",FALSE,0.406006993533625,"compound_symmetry","gaussian",0.2,1000,50,1e-06,1,"PGD",0.9,TRUE,10,1,TRUE,0.00355544237955486,50,1.41047395886939,363.67778003094,10.2591607630614,200,4725.3122645646,4628.13321248234,4988.99004459554,4635.57142532766,5253.90591292295,4643.04456399901
459,-2308.5488023056,1603.70746685332,1.06913831123555,"gaussian","adaptive_sparse_group_lasso",1,0.0107221445674084,0.5,TRUE,"identity",FALSE,0.465958155355886,"compound_symmetry","gaussian",0.2,1000,50,1e-06,1,"PGD",0.9,TRUE,10,1,TRUE,0.00619322835035557,91,2.56706260514229,662.983282359142,18.7024130986665,200,4799.0976046112,4622.23172982149,5280.08088697035,4635.80001770987,5762.22776732622,4649.40113009171
460,-2306.06655376814,1605.72976917425,1.07048651278283,"gaussian","adaptive_sparse_group_lasso",1,0.0326738064369967,0.5,TRUE,"identity",FALSE,0.440676575194153,"compound_symmetry","gaussian",0.2,1000,50,1e-06,1,"PGD",0.9,TRUE,10,1,TRUE,0.0386429462804119,43,1.21300760462768,313.949977258016,8.85636534620139,200,4698.13310753628,4614.55912274554,4926.0830847943,4620.98947288248,5153.91073155586,4627.41637213984
461,-2341.68401337096,1677.76891844571,1.11851261229714,"gaussian","adaptive_sparse_group_lasso",1,0.0160880454127545,0.5,TRUE,"identity",FALSE,0.46051457954323,"compound_symmetry","gaussian",0.2,1000,50,1e-06,1,"PGD",0.9,TRUE,10,1,TRUE,0.0112848903240631,59,1.66435927146588,430.357186056739,12.1401520789068,200,4801.36802674192,4686.69674528485,5113.72521279866,4695.50817882083,5426.32593742499,4704.32648245301
462,-2326.89758722253,1643.11014896722,1.09540676597815,"gaussian","adaptive_sparse_group_lasso",1,0.0166214602006277,0.5,TRUE,"identity",FALSE,0.467047448805165,"compound_symmetry","gaussian",0.2,1000,50,1e-06,1,"PGD",0.9,TRUE,10,1,TRUE,0.00932003092879075,55,1.55152135475633,400.301220835974,11.2922889538553,200,4763.79517444505,4656.89821715457,5054.09639528103,4665.08746339891,5345.50385044117,4673.30791593738
463,-2354.37586838961,1710.61525734589,1.14041017156393,"gaussian","adaptive_sparse_group_lasso",1,0.0052490757355448,0.5,TRUE,"identity",FALSE,0.446862715609575,"compound_symmetry","gaussian",0.2,1000,50,1e-06,1,"PGD",0.9,TRUE,10,1,TRUE,0.00159296542370301,103,2.90557635527095,749.98575929049,21.1567076600425,200,4914.75173677923,4714.56288948977,5458.73749606972,4729.90844443927,6004.46418482417,4745.30311010223
464,-2370.16688663868,1751.45663555568,1.16763775703712,"gaussian","adaptive_sparse_group_lasso",1,0.0125071305255665,0.5,TRUE,"identity",FALSE,0.433147280310034,"compound_symmetry","gaussian",0.2,1000,50,1e-06,1,"PGD",0.9,TRUE,10,1,TRUE,0.00720233728648763,62,1.74898770899804,450.611834815004,12.7115251712984,200,4864.33377327737,4743.83174869536,5190.94560809237,4753.04529844867,5519.44128481835,4762.31199040113
465,-2300.72529147876,1600.70338862885,1.06713559241923,"gaussian","adaptive_sparse_group_lasso",1,0.0167935303038738,0.5,TRUE,"identity",FALSE,0.419546500864919,"compound_symmetry","gaussian",0.2,1000,50,1e-06,1,"PGD",0.9,TRUE,10,1,TRUE,0.010966252745953,55,1.55152135475633,402.082320605232,11.3425328507091,200,4711.45058295752,4604.55362566703,5003.53290356275,4612.79311580823,5294.94035872289,4621.0135683467
466,-2362.24573974348,1723.05290086075,1.14870193390717,"gaussian","adaptive_sparse_group_lasso",1,0.0123122197210583,0.5,TRUE,"identity",FALSE,0.464919852921154,"compound_symmetry","gaussian",0.2,1000,50,1e-06,1,"PGD",0.9,TRUE,10,1,TRUE,0.00550889105315305,55,1.55152135475633,400.72711463017,11.3043031959745,200,4834.49147948697,4727.59452219648,5125.21859411714,4735.79578268294,5416.62604927728,4744.01623522142
467,-2327.87001333833,1656.16269214805,1.10410846143203,"gaussian","adaptive_sparse_group_lasso",1,0.00652954941802087,0.5,TRUE,"identity",FALSE,0.430746494419552,"compound_symmetry","gaussian",0.2,1000,50,1e-06,1,"PGD",0.9,TRUE,10,1,TRUE,0.00181532769851555,59,1.66435927146588,427.127036101932,12.0490312310168,200,4773.74002667666,4659.06874521959,5082.86706277859,4667.78905790768,5395.46778740493,4676.60736153986
468,-2320.83932689288,1636.76432777499,1.09117621851666,"gaussian","adaptive_sparse_group_lasso",1,0.00280708967993513,0.5,TRUE,"identity",FALSE,0.443680490454326,"compound_symmetry","gaussian",0.2,1000,50,1e-06,1,"PGD",0.9,TRUE,10,1,TRUE,0.000398693921730223,89,2.51064364678752,646.77699414822,18.2452421488377,200,4819.67865378576,4646.69994107933,5288.45564793398,4659.9238959346,5760.00589355675,4673.22608276958
469,-2333.16407695331,1668.95818951009,1.11263879300673,"gaussian","adaptive_sparse_group_lasso",1,0.0228684276779908,0.5,TRUE,"identity",FALSE,0.427373502506322,"compound_symmetry","gaussian",0.2,1000,50,1e-06,1,"PGD",0.9,TRUE,10,1,TRUE,0.0195710762735757,48,1.35405500051462,349.326836092316,9.85432810884896,200,4762.32815390662,4669.03626390765,5015.65498999894,4676.18248201547,5269.97422359324,4683.35669513996
470,-2364.8232360317,1732.8896433381,1.1552597622254,"gaussian","adaptive_sparse_group_lasso",1,0.0238896096073479,0.5,TRUE,"identity",FALSE,0.452317903063464,"compound_symmetry","gaussian",0.2,1000,50,1e-06,1,"PGD",0.9,TRUE,10,1,TRUE,0.0200183334250746,48,1.35405500051462,349.674179592552,9.86412648808628,200,4825.64647206341,4732.35458206443,5079.32065165596,4739.51059855149,5333.63988525026,4746.68481167598
471,-2329.63796622339,1662.00520836245,1.10800347224163,"gaussian","adaptive_sparse_group_lasso",1,0.0115060550410212,0.5,TRUE,"identity",FALSE,0.42460303376235,"compound_symmetry","gaussian",0.2,1000,50,1e-06,1,"PGD",0.9,TRUE,10,1,TRUE,0.00653231771579185,87,2.45422468843274,630.73377913176,17.7926714088925,200,4833.27593244677,4664.18438182364,5290.00971157853,4677.06860385566,5750.96332246821,4690.0718651438
472,-2299.74109897067,1581.21848519099,1.05414565679399,"gaussian","adaptive_sparse_group_lasso",1,0.00880109393795487,0.5,TRUE,"identity",FALSE,0.479582389504801,"compound_symmetry","gaussian",0.2,1000,50,1e-06,1,"PGD",0.9,TRUE,10,1,TRUE,0.00257141586209172,44,1.24121708380506,319.56146908616,9.01466260808148,200,4687.48219794135,4601.96463210896,4919.04366702751,4608.49686054943,5152.16963115562,4615.07322258021
473,-2331.2603140608,1661.8351343458,1.10789008956386,"gaussian","adaptive_sparse_group_lasso",1,0.00342089899016462,0.5,TRUE,"identity",FALSE,0.436623383093316,"compound_symmetry","gaussian",0.2,1000,50,1e-06,1,"PGD",0.9,TRUE,10,1,TRUE,0.000580493527584688,76,2.14392041748147,552.87889732286,15.5964257416464,200,4814.52062812161,4666.80846895657,5215.39952544447,4678.11705386325,5618.07164530212,4689.47622464369
474,-2330.09380769266,1645.29125019006,1.09686083346004,"gaussian","adaptive_sparse_group_lasso",1,0.013525431847548,0.5,TRUE,"identity",FALSE,0.483937429342032,"compound_symmetry","gaussian",0.2,1000,50,1e-06,1,"PGD",0.9,TRUE,10,1,TRUE,0.00598761428412989,51,1.43868343804678,372.395975418911,10.5050965143228,200,4762.18761538532,4663.06498226141,5032.58359080423,4670.69271189964,5302.79777649818,4678.31531334441
475,-2307.89205823312,1614.24254891403,1.07616169927602,"gaussian","adaptive_sparse_group_lasso",1,0.00959413830621232,0.5,TRUE,"identity",FALSE,0.425466450779501,"compound_symmetry","gaussian",0.2,1000,50,1e-06,1,"PGD",0.9,TRUE,10,1,TRUE,0.00509563507019069,85,2.39780573007796,617.842397159543,17.4290122375795,200,4785.78411646623,4620.57972792639,5233.62651362578,4633.21312870381,5683.98348978236,4645.91746444509
476,-2342.34395536915,1685.78589696725,1.12385726464483,"gaussian","adaptive_sparse_group_lasso",1,0.014850001951179,0.5,TRUE,"identity",FALSE,0.439145087420181,"compound_symmetry","gaussian",0.2,1000,50,1e-06,1,"PGD",0.9,TRUE,10,1,TRUE,0.00837679092389093,48,1.35405500051462,351.685179909938,9.92085575966529,200,4780.6879107383,4687.39602073933,5036.37309064824,4694.60876649797,5290.69232424254,4701.78297962245
477,-2281.70240965653,1544.55697392034,1.02970464928023,"gaussian","adaptive_sparse_group_lasso",1,0.00520956327306456,0.5,TRUE,"identity",FALSE,0.476155845277251,"compound_symmetry","gaussian",0.2,1000,50,1e-06,1,"PGD",0.9,TRUE,10,1,TRUE,0.000920052470821622,43,1.21300760462768,313.608251759481,8.84672544786608,200,4649.40481931307,4565.83083452232,4877.01307107255,4572.25154476093,5104.84071783411,4578.67844401829
478,-2287.94160061553,1578.43542747402,1.05229028498268,"gaussian","adaptive_sparse_group_lasso",1,0.0147482015482398,0.5,TRUE,"identity",FALSE,0.404010652936856,"compound_symmetry","gaussian",0.2,1000,50,1e-06,1,"PGD",0.9,TRUE,10,1,TRUE,0.00973366019256185,62,1.74898770899804,450.950671106538,12.721083566609,200,4699.88320123106,4579.38117664905,5026.8338723376,4588.60428479767,5355.32954906358,4597.87097675013
479,-2293.29419288485,1585.57599221884,1.05705066147923,"gaussian","adaptive_sparse_group_lasso",1,0.0175133225128796,0.5,TRUE,"identity",FALSE,0.417406625297837,"compound_symmetry","gaussian",0.2,1000,50,1e-06,1,"PGD",0.9,TRUE,10,1,TRUE,0.0131501533596621,46,1.29763604215984,334.992406287033,9.44996130973709,200,4678.5883857697,4589.18365785402,4921.58079205673,4596.03834707943,5165.30339091794,4602.91363465707
480,-2319.04918774248,1648.60953048291,1.09907302032194,"gaussian","adaptive_sparse_group_lasso",1,0.0162792838829896,0.5,TRUE,"identity",FALSE,0.393925255550659,"compound_symmetry","gaussian",0.2,1000,50,1e-06,1,"PGD",0.9,TRUE,10,1,TRUE,0.0114201717986082,60,1.69256875064327,437.030576317513,12.3284049425107,200,4758.09837548496,4641.48351298625,5075.12895180248,4650.42678042748,5393.02799379536,4659.39454683308
481,-2348.38667448811,1711.1147125957,1.14074314173047,"gaussian","adaptive_sparse_group_lasso",1,0.0226520116833693,0.5,TRUE,"identity",FALSE,0.40341886694716,"compound_symmetry","gaussian",0.2,1000,50,1e-06,1,"PGD",0.9,TRUE,10,1,TRUE,0.0178262032236707,47,1.32584552133723,340.57268949834,9.60737819279039,200,4790.77334897623,4699.4250400189,5037.34603847457,4706.38072716902,5286.36695470233,4713.40547752008
482,-2337.99032571312,1681.01337258631,1.12067558172421,"gaussian","adaptive_sparse_group_lasso",1,0.0208625733238007,0.5,TRUE,"identity",FALSE,0.423369047247253,"compound_symmetry","gaussian",0.2,1000,50,1e-06,1,"PGD",0.9,TRUE,10,1,TRUE,0.0167722107459205,59,1.66435927146588,429.530448142616,12.1168302329332,200,4793.98065142623,4679.30936996916,5105.51109956885,4688.09748165917,5418.11182419518,4696.91578529135
483,-2284.3538622114,1564.85738432336,1.04323825621557,"gaussian","adaptive_sparse_group_lasso",1,0.0189849219180511,0.5,TRUE,"identity",FALSE,0.423823702976886,"compound_symmetry","gaussian",0.2,1000,50,1e-06,1,"PGD",0.9,TRUE,10,1,TRUE,0.0123269140657683,45,1.26942656298245,328.407472187682,9.26420374837698,200,4658.70772442279,4571.24657754876,4897.11519661047,4577.97192817117,5135.53947810514,4584.69775297537
484,-2336.15185623814,1664.52804365054,1.10968536243369,"gaussian","adaptive_sparse_group_lasso",1,0.0180531887799567,0.5,TRUE,"identity",FALSE,0.463589280216708,"compound_symmetry","gaussian",0.2,1000,50,1e-06,1,"PGD",0.9,TRUE,10,1,TRUE,0.0112406826516006,54,1.52331187557894,391.854679904455,11.0540164333267,200,4780.30371247627,4675.35033622743,5064.15839238072,4683.3577289096,5350.26753017432,4691.42871867465
485,-2335.20461350334,1655.39451221393,1.10359634147595,"gaussian","adaptive_sparse_group_lasso",1,0.00601652242847707,0.5,TRUE,"identity",FALSE,0.487995063546012,"compound_symmetry","gaussian",0.2,1000,50,1e-06,1,"PGD",0.9,TRUE,10,1,TRUE,0.0015131693584008,56,1.57973083393372,409.387037717184,11.5485951159754,200,4782.40922700668,4673.56868867455,5079.79626472387,4681.95782212266,5376.50203725056,4690.32773743456
486,-2341.14598138163,1703.62156797561,1.13574771198374,"gaussian","adaptive_sparse_group_lasso",1,0.0311045722675942,0.5,TRUE,"identity",FALSE,0.377596943579668,"compound_symmetry","gaussian",0.2,1000,50,1e-06,1,"PGD",0.9,TRUE,10,1,TRUE,0.0335848468547515,54,1.52331187557894,392.708550136374,11.0781036678542,200,4790.29196276326,4685.33858651442,5075.00051289964,4693.37006643112,5361.10965069323,4701.44105619616
487,-2351.78480806408,1700.70374631559,1.13380249754373,"gaussian","adaptive_sparse_group_lasso",1,0.00672725201107318,0.5,TRUE,"identity",FALSE,0.459901031667595,"compound_symmetry","gaussian",0.2,1000,50,1e-06,1,"PGD",0.9,TRUE,10,1,TRUE,0.00164106878442516,52,1.46689291722417,377.441971579239,10.6474414379367,200,4807.56961612815,4706.5034019626,5081.01158770739,4714.21705756609,5356.52409076789,4721.98912178428
488,-2298.8250107236,1600.61525632429,1.06707683754952,"gaussian","adaptive_sparse_group_lasso",1,0.0102995382029381,0.5,TRUE,"identity",FALSE,0.406827059876011,"compound_symmetry","gaussian",0.2,1000,50,1e-06,1,"PGD",0.9,TRUE,10,1,TRUE,0.00449711929947892,59,1.66435927146588,429.515654345749,12.1164129076285,200,4715.65002144721,4600.97873999014,5027.16567579296,4609.76643435484,5339.76640041929,4618.58473798702
489,-2385.63008190249,1782.31506187451,1.18821004124968,"gaussian","adaptive_sparse_group_lasso",1,0.0177082499328317,0.5,TRUE,"identity",FALSE,0.450221286726925,"compound_symmetry","gaussian",0.2,1000,50,1e-06,1,"PGD",0.9,TRUE,10,1,TRUE,0.0111516220811656,47,1.32584552133723,341.580453099532,9.63580667911395,200,4865.26016380498,4773.91185484766,5112.84061690451,4780.8959704841,5361.86153313227,4787.92072083516
490,-2317.58279222214,1637.95573371831,1.09197048914554,"gaussian","adaptive_sparse_group_lasso",1,0.0166770223295658,0.5,TRUE,"identity",FALSE,0.416804621280333,"compound_symmetry","gaussian",0.2,1000,50,1e-06,1,"PGD",0.9,TRUE,10,1,TRUE,0.0101796622525468,50,1.41047395886939,362.802914783597,10.2344812700835,200,4735.16558444427,4637.98653236201,4997.96849922787,4645.40006571436,5262.88436755527,4652.8732043857
491,-2305.31874256037,1595.28528815982,1.06352352543988,"gaussian","adaptive_sparse_group_lasso",1,0.00976942012444071,0.5,TRUE,"identity",FALSE,0.471410573507392,"compound_symmetry","gaussian",0.2,1000,50,1e-06,1,"PGD",0.9,TRUE,10,1,TRUE,0.00399346210542563,64,1.80540666735282,467.454779287724,13.1866558626875,200,4738.63748512073,4614.24829845544,5078.09226440846,4623.82414098342,5417.18457586753,4633.38975848274
492,-2301.29802471346,1597.22380653791,1.06481587102527,"gaussian","adaptive_sparse_group_lasso",1,0.0172906319952773,0.5,TRUE,"identity",FALSE,0.435046817900433,"compound_symmetry","gaussian",0.2,1000,50,1e-06,1,"PGD",0.9,TRUE,10,1,TRUE,0.00972024075744295,44,1.24121708380506,319.441577580277,9.01128053114275,200,4690.59604942691,4605.07848359453,4922.03762700719,4611.60732995806,5155.16359113531,4618.18369198884
493,-2338.26453377456,1679.23797082105,1.11949198054737,"gaussian","adaptive_sparse_group_lasso",1,0.00807648349867627,0.5,TRUE,"identity",FALSE,0.430866212771576,"compound_symmetry","gaussian",0.2,1000,50,1e-06,1,"PGD",0.9,TRUE,10,1,TRUE,0.00283366216910621,67,1.89003510488498,487.074026448388,13.7401046069422,200,4810.52906754912,4680.30913775889,5163.60309399751,4690.26917215606,5518.59035755623,4700.28317797566
494,-2261.68137562679,1512.70548005352,1.00847032003568,"gaussian","adaptive_sparse_group_lasso",1,0.0181576655940697,0.5,TRUE,"identity",FALSE,0.443377730970599,"compound_symmetry","gaussian",0.2,1000,50,1e-06,1,"PGD",0.9,TRUE,10,1,TRUE,0.0121813258186764,58,1.63614979228849,422.186258315918,11.9096544629422,200,4639.36275125358,4526.63505083816,4945.5490095695,4535.27240571653,5252.85141682929,4543.94124657528
495,-2355.6455414789,1712.18463746815,1.14145642497877,"gaussian","adaptive_sparse_group_lasso",1,0.0188028850371178,0.5,TRUE,"identity",FALSE,0.4511222278979,"compound_symmetry","gaussian",0.2,1000,50,1e-06,1,"PGD",0.9,TRUE,10,1,TRUE,0.0144540195671157,59,1.66435927146588,430.591761185375,12.1467693211136,200,4829.2910829578,4714.61980150073,5141.88284414318,4723.43785227891,5454.48356876951,4732.2561559111
496,-2327.2364970783,1642.28316463828,1.09485544309219,"gaussian","adaptive_sparse_group_lasso",1,0.0228551338196671,0.5,TRUE,"identity",FALSE,0.472490471608493,"compound_symmetry","gaussian",0.2,1000,50,1e-06,1,"PGD",0.9,TRUE,10,1,TRUE,0.0172874551939959,49,1.382264479692,357.365714634271,10.0811006856878,200,4752.47299415659,4657.23752311598,5011.83870879086,4664.55409484228,5271.45625975172,4671.8777707402
497,-2349.88933201831,1695.54612631526,1.13036408421017,"gaussian","adaptive_sparse_group_lasso",1,0.00444390488529341,0.5,TRUE,"identity",FALSE,0.462763511731317,"compound_symmetry","gaussian",0.2,1000,50,1e-06,1,"PGD",0.9,TRUE,10,1,TRUE,0.000910597551932918,73,2.05929197994931,533.138923065534,15.0395713488721,200,4845.77866403662,4703.89724799652,5232.91758710216,4714.81823538549,5619.69475486016,4725.72901784565
498,-2312.43629698975,1617.4508354042,1.07830055693614,"gaussian","adaptive_sparse_group_lasso",1,0.0174422790289861,0.5,TRUE,"identity",FALSE,0.447313107775448,"compound_symmetry","gaussian",0.2,1000,50,1e-06,1,"PGD",0.9,TRUE,10,1,TRUE,0.0121283249301327,60,1.69256875064327,439.528243388877,12.3988628297524,200,4744.87259397949,4628.25773148078,5064.40083736837,4637.27145680924,5382.29987936125,4646.23922321485
499,-2341.43530848116,1672.31099933516,1.11487399955677,"gaussian","adaptive_sparse_group_lasso",1,0.00754987083366357,0.5,TRUE,"identity",FALSE,0.477162024353987,"compound_symmetry","gaussian",0.2,1000,50,1e-06,1,"PGD",0.9,TRUE,10,1,TRUE,0.00329352834846488,111,3.13125218869005,807.400127623481,22.7763370880149,200,4904.87061696231,4689.1331213397,5490.2707445858,4705.64695405033,6078.38397227263,4722.23732190071
500,-2285.41421483485,1561.11990903633,1.04074660602422,"gaussian","adaptive_sparse_group_lasso",1,0.0214109127420322,0.5,TRUE,"identity",FALSE,0.444139470185973,"compound_symmetry","gaussian",0.2,1000,50,1e-06,1,"PGD",0.9,TRUE,10,1,TRUE,0.0128089349242909,46,1.29763604215984,334.288508386685,9.43010471657423,200,4662.82842966971,4573.42370175403,4905.11693805639,4580.25853438628,5148.8395369176,4587.13382196392
501,-3102.06800558995,2208.03688676528,1.10401844338264,"gaussian","adaptive_sparse_group_lasso",1,0.00480397653215738,0.5,TRUE,"identity",FALSE,0.421919332768772,"compound_symmetry","gaussian",0.2,1000,50,1e-06,1,"PGD",0.9,TRUE,10,1,TRUE,0.000840613668719339,48,1.35405500051462,362.167667487562,10.2165612747135,200,6300.1360111799,6206.84412118093,6566.30367866746,6214.35257245461,6820.62291226177,6221.5267855791
502,-3172.13716218623,2342.02565887973,1.17101282943986,"gaussian","adaptive_sparse_group_lasso",1,0.0159296187140038,0.5,TRUE,"identity",FALSE,0.48352117372218,"compound_symmetry","gaussian",0.2,1000,50,1e-06,1,"PGD",0.9,TRUE,10,1,TRUE,0.00941343188056036,52,1.46689291722417,393.340843463912,11.0959403333114,200,6448.27432437245,6347.2081102069,6737.61516783636,6355.37026470576,7013.12767089686,6363.14232892396
503,-3108.88855268197,2234.87786952688,1.11743893476344,"gaussian","adaptive_sparse_group_lasso",1,0.00605615040280648,0.5,TRUE,"identity",FALSE,0.39516499668252,"compound_symmetry","gaussian",0.2,1000,50,1e-06,1,"PGD",0.9,TRUE,10,1,TRUE,0.00196508379446083,118,3.32871854293176,893.021034666129,25.1916582823835,200,6453.77710536395,6224.43454244981,7110.79814003008,6242.96876364633,7735.99958928274,6260.6053709107
504,-3104.80939477366,2204.28688046881,1.10214344023441,"gaussian","adaptive_sparse_group_lasso",1,0.0103763764146323,0.5,TRUE,"identity",FALSE,0.445621117845357,"compound_symmetry","gaussian",0.2,1000,50,1e-06,1,"PGD",0.9,TRUE,10,1,TRUE,0.00445301297123252,66,1.8618256257076,500.119128322929,14.108100136639,200,6341.61878954732,6213.34244079874,6709.73791787025,6223.72688968396,7059.42686406242,6233.59143273013
505,-3077.76743061619,2143.78946295588,1.07189473147794,"gaussian","adaptive_sparse_group_lasso",1,0.0110423346501932,0.5,TRUE,"identity",FALSE,0.449932328887328,"compound_symmetry","gaussian",0.2,1000,50,1e-06,1,"PGD",0.9,TRUE,10,1,TRUE,0.00457224049238089,54,1.52331187557894,410.249974132121,11.5729381028039,200,6263.53486123239,6158.58148498355,6565.78483536451,6167.10779933519,6851.8939731581,6175.17878910024
506,-3073.65343621356,2145.82373780323,1.07291186890161,"gaussian","adaptive_sparse_group_lasso",1,0.00511187405261778,0.5,TRUE,"identity",FALSE,0.422785179768839,"compound_symmetry","gaussian",0.2,1000,50,1e-06,1,"PGD",0.9,TRUE,10,1,TRUE,0.00110692432378941,67,1.89003510488498,507.396399342792,14.313388161942,200,6281.30687242712,6151.08694263689,6654.70327176991,6161.62026058907,7009.69053532863,6171.63426640866
507,-3142.12375552026,2281.49426776327,1.14074713388164,"gaussian","adaptive_sparse_group_lasso",1,0.0137573587967722,0.5,TRUE,"identity",FALSE,0.46160726772558,"compound_symmetry","gaussian",0.2,1000,50,1e-06,1,"PGD",0.9,TRUE,10,1,TRUE,0.00780794983202703,53,1.49510239640155,400.981038979111,11.3114662696086,200,6390.24751104052,6287.23771583332,6685.22855001963,6295.55897731013,6966.03937044667,6303.48050430175
508,-3049.09608773784,2086.75940482343,1.04337970241171,"gaussian","adaptive_sparse_group_lasso",1,0.00926858770805473,0.5,TRUE,"identity",FALSE,0.440615777319967,"compound_symmetry","gaussian",0.2,1000,50,1e-06,1,"PGD",0.9,TRUE,10,1,TRUE,0.00348226048006601,59,1.66435927146588,447.423721085202,12.6215901434224,200,6216.19217547569,6101.52089401862,6545.61589656089,6110.81376561911,6858.21662118722,6119.63206925129
509,-3081.52911723904,2156.1190829316,1.0780595414658,"gaussian","adaptive_sparse_group_lasso",1,0.00460727045470842,0.5,TRUE,"identity",FALSE,0.439187648344695,"compound_symmetry","gaussian",0.2,1000,50,1e-06,1,"PGD",0.9,TRUE,10,1,TRUE,0.000897841598496565,53,1.49510239640155,399.793787282884,11.2779745176055,200,6269.05823447808,6166.04843927089,6562.85202176097,6174.33620899569,6843.66284218801,6182.25773598731
510,-3084.69179150976,2159.22298203843,1.07961149101921,"gaussian","adaptive_sparse_group_lasso",1,0.0210084936762485,0.5,TRUE,"identity",FALSE,0.448564561414933,"compound_symmetry","gaussian",0.2,1000,50,1e-06,1,"PGD",0.9,TRUE,10,1,TRUE,0.0141672196797508,43,1.21300760462768,325.019934454954,9.16864307324299,200,6255.38358301951,6171.80959822877,6494.40351747447,6178.55222609275,6722.23116423603,6184.97912535011
511,-3116.05634093506,2236.13362070751,1.11806681035375,"gaussian","adaptive_sparse_group_lasso",1,0.00745391122797934,0.5,TRUE,"identity",FALSE,0.428980523517753,"compound_symmetry","gaussian",0.2,1000,50,1e-06,1,"PGD",0.9,TRUE,10,1,TRUE,0.00242203775791417,55,1.55152135475633,416.912415543969,11.7608821050821,200,6342.11268187013,6235.21572457964,6649.0250974141,6243.87356397521,6940.43255257424,6252.09401651368
512,-3083.27861771198,2169.87704996755,1.08493852498377,"gaussian","adaptive_sparse_group_lasso",1,0.00906356335743121,0.5,TRUE,"identity",FALSE,0.414889562105125,"compound_symmetry","gaussian",0.2,1000,50,1e-06,1,"PGD",0.9,TRUE,10,1,TRUE,0.00398503655504959,66,1.8618256257076,498.697260157567,14.0679899762352,200,6298.55723542396,6170.28088667538,6665.25449558153,6180.6252254002,7014.9434417737,6190.48976844637
513,-3068.36772174438,2141.58787603682,1.07079393801841,"gaussian","adaptive_sparse_group_lasso",1,0.00522756727277188,0.5,TRUE,"identity",FALSE,0.405765450148572,"compound_symmetry","gaussian",0.2,1000,50,1e-06,1,"PGD",0.9,TRUE,10,1,TRUE,0.00109862649027987,45,1.26942656298245,340.395549899578,9.6023811769676,200,6226.73544348875,6139.27429661472,6477.13099338833,6146.33782466572,6715.55527488299,6153.06364946992
514,-3044.17978826268,2099.32470906967,1.04966235453484,"gaussian","adaptive_sparse_group_lasso",1,0.00868683389565547,0.5,TRUE,"identity",FALSE,0.384691182519797,"compound_symmetry","gaussian",0.2,1000,50,1e-06,1,"PGD",0.9,TRUE,10,1,TRUE,0.00297401333208771,65,1.83361614653021,492.135159658204,13.8828765388385,200,6218.35957652535,6092.02680881841,6580.49473618356,6102.24245306419,6924.88536500918,6111.95753333693
515,-3132.08140974517,2261.65811110024,1.13082905555012,"gaussian","adaptive_sparse_group_lasso",1,0.00516798733668531,0.5,TRUE,"identity",FALSE,0.454298420799197,"compound_symmetry","gaussian",0.2,1000,50,1e-06,1,"PGD",0.9,TRUE,10,1,TRUE,0.00133250096864747,80,2.25675833419103,606.598767285848,17.1118352947792,200,6424.16281949034,6268.67633615872,6870.76158677619,6281.27465478512,7294.62697610003,6293.23167665927
516,-3098.52048051885,2185.06316488399,1.09253158244199,"gaussian","adaptive_sparse_group_lasso",1,0.0129011647765848,0.5,TRUE,"identity",FALSE,0.459267989615833,"compound_symmetry","gaussian",0.2,1000,50,1e-06,1,"PGD",0.9,TRUE,10,1,TRUE,0.00621799511601279,53,1.49510239640155,401.112456901843,11.3151735007634,200,6303.0409610377,6200.0311658305,6598.15341793954,6208.35613453846,6878.96423836659,6216.27766153008
517,-3123.34573741648,2235.78046988841,1.11789023494421,"gaussian","adaptive_sparse_group_lasso",1,0.00995569013711918,0.5,TRUE,"identity",FALSE,0.46987953437018,"compound_symmetry","gaussian",0.2,1000,50,1e-06,1,"PGD",0.9,TRUE,10,1,TRUE,0.00552807489209485,99,2.79273843856139,749.436554674202,21.1412148838552,200,6444.69147483296,6252.27695171008,6996.12802950716,6267.83268971681,7520.66144879541,6282.62950428607
518,-3113.41592059443,2230.68882073859,1.11534441036929,"gaussian","adaptive_sparse_group_lasso",1,0.00925257305489493,0.5,TRUE,"identity",FALSE,0.427910242211505,"compound_symmetry","gaussian",0.2,1000,50,1e-06,1,"PGD",0.9,TRUE,10,1,TRUE,0.00320299024972418,43,1.21300760462768,326.211141562188,9.20224640533046,200,6312.83184118887,6229.25785639812,6553.04298275106,6236.0340875942,6780.87062951262,6242.46098685155
519,-3118.33930607518,2236.91565641392,1.11845782820696,"gaussian","adaptive_sparse_group_lasso",1,0.0114728324577883,0.5,TRUE,"identity",FALSE,0.439306798868554,"compound_symmetry","gaussian",0.2,1000,50,1e-06,1,"PGD",0.9,TRUE,10,1,TRUE,0.00490096148504555,61,1.72077822982066,461.350581913319,13.0144596339595,200,6358.67861215037,6240.12016861001,6698.02919406369,6249.69307178433,7021.22655342312,6258.81030096336
520,-3177.08689519864,2357.37016456288,1.17868508228144,"gaussian","adaptive_sparse_group_lasso",1,0.00400600222569123,0.5,TRUE,"identity",FALSE,0.474369933944776,"compound_symmetry","gaussian",0.2,1000,50,1e-06,1,"PGD",0.9,TRUE,10,1,TRUE,0.000753147209038425,64,1.80540666735282,484.537202285098,13.6685421185312,200,6482.17379039728,6357.78460373199,6838.71099268238,6367.84233251582,7177.80330414146,6377.40795001513
521,-3095.22454925198,2182.77868632475,1.09138934316238,"gaussian","adaptive_sparse_group_lasso",1,0.0179491642971277,0.5,TRUE,"identity",FALSE,0.446825588695243,"compound_symmetry","gaussian",0.2,1000,50,1e-06,1,"PGD",0.9,TRUE,10,1,TRUE,0.0132108611265542,64,1.80540666735282,484.181122067388,13.6584972810442,200,6318.44909850396,6194.05991183867,6674.63022057135,6204.10759578501,7013.72253203042,6213.67321328432
522,-3110.72192455069,2207.27528840624,1.10363764420312,"gaussian","adaptive_sparse_group_lasso",1,0.00643179770698861,0.5,TRUE,"identity",FALSE,0.471064427431215,"compound_symmetry","gaussian",0.2,1000,50,1e-06,1,"PGD",0.9,TRUE,10,1,TRUE,0.00197574131124976,72,2.03108250077192,546.275398776184,15.410144486896,200,6365.44384910137,6225.50601410292,6767.71924787756,6236.85399358827,7149.19809826902,6247.615313275
523,-3127.55730257335,2268.41568020303,1.13420784010152,"gaussian","adaptive_sparse_group_lasso",1,0.0198937446690184,0.5,TRUE,"identity",FALSE,0.41420800232597,"compound_symmetry","gaussian",0.2,1000,50,1e-06,1,"PGD",0.9,TRUE,10,1,TRUE,0.0129173616300619,42,1.18479812545029,317.247905945859,8.94939819684961,200,6339.1146051467,6257.4842013976,6572.36251109256,6264.06400334355,6794.89184048758,6270.34143982748
524,-3103.220575104,2206.5682157141,1.10328410785705,"gaussian","adaptive_sparse_group_lasso",1,0.00616695489645288,0.5,TRUE,"identity",FALSE,0.431494275908646,"compound_symmetry","gaussian",0.2,1000,50,1e-06,1,"PGD",0.9,TRUE,10,1,TRUE,0.00203569812312497,116,3.27229958457699,878.304268643385,24.7765059777064,200,6438.44115020799,6212.98574937714,7084.74541885138,6231.2176561857,7699.35023337095,6248.55533790321
525,-3160.22880702754,2332.32001884115,1.16616000942058,"gaussian","adaptive_sparse_group_lasso",1,0.012056901087111,0.5,TRUE,"identity",FALSE,0.439975902493702,"compound_symmetry","gaussian",0.2,1000,50,1e-06,1,"PGD",0.9,TRUE,10,1,TRUE,0.00604941448787506,64,1.80540666735282,484.444534268094,13.6659280020351,200,6448.45761405508,6324.06842738978,6804.90214832317,6334.12354205711,7143.99445978225,6343.68915955643
526,-3140.25621634345,2275.55290555842,1.13777645277921,"gaussian","adaptive_sparse_group_lasso",1,0.0135729771588127,0.5,TRUE,"identity",FALSE,0.46577864100742,"compound_symmetry","gaussian",0.2,1000,50,1e-06,1,"PGD",0.9,TRUE,10,1,TRUE,0.00783189225968102,43,1.21300760462768,325.749709076021,9.18922963522015,200,6366.51243268689,6282.93844789615,6606.26214176291,6289.70166232211,6834.08978852448,6296.12856157946
527,-3128.12518679235,2257.30140271483,1.12865070135742,"gaussian","adaptive_sparse_group_lasso",1,0.00323432635966391,0.5,TRUE,"identity",FALSE,0.443170296992587,"compound_symmetry","gaussian",0.2,1000,50,1e-06,1,"PGD",0.9,TRUE,10,1,TRUE,0.000753011979227861,150,4.23142187660817,1134.69666826515,32.0092020360771,200,6556.2503735847,6264.71321733792,7390.94704184985,6288.25957562078,8185.69464683206,6310.6789916348
528,-3143.01974186731,2309.49212435543,1.15474606217771,"gaussian","adaptive_sparse_group_lasso",1,0.00463292539145345,0.5,TRUE,"identity",FALSE,0.401594657538036,"compound_symmetry","gaussian",0.2,1000,50,1e-06,1,"PGD",0.9,TRUE,10,1,TRUE,0.00103094798013793,81,2.28496781336841,613.983062118522,17.3201424061012,200,6448.03948373462,6290.60941936136,6900.02254585315,6303.35962614073,7329.18625254354,6315.4661107883
529,-3097.72907602968,2203.26311203585,1.10163155601793,"gaussian","adaptive_sparse_group_lasso",1,0.0122316645167184,0.5,TRUE,"identity",FALSE,0.410692243593731,"compound_symmetry","gaussian",0.2,1000,50,1e-06,1,"PGD",0.9,TRUE,10,1,TRUE,0.0059938011122227,50,1.41047395886939,378.736596450654,10.6839621312895,200,6295.45815205936,6198.2790999771,6574.19474851002,6206.14211419065,6839.11061683742,6213.61525286199
530,-3097.0046010271,2197.87386802091,1.09893693401046,"gaussian","adaptive_sparse_group_lasso",1,0.00563349950055803,0.5,TRUE,"identity",FALSE,0.419575765630646,"compound_symmetry","gaussian",0.2,1000,50,1e-06,1,"PGD",0.9,TRUE,10,1,TRUE,0.00236099371226151,153,4.31605031414034,1157.86364686123,32.6627304363861,200,6500.00920205421,6202.64130268249,7351.87284891543,6226.67193249059,8162.51540599728,6249.5397368249
531,-3091.64025052808,2177.83127503342,1.08891563751671,"gaussian","adaptive_sparse_group_lasso",1,0.0110695493227743,0.5,TRUE,"identity",FALSE,0.439681038783835,"compound_symmetry","gaussian",0.2,1000,50,1e-06,1,"PGD",0.9,TRUE,10,1,TRUE,0.00460351046676127,54,1.52331187557894,409.613148839951,11.5549735929848,200,6291.28050105616,6186.32712480732,6592.89364989611,6194.83547464914,6879.0027876897,6202.90646441419
532,-3130.02583280372,2264.53980682786,1.13226990341393,"gaussian","adaptive_sparse_group_lasso",1,0.00797353645582643,0.5,TRUE,"identity",FALSE,0.436150031032079,"compound_symmetry","gaussian",0.2,1000,50,1e-06,1,"PGD",0.9,TRUE,10,1,TRUE,0.00315604098999496,103,2.90557635527095,779.706688492598,21.995119593502,200,6466.05166560743,6265.86281831797,7039.75835410003,6282.04678520093,7585.48504285448,6297.4414508639
533,-3054.1542859487,2099.40911348683,1.04970455674342,"gaussian","adaptive_sparse_group_lasso",1,0.0128781669012356,0.5,TRUE,"identity",FALSE,0.435314744249968,"compound_symmetry","gaussian",0.2,1000,50,1e-06,1,"PGD",0.9,TRUE,10,1,TRUE,0.00636940767367021,63,1.77719718817543,476.182720057236,13.4328665260865,200,6234.30857189741,6111.86296627376,6584.49129195465,6121.7414384235,6918.28528604717,6131.15759314939
534,-3098.47896954243,2185.99637861733,1.09299818930867,"gaussian","adaptive_sparse_group_lasso",1,0.00362273872772812,0.5,TRUE,"identity",FALSE,0.456653905172749,"compound_symmetry","gaussian",0.2,1000,50,1e-06,1,"PGD",0.9,TRUE,10,1,TRUE,0.000621910842561646,63,1.77719718817543,477.53419020623,13.4709907951134,200,6322.95793908485,6200.5123334612,6674.49212929108,6210.42892987997,7008.28612338361,6219.84508460586
535,-3126.98661071344,2254.74143658593,1.12737071829297,"gaussian","adaptive_sparse_group_lasso",1,0.015012846283717,0.5,TRUE,"identity",FALSE,0.443149385493096,"compound_symmetry","gaussian",0.2,1000,50,1e-06,1,"PGD",0.9,TRUE,10,1,TRUE,0.00896461087096076,44,1.24121708380506,335.286890925456,9.45826856801275,200,6341.97322142688,6256.45565559449,6589.26011235234,6263.43148999489,6822.38607648045,6270.00785202567
536,-3084.45952326716,2154.37675148148,1.07718837574074,"gaussian","adaptive_sparse_group_lasso",1,0.00402872664890219,0.5,TRUE,"identity",FALSE,0.459728501488998,"compound_symmetry","gaussian",0.2,1000,50,1e-06,1,"PGD",0.9,TRUE,10,1,TRUE,0.000683900162663908,65,1.83361614653021,493.030274931616,13.9081272745052,200,6298.91904653432,6172.58627882738,6661.94932146593,6182.82717380882,7006.33995029155,6192.54225408157
537,-3095.46078653022,2189.33053919991,1.09466526959996,"gaussian","adaptive_sparse_group_lasso",1,0.00652678210195205,0.5,TRUE,"identity",FALSE,0.431934903742933,"compound_symmetry","gaussian",0.2,1000,50,1e-06,1,"PGD",0.9,TRUE,10,1,TRUE,0.00216902885773108,88,2.48243416761013,665.747825336867,18.7803994162316,200,6366.92157306044,6195.88644139566,6856.66939839731,6209.70197247667,7322.92132665353,6222.85469653823
538,-3128.55392432716,2257.31389516278,1.12865694758139,"gaussian","adaptive_sparse_group_lasso",1,0.0112142640974193,0.5,TRUE,"identity",FALSE,0.445473882655768,"compound_symmetry","gaussian",0.2,1000,50,1e-06,1,"PGD",0.9,TRUE,10,1,TRUE,0.00481068249063671,56,1.57973083393372,424.092579887358,11.9634308016171,200,6369.10784865431,6260.26731032218,6681.20042854167,6269.07127945593,6977.90620106836,6277.44119476783
539,-3076.35180013614,2149.47113502135,1.07473556751067,"gaussian","adaptive_sparse_group_lasso",1,0.00657407291995978,0.5,TRUE,"identity",FALSE,0.428039476578922,"compound_symmetry","gaussian",0.2,1000,50,1e-06,1,"PGD",0.9,TRUE,10,1,TRUE,0.00196366307590959,59,1.66435927146588,447.597225790995,12.6264846208076,200,6270.70360027228,6156.03231881522,6600.30082606328,6165.33008489309,6912.90155068961,6174.14838852527
540,-3099.55976405145,2187.74385547318,1.09387192773659,"gaussian","adaptive_sparse_group_lasso",1,0.00402287837524898,0.5,TRUE,"identity",FALSE,0.458224309393234,"compound_symmetry","gaussian",0.2,1000,50,1e-06,1,"PGD",0.9,TRUE,10,1,TRUE,0.000796410018541355,87,2.45422468843274,658.164040761248,18.5664648031598,200,6373.1195281029,6204.02797747977,6857.28356886415,6217.68599290606,7318.23717975383,6230.6892541942
541,-3091.11839944213,2196.13624803674,1.09806812401837,"gaussian","adaptive_sparse_group_lasso",1,0.00459919683778925,0.5,TRUE,"identity",FALSE,0.393764986106611,"compound_symmetry","gaussian",0.2,1000,50,1e-06,1,"PGD",0.9,TRUE,10,1,TRUE,0.000980345552504851,74,2.0875014591267,558.842244542979,15.7646486608798,200,6330.23679888425,6186.41180180251,6741.07904342723,6198.00144754513,7133.15452855179,6209.06169277872
542,-3085.83010610717,2146.46121099184,1.07323060549592,"gaussian","adaptive_sparse_group_lasso",1,0.00713587835667037,0.5,TRUE,"identity",FALSE,0.488729609709653,"compound_symmetry","gaussian",0.2,1000,50,1e-06,1,"PGD",0.9,TRUE,10,1,TRUE,0.00210989546866591,65,1.83361614653021,492.153747506862,13.8834008923682,200,6301.66021221434,6175.3274445074,6663.8139597212,6185.54361310671,7008.20458854683,6195.25869337945
543,-3054.87872601302,2103.43712656815,1.05171856328408,"gaussian","adaptive_sparse_group_lasso",1,0.0209943961479196,0.5,TRUE,"identity",FALSE,0.428969752051283,"compound_symmetry","gaussian",0.2,1000,50,1e-06,1,"PGD",0.9,TRUE,10,1,TRUE,0.0148957609242757,54,1.52331187557894,409.21792320742,11.5438244837336,200,6217.75745202604,6112.8040757772,6518.97537523346,6121.30127650977,6805.08451302705,6129.37226627482
544,-3127.71772070505,2246.99595215547,1.12349797607773,"gaussian","adaptive_sparse_group_lasso",1,0.00578059064528618,0.5,TRUE,"identity",FALSE,0.466290171296723,"compound_symmetry","gaussian",0.2,1000,50,1e-06,1,"PGD",0.9,TRUE,10,1,TRUE,0.00146302790192956,63,1.77719718817543,477.848940978985,13.4798697504835,200,6381.4354414101,6258.98983578645,6733.28438238908,6268.91531116058,7067.07837648161,6278.33146588647
545,-3098.4433856465,2204.74163247301,1.1023708162365,"gaussian","adaptive_sparse_group_lasso",1,0.00712276852038476,0.5,TRUE,"identity",FALSE,0.41091431669352,"compound_symmetry","gaussian",0.2,1000,50,1e-06,1,"PGD",0.9,TRUE,10,1,TRUE,0.00199624835264236,50,1.41047395886939,379.586701362547,10.7079431481001,200,6296.88677129299,6199.70771921073,6576.47347265554,6207.59471444109,6841.38934098294,6215.06785311243
546,-3042.76381653828,2061.31221269842,1.03065610634921,"gaussian","adaptive_sparse_group_lasso",1,0.00683809692765128,0.5,TRUE,"identity",FALSE,0.473685724605438,"compound_symmetry","gaussian",0.2,1000,50,1e-06,1,"PGD",0.9,TRUE,10,1,TRUE,0.0017714572273,51,1.43868343804678,386.109791371333,10.8919561198752,200,6187.52763307656,6088.40499995265,6471.63742444789,6096.41958919643,6741.85161014184,6104.0421906412
547,-3107.15379887062,2197.08141309339,1.09854070654669,"gaussian","adaptive_sparse_group_lasso",1,0.0074502924766216,0.5,TRUE,"identity",FALSE,0.477154978603551,"compound_symmetry","gaussian",0.2,1000,50,1e-06,1,"PGD",0.9,TRUE,10,1,TRUE,0.00233191415556174,77,2.17212989665886,582.630421441222,16.4357007417588,200,6368.30759774124,6218.65185753456,6796.93801918246,6230.743298483,7204.90845640666,6242.25193203686
548,-3126.0745760224,2251.13743380096,1.12556871690048,"gaussian","adaptive_sparse_group_lasso",1,0.0205946712426551,0.5,TRUE,"identity",FALSE,0.446897249765723,"compound_symmetry","gaussian",0.2,1000,50,1e-06,1,"PGD",0.9,TRUE,10,1,TRUE,0.0181538937801471,77,2.17212989665886,581.857147767166,16.4138870941521,200,6406.14915204481,6256.49341183813,6834.00629981198,6268.56303913896,7241.97673703617,6280.07167269283
549,-3116.98946981861,2228.59700186343,1.11429850093171,"gaussian","adaptive_sparse_group_lasso",1,0.0153867809698056,0.5,TRUE,"identity",FALSE,0.452273625807458,"compound_symmetry","gaussian",0.2,1000,50,1e-06,1,"PGD",0.9,TRUE,10,1,TRUE,0.0108437518538533,78,2.20033937583625,589.861486357785,16.639685316953,200,6389.97893963722,6238.37961838889,6823.840425995,6250.61862495417,7237.10918058575,6262.27672128146
550,-3103.00318767047,2200.55375285752,1.10027687642876,"gaussian","adaptive_sparse_group_lasso",1,0.00754285024677545,0.5,TRUE,"identity",FALSE,0.445014750175323,"compound_symmetry","gaussian",0.2,1000,50,1e-06,1,"PGD",0.9,TRUE,10,1,TRUE,0.00251203731647385,66,1.8618256257076,499.930852513407,14.1027889741107,200,6338.00637534095,6209.73002659236,6705.93722785436,6220.10916431506,7055.62617404653,6229.97370736123
551,-3083.30960432242,2160.51310029026,1.08025655014513,"gaussian","adaptive_sparse_group_lasso",1,0.0171358167523518,0.5,TRUE,"identity",FALSE,0.437812492009082,"compound_symmetry","gaussian",0.2,1000,50,1e-06,1,"PGD",0.9,TRUE,10,1,TRUE,0.0114465761272073,69,1.94645406323976,521.826695568202,14.7204593028363,200,6304.61920864484,6170.51211677132,6688.44590421305,6181.33966794768,7054.02980250486,6191.65259931413
552,-3111.38063262154,2218.29763453255,1.10914881726628,"gaussian","adaptive_sparse_group_lasso",1,0.0142310800651881,0.5,TRUE,"identity",FALSE,0.446906004495322,"compound_symmetry","gaussian",0.2,1000,50,1e-06,1,"PGD",0.9,TRUE,10,1,TRUE,0.00835536715854287,55,1.55152135475633,417.360579576844,11.7735245790355,200,6332.76126524308,6225.86430795259,6640.12184481993,6234.53478982212,6931.52929998007,6242.75524236059
553,-3133.95569998093,2263.06919030442,1.13153459515221,"gaussian","adaptive_sparse_group_lasso",1,0.0216074042636512,0.5,TRUE,"identity",FALSE,0.461273842672925,"compound_symmetry","gaussian",0.2,1000,50,1e-06,1,"PGD",0.9,TRUE,10,1,TRUE,0.0139682818971441,43,1.21300760462768,323.827555429898,9.13500668196412,200,6353.91139996186,6270.33741517112,6591.73895539176,6277.04640664382,6819.56660215332,6283.47330590118
554,-3074.32326240551,2131.12824604672,1.06556412302336,"gaussian","adaptive_sparse_group_lasso",1,0.0132783055865198,0.5,TRUE,"identity",FALSE,0.463737448866221,"compound_symmetry","gaussian",0.2,1000,50,1e-06,1,"PGD",0.9,TRUE,10,1,TRUE,0.00512373698570353,44,1.24121708380506,333.898822185745,9.41911187180309,200,6236.64652481102,6151.12895897863,6482.54534699677,6158.06563668283,6715.67131112488,6164.64199871361
555,-3103.64872965784,2178.93312618058,1.08946656309029,"gaussian","adaptive_sparse_group_lasso",1,0.0112869364585518,0.5,TRUE,"identity",FALSE,0.505469972536737,"compound_symmetry","gaussian",0.2,1000,50,1e-06,1,"PGD",0.9,TRUE,10,1,TRUE,0.00500354360257327,62,1.74898770899804,469.772437438195,13.2520357920235,200,6331.29745931569,6210.79543473368,6677.06989675388,6220.54949510771,7005.56557347986,6229.81618706018
556,-3115.08874308259,2227.9644016582,1.1139822008291,"gaussian","adaptive_sparse_group_lasso",1,0.015306791260472,0.5,TRUE,"identity",FALSE,0.443416095241772,"compound_symmetry","gaussian",0.2,1000,50,1e-06,1,"PGD",0.9,TRUE,10,1,TRUE,0.0081337393140455,47,1.32584552133723,356.724454478217,10.0630110706683,200,6324.17748616518,6232.82917720786,6586.9019406434,6240.24049723585,6835.92285687116,6247.26524758691
557,-3109.04515801448,2205.22963880027,1.10261481940014,"gaussian","adaptive_sparse_group_lasso",1,0.00834301222652314,0.5,TRUE,"identity",FALSE,0.46679995423361,"compound_symmetry","gaussian",0.2,1000,50,1e-06,1,"PGD",0.9,TRUE,10,1,TRUE,0.0024217815016209,46,1.29763604215984,347.132285469961,9.79242097876391,200,6310.09031602897,6220.68558811329,6565.22260149893,6227.88273700773,6808.94520036014,6234.75802458536
558,-3058.24679209107,2116.39036517545,1.05819518258772,"gaussian","adaptive_sparse_group_lasso",1,0.00714918494109168,0.5,TRUE,"identity",FALSE,0.414512295332171,"compound_symmetry","gaussian",0.2,1000,50,1e-06,1,"PGD",0.9,TRUE,10,1,TRUE,0.00206780151370086,58,1.63614979228849,439.976460889944,12.4115068120157,200,6232.49358418214,6119.76588376672,6556.47004507208,6128.90509099416,6863.77245233187,6137.57393185291
559,-3143.48560743399,2280.95280829396,1.14047640414698,"gaussian","adaptive_sparse_group_lasso",1,0.0074258910728603,0.5,TRUE,"identity",FALSE,0.470660727965621,"compound_symmetry","gaussian",0.2,1000,50,1e-06,1,"PGD",0.9,TRUE,10,1,TRUE,0.00242227236093843,66,1.8618256257076,499.805408312769,14.0992502585449,200,6418.97121486798,6290.6948661194,6786.77662318075,6301.07046512653,7136.46556937292,6310.9350081727
560,-3085.81334360566,2174.26618867601,1.08713309433801,"gaussian","adaptive_sparse_group_lasso",1,0.00670956482733772,0.5,TRUE,"identity",FALSE,0.417542958134153,"compound_symmetry","gaussian",0.2,1000,50,1e-06,1,"PGD",0.9,TRUE,10,1,TRUE,0.00177562094912071,55,1.55152135475633,416.406108708518,11.74659945295,200,6281.62668721132,6174.72972992083,6588.03279591983,6183.37328666427,6879.44025107998,6191.59373920274
561,-3114.45629207583,2212.23230283199,1.10611615141599,"gaussian","adaptive_sparse_group_lasso",1,0.0112724476483261,0.5,TRUE,"identity",FALSE,0.479643507980645,"compound_symmetry","gaussian",0.2,1000,50,1e-06,1,"PGD",0.9,TRUE,10,1,TRUE,0.00538095255441913,51,1.43868343804678,386.386522983905,10.8997625745378,200,6330.91258415166,6231.78995102775,6615.29910713557,6239.8123467262,6885.51329282952,6247.43494817097
562,-3142.66008202665,2282.57416949559,1.1412870847478,"gaussian","adaptive_sparse_group_lasso",1,0.00555771463425127,0.5,TRUE,"identity",FALSE,0.461961796411824,"compound_symmetry","gaussian",0.2,1000,50,1e-06,1,"PGD",0.9,TRUE,10,1,TRUE,0.00134096198428448,66,1.8618256257076,499.482782540627,14.0901491535435,200,6417.32016405331,6289.04381530472,6784.80294659394,6299.41031320685,7134.49189278611,6309.27485625302
563,-3113.54422516207,2229.26574127241,1.1146328706362,"gaussian","adaptive_sparse_group_lasso",1,0.0049315366046861,0.5,TRUE,"identity",FALSE,0.431972026728362,"compound_symmetry","gaussian",0.2,1000,50,1e-06,1,"PGD",0.9,TRUE,10,1,TRUE,0.00121274043166935,74,2.0875014591267,560.278674570184,15.805169603822,200,6375.08845032415,6231.2634532424,6787.36712489433,6242.89361992797,7179.44261001888,6253.95386516155
564,-3100.98264068963,2194.49423066039,1.09724711533019,"gaussian","adaptive_sparse_group_lasso",1,0.0164744864628475,0.5,TRUE,"identity",FALSE,0.44904572341989,"compound_symmetry","gaussian",0.2,1000,50,1e-06,1,"PGD",0.9,TRUE,10,1,TRUE,0.0119037230611936,49,1.382264479692,371.911677305447,10.4914347167754,200,6299.96528137926,6204.72981033864,6573.87695868471,6212.45671609603,6833.49450964556,6219.78039199395
565,-3085.66388526332,2175.66522446403,1.08783261223201,"gaussian","adaptive_sparse_group_lasso",1,0.00941844467815903,0.5,TRUE,"identity",FALSE,0.413456595523474,"compound_symmetry","gaussian",0.2,1000,50,1e-06,1,"PGD",0.9,TRUE,10,1,TRUE,0.00401189628981749,68,1.91824458406237,513.481478652658,14.4850450800265,200,6307.32777052664,6175.16425969477,6684.8092491793,6185.81281560667,7045.09483010457,6195.97628419969
566,-3091.79670349401,2170.04777227106,1.08502388613553,"gaussian","adaptive_sparse_group_lasso",1,0.00930570777205685,0.5,TRUE,"identity",FALSE,0.460229510877029,"compound_symmetry","gaussian",0.2,1000,50,1e-06,1,"PGD",0.9,TRUE,10,1,TRUE,0.00326927411831212,55,1.55152135475633,417.35850123993,11.7734659502336,200,6293.59340698803,6186.69644969754,6600.95190822796,6195.36687293826,6892.3593633881,6203.58732547674
567,-3134.37499083463,2281.003471167,1.1405017355835,"gaussian","adaptive_sparse_group_lasso",1,0.0168423793874819,0.5,TRUE,"identity",FALSE,0.420852340005542,"compound_symmetry","gaussian",0.2,1000,50,1e-06,1,"PGD",0.9,TRUE,10,1,TRUE,0.011359465868055,51,1.43868343804678,387.016954145538,10.9175467092646,200,6370.74998166926,6271.62734854535,6655.76693581479,6279.66752837852,6925.98112150874,6287.29012982329
568,-3144.70988782282,2298.05646337688,1.14902823168844,"gaussian","adaptive_sparse_group_lasso",1,0.0198216318877461,0.5,TRUE,"identity",FALSE,0.436106431652184,"compound_symmetry","gaussian",0.2,1000,50,1e-06,1,"PGD",0.9,TRUE,10,1,TRUE,0.014870824912116,56,1.57973083393372,424.760471241158,11.9822716688549,200,6401.41977564565,6292.57923731351,6714.18024688681,6301.4020473145,7010.8860194135,6309.7719626264
569,-3046.9660892181,2091.84774582617,1.04592387291309,"gaussian","adaptive_sparse_group_lasso",1,0.00831248327301214,0.5,TRUE,"identity",FALSE,0.416489302358606,"compound_symmetry","gaussian",0.2,1000,50,1e-06,1,"PGD",0.9,TRUE,10,1,TRUE,0.0027464942373435,65,1.83361614653021,492.033932738101,13.8800209801437,200,6223.9321784362,6097.59941072926,6585.9661111743,6107.81219941634,6930.35673999992,6117.52727968908
570,-3110.11600206799,2231.44494329367,1.11572247164683,"gaussian","adaptive_sparse_group_lasso",1,0.0205283227585534,0.5,TRUE,"identity",FALSE,0.409045816590256,"compound_symmetry","gaussian",0.2,1000,50,1e-06,1,"PGD",0.9,TRUE,10,1,TRUE,0.0170127625454554,58,1.63614979228849,438.089040002701,12.358263651798,200,6336.23200413599,6223.50430372056,6658.32104413869,6232.59026778778,6965.62345139847,6241.25910864654
571,-3085.14274530803,2170.46072127312,1.08523036063656,"gaussian","adaptive_sparse_group_lasso",1,0.0103050604612576,0.5,TRUE,"identity",FALSE,0.423168813372253,"compound_symmetry","gaussian",0.2,1000,50,1e-06,1,"PGD",0.9,TRUE,10,1,TRUE,0.00584200167168848,106,2.99020479280311,801.89459884825,22.6210289886695,200,6382.28549061607,6176.26590020167,6972.18008946432,6192.90651960473,7533.80173031841,6208.74957358798
572,-3141.10607894912,2268.27273387327,1.13413636693663,"gaussian","adaptive_sparse_group_lasso",1,0.0142234572908488,0.5,TRUE,"identity",FALSE,0.489188284307224,"compound_symmetry","gaussian",0.2,1000,50,1e-06,1,"PGD",0.9,TRUE,10,1,TRUE,0.00642990389403455,53,1.49510239640155,400.876841606691,11.3085269160009,200,6388.21215789823,6285.20236269103,6683.08899950492,6293.52068481423,6963.89981993197,6301.44221180585
573,-3016.37142077211,2009.38403863674,1.00469201931837,"gaussian","adaptive_sparse_group_lasso",1,0.00478173639676721,0.5,TRUE,"identity",FALSE,0.468671687540865,"compound_symmetry","gaussian",0.2,1000,50,1e-06,1,"PGD",0.9,TRUE,10,1,TRUE,0.000915234558521077,48,1.35405500051462,363.884702114476,10.2649979272683,200,6128.74284154422,6035.45095154525,6396.6275436587,6043.00783947149,6650.94677725301,6050.18205259598
574,-3126.62882444981,2249.72170242217,1.12486085121109,"gaussian","adaptive_sparse_group_lasso",1,0.00977050812373298,0.5,TRUE,"identity",FALSE,0.453407358663769,"compound_symmetry","gaussian",0.2,1000,50,1e-06,1,"PGD",0.9,TRUE,10,1,TRUE,0.00431082459755421,60,1.69256875064327,453.739849022566,12.7997648229532,200,6373.25764889963,6256.64278640091,6706.99749792219,6266.05741372258,7024.89653991508,6275.02518012819
575,-3043.20536769234,2074.63711574268,1.03731855787134,"gaussian","adaptive_sparse_group_lasso",1,0.00423846898395643,0.5,TRUE,"identity",FALSE,0.440266458933483,"compound_symmetry","gaussian",0.2,1000,50,1e-06,1,"PGD",0.9,TRUE,10,1,TRUE,0.000925839450334274,99,2.7927384385614,749.407140480714,21.1403851247764,200,6284.41073538468,6091.9962122618,6835.81787586539,6107.55112050946,7360.35129515365,6122.34793507871
576,-3093.10272698254,2180.86937860938,1.09043468930469,"gaussian","adaptive_sparse_group_lasso",1,0.0148843903279762,0.5,TRUE,"identity",FALSE,0.440050497471975,"compound_symmetry","gaussian",0.2,1000,50,1e-06,1,"PGD",0.9,TRUE,10,1,TRUE,0.00808588880550654,46,1.29763604215984,347.764979376311,9.81026894434074,200,6278.20545396509,6188.80072604941,6533.9704333414,6196.01572290943,6777.69303220261,6202.89101048706
577,-3057.14681193104,2105.29343374164,1.05264671687082,"gaussian","adaptive_sparse_group_lasso",1,0.00817433767283493,0.5,TRUE,"identity",FALSE,0.436352121293853,"compound_symmetry","gaussian",0.2,1000,50,1e-06,1,"PGD",0.9,TRUE,10,1,TRUE,0.00281014038175321,51,1.43868343804678,384.770065632963,10.8541631545552,200,6216.29362386208,6117.17099073817,6499.06368949504,6125.14778701664,6769.27787518899,6132.7703884614
578,-3082.6408066718,2166.24271636713,1.08312135818356,"gaussian","adaptive_sparse_group_lasso",1,0.0160410256875343,0.5,TRUE,"identity",FALSE,0.42026453169651,"compound_symmetry","gaussian",0.2,1000,50,1e-06,1,"PGD",0.9,TRUE,10,1,TRUE,0.0125154912338718,94,2.65169104267445,710.96413427206,20.0559279416172,200,6353.2816133436,6170.58499542895,6876.24574761566,6185.33754128522,7374.28758007118,6199.38704198734
579,-3049.75977862588,2101.85534150361,1.0509276707518,"gaussian","adaptive_sparse_group_lasso",1,0.0138692800927714,0.5,TRUE,"identity",FALSE,0.406368470804106,"compound_symmetry","gaussian",0.2,1000,50,1e-06,1,"PGD",0.9,TRUE,10,1,TRUE,0.00797672283768192,56,1.57973083393372,424.804840382276,11.9835232992174,200,6211.51955725175,6102.67901891962,6524.32439763403,6111.50308055097,6821.03017016072,6119.87299586287
580,-3105.43637078626,2226.37289085444,1.11318644542722,"gaussian","adaptive_sparse_group_lasso",1,0.00842197874230809,0.5,TRUE,"identity",FALSE,0.396954009722147,"compound_symmetry","gaussian",0.2,1000,50,1e-06,1,"PGD",0.9,TRUE,10,1,TRUE,0.0034449911703387,77,2.17212989665886,583.325498240997,16.4553084962688,200,6364.87274157252,6215.21700136584,6794.19823981352,6227.32805006879,7202.16867703772,6238.83668362266
581,-3116.71440017445,2245.61742573375,1.12280871286688,"gaussian","adaptive_sparse_group_lasso",1,0.00914258467760334,0.5,TRUE,"identity",FALSE,0.410407930349589,"compound_symmetry","gaussian",0.2,1000,50,1e-06,1,"PGD",0.9,TRUE,10,1,TRUE,0.00341857102971389,49,1.382264479692,371.730236390053,10.4863163630506,200,6331.42880034889,6236.19332930828,6605.15903673895,6243.91511671194,6864.7765876998,6251.23879260986
582,-3072.70788140141,2128.95165244426,1.06447582622213,"gaussian","adaptive_sparse_group_lasso",1,0.0169554977807021,0.5,TRUE,"identity",FALSE,0.460401435161255,"compound_symmetry","gaussian",0.2,1000,50,1e-06,1,"PGD",0.9,TRUE,10,1,TRUE,0.00943430448904132,45,1.26942656298245,340.403836268688,9.60261493112448,200,6235.41576280282,6147.95461592878,6485.8195990715,6155.01837773394,6724.24388056617,6161.74420253815
583,-3122.52338402816,2252.25187041349,1.12612593520675,"gaussian","adaptive_sparse_group_lasso",1,0.0154424242958369,0.5,TRUE,"identity",FALSE,0.425210795708371,"compound_symmetry","gaussian",0.2,1000,50,1e-06,1,"PGD",0.9,TRUE,10,1,TRUE,0.00918571849844401,55,1.55152135475633,416.608460875977,11.7523077022045,200,6355.04676805632,6248.14981076583,6661.65522893229,6256.79907575852,6953.06268409243,6265.019528297
584,-3098.30190220131,2186.47421353361,1.0932371067668,"gaussian","adaptive_sparse_group_lasso",1,0.00801801785094588,0.5,TRUE,"identity",FALSE,0.454455952051242,"compound_symmetry","gaussian",0.2,1000,50,1e-06,1,"PGD",0.9,TRUE,10,1,TRUE,0.00227004367473702,47,1.32584552133723,356.59645610493,10.0594003032223,200,6290.60380440263,6199.2554954453,6553.20026050756,6206.66320470585,6802.22117673532,6213.68795505691
585,-3135.6100786421,2258.85077743193,1.12942538871596,"gaussian","adaptive_sparse_group_lasso",1,0.0170541374141146,0.5,TRUE,"identity",FALSE,0.481383338412018,"compound_symmetry","gaussian",0.2,1000,50,1e-06,1,"PGD",0.9,TRUE,10,1,TRUE,0.0110487122117696,52,1.46689291722417,394.37579306788,11.1251357226142,200,6375.2201572842,6274.15394311864,6665.59595035208,6282.34529300681,6941.10845341257,6290.11735722501
586,-3095.4376095694,2187.78806983171,1.09389403491585,"gaussian","adaptive_sparse_group_lasso",1,0.00380530351152077,0.5,TRUE,"identity",FALSE,0.435573013358731,"compound_symmetry","gaussian",0.2,1000,50,1e-06,1,"PGD",0.9,TRUE,10,1,TRUE,0.000728963931477758,89,2.51064364678752,672.156719803603,18.961190991241,200,6368.87521913879,6195.89650643237,6863.03193894239,6209.83641013003,7334.58218456517,6223.13859696502
587,-3081.54781067536,2145.73551244586,1.07286775622293,"gaussian","adaptive_sparse_group_lasso",1,0.01944237505972,0.5,TRUE,"identity",FALSE,0.465961206301648,"compound_symmetry","gaussian",0.2,1000,50,1e-06,1,"PGD",0.9,TRUE,10,1,TRUE,0.0149833894747799,67,1.89003510488498,506.661462179256,14.2926559673306,200,6297.09562135072,6166.87569156049,6669.75708352997,6177.38827731805,7024.74434708869,6187.40228313764
588,-3085.77091506373,2168.31220246036,1.08415610123018,"gaussian","adaptive_sparse_group_lasso",1,0.00784950680734832,0.5,TRUE,"identity",FALSE,0.431705464455334,"compound_symmetry","gaussian",0.2,1000,50,1e-06,1,"PGD",0.9,TRUE,10,1,TRUE,0.00261614656372838,48,1.35405500051462,362.65093625261,10.2301940348782,200,6267.54183012747,6174.2499401285,6534.19276638008,6181.77202416235,6788.51199997438,6188.94623728683
589,-3109.68490034723,2195.9577879068,1.0979788939534,"gaussian","adaptive_sparse_group_lasso",1,0.00388414857040338,0.5,TRUE,"identity",FALSE,0.494985668670615,"compound_symmetry","gaussian",0.2,1000,50,1e-06,1,"PGD",0.9,TRUE,10,1,TRUE,0.000651595954035209,64,1.80540666735282,483.692053413934,13.6447009090483,200,6347.36980069446,6222.98061402917,6703.0618541084,6233.01450160351,7042.15416556747,6242.58011910283
590,-3084.07305146113,2173.24427515098,1.08662213757549,"gaussian","adaptive_sparse_group_lasso",1,0.0197545535178467,0.5,TRUE,"identity",FALSE,0.41101081517698,"compound_symmetry","gaussian",0.2,1000,50,1e-06,1,"PGD",0.9,TRUE,10,1,TRUE,0.0158862074633458,52,1.46689291722417,394.123295040267,11.1180128847619,200,6272.14610292226,6171.07988875671,6562.26939796253,6179.26411580702,6837.78190102303,6187.03618002522
591,-3110.55006222962,2212.53275623584,1.10626637811792,"gaussian","adaptive_sparse_group_lasso",1,0.0189054049819066,0.5,TRUE,"identity",FALSE,0.456681309620016,"compound_symmetry","gaussian",0.2,1000,50,1e-06,1,"PGD",0.9,TRUE,10,1,TRUE,0.0154547838741093,81,2.28496781336841,612.954945290955,17.2911397658621,200,6383.10012445925,6225.67006008598,6834.0550697502,6238.39126422511,7263.21877644059,6250.49774887268
592,-3077.49161776054,2145.75971416738,1.07287985708369,"gaussian","adaptive_sparse_group_lasso",1,0.00567117115422336,0.5,TRUE,"identity",FALSE,0.443402782423468,"compound_symmetry","gaussian",0.2,1000,50,1e-06,1,"PGD",0.9,TRUE,10,1,TRUE,0.00147511023559409,79,2.22854885501364,596.811396354389,16.8357386582869,200,6312.98323552108,6159.44033323111,6751.79463187547,6171.81897417937,7170.36170383276,6183.62653328009
593,-3100.33082640447,2187.88927325728,1.09394463662864,"gaussian","adaptive_sparse_group_lasso",1,0.0141184651221034,0.5,TRUE,"identity",FALSE,0.462171420726141,"compound_symmetry","gaussian",0.2,1000,50,1e-06,1,"PGD",0.9,TRUE,10,1,TRUE,0.00738279779555366,56,1.57973083393372,423.599459443689,11.9495201307295,200,6312.66165280894,6203.82111447681,6624.26111225263,6212.61117293967,6920.96688477932,6220.98108825157
594,-3073.1577908401,2139.58697000535,1.06979348500268,"gaussian","adaptive_sparse_group_lasso",1,0.018761828555517,0.5,TRUE,"identity",FALSE,0.435564418447271,"compound_symmetry","gaussian",0.2,1000,50,1e-06,1,"PGD",0.9,TRUE,10,1,TRUE,0.0128469568075086,63,1.77719718817543,476.920302937019,13.4536733549753,200,6272.3155816802,6149.86997605655,6623.23588461722,6159.76925503517,6957.02987870974,6169.18540976106
595,-3151.83558110362,2309.80793708166,1.15490396854083,"gaussian","adaptive_sparse_group_lasso",1,0.0104101289198822,0.5,TRUE,"identity",FALSE,0.44707361285176,"compound_symmetry","gaussian",0.2,1000,50,1e-06,1,"PGD",0.9,TRUE,10,1,TRUE,0.00374176415559053,43,1.21300760462768,326.723029678094,9.21668650247726,200,6389.67116220725,6306.0971774165,6630.39419188534,6312.88784870972,6858.22183864691,6319.31474796708
596,-3101.34912953335,2188.72084514114,1.09436042257057,"gaussian","adaptive_sparse_group_lasso",1,0.0326957498657189,0.5,TRUE,"identity",FALSE,0.465771213907062,"compound_symmetry","gaussian",0.2,1000,50,1e-06,1,"PGD",0.9,TRUE,10,1,TRUE,0.0311281141402244,48,1.35405500051462,363.507273670363,10.2543508674331,200,6298.69825906669,6205.40636906772,6566.20553273705,6212.95260993412,6820.52476633136,6220.12682305861
597,-3135.49942123567,2274.99850181072,1.13749925090536,"gaussian","adaptive_sparse_group_lasso",1,0.0376425031538374,0.5,TRUE,"identity",FALSE,0.440811939125944,"compound_symmetry","gaussian",0.2,1000,50,1e-06,1,"PGD",0.9,TRUE,10,1,TRUE,0.0502595403980738,46,1.29763604215984,348.455526955477,9.82974893189621,200,6362.99884247134,6273.59411455566,6619.45436942682,6280.82859140324,6863.17696828803,6287.70387898087
598,-3128.82716469009,2265.70914029248,1.13285457014624,"gaussian","adaptive_sparse_group_lasso",1,0.00954467424568301,0.5,TRUE,"identity",FALSE,0.427033973780016,"compound_symmetry","gaussian",0.2,1000,50,1e-06,1,"PGD",0.9,TRUE,10,1,TRUE,0.0040913535709026,52,1.46689291722417,392.867136696701,11.0825773121256,200,6361.65432938019,6260.58811521464,6650.52146607689,6268.73690669231,6926.03396913739,6276.50897091051
599,-3126.97106317657,2255.35066807676,1.12767533403838,"gaussian","adaptive_sparse_group_lasso",1,0.02405948345993,0.5,TRUE,"identity",FALSE,0.441599761662594,"compound_symmetry","gaussian",0.2,1000,50,1e-06,1,"PGD",0.9,TRUE,10,1,TRUE,0.0159731368094997,38,1.07196020874074,286.110275389824,8.07102185604593,200,6329.94212635314,6256.08604677062,6540.05240174297,6262.01314820919,6741.38846167179,6267.69273359941
600,-3102.06777169129,2206.38694444289,1.10319347222144,"gaussian","adaptive_sparse_group_lasso",1,0.0245224324586546,0.5,TRUE,"identity",FALSE,0.425834190217556,"compound_symmetry","gaussian",0.2,1000,50,1e-06,1,"PGD",0.9,TRUE,10,1,TRUE,0.0186126900621593,56,1.57973083393372,423.941142879913,11.9591588425089,200,6316.13554338257,6207.29500505044,6628.07668626249,6216.09470222508,6924.78245878918,6224.46461753698
601,-364.959833784732,450.356115684755,2.25178057842378,"gaussian","adaptive_sparse_group_lasso",1,0.287291867218516,0.5,TRUE,"identity",NA,NA,"independent","gaussian",0.2,1000,50,1e-06,1,"PGD",0.9,TRUE,10,1,TRUE,0.900789680635474,18,0.507770625192981,93.6607687193243,2.64212150492592,200,765.919667569464,730.93520881985,823.580436288788,732.56178907439,918.950148886653,735.252118996073
602,-398.698462208531,631.075131132294,3.15537565566147,"gaussian","adaptive_sparse_group_lasso",1,0.539982320717278,0.5,TRUE,"identity",NA,NA,"independent","gaussian",0.2,1000,50,1e-06,1,"PGD",0.9,TRUE,10,1,TRUE,6.67168289557384,23,0.64881802107992,122.103404418194,3.4444734444232,200,843.396924417062,798.694560459222,919.500328835256,800.841397861485,1041.36162826586,804.279041650302
603,-358.637567442502,422.76479092211,2.11382395461055,"gaussian","adaptive_sparse_group_lasso",1,0.44212153699311,0.5,TRUE,"identity",NA,NA,"independent","gaussian",0.2,1000,50,1e-06,1,"PGD",0.9,TRUE,10,1,TRUE,0.748707943089603,8,0.225675833419103,42.3826682863234,1.19559299850517,200,733.275134885004,717.726486551842,759.657803171328,718.470727883509,802.044342103712,719.666430070924
604,-334.805093581249,333.116152660963,1.66558076330481,"gaussian","adaptive_sparse_group_lasso",1,0.121426828807042,0.5,TRUE,"identity",NA,NA,"independent","gaussian",0.2,1000,50,1e-06,1,"PGD",0.9,TRUE,10,1,TRUE,0.398410808783144,33,0.930912812853798,172.866755535334,4.8764811407366,200,735.610187162497,671.472012788205,842.476942697831,674.486668303234,1017.32141579392,679.418939826319
605,-366.413368202182,456.950002943811,2.28475001471905,"gaussian","adaptive_sparse_group_lasso",1,0.305751539483782,0.5,TRUE,"identity",NA,NA,"independent","gaussian",0.2,1000,50,1e-06,1,"PGD",0.9,TRUE,10,1,TRUE,3.64660034540361,43,1.21300760462768,229.416340261888,6.47171547357026,200,818.826736404365,735.25275161362,962.243076666253,739.298451877935,1190.07072342782,745.725351135289
606,-319.018963300105,284.470606857103,1.42235303428551,"gaussian","adaptive_sparse_group_lasso",1,0.178869043096208,0.5,TRUE,"identity",NA,NA,"independent","gaussian",0.2,1000,50,1e-06,1,"PGD",0.9,TRUE,10,1,TRUE,0.474135323103462,26,0.733446458612083,138.699409144591,3.91263809418034,200,690.037926600211,639.504819517435,776.737335744802,641.950564694391,914.493587275051,645.836596803489
607,-360.690084723824,431.531775472173,2.15765887736086,"gaussian","adaptive_sparse_group_lasso",1,0.25865472578564,0.5,TRUE,"identity",NA,NA,"independent","gaussian",0.2,1000,50,1e-06,1,"PGD",0.9,TRUE,10,1,TRUE,2.14105748728988,36,1.01554125038596,191.958721296394,5.4150555513286,200,793.380169447649,723.411251948421,913.338890744042,726.795224998977,1104.07831593977,732.175884842343
608,-359.448271491863,426.206092739962,2.13103046369981,"gaussian","adaptive_sparse_group_lasso",1,0.332264678610713,0.5,TRUE,"identity",NA,NA,"independent","gaussian",0.2,1000,50,1e-06,1,"PGD",0.9,TRUE,10,1,TRUE,0.507421057958307,15,0.423142187660817,80.9645673124061,2.28396827570554,200,748.896542983726,719.742827359048,799.861110296132,721.180511259432,879.335870794353,723.422452860834
609,-338.57320686342,345.907835702565,1.72953917851283,"gaussian","adaptive_sparse_group_lasso",1,0.0868867902228885,0.5,TRUE,"identity",NA,NA,"independent","gaussian",0.2,1000,50,1e-06,1,"PGD",0.9,TRUE,10,1,TRUE,0.391981222203528,69,1.94645406323976,359.590576446434,10.1438628786506,200,815.146413726839,681.039321853319,1036.73699017327,687.29027660549,1402.32088846509,697.603207971941
610,-366.936575999385,459.347066331581,2.2967353316579,"gaussian","adaptive_sparse_group_lasso",1,0.205136127879698,0.5,TRUE,"identity",NA,NA,"independent","gaussian",0.2,1000,50,1e-06,1,"PGD",0.9,TRUE,10,1,TRUE,0.637134577928986,23,0.64881802107992,121.005426583317,3.41350006155302,200,779.873151998771,735.170788040931,854.878578582088,737.286652060324,976.739878012693,740.724295849141
611,-328.287694554944,312.098001446397,1.56049000723198,"gaussian","adaptive_sparse_group_lasso",1,0.155815760980746,0.5,TRUE,"identity",NA,NA,"independent","gaussian",0.2,1000,50,1e-06,1,"PGD",0.9,TRUE,10,1,TRUE,0.565942003096427,39,1.10016968791812,202.486223618431,5.71203090887202,200,734.575389109888,658.775728485724,859.061612728319,662.28742001876,1065.69599002369,668.116468182407
612,-327.565796742615,309.853085550223,1.54926542775112,"gaussian","adaptive_sparse_group_lasso",1,0.248431171409333,0.5,TRUE,"identity",NA,NA,"independent","gaussian",0.2,1000,50,1e-06,1,"PGD",0.9,TRUE,10,1,TRUE,0.281056522409448,5,0.141047395886939,26.4522603943576,0.746204488789471,200,665.131593485229,655.413688277003,681.583853879587,655.877797974019,708.075440712327,656.625111841153
613,-343.629385132309,363.847255369254,1.81923627684627,"gaussian","adaptive_sparse_group_lasso",1,0.365506151294976,0.5,TRUE,"identity",NA,NA,"independent","gaussian",0.2,1000,50,1e-06,1,"PGD",0.9,TRUE,10,1,TRUE,1.36202824958868,30,0.846284375321634,154.258579256054,4.35155417945709,200,747.258770264619,688.951339015262,841.517349520673,691.610324444076,1000.46687051711,696.094207646881
614,-330.262205584034,318.321652040635,1.59160826020317,"gaussian","adaptive_sparse_group_lasso",1,0.140090497025948,0.5,TRUE,"identity",NA,NA,"independent","gaussian",0.2,1000,50,1e-06,1,"PGD",0.9,TRUE,10,1,TRUE,0.420270449438091,42,1.18479812545029,222.65572968541,6.28100217028667,200,744.524411168067,662.894007418968,883.180140853477,666.805413338354,1105.7094702485,673.082849822281
615,-355.893834993649,411.322940830952,2.05661470415476,"gaussian","adaptive_sparse_group_lasso",1,0.0548053247399971,0.5,TRUE,"identity",NA,NA,"independent","gaussian",0.2,1000,50,1e-06,1,"PGD",0.9,TRUE,10,1,TRUE,0.0991883844353439,31,0.874493854499022,162.323377696672,4.57905794313754,200,773.787669987297,713.536657696295,874.111047683969,716.366727930435,1038.35888604696,721.000073906666
616,-329.983597885007,317.436017705976,1.58718008852988,"gaussian","adaptive_sparse_group_lasso",1,0.3902717835206,0.5,TRUE,"identity",NA,NA,"independent","gaussian",0.2,1000,50,1e-06,1,"PGD",0.9,TRUE,10,1,TRUE,1.42533566572296,10,0.282094791773878,52.6840867269344,1.48619064750315,200,679.967195770014,660.531385353562,712.651282496949,661.453386417517,765.634456162429,662.948014151786
617,-339.118482632102,347.799139035913,1.73899569517957,"gaussian","adaptive_sparse_group_lasso",1,0.153698544801703,0.5,TRUE,"identity",NA,NA,"independent","gaussian",0.2,1000,50,1e-06,1,"PGD",0.9,TRUE,10,1,TRUE,0.336821713977438,14,0.394932708483429,72.8488192416894,2.05502724949572,200,706.236965264204,679.026830681171,751.085784505893,680.291992513699,825.262227637566,682.384471341675
618,-352.987704757053,399.541383353166,1.99770691676583,"gaussian","adaptive_sparse_group_lasso",1,0.256896745406612,0.5,TRUE,"identity",NA,NA,"independent","gaussian",0.2,1000,50,1e-06,1,"PGD",0.9,TRUE,10,1,TRUE,0.262964148548891,12,0.338513750128654,63.1720356584511,1.78205022450028,200,729.975409514107,706.652437014364,769.147445172558,707.757459738607,832.727253571134,709.551013019729
619,-356.724193620873,414.75261595133,2.07376307975665,"gaussian","adaptive_sparse_group_lasso",1,0.332136922176644,0.5,TRUE,"identity",NA,NA,"independent","gaussian",0.2,1000,50,1e-06,1,"PGD",0.9,TRUE,10,1,TRUE,0.334978376783711,7,0.197466354241715,36.5073937662344,1.02985456426929,200,727.448387241746,713.843319950229,749.95578100798,714.478241806015,787.044002573817,715.524481220003
620,-334.328338210592,331.531783296646,1.65765891648323,"gaussian","adaptive_sparse_group_lasso",1,0.160906242871305,0.5,TRUE,"identity",NA,NA,"independent","gaussian",0.2,1000,50,1e-06,1,"PGD",0.9,TRUE,10,1,TRUE,0.441580777133325,25,0.705236979434695,131.448757210628,3.70810097942671,200,718.656676421184,670.067150380053,800.105433631811,672.36477740061,932.563367795512,676.101346736281
621,-383.941036118576,544.490590550358,2.72245295275179,"gaussian","adaptive_sparse_group_lasso",1,0.287798315670406,0.5,TRUE,"identity",NA,NA,"independent","gaussian",0.2,1000,50,1e-06,1,"PGD",0.9,TRUE,10,1,TRUE,2.89539337945971,43,1.21300760462768,225.048844960705,6.3485107058142,200,853.882072237151,770.308087446407,992.930917197857,774.230582942966,1220.75856395942,780.657482200319
622,-342.516227268703,359.819520150574,1.79909760075287,"gaussian","adaptive_sparse_group_lasso",1,0.390591256453612,0.5,TRUE,"identity",NA,NA,"independent","gaussian",0.2,1000,50,1e-06,1,"PGD",0.9,TRUE,10,1,TRUE,0.310966722931195,2,0.0564189583547756,10.9515796858479,0.308938359107431,200,689.032454537406,685.145292454116,695.984034223254,685.341392896514,706.58066895635,685.640318443367
623,-338.24923153637,344.788993026281,1.72394496513141,"gaussian","adaptive_sparse_group_lasso",1,0.0323253315731961,0.5,TRUE,"identity",NA,NA,"independent","gaussian",0.2,1000,50,1e-06,1,"PGD",0.9,TRUE,10,1,TRUE,0.0833617022614263,72,2.03108250077192,378.748060129278,10.6842855156929,200,820.498463072739,680.560628074283,1055.24652320202,687.182748588432,1436.72537359348,697.944068275164
624,-348.389878648288,381.587081931963,1.90793540965981,"gaussian","adaptive_sparse_group_lasso",1,0.121302141757914,0.5,TRUE,"identity",NA,NA,"independent","gaussian",0.2,1000,50,1e-06,1,"PGD",0.9,TRUE,10,1,TRUE,0.701457495082261,73,2.05929197994931,387.057090550205,10.9186789363363,200,842.779757296577,700.898341256475,1083.83684784678,707.698436232913,1470.61401560479,718.609218693072
625,-338.404290250478,345.32403311119,1.72662016555595,"gaussian","adaptive_sparse_group_lasso",1,0.0765472756660387,0.5,TRUE,"identity",NA,NA,"independent","gaussian",0.2,1000,50,1e-06,1,"PGD",0.9,TRUE,10,1,TRUE,0.182443995933244,41,1.1565886462729,217.224810869153,6.12779877902538,200,758.808580500955,679.121757793501,894.033391370108,682.936379279981,1111.26440339858,689.064352990481
626,-339.407359262888,348.80530205588,1.7440265102794,"gaussian","adaptive_sparse_group_lasso",1,0.28760429964059,0.5,TRUE,"identity",NA,NA,"independent","gaussian",0.2,1000,50,1e-06,1,"PGD",0.9,TRUE,10,1,TRUE,0.0473606021520232,2,0.0564189583547756,10.4504949940129,0.294803020927002,200,682.814718525776,678.927556442486,689.265213519789,679.109521546703,699.861848252885,679.408447093557
627,-335.878629866987,336.711539796151,1.68355769898076,"gaussian","adaptive_sparse_group_lasso",1,0.178497009476139,0.5,TRUE,"identity",NA,NA,"independent","gaussian",0.2,1000,50,1e-06,1,"PGD",0.9,TRUE,10,1,TRUE,0.174447157024893,8,0.225675833419103,42.1051170335563,1.18776342221958,200,687.757259733973,672.208611400811,713.86237676753,672.945023156193,756.248915699914,674.140725343608
628,-334.224654670156,331.1882175474,1.655941087737,"gaussian","adaptive_sparse_group_lasso",1,0.0882270567040112,0.5,TRUE,"identity",NA,NA,"independent","gaussian",0.2,1000,50,1e-06,1,"PGD",0.9,TRUE,10,1,TRUE,0.121037875119338,21,0.592399062725144,110.495070375248,3.11700838695457,200,710.449309340313,669.634107465763,778.944379715561,671.566317727267,890.20904441307,674.70503596923
629,-347.146802065071,376.873022658122,1.88436511329061,"gaussian","adaptive_sparse_group_lasso",1,0.183976377197741,0.5,TRUE,"identity",NA,NA,"independent","gaussian",0.2,1000,50,1e-06,1,"PGD",0.9,TRUE,10,1,TRUE,1.15864210525979,56,1.57973083393372,295.311790396282,8.33059180202104,200,806.293604130142,697.453065798009,989.605394526424,702.624195932163,1286.31116705311,710.994111244065
630,-358.421037887908,421.850370555792,2.10925185277896,"gaussian","adaptive_sparse_group_lasso",1,0.0378653033548043,0.5,TRUE,"identity",NA,NA,"independent","gaussian",0.2,1000,50,1e-06,1,"PGD",0.9,TRUE,10,1,TRUE,0.0757460196245176,58,1.63614979228849,302.744493735554,8.54026449210194,200,832.842075775816,720.114375360393,1019.58656951137,725.382340267918,1326.88897677116,734.051181126674
631,-385.781491973115,554.604484895392,2.77302242447696,"gaussian","adaptive_sparse_group_lasso",1,0.239448220649277,0.5,TRUE,"identity",NA,NA,"independent","gaussian",0.2,1000,50,1e-06,1,"PGD",0.9,TRUE,10,1,TRUE,0.0762407249917152,2,0.0564189583547756,10.5731182489205,0.298262159082982,200,775.562983946231,771.67582186294,782.136102195151,771.861246105314,792.732736928248,772.160171652168
632,-333.220594844767,327.879528115944,1.63939764057972,"gaussian","adaptive_sparse_group_lasso",1,0.238747705497208,0.5,TRUE,"identity",NA,NA,"independent","gaussian",0.2,1000,50,1e-06,1,"PGD",0.9,TRUE,10,1,TRUE,0.961223961561105,25,0.705236979434695,131.561135711465,3.71127111840607,200,716.441189689533,667.851663648402,798.002325400998,670.152460807939,930.460259564699,673.88903014361
633,-333.437574854932,328.591733541661,1.6429586677083,"gaussian","adaptive_sparse_group_lasso",1,0.182241794037724,0.5,TRUE,"identity",NA,NA,"independent","gaussian",0.2,1000,50,1e-06,1,"PGD",0.9,TRUE,10,1,TRUE,1.32726703509438,35,0.987331771208573,187.727913683256,5.29570667206225,200,736.875149709865,668.849813252282,854.60306339312,672.170856381927,1040.0441712223,677.402053451866
634,-326.934807554246,307.904101486456,1.53952050743228,"gaussian","adaptive_sparse_group_lasso",1,0.140865987207012,0.5,TRUE,"identity",NA,NA,"independent","gaussian",0.2,1000,50,1e-06,1,"PGD",0.9,TRUE,10,1,TRUE,0.688574491932884,39,1.10016968791812,205.811532784711,5.80583614855659,200,731.869615108492,656.069954484328,859.681147893203,659.675451257048,1066.31552518858,665.504499420695
635,-367.651230403042,462.641568499909,2.31320784249955,"gaussian","adaptive_sparse_group_lasso",1,0.0493474013603976,0.5,TRUE,"identity",NA,NA,"independent","gaussian",0.2,1000,50,1e-06,1,"PGD",0.9,TRUE,10,1,TRUE,0.337812479959692,126,3.55439437635087,663.096720754865,18.7056131367285,200,987.302460806084,742.411249558786,1398.39918156095,754.008073942812,2065.987169746,772.840383394593
636,-363.758132994935,444.976570442013,2.22488285221006,"gaussian","adaptive_sparse_group_lasso",1,0.24433123943632,0.5,TRUE,"identity",NA,NA,"independent","gaussian",0.2,1000,50,1e-06,1,"PGD",0.9,TRUE,10,1,TRUE,1.80317978651795,19,0.535980104370368,98.4070192936183,2.77601076167213,200,765.516265989869,728.58822619861,825.923285283488,730.292276751542,926.5913152479,733.132069446651
637,-340.887669745291,354.007109969471,1.77003554984736,"gaussian","adaptive_sparse_group_lasso",1,0.275563702880667,0.5,TRUE,"identity",NA,NA,"independent","gaussian",0.2,1000,50,1e-06,1,"PGD",0.9,TRUE,10,1,TRUE,0.840520075052205,14,0.394932708483429,72.9921846649085,2.05907151341678,200,709.775339490583,682.56520490755,754.767524155491,683.834411003999,828.943967287164,685.926889831975
638,-334.61585845262,332.486375948315,1.66243187974158,"gaussian","adaptive_sparse_group_lasso",1,0.20456357496527,0.5,TRUE,"identity",NA,NA,"independent","gaussian",0.2,1000,50,1e-06,1,"PGD",0.9,TRUE,10,1,TRUE,1.37882921544562,46,1.29763604215984,244.980969961512,6.91078557098553,200,761.231716905241,671.82698898956,914.212686866752,676.142502476226,1157.93528572796,683.01779005386
639,-330.467104786074,318.974559237977,1.59487279618988,"gaussian","adaptive_sparse_group_lasso",1,0.102814631414275,0.5,TRUE,"identity",NA,NA,"independent","gaussian",0.2,1000,50,1e-06,1,"PGD",0.9,TRUE,10,1,TRUE,0.407563797155574,44,1.24121708380506,234.766592809432,6.62264331140396,200,748.934209572147,663.416643739757,895.700802381579,667.556852883551,1128.82676650969,674.133214914332
640,-348.14843320511,380.666868664419,1.9033343433221,"gaussian","adaptive_sparse_group_lasso",1,2.68043195312666,0.5,TRUE,"identity",NA,NA,"independent","gaussian",0.2,1000,50,1e-06,1,"PGD",0.9,TRUE,10,1,TRUE,0,0,0,0,0,200,696.296866410219,696.296866410219,696.296866410219,696.296866410219,696.296866410219,696.296866410219
641,-348.928248348259,383.646971094287,1.91823485547143,"gaussian","adaptive_sparse_group_lasso",1,0.0399585331093955,0.5,TRUE,"identity",NA,NA,"independent","gaussian",0.2,1000,50,1e-06,1,"PGD",0.9,TRUE,10,1,TRUE,0.117629199692827,61,1.72077822982066,319.694734133129,9.01842194564905,200,819.856496696517,701.298053156158,1017.55123082965,706.874918642166,1340.74859018908,715.992147821203
642,-380.583032327148,526.510157249702,2.63255078624851,"gaussian","adaptive_sparse_group_lasso",1,0.192725369663837,0.5,TRUE,"identity",NA,NA,"independent","gaussian",0.2,1000,50,1e-06,1,"PGD",0.9,TRUE,10,1,TRUE,0.431942346532471,13,0.366723229306042,67.9688066250871,1.91736463520229,200,787.166064654295,761.899511112907,829.134871279382,763.083429289497,898.012997044507,765.026445344046
643,-367.856658585056,463.592941522899,2.31796470761449,"gaussian","adaptive_sparse_group_lasso",1,3.73943599960608,0.5,TRUE,"identity",NA,NA,"independent","gaussian",0.2,1000,50,1e-06,1,"PGD",0.9,TRUE,10,1,TRUE,0,0,0,0,0,200,735.713317170111,735.713317170111,735.713317170111,735.713317170111,735.713317170111,735.713317170111
644,-340.269180973996,351.824372695182,1.75912186347591,"gaussian","adaptive_sparse_group_lasso",1,0.287539578978659,0.5,TRUE,"identity",NA,NA,"independent","gaussian",0.2,1000,50,1e-06,1,"PGD",0.9,TRUE,10,1,TRUE,0.75127671784852,10,0.282094791773878,52.4060331896182,1.47834690203203,200,700.538361947991,681.102551531539,732.944395137609,682.016708850023,785.92756880309,683.511336584292
645,-328.520239143288,312.824612979546,1.56412306489773,"gaussian","adaptive_sparse_group_lasso",1,0.129620774276312,0.5,TRUE,"identity",NA,NA,"independent","gaussian",0.2,1000,50,1e-06,1,"PGD",0.9,TRUE,10,1,TRUE,0.308114960763625,27,0.761655937789471,142.844669397592,4.02957372697221,200,711.040478286575,658.563790162154,799.885147684167,661.070052013548,942.939716580964,665.105546896072
646,-396.219582313589,615.62383729985,3.07811918649925,"gaussian","adaptive_sparse_group_lasso",1,0.519250302637068,0.5,TRUE,"identity",NA,NA,"independent","gaussian",0.2,1000,50,1e-06,1,"PGD",0.9,TRUE,10,1,TRUE,1.07338106647724,3,0.0846284375321635,15.7702670011269,0.444871018590135,200,798.439164627178,792.608421502242,808.209431628305,792.884035645768,824.104383727949,793.332423966048
647,-336.38018056477,338.404561004321,1.69202280502161,"gaussian","adaptive_sparse_group_lasso",1,0.352267100669254,0.5,TRUE,"identity",NA,NA,"independent","gaussian",0.2,1000,50,1e-06,1,"PGD",0.9,TRUE,10,1,TRUE,2.19813531129311,17,0.479561146015593,88.612888982781,2.49972344660794,200,706.760361129541,673.719483421572,761.373250112322,675.260084576149,851.444645343638,677.800951724405
648,-313.147326419019,268.248439545488,1.34124219772744,"gaussian","adaptive_sparse_group_lasso",1,0.0352730610633875,0.5,TRUE,"identity",NA,NA,"independent","gaussian",0.2,1000,50,1e-06,1,"PGD",0.9,TRUE,10,1,TRUE,0.066022454489555,50,1.41047395886939,262.390196162904,7.40189077500813,200,726.294652838039,629.115600755777,888.684849000942,633.696543613047,1153.60071732834,641.169682284388
649,-340.01447387706,350.929391323569,1.75464695661785,"gaussian","adaptive_sparse_group_lasso",1,0.134230016092323,0.5,TRUE,"identity",NA,NA,"independent","gaussian",0.2,1000,50,1e-06,1,"PGD",0.9,TRUE,10,1,TRUE,1.61212782022862,102,2.87736687609356,537.753654303406,15.1697505136361,200,884.028947754121,685.783681506308,1217.78260205753,695.198698267757,1758.21097344543,710.443901157293
650,-345.309802542305,370.013068602475,1.85006534301238,"gaussian","adaptive_sparse_group_lasso",1,0.0865373867479712,0.5,TRUE,"identity",NA,NA,"independent","gaussian",0.2,1000,50,1e-06,1,"PGD",0.9,TRUE,10,1,TRUE,0.789382381872902,117,3.30050906375438,615.69557012887,17.3684513651603,200,924.619605084611,697.220623212119,1306.31517521348,707.988056449771,1926.2183070996,725.47520094071
651,-375.03734774772,498.106434266563,2.49053217133282,"gaussian","adaptive_sparse_group_lasso",1,0.192516734660982,0.5,TRUE,"identity",NA,NA,"independent","gaussian",0.2,1000,50,1e-06,1,"PGD",0.9,TRUE,10,1,TRUE,0.951957259756132,29,0.818074896144247,152.57789219492,4.30414287280232,200,808.07469549544,751.710845287728,902.65258769036,754.378838368242,1056.30379132025,758.71325879762
652,-327.017306651353,308.15822440028,1.5407911220014,"gaussian","adaptive_sparse_group_lasso",1,0.163696363048984,0.5,TRUE,"identity",NA,NA,"independent","gaussian",0.2,1000,50,1e-06,1,"PGD",0.9,TRUE,10,1,TRUE,0.679927361939947,32,0.90270333367641,166.206314018739,4.68859355446199,200,718.034613302706,655.840019970059,820.240927321444,658.723206857168,989.787083050982,663.506015606826
653,-363.545832596742,444.032885488999,2.220164427445,"gaussian","adaptive_sparse_group_lasso",1,0.0114220998878523,0.5,TRUE,"identity",NA,NA,"independent","gaussian",0.2,1000,50,1e-06,1,"PGD",0.9,TRUE,10,1,TRUE,0.0149330668973568,92,2.59527208431968,485.167238283431,13.6863151059072,200,911.091665193483,732.282209362123,1212.25890347691,740.777980299391,1699.70410119933,754.528555454659
654,-335.877490693728,336.707704090179,1.6835385204509,"gaussian","adaptive_sparse_group_lasso",1,0.246693542459446,0.5,TRUE,"identity",NA,NA,"independent","gaussian",0.2,1000,50,1e-06,1,"PGD",0.9,TRUE,10,1,TRUE,0.642114154405509,17,0.479561146015593,88.4071592564627,2.49391991817719,200,705.754981387456,672.714103679488,760.162140643919,674.248901305634,850.233535875236,676.78976845389
655,-332.641361275721,325.985829586502,1.62992914793251,"gaussian","adaptive_sparse_group_lasso",1,0.0142541682771517,0.5,TRUE,"identity",NA,NA,"independent","gaussian",0.2,1000,50,1e-06,1,"PGD",0.9,TRUE,10,1,TRUE,0.0200705460253236,100,2.82094791773878,527.083759497299,14.8687583382783,200,865.282722551442,670.924618386919,1192.36648204874,680.15148088972,1722.19821870354,695.097758232403
656,-355.791558404852,410.902468817002,2.05451234408501,"gaussian","adaptive_sparse_group_lasso",1,4.33335727268403,0.5,TRUE,"identity",NA,NA,"independent","gaussian",0.2,1000,50,1e-06,1,"PGD",0.9,TRUE,10,1,TRUE,0,0,0,0,0,200,711.583116809704,711.583116809704,711.583116809704,711.583116809704,711.583116809704,711.583116809704
657,-351.070597513486,391.954701326881,1.9597735066344,"gaussian","adaptive_sparse_group_lasso",1,2.79388601100677,0.5,TRUE,"identity",NA,NA,"independent","gaussian",0.2,1000,50,1e-06,1,"PGD",0.9,TRUE,10,1,TRUE,0,0,0,0,0,200,702.141195026972,702.141195026972,702.141195026972,702.141195026972,702.141195026972,702.141195026972
658,-329.202734252865,314.966927946389,1.57483463973195,"gaussian","adaptive_sparse_group_lasso",1,0.0235360666718983,0.5,TRUE,"identity",NA,NA,"independent","gaussian",0.2,1000,50,1e-06,1,"PGD",0.9,TRUE,10,1,TRUE,0.0473181547728561,46,1.29763604215984,244.490285076891,6.89694360595018,200,750.405468505731,661.000740590051,902.895753582622,665.302412111681,1146.61835244383,672.177699689315
659,-354.601480821417,406.04139330292,2.0302069665146,"gaussian","adaptive_sparse_group_lasso",1,3.27552210297442,0.5,TRUE,"identity",NA,NA,"independent","gaussian",0.2,1000,50,1e-06,1,"PGD",0.9,TRUE,10,1,TRUE,0,0,0,0,0,200,709.202961642834,709.202961642834,709.202961642834,709.202961642834,709.202961642834,709.202961642834
660,-356.157404330077,412.408491938171,2.06204245969086,"gaussian","adaptive_sparse_group_lasso",1,0.136859113675326,0.5,TRUE,"identity",NA,NA,"independent","gaussian",0.2,1000,50,1e-06,1,"PGD",0.9,TRUE,10,1,TRUE,1.02077662638843,60,1.69256875064327,316.364495486432,8.92447764788931,200,832.314808660154,715.699946161441,1028.67930414659,721.239286308044,1346.57834613947,730.207052713653
661,-355.219820348654,408.559886128561,2.04279943064281,"gaussian","adaptive_sparse_group_lasso",1,0.1788997786183,0.5,TRUE,"identity",NA,NA,"independent","gaussian",0.2,1000,50,1e-06,1,"PGD",0.9,TRUE,10,1,TRUE,0.525783714367485,29,0.818074896144247,156.089538870767,4.40320459658297,200,768.439640697309,712.075790489597,866.529179568076,714.842845293892,1020.18038319797,719.17726572327
662,-348.380080097708,381.549693760512,1.90774846880256,"gaussian","adaptive_sparse_group_lasso",1,0.357146826338825,0.5,TRUE,"identity",NA,NA,"independent","gaussian",0.2,1000,50,1e-06,1,"PGD",0.9,TRUE,10,1,TRUE,1.421798534552,15,0.423142187660817,78.3360343076589,2.20981872864104,200,726.760160195416,697.606444570738,775.096194503075,698.969978924057,854.570955001296,701.21192052546
663,-336.935676613762,340.289615825484,1.70144807912742,"gaussian","adaptive_sparse_group_lasso",1,0.0872383235245875,0.5,TRUE,"identity",NA,NA,"independent","gaussian",0.2,1000,50,1e-06,1,"PGD",0.9,TRUE,10,1,TRUE,0.25489415971754,29,0.818074896144247,152.323829675079,4.29697590143911,200,731.871353227525,675.507503019813,826.195182902604,678.168329128964,979.846386532497,682.502749558342
664,-365.516163563249,452.868563132265,2.26434281566132,"gaussian","adaptive_sparse_group_lasso",1,0.215314575411482,0.5,TRUE,"identity",NA,NA,"independent","gaussian",0.2,1000,50,1e-06,1,"PGD",0.9,TRUE,10,1,TRUE,0.550718537428237,14,0.394932708483429,72.751033927565,2.05226877671308,200,759.032327126497,731.822192543464,803.783361054062,733.08459590321,877.959804185735,735.177074731186
665,-316.839010856013,278.336387367062,1.39168193683531,"gaussian","adaptive_sparse_group_lasso",1,0.0572970263651683,0.5,TRUE,"identity",NA,NA,"independent","gaussian",0.2,1000,50,1e-06,1,"PGD",0.9,TRUE,10,1,TRUE,0.308689830707025,83,2.34138677172319,435.482220775765,12.2847266390965,200,799.678021712025,638.360795255472,1069.16024248779,645.962748351122,1508.92058391128,658.368158545549
666,-329.739829857727,316.663152569501,1.5833157628475,"gaussian","adaptive_sparse_group_lasso",1,0.130573282568509,0.5,TRUE,"identity",NA,NA,"independent","gaussian",0.2,1000,50,1e-06,1,"PGD",0.9,TRUE,10,1,TRUE,0.57837362173475,34,0.959122292031186,181.306421297187,5.1145597163097,200,727.479659715454,661.397904299516,840.786081012641,664.594219431763,1020.92887147527,669.675953728275
667,-360.122227554361,429.088235820422,2.14544117910211,"gaussian","adaptive_sparse_group_lasso",1,0.0470473515787245,0.5,TRUE,"identity",NA,NA,"independent","gaussian",0.2,1000,50,1e-06,1,"PGD",0.9,TRUE,10,1,TRUE,0.231785927604407,90,2.5388531259649,476.020903227196,13.4283017575889,200,900.244455108721,725.322161360651,1196.26535833592,733.67275686631,1673.11392132524,747.124406474725
668,-328.244682752697,311.963791336358,1.55981895668179,"gaussian","adaptive_sparse_group_lasso",1,0.155765073634343,0.5,TRUE,"identity",NA,NA,"independent","gaussian",0.2,1000,50,1e-06,1,"PGD",0.9,TRUE,10,1,TRUE,0.687316325986825,28,0.789865416966859,147.352656750126,4.15674170232545,200,712.489365505393,658.069096339327,803.842022255519,660.646107207719,952.194908518864,664.83106486367
669,-347.720715786322,379.042167202055,1.89521083601027,"gaussian","adaptive_sparse_group_lasso",1,0.262881283763296,0.5,TRUE,"identity",NA,NA,"independent","gaussian",0.2,1000,50,1e-06,1,"PGD",0.9,TRUE,10,1,TRUE,1.41070771665976,34,0.959122292031186,183.050007962233,5.16374538803128,200,763.441431572645,697.359676156707,878.491439534878,700.605176960676,1058.63422999751,705.686911257188
670,-328.034544143824,311.30892327136,1.5565446163568,"gaussian","adaptive_sparse_group_lasso",1,3.44253803993988,0.5,TRUE,"identity",NA,NA,"independent","gaussian",0.2,1000,50,1e-06,1,"PGD",0.9,TRUE,10,1,TRUE,0,0,0,0,0,200,656.069088287648,656.069088287648,656.069088287648,656.069088287648,656.069088287648,656.069088287648
671,-356.26344327495,412.846037494935,2.06423018747468,"gaussian","adaptive_sparse_group_lasso",1,0.0579765610335772,0.5,TRUE,"identity",NA,NA,"independent","gaussian",0.2,1000,50,1e-06,1,"PGD",0.9,TRUE,10,1,TRUE,0.278503565098136,55,1.55152135475633,289.689164830772,8.17198046320852,200,822.5268865499,715.629929259413,1002.21605138067,720.698867013108,1293.62350654081,728.919319551584
672,-377.771714028074,511.914408629498,2.55957204314749,"gaussian","adaptive_sparse_group_lasso",1,0.513463375096272,0.5,TRUE,"identity",NA,NA,"independent","gaussian",0.2,1000,50,1e-06,1,"PGD",0.9,TRUE,10,1,TRUE,7.08664442044955,18,0.507770625192981,95.7181119608051,2.70015808625721,200,791.543428056147,756.558969306533,851.261540016952,758.243586142404,946.631252614817,760.933916064087
673,-334.497807752771,332.094105039439,1.66047052519719,"gaussian","adaptive_sparse_group_lasso",1,0.212631057721498,0.5,TRUE,"identity",NA,NA,"independent","gaussian",0.2,1000,50,1e-06,1,"PGD",0.9,TRUE,10,1,TRUE,0.740169892695158,38,1.07196020874074,196.656891473631,5.54758848511522,200,744.995615505543,671.139535923024,865.652506979174,674.543203990658,1066.988566908,680.222789380878
674,-375.461206498563,500.222182701598,2.50111091350799,"gaussian","adaptive_sparse_group_lasso",1,0.405477615625324,0.5,TRUE,"identity",NA,NA,"independent","gaussian",0.2,1000,50,1e-06,1,"PGD",0.9,TRUE,10,1,TRUE,1.20793453495347,13,0.366723229306042,69.844369495765,1.97027328694856,200,776.922412997126,751.655859455738,820.766782492891,752.892686284074,889.644908258015,754.835702338623
675,-339.79694336608,350.166842514299,1.75083421257149,"gaussian","adaptive_sparse_group_lasso",1,0.191231485842303,0.5,TRUE,"identity",NA,NA,"independent","gaussian",0.2,1000,50,1e-06,1,"PGD",0.9,TRUE,10,1,TRUE,0.553894339434661,20,0.564189583547756,105.572672626537,2.97815011015948,200,719.59388673216,680.722265899255,785.166559358697,682.572036842319,891.132906689658,685.561292310856
676,-311.039570910258,262.65358830713,1.31326794153565,"gaussian","adaptive_sparse_group_lasso",1,0.110718983790523,0.5,TRUE,"identity",NA,NA,"independent","gaussian",0.2,1000,50,1e-06,1,"PGD",0.9,TRUE,10,1,TRUE,0.465090958061059,64,1.80540666735282,335.493986086622,9.46411061464941,200,750.079141820517,625.689955155223,957.573127907139,631.543252435166,1296.66543936621,641.108869934483
677,-335.741929994022,336.251570009677,1.68125785004838,"gaussian","adaptive_sparse_group_lasso",1,0.303797351013665,0.5,TRUE,"identity",NA,NA,"independent","gaussian",0.2,1000,50,1e-06,1,"PGD",0.9,TRUE,10,1,TRUE,1.69958905349455,19,0.535980104370368,99.7656066643342,2.814335803817,200,709.483859988043,672.555820196784,771.249466652378,674.29819579186,871.91749661679,677.13798848697
678,-370.401273284597,475.54096656476,2.3777048328238,"gaussian","adaptive_sparse_group_lasso",1,0.476026984976778,0.5,TRUE,"identity",NA,NA,"independent","gaussian",0.2,1000,50,1e-06,1,"PGD",0.9,TRUE,10,1,TRUE,6.876640362872,41,1.1565886462729,218.599630697205,6.16658173033746,200,822.802546569195,743.115723861741,959.402177266399,746.969128299532,1176.63318929487,753.097102010032
679,-337.293231470715,341.508515693824,1.70754257846912,"gaussian","adaptive_sparse_group_lasso",1,0.0851513066606216,0.5,TRUE,"identity",NA,NA,"independent","gaussian",0.2,1000,50,1e-06,1,"PGD",0.9,TRUE,10,1,TRUE,0.355412217459647,56,1.57973083393372,297.489856785076,8.39203392046268,200,786.58646294143,677.745924609298,972.076319726506,682.978496861893,1268.7820922532,691.348412173796
680,-312.546727801037,266.642171564886,1.33321085782443,"gaussian","adaptive_sparse_group_lasso",1,0.0482967274220162,0.5,TRUE,"identity",NA,NA,"independent","gaussian",0.2,1000,50,1e-06,1,"PGD",0.9,TRUE,10,1,TRUE,0.118125975446082,64,1.80540666735282,339.321030566041,9.57206954620251,200,753.093455602074,628.70426893678,964.414486168115,634.665525148277,1303.50679762719,644.231142647594
681,-372.546221843041,485.851255575836,2.42925627787918,"gaussian","adaptive_sparse_group_lasso",1,0.283507235917934,0.5,TRUE,"identity",NA,NA,"independent","gaussian",0.2,1000,50,1e-06,1,"PGD",0.9,TRUE,10,1,TRUE,0.176365159074537,3,0.0846284375321635,16.4439070573826,0.463874053730134,200,751.092443686082,745.261700561147,761.536350743465,745.556317739812,777.431302843109,746.004706060093
682,-354.060201987375,403.849514622726,2.01924757311363,"gaussian","adaptive_sparse_group_lasso",1,0.143243246683653,0.5,TRUE,"identity",NA,NA,"independent","gaussian",0.2,1000,50,1e-06,1,"PGD",0.9,TRUE,10,1,TRUE,0.912727768208455,22,0.620608541902532,113.996746924932,3.21578885866882,200,752.120403974751,709.361621058556,822.117150899683,711.33619283342,938.68013296374,714.62437384881
683,-328.363697303151,312.335294667856,1.56167647333928,"gaussian","adaptive_sparse_group_lasso",1,0.351824611226318,0.5,TRUE,"identity",NA,NA,"independent","gaussian",0.2,1000,50,1e-06,1,"PGD",0.9,TRUE,10,1,TRUE,2.57059548868011,18,0.507770625192981,93.8491351612864,2.64743522414816,200,692.727394606301,657.742935856687,750.576529767588,659.37482983045,845.946242365452,662.065159752133
684,-344.286652236495,366.246580036596,1.83123290018298,"gaussian","adaptive_sparse_group_lasso",1,0.129612116173186,0.5,TRUE,"identity",NA,NA,"independent","gaussian",0.2,1000,50,1e-06,1,"PGD",0.9,TRUE,10,1,TRUE,0.564952020378266,33,0.930912812853798,171.561928525637,4.83967265037645,200,754.57330447299,690.435130098698,860.135232998627,693.412977123366,1034.97970609471,698.345248646452
685,-411.337775849793,716.098737247365,3.58049368623682,"gaussian","adaptive_sparse_group_lasso",1,0.605137259235837,0.5,TRUE,"identity",NA,NA,"independent","gaussian",0.2,1000,50,1e-06,1,"PGD",0.9,TRUE,10,1,TRUE,1.27964898139777,10,0.282094791773878,52.0309151608618,1.46776501781076,200,842.675551699586,823.239741283134,874.706466860448,824.143316717397,927.689640525928,825.637944451665
686,-325.597651896559,303.814348491595,1.51907174245798,"gaussian","adaptive_sparse_group_lasso",1,0.0154839876369237,0.5,TRUE,"identity",NA,NA,"independent","gaussian",0.2,1000,50,1e-06,1,"PGD",0.9,TRUE,10,1,TRUE,0.0200862513454226,67,1.89003510488498,353.595035410172,9.97473178863097,200,785.195303793119,654.975374002889,1004.79033920329,661.17003558175,1359.77760276201,671.184041401347
687,-338.770010558716,346.589265425045,1.73294632712522,"gaussian","adaptive_sparse_group_lasso",1,0.0885400253579982,0.5,TRUE,"identity",NA,NA,"independent","gaussian",0.2,1000,50,1e-06,1,"PGD",0.9,TRUE,10,1,TRUE,0.349735830677792,48,1.35405500051462,254.142118501815,7.16921679997418,200,773.540021117432,680.248131118461,931.682139619247,684.709237917406,1186.00137321355,691.883451041894
688,-349.967737930512,387.655740665626,1.93827870332813,"gaussian","adaptive_sparse_group_lasso",1,0.219732345579045,0.5,TRUE,"identity",NA,NA,"independent","gaussian",0.2,1000,50,1e-06,1,"PGD",0.9,TRUE,10,1,TRUE,1.0041574525963,26,0.733446458612083,136.288182120903,3.84461863566365,200,751.935475861025,701.402368778249,836.223657981928,703.780094496689,973.979909512177,707.666126605786
689,-366.805702365584,458.746295345272,2.29373147672636,"gaussian","adaptive_sparse_group_lasso",1,0.179075812361757,0.5,TRUE,"identity",NA,NA,"independent","gaussian",0.2,1000,50,1e-06,1,"PGD",0.9,TRUE,10,1,TRUE,0.276519427171409,13,0.366723229306042,68.1048319336151,1.92120183831081,200,759.611404731168,734.34485118978,801.716236664783,735.532606569479,870.594362429907,737.475622624028
690,-362.711046546308,440.341589549576,2.20170794774788,"gaussian","adaptive_sparse_group_lasso",1,0.150205275944501,0.5,TRUE,"identity",NA,NA,"independent","gaussian",0.2,1000,50,1e-06,1,"PGD",0.9,TRUE,10,1,TRUE,1.29673352262451,36,1.01554125038596,191.025276552661,5.38872356126703,200,797.422093092617,727.453175593389,916.447369645277,730.810816653884,1107.18679484101,736.19147649725
691,-328.25522548239,311.996682569406,1.55998341284703,"gaussian","adaptive_sparse_group_lasso",1,0.0884411676866681,0.5,TRUE,"identity",NA,NA,"independent","gaussian",0.2,1000,50,1e-06,1,"PGD",0.9,TRUE,10,1,TRUE,0.323579638720889,41,1.1565886462729,215.570899322521,6.08114279568943,200,738.510450964779,658.823628257325,872.081350287301,662.591593760469,1089.31236231577,668.719567470969
692,-354.689829048148,406.400282186336,2.03200141093168,"gaussian","adaptive_sparse_group_lasso",1,0.210208512669527,0.5,TRUE,"identity",NA,NA,"independent","gaussian",0.2,1000,50,1e-06,1,"PGD",0.9,TRUE,10,1,TRUE,0.977119265540107,19,0.535980104370368,100.608786764159,2.83812147528581,200,747.379658096296,710.451618305037,809.988444860456,712.217779571582,910.656474824868,715.057572266692
693,-361.968618679592,437.084476697718,2.18542238348859,"gaussian","adaptive_sparse_group_lasso",1,0.237907174098037,0.5,TRUE,"identity",NA,NA,"independent","gaussian",0.2,1000,50,1e-06,1,"PGD",0.9,TRUE,10,1,TRUE,2.42592866155305,55,1.55152135475633,287.396793882929,8.10731387268851,200,833.937237359184,727.040280068697,1011.33403124211,732.044551231873,1302.74148640226,740.265003770348
694,-363.286878420356,442.8845312848,2.214422656424,"gaussian","adaptive_sparse_group_lasso",1,0.280295889282368,0.5,TRUE,"identity",NA,NA,"independent","gaussian",0.2,1000,50,1e-06,1,"PGD",0.9,TRUE,10,1,TRUE,2.63079890523104,35,0.987331771208573,185.936137328502,5.2451615942923,200,796.573756840713,728.54842038313,912.509894169215,731.818918435005,1097.9510019984,737.050115504944
695,-398.272586546501,628.3932505315,3.1419662526575,"gaussian","adaptive_sparse_group_lasso",1,3.17977647799554,0.5,TRUE,"identity",NA,NA,"independent","gaussian",0.2,1000,50,1e-06,1,"PGD",0.9,TRUE,10,1,TRUE,0,0,0,0,0,200,796.545173093002,796.545173093002,796.545173093002,796.545173093002,796.545173093002,796.545173093002
696,-361.894760348494,436.761772584348,2.18380886292174,"gaussian","adaptive_sparse_group_lasso",1,0.196559556956762,0.5,TRUE,"identity",NA,NA,"independent","gaussian",0.2,1000,50,1e-06,1,"PGD",0.9,TRUE,10,1,TRUE,0.939127236968022,33,0.930912812853798,172.87036817363,4.87658305138137,200,789.789520696989,725.651346322696,896.659888870618,728.66610374837,1071.5043619667,733.598375271455
697,-365.464013623807,452.632454021571,2.26316227010785,"gaussian","adaptive_sparse_group_lasso",1,3.49055028878482,0.5,TRUE,"identity",NA,NA,"independent","gaussian",0.2,1000,50,1e-06,1,"PGD",0.9,TRUE,10,1,TRUE,0,0,0,0,0,200,730.928027247614,730.928027247614,730.928027247614,730.928027247614,730.928027247614,730.928027247614
698,-335.269176387426,334.665680214488,1.67332840107244,"gaussian","adaptive_sparse_group_lasso",1,0.0690254406356203,0.5,TRUE,"identity",NA,NA,"independent","gaussian",0.2,1000,50,1e-06,1,"PGD",0.9,TRUE,10,1,TRUE,0.30351554254215,66,1.8618256257076,346.420661617214,9.77234644050771,200,802.538352774852,674.262004026267,1016.95901439207,680.31069921536,1366.64796058424,690.17524226153
699,-324.522783384772,300.566231491131,1.50283115745566,"gaussian","adaptive_sparse_group_lasso",1,0.121289169592567,0.5,TRUE,"identity",NA,NA,"independent","gaussian",0.2,1000,50,1e-06,1,"PGD",0.9,TRUE,10,1,TRUE,0.226333516000924,22,0.620608541902532,113.51377311794,3.20216441911724,200,693.045566769545,650.28678385335,762.559339887484,652.247731188662,879.122321951541,655.535912204052
700,-372.199055609351,484.167468531695,2.42083734265848,"gaussian","adaptive_sparse_group_lasso",1,0.379939952111803,0.5,TRUE,"identity",NA,NA,"independent","gaussian",0.2,1000,50,1e-06,1,"PGD",0.9,TRUE,10,1,TRUE,1.38461954817944,15,0.423142187660817,79.7997056184408,2.25110813400508,200,774.398111218703,745.244395594024,824.197816837143,746.649219352708,903.672577335364,748.89116095411
701,-538.500309060895,636.451023626511,2.12150341208837,"gaussian","adaptive_sparse_group_lasso",1,3.58612326973869,0.5,TRUE,"identity",NA,NA,"independent","gaussian",0.2,1000,50,1e-06,1,"PGD",0.9,TRUE,10,1,TRUE,0,0,0,0,0,200,1077.00061812179,1077.00061812179,1077.00061812179,1077.00061812179,1077.00061812179,1077.00061812179
702,-550.256060053548,688.33741186507,2.29445803955023,"gaussian","adaptive_sparse_group_lasso",1,0.113155826285168,0.5,TRUE,"identity",NA,NA,"independent","gaussian",0.2,1000,50,1e-06,1,"PGD",0.9,TRUE,10,1,TRUE,0.925055461042773,90,2.53885312596491,511.490643511553,14.4288846575678,200,1280.5121201071,1105.58982635903,1612.00276361865,1114.94100476466,2088.85132660797,1128.39265437308
703,-512.906191315575,536.614530802,1.78871510267333,"gaussian","adaptive_sparse_group_lasso",1,0.0546066680434942,0.5,TRUE,"identity",NA,NA,"independent","gaussian",0.2,1000,50,1e-06,1,"PGD",0.9,TRUE,10,1,TRUE,0.103789876083702,46,1.29763604215984,259.618432333126,7.32370076096738,200,1117.81238263115,1028.40765471547,1285.43081496428,1033.13608339212,1529.15341382548,1040.01137096975
704,-521.01925580354,566.437707196525,1.88812569065508,"gaussian","adaptive_sparse_group_lasso",1,0.237500235291195,0.5,TRUE,"identity",NA,NA,"independent","gaussian",0.2,1000,50,1e-06,1,"PGD",0.9,TRUE,10,1,TRUE,0.808812930117323,20,0.564189583547756,113.874839577539,3.21234991589096,200,1082.03851160708,1043.16689077418,1155.91335118462,1045.25086152297,1261.87969851558,1048.24011699151
705,-510.74601891505,528.942043724979,1.76314014574993,"gaussian","adaptive_sparse_group_lasso",1,0.197118110831394,0.5,TRUE,"identity",NA,NA,"independent","gaussian",0.2,1000,50,1e-06,1,"PGD",0.9,TRUE,10,1,TRUE,1.40038063911082,37,1.04375072956335,214.091707321824,6.03941555974641,200,1095.4920378301,1023.57953928923,1235.58374515192,1027.53145338985,1431.6214877142,1033.06157600664
706,-475.49599116383,418.166083547883,1.39388694515961,"gaussian","adaptive_sparse_group_lasso",1,0.0373740646443866,0.5,TRUE,"identity",NA,NA,"independent","gaussian",0.2,1000,50,1e-06,1,"PGD",0.9,TRUE,10,1,TRUE,0.0776590963289867,61,1.72077822982066,341.802760355582,9.64207785102448,200,1072.99198232766,954.433538787301,1292.79474268324,960.634060178684,1615.99210204267,969.751289357721
707,-525.739207148154,584.544818249323,1.94848272749774,"gaussian","adaptive_sparse_group_lasso",1,0.237704726872148,0.5,TRUE,"identity",NA,NA,"independent","gaussian",0.2,1000,50,1e-06,1,"PGD",0.9,TRUE,10,1,TRUE,0.65199992250562,14,0.394932708483429,80.810200020397,2.27961365479593,200,1079.47841429631,1052.26827971328,1132.28861431671,1053.7580279511,1206.46505744838,1055.85050677908
708,-507.820757914944,518.726685893901,1.72908895297967,"gaussian","adaptive_sparse_group_lasso",1,0.0635606633837292,0.5,TRUE,"identity",NA,NA,"independent","gaussian",0.2,1000,50,1e-06,1,"PGD",0.9,TRUE,10,1,TRUE,0.24624103039983,62,1.74898770899804,350.541686028601,9.88859839283024,200,1139.64151582989,1019.13949124788,1366.18320185849,1025.53011422272,1694.67887858447,1034.79680617518
709,-535.942368003882,625.689679331566,2.08563226443855,"gaussian","adaptive_sparse_group_lasso",1,0.198003878479618,0.5,TRUE,"identity",NA,NA,"independent","gaussian",0.2,1000,50,1e-06,1,"PGD",0.9,TRUE,10,1,TRUE,0.52648930176181,14,0.394932708483429,77.7427952256561,2.19308376311007,200,1099.88473600776,1072.67460142473,1149.62753123342,1074.07781977087,1223.80397436509,1076.17029859885
710,-554.812053886057,709.565232693047,2.36521744231016,"gaussian","adaptive_sparse_group_lasso",1,2.96040623065968,0.5,TRUE,"identity",NA,NA,"independent","gaussian",0.2,1000,50,1e-06,1,"PGD",0.9,TRUE,10,1,TRUE,0,0,0,0,0,200,1109.62410777211,1109.62410777211,1109.62410777211,1109.62410777211,1109.62410777211,1109.62410777211
711,-541.708254946202,650.208951160243,2.16736317053414,"gaussian","adaptive_sparse_group_lasso",1,0.176746129442763,0.5,TRUE,"identity",NA,NA,"independent","gaussian",0.2,1000,50,1e-06,1,"PGD",0.9,TRUE,10,1,TRUE,1.16006250188454,40,1.12837916709551,228.105900847165,6.43474866018739,200,1163.4165098924,1085.6732682266,1311.52241073957,1089.85125855259,1523.45510540149,1095.82976948967
712,-499.309735694082,490.113491474822,1.63371163824941,"gaussian","adaptive_sparse_group_lasso",1,0.134486289414305,0.5,TRUE,"identity",NA,NA,"independent","gaussian",0.2,1000,50,1e-06,1,"PGD",0.9,TRUE,10,1,TRUE,0.393232423410254,40,1.12837916709551,227.718380533536,6.42381691396926,200,1078.61947138816,1000.87622972236,1226.3378519217,1005.04328830213,1438.27054658362,1011.02179923921
713,-505.866017146743,512.010699641511,1.70670233213837,"gaussian","adaptive_sparse_group_lasso",1,0.0758592492861738,0.5,TRUE,"identity",NA,NA,"independent","gaussian",0.2,1000,50,1e-06,1,"PGD",0.9,TRUE,10,1,TRUE,0.242196254358615,53,1.49510239640155,306.650668379286,8.65045564437752,200,1117.73203429349,1014.72223908629,1318.38270267277,1020.38248993786,1599.19352309982,1028.30401692949
714,-504.872408630161,508.630319970365,1.69543439990122,"gaussian","adaptive_sparse_group_lasso",1,0.279643095975254,0.5,TRUE,"identity",NA,NA,"independent","gaussian",0.2,1000,50,1e-06,1,"PGD",0.9,TRUE,10,1,TRUE,0.765425792369852,23,0.64881802107992,129.953222292239,3.66591271828735,200,1055.74481726032,1011.04245330248,1139.69803955256,1013.41072997861,1261.55933898317,1016.84837376743
715,-536.633339451149,628.578552674938,2.09526184224979,"gaussian","adaptive_sparse_group_lasso",1,1.90039611669317,0.5,TRUE,"identity",NA,NA,"independent","gaussian",0.2,1000,50,1e-06,1,"PGD",0.9,TRUE,10,1,TRUE,0,0,0,0,0,200,1073.2666789023,1073.2666789023,1073.2666789023,1073.2666789023,1073.2666789023,1073.2666789023
716,-488.180492546228,455.06580061067,1.51688600203557,"gaussian","adaptive_sparse_group_lasso",1,0.0873921739628312,0.5,TRUE,"identity",NA,NA,"independent","gaussian",0.2,1000,50,1e-06,1,"PGD",0.9,TRUE,10,1,TRUE,0.423618398215816,53,1.49510239640155,300.212862529363,8.46884849430606,200,1082.36098509246,979.351189885258,1276.57384762182,984.829833586761,1557.38466804886,992.751360578383
717,-496.068946426825,479.638031200689,1.59879343733563,"gaussian","adaptive_sparse_group_lasso",1,0.171184063557583,0.5,TRUE,"identity",NA,NA,"independent","gaussian",0.2,1000,50,1e-06,1,"PGD",0.9,TRUE,10,1,TRUE,0.648843190375983,26,0.733446458612083,146.226938760013,4.12498578412375,200,1044.13789285365,993.604785770873,1138.36483161366,996.262878637773,1276.12108314391,1000.14891074687
718,-519.326157832501,560.080091364694,1.86693363788231,"gaussian","adaptive_sparse_group_lasso",1,0.273285414080831,0.5,TRUE,"identity",NA,NA,"independent","gaussian",0.2,1000,50,1e-06,1,"PGD",0.9,TRUE,10,1,TRUE,0.830676172458289,20,0.564189583547756,113.364601213105,3.19795635737395,200,1078.652315665,1039.7806948321,1152.01691687811,1041.85027202238,1257.98326420907,1044.83952749091
719,-530.897125271929,604.994626834662,2.01664875611554,"gaussian","adaptive_sparse_group_lasso",1,0.118297134462317,0.5,TRUE,"identity",NA,NA,"independent","gaussian",0.2,1000,50,1e-06,1,"PGD",0.9,TRUE,10,1,TRUE,0.299451802687922,21,0.592399062725144,119.639612523245,3.37497115826524,200,1103.79425054386,1062.97904866931,1181.4338630671,1065.16922170212,1292.69852776461,1068.30793994409
720,-530.984282903032,605.346261640323,2.01782087213441,"gaussian","adaptive_sparse_group_lasso",1,0.390399478548641,0.5,TRUE,"identity",NA,NA,"independent","gaussian",0.2,1000,50,1e-06,1,"PGD",0.9,TRUE,10,1,TRUE,0.225133986901732,3,0.0846284375321635,17.0860260538699,0.481987896190948,200,1067.96856580606,1062.13782268113,1079.05459185993,1062.45055370225,1094.94954395958,1062.89894202253
721,-531.781752876622,608.573134936843,2.02857711645614,"gaussian","adaptive_sparse_group_lasso",1,0.0501300548491425,0.5,TRUE,"identity",NA,NA,"independent","gaussian",0.2,1000,50,1e-06,1,"PGD",0.9,TRUE,10,1,TRUE,0.254674254936261,107,3.0184142719805,605.868155289888,17.0912251108925,200,1277.56350575324,1069.60033429721,1669.43166104313,1080.65473086414,2236.35161926377,1096.64724762081
722,-508.850113516001,522.298622650374,1.74099540883458,"gaussian","adaptive_sparse_group_lasso",1,0.087892760623913,0.5,TRUE,"identity",NA,NA,"independent","gaussian",0.2,1000,50,1e-06,1,"PGD",0.9,TRUE,10,1,TRUE,0.352839864034672,44,1.24121708380506,249.669038542829,7.04303354401238,200,1105.700227032,1020.18266119961,1267.36926557483,1024.74326057601,1500.49522970294,1031.31962260679
723,-527.9795822442,593.341008302028,1.97780336100676,"gaussian","adaptive_sparse_group_lasso",1,0.169675967668715,0.5,TRUE,"identity",NA,NA,"independent","gaussian",0.2,1000,50,1e-06,1,"PGD",0.9,TRUE,10,1,TRUE,0.970814272250334,69,1.94645406323976,388.999453976316,10.9734719969601,200,1193.9591644884,1059.85207261488,1444.95861846472,1066.93263648536,1810.54251675653,1077.24556785181
724,-559.566123136357,732.41422067686,2.44138073558953,"gaussian","adaptive_sparse_group_lasso",1,4.48387808676151,0.5,TRUE,"identity",NA,NA,"independent","gaussian",0.2,1000,50,1e-06,1,"PGD",0.9,TRUE,10,1,TRUE,0,0,0,0,0,200,1119.13224627271,1119.13224627271,1119.13224627271,1119.13224627271,1119.13224627271,1119.13224627271
725,-534.826978316497,621.054349249061,2.07018116416354,"gaussian","adaptive_sparse_group_lasso",1,0.200211180896073,0.5,TRUE,"identity",NA,NA,"independent","gaussian",0.2,1000,50,1e-06,1,"PGD",0.9,TRUE,10,1,TRUE,0.319718452297704,15,0.423142187660817,83.5512793648023,2.3569380754855,200,1099.65395663299,1070.50024100832,1153.2052359978,1072.01089470848,1232.67999649602,1074.25283630988
726,-546.012306072617,669.136080813409,2.23045360271136,"gaussian","adaptive_sparse_group_lasso",1,0.0785321235189593,0.5,TRUE,"identity",NA,NA,"independent","gaussian",0.2,1000,50,1e-06,1,"PGD",0.9,TRUE,10,1,TRUE,0.195706889238837,47,1.32584552133723,266.353260016041,7.51368674225188,200,1186.02461214523,1094.67630318791,1358.37787216128,1099.53829888749,1607.39878838903,1106.56304923855
727,-539.816671524984,642.060938144377,2.14020312714792,"gaussian","adaptive_sparse_group_lasso",1,0.329652755608831,0.5,TRUE,"identity",NA,NA,"independent","gaussian",0.2,1000,50,1e-06,1,"PGD",0.9,TRUE,10,1,TRUE,0.601392237020173,12,0.338513750128654,66.4058435409381,1.87327426062497,200,1103.63334304997,1080.31037055023,1146.03918659091,1081.50661731059,1209.61899498948,1083.30017059172
728,-547.707792779884,676.742396723757,2.25580798907919,"gaussian","adaptive_sparse_group_lasso",1,0.412746676456478,0.5,TRUE,"identity",NA,NA,"independent","gaussian",0.2,1000,50,1e-06,1,"PGD",0.9,TRUE,10,1,TRUE,1.03680449209887,10,0.282094791773878,56.4580299787461,1.59265162108177,200,1115.41558555977,1095.97977514332,1151.87361553851,1097.00823718085,1204.856789204,1098.50286491512
729,-538.57150467691,636.753178812524,2.12251059604175,"gaussian","adaptive_sparse_group_lasso",1,0.126550473747278,0.5,TRUE,"identity",NA,NA,"independent","gaussian",0.2,1000,50,1e-06,1,"PGD",0.9,TRUE,10,1,TRUE,0.471603138271173,35,0.987331771208573,197.264671866202,5.56473365344387,200,1147.14300935382,1079.11767289624,1274.40768122002,1082.70774300726,1459.8487890492,1087.9389400772
730,-511.175226923546,530.457718898567,1.76819239632856,"gaussian","adaptive_sparse_group_lasso",1,0.046069411218377,0.5,TRUE,"identity",NA,NA,"independent","gaussian",0.2,1000,50,1e-06,1,"PGD",0.9,TRUE,10,1,TRUE,0.204109283198834,140,3.9493270848343,791.954281406858,22.3406178107899,200,1302.35045384709,1030.24910801676,1814.30473525395,1044.69107165788,2556.06916657068,1065.61585993764
731,-558.933959254576,729.334010449342,2.43111336816447,"gaussian","adaptive_sparse_group_lasso",1,0.151346210101827,0.5,TRUE,"identity",NA,NA,"independent","gaussian",0.2,1000,50,1e-06,1,"PGD",0.9,TRUE,10,1,TRUE,0.611213273450478,42,1.18479812545029,238.034319330576,6.71482417465958,200,1201.86791850915,1120.23751476005,1355.90223783973,1124.58274268381,1578.43156723475,1130.86017916774
732,-489.53086967804,459.181032873263,1.53060344291088,"gaussian","adaptive_sparse_group_lasso",1,0.131928193964819,0.5,TRUE,"identity",NA,NA,"independent","gaussian",0.2,1000,50,1e-06,1,"PGD",0.9,TRUE,10,1,TRUE,0.410662757913001,35,0.987331771208573,198.03621904319,5.58649859746748,200,1049.06173935608,981.036402898497,1177.09795839927,984.648237953548,1362.53906622845,989.879435023487
733,-502.498669561733,500.644635315969,1.66881545105323,"gaussian","adaptive_sparse_group_lasso",1,0.0232061743229397,0.5,TRUE,"identity",NA,NA,"independent","gaussian",0.2,1000,50,1e-06,1,"PGD",0.9,TRUE,10,1,TRUE,0.0439142876367295,87,2.45422468843274,493.530689167272,13.922243699466,200,1178.99733912347,1009.90578850033,1498.52802829074,1018.91958282293,1959.48163918042,1031.92284411107
734,-529.196807390636,598.175461136089,1.99391820378696,"gaussian","adaptive_sparse_group_lasso",1,0.156999573682465,0.5,TRUE,"identity",NA,NA,"independent","gaussian",0.2,1000,50,1e-06,1,"PGD",0.9,TRUE,10,1,TRUE,0.380019905194226,22,0.620608541902532,126.37356962558,3.56493258092498,200,1102.39361478127,1059.63483186508,1184.76718440685,1061.9585473622,1301.33016647091,1065.24672837759
735,-538.504187633469,636.467480649178,2.12155826883059,"gaussian","adaptive_sparse_group_lasso",1,0.0688127002839824,0.5,TRUE,"identity",NA,NA,"independent","gaussian",0.2,1000,50,1e-06,1,"PGD",0.9,TRUE,10,1,TRUE,0.422442735659618,126,3.55439437635087,712.21808662987,20.0913012845443,200,1329.00837526694,1084.11716401964,1789.22646189681,1097.09967655148,2456.81445008186,1115.93198600326
736,-539.178731520407,639.336094155993,2.13112031385331,"gaussian","adaptive_sparse_group_lasso",1,0.24559582776266,0.5,TRUE,"identity",NA,NA,"independent","gaussian",0.2,1000,50,1e-06,1,"PGD",0.9,TRUE,10,1,TRUE,1.08140891383541,22,0.620608541902532,123.784668947875,3.49190104116492,200,1122.35746304081,1079.59868012462,1202.14213198869,1081.84936408198,1318.70511405275,1085.13754509737
737,-508.645501677662,521.586651810698,1.73862217270232,"gaussian","adaptive_sparse_group_lasso",1,0.113843793106723,0.5,TRUE,"identity",NA,NA,"independent","gaussian",0.2,1000,50,1e-06,1,"PGD",0.9,TRUE,10,1,TRUE,0.549648487290517,41,1.1565886462729,229.062617770138,6.46173714630464,200,1099.29100335532,1019.60418064787,1246.35362112546,1023.75274050163,1463.58463315393,1029.88071421213
738,-519.566178349892,560.977013527787,1.86992337842596,"gaussian","adaptive_sparse_group_lasso",1,0.135055097556993,0.5,TRUE,"identity",NA,NA,"independent","gaussian",0.2,1000,50,1e-06,1,"PGD",0.9,TRUE,10,1,TRUE,0.341693262282341,26,0.733446458612083,148.132693341062,4.17874612829505,200,1091.13235669978,1040.59924961701,1187.26505004085,1043.31110282808,1325.02130157109,1047.19713493718
739,-522.479573971581,571.979166239006,1.90659722079669,"gaussian","adaptive_sparse_group_lasso",1,0.204541647737157,0.5,TRUE,"identity",NA,NA,"independent","gaussian",0.2,1000,50,1e-06,1,"PGD",0.9,TRUE,10,1,TRUE,0.449079874282235,18,0.507770625192981,99.0135489985826,2.79312064875478,200,1080.95914794316,1045.97468919355,1143.97269694174,1047.75226859192,1239.34240953961,1050.4425985136
740,-513.804252010604,539.836916960939,1.7994563898698,"gaussian","adaptive_sparse_group_lasso",1,0.052012821030879,0.5,TRUE,"identity",NA,NA,"independent","gaussian",0.2,1000,50,1e-06,1,"PGD",0.9,TRUE,10,1,TRUE,0.174653045457739,65,1.83361614653021,366.32615133117,10.3338699381092,200,1157.60850402121,1031.27573631427,1393.93465535238,1037.94237395932,1738.325284178,1047.65745423206
741,-498.833126774323,488.55867982837,1.62852893276123,"gaussian","adaptive_sparse_group_lasso",1,0.0773342771465481,0.5,TRUE,"identity",NA,NA,"independent","gaussian",0.2,1000,50,1e-06,1,"PGD",0.9,TRUE,10,1,TRUE,0.258646830722593,45,1.26942656298245,254.574966549384,7.18142721795906,200,1087.66625354865,1000.20510667461,1252.24122009803,1004.84768076661,1490.66550159269,1011.57350557081
742,-551.66200068199,694.819486003979,2.3160649533466,"gaussian","adaptive_sparse_group_lasso",1,2.63845091629338,0.5,TRUE,"identity",NA,NA,"independent","gaussian",0.2,1000,50,1e-06,1,"PGD",0.9,TRUE,10,1,TRUE,0,0,0,0,0,200,1103.32400136398,1103.32400136398,1103.32400136398,1103.32400136398,1103.32400136398,1103.32400136398
743,-547.148504844013,674.223802651354,2.24741267550451,"gaussian","adaptive_sparse_group_lasso",1,0.110091385319751,0.5,TRUE,"identity",NA,NA,"independent","gaussian",0.2,1000,50,1e-06,1,"PGD",0.9,TRUE,10,1,TRUE,0.469937105848481,47,1.32584552133723,265.52638871881,7.49036113361026,200,1188.29700968803,1096.9487007307,1359.82339840684,1101.78737082164,1608.84431463459,1108.8121211727
744,-530.935880713873,605.150959257144,2.01716986419048,"gaussian","adaptive_sparse_group_lasso",1,0.149775835428655,0.5,TRUE,"identity",NA,NA,"independent","gaussian",0.2,1000,50,1e-06,1,"PGD",0.9,TRUE,10,1,TRUE,0.51080713901579,31,0.874493854499022,177.598267616133,5.00995463225746,200,1123.87176142775,1063.62074913674,1239.47002904388,1066.88171606,1403.71786740687,1071.51506203623
745,-492.388358335478,468.012246736995,1.56004082245665,"gaussian","adaptive_sparse_group_lasso",1,0.196582469670057,0.5,TRUE,"identity",NA,NA,"independent","gaussian",0.2,1000,50,1e-06,1,"PGD",0.9,TRUE,10,1,TRUE,0.511018467324802,22,0.620608541902532,127.627519172008,3.60030584454443,200,1028.77671667096,986.017933754761,1112.40423584296,988.3770225155,1228.96721790702,991.66520353089
746,-545.151462244824,665.306934545307,2.21768978181769,"gaussian","adaptive_sparse_group_lasso",1,0.0102539720860834,0.5,TRUE,"identity",NA,NA,"independent","gaussian",0.2,1000,50,1e-06,1,"PGD",0.9,TRUE,10,1,TRUE,0.0139698488565525,148,4.1750029182534,842.013015964301,23.7527486409345,200,1386.30292448965,1098.65293032615,1932.31594045395,1114.05567313058,2716.46691070306,1136.17616359775
747,-533.493318173833,615.556987955388,2.05185662651796,"gaussian","adaptive_sparse_group_lasso",1,0.23000944411252,0.5,TRUE,"identity",NA,NA,"independent","gaussian",0.2,1000,50,1e-06,1,"PGD",0.9,TRUE,10,1,TRUE,0.0498671210060469,4,0.112837916709551,22.9141824912804,0.646397153854638,200,1074.98663634767,1067.21231218108,1089.90081883895,1067.63303350152,1111.09408830514,1068.23088459523
748,-507.921114677694,519.073853556014,1.73024617852005,"gaussian","adaptive_sparse_group_lasso",1,3.12841468109316,0.5,TRUE,"identity",NA,NA,"independent","gaussian",0.2,1000,50,1e-06,1,"PGD",0.9,TRUE,10,1,TRUE,0,0,0,0,0,200,1015.84222935539,1015.84222935539,1015.84222935539,1015.84222935539,1015.84222935539,1015.84222935539
749,-553.157006083954,701.77917017685,2.3392639005895,"gaussian","adaptive_sparse_group_lasso",1,0.228262026846141,0.5,TRUE,"identity",NA,NA,"independent","gaussian",0.2,1000,50,1e-06,1,"PGD",0.9,TRUE,10,1,TRUE,0.725117725209574,29,0.818074896144247,162.583910763881,4.58640744527197,200,1164.31401216791,1107.9501619602,1268.89792293179,1110.90041961318,1422.54912656168,1115.23484004256
750,-535.275183015833,622.912854354533,2.07637618118178,"gaussian","adaptive_sparse_group_lasso",1,0.192132471613597,0.5,TRUE,"identity",NA,NA,"independent","gaussian",0.2,1000,50,1e-06,1,"PGD",0.9,TRUE,10,1,TRUE,0.713395537247826,50,1.41047395886939,283.141565618592,7.98727609957067,200,1170.55036603167,1073.37131394941,1353.69193165026,1078.53764213124,1618.60779997766,1086.01078080258
751,-543.629754284755,658.591701825945,2.19530567275315,"gaussian","adaptive_sparse_group_lasso",1,0.0419571886349582,0.5,TRUE,"identity",NA,NA,"independent","gaussian",0.2,1000,50,1e-06,1,"PGD",0.9,TRUE,10,1,TRUE,0.0706637026141537,48,1.35405500051462,272.786714158951,7.69517113293496,200,1183.25950856951,1089.96761857054,1360.04622272846,1094.95467970244,1614.36545632277,1102.12889282693
752,-510.327629963513,527.468742675785,1.75822914225262,"gaussian","adaptive_sparse_group_lasso",1,0.199856651639632,0.5,TRUE,"identity",NA,NA,"independent","gaussian",0.2,1000,50,1e-06,1,"PGD",0.9,TRUE,10,1,TRUE,0.335605587679972,16,0.451351666838205,90.3551435634893,2.54887154092414,200,1052.65525992703,1021.5579632607,1111.01040349052,1023.20413146795,1195.78348135528,1025.59553584278
753,-570.476569381248,787.672612734665,2.62557537578222,"gaussian","adaptive_sparse_group_lasso",1,0.217599198169813,0.5,TRUE,"identity",NA,NA,"independent","gaussian",0.2,1000,50,1e-06,1,"PGD",0.9,TRUE,10,1,TRUE,1.73719418538594,41,1.1565886462729,233.615645827495,6.59017569648274,200,1222.9531387625,1143.26631605504,1374.56878458999,1147.54331445898,1591.79979661846,1153.67128816948
754,-515.699939230303,546.702622643507,1.82234207547836,"gaussian","adaptive_sparse_group_lasso",1,0.176146892944129,0.5,TRUE,"identity",NA,NA,"independent","gaussian",0.2,1000,50,1e-06,1,"PGD",0.9,TRUE,10,1,TRUE,0.424371054082403,27,0.761655937789471,154.476235217604,4.35769414077227,200,1085.39987846061,1032.92319033619,1185.87611367821,1035.75757260138,1328.93068257501,1039.7930674839
755,-543.647290694395,658.668701885998,2.19556233961999,"gaussian","adaptive_sparse_group_lasso",1,0.187779251015263,0.5,TRUE,"identity",NA,NA,"independent","gaussian",0.2,1000,50,1e-06,1,"PGD",0.9,TRUE,10,1,TRUE,1.57568463797242,51,1.43868343804678,286.860684696425,8.09219051175503,200,1189.29458138879,1090.17194826488,1374.15526608522,1095.38677190054,1644.36945177917,1103.00937334531
756,-511.802693229962,532.681328760903,1.77560442920301,"gaussian","adaptive_sparse_group_lasso",1,0.156935131543286,0.5,TRUE,"identity",NA,NA,"independent","gaussian",0.2,1000,50,1e-06,1,"PGD",0.9,TRUE,10,1,TRUE,0.634773181039458,34,0.959122292031186,193.233146744002,5.45100642945604,200,1091.60538645992,1025.52363104399,1216.83853320392,1029.05639288938,1396.98132366656,1034.13812718589
757,-556.160171360194,715.971157967845,2.38657052655948,"gaussian","adaptive_sparse_group_lasso",1,0.226771378062982,0.5,TRUE,"identity",NA,NA,"independent","gaussian",0.2,1000,50,1e-06,1,"PGD",0.9,TRUE,10,1,TRUE,0.21634232731189,7,0.197466354241715,39.4541079989223,1.11297983805801,200,1126.32034272039,1112.71527542887,1151.77445071931,1113.43332255845,1188.86267228515,1114.47956197243
758,-498.652987506245,487.97230797418,1.62657435991393,"gaussian","adaptive_sparse_group_lasso",1,0.0621642491398753,0.5,TRUE,"identity",NA,NA,"independent","gaussian",0.2,1000,50,1e-06,1,"PGD",0.9,TRUE,10,1,TRUE,0.203945914387391,66,1.8618256257076,374.560766543768,10.5661641444828,200,1129.30597501249,1001.0296262639,1371.86674155626,1007.87213915697,1721.55568774843,1017.73668220314
759,-533.256230886798,614.584818212805,2.04861606070935,"gaussian","adaptive_sparse_group_lasso",1,0.0745951057670376,0.5,TRUE,"identity",NA,NA,"independent","gaussian",0.2,1000,50,1e-06,1,"PGD",0.9,TRUE,10,1,TRUE,0.215530362687375,55,1.55152135475633,312.992383919142,8.82935213684801,200,1176.5124617736,1069.61550448311,1379.50484569274,1075.34181391044,1670.91230085288,1083.56226644892
760,-521.062831945941,566.602285568936,1.88867428522979,"gaussian","adaptive_sparse_group_lasso",1,0.213042408616652,0.5,TRUE,"identity",NA,NA,"independent","gaussian",0.2,1000,50,1e-06,1,"PGD",0.9,TRUE,10,1,TRUE,1.41749883454844,33,0.930912812853798,186.087944083976,5.24944398379984,200,1108.12566389188,1043.98748951759,1228.21360797586,1047.37510787568,1403.05808107194,1052.30737939877
761,-518.509802135956,557.040207136627,1.85680069045543,"gaussian","adaptive_sparse_group_lasso",1,1.7454868458413,0.5,TRUE,"identity",NA,NA,"independent","gaussian",0.2,1000,50,1e-06,1,"PGD",0.9,TRUE,10,1,TRUE,0,0,0,0,0,200,1037.01960427191,1037.01960427191,1037.01960427191,1037.01960427191,1037.01960427191,1037.01960427191
762,-564.542665974472,757.121075156618,2.52373691718872,"gaussian","adaptive_sparse_group_lasso",1,0.28138900853748,0.5,TRUE,"identity",NA,NA,"independent","gaussian",0.2,1000,50,1e-06,1,"PGD",0.9,TRUE,10,1,TRUE,2.20463001196921,31,0.874493854499022,172.872681027044,4.87664829577159,200,1191.08533194894,1130.83431965794,1301.95801297599,1133.96198024472,1466.20585133898,1138.59532622095
763,-521.764009643271,569.257078245458,1.89752359415153,"gaussian","adaptive_sparse_group_lasso",1,0.263416737566791,0.5,TRUE,"identity",NA,NA,"independent","gaussian",0.2,1000,50,1e-06,1,"PGD",0.9,TRUE,10,1,TRUE,1.37134122803331,35,0.987331771208573,197.590721312648,5.57393133851418,200,1113.52801928654,1045.50268282896,1241.11874059919,1049.10195062506,1426.55984842837,1054.333147695
764,-517.378865544439,552.856152271417,1.84285384090472,"gaussian","adaptive_sparse_group_lasso",1,0.0470355689421894,0.5,TRUE,"identity",NA,NA,"independent","gaussian",0.2,1000,50,1e-06,1,"PGD",0.9,TRUE,10,1,TRUE,0.109173540818193,66,1.8618256257076,373.802168847295,10.5447644985602,200,1166.75773108888,1038.48138234029,1408.55989993617,1045.30249558744,1758.24884612834,1055.16703863361
765,-480.617890980752,432.691360893684,1.44230453631228,"gaussian","adaptive_sparse_group_lasso",1,0.00787740768023669,0.5,TRUE,"identity",NA,NA,"independent","gaussian",0.2,1000,50,1e-06,1,"PGD",0.9,TRUE,10,1,TRUE,0.00594676213474375,111,3.13125218869005,630.753360382333,17.7932237857728,200,1183.2357819615,967.498286338885,1591.98914234384,979.029005747277,2180.10237003067,995.619373597655
766,-506.869228357217,515.446542245462,1.7181551408182,"gaussian","adaptive_sparse_group_lasso",1,0.118243241487148,0.5,TRUE,"identity",NA,NA,"independent","gaussian",0.2,1000,50,1e-06,1,"PGD",0.9,TRUE,10,1,TRUE,0.589418998300194,56,1.57973083393372,315.70879809755,8.90598076605096,200,1125.73845671443,1016.8979183823,1329.44725481198,1022.64443748048,1626.15302733867,1031.01435279239
767,-507.060892965029,516.105582267071,1.72035194089024,"gaussian","adaptive_sparse_group_lasso",1,0.0492629668227215,0.5,TRUE,"identity",NA,NA,"independent","gaussian",0.2,1000,50,1e-06,1,"PGD",0.9,TRUE,10,1,TRUE,0.129730027094764,61,1.72077822982066,348.307733562587,9.82557975725693,200,1136.12178593006,1017.5633423897,1362.42951949264,1023.94736568732,1685.62687885208,1033.06459486635
768,-524.99758168079,581.661862207308,1.93887287402436,"gaussian","adaptive_sparse_group_lasso",1,2.66388214407386,0.5,TRUE,"identity",NA,NA,"independent","gaussian",0.2,1000,50,1e-06,1,"PGD",0.9,TRUE,10,1,TRUE,0,0,0,0,0,200,1049.99516336158,1049.99516336158,1049.99516336158,1049.99516336158,1049.99516336158,1049.99516336158
769,-539.912353067884,642.470624669932,2.14156874889977,"gaussian","adaptive_sparse_group_lasso",1,0.191669987528308,0.5,TRUE,"identity",NA,NA,"independent","gaussian",0.2,1000,50,1e-06,1,"PGD",0.9,TRUE,10,1,TRUE,1.02714934567842,41,1.1565886462729,233.198571698237,6.578410252518,200,1161.82470613577,1082.13788342831,1313.02327783401,1086.40311638829,1530.25428986247,1092.53109009879
770,-520.016854516041,562.665007852384,1.87555002617461,"gaussian","adaptive_sparse_group_lasso",1,0.0595610277678041,0.5,TRUE,"identity",NA,NA,"independent","gaussian",0.2,1000,50,1e-06,1,"PGD",0.9,TRUE,10,1,TRUE,0.195146153809285,70,1.97466354241715,398.288316488386,11.235505970576,200,1180.03370903208,1043.98303611692,1438.32202552047,1051.26921500266,1809.20424117883,1061.73160914254
771,-486.49238273275,449.973170465205,1.49991056821735,"gaussian","adaptive_sparse_group_lasso",1,0.0198841778954466,0.5,TRUE,"identity",NA,NA,"independent","gaussian",0.2,1000,50,1e-06,1,"PGD",0.9,TRUE,10,1,TRUE,0.0368993384555733,90,2.53885312596491,509.58322533179,14.3750773841433,200,1152.9847654655,978.062471717429,1482.56799079729,987.359842849642,1959.41655378661,1000.81149245806
772,-548.002672028762,678.074087185357,2.26024695728452,"gaussian","adaptive_sparse_group_lasso",1,0.400950187008745,0.5,TRUE,"identity",NA,NA,"independent","gaussian",0.2,1000,50,1e-06,1,"PGD",0.9,TRUE,10,1,TRUE,1.86356174502798,13,0.366723229306042,73.2836305116052,2.06729304896051,200,1122.00534405752,1096.73879051614,1169.28897456913,1098.07263710648,1238.16710033425,1100.01565316103
773,-517.203295485487,552.209430913298,1.84069810304433,"gaussian","adaptive_sparse_group_lasso",1,0.0924017538785234,0.5,TRUE,"identity",NA,NA,"independent","gaussian",0.2,1000,50,1e-06,1,"PGD",0.9,TRUE,10,1,TRUE,0.258616604153228,44,1.24121708380506,248.699562188218,7.01568512097399,200,1122.40659097097,1036.88902513858,1283.10615315919,1041.42227609195,1516.2321172873,1047.99863812273
774,-552.82938921809,700.248078208925,2.33416026069642,"gaussian","adaptive_sparse_group_lasso",1,0.141724054703502,0.5,TRUE,"identity",NA,NA,"independent","gaussian",0.2,1000,50,1e-06,1,"PGD",0.9,TRUE,10,1,TRUE,0.713078611027967,38,1.07196020874074,214.288446191561,6.04496546079562,200,1181.65877843618,1107.80269885366,1319.94722462774,1111.70374389697,1521.28328455656,1117.38332928719
775,-525.317883666859,582.905238919526,1.94301746306509,"gaussian","adaptive_sparse_group_lasso",1,0.0699917784743362,0.5,TRUE,"identity",NA,NA,"independent","gaussian",0.2,1000,50,1e-06,1,"PGD",0.9,TRUE,10,1,TRUE,0.114764430629028,32,0.90270333367641,180.819546996497,5.10082524586239,200,1114.63576733372,1052.44117400107,1231.45531433021,1055.73659257958,1401.00147005975,1060.51940132924
776,-503.401906070151,503.66840017778,1.67889466725927,"gaussian","adaptive_sparse_group_lasso",1,0.0780414173040856,0.5,TRUE,"identity",NA,NA,"independent","gaussian",0.2,1000,50,1e-06,1,"PGD",0.9,TRUE,10,1,TRUE,0.425437372552974,85,2.39780573007797,483.38718232037,13.6361006542826,200,1176.8038121403,1011.59942360046,1490.19099446067,1020.43991279458,1940.54797061725,1033.14424853586
777,-498.637235533986,487.92106715632,1.62640355718773,"gaussian","adaptive_sparse_group_lasso",1,0.143928705826796,0.5,TRUE,"identity",NA,NA,"independent","gaussian",0.2,1000,50,1e-06,1,"PGD",0.9,TRUE,10,1,TRUE,0.260921047920743,24,0.677027500257308,136.54456182916,3.85185097370522,200,1045.27447106797,998.628526068487,1133.81903289713,1001.12632204168,1260.97864969428,1004.71342860392
778,-512.737371981132,536.01093114374,1.78670310381247,"gaussian","adaptive_sparse_group_lasso",1,0.0796673201638144,0.5,TRUE,"identity",NA,NA,"independent","gaussian",0.2,1000,50,1e-06,1,"PGD",0.9,TRUE,10,1,TRUE,0.345205247107638,77,2.17212989665886,437.10013906798,12.3303672714715,200,1179.47474396226,1029.81900375558,1462.57488303024,1037.80511123374,1870.54532025444,1049.3137447876
779,-509.320647312966,523.939589432974,1.74646529810991,"gaussian","adaptive_sparse_group_lasso",1,0.108296097583146,0.5,TRUE,"identity",NA,NA,"independent","gaussian",0.2,1000,50,1e-06,1,"PGD",0.9,TRUE,10,1,TRUE,0.512432771730232,58,1.63614979228849,329.120332498447,9.2843131664699,200,1134.64129462593,1021.91359421051,1347.76162712438,1027.9256077924,1655.06403438416,1036.59444865116
780,-459.851092500044,376.749065940158,1.25583021980053,"gaussian","adaptive_sparse_group_lasso",1,0.110740903432164,0.5,TRUE,"identity",NA,NA,"independent","gaussian",0.2,1000,50,1e-06,1,"PGD",0.9,TRUE,10,1,TRUE,0.480080338971851,44,1.24121708380506,250.765183232309,7.07395521480565,200,1007.70218500009,922.184619167698,1170.4673682324,926.776140214894,1403.59333236051,933.352502245674
781,-521.025891822905,566.462767028138,1.88820922342713,"gaussian","adaptive_sparse_group_lasso",1,0.0440509620154977,0.5,TRUE,"identity",NA,NA,"independent","gaussian",0.2,1000,50,1e-06,1,"PGD",0.9,TRUE,10,1,TRUE,0.205389864597539,120,3.38513750128654,681.302196409606,19.2191801231253,200,1282.05178364581,1048.82205864838,1723.35398005541,1061.27096376893,2359.15206404118,1079.20649658015
782,-526.608871787703,587.943714786626,1.95981238262209,"gaussian","adaptive_sparse_group_lasso",1,0.0227954903634839,0.5,TRUE,"identity",NA,NA,"independent","gaussian",0.2,1000,50,1e-06,1,"PGD",0.9,TRUE,10,1,TRUE,0.0288943562077117,55,1.55152135475633,312.194161960531,8.80683471112764,200,1163.21774357541,1056.32078628492,1365.41190553594,1062.02457828653,1656.81936069608,1070.24503082501
783,-500.553946206267,494.195761133383,1.64731920377794,"gaussian","adaptive_sparse_group_lasso",1,0.0537775040222349,0.5,TRUE,"identity",NA,NA,"independent","gaussian",0.2,1000,50,1e-06,1,"PGD",0.9,TRUE,10,1,TRUE,0.251495799250127,94,2.65169104267446,534.500771123787,15.0779883733142,200,1189.10789241253,1006.41127449788,1535.60866353632,1016.18588078585,2033.65049599184,1030.23538148797
784,-537.860894839978,633.743759034789,2.11247919678263,"gaussian","adaptive_sparse_group_lasso",1,0.140532373744293,0.5,TRUE,"identity",NA,NA,"independent","gaussian",0.2,1000,50,1e-06,1,"PGD",0.9,TRUE,10,1,TRUE,0.490162970380749,44,1.24121708380506,250.041486817372,7.05354011585775,200,1163.72178967996,1078.20422384757,1325.76327649733,1082.77532979581,1558.88924062544,1089.35169182659
785,-578.387876589063,830.331140353825,2.76777046784608,"gaussian","adaptive_sparse_group_lasso",1,0.164803415230746,0.5,TRUE,"identity",NA,NA,"independent","gaussian",0.2,1000,50,1e-06,1,"PGD",0.9,TRUE,10,1,TRUE,0.561625289527447,31,0.874493854499022,175.123299178473,4.9401370616506,200,1218.77575317813,1158.52474088712,1331.8990523566,1161.71589023978,1496.14689071959,1166.34923621601
786,-472.994533025164,411.250408372152,1.37083469457384,"gaussian","adaptive_sparse_group_lasso",1,0.0639189501662991,0.5,TRUE,"identity",NA,NA,"independent","gaussian",0.2,1000,50,1e-06,1,"PGD",0.9,TRUE,10,1,TRUE,0.244654883098372,106,2.99020479280311,601.530312984397,16.9688568387009,200,1157.98906605033,951.969475635934,1547.51937903473,962.957922889029,2109.14101988882,978.800976872272
787,-534.762575836892,620.787756883445,2.06929252294482,"gaussian","adaptive_sparse_group_lasso",1,0.391534459962022,0.5,TRUE,"identity",NA,NA,"independent","gaussian",0.2,1000,50,1e-06,1,"PGD",0.9,TRUE,10,1,TRUE,0.1138866929201,2,0.0564189583547756,11.4082079812295,0.321819605497802,200,1073.52515167378,1069.63798959049,1080.93335965501,1069.84697127928,1091.52999438811,1070.14589682613
788,-488.576553498435,456.26894693798,1.52089648979327,"gaussian","adaptive_sparse_group_lasso",1,0.101530199954347,0.5,TRUE,"identity",NA,NA,"independent","gaussian",0.2,1000,50,1e-06,1,"PGD",0.9,TRUE,10,1,TRUE,0.387708457383614,70,1.97466354241715,395.822935284954,11.1659588508534,200,1117.15310699687,981.102434081704,1372.97604228182,988.319065847723,1743.85825794019,998.781459987601
789,-536.303519133042,627.197951211229,2.09065983737076,"gaussian","adaptive_sparse_group_lasso",1,0.0662390893814484,0.5,TRUE,"identity",NA,NA,"independent","gaussian",0.2,1000,50,1e-06,1,"PGD",0.9,TRUE,10,1,TRUE,0.162105793812098,42,1.18479812545029,238.58830283292,6.73045176073355,200,1156.60703826608,1074.97663451698,1311.195341099,1079.33749002682,1533.72467049402,1085.61492651074
790,-548.020105350165,678.152898988422,2.26050966329474,"gaussian","adaptive_sparse_group_lasso",1,0.332987735862244,0.5,TRUE,"identity",NA,NA,"independent","gaussian",0.2,1000,50,1e-06,1,"PGD",0.9,TRUE,10,1,TRUE,1.1531992567823,15,0.423142187660817,85.6167209579703,2.41520310710009,200,1126.04021070033,1096.88649507565,1181.6569316583,1098.45541380743,1261.13169215652,1100.69735540883
791,-514.450117101037,542.166340467747,1.80722113489249,"gaussian","adaptive_sparse_group_lasso",1,0.188315885663105,0.5,TRUE,"identity",NA,NA,"independent","gaussian",0.2,1000,50,1e-06,1,"PGD",0.9,TRUE,10,1,TRUE,0.250889655661088,19,0.535980104370368,108.706542460456,3.06655494598406,200,1066.90023420207,1029.97219441081,1137.60677666253,1031.96678914806,1238.27480662694,1034.80658184317
792,-516.49361591425,549.602989887302,1.83200996629101,"gaussian","adaptive_sparse_group_lasso",1,0.119581948066405,0.5,TRUE,"identity",NA,NA,"independent","gaussian",0.2,1000,50,1e-06,1,"PGD",0.9,TRUE,10,1,TRUE,0.406998421411349,42,1.18479812545029,239.881043981017,6.76691931523256,200,1116.9872318285,1035.3568280794,1272.86827580952,1039.75415114373,1495.39760520453,1046.03158762766
793,-533.971164734133,617.521059973669,2.05840353324556,"gaussian","adaptive_sparse_group_lasso",1,0.141076758998323,0.5,TRUE,"identity",NA,NA,"independent","gaussian",0.2,1000,50,1e-06,1,"PGD",0.9,TRUE,10,1,TRUE,0.775430039584215,50,1.41047395886939,285.317316450485,8.04865289735814,200,1167.94232946827,1070.76327738601,1353.25964591875,1075.99098236563,1618.17551424615,1083.46412103697
794,-518.050989649808,555.338963620109,1.8511298787337,"gaussian","adaptive_sparse_group_lasso",1,0.0147984369402732,0.5,TRUE,"identity",NA,NA,"independent","gaussian",0.2,1000,50,1e-06,1,"PGD",0.9,TRUE,10,1,TRUE,0.0111609689774282,52,1.46689291722417,296.272577507065,8.35769510601657,200,1140.10197929962,1039.03576513406,1332.37455680668,1044.45967440563,1607.88705986718,1052.23173862383
795,-593.793320493705,920.141575734381,3.06713858578127,"gaussian","adaptive_sparse_group_lasso",1,0.119554710153233,0.5,TRUE,"identity",NA,NA,"independent","gaussian",0.2,1000,50,1e-06,1,"PGD",0.9,TRUE,10,1,TRUE,0.489794025074909,37,1.04375072956335,211.59593531344,5.96901113124439,200,1261.58664098741,1189.67414244654,1399.18257630085,1193.55565211865,1595.22031886313,1199.08577473545
796,-523.102708341668,574.360241096351,1.91453413698784,"gaussian","adaptive_sparse_group_lasso",1,0.138588733582681,0.5,TRUE,"identity",NA,NA,"independent","gaussian",0.2,1000,50,1e-06,1,"PGD",0.9,TRUE,10,1,TRUE,0.379216158083269,23,0.64881802107992,130.961555881063,3.69435728366517,200,1092.20541668334,1047.5030527255,1177.1669725644,1049.899773967,1299.028271995,1053.33741775582
797,-534.661748150987,620.370613144845,2.06790204381615,"gaussian","adaptive_sparse_group_lasso",1,2.18715206227689,0.5,TRUE,"identity",NA,NA,"independent","gaussian",0.2,1000,50,1e-06,1,"PGD",0.9,TRUE,10,1,TRUE,0,0,0,0,0,200,1069.32349630197,1069.32349630197,1069.32349630197,1069.32349630197,1069.32349630197,1069.32349630197
798,-519.216762380007,559.671772176814,1.86557257392271,"gaussian","adaptive_sparse_group_lasso",1,0.0676400273393671,0.5,TRUE,"identity",NA,NA,"independent","gaussian",0.2,1000,50,1e-06,1,"PGD",0.9,TRUE,10,1,TRUE,0.185633367173892,52,1.46689291722417,298.360283628639,8.41658820838161,200,1142.43352476001,1041.36731059446,1336.79380838865,1046.8501129684,1612.30631144915,1054.62217718659
799,-529.175338943963,598.089854609111,1.99363284869704,"gaussian","adaptive_sparse_group_lasso",1,0.262876652802252,0.5,TRUE,"identity",NA,NA,"independent","gaussian",0.2,1000,50,1e-06,1,"PGD",0.9,TRUE,10,1,TRUE,1.20402673596587,21,0.592399062725144,119.417379775868,3.36870208820555,200,1100.35067788793,1059.53547601338,1177.76805766379,1061.71937997613,1289.0327223613,1064.8580982181
800,-510.347548775012,527.538790996326,1.75846263665442,"gaussian","adaptive_sparse_group_lasso",1,0.266794439126417,0.5,TRUE,"identity",NA,NA,"independent","gaussian",0.2,1000,50,1e-06,1,"PGD",0.9,TRUE,10,1,TRUE,1.68553855832769,26,0.733446458612083,147.761334236305,4.16827028136208,200,1072.69509755002,1022.16199046725,1168.45643178633,1024.86336783139,1306.21268331658,1028.74939994048
801,-896.717768048414,1057.43569885501,2.11487139771001,"gaussian","adaptive_sparse_group_lasso",1,0.082984098295218,0.5,TRUE,"identity",NA,NA,"independent","gaussian",0.2,1000,50,1e-06,1,"PGD",0.9,TRUE,10,1,TRUE,0.173522909418127,43,1.21300760462768,266.69687769516,7.52338001801596,200,1879.43553609683,1795.86155130608,2060.13241379199,1800.95891611484,2287.96006055355,1807.3858153722
802,-911.158418202762,1120.31447353959,2.24062894707919,"gaussian","adaptive_sparse_group_lasso",1,0.0174260343072781,0.5,TRUE,"identity",NA,NA,"independent","gaussian",0.2,1000,50,1e-06,1,"PGD",0.9,TRUE,10,1,TRUE,0.0289948351550264,99,2.7927384385614,611.776691834388,17.2579018495134,200,2020.31683640552,1827.90231328265,2434.09352823991,1839.57473825504,2958.62694752817,1854.37155282429
803,-877.78020964047,980.293356830405,1.96058671366081,"gaussian","adaptive_sparse_group_lasso",1,0.142391366841511,0.5,TRUE,"identity",NA,NA,"independent","gaussian",0.2,1000,50,1e-06,1,"PGD",0.9,TRUE,10,1,TRUE,0.0962440264571866,11,0.310304270951266,68.200021715895,1.92388709249194,200,1777.56041928094,1756.18102782284,1823.76044099683,1757.48430637343,1882.04193202886,1759.12839688113
804,-883.026558861376,1001.08257403692,2.00216514807383,"gaussian","adaptive_sparse_group_lasso",1,0.0105792833341138,0.5,TRUE,"identity",NA,NA,"independent","gaussian",0.2,1000,50,1e-06,1,"PGD",0.9,TRUE,10,1,TRUE,0.00806292817528088,100,2.82094791773878,619.568767383367,17.4777122424609,200,1966.05311772275,1771.69501355823,2385.62188510612,1783.53082996521,2915.45362176092,1798.4771073079
805,-876.437821752182,975.043727803679,1.95008745560736,"gaussian","adaptive_sparse_group_lasso",1,0.0621490027498024,0.5,TRUE,"identity",NA,NA,"independent","gaussian",0.2,1000,50,1e-06,1,"PGD",0.9,TRUE,10,1,TRUE,0.255860101368879,102,2.87736687609356,631.510088942552,17.8145707043352,200,1956.87564350436,1758.63037725655,2384.38573244692,1770.6902142087,2924.81410383482,1785.93541709824
806,-801.747191261096,723.224580524321,1.44644916104864,"gaussian","adaptive_sparse_group_lasso",1,0.0693634712762193,0.5,TRUE,"identity",NA,NA,"independent","gaussian",0.2,1000,50,1e-06,1,"PGD",0.9,TRUE,10,1,TRUE,0.207095696896901,49,1.382264479692,302.854800154319,8.54337617872521,200,1701.49438252219,1606.25891148158,1906.34918267651,1612.03775870092,2165.96673363736,1619.36143459883
807,-845.551536387466,861.725847352297,1.72345169470459,"gaussian","adaptive_sparse_group_lasso",1,0.0390593560140127,0.5,TRUE,"identity",NA,NA,"independent","gaussian",0.2,1000,50,1e-06,1,"PGD",0.9,TRUE,10,1,TRUE,0.0828458416622944,73,2.05929197994931,451.007338538613,12.7226821253541,200,1837.10307277493,1695.22165673483,2142.11041131354,1703.82575490029,2528.88757907155,1714.73653736044
808,-851.695151082398,883.164638103813,1.76632927620763,"gaussian","adaptive_sparse_group_lasso",1,0.0628404143016762,0.5,TRUE,"identity",NA,NA,"independent","gaussian",0.2,1000,50,1e-06,1,"PGD",0.9,TRUE,10,1,TRUE,0.177595391633732,67,1.89003510488498,413.799936437716,11.6730806905442,200,1837.3903021648,1707.17037237457,2117.19023860251,1715.06338285534,2472.17750216123,1725.07738867494
809,-871.559994591486,956.203742752733,1.91240748550547,"gaussian","adaptive_sparse_group_lasso",1,0.0693907035413099,0.5,TRUE,"identity",NA,NA,"independent","gaussian",0.2,1000,50,1e-06,1,"PGD",0.9,TRUE,10,1,TRUE,0.166793819946495,50,1.41047395886939,312.28289088276,8.80933770781169,200,1843.11998918297,1745.94093710071,2055.40288006573,1751.92932689078,2320.31874839313,1759.40246556213
810,-866.618044818891,937.487300189624,1.87497460037925,"gaussian","adaptive_sparse_group_lasso",1,0.101657163728187,0.5,TRUE,"identity",NA,NA,"independent","gaussian",0.2,1000,50,1e-06,1,"PGD",0.9,TRUE,10,1,TRUE,0.232453579899853,21,0.592399062725144,129.329827992561,3.64832708977129,200,1775.23608963778,1734.42088776323,1862.56591763034,1736.88441672755,1973.83058232785,1740.02313496952
811,-862.161731257505,920.924408147646,1.84184881629529,"gaussian","adaptive_sparse_group_lasso",1,0.0142962974012783,0.5,TRUE,"identity",NA,NA,"independent","gaussian",0.2,1000,50,1e-06,1,"PGD",0.9,TRUE,10,1,TRUE,0.0174810952282112,114,3.21588062622221,704.910428108121,19.8851560436396,200,1952.32346251501,1730.75522376746,2429.23389062313,1744.20861855865,3033.24207040961,1761.24737472931
812,-878.416816386425,982.792783239139,1.96558556647828,"gaussian","adaptive_sparse_group_lasso",1,0.139605340510775,0.5,TRUE,"identity",NA,NA,"independent","gaussian",0.2,1000,50,1e-06,1,"PGD",0.9,TRUE,10,1,TRUE,0.547277015506506,36,1.01554125038596,222.669629968622,6.28139429003649,200,1828.83363277285,1758.86471527362,1979.50326274147,1763.11502706289,2170.2426879372,1768.49568690625
813,-845.48692906432,861.503180924166,1.72300636184833,"gaussian","adaptive_sparse_group_lasso",1,0.134344738829687,0.5,TRUE,"identity",NA,NA,"independent","gaussian",0.2,1000,50,1e-06,1,"PGD",0.9,TRUE,10,1,TRUE,0.178561811765481,12,0.338513750128654,74.3064374667622,2.0961459004645,200,1714.97385812864,1691.6508856289,1765.2802955954,1693.0700040291,1828.86010399398,1694.86355731023
814,-812.416691676404,754.758475989353,1.50951695197871,"gaussian","adaptive_sparse_group_lasso",1,0.0272667231032546,0.5,TRUE,"identity",NA,NA,"independent","gaussian",0.2,1000,50,1e-06,1,"PGD",0.9,TRUE,10,1,TRUE,0.0679168507934779,130,3.66723229306042,803.898679417896,22.6775630577687,200,1884.83338335281,1632.16784793893,2428.7320627707,1647.51094641058,3117.51332042195,1666.94110695606
815,-871.800204362975,957.122942213573,1.91424588442715,"gaussian","adaptive_sparse_group_lasso",1,0.0605548605635662,0.5,TRUE,"identity",NA,NA,"independent","gaussian",0.2,1000,50,1e-06,1,"PGD",0.9,TRUE,10,1,TRUE,0.102170581436174,35,0.987331771208573,217.088301634869,6.12394792462332,200,1813.60040872595,1745.57507226837,1960.68871036082,1749.72435665057,2146.12981819,1754.95555372051
816,-839.448372263039,840.943538073835,1.68188707614767,"gaussian","adaptive_sparse_group_lasso",1,0.0749108984859341,0.5,TRUE,"identity",NA,NA,"independent","gaussian",0.2,1000,50,1e-06,1,"PGD",0.9,TRUE,10,1,TRUE,0.134481183434431,34,0.959122292031186,207.983314299536,5.86710097397687,200,1746.89674452608,1680.81498911014,1886.88005882561,1684.76384550006,2067.02284928825,1689.84557979657
817,-856.667566686626,900.906337945645,1.80181267589129,"gaussian","adaptive_sparse_group_lasso",1,0.134404100083057,0.5,TRUE,"identity",NA,NA,"independent","gaussian",0.2,1000,50,1e-06,1,"PGD",0.9,TRUE,10,1,TRUE,0.20633526964312,19,0.535980104370368,118.748037155885,3.34982028150461,200,1751.33513337325,1714.40709358199,1832.08317052914,1716.68495365476,1932.75120049355,1719.52474634987
818,-884.226056480744,1005.89729996235,2.0117945999247,"gaussian","adaptive_sparse_group_lasso",1,0.0421577214105247,0.5,TRUE,"identity",NA,NA,"independent","gaussian",0.2,1000,50,1e-06,1,"PGD",0.9,TRUE,10,1,TRUE,0.109907070922371,86,2.42601520925535,532.285163073464,15.0154872241534,200,1940.45211296149,1773.30414338,2300.73727603495,1783.46760018564,2756.39256955808,1796.32139870035
819,-859.441470130246,910.95810887768,1.82191621775536,"gaussian","adaptive_sparse_group_lasso",1,0.0617209873085071,0.5,TRUE,"identity",NA,NA,"independent","gaussian",0.2,1000,50,1e-06,1,"PGD",0.9,TRUE,10,1,TRUE,0.172024489310026,66,1.8618256257076,407.198579604881,11.4868598524258,200,1850.88294026049,1722.60659151191,2126.08151986537,1730.36980011292,2475.77046605754,1740.23434315909
820,-840.580363067534,844.759933210582,1.68951986642116,"gaussian","adaptive_sparse_group_lasso",1,0.0985068971523246,0.5,TRUE,"identity",NA,NA,"independent","gaussian",0.2,1000,50,1e-06,1,"PGD",0.9,TRUE,10,1,TRUE,0.257612531337986,49,1.382264479692,303.265240504548,8.55495448723856,200,1779.16072613507,1683.92525509445,1984.42596663962,1689.71568062231,2244.04351760047,1697.03935652022
821,-903.561322457034,1086.782007402,2.173564014804,"gaussian","adaptive_sparse_group_lasso",1,0.0191205722167727,0.5,TRUE,"identity",NA,NA,"independent","gaussian",0.2,1000,50,1e-06,1,"PGD",0.9,TRUE,10,1,TRUE,0.029220259523396,89,2.51064364678752,550.5049099288,15.5294567936862,200,1985.12264491407,1812.14393220764,2357.62755484287,1822.65210170776,2829.17780046564,1835.95428854274
822,-877.719057650498,980.053598596881,1.96010719719376,"gaussian","adaptive_sparse_group_lasso",1,0.149128299509954,0.5,TRUE,"identity",NA,NA,"independent","gaussian",0.2,1000,50,1e-06,1,"PGD",0.9,TRUE,10,1,TRUE,0.329919575569682,29,0.818074896144247,178.14563150706,5.02539548254102,200,1813.438115301,1757.07426509328,1933.58374680806,1760.46351078354,2087.23495043795,1764.79793121291
823,-882.120696683085,997.461766538963,1.99492353307793,"gaussian","adaptive_sparse_group_lasso",1,0.0604692089436578,0.5,TRUE,"identity",NA,NA,"independent","gaussian",0.2,1000,50,1e-06,1,"PGD",0.9,TRUE,10,1,TRUE,0.22134082230411,85,2.39780573007796,524.678610090332,14.800910326164,200,1934.24139336617,1769.03700482633,2288.9200034565,1779.04230369233,2739.27697961309,1791.74663943361
824,-901.771469519482,1079.02907386611,2.15805814773222,"gaussian","adaptive_sparse_group_lasso",1,0.0824672152420835,0.5,TRUE,"identity",NA,NA,"independent","gaussian",0.2,1000,50,1e-06,1,"PGD",0.9,TRUE,10,1,TRUE,0.266209411657268,58,1.63614979228849,359.728528693434,10.1477544396898,200,1919.54293903896,1806.81523862354,2163.2714677324,1813.69069347865,2470.57387499218,1822.35953433741
825,-871.561581432263,956.209812144352,1.9124196242887,"gaussian","adaptive_sparse_group_lasso",1,0.0208046612904398,0.5,TRUE,"identity",NA,NA,"independent","gaussian",0.2,1000,50,1e-06,1,"PGD",0.9,TRUE,10,1,TRUE,0.0233451249017408,64,1.80540666735282,391.626277055659,11.0475733079195,200,1871.12316286453,1746.73397619923,2134.74943992018,1754.17073617244,2473.84175137926,1763.73635367176
826,-888.671301221021,1023.94309922958,2.04788619845916,"gaussian","adaptive_sparse_group_lasso",1,0.0557102647782538,0.5,TRUE,"identity",NA,NA,"independent","gaussian",0.2,1000,50,1e-06,1,"PGD",0.9,TRUE,10,1,TRUE,0.162920038890347,66,1.8618256257076,411.926941002611,11.6202444648182,200,1909.34260244204,1781.06625369346,2189.26954344465,1788.96284690686,2538.95848963682,1798.82738995303
827,-855.999170738107,898.500906354839,1.79700181270968,"gaussian","adaptive_sparse_group_lasso",1,0.06232849590732,0.5,TRUE,"identity",NA,NA,"independent","gaussian",0.2,1000,50,1e-06,1,"PGD",0.9,TRUE,10,1,TRUE,0.199183701927213,71,2.00287302159453,439.474239544981,12.3973394094425,200,1853.99834147621,1716.0040875194,2151.47258102119,1724.39568088566,2527.65311404611,1735.00753779896
828,-872.798089363048,960.950971506165,1.92190194301233,"gaussian","adaptive_sparse_group_lasso",1,0.0223599605156143,0.5,TRUE,"identity",NA,NA,"independent","gaussian",0.2,1000,50,1e-06,1,"PGD",0.9,TRUE,10,1,TRUE,0.0329755644853062,77,2.17212989665886,478.786743372325,13.5063246675709,200,1899.5961787261,1749.94043851941,2224.38292209842,1759.10250339367,2632.35335932262,1770.61113694753
829,-866.399510396948,936.66816527923,1.87333633055846,"gaussian","adaptive_sparse_group_lasso",1,0.0514226147251607,0.5,TRUE,"identity",NA,NA,"independent","gaussian",0.2,1000,50,1e-06,1,"PGD",0.9,TRUE,10,1,TRUE,0.105786268643563,51,1.43868343804678,315.896732703427,8.91128230340218,200,1834.7990207939,1735.67638766999,2048.69575349732,1741.7103030973,2318.90993919127,1749.33290454207
830,-881.276463500546,994.099086220647,1.98819817244129,"gaussian","adaptive_sparse_group_lasso",1,0.102803293659594,0.5,TRUE,"identity",NA,NA,"independent","gaussian",0.2,1000,50,1e-06,1,"PGD",0.9,TRUE,10,1,TRUE,0.376606910909224,43,1.21300760462768,267.789784259605,7.5542103429885,200,1848.55292700109,1764.97894221035,2030.3427112607,1770.10713734408,2258.17035802226,1776.53403660143
831,-902.679552526086,1082.95559262131,2.16591118524262,"gaussian","adaptive_sparse_group_lasso",1,0.155860664064793,0.5,TRUE,"identity",NA,NA,"independent","gaussian",0.2,1000,50,1e-06,1,"PGD",0.9,TRUE,10,1,TRUE,0.427498121197546,31,0.874493854499022,191.457081000431,5.40090453984511,200,1867.35910505217,1807.10809276117,1996.8161860526,1810.76000959202,2161.06402441559,1815.39335556825
832,-884.077348421456,1005.29913774179,2.01059827548358,"gaussian","adaptive_sparse_group_lasso",1,0.0530306333972597,0.5,TRUE,"identity",NA,NA,"independent","gaussian",0.2,1000,50,1e-06,1,"PGD",0.9,TRUE,10,1,TRUE,0.117869566354377,47,1.32584552133723,288.991906235103,8.15231116137276,200,1862.15469684291,1770.80638788559,2057.14660307801,1776.30700800428,2306.16751930577,1783.33175835535
833,-813.539580424707,758.156139875895,1.51631227975179,"gaussian","adaptive_sparse_group_lasso",1,0.0368718090617099,0.5,TRUE,"identity",NA,NA,"independent","gaussian",0.2,1000,50,1e-06,1,"PGD",0.9,TRUE,10,1,TRUE,0.110759105742852,121,3.41334698046393,748.168218058803,21.1054357685132,200,1869.07916084941,1633.90585481034,2375.24737890822,1648.18459661793,3016.34378026053,1666.26959220257
834,-900.055024263884,1071.64607057233,2.14329214114466,"gaussian","adaptive_sparse_group_lasso",1,0.038804395900506,0.5,TRUE,"identity",NA,NA,"independent","gaussian",0.2,1000,50,1e-06,1,"PGD",0.9,TRUE,10,1,TRUE,0.0746079881433625,70,1.97466354241715,432.825206965562,12.2097736633436,200,1940.11004852777,1804.0593756126,2232.93525549333,1812.31982219111,2603.81747115169,1822.78221633099
835,-895.127544163869,1050.73080799861,2.10146161599722,"gaussian","adaptive_sparse_group_lasso",1,0.00718523509757169,0.5,TRUE,"identity",NA,NA,"independent","gaussian",0.2,1000,50,1e-06,1,"PGD",0.9,TRUE,10,1,TRUE,0.0060248995260488,145,4.09037448072123,898.766228276012,25.3537272018915,200,2080.25508832774,1798.43583728918,2689.02131660375,1815.60881552963,3457.27733475322,1837.28091767652
836,-880.246776912524,990.013064655168,1.98002612931034,"gaussian","adaptive_sparse_group_lasso",1,2.63749285456773,0.5,TRUE,"identity",NA,NA,"independent","gaussian",0.2,1000,50,1e-06,1,"PGD",0.9,TRUE,10,1,TRUE,0,0,0,0,0,200,1760.49355382505,1760.49355382505,1760.49355382505,1760.49355382505,1760.49355382505,1760.49355382505
837,-858.522929170477,907.617240741908,1.81523448148382,"gaussian","adaptive_sparse_group_lasso",1,0.07452977138482,0.5,TRUE,"identity",NA,NA,"independent","gaussian",0.2,1000,50,1e-06,1,"PGD",0.9,TRUE,10,1,TRUE,0.309526988942619,64,1.80540666735282,396.630120857133,11.1887291354441,200,1845.04585834095,1720.65667167566,2113.67597919809,1728.2345874764,2452.76829065716,1737.80020497572
838,-847.383870885839,868.064929605967,1.73612985921193,"gaussian","adaptive_sparse_group_lasso",1,0.0915849853560624,0.5,TRUE,"identity",NA,NA,"independent","gaussian",0.2,1000,50,1e-06,1,"PGD",0.9,TRUE,10,1,TRUE,0.274233068566928,36,1.01554125038596,223.936956736425,6.31714491810378,200,1766.76774177168,1696.79882427245,1918.7046985081,1701.08488668978,2109.44412370383,1706.46554653315
839,-798.830005738899,714.834505431941,1.42966901086388,"gaussian","adaptive_sparse_group_lasso",1,0.0135870533771506,0.5,TRUE,"identity",NA,NA,"independent","gaussian",0.2,1000,50,1e-06,1,"PGD",0.9,TRUE,10,1,TRUE,0.00489152604212818,39,1.10016968791812,240.624634113964,6.78789560560443,200,1675.6600114778,1599.86035085364,1838.28464559176,1604.4479070834,2044.91902288714,1610.27695524705
840,-870.533661324991,952.286254708427,1.90457250941685,"gaussian","adaptive_sparse_group_lasso",1,0.0940984905128426,0.5,TRUE,"identity",NA,NA,"independent","gaussian",0.2,1000,50,1e-06,1,"PGD",0.9,TRUE,10,1,TRUE,0.321708717922845,43,1.21300760462768,266.622968751619,7.52129508521212,200,1827.06732264998,1743.49333785924,2007.6902914016,1748.58861773519,2235.51793816317,1755.01551699255
841,-859.394516383036,910.787033356405,1.82157406671281,"gaussian","adaptive_sparse_group_lasso",1,0.0390063008271949,0.5,TRUE,"identity",NA,NA,"independent","gaussian",0.2,1000,50,1e-06,1,"PGD",0.9,TRUE,10,1,TRUE,0.0771822624776408,65,1.83361614653021,402.416343163249,11.3519554531042,200,1848.78903276607,1722.45626505913,2121.20537592932,1730.14098821918,2465.59600475494,1739.85606849192
842,-888.597371410431,1023.64034431949,2.04728068863898,"gaussian","adaptive_sparse_group_lasso",1,0.15843569315246,0.5,TRUE,"identity",NA,NA,"independent","gaussian",0.2,1000,50,1e-06,1,"PGD",0.9,TRUE,10,1,TRUE,0.356947300879747,15,0.423142187660817,91.3366040964619,2.57655803139246,200,1807.19474282086,1778.04102719618,1868.53134691732,1779.77130085225,1948.00610741554,1782.01324245366
843,-837.831275789472,835.521545429329,1.67104309085866,"gaussian","adaptive_sparse_group_lasso",1,0.0298159641972166,0.5,TRUE,"identity",NA,NA,"independent","gaussian",0.2,1000,50,1e-06,1,"PGD",0.9,TRUE,10,1,TRUE,0.058403344559648,78,2.20033937583625,484.225107925037,13.6597380991797,200,1831.66255157894,1680.06323033062,2159.88765950398,1689.32228967812,2573.15641409473,1700.98038600542
844,-860.841971556085,916.075622185155,1.83215124437031,"gaussian","adaptive_sparse_group_lasso",1,0.0777380149892505,0.5,TRUE,"identity",NA,NA,"independent","gaussian",0.2,1000,50,1e-06,1,"PGD",0.9,TRUE,10,1,TRUE,0.227430102007698,74,2.0875014591267,457.97462346653,12.9192256044511,200,1869.68394311217,1725.85894603042,2179.6585665787,1734.60316871662,2571.73405170325,1745.66341395021
845,-842.593236548861,851.588967754384,1.70317793550877,"gaussian","adaptive_sparse_group_lasso",1,0.0474266427657709,0.5,TRUE,"identity",NA,NA,"independent","gaussian",0.2,1000,50,1e-06,1,"PGD",0.9,TRUE,10,1,TRUE,0.0627326361501184,39,1.10016968791812,241.871584416772,6.82307142420674,200,1763.18647309772,1687.38681247356,1927.05805751449,1692.00954452193,2133.69243480987,1697.83859268558
846,-921.007951730948,1165.33378877986,2.33066757755972,"gaussian","adaptive_sparse_group_lasso",1,0.140404710333227,0.5,TRUE,"identity",NA,NA,"independent","gaussian",0.2,1000,50,1e-06,1,"PGD",0.9,TRUE,10,1,TRUE,0.517530319179662,50,1.41047395886939,309.571343468248,8.73284636748351,200,1942.0159034619,1844.83685137964,2151.58724693014,1850.74874982938,2416.50311525755,1858.22188850072
847,-898.297486356018,1064.13865625137,2.12827731250274,"gaussian","adaptive_sparse_group_lasso",1,0.03513037770033,0.5,TRUE,"identity",NA,NA,"independent","gaussian",0.2,1000,50,1e-06,1,"PGD",0.9,TRUE,10,1,TRUE,0.0662178507291186,87,2.45422468843274,539.569283501569,15.2209684676956,200,1970.59497271204,1801.5034220889,2336.16425621361,1811.81594117973,2797.11786710328,1824.81920246787
848,-882.18104489353,997.702575732993,1.99540515146599,"gaussian","adaptive_sparse_group_lasso",1,0.0846196407915559,0.5,TRUE,"identity",NA,NA,"independent","gaussian",0.2,1000,50,1e-06,1,"PGD",0.9,TRUE,10,1,TRUE,0.300896604477107,51,1.43868343804678,315.431947348438,8.89817095060865,200,1866.36208978706,1767.23945666315,2079.7940371355,1773.26026073767,2350.00822282945,1780.88286218244
849,-922.797934921006,1173.70744197501,2.34741488395001,"gaussian","adaptive_sparse_group_lasso",1,0.0309199888920513,0.5,TRUE,"identity",NA,NA,"independent","gaussian",0.2,1000,50,1e-06,1,"PGD",0.9,TRUE,10,1,TRUE,0.0550922593856224,77,2.17212989665886,475.561722512742,13.4153485087859,200,1999.59586984201,1849.94012963533,2321.15759235475,1859.0112183508,2729.12802957895,1870.51985190466
850,-898.520024188939,1065.0863224139,2.1301726448278,"gaussian","adaptive_sparse_group_lasso",1,0.0537804397577003,0.5,TRUE,"identity",NA,NA,"independent","gaussian",0.2,1000,50,1e-06,1,"PGD",0.9,TRUE,10,1,TRUE,0.0674429790005373,34,0.959122292031186,210.593972453992,5.94074628082426,200,1865.04004837788,1798.95829296194,2007.63402083187,1802.9807946587,2187.7768112945,1808.06252895521
851,-905.385964032818,1094.74297442349,2.18948594884697,"gaussian","adaptive_sparse_group_lasso",1,0.100191821523948,0.5,TRUE,"identity",NA,NA,"independent","gaussian",0.2,1000,50,1e-06,1,"PGD",0.9,TRUE,10,1,TRUE,0.459325217932482,72,2.03108250077192,440.41261774736,12.423810569803,200,1954.77192806564,1814.83409306718,2251.184545813,1823.19573863544,2632.66339620445,1833.95705832217
852,-851.603081994646,882.839449336894,1.76567889867379,"gaussian","adaptive_sparse_group_lasso",1,0.0554651321534924,0.5,TRUE,"identity",NA,NA,"independent","gaussian",0.2,1000,50,1e-06,1,"PGD",0.9,TRUE,10,1,TRUE,0.0951746626351506,51,1.43868343804678,314.931618398368,8.88405693150981,200,1805.20616398929,1706.08353086539,2018.13778238766,1712.0902209208,2288.35196808161,1719.71282236557
853,-911.403397264719,1121.41282595369,2.24282565190738,"gaussian","adaptive_sparse_group_lasso",1,0.041559501011318,0.5,TRUE,"identity",NA,NA,"independent","gaussian",0.2,1000,50,1e-06,1,"PGD",0.9,TRUE,10,1,TRUE,0.0760784527692428,53,1.49510239640155,327.807433577767,9.24727697170494,200,1928.80679452944,1825.79699932224,2150.6142281072,1832.05407150114,2431.42504853425,1839.97559849276
854,-841.682119970095,848.491029042699,1.6969820580854,"gaussian","adaptive_sparse_group_lasso",1,0.0263106949506233,0.5,TRUE,"identity",NA,NA,"independent","gaussian",0.2,1000,50,1e-06,1,"PGD",0.9,TRUE,10,1,TRUE,0.0284969951090681,54,1.52331187557894,333.456133693941,9.40662386001147,200,1791.36423994019,1686.41086369135,2016.82037363413,1692.7708638002,2302.92951142772,1700.84185356525
855,-855.858497048577,897.995466822092,1.79599093364418,"gaussian","adaptive_sparse_group_lasso",1,0.0473232729445888,0.5,TRUE,"identity",NA,NA,"independent","gaussian",0.2,1000,50,1e-06,1,"PGD",0.9,TRUE,10,1,TRUE,0.0877394819749769,51,1.43868343804678,315.935312438161,8.91237061762581,200,1813.71699409715,1714.59436097325,2027.65230653532,1720.62936471478,2297.86649222927,1728.25196615955
856,-874.290065692104,966.702982574459,1.93340596514892,"gaussian","adaptive_sparse_group_lasso",1,0.0562106799434968,0.5,TRUE,"identity",NA,NA,"independent","gaussian",0.2,1000,50,1e-06,1,"PGD",0.9,TRUE,10,1,TRUE,0.115059898129727,44,1.24121708380506,272.84613754893,7.69684743581725,200,1836.58013138421,1751.06256555182,2021.42626893314,1756.27697882003,2254.55223306125,1762.85334085081
857,-918.624829467198,1154.27803533529,2.30855607067058,"gaussian","adaptive_sparse_group_lasso",1,0.110320097204109,0.5,TRUE,"identity",NA,NA,"independent","gaussian",0.2,1000,50,1e-06,1,"PGD",0.9,TRUE,10,1,TRUE,0.476154317824841,49,1.382264479692,301.743946225201,8.51203956794264,200,1935.2496589344,1840.01418789378,2138.9936051596,1845.76169850234,2398.61115612045,1853.08537440025
858,-860.364510797926,914.327731170782,1.82865546234156,"gaussian","adaptive_sparse_group_lasso",1,0.0585276489042986,0.5,TRUE,"identity",NA,NA,"independent","gaussian",0.2,1000,50,1e-06,1,"PGD",0.9,TRUE,10,1,TRUE,0.18342179460619,63,1.77719718817543,392.526694819167,11.0729736240702,200,1846.72902159585,1724.2834159722,2113.25571641502,1731.80199521992,2447.04971050755,1741.21814994581
859,-890.728248988649,1032.40264307435,2.0648052861487,"gaussian","adaptive_sparse_group_lasso",1,0.0839305489500974,0.5,TRUE,"identity",NA,NA,"independent","gaussian",0.2,1000,50,1e-06,1,"PGD",0.9,TRUE,10,1,TRUE,0.223576384421626,45,1.26942656298245,277.728442425892,7.83457471358155,200,1871.4564979773,1783.99535110326,2059.18494040319,1789.29107269088,2297.60922189785,1796.01689749509
860,-895.647624372508,1052.91894040959,2.10583788081917,"gaussian","adaptive_sparse_group_lasso",1,0.01893780500406,0.5,TRUE,"identity",NA,NA,"independent","gaussian",0.2,1000,50,1e-06,1,"PGD",0.9,TRUE,10,1,TRUE,0.0232531658505559,82,2.3131772925458,505.44196553211,14.258254602056,200,1955.29524874502,1795.92160333011,2296.73721427713,1805.55350334707,2731.19923833406,1817.80945076807
861,-902.203710782032,1080.89629113453,2.16179258226906,"gaussian","adaptive_sparse_group_lasso",1,0.137561131723086,0.5,TRUE,"identity",NA,NA,"independent","gaussian",0.2,1000,50,1e-06,1,"PGD",0.9,TRUE,10,1,TRUE,0.148820471149401,14,0.394932708483429,86.8443893454858,2.44983499291444,200,1832.40742156406,1805.19728698103,1891.25181090955,1806.85725655698,1965.42825404122,1808.94973538495
862,-915.032416076464,1137.81006275015,2.27562012550029,"gaussian","adaptive_sparse_group_lasso",1,0.0898840168177903,0.5,TRUE,"identity",NA,NA,"independent","gaussian",0.2,1000,50,1e-06,1,"PGD",0.9,TRUE,10,1,TRUE,0.350893069914587,62,1.74898770899804,382.111007673898,10.7791525144275,200,1954.06483215293,1833.56280757092,2212.17583982682,1840.84398466735,2540.6715165528,1850.11067661982
863,-877.157404532718,977.854269405153,1.95570853881031,"gaussian","adaptive_sparse_group_lasso",1,0.144714842279096,0.5,TRUE,"identity",NA,NA,"independent","gaussian",0.2,1000,50,1e-06,1,"PGD",0.9,TRUE,10,1,TRUE,0.244922703750461,30,0.846284375321634,182.115107989309,5.13737234671215,200,1814.31480906544,1756.00737781608,1936.42991705474,1759.45218141215,2095.37943805119,1763.93606461495
864,-852.45483282764,885.852415961589,1.77170483192318,"gaussian","adaptive_sparse_group_lasso",1,0.0721904076842783,0.5,TRUE,"identity",NA,NA,"independent","gaussian",0.2,1000,50,1e-06,1,"PGD",0.9,TRUE,10,1,TRUE,0.257298215501362,50,1.41047395886939,306.607416863918,8.64923554165535,200,1804.90966565528,1707.73061357302,2011.5170825192,1713.55890119693,2276.4329508466,1721.03203986828
865,-854.293915184487,892.393066250648,1.7847861325013,"gaussian","adaptive_sparse_group_lasso",1,0.115267235212507,0.5,TRUE,"identity",NA,NA,"independent","gaussian",0.2,1000,50,1e-06,1,"PGD",0.9,TRUE,10,1,TRUE,0.458507457214771,39,1.10016968791812,240.120313993846,6.77366899767723,200,1786.58783036897,1710.78816974481,1948.70814436282,1715.36149936665,2155.34252165819,1721.1905475303
866,-872.582634947956,960.123163749082,1.92024632749816,"gaussian","adaptive_sparse_group_lasso",1,0.0878503128163953,0.5,TRUE,"identity",NA,NA,"independent","gaussian",0.2,1000,50,1e-06,1,"PGD",0.9,TRUE,10,1,TRUE,0.255472894745627,57,1.60794031311111,352.146967347543,9.93388254277077,200,1859.16526989591,1748.38115052213,2097.31223724345,1755.09915243868,2399.31632713669,1763.61853052401
867,-878.419084260591,982.801698681032,1.96560339736206,"gaussian","adaptive_sparse_group_lasso",1,0.0546736499772824,0.5,TRUE,"identity",NA,NA,"independent","gaussian",0.2,1000,50,1e-06,1,"PGD",0.9,TRUE,10,1,TRUE,0.129687013913261,59,1.66435927146588,364.961171161363,10.2953645584315,200,1874.83816852118,1760.16688706411,2121.79933968254,1767.13353307961,2434.40006430888,1775.9518367118
868,-860.807760117304,915.950269702061,1.83190053940412,"gaussian","adaptive_sparse_group_lasso",1,0.231715463885701,0.5,TRUE,"identity",NA,NA,"independent","gaussian",0.2,1000,50,1e-06,1,"PGD",0.9,TRUE,10,1,TRUE,0.126548966662161,7,0.197466354241715,42.5746448453147,1.20100855724859,200,1735.61552023461,1722.01045294309,1764.19016507992,1722.81652879186,1801.27838664576,1723.86276820584
869,-896.682391322701,1057.28607499095,2.1145721499819,"gaussian","adaptive_sparse_group_lasso",1,0.23678419086344,0.5,TRUE,"identity",NA,NA,"independent","gaussian",0.2,1000,50,1e-06,1,"PGD",0.9,TRUE,10,1,TRUE,0.259045302164022,7,0.197466354241715,43.758308312663,1.23439908718378,200,1807.3647826454,1793.75971535388,1837.12309095806,1794.59918173259,1874.2113125239,1795.64542114657
870,-858.398726449478,907.16643860918,1.81433287721836,"gaussian","adaptive_sparse_group_lasso",1,0.0923210004958078,0.5,TRUE,"identity",NA,NA,"independent","gaussian",0.2,1000,50,1e-06,1,"PGD",0.9,TRUE,10,1,TRUE,0.194387460805274,31,0.874493854499022,191.119816081538,5.39139047213833,200,1778.79745289896,1718.54644060795,1907.91726898049,1722.18884337109,2072.16510734348,1726.82218934733
871,-861.654221110507,919.056790531795,1.83811358106359,"gaussian","adaptive_sparse_group_lasso",1,0.0134849462732684,0.5,TRUE,"identity",NA,NA,"independent","gaussian",0.2,1000,50,1e-06,1,"PGD",0.9,TRUE,10,1,TRUE,0.018037742896679,105,2.96199531362572,649.508759543873,18.3223038278839,200,1933.30844222101,1729.23243284827,2372.81720176489,1741.6307460489,2929.14052525243,1757.32433725871
872,-880.92430617993,992.699754939022,1.98539950987804,"gaussian","adaptive_sparse_group_lasso",1,0.0790674934304128,0.5,TRUE,"identity",NA,NA,"independent","gaussian",0.2,1000,50,1e-06,1,"PGD",0.9,TRUE,10,1,TRUE,0.212779394402314,50,1.41047395886939,307.93165720128,8.68659167187802,200,1861.84861235986,1764.6695602776,2069.78026956114,1770.53520403174,2334.69613788854,1778.00834270308
873,-863.802554730704,926.988584408101,1.8539771688162,"gaussian","adaptive_sparse_group_lasso",1,0.105944953227381,0.5,TRUE,"identity",NA,NA,"independent","gaussian",0.2,1000,50,1e-06,1,"PGD",0.9,TRUE,10,1,TRUE,0.419085061502631,68,1.91824458406237,419.55265623812,11.835361919967,200,1863.60510946141,1731.44159862953,2147.15776569953,1739.44047138137,2507.44334662479,1749.6039399744
874,-873.051063271671,961.923845739777,1.92384769147955,"gaussian","adaptive_sparse_group_lasso",1,0.107000068789703,0.5,TRUE,"identity",NA,NA,"independent","gaussian",0.2,1000,50,1e-06,1,"PGD",0.9,TRUE,10,1,TRUE,0.316252186903919,37,1.04375072956335,230.128741928876,6.49181195356109,200,1820.10212654334,1748.18962800247,1976.23086847222,1752.5939384969,2172.2686110345,1758.1240611137
875,-832.386838689808,817.522468479308,1.63504493695862,"gaussian","adaptive_sparse_group_lasso",1,0.0847479313224986,0.5,TRUE,"identity",NA,NA,"independent","gaussian",0.2,1000,50,1e-06,1,"PGD",0.9,TRUE,10,1,TRUE,0.36757104146328,84,2.36959625090058,518.176549637528,14.6174905872105,200,1832.77367737962,1669.51286988142,2182.95022701714,1679.39116796683,2628.00888580718,1691.94604093468
876,-855.542520653054,896.861202291512,1.79372240458302,"gaussian","adaptive_sparse_group_lasso",1,0.0935005898091091,0.5,TRUE,"identity",NA,NA,"independent","gaussian",0.2,1000,50,1e-06,1,"PGD",0.9,TRUE,10,1,TRUE,0.371665466746582,44,1.24121708380506,270.019777383877,7.61711728759338,200,1799.08504130611,1713.56747547372,1981.10481868999,1718.7021585937,2214.2307828181,1725.27852062448
877,-837.218666035053,833.476657294371,1.66695331458874,"gaussian","adaptive_sparse_group_lasso",1,0.0608407988891017,0.5,TRUE,"identity",NA,NA,"independent","gaussian",0.2,1000,50,1e-06,1,"PGD",0.9,TRUE,10,1,TRUE,0.125092059318618,52,1.46689291722417,322.242315928524,9.09028790125893,200,1778.43733207011,1677.37111790455,1996.67964799863,1683.52761997136,2272.19215105913,1691.29968418956
878,-833.623135143502,821.575281691651,1.6431505633833,"gaussian","adaptive_sparse_group_lasso",1,0.122958457425201,0.5,TRUE,"identity",NA,NA,"independent","gaussian",0.2,1000,50,1e-06,1,"PGD",0.9,TRUE,10,1,TRUE,0.589922334694867,72,2.03108250077192,444.923806330151,12.5510688501945,200,1811.246270287,1671.30843528855,2112.17007661716,1679.7973391372,2493.64892700861,1690.55865882393
879,-852.898203013602,887.424852093648,1.7748497041873,"gaussian","adaptive_sparse_group_lasso",1,0.0561470940142785,0.5,TRUE,"identity",NA,NA,"independent","gaussian",0.2,1000,50,1e-06,1,"PGD",0.9,TRUE,10,1,TRUE,0.131570307709963,51,1.43868343804678,312.693976087904,8.82093420734633,200,1807.7964060272,1708.6737729033,2018.49038211511,1714.61734023455,2288.70456780906,1722.23994167932
880,-807.300365154605,739.469097295972,1.47893819459194,"gaussian","adaptive_sparse_group_lasso",1,0.0300640271538933,0.5,TRUE,"identity",NA,NA,"independent","gaussian",0.2,1000,50,1e-06,1,"PGD",0.9,TRUE,10,1,TRUE,0.034564083067864,48,1.35405500051462,298.730696974395,8.42703737594573,200,1710.60073030921,1617.30884031024,1913.3314272836,1623.02776768515,2167.65066087791,1630.20198080964
881,-874.863240935487,968.921886112904,1.93784377222581,"gaussian","adaptive_sparse_group_lasso",1,0.0920571099846617,0.5,TRUE,"identity",NA,NA,"independent","gaussian",0.2,1000,50,1e-06,1,"PGD",0.9,TRUE,10,1,TRUE,0.288747845861845,53,1.49510239640155,328.21397035738,9.25874516252429,200,1855.72648187097,1752.71668666378,2077.94045222835,1758.9852270335,2358.7512726554,1766.90675402512
882,-884.852711465885,1008.42186493319,2.01684372986638,"gaussian","adaptive_sparse_group_lasso",1,0.088241304783555,0.5,TRUE,"identity",NA,NA,"independent","gaussian",0.2,1000,50,1e-06,1,"PGD",0.9,TRUE,10,1,TRUE,0.179072576286408,40,1.12837916709551,247.846978629188,6.99163418281855,200,1849.70542293177,1771.96218126596,2017.55240156096,1776.69705711459,2229.48509622288,1782.67556805166
883,-870.276022745718,951.305377507959,1.90261075501592,"gaussian","adaptive_sparse_group_lasso",1,0.0652363216363124,0.5,TRUE,"identity",NA,NA,"independent","gaussian",0.2,1000,50,1e-06,1,"PGD",0.9,TRUE,10,1,TRUE,0.1773969517996,67,1.89003510488498,415.488340554341,11.7207096913151,200,1874.55204549144,1744.33211570121,2156.04038604578,1752.27275518275,2511.0276496045,1762.28676100235
884,-850.273759154219,878.157593186859,1.75631518637372,"gaussian","adaptive_sparse_group_lasso",1,0.0588402844400772,0.5,TRUE,"identity",NA,NA,"independent","gaussian",0.2,1000,50,1e-06,1,"PGD",0.9,TRUE,10,1,TRUE,0.241801102839811,108,3.04662375115789,668.804936020796,18.8666389164128,200,1916.54751830844,1706.64076581075,2369.35245432923,1719.41415722485,2941.57072991642,1735.55613675495
885,-927.580071053452,1196.37486326701,2.39274972653401,"gaussian","adaptive_sparse_group_lasso",1,0.10877688476678,0.5,TRUE,"identity",NA,NA,"independent","gaussian",0.2,1000,50,1e-06,1,"PGD",0.9,TRUE,10,1,TRUE,0.375899679808843,59,1.66435927146588,365.313957692385,10.3053164827325,200,1973.1601421069,1858.48886064983,2220.47409979929,1865.46545858964,2533.07482442562,1874.28376222182
886,-858.011457139746,905.762255601975,1.81152451120395,"gaussian","adaptive_sparse_group_lasso",1,0.0832323333111815,0.5,TRUE,"identity",NA,NA,"independent","gaussian",0.2,1000,50,1e-06,1,"PGD",0.9,TRUE,10,1,TRUE,0.162154204199789,32,0.90270333367641,196.712306875183,5.54915172473139,200,1780.02291427949,1717.82832094685,1912.73522115468,1721.57206600422,2082.28137688421,1726.35487475388
887,-866.308218648328,936.326187423801,1.8726523748476,"gaussian","adaptive_sparse_group_lasso",1,0.0364987360348921,0.5,TRUE,"identity",NA,NA,"independent","gaussian",0.2,1000,50,1e-06,1,"PGD",0.9,TRUE,10,1,TRUE,0.0384370335706716,39,1.10016968791812,241.505852685511,6.81275432254922,200,1810.61643729666,1734.81677667249,1974.12228998217,1739.42919161921,2180.75666727754,1745.25823978285
888,-872.09475977766,958.251309797196,1.91650261959439,"gaussian","adaptive_sparse_group_lasso",1,0.117327934574669,0.5,TRUE,"identity",NA,NA,"independent","gaussian",0.2,1000,50,1e-06,1,"PGD",0.9,TRUE,10,1,TRUE,0.598357830324639,57,1.60794031311111,349.768520921692,9.86678780784621,200,1858.18951955532,1747.40540018154,2093.95804047701,1754.05630736317,2395.96213037025,1762.5756854485
889,-893.856927848104,1045.40405315584,2.09080810631167,"gaussian","adaptive_sparse_group_lasso",1,0.133782565842334,0.5,TRUE,"identity",NA,NA,"independent","gaussian",0.2,1000,50,1e-06,1,"PGD",0.9,TRUE,10,1,TRUE,0.177780481470857,27,0.761655937789471,167.13693897855,4.71484599988774,200,1841.71385569621,1789.23716757179,1954.85079467476,1792.42870169609,2097.90536357155,1796.46419657862
890,-866.298643015047,936.290324445819,1.87258064889164,"gaussian","adaptive_sparse_group_lasso",1,0.0885545794632047,0.5,TRUE,"identity",NA,NA,"independent","gaussian",0.2,1000,50,1e-06,1,"PGD",0.9,TRUE,10,1,TRUE,0.342819291243427,60,1.69256875064327,370.466248185956,10.4506599141267,200,1852.59728603009,1735.98242353138,2103.06353421605,1743.04794594422,2420.96257620893,1752.01571234983
891,-898.121912780673,1063.39158010158,2.12678316020315,"gaussian","adaptive_sparse_group_lasso",1,0.0759656729010244,0.5,TRUE,"identity",NA,NA,"independent","gaussian",0.2,1000,50,1e-06,1,"PGD",0.9,TRUE,10,1,TRUE,0.167608319504278,48,1.35405500051462,296.891603562087,8.37515750862598,200,1892.24382556135,1798.95193556238,2093.13542912343,1804.61898306997,2347.45466271774,1811.79319619446
892,-894.09557582174,1046.40246385307,2.09280492770613,"gaussian","adaptive_sparse_group_lasso",1,0.176747410483929,0.5,TRUE,"identity",NA,NA,"independent","gaussian",0.2,1000,50,1e-06,1,"PGD",0.9,TRUE,10,1,TRUE,1.00788158906607,40,1.12837916709551,246.544903289163,6.95490331562674,200,1868.19115164348,1790.44790997767,2034.73605493264,1795.14605495911,2246.66874959456,1801.12456589618
893,-856.717957359656,901.087945354496,1.80217589070899,"gaussian","adaptive_sparse_group_lasso",1,0.0441620346798187,0.5,TRUE,"identity",NA,NA,"independent","gaussian",0.2,1000,50,1e-06,1,"PGD",0.9,TRUE,10,1,TRUE,0.075470221805253,44,1.24121708380506,272.285605969548,7.68103513190039,200,1801.43591471931,1715.91834888692,1985.72152068886,1721.11694985121,2218.84748481697,1727.69331188199
894,-862.182220131997,920.999886058978,1.84199977211796,"gaussian","adaptive_sparse_group_lasso",1,0.117109266607792,0.5,TRUE,"identity",NA,NA,"independent","gaussian",0.2,1000,50,1e-06,1,"PGD",0.9,TRUE,10,1,TRUE,0.629838705997643,81,2.28496781336841,500.847643026146,14.1286511569898,200,1886.36444026399,1728.93437589073,2225.21208329014,1738.49309142098,2654.37578998053,1750.59957606856
895,-901.997577808907,1080.00542499425,2.1600108499885,"gaussian","adaptive_sparse_group_lasso",1,0.048147278876431,0.5,TRUE,"identity",NA,NA,"independent","gaussian",0.2,1000,50,1e-06,1,"PGD",0.9,TRUE,10,1,TRUE,0.0218340090706083,15,0.423142187660817,91.8940435944675,2.5922831093041,200,1833.99515561781,1804.84143999314,1895.88919921228,1806.58743872712,1975.3639597105,1808.82938032852
896,-881.530279287021,995.108870898107,1.99021774179621,"gaussian","adaptive_sparse_group_lasso",1,0.0725144792604119,0.5,TRUE,"identity",NA,NA,"independent","gaussian",0.2,1000,50,1e-06,1,"PGD",0.9,TRUE,10,1,TRUE,0.135042513792303,33,0.930912812853798,203.381311972863,5.7372808851683,200,1829.06055857404,1764.92238419975,1966.4418705469,1768.79783945921,2141.28634364299,1773.73011098229
897,-884.427971340197,1006.7100505788,2.01342010115761,"gaussian","adaptive_sparse_group_lasso",1,0.173717725789878,0.5,TRUE,"identity",NA,NA,"independent","gaussian",0.2,1000,50,1e-06,1,"PGD",0.9,TRUE,10,1,TRUE,0.292722126908916,18,0.507770625192981,111.89328507142,3.15645129531173,200,1804.85594268039,1769.87148393078,1880.74922775181,1772.01239397571,1976.11894034968,1774.70272389739
898,-859.409363885442,910.841126613366,1.82168225322673,"gaussian","adaptive_sparse_group_lasso",1,0.0325741755770956,0.5,TRUE,"identity",NA,NA,"independent","gaussian",0.2,1000,50,1e-06,1,"PGD",0.9,TRUE,10,1,TRUE,0.0677835038420719,91,2.56706260514229,562.139353494138,15.8576583871832,200,1900.81872777088,1723.95285298117,2280.95808126502,1734.67638615807,2763.10496162089,1748.27749853991
899,-882.86626831609,1000.44092347326,2.00088184694652,"gaussian","adaptive_sparse_group_lasso",1,0.0261313624033807,0.5,TRUE,"identity",NA,NA,"independent","gaussian",0.2,1000,50,1e-06,1,"PGD",0.9,TRUE,10,1,TRUE,0.0459426286308709,77,2.17212989665886,474.883524647655,13.3962169002326,200,1919.73253663218,1770.0767964255,2240.61606127984,1779.12875353241,2648.58649850403,1790.63738708628
900,-861.115957425697,917.080139635688,1.83416027927138,"gaussian","adaptive_sparse_group_lasso",1,0.138244832371463,0.5,TRUE,"identity",NA,NA,"independent","gaussian",0.2,1000,50,1e-06,1,"PGD",0.9,TRUE,10,1,TRUE,0.304785542983862,24,0.677027500257308,148.739977445298,4.19587729658826,200,1770.23191485139,1723.58596985191,1870.97189229669,1726.42779214798,1998.13150909385,1730.01489871023
901,-1785.56241773459,2081.83094610499,2.08183094610499,"gaussian","adaptive_sparse_group_lasso",1,0.042889594660312,0.5,TRUE,"identity",NA,NA,"independent","gaussian",0.2,1000,50,1e-06,1,"PGD",0.9,TRUE,10,1,TRUE,0.0623154786353894,50,1.41047395886939,343.825218579856,9.69913034418927,200,3671.12483546918,3573.94578338692,3914.95005404904,3580.82396581337,4179.86592237644,3588.29710448471
902,-1850.41449747773,2370.14688150715,2.37014688150715,"gaussian","adaptive_sparse_group_lasso",1,0.00682536662979237,0.5,TRUE,"identity",NA,NA,"independent","gaussian",0.2,1000,50,1e-06,1,"PGD",0.9,TRUE,10,1,TRUE,0.00377971080794199,121,3.41334698046393,831.956716332399,23.4690656658668,200,3942.82899495547,3707.65568891639,4532.78571128787,3724.29806062133,5173.88211264018,3742.38305620598
903,-1701.07662099915,1758.17471226204,1.75817471226204,"gaussian","adaptive_sparse_group_lasso",1,0.0434002591272064,0.5,TRUE,"identity",NA,NA,"independent","gaussian",0.2,1000,50,1e-06,1,"PGD",0.9,TRUE,10,1,TRUE,0.0376015643495847,37,1.04375072956335,256.489170079922,7.23542590259503,200,3476.1532419983,3404.24074345742,3658.64241207822,3409.38866790089,3854.6801546405,3414.91879051768
904,-1754.34704436532,1955.83462857725,1.95583462857725,"gaussian","adaptive_sparse_group_lasso",1,0.0278785517020299,0.5,TRUE,"identity",NA,NA,"independent","gaussian",0.2,1000,50,1e-06,1,"PGD",0.9,TRUE,10,1,TRUE,0.0229980750609937,47,1.32584552133723,324.056251081104,9.14145806717477,200,3602.69408873063,3511.3457797733,3832.75033981174,3517.83554679781,4081.77125603949,3524.86029714887
905,-1715.68964925289,1810.31747798175,1.81031747798175,"gaussian","adaptive_sparse_group_lasso",1,0.0251771336480533,0.5,TRUE,"identity",NA,NA,"independent","gaussian",0.2,1000,50,1e-06,1,"PGD",0.9,TRUE,10,1,TRUE,0.0256960537666875,47,1.32584552133723,325.146650955605,9.17221767972954,200,3525.37929850578,3434.03098954845,3756.52594946138,3440.55151618551,4005.54686568914,3447.57626653657
906,-1691.51015054706,1724.85542380646,1.72485542380646,"gaussian","adaptive_sparse_group_lasso",1,0.0416495365583611,0.5,TRUE,"identity",NA,NA,"independent","gaussian",0.2,1000,50,1e-06,1,"PGD",0.9,TRUE,10,1,TRUE,0.0721672508351817,63,1.77719718817543,432.731629183154,12.2071338828393,200,3509.02030109411,3386.57469547046,3815.75193027726,3395.22743497695,4149.54592436979,3404.64358970284
907,-1742.85184047588,1911.38214128541,1.91138214128541,"gaussian","adaptive_sparse_group_lasso",1,0.0359151693935982,0.5,TRUE,"identity",NA,NA,"independent","gaussian",0.2,1000,50,1e-06,1,"PGD",0.9,TRUE,10,1,TRUE,0.058230029189294,52,1.46689291722417,358.91900244991,10.1249181259795,200,3589.70368095175,3488.6374667862,3844.62268340166,3495.82859907773,4120.13518646216,3503.60066329593
908,-1700.71092811522,1756.88927843138,1.75688927843138,"gaussian","adaptive_sparse_group_lasso",1,0.0435334805873502,0.5,TRUE,"identity",NA,NA,"independent","gaussian",0.2,1000,50,1e-06,1,"PGD",0.9,TRUE,10,1,TRUE,0.0773249815476546,51,1.43868343804678,350.00109710671,9.87334866089462,200,3503.42185623044,3404.29922310653,3751.42295333715,3411.29520489133,4021.6371390311,3418.9178063361
909,-1706.3690211466,1776.8834800864,1.7768834800864,"gaussian","adaptive_sparse_group_lasso",1,0.0227158470265432,0.5,TRUE,"identity",NA,NA,"independent","gaussian",0.2,1000,50,1e-06,1,"PGD",0.9,TRUE,10,1,TRUE,0.0237716847697526,65,1.83361614653021,448.386325990272,12.648744726448,200,3542.73804229321,3416.40527458627,3861.12436828348,3425.38678701966,4205.5149971091,3435.1018672924
910,-1738.67526936231,1895.48259245432,1.89548259245432,"gaussian","adaptive_sparse_group_lasso",1,0.116210332028558,0.5,TRUE,"identity",NA,NA,"independent","gaussian",0.2,1000,50,1e-06,1,"PGD",0.9,TRUE,10,1,TRUE,0.250080337185419,31,0.874493854499022,213.476322683398,6.02205587960263,200,3539.35053872461,3479.09952643361,3690.82686140801,3483.37259460421,3855.074699771,3488.00594058044
911,-1756.49497009742,1964.25467631852,1.96425467631852,"gaussian","adaptive_sparse_group_lasso",1,0.0366315750167775,0.5,TRUE,"identity",NA,NA,"independent","gaussian",0.2,1000,50,1e-06,1,"PGD",0.9,TRUE,10,1,TRUE,0.0657884642398273,78,2.20033937583625,537.829068795181,15.1718779171715,200,3668.98994019484,3517.39061894651,4050.81900899002,3528.16181811201,4464.08776358077,3539.8199144393
912,-1720.09006805047,1826.32010306358,1.82632010306358,"gaussian","adaptive_sparse_group_lasso",1,0.0410442207994017,0.5,TRUE,"identity",NA,NA,"independent","gaussian",0.2,1000,50,1e-06,1,"PGD",0.9,TRUE,10,1,TRUE,0.0840442001702851,69,1.94645406323976,474.686410498646,13.3906564127505,200,3578.18013610094,3444.07304422742,3914.86654659959,3453.57079251369,4280.4504448914,3463.88372388014
913,-1739.83507055647,1899.88446172234,1.89988446172234,"gaussian","adaptive_sparse_group_lasso",1,0.00783122962965945,0.5,TRUE,"identity",NA,NA,"independent","gaussian",0.2,1000,50,1e-06,1,"PGD",0.9,TRUE,10,1,TRUE,0.00387858308605383,84,2.36959625090058,577.370914704311,16.2873327959806,200,3647.67014111294,3484.40933361474,4057.04105581725,3495.95747390892,4502.09971460729,3508.51234687677
914,-1700.77066625911,1757.09919758035,1.75709919758035,"gaussian","adaptive_sparse_group_lasso",1,0.0476661527653782,0.5,TRUE,"identity",NA,NA,"independent","gaussian",0.2,1000,50,1e-06,1,"PGD",0.9,TRUE,10,1,TRUE,0.0689626404559105,43,1.21300760462768,296.320795170769,8.3590553011968,200,3487.54133251823,3403.96734772748,3697.86212768899,3409.90038781942,3925.68977445056,3416.32728707678
915,-1743.38707092582,1913.42929663681,1.91342929663681,"gaussian","adaptive_sparse_group_lasso",1,0.0585387658394587,0.5,TRUE,"identity",NA,NA,"independent","gaussian",0.2,1000,50,1e-06,1,"PGD",0.9,TRUE,10,1,TRUE,0.111540629435524,45,1.26942656298245,310.446323114761,8.75752908760246,200,3576.77414185165,3489.31299497761,3797.22046496641,3495.53167093925,4035.64474646107,3502.25749574346
916,-1735.36599877806,1882.97868733195,1.88297868733195,"gaussian","adaptive_sparse_group_lasso",1,0.0457038875926649,0.5,TRUE,"identity",NA,NA,"independent","gaussian",0.2,1000,50,1e-06,1,"PGD",0.9,TRUE,10,1,TRUE,0.0807041963194944,51,1.43868343804678,351.218524675346,9.90769165854203,200,3572.73199755613,3473.60936443222,3821.95052223147,3480.63968921467,4092.16470792542,3488.26229065944
917,-1753.45719685846,1952.35693497602,1.95235693497602,"gaussian","adaptive_sparse_group_lasso",1,0.0236808180925229,0.5,TRUE,"identity",NA,NA,"independent","gaussian",0.2,1000,50,1e-06,1,"PGD",0.9,TRUE,10,1,TRUE,0.0259920564015494,59,1.66435927146588,406.77875291027,11.475016760026,200,3624.91439371692,3510.24311225985,3913.69314662719,3518.38941047694,4226.29387125352,3527.20771410913
918,-1755.79336997371,1961.50036654673,1.96150036654673,"gaussian","adaptive_sparse_group_lasso",1,0.0408451833626653,0.5,TRUE,"identity",NA,NA,"independent","gaussian",0.2,1000,50,1e-06,1,"PGD",0.9,TRUE,10,1,TRUE,0.0486949966650038,51,1.43868343804678,350.605799281304,9.89040699429737,200,3613.58673994742,3514.46410682352,3862.19253922873,3521.47714694172,4132.40672492268,3529.09974838649
919,-1736.25580094676,1886.3326278295,1.8863326278295,"gaussian","adaptive_sparse_group_lasso",1,0.0354632942640522,0.5,TRUE,"identity",NA,NA,"independent","gaussian",0.2,1000,50,1e-06,1,"PGD",0.9,TRUE,10,1,TRUE,0.0563537547693253,62,1.74898770899804,428.172796630076,12.07853159086,200,3596.51160189351,3476.00957731151,3900.68439852359,3484.59013348437,4229.18007524957,3493.85682543684
920,-1761.88880721151,1985.55912197105,1.98555912197105,"gaussian","adaptive_sparse_group_lasso",1,0.0371184647830632,0.5,TRUE,"identity",NA,NA,"independent","gaussian",0.2,1000,50,1e-06,1,"PGD",0.9,TRUE,10,1,TRUE,0.0613662779760778,70,1.97466354241715,481.599950337541,13.5856837708779,200,3663.77761442301,3527.72694150785,4005.37756476055,3537.36329819389,4376.25978041891,3547.82569233377
921,-1839.70878678964,2319.93810668638,2.31993810668638,"gaussian","adaptive_sparse_group_lasso",1,0.0672139733220519,0.5,TRUE,"identity",NA,NA,"independent","gaussian",0.2,1000,50,1e-06,1,"PGD",0.9,TRUE,10,1,TRUE,0.181948514066888,61,1.72077822982066,418.700456555788,11.8113218107733,200,3801.41757357927,3682.85913003892,4098.11803013506,3691.22889539005,4421.31538949449,3700.34612456908
922,-1772.23628303386,2027.07830895873,2.02707830895873,"gaussian","adaptive_sparse_group_lasso",1,0.0392018266957711,0.5,TRUE,"identity",NA,NA,"independent","gaussian",0.2,1000,50,1e-06,1,"PGD",0.9,TRUE,10,1,TRUE,0.0384614391210335,36,1.01554125038596,247.525776092744,6.98257322655502,200,3616.47256606772,3546.50364856849,3791.99834216047,3551.45513929428,3982.73776735619,3556.83579913764
923,-1787.26732619123,2088.94172481269,2.08894172481269,"gaussian","adaptive_sparse_group_lasso",1,0.0345122756078703,0.5,TRUE,"identity",NA,NA,"independent","gaussian",0.2,1000,50,1e-06,1,"PGD",0.9,TRUE,10,1,TRUE,0.0557176490828603,57,1.60794031311111,390.897746742327,11.0270218472155,200,3688.53465238246,3577.75053300868,3965.43239912478,3585.56167422967,4267.43648901802,3594.081052315
924,-1744.20446442045,1916.55990419685,1.91655990419685,"gaussian","adaptive_sparse_group_lasso",1,0.0228589406530109,0.5,TRUE,"identity",NA,NA,"independent","gaussian",0.2,1000,50,1e-06,1,"PGD",0.9,TRUE,10,1,TRUE,0.0294314837300687,85,2.39780573007796,584.858557730479,16.498555306015,200,3658.4089288409,3493.20454030106,4073.26748657138,3504.90748414692,4523.62446272797,3517.6118198882
925,-1718.85175332618,1821.80258133656,1.82180258133656,"gaussian","adaptive_sparse_group_lasso",1,0.0453743538142429,0.5,TRUE,"identity",NA,NA,"independent","gaussian",0.2,1000,50,1e-06,1,"PGD",0.9,TRUE,10,1,TRUE,0.0814173665911956,54,1.52331187557894,372.23350578939,10.5005133306919,200,3545.70350665236,3440.75013040352,3809.93701244175,3448.20401998305,4096.04615023534,3456.2750097481
926,-1784.85411467576,2078.88389954574,2.07888389954574,"gaussian","adaptive_sparse_group_lasso",1,0.0179923491481903,0.5,TRUE,"identity",NA,NA,"independent","gaussian",0.2,1000,50,1e-06,1,"PGD",0.9,TRUE,10,1,TRUE,0.0153089196284943,71,2.00287302159453,491.057695323219,13.8524818311164,200,3711.70822935152,3573.71397539471,4060.76592467474,3583.56071118264,4436.94645769965,3594.17256809594
927,-1797.53321274494,2132.27473182001,2.13227473182001,"gaussian","adaptive_sparse_group_lasso",1,0.0155625290222597,0.5,TRUE,"identity",NA,NA,"independent","gaussian",0.2,1000,50,1e-06,1,"PGD",0.9,TRUE,10,1,TRUE,0.0244168436152167,168,4.73919250180116,1154.97064406605,32.5811203342754,200,3931.06642548987,3604.54481049347,4750.03706955592,3627.64754582415,5640.15438713599,3652.75729175986
928,-1748.52958588224,1933.21052507768,1.93321052507768,"gaussian","adaptive_sparse_group_lasso",1,0.0747347939775715,0.5,TRUE,"identity",NA,NA,"independent","gaussian",0.2,1000,50,1e-06,1,"PGD",0.9,TRUE,10,1,TRUE,0.185615765790663,47,1.32584552133723,322.815234512254,9.10644963611701,200,3591.05917176449,3499.71086280716,3819.87440627674,3506.16562140061,4068.8953225045,3513.19037175167
929,-1744.26112969681,1916.77712129853,1.91677712129853,"gaussian","adaptive_sparse_group_lasso",1,0.0698430327685242,0.5,TRUE,"identity",NA,NA,"independent","gaussian",0.2,1000,50,1e-06,1,"PGD",0.9,TRUE,10,1,TRUE,0.157128850321028,56,1.57973083393372,385.592442411147,10.8773619751554,200,3600.52225939361,3491.68172106148,3874.11470180476,3499.39962136877,4170.82047433145,3507.76953668067
930,-1709.2970330356,1787.31947890166,1.78731947890166,"gaussian","adaptive_sparse_group_lasso",1,0.0635915964940232,0.5,TRUE,"identity",NA,NA,"independent","gaussian",0.2,1000,50,1e-06,1,"PGD",0.9,TRUE,10,1,TRUE,0.159762682157103,54,1.52331187557894,372.501632017728,10.5080770319471,200,3526.59406607121,3421.64068982237,3791.09569808894,3429.10214310316,4077.20483588253,3437.1731328682
931,-1752.25761616509,1947.67852997287,1.94767852997287,"gaussian","adaptive_sparse_group_lasso",1,0.0127865020272235,0.5,TRUE,"identity",NA,NA,"independent","gaussian",0.2,1000,50,1e-06,1,"PGD",0.9,TRUE,10,1,TRUE,0.00670198190194458,52,1.46689291722417,357.344163380034,10.0804927360301,200,3608.51523233018,3507.44901816462,3861.85939571021,3514.59572506621,4137.37189877071,3522.3677892844
932,-1809.62544494583,2184.47128291115,2.18447128291115,"gaussian","adaptive_sparse_group_lasso",1,0.108674004286233,0.5,TRUE,"identity",NA,NA,"independent","gaussian",0.2,1000,50,1e-06,1,"PGD",0.9,TRUE,10,1,TRUE,0.462100034170825,49,1.382264479692,335.761013362985,9.47164331504175,200,3717.25088989166,3622.01541885105,3955.01190325465,3628.7225332067,4214.6294542155,3636.04620910462
933,-1731.95506659201,1870.17697752238,1.87017697752238,"gaussian","adaptive_sparse_group_lasso",1,0.0305082884730903,0.5,TRUE,"identity",NA,NA,"independent","gaussian",0.2,1000,50,1e-06,1,"PGD",0.9,TRUE,10,1,TRUE,0.0392750545648896,68,1.91824458406237,469.701362936857,13.250030817358,200,3599.91013318402,3467.74662235214,3933.61149612088,3477.16016400138,4293.89707704614,3487.3236325944
934,-1762.53797177118,1988.13870540909,1.98813870540909,"gaussian","adaptive_sparse_group_lasso",1,0.0440301600520211,0.5,TRUE,"identity",NA,NA,"independent","gaussian",0.2,1000,50,1e-06,1,"PGD",0.9,TRUE,10,1,TRUE,0.060234463185831,42,1.18479812545029,287.524098434121,8.11090506777454,200,3609.07594354236,3527.44553979326,3812.60004197648,3533.18684861014,4035.1293713715,3539.46428509406
935,-1773.31658588587,2031.46276074568,2.03146276074568,"gaussian","adaptive_sparse_group_lasso",1,0.0557911538650672,0.5,TRUE,"identity",NA,NA,"independent","gaussian",0.2,1000,50,1e-06,1,"PGD",0.9,TRUE,10,1,TRUE,0.159163510912109,84,2.36959625090058,574.911210483515,16.2179458209815,200,3714.63317177173,3551.37236427353,4121.54438225525,3562.85111759271,4566.60304104528,3575.40599056057
936,-1768.67234305404,2012.68091052449,2.01268091052449,"gaussian","adaptive_sparse_group_lasso",1,0.0153851508891113,0.5,TRUE,"identity",NA,NA,"independent","gaussian",0.2,1000,50,1e-06,1,"PGD",0.9,TRUE,10,1,TRUE,0.0144322460866302,102,2.87736687609356,702.824611898732,19.8263162547129,200,3741.34468610807,3543.09941986026,4240.1692980068,3557.17100236278,4780.5976693947,3572.41620525232
937,-1755.97278707626,1962.20434627001,1.96220434627001,"gaussian","adaptive_sparse_group_lasso",1,0.0504763594104906,0.5,TRUE,"identity",NA,NA,"independent","gaussian",0.2,1000,50,1e-06,1,"PGD",0.9,TRUE,10,1,TRUE,0.09409471120553,57,1.60794031311111,392.384546154204,11.0689636842658,200,3625.94557415252,3515.16145477874,3904.33012030672,3523.01453783679,4206.33421019996,3531.53391592211
938,-1756.4970035949,1964.26266494865,1.96426266494865,"gaussian","adaptive_sparse_group_lasso",1,0.00933652681703845,0.5,TRUE,"identity",NA,NA,"independent","gaussian",0.2,1000,50,1e-06,1,"PGD",0.9,TRUE,10,1,TRUE,0.00654802028756143,113,3.18767114704483,777.284639871752,21.9267948633656,200,3738.99400718981,3519.3693494839,4290.27864706156,3534.92080205317,4888.98850948149,3551.81009545041
939,-1749.01709255653,1935.09635034822,1.93509635034822,"gaussian","adaptive_sparse_group_lasso",1,0.0546508201025932,0.5,TRUE,"identity",NA,NA,"independent","gaussian",0.2,1000,50,1e-06,1,"PGD",0.9,TRUE,10,1,TRUE,0.102997082318325,53,1.49510239640155,364.133095628237,10.2720049789225,200,3604.03418511305,3501.02438990585,3862.16728074129,3508.30619009197,4142.97810116833,3516.2277170836
940,-1743.96405338575,1915.63860140667,1.91563860140667,"gaussian","adaptive_sparse_group_lasso",1,0.00488724771025703,0.5,TRUE,"identity",NA,NA,"independent","gaussian",0.2,1000,50,1e-06,1,"PGD",0.9,TRUE,10,1,TRUE,0.00141452250425146,101,2.84915739691617,695.305666857585,19.6142107311388,200,3689.9281067715,3493.62642156533,4183.23377362908,3507.54231750264,4718.36382765043,3522.63805761875
941,-1745.92710570332,1923.17438245145,1.92317438245145,"gaussian","adaptive_sparse_group_lasso",1,0.0369213156441613,0.5,TRUE,"identity",NA,NA,"independent","gaussian",0.2,1000,50,1e-06,1,"PGD",0.9,TRUE,10,1,TRUE,0.0614227294034526,57,1.60794031311111,391.927362416293,11.0560667691309,200,3605.85421140663,3495.07009203286,3883.78157382293,3502.91027817577,4185.78566371617,3511.4296562611
942,-1814.39836792068,2205.42375468888,2.20542375468888,"gaussian","adaptive_sparse_group_lasso",1,0.0472799579612345,0.5,TRUE,"identity",NA,NA,"independent","gaussian",0.2,1000,50,1e-06,1,"PGD",0.9,TRUE,10,1,TRUE,0.0950986307929916,68,1.91824458406237,466.604023719068,13.1626564911884,200,3764.79673584136,3632.63322500949,4095.40075956043,3641.95939233255,4455.6863404857,3652.12286092558
943,-1729.92929729731,1862.61521206506,1.86261521206506,"gaussian","adaptive_sparse_group_lasso",1,0.0316380007003407,0.5,TRUE,"identity",NA,NA,"independent","gaussian",0.2,1000,50,1e-06,1,"PGD",0.9,TRUE,10,1,TRUE,0.0468598567389923,62,1.74898770899804,425.705097503581,12.0089190837351,200,3583.85859459462,3463.35657001262,3885.5636920982,3471.86751367836,4214.05936882418,3481.13420563082
944,-1792.38179808447,2110.41905019972,2.11041905019972,"gaussian","adaptive_sparse_group_lasso",1,0.0805128557964011,0.5,TRUE,"identity",NA,NA,"independent","gaussian",0.2,1000,50,1e-06,1,"PGD",0.9,TRUE,10,1,TRUE,0.234899360120759,40,1.12837916709551,273.354167250109,7.71117868909415,200,3664.76359616894,3587.02035450314,3858.11776341905,3592.47477485804,4070.05045808097,3598.45328579511
945,-1719.79306589906,1825.23558320065,1.82523558320065,"gaussian","adaptive_sparse_group_lasso",1,0.0813778914484279,0.5,TRUE,"identity",NA,NA,"independent","gaussian",0.2,1000,50,1e-06,1,"PGD",0.9,TRUE,10,1,TRUE,0.191937779127108,36,1.01554125038596,245.970377891109,6.93869625337345,200,3511.58613179812,3441.61721429889,3685.55650968923,3446.52482805149,3876.29593488496,3451.90548789486
946,-1803.88239475004,2159.5237755178,2.1595237755178,"gaussian","adaptive_sparse_group_lasso",1,0.0783141159153075,0.5,TRUE,"identity",NA,NA,"independent","gaussian",0.2,1000,50,1e-06,1,"PGD",0.9,TRUE,10,1,TRUE,0.278713777225443,74,2.0875014591267,510.844198375585,14.4106487769654,200,3755.76478950008,3611.93979241833,4118.60898787566,3622.17543827704,4510.68447300022,3633.23568351063
947,-1764.71573794798,1996.81699342664,1.99681699342664,"gaussian","adaptive_sparse_group_lasso",1,0.0404523314942968,0.5,TRUE,"identity",NA,NA,"independent","gaussian",0.2,1000,50,1e-06,1,"PGD",0.9,TRUE,10,1,TRUE,0.0708697422490545,61,1.72077822982066,419.754216562126,11.84104783173,200,3651.43147589595,3532.87303235559,3949.18569245808,3541.27252372768,4272.38305181751,3550.38975290672
948,-1715.47895617991,1809.55479597985,1.80955479597985,"gaussian","adaptive_sparse_group_lasso",1,0.05088665821341,0.5,TRUE,"identity",NA,NA,"independent","gaussian",0.2,1000,50,1e-06,1,"PGD",0.9,TRUE,10,1,TRUE,0.1383710788547,93,2.62348156349707,638.961503631774,18.0247712318529,200,3616.95791235982,3436.20487548681,4069.91941599159,3448.98268359167,4562.66293108056,3462.88272152037
949,-1800.34451310271,2144.29742899232,2.14429742899232,"gaussian","adaptive_sparse_group_lasso",1,0.0822386484105889,0.5,TRUE,"identity",NA,NA,"independent","gaussian",0.2,1000,50,1e-06,1,"PGD",0.9,TRUE,10,1,TRUE,0.217736685080861,43,1.21300760462768,295.056766917116,8.32339772249575,200,3686.68902620541,3603.11504141467,3895.74579312253,3609.01242392791,4123.5734398841,3615.43932318526
950,-1772.44154795409,2027.91065593345,2.02791065593345,"gaussian","adaptive_sparse_group_lasso",1,0.0791639194469708,0.5,TRUE,"identity",NA,NA,"independent","gaussian",0.2,1000,50,1e-06,1,"PGD",0.9,TRUE,10,1,TRUE,0.191184835072552,48,1.35405500051462,327.494710794639,9.23845522486601,200,3640.88309590818,3547.59120590921,3872.37780670282,3554.12155113305,4126.69704029712,3561.29576425753
951,-1758.84603227435,1973.51259495387,1.97351259495387,"gaussian","adaptive_sparse_group_lasso",1,0.0100555223068578,0.5,TRUE,"identity",NA,NA,"independent","gaussian",0.2,1000,50,1e-06,1,"PGD",0.9,TRUE,10,1,TRUE,0.00539358361791782,83,2.34138677172319,571.082745473251,16.1099468169931,200,3683.69206454869,3522.37483809214,4088.77481002195,3533.80201136569,4528.53515144543,3546.20742156011
952,-1797.81666689192,2133.48387875583,2.13348387875583,"gaussian","adaptive_sparse_group_lasso",1,0.0667884390746918,0.5,TRUE,"identity",NA,NA,"independent","gaussian",0.2,1000,50,1e-06,1,"PGD",0.9,TRUE,10,1,TRUE,0.163601859511061,49,1.382264479692,335.49307334366,9.46408486664582,200,3693.63333378384,3598.39786274322,3931.1264071275,3605.09741865049,4190.74395808835,3612.4210945484
953,-1801.30512566947,2148.42106705681,2.14842106705681,"gaussian","adaptive_sparse_group_lasso",1,0.0635663358213924,0.5,TRUE,"identity",NA,NA,"independent","gaussian",0.2,1000,50,1e-06,1,"PGD",0.9,TRUE,10,1,TRUE,0.129181644365521,54,1.52331187557894,373.626639471799,10.5398129062971,200,3710.61025133895,3605.6568750901,3976.23689081075,3613.15006424524,4262.34602860434,3621.22105401029
954,-1748.00241428359,1931.17333185073,1.93117333185073,"gaussian","adaptive_sparse_group_lasso",1,0.0283462320295387,0.5,TRUE,"identity",NA,NA,"independent","gaussian",0.2,1000,50,1e-06,1,"PGD",0.9,TRUE,10,1,TRUE,0.0389505135737748,65,1.83361614653021,448.7296557477,12.6584298800911,200,3626.00482856718,3499.67206086024,3944.73448431488,3508.66325844727,4289.1251131405,3518.37833872002
955,-1756.17075945477,1962.981424623,1.962981424623,"gaussian","adaptive_sparse_group_lasso",1,0.0301718013799809,0.5,TRUE,"identity",NA,NA,"independent","gaussian",0.2,1000,50,1e-06,1,"PGD",0.9,TRUE,10,1,TRUE,0.0514134235092783,79,2.22854885501364,539.213617455618,15.2109353137782,200,3670.34151890953,3516.79861661956,4051.55513636515,3527.55245422331,4470.12220832245,3539.36001332403
956,-1751.2016342072,1943.5694438462,1.9435694438462,"gaussian","adaptive_sparse_group_lasso",1,0.0836649069879082,0.5,TRUE,"identity",NA,NA,"independent","gaussian",0.2,1000,50,1e-06,1,"PGD",0.9,TRUE,10,1,TRUE,0.18093855908512,40,1.12837916709551,274.346308240201,7.73916646969518,200,3582.4032684144,3504.66002674859,3776.7495766546,3510.1424348841,3988.68227131652,3516.12094582117
957,-1755.79138195729,1961.49256757234,1.96149256757234,"gaussian","adaptive_sparse_group_lasso",1,0.0374861925161997,0.5,TRUE,"identity",NA,NA,"independent","gaussian",0.2,1000,50,1e-06,1,"PGD",0.9,TRUE,10,1,TRUE,0.0530512633154913,40,1.12837916709551,275.476334944882,7.77104393449076,200,3591.58276391457,3513.83952224876,3787.05909885945,3519.35380784906,3998.99179352137,3525.33231878613
958,-1718.2354195529,1819.55828793631,1.81955828793631,"gaussian","adaptive_sparse_group_lasso",1,0.0656101443702918,0.5,TRUE,"identity",NA,NA,"independent","gaussian",0.2,1000,50,1e-06,1,"PGD",0.9,TRUE,10,1,TRUE,0.128812002895701,45,1.26942656298245,305.273011838869,8.61159267088703,200,3526.4708391058,3439.00969223177,3741.74385094467,3445.08243177669,3980.16813243933,3451.8082565809
959,-1799.05152486258,2138.75948985062,2.13875948985062,"gaussian","adaptive_sparse_group_lasso",1,0.0162531596594226,0.5,TRUE,"identity",NA,NA,"independent","gaussian",0.2,1000,50,1e-06,1,"PGD",0.9,TRUE,10,1,TRUE,0.0123499093490047,76,2.14392041748147,521.009246216907,14.6973994823824,200,3750.10304972517,3602.39089056013,4119.11229594208,3612.80044920755,4521.78441579973,3624.15961998799
960,-1761.58692639953,1984.36067939435,1.98436067939435,"gaussian","adaptive_sparse_group_lasso",1,0.0246151139367112,0.5,TRUE,"identity",NA,NA,"independent","gaussian",0.2,1000,50,1e-06,1,"PGD",0.9,TRUE,10,1,TRUE,0.0290543474633793,62,1.74898770899804,428.371198205744,12.0841283959776,200,3647.17385279906,3526.67182821706,3951.5450510048,3535.25798119504,4280.04072773078,3544.5246731475
961,-1753.33339015449,1951.87356506874,1.95187356506874,"gaussian","adaptive_sparse_group_lasso",1,0.0928167586962285,0.5,TRUE,"identity",NA,NA,"independent","gaussian",0.2,1000,50,1e-06,1,"PGD",0.9,TRUE,10,1,TRUE,0.285410333396081,47,1.32584552133723,324.11148702525,9.14301624439098,200,3600.66678030897,3509.31847135165,3830.77826733422,3515.80979655337,4079.79918356198,3522.83454690443
962,-1762.72535461318,1988.8839312047,1.9888839312047,"gaussian","adaptive_sparse_group_lasso",1,0.0559237452993634,0.5,TRUE,"identity",NA,NA,"independent","gaussian",0.2,1000,50,1e-06,1,"PGD",0.9,TRUE,10,1,TRUE,0.112843296282814,53,1.49510239640155,365.49028536218,10.3102905944619,200,3631.45070922636,3528.44091401916,3890.94099458854,3535.76099982082,4171.75181501558,3543.68252681244
963,-1700.85971312366,1757.41215379579,1.75741215379579,"gaussian","adaptive_sparse_group_lasso",1,0.0363776448620145,0.5,TRUE,"identity",NA,NA,"independent","gaussian",0.2,1000,50,1e-06,1,"PGD",0.9,TRUE,10,1,TRUE,0.0268717351650939,38,1.07196020874074,260.605497716954,7.3515453613592,200,3477.71942624732,3403.86334666481,3662.32492396428,3409.07097160868,3863.6609838931,3414.7505569989
964,-1752.04775487968,1946.86121686753,1.94686121686753,"gaussian","adaptive_sparse_group_lasso",1,0.0853905368434359,0.5,TRUE,"identity",NA,NA,"independent","gaussian",0.2,1000,50,1e-06,1,"PGD",0.9,TRUE,10,1,TRUE,0.240850121037681,49,1.382264479692,338.951256575064,9.5616384145037,200,3602.09550975936,3506.86003871875,3843.04676633443,3513.65714817387,4102.66431729528,3520.98082407178
965,-1731.25907695164,1867.57554091134,1.86757554091134,"gaussian","adaptive_sparse_group_lasso",1,0.0455038309853542,0.5,TRUE,"identity",NA,NA,"independent","gaussian",0.2,1000,50,1e-06,1,"PGD",0.9,TRUE,10,1,TRUE,0.079078471349837,52,1.46689291722417,358.234616664263,10.10561195941,200,3566.51815390329,3465.45193973773,3820.75277056755,3472.6237658627,4096.26527362805,3480.39583008089
966,-1700.96542536923,1757.78375304732,1.75778375304732,"gaussian","adaptive_sparse_group_lasso",1,0.0526008705668513,0.5,TRUE,"identity",NA,NA,"independent","gaussian",0.2,1000,50,1e-06,1,"PGD",0.9,TRUE,10,1,TRUE,0.123350116272443,102,2.87736687609356,701.328189079997,19.7841029463673,200,3605.93085073845,3407.68558449064,4103.25903981845,3421.71495368482,4643.68741120635,3436.96015657436
967,-1758.41338988771,1971.80568314448,1.97180568314448,"gaussian","adaptive_sparse_group_lasso",1,0.0904179272582704,0.5,TRUE,"identity",NA,NA,"independent","gaussian",0.2,1000,50,1e-06,1,"PGD",0.9,TRUE,10,1,TRUE,0.205624236555437,34,0.959122292031186,235.457453837863,6.64213214119994,200,3584.82677977542,3518.74502435948,3752.28423361328,3523.46891191662,3932.42702407591,3528.55064621313
968,-1771.40679541397,2023.71822415443,2.02371822415443,"gaussian","adaptive_sparse_group_lasso",1,0.00606613602474889,0.5,TRUE,"identity",NA,NA,"independent","gaussian",0.2,1000,50,1e-06,1,"PGD",0.9,TRUE,10,1,TRUE,0.00337117721804707,136,3.83648916812474,934.150511873562,26.3518994132434,200,3814.81359082793,3550.48656916418,4476.96410270149,3569.16549024117,5197.53526455202,3589.49242742722
969,-1789.33414176469,2097.59451078251,2.09759451078251,"gaussian","adaptive_sparse_group_lasso",1,0.0451006497154117,0.5,TRUE,"identity",NA,NA,"independent","gaussian",0.2,1000,50,1e-06,1,"PGD",0.9,TRUE,10,1,TRUE,0.0903453505703149,55,1.55152135475633,377.398315215179,10.6462099146438,200,3688.66828352938,3581.77132623889,3956.06659874456,3589.31449344402,4247.4740539047,3597.5349459825
970,-1762.80549858743,1989.20275088066,1.98920275088066,"gaussian","adaptive_sparse_group_lasso",1,0.0309110579001637,0.5,TRUE,"identity",NA,NA,"independent","gaussian",0.2,1000,50,1e-06,1,"PGD",0.9,TRUE,10,1,TRUE,0.0465365903530457,63,1.77719718817543,433.272466895444,12.2223906330225,200,3651.61099717487,3529.16539155122,3958.88346407031,3537.83338780789,4292.67745816284,3547.24954253378
971,-1759.3746300172,1975.60008680927,1.97560008680927,"gaussian","adaptive_sparse_group_lasso",1,0.0429601688364381,0.5,TRUE,"identity",NA,NA,"independent","gaussian",0.2,1000,50,1e-06,1,"PGD",0.9,TRUE,10,1,TRUE,0.1170215815665,119,3.35692802210915,819.123254160452,23.1070403819534,200,3756.74926003439,3525.46311607861,4337.87251419484,3541.85630041634,4968.37228081406,3559.64237045414
972,-1755.38808578737,1959.91108058607,1.95991108058607,"gaussian","adaptive_sparse_group_lasso",1,0.0555892199919575,0.5,TRUE,"identity",NA,NA,"independent","gaussian",0.2,1000,50,1e-06,1,"PGD",0.9,TRUE,10,1,TRUE,0.0784757209668529,50,1.41047395886939,343.442388467416,9.68833090610391,200,3610.77617157473,3513.59711949247,3854.21856004215,3520.46450248084,4119.13442836955,3527.93764115218
973,-1748.56177759726,1933.33499580914,1.93333499580914,"gaussian","adaptive_sparse_group_lasso",1,0.027106673935907,0.5,TRUE,"identity",NA,NA,"independent","gaussian",0.2,1000,50,1e-06,1,"PGD",0.9,TRUE,10,1,TRUE,0.0402611610421047,69,1.94645406323976,472.891359658519,13.3400189634536,200,3635.12355519452,3501.016463321,3970.01491485304,3510.46357415797,4335.59881314485,3520.77650552442
974,-1808.19523388004,2178.23170108103,2.17823170108103,"gaussian","adaptive_sparse_group_lasso",1,0.0756766309702534,0.5,TRUE,"identity",NA,NA,"independent","gaussian",0.2,1000,50,1e-06,1,"PGD",0.9,TRUE,10,1,TRUE,0.182045199845581,46,1.29763604215984,317.447425961319,8.95502655257119,200,3708.39046776007,3618.98573984439,3933.83789372139,3625.34549431264,4177.5604925826,3632.22078189028
975,-1703.59640515207,1767.05751777073,1.76705751777073,"gaussian","adaptive_sparse_group_lasso",1,0.06045654177304,0.5,TRUE,"identity",NA,NA,"independent","gaussian",0.2,1000,50,1e-06,1,"PGD",0.9,TRUE,10,1,TRUE,0.124866268840867,48,1.35405500051462,329.427653383742,9.29298252858439,200,3503.19281030413,3409.90092030516,3736.62046368787,3416.48579283272,3990.93969728218,3423.6600059572
976,-1805.16298279329,2165.06178505141,2.16506178505141,"gaussian","adaptive_sparse_group_lasso",1,0.0698552510181311,0.5,TRUE,"identity",NA,NA,"independent","gaussian",0.2,1000,50,1e-06,1,"PGD",0.9,TRUE,10,1,TRUE,0.216772639838581,64,1.80540666735282,438.836592764934,12.3793517258782,200,3738.32596558657,3613.93677892128,4049.16255835151,3622.70531731245,4388.25486981058,3632.27093481177
977,-1725.52997078667,1846.29859449438,1.84629859449438,"gaussian","adaptive_sparse_group_lasso",1,0.0363018973737363,0.5,TRUE,"identity",NA,NA,"independent","gaussian",0.2,1000,50,1e-06,1,"PGD",0.9,TRUE,10,1,TRUE,0.064960099253885,58,1.63614979228849,399.037465388353,11.2566390708704,200,3567.05994157334,3454.33224115792,3850.09740696169,3462.31658064421,4157.39981422148,3470.98542150297
978,-1692.73037421874,1729.06998325663,1.72906998325663,"gaussian","adaptive_sparse_group_lasso",1,0.0421919724529686,0.5,TRUE,"identity",NA,NA,"independent","gaussian",0.2,1000,50,1e-06,1,"PGD",0.9,TRUE,10,1,TRUE,0.105774083657283,70,1.97466354241715,481.422793893845,13.5806862798683,200,3525.46074843748,3389.41007552231,3866.88354233132,3399.04143471735,4237.76575798968,3409.50382885722
979,-1725.15628340732,1844.91923304202,1.84491923304202,"gaussian","adaptive_sparse_group_lasso",1,0.0287924484069361,0.5,TRUE,"identity",NA,NA,"independent","gaussian",0.2,1000,50,1e-06,1,"PGD",0.9,TRUE,10,1,TRUE,0.0327097882307182,48,1.35405500051462,330.30114262302,9.31762320509148,200,3546.31256681465,3453.02067681568,3780.61370943767,3459.63019001974,4034.93294303197,3466.80440314423
980,-1680.54767280303,1687.44960429431,1.68744960429431,"gaussian","adaptive_sparse_group_lasso",1,0.0357673715571431,0.5,TRUE,"identity",NA,NA,"independent","gaussian",0.2,1000,50,1e-06,1,"PGD",0.9,TRUE,10,1,TRUE,0.0600066535513343,68,1.91824458406237,467.351510955116,13.1837427168091,200,3497.09534560606,3364.93183477419,3828.44685656118,3374.27908832287,4188.73243748644,3384.4425569159
981,-1763.33091475817,1991.29416813703,1.99129416813703,"gaussian","adaptive_sparse_group_lasso",1,0.0385366464800896,0.5,TRUE,"identity",NA,NA,"independent","gaussian",0.2,1000,50,1e-06,1,"PGD",0.9,TRUE,10,1,TRUE,0.0528942233746725,42,1.18479812545029,287.233731812354,8.102713976604,200,3610.66182951634,3529.03142576724,3813.8955613287,3534.76454349295,4036.42489072371,3541.04197997687
982,-1799.54879412105,2140.88762662333,2.14088762662333,"gaussian","adaptive_sparse_group_lasso",1,0.0339267690120114,0.5,TRUE,"identity",NA,NA,"independent","gaussian",0.2,1000,50,1e-06,1,"PGD",0.9,TRUE,10,1,TRUE,0.040100828429025,44,1.24121708380506,301.94551476319,8.51772571141786,200,3687.09758824211,3601.58002240972,3901.0431030053,3607.61531395353,4134.16906713341,3614.19167598431
983,-1777.05983387466,2046.72837019448,2.04672837019448,"gaussian","adaptive_sparse_group_lasso",1,0.0495784395707881,0.5,TRUE,"identity",NA,NA,"independent","gaussian",0.2,1000,50,1e-06,1,"PGD",0.9,TRUE,10,1,TRUE,0.0698646199214713,45,1.26942656298245,309.174203092854,8.72164324433333,200,3644.11966774933,3556.65852087529,3863.29387084218,3562.84131099366,4101.71815233684,3569.56713579787
984,-1739.79904265822,1899.74756896623,1.89974756896623,"gaussian","adaptive_sparse_group_lasso",1,0.0270562737932078,0.5,TRUE,"identity",NA,NA,"independent","gaussian",0.2,1000,50,1e-06,1,"PGD",0.9,TRUE,10,1,TRUE,0.036119903686613,79,2.22854885501364,543.5639428729,15.3336557280519,200,3637.59808531645,3484.05518302648,4023.16202818935,3494.9317410445,4441.72910014664,3506.73930014522
985,-1829.09849201547,2271.22632664238,2.27122632664238,"gaussian","adaptive_sparse_group_lasso",1,0.0765658872336398,0.5,TRUE,"identity",NA,NA,"independent","gaussian",0.2,1000,50,1e-06,1,"PGD",0.9,TRUE,10,1,TRUE,0.208150388392316,40,1.12837916709551,274.865722493961,7.75381887527105,200,3738.19698403093,3660.45374236512,3933.06270652489,3665.9508029062,4144.99540118681,3671.92931384328
986,-1725.85985434878,1847.51712353703,1.84751712353703,"gaussian","adaptive_sparse_group_lasso",1,0.0890279862500598,0.5,TRUE,"identity",NA,NA,"independent","gaussian",0.2,1000,50,1e-06,1,"PGD",0.9,TRUE,10,1,TRUE,0.157606244249599,34,0.959122292031186,233.256727822586,6.58005080649687,200,3519.71970869756,3453.63795328163,3684.97643652015,3458.29975950406,3865.11922698278,3463.38149380057
987,-1740.75260843139,1903.37409451653,1.90337409451653,"gaussian","adaptive_sparse_group_lasso",1,0.0667435370434741,0.5,TRUE,"identity",NA,NA,"independent","gaussian",0.2,1000,50,1e-06,1,"PGD",0.9,TRUE,10,1,TRUE,0.116914963530801,49,1.382264479692,336.800606153568,9.50096968622066,200,3579.50521686278,3484.26974582217,3818.30582301635,3491.006186549,4077.9233739772,3498.32986244692
988,-1665.11763911682,1636.17010972446,1.63617010972446,"gaussian","adaptive_sparse_group_lasso",1,0.0480424738191183,0.5,TRUE,"identity",NA,NA,"independent","gaussian",0.2,1000,50,1e-06,1,"PGD",0.9,TRUE,10,1,TRUE,0.0976389401400378,58,1.63614979228849,399.69646770982,11.2752291831356,200,3446.23527823364,3333.50757781821,3729.93174594346,3341.51050741677,4037.23415320324,3350.17934827553
989,-1829.06827743855,2271.08908250413,2.27108908250413,"gaussian","adaptive_sparse_group_lasso",1,0.0565705181946623,0.5,TRUE,"identity",NA,NA,"independent","gaussian",0.2,1000,50,1e-06,1,"PGD",0.9,TRUE,10,1,TRUE,0.0946265264161023,51,1.43868343804678,352.097048755054,9.93247436527541,200,3760.13655487711,3661.0139217532,4010.23360363216,3668.06902924238,4280.44778932611,3675.69163068715
990,-1738.18120000859,1893.61051782248,1.89361051782248,"gaussian","adaptive_sparse_group_lasso",1,0.0348717212855061,0.5,TRUE,"identity",NA,NA,"independent","gaussian",0.2,1000,50,1e-06,1,"PGD",0.9,TRUE,10,1,TRUE,0.0639012175118938,76,2.14392041748147,520.541923976271,14.684216565366,200,3628.36240001718,3480.65024085214,3996.90432399345,3491.04661658254,4399.5764438511,3502.40578736298
991,-1776.47240698867,2044.32517562604,2.04432517562604,"gaussian","adaptive_sparse_group_lasso",1,0.0308964884175873,0.5,TRUE,"identity",NA,NA,"independent","gaussian",0.2,1000,50,1e-06,1,"PGD",0.9,TRUE,10,1,TRUE,0.0479464146811459,85,2.39780573007797,582.104733290193,16.4208713528086,200,3722.94481397734,3557.74042543749,4135.04954726753,3569.36568533014,4585.40652342411,3582.07002107142
992,-1767.56894209375,2008.24421967512,2.00824421967512,"gaussian","adaptive_sparse_group_lasso",1,0.0439147082876631,0.5,TRUE,"identity",NA,NA,"independent","gaussian",0.2,1000,50,1e-06,1,"PGD",0.9,TRUE,10,1,TRUE,0.0819429557188106,57,1.60794031311111,394.957363915821,11.1415415333393,200,3649.13788418749,3538.35376481371,3930.09524810331,3546.27942572083,4232.09933799655,3554.79880380616
993,-1722.47759256192,1835.06172531472,1.83506172531472,"gaussian","adaptive_sparse_group_lasso",1,0.0944957169521644,0.5,TRUE,"identity",NA,NA,"independent","gaussian",0.2,1000,50,1e-06,1,"PGD",0.9,TRUE,10,1,TRUE,0.321169495677704,49,1.382264479692,335.88982135061,9.47527692128656,200,3542.95518512383,3447.71971408322,3780.84500647444,3454.43046204512,4040.4625574353,3461.75413794303
994,-1752.07304934883,1946.95970900078,1.94695970900078,"gaussian","adaptive_sparse_group_lasso",1,0.0141771721804703,0.5,TRUE,"identity",NA,NA,"independent","gaussian",0.2,1000,50,1e-06,1,"PGD",0.9,TRUE,10,1,TRUE,0.0127096663104173,102,2.87736687609356,702.497599952916,19.8170914180367,200,3708.14609869765,3509.90083244984,4206.64369865057,3523.96319011569,4747.07207003847,3539.20839300523
995,-1787.82542580218,2091.2747017318,2.0912747017318,"gaussian","adaptive_sparse_group_lasso",1,0.00550471645382618,0.5,TRUE,"identity",NA,NA,"independent","gaussian",0.2,1000,50,1e-06,1,"PGD",0.9,TRUE,10,1,TRUE,0.00470056156354506,200,5.64189583547757,1375.85061577315,38.812029296849,200,3975.65085160435,3586.93464327531,4951.50146737751,3614.4628809012,6011.16494068711,3644.35543558657
996,-1790.82014507144,2103.83784856604,2.10383784856604,"gaussian","adaptive_sparse_group_lasso",1,0.0674262207934467,0.5,TRUE,"identity",NA,NA,"independent","gaussian",0.2,1000,50,1e-06,1,"PGD",0.9,TRUE,10,1,TRUE,0.143662494298065,48,1.35405500051462,332.714825074316,9.38571192994216,200,3677.64029014287,3584.3484001439,3914.35511521719,3591.02600207281,4168.67434881149,3598.2002151973
997,-1844.63473804462,2342.90686796237,2.34290686796237,"gaussian","adaptive_sparse_group_lasso",1,0.0526537489695449,0.5,TRUE,"identity",NA,NA,"independent","gaussian",0.2,1000,50,1e-06,1,"PGD",0.9,TRUE,10,1,TRUE,0.148098932442452,81,2.28496781336841,557.76412594303,15.7342354966838,200,3851.26947608924,3693.83941171597,4247.03360203227,3705.00371158592,4676.19730872266,3717.11019623349
998,-1772.81487782438,2029.4253805993,2.0294253805993,"gaussian","adaptive_sparse_group_lasso",1,0.0433947029802261,0.5,TRUE,"identity",NA,NA,"independent","gaussian",0.2,1000,50,1e-06,1,"PGD",0.9,TRUE,10,1,TRUE,0.0793166887877708,50,1.41047395886939,342.982291325663,9.67535180536405,200,3645.62975564875,3548.45070356649,3888.61204697441,3555.30510745412,4153.52791530182,3562.77824612546
999,-1784.37264354026,2076.88301788375,2.07688301788375,"gaussian","adaptive_sparse_group_lasso",1,0.0232752562084578,0.5,TRUE,"identity",NA,NA,"independent","gaussian",0.2,1000,50,1e-06,1,"PGD",0.9,TRUE,10,1,TRUE,0.0324445079617016,77,2.17212989665886,527.986665973046,14.894228859705,200,3722.74528708052,3573.08954687384,4096.73195305357,3583.63951594023,4504.70239027777,3595.1481494941
1000,-1719.03883949949,1822.48437703009,1.82248437703009,"gaussian","adaptive_sparse_group_lasso",1,0.0360580418417703,0.5,TRUE,"identity",NA,NA,"independent","gaussian",0.2,1000,50,1e-06,1,"PGD",0.9,TRUE,10,1,TRUE,0.056959541477671,60,1.69256875064327,413.503076859525,11.6647064364546,200,3558.07767899898,3441.46281650027,3851.58075585851,3449.74238543544,4169.47979785139,3458.71015184105
1001,-2533.61339669399,2574.71600133827,1.71647733422551,"gaussian","adaptive_sparse_group_lasso",1,0.0252055256828091,0.5,TRUE,"identity",NA,NA,"independent","gaussian",0.2,1000,50,1e-06,1,"PGD",0.9,TRUE,10,1,TRUE,0.024433557103047,61,1.72077822982066,443.321755607713,12.5058758336988,200,5189.22679338798,5070.66834984762,5510.5485489957,5079.73266922168,5833.74590835513,5088.84989840072
1002,-2757.44576222728,3470.09645823682,2.31339763882455,"gaussian","adaptive_sparse_group_lasso",1,0.050203371045679,0.5,TRUE,"identity",NA,NA,"independent","gaussian",0.2,1000,50,1e-06,1,"PGD",0.9,TRUE,10,1,TRUE,0.0882517902731846,54,1.52331187557894,392.093826342602,11.0607626297939,200,5622.89152445456,5517.93814820572,5906.98535079716,5525.95228708435,6193.09448859075,5534.0232768494
1003,-2573.14746662626,2714.07536644122,1.80938357762748,"gaussian","adaptive_sparse_group_lasso",1,0.0505248219771693,0.5,TRUE,"identity",NA,NA,"independent","gaussian",0.2,1000,50,1e-06,1,"PGD",0.9,TRUE,10,1,TRUE,0.0730736830668926,44,1.24121708380506,320.840935813189,9.05075569807578,200,5234.29493325251,5148.77736742012,5467.1358690657,5155.34568895059,5700.26183319381,5161.92205098137
1004,-2629.9229395062,2927.5092056866,1.95167280379107,"gaussian","adaptive_sparse_group_lasso",1,0.0340382412274143,0.5,TRUE,"identity",NA,NA,"independent","gaussian",0.2,1000,50,1e-06,1,"PGD",0.9,TRUE,10,1,TRUE,0.0407192897087739,45,1.26942656298245,327.685199964958,9.24382882514965,200,5349.8458790124,5262.38473213837,5587.53107897736,5269.08970783755,5825.95536047202,5275.81553264176
1005,-2688.49103126277,3165.28389567561,2.11018926378374,"gaussian","adaptive_sparse_group_lasso",1,0.0344456596540809,0.5,TRUE,"identity",NA,NA,"independent","gaussian",0.2,1000,50,1e-06,1,"PGD",0.9,TRUE,10,1,TRUE,0.0375527839423788,40,1.12837916709551,291.787145550818,8.23116340664522,200,5456.98206252554,5379.23882085973,5668.76920807635,5385.21322593218,5880.70190273828,5391.19173686926
1006,-2602.89859884259,2823.90169033938,1.88260112689292,"gaussian","adaptive_sparse_group_lasso",1,0.0507434106123111,0.5,TRUE,"identity",NA,NA,"independent","gaussian",0.2,1000,50,1e-06,1,"PGD",0.9,TRUE,10,1,TRUE,0.104035315890388,44,1.24121708380506,321.960146302155,9.08232804305938,200,5293.79719768517,5208.27963185279,5527.75734398733,5214.87952572823,5760.88330811544,5221.45588775902
1007,-2630.71079380841,2930.58608912417,1.95372405941612,"gaussian","adaptive_sparse_group_lasso",1,0.0545129225700645,0.5,TRUE,"identity",NA,NA,"independent","gaussian",0.2,1000,50,1e-06,1,"PGD",0.9,TRUE,10,1,TRUE,0.136426361234639,58,1.63614979228849,421.339644100222,11.8857719168532,200,5377.42158761682,5264.6938872014,5682.76123171704,5273.30735953368,5990.06363897683,5281.97620039243
1008,-2637.32989973569,2956.56436883324,1.9710429125555,"gaussian","adaptive_sparse_group_lasso",1,0.0197792661846471,0.5,TRUE,"identity",NA,NA,"independent","gaussian",0.2,1000,50,1e-06,1,"PGD",0.9,TRUE,10,1,TRUE,0.0230914235350041,82,2.3131772925458,597.227069017895,16.8474645676327,200,5438.65979947138,5279.28615405647,5871.88686848928,5291.50726403901,6306.34889254622,5303.76321146001
1009,-2648.66486287082,3001.58713025782,2.00105808683854,"gaussian","adaptive_sparse_group_lasso",1,0.0236164525699963,0.5,TRUE,"identity",NA,NA,"independent","gaussian",0.2,1000,50,1e-06,1,"PGD",0.9,TRUE,10,1,TRUE,0.0300377084334411,77,2.17212989665886,560.870800325747,15.821873162994,200,5451.32972574165,5301.67398553497,5858.20052606739,5313.15159890464,6266.17096329159,5324.66023245851
1010,-2653.90044824223,3022.61385724596,2.01507590483064,"gaussian","adaptive_sparse_group_lasso",1,0.0210342260899098,0.5,TRUE,"identity",NA,NA,"independent","gaussian",0.2,1000,50,1e-06,1,"PGD",0.9,TRUE,10,1,TRUE,0.0179518196679349,68,1.91824458406237,494.804446810156,13.95817573917,200,5443.80089648445,5311.63738565258,5802.60534329461,5321.75907222362,6162.89092421988,5331.92254081665
1011,-2608.27153805607,2844.20453029405,1.89613635352937,"gaussian","adaptive_sparse_group_lasso",1,0.0253724507943131,0.5,TRUE,"identity",NA,NA,"independent","gaussian",0.2,1000,50,1e-06,1,"PGD",0.9,TRUE,10,1,TRUE,0.0378020154594431,113,3.18767114704483,822.295003158063,23.1965137692574,200,5442.54307611214,5222.91841840623,6038.8380792702,5239.73958988139,6637.54794169013,5256.62888327863
1012,-2590.58448211934,2777.91510615183,1.85194340410122,"gaussian","adaptive_sparse_group_lasso",1,0.0434739365279416,0.5,TRUE,"identity",NA,NA,"independent","gaussian",0.2,1000,50,1e-06,1,"PGD",0.9,TRUE,10,1,TRUE,0.0638892023168427,51,1.43868343804678,370.402642992908,10.4488656447579,200,5283.16896423869,5184.04633111478,5551.5716072316,5191.61782988344,5821.78579292555,5199.24043132821
1013,-2644.58849362337,2985.31728162201,1.99021152108134,"gaussian","adaptive_sparse_group_lasso",1,0.0234929888357424,0.5,TRUE,"identity",NA,NA,"independent","gaussian",0.2,1000,50,1e-06,1,"PGD",0.9,TRUE,10,1,TRUE,0.0197892107983895,56,1.57973083393372,407.508119128395,11.4955918011689,200,5401.17698724674,5292.33644891461,5696.68510637513,5300.67257904791,5993.39087890182,5309.04249435981
1014,-2552.61562431484,2640.78320252784,1.76052213501856,"gaussian","adaptive_sparse_group_lasso",1,0.00765489599418883,0.5,TRUE,"identity",NA,NA,"independent","gaussian",0.2,1000,50,1e-06,1,"PGD",0.9,TRUE,10,1,TRUE,0.00275145119304858,79,2.22854885501364,574.350092670827,16.2021169797285,200,5263.23124862968,5109.6883463397,5679.5813413005,5121.4333656094,6098.1484132578,5133.24092471012
1015,-2630.78186499982,2930.86380927573,1.95390920618382,"gaussian","adaptive_sparse_group_lasso",1,0.0207591399752637,0.5,TRUE,"identity",NA,NA,"independent","gaussian",0.2,1000,50,1e-06,1,"PGD",0.9,TRUE,10,1,TRUE,0.0176673219608413,49,1.382264479692,357.916780425406,10.0966459646482,200,5359.56372999963,5264.32825895902,5619.48051042504,5271.66037596428,5879.09806138589,5278.98405186219
1016,-2633.81759272984,2942.75092312556,1.96183394875037,"gaussian","adaptive_sparse_group_lasso",1,0.0206379047512677,0.5,TRUE,"identity",NA,NA,"independent","gaussian",0.2,1000,50,1e-06,1,"PGD",0.9,TRUE,10,1,TRUE,0.0220525884944399,88,2.48243416761013,641.254631215352,18.089459166673,200,5443.63518545967,5272.60005379489,5908.88981667502,5285.72464462634,6375.14174493125,5298.8773686879
1017,-2624.50491696046,2906.4369959597,1.93762466397313,"gaussian","adaptive_sparse_group_lasso",1,0.0229229131537718,0.5,TRUE,"identity",NA,NA,"independent","gaussian",0.2,1000,50,1e-06,1,"PGD",0.9,TRUE,10,1,TRUE,0.0304843469425849,73,2.05929197994931,531.751825502819,15.0004420490597,200,5395.00983392093,5253.12841788082,5780.76165942374,5264.01027596998,6167.53882718175,5274.92105843014
1018,-2618.06882887806,2881.60226137492,1.92106817424995,"gaussian","adaptive_sparse_group_lasso",1,0.00716326403066178,0.5,TRUE,"identity",NA,NA,"independent","gaussian",0.2,1000,50,1e-06,1,"PGD",0.9,TRUE,10,1,TRUE,0.00265991348634012,82,2.3131772925458,594.653148927817,16.7748556224473,200,5400.13765775611,5240.7640123412,5830.79080668393,5252.91251337856,6265.25283074087,5265.16846079956
1019,-2696.86882478078,3200.83957124093,2.13389304749395,"gaussian","adaptive_sparse_group_lasso",1,0.0362784968959161,0.5,TRUE,"identity",NA,NA,"independent","gaussian",0.2,1000,50,1e-06,1,"PGD",0.9,TRUE,10,1,TRUE,0.0510569475467165,54,1.52331187557894,393.868471754178,11.110824452579,200,5501.73764956156,5396.78427331272,5787.60612131574,5404.84847401414,6073.71525910933,5412.91946377919
1020,-2721.05469083456,3305.74202110853,2.20382801407236,"gaussian","adaptive_sparse_group_lasso",1,0.0142074387571272,0.5,TRUE,"identity",NA,NA,"independent","gaussian",0.2,1000,50,1e-06,1,"PGD",0.9,TRUE,10,1,TRUE,0.0120167250273498,80,2.25675833419103,582.128361273906,16.4215378859231,200,5602.10938166912,5446.62289833751,6024.23774294303,5458.53091955505,6448.10313226687,5470.48794142919
1021,-2652.79191693692,3018.14960778605,2.01209973852403,"gaussian","adaptive_sparse_group_lasso",1,0.0510188021089371,0.5,TRUE,"identity",NA,NA,"independent","gaussian",0.2,1000,50,1e-06,1,"PGD",0.9,TRUE,10,1,TRUE,0.108462261698874,50,1.41047395886939,364.920450415474,10.2942158473983,200,5405.58383387384,5308.40478179158,5670.50428428931,5315.87804972124,5935.42015261672,5323.35118839258
1022,-2625.81526045674,2911.51934216643,1.94101289477762,"gaussian","adaptive_sparse_group_lasso",1,0.0373110840431224,0.5,TRUE,"identity",NA,NA,"independent","gaussian",0.2,1000,50,1e-06,1,"PGD",0.9,TRUE,10,1,TRUE,0.0509407838941618,62,1.74898770899804,451.088625379904,12.7249751848109,200,5375.63052091348,5255.12849633148,5702.71914629339,5264.35549609829,6031.21482301936,5273.62218805076
1023,-2521.6144218804,2533.85182185872,1.68923454790581,"gaussian","adaptive_sparse_group_lasso",1,0.0141118925354379,0.5,TRUE,"identity",NA,NA,"independent","gaussian",0.2,1000,50,1e-06,1,"PGD",0.9,TRUE,10,1,TRUE,0.0109177486992941,86,2.42601520925535,628.240088449327,17.7223256935116,200,5215.2288437608,5048.08087417931,5671.46893221013,5060.95116945431,6127.12422573326,5073.80496796902
1024,-2608.48251140283,2845.00471129819,1.89666980753213,"gaussian","adaptive_sparse_group_lasso",1,0.0153126828282713,0.5,TRUE,"identity",NA,NA,"independent","gaussian",0.2,1000,50,1e-06,1,"PGD",0.9,TRUE,10,1,TRUE,0.00779648974948835,50,1.41047395886939,364.137845997579,10.2721389843676,200,5316.96502280566,5219.7859707234,5581.10286880324,5227.23716179003,5846.01873713064,5234.71030046137
1025,-2635.15328079261,2947.99638898288,1.96533092598859,"gaussian","adaptive_sparse_group_lasso",1,0.0228782727885948,0.5,TRUE,"identity",NA,NA,"independent","gaussian",0.2,1000,50,1e-06,1,"PGD",0.9,TRUE,10,1,TRUE,0.0174974833759253,57,1.60794031311111,415.109849301823,11.7100326502084,200,5384.30656158522,5273.52244221144,5685.41641088704,5282.01659423542,5987.42050078028,5290.53597232075
1026,-2682.98121251797,3142.11558129549,2.09474372086366,"gaussian","adaptive_sparse_group_lasso",1,0.0392402042107055,0.5,TRUE,"identity",NA,NA,"independent","gaussian",0.2,1000,50,1e-06,1,"PGD",0.9,TRUE,10,1,TRUE,0.0547217287309864,63,1.77719718817543,457.271405584269,12.8993881942443,200,5491.96242503594,5369.51681941229,5823.23383062021,5378.86181323018,6157.02782471273,5388.27796795607
1027,-2631.71608742409,2934.51685556604,1.95634457037736,"gaussian","adaptive_sparse_group_lasso",1,0.0300742509386293,0.5,TRUE,"identity",NA,NA,"independent","gaussian",0.2,1000,50,1e-06,1,"PGD",0.9,TRUE,10,1,TRUE,0.036976717163834,66,1.8618256257076,480.734305070563,13.561264368744,200,5395.43217484817,5267.15582609959,5744.16647991874,5276.99343921692,6093.85542611091,5286.85798226309
1028,-2633.08350377826,2939.87201102056,1.95991467401371,"gaussian","adaptive_sparse_group_lasso",1,0.0593136507107653,0.5,TRUE,"identity",NA,NA,"independent","gaussian",0.2,1000,50,1e-06,1,"PGD",0.9,TRUE,10,1,TRUE,0.0989395429418274,34,0.959122292031186,245.445219069392,6.9238817965274,200,5334.16700755652,5268.08525214058,5511.61222662591,5273.09088935304,5691.75501708854,5278.17262364956
1029,-2576.75129838164,2727.14817741831,1.81809878494554,"gaussian","adaptive_sparse_group_lasso",1,0.013302146917666,0.5,TRUE,"identity",NA,NA,"independent","gaussian",0.2,1000,50,1e-06,1,"PGD",0.9,TRUE,10,1,TRUE,0.0111947092035942,118,3.32871854293176,859.201883379197,24.2376376383579,200,5389.50259676328,5160.16003384914,6012.70448014248,5177.74023440164,6637.90592939514,5195.376841666
1030,-2609.85704171741,2850.22355243539,1.90014903495693,"gaussian","adaptive_sparse_group_lasso",1,0.0237627033472915,0.5,TRUE,"identity",NA,NA,"independent","gaussian",0.2,1000,50,1e-06,1,"PGD",0.9,TRUE,10,1,TRUE,0.0275465399188728,73,2.05929197994931,532.269103539342,15.01503419306,200,5365.71408343481,5223.83266739471,5751.98318697416,5234.72911762787,6138.76035473216,5245.63990008803
1031,-2582.46438439148,2748.00141025754,1.83200094017169,"gaussian","adaptive_sparse_group_lasso",1,0.0332437842040583,0.5,TRUE,"identity",NA,NA,"independent","gaussian",0.2,1000,50,1e-06,1,"PGD",0.9,TRUE,10,1,TRUE,0.0316642237932376,39,1.10016968791812,284.350907619694,8.0213910075691,200,5242.92876878296,5167.1291081588,5449.27967640265,5172.95015979053,5655.91405369803,5178.77920795418
1032,-2666.74634480445,3074.83067521438,2.04988711680959,"gaussian","adaptive_sparse_group_lasso",1,0.0190676236867927,0.5,TRUE,"identity",NA,NA,"independent","gaussian",0.2,1000,50,1e-06,1,"PGD",0.9,TRUE,10,1,TRUE,0.0244345216816657,89,2.51064364678752,647.385890779837,18.2624188056885,200,5511.4926896089,5338.51397690247,5980.87858038873,5351.75510841459,6452.42882601151,5365.05729524957
1033,-2561.21982768441,2671.25343067116,1.78083562044744,"gaussian","adaptive_sparse_group_lasso",1,0.0361181741359301,0.5,TRUE,"identity",NA,NA,"independent","gaussian",0.2,1000,50,1e-06,1,"PGD",0.9,TRUE,10,1,TRUE,0.0474917252159583,54,1.52331187557894,393.352851364166,11.0962790699236,200,5230.43965536882,5125.48627911998,5515.79250673299,5133.53593443875,5801.90164452658,5141.60692420379
1034,-2624.26697563924,2905.51506026665,1.93701004017777,"gaussian","adaptive_sparse_group_lasso",1,0.0151272802152372,0.5,TRUE,"identity",NA,NA,"independent","gaussian",0.2,1000,50,1e-06,1,"PGD",0.9,TRUE,10,1,TRUE,0.0213587034909414,144,4.06216500154385,1047.18931244054,29.5406651040745,200,5536.53395127847,5256.65828128156,6295.72326371901,5278.07461638255,7058.68096450193,5299.59725575601
1035,-2635.0620278535,2947.63772635603,1.96509181757069,"gaussian","adaptive_sparse_group_lasso",1,0.0529957877568795,0.5,TRUE,"identity",NA,NA,"independent","gaussian",0.2,1000,50,1e-06,1,"PGD",0.9,TRUE,10,1,TRUE,0.109810961175906,57,1.60794031311111,414.280000959374,11.6866230606717,200,5384.124055707,5273.33993633322,5684.40405666637,5281.81067876767,5986.40814655961,5290.330056853
1036,-2661.22249940219,3052.26734904314,2.03484489936209,"gaussian","adaptive_sparse_group_lasso",1,0.0529973132989899,0.5,TRUE,"identity",NA,NA,"independent","gaussian",0.2,1000,50,1e-06,1,"PGD",0.9,TRUE,10,1,TRUE,0.0910195051822028,45,1.26942656298245,327.770933313209,9.24624731825194,200,5412.44499880439,5324.98385193035,5650.2159321176,5331.69124612264,5888.64021361226,5338.41707092685
1037,-2644.67164702372,2985.64828568189,1.99043219045459,"gaussian","adaptive_sparse_group_lasso",1,0.0243260690185667,0.5,TRUE,"identity",NA,NA,"independent","gaussian",0.2,1000,50,1e-06,1,"PGD",0.9,TRUE,10,1,TRUE,0.0310903440301832,83,2.34138677172319,604.689575370934,17.0579779852099,200,5455.34329404745,5294.02606759089,5894.03286941838,5306.40127203266,6333.79321084187,5318.80668222708
1038,-2609.56038847862,2849.09640463398,1.89939760308932,"gaussian","adaptive_sparse_group_lasso",1,0.0106355138192784,0.5,TRUE,"identity",NA,NA,"independent","gaussian",0.2,1000,50,1e-06,1,"PGD",0.9,TRUE,10,1,TRUE,0.00646286283768907,84,2.36959625090058,611.925461427978,17.262098562266,200,5387.12077695723,5223.85996945903,5831.04623838521,5236.3828755195,6276.10489717525,5248.93774848735
1039,-2627.26713307807,2917.16100801721,1.94477400534481,"gaussian","adaptive_sparse_group_lasso",1,0.0116889128315605,0.5,TRUE,"identity",NA,NA,"independent","gaussian",0.2,1000,50,1e-06,1,"PGD",0.9,TRUE,10,1,TRUE,0.00514424218743277,50,1.41047395886939,363.256752927265,10.2472838077472,200,5354.53426615614,5257.35521407387,5617.7910190834,5264.78154996388,5882.7068874108,5272.25468863522
1040,-2663.35105256613,3060.9422042447,2.04062813616314,"gaussian","adaptive_sparse_group_lasso",1,0.0319358134724589,0.5,TRUE,"identity",NA,NA,"independent","gaussian",0.2,1000,50,1e-06,1,"PGD",0.9,TRUE,10,1,TRUE,0.04554358392964,62,1.74898770899804,450.631693718968,12.7120853806362,200,5450.70210513226,5330.20008055026,5777.33379885123,5339.4141905129,6105.82947557721,5348.68088246536
1041,-2610.07522474297,2851.05283358387,1.90070188905591,"gaussian","adaptive_sparse_group_lasso",1,0.0357795612884106,0.5,TRUE,"identity",NA,NA,"independent","gaussian",0.2,1000,50,1e-06,1,"PGD",0.9,TRUE,10,1,TRUE,0.0460483568423735,41,1.1565886462729,300.381534079732,8.47360663089402,200,5302.15044948594,5222.46362677849,5520.53198356568,5228.62405611684,5737.76299559414,5234.75202982734
1042,-2661.52613647178,3053.50330789947,2.03566887193298,"gaussian","adaptive_sparse_group_lasso",1,0.0305923643801173,0.5,TRUE,"identity",NA,NA,"independent","gaussian",0.2,1000,50,1e-06,1,"PGD",0.9,TRUE,10,1,TRUE,0.0261033006195785,34,0.959122292031186,248.032610528701,6.99687076202253,200,5391.05227294355,5324.97051752761,5571.08488347225,5330.04914370557,5751.22767393489,5335.13087800209
1043,-2611.264667387,2855.57797265852,1.90371864843902,"gaussian","adaptive_sparse_group_lasso",1,0.0286308893829375,0.5,TRUE,"identity",NA,NA,"independent","gaussian",0.2,1000,50,1e-06,1,"PGD",0.9,TRUE,10,1,TRUE,0.0283619025390406,45,1.26942656298245,327.182741475337,9.22965473284918,200,5312.529334774,5225.06818789996,5549.71207624933,5231.75898950685,5788.136357744,5238.48481431105
1044,-2673.42645657046,3102.33995348384,2.0682266356559,"gaussian","adaptive_sparse_group_lasso",1,0.043950098879709,0.5,TRUE,"identity",NA,NA,"independent","gaussian",0.2,1000,50,1e-06,1,"PGD",0.9,TRUE,10,1,TRUE,0.0642890994613729,46,1.29763604215984,332.350530339279,9.37543536519968,200,5438.85291314092,5349.44818522523,5679.20344348019,5356.22834850611,5922.9260423414,5363.10363608375
1045,-2599.24275460539,2810.17019138097,1.87344679425398,"gaussian","adaptive_sparse_group_lasso",1,0.0303882161109321,0.5,TRUE,"identity",NA,NA,"independent","gaussian",0.2,1000,50,1e-06,1,"PGD",0.9,TRUE,10,1,TRUE,0.034148962464638,46,1.29763604215984,333.402021753473,9.4050973903536,200,5290.48550921077,5201.08078129509,5531.88753096425,5207.89060660113,5775.61012982546,5214.76589417876
1046,-2693.67543900426,3187.23985712976,2.12482657141984,"gaussian","adaptive_sparse_group_lasso",1,0.0285205677259892,0.5,TRUE,"identity",NA,NA,"independent","gaussian",0.2,1000,50,1e-06,1,"PGD",0.9,TRUE,10,1,TRUE,0.0408103555351937,61,1.72077822982066,443.272329400783,12.5044815461436,200,5509.35087800852,5390.79243446816,5830.6232074093,5399.85535955466,6153.82056676873,5408.9725887337
1047,-2679.32182181043,3126.82195046949,2.08454796697966,"gaussian","adaptive_sparse_group_lasso",1,0.00527167782345369,0.5,TRUE,"identity",NA,NA,"independent","gaussian",0.2,1000,50,1e-06,1,"PGD",0.9,TRUE,10,1,TRUE,0.00162974045966497,88,2.48243416761013,640.191345696777,18.0594644359771,200,5534.64364362085,5363.60851195607,5998.83498931763,5376.70310805683,6465.08691757386,5389.85583211839
1048,-2649.32328694043,3004.22337688545,2.0028155845903,"gaussian","adaptive_sparse_group_lasso",1,0.00519158203781624,0.5,TRUE,"identity",NA,NA,"independent","gaussian",0.2,1000,50,1e-06,1,"PGD",0.9,TRUE,10,1,TRUE,0.00137976770624113,84,2.36959625090058,610.576187983164,17.2240362611199,200,5466.64657388087,5303.38576638267,5909.22276186403,5315.87061014199,6354.28142065407,5328.42548310984
1049,-2694.16184256408,3189.3075739705,2.12620504931367,"gaussian","adaptive_sparse_group_lasso",1,0.0281178565004184,0.5,TRUE,"identity",NA,NA,"independent","gaussian",0.2,1000,50,1e-06,1,"PGD",0.9,TRUE,10,1,TRUE,0.0303269093677408,44,1.24121708380506,319.022607306183,8.99946159791973,200,5476.32368512815,5390.80611929576,5707.34629243433,5397.32314672607,5940.47225656245,5403.89950875685
1050,-2600.58448432636,2815.2020094212,1.87680133961413,"gaussian","adaptive_sparse_group_lasso",1,0.025958713101711,0.5,TRUE,"identity",NA,NA,"independent","gaussian",0.2,1000,50,1e-06,1,"PGD",0.9,TRUE,10,1,TRUE,0.0265021454755235,60,1.69256875064327,436.706792979364,12.3192711831752,200,5321.16896865272,5204.554106154,5637.87576163208,5213.48823983589,5955.77480362496,5222.4560062415
1051,-2648.93849571337,3002.68244047905,2.0017882936527,"gaussian","adaptive_sparse_group_lasso",1,0.0229966633060863,0.5,TRUE,"identity",NA,NA,"independent","gaussian",0.2,1000,50,1e-06,1,"PGD",0.9,TRUE,10,1,TRUE,0.0208478335724826,63,1.77719718817543,458.378128145052,12.9306082612778,200,5423.87699142674,5301.43138580309,5756.2551195718,5310.80759968802,6090.04911366432,5320.22375441391
1052,-2661.37726302394,3052.89725396444,2.03526483597629,"gaussian","adaptive_sparse_group_lasso",1,0.0282989936052432,0.5,TRUE,"identity",NA,NA,"independent","gaussian",0.2,1000,50,1e-06,1,"PGD",0.9,TRUE,10,1,TRUE,0.0329375630237361,53,1.49510239640155,383.602150250489,10.8212168698924,200,5428.75452604787,5325.74473084068,5706.35667629836,5333.57574291777,5987.16749672541,5341.49726990939
1053,-2649.36921520024,3004.40735418759,2.00293823612506,"gaussian","adaptive_sparse_group_lasso",1,0.0174416722329149,0.5,TRUE,"identity",NA,NA,"independent","gaussian",0.2,1000,50,1e-06,1,"PGD",0.9,TRUE,10,1,TRUE,0.0113760463689852,51,1.43868343804678,371.309302574057,10.4744420393332,200,5400.73843040048,5301.61579727657,5670.04773297454,5309.21287243981,5940.26191866849,5316.83547388458
1054,-2626.15469147139,2912.83732033836,1.94189154689224,"gaussian","adaptive_sparse_group_lasso",1,0.0269587585268099,0.5,TRUE,"identity",NA,NA,"independent","gaussian",0.2,1000,50,1e-06,1,"PGD",0.9,TRUE,10,1,TRUE,0.0298655860301837,59,1.66435927146588,429.219944541348,12.1080710880587,200,5370.30938294279,5255.63810148572,5681.52932748414,5264.41745403085,5994.13005211047,5273.23575766303
1055,-2733.22789417266,3359.83511749089,2.23989007832726,"gaussian","adaptive_sparse_group_lasso",1,0.0408560232842132,0.5,TRUE,"identity",NA,NA,"independent","gaussian",0.2,1000,50,1e-06,1,"PGD",0.9,TRUE,10,1,TRUE,0.0578708574013095,44,1.24121708380506,320.786597579438,9.04922284480223,200,5554.45578834533,5468.93822251294,5787.24238592477,5475.50501119013,6020.36835005288,5482.08137322091
1056,-2645.47856458332,2988.86224367597,1.99257482911731,"gaussian","adaptive_sparse_group_lasso",1,0.0422232084880325,0.5,TRUE,"identity",NA,NA,"independent","gaussian",0.2,1000,50,1e-06,1,"PGD",0.9,TRUE,10,1,TRUE,0.0825430468270449,71,2.00287302159453,517.767603006285,14.6059544157318,200,5432.95712916665,5294.96287520984,5808.72473217293,5305.56308358238,6184.90526519784,5316.17494049569
1057,-2718.80779474817,3295.85329604992,2.19723553069994,"gaussian","adaptive_sparse_group_lasso",1,0.0104444256525824,0.5,TRUE,"identity",NA,NA,"independent","gaussian",0.2,1000,50,1e-06,1,"PGD",0.9,TRUE,10,1,TRUE,0.00481031091440604,49,1.382264479692,356.66627492511,10.0613698557764,200,5535.61558949634,5440.38011845572,5794.28186442145,5447.67695935212,6053.8994153823,5455.00063525003
1058,-2584.19274511104,2754.34142960506,1.83622761973671,"gaussian","adaptive_sparse_group_lasso",1,0.0262719584347057,0.5,TRUE,"identity",NA,NA,"independent","gaussian",0.2,1000,50,1e-06,1,"PGD",0.9,TRUE,10,1,TRUE,0.0245793551712605,44,1.24121708380506,320.021510897226,9.02764014797147,200,5256.38549022208,5170.86792438969,5488.40700111931,5177.41313037005,5721.53296524742,5183.98949240083
1059,-2652.46650269929,3016.84036003361,2.01122690668907,"gaussian","adaptive_sparse_group_lasso",1,0.0231995813806915,0.5,TRUE,"identity",NA,NA,"independent","gaussian",0.2,1000,50,1e-06,1,"PGD",0.9,TRUE,10,1,TRUE,0.0293043424683965,88,2.48243416761013,640.929255725208,18.0802804935589,200,5480.93300539858,5309.8978737338,5945.86226112379,5323.01328589214,6412.11418938002,5336.1660099537
1060,-2610.26842224703,2851.78734990615,1.9011915666041,"gaussian","adaptive_sparse_group_lasso",1,0.0696327392796209,0.5,TRUE,"identity",NA,NA,"independent","gaussian",0.2,1000,50,1e-06,1,"PGD",0.9,TRUE,10,1,TRUE,0.133246044968952,35,0.987331771208573,255.863045829434,7.21776326358845,200,5290.53684449407,5222.51150803648,5476.3998903235,5227.75460775766,5661.84099815268,5232.98580482759
1061,-2677.36271978072,3118.66492443218,2.07910994962146,"gaussian","adaptive_sparse_group_lasso",1,0.0342998071434563,0.5,TRUE,"identity",NA,NA,"independent","gaussian",0.2,1000,50,1e-06,1,"PGD",0.9,TRUE,10,1,TRUE,0.0541102363791036,60,1.69256875064327,437.826924781184,12.3508695179146,200,5474.72543956143,5358.11057706272,5792.55236434262,5367.07630907935,6110.4514063355,5376.04407548496
1062,-2672.12439051489,3096.95869061356,2.0646391270757,"gaussian","adaptive_sparse_group_lasso",1,0.0441720186008086,0.5,TRUE,"identity",NA,NA,"independent","gaussian",0.2,1000,50,1e-06,1,"PGD",0.9,TRUE,10,1,TRUE,0.0707839439858692,55,1.55152135475633,400.25540230374,11.2909964369243,200,5454.24878102977,5347.35182373929,5744.50418333351,5355.5397774667,6035.91163849366,5363.76023000517
1063,-2684.15199298227,3147.02438176932,2.09801625451288,"gaussian","adaptive_sparse_group_lasso",1,0.0368244104273759,0.5,TRUE,"identity",NA,NA,"independent","gaussian",0.2,1000,50,1e-06,1,"PGD",0.9,TRUE,10,1,TRUE,0.0386661244846132,37,1.04375072956335,267.724247498152,7.55236158508094,200,5442.30398596453,5370.39148742366,5636.02823346268,5375.85634754961,5832.06597602496,5381.38647016641
1064,-2671.32548394468,3093.66153947501,2.06244102631667,"gaussian","adaptive_sparse_group_lasso",1,0.0268056316816148,0.5,TRUE,"identity",NA,NA,"independent","gaussian",0.2,1000,50,1e-06,1,"PGD",0.9,TRUE,10,1,TRUE,0.0327017187119318,64,1.80540666735282,465.008056625135,13.1176350906843,200,5470.65096788936,5346.26178122407,5807.6590245145,5355.76860298005,6146.75133597357,5365.33422047936
1065,-2589.77375992039,2774.91390527968,1.84994260351979,"gaussian","adaptive_sparse_group_lasso",1,0.0481213065749969,0.5,TRUE,"identity",NA,NA,"independent","gaussian",0.2,1000,50,1e-06,1,"PGD",0.9,TRUE,10,1,TRUE,0.0923979400436984,48,1.35405500051462,351.12823852532,9.90514473327289,200,5275.54751984077,5182.2556298418,5530.6757583661,5189.45266457405,5784.9949919604,5196.62687769854
1066,-2707.83223318332,3247.97270709645,2.1653151380643,"gaussian","adaptive_sparse_group_lasso",1,0.0420071578602763,0.5,TRUE,"identity",NA,NA,"independent","gaussian",0.2,1000,50,1e-06,1,"PGD",0.9,TRUE,10,1,TRUE,0.0518766791794803,40,1.12837916709551,291.958141914627,8.23598712500951,200,5495.66446636664,5417.92122470083,5707.62260828127,5423.90045349165,5919.55530294319,5429.87896442873
1067,-2631.73473421319,2934.58981556226,1.95639321037484,"gaussian","adaptive_sparse_group_lasso",1,0.0412462138806378,0.5,TRUE,"identity",NA,NA,"independent","gaussian",0.2,1000,50,1e-06,1,"PGD",0.9,TRUE,10,1,TRUE,0.0632788886116135,50,1.41047395886939,361.718478561577,10.2038898890592,200,5363.46946842638,5266.29041634412,5625.18794698796,5273.67335831544,5890.10381531536,5281.14649698678
1068,-2647.25284320217,2995.94137977912,1.99729425318608,"gaussian","adaptive_sparse_group_lasso",1,0.036667244242911,0.5,TRUE,"identity",NA,NA,"independent","gaussian",0.2,1000,50,1e-06,1,"PGD",0.9,TRUE,10,1,TRUE,0.0385232897164202,39,1.10016968791812,283.11266151651,7.98646072990483,200,5372.50568640434,5296.70602578017,5577.61834792085,5302.49214713424,5784.25272521622,5308.32119529789
1069,-2626.82194007629,2915.42992229178,1.94361994819452,"gaussian","adaptive_sparse_group_lasso",1,0.0328385542602877,0.5,TRUE,"identity",NA,NA,"independent","gaussian",0.2,1000,50,1e-06,1,"PGD",0.9,TRUE,10,1,TRUE,0.0359351199073475,46,1.29763604215984,334.720350678395,9.44228676271012,200,5345.64388015259,5256.23915223691,5588.36423083098,5263.0861669153,5832.08682969219,5269.96145449293
1070,-2686.90705392458,3158.60596600442,2.10573731066961,"gaussian","adaptive_sparse_group_lasso",1,0.0290146041567709,0.5,TRUE,"identity",NA,NA,"independent","gaussian",0.2,1000,50,1e-06,1,"PGD",0.9,TRUE,10,1,TRUE,0.0299488306551786,51,1.43868343804678,371.547102090898,10.481150239852,200,5475.81410784917,5376.69147472526,5745.36120994007,5384.29525808902,6015.57539563401,5391.91785953379
1071,-2621.02108568933,2892.96758881458,1.92864505920972,"gaussian","adaptive_sparse_group_lasso",1,0.0454370372414323,0.5,TRUE,"identity",NA,NA,"independent","gaussian",0.2,1000,50,1e-06,1,"PGD",0.9,TRUE,10,1,TRUE,0.105015087980098,85,2.39780573007796,616.158648408084,17.3815145622353,200,5412.04217137866,5246.83778283882,5858.20081978675,5259.4236859409,6308.55779594333,5272.12802168218
1072,-2655.49919528297,3029.06392276508,2.01937594851005,"gaussian","adaptive_sparse_group_lasso",1,0.0195428161715207,0.5,TRUE,"identity",NA,NA,"independent","gaussian",0.2,1000,50,1e-06,1,"PGD",0.9,TRUE,10,1,TRUE,0.0144933972354558,61,1.72077822982066,442.469886670449,12.4818450546512,200,5432.99839056593,5314.43994702557,5753.46827723638,5323.48023562058,6076.66563659581,5332.59746479962
1073,-2638.51968365489,2961.2583213645,1.974172214243,"gaussian","adaptive_sparse_group_lasso",1,0.0115968506903217,0.5,TRUE,"identity",NA,NA,"independent","gaussian",0.2,1000,50,1e-06,1,"PGD",0.9,TRUE,10,1,TRUE,0.00571197226101783,58,1.63614979228849,421.853958402858,11.900280455464,200,5393.03936730979,5280.31166689436,5698.89332571264,5288.93964776525,6006.19573297243,5297.60848862401
1074,-2697.94523705194,3205.43676676025,2.13695784450683,"gaussian","adaptive_sparse_group_lasso",1,0.0301594470658044,0.5,TRUE,"identity",NA,NA,"independent","gaussian",0.2,1000,50,1e-06,1,"PGD",0.9,TRUE,10,1,TRUE,0.035600200438608,52,1.46689291722417,379.696320989612,10.7110354606872,200,5499.89047410389,5398.82425993833,5775.5867950935,5406.60150956457,6051.099298154,5414.37357378277
1075,-2598.09594676629,2805.87650796451,1.87058433864301,"gaussian","adaptive_sparse_group_lasso",1,0.0242574014922774,0.5,TRUE,"identity",NA,NA,"independent","gaussian",0.2,1000,50,1e-06,1,"PGD",0.9,TRUE,10,1,TRUE,0.0293722414153222,84,2.36959625090058,611.13875544293,17.239905996162,200,5364.19189353258,5200.93108603438,5807.33064897551,5213.43179952874,6252.38930776554,5225.98667249659
1076,-2648.80842952654,3002.16175568892,2.00144117045928,"gaussian","adaptive_sparse_group_lasso",1,0.0367893097295586,0.5,TRUE,"identity",NA,NA,"independent","gaussian",0.2,1000,50,1e-06,1,"PGD",0.9,TRUE,10,1,TRUE,0.0506042759828912,44,1.24121708380506,322.48509328145,9.09713652394102,200,5385.61685905307,5300.09929322068,5620.10195233452,5306.71399557701,5853.22791646263,5313.29035760779
1077,-2634.71060387802,2946.25688913007,1.96417125942005,"gaussian","adaptive_sparse_group_lasso",1,0.0119750126801486,0.5,TRUE,"identity",NA,NA,"independent","gaussian",0.2,1000,50,1e-06,1,"PGD",0.9,TRUE,10,1,TRUE,0.00507487725428719,46,1.29763604215984,335.506547645097,9.46446496967165,200,5361.42120775604,5272.01647984036,5604.92775540113,5278.88567272571,5848.65035426234,5285.76096030334
1078,-2557.88332046867,2659.39628273738,1.77293085515825,"gaussian","adaptive_sparse_group_lasso",1,0.0441699080994244,0.5,TRUE,"identity",NA,NA,"independent","gaussian",0.2,1000,50,1e-06,1,"PGD",0.9,TRUE,10,1,TRUE,0.0960783376863249,62,1.74898770899804,450.99882795149,12.7224420461239,200,5239.76664093735,5119.26461635534,5566.76546888884,5128.48908298347,5895.26114561482,5137.75577493594
1079,-2578.03970120353,2731.83709094814,1.82122472729876,"gaussian","adaptive_sparse_group_lasso",1,0.0425628188064088,0.5,TRUE,"identity",NA,NA,"independent","gaussian",0.2,1000,50,1e-06,1,"PGD",0.9,TRUE,10,1,TRUE,0.0771766880900469,47,1.32584552133723,342.222353826302,9.65391436429971,200,5250.07940240706,5158.73109344973,5498.30175623336,5165.73331677136,5747.32267246112,5172.75806712242
1080,-2577.99502429406,2731.67436241047,1.82111624160698,"gaussian","adaptive_sparse_group_lasso",1,0.0347933551271167,0.5,TRUE,"identity",NA,NA,"independent","gaussian",0.2,1000,50,1e-06,1,"PGD",0.9,TRUE,10,1,TRUE,0.0623353270165426,62,1.74898770899804,451.646031849809,12.740699331017,200,5279.99004858812,5159.48802400612,5607.63608043793,5168.73074791914,5936.13175716391,5177.9974398716
1081,-2611.89349962052,2857.97321595505,1.90531547730337,"gaussian","adaptive_sparse_group_lasso",1,0.0234021096224861,0.5,TRUE,"identity",NA,NA,"independent","gaussian",0.2,1000,50,1e-06,1,"PGD",0.9,TRUE,10,1,TRUE,0.0231735063365772,69,1.94645406323976,501.418172647329,14.1447455004587,200,5361.78699924104,5227.67990736752,5725.20517188837,5237.9317447415,6090.78907018018,5248.24467610795
1082,-2624.24425104179,2905.42702605355,1.93695135070236,"gaussian","adaptive_sparse_group_lasso",1,0.0298490898191807,0.5,TRUE,"identity",NA,NA,"independent","gaussian",0.2,1000,50,1e-06,1,"PGD",0.9,TRUE,10,1,TRUE,0.0365647826581995,57,1.60794031311111,415.229317665621,11.7134027905293,200,5362.48850208359,5251.70438270981,5663.71781974921,5260.20190487412,5965.72190964245,5268.72128295945
1083,-2574.98776789197,2720.74316537779,1.81382877691853,"gaussian","adaptive_sparse_group_lasso",1,0.0294010804375441,0.5,TRUE,"identity",NA,NA,"independent","gaussian",0.2,1000,50,1e-06,1,"PGD",0.9,TRUE,10,1,TRUE,0.0307336635220568,51,1.43868343804678,371.974007571246,10.4931930211106,200,5251.97553578395,5152.85290266004,5521.94954335519,5160.46872880506,5792.16372904914,5168.09133024982
1084,-2677.59594362521,3119.63487126536,2.07975658084357,"gaussian","adaptive_sparse_group_lasso",1,0.0516363305118956,0.5,TRUE,"identity",NA,NA,"independent","gaussian",0.2,1000,50,1e-06,1,"PGD",0.9,TRUE,10,1,TRUE,0.0660862229651375,36,1.01554125038596,260.438069741851,7.34682230538182,200,5427.19188725043,5357.2229697512,5615.62995699228,5362.53870955581,5806.36938218801,5367.91936939918
1085,-2704.78495456098,3234.80284298264,2.1565352286551,"gaussian","adaptive_sparse_group_lasso",1,0.0259604139527147,0.5,TRUE,"identity",NA,NA,"independent","gaussian",0.2,1000,50,1e-06,1,"PGD",0.9,TRUE,10,1,TRUE,0.0280549448738115,49,1.382264479692,358.280095045469,10.1068948808577,200,5507.56990912196,5412.33443808135,5767.85000416743,5419.67680400282,6027.46755512829,5427.00047990074
1086,-2574.03681452798,2717.29561832308,1.81153041221539,"gaussian","adaptive_sparse_group_lasso",1,0.023650285582926,0.5,TRUE,"identity",NA,NA,"independent","gaussian",0.2,1000,50,1e-06,1,"PGD",0.9,TRUE,10,1,TRUE,0.0415848225145973,125,3.52618489717348,910.179057088264,25.6756771586258,200,5398.07362905596,5155.12599885031,6058.25268614423,5173.74930621459,6720.54235696273,5192.43215289294
1087,-2677.38593709222,3118.7614686132,2.0791743124088,"gaussian","adaptive_sparse_group_lasso",1,0.00955106716074307,0.5,TRUE,"identity",NA,NA,"independent","gaussian",0.2,1000,50,1e-06,1,"PGD",0.9,TRUE,10,1,TRUE,0.00420112944122296,67,1.89003510488498,486.038200670491,13.7108845012293,200,5488.77187418443,5358.5519443942,5840.81007485493,5368.48275868566,6195.79733841364,5378.49676450526
1088,-2572.50593728494,2711.75481374164,1.80783654249443,"gaussian","adaptive_sparse_group_lasso",1,0.0492987101552025,0.5,TRUE,"identity",NA,NA,"independent","gaussian",0.2,1000,50,1e-06,1,"PGD",0.9,TRUE,10,1,TRUE,0.100170029713672,49,1.382264479692,356.612577222993,10.0598550715666,200,5243.01187456987,5147.77640352925,5501.62445179286,5155.07172964144,5761.24200275372,5162.39540553935
1089,-2709.47273003499,3255.08486791286,2.17005657860858,"gaussian","adaptive_sparse_group_lasso",1,0.0340943543734147,0.5,TRUE,"identity",NA,NA,"independent","gaussian",0.2,1000,50,1e-06,1,"PGD",0.9,TRUE,10,1,TRUE,0.0390841605924082,46,1.29763604215984,334.297894778627,9.43036950180226,200,5510.94546006999,5421.54073215431,5753.24335484862,5428.37582957179,5996.96595370983,5435.25111714943
1090,-2608.22980522276,2844.04627241238,1.89603084827492,"gaussian","adaptive_sparse_group_lasso",1,0.0642455391028753,0.5,TRUE,"identity",NA,NA,"independent","gaussian",0.2,1000,50,1e-06,1,"PGD",0.9,TRUE,10,1,TRUE,0.168405842490498,63,1.77719718817543,457.082907980751,12.8940707750229,200,5342.45961044552,5220.01400482187,5673.54251842627,5229.35368122054,6007.3365125188,5238.76983594643
1091,-2657.8629880334,3038.62575543212,2.02575050362141,"gaussian","adaptive_sparse_group_lasso",1,0.0278816905266463,0.5,TRUE,"identity",NA,NA,"independent","gaussian",0.2,1000,50,1e-06,1,"PGD",0.9,TRUE,10,1,TRUE,0.0328556456711727,61,1.72077822982066,445.582141020028,12.5696401289203,200,5437.7259760668,5319.16753252644,5761.30811708683,5328.29561619572,6084.50547644626,5337.41284537476
1092,-2611.33737507909,2855.85481605605,1.90390321070403,"gaussian","adaptive_sparse_group_lasso",1,0.0448053732659246,0.5,TRUE,"identity",NA,NA,"independent","gaussian",0.2,1000,50,1e-06,1,"PGD",0.9,TRUE,10,1,TRUE,0.063700100303993,48,1.35405500051462,348.518084377784,9.83151364419819,200,5318.67475015818,5225.38286015921,5571.19283453597,5232.50626380238,5825.51206813027,5239.68047692687
1093,-2634.43556193444,2945.17662825877,1.96345108550584,"gaussian","adaptive_sparse_group_lasso",1,0.0141004027197311,0.5,TRUE,"identity",NA,NA,"independent","gaussian",0.2,1000,50,1e-06,1,"PGD",0.9,TRUE,10,1,TRUE,0.0087323587012879,71,2.00287302159453,516.438248449377,14.5684540160393,200,5410.87112386887,5272.87686991206,5785.30937231825,5283.43957788491,6161.48990534316,5294.05143479821
1094,-2576.05798589893,2724.62832113149,1.81641888075433,"gaussian","adaptive_sparse_group_lasso",1,0.045937242071434,0.5,TRUE,"identity",NA,NA,"independent","gaussian",0.2,1000,50,1e-06,1,"PGD",0.9,TRUE,10,1,TRUE,0.0842299039445731,59,1.66435927146588,429.100828241166,12.104710879269,200,5270.11597179786,5155.44469034079,5581.21680003902,5164.22068267713,5893.81752466536,5173.03898630931
1095,-2682.6430977439,3140.69937294696,2.09379958196464,"gaussian","adaptive_sparse_group_lasso",1,0.0381047234468683,0.5,TRUE,"identity",NA,NA,"independent","gaussian",0.2,1000,50,1e-06,1,"PGD",0.9,TRUE,10,1,TRUE,0.0621035967241674,64,1.80540666735282,467.070266384801,13.175808953959,200,5493.2861954878,5368.8970088225,5832.3564618726,5378.46200444175,6171.44877333167,5388.02762194107
1096,-2680.19917084994,3130.48184303426,2.08698789535617,"gaussian","adaptive_sparse_group_lasso",1,0.0695682059304876,0.5,TRUE,"identity",NA,NA,"independent","gaussian",0.2,1000,50,1e-06,1,"PGD",0.9,TRUE,10,1,TRUE,0.190407391308395,50,1.41047395886939,364.686630436908,10.2876199075817,200,5460.39834169988,5363.21928961762,5725.08497213679,5370.68596160746,5990.00084046419,5378.15910027881
1097,-2691.12840474722,3176.4342036261,2.1176228024174,"gaussian","adaptive_sparse_group_lasso",1,0.0153276126030043,0.5,TRUE,"identity",NA,NA,"independent","gaussian",0.2,1000,50,1e-06,1,"PGD",0.9,TRUE,10,1,TRUE,0.0117226593335043,67,1.89003510488498,489.419526294758,13.806269936019,200,5516.25680949445,5386.03687970422,5871.6763357892,5396.06307943047,6226.66359934792,5406.07708525006
1098,-2629.67178255823,2926.52901744681,1.95101934496454,"gaussian","adaptive_sparse_group_lasso",1,0.0284683370829213,0.5,TRUE,"identity",NA,NA,"independent","gaussian",0.2,1000,50,1e-06,1,"PGD",0.9,TRUE,10,1,TRUE,0.0463794841728088,91,2.56706260514229,663.358230828597,18.7129901997081,200,5441.34356511646,5264.47769032674,5922.70179594505,5278.05655531617,6404.84867630093,5291.65766769801
1099,-2695.51143178002,3195.05174741442,2.13003449827628,"gaussian","adaptive_sparse_group_lasso",1,0.0199657249112324,0.5,TRUE,"identity",NA,NA,"independent","gaussian",0.2,1000,50,1e-06,1,"PGD",0.9,TRUE,10,1,TRUE,0.0221796144137279,106,2.99020479280311,770.870947765388,21.7458679494409,200,5603.02286356004,5397.00327314565,6161.89381132543,5412.76873150948,6723.51545217952,5428.61178549273
1100,-2598.0365165208,2805.65417820045,1.8704361188003,"gaussian","adaptive_sparse_group_lasso",1,0.0307298555060243,0.5,TRUE,"identity",NA,NA,"independent","gaussian",0.2,1000,50,1e-06,1,"PGD",0.9,TRUE,10,1,TRUE,0.0239314004275496,38,1.07196020874074,275.985542328497,7.78540840957581,200,5272.07303304159,5198.21695345907,5472.05857537009,5203.85844145117,5673.39463529892,5209.53802684139
1101,-3483.98003109368,3816.18085085322,1.90809042542661,"gaussian","adaptive_sparse_group_lasso",1,0.00829523655005757,0.5,TRUE,"identity",NA,NA,"independent","gaussian",0.2,1000,50,1e-06,1,"PGD",0.9,TRUE,10,1,TRUE,0.00249235848486426,48,1.35405500051462,362.167667487562,10.2165612747135,200,7063.96006218736,6970.66817218839,7330.12772967492,6978.17662346207,7584.44696326923,6985.35083658656
1102,-3656.1325629312,4533.08479111597,2.26654239555798,"gaussian","adaptive_sparse_group_lasso",1,0.0467230145023152,0.5,TRUE,"identity",NA,NA,"independent","gaussian",0.2,1000,50,1e-06,1,"PGD",0.9,TRUE,10,1,TRUE,0.0981128550680295,59,1.66435927146588,446.338601751097,12.590979492162,200,7430.2651258624,7315.59384440533,7758.6037276135,7324.85610535456,8071.20445223983,7333.67440898674
1103,-3467.706796185,3754.58181061207,1.87729090530603,"gaussian","adaptive_sparse_group_lasso",1,0.0636246815423315,0.5,TRUE,"identity",NA,NA,"independent","gaussian",0.2,1000,50,1e-06,1,"PGD",0.9,TRUE,10,1,TRUE,0.129313019245678,60,1.69256875064327,453.831366519683,12.8023464838824,200,7055.41359237,6938.79872987129,7389.24495888969,6948.21593885389,7707.14400088257,6957.1837052595
1104,-3527.25672110966,3984.95824944575,1.99247912472287,"gaussian","adaptive_sparse_group_lasso",1,0.0296813933098006,0.5,TRUE,"identity",NA,NA,"independent","gaussian",0.2,1000,50,1e-06,1,"PGD",0.9,TRUE,10,1,TRUE,0.0355668645465159,63,1.77719718817543,477.275610246383,13.4636963891204,200,7180.51344221931,7058.06783659566,7531.78905246569,7067.97713860843,7865.58304655822,7077.39329333432
1105,-3511.99698005087,3924.6104354797,1.96230521773985,"gaussian","adaptive_sparse_group_lasso",1,0.0337990809503841,0.5,TRUE,"identity",NA,NA,"independent","gaussian",0.2,1000,50,1e-06,1,"PGD",0.9,TRUE,10,1,TRUE,0.0497495184135137,65,1.83361614653021,493.705688397582,13.9271803366095,200,7153.99396010175,7027.66119239481,7517.69964849933,7037.92114043836,7862.09027732495,7047.6362207111
1106,-3461.8110182032,3732.51075679157,1.86625537839579,"gaussian","adaptive_sparse_group_lasso",1,0.0225984519587284,0.5,TRUE,"identity",NA,NA,"independent","gaussian",0.2,1000,50,1e-06,1,"PGD",0.9,TRUE,10,1,TRUE,0.0186288340126883,53,1.49510239640155,401.539195430601,11.3272115724046,200,7029.6220364064,6926.6122411992,7325.161231837,6934.9492479788,7605.97205226405,6942.87077497043
1107,-3593.56609641297,4258.15603340375,2.12907801670188,"gaussian","adaptive_sparse_group_lasso",1,0.0425520653509617,0.5,TRUE,"identity",NA,NA,"independent","gaussian",0.2,1000,50,1e-06,1,"PGD",0.9,TRUE,10,1,TRUE,0.0737174452140876,52,1.46689291722417,393.397882922627,11.0975493867343,200,7291.13219282593,7190.06597866038,7580.53007574856,7198.22974221266,7856.04257880906,7206.00180643086
1108,-3464.06344187297,3740.92742776386,1.87046371388193,"gaussian","adaptive_sparse_group_lasso",1,0.0281400229735502,0.5,TRUE,"identity",NA,NA,"independent","gaussian",0.2,1000,50,1e-06,1,"PGD",0.9,TRUE,10,1,TRUE,0.0360600164607145,62,1.74898770899804,470.232526713619,13.2650146708583,200,7052.12688374594,6931.62485916393,7398.35941045956,6941.3918984168,7726.85508718554,6950.65859036926
1109,-3498.27703917668,3871.13270685836,1.93556635342918,"gaussian","adaptive_sparse_group_lasso",1,0.0228538567236106,0.5,TRUE,"identity",NA,NA,"independent","gaussian",0.2,1000,50,1e-06,1,"PGD",0.9,TRUE,10,1,TRUE,0.0195563791602271,47,1.32584552133723,354.150272048681,9.9903947250235,200,7090.55407835335,6999.20576939603,7350.70435040203,7006.54447307837,7599.72526662979,7013.56922342944
1110,-3511.39553531632,3922.25070889181,1.9611253544459,"gaussian","adaptive_sparse_group_lasso",1,0.0416932012405273,0.5,TRUE,"identity",NA,NA,"independent","gaussian",0.2,1000,50,1e-06,1,"PGD",0.9,TRUE,10,1,TRUE,0.0562764993257764,41,1.1565886462729,309.918255802014,8.74263258373927,200,7104.79107063264,7025.10424792519,7332.70932643465,7031.53370321638,7549.94033846312,7037.66167692688
1111,-3514.10783135671,3932.90345412769,1.96645172706384,"gaussian","adaptive_sparse_group_lasso",1,0.0157259543275923,0.5,TRUE,"identity",NA,NA,"independent","gaussian",0.2,1000,50,1e-06,1,"PGD",0.9,TRUE,10,1,TRUE,0.011378016397377,52,1.46689291722417,394.13882968681,11.1184511090501,200,7132.21566271342,7031.14944854786,7422.35449240023,7039.33411382247,7697.86699546072,7047.10617804066
1112,-3465.40021128224,3745.93152903116,1.87296576451558,"gaussian","adaptive_sparse_group_lasso",1,0.0412332857028223,0.5,TRUE,"identity",NA,NA,"independent","gaussian",0.2,1000,50,1e-06,1,"PGD",0.9,TRUE,10,1,TRUE,0.0639825161789172,41,1.1565886462729,309.661133109569,8.73537928650069,200,7012.80042256447,6933.11359985702,7240.46155567404,6939.53580185098,7457.69256770251,6945.66377556147
1113,-3424.34813216536,3595.26695715024,1.79763347857512,"gaussian","adaptive_sparse_group_lasso",1,0.0132595154036378,0.5,TRUE,"identity",NA,NA,"independent","gaussian",0.2,1000,50,1e-06,1,"PGD",0.9,TRUE,10,1,TRUE,0.00669379035760917,46,1.29763604215984,348.009539729707,9.81716786453747,200,6940.69626433071,6851.29153641503,7196.70580406042,6858.51343219525,7440.42840292163,6865.38871977289
1114,-3371.73695891413,3411.00535400607,1.70550267700304,"gaussian","adaptive_sparse_group_lasso",1,0.0259556035809153,0.5,TRUE,"identity",NA,NA,"independent","gaussian",0.2,1000,50,1e-06,1,"PGD",0.9,TRUE,10,1,TRUE,0.0297043661347627,70,1.97466354241715,530.185905568043,14.9562682632662,200,6883.47391782827,6747.4232449131,7273.65982339631,6758.43018609153,7644.54203905467,6768.89258023141
1115,-3571.93694363184,4167.04460939941,2.08352230469971,"gaussian","adaptive_sparse_group_lasso",1,0.035423852281086,0.5,TRUE,"identity",NA,NA,"independent","gaussian",0.2,1000,50,1e-06,1,"PGD",0.9,TRUE,10,1,TRUE,0.0403726087088258,36,1.01554125038596,273.466738870061,7.71435427586315,200,7215.87388726368,7145.90496976445,7417.34062613374,7151.58824153955,7608.08005132947,7156.96890138291
1116,-3545.91132170047,4059.99375668877,2.02999687834439,"gaussian","adaptive_sparse_group_lasso",1,0.0304537403979107,0.5,TRUE,"identity",NA,NA,"independent","gaussian",0.2,1000,50,1e-06,1,"PGD",0.9,TRUE,10,1,TRUE,0.0379044718209046,54,1.52331187557894,408.701657124422,11.5292608864153,200,7199.82264340095,7094.86926715211,7500.52430052537,7103.35190428736,7786.63343831896,7111.42289405241
1117,-3594.24820853095,4261.06156407061,2.1305307820353,"gaussian","adaptive_sparse_group_lasso",1,0.0667246423209173,0.5,TRUE,"identity",NA,NA,"independent","gaussian",0.2,1000,50,1e-06,1,"PGD",0.9,TRUE,10,1,TRUE,0.198816298866439,83,2.34138677172319,628.556263392721,17.7312448239936,200,7354.49641706191,7193.17919060535,7817.05268045463,7206.2276618859,8256.81302187812,7218.63307208033
1118,-3500.65127592004,3880.33461179724,1.94016730589862,"gaussian","adaptive_sparse_group_lasso",1,0.0164886752132444,0.5,TRUE,"identity",NA,NA,"independent","gaussian",0.2,1000,50,1e-06,1,"PGD",0.9,TRUE,10,1,TRUE,0.00881927351306299,41,1.1565886462729,310.979899173877,8.77258099033165,200,7083.30255184008,7003.61572913263,7312.28245101396,7010.07513283041,7529.51346304243,7016.20310654091
1119,-3535.3302358454,4017.26109186864,2.00863054593432,"gaussian","adaptive_sparse_group_lasso",1,0.0255789062728657,0.5,TRUE,"identity",NA,NA,"independent","gaussian",0.2,1000,50,1e-06,1,"PGD",0.9,TRUE,10,1,TRUE,0.0237258589193797,60,1.69256875064327,454.868949393188,12.8316161563474,200,7190.66047169081,7074.04560919209,7525.52942108399,7083.49208784715,7843.42846307688,7092.45985425276
1120,-3652.39075416854,4516.15454933977,2.25807727466988,"gaussian","adaptive_sparse_group_lasso",1,0.050254672242629,0.5,TRUE,"identity",NA,NA,"independent","gaussian",0.2,1000,50,1e-06,1,"PGD",0.9,TRUE,10,1,TRUE,0.105297730575304,49,1.382264479692,370.778835624688,10.4594778429707,200,7402.78150833709,7307.54603729647,7675.56034396178,7315.24098618006,7935.17789492263,7322.56466207797
1121,-3517.07696952272,3944.59814085544,1.97229907042772,"gaussian","adaptive_sparse_group_lasso",1,0.0393916865210792,0.5,TRUE,"identity",NA,NA,"independent","gaussian",0.2,1000,50,1e-06,1,"PGD",0.9,TRUE,10,1,TRUE,0.0846497855460676,86,2.42601520925535,650.401975953865,18.3475009976024,200,7206.15393904544,7039.00596946395,7684.5559149993,7052.50144004304,8140.21120852243,7065.35523855775
1122,-3580.30762275441,4202.07199971104,2.10103599985552,"gaussian","adaptive_sparse_group_lasso",1,0.0323937574983139,0.5,TRUE,"identity",NA,NA,"independent","gaussian",0.2,1000,50,1e-06,1,"PGD",0.9,TRUE,10,1,TRUE,0.0395928121911739,42,1.18479812545029,318.671484500917,8.9895566064559,200,7244.61524550882,7162.98484175972,7479.28673000973,7169.60480211527,7701.81605940475,7175.8822385992
1123,-3497.7481277211,3869.08576179771,1.93454288089885,"gaussian","adaptive_sparse_group_lasso",1,0.0437915291544125,0.5,TRUE,"identity",NA,NA,"independent","gaussian",0.2,1000,50,1e-06,1,"PGD",0.9,TRUE,10,1,TRUE,0.0648417418129023,41,1.1565886462729,309.669761729133,8.73562269536462,200,7077.4962554422,6997.80943273474,7305.16601717133,7004.23187813756,7522.3970291998,7010.35985184806
1124,-3508.96346782739,3912.7231210239,1.95636156051195,"gaussian","adaptive_sparse_group_lasso",1,0.0147552644925459,0.5,TRUE,"identity",NA,NA,"independent","gaussian",0.2,1000,50,1e-06,1,"PGD",0.9,TRUE,10,1,TRUE,0.0151829461712931,125,3.52618489717348,946.659215109165,26.7047634167043,200,7267.92693565478,7024.97930544913,7964.58615076395,7044.63169907149,8626.87582158245,7063.31454574984
1125,-3575.45467864044,4181.72898082542,2.09086449041271,"gaussian","adaptive_sparse_group_lasso",1,0.0330866130280683,0.5,TRUE,"identity",NA,NA,"independent","gaussian",0.2,1000,50,1e-06,1,"PGD",0.9,TRUE,10,1,TRUE,0.0356436786454418,46,1.29763604215984,347.968322359985,9.81600514400457,200,7242.90935728088,7153.5046293652,7498.87767964086,7160.72536242488,7742.60027850207,7167.60065000252
1126,-3588.97501870966,4238.65131627755,2.11932565813877,"gaussian","adaptive_sparse_group_lasso",1,0.0196253233681629,0.5,TRUE,"identity",NA,NA,"independent","gaussian",0.2,1000,50,1e-06,1,"PGD",0.9,TRUE,10,1,TRUE,0.0182789467770628,74,2.0875014591267,560.359258485291,15.8074428340973,200,7325.95003741931,7182.12504033757,7738.3092959046,7193.75748025341,8130.38478102916,7204.81772548699
1127,-3547.79562228896,4067.65121752702,2.03382560876351,"gaussian","adaptive_sparse_group_lasso",1,0.00743029965715162,0.5,TRUE,"identity",NA,NA,"independent","gaussian",0.2,1000,50,1e-06,1,"PGD",0.9,TRUE,10,1,TRUE,0.00477247141770346,152,4.28784083496295,1149.8825520517,32.4375879085441,200,7399.59124457791,7104.16692624784,8245.47379662962,7128.02883248646,9050.81803634492,7150.74717404734
1128,-3497.73503989076,3869.03512419106,1.93451756209553,"gaussian","adaptive_sparse_group_lasso",1,0.0134775485472896,0.5,TRUE,"identity",NA,NA,"independent","gaussian",0.2,1000,50,1e-06,1,"PGD",0.9,TRUE,10,1,TRUE,0.00877458448940085,83,2.34138677172319,629.133784641574,17.7475363976377,200,7161.47007978152,7000.15285332497,7624.60386442309,7013.21761617916,8064.36420584658,7025.62302637359
1129,-3459.11902123933,3722.47636150731,1.86123818075365,"gaussian","adaptive_sparse_group_lasso",1,0.00736240457967172,0.5,TRUE,"identity",NA,NA,"independent","gaussian",0.2,1000,50,1e-06,1,"PGD",0.9,TRUE,10,1,TRUE,0.00263314147150621,77,2.17212989665886,582.920147788674,16.4438737711244,200,7072.23804247866,6922.58230227198,7501.15819026733,6934.68191624978,7909.12862749153,6946.19054980365
1130,-3479.33696765865,3798.50315217936,1.89925157608968,"gaussian","adaptive_sparse_group_lasso",1,0.00857022484920282,0.5,TRUE,"identity",NA,NA,"independent","gaussian",0.2,1000,50,1e-06,1,"PGD",0.9,TRUE,10,1,TRUE,0.00672900219853315,164,4.62635458509161,1241.05603762936,35.0095444514767,200,7286.6739353173,6967.92664448748,8199.72997294666,6993.68347976878,9068.65402106053,7018.19537461078
1131,-3500.32968423615,3879.08692908831,1.93954346454415,"gaussian","adaptive_sparse_group_lasso",1,0.0224758187797946,0.5,TRUE,"identity",NA,NA,"independent","gaussian",0.2,1000,50,1e-06,1,"PGD",0.9,TRUE,10,1,TRUE,0.0194348903534408,53,1.49510239640155,402.129999465353,11.3438778465208,200,7106.6593684723,7003.6495732651,7402.78936793765,7012.00324631882,7683.6001883647,7019.92477331044
1132,-3529.33965629298,3993.26730980053,1.99663365490026,"gaussian","adaptive_sparse_group_lasso",1,0.017206013481359,0.5,TRUE,"identity",NA,NA,"independent","gaussian",0.2,1000,50,1e-06,1,"PGD",0.9,TRUE,10,1,TRUE,0.0180944169894757,121,3.41334698046393,916.008169892243,25.8401133948923,200,7300.67931258596,7065.50600654689,7974.68748247821,7084.51942598086,8615.78388383052,7102.6044215655
1133,-3461.14805451557,3730.03705777305,1.86501852888652,"gaussian","adaptive_sparse_group_lasso",1,0.0398687858654535,0.5,TRUE,"identity",NA,NA,"independent","gaussian",0.2,1000,50,1e-06,1,"PGD",0.9,TRUE,10,1,TRUE,0.0644739638027621,49,1.382264479692,370.461057111314,10.4505134766147,200,7020.29610903114,6925.06063799052,7292.75716614246,6932.74662250776,7552.37471710331,6940.07029840567
1134,-3538.0030719273,4028.01293482131,2.01400646741066,"gaussian","adaptive_sparse_group_lasso",1,0.0238935386781266,0.5,TRUE,"identity",NA,NA,"independent","gaussian",0.2,1000,50,1e-06,1,"PGD",0.9,TRUE,10,1,TRUE,0.0209084949786416,48,1.35405500051462,363.092514637232,10.2426507311244,200,7172.0061438546,7078.71425385563,7439.09865849183,7086.24879458573,7693.41789208614,7093.42300771021
1135,-3542.62929805203,4046.69060373953,2.02334530186976,"gaussian","adaptive_sparse_group_lasso",1,0.0414501576229537,0.5,TRUE,"identity",NA,NA,"independent","gaussian",0.2,1000,50,1e-06,1,"PGD",0.9,TRUE,10,1,TRUE,0.0657308541054643,45,1.26942656298245,342.898264465772,9.67298145140962,200,7175.25859610407,7087.79744923003,7428.15686056984,7094.93157755548,7666.5811420645,7101.65740235968
1136,-3535.42176448911,4017.6288031556,2.0088144015778,"gaussian","adaptive_sparse_group_lasso",1,0.0312572135994065,0.5,TRUE,"identity",NA,NA,"independent","gaussian",0.2,1000,50,1e-06,1,"PGD",0.9,TRUE,10,1,TRUE,0.0269717760513371,34,0.959122292031186,258.533693788852,7.29310085158979,200,7138.84352897822,7072.76177356228,7329.37722276707,7078.13662982981,7509.5200132297,7083.21836412632
1137,-3506.91766308589,3904.72663592328,1.95236331796164,"gaussian","adaptive_sparse_group_lasso",1,0.0358770860913476,0.5,TRUE,"identity",NA,NA,"independent","gaussian",0.2,1000,50,1e-06,1,"PGD",0.9,TRUE,10,1,TRUE,0.0487324254818421,46,1.29763604215984,349.030301317271,9.84596301728694,200,7105.83532617178,7016.4305982561,7362.86562748905,7023.68128918906,7606.58822635026,7030.5565767667
1138,-3552.23237692379,4085.73848262758,2.04286924131379,"gaussian","adaptive_sparse_group_lasso",1,0.0388677441201642,0.5,TRUE,"identity",NA,NA,"independent","gaussian",0.2,1000,50,1e-06,1,"PGD",0.9,TRUE,10,1,TRUE,0.0560157424022878,52,1.46689291722417,393.699729782762,11.10606432945,200,7208.46475384759,7107.39853968204,7498.16448363035,7115.57081817704,7773.67698669085,7123.34288239523
1139,-3471.92780238213,3770.46341830446,1.88523170915223,"gaussian","adaptive_sparse_group_lasso",1,0.0313116517851054,0.5,TRUE,"identity",NA,NA,"independent","gaussian",0.2,1000,50,1e-06,1,"PGD",0.9,TRUE,10,1,TRUE,0.0332029682315103,40,1.12837916709551,304.003013718375,8.57576668535163,200,7023.85560476426,6946.11236309845,7247.85861848264,6952.43137144961,7459.79131314456,6958.40988238669
1140,-3547.69354453714,4067.23602202702,2.03361801101351,"gaussian","adaptive_sparse_group_lasso",1,0.00586668039754845,0.5,TRUE,"identity",NA,NA,"independent","gaussian",0.2,1000,50,1e-06,1,"PGD",0.9,TRUE,10,1,TRUE,0.0021354589010541,83,2.34138677172319,628.108299179205,17.7186079868403,200,7261.38708907428,7100.06986261772,7723.49538825348,7113.10569706112,8163.25572967697,7125.51110725554
1141,-3433.67013231001,3628.93873657261,1.81446936828631,"gaussian","adaptive_sparse_group_lasso",1,0.0321696501568291,0.5,TRUE,"identity",NA,NA,"independent","gaussian",0.2,1000,50,1e-06,1,"PGD",0.9,TRUE,10,1,TRUE,0.0302264925197498,47,1.32584552133723,355.095172281529,10.0170498684667,200,6961.34026462002,6869.99195566269,7222.43543690155,6877.35731448848,7471.4563531293,6884.38206483954
1142,-3580.92769279828,4204.678386668,2.102339193334,"gaussian","adaptive_sparse_group_lasso",1,0.0179306729779739,0.5,TRUE,"identity",NA,NA,"independent","gaussian",0.2,1000,50,1e-06,1,"PGD",0.9,TRUE,10,1,TRUE,0.013210253557013,57,1.60794031311111,431.866757856065,12.1827363131466,200,7275.85538559657,7165.07126622279,7593.72214345263,7174.03812190972,7895.72623334587,7182.55749999504
1143,-3449.90349768197,3688.32937574518,1.84416468787259,"gaussian","adaptive_sparse_group_lasso",1,0.0279585127439907,0.5,TRUE,"identity",NA,NA,"independent","gaussian",0.2,1000,50,1e-06,1,"PGD",0.9,TRUE,10,1,TRUE,0.0373819303046523,87,2.45422468843274,659.879746051669,18.6148639558245,200,7073.80699536394,6904.7154447408,7559.68674141561,6918.42185931976,8020.64035230529,6931.4251206079
1144,-3584.84224679161,4221.17008499941,2.11058504249971,"gaussian","adaptive_sparse_group_lasso",1,0.01694851749842,0.5,TRUE,"identity",NA,NA,"independent","gaussian",0.2,1000,50,1e-06,1,"PGD",0.9,TRUE,10,1,TRUE,0.011528776932471,49,1.382264479692,371.862985344875,10.4900611419275,200,7267.68449358321,7172.4490225426,7541.54747892809,7180.17455472514,7801.16502988894,7187.49823062305
1145,-3468.33634989067,3756.94626570181,1.87847313285091,"gaussian","adaptive_sparse_group_lasso",1,0.0205159309881597,0.5,TRUE,"identity",NA,NA,"independent","gaussian",0.2,1000,50,1e-06,1,"PGD",0.9,TRUE,10,1,TRUE,0.0154893902456265,51,1.43868343804678,387.029512546541,10.9179009752162,200,7038.67269978134,6939.55006665744,7323.70221232788,6947.59060075656,7593.91639802183,6955.21320220133
1146,-3512.59872186251,3926.97274835303,1.96348637417651,"gaussian","adaptive_sparse_group_lasso",1,0.0199406308795133,0.5,TRUE,"identity",NA,NA,"independent","gaussian",0.2,1000,50,1e-06,1,"PGD",0.9,TRUE,10,1,TRUE,0.0162430550375081,50,1.41047395886939,378.533318330944,10.6782277614043,200,7125.19744372501,7028.01839164275,7403.73076205595,7035.87567148641,7668.64663038336,7043.34881015775
1147,-3597.39916462926,4274.5091572528,2.1372545786264,"gaussian","adaptive_sparse_group_lasso",1,0.0516777899655,0.5,TRUE,"identity",NA,NA,"independent","gaussian",0.2,1000,50,1e-06,1,"PGD",0.9,TRUE,10,1,TRUE,0.0788017549398033,49,1.382264479692,369.866425479146,10.4337392279688,200,7292.79832925851,7197.56285821789,7564.66475473766,7205.23206848648,7824.28230569851,7212.55574438439
1148,-3552.8211188262,4088.14463630682,2.04407231815341,"gaussian","adaptive_sparse_group_lasso",1,0.0369203831377615,0.5,TRUE,"identity",NA,NA,"independent","gaussian",0.2,1000,50,1e-06,1,"PGD",0.9,TRUE,10,1,TRUE,0.0559238460329513,66,1.8618256257076,498.640890751223,14.0663998246407,200,7237.64223765239,7109.36588890381,7604.28312840362,7119.70863747704,7953.97207459579,7129.57318052321
1149,-3548.13306983215,4069.02406805644,2.03451203402822,"gaussian","adaptive_sparse_group_lasso",1,0.0176040534085469,0.5,TRUE,"identity",NA,NA,"independent","gaussian",0.2,1000,50,1e-06,1,"PGD",0.9,TRUE,10,1,TRUE,0.01682754005487,89,2.51064364678752,673.301951720757,18.9934973871613,200,7274.26613966431,7101.28742695788,7769.56809138506,7115.25963705147,8241.11833700784,7128.56182388646
1150,-3521.13958231446,3960.65611229468,1.98032805614734,"gaussian","adaptive_sparse_group_lasso",1,0.0133326787612833,0.5,TRUE,"identity",NA,NA,"independent","gaussian",0.2,1000,50,1e-06,1,"PGD",0.9,TRUE,10,1,TRUE,0.00854694907400659,72,2.03108250077192,545.361480959146,15.3843633412664,200,7186.27916462891,7046.34132963046,7587.64064558806,7057.66352797018,7969.11949597952,7068.42484765691
1151,-3497.69800392393,3868.89183338802,1.93444591669401,"gaussian","adaptive_sparse_group_lasso",1,0.0310404580912864,0.5,TRUE,"identity",NA,NA,"independent","gaussian",0.2,1000,50,1e-06,1,"PGD",0.9,TRUE,10,1,TRUE,0.0424674656584303,80,2.25675833419103,605.538505810626,17.0819258707714,200,7155.39600784787,6999.90952451625,7600.93451365849,7012.47793371864,8024.79990298234,7024.43495559279
1152,-3529.72160165996,3994.79281105913,1.99739640552957,"gaussian","adaptive_sparse_group_lasso",1,0.00857781450399131,0.5,TRUE,"identity",NA,NA,"independent","gaussian",0.2,1000,50,1e-06,1,"PGD",0.9,TRUE,10,1,TRUE,0.00446121436825103,116,3.27229958457699,879.624185268,24.8137401382444,200,7291.44320331992,7065.98780248907,7939.06738858792,7084.25694345816,8553.67220310749,7101.59462517568
1153,-3577.16313115033,4188.87937251148,2.09443968625574,"gaussian","adaptive_sparse_group_lasso",1,0.0210617728468813,0.5,TRUE,"identity",NA,NA,"independent","gaussian",0.2,1000,50,1e-06,1,"PGD",0.9,TRUE,10,1,TRUE,0.0226134663630053,93,2.62348156349707,702.951470547935,19.8298948711361,200,7340.32626230066,7159.57322542765,7857.2777328486,7174.1561571718,8350.02124793756,7188.05619510049
1154,-3529.72735778212,3994.81580564073,1.99740790282037,"gaussian","adaptive_sparse_group_lasso",1,0.0357968615542015,0.5,TRUE,"identity",NA,NA,"independent","gaussian",0.2,1000,50,1e-06,1,"PGD",0.9,TRUE,10,1,TRUE,0.0364086419309985,41,1.1565886462729,311.13984762942,8.77709305295775,200,7141.45471556424,7061.76789285678,7370.59456319366,7068.2318086172,7587.82557522213,7074.3597823277
1155,-3633.01454345836,4429.49090508978,2.21474545254489,"gaussian","adaptive_sparse_group_lasso",1,0.0294931733814945,0.5,TRUE,"identity",NA,NA,"independent","gaussian",0.2,1000,50,1e-06,1,"PGD",0.9,TRUE,10,1,TRUE,0.030314256013933,49,1.382264479692,371.43483302436,10.4779831879572,200,7364.02908691672,7268.7936158761,7637.46391994108,7276.50707010468,7897.08147090193,7283.83074600259
1156,-3531.59371375348,4002.27851584472,2.00113925792236,"gaussian","adaptive_sparse_group_lasso",1,0.0170290707792657,0.5,TRUE,"identity",NA,NA,"independent","gaussian",0.2,1000,50,1e-06,1,"PGD",0.9,TRUE,10,1,TRUE,0.0101613513916521,47,1.32584552133723,356.724454478217,10.0630110706683,200,7157.18742750696,7065.83911854963,7419.91188198518,7073.25043857763,7668.93279821293,7080.27518892869
1157,-3562.49459584062,4127.8831041749,2.06394155208745,"gaussian","adaptive_sparse_group_lasso",1,0.0167287370562464,0.5,TRUE,"identity",NA,NA,"independent","gaussian",0.2,1000,50,1e-06,1,"PGD",0.9,TRUE,10,1,TRUE,0.0102910221708595,46,1.29763604215984,347.132285469961,9.79242097876391,200,7216.98919168123,7127.58446376555,7472.12147715119,7134.78161266,7715.8440760124,7141.65690023763
1158,-3430.76896942964,3618.42585138476,1.80921292569238,"gaussian","adaptive_sparse_group_lasso",1,0.0214928754262377,0.5,TRUE,"identity",NA,NA,"independent","gaussian",0.2,1000,50,1e-06,1,"PGD",0.9,TRUE,10,1,TRUE,0.0188667472741458,56,1.57973083393372,424.766109921668,11.9824307330953,200,6973.53793885928,6864.69740052715,7286.30404878095,6873.52036959237,7583.00982130764,6881.89028490428
1159,-3608.49013168489,4322.18147486879,2.1610907374344,"gaussian","adaptive_sparse_group_lasso",1,0.0144367025469953,0.5,TRUE,"identity",NA,NA,"independent","gaussian",0.2,1000,50,1e-06,1,"PGD",0.9,TRUE,10,1,TRUE,0.00896495386949017,52,1.46689291722417,393.452457335746,11.0990889025048,200,7320.98026336979,7219.91404920424,7610.43272070553,7228.07935227229,7885.94522376603,7235.85141649049
1160,-3461.25161434898,3730.42335979171,1.86521167989586,"gaussian","adaptive_sparse_group_lasso",1,0.011420037573506,0.5,TRUE,"identity",NA,NA,"independent","gaussian",0.2,1000,50,1e-06,1,"PGD",0.9,TRUE,10,1,TRUE,0.00607224558599436,57,1.60794031311111,431.552540166819,12.1738723957847,200,7036.50322869796,6925.71910932419,7354.05576886478,6934.67710109375,7656.05985875802,6943.19647917908
1161,-3593.37266281242,4257.33244260817,2.12866622130409,"gaussian","adaptive_sparse_group_lasso",1,0.00926082688275638,0.5,TRUE,"identity",NA,NA,"independent","gaussian",0.2,1000,50,1e-06,1,"PGD",0.9,TRUE,10,1,TRUE,0.00496822735944501,103,2.90557635527095,779.911533629281,22.0008981681198,200,7392.74532562484,7192.55647833539,7966.65685925413,7208.74622379296,8512.38354800857,7224.14088945593
1162,-3600.34662972153,4287.12670954324,2.14356335477162,"gaussian","adaptive_sparse_group_lasso",1,0.0280468850360551,0.5,TRUE,"identity",NA,NA,"independent","gaussian",0.2,1000,50,1e-06,1,"PGD",0.9,TRUE,10,1,TRUE,0.030956550135681,51,1.43868343804678,385.82533423144,10.8839317321105,200,7302.69325944306,7203.57062631916,7586.5185936745,7211.57719117517,7856.73277936845,7219.19979261994
1163,-3513.77317682506,3931.58751036977,1.96579375518489,"gaussian","adaptive_sparse_group_lasso",1,0.00721325244819558,0.5,TRUE,"identity",NA,NA,"independent","gaussian",0.2,1000,50,1e-06,1,"PGD",0.9,TRUE,10,1,TRUE,0.00280096824644561,80,2.25675833419103,605.724747230509,17.0871796442275,200,7187.54635365011,7032.0598703185,7633.27110088062,7044.63353329434,8057.13649020447,7056.59055516849
1164,-3528.90776563214,3991.54302732073,1.99577151366036,"gaussian","adaptive_sparse_group_lasso",1,0.0280885682374637,0.5,TRUE,"identity",NA,NA,"independent","gaussian",0.2,1000,50,1e-06,1,"PGD",0.9,TRUE,10,1,TRUE,0.0354763117417087,52,1.46689291722417,394.62463480048,11.1321554182884,200,7161.81553126428,7060.74931709873,7452.44016606476,7068.94768668257,7727.95266912526,7076.71975090076
1165,-3453.7807101783,3702.65757127139,1.8513287856357,"gaussian","adaptive_sparse_group_lasso",1,0.00672303272084272,0.5,TRUE,"identity",NA,NA,"independent","gaussian",0.2,1000,50,1e-06,1,"PGD",0.9,TRUE,10,1,TRUE,0.00261258057241347,89,2.51064364678752,672.2556645838,18.9639821719577,200,7085.5614203566,6912.58270765017,7579.8170849404,6926.52540252855,8051.36733056317,6939.82758936354
1166,-3535.91326899526,4019.60397117861,2.00980198558931,"gaussian","adaptive_sparse_group_lasso",1,0.0249980184308336,0.5,TRUE,"identity",NA,NA,"independent","gaussian",0.2,1000,50,1e-06,1,"PGD",0.9,TRUE,10,1,TRUE,0.0208980260044765,38,1.07196020874074,288.783058738975,8.14641968227949,200,7147.82653799052,7073.970458408,7360.60959672949,7079.9729576728,7561.94565665832,7085.65254306302
1167,-3516.9273602301,3944.00803646156,1.97200401823078,"gaussian","adaptive_sparse_group_lasso",1,0.0244899733284078,0.5,TRUE,"identity",NA,NA,"independent","gaussian",0.2,1000,50,1e-06,1,"PGD",0.9,TRUE,10,1,TRUE,0.0225549147577351,52,1.46689291722417,394.569763005192,11.1306075135218,200,7137.85472046019,7036.78850629464,7428.42448346538,7044.98532797371,7703.93698652588,7052.75739219191
1168,-3546.5270328808,4062.49430996712,2.03124715498356,"gaussian","adaptive_sparse_group_lasso",1,0.0223187135685007,0.5,TRUE,"identity",NA,NA,"independent","gaussian",0.2,1000,50,1e-06,1,"PGD",0.9,TRUE,10,1,TRUE,0.0217073175108902,64,1.80540666735282,485.457638085921,13.6945071330887,200,7221.0540657616,7096.6648790963,7578.51170384752,7106.74857289468,7917.60401530659,7116.314190394
1169,-3419.04888942095,3576.26515685683,1.78813257842842,"gaussian","adaptive_sparse_group_lasso",1,0.00836728268105773,0.5,TRUE,"identity",NA,NA,"independent","gaussian",0.2,1000,50,1e-06,1,"PGD",0.9,TRUE,10,1,TRUE,0.00308080579806153,72,2.03108250077192,545.217484711027,15.3803012821035,200,6982.09777884189,6842.15994384344,7383.31526355292,6853.478080124,7764.79411394438,6864.23939981073
1170,-3460.24979746498,3726.688030056,1.863344015028,"gaussian","adaptive_sparse_group_lasso",1,0.00417312280045275,0.5,TRUE,"identity",NA,NA,"independent","gaussian",0.2,1000,50,1e-06,1,"PGD",0.9,TRUE,10,1,TRUE,0.00170512202256936,186,5.24696312699414,1407.85568930486,39.7148757522124,200,7292.49959492996,6930.99352118395,8328.35528423482,6960.21447068217,9313.84231441276,6988.01454653956
1171,-3472.56187700373,3772.85493158848,1.88642746579424,"gaussian","adaptive_sparse_group_lasso",1,0.00563373742720691,0.5,TRUE,"identity",NA,NA,"independent","gaussian",0.2,1000,50,1e-06,1,"PGD",0.9,TRUE,10,1,TRUE,0.00243517309899103,137,3.86469864730213,1037.39775510225,29.2644503712259,200,7219.12375400745,6952.85315130206,7982.52150910971,6974.38820437868,8708.39098832679,6994.86460433816
1172,-3636.83838250246,4446.46099011732,2.22323049505866,"gaussian","adaptive_sparse_group_lasso",1,0.0403363052182433,0.5,TRUE,"identity",NA,NA,"independent","gaussian",0.2,1000,50,1e-06,1,"PGD",0.9,TRUE,10,1,TRUE,0.0554443248069576,54,1.52331187557894,408.44647695941,11.5220623868639,200,7381.67676500492,7276.72338875608,7682.12324196433,7285.19882739178,7968.23237975792,7293.26981715683
1173,-3475.83019002748,3785.20597504186,1.89260298752093,"gaussian","adaptive_sparse_group_lasso",1,0.00834367817751806,0.5,TRUE,"identity",NA,NA,"independent","gaussian",0.2,1000,50,1e-06,1,"PGD",0.9,TRUE,10,1,TRUE,0.00305071198874705,58,1.63614979228849,439.735890876963,12.4047204572438,200,7067.66038005496,6954.93267963954,7391.39627093193,6964.06510051221,7698.69867819171,6972.73394137096
1174,-3558.27964243176,4110.52088538973,2.05526044269487,"gaussian","adaptive_sparse_group_lasso",1,0.00649172903679306,0.5,TRUE,"identity",NA,NA,"independent","gaussian",0.2,1000,50,1e-06,1,"PGD",0.9,TRUE,10,1,TRUE,0.00218038155173859,74,2.0875014591267,560.085475674961,15.7997195636102,200,7264.55928486352,7120.73428778177,7676.64476053848,7132.35900442713,8068.72024566304,7143.41924966071
1175,-3463.429468206,3738.55652990741,1.86927826495371,"gaussian","adaptive_sparse_group_lasso",1,0.0215583793000318,0.5,TRUE,"identity",NA,NA,"independent","gaussian",0.2,1000,50,1e-06,1,"PGD",0.9,TRUE,10,1,TRUE,0.0201396469910807,94,2.65169104267446,711.399652207673,20.0682136757533,200,7114.85893641199,6932.16231849734,7638.25858861966,6946.92715008774,8136.30042107518,6960.97665078987
1176,-3501.33446181326,3882.98650743068,1.94149325371534,"gaussian","adaptive_sparse_group_lasso",1,0.0217834742586096,0.5,TRUE,"identity",NA,NA,"independent","gaussian",0.2,1000,50,1e-06,1,"PGD",0.9,TRUE,10,1,TRUE,0.0201856771679503,50,1.41047395886939,378.221229817479,10.6694239069822,200,7102.66892362652,7005.48987154426,7380.890153444,7013.3383475335,7645.8060217714,7020.81148620484
1177,-3461.9515539917,3733.03534499472,1.86651767249736,"gaussian","adaptive_sparse_group_lasso",1,0.0160535022537827,0.5,TRUE,"identity",NA,NA,"independent","gaussian",0.2,1000,50,1e-06,1,"PGD",0.9,TRUE,10,1,TRUE,0.0114996385904559,60,1.69256875064327,452.776144996833,12.7725792343061,200,7043.90310798341,6927.28824548469,7376.67925298024,6936.67568721771,7694.57829497312,6945.64345362332
1178,-3456.3900621636,3712.33172430204,1.85616586215102,"gaussian","adaptive_sparse_group_lasso",1,0.0162182516361735,0.5,TRUE,"identity",NA,NA,"independent","gaussian",0.2,1000,50,1e-06,1,"PGD",0.9,TRUE,10,1,TRUE,0.0174513957279284,133,3.75186073059258,1006.30483546463,28.3873353021442,200,7178.7801243272,6920.28384578838,7919.08495979183,6941.16745962934,8623.76116954272,6961.04600849511
1179,-3410.62022394567,3546.24869127564,1.77312434563782,"gaussian","adaptive_sparse_group_lasso",1,0.0450402177595655,0.5,TRUE,"identity",NA,NA,"independent","gaussian",0.2,1000,50,1e-06,1,"PGD",0.9,TRUE,10,1,TRUE,0.0820866343612998,76,2.14392041748147,575.671995837824,16.2394071795924,200,6973.24044789134,6825.5282887263,7396.91244372917,6837.47985507093,7799.58456358682,6848.83902585137
1180,-3452.51413889236,3697.97086016336,1.84898543008168,"gaussian","adaptive_sparse_group_lasso",1,0.0075246703685432,0.5,TRUE,"identity",NA,NA,"independent","gaussian",0.2,1000,50,1e-06,1,"PGD",0.9,TRUE,10,1,TRUE,0.00326786598821075,93,2.62348156349707,704.302421774998,19.8680045016456,200,7091.02827778472,6910.27524091172,7609.33069955972,6924.89628228637,8102.07421464869,6938.79632021506
1181,-3485.08109731012,3820.38503278051,1.91019251639025,"gaussian","adaptive_sparse_group_lasso",1,0.0123353868625658,0.5,TRUE,"identity",NA,NA,"independent","gaussian",0.2,1000,50,1e-06,1,"PGD",0.9,TRUE,10,1,TRUE,0.00634783389324547,48,1.35405500051462,364.134020406572,10.2720310664377,200,7066.16219462023,6972.87030462126,7334.2962150268,6980.43422568667,7588.61544862111,6987.60843881116
1182,-3517.88057279308,3947.76930683071,1.97388465341535,"gaussian","adaptive_sparse_group_lasso",1,0.0261544811129593,0.5,TRUE,"identity",NA,NA,"independent","gaussian",0.2,1000,50,1e-06,1,"PGD",0.9,TRUE,10,1,TRUE,0.0258045255500487,55,1.55152135475633,415.990272555945,11.7348689316628,200,7145.76114558616,7038.86418829567,7451.7514181421,7047.49601451782,7743.15887330224,7055.7164670563
1183,-3519.39450002733,3953.75046867839,1.9768752343392,"gaussian","adaptive_sparse_group_lasso",1,0.047882964368097,0.5,TRUE,"identity",NA,NA,"independent","gaussian",0.2,1000,50,1e-06,1,"PGD",0.9,TRUE,10,1,TRUE,0.0915821635896865,54,1.52331187557894,409.025031387519,11.5383831059566,200,7146.78900005467,7041.83562380583,7447.81403144219,7050.32738316062,7733.92316923578,7058.39837292567
1184,-3533.03185954366,4008.03851671115,2.00401925835558,"gaussian","adaptive_sparse_group_lasso",1,0.0162141736688313,0.5,TRUE,"identity",NA,NA,"independent","gaussian",0.2,1000,50,1e-06,1,"PGD",0.9,TRUE,10,1,TRUE,0.0103081927182261,47,1.32584552133723,356.59645610493,10.0594003032223,200,7160.06371908732,7068.71541013,7422.66017519225,7076.12311939055,7671.68109142001,7083.14786974161
1185,-3619.7503762914,4371.12533830237,2.18556266915118,"gaussian","adaptive_sparse_group_lasso",1,0.0431008581767791,0.5,TRUE,"identity",NA,NA,"independent","gaussian",0.2,1000,50,1e-06,1,"PGD",0.9,TRUE,10,1,TRUE,0.0731603975953373,53,1.49510239640155,401.960370653381,11.3390927060816,200,7345.50075258281,7242.49095737561,7641.46112323619,7250.83984528889,7922.27194366323,7258.76137228051
1186,-3504.30251778757,3894.52854897175,1.94726427448587,"gaussian","adaptive_sparse_group_lasso",1,0.0435607369346397,0.5,TRUE,"identity",NA,NA,"independent","gaussian",0.2,1000,50,1e-06,1,"PGD",0.9,TRUE,10,1,TRUE,0.0663271359814505,46,1.29763604215984,347.304777114614,9.79728687822201,200,7100.60503557514,7011.20030765946,7355.90981268976,7018.40232245336,7599.63241155097,7025.277610031
1187,-3526.19160983691,3980.71608508243,1.99035804254121,"gaussian","adaptive_sparse_group_lasso",1,0.0322890046517416,0.5,TRUE,"identity",NA,NA,"independent","gaussian",0.2,1000,50,1e-06,1,"PGD",0.9,TRUE,10,1,TRUE,0.0446551284566817,104,2.93378583444833,786.435875802163,22.1849464627919,200,7260.38321967382,7058.25079134272,7838.81909547598,7074.56816613661,8389.84410159698,7090.112294573
1188,-3486.7470495361,3826.75491621748,1.91337745810874,"gaussian","adaptive_sparse_group_lasso",1,0.0240514450448196,0.5,TRUE,"identity",NA,NA,"independent","gaussian",0.2,1000,50,1e-06,1,"PGD",0.9,TRUE,10,1,TRUE,0.0230350727526418,53,1.49510239640155,400.367813776427,11.2941675060224,200,7079.4940990722,6976.484303865,7373.86191284863,6984.78826657822,7654.67273327567,6992.70979356984
1189,-3616.7920374843,4358.21317727388,2.17910658863694,"gaussian","adaptive_sparse_group_lasso",1,0.0196683222767954,0.5,TRUE,"identity",NA,NA,"independent","gaussian",0.2,1000,50,1e-06,1,"PGD",0.9,TRUE,10,1,TRUE,0.0152747661746702,54,1.52331187557894,407.868852041529,11.5057678887706,200,7341.58407496859,7236.63069871975,7641.45292701012,7245.08984285736,7927.56206480371,7253.16083262241
1190,-3450.67179982738,3691.16421598501,1.84558210799251,"gaussian","adaptive_sparse_group_lasso",1,0.033992012793405,0.5,TRUE,"identity",NA,NA,"independent","gaussian",0.2,1000,50,1e-06,1,"PGD",0.9,TRUE,10,1,TRUE,0.0591679726296711,66,1.8618256257076,500.001994011445,14.1047958387182,200,7033.34359965476,6905.06725090617,7401.3455936662,6915.44839549347,7751.03453985837,6925.31293853965
1191,-3534.25701041705,4012.95197785151,2.00647598892576,"gaussian","adaptive_sparse_group_lasso",1,0.0249116009465787,0.5,TRUE,"identity",NA,NA,"independent","gaussian",0.2,1000,50,1e-06,1,"PGD",0.9,TRUE,10,1,TRUE,0.0294595411169328,93,2.62348156349707,704.143351233678,19.8635172045225,200,7254.51402083411,7073.7609839611,7772.65737206779,7088.37753803863,8265.40088715675,7102.27757596733
1192,-3492.20746447638,3847.70773942825,1.92385386971412,"gaussian","adaptive_sparse_group_lasso",1,0.0114016023492476,0.5,TRUE,"identity",NA,NA,"independent","gaussian",0.2,1000,50,1e-06,1,"PGD",0.9,TRUE,10,1,TRUE,0.0055714428023119,80,2.25675833419103,603.799799746148,17.0328778782499,200,7144.41492895276,6988.92844562114,7588.21472869891,7001.44780683101,8012.08011802275,7013.40482870515
1193,-3543.61255417061,4050.67149383218,2.02533574691609,"gaussian","adaptive_sparse_group_lasso",1,0.0171578218393237,0.5,TRUE,"identity",NA,NA,"independent","gaussian",0.2,1000,50,1e-06,1,"PGD",0.9,TRUE,10,1,TRUE,0.0168129349362997,100,2.82094791773878,757.0134980431,21.3549565100483,200,7287.22510834122,7092.86700417669,7844.23860638432,7108.58006485126,8374.07034303912,7123.52634219395
1194,-3484.01815417264,3816.3263381903,1.90816316909515,"gaussian","adaptive_sparse_group_lasso",1,0.049073551823707,0.5,TRUE,"identity",NA,NA,"independent","gaussian",0.2,1000,50,1e-06,1,"PGD",0.9,TRUE,10,1,TRUE,0.0885078657063025,58,1.63614979228849,439.237767217956,12.3906686482572,200,7084.03630834527,6971.30860792985,7407.27407556323,6980.42697699353,7714.57648282301,6989.09581785229
1195,-3577.00497394722,4188.2169234527,2.09410846172635,"gaussian","adaptive_sparse_group_lasso",1,0.0176285065635085,0.5,TRUE,"identity",NA,NA,"independent","gaussian",0.2,1000,50,1e-06,1,"PGD",0.9,TRUE,10,1,TRUE,0.0100987048016752,45,1.26942656298245,341.861407349441,9.64373225217656,200,7244.00994789445,7156.54880102041,7495.87135524389,7163.65368014662,7734.29563673855,7170.37950495083
1196,-3558.37035646331,4110.89378422435,2.05544689211218,"gaussian","adaptive_sparse_group_lasso",1,0.044542776858781,0.5,TRUE,"identity",NA,NA,"independent","gaussian",0.2,1000,50,1e-06,1,"PGD",0.9,TRUE,10,1,TRUE,0.0983319232809137,86,2.42601520925535,651.817790428853,18.3874403865537,200,7288.74071292663,7121.59274334514,7768.55850335548,7135.12815331318,8224.21379687861,7147.98195182789
1197,-3549.29347800459,4073.74853746518,2.03687426873259,"gaussian","adaptive_sparse_group_lasso",1,0.0608900254845854,0.5,TRUE,"identity",NA,NA,"independent","gaussian",0.2,1000,50,1e-06,1,"PGD",0.9,TRUE,10,1,TRUE,0.127271424253938,51,1.43868343804678,385.978790769665,10.8882606611302,200,7200.58695600919,7101.46432288528,7484.56574677885,7109.47521667032,7754.7799324728,7117.09781811509
1198,-3524.59441240757,3974.36317036448,1.98718158518224,"gaussian","adaptive_sparse_group_lasso",1,0.038981748491983,0.5,TRUE,"identity",NA,NA,"independent","gaussian",0.2,1000,50,1e-06,1,"PGD",0.9,TRUE,10,1,TRUE,0.0597536162018349,47,1.32584552133723,354.934911769761,10.012529002897,200,7143.18882481514,7051.84051585781,7404.1237365849,7059.20135381804,7653.14465281266,7066.2261041691
1199,-3545.67378063479,4059.02945598017,2.02951472799009,"gaussian","adaptive_sparse_group_lasso",1,0.0542103718477822,0.5,TRUE,"identity",NA,NA,"independent","gaussian",0.2,1000,50,1e-06,1,"PGD",0.9,TRUE,10,1,TRUE,0.0802512941144797,40,1.12837916709551,301.237044919317,8.4977401461093,200,7171.34756126957,7093.60431960376,7392.58460618889,7099.84530141568,7604.51730085081,7105.82381235276
1200,-3493.33264111013,3852.03952682611,1.92601976341306,"gaussian","adaptive_sparse_group_lasso",1,0.0360313400858075,0.5,TRUE,"identity",NA,NA,"independent","gaussian",0.2,1000,50,1e-06,1,"PGD",0.9,TRUE,10,1,TRUE,0.0629542047756744,93,2.62348156349707,704.14453570306,19.8635506177869,200,7172.66528222025,6991.91224534725,7690.80981792331,7006.52883283804,8183.55333301228,7020.42887076674
1201,-908.41127047053,1108.07118750596,2.21614237501193,"gaussian","adaptive_sparse_group_lasso",1,18.4150600808836,0.5,TRUE,"identity",NA,NA,"independent","epa",0.00505050505050503,1000,50,1e-06,1,"PGD",0.9,TRUE,10,1,TRUE,0,0,0,0,0,200,1816.82254094106,1816.82254094106,1816.82254094106,1816.82254094106,1816.82254094106,1816.82254094106
1202,-879.92026158517,988.720890908356,1.97744178181671,"gaussian","adaptive_sparse_group_lasso",1,32.331134226725,0.5,TRUE,"identity",NA,NA,"independent","epa",0.00505050505050503,1000,50,1e-06,1,"PGD",0.9,TRUE,10,1,TRUE,0,0,0,0,0,200,1759.84052317034,1759.84052317034,1759.84052317034,1759.84052317034,1759.84052317034,1759.84052317034
1203,-887.516763008889,1019.22527568914,2.03845055137827,"gaussian","adaptive_sparse_group_lasso",1,21.9357785685263,0.5,TRUE,"identity",NA,NA,"independent","epa",0.00505050505050503,1000,50,1e-06,1,"PGD",0.9,TRUE,10,1,TRUE,0,0,0,0,0,200,1775.03352601778,1775.03352601778,1775.03352601778,1775.03352601778,1775.03352601778,1775.03352601778
1204,-893.512573865174,1043.96508821207,2.08793017642414,"gaussian","adaptive_sparse_group_lasso",1,23.4620068964231,0.5,TRUE,"identity",NA,NA,"independent","epa",0.00505050505050503,1000,50,1e-06,1,"PGD",0.9,TRUE,10,1,TRUE,0,0,0,0,0,200,1787.02514773035,1787.02514773035,1787.02514773035,1787.02514773035,1787.02514773035,1787.02514773035
1205,-887.49966028592,1019.15555196396,2.03831110392793,"gaussian","adaptive_sparse_group_lasso",1,24.5624726005092,0.5,TRUE,"identity",NA,NA,"independent","epa",0.00505050505050503,1000,50,1e-06,1,"PGD",0.9,TRUE,10,1,TRUE,0,0,0,0,0,200,1774.99932057184,1774.99932057184,1774.99932057184,1774.99932057184,1774.99932057184,1774.99932057184
1206,-892.393502821384,1039.30244724676,2.07860489449351,"gaussian","adaptive_sparse_group_lasso",1,20.2979596858431,0.5,TRUE,"identity",NA,NA,"independent","epa",0.00505050505050503,1000,50,1e-06,1,"PGD",0.9,TRUE,10,1,TRUE,0,0,0,0,0,200,1784.78700564277,1784.78700564277,1784.78700564277,1784.78700564277,1784.78700564277,1784.78700564277
1207,-898.201826056804,1063.73155085494,2.12746310170988,"gaussian","adaptive_sparse_group_lasso",1,23.095935356334,0.5,TRUE,"identity",NA,NA,"independent","epa",0.00505050505050503,1000,50,1e-06,1,"PGD",0.9,TRUE,10,1,TRUE,0,0,0,0,0,200,1796.40365211361,1796.40365211361,1796.40365211361,1796.40365211361,1796.40365211361,1796.40365211361
1208,-857.033968157772,902.227679622548,1.8044553592451,"gaussian","adaptive_sparse_group_lasso",1,20.9782249064713,0.5,TRUE,"identity",NA,NA,"independent","epa",0.00505050505050503,1000,50,1e-06,1,"PGD",0.9,TRUE,10,1,TRUE,0,0,0,0,0,200,1714.06793631554,1714.06793631554,1714.06793631554,1714.06793631554,1714.06793631554,1714.06793631554
1209,-920.983795516997,1165.22119401037,2.33044238802074,"gaussian","adaptive_sparse_group_lasso",1,25.8636099372086,0.5,TRUE,"identity",NA,NA,"independent","epa",0.00505050505050503,1000,50,1e-06,1,"PGD",0.9,TRUE,10,1,TRUE,0,0,0,0,0,200,1841.96759103399,1841.96759103399,1841.96759103399,1841.96759103399,1841.96759103399,1841.96759103399
1210,-881.802184495777,996.191760819287,1.99238352163857,"gaussian","adaptive_sparse_group_lasso",1,23.0911590172496,0.5,TRUE,"identity",NA,NA,"independent","epa",0.00505050505050503,1000,50,1e-06,1,"PGD",0.9,TRUE,10,1,TRUE,0,0,0,0,0,200,1763.60436899155,1763.60436899155,1763.60436899155,1763.60436899155,1763.60436899155,1763.60436899155
1211,-855.254064042997,895.826976896137,1.79165395379227,"gaussian","adaptive_sparse_group_lasso",1,23.209807116263,0.5,TRUE,"identity",NA,NA,"independent","epa",0.00505050505050503,1000,50,1e-06,1,"PGD",0.9,TRUE,10,1,TRUE,0,0,0,0,0,200,1710.50812808599,1710.50812808599,1710.50812808599,1710.50812808599,1710.50812808599,1710.50812808599
1212,-936.290394073547,1238.79276568678,2.47758553137356,"gaussian","adaptive_sparse_group_lasso",1,28.8692226404911,0.5,TRUE,"identity",NA,NA,"independent","epa",0.00505050505050503,1000,50,1e-06,1,"PGD",0.9,TRUE,10,1,TRUE,0,0,0,0,0,200,1872.58078814709,1872.58078814709,1872.58078814709,1872.58078814709,1872.58078814709,1872.58078814709
1213,-923.20960939375,1175.6417757389,2.35128355147779,"gaussian","adaptive_sparse_group_lasso",1,32.8465942547688,0.5,TRUE,"identity",NA,NA,"independent","epa",0.00505050505050503,1000,50,1e-06,1,"PGD",0.9,TRUE,10,1,TRUE,0,0,0,0,0,200,1846.4192187875,1846.4192187875,1846.4192187875,1846.4192187875,1846.4192187875,1846.4192187875
1214,-902.497668897015,1082.16799158629,2.16433598317257,"gaussian","adaptive_sparse_group_lasso",1,25.077477755284,0.5,TRUE,"identity",NA,NA,"independent","epa",0.00505050505050503,1000,50,1e-06,1,"PGD",0.9,TRUE,10,1,TRUE,0,0,0,0,0,200,1804.99533779403,1804.99533779403,1804.99533779403,1804.99533779403,1804.99533779403,1804.99533779403
1215,-915.73927712984,1141.03170959523,2.28206341919047,"gaussian","adaptive_sparse_group_lasso",1,21.7207855972941,0.5,TRUE,"identity",NA,NA,"independent","epa",0.00505050505050503,1000,50,1e-06,1,"PGD",0.9,TRUE,10,1,TRUE,0,0,0,0,0,200,1831.47855425968,1831.47855425968,1831.47855425968,1831.47855425968,1831.47855425968,1831.47855425968
1216,-877.165051225548,977.884179267497,1.95576835853499,"gaussian","adaptive_sparse_group_lasso",1,18.1725355201951,0.5,TRUE,"identity",NA,NA,"independent","epa",0.00505050505050503,1000,50,1e-06,1,"PGD",0.9,TRUE,10,1,TRUE,0,0,0,0,0,200,1754.3301024511,1754.3301024511,1754.3301024511,1754.3301024511,1754.3301024511,1754.3301024511
1217,-924.172736664887,1180.17968190991,2.36035936381983,"gaussian","adaptive_sparse_group_lasso",1,20.3120932730009,0.5,TRUE,"identity",NA,NA,"independent","epa",0.00505050505050503,1000,50,1e-06,1,"PGD",0.9,TRUE,10,1,TRUE,0,0,0,0,0,200,1848.34547332977,1848.34547332977,1848.34547332977,1848.34547332977,1848.34547332977,1848.34547332977
1218,-914.472886736917,1135.26635791518,2.27053271583036,"gaussian","adaptive_sparse_group_lasso",1,25.4113530585467,0.5,TRUE,"identity",NA,NA,"independent","epa",0.00505050505050503,1000,50,1e-06,1,"PGD",0.9,TRUE,10,1,TRUE,0,0,0,0,0,200,1828.94577347383,1828.94577347383,1828.94577347383,1828.94577347383,1828.94577347383,1828.94577347383
1219,-907.989972981274,1106.20544957207,2.21241089914413,"gaussian","adaptive_sparse_group_lasso",1,33.9418459706504,0.5,TRUE,"identity",NA,NA,"independent","epa",0.00505050505050503,1000,50,1e-06,1,"PGD",0.9,TRUE,10,1,TRUE,0,0,0,0,0,200,1815.97994596255,1815.97994596255,1815.97994596255,1815.97994596255,1815.97994596255,1815.97994596255
1220,-924.465679290613,1181.56339218642,2.36312678437283,"gaussian","adaptive_sparse_group_lasso",1,22.2511179667955,0.5,TRUE,"identity",NA,NA,"independent","epa",0.00505050505050503,1000,50,1e-06,1,"PGD",0.9,TRUE,10,1,TRUE,0,0,0,0,0,200,1848.93135858123,1848.93135858123,1848.93135858123,1848.93135858123,1848.93135858123,1848.93135858123
1221,-872.481948785496,959.736557138795,1.91947311427759,"gaussian","adaptive_sparse_group_lasso",1,18.9013440163568,0.5,TRUE,"identity",NA,NA,"independent","epa",0.00505050505050503,1000,50,1e-06,1,"PGD",0.9,TRUE,10,1,TRUE,0,0,0,0,0,200,1744.96389757099,1744.96389757099,1744.96389757099,1744.96389757099,1744.96389757099,1744.96389757099
1222,-871.141635748431,954.604935709795,1.90920987141959,"gaussian","adaptive_sparse_group_lasso",1,20.9729504355356,0.5,TRUE,"identity",NA,NA,"independent","epa",0.00505050505050503,1000,50,1e-06,1,"PGD",0.9,TRUE,10,1,TRUE,0,0,0,0,0,200,1742.28327149686,1742.28327149686,1742.28327149686,1742.28327149686,1742.28327149686,1742.28327149686
1223,-860.579595715163,915.11470207093,1.83022940414186,"gaussian","adaptive_sparse_group_lasso",1,20.6087322474309,0.5,TRUE,"identity",NA,NA,"independent","epa",0.00505050505050503,1000,50,1e-06,1,"PGD",0.9,TRUE,10,1,TRUE,0,0,0,0,0,200,1721.15919143033,1721.15919143033,1721.15919143033,1721.15919143033,1721.15919143033,1721.15919143033
1224,-942.616954181475,1270.54198560944,2.54108397121888,"gaussian","adaptive_sparse_group_lasso",1,31.9085221105023,0.5,TRUE,"identity",NA,NA,"independent","epa",0.00505050505050503,1000,50,1e-06,1,"PGD",0.9,TRUE,10,1,TRUE,0,0,0,0,0,200,1885.23390836295,1885.23390836295,1885.23390836295,1885.23390836295,1885.23390836295,1885.23390836295
1225,-862.599243848023,922.537483311257,1.84507496662251,"gaussian","adaptive_sparse_group_lasso",1,28.5185800360876,0.5,TRUE,"identity",NA,NA,"independent","epa",0.00505050505050503,1000,50,1e-06,1,"PGD",0.9,TRUE,10,1,TRUE,0,0,0,0,0,200,1725.19848769605,1725.19848769605,1725.19848769605,1725.19848769605,1725.19848769605,1725.19848769605
1226,-877.453777457068,979.014194927992,1.95802838985598,"gaussian","adaptive_sparse_group_lasso",1,30.6182324217123,0.5,TRUE,"identity",NA,NA,"independent","epa",0.00505050505050503,1000,50,1e-06,1,"PGD",0.9,TRUE,10,1,TRUE,0,0,0,0,0,200,1754.90755491414,1754.90755491414,1754.90755491414,1754.90755491414,1754.90755491414,1754.90755491414
1227,-953.189637891517,1325.4265134671,2.6508530269342,"gaussian","adaptive_sparse_group_lasso",1,22.6699367783631,0.5,TRUE,"identity",NA,NA,"independent","epa",0.00505050505050503,1000,50,1e-06,1,"PGD",0.9,TRUE,10,1,TRUE,0,0,0,0,0,200,1906.37927578303,1906.37927578303,1906.37927578303,1906.37927578303,1906.37927578303,1906.37927578303
1228,-912.702279706669,1127.25432136437,2.25450864272873,"gaussian","adaptive_sparse_group_lasso",1,23.5194393246207,0.5,TRUE,"identity",NA,NA,"independent","epa",0.00505050505050503,1000,50,1e-06,1,"PGD",0.9,TRUE,10,1,TRUE,0,0,0,0,0,200,1825.40455941334,1825.40455941334,1825.40455941334,1825.40455941334,1825.40455941334,1825.40455941334
1229,-905.232947842717,1094.07312584341,2.18814625168682,"gaussian","adaptive_sparse_group_lasso",1,15.9344971048643,0.5,TRUE,"identity",NA,NA,"independent","epa",0.00505050505050503,1000,50,1e-06,1,"PGD",0.9,TRUE,10,1,TRUE,0,0,0,0,0,200,1810.46589568543,1810.46589568543,1810.46589568543,1810.46589568543,1810.46589568543,1810.46589568543
1230,-927.981065784351,1198.29536314132,2.39659072628265,"gaussian","adaptive_sparse_group_lasso",1,31.494367085907,0.5,TRUE,"identity",NA,NA,"independent","epa",0.00505050505050503,1000,50,1e-06,1,"PGD",0.9,TRUE,10,1,TRUE,0,0,0,0,0,200,1855.9621315687,1855.9621315687,1855.9621315687,1855.9621315687,1855.9621315687,1855.9621315687
1231,-929.510035480729,1205.64644859201,2.41129289718402,"gaussian","adaptive_sparse_group_lasso",1,26.758168736355,0.5,TRUE,"identity",NA,NA,"independent","epa",0.00505050505050503,1000,50,1e-06,1,"PGD",0.9,TRUE,10,1,TRUE,0,0,0,0,0,200,1859.02007096146,1859.02007096146,1859.02007096146,1859.02007096146,1859.02007096146,1859.02007096146
1232,-884.251522541445,1005.99977014808,2.01199954029616,"gaussian","adaptive_sparse_group_lasso",1,21.6174662975169,0.5,TRUE,"identity",NA,NA,"independent","epa",0.00505050505050503,1000,50,1e-06,1,"PGD",0.9,TRUE,10,1,TRUE,0,0,0,0,0,200,1768.50304508289,1768.50304508289,1768.50304508289,1768.50304508289,1768.50304508289,1768.50304508289
1233,-902.744736281248,1083.23799388446,2.16647598776892,"gaussian","adaptive_sparse_group_lasso",1,26.547232275821,0.5,TRUE,"identity",NA,NA,"independent","epa",0.00505050505050503,1000,50,1e-06,1,"PGD",0.9,TRUE,10,1,TRUE,0,0,0,0,0,200,1805.4894725625,1805.4894725625,1805.4894725625,1805.4894725625,1805.4894725625,1805.4894725625
1234,-913.54109117394,1131.04288900329,2.26208577800657,"gaussian","adaptive_sparse_group_lasso",1,29.3083690562375,0.5,TRUE,"identity",NA,NA,"independent","epa",0.00505050505050503,1000,50,1e-06,1,"PGD",0.9,TRUE,10,1,TRUE,0,0,0,0,0,200,1827.08218234788,1827.08218234788,1827.08218234788,1827.08218234788,1827.08218234788,1827.08218234788
1235,-864.347459646558,929.011270496852,1.8580225409937,"gaussian","adaptive_sparse_group_lasso",1,21.6778579158019,0.5,TRUE,"identity",NA,NA,"independent","epa",0.00505050505050503,1000,50,1e-06,1,"PGD",0.9,TRUE,10,1,TRUE,0,0,0,0,0,200,1728.69491929312,1728.69491929312,1728.69491929312,1728.69491929312,1728.69491929312,1728.69491929312
1236,-872.17143097588,958.545235970705,1.91709047194141,"gaussian","adaptive_sparse_group_lasso",1,21.5952522778115,0.5,TRUE,"identity",NA,NA,"independent","epa",0.00505050505050503,1000,50,1e-06,1,"PGD",0.9,TRUE,10,1,TRUE,0,0,0,0,0,200,1744.34286195176,1744.34286195176,1744.34286195176,1744.34286195176,1744.34286195176,1744.34286195176
1237,-908.350723672114,1107.80285934882,2.21560571869763,"gaussian","adaptive_sparse_group_lasso",1,19.6460062040933,0.5,TRUE,"identity",NA,NA,"independent","epa",0.00505050505050503,1000,50,1e-06,1,"PGD",0.9,TRUE,10,1,TRUE,0,0,0,0,0,200,1816.70144734423,1816.70144734423,1816.70144734423,1816.70144734423,1816.70144734423,1816.70144734423
1238,-890.68785339695,1032.2358384885,2.064471676977,"gaussian","adaptive_sparse_group_lasso",1,31.959117349953,0.5,TRUE,"identity",NA,NA,"independent","epa",0.00505050505050503,1000,50,1e-06,1,"PGD",0.9,TRUE,10,1,TRUE,0,0,0,0,0,200,1781.3757067939,1781.3757067939,1781.3757067939,1781.3757067939,1781.3757067939,1781.3757067939
1239,-890.794056694883,1032.67443904472,2.06534887808944,"gaussian","adaptive_sparse_group_lasso",1,30.5712840047424,0.5,TRUE,"identity",NA,NA,"independent","epa",0.00505050505050503,1000,50,1e-06,1,"PGD",0.9,TRUE,10,1,TRUE,0,0,0,0,0,200,1781.58811338977,1781.58811338977,1781.58811338977,1781.58811338977,1781.58811338977,1781.58811338977
1240,-877.941446300086,980.925797658974,1.96185159531795,"gaussian","adaptive_sparse_group_lasso",1,33.4487915827728,0.5,TRUE,"identity",NA,NA,"independent","epa",0.00505050505050503,1000,50,1e-06,1,"PGD",0.9,TRUE,10,1,TRUE,0,0,0,0,0,200,1755.88289260017,1755.88289260017,1755.88289260017,1755.88289260017,1755.88289260017,1755.88289260017
1241,-893.299172675716,1043.07433487549,2.08614866975097,"gaussian","adaptive_sparse_group_lasso",1,38.8978318087842,0.5,TRUE,"identity",NA,NA,"independent","epa",0.00505050505050503,1000,50,1e-06,1,"PGD",0.9,TRUE,10,1,TRUE,0,0,0,0,0,200,1786.59834535143,1786.59834535143,1786.59834535143,1786.59834535143,1786.59834535143,1786.59834535143
1242,-858.46993665347,907.424873442419,1.81484974688484,"gaussian","adaptive_sparse_group_lasso",1,25.7019385353317,0.5,TRUE,"identity",NA,NA,"independent","epa",0.00505050505050503,1000,50,1e-06,1,"PGD",0.9,TRUE,10,1,TRUE,0,0,0,0,0,200,1716.93987330694,1716.93987330694,1716.93987330694,1716.93987330694,1716.93987330694,1716.93987330694
1243,-858.564383212239,907.767750832073,1.81553550166415,"gaussian","adaptive_sparse_group_lasso",1,21.4742749153722,0.5,TRUE,"identity",NA,NA,"independent","epa",0.00505050505050503,1000,50,1e-06,1,"PGD",0.9,TRUE,10,1,TRUE,0,0,0,0,0,200,1717.12876642448,1717.12876642448,1717.12876642448,1717.12876642448,1717.12876642448,1717.12876642448
1244,-866.97809790483,938.838453711915,1.87767690742383,"gaussian","adaptive_sparse_group_lasso",1,19.4095965273156,0.5,TRUE,"identity",NA,NA,"independent","epa",0.00505050505050503,1000,50,1e-06,1,"PGD",0.9,TRUE,10,1,TRUE,0,0,0,0,0,200,1733.95619580966,1733.95619580966,1733.95619580966,1733.95619580966,1733.95619580966,1733.95619580966
1245,-843.145077843923,853.470811784081,1.70694162356816,"gaussian","adaptive_sparse_group_lasso",1,15.9206582652751,0.5,TRUE,"identity",NA,NA,"independent","epa",0.00505050505050503,1000,50,1e-06,1,"PGD",0.9,TRUE,10,1,TRUE,0,0,0,0,0,200,1686.29015568785,1686.29015568785,1686.29015568785,1686.29015568785,1686.29015568785,1686.29015568785
1246,-907.106648945993,1102.30379503534,2.20460759007068,"gaussian","adaptive_sparse_group_lasso",1,20.8667794528922,0.5,TRUE,"identity",NA,NA,"independent","epa",0.00505050505050503,1000,50,1e-06,1,"PGD",0.9,TRUE,10,1,TRUE,0,0,0,0,0,200,1814.21329789199,1814.21329789199,1814.21329789199,1814.21329789199,1814.21329789199,1814.21329789199
1247,-891.892252800323,1037.2207333681,2.0744414667362,"gaussian","adaptive_sparse_group_lasso",1,34.0695513841376,0.5,TRUE,"identity",NA,NA,"independent","epa",0.00505050505050503,1000,50,1e-06,1,"PGD",0.9,TRUE,10,1,TRUE,0,0,0,0,0,200,1783.78450560065,1783.78450560065,1783.78450560065,1783.78450560065,1783.78450560065,1783.78450560065
1248,-916.877122128512,1146.2368147119,2.2924736294238,"gaussian","adaptive_sparse_group_lasso",1,27.7112914166745,0.5,TRUE,"identity",NA,NA,"independent","epa",0.00505050505050503,1000,50,1e-06,1,"PGD",0.9,TRUE,10,1,TRUE,0,0,0,0,0,200,1833.75424425702,1833.75424425702,1833.75424425702,1833.75424425702,1833.75424425702,1833.75424425702
1249,-945.395121067905,1284.73983819717,2.56947967639433,"gaussian","adaptive_sparse_group_lasso",1,19.2030531226601,0.5,TRUE,"identity",NA,NA,"independent","epa",0.00505050505050503,1000,50,1e-06,1,"PGD",0.9,TRUE,10,1,TRUE,0,0,0,0,0,200,1890.79024213581,1890.79024213581,1890.79024213581,1890.79024213581,1890.79024213581,1890.79024213581
1250,-876.17297245638,974.011316188476,1.94802263237695,"gaussian","adaptive_sparse_group_lasso",1,23.0740846598282,0.5,TRUE,"identity",NA,NA,"independent","epa",0.00505050505050503,1000,50,1e-06,1,"PGD",0.9,TRUE,10,1,TRUE,0,0,0,0,0,200,1752.34594491276,1752.34594491276,1752.34594491276,1752.34594491276,1752.34594491276,1752.34594491276
1251,-880.260179441461,990.066140792851,1.9801322815857,"gaussian","adaptive_sparse_group_lasso",1,20.0828740901955,0.5,TRUE,"identity",NA,NA,"independent","epa",0.00505050505050503,1000,50,1e-06,1,"PGD",0.9,TRUE,10,1,TRUE,0,0,0,0,0,200,1760.52035888292,1760.52035888292,1760.52035888292,1760.52035888292,1760.52035888292,1760.52035888292
1252,-907.420084696496,1103.68666740659,2.20737333481319,"gaussian","adaptive_sparse_group_lasso",1,22.919001367568,0.5,TRUE,"identity",NA,NA,"independent","epa",0.00505050505050503,1000,50,1e-06,1,"PGD",0.9,TRUE,10,1,TRUE,0,0,0,0,0,200,1814.84016939299,1814.84016939299,1814.84016939299,1814.84016939299,1814.84016939299,1814.84016939299
1253,-901.037155088998,1075.8643374852,2.1517286749704,"gaussian","adaptive_sparse_group_lasso",1,22.7836037071925,0.5,TRUE,"identity",NA,NA,"independent","epa",0.00505050505050503,1000,50,1e-06,1,"PGD",0.9,TRUE,10,1,TRUE,0,0,0,0,0,200,1802.074310178,1802.074310178,1802.074310178,1802.074310178,1802.074310178,1802.074310178
1254,-927.685187844968,1196.87800538527,2.39375601077055,"gaussian","adaptive_sparse_group_lasso",1,29.2880931470692,0.5,TRUE,"identity",NA,NA,"independent","epa",0.00505050505050503,1000,50,1e-06,1,"PGD",0.9,TRUE,10,1,TRUE,0,0,0,0,0,200,1855.37037568994,1855.37037568994,1855.37037568994,1855.37037568994,1855.37037568994,1855.37037568994
1255,-879.971866297304,988.925002601705,1.97785000520341,"gaussian","adaptive_sparse_group_lasso",1,24.384432882206,0.5,TRUE,"identity",NA,NA,"independent","epa",0.00505050505050503,1000,50,1e-06,1,"PGD",0.9,TRUE,10,1,TRUE,0,0,0,0,0,200,1759.94373259461,1759.94373259461,1759.94373259461,1759.94373259461,1759.94373259461,1759.94373259461
1256,-896.775078862656,1057.6781366462,2.1153562732924,"gaussian","adaptive_sparse_group_lasso",1,24.8396811469047,0.5,TRUE,"identity",NA,NA,"independent","epa",0.00505050505050503,1000,50,1e-06,1,"PGD",0.9,TRUE,10,1,TRUE,0,0,0,0,0,200,1793.55015772531,1793.55015772531,1793.55015772531,1793.55015772531,1793.55015772531,1793.55015772531
1257,-890.590821129657,1031.83527549344,2.06367055098689,"gaussian","adaptive_sparse_group_lasso",1,17.3838954046187,0.5,TRUE,"identity",NA,NA,"independent","epa",0.00505050505050503,1000,50,1e-06,1,"PGD",0.9,TRUE,10,1,TRUE,0,0,0,0,0,200,1781.18164225931,1781.18164225931,1781.18164225931,1781.18164225931,1781.18164225931,1781.18164225931
1258,-902.379617815535,1081.65710780954,2.16331421561909,"gaussian","adaptive_sparse_group_lasso",1,25.5355730443414,0.5,TRUE,"identity",NA,NA,"independent","epa",0.00505050505050503,1000,50,1e-06,1,"PGD",0.9,TRUE,10,1,TRUE,0,0,0,0,0,200,1804.75923563107,1804.75923563107,1804.75923563107,1804.75923563107,1804.75923563107,1804.75923563107
1259,-925.870006666419,1188.21927603608,2.37643855207217,"gaussian","adaptive_sparse_group_lasso",1,26.006177900218,0.5,TRUE,"identity",NA,NA,"independent","epa",0.00505050505050503,1000,50,1e-06,1,"PGD",0.9,TRUE,10,1,TRUE,0,0,0,0,0,200,1851.74001333284,1851.74001333284,1851.74001333284,1851.74001333284,1851.74001333284,1851.74001333284
1260,-1815.4054214129,2209.87019037232,2.20987019037232,"gaussian","adaptive_sparse_group_lasso",1,15.4803246822301,0.5,TRUE,"identity",NA,NA,"independent","epa",0.00505050505050503,1000,50,1e-06,1,"PGD",0.9,TRUE,10,1,TRUE,0,0,0,0,0,200,3630.81084282581,3630.81084282581,3630.81084282581,3630.81084282581,3630.81084282581,3630.81084282581
1261,-1915.58533278635,2700.11293297505,2.70011293297505,"gaussian","adaptive_sparse_group_lasso",1,22.4367787819298,0.5,TRUE,"identity",NA,NA,"independent","epa",0.00505050505050503,1000,50,1e-06,1,"PGD",0.9,TRUE,10,1,TRUE,0,0,0,0,0,200,3831.1706655727,3831.1706655727,3831.1706655727,3831.1706655727,3831.1706655727,3831.1706655727
1262,-1720.83897742414,1829.05764921477,1.82905764921477,"gaussian","adaptive_sparse_group_lasso",1,11.7866399380603,0.5,TRUE,"identity",NA,NA,"independent","epa",0.00505050505050503,1000,50,1e-06,1,"PGD",0.9,TRUE,10,1,TRUE,0,0,0,0,0,200,3441.67795484828,3441.67795484828,3441.67795484828,3441.67795484828,3441.67795484828,3441.67795484828
1263,-1772.75332948488,2029.17558044977,2.02917558044977,"gaussian","adaptive_sparse_group_lasso",1,15.58312138124,0.5,TRUE,"identity",NA,NA,"independent","epa",0.00505050505050503,1000,50,1e-06,1,"PGD",0.9,TRUE,10,1,TRUE,0,0,0,0,0,200,3545.50665896975,3545.50665896975,3545.50665896975,3545.50665896975,3545.50665896975,3545.50665896975
1264,-1777.5206896442,2048.61573301907,2.04861573301907,"gaussian","adaptive_sparse_group_lasso",1,15.8041230048399,0.5,TRUE,"identity",NA,NA,"independent","epa",0.00505050505050503,1000,50,1e-06,1,"PGD",0.9,TRUE,10,1,TRUE,0,0,0,0,0,200,3555.0413792884,3555.0413792884,3555.0413792884,3555.0413792884,3555.0413792884,3555.0413792884
1265,-1738.88135587035,1896.26402026208,1.89626402026208,"gaussian","adaptive_sparse_group_lasso",1,12.7164191975233,0.5,TRUE,"identity",NA,NA,"independent","epa",0.00505050505050503,1000,50,1e-06,1,"PGD",0.9,TRUE,10,1,TRUE,0,0,0,0,0,200,3477.76271174071,3477.76271174071,3477.76271174071,3477.76271174071,3477.76271174071,3477.76271174071
1266,-1800.62156320246,2145.48591386495,2.14548591386495,"gaussian","adaptive_sparse_group_lasso",1,15.6083453731233,0.5,TRUE,"identity",NA,NA,"independent","epa",0.00505050505050503,1000,50,1e-06,1,"PGD",0.9,TRUE,10,1,TRUE,0,0,0,0,0,200,3601.24312640491,3601.24312640491,3601.24312640491,3601.24312640491,3601.24312640491,3601.24312640491
1267,-1749.88272726847,1938.44942519234,1.93844942519234,"gaussian","adaptive_sparse_group_lasso",1,21.0620894930451,0.5,TRUE,"identity",NA,NA,"independent","epa",0.00505050505050503,1000,50,1e-06,1,"PGD",0.9,TRUE,10,1,TRUE,0,0,0,0,0,200,3499.76545453695,3499.76545453695,3499.76545453695,3499.76545453695,3499.76545453695,3499.76545453695
1268,-1752.77373136445,1949.6900209409,1.9496900209409,"gaussian","adaptive_sparse_group_lasso",1,17.3142474126182,0.5,TRUE,"identity",NA,NA,"independent","epa",0.00505050505050503,1000,50,1e-06,1,"PGD",0.9,TRUE,10,1,TRUE,0,0,0,0,0,200,3505.54746272889,3505.54746272889,3505.54746272889,3505.54746272889,3505.54746272889,3505.54746272889
1269,-1752.58893115413,1948.96954784083,1.94896954784083,"gaussian","adaptive_sparse_group_lasso",1,13.3970756093008,0.5,TRUE,"identity",NA,NA,"independent","epa",0.00505050505050503,1000,50,1e-06,1,"PGD",0.9,TRUE,10,1,TRUE,0,0,0,0,0,200,3505.17786230826,3505.17786230826,3505.17786230826,3505.17786230826,3505.17786230826,3505.17786230826
1270,-1805.99737352924,2168.6778163877,2.1686778163877,"gaussian","adaptive_sparse_group_lasso",1,14.2594818656826,0.5,TRUE,"identity",NA,NA,"independent","epa",0.00505050505050503,1000,50,1e-06,1,"PGD",0.9,TRUE,10,1,TRUE,0,0,0,0,0,200,3611.99474705848,3611.99474705848,3611.99474705848,3611.99474705848,3611.99474705848,3611.99474705848
1271,-1790.40501874362,2102.09185651282,2.10209185651282,"gaussian","adaptive_sparse_group_lasso",1,16.9582552565641,0.5,TRUE,"identity",NA,NA,"independent","epa",0.00505050505050503,1000,50,1e-06,1,"PGD",0.9,TRUE,10,1,TRUE,0,0,0,0,0,200,3580.81003748724,3580.81003748724,3580.81003748724,3580.81003748724,3580.81003748724,3580.81003748724
1272,-1770.31304935289,2019.29619482215,2.01929619482215,"gaussian","adaptive_sparse_group_lasso",1,14.9322751227335,0.5,TRUE,"identity",NA,NA,"independent","epa",0.00505050505050503,1000,50,1e-06,1,"PGD",0.9,TRUE,10,1,TRUE,0,0,0,0,0,200,3540.62609870579,3540.62609870579,3540.62609870579,3540.62609870579,3540.62609870579,3540.62609870579
1273,-1753.88086796805,1954.01195051718,1.95401195051718,"gaussian","adaptive_sparse_group_lasso",1,14.2994360642205,0.5,TRUE,"identity",NA,NA,"independent","epa",0.00505050505050503,1000,50,1e-06,1,"PGD",0.9,TRUE,10,1,TRUE,0,0,0,0,0,200,3507.7617359361,3507.7617359361,3507.7617359361,3507.7617359361,3507.7617359361,3507.7617359361
1274,-1776.54444806152,2044.61974760464,2.04461974760464,"gaussian","adaptive_sparse_group_lasso",1,14.8180201259823,0.5,TRUE,"identity",NA,NA,"independent","epa",0.00505050505050503,1000,50,1e-06,1,"PGD",0.9,TRUE,10,1,TRUE,0,0,0,0,0,200,3553.08889612304,3553.08889612304,3553.08889612304,3553.08889612304,3553.08889612304,3553.08889612304
1275,-1769.28249923305,2015.13850912636,2.01513850912636,"gaussian","adaptive_sparse_group_lasso",1,14.6377072823161,0.5,TRUE,"identity",NA,NA,"independent","epa",0.00505050505050503,1000,50,1e-06,1,"PGD",0.9,TRUE,10,1,TRUE,0,0,0,0,0,200,3538.5649984661,3538.5649984661,3538.5649984661,3538.5649984661,3538.5649984661,3538.5649984661
1276,-1800.79319388507,2146.22250270285,2.14622250270285,"gaussian","adaptive_sparse_group_lasso",1,26.9874234166851,0.5,TRUE,"identity",NA,NA,"independent","epa",0.00505050505050503,1000,50,1e-06,1,"PGD",0.9,TRUE,10,1,TRUE,0,0,0,0,0,200,3601.58638777015,3601.58638777015,3601.58638777015,3601.58638777015,3601.58638777015,3601.58638777015
1277,-1782.63494288682,2069.67754413814,2.06967754413814,"gaussian","adaptive_sparse_group_lasso",1,12.895643617597,0.5,TRUE,"identity",NA,NA,"independent","epa",0.00505050505050503,1000,50,1e-06,1,"PGD",0.9,TRUE,10,1,TRUE,0,0,0,0,0,200,3565.26988577364,3565.26988577364,3565.26988577364,3565.26988577364,3565.26988577364,3565.26988577364
1278,-1793.21035688567,2113.9191620037,2.1139191620037,"gaussian","adaptive_sparse_group_lasso",1,16.9574812613447,0.5,TRUE,"identity",NA,NA,"independent","epa",0.00505050505050503,1000,50,1e-06,1,"PGD",0.9,TRUE,10,1,TRUE,0,0,0,0,0,200,3586.42071377133,3586.42071377133,3586.42071377133,3586.42071377133,3586.42071377133,3586.42071377133
1279,-1798.72602364709,2137.36760533268,2.13736760533268,"gaussian","adaptive_sparse_group_lasso",1,14.4287424523623,0.5,TRUE,"identity",NA,NA,"independent","epa",0.00505050505050503,1000,50,1e-06,1,"PGD",0.9,TRUE,10,1,TRUE,0,0,0,0,0,200,3597.45204729418,3597.45204729418,3597.45204729418,3597.45204729418,3597.45204729418,3597.45204729418
1280,-1879.18393301911,2510.52225100216,2.51052225100216,"gaussian","adaptive_sparse_group_lasso",1,18.1917845573967,0.5,TRUE,"identity",NA,NA,"independent","epa",0.00505050505050503,1000,50,1e-06,1,"PGD",0.9,TRUE,10,1,TRUE,0,0,0,0,0,200,3758.36786603822,3758.36786603822,3758.36786603822,3758.36786603822,3758.36786603822,3758.36786603822
1281,-1843.87495485078,2339.34936904878,2.33934936904878,"gaussian","adaptive_sparse_group_lasso",1,16.9607106580873,0.5,TRUE,"identity",NA,NA,"independent","epa",0.00505050505050503,1000,50,1e-06,1,"PGD",0.9,TRUE,10,1,TRUE,0,0,0,0,0,200,3687.74990970155,3687.74990970155,3687.74990970155,3687.74990970155,3687.74990970155,3687.74990970155
1282,-1802.23459760902,2152.41857567004,2.15241857567004,"gaussian","adaptive_sparse_group_lasso",1,17.6232806715711,0.5,TRUE,"identity",NA,NA,"independent","epa",0.00505050505050503,1000,50,1e-06,1,"PGD",0.9,TRUE,10,1,TRUE,0,0,0,0,0,200,3604.46919521804,3604.46919521804,3604.46919521804,3604.46919521804,3604.46919521804,3604.46919521804
1283,-1763.51217976901,1992.01620292669,1.99201620292669,"gaussian","adaptive_sparse_group_lasso",1,15.4523000353256,0.5,TRUE,"identity",NA,NA,"independent","epa",0.00505050505050503,1000,50,1e-06,1,"PGD",0.9,TRUE,10,1,TRUE,0,0,0,0,0,200,3527.02435953801,3527.02435953801,3527.02435953801,3527.02435953801,3527.02435953801,3527.02435953801
1284,-1819.34878820671,2227.36775645159,2.22736775645159,"gaussian","adaptive_sparse_group_lasso",1,19.050391767599,0.5,TRUE,"identity",NA,NA,"independent","epa",0.00505050505050503,1000,50,1e-06,1,"PGD",0.9,TRUE,10,1,TRUE,0,0,0,0,0,200,3638.69757641342,3638.69757641342,3638.69757641342,3638.69757641342,3638.69757641342,3638.69757641342
1285,-1839.79426628971,2320.33475488981,2.32033475488981,"gaussian","adaptive_sparse_group_lasso",1,11.8854269073833,0.5,TRUE,"identity",NA,NA,"independent","epa",0.00505050505050503,1000,50,1e-06,1,"PGD",0.9,TRUE,10,1,TRUE,0,0,0,0,0,200,3679.58853257941,3679.58853257941,3679.58853257941,3679.58853257941,3679.58853257941,3679.58853257941
1286,-1784.58801675369,2077.77782052538,2.07777782052538,"gaussian","adaptive_sparse_group_lasso",1,14.8316528298588,0.5,TRUE,"identity",NA,NA,"independent","epa",0.00505050505050503,1000,50,1e-06,1,"PGD",0.9,TRUE,10,1,TRUE,0,0,0,0,0,200,3569.17603350738,3569.17603350738,3569.17603350738,3569.17603350738,3569.17603350738,3569.17603350738
1287,-1779.1818306344,2055.43313054148,2.05543313054148,"gaussian","adaptive_sparse_group_lasso",1,13.9800174100274,0.5,TRUE,"identity",NA,NA,"independent","epa",0.00505050505050503,1000,50,1e-06,1,"PGD",0.9,TRUE,10,1,TRUE,0,0,0,0,0,200,3558.36366126879,3558.36366126879,3558.36366126879,3558.36366126879,3558.36366126879,3558.36366126879
1288,-1757.06631751887,1966.50050291016,1.96650050291016,"gaussian","adaptive_sparse_group_lasso",1,13.5583178456713,0.5,TRUE,"identity",NA,NA,"independent","epa",0.00505050505050503,1000,50,1e-06,1,"PGD",0.9,TRUE,10,1,TRUE,0,0,0,0,0,200,3514.13263503774,3514.13263503774,3514.13263503774,3514.13263503774,3514.13263503774,3514.13263503774
1289,-1798.24503498633,2135.31249481195,2.13531249481195,"gaussian","adaptive_sparse_group_lasso",1,18.5802463806273,0.5,TRUE,"identity",NA,NA,"independent","epa",0.00505050505050503,1000,50,1e-06,1,"PGD",0.9,TRUE,10,1,TRUE,0,0,0,0,0,200,3596.49006997266,3596.49006997266,3596.49006997266,3596.49006997266,3596.49006997266,3596.49006997266
1290,-1862.63551393194,2428.79187139167,2.42879187139167,"gaussian","adaptive_sparse_group_lasso",1,21.1188077748806,0.5,TRUE,"identity",NA,NA,"independent","epa",0.00505050505050503,1000,50,1e-06,1,"PGD",0.9,TRUE,10,1,TRUE,0,0,0,0,0,200,3725.27102786389,3725.27102786389,3725.27102786389,3725.27102786389,3725.27102786389,3725.27102786389
1291,-1782.40606218905,2068.73034246995,2.06873034246995,"gaussian","adaptive_sparse_group_lasso",1,17.0150673960925,0.5,TRUE,"identity",NA,NA,"independent","epa",0.00505050505050503,1000,50,1e-06,1,"PGD",0.9,TRUE,10,1,TRUE,0,0,0,0,0,200,3564.8121243781,3564.8121243781,3564.8121243781,3564.8121243781,3564.8121243781,3564.8121243781
1292,-1797.171501483,2130.7327540699,2.1307327540699,"gaussian","adaptive_sparse_group_lasso",1,16.1576824611797,0.5,TRUE,"identity",NA,NA,"independent","epa",0.00505050505050503,1000,50,1e-06,1,"PGD",0.9,TRUE,10,1,TRUE,0,0,0,0,0,200,3594.343002966,3594.343002966,3594.343002966,3594.343002966,3594.343002966,3594.343002966
1293,-1814.56985970602,2206.1803085385,2.2061803085385,"gaussian","adaptive_sparse_group_lasso",1,17.3306282995442,0.5,TRUE,"identity",NA,NA,"independent","epa",0.00505050505050503,1000,50,1e-06,1,"PGD",0.9,TRUE,10,1,TRUE,0,0,0,0,0,200,3629.13971941205,3629.13971941205,3629.13971941205,3629.13971941205,3629.13971941205,3629.13971941205
1294,-1823.26983554627,2244.90365450015,2.24490365450015,"gaussian","adaptive_sparse_group_lasso",1,14.2611965673807,0.5,TRUE,"identity",NA,NA,"independent","epa",0.00505050505050503,1000,50,1e-06,1,"PGD",0.9,TRUE,10,1,TRUE,0,0,0,0,0,200,3646.53967109253,3646.53967109253,3646.53967109253,3646.53967109253,3646.53967109253,3646.53967109253
1295,-1781.44132718889,2064.74263765093,2.06474263765093,"gaussian","adaptive_sparse_group_lasso",1,12.4562262511196,0.5,TRUE,"identity",NA,NA,"independent","epa",0.00505050505050503,1000,50,1e-06,1,"PGD",0.9,TRUE,10,1,TRUE,0,0,0,0,0,200,3562.88265437778,3562.88265437778,3562.88265437778,3562.88265437778,3562.88265437778,3562.88265437778
1296,-1832.84528389777,2288.30987994619,2.28830987994619,"gaussian","adaptive_sparse_group_lasso",1,17.3244636679861,0.5,TRUE,"identity",NA,NA,"independent","epa",0.00505050505050503,1000,50,1e-06,1,"PGD",0.9,TRUE,10,1,TRUE,0,0,0,0,0,200,3665.69056779555,3665.69056779555,3665.69056779555,3665.69056779555,3665.69056779555,3665.69056779555
1297,-1802.89050951784,2155.24402246217,2.15524402246217,"gaussian","adaptive_sparse_group_lasso",1,13.6823225855296,0.5,TRUE,"identity",NA,NA,"independent","epa",0.00505050505050503,1000,50,1e-06,1,"PGD",0.9,TRUE,10,1,TRUE,0,0,0,0,0,200,3605.78101903569,3605.78101903569,3605.78101903569,3605.78101903569,3605.78101903569,3605.78101903569
1298,-1785.82380404179,2082.91955483403,2.08291955483403,"gaussian","adaptive_sparse_group_lasso",1,19.0670940650394,0.5,TRUE,"identity",NA,NA,"independent","epa",0.00505050505050503,1000,50,1e-06,1,"PGD",0.9,TRUE,10,1,TRUE,0,0,0,0,0,200,3571.64760808357,3571.64760808357,3571.64760808357,3571.64760808357,3571.64760808357,3571.64760808357
1299,-1796.5561473697,2128.11205672844,2.12811205672844,"gaussian","adaptive_sparse_group_lasso",1,15.438049015552,0.5,TRUE,"identity",NA,NA,"independent","epa",0.00505050505050503,1000,50,1e-06,1,"PGD",0.9,TRUE,10,1,TRUE,0,0,0,0,0,200,3593.1122947394,3593.1122947394,3593.1122947394,3593.1122947394,3593.1122947394,3593.1122947394
1300,-1854.73674394484,2390.72441249628,2.39072441249628,"gaussian","adaptive_sparse_group_lasso",1,15.8615778667489,0.5,TRUE,"identity",NA,NA,"independent","epa",0.00505050505050503,1000,50,1e-06,1,"PGD",0.9,TRUE,10,1,TRUE,0,0,0,0,0,200,3709.47348788968,3709.47348788968,3709.47348788968,3709.47348788968,3709.47348788968,3709.47348788968
1301,-1787.49608401646,2089.89766700726,2.08989766700726,"gaussian","adaptive_sparse_group_lasso",1,16.0048152474282,0.5,TRUE,"identity",NA,NA,"independent","epa",0.00505050505050503,1000,50,1e-06,1,"PGD",0.9,TRUE,10,1,TRUE,0,0,0,0,0,200,3574.99216803291,3574.99216803291,3574.99216803291,3574.99216803291,3574.99216803291,3574.99216803291
1302,-1850.38427969048,2370.00364464706,2.37000364464706,"gaussian","adaptive_sparse_group_lasso",1,16.717042117438,0.5,TRUE,"identity",NA,NA,"independent","epa",0.00505050505050503,1000,50,1e-06,1,"PGD",0.9,TRUE,10,1,TRUE,0,0,0,0,0,200,3700.76855938097,3700.76855938097,3700.76855938097,3700.76855938097,3700.76855938097,3700.76855938097
1303,-1744.17167636544,1916.43422777444,1.91643422777444,"gaussian","adaptive_sparse_group_lasso",1,14.7087307306172,0.5,TRUE,"identity",NA,NA,"independent","epa",0.00505050505050503,1000,50,1e-06,1,"PGD",0.9,TRUE,10,1,TRUE,0,0,0,0,0,200,3488.34335273088,3488.34335273088,3488.34335273088,3488.34335273088,3488.34335273088,3488.34335273088
1304,-1853.40736557464,2384.37650036667,2.38437650036667,"gaussian","adaptive_sparse_group_lasso",1,12.5607094511491,0.5,TRUE,"identity",NA,NA,"independent","epa",0.00505050505050503,1000,50,1e-06,1,"PGD",0.9,TRUE,10,1,TRUE,0,0,0,0,0,200,3706.81473114929,3706.81473114929,3706.81473114929,3706.81473114929,3706.81473114929,3706.81473114929
1305,-1809.84479985846,2185.42984217526,2.18542984217526,"gaussian","adaptive_sparse_group_lasso",1,19.1821605588475,0.5,TRUE,"identity",NA,NA,"independent","epa",0.00505050505050503,1000,50,1e-06,1,"PGD",0.9,TRUE,10,1,TRUE,0,0,0,0,0,200,3619.68959971692,3619.68959971692,3619.68959971692,3619.68959971692,3619.68959971692,3619.68959971692
1306,-1793.5361139878,2115.29685911032,2.11529685911032,"gaussian","adaptive_sparse_group_lasso",1,25.1427768759369,0.5,TRUE,"identity",NA,NA,"independent","epa",0.00505050505050503,1000,50,1e-06,1,"PGD",0.9,TRUE,10,1,TRUE,0,0,0,0,0,200,3587.07222797561,3587.07222797561,3587.07222797561,3587.07222797561,3587.07222797561,3587.07222797561
1307,-1842.66694835598,2333.70429262084,2.33370429262084,"gaussian","adaptive_sparse_group_lasso",1,17.0890511017401,0.5,TRUE,"identity",NA,NA,"independent","epa",0.00505050505050503,1000,50,1e-06,1,"PGD",0.9,TRUE,10,1,TRUE,0,0,0,0,0,200,3685.33389671195,3685.33389671195,3685.33389671195,3685.33389671195,3685.33389671195,3685.33389671195
1308,-1800.68916006949,2145.77598972481,2.14577598972481,"gaussian","adaptive_sparse_group_lasso",1,20.5051888733151,0.5,TRUE,"identity",NA,NA,"independent","epa",0.00505050505050503,1000,50,1e-06,1,"PGD",0.9,TRUE,10,1,TRUE,0,0,0,0,0,200,3601.37832013898,3601.37832013898,3601.37832013898,3601.37832013898,3601.37832013898,3601.37832013898
1309,-1798.87294234722,2137.99573615287,2.13799573615287,"gaussian","adaptive_sparse_group_lasso",1,22.1583046435615,0.5,TRUE,"identity",NA,NA,"independent","epa",0.00505050505050503,1000,50,1e-06,1,"PGD",0.9,TRUE,10,1,TRUE,0,0,0,0,0,200,3597.74588469443,3597.74588469443,3597.74588469443,3597.74588469443,3597.74588469443,3597.74588469443
1310,-1831.82989984318,2283.66756854243,2.28366756854243,"gaussian","adaptive_sparse_group_lasso",1,13.6577545661591,0.5,TRUE,"identity",NA,NA,"independent","epa",0.00505050505050503,1000,50,1e-06,1,"PGD",0.9,TRUE,10,1,TRUE,0,0,0,0,0,200,3663.65979968635,3663.65979968635,3663.65979968635,3663.65979968635,3663.65979968635,3663.65979968635
1311,-1840.81311705377,2325.06772511826,2.32506772511826,"gaussian","adaptive_sparse_group_lasso",1,14.3061793927181,0.5,TRUE,"identity",NA,NA,"independent","epa",0.00505050505050503,1000,50,1e-06,1,"PGD",0.9,TRUE,10,1,TRUE,0,0,0,0,0,200,3681.62623410755,3681.62623410755,3681.62623410755,3681.62623410755,3681.62623410755,3681.62623410755
1312,-1809.92774757235,2185.79242506842,2.18579242506842,"gaussian","adaptive_sparse_group_lasso",1,16.104221012987,0.5,TRUE,"identity",NA,NA,"independent","epa",0.00505050505050503,1000,50,1e-06,1,"PGD",0.9,TRUE,10,1,TRUE,0,0,0,0,0,200,3619.85549514471,3619.85549514471,3619.85549514471,3619.85549514471,3619.85549514471,3619.85549514471
1313,-1808.23534970831,2178.40647122971,2.17840647122971,"gaussian","adaptive_sparse_group_lasso",1,14.7047937042697,0.5,TRUE,"identity",NA,NA,"independent","epa",0.00505050505050503,1000,50,1e-06,1,"PGD",0.9,TRUE,10,1,TRUE,0,0,0,0,0,200,3616.47069941662,3616.47069941662,3616.47069941662,3616.47069941662,3616.47069941662,3616.47069941662
1314,-1774.2126658109,2035.10673105572,2.03510673105572,"gaussian","adaptive_sparse_group_lasso",1,13.4374938675262,0.5,TRUE,"identity",NA,NA,"independent","epa",0.00505050505050503,1000,50,1e-06,1,"PGD",0.9,TRUE,10,1,TRUE,0,0,0,0,0,200,3548.4253316218,3548.4253316218,3548.4253316218,3548.4253316218,3548.4253316218,3548.4253316218
1315,-1810.54414364058,2188.48871442266,2.18848871442266,"gaussian","adaptive_sparse_group_lasso",1,14.6615483781156,0.5,TRUE,"identity",NA,NA,"independent","epa",0.00505050505050503,1000,50,1e-06,1,"PGD",0.9,TRUE,10,1,TRUE,0,0,0,0,0,200,3621.08828728117,3621.08828728117,3621.08828728117,3621.08828728117,3621.08828728117,3621.08828728117
1316,-1759.04196523598,1974.28609883397,1.97428609883397,"gaussian","adaptive_sparse_group_lasso",1,15.8890771654719,0.5,TRUE,"identity",NA,NA,"independent","epa",0.00505050505050503,1000,50,1e-06,1,"PGD",0.9,TRUE,10,1,TRUE,0,0,0,0,0,200,3518.08393047196,3518.08393047196,3518.08393047196,3518.08393047196,3518.08393047196,3518.08393047196
1317,-1833.6926046397,2292.19103244886,2.29219103244886,"gaussian","adaptive_sparse_group_lasso",1,20.0859958373761,0.5,TRUE,"identity",NA,NA,"independent","epa",0.00505050505050503,1000,50,1e-06,1,"PGD",0.9,TRUE,10,1,TRUE,0,0,0,0,0,200,3667.38520927941,3667.38520927941,3667.38520927941,3667.38520927941,3667.38520927941,3667.38520927941
1318,-1818.99245325295,2225.7809439825,2.2257809439825,"gaussian","adaptive_sparse_group_lasso",1,15.4439527870103,0.5,TRUE,"identity",NA,NA,"independent","epa",0.00505050505050503,1000,50,1e-06,1,"PGD",0.9,TRUE,10,1,TRUE,0,0,0,0,0,200,3637.9849065059,3637.9849065059,3637.9849065059,3637.9849065059,3637.9849065059,3637.9849065059
1319,-1803.64415454448,2158.49504984473,2.15849504984473,"gaussian","adaptive_sparse_group_lasso",1,17.3437959353675,0.5,TRUE,"identity",NA,NA,"independent","epa",0.00505050505050503,1000,50,1e-06,1,"PGD",0.9,TRUE,10,1,TRUE,0,0,0,0,0,200,3607.28830908897,3607.28830908897,3607.28830908897,3607.28830908897,3607.28830908897,3607.28830908897
1320,-1793.37260953358,2114.60525128049,2.11460525128049,"gaussian","adaptive_sparse_group_lasso",1,15.1534631112945,0.5,TRUE,"identity",NA,NA,"independent","epa",0.00505050505050503,1000,50,1e-06,1,"PGD",0.9,TRUE,10,1,TRUE,0,0,0,0,0,200,3586.74521906715,3586.74521906715,3586.74521906715,3586.74521906715,3586.74521906715,3586.74521906715
1321,-1711.42105748663,1794.92824922356,1.79492824922356,"gaussian","adaptive_sparse_group_lasso",1,19.3224527962909,0.5,TRUE,"identity",NA,NA,"independent","epa",0.00505050505050503,1000,50,1e-06,1,"PGD",0.9,TRUE,10,1,TRUE,0,0,0,0,0,200,3422.84211497326,3422.84211497326,3422.84211497326,3422.84211497326,3422.84211497326,3422.84211497326
1322,-1805.93676068875,2168.41493287701,2.16841493287701,"gaussian","adaptive_sparse_group_lasso",1,19.1406237167739,0.5,TRUE,"identity",NA,NA,"independent","epa",0.00505050505050503,1000,50,1e-06,1,"PGD",0.9,TRUE,10,1,TRUE,0,0,0,0,0,200,3611.87352137749,3611.87352137749,3611.87352137749,3611.87352137749,3611.87352137749,3611.87352137749
1323,-1782.43570383312,2068.85298724227,2.06885298724226,"gaussian","adaptive_sparse_group_lasso",1,22.7512934554671,0.5,TRUE,"identity",NA,NA,"independent","epa",0.00505050505050503,1000,50,1e-06,1,"PGD",0.9,TRUE,10,1,TRUE,0,0,0,0,0,200,3564.87140766624,3564.87140766624,3564.87140766624,3564.87140766624,3564.87140766624,3564.87140766624
1324,-1745.73937258126,1922.45243093201,1.92245243093201,"gaussian","adaptive_sparse_group_lasso",1,15.315043195814,0.5,TRUE,"identity",NA,NA,"independent","epa",0.00505050505050503,1000,50,1e-06,1,"PGD",0.9,TRUE,10,1,TRUE,0,0,0,0,0,200,3491.47874516253,3491.47874516253,3491.47874516253,3491.47874516253,3491.47874516253,3491.47874516253
1325,-1788.17269554556,2092.72767910649,2.09272767910649,"gaussian","adaptive_sparse_group_lasso",1,13.5860117583335,0.5,TRUE,"identity",NA,NA,"independent","epa",0.00505050505050503,1000,50,1e-06,1,"PGD",0.9,TRUE,10,1,TRUE,0,0,0,0,0,200,3576.34539109111,3576.34539109111,3576.34539109111,3576.34539109111,3576.34539109111,3576.34539109111
1326,-1810.33478724982,2187.57255804228,2.18757255804228,"gaussian","adaptive_sparse_group_lasso",1,15.5955659368168,0.5,TRUE,"identity",NA,NA,"independent","epa",0.00505050505050503,1000,50,1e-06,1,"PGD",0.9,TRUE,10,1,TRUE,0,0,0,0,0,200,3620.66957449964,3620.66957449964,3620.66957449964,3620.66957449964,3620.66957449964,3620.66957449964
1327,-1850.60394256605,2371.04507702572,2.37104507702572,"gaussian","adaptive_sparse_group_lasso",1,17.0711322838194,0.5,TRUE,"identity",NA,NA,"independent","epa",0.00505050505050503,1000,50,1e-06,1,"PGD",0.9,TRUE,10,1,TRUE,0,0,0,0,0,200,3701.2078851321,3701.2078851321,3701.2078851321,3701.2078851321,3701.2078851321,3701.2078851321
1328,-1820.15769905687,2230.97415681233,2.23097415681233,"gaussian","adaptive_sparse_group_lasso",1,18.6259641560844,0.5,TRUE,"identity",NA,NA,"independent","epa",0.00505050505050503,1000,50,1e-06,1,"PGD",0.9,TRUE,10,1,TRUE,0,0,0,0,0,200,3640.31539811373,3640.31539811373,3640.31539811373,3640.31539811373,3640.31539811373,3640.31539811373
1329,-1815.76449138466,2211.45775640508,2.21145775640508,"gaussian","adaptive_sparse_group_lasso",1,19.9947446419968,0.5,TRUE,"identity",NA,NA,"independent","epa",0.00505050505050503,1000,50,1e-06,1,"PGD",0.9,TRUE,10,1,TRUE,0,0,0,0,0,200,3631.52898276933,3631.52898276933,3631.52898276933,3631.52898276933,3631.52898276933,3631.52898276933
1330,-1775.77910804883,2041.49248302878,2.04149248302878,"gaussian","adaptive_sparse_group_lasso",1,12.5337416089179,0.5,TRUE,"identity",NA,NA,"independent","epa",0.00505050505050503,1000,50,1e-06,1,"PGD",0.9,TRUE,10,1,TRUE,0,0,0,0,0,200,3551.55821609766,3551.55821609766,3551.55821609766,3551.55821609766,3551.55821609766,3551.55821609766
1331,-1786.21390493382,2084.5452865037,2.0845452865037,"gaussian","adaptive_sparse_group_lasso",1,17.316886394258,0.5,TRUE,"identity",NA,NA,"independent","epa",0.00505050505050503,1000,50,1e-06,1,"PGD",0.9,TRUE,10,1,TRUE,0,0,0,0,0,200,3572.42780986765,3572.42780986765,3572.42780986765,3572.42780986765,3572.42780986765,3572.42780986765
1332,-1851.89158422184,2377.15905908252,2.37715905908252,"gaussian","adaptive_sparse_group_lasso",1,17.1524380379461,0.5,TRUE,"identity",NA,NA,"independent","epa",0.00505050505050503,1000,50,1e-06,1,"PGD",0.9,TRUE,10,1,TRUE,0,0,0,0,0,200,3703.78316844368,3703.78316844368,3703.78316844368,3703.78316844368,3703.78316844368,3703.78316844368
1333,-1753.76888209263,1953.57435604572,1.95357435604572,"gaussian","adaptive_sparse_group_lasso",1,19.7021660431461,0.5,TRUE,"identity",NA,NA,"independent","epa",0.00505050505050503,1000,50,1e-06,1,"PGD",0.9,TRUE,10,1,TRUE,0,0,0,0,0,200,3507.53776418527,3507.53776418527,3507.53776418527,3507.53776418527,3507.53776418527,3507.53776418527
1334,-1848.08078418224,2359.1101714809,2.3591101714809,"gaussian","adaptive_sparse_group_lasso",1,20.1464744126836,0.5,TRUE,"identity",NA,NA,"independent","epa",0.00505050505050503,1000,50,1e-06,1,"PGD",0.9,TRUE,10,1,TRUE,0,0,0,0,0,200,3696.16156836449,3696.16156836449,3696.16156836449,3696.16156836449,3696.16156836449,3696.16156836449
1335,-1800.34509267972,2144.29991456474,2.14429991456474,"gaussian","adaptive_sparse_group_lasso",1,20.0371390838847,0.5,TRUE,"identity",NA,NA,"independent","epa",0.00505050505050503,1000,50,1e-06,1,"PGD",0.9,TRUE,10,1,TRUE,0,0,0,0,0,200,3600.69018535943,3600.69018535943,3600.69018535943,3600.69018535943,3600.69018535943,3600.69018535943
1336,-1793.23106322293,2114.00670686268,2.11400670686268,"gaussian","adaptive_sparse_group_lasso",1,17.6376403911008,0.5,TRUE,"identity",NA,NA,"independent","epa",0.00505050505050503,1000,50,1e-06,1,"PGD",0.9,TRUE,10,1,TRUE,0,0,0,0,0,200,3586.46212644587,3586.46212644587,3586.46212644587,3586.46212644587,3586.46212644587,3586.46212644587
1337,-1780.70857824114,2061.71897778545,2.06171897778545,"gaussian","adaptive_sparse_group_lasso",1,16.1009733564581,0.5,TRUE,"identity",NA,NA,"independent","epa",0.00505050505050503,1000,50,1e-06,1,"PGD",0.9,TRUE,10,1,TRUE,0,0,0,0,0,200,3561.41715648228,3561.41715648228,3561.41715648228,3561.41715648228,3561.41715648228,3561.41715648228
1338,-1747.89028408615,1930.74029471509,1.93074029471509,"gaussian","adaptive_sparse_group_lasso",1,18.4196574434439,0.5,TRUE,"identity",NA,NA,"independent","epa",0.00505050505050503,1000,50,1e-06,1,"PGD",0.9,TRUE,10,1,TRUE,0,0,0,0,0,200,3495.7805681723,3495.7805681723,3495.7805681723,3495.7805681723,3495.7805681723,3495.7805681723
1339,-1800.03258660558,2142.96011980621,2.14296011980621,"gaussian","adaptive_sparse_group_lasso",1,13.2553006052081,0.5,TRUE,"identity",NA,NA,"independent","epa",0.00505050505050503,1000,50,1e-06,1,"PGD",0.9,TRUE,10,1,TRUE,0,0,0,0,0,200,3600.06517321116,3600.06517321116,3600.06517321116,3600.06517321116,3600.06517321116,3600.06517321116
1340,-1830.94849329511,2279.64543562125,2.27964543562125,"gaussian","adaptive_sparse_group_lasso",1,18.2557417624646,0.5,TRUE,"identity",NA,NA,"independent","epa",0.00505050505050503,1000,50,1e-06,1,"PGD",0.9,TRUE,10,1,TRUE,0,0,0,0,0,200,3661.89698659022,3661.89698659022,3661.89698659022,3661.89698659022,3661.89698659022,3661.89698659022
1341,-1797.01424842089,2130.06273093838,2.13006273093838,"gaussian","adaptive_sparse_group_lasso",1,18.2863520732706,0.5,TRUE,"identity",NA,NA,"independent","epa",0.00505050505050503,1000,50,1e-06,1,"PGD",0.9,TRUE,10,1,TRUE,0,0,0,0,0,200,3594.02849684178,3594.02849684178,3594.02849684178,3594.02849684178,3594.02849684178,3594.02849684178
1342,-1783.02123921209,2071.27717965147,2.07127717965147,"gaussian","adaptive_sparse_group_lasso",1,11.4409261990701,0.5,TRUE,"identity",NA,NA,"independent","epa",0.00505050505050503,1000,50,1e-06,1,"PGD",0.9,TRUE,10,1,TRUE,0,0,0,0,0,200,3566.04247842417,3566.04247842417,3566.04247842417,3566.04247842417,3566.04247842417,3566.04247842417
1343,-1876.2500516396,2495.83423706576,2.49583423706576,"gaussian","adaptive_sparse_group_lasso",1,21.8542856873423,0.5,TRUE,"identity",NA,NA,"independent","epa",0.00505050505050503,1000,50,1e-06,1,"PGD",0.9,TRUE,10,1,TRUE,0,0,0,0,0,200,3752.5001032792,3752.5001032792,3752.5001032792,3752.5001032792,3752.5001032792,3752.5001032792
1344,-1742.93976598824,1911.71828934871,1.91171828934871,"gaussian","adaptive_sparse_group_lasso",1,14.6565078608886,0.5,TRUE,"identity",NA,NA,"independent","epa",0.00505050505050503,1000,50,1e-06,1,"PGD",0.9,TRUE,10,1,TRUE,0,0,0,0,0,200,3485.87953197647,3485.87953197647,3485.87953197647,3485.87953197647,3485.87953197647,3485.87953197647
1345,-1760.12277102337,1978.55835433207,1.97855835433207,"gaussian","adaptive_sparse_group_lasso",1,18.246474543921,0.5,TRUE,"identity",NA,NA,"independent","epa",0.00505050505050503,1000,50,1e-06,1,"PGD",0.9,TRUE,10,1,TRUE,0,0,0,0,0,200,3520.24554204674,3520.24554204674,3520.24554204674,3520.24554204674,3520.24554204674,3520.24554204674
1346,-1717.87542263982,1818.24868871091,1.81824868871091,"gaussian","adaptive_sparse_group_lasso",1,13.0073640814574,0.5,TRUE,"identity",NA,NA,"independent","epa",0.00505050505050503,1000,50,1e-06,1,"PGD",0.9,TRUE,10,1,TRUE,0,0,0,0,0,200,3435.75084527964,3435.75084527964,3435.75084527964,3435.75084527964,3435.75084527964,3435.75084527964
1347,-1855.66492447746,2395.166582073,2.395166582073,"gaussian","adaptive_sparse_group_lasso",1,12.4782471374381,0.5,TRUE,"identity",NA,NA,"independent","epa",0.00505050505050503,1000,50,1e-06,1,"PGD",0.9,TRUE,10,1,TRUE,0,0,0,0,0,200,3711.32984895491,3711.32984895491,3711.32984895491,3711.32984895491,3711.32984895491,3711.32984895491
1348,-1798.27424039768,2135.43722381423,2.13543722381423,"gaussian","adaptive_sparse_group_lasso",1,18.303318673811,0.5,TRUE,"identity",NA,NA,"independent","epa",0.00505050505050503,1000,50,1e-06,1,"PGD",0.9,TRUE,10,1,TRUE,0,0,0,0,0,200,3596.54848079536,3596.54848079536,3596.54848079536,3596.54848079536,3596.54848079536,3596.54848079536
1349,-1822.88687484548,2243.18489304882,2.24318489304882,"gaussian","adaptive_sparse_group_lasso",1,15.4637353477211,0.5,TRUE,"identity",NA,NA,"independent","epa",0.00505050505050503,1000,50,1e-06,1,"PGD",0.9,TRUE,10,1,TRUE,0,0,0,0,0,200,3645.77374969096,3645.77374969096,3645.77374969096,3645.77374969096,3645.77374969096,3645.77374969096
1350,-1839.57684158784,2319.32597805408,2.31932597805408,"gaussian","adaptive_sparse_group_lasso",1,14.265350416172,0.5,TRUE,"identity",NA,NA,"independent","epa",0.00505050505050503,1000,50,1e-06,1,"PGD",0.9,TRUE,10,1,TRUE,0,0,0,0,0,200,3679.15368317568,3679.15368317568,3679.15368317568,3679.15368317568,3679.15368317568,3679.15368317568
1351,-1778.20722925775,2051.43057678588,2.05143057678588,"gaussian","adaptive_sparse_group_lasso",1,17.5058740253526,0.5,TRUE,"identity",NA,NA,"independent","epa",0.00505050505050503,1000,50,1e-06,1,"PGD",0.9,TRUE,10,1,TRUE,0,0,0,0,0,200,3556.4144585155,3556.4144585155,3556.4144585155,3556.4144585155,3556.4144585155,3556.4144585155
1352,-1810.01069438303,2186.15506416825,2.18615506416825,"gaussian","adaptive_sparse_group_lasso",1,19.1534572378967,0.5,TRUE,"identity",NA,NA,"independent","epa",0.00505050505050503,1000,50,1e-06,1,"PGD",0.9,TRUE,10,1,TRUE,0,0,0,0,0,200,3620.02138876605,3620.02138876605,3620.02138876605,3620.02138876605,3620.02138876605,3620.02138876605
1353,-1873.39258271227,2481.61137958913,2.48161137958913,"gaussian","adaptive_sparse_group_lasso",1,18.6011756075111,0.5,TRUE,"identity",NA,NA,"independent","epa",0.00505050505050503,1000,50,1e-06,1,"PGD",0.9,TRUE,10,1,TRUE,0,0,0,0,0,200,3746.78516542453,3746.78516542453,3746.78516542453,3746.78516542453,3746.78516542453,3746.78516542453
1354,-1820.67249545652,2233.27233463029,2.23327233463029,"gaussian","adaptive_sparse_group_lasso",1,15.6179340169303,0.5,TRUE,"identity",NA,NA,"independent","epa",0.00505050505050503,1000,50,1e-06,1,"PGD",0.9,TRUE,10,1,TRUE,0,0,0,0,0,200,3641.34499091304,3641.34499091304,3641.34499091304,3641.34499091304,3641.34499091304,3641.34499091304
1355,-1909.90513542458,2669.61216268472,2.66961216268472,"gaussian","adaptive_sparse_group_lasso",1,17.3972629164132,0.5,TRUE,"identity",NA,NA,"independent","epa",0.00505050505050503,1000,50,1e-06,1,"PGD",0.9,TRUE,10,1,TRUE,0,0,0,0,0,200,3819.81027084917,3819.81027084917,3819.81027084917,3819.81027084917,3819.81027084917,3819.81027084917
1356,-1819.97121077644,2230.1422109018,2.2301422109018,"gaussian","adaptive_sparse_group_lasso",1,24.6330905775361,0.5,TRUE,"identity",NA,NA,"independent","epa",0.00505050505050503,1000,50,1e-06,1,"PGD",0.9,TRUE,10,1,TRUE,0,0,0,0,0,200,3639.94242155289,3639.94242155289,3639.94242155289,3639.94242155289,3639.94242155289,3639.94242155289
1357,-1853.10091790379,2382.91557485967,2.38291557485968,"gaussian","adaptive_sparse_group_lasso",1,16.4939989301642,0.5,TRUE,"identity",NA,NA,"independent","epa",0.00505050505050503,1000,50,1e-06,1,"PGD",0.9,TRUE,10,1,TRUE,0,0,0,0,0,200,3706.20183580758,3706.20183580758,3706.20183580758,3706.20183580758,3706.20183580758,3706.20183580758
1358,-1780.92866638014,2062.62669733501,2.06262669733501,"gaussian","adaptive_sparse_group_lasso",1,21.645944192572,0.5,TRUE,"identity",NA,NA,"independent","epa",0.00505050505050503,1000,50,1e-06,1,"PGD",0.9,TRUE,10,1,TRUE,0,0,0,0,0,200,3561.85733276028,3561.85733276028,3561.85733276028,3561.85733276028,3561.85733276028,3561.85733276028
1359,-2585.40490667548,2758.79663801192,1.83919775867461,"gaussian","adaptive_sparse_group_lasso",1,12.1565806651624,0.5,TRUE,"identity",NA,NA,"independent","epa",0.00505050505050503,1000,50,1e-06,1,"PGD",0.9,TRUE,10,1,TRUE,0,0,0,0,0,200,5170.80981335095,5170.80981335095,5170.80981335095,5170.80981335095,5170.80981335095,5170.80981335095
1360,-2796.97228153412,3657.88245977311,2.4385883065154,"gaussian","adaptive_sparse_group_lasso",1,13.2531638816587,0.5,TRUE,"identity",NA,NA,"independent","epa",0.00505050505050503,1000,50,1e-06,1,"PGD",0.9,TRUE,10,1,TRUE,0,0,0,0,0,200,5593.94456306825,5593.94456306825,5593.94456306825,5593.94456306825,5593.94456306825,5593.94456306825
1361,-2623.73365239682,2903.44968974331,1.93563312649554,"gaussian","adaptive_sparse_group_lasso",1,1.84427693683697,0.5,TRUE,"identity",NA,NA,"independent","epa",0.00505050505050503,1000,50,1e-06,1,"PGD",0.9,TRUE,10,1,TRUE,1.51288721232438,1,1,7.63964228785802,7.63964228785802,200,5249.46730479364,5249.46730479364,5255.1069470815,5255.1069470815,5260.40526444805,5260.40526444805
1362,-2707.16101391876,3245.06720497403,2.16337813664935,"gaussian","adaptive_sparse_group_lasso",1,17.0633355990652,0.5,TRUE,"identity",NA,NA,"independent","epa",0.00505050505050503,1000,50,1e-06,1,"PGD",0.9,TRUE,10,1,TRUE,0,0,0,0,0,200,5414.32202783752,5414.32202783752,5414.32202783752,5414.32202783752,5414.32202783752,5414.32202783752
1363,-2737.24894599874,3377.8969207031,2.25193128046873,"gaussian","adaptive_sparse_group_lasso",1,13.737563472129,0.5,TRUE,"identity",NA,NA,"independent","epa",0.00505050505050503,1000,50,1e-06,1,"PGD",0.9,TRUE,10,1,TRUE,0,0,0,0,0,200,5474.49789199748,5474.49789199748,5474.49789199748,5474.49789199748,5474.49789199748,5474.49789199748
1364,-2715.4670186116,3281.20500066577,2.18747000044385,"gaussian","adaptive_sparse_group_lasso",1,12.4791615220201,0.5,TRUE,"identity",NA,NA,"independent","epa",0.00505050505050503,1000,50,1e-06,1,"PGD",0.9,TRUE,10,1,TRUE,0,0,0,0,0,200,5430.93403722319,5430.93403722319,5430.93403722319,5430.93403722319,5430.93403722319,5430.93403722319
1365,-2713.00597999272,3270.45575022717,2.18030383348478,"gaussian","adaptive_sparse_group_lasso",1,14.6508192974147,0.5,TRUE,"identity",NA,NA,"independent","epa",0.00505050505050503,1000,50,1e-06,1,"PGD",0.9,TRUE,10,1,TRUE,0,0,0,0,0,200,5426.01195998544,5426.01195998544,5426.01195998544,5426.01195998544,5426.01195998544,5426.01195998544
1366,-2749.03359198423,3431.39253045862,2.28759502030575,"gaussian","adaptive_sparse_group_lasso",1,14.6266730396781,0.5,TRUE,"identity",NA,NA,"independent","epa",0.00505050505050503,1000,50,1e-06,1,"PGD",0.9,TRUE,10,1,TRUE,0,0,0,0,0,200,5498.06718396846,5498.06718396846,5498.06718396846,5498.06718396846,5498.06718396846,5498.06718396846
1367,-2766.09352302705,3510.33943899433,2.34022629266289,"gaussian","adaptive_sparse_group_lasso",1,15.4625623283389,0.5,TRUE,"identity",NA,NA,"independent","epa",0.00505050505050503,1000,50,1e-06,1,"PGD",0.9,TRUE,10,1,TRUE,0,0,0,0,0,200,5532.1870460541,5532.1870460541,5532.1870460541,5532.1870460541,5532.1870460541,5532.1870460541
1368,-2714.05221448765,3275.02115196739,2.18334743464492,"gaussian","adaptive_sparse_group_lasso",1,12.5281928724659,0.5,TRUE,"identity",NA,NA,"independent","epa",0.00505050505050503,1000,50,1e-06,1,"PGD",0.9,TRUE,10,1,TRUE,0,0,0,0,0,200,5428.1044289753,5428.1044289753,5428.1044289753,5428.1044289753,5428.1044289753,5428.1044289753
1369,-2680.02138108835,3129.73984082396,2.08649322721597,"gaussian","adaptive_sparse_group_lasso",1,13.8208358436117,0.5,TRUE,"identity",NA,NA,"independent","epa",0.00505050505050503,1000,50,1e-06,1,"PGD",0.9,TRUE,10,1,TRUE,0,0,0,0,0,200,5360.04276217671,5360.04276217671,5360.04276217671,5360.04276217671,5360.04276217671,5360.04276217671
1370,-2642.91351275275,2978.65758850982,1.98577172567321,"gaussian","adaptive_sparse_group_lasso",1,13.4183910250786,0.5,TRUE,"identity",NA,NA,"independent","epa",0.00505050505050503,1000,50,1e-06,1,"PGD",0.9,TRUE,10,1,TRUE,0,0,0,0,0,200,5285.8270255055,5285.8270255055,5285.8270255055,5285.8270255055,5285.8270255055,5285.8270255055
1371,-2683.42066863372,3143.9572166662,2.09597147777747,"gaussian","adaptive_sparse_group_lasso",1,15.5930347559078,0.5,TRUE,"identity",NA,NA,"independent","epa",0.00505050505050503,1000,50,1e-06,1,"PGD",0.9,TRUE,10,1,TRUE,0,0,0,0,0,200,5366.84133726743,5366.84133726743,5366.84133726743,5366.84133726743,5366.84133726743,5366.84133726743
1372,-2595.67928104904,2796.84990454508,1.86456660303006,"gaussian","adaptive_sparse_group_lasso",1,10.8768612034715,0.5,TRUE,"identity",NA,NA,"independent","epa",0.00505050505050503,1000,50,1e-06,1,"PGD",0.9,TRUE,10,1,TRUE,0,0,0,0,0,200,5191.35856209809,5191.35856209809,5191.35856209809,5191.35856209809,5191.35856209809,5191.35856209809
1373,-2718.97991839164,3296.60977522213,2.19773985014808,"gaussian","adaptive_sparse_group_lasso",1,17.2419834340277,0.5,TRUE,"identity",NA,NA,"independent","epa",0.00505050505050503,1000,50,1e-06,1,"PGD",0.9,TRUE,10,1,TRUE,0,0,0,0,0,200,5437.95983678329,5437.95983678329,5437.95983678329,5437.95983678329,5437.95983678329,5437.95983678329
1374,-2685.07738020977,3150.90973313615,2.10060648875743,"gaussian","adaptive_sparse_group_lasso",1,12.403336050802,0.5,TRUE,"identity",NA,NA,"independent","epa",0.00505050505050503,1000,50,1e-06,1,"PGD",0.9,TRUE,10,1,TRUE,0,0,0,0,0,200,5370.15476041955,5370.15476041955,5370.15476041955,5370.15476041955,5370.15476041955,5370.15476041955
1375,-2703.50355172627,3229.28078093958,2.15285385395972,"gaussian","adaptive_sparse_group_lasso",1,12.2445768623819,0.5,TRUE,"identity",NA,NA,"independent","epa",0.00505050505050503,1000,50,1e-06,1,"PGD",0.9,TRUE,10,1,TRUE,0,0,0,0,0,200,5407.00710345254,5407.00710345254,5407.00710345254,5407.00710345254,5407.00710345254,5407.00710345254
1376,-2669.68867561894,3086.91726026035,2.05794484017356,"gaussian","adaptive_sparse_group_lasso",1,12.578539216586,0.5,TRUE,"identity",NA,NA,"independent","epa",0.00505050505050503,1000,50,1e-06,1,"PGD",0.9,TRUE,10,1,TRUE,0,0,0,0,0,200,5339.37735123788,5339.37735123788,5339.37735123788,5339.37735123788,5339.37735123788,5339.37735123788
1377,-2757.78622483493,3471.67206661888,2.31444804441258,"gaussian","adaptive_sparse_group_lasso",1,15.0498296569446,0.5,TRUE,"identity",NA,NA,"independent","epa",0.00505050505050503,1000,50,1e-06,1,"PGD",0.9,TRUE,10,1,TRUE,0,0,0,0,0,200,5515.57244966985,5515.57244966985,5515.57244966985,5515.57244966985,5515.57244966985,5515.57244966985
1378,-2788.83372845686,3618.40388541518,2.41226925694345,"gaussian","adaptive_sparse_group_lasso",1,16.3265142914036,0.5,TRUE,"identity",NA,NA,"independent","epa",0.00505050505050503,1000,50,1e-06,1,"PGD",0.9,TRUE,10,1,TRUE,0,0,0,0,0,200,5577.66745691372,5577.66745691372,5577.66745691372,5577.66745691372,5577.66745691372,5577.66745691372
1379,-2737.41357378238,3378.63846299701,2.25242564199801,"gaussian","adaptive_sparse_group_lasso",1,13.5076457352554,0.5,TRUE,"identity",NA,NA,"independent","epa",0.00505050505050503,1000,50,1e-06,1,"PGD",0.9,TRUE,10,1,TRUE,0,0,0,0,0,200,5474.82714756476,5474.82714756476,5474.82714756476,5474.82714756476,5474.82714756476,5474.82714756476
1380,-2656.46006464649,3032.9471226972,2.0219647484648,"gaussian","adaptive_sparse_group_lasso",1,13.4894821258299,0.5,TRUE,"identity",NA,NA,"independent","epa",0.00505050505050503,1000,50,1e-06,1,"PGD",0.9,TRUE,10,1,TRUE,0,0,0,0,0,200,5312.92012929297,5312.92012929297,5312.92012929297,5312.92012929297,5312.92012929297,5312.92012929297
1381,-2611.24284070806,2855.4948701563,1.90366324677087,"gaussian","adaptive_sparse_group_lasso",1,11.6687030104452,0.5,TRUE,"identity",NA,NA,"independent","epa",0.00505050505050503,1000,50,1e-06,1,"PGD",0.9,TRUE,10,1,TRUE,0,0,0,0,0,200,5222.48568141612,5222.48568141612,5222.48568141612,5222.48568141612,5222.48568141612,5222.48568141612
1382,-2652.63094823038,3017.5019071102,2.01166793807347,"gaussian","adaptive_sparse_group_lasso",1,10.7029948392202,0.5,TRUE,"identity",NA,NA,"independent","epa",0.00505050505050503,1000,50,1e-06,1,"PGD",0.9,TRUE,10,1,TRUE,0,0,0,0,0,200,5305.26189646075,5305.26189646075,5305.26189646075,5305.26189646075,5305.26189646075,5305.26189646075
1383,-2675.60476597002,3111.36352627127,2.07424235084751,"gaussian","adaptive_sparse_group_lasso",1,14.6978437856969,0.5,TRUE,"identity",NA,NA,"independent","epa",0.00505050505050503,1000,50,1e-06,1,"PGD",0.9,TRUE,10,1,TRUE,0,0,0,0,0,200,5351.20953194004,5351.20953194004,5351.20953194004,5351.20953194004,5351.20953194004,5351.20953194004
1384,-2727.68240008352,3335.08414014079,2.22338942676052,"gaussian","adaptive_sparse_group_lasso",1,19.7445513932243,0.5,TRUE,"identity",NA,NA,"independent","epa",0.00505050505050503,1000,50,1e-06,1,"PGD",0.9,TRUE,10,1,TRUE,0,0,0,0,0,200,5455.36480016705,5455.36480016705,5455.36480016705,5455.36480016705,5455.36480016705,5455.36480016705
1385,-2686.60638153873,3157.33994567059,2.10489329711373,"gaussian","adaptive_sparse_group_lasso",1,12.6287510209072,0.5,TRUE,"identity",NA,NA,"independent","epa",0.00505050505050503,1000,50,1e-06,1,"PGD",0.9,TRUE,10,1,TRUE,0,0,0,0,0,200,5373.21276307746,5373.21276307746,5373.21276307746,5373.21276307746,5373.21276307746,5373.21276307746
1386,-2676.25866501445,3114.07739934763,2.07605159956509,"gaussian","adaptive_sparse_group_lasso",1,14.9035805098269,0.5,TRUE,"identity",NA,NA,"independent","epa",0.00505050505050503,1000,50,1e-06,1,"PGD",0.9,TRUE,10,1,TRUE,0,0,0,0,0,200,5352.5173300289,5352.5173300289,5352.5173300289,5352.5173300289,5352.5173300289,5352.5173300289
1387,-2620.79029450829,2892.07749722977,1.92805166481985,"gaussian","adaptive_sparse_group_lasso",1,11.1900343015807,0.5,TRUE,"identity",NA,NA,"independent","epa",0.00505050505050503,1000,50,1e-06,1,"PGD",0.9,TRUE,10,1,TRUE,0,0,0,0,0,200,5241.58058901659,5241.58058901659,5241.58058901659,5241.58058901659,5241.58058901659,5241.58058901659
1388,-2678.37912550431,3122.89422808275,2.0819294853885,"gaussian","adaptive_sparse_group_lasso",1,12.7942735209565,0.5,TRUE,"identity",NA,NA,"independent","epa",0.00505050505050503,1000,50,1e-06,1,"PGD",0.9,TRUE,10,1,TRUE,0,0,0,0,0,200,5356.75825100863,5356.75825100863,5356.75825100863,5356.75825100863,5356.75825100863,5356.75825100863
1389,-2617.8804615546,2880.87861931207,1.92058574620805,"gaussian","adaptive_sparse_group_lasso",1,10.3862077444988,0.5,TRUE,"identity",NA,NA,"independent","epa",0.00505050505050503,1000,50,1e-06,1,"PGD",0.9,TRUE,10,1,TRUE,0,0,0,0,0,200,5235.76092310919,5235.76092310919,5235.76092310919,5235.76092310919,5235.76092310919,5235.76092310919
1390,-2782.48769124799,3587.91634974363,2.39194423316242,"gaussian","adaptive_sparse_group_lasso",1,12.4097672426669,0.5,TRUE,"identity",NA,NA,"independent","epa",0.00505050505050503,1000,50,1e-06,1,"PGD",0.9,TRUE,10,1,TRUE,0,0,0,0,0,200,5564.97538249597,5564.97538249597,5564.97538249597,5564.97538249597,5564.97538249597,5564.97538249597
1391,-2625.03219385609,2908.4810438304,1.9389873625536,"gaussian","adaptive_sparse_group_lasso",1,11.7879746844143,0.5,TRUE,"identity",NA,NA,"independent","epa",0.00505050505050503,1000,50,1e-06,1,"PGD",0.9,TRUE,10,1,TRUE,0,0,0,0,0,200,5250.06438771218,5250.06438771218,5250.06438771218,5250.06438771218,5250.06438771218,5250.06438771218
1392,-2755.07100576749,3459.12632302804,2.30608421535202,"gaussian","adaptive_sparse_group_lasso",1,13.6312523034267,0.5,TRUE,"identity",NA,NA,"independent","epa",0.00505050505050503,1000,50,1e-06,1,"PGD",0.9,TRUE,10,1,TRUE,0,0,0,0,0,200,5510.14201153498,5510.14201153498,5510.14201153498,5510.14201153498,5510.14201153498,5510.14201153498
1393,-2702.32614957121,3224.21520858945,2.1494768057263,"gaussian","adaptive_sparse_group_lasso",1,14.4238382393396,0.5,TRUE,"identity",NA,NA,"independent","epa",0.00505050505050503,1000,50,1e-06,1,"PGD",0.9,TRUE,10,1,TRUE,0,0,0,0,0,200,5404.65229914243,5404.65229914243,5404.65229914243,5404.65229914243,5404.65229914243,5404.65229914243
1394,-2702.13968841435,3223.41372036084,2.14894248024056,"gaussian","adaptive_sparse_group_lasso",1,12.7018007427416,0.5,TRUE,"identity",NA,NA,"independent","epa",0.00505050505050503,1000,50,1e-06,1,"PGD",0.9,TRUE,10,1,TRUE,0,0,0,0,0,200,5404.2793768287,5404.2793768287,5404.2793768287,5404.2793768287,5404.2793768287,5404.2793768287
1395,-2727.84202537498,3335.79403405333,2.22386268936889,"gaussian","adaptive_sparse_group_lasso",1,13.7088700592958,0.5,TRUE,"identity",NA,NA,"independent","epa",0.00505050505050503,1000,50,1e-06,1,"PGD",0.9,TRUE,10,1,TRUE,0,0,0,0,0,200,5455.68405074997,5455.68405074997,5455.68405074997,5455.68405074997,5455.68405074997,5455.68405074997
1396,-2687.57451937491,3161.41823101661,2.10761215401107,"gaussian","adaptive_sparse_group_lasso",1,15.790061032167,0.5,TRUE,"identity",NA,NA,"independent","epa",0.00505050505050503,1000,50,1e-06,1,"PGD",0.9,TRUE,10,1,TRUE,0,0,0,0,0,200,5375.14903874981,5375.14903874981,5375.14903874981,5375.14903874981,5375.14903874981,5375.14903874981
1397,-2666.98405881726,3075.80540346197,2.05053693564132,"gaussian","adaptive_sparse_group_lasso",1,1.34183498138746,0.5,TRUE,"identity",NA,NA,"independent","epa",0.00505050505050503,1000,50,1e-06,1,"PGD",0.9,TRUE,10,1,TRUE,1.53529691874278,1,1,7.19780953557898,7.19780953557898,200,5335.96811763453,5335.96811763453,5341.16592717011,5341.16592717011,5346.46424453665,5346.46424453665
1398,-2748.99492983687,3431.21564834618,2.28747709889745,"gaussian","adaptive_sparse_group_lasso",1,13.2916102375127,0.5,TRUE,"identity",NA,NA,"independent","epa",0.00505050505050503,1000,50,1e-06,1,"PGD",0.9,TRUE,10,1,TRUE,0,0,0,0,0,200,5497.98985967373,5497.98985967373,5497.98985967373,5497.98985967373,5497.98985967373,5497.98985967373
1399,-2670.06276582281,3088.45735832844,2.05897157221896,"gaussian","adaptive_sparse_group_lasso",1,13.3919029052497,0.5,TRUE,"identity",NA,NA,"independent","epa",0.00505050505050503,1000,50,1e-06,1,"PGD",0.9,TRUE,10,1,TRUE,0,0,0,0,0,200,5340.12553164562,5340.12553164562,5340.12553164562,5340.12553164562,5340.12553164562,5340.12553164562
1400,-2696.84332849197,3200.73076038358,2.13382050692238,"gaussian","adaptive_sparse_group_lasso",1,1.03609290121785,0.5,TRUE,"identity",NA,NA,"independent","epa",0.00505050505050503,1000,50,1e-06,1,"PGD",0.9,TRUE,10,1,TRUE,0.776413209050965,1,1,7.77317368048254,7.77317368048254,200,5395.68665698393,5395.68665698393,5401.45983066442,5401.45983066442,5406.75814803096,5406.75814803096
1401,-2675.36292679016,3110.36042186868,2.07357361457912,"gaussian","adaptive_sparse_group_lasso",1,10.2881649467564,0.5,TRUE,"identity",NA,NA,"independent","epa",0.00505050505050503,1000,50,1e-06,1,"PGD",0.9,TRUE,10,1,TRUE,0,0,0,0,0,200,5350.72585358033,5350.72585358033,5350.72585358033,5350.72585358033,5350.72585358033,5350.72585358033
1402,-2726.41227343218,3329.44094753454,2.21962729835636,"gaussian","adaptive_sparse_group_lasso",1,17.732894636503,0.5,TRUE,"identity",NA,NA,"independent","epa",0.00505050505050503,1000,50,1e-06,1,"PGD",0.9,TRUE,10,1,TRUE,0,0,0,0,0,200,5452.82454686436,5452.82454686436,5452.82454686436,5452.82454686436,5452.82454686436,5452.82454686436
1403,-2657.56659131265,3037.42514107385,2.02495009404923,"gaussian","adaptive_sparse_group_lasso",1,15.0384594022542,0.5,TRUE,"identity",NA,NA,"independent","epa",0.00505050505050503,1000,50,1e-06,1,"PGD",0.9,TRUE,10,1,TRUE,0,0,0,0,0,200,5315.1331826253,5315.1331826253,5315.1331826253,5315.1331826253,5315.1331826253,5315.1331826253
1404,-2787.4124872821,3611.5535453369,2.40770236355793,"gaussian","adaptive_sparse_group_lasso",1,15.5070590400806,0.5,TRUE,"identity",NA,NA,"independent","epa",0.00505050505050503,1000,50,1e-06,1,"PGD",0.9,TRUE,10,1,TRUE,0,0,0,0,0,200,5574.8249745642,5574.8249745642,5574.8249745642,5574.8249745642,5574.8249745642,5574.8249745642
1405,-2751.59609994138,3443.13654266832,2.29542436177888,"gaussian","adaptive_sparse_group_lasso",1,15.5041105308919,0.5,TRUE,"identity",NA,NA,"independent","epa",0.00505050505050503,1000,50,1e-06,1,"PGD",0.9,TRUE,10,1,TRUE,0,0,0,0,0,200,5503.19219988276,5503.19219988276,5503.19219988276,5503.19219988276,5503.19219988276,5503.19219988276
1406,-2713.53086789427,3272.74538154137,2.18183025436091,"gaussian","adaptive_sparse_group_lasso",1,19.5829903117486,0.5,TRUE,"identity",NA,NA,"independent","epa",0.00505050505050503,1000,50,1e-06,1,"PGD",0.9,TRUE,10,1,TRUE,0,0,0,0,0,200,5427.06173578855,5427.06173578855,5427.06173578855,5427.06173578855,5427.06173578855,5427.06173578855
1407,-2753.01992149337,3449.67930053762,2.29978620035841,"gaussian","adaptive_sparse_group_lasso",1,12.9442952994923,0.5,TRUE,"identity",NA,NA,"independent","epa",0.00505050505050503,1000,50,1e-06,1,"PGD",0.9,TRUE,10,1,TRUE,0,0,0,0,0,200,5506.03984298675,5506.03984298675,5506.03984298675,5506.03984298675,5506.03984298675,5506.03984298675
1408,-2659.76659982544,3046.34803652951,2.03089869101967,"gaussian","adaptive_sparse_group_lasso",1,17.3269031532116,0.5,TRUE,"identity",NA,NA,"independent","epa",0.00505050505050503,1000,50,1e-06,1,"PGD",0.9,TRUE,10,1,TRUE,0,0,0,0,0,200,5319.53319965088,5319.53319965088,5319.53319965088,5319.53319965088,5319.53319965088,5319.53319965088
1409,-2687.05635420444,3159.23480293227,2.10615653528818,"gaussian","adaptive_sparse_group_lasso",1,10.653099300187,0.5,TRUE,"identity",NA,NA,"independent","epa",0.00505050505050503,1000,50,1e-06,1,"PGD",0.9,TRUE,10,1,TRUE,0,0,0,0,0,200,5374.11270840888,5374.11270840888,5374.11270840888,5374.11270840888,5374.11270840888,5374.11270840888
1410,-2730.21117869857,3346.34803800972,2.23089869200648,"gaussian","adaptive_sparse_group_lasso",1,11.935553064432,0.5,TRUE,"identity",NA,NA,"independent","epa",0.00505050505050503,1000,50,1e-06,1,"PGD",0.9,TRUE,10,1,TRUE,0,0,0,0,0,200,5460.42235739713,5460.42235739713,5460.42235739713,5460.42235739713,5460.42235739713,5460.42235739713
1411,-2712.84448204707,3269.75159686277,2.17983439790851,"gaussian","adaptive_sparse_group_lasso",1,11.4213924909974,0.5,TRUE,"identity",NA,NA,"independent","epa",0.00505050505050503,1000,50,1e-06,1,"PGD",0.9,TRUE,10,1,TRUE,0,0,0,0,0,200,5425.68896409414,5425.68896409414,5425.68896409414,5425.68896409414,5425.68896409414,5425.68896409414
1412,-2679.57675406396,3127.88496814591,2.08525664543061,"gaussian","adaptive_sparse_group_lasso",1,12.1311942674923,0.5,TRUE,"identity",NA,NA,"independent","epa",0.00505050505050503,1000,50,1e-06,1,"PGD",0.9,TRUE,10,1,TRUE,0,0,0,0,0,200,5359.15350812793,5359.15350812793,5359.15350812793,5359.15350812793,5359.15350812793,5359.15350812793
1413,-2781.50319924155,3583.20973954477,2.38880649302984,"gaussian","adaptive_sparse_group_lasso",1,11.0387653530096,0.5,TRUE,"identity",NA,NA,"independent","epa",0.00505050505050503,1000,50,1e-06,1,"PGD",0.9,TRUE,10,1,TRUE,0,0,0,0,0,200,5563.00639848311,5563.00639848311,5563.00639848311,5563.00639848311,5563.00639848311,5563.00639848311
1414,-2707.04077026317,3244.54698168635,2.16303132112423,"gaussian","adaptive_sparse_group_lasso",1,13.6080251251653,0.5,TRUE,"identity",NA,NA,"independent","epa",0.00505050505050503,1000,50,1e-06,1,"PGD",0.9,TRUE,10,1,TRUE,0,0,0,0,0,200,5414.08154052634,5414.08154052634,5414.08154052634,5414.08154052634,5414.08154052634,5414.08154052634
1415,-2779.52778777347,3573.78440611876,2.38252293741251,"gaussian","adaptive_sparse_group_lasso",1,17.7982012930629,0.5,TRUE,"identity",NA,NA,"independent","epa",0.00505050505050503,1000,50,1e-06,1,"PGD",0.9,TRUE,10,1,TRUE,0,0,0,0,0,200,5559.05557554694,5559.05557554694,5559.05557554694,5559.05557554694,5559.05557554694,5559.05557554694
1416,-2644.84928759859,2986.35553247281,1.99090368831521,"gaussian","adaptive_sparse_group_lasso",1,13.6028816910879,0.5,TRUE,"identity",NA,NA,"independent","epa",0.00505050505050503,1000,50,1e-06,1,"PGD",0.9,TRUE,10,1,TRUE,0,0,0,0,0,200,5289.69857519718,5289.69857519718,5289.69857519718,5289.69857519718,5289.69857519718,5289.69857519718
1417,-2721.1062027337,3305.96907563854,2.20397938375903,"gaussian","adaptive_sparse_group_lasso",1,16.4560268800678,0.5,TRUE,"identity",NA,NA,"independent","epa",0.00505050505050503,1000,50,1e-06,1,"PGD",0.9,TRUE,10,1,TRUE,0,0,0,0,0,200,5442.2124054674,5442.2124054674,5442.2124054674,5442.2124054674,5442.2124054674,5442.2124054674
1418,-2655.5635520252,3029.32385483196,2.01954923655464,"gaussian","adaptive_sparse_group_lasso",1,11.8278773767922,0.5,TRUE,"identity",NA,NA,"independent","epa",0.00505050505050503,1000,50,1e-06,1,"PGD",0.9,TRUE,10,1,TRUE,0,0,0,0,0,200,5311.1271040504,5311.1271040504,5311.1271040504,5311.1271040504,5311.1271040504,5311.1271040504
1419,-2754.22997151169,3455.24950548145,2.30349967032097,"gaussian","adaptive_sparse_group_lasso",1,11.750299042262,0.5,TRUE,"identity",NA,NA,"independent","epa",0.00505050505050503,1000,50,1e-06,1,"PGD",0.9,TRUE,10,1,TRUE,0,0,0,0,0,200,5508.45994302338,5508.45994302338,5508.45994302338,5508.45994302338,5508.45994302338,5508.45994302338
1420,-2723.51688880889,3316.61237640068,2.21107491760045,"gaussian","adaptive_sparse_group_lasso",1,10.8960091735532,0.5,TRUE,"identity",NA,NA,"independent","epa",0.00505050505050503,1000,50,1e-06,1,"PGD",0.9,TRUE,10,1,TRUE,0,0,0,0,0,200,5447.03377761777,5447.03377761777,5447.03377761777,5447.03377761777,5447.03377761777,5447.03377761777
1421,-2721.58618494116,3308.0854945749,2.2053903297166,"gaussian","adaptive_sparse_group_lasso",1,14.6915838619871,0.5,TRUE,"identity",NA,NA,"independent","epa",0.00505050505050503,1000,50,1e-06,1,"PGD",0.9,TRUE,10,1,TRUE,0,0,0,0,0,200,5443.17236988233,5443.17236988233,5443.17236988233,5443.17236988233,5443.17236988233,5443.17236988233
1422,-2754.6595732894,3457.22924753445,2.3048194983563,"gaussian","adaptive_sparse_group_lasso",1,16.6029110421992,0.5,TRUE,"identity",NA,NA,"independent","epa",0.00505050505050503,1000,50,1e-06,1,"PGD",0.9,TRUE,10,1,TRUE,0,0,0,0,0,200,5509.3191465788,5509.3191465788,5509.3191465788,5509.3191465788,5509.3191465788,5509.3191465788
1423,-2679.65863942029,3128.22649075624,2.08548432717083,"gaussian","adaptive_sparse_group_lasso",1,10.8731391105514,0.5,TRUE,"identity",NA,NA,"independent","epa",0.00505050505050503,1000,50,1e-06,1,"PGD",0.9,TRUE,10,1,TRUE,0,0,0,0,0,200,5359.31727884057,5359.31727884057,5359.31727884057,5359.31727884057,5359.31727884057,5359.31727884057
1424,-2761.33116897278,3488.12008559102,2.32541339039402,"gaussian","adaptive_sparse_group_lasso",1,13.5449402827457,0.5,TRUE,"identity",NA,NA,"independent","epa",0.00505050505050503,1000,50,1e-06,1,"PGD",0.9,TRUE,10,1,TRUE,0,0,0,0,0,200,5522.66233794557,5522.66233794557,5522.66233794557,5522.66233794557,5522.66233794557,5522.66233794557
1425,-2680.91891075101,3133.48746190215,2.0889916412681,"gaussian","adaptive_sparse_group_lasso",1,17.3292944476195,0.5,TRUE,"identity",NA,NA,"independent","epa",0.00505050505050503,1000,50,1e-06,1,"PGD",0.9,TRUE,10,1,TRUE,0,0,0,0,0,200,5361.83782150202,5361.83782150202,5361.83782150202,5361.83782150202,5361.83782150202,5361.83782150202
1426,-2691.37869334727,3177.49441421529,2.11832960947686,"gaussian","adaptive_sparse_group_lasso",1,15.1158500251949,0.5,TRUE,"identity",NA,NA,"independent","epa",0.00505050505050503,1000,50,1e-06,1,"PGD",0.9,TRUE,10,1,TRUE,0,0,0,0,0,200,5382.75738669454,5382.75738669454,5382.75738669454,5382.75738669454,5382.75738669454,5382.75738669454
1427,-2680.47527096652,3131.63449038771,2.08775632692514,"gaussian","adaptive_sparse_group_lasso",1,13.136335597996,0.5,TRUE,"identity",NA,NA,"independent","epa",0.00505050505050503,1000,50,1e-06,1,"PGD",0.9,TRUE,10,1,TRUE,0,0,0,0,0,200,5360.95054193305,5360.95054193305,5360.95054193305,5360.95054193305,5360.95054193305,5360.95054193305
1428,-2729.88093674224,3344.87488966696,2.22991659311131,"gaussian","adaptive_sparse_group_lasso",1,9.89750890247768,0.5,TRUE,"identity",NA,NA,"independent","epa",0.00505050505050503,1000,50,1e-06,1,"PGD",0.9,TRUE,10,1,TRUE,0,0,0,0,0,200,5459.76187348448,5459.76187348448,5459.76187348448,5459.76187348448,5459.76187348448,5459.76187348448
1429,-2707.68580726038,3247.33865245806,2.16489243497204,"gaussian","adaptive_sparse_group_lasso",1,14.4347623766937,0.5,TRUE,"identity",NA,NA,"independent","epa",0.00505050505050503,1000,50,1e-06,1,"PGD",0.9,TRUE,10,1,TRUE,0,0,0,0,0,200,5415.37161452076,5415.37161452076,5415.37161452076,5415.37161452076,5415.37161452076,5415.37161452076
1430,-2706.44362271569,3241.964712123,2.161309808082,"gaussian","adaptive_sparse_group_lasso",1,10.4903968315474,0.5,TRUE,"identity",NA,NA,"independent","epa",0.00505050505050503,1000,50,1e-06,1,"PGD",0.9,TRUE,10,1,TRUE,0,0,0,0,0,200,5412.88724543138,5412.88724543138,5412.88724543138,5412.88724543138,5412.88724543138,5412.88724543138
1431,-2700.2569923281,3215.33225670362,2.14355483780241,"gaussian","adaptive_sparse_group_lasso",1,13.4276553678365,0.5,TRUE,"identity",NA,NA,"independent","epa",0.00505050505050503,1000,50,1e-06,1,"PGD",0.9,TRUE,10,1,TRUE,0,0,0,0,0,200,5400.51398465619,5400.51398465619,5400.51398465619,5400.51398465619,5400.51398465619,5400.51398465619
1432,-2762.40274331906,3493.10735422928,2.32873823615285,"gaussian","adaptive_sparse_group_lasso",1,12.7756208617384,0.5,TRUE,"identity",NA,NA,"independent","epa",0.00505050505050503,1000,50,1e-06,1,"PGD",0.9,TRUE,10,1,TRUE,0,0,0,0,0,200,5524.80548663811,5524.80548663811,5524.80548663811,5524.80548663811,5524.80548663811,5524.80548663811
1433,-2638.54295820902,2961.35021874653,1.97423347916435,"gaussian","adaptive_sparse_group_lasso",1,13.7831190462627,0.5,TRUE,"identity",NA,NA,"independent","epa",0.00505050505050503,1000,50,1e-06,1,"PGD",0.9,TRUE,10,1,TRUE,0,0,0,0,0,200,5277.08591641805,5277.08591641805,5277.08591641805,5277.08591641805,5277.08591641805,5277.08591641805
1434,-2730.66454924739,3348.37149706132,2.23224766470755,"gaussian","adaptive_sparse_group_lasso",1,12.998358362261,0.5,TRUE,"identity",NA,NA,"independent","epa",0.00505050505050503,1000,50,1e-06,1,"PGD",0.9,TRUE,10,1,TRUE,0,0,0,0,0,200,5461.32909849478,5461.32909849478,5461.32909849478,5461.32909849478,5461.32909849478,5461.32909849478
1435,-2682.25247500751,3139.0640274084,2.0927093516056,"gaussian","adaptive_sparse_group_lasso",1,11.3977494804896,0.5,TRUE,"identity",NA,NA,"independent","epa",0.00505050505050503,1000,50,1e-06,1,"PGD",0.9,TRUE,10,1,TRUE,0,0,0,0,0,200,5364.50495001503,5364.50495001503,5364.50495001503,5364.50495001503,5364.50495001503,5364.50495001503
1436,-2643.89924123246,2982.57502578732,1.98838335052488,"gaussian","adaptive_sparse_group_lasso",1,15.6858340513167,0.5,TRUE,"identity",NA,NA,"independent","epa",0.00505050505050503,1000,50,1e-06,1,"PGD",0.9,TRUE,10,1,TRUE,0,0,0,0,0,200,5287.79848246493,5287.79848246493,5287.79848246493,5287.79848246493,5287.79848246493,5287.79848246493
1437,-2673.47253809799,3102.53057342513,2.06835371561675,"gaussian","adaptive_sparse_group_lasso",1,13.2474006263699,0.5,TRUE,"identity",NA,NA,"independent","epa",0.00505050505050503,1000,50,1e-06,1,"PGD",0.9,TRUE,10,1,TRUE,0,0,0,0,0,200,5346.94507619598,5346.94507619598,5346.94507619598,5346.94507619598,5346.94507619598,5346.94507619598
1438,-2667.93615970876,3079.71251900501,2.05314167933668,"gaussian","adaptive_sparse_group_lasso",1,17.3588290311994,0.5,TRUE,"identity",NA,NA,"independent","epa",0.00505050505050503,1000,50,1e-06,1,"PGD",0.9,TRUE,10,1,TRUE,0,0,0,0,0,200,5335.87231941753,5335.87231941753,5335.87231941753,5335.87231941753,5335.87231941753,5335.87231941753
1439,-2674.10480958034,3105.14719835465,2.07009813223644,"gaussian","adaptive_sparse_group_lasso",1,15.0966843381762,0.5,TRUE,"identity",NA,NA,"independent","epa",0.00505050505050503,1000,50,1e-06,1,"PGD",0.9,TRUE,10,1,TRUE,0,0,0,0,0,200,5348.20961916069,5348.20961916069,5348.20961916069,5348.20961916069,5348.20961916069,5348.20961916069
1440,-2702.29742384341,3224.09172038302,2.14939448025535,"gaussian","adaptive_sparse_group_lasso",1,12.6123298373867,0.5,TRUE,"identity",NA,NA,"independent","epa",0.00505050505050503,1000,50,1e-06,1,"PGD",0.9,TRUE,10,1,TRUE,0,0,0,0,0,200,5404.59484768681,5404.59484768681,5404.59484768681,5404.59484768681,5404.59484768681,5404.59484768681
1441,-2638.77064613093,2962.24937346052,1.97483291564035,"gaussian","adaptive_sparse_group_lasso",1,10.8925346590197,0.5,TRUE,"identity",NA,NA,"independent","epa",0.00505050505050503,1000,50,1e-06,1,"PGD",0.9,TRUE,10,1,TRUE,0,0,0,0,0,200,5277.54129226185,5277.54129226185,5277.54129226185,5277.54129226185,5277.54129226185,5277.54129226185
1442,-2704.61224822253,3234.05803413525,2.1560386894235,"gaussian","adaptive_sparse_group_lasso",1,10.0978258941455,0.5,TRUE,"identity",NA,NA,"independent","epa",0.00505050505050503,1000,50,1e-06,1,"PGD",0.9,TRUE,10,1,TRUE,0,0,0,0,0,200,5409.22449644507,5409.22449644507,5409.22449644507,5409.22449644507,5409.22449644507,5409.22449644507
1443,-2769.27362167592,3525.25534028133,2.35017022685422,"gaussian","adaptive_sparse_group_lasso",1,17.4390276539907,0.5,TRUE,"identity",NA,NA,"independent","epa",0.00505050505050503,1000,50,1e-06,1,"PGD",0.9,TRUE,10,1,TRUE,0,0,0,0,0,200,5538.54724335184,5538.54724335184,5538.54724335184,5538.54724335184,5538.54724335184,5538.54724335184
1444,-2679.22377938314,3126.41322889983,2.08427548593322,"gaussian","adaptive_sparse_group_lasso",1,11.9953046321073,0.5,TRUE,"identity",NA,NA,"independent","epa",0.00505050505050503,1000,50,1e-06,1,"PGD",0.9,TRUE,10,1,TRUE,0,0,0,0,0,200,5358.44755876628,5358.44755876628,5358.44755876628,5358.44755876628,5358.44755876628,5358.44755876628
1445,-2746.83292311212,3421.33880930632,2.28089253953755,"gaussian","adaptive_sparse_group_lasso",1,13.7177361538391,0.5,TRUE,"identity",NA,NA,"independent","epa",0.00505050505050503,1000,50,1e-06,1,"PGD",0.9,TRUE,10,1,TRUE,0,0,0,0,0,200,5493.66584622424,5493.66584622424,5493.66584622424,5493.66584622424,5493.66584622424,5493.66584622424
1446,-2675.71708955553,3111.82953384228,2.07455302256152,"gaussian","adaptive_sparse_group_lasso",1,18.3485942390018,0.5,TRUE,"identity",NA,NA,"independent","epa",0.00505050505050503,1000,50,1e-06,1,"PGD",0.9,TRUE,10,1,TRUE,0,0,0,0,0,200,5351.43417911106,5351.43417911106,5351.43417911106,5351.43417911106,5351.43417911106,5351.43417911106
1447,-2751.73193500091,3443.76019735238,2.29584013156826,"gaussian","adaptive_sparse_group_lasso",1,12.98707092338,0.5,TRUE,"identity",NA,NA,"independent","epa",0.00505050505050503,1000,50,1e-06,1,"PGD",0.9,TRUE,10,1,TRUE,0,0,0,0,0,200,5503.46387000182,5503.46387000182,5503.46387000182,5503.46387000182,5503.46387000182,5503.46387000182
1448,-2669.10679729985,3084.52324209651,2.05634882806434,"gaussian","adaptive_sparse_group_lasso",1,13.8726779507733,0.5,TRUE,"identity",NA,NA,"independent","epa",0.00505050505050503,1000,50,1e-06,1,"PGD",0.9,TRUE,10,1,TRUE,0,0,0,0,0,200,5338.2135945997,5338.2135945997,5338.2135945997,5338.2135945997,5338.2135945997,5338.2135945997
1449,-2720.45980909213,3303.12102660241,2.20208068440161,"gaussian","adaptive_sparse_group_lasso",1,13.1190038784131,0.5,TRUE,"identity",NA,NA,"independent","epa",0.00505050505050503,1000,50,1e-06,1,"PGD",0.9,TRUE,10,1,TRUE,0,0,0,0,0,200,5440.91961818427,5440.91961818427,5440.91961818427,5440.91961818427,5440.91961818427,5440.91961818427
1450,-2660.1455469008,3047.88763168542,2.03192508779028,"gaussian","adaptive_sparse_group_lasso",1,11.4682539190111,0.5,TRUE,"identity",NA,NA,"independent","epa",0.00505050505050503,1000,50,1e-06,1,"PGD",0.9,TRUE,10,1,TRUE,0,0,0,0,0,200,5320.29109380159,5320.29109380159,5320.29109380159,5320.29109380159,5320.29109380159,5320.29109380159
1451,-2687.28409924114,3160.19428199748,2.10679618799832,"gaussian","adaptive_sparse_group_lasso",1,13.3039795350172,0.5,TRUE,"identity",NA,NA,"independent","epa",0.00505050505050503,1000,50,1e-06,1,"PGD",0.9,TRUE,10,1,TRUE,0,0,0,0,0,200,5374.56819848228,5374.56819848228,5374.56819848228,5374.56819848228,5374.56819848228,5374.56819848228
1452,-2637.83573015286,2958.55906832817,1.97237271221878,"gaussian","adaptive_sparse_group_lasso",1,14.9655195977831,0.5,TRUE,"identity",NA,NA,"independent","epa",0.00505050505050503,1000,50,1e-06,1,"PGD",0.9,TRUE,10,1,TRUE,0,0,0,0,0,200,5275.67146030571,5275.67146030571,5275.67146030571,5275.67146030571,5275.67146030571,5275.67146030571
1453,-2752.53951381927,3447.47033820254,2.29831355880169,"gaussian","adaptive_sparse_group_lasso",1,11.2390472909234,0.5,TRUE,"identity",NA,NA,"independent","epa",0.00505050505050503,1000,50,1e-06,1,"PGD",0.9,TRUE,10,1,TRUE,0,0,0,0,0,200,5505.07902763853,5505.07902763853,5505.07902763853,5505.07902763853,5505.07902763853,5505.07902763853
1454,-2746.56639292207,3420.12317187774,2.28008211458516,"gaussian","adaptive_sparse_group_lasso",1,15.20727811029,0.5,TRUE,"identity",NA,NA,"independent","epa",0.00505050505050503,1000,50,1e-06,1,"PGD",0.9,TRUE,10,1,TRUE,0,0,0,0,0,200,5493.13278584414,5493.13278584414,5493.13278584414,5493.13278584414,5493.13278584414,5493.13278584414
1455,-2774.50344553792,3549.92319869443,2.36661546579628,"gaussian","adaptive_sparse_group_lasso",1,12.8805541505167,0.5,TRUE,"identity",NA,NA,"independent","epa",0.00505050505050503,1000,50,1e-06,1,"PGD",0.9,TRUE,10,1,TRUE,0,0,0,0,0,200,5549.00689107585,5549.00689107585,5549.00689107585,5549.00689107585,5549.00689107585,5549.00689107585
1456,-2724.06554463753,3319.03950234584,2.21269300156389,"gaussian","adaptive_sparse_group_lasso",1,11.7430077563694,0.5,TRUE,"identity",NA,NA,"independent","epa",0.00505050505050503,1000,50,1e-06,1,"PGD",0.9,TRUE,10,1,TRUE,0,0,0,0,0,200,5448.13108927505,5448.13108927505,5448.13108927505,5448.13108927505,5448.13108927505,5448.13108927505
1457,-2730.62856360628,3348.21084318887,2.23214056212591,"gaussian","adaptive_sparse_group_lasso",1,13.3612817279799,0.5,TRUE,"identity",NA,NA,"independent","epa",0.00505050505050503,1000,50,1e-06,1,"PGD",0.9,TRUE,10,1,TRUE,0,0,0,0,0,200,5461.25712721257,5461.25712721257,5461.25712721257,5461.25712721257,5461.25712721257,5461.25712721257
1458,-2632.64725966757,2938.16250577516,1.95877500385011,"gaussian","adaptive_sparse_group_lasso",1,14.2054210234302,0.5,TRUE,"identity",NA,NA,"independent","epa",0.00505050505050503,1000,50,1e-06,1,"PGD",0.9,TRUE,10,1,TRUE,0,0,0,0,0,200,5265.29451933513,5265.29451933513,5265.29451933513,5265.29451933513,5265.29451933513,5265.29451933513
1459,-3545.78620562236,4059.48581796909,2.02974290898454,"gaussian","adaptive_sparse_group_lasso",1,12.6887446621568,0.5,TRUE,"identity",NA,NA,"independent","epa",0.00505050505050503,1000,50,1e-06,1,"PGD",0.9,TRUE,10,1,TRUE,0,0,0,0,0,200,7091.57241124472,7091.57241124472,7091.57241124472,7091.57241124472,7091.57241124472,7091.57241124472
1460,-3752.82033922221,4993.26724177029,2.49663362088515,"gaussian","adaptive_sparse_group_lasso",1,10.5784471913529,0.5,TRUE,"identity",NA,NA,"independent","epa",0.00505050505050503,1000,50,1e-06,1,"PGD",0.9,TRUE,10,1,TRUE,0,0,0,0,0,200,7505.64067844442,7505.64067844442,7505.64067844442,7505.64067844442,7505.64067844442,7505.64067844442
1461,-3553.35476381946,4090.326836432,2.045163418216,"gaussian","adaptive_sparse_group_lasso",1,11.7320993644695,0.5,TRUE,"identity",NA,NA,"independent","epa",0.00505050505050503,1000,50,1e-06,1,"PGD",0.9,TRUE,10,1,TRUE,0,0,0,0,0,200,7106.70952763891,7106.70952763891,7106.70952763891,7106.70952763891,7106.70952763891,7106.70952763891
1462,-3623.7690471271,4388.72679576225,2.19436339788113,"gaussian","adaptive_sparse_group_lasso",1,10.1092955226866,0.5,TRUE,"identity",NA,NA,"independent","epa",0.00505050505050503,1000,50,1e-06,1,"PGD",0.9,TRUE,10,1,TRUE,0,0,0,0,0,200,7247.5380942542,7247.5380942542,7247.5380942542,7247.5380942542,7247.5380942542,7247.5380942542
1463,-3604.01220990909,4302.8703534376,2.1514351767188,"gaussian","adaptive_sparse_group_lasso",1,10.5130425853579,0.5,TRUE,"identity",NA,NA,"independent","epa",0.00505050505050503,1000,50,1e-06,1,"PGD",0.9,TRUE,10,1,TRUE,0,0,0,0,0,200,7208.02441981817,7208.02441981817,7208.02441981817,7208.02441981817,7208.02441981817,7208.02441981817
1464,-3532.7867333239,4007.05616178628,2.00352808089314,"gaussian","adaptive_sparse_group_lasso",1,13.6563710213836,0.5,TRUE,"identity",NA,NA,"independent","epa",0.00505050505050503,1000,50,1e-06,1,"PGD",0.9,TRUE,10,1,TRUE,0,0,0,0,0,200,7065.57346664779,7065.57346664779,7065.57346664779,7065.57346664779,7065.57346664779,7065.57346664779
1465,-3700.60321030423,4739.2235982582,2.3696117991291,"gaussian","adaptive_sparse_group_lasso",1,12.4360761005676,0.5,TRUE,"identity",NA,NA,"independent","epa",0.00505050505050503,1000,50,1e-06,1,"PGD",0.9,TRUE,10,1,TRUE,0,0,0,0,0,200,7401.20642060846,7401.20642060846,7401.20642060846,7401.20642060846,7401.20642060846,7401.20642060846
1466,-3600.38729903252,4287.30106757815,2.14365053378907,"gaussian","adaptive_sparse_group_lasso",1,12.1271672534897,0.5,TRUE,"identity",NA,NA,"independent","epa",0.00505050505050503,1000,50,1e-06,1,"PGD",0.9,TRUE,10,1,TRUE,0,0,0,0,0,200,7200.77459806505,7200.77459806505,7200.77459806505,7200.77459806505,7200.77459806505,7200.77459806505
1467,-3577.10879422786,4188.65176788152,2.09432588394076,"gaussian","adaptive_sparse_group_lasso",1,13.0452149647551,0.5,TRUE,"identity",NA,NA,"independent","epa",0.00505050505050503,1000,50,1e-06,1,"PGD",0.9,TRUE,10,1,TRUE,0,0,0,0,0,200,7154.21758845573,7154.21758845573,7154.21758845573,7154.21758845573,7154.21758845573,7154.21758845573
1468,-3587.37810636697,4231.88796335242,2.11594398167621,"gaussian","adaptive_sparse_group_lasso",1,17.8600629259514,0.5,TRUE,"identity",NA,NA,"independent","epa",0.00505050505050503,1000,50,1e-06,1,"PGD",0.9,TRUE,10,1,TRUE,0,0,0,0,0,200,7174.75621273395,7174.75621273395,7174.75621273395,7174.75621273395,7174.75621273395,7174.75621273395
1469,-3623.46780449723,4387.40492327271,2.19370246163635,"gaussian","adaptive_sparse_group_lasso",1,10.5309451134006,0.5,TRUE,"identity",NA,NA,"independent","epa",0.00505050505050503,1000,50,1e-06,1,"PGD",0.9,TRUE,10,1,TRUE,0,0,0,0,0,200,7246.93560899447,7246.93560899447,7246.93560899447,7246.93560899447,7246.93560899447,7246.93560899447
1470,-3547.19997418389,4065.22905023853,2.03261452511926,"gaussian","adaptive_sparse_group_lasso",1,12.2427988506027,0.5,TRUE,"identity",NA,NA,"independent","epa",0.00505050505050503,1000,50,1e-06,1,"PGD",0.9,TRUE,10,1,TRUE,0,0,0,0,0,200,7094.39994836779,7094.39994836779,7094.39994836779,7094.39994836779,7094.39994836779,7094.39994836779
1471,-3507.2088281949,3905.86372161169,1.95293186080584,"gaussian","adaptive_sparse_group_lasso",1,11.5265281023774,0.5,TRUE,"identity",NA,NA,"independent","epa",0.00505050505050503,1000,50,1e-06,1,"PGD",0.9,TRUE,10,1,TRUE,0,0,0,0,0,200,7014.4176563898,7014.4176563898,7014.4176563898,7014.4176563898,7014.4176563898,7014.4176563898
1472,-3467.4880709093,3753.76067847486,1.87688033923743,"gaussian","adaptive_sparse_group_lasso",1,10.2454493007976,0.5,TRUE,"identity",NA,NA,"independent","epa",0.00505050505050503,1000,50,1e-06,1,"PGD",0.9,TRUE,10,1,TRUE,0,0,0,0,0,200,6934.97614181861,6934.97614181861,6934.97614181861,6934.97614181861,6934.97614181861,6934.97614181861
1473,-3640.60915172557,4463.25921958989,2.23162960979494,"gaussian","adaptive_sparse_group_lasso",1,10.9803575426389,0.5,TRUE,"identity",NA,NA,"independent","epa",0.00505050505050503,1000,50,1e-06,1,"PGD",0.9,TRUE,10,1,TRUE,0,0,0,0,0,200,7281.21830345114,7281.21830345114,7281.21830345114,7281.21830345114,7281.21830345114,7281.21830345114
1474,-3646.00925620487,4487.42647983032,2.24371323991516,"gaussian","adaptive_sparse_group_lasso",1,15.3606851129796,0.5,TRUE,"identity",NA,NA,"independent","epa",0.00505050505050503,1000,50,1e-06,1,"PGD",0.9,TRUE,10,1,TRUE,0,0,0,0,0,200,7292.01851240974,7292.01851240974,7292.01851240974,7292.01851240974,7292.01851240974,7292.01851240974
1475,-3678.60730600961,4636.1181948557,2.31805909742785,"gaussian","adaptive_sparse_group_lasso",1,10.4786279902764,0.5,TRUE,"identity",NA,NA,"independent","epa",0.00505050505050503,1000,50,1e-06,1,"PGD",0.9,TRUE,10,1,TRUE,0,0,0,0,0,200,7357.21461201923,7357.21461201923,7357.21461201923,7357.21461201923,7357.21461201923,7357.21461201923
1476,-3578.58471413373,4194.83844680271,2.09741922340135,"gaussian","adaptive_sparse_group_lasso",1,12.2296106178897,0.5,TRUE,"identity",NA,NA,"independent","epa",0.00505050505050503,1000,50,1e-06,1,"PGD",0.9,TRUE,10,1,TRUE,0,0,0,0,0,200,7157.16942826746,7157.16942826746,7157.16942826746,7157.16942826746,7157.16942826746,7157.16942826746
1477,-3580.97895507779,4204.89393359135,2.10244696679567,"gaussian","adaptive_sparse_group_lasso",1,8.83215147828681,0.5,TRUE,"identity",NA,NA,"independent","epa",0.00505050505050503,1000,50,1e-06,1,"PGD",0.9,TRUE,10,1,TRUE,0,0,0,0,0,200,7161.95791015558,7161.95791015558,7161.95791015558,7161.95791015558,7161.95791015558,7161.95791015558
1478,-3750.42898394819,4981.34083164248,2.49067041582124,"gaussian","adaptive_sparse_group_lasso",1,15.8181836805603,0.5,TRUE,"identity",NA,NA,"independent","epa",0.00505050505050503,1000,50,1e-06,1,"PGD",0.9,TRUE,10,1,TRUE,0,0,0,0,0,200,7500.85796789638,7500.85796789638,7500.85796789638,7500.85796789638,7500.85796789638,7500.85796789638
1479,-3619.04468411626,4368.04175751194,2.18402087875597,"gaussian","adaptive_sparse_group_lasso",1,10.3917333273811,0.5,TRUE,"identity",NA,NA,"independent","epa",0.00505050505050503,1000,50,1e-06,1,"PGD",0.9,TRUE,10,1,TRUE,0,0,0,0,0,200,7238.08936823252,7238.08936823252,7238.08936823252,7238.08936823252,7238.08936823252,7238.08936823252
1480,-3659.43310479617,4548.07114518643,2.27403557259322,"gaussian","adaptive_sparse_group_lasso",1,14.0221610499554,0.5,TRUE,"identity",NA,NA,"independent","epa",0.00505050505050503,1000,50,1e-06,1,"PGD",0.9,TRUE,10,1,TRUE,0,0,0,0,0,200,7318.86620959234,7318.86620959234,7318.86620959234,7318.86620959234,7318.86620959234,7318.86620959234
1481,-3565.30942359481,4139.51875259298,2.06975937629649,"gaussian","adaptive_sparse_group_lasso",1,12.4846540531671,0.5,TRUE,"identity",NA,NA,"independent","epa",0.00505050505050503,1000,50,1e-06,1,"PGD",0.9,TRUE,10,1,TRUE,0,0,0,0,0,200,7130.61884718963,7130.61884718963,7130.61884718963,7130.61884718963,7130.61884718963,7130.61884718963
1482,-3602.8086304812,4297.69462252575,2.14884731126288,"gaussian","adaptive_sparse_group_lasso",1,13.7644883940078,0.5,TRUE,"identity",NA,NA,"independent","epa",0.00505050505050503,1000,50,1e-06,1,"PGD",0.9,TRUE,10,1,TRUE,0,0,0,0,0,200,7205.6172609624,7205.6172609624,7205.6172609624,7205.6172609624,7205.6172609624,7205.6172609624
1483,-3634.99069677217,4438.25291290433,2.21912645645216,"gaussian","adaptive_sparse_group_lasso",1,1.28360082124658,0.5,TRUE,"identity",NA,NA,"independent","epa",0.00505050505050503,1000,50,1e-06,1,"PGD",0.9,TRUE,10,1,TRUE,1.02886234120991,1,1,7.5655343157043,7.5655343157043,200,7271.98139354434,7271.98139354434,7277.54692786005,7277.54692786005,7282.8452452266,7282.8452452266
1484,-3676.70316020511,4627.29874926574,2.31364937463287,"gaussian","adaptive_sparse_group_lasso",1,14.2341004809714,0.5,TRUE,"identity",NA,NA,"independent","epa",0.00505050505050503,1000,50,1e-06,1,"PGD",0.9,TRUE,10,1,TRUE,0,0,0,0,0,200,7353.40632041023,7353.40632041023,7353.40632041023,7353.40632041023,7353.40632041023,7353.40632041023
1485,-3642.78986682902,4473.00293665479,2.2365014683274,"gaussian","adaptive_sparse_group_lasso",1,11.0205188972386,0.5,TRUE,"identity",NA,NA,"independent","epa",0.00505050505050503,1000,50,1e-06,1,"PGD",0.9,TRUE,10,1,TRUE,0,0,0,0,0,200,7285.57973365805,7285.57973365805,7285.57973365805,7285.57973365805,7285.57973365805,7285.57973365805
1486,-3584.15672129819,4218.27735692681,2.10913867846341,"gaussian","adaptive_sparse_group_lasso",1,11.2034274220135,0.5,TRUE,"identity",NA,NA,"independent","epa",0.00505050505050503,1000,50,1e-06,1,"PGD",0.9,TRUE,10,1,TRUE,0,0,0,0,0,200,7168.31344259638,7168.31344259638,7168.31344259638,7168.31344259638,7168.31344259638,7168.31344259638
1487,-3538.34989937047,4029.41020253992,2.01470510126996,"gaussian","adaptive_sparse_group_lasso",1,12.6859497463109,0.5,TRUE,"identity",NA,NA,"independent","epa",0.00505050505050503,1000,50,1e-06,1,"PGD",0.9,TRUE,10,1,TRUE,0,0,0,0,0,200,7076.69979874093,7076.69979874093,7076.69979874093,7076.69979874093,7076.69979874093,7076.69979874093
1488,-3568.46239409601,4152.59113069071,2.07629556534536,"gaussian","adaptive_sparse_group_lasso",1,11.8974139832317,0.5,TRUE,"identity",NA,NA,"independent","epa",0.00505050505050503,1000,50,1e-06,1,"PGD",0.9,TRUE,10,1,TRUE,0,0,0,0,0,200,7136.92478819203,7136.92478819203,7136.92478819203,7136.92478819203,7136.92478819203,7136.92478819203
1489,-3577.31856028592,4189.53049701201,2.094765248506,"gaussian","adaptive_sparse_group_lasso",1,1.27706049123525,0.5,TRUE,"identity",NA,NA,"independent","epa",0.00505050505050503,1000,50,1e-06,1,"PGD",0.9,TRUE,10,1,TRUE,1.04795849448727,1,1,7.5655343157043,7.5655343157043,200,7156.63712057185,7156.63712057185,7162.20265488755,7162.20265488755,7167.5009722541,7167.5009722541
1490,-3634.94644158826,4438.05650155155,2.21902825077578,"gaussian","adaptive_sparse_group_lasso",1,12.042235267032,0.5,TRUE,"identity",NA,NA,"independent","epa",0.00505050505050503,1000,50,1e-06,1,"PGD",0.9,TRUE,10,1,TRUE,0,0,0,0,0,200,7269.89288317652,7269.89288317652,7269.89288317652,7269.89288317652,7269.89288317652,7269.89288317652
1491,-3560.73903354392,4120.64270557701,2.0603213527885,"gaussian","adaptive_sparse_group_lasso",1,11.6040824693186,0.5,TRUE,"identity",NA,NA,"independent","epa",0.00505050505050503,1000,50,1e-06,1,"PGD",0.9,TRUE,10,1,TRUE,0,0,0,0,0,200,7121.47806708784,7121.47806708784,7121.47806708784,7121.47806708784,7121.47806708784,7121.47806708784
1492,-3610.98422277325,4332.97484339466,2.16648742169733,"gaussian","adaptive_sparse_group_lasso",1,10.9247361965689,0.5,TRUE,"identity",NA,NA,"independent","epa",0.00505050505050503,1000,50,1e-06,1,"PGD",0.9,TRUE,10,1,TRUE,0,0,0,0,0,200,7221.96844554651,7221.96844554651,7221.96844554651,7221.96844554651,7221.96844554651,7221.96844554651
1493,-3623.9859844971,4389.67897788917,2.19483948894459,"gaussian","adaptive_sparse_group_lasso",1,11.964894722054,0.5,TRUE,"identity",NA,NA,"independent","epa",0.00505050505050503,1000,50,1e-06,1,"PGD",0.9,TRUE,10,1,TRUE,0,0,0,0,0,200,7247.97196899419,7247.97196899419,7247.97196899419,7247.97196899419,7247.97196899419,7247.97196899419
1494,-3592.30068530326,4252.77112323336,2.12638556161668,"gaussian","adaptive_sparse_group_lasso",1,12.744548866595,0.5,TRUE,"identity",NA,NA,"independent","epa",0.00505050505050503,1000,50,1e-06,1,"PGD",0.9,TRUE,10,1,TRUE,0,0,0,0,0,200,7184.60137060652,7184.60137060652,7184.60137060652,7184.60137060652,7184.60137060652,7184.60137060652
1495,-3575.02540395341,4179.93425566852,2.08996712783426,"gaussian","adaptive_sparse_group_lasso",1,12.1649988039676,0.5,TRUE,"identity",NA,NA,"independent","epa",0.00505050505050503,1000,50,1e-06,1,"PGD",0.9,TRUE,10,1,TRUE,0,0,0,0,0,200,7150.05080790681,7150.05080790681,7150.05080790681,7150.05080790681,7150.05080790681,7150.05080790681
1496,-3621.09573380436,4377.0100222306,2.1885050111153,"gaussian","adaptive_sparse_group_lasso",1,10.2036399236604,0.5,TRUE,"identity",NA,NA,"independent","epa",0.00505050505050503,1000,50,1e-06,1,"PGD",0.9,TRUE,10,1,TRUE,0,0,0,0,0,200,7242.19146760872,7242.19146760872,7242.19146760872,7242.19146760872,7242.19146760872,7242.19146760872
1497,-3540.74206114055,4039.06074180592,2.01953037090296,"gaussian","adaptive_sparse_group_lasso",1,11.2134176160167,0.5,TRUE,"identity",NA,NA,"independent","epa",0.00505050505050503,1000,50,1e-06,1,"PGD",0.9,TRUE,10,1,TRUE,0,0,0,0,0,200,7081.4841222811,7081.4841222811,7081.4841222811,7081.4841222811,7081.4841222811,7081.4841222811
1498,-3652.04475276033,4514.592223805,2.2572961119025,"gaussian","adaptive_sparse_group_lasso",1,11.9999540433794,0.5,TRUE,"identity",NA,NA,"independent","epa",0.00505050505050503,1000,50,1e-06,1,"PGD",0.9,TRUE,10,1,TRUE,0,0,0,0,0,200,7304.08950552066,7304.08950552066,7304.08950552066,7304.08950552066,7304.08950552066,7304.08950552066
1499,-3485.37686416856,3821.51514317605,1.91075757158802,"gaussian","adaptive_sparse_group_lasso",1,9.46246217596579,0.5,TRUE,"identity",NA,NA,"independent","epa",0.00505050505050503,1000,50,1e-06,1,"PGD",0.9,TRUE,10,1,TRUE,0,0,0,0,0,200,6970.75372833711,6970.75372833711,6970.75372833711,6970.75372833711,6970.75372833711,6970.75372833711
1500,-3669.93328507412,4596.07831300601,2.298039156503,"gaussian","adaptive_sparse_group_lasso",1,1.59172660578508,0.5,TRUE,"identity",NA,NA,"independent","epa",0.00505050505050503,1000,50,1e-06,1,"PGD",0.9,TRUE,10,1,TRUE,1.02451800375844,1,1,8.09162741160108,8.09162741160108,200,7341.86657014824,7341.86657014824,7347.95819755984,7347.95819755984,7353.25651492639,7353.25651492639
1501,-3566.38814485211,4143.98654878651,2.07199327439325,"gaussian","adaptive_sparse_group_lasso",1,12.4905105769254,0.5,TRUE,"identity",NA,NA,"independent","epa",0.00505050505050503,1000,50,1e-06,1,"PGD",0.9,TRUE,10,1,TRUE,0,0,0,0,0,200,7132.77628970422,7132.77628970422,7132.77628970422,7132.77628970422,7132.77628970422,7132.77628970422
1502,-3665.98487180993,4577.96687568111,2.28898343784055,"gaussian","adaptive_sparse_group_lasso",1,15.6186135609018,0.5,TRUE,"identity",NA,NA,"independent","epa",0.00505050505050503,1000,50,1e-06,1,"PGD",0.9,TRUE,10,1,TRUE,0,0,0,0,0,200,7331.96974361987,7331.96974361987,7331.96974361987,7331.96974361987,7331.96974361987,7331.96974361987
1503,-3529.07015548895,3992.19126605365,1.99609563302683,"gaussian","adaptive_sparse_group_lasso",1,9.69309052085025,0.5,TRUE,"identity",NA,NA,"independent","epa",0.00505050505050503,1000,50,1e-06,1,"PGD",0.9,TRUE,10,1,TRUE,0,0,0,0,0,200,7058.14031097789,7058.14031097789,7058.14031097789,7058.14031097789,7058.14031097789,7058.14031097789
1504,-3602.65975152273,4297.05483385323,2.14852741692662,"gaussian","adaptive_sparse_group_lasso",1,10.2371047168163,0.5,TRUE,"identity",NA,NA,"independent","epa",0.00505050505050503,1000,50,1e-06,1,"PGD",0.9,TRUE,10,1,TRUE,0,0,0,0,0,200,7205.31950304545,7205.31950304545,7205.31950304545,7205.31950304545,7205.31950304545,7205.31950304545
1505,-3660.47065027348,4552.79242468117,2.27639621234058,"gaussian","adaptive_sparse_group_lasso",1,10.0977056796348,0.5,TRUE,"identity",NA,NA,"independent","epa",0.00505050505050503,1000,50,1e-06,1,"PGD",0.9,TRUE,10,1,TRUE,0,0,0,0,0,200,7320.94130054696,7320.94130054696,7320.94130054696,7320.94130054696,7320.94130054696,7320.94130054696
1506,-3615.87661024002,4354.2253757446,2.1771126878723,"gaussian","adaptive_sparse_group_lasso",1,11.2926894707743,0.5,TRUE,"identity",NA,NA,"independent","epa",0.00505050505050503,1000,50,1e-06,1,"PGD",0.9,TRUE,10,1,TRUE,0,0,0,0,0,200,7231.75322048003,7231.75322048003,7231.75322048003,7231.75322048003,7231.75322048003,7231.75322048003
1507,-3646.60203624799,4490.08732526267,2.24504366263134,"gaussian","adaptive_sparse_group_lasso",1,13.805678023973,0.5,TRUE,"identity",NA,NA,"independent","epa",0.00505050505050503,1000,50,1e-06,1,"PGD",0.9,TRUE,10,1,TRUE,0,0,0,0,0,200,7293.20407249599,7293.20407249599,7293.20407249599,7293.20407249599,7293.20407249599,7293.20407249599
1508,-3621.3049571909,4377.92589089758,2.18896294544879,"gaussian","adaptive_sparse_group_lasso",1,11.45781407948,0.5,TRUE,"identity",NA,NA,"independent","epa",0.00505050505050503,1000,50,1e-06,1,"PGD",0.9,TRUE,10,1,TRUE,0,0,0,0,0,200,7242.60991438179,7242.60991438179,7242.60991438179,7242.60991438179,7242.60991438179,7242.60991438179
1509,-3612.57535249068,4339.87465622577,2.16993732811289,"gaussian","adaptive_sparse_group_lasso",1,14.9829949183943,0.5,TRUE,"identity",NA,NA,"independent","epa",0.00505050505050503,1000,50,1e-06,1,"PGD",0.9,TRUE,10,1,TRUE,0,0,0,0,0,200,7225.15070498136,7225.15070498136,7225.15070498136,7225.15070498136,7225.15070498136,7225.15070498136
1510,-3624.73596063688,4392.97236721123,2.19648618360562,"gaussian","adaptive_sparse_group_lasso",1,10.1926740223592,0.5,TRUE,"identity",NA,NA,"independent","epa",0.00505050505050503,1000,50,1e-06,1,"PGD",0.9,TRUE,10,1,TRUE,0,0,0,0,0,200,7249.47192127376,7249.47192127376,7249.47192127376,7249.47192127376,7249.47192127376,7249.47192127376
1511,-3664.74957678395,4572.31522741563,2.28615761370782,"gaussian","adaptive_sparse_group_lasso",1,10.6025272768061,0.5,TRUE,"identity",NA,NA,"independent","epa",0.00505050505050503,1000,50,1e-06,1,"PGD",0.9,TRUE,10,1,TRUE,0,0,0,0,0,200,7329.4991535679,7329.4991535679,7329.4991535679,7329.4991535679,7329.4991535679,7329.4991535679
1512,-3581.15634580092,4205.63990892951,2.10281995446475,"gaussian","adaptive_sparse_group_lasso",1,11.2708665557875,0.5,TRUE,"identity",NA,NA,"independent","epa",0.00505050505050503,1000,50,1e-06,1,"PGD",0.9,TRUE,10,1,TRUE,0,0,0,0,0,200,7162.31269160184,7162.31269160184,7162.31269160184,7162.31269160184,7162.31269160184,7162.31269160184
1513,-3696.79427182057,4721.20652186259,2.3606032609313,"gaussian","adaptive_sparse_group_lasso",1,14.560199009675,0.5,TRUE,"identity",NA,NA,"independent","epa",0.00505050505050503,1000,50,1e-06,1,"PGD",0.9,TRUE,10,1,TRUE,0,0,0,0,0,200,7393.58854364114,7393.58854364114,7393.58854364114,7393.58854364114,7393.58854364114,7393.58854364114
1514,-3617.05419880069,4359.3558819575,2.17967794097875,"gaussian","adaptive_sparse_group_lasso",1,11.3192259236678,0.5,TRUE,"identity",NA,NA,"independent","epa",0.00505050505050503,1000,50,1e-06,1,"PGD",0.9,TRUE,10,1,TRUE,0,0,0,0,0,200,7234.10839760138,7234.10839760138,7234.10839760138,7234.10839760138,7234.10839760138,7234.10839760138
1515,-3643.38618285178,4475.67105541766,2.23783552770883,"gaussian","adaptive_sparse_group_lasso",1,11.7659956537449,0.5,TRUE,"identity",NA,NA,"independent","epa",0.00505050505050503,1000,50,1e-06,1,"PGD",0.9,TRUE,10,1,TRUE,0,0,0,0,0,200,7286.77236570356,7286.77236570356,7286.77236570356,7286.77236570356,7286.77236570356,7286.77236570356
1516,-3529.55605797393,3994.13155306732,1.99706577653366,"gaussian","adaptive_sparse_group_lasso",1,10.4402652168926,0.5,TRUE,"identity",NA,NA,"independent","epa",0.00505050505050503,1000,50,1e-06,1,"PGD",0.9,TRUE,10,1,TRUE,0,0,0,0,0,200,7059.11211594786,7059.11211594786,7059.11211594786,7059.11211594786,7059.11211594786,7059.11211594786
1517,-3679.32111919682,4639.42869856066,2.31971434928033,"gaussian","adaptive_sparse_group_lasso",1,11.9714114329969,0.5,TRUE,"identity",NA,NA,"independent","epa",0.00505050505050503,1000,50,1e-06,1,"PGD",0.9,TRUE,10,1,TRUE,0,0,0,0,0,200,7358.64223839364,7358.64223839364,7358.64223839364,7358.64223839364,7358.64223839364,7358.64223839364
1518,-3610.6314796216,4331.44668573179,2.1657233428659,"gaussian","adaptive_sparse_group_lasso",1,12.9103497753976,0.5,TRUE,"identity",NA,NA,"independent","epa",0.00505050505050503,1000,50,1e-06,1,"PGD",0.9,TRUE,10,1,TRUE,0,0,0,0,0,200,7221.2629592432,7221.2629592432,7221.2629592432,7221.2629592432,7221.2629592432,7221.2629592432
1519,-3670.54642132577,4598.8971993275,2.29944859966375,"gaussian","adaptive_sparse_group_lasso",1,13.1718154638433,0.5,TRUE,"identity",NA,NA,"independent","epa",0.00505050505050503,1000,50,1e-06,1,"PGD",0.9,TRUE,10,1,TRUE,0,0,0,0,0,200,7341.09284265153,7341.09284265153,7341.09284265153,7341.09284265153,7341.09284265153,7341.09284265153
1520,-3701.99917208773,4745.84399311884,2.37292199655942,"gaussian","adaptive_sparse_group_lasso",1,13.1118654671587,0.5,TRUE,"identity",NA,NA,"independent","epa",0.00505050505050503,1000,50,1e-06,1,"PGD",0.9,TRUE,10,1,TRUE,0,0,0,0,0,200,7403.99834417546,7403.99834417546,7403.99834417546,7403.99834417546,7403.99834417546,7403.99834417546
1521,-3625.43574739061,4396.04758695686,2.19802379347843,"gaussian","adaptive_sparse_group_lasso",1,11.1487895195537,0.5,TRUE,"identity",NA,NA,"independent","epa",0.00505050505050503,1000,50,1e-06,1,"PGD",0.9,TRUE,10,1,TRUE,0,0,0,0,0,200,7250.87149478123,7250.87149478123,7250.87149478123,7250.87149478123,7250.87149478123,7250.87149478123
1522,-3627.23421198717,4403.96083662352,2.20198041831176,"gaussian","adaptive_sparse_group_lasso",1,11.663375656416,0.5,TRUE,"identity",NA,NA,"independent","epa",0.00505050505050503,1000,50,1e-06,1,"PGD",0.9,TRUE,10,1,TRUE,0,0,0,0,0,200,7254.46842397434,7254.46842397434,7254.46842397434,7254.46842397434,7254.46842397434,7254.46842397434
1523,-3580.57303250994,4203.18741862817,2.10159370931409,"gaussian","adaptive_sparse_group_lasso",1,16.6133290083386,0.5,TRUE,"identity",NA,NA,"independent","epa",0.00505050505050503,1000,50,1e-06,1,"PGD",0.9,TRUE,10,1,TRUE,0,0,0,0,0,200,7161.14606501987,7161.14606501987,7161.14606501987,7161.14606501987,7161.14606501987,7161.14606501987
1524,-3638.02262416463,4451.7297936236,2.2258648968118,"gaussian","adaptive_sparse_group_lasso",1,12.7437747757794,0.5,TRUE,"identity",NA,NA,"independent","epa",0.00505050505050503,1000,50,1e-06,1,"PGD",0.9,TRUE,10,1,TRUE,0,0,0,0,0,200,7276.04524832927,7276.04524832927,7276.04524832927,7276.04524832927,7276.04524832927,7276.04524832927
1525,-3591.88442404684,4251.00122777733,2.12550061388867,"gaussian","adaptive_sparse_group_lasso",1,12.9463819826733,0.5,TRUE,"identity",NA,NA,"independent","epa",0.00505050505050503,1000,50,1e-06,1,"PGD",0.9,TRUE,10,1,TRUE,0,0,0,0,0,200,7183.76884809367,7183.76884809367,7183.76884809367,7183.76884809367,7183.76884809367,7183.76884809367
1526,-3624.59278206494,4392.34343272717,2.19617171636358,"gaussian","adaptive_sparse_group_lasso",1,11.1389456153353,0.5,TRUE,"identity",NA,NA,"independent","epa",0.00505050505050503,1000,50,1e-06,1,"PGD",0.9,TRUE,10,1,TRUE,0,0,0,0,0,200,7249.18556412988,7249.18556412988,7249.18556412988,7249.18556412988,7249.18556412988,7249.18556412988
1527,-3508.4590564447,3910.7499966194,1.9553749983097,"gaussian","adaptive_sparse_group_lasso",1,11.7840296382743,0.5,TRUE,"identity",NA,NA,"independent","epa",0.00505050505050503,1000,50,1e-06,1,"PGD",0.9,TRUE,10,1,TRUE,0,0,0,0,0,200,7016.91811288941,7016.91811288941,7016.91811288941,7016.91811288941,7016.91811288941,7016.91811288941
1528,-3540.83667257095,4039.4429011982,2.0197214505991,"gaussian","adaptive_sparse_group_lasso",1,13.6600216111238,0.5,TRUE,"identity",NA,NA,"independent","epa",0.00505050505050503,1000,50,1e-06,1,"PGD",0.9,TRUE,10,1,TRUE,0,0,0,0,0,200,7081.67334514189,7081.67334514189,7081.67334514189,7081.67334514189,7081.67334514189,7081.67334514189
1529,-3573.3172774854,4172.80049375015,2.08640024687508,"gaussian","adaptive_sparse_group_lasso",1,13.4006676317848,0.5,TRUE,"identity",NA,NA,"independent","epa",0.00505050505050503,1000,50,1e-06,1,"PGD",0.9,TRUE,10,1,TRUE,0,0,0,0,0,200,7146.63455497079,7146.63455497079,7146.63455497079,7146.63455497079,7146.63455497079,7146.63455497079
1530,-3697.39648229534,4724.05053814587,2.36202526907294,"gaussian","adaptive_sparse_group_lasso",1,10.7132584118493,0.5,TRUE,"identity",NA,NA,"independent","epa",0.00505050505050503,1000,50,1e-06,1,"PGD",0.9,TRUE,10,1,TRUE,0,0,0,0,0,200,7394.79296459068,7394.79296459068,7394.79296459068,7394.79296459068,7394.79296459068,7394.79296459068
1531,-3570.37230009004,4160.52976799429,2.08026488399714,"gaussian","adaptive_sparse_group_lasso",1,10.1021073120742,0.5,TRUE,"identity",NA,NA,"independent","epa",0.00505050505050503,1000,50,1e-06,1,"PGD",0.9,TRUE,10,1,TRUE,0,0,0,0,0,200,7140.74460018009,7140.74460018009,7140.74460018009,7140.74460018009,7140.74460018009,7140.74460018009
1532,-3674.51842611907,4617.20036711844,2.30860018355922,"gaussian","adaptive_sparse_group_lasso",1,17.3330845026707,0.5,TRUE,"identity",NA,NA,"independent","epa",0.00505050505050503,1000,50,1e-06,1,"PGD",0.9,TRUE,10,1,TRUE,0,0,0,0,0,200,7349.03685223814,7349.03685223814,7349.03685223814,7349.03685223814,7349.03685223814,7349.03685223814
1533,-3517.94608839409,3948.02795578217,1.97401397789108,"gaussian","adaptive_sparse_group_lasso",1,11.5756077342899,0.5,TRUE,"identity",NA,NA,"independent","epa",0.00505050505050503,1000,50,1e-06,1,"PGD",0.9,TRUE,10,1,TRUE,0,0,0,0,0,200,7035.89217678817,7035.89217678817,7035.89217678817,7035.89217678817,7035.89217678817,7035.89217678817
1534,-3590.46583231102,4244.97506790753,2.12248753395376,"gaussian","adaptive_sparse_group_lasso",1,12.9563271632245,0.5,TRUE,"identity",NA,NA,"independent","epa",0.00505050505050503,1000,50,1e-06,1,"PGD",0.9,TRUE,10,1,TRUE,0,0,0,0,0,200,7180.93166462203,7180.93166462203,7180.93166462203,7180.93166462203,7180.93166462203,7180.93166462203
1535,-3564.72083719409,4137.08300504391,2.06854150252195,"gaussian","adaptive_sparse_group_lasso",1,13.7490647825187,0.5,TRUE,"identity",NA,NA,"independent","epa",0.00505050505050503,1000,50,1e-06,1,"PGD",0.9,TRUE,10,1,TRUE,0,0,0,0,0,200,7129.44167438817,7129.44167438817,7129.44167438817,7129.44167438817,7129.44167438817,7129.44167438817
1536,-3580.44879617503,4202.6652624644,2.1013326312322,"gaussian","adaptive_sparse_group_lasso",1,13.8340428185332,0.5,TRUE,"identity",NA,NA,"independent","epa",0.00505050505050503,1000,50,1e-06,1,"PGD",0.9,TRUE,10,1,TRUE,0,0,0,0,0,200,7160.89759235005,7160.89759235005,7160.89759235005,7160.89759235005,7160.89759235005,7160.89759235005
1537,-3486.97382675902,3827.62283547863,1.91381141773932,"gaussian","adaptive_sparse_group_lasso",1,12.6514077746121,0.5,TRUE,"identity",NA,NA,"independent","epa",0.00505050505050503,1000,50,1e-06,1,"PGD",0.9,TRUE,10,1,TRUE,0,0,0,0,0,200,6973.94765351805,6973.94765351805,6973.94765351805,6973.94765351805,6973.94765351805,6973.94765351805
1538,-3558.00948088224,4109.41053069232,2.05470526534616,"gaussian","adaptive_sparse_group_lasso",1,12.8988443045947,0.5,TRUE,"identity",NA,NA,"independent","epa",0.00505050505050503,1000,50,1e-06,1,"PGD",0.9,TRUE,10,1,TRUE,0,0,0,0,0,200,7116.01896176447,7116.01896176447,7116.01896176447,7116.01896176447,7116.01896176447,7116.01896176447
1539,-3590.82584860813,4246.50360324513,2.12325180162256,"gaussian","adaptive_sparse_group_lasso",1,10.1016425759671,0.5,TRUE,"identity",NA,NA,"independent","epa",0.00505050505050503,1000,50,1e-06,1,"PGD",0.9,TRUE,10,1,TRUE,0,0,0,0,0,200,7181.65169721626,7181.65169721626,7181.65169721626,7181.65169721626,7181.65169721626,7181.65169721626
1540,-3590.15541629873,4243.65756417239,2.12182878208619,"gaussian","adaptive_sparse_group_lasso",1,11.0926932665613,0.5,TRUE,"identity",NA,NA,"independent","epa",0.00505050505050503,1000,50,1e-06,1,"PGD",0.9,TRUE,10,1,TRUE,0,0,0,0,0,200,7180.31083259746,7180.31083259746,7180.31083259746,7180.31083259746,7180.31083259746,7180.31083259746
1541,-3638.48575340233,4453.79199734592,2.22689599867296,"gaussian","adaptive_sparse_group_lasso",1,13.4073741798347,0.5,TRUE,"identity",NA,NA,"independent","epa",0.00505050505050503,1000,50,1e-06,1,"PGD",0.9,TRUE,10,1,TRUE,0,0,0,0,0,200,7276.97150680466,7276.97150680466,7276.97150680466,7276.97150680466,7276.97150680466,7276.97150680466
1542,-3620.2965206492,4373.51325575758,2.18675662787879,"gaussian","adaptive_sparse_group_lasso",1,10.8361507158237,0.5,TRUE,"identity",NA,NA,"independent","epa",0.00505050505050503,1000,50,1e-06,1,"PGD",0.9,TRUE,10,1,TRUE,0,0,0,0,0,200,7240.5930412984,7240.5930412984,7240.5930412984,7240.5930412984,7240.5930412984,7240.5930412984
1543,-3708.8721479449,4778.57441315614,2.38928720657807,"gaussian","adaptive_sparse_group_lasso",1,13.6760847068623,0.5,TRUE,"identity",NA,NA,"independent","epa",0.00505050505050503,1000,50,1e-06,1,"PGD",0.9,TRUE,10,1,TRUE,0,0,0,0,0,200,7417.7442958898,7417.7442958898,7417.7442958898,7417.7442958898,7417.7442958898,7417.7442958898
1544,-3584.65440952243,4220.37726640071,2.11018863320035,"gaussian","adaptive_sparse_group_lasso",1,12.0503524276099,0.5,TRUE,"identity",NA,NA,"independent","epa",0.00505050505050503,1000,50,1e-06,1,"PGD",0.9,TRUE,10,1,TRUE,0,0,0,0,0,200,7169.30881904487,7169.30881904487,7169.30881904487,7169.30881904487,7169.30881904487,7169.30881904487
1545,-3593.99703403036,4259.99142846125,2.12999571423062,"gaussian","adaptive_sparse_group_lasso",1,13.734930404133,0.5,TRUE,"identity",NA,NA,"independent","epa",0.00505050505050503,1000,50,1e-06,1,"PGD",0.9,TRUE,10,1,TRUE,0,0,0,0,0,200,7187.99406806071,7187.99406806071,7187.99406806071,7187.99406806071,7187.99406806071,7187.99406806071
1546,-3567.68508803885,4149.36455063449,2.07468227531725,"gaussian","adaptive_sparse_group_lasso",1,12.0734053567964,0.5,TRUE,"identity",NA,NA,"independent","epa",0.00505050505050503,1000,50,1e-06,1,"PGD",0.9,TRUE,10,1,TRUE,0,0,0,0,0,200,7135.37017607771,7135.37017607771,7135.37017607771,7135.37017607771,7135.37017607771,7135.37017607771
1547,-3701.56835333503,4743.79983489166,2.37189991744583,"gaussian","adaptive_sparse_group_lasso",1,12.2142262220475,0.5,TRUE,"identity",NA,NA,"independent","epa",0.00505050505050503,1000,50,1e-06,1,"PGD",0.9,TRUE,10,1,TRUE,0,0,0,0,0,200,7403.13670667006,7403.13670667006,7403.13670667006,7403.13670667006,7403.13670667006,7403.13670667006
1548,-3581.66451456875,4207.77762689474,2.10388881344737,"gaussian","adaptive_sparse_group_lasso",1,10.7287676978108,0.5,TRUE,"identity",NA,NA,"independent","epa",0.00505050505050503,1000,50,1e-06,1,"PGD",0.9,TRUE,10,1,TRUE,0,0,0,0,0,200,7163.32902913751,7163.32902913751,7163.32902913751,7163.32902913751,7163.32902913751,7163.32902913751
1549,-3596.28385551474,4269.74441580332,2.13487220790166,"gaussian","adaptive_sparse_group_lasso",1,13.209493812603,0.5,TRUE,"identity",NA,NA,"independent","epa",0.00505050505050503,1000,50,1e-06,1,"PGD",0.9,TRUE,10,1,TRUE,0,0,0,0,0,200,7192.56771102948,7192.56771102948,7192.56771102948,7192.56771102948,7192.56771102948,7192.56771102948
1550,-3544.01958309454,4052.32056987957,2.02616028493979,"gaussian","adaptive_sparse_group_lasso",1,10.218982107186,0.5,TRUE,"identity",NA,NA,"independent","epa",0.00505050505050503,1000,50,1e-06,1,"PGD",0.9,TRUE,10,1,TRUE,0,0,0,0,0,200,7088.03916618908,7088.03916618908,7088.03916618908,7088.03916618908,7088.03916618908,7088.03916618908
1551,-3652.61640848891,4517.17375411491,2.25858687705746,"gaussian","adaptive_sparse_group_lasso",1,14.0483028740829,0.5,TRUE,"identity",NA,NA,"independent","epa",0.00505050505050503,1000,50,1e-06,1,"PGD",0.9,TRUE,10,1,TRUE,0,0,0,0,0,200,7305.23281697782,7305.23281697782,7305.23281697782,7305.23281697782,7305.23281697782,7305.23281697782
1552,-3556.2851560525,4102.33067781594,2.05116533890797,"gaussian","adaptive_sparse_group_lasso",1,11.6122109170514,0.5,TRUE,"identity",NA,NA,"independent","epa",0.00505050505050503,1000,50,1e-06,1,"PGD",0.9,TRUE,10,1,TRUE,0,0,0,0,0,200,7112.57031210501,7112.57031210501,7112.57031210501,7112.57031210501,7112.57031210501,7112.57031210501
1553,-3629.15440457158,4412.42541377232,2.20621270688616,"gaussian","adaptive_sparse_group_lasso",1,10.7147287156906,0.5,TRUE,"identity",NA,NA,"independent","epa",0.00505050505050503,1000,50,1e-06,1,"PGD",0.9,TRUE,10,1,TRUE,0,0,0,0,0,200,7258.30880914315,7258.30880914315,7258.30880914315,7258.30880914315,7258.30880914315,7258.30880914315
1554,-3650.42156333948,4507.27012964839,2.25363506482419,"gaussian","adaptive_sparse_group_lasso",1,12.3489928841294,0.5,TRUE,"identity",NA,NA,"independent","epa",0.00505050505050503,1000,50,1e-06,1,"PGD",0.9,TRUE,10,1,TRUE,0,0,0,0,0,200,7300.84312667896,7300.84312667896,7300.84312667896,7300.84312667896,7300.84312667896,7300.84312667896
1555,-3627.17463768454,4403.69848154278,2.20184924077139,"gaussian","adaptive_sparse_group_lasso",1,11.1530052680977,0.5,TRUE,"identity",NA,NA,"independent","epa",0.00505050505050503,1000,50,1e-06,1,"PGD",0.9,TRUE,10,1,TRUE,0,0,0,0,0,200,7254.34927536909,7254.34927536909,7254.34927536909,7254.34927536909,7254.34927536909,7254.34927536909
1556,-3608.82792329441,4323.64171812087,2.16182085906044,"gaussian","adaptive_sparse_group_lasso",1,10.4742073305079,0.5,TRUE,"identity",NA,NA,"independent","epa",0.00505050505050503,1000,50,1e-06,1,"PGD",0.9,TRUE,10,1,TRUE,0,0,0,0,0,200,7217.65584658882,7217.65584658882,7217.65584658882,7217.65584658882,7217.65584658882,7217.65584658882
1557,-3619.59452028769,4370.44412526235,2.18522206263117,"gaussian","adaptive_sparse_group_lasso",1,10.470331166468,0.5,TRUE,"identity",NA,NA,"independent","epa",0.00505050505050503,1000,50,1e-06,1,"PGD",0.9,TRUE,10,1,TRUE,0,0,0,0,0,200,7239.18904057537,7239.18904057537,7239.18904057537,7239.18904057537,7239.18904057537,7239.18904057537
1558,-3602.79644220673,4297.64224136333,2.14882112068167,"gaussian","adaptive_sparse_group_lasso",1,14.2627313894533,0.5,TRUE,"identity",NA,NA,"independent","epa",0.00505050505050503,1000,50,1e-06,1,"PGD",0.9,TRUE,10,1,TRUE,0,0,0,0,0,200,7205.59288441346,7205.59288441346,7205.59288441346,7205.59288441346,7205.59288441346,7205.59288441346
