"job.id","time","intercept","group_difference"
1,0,0,0
1,0.111111111111111,0,0
1,0.222222222222222,0,0
1,0.333333333333333,0,-0.5
1,0.444444444444444,0,0.150177038718227
1,0.555555555555556,0,0.666116956266215
1,0.666666666666667,0,-0.5
1,0.777777777777778,0,0
1,0.888888888888889,0,0
1,1,0,0
2,0,1.01613515786124,0
2,0.111111111111111,0,0
2,0.222222222222222,0,0
2,0.333333333333333,0,-0.5
2,0.444444444444444,0,-0.939692620785908
2,0.555555555555556,0,-0.159977816506924
2,0.666666666666667,1.30845011769129,-0.5
2,0.777777777777778,0.226110886161998,0
2,0.888888888888889,0,0
2,1,0,0
3,0,0,0
3,0.111111111111111,0,0
3,0.222222222222222,0,0
3,0.333333333333333,0,-0.5
3,0.444444444444444,0,-0.939692620785908
3,0.555555555555556,0,-0.939692620785908
3,0.666666666666667,0,-0.5
3,0.777777777777778,0,0
3,0.888888888888889,0,0
3,1,0,0
4,0,0,0
4,0.111111111111111,0,0
4,0.222222222222222,0,0
4,0.333333333333333,0.776063391837399,-0.5
4,0.444444444444444,0,-0.939692620785908
4,0.555555555555556,0,-0.939692620785908
4,0.666666666666667,0,-0.5
4,0.777777777777778,0,0
4,0.888888888888889,0,-1.04927796582362
4,1,0,0
5,0,0,0
5,0.111111111111111,0,0
5,0.222222222222222,0,0
5,0.333333333333333,0,-0.5
5,0.444444444444444,0,-0.939692620785908
5,0.555555555555556,0,-0.939692620785908
5,0.666666666666667,0,-0.5
5,0.777777777777778,0,0
5,0.888888888888889,0,0
5,1,0,0
6,0,0,0
6,0.111111111111111,0,0
6,0.222222222222222,0,0
6,0.333333333333333,0,-0.5
6,0.444444444444444,0,-0.939692620785908
6,0.555555555555556,0,-0.939692620785908
6,0.666666666666667,0,-0.5
6,0.777777777777778,0,0
6,0.888888888888889,0,0
6,1,0,0
7,0,0,0
7,0.111111111111111,0,0
7,0.222222222222222,0,0
7,0.333333333333333,0.325161896774371,-0.5
7,0.444444444444444,0,-0.939692620785908
7,0.555555555555556,0,-0.939692620785908
7,0.666666666666667,0,-0.5
7,0.777777777777778,0,0
7,0.888888888888889,0,0
7,1,0.374388547126562,0
8,0,0,0
8,0.111111111111111,0,0
8,0.222222222222222,0,0
8,0.333333333333333,0,-0.5
8,0.444444444444444,0,-0.939692620785908
8,0.555555555555556,0,-0.939692620785908
8,0.666666666666667,0,-0.5
8,0.777777777777778,0,0
8,0.888888888888889,0,0
8,1,0,0
9,0,0,0
9,0.111111111111111,-1.3588541623185,0
9,0.222222222222222,0,0
9,0.333333333333333,0,-0.5
9,0.444444444444444,0,0.462091077594417
9,0.555555555555556,0,1.13763458638307
9,0.666666666666667,0,-0.5
9,0.777777777777778,0,0
9,0.888888888888889,0,0
9,1,-0.474000894592464,0
10,0,0,0
10,0.111111111111111,0,0
10,0.222222222222222,0,0
10,0.333333333333333,0,-0.5
10,0.444444444444444,0,0.291606503984296
10,0.555555555555556,0,0.183661120859895
10,0.666666666666667,0,-0.5
10,0.777777777777778,0,0
10,0.888888888888889,0,0
10,1,0,0
11,0,0,0
11,0.111111111111111,0,0
11,0.222222222222222,0,0
11,0.333333333333333,0,-0.5
11,0.444444444444444,0,-0.939692620785908
11,0.555555555555556,0,-0.939692620785908
11,0.666666666666667,0,-0.5
11,0.777777777777778,0,0
11,0.888888888888889,0,0
11,1,0,0
12,0,0,0
12,0.111111111111111,0,0
12,0.222222222222222,0,0
12,0.333333333333333,0,-0.5
12,0.444444444444444,0,-0.939692620785908
12,0.555555555555556,0,-0.939692620785908
12,0.666666666666667,0,-0.5
12,0.777777777777778,0,0
12,0.888888888888889,0,0
12,1,0,0
13,0,-0.846328215331234,0
13,0.111111111111111,-0.429239831981368,0
13,0.222222222222222,0,0
13,0.333333333333333,-0.568795841897214,-0.5
13,0.444444444444444,0,-0.939692620785908
13,0.555555555555556,0,-0.939692620785908
13,0.666666666666667,0,0.0437164710970002
13,0.777777777777778,0,0
13,0.888888888888889,0,0
13,1,0,0
14,0,0,0
14,0.111111111111111,0,0
14,0.222222222222222,0,0
14,0.333333333333333,0,-0.5
14,0.444444444444444,0,-0.939692620785908
14,0.555555555555556,0,-0.939692620785908
14,0.666666666666667,0,-0.5
14,0.777777777777778,0,0.346401469569866
14,0.888888888888889,0,0
14,1,0,0
15,0,0,-0.308688549978593
15,0.111111111111111,0,-0.430989620459108
15,0.222222222222222,0,0
15,0.333333333333333,0,-0.5
15,0.444444444444444,0,-0.0101327075865608
15,0.555555555555556,0.287356643102054,-0.939692620785908
15,0.666666666666667,0.920158509360968,-0.5
15,0.777777777777778,0,0
15,0.888888888888889,0,0
15,1,0,0
16,0,0,0
16,0.111111111111111,0,0
16,0.222222222222222,0,0
16,0.333333333333333,0,-0.5
16,0.444444444444444,0,-0.939692620785908
16,0.555555555555556,0,-0.939692620785908
16,0.666666666666667,0,-0.5
16,0.777777777777778,0,0
16,0.888888888888889,0,0
16,1,0,0
17,0,0,0
17,0.111111111111111,0,0
17,0.222222222222222,0,0
17,0.333333333333333,0,-0.5
17,0.444444444444444,0,-0.939692620785908
17,0.555555555555556,0,-0.939692620785908
17,0.666666666666667,0,-0.5
17,0.777777777777778,0,0
17,0.888888888888889,0,0
17,1,0,0
18,0,0,0
18,0.111111111111111,0,0
18,0.222222222222222,0,0
18,0.333333333333333,0,-0.5
18,0.444444444444444,0,-0.939692620785908
18,0.555555555555556,0,-0.178842644400726
18,0.666666666666667,0,-0.151254411870952
18,0.777777777777778,0,0
18,0.888888888888889,0,0
18,1,0,0
19,0,0,-0.721170747494962
19,0.111111111111111,0,0
19,0.222222222222222,0,0
19,0.333333333333333,0,-0.5
19,0.444444444444444,0,-0.939692620785908
19,0.555555555555556,0,-0.939692620785908
19,0.666666666666667,0,-0.5
19,0.777777777777778,0,0
19,0.888888888888889,0,0
19,1,0,0
20,0,0,0
20,0.111111111111111,0,0
20,0.222222222222222,0,0
20,0.333333333333333,0,-0.5
20,0.444444444444444,0,-0.939692620785908
20,0.555555555555556,0,-0.939692620785908
20,0.666666666666667,0,-0.5
20,0.777777777777778,0,0
20,0.888888888888889,0,0
20,1,0,0
21,0,0,0
21,0.111111111111111,0,0
21,0.222222222222222,0,0
21,0.333333333333333,0,-0.5
21,0.444444444444444,0,-0.939692620785908
21,0.555555555555556,0,-0.939692620785908
21,0.666666666666667,0,-0.5
21,0.777777777777778,0,0
21,0.888888888888889,0,0
21,1,0,0
22,0,-0.302452902321306,0
22,0.111111111111111,0,0
22,0.222222222222222,0,0
22,0.333333333333333,-0.334640937199953,-0.5
22,0.444444444444444,0,-0.939692620785908
22,0.555555555555556,0,-0.119221869026839
22,0.666666666666667,0,-0.5
22,0.777777777777778,0,0
22,0.888888888888889,0,0
22,1,0,0
23,0,0,0
23,0.111111111111111,0,0
23,0.222222222222222,0,0
23,0.333333333333333,0,-0.5
23,0.444444444444444,0,0.998372696002643
23,0.555555555555556,0,-0.939692620785908
23,0.666666666666667,0,-0.5
23,0.777777777777778,0,0
23,0.888888888888889,0,0
23,1,0.526903811170106,0
24,0,-0.778177923190085,0
24,0.111111111111111,0,0
24,0.222222222222222,0,0
24,0.333333333333333,0,-0.5
24,0.444444444444444,0,-0.939692620785908
24,0.555555555555556,0,-0.939692620785908
24,0.666666666666667,0,-0.5
24,0.777777777777778,0,0
24,0.888888888888889,-0.970100343429065,0
24,1,-0.33104271406821,0
25,0,0,0
25,0.111111111111111,0,0.338444619461995
25,0.222222222222222,0,0
25,0.333333333333333,-1.08180721954588,-0.5
25,0.444444444444444,0,-0.596396270314643
25,0.555555555555556,0,-0.939692620785908
25,0.666666666666667,0,-0.5
25,0.777777777777778,0,0
25,0.888888888888889,-0.523202358653729,0
25,1,0,0
26,0,0,0
26,0.111111111111111,0,0
26,0.222222222222222,0,0
26,0.333333333333333,0,-0.5
26,0.444444444444444,0,-0.939692620785908
26,0.555555555555556,0,-0.522168221753604
26,0.666666666666667,0,-0.5
26,0.777777777777778,0,0
26,0.888888888888889,-0.307411559203091,-1.22515010925152
26,1,-0.647637055200617,-1.2401053603616
27,0,0,0
27,0.111111111111111,0,0
27,0.222222222222222,0,0
27,0.333333333333333,0,-0.5
27,0.444444444444444,0,-0.939692620785908
27,0.555555555555556,0,-0.939692620785908
27,0.666666666666667,0,-0.5
27,0.777777777777778,0,0
27,0.888888888888889,0,0
27,1,0,0
28,0,-0.291968712881406,0
28,0.111111111111111,0,0
28,0.222222222222222,0,0
28,0.333333333333333,0,-0.5
28,0.444444444444444,0,-0.939692620785908
28,0.555555555555556,0,-0.499447763008962
28,0.666666666666667,0,-0.5
28,0.777777777777778,-0.727337128969579,0
28,0.888888888888889,0,0
28,1,0,0
29,0,0,0
29,0.111111111111111,0,0
29,0.222222222222222,0,0
29,0.333333333333333,0,-0.5
29,0.444444444444444,0,-0.939692620785908
29,0.555555555555556,0,-0.939692620785908
29,0.666666666666667,0,-0.5
29,0.777777777777778,0,0
29,0.888888888888889,0,0
29,1,0,0
30,0,0,0
30,0.111111111111111,0,0
30,0.222222222222222,0,0
30,0.333333333333333,0,-0.5
30,0.444444444444444,0,-0.939692620785908
30,0.555555555555556,0,-0.939692620785908
30,0.666666666666667,0,-0.5
30,0.777777777777778,0,0
30,0.888888888888889,0,0
30,1,0,0
31,0,0,0
31,0.111111111111111,0,0
31,0.222222222222222,0,0
31,0.333333333333333,0,-0.5
31,0.444444444444444,0,-0.939692620785908
31,0.555555555555556,0,0.409112361146116
31,0.666666666666667,0,-0.5
31,0.777777777777778,0,0
31,0.888888888888889,0,0
31,1,0,0
32,0,0,0
32,0.111111111111111,0,0
32,0.222222222222222,0,0
32,0.333333333333333,0,-0.5
32,0.444444444444444,0,-0.939692620785908
32,0.555555555555556,0,-0.939692620785908
32,0.666666666666667,0,-0.5
32,0.777777777777778,0,0
32,0.888888888888889,0,0
32,1,0,0
33,0,0,0
33,0.111111111111111,0,0
33,0.222222222222222,0,0
33,0.333333333333333,0,-0.5
33,0.444444444444444,0,0.126262166844366
33,0.555555555555556,0,0.851410505317153
33,0.666666666666667,0,-0.5
33,0.777777777777778,0,0
33,0.888888888888889,0,0
33,1,0,0
34,0,0,0
34,0.111111111111111,0,0
34,0.222222222222222,0,0
34,0.333333333333333,0,-0.5
34,0.444444444444444,0,-0.00930905899158962
34,0.555555555555556,0,-0.939692620785908
34,0.666666666666667,0.914070468216729,-0.5
34,0.777777777777778,0,0
34,0.888888888888889,0,0
34,1,0,0
35,0,1.36997330585735,-0.94149757718212
35,0.111111111111111,0,0.890358096936195
35,0.222222222222222,0,1.79508415824338
35,0.333333333333333,1.72175133825937,-0.5
35,0.444444444444444,0.631007498354935,0.184655823869048
35,0.555555555555556,1.01097501639997,0.127532725929409
35,0.666666666666667,0.819751428548365,-0.5
35,0.777777777777778,1.19563366866607,0
35,0.888888888888889,0,0
35,1,1.56002117380072,-0.730273377655596
36,0,0,0
36,0.111111111111111,0,0
36,0.222222222222222,0.558644204909178,0
36,0.333333333333333,0,-0.5
36,0.444444444444444,0,0.178409381915283
36,0.555555555555556,0,-0.939692620785908
36,0.666666666666667,0,-0.5
36,0.777777777777778,0,0
36,0.888888888888889,0,0
36,1,0,0
37,0,0,0.617842706764116
37,0.111111111111111,0,1.2042965205729
37,0.222222222222222,-0.96494711911739,0
37,0.333333333333333,0,-0.5
37,0.444444444444444,0,-0.0916442660695599
37,0.555555555555556,0,0.932893627468842
37,0.666666666666667,0,-0.5
37,0.777777777777778,0,0
37,0.888888888888889,0.605247751714613,0
37,1,0,0
38,0,0,0
38,0.111111111111111,0,0
38,0.222222222222222,0,0
38,0.333333333333333,0,-0.5
38,0.444444444444444,0,-0.939692620785908
38,0.555555555555556,0,0.1844872034811
38,0.666666666666667,0,-0.5
38,0.777777777777778,0,0
38,0.888888888888889,0,0
38,1,0,0
39,0,0,-0.529361537198924
39,0.111111111111111,0,0
39,0.222222222222222,0,0
39,0.333333333333333,0,-0.5
39,0.444444444444444,0,0.941290105101326
39,0.555555555555556,0,-0.939692620785908
39,0.666666666666667,0,-0.5
39,0.777777777777778,0,0
39,0.888888888888889,0,0
39,1,0,0
40,0,0,0
40,0.111111111111111,0,-0.651200096613012
40,0.222222222222222,0,0
40,0.333333333333333,0,-0.5
40,0.444444444444444,0,-0.939692620785908
40,0.555555555555556,0,-0.939692620785908
40,0.666666666666667,0,-0.5
40,0.777777777777778,0,0
40,0.888888888888889,0,0
40,1,0,0
41,0,0,-1.06182372892511
41,0.111111111111111,0.255517717538181,0
41,0.222222222222222,0,0
41,0.333333333333333,0.276528454623747,-0.5
41,0.444444444444444,0,0.349429413006209
41,0.555555555555556,-0.750130656859997,1.10718649379987
41,0.666666666666667,0,-0.5
41,0.777777777777778,0.737477464108738,0
41,0.888888888888889,0,-0.178217562232106
41,1,0.426662279381105,-0.477994181002691
42,0,-0.898651413482006,1.45172349169904
42,0.111111111111111,0,0.17881164273128
42,0.222222222222222,-4.0323159548197,4.46542467326984
42,0.333333333333333,-2.36995336467983,3.08114668177285
42,0.444444444444444,-2.86277072012528,3.65745479432148
42,0.555555555555556,-0.703046149728189,0.760033048730765
42,0.666666666666667,0,0.754878068074049
42,0.777777777777778,-2.70958870038955,2.50072351302872
42,0.888888888888889,-0.690724308868216,1.88703050860794
42,1,0,0
43,0,0,0
43,0.111111111111111,0,0
43,0.222222222222222,0,0
43,0.333333333333333,0,-0.5
43,0.444444444444444,0,0.343945287715154
43,0.555555555555556,0,-0.939692620785908
43,0.666666666666667,0,-0.5
43,0.777777777777778,0,0
43,0.888888888888889,0,0
43,1,0,0
44,0,0,0
44,0.111111111111111,0.11821757073065,0
44,0.222222222222222,0,0
44,0.333333333333333,-0.674880069603606,1.51353124621628
44,0.444444444444444,-1.10757459610609,0.92531090387733
44,0.555555555555556,0,-0.576739149924192
44,0.666666666666667,-0.757832803645441,1.50351584349537
44,0.777777777777778,-0.374209720729726,0
44,0.888888888888889,0,0
44,1,0,0.298508642227695
45,0,-0.284950752120526,0
45,0.111111111111111,0,0
45,0.222222222222222,0,0
45,0.333333333333333,0,-0.5
45,0.444444444444444,0,0.0829532914427157
45,0.555555555555556,0,0.557247540859003
45,0.666666666666667,0,-0.5
45,0.777777777777778,-0.779428094562517,1.28959145599209
45,0.888888888888889,0,0
45,1,-0.137378828110044,0
46,0,0,0
46,0.111111111111111,0,0
46,0.222222222222222,0.985983982041725,0
46,0.333333333333333,0,-0.5
46,0.444444444444444,0,-0.939692620785908
46,0.555555555555556,0,0.229703911341256
46,0.666666666666667,0,-0.5
46,0.777777777777778,0,0
46,0.888888888888889,0,0
46,1,0,-0.877547573727769
47,0,0,0
47,0.111111111111111,0,0
47,0.222222222222222,0.159515529511833,0
47,0.333333333333333,0,0.61846423471725
47,0.444444444444444,0,1.19167092974607
47,0.555555555555556,0,0.757458815760507
47,0.666666666666667,0.50180455323085,-0.5
47,0.777777777777778,0,0
47,0.888888888888889,-0.0678008999783722,0
47,1,0,0
48,0,0,0
48,0.111111111111111,0,0
48,0.222222222222222,0,0
48,0.333333333333333,0,-0.5
48,0.444444444444444,0,-0.304420578075208
48,0.555555555555556,0,-0.257355931430647
48,0.666666666666667,0,-0.5
48,0.777777777777778,0.172677078444607,0
48,0.888888888888889,0,0
48,1,0,0
49,0,0,0
49,0.111111111111111,0,0
49,0.222222222222222,0,0
49,0.333333333333333,0,-0.5
49,0.444444444444444,0,-0.939692620785908
49,0.555555555555556,0,-0.939692620785908
49,0.666666666666667,0,-0.5
49,0.777777777777778,0,0
49,0.888888888888889,0,0
49,1,0.902659283146478,-2.20296160921532
50,0,0,0
50,0.111111111111111,0,0
50,0.222222222222222,0,0
50,0.333333333333333,0,-0.5
50,0.444444444444444,0,-0.939692620785908
50,0.555555555555556,0,-0.939692620785908
50,0.666666666666667,0,-0.5
50,0.777777777777778,0,0
50,0.888888888888889,0,0
50,1,0,0
51,0,0,0
51,0.111111111111111,-0.366552549760792,0
51,0.222222222222222,0,0
51,0.333333333333333,0.212708816135608,-0.5
51,0.444444444444444,0.334284335756931,-0.939692620785908
51,0.555555555555556,0,-0.939692620785908
51,0.666666666666667,0,-0.5
51,0.777777777777778,0,0
51,0.888888888888889,0,0
51,1,0,-0.619153591355479
52,0,0,0
52,0.111111111111111,0,0
52,0.222222222222222,0,0
52,0.333333333333333,0,-0.5
52,0.444444444444444,0,-0.939692620785908
52,0.555555555555556,0,-0.939692620785908
52,0.666666666666667,0,-0.5
52,0.777777777777778,0,0
52,0.888888888888889,0,0
52,1,0,-1.00490186072506
53,0,1.08184563877622,0
53,0.111111111111111,0,0
53,0.222222222222222,0.390179076423457,0
53,0.333333333333333,1.07056869444655,-0.5
53,0.444444444444444,0,0.0722032962723841
53,0.555555555555556,0,1.7729967694487
53,0.666666666666667,0,0.439041624660655
53,0.777777777777778,0,0
53,0.888888888888889,0,1.60667723633356
53,1,0.342553724689951,0
54,0,0,-1.4052808863298
54,0.111111111111111,0,0
54,0.222222222222222,0,0
54,0.333333333333333,0,-0.5
54,0.444444444444444,0,-0.939692620785908
54,0.555555555555556,0,-0.939692620785908
54,0.666666666666667,0,-0.5
54,0.777777777777778,0,0
54,0.888888888888889,0,-1.297855436777
54,1,0,-0.238543813424617
55,0,0,0
55,0.111111111111111,-1.01742361693842,0
55,0.222222222222222,0,0
55,0.333333333333333,0,-0.5
55,0.444444444444444,0,-0.36439687111371
55,0.555555555555556,0,-0.165806992021052
55,0.666666666666667,0,-0.5
55,0.777777777777778,0,0
55,0.888888888888889,0,0
55,1,0,0
56,0,0,0
56,0.111111111111111,0,0
56,0.222222222222222,0,0
56,0.333333333333333,0,-0.5
56,0.444444444444444,0,-0.939692620785908
56,0.555555555555556,0,-0.939692620785908
56,0.666666666666667,0,-0.5
56,0.777777777777778,0,0
56,0.888888888888889,0,0
56,1,0,0
57,0,0,0
57,0.111111111111111,0,0
57,0.222222222222222,0,0.613458363070562
57,0.333333333333333,0,-0.5
57,0.444444444444444,0,-0.238549107903116
57,0.555555555555556,0,-0.171191583168425
57,0.666666666666667,0,-0.5
57,0.777777777777778,0,0
57,0.888888888888889,0,0
57,1,-0.413085567156149,0
58,0,0,0
58,0.111111111111111,0,0
58,0.222222222222222,0,0
58,0.333333333333333,0,-0.5
58,0.444444444444444,0,0.128314061051648
58,0.555555555555556,0,0.350051373465679
58,0.666666666666667,0,-0.5
58,0.777777777777778,0,1.08933033220366
58,0.888888888888889,0,0
58,1,0,0
59,0,0,0
59,0.111111111111111,0,0
59,0.222222222222222,0,0
59,0.333333333333333,0,-0.5
59,0.444444444444444,0,-0.939692620785908
59,0.555555555555556,0,-0.939692620785908
59,0.666666666666667,0,-0.5
59,0.777777777777778,0,0
59,0.888888888888889,0,0
59,1,0,0
60,0,0,0
60,0.111111111111111,0,0
60,0.222222222222222,0,0
60,0.333333333333333,1.17872870109155,-0.5
60,0.444444444444444,0,-0.939692620785908
60,0.555555555555556,0.603467895353338,-0.939692620785908
60,0.666666666666667,0,-0.5
60,0.777777777777778,0,0
60,0.888888888888889,0,0
60,1,0,0
61,0,0,0
61,0.111111111111111,0,0
61,0.222222222222222,0,0
61,0.333333333333333,0,-0.5
61,0.444444444444444,0,0.00331321309547583
61,0.555555555555556,0,-0.939692620785908
61,0.666666666666667,0,-0.5
61,0.777777777777778,0,0
61,0.888888888888889,0,0
61,1,0,0
62,0,0,0
62,0.111111111111111,0,0
62,0.222222222222222,0,0
62,0.333333333333333,0,-0.5
62,0.444444444444444,0,-0.939692620785908
62,0.555555555555556,0,-0.939692620785908
62,0.666666666666667,0,-0.5
62,0.777777777777778,0,0
62,0.888888888888889,0,0
62,1,0,0
63,0,-0.640772908451615,0
63,0.111111111111111,0,0
63,0.222222222222222,0,-1.62033408437724
63,0.333333333333333,-0.450642948434653,-0.5
63,0.444444444444444,0,-0.939692620785908
63,0.555555555555556,0,-0.939692620785908
63,0.666666666666667,0,-0.5
63,0.777777777777778,0,0
63,0.888888888888889,0,0
63,1,-0.630590087787132,-2.15169484037787
64,0,0.646727620955248,0
64,0.111111111111111,0,0
64,0.222222222222222,0,0
64,0.333333333333333,0,1.31867293194434
64,0.444444444444444,0,-0.939692620785908
64,0.555555555555556,0,-0.939692620785908
64,0.666666666666667,0,-0.5
64,0.777777777777778,0,0
64,0.888888888888889,0,0
64,1,0,0
65,0,0,0
65,0.111111111111111,0,0
65,0.222222222222222,0,0
65,0.333333333333333,0,-0.5
65,0.444444444444444,0,-0.939692620785908
65,0.555555555555556,0.997284352105228,-0.939692620785908
65,0.666666666666667,0.551862402070971,-0.5
65,0.777777777777778,0,0
65,0.888888888888889,0,0
65,1,0,0
66,0,0.575036153847226,0
66,0.111111111111111,0,0
66,0.222222222222222,0,0
66,0.333333333333333,0,-0.5
66,0.444444444444444,0.771088153456575,-0.939692620785908
66,0.555555555555556,0,-0.538549894543045
66,0.666666666666667,0,-0.5
66,0.777777777777778,0,0
66,0.888888888888889,0,0
66,1,0,0
67,0,0,0
67,0.111111111111111,0,0
67,0.222222222222222,0,0
67,0.333333333333333,0,-0.5
67,0.444444444444444,0,-0.939692620785908
67,0.555555555555556,1.29746359537431,-0.939692620785908
67,0.666666666666667,0,-0.5
67,0.777777777777778,0,0
67,0.888888888888889,0,0
67,1,0,0
68,0,0,0
68,0.111111111111111,0,-1.29825070569055
68,0.222222222222222,0,0
68,0.333333333333333,0,-0.5
68,0.444444444444444,0,0.908279196630009
68,0.555555555555556,0,-0.939692620785908
68,0.666666666666667,0,-0.5
68,0.777777777777778,0,0
68,0.888888888888889,0,0
68,1,0,0
69,0,0,0
69,0.111111111111111,0,0
69,0.222222222222222,0,0
69,0.333333333333333,0,-0.5
69,0.444444444444444,0,-0.939692620785908
69,0.555555555555556,0.699138663521207,-0.939692620785908
69,0.666666666666667,0,-0.5
69,0.777777777777778,0,0
69,0.888888888888889,0,0
69,1,0,-0.987272063012723
70,0,0,0
70,0.111111111111111,0,0
70,0.222222222222222,0,0
70,0.333333333333333,0,-0.5
70,0.444444444444444,0,-0.248674544614436
70,0.555555555555556,0,-0.939692620785908
70,0.666666666666667,0,-0.5
70,0.777777777777778,0,0
70,0.888888888888889,0,0
70,1,0,0
71,0,0,0
71,0.111111111111111,1.10096413347675,0
71,0.222222222222222,0,0
71,0.333333333333333,0,-0.5
71,0.444444444444444,0,-0.939692620785908
71,0.555555555555556,0,-0.939692620785908
71,0.666666666666667,0,-0.5
71,0.777777777777778,0,0
71,0.888888888888889,0,0
71,1,0,0
72,0,0,0
72,0.111111111111111,0,0
72,0.222222222222222,0,0
72,0.333333333333333,0,-0.5
72,0.444444444444444,0,-0.939692620785908
72,0.555555555555556,0,-0.939692620785908
72,0.666666666666667,0,-0.5
72,0.777777777777778,0,0
72,0.888888888888889,0,0
72,1,0,0
73,0,0,0
73,0.111111111111111,0,0
73,0.222222222222222,0,0
73,0.333333333333333,0,-0.5
73,0.444444444444444,0,-0.939692620785908
73,0.555555555555556,0,-0.939692620785908
73,0.666666666666667,0,-0.5
73,0.777777777777778,0,0
73,0.888888888888889,0,0
73,1,0,0
74,0,0.180388732228086,-0.551235389095455
74,0.111111111111111,0,0
74,0.222222222222222,0,0
74,0.333333333333333,0,-0.5
74,0.444444444444444,-0.482033427897375,0.335801618092112
74,0.555555555555556,-0.816665807131264,-0.939692620785908
74,0.666666666666667,0,-0.5
74,0.777777777777778,-0.0616128974692402,0
74,0.888888888888889,0,-1.25694887695109
74,1,-0.0938346628572242,0
75,0,0,0
75,0.111111111111111,0,0
75,0.222222222222222,0,0
75,0.333333333333333,0,-0.5
75,0.444444444444444,0,-0.939692620785908
75,0.555555555555556,0,-0.939692620785908
75,0.666666666666667,0,-0.5
75,0.777777777777778,0,0
75,0.888888888888889,0,0
75,1,0,0
76,0,0,0
76,0.111111111111111,0,0
76,0.222222222222222,0,0
76,0.333333333333333,0,-0.5
76,0.444444444444444,0,0.108665043455386
76,0.555555555555556,0,0.266865168449973
76,0.666666666666667,0,-0.109037355563078
76,0.777777777777778,0,0
76,0.888888888888889,0,0
76,1,0,0.165531540948565
77,0,0,0
77,0.111111111111111,0,0
77,0.222222222222222,0,0
77,0.333333333333333,0,-0.5
77,0.444444444444444,0,-0.939692620785908
77,0.555555555555556,0,-0.939692620785908
77,0.666666666666667,0,-0.5
77,0.777777777777778,0,0
77,0.888888888888889,0,0
77,1,0,0
78,0,0,-0.634647364382459
78,0.111111111111111,0,0
78,0.222222222222222,0,0
78,0.333333333333333,0,-0.5
78,0.444444444444444,0,-0.939692620785908
78,0.555555555555556,0,-0.0503682199518745
78,0.666666666666667,0,-0.5
78,0.777777777777778,0,0
78,0.888888888888889,0,0
78,1,0,0
79,0,0.148795006763138,0
79,0.111111111111111,0,0
79,0.222222222222222,0,0
79,0.333333333333333,0,-0.5
79,0.444444444444444,0,-0.939692620785908
79,0.555555555555556,0,0.700102851827953
79,0.666666666666667,0,-0.5
79,0.777777777777778,0,0
79,0.888888888888889,0,0
79,1,0,0
80,0,0,0
80,0.111111111111111,0,0
80,0.222222222222222,0,0
80,0.333333333333333,0,-0.5
80,0.444444444444444,0,-0.939692620785908
80,0.555555555555556,0,-0.939692620785908
80,0.666666666666667,0,-0.5
80,0.777777777777778,0,0
80,0.888888888888889,0,0
80,1,0,0
81,0,0,-1.90911570395451
81,0.111111111111111,0,0
81,0.222222222222222,0,0.199699124359984
81,0.333333333333333,0,0.630150142575194
81,0.444444444444444,0,-0.939692620785908
81,0.555555555555556,0,-0.939692620785908
81,0.666666666666667,0,-0.133395404403467
81,0.777777777777778,0,0
81,0.888888888888889,0.43051148059833,0
81,1,0,0.910971808847509
82,0,0,0
82,0.111111111111111,0,0
82,0.222222222222222,0,0
82,0.333333333333333,0,-0.5
82,0.444444444444444,0,-0.939692620785908
82,0.555555555555556,0,-0.939692620785908
82,0.666666666666667,0,-0.5
82,0.777777777777778,0,0
82,0.888888888888889,0,0
82,1,0,0
83,0,0,0
83,0.111111111111111,0,0
83,0.222222222222222,0,0
83,0.333333333333333,0,-0.5
83,0.444444444444444,0,-0.939692620785908
83,0.555555555555556,0.632314481253986,-0.939692620785908
83,0.666666666666667,0,-0.5
83,0.777777777777778,0,0
83,0.888888888888889,0,0
83,1,0,0
84,0,0,0
84,0.111111111111111,0,0
84,0.222222222222222,0,0
84,0.333333333333333,0,-0.5
84,0.444444444444444,1.71598937491302,-0.939692620785908
84,0.555555555555556,0,-0.313983894480839
84,0.666666666666667,0,-0.5
84,0.777777777777778,0,0
84,0.888888888888889,0,0
84,1,0,0
85,0,-0.836391821878207,0
85,0.111111111111111,0,0
85,0.222222222222222,-0.911336674266457,0
85,0.333333333333333,-1.13301274233303,0.850304638113486
85,0.444444444444444,-1.2423119725321,-0.939692620785908
85,0.555555555555556,-0.318150000068717,0.283782303198581
85,0.666666666666667,-0.81382375299183,-0.5
85,0.777777777777778,-0.754107818164151,0
85,0.888888888888889,-0.455270170735958,0
85,1,-0.711637555462057,-1.22012896184277
86,0,0,0
86,0.111111111111111,0,0
86,0.222222222222222,0,0
86,0.333333333333333,0,-0.5
86,0.444444444444444,0,-0.0585863012133555
86,0.555555555555556,0.563336440143956,-0.939692620785908
86,0.666666666666667,0,-0.5
86,0.777777777777778,0,0
86,0.888888888888889,0,0
86,1,0,0
87,0,0,-1.63668570251448
87,0.111111111111111,0,0
87,0.222222222222222,0,0
87,0.333333333333333,0,-0.5
87,0.444444444444444,0,-0.939692620785908
87,0.555555555555556,0,-0.939692620785908
87,0.666666666666667,0,-0.5
87,0.777777777777778,0,0
87,0.888888888888889,0,-1.37461821732336
87,1,0,0
88,0,0,-0.434629672412269
88,0.111111111111111,0.539743007040405,-2.78444019549206
88,0.222222222222222,0,-1.36285350990542
88,0.333333333333333,0.971087893567209,-0.5
88,0.444444444444444,0,-0.939692620785908
88,0.555555555555556,0.707711341722313,-0.939692620785908
88,0.666666666666667,0,-0.5
88,0.777777777777778,0,0
88,0.888888888888889,0,0
88,1,1.40727090018248,-2.65555810555094
89,0,-1.34191767245693,0
89,0.111111111111111,0,0
89,0.222222222222222,0,0
89,0.333333333333333,0,-0.5
89,0.444444444444444,-0.655901435277376,-0.939692620785908
89,0.555555555555556,0,0.184544388475619
89,0.666666666666667,0,-0.5
89,0.777777777777778,0,0
89,0.888888888888889,0,-0.611546397496473
89,1,0,-0.508453402738697
90,0,0,0
90,0.111111111111111,-1.12217640318682,0
90,0.222222222222222,0,0
90,0.333333333333333,0,-0.5
90,0.444444444444444,0,-0.939692620785908
90,0.555555555555556,0,-0.939692620785908
90,0.666666666666667,0,-0.5
90,0.777777777777778,0,0
90,0.888888888888889,0,0
90,1,0,0
91,0,0,0
91,0.111111111111111,0,0
91,0.222222222222222,0,0
91,0.333333333333333,0,-0.5
91,0.444444444444444,0,-0.939692620785908
91,0.555555555555556,0,-0.939692620785908
91,0.666666666666667,0,-0.5
91,0.777777777777778,0,0
91,0.888888888888889,0,0
91,1,0,0
92,0,0,0
92,0.111111111111111,0,0
92,0.222222222222222,0,0
92,0.333333333333333,0,-0.5
92,0.444444444444444,0,-0.939692620785908
92,0.555555555555556,0,-0.939692620785908
92,0.666666666666667,0,-0.5
92,0.777777777777778,0,0
92,0.888888888888889,0,0
92,1,0,0
93,0,0,0
93,0.111111111111111,0.995473414760308,0
93,0.222222222222222,0,0
93,0.333333333333333,0.579164795442989,-0.5
93,0.444444444444444,0.786685965561557,-0.939692620785908
93,0.555555555555556,0,1.32622302643808
93,0.666666666666667,0,0.473332874089762
93,0.777777777777778,0.771282288557501,0
93,0.888888888888889,0,0
93,1,0,0.830524397932372
94,0,0,0
94,0.111111111111111,0,0
94,0.222222222222222,0,0
94,0.333333333333333,0,-0.5
94,0.444444444444444,0,-0.939692620785908
94,0.555555555555556,0,-0.939692620785908
94,0.666666666666667,0,-0.5
94,0.777777777777778,0,0
94,0.888888888888889,0,0
94,1,0,0
95,0,0,0
95,0.111111111111111,0,0
95,0.222222222222222,0,0
95,0.333333333333333,0,-0.5
95,0.444444444444444,0,0.963435951066738
95,0.555555555555556,0,-0.939692620785908
95,0.666666666666667,0,-0.5
95,0.777777777777778,0,0
95,0.888888888888889,0,0
95,1,0,0
96,0,0,0
96,0.111111111111111,0,0
96,0.222222222222222,0,0
96,0.333333333333333,0,-0.5
96,0.444444444444444,0,-0.939692620785908
96,0.555555555555556,0,-0.939692620785908
96,0.666666666666667,0,-0.5
96,0.777777777777778,0,-0.727013902010956
96,0.888888888888889,0,0
96,1,0,-0.291699413085117
97,0,0,0
97,0.111111111111111,0,0
97,0.222222222222222,0,0
97,0.333333333333333,0,-0.5
97,0.444444444444444,0,-0.939692620785908
97,0.555555555555556,0,-0.108487020979624
97,0.666666666666667,0,-0.5
97,0.777777777777778,0,0
97,0.888888888888889,0,0
97,1,-0.566816088242152,0
98,0,0,-0.723292258880934
98,0.111111111111111,0,0
98,0.222222222222222,0,0
98,0.333333333333333,0,-0.5
98,0.444444444444444,0,-0.939692620785908
98,0.555555555555556,0,-0.939692620785908
98,0.666666666666667,0,-0.5
98,0.777777777777778,0,0
98,0.888888888888889,0,0
98,1,0,0
99,0,0,0
99,0.111111111111111,0,0
99,0.222222222222222,0,0
99,0.333333333333333,0,-0.5
99,0.444444444444444,0,0.424300870264523
99,0.555555555555556,0,-0.939692620785908
99,0.666666666666667,0,-0.5
99,0.777777777777778,0,0
99,0.888888888888889,0,0
99,1,0,0
100,0,0,0
100,0.111111111111111,0,0
100,0.222222222222222,0,0
100,0.333333333333333,0.988473792896949,-0.5
100,0.444444444444444,0,-0.939692620785908
100,0.555555555555556,1.3304523737731,-0.939692620785908
100,0.666666666666667,0,-0.5
100,0.777777777777778,0,0
100,0.888888888888889,0,0
100,1,0,-0.686906151296866
101,0,0,0
101,0.111111111111111,0,0
101,0.222222222222222,0,0
101,0.333333333333333,0,-0.5
101,0.444444444444444,0,-0.939692620785908
101,0.555555555555556,0,-0.939692620785908
101,0.666666666666667,0,-0.5
101,0.777777777777778,0,0
101,0.888888888888889,0,0
101,1,0,0
102,0,0.040565681021554,0.78576955869904
102,0.111111111111111,1.17726727806652,0
102,0.222222222222222,0.171906736609585,0
102,0.333333333333333,0.376827789419507,-0.5
102,0.444444444444444,0,-0.939692620785908
102,0.555555555555556,0,-0.144762765104295
102,0.666666666666667,0,-0.5
102,0.777777777777778,0.6645904373101,-0.569733859164634
102,0.888888888888889,1.02546604048531,0
102,1,0,-0.978724664396743
103,0,0,0
103,0.111111111111111,0,0
103,0.222222222222222,0,0
103,0.333333333333333,0,0.190659242095344
103,0.444444444444444,0,0.240863129776156
103,0.555555555555556,0,-0.595844565317009
103,0.666666666666667,0,-0.5
103,0.777777777777778,0,0
103,0.888888888888889,0,0
103,1,0,0
104,0,0,0
104,0.111111111111111,-0.437226891410491,0
104,0.222222222222222,0,0
104,0.333333333333333,0,-0.5
104,0.444444444444444,0,0.392412064498723
104,0.555555555555556,0,-0.289611076841325
104,0.666666666666667,0,-0.5
104,0.777777777777778,0,0
104,0.888888888888889,0,0
104,1,0,0
105,0,0,0.228086527530238
105,0.111111111111111,0,0
105,0.222222222222222,0,0.515518506516895
105,0.333333333333333,0,0.714759840713308
105,0.444444444444444,0,0.350697330422856
105,0.555555555555556,0,0.456747561412185
105,0.666666666666667,0,0.845215016564108
105,0.777777777777778,0.160435995452331,0
105,0.888888888888889,0,0
105,1,0.11616666934289,0
106,0,-0.212830478394665,0
106,0.111111111111111,-0.340756713788338,-0.271791032651997
106,0.222222222222222,0,-0.824341297424148
106,0.333333333333333,0,-0.5
106,0.444444444444444,-0.231073158040398,0.618953851992708
106,0.555555555555556,0,-0.439623238306079
106,0.666666666666667,-0.515156376484169,0.472410703203726
106,0.777777777777778,0,0
106,0.888888888888889,0,-0.594943459109757
106,1,0,0
107,0,0,0
107,0.111111111111111,0,0
107,0.222222222222222,0,0
107,0.333333333333333,0,-0.5
107,0.444444444444444,0,-0.939692620785908
107,0.555555555555556,0,0.137680196362914
107,0.666666666666667,0,-0.5
107,0.777777777777778,0,0
107,0.888888888888889,0,0
107,1,0,0
108,0,0,0.262521960183769
108,0.111111111111111,0,0
108,0.222222222222222,-1.13273018820173,0
108,0.333333333333333,0,-0.5
108,0.444444444444444,0,-0.939692620785908
108,0.555555555555556,0.48738535583841,-0.939692620785908
108,0.666666666666667,0,-0.5
108,0.777777777777778,-0.72129377378656,0
108,0.888888888888889,-0.623294773102569,0
108,1,0,-0.224224309054586
109,0,0,0
109,0.111111111111111,0,0
109,0.222222222222222,0,0
109,0.333333333333333,-0.192142041215176,0.0164356985885963
109,0.444444444444444,0,-0.939692620785908
109,0.555555555555556,0,-0.44595538063185
109,0.666666666666667,0.379498685486098,-0.5
109,0.777777777777778,0,0
109,0.888888888888889,0,0
109,1,0,0
110,0,0,0
110,0.111111111111111,0,0
110,0.222222222222222,0,0
110,0.333333333333333,0,-0.5
110,0.444444444444444,0,-0.939692620785908
110,0.555555555555556,0,-0.939692620785908
110,0.666666666666667,0,-0.5
110,0.777777777777778,-0.719705785344021,0
110,0.888888888888889,0,0
110,1,0,0
111,0,0,0
111,0.111111111111111,0,0
111,0.222222222222222,0,0
111,0.333333333333333,0,-0.5
111,0.444444444444444,0,-0.0045198626624775
111,0.555555555555556,0,0.0181688177904544
111,0.666666666666667,0,0.753232065900084
111,0.777777777777778,0,0
111,0.888888888888889,0,0
111,1,0,0
112,0,0,0
112,0.111111111111111,0,0
112,0.222222222222222,0,0
112,0.333333333333333,0,-0.5
112,0.444444444444444,0,-0.427153362248365
112,0.555555555555556,0,-0.407132848345433
112,0.666666666666667,0,-0.5
112,0.777777777777778,0,0
112,0.888888888888889,0,0
112,1,0,0
113,0,0,0
113,0.111111111111111,0,0
113,0.222222222222222,0,0
113,0.333333333333333,0,-0.5
113,0.444444444444444,0,-0.939692620785908
113,0.555555555555556,0,-0.939692620785908
113,0.666666666666667,0,-0.5
113,0.777777777777778,0,0
113,0.888888888888889,0,0
113,1,0,0
114,0,-0.130357959482935,0
114,0.111111111111111,0,0
114,0.222222222222222,0,0
114,0.333333333333333,0,-0.5
114,0.444444444444444,0,0.299712063593577
114,0.555555555555556,0,0.61078728285098
114,0.666666666666667,-0.642606336893084,-0.5
114,0.777777777777778,0,0
114,0.888888888888889,0,0
114,1,0,0.302778158354589
115,0,0,0
115,0.111111111111111,0,0
115,0.222222222222222,0,0
115,0.333333333333333,0,-0.5
115,0.444444444444444,0,-0.939692620785908
115,0.555555555555556,0,-0.0998432734395505
115,0.666666666666667,0,-0.5
115,0.777777777777778,0,0
115,0.888888888888889,0,0
115,1,0,0
116,0,-0.248480671739855,0
116,0.111111111111111,0,0
116,0.222222222222222,0,0
116,0.333333333333333,0,-0.5
116,0.444444444444444,0,-0.205358514461697
116,0.555555555555556,0,0.0331675766917557
116,0.666666666666667,0,-0.5
116,0.777777777777778,0,0
116,0.888888888888889,0,0
116,1,0.247039873946868,0
117,0,0,0
117,0.111111111111111,0,0
117,0.222222222222222,0,0
117,0.333333333333333,0,-0.5
117,0.444444444444444,0,-0.939692620785908
117,0.555555555555556,0,-0.939692620785908
117,0.666666666666667,0.334960386772367,-0.5
117,0.777777777777778,0,0
117,0.888888888888889,0,0
117,1,0,0
118,0,0,0
118,0.111111111111111,0,0
118,0.222222222222222,0,0
118,0.333333333333333,0,-0.5
118,0.444444444444444,0,-0.939692620785908
118,0.555555555555556,0,-0.939692620785908
118,0.666666666666667,0,-0.5
118,0.777777777777778,0,0
118,0.888888888888889,0,0
118,1,0,0
119,0,0,0.212743363584648
119,0.111111111111111,0,0
119,0.222222222222222,0,0
119,0.333333333333333,0,0.555563911826862
119,0.444444444444444,0,0.346422505318067
119,0.555555555555556,0,0.0949857029851668
119,0.666666666666667,0,-0.5
119,0.777777777777778,0,0
119,0.888888888888889,0,0
119,1,0,0
120,0,0,0
120,0.111111111111111,0,0
120,0.222222222222222,0,0
120,0.333333333333333,0,-0.5
120,0.444444444444444,0,0.430335188030288
120,0.555555555555556,0,-0.00937235247339774
120,0.666666666666667,0,-0.5
120,0.777777777777778,0,0
120,0.888888888888889,0,0
120,1,0,0
121,0,0,-0.247454797076779
121,0.111111111111111,2.22327334996783,-3.35332107462125
121,0.222222222222222,0.743931302440714,0
121,0.333333333333333,0,-0.5
121,0.444444444444444,1.2372713456085,-0.939692620785908
121,0.555555555555556,0.202495577815193,0.124594338882053
121,0.666666666666667,0,-0.5
121,0.777777777777778,0,0
121,0.888888888888889,-0.113786995035452,-0.13054380692032
121,1,0.827882068791547,-1.27995653411897
122,0,0,0
122,0.111111111111111,0,0
122,0.222222222222222,0,0
122,0.333333333333333,0,-0.5
122,0.444444444444444,0,-0.939692620785908
122,0.555555555555556,0,-0.939692620785908
122,0.666666666666667,0,-0.5
122,0.777777777777778,0,0
122,0.888888888888889,0,0
122,1,0,0
123,0,0,0
123,0.111111111111111,0,0
123,0.222222222222222,0,0
123,0.333333333333333,0,-0.5
123,0.444444444444444,0,0.0788073372318271
123,0.555555555555556,0,-0.939692620785908
123,0.666666666666667,0,-0.5
123,0.777777777777778,0,0
123,0.888888888888889,0,0
123,1,0,0
124,0,-0.543759946903023,0
124,0.111111111111111,0,0
124,0.222222222222222,0,0
124,0.333333333333333,0,1.04240925706939
124,0.444444444444444,0,-0.939692620785908
124,0.555555555555556,0,-0.939692620785908
124,0.666666666666667,0,-0.5
124,0.777777777777778,0,0
124,0.888888888888889,0,0
124,1,0,0
125,0,0,0
125,0.111111111111111,0,0
125,0.222222222222222,0,0
125,0.333333333333333,0,-0.5
125,0.444444444444444,0,-0.939692620785908
125,0.555555555555556,1.06297807543797,-0.939692620785908
125,0.666666666666667,0,-0.5
125,0.777777777777778,0,0
125,0.888888888888889,0,0
125,1,0,0
126,0,0,0
126,0.111111111111111,0,0
126,0.222222222222222,0,0
126,0.333333333333333,0,-0.5
126,0.444444444444444,0,-0.939692620785908
126,0.555555555555556,0.173536156425924,-0.585264768575352
126,0.666666666666667,0,-0.5
126,0.777777777777778,0,0
126,0.888888888888889,0,0
126,1,0,-0.186395064165609
127,0,0,0
127,0.111111111111111,0,0
127,0.222222222222222,0,0
127,0.333333333333333,0,0.024971576149209
127,0.444444444444444,0,0.685943831860383
127,0.555555555555556,0,-0.0147235283122138
127,0.666666666666667,0,-0.5
127,0.777777777777778,0,0
127,0.888888888888889,0,0
127,1,0,0
128,0,0,0
128,0.111111111111111,0,0
128,0.222222222222222,-0.53572675484851,0
128,0.333333333333333,0,-0.5
128,0.444444444444444,0,-0.393745334482332
128,0.555555555555556,0,-0.939692620785908
128,0.666666666666667,-0.19229208437722,-0.5
128,0.777777777777778,0,0
128,0.888888888888889,0,0
128,1,0,0
129,0,0,0
129,0.111111111111111,0,0
129,0.222222222222222,0,0
129,0.333333333333333,0,-0.5
129,0.444444444444444,0,0.382998767880063
129,0.555555555555556,0,-0.260934341350111
129,0.666666666666667,0.782181298635799,-0.5
129,0.777777777777778,0,0
129,0.888888888888889,0,0
129,1,0,0
130,0,0,0
130,0.111111111111111,0,0
130,0.222222222222222,0,0
130,0.333333333333333,0,-0.5
130,0.444444444444444,0,-0.939692620785908
130,0.555555555555556,0,-0.939692620785908
130,0.666666666666667,0,-0.5
130,0.777777777777778,0,0
130,0.888888888888889,0,0
130,1,0,0
131,0,0,0
131,0.111111111111111,0,0
131,0.222222222222222,0,0
131,0.333333333333333,0,-0.5
131,0.444444444444444,0,-0.939692620785908
131,0.555555555555556,0,-0.939692620785908
131,0.666666666666667,0,-0.5
131,0.777777777777778,0,0
131,0.888888888888889,0,0
131,1,0,0
132,0,0,0
132,0.111111111111111,0,0
132,0.222222222222222,0,0
132,0.333333333333333,0,-0.5
132,0.444444444444444,0,-0.939692620785908
132,0.555555555555556,0,-0.939692620785908
132,0.666666666666667,0,-0.5
132,0.777777777777778,0,0
132,0.888888888888889,0,0
132,1,0,0
133,0,0,0
133,0.111111111111111,0,0
133,0.222222222222222,0,0
133,0.333333333333333,0,-0.5
133,0.444444444444444,0,-0.939692620785908
133,0.555555555555556,0,-0.939692620785908
133,0.666666666666667,0,-0.5
133,0.777777777777778,0,0
133,0.888888888888889,0,0
133,1,0,0
134,0,0,0
134,0.111111111111111,0,0
134,0.222222222222222,0,0
134,0.333333333333333,0,-0.5
134,0.444444444444444,0,-0.282343028608235
134,0.555555555555556,0,-0.176604564366438
134,0.666666666666667,0,-0.5
134,0.777777777777778,0,0
134,0.888888888888889,-1.08613680464545,0
134,1,0,0
135,0,0.964365571277738,0
135,0.111111111111111,0,0
135,0.222222222222222,0,0
135,0.333333333333333,0.782283973006922,-0.5
135,0.444444444444444,0,-0.939692620785908
135,0.555555555555556,0,-0.939692620785908
135,0.666666666666667,1.11175438869396,-0.5
135,0.777777777777778,0,0
135,0.888888888888889,0,0
135,1,0,0
136,0,0,0
136,0.111111111111111,0,0
136,0.222222222222222,0,0
136,0.333333333333333,0,-0.5
136,0.444444444444444,0,-0.0885948443757002
136,0.555555555555556,0.710639475294221,-0.939692620785908
136,0.666666666666667,0,-0.5
136,0.777777777777778,0,0
136,0.888888888888889,0,0
136,1,0,0
137,0,0,0
137,0.111111111111111,0,0
137,0.222222222222222,0,0
137,0.333333333333333,-0.237704263804743,-0.5
137,0.444444444444444,0,-0.939692620785908
137,0.555555555555556,0,0.164368234700982
137,0.666666666666667,0,-0.23255104040084
137,0.777777777777778,0,0
137,0.888888888888889,0,0
137,1,0,0
138,0,0,0
138,0.111111111111111,0.344168187955553,0
138,0.222222222222222,0,0
138,0.333333333333333,-0.495174506369832,-0.5
138,0.444444444444444,-0.291079675141785,-0.0710339829723973
138,0.555555555555556,0,-0.260574804094624
138,0.666666666666667,0,-0.5
138,0.777777777777778,0,0
138,0.888888888888889,0,0
138,1,0,-0.820499708151256
139,0,0,0
139,0.111111111111111,0,0
139,0.222222222222222,0,0
139,0.333333333333333,0,-0.5
139,0.444444444444444,0,-0.190931566467265
139,0.555555555555556,0.198964130854545,-0.939692620785908
139,0.666666666666667,0,-0.5
139,0.777777777777778,0,0
139,0.888888888888889,-0.433558889623548,0
139,1,0,0
140,0,0,0
140,0.111111111111111,0,0
140,0.222222222222222,0,0
140,0.333333333333333,0,-0.5
140,0.444444444444444,0,0.432563895075937
140,0.555555555555556,-0.64577228176826,0.842422464474047
140,0.666666666666667,0,-0.0544829234848079
140,0.777777777777778,0,0
140,0.888888888888889,0,0
140,1,-0.409877149899596,0
141,0,0,0
141,0.111111111111111,0,0
141,0.222222222222222,0,0
141,0.333333333333333,0,-0.5
141,0.444444444444444,0,-0.939692620785908
141,0.555555555555556,0,-0.939692620785908
141,0.666666666666667,0,-0.5
141,0.777777777777778,0,0
141,0.888888888888889,0,0
141,1,0,0
142,0,0,0
142,0.111111111111111,0,0
142,0.222222222222222,0,0
142,0.333333333333333,0.0826590279886877,-0.5
142,0.444444444444444,0,-0.176643553620903
142,0.555555555555556,0,-0.939692620785908
142,0.666666666666667,0,-0.5
142,0.777777777777778,0,0
142,0.888888888888889,0,0
142,1,0,0
143,0,0,0
143,0.111111111111111,0,0
143,0.222222222222222,0,0
143,0.333333333333333,0,-0.5
143,0.444444444444444,0,-0.939692620785908
143,0.555555555555556,0,-0.939692620785908
143,0.666666666666667,0,-0.5
143,0.777777777777778,0,0
143,0.888888888888889,0,0
143,1,0,0
144,0,0,0
144,0.111111111111111,0,0
144,0.222222222222222,0,0
144,0.333333333333333,0,-0.5
144,0.444444444444444,0,-0.341549910906652
144,0.555555555555556,0,-0.502485476074892
144,0.666666666666667,0,-0.5
144,0.777777777777778,0,0
144,0.888888888888889,0,0
144,1,0,0.400824221345159
145,0,0,0
145,0.111111111111111,0,0
145,0.222222222222222,0.335206833112913,0
145,0.333333333333333,0,-0.5
145,0.444444444444444,0,-0.675262663637188
145,0.555555555555556,0.252269470574746,-0.939692620785908
145,0.666666666666667,0,-0.5
145,0.777777777777778,0,0
145,0.888888888888889,0,0
145,1,0,0
146,0,0,0
146,0.111111111111111,0,0
146,0.222222222222222,0,0
146,0.333333333333333,0,-0.5
146,0.444444444444444,0,-0.939692620785908
146,0.555555555555556,0,0.196506295627357
146,0.666666666666667,0,-0.5
146,0.777777777777778,0,0
146,0.888888888888889,0,0
146,1,0,0
147,0,0,0
147,0.111111111111111,0,0
147,0.222222222222222,0,0
147,0.333333333333333,0,0.247804955991559
147,0.444444444444444,0,-0.939692620785908
147,0.555555555555556,1.71115499930169,-0.939692620785908
147,0.666666666666667,0,-0.15778153465407
147,0.777777777777778,0,0
147,0.888888888888889,0.333575668094801,0
147,1,0,0
148,0,0,0
148,0.111111111111111,0,0
148,0.222222222222222,0,0
148,0.333333333333333,0,-0.5
148,0.444444444444444,0,-0.939692620785908
148,0.555555555555556,0,-0.939692620785908
148,0.666666666666667,0,-0.5
148,0.777777777777778,0,0
148,0.888888888888889,0,0
148,1,0,0
149,0,0,0
149,0.111111111111111,0,0
149,0.222222222222222,0,0
149,0.333333333333333,0,-0.5
149,0.444444444444444,0,-0.939692620785908
149,0.555555555555556,0,-0.939692620785908
149,0.666666666666667,0,-0.5
149,0.777777777777778,0,-3.76306983549744
149,0.888888888888889,0,0
149,1,0,0
150,0,0,0
150,0.111111111111111,0,0
150,0.222222222222222,0,0
150,0.333333333333333,0,-0.5
150,0.444444444444444,0,-0.467902342820938
150,0.555555555555556,0,-0.939692620785908
150,0.666666666666667,0,-0.5
150,0.777777777777778,0,0
150,0.888888888888889,0,0
150,1,0,0
151,0,0,0
151,0.111111111111111,0,0
151,0.222222222222222,0,0
151,0.333333333333333,0,-0.5
151,0.444444444444444,0.832439143999187,-0.939692620785908
151,0.555555555555556,0.98596169977186,-0.939692620785908
151,0.666666666666667,0,-0.5
151,0.777777777777778,0,0
151,0.888888888888889,0,0
151,1,0,0
152,0,1.05031076610182,-2.29380184737488
152,0.111111111111111,0,-0.888662613417993
152,0.222222222222222,0,0
152,0.333333333333333,0,-0.5
152,0.444444444444444,0,-0.939692620785908
152,0.555555555555556,0.44086439770416,-0.720678061540911
152,0.666666666666667,0,-0.5
152,0.777777777777778,0,0
152,0.888888888888889,0,0
152,1,0,-0.295585146589496
153,0,0,0
153,0.111111111111111,0,0
153,0.222222222222222,0,0
153,0.333333333333333,0,-0.5
153,0.444444444444444,0,-0.939692620785908
153,0.555555555555556,0,-0.939692620785908
153,0.666666666666667,0,-0.5
153,0.777777777777778,0,0
153,0.888888888888889,0,0
153,1,0,0
154,0,0,0
154,0.111111111111111,0,0
154,0.222222222222222,0,0
154,0.333333333333333,0,-0.5
154,0.444444444444444,0,-0.939692620785908
154,0.555555555555556,0.553604036132385,-0.939692620785908
154,0.666666666666667,0,-0.5
154,0.777777777777778,0,0
154,0.888888888888889,0,0
154,1,-0.440517393625904,0
155,0,0,0
155,0.111111111111111,0,0
155,0.222222222222222,0,0
155,0.333333333333333,0,-0.339146424285276
155,0.444444444444444,0,0.166795892677398
155,0.555555555555556,0,-0.348809986526711
155,0.666666666666667,0,-0.0849092880020648
155,0.777777777777778,0,0
155,0.888888888888889,0,0
155,1,0,0
156,0,-0.368479700465351,0
156,0.111111111111111,0,0
156,0.222222222222222,0,0
156,0.333333333333333,0,-0.5
156,0.444444444444444,0,-0.567045938954369
156,0.555555555555556,0,-0.939692620785908
156,0.666666666666667,0,-0.5
156,0.777777777777778,0,0
156,0.888888888888889,0,0
156,1,0,0
157,0,0,0
157,0.111111111111111,0,0
157,0.222222222222222,0,0
157,0.333333333333333,0,-0.5
157,0.444444444444444,0,-0.939692620785908
157,0.555555555555556,0,-0.470908861513938
157,0.666666666666667,0,-0.5
157,0.777777777777778,0,0
157,0.888888888888889,0,0
157,1,0,0
158,0,0,0
158,0.111111111111111,0,0
158,0.222222222222222,0,0
158,0.333333333333333,0,-0.5
158,0.444444444444444,0,-0.131562076593044
158,0.555555555555556,0,-0.406383305872554
158,0.666666666666667,0,0.637473592084883
158,0.777777777777778,0,0
158,0.888888888888889,0,0
158,1,0,0.831848171786916
159,0,0,0
159,0.111111111111111,0,0
159,0.222222222222222,0,0
159,0.333333333333333,0,-0.5
159,0.444444444444444,0,0.856155424917373
159,0.555555555555556,0.864755819381868,-0.939692620785908
159,0.666666666666667,0,0.187554590652572
159,0.777777777777778,0,0.691765758051581
159,0.888888888888889,0,0
159,1,0.311964330547712,0
160,0,0,0
160,0.111111111111111,0,0
160,0.222222222222222,0,0
160,0.333333333333333,0,-0.5
160,0.444444444444444,0.444320249056542,-0.939692620785908
160,0.555555555555556,0,0.721266715830087
160,0.666666666666667,0,-0.5
160,0.777777777777778,0,0
160,0.888888888888889,0,0
160,1,0,0
161,0,0,0
161,0.111111111111111,0,0
161,0.222222222222222,0,0
161,0.333333333333333,0,-0.5
161,0.444444444444444,0,-0.939692620785908
161,0.555555555555556,0,-0.939692620785908
161,0.666666666666667,0,-0.5
161,0.777777777777778,0,0
161,0.888888888888889,0,0
161,1,0,0
162,0,0,0.593725562354241
162,0.111111111111111,0,0.249827782468384
162,0.222222222222222,0,0
162,0.333333333333333,0,0.0298782727463998
162,0.444444444444444,0,0.524051739377173
162,0.555555555555556,0,1.15614789985145
162,0.666666666666667,0,-0.5
162,0.777777777777778,0,0
162,0.888888888888889,0,0
162,1,0,0
163,0,-0.551208023568041,0
163,0.111111111111111,0,0
163,0.222222222222222,0,0
163,0.333333333333333,0,-0.5
163,0.444444444444444,0,-0.939692620785908
163,0.555555555555556,0,-0.157197516518842
163,0.666666666666667,0,-0.0704358935002892
163,0.777777777777778,0,0
163,0.888888888888889,0.74781153901799,0
163,1,0,0
164,0,0,-0.350237245919213
164,0.111111111111111,0,0
164,0.222222222222222,0,0
164,0.333333333333333,0,-0.5
164,0.444444444444444,0,0.0575220049030557
164,0.555555555555556,0,-0.448513999219833
164,0.666666666666667,0,-0.5
164,0.777777777777778,0,0
164,0.888888888888889,0,0
164,1,0,0
165,0,0.892103979898409,0
165,0.111111111111111,0,0
165,0.222222222222222,0,0
165,0.333333333333333,0,-0.5
165,0.444444444444444,0,-0.939692620785908
165,0.555555555555556,0,-0.939692620785908
165,0.666666666666667,0,-0.5
165,0.777777777777778,0,0
165,0.888888888888889,0,0
165,1,0,0
166,0,0,0
166,0.111111111111111,0,0
166,0.222222222222222,0,0
166,0.333333333333333,0,-0.5
166,0.444444444444444,0.73291431259673,-0.939692620785908
166,0.555555555555556,0,-0.939692620785908
166,0.666666666666667,0,-0.5
166,0.777777777777778,0,0
166,0.888888888888889,0,0
166,1,0,0
167,0,0.294617733953369,0
167,0.111111111111111,0,0
167,0.222222222222222,0,0
167,0.333333333333333,0,-0.5
167,0.444444444444444,0,-0.939692620785908
167,0.555555555555556,0,-0.648953927156085
167,0.666666666666667,0,-0.5
167,0.777777777777778,0,0
167,0.888888888888889,0,-0.830608837576854
167,1,0,-0.578175389437212
168,0,0,0
168,0.111111111111111,0,0
168,0.222222222222222,-0.813873512253852,0
168,0.333333333333333,0,-0.5
168,0.444444444444444,0,-0.52244615202597
168,0.555555555555556,0,-0.0879720491290635
168,0.666666666666667,0,0.293792770872563
168,0.777777777777778,0,0
168,0.888888888888889,0,0
168,1,-0.614982642266132,0
169,0,0,0
169,0.111111111111111,0,0
169,0.222222222222222,0,0
169,0.333333333333333,0,-0.5
169,0.444444444444444,0,-0.939692620785908
169,0.555555555555556,0.662714101431614,-0.939692620785908
169,0.666666666666667,0,-0.5
169,0.777777777777778,0,0
169,0.888888888888889,0,0
169,1,0,0
170,0,-0.665042121610854,0
170,0.111111111111111,0,0
170,0.222222222222222,-0.391696594738912,0
170,0.333333333333333,0,-0.5
170,0.444444444444444,0,-0.939692620785908
170,0.555555555555556,0,-0.2530219134035
170,0.666666666666667,0,-0.5
170,0.777777777777778,0,0
170,0.888888888888889,0,0
170,1,0,0
171,0,0,-0.152722918054086
171,0.111111111111111,0,0
171,0.222222222222222,0,0
171,0.333333333333333,0,-0.5
171,0.444444444444444,0,0.855619026321583
171,0.555555555555556,0,-0.159158872916522
171,0.666666666666667,0,0.0014572705301843
171,0.777777777777778,0,0
171,0.888888888888889,0,0
171,1,0,0
172,0,0,0
172,0.111111111111111,0,0
172,0.222222222222222,0,0
172,0.333333333333333,0,-0.5
172,0.444444444444444,0,-0.939692620785908
172,0.555555555555556,0,-0.939692620785908
172,0.666666666666667,0,-0.5
172,0.777777777777778,0,0
172,0.888888888888889,0,0
172,1,0,0
173,0,0,0
173,0.111111111111111,0,0
173,0.222222222222222,0,0
173,0.333333333333333,0,-0.5
173,0.444444444444444,0,-0.939692620785908
173,0.555555555555556,0,-0.939692620785908
173,0.666666666666667,0,-0.5
173,0.777777777777778,0,0
173,0.888888888888889,0,0
173,1,0,0
174,0,0.0248537930798965,0
174,0.111111111111111,0,0
174,0.222222222222222,0,0
174,0.333333333333333,0,-0.26871855943366
174,0.444444444444444,0,-0.181915144830854
174,0.555555555555556,-1.32787902290947,1.02665704161672
174,0.666666666666667,0,-0.234475060412128
174,0.777777777777778,0,0
174,0.888888888888889,0,0
174,1,-0.252329702822297,0
175,0,-0.447199743365916,0
175,0.111111111111111,0,0
175,0.222222222222222,0,0
175,0.333333333333333,0,-0.5
175,0.444444444444444,0,0.326551020329273
175,0.555555555555556,0,0.206372795256022
175,0.666666666666667,0,-0.5
175,0.777777777777778,0,0
175,0.888888888888889,0,0
175,1,0,0
176,0,0,0
176,0.111111111111111,0,0
176,0.222222222222222,0,0
176,0.333333333333333,0,-0.5
176,0.444444444444444,0,-0.939692620785908
176,0.555555555555556,0,-0.293475087845251
176,0.666666666666667,0,-0.5
176,0.777777777777778,0,0
176,0.888888888888889,0,0
176,1,0,0
177,0,0,0
177,0.111111111111111,0,0
177,0.222222222222222,0,0
177,0.333333333333333,0,-0.5
177,0.444444444444444,0,-0.180890377230496
177,0.555555555555556,0,0.0567966622298363
177,0.666666666666667,0,-0.5
177,0.777777777777778,0,0
177,0.888888888888889,0,0
177,1,0,0
178,0,0,0
178,0.111111111111111,0,0
178,0.222222222222222,0,0
178,0.333333333333333,0,-0.5
178,0.444444444444444,0,-0.939692620785908
178,0.555555555555556,0,-0.939692620785908
178,0.666666666666667,0,-0.5
178,0.777777777777778,0,0
178,0.888888888888889,0,0
178,1,0,0
179,0,0,0
179,0.111111111111111,0,0
179,0.222222222222222,0,0
179,0.333333333333333,0,-0.5
179,0.444444444444444,0,-0.939692620785908
179,0.555555555555556,0,-0.939692620785908
179,0.666666666666667,0,-0.5
179,0.777777777777778,0,0
179,0.888888888888889,0,0
179,1,0,0
180,0,0,0
180,0.111111111111111,0,0
180,0.222222222222222,0,1.52828263955574
180,0.333333333333333,0,-0.5
180,0.444444444444444,0,-0.939692620785908
180,0.555555555555556,0.310714532555667,-0.939692620785908
180,0.666666666666667,0,-0.5
180,0.777777777777778,-0.298441208374363,0
180,0.888888888888889,0,0
180,1,0,-0.30618254184859
181,0,0,0
181,0.111111111111111,0,0
181,0.222222222222222,0,0
181,0.333333333333333,0,-0.5
181,0.444444444444444,0,-0.939692620785908
181,0.555555555555556,0,-0.939692620785908
181,0.666666666666667,0,-0.5
181,0.777777777777778,0,0
181,0.888888888888889,0,0
181,1,0,0
182,0,0,0
182,0.111111111111111,0,0
182,0.222222222222222,0,0
182,0.333333333333333,0,-0.5
182,0.444444444444444,0.193482927709512,-0.0952788413694033
182,0.555555555555556,0,-0.939692620785908
182,0.666666666666667,0,-0.5
182,0.777777777777778,0,0
182,0.888888888888889,0,0
182,1,0,-0.303478865297181
183,0,0,0
183,0.111111111111111,0,0
183,0.222222222222222,0,0
183,0.333333333333333,0.163095526852635,-0.260547625918765
183,0.444444444444444,0.0883405519859453,-0.602922066346532
183,0.555555555555556,0,0.654508095035607
183,0.666666666666667,0,-0.5
183,0.777777777777778,0,0
183,0.888888888888889,0,0
183,1,0,0
184,0,0,0
184,0.111111111111111,0.363169080530561,0
184,0.222222222222222,0,0
184,0.333333333333333,0,-0.5
184,0.444444444444444,0.456901850711234,-0.458268927072578
184,0.555555555555556,0,0.733683072848288
184,0.666666666666667,0,-0.5
184,0.777777777777778,0,0
184,0.888888888888889,0,0.807235055386205
184,1,0,0.0422961215522016
185,0,0,0
185,0.111111111111111,-0.479886214071358,0
185,0.222222222222222,0,0
185,0.333333333333333,0,-0.5
185,0.444444444444444,0,-0.939692620785908
185,0.555555555555556,0,-0.939692620785908
185,0.666666666666667,0,-0.5
185,0.777777777777778,0,0
185,0.888888888888889,0,-0.984181283064664
185,1,0,-0.442744247852918
186,0,0,0
186,0.111111111111111,0,0
186,0.222222222222222,0,0
186,0.333333333333333,0,-0.5
186,0.444444444444444,0,-0.939692620785908
186,0.555555555555556,0,0.362265339769107
186,0.666666666666667,0,-0.5
186,0.777777777777778,0,0
186,0.888888888888889,0,0
186,1,0,0
187,0,0,0.328570617620591
187,0.111111111111111,0,0
187,0.222222222222222,-0.562211634097413,0
187,0.333333333333333,-0.977252298415699,1.56922372503761
187,0.444444444444444,0,-0.312763676192037
187,0.555555555555556,0,0.191653261826152
187,0.666666666666667,-0.361668945633201,0.259856752444716
187,0.777777777777778,0,0
187,0.888888888888889,0,0
187,1,0,0.95530417998105
188,0,0,0
188,0.111111111111111,0,0
188,0.222222222222222,0,0.602045132938909
188,0.333333333333333,0,-0.5
188,0.444444444444444,0,-0.122699885584591
188,0.555555555555556,0,-0.939692620785908
188,0.666666666666667,0,-0.5
188,0.777777777777778,0,0
188,0.888888888888889,-0.512722548444756,0
188,1,-0.424977272026137,0
189,0,0,0
189,0.111111111111111,0,0
189,0.222222222222222,0,-0.352836680040534
189,0.333333333333333,0,-0.5
189,0.444444444444444,0.167445780356935,0.0935419161186001
189,0.555555555555556,0.526634232419452,-0.939692620785908
189,0.666666666666667,0.292420821323519,-0.5
189,0.777777777777778,0,0
189,0.888888888888889,0,0
189,1,0,-0.429256697974055
190,0,1.02143729298601,-1.31361507135769
190,0.111111111111111,0,-1.32179623279497
190,0.222222222222222,0,-0.615553377529081
190,0.333333333333333,-0.191562107939789,-0.5
190,0.444444444444444,0,-0.130125142252648
190,0.555555555555556,0,-0.335038217800504
190,0.666666666666667,-0.239737176072544,-0.5
190,0.777777777777778,0,-0.424838360674924
190,0.888888888888889,0,-1.51701305345175
190,1,0,-0.277706953069586
191,0,-0.820531907019063,0.433872410371185
191,0.111111111111111,0,0.437188572983638
191,0.222222222222222,-0.989396238374589,1.61991608078614
191,0.333333333333333,-0.279344840019033,0.13663768562499
191,0.444444444444444,0,0.26084227892097
191,0.555555555555556,-0.705457484400249,0.581806684427086
191,0.666666666666667,0,-0.5
191,0.777777777777778,0,0
191,0.888888888888889,-1.97361253203623,2.04058017161444
191,1,0,0.579012906521549
192,0,0,0
192,0.111111111111111,0,0
192,0.222222222222222,0,0
192,0.333333333333333,0,-0.5
192,0.444444444444444,0,-0.939692620785908
192,0.555555555555556,0,-0.346959330688826
192,0.666666666666667,0,-0.5
192,0.777777777777778,0,0
192,0.888888888888889,0,0
192,1,0,0
193,0,0,0
193,0.111111111111111,0.642720728319435,0
193,0.222222222222222,0,0
193,0.333333333333333,0,-0.5
193,0.444444444444444,0.254270234189782,-0.939692620785908
193,0.555555555555556,0.390567551141056,-0.939692620785908
193,0.666666666666667,0,-0.5
193,0.777777777777778,0,0
193,0.888888888888889,0,0
193,1,0,0
194,0,0,0
194,0.111111111111111,0,-0.460316639655592
194,0.222222222222222,0,0
194,0.333333333333333,0,-0.5
194,0.444444444444444,0,-0.939692620785908
194,0.555555555555556,0.363573907239926,-0.939692620785908
194,0.666666666666667,0,-0.5
194,0.777777777777778,0,0
194,0.888888888888889,0,0
194,1,0,0.264888317563876
195,0,-0.37175479310024,0
195,0.111111111111111,0,0
195,0.222222222222222,0,0
195,0.333333333333333,0,-0.0160375634666509
195,0.444444444444444,0,-0.939692620785908
195,0.555555555555556,0,-0.939692620785908
195,0.666666666666667,0,-0.5
195,0.777777777777778,0,0
195,0.888888888888889,0,0
195,1,0,0
196,0,0,0
196,0.111111111111111,0,0
196,0.222222222222222,0,0
196,0.333333333333333,0,-0.5
196,0.444444444444444,0,-0.939692620785908
196,0.555555555555556,0,-0.939692620785908
196,0.666666666666667,0,-0.5
196,0.777777777777778,0,0
196,0.888888888888889,0,0
196,1,0,0
197,0,0,0
197,0.111111111111111,0,0
197,0.222222222222222,0,0
197,0.333333333333333,0,-0.5
197,0.444444444444444,0,-0.280154725831349
197,0.555555555555556,0,-0.112190488177972
197,0.666666666666667,0,-0.5
197,0.777777777777778,0,0
197,0.888888888888889,0,0
197,1,0,0
198,0,0,0
198,0.111111111111111,0,0
198,0.222222222222222,0,0
198,0.333333333333333,0,-0.5
198,0.444444444444444,0,-0.939692620785908
198,0.555555555555556,0,-0.939692620785908
198,0.666666666666667,0,-0.5
198,0.777777777777778,0,0
198,0.888888888888889,0,0
198,1,0,0
199,0,-0.136319324337879,0
199,0.111111111111111,-0.437401133543282,0
199,0.222222222222222,0,0
199,0.333333333333333,0,-0.5
199,0.444444444444444,0,0.952045524004364
199,0.555555555555556,0,0.241709257185312
199,0.666666666666667,0,-0.5
199,0.777777777777778,0,0
199,0.888888888888889,0,0
199,1,0,0
200,0,0,0
200,0.111111111111111,0,0
200,0.222222222222222,0,0
200,0.333333333333333,0,-0.5
200,0.444444444444444,0,-0.19544928430555
200,0.555555555555556,0,0.0767981697646303
200,0.666666666666667,0,-0.5
200,0.777777777777778,0,0
200,0.888888888888889,0,0
200,1,0,0
201,0,0,0
201,0.111111111111111,0,0
201,0.222222222222222,0,0
201,0.333333333333333,0,-0.5
201,0.444444444444444,0,-0.00328706980988269
201,0.555555555555556,0,0.291932183602865
201,0.666666666666667,0,0.451842432889103
201,0.777777777777778,0,0
201,0.888888888888889,0,0
201,1,0,0
202,0,0.349156971339035,0
202,0.111111111111111,0,0
202,0.222222222222222,0,0
202,0.333333333333333,0,-0.0304970386381488
202,0.444444444444444,0.422010962592775,-0.344728466620028
202,0.555555555555556,0,-0.939692620785908
202,0.666666666666667,0.453967339127153,-0.5
202,0.777777777777778,0,0
202,0.888888888888889,0,0
202,1,0,-0.149342987663989
203,0,0,0
203,0.111111111111111,0,0
203,0.222222222222222,0,0
203,0.333333333333333,0,-0.5
203,0.444444444444444,0,-0.939692620785908
203,0.555555555555556,0,0.0622823321457149
203,0.666666666666667,0.69654792498771,-0.5
203,0.777777777777778,0,0
203,0.888888888888889,0,0
203,1,0,0
204,0,0,0
204,0.111111111111111,0,0
204,0.222222222222222,0,0
204,0.333333333333333,0,-0.5
204,0.444444444444444,0,0.194847988123084
204,0.555555555555556,0,-0.939692620785908
204,0.666666666666667,0,-0.5
204,0.777777777777778,0,0
204,0.888888888888889,0,0
204,1,0,-1.33085050275331
205,0,0,0
205,0.111111111111111,0,0
205,0.222222222222222,0,0
205,0.333333333333333,0,-0.5
205,0.444444444444444,0,-0.0806087421424578
205,0.555555555555556,0,0.402370398465625
205,0.666666666666667,0,-0.5
205,0.777777777777778,0,0
205,0.888888888888889,0,0
205,1,0,0
206,0,0,0
206,0.111111111111111,0,0
206,0.222222222222222,0,0
206,0.333333333333333,0,-0.5
206,0.444444444444444,0,0.624269254607369
206,0.555555555555556,0,-0.939692620785908
206,0.666666666666667,0,-0.171966417158976
206,0.777777777777778,0,0
206,0.888888888888889,0,0
206,1,-0.162063544078467,0
207,0,0,0
207,0.111111111111111,0,0
207,0.222222222222222,0,0
207,0.333333333333333,0,-0.5
207,0.444444444444444,0,0.381380550907656
207,0.555555555555556,0,0.0230800292318115
207,0.666666666666667,0,-0.5
207,0.777777777777778,0,0
207,0.888888888888889,0,0
207,1,0,0
208,0,0,0
208,0.111111111111111,0,0
208,0.222222222222222,0,0
208,0.333333333333333,0,-0.5
208,0.444444444444444,0,0.36354143892698
208,0.555555555555556,0,-0.532140888736543
208,0.666666666666667,0,-0.5
208,0.777777777777778,0,0
208,0.888888888888889,-0.308225743378829,0
208,1,-0.29082207068529,0
209,0,0,0
209,0.111111111111111,-0.295933646208084,0
209,0.222222222222222,0,0
209,0.333333333333333,0,-0.5
209,0.444444444444444,0,-0.074711984527176
209,0.555555555555556,-0.502328539226435,1.42515928069706
209,0.666666666666667,0,-0.5
209,0.777777777777778,0,0
209,0.888888888888889,0,0
209,1,0,0
210,0,-0.96998827027797,-0.288151841567554
210,0.111111111111111,0,-1.09092169429298
210,0.222222222222222,0,-0.238304736487633
210,0.333333333333333,0,-0.5
210,0.444444444444444,0,-0.0580824843393974
210,0.555555555555556,0,-0.399951050740414
210,0.666666666666667,0,-0.5
210,0.777777777777778,0.581588221864741,-0.686857430478919
210,0.888888888888889,1.1523951470634,-1.33327195886678
210,1,0.273617260273875,-0.523593152679585
211,0,0,0
211,0.111111111111111,0,0
211,0.222222222222222,0,0
211,0.333333333333333,0.52818576958998,-0.5
211,0.444444444444444,0.520149023348532,-0.939692620785908
211,0.555555555555556,0,-0.106911052726778
211,0.666666666666667,0.414836217690108,-0.5
211,0.777777777777778,0,0
211,0.888888888888889,0,0
211,1,0,0
212,0,0,0
212,0.111111111111111,0,0
212,0.222222222222222,0,0
212,0.333333333333333,0,-0.5
212,0.444444444444444,0,-0.191185537519259
212,0.555555555555556,0,-0.323669604420575
212,0.666666666666667,0,-0.5
212,0.777777777777778,0,0
212,0.888888888888889,0,0
212,1,0,0
213,0,0,0
213,0.111111111111111,0,0
213,0.222222222222222,0,0
213,0.333333333333333,0,-0.5
213,0.444444444444444,0,-0.939692620785908
213,0.555555555555556,0,-0.244156248306778
213,0.666666666666667,0,-0.5
213,0.777777777777778,0,0
213,0.888888888888889,0,0
213,1,0,0
214,0,0,0
214,0.111111111111111,0,0
214,0.222222222222222,0,0
214,0.333333333333333,0,-0.5
214,0.444444444444444,0.288609958450315,-0.939692620785908
214,0.555555555555556,0,0.372274937067887
214,0.666666666666667,0,-0.5
214,0.777777777777778,0,-1.18880256915338
214,0.888888888888889,0,0
214,1,0,-1.14079839549935
215,0,0,0
215,0.111111111111111,0.53677392415274,0
215,0.222222222222222,0,0
215,0.333333333333333,0,0.727473083262339
215,0.444444444444444,0.223025342215322,-0.27183768445971
215,0.555555555555556,0,0.284963552988786
215,0.666666666666667,0,-0.5
215,0.777777777777778,0,0
215,0.888888888888889,0,0
215,1,0,0
216,0,0,0
216,0.111111111111111,0,0.579720612254102
216,0.222222222222222,0,0
216,0.333333333333333,0.387118536848918,0.158580614397648
216,0.444444444444444,0,0.723519159625827
216,0.555555555555556,0,0.114720828826164
216,0.666666666666667,0,1.14376381959576
216,0.777777777777778,0,0
216,0.888888888888889,0,0.396341105831574
216,1,0,0.780215108118002
217,0,0,0
217,0.111111111111111,0,0
217,0.222222222222222,0,0
217,0.333333333333333,0,-0.5
217,0.444444444444444,0,-0.196652398374011
217,0.555555555555556,0,0.180924091917116
217,0.666666666666667,0,-0.5
217,0.777777777777778,0,0
217,0.888888888888889,0,0
217,1,0,0
218,0,0,0
218,0.111111111111111,0,0
218,0.222222222222222,0,0
218,0.333333333333333,0,-0.5
218,0.444444444444444,0,0.788283275594724
218,0.555555555555556,0,-0.939692620785908
218,0.666666666666667,0,-0.5
218,0.777777777777778,0,0
218,0.888888888888889,0,0
218,1,-0.546852466091148,0
219,0,-0.282786490296571,0
219,0.111111111111111,0,0
219,0.222222222222222,0,0
219,0.333333333333333,0,-0.5
219,0.444444444444444,0,0.153268496959729
219,0.555555555555556,0,-0.00864289475458335
219,0.666666666666667,0,-0.5
219,0.777777777777778,0,0
219,0.888888888888889,0,0
219,1,0,0
220,0,0,0
220,0.111111111111111,0,-0.472203674923337
220,0.222222222222222,0,0
220,0.333333333333333,0,-0.11605543464089
220,0.444444444444444,0,0.577257851639699
220,0.555555555555556,0,0.103554560961906
220,0.666666666666667,0.126365887391032,0.0997972755825327
220,0.777777777777778,0,0
220,0.888888888888889,0.992065520469511,-1.46135433268536
220,1,0.948527024740723,-1.11234391542008
221,0,0,0
221,0.111111111111111,0,0.560370397474307
221,0.222222222222222,0,0
221,0.333333333333333,1.39617906513337,-0.5
221,0.444444444444444,0.763721425106743,-0.939692620785908
221,0.555555555555556,0.709235324644163,-0.633534870068786
221,0.666666666666667,0,0.412339954727603
221,0.777777777777778,0.396564633907408,0
221,0.888888888888889,0,0
221,1,0,0
222,0,0,0
222,0.111111111111111,0,0
222,0.222222222222222,0,0
222,0.333333333333333,0,-0.5
222,0.444444444444444,0,0.290403204150972
222,0.555555555555556,0,-0.247400039678083
222,0.666666666666667,0,-0.5
222,0.777777777777778,0,0
222,0.888888888888889,0,0
222,1,0.499580649596154,0
223,0,0,0.513302753630253
223,0.111111111111111,0,0
223,0.222222222222222,0,0
223,0.333333333333333,0,0.362059123391567
223,0.444444444444444,0,0.232812503913602
223,0.555555555555556,0,-0.530785344241707
223,0.666666666666667,0,0.70126102347895
223,0.777777777777778,0,0
223,0.888888888888889,0,0
223,1,0,0
224,0,-0.520687368837056,0.255910682177975
224,0.111111111111111,-0.683063055952845,0.942840921864256
224,0.222222222222222,0,0
224,0.333333333333333,0,-0.00217424015506401
224,0.444444444444444,0,-0.297635211114927
224,0.555555555555556,0,0.852855729067693
224,0.666666666666667,0,-0.5
224,0.777777777777778,0,0
224,0.888888888888889,-0.44050223521473,0
224,1,0,-0.597682984186359
225,0,0,0
225,0.111111111111111,0,0
225,0.222222222222222,0,0
225,0.333333333333333,0,-0.5
225,0.444444444444444,0,-0.939692620785908
225,0.555555555555556,0.348461899464553,-0.142987167972561
225,0.666666666666667,0.636447359342276,-0.5
225,0.777777777777778,0,0
225,0.888888888888889,0,0
225,1,0,0
226,0,0,0
226,0.111111111111111,0,0
226,0.222222222222222,0,0
226,0.333333333333333,0,-0.5
226,0.444444444444444,0,-0.939692620785908
226,0.555555555555556,0,-0.939692620785908
226,0.666666666666667,0,-0.5
226,0.777777777777778,0,0
226,0.888888888888889,0,0
226,1,0,0
227,0,-0.41332239679693,0
227,0.111111111111111,0,0
227,0.222222222222222,0,0
227,0.333333333333333,0,-0.5
227,0.444444444444444,0,-0.451980393833863
227,0.555555555555556,0.304557863174155,-0.939692620785908
227,0.666666666666667,0.16922872776525,-0.5
227,0.777777777777778,0,0
227,0.888888888888889,0,0
227,1,0,0
228,0,0,0
228,0.111111111111111,-0.313398648917168,0
228,0.222222222222222,-0.748414974231732,0
228,0.333333333333333,0,-0.5
228,0.444444444444444,0,-0.35363086965772
228,0.555555555555556,0,-0.939692620785908
228,0.666666666666667,-0.197773293242971,-0.5
228,0.777777777777778,-0.301895860347807,0
228,0.888888888888889,0,0
228,1,0,0
229,0,0,-1.02367848133057
229,0.111111111111111,0,0
229,0.222222222222222,0,0
229,0.333333333333333,0,-0.5
229,0.444444444444444,0,-0.939692620785908
229,0.555555555555556,0,-0.0192536734164801
229,0.666666666666667,0,-0.5
229,0.777777777777778,0,0
229,0.888888888888889,0,0
229,1,-0.28800570285689,0
230,0,0,-0.530893833851004
230,0.111111111111111,0,0
230,0.222222222222222,-0.290839648945651,0
230,0.333333333333333,-0.329745210077005,-0.5
230,0.444444444444444,0,-0.10329843910789
230,0.555555555555556,0,0.868329034640635
230,0.666666666666667,0,-0.5
230,0.777777777777778,-0.454849644836914,0
230,0.888888888888889,-0.236059137386104,0
230,1,0,0
231,0,-0.191723831171623,0.612449903230649
231,0.111111111111111,0,0
231,0.222222222222222,-0.0804621919962426,0
231,0.333333333333333,0,-0.5
231,0.444444444444444,0,-0.247582272591043
231,0.555555555555556,-0.738537313137549,0.806393934675232
231,0.666666666666667,-0.289430949817123,0.416530371708643
231,0.777777777777778,0,0
231,0.888888888888889,0,0
231,1,0,0
232,0,0,0
232,0.111111111111111,0,0
232,0.222222222222222,0,0
232,0.333333333333333,0,-0.5
232,0.444444444444444,0,-0.278122224983651
232,0.555555555555556,0,-0.939692620785908
232,0.666666666666667,0,-0.5
232,0.777777777777778,0,0
232,0.888888888888889,0,0
232,1,0,0
233,0,0,0
233,0.111111111111111,0,0
233,0.222222222222222,0,0
233,0.333333333333333,0,-0.5
233,0.444444444444444,0,-0.120084948323823
233,0.555555555555556,0,-0.939692620785908
233,0.666666666666667,0,-0.5
233,0.777777777777778,0,0
233,0.888888888888889,0,0
233,1,0,0
234,0,-0.0971093317248508,0
234,0.111111111111111,0,0
234,0.222222222222222,0,0
234,0.333333333333333,0,-0.5
234,0.444444444444444,0,-0.939692620785908
234,0.555555555555556,0,-0.0562068697399997
234,0.666666666666667,0,-0.5
234,0.777777777777778,0,0
234,0.888888888888889,0,0
234,1,0,0
235,0,0,0
235,0.111111111111111,0,0
235,0.222222222222222,0,0
235,0.333333333333333,0,-0.5
235,0.444444444444444,0,0.358454747621128
235,0.555555555555556,0.409636459947283,-0.939692620785908
235,0.666666666666667,0.6931754530977,-0.5
235,0.777777777777778,0,0
235,0.888888888888889,0.81393031037736,0
235,1,0.247191481990741,0
236,0,0.477966720601504,-0.624919765627798
236,0.111111111111111,0.340152654075103,-0.965149872459376
236,0.222222222222222,0,-0.749636065506691
236,0.333333333333333,0.382343914170595,-0.5
236,0.444444444444444,0.38219522222205,-0.777711661100966
236,0.555555555555556,0,0.652880090088809
236,0.666666666666667,0.347188227268395,-0.5
236,0.777777777777778,0,0
236,0.888888888888889,-0.0877596363078987,0
236,1,0,-0.114484842615638
237,0,0,0
237,0.111111111111111,0,0.486731210028494
237,0.222222222222222,0,0
237,0.333333333333333,0,-0.5
237,0.444444444444444,0,-0.48922398620603
237,0.555555555555556,0,0.504067385860579
237,0.666666666666667,0,-0.5
237,0.777777777777778,0,0
237,0.888888888888889,0,0
237,1,0,0
238,0,0,0
238,0.111111111111111,0,0
238,0.222222222222222,0,0
238,0.333333333333333,0,-0.5
238,0.444444444444444,0,-0.939692620785908
238,0.555555555555556,0,-0.015504541309281
238,0.666666666666667,0,-0.5
238,0.777777777777778,0,0
238,0.888888888888889,0,0
238,1,0,0
239,0,0,0
239,0.111111111111111,0,0
239,0.222222222222222,0,0
239,0.333333333333333,0,-0.5
239,0.444444444444444,0,-0.101515141062225
239,0.555555555555556,0,-0.939692620785908
239,0.666666666666667,0,-0.5
239,0.777777777777778,0,0
239,0.888888888888889,0,0
239,1,0,0
240,0,0,0.61554563146992
240,0.111111111111111,0,0
240,0.222222222222222,0,0
240,0.333333333333333,0,0.136236581534773
240,0.444444444444444,0,0.302744950997055
240,0.555555555555556,0,-0.218433282722306
240,0.666666666666667,0,-0.5
240,0.777777777777778,0,0
240,0.888888888888889,0,0
240,1,0.205552738656563,0
241,0,0,0
241,0.111111111111111,0,0
241,0.222222222222222,0,0
241,0.333333333333333,0,-0.5
241,0.444444444444444,0,-0.443580850265925
241,0.555555555555556,0,-0.939692620785908
241,0.666666666666667,0,-0.5
241,0.777777777777778,0,0
241,0.888888888888889,0,0
241,1,0,0
242,0,0,0
242,0.111111111111111,0,0
242,0.222222222222222,0,0
242,0.333333333333333,0,-0.5
242,0.444444444444444,0,-0.300542345930708
242,0.555555555555556,0,0.618826641980791
242,0.666666666666667,0,-0.246730194630514
242,0.777777777777778,0,0
242,0.888888888888889,0,0
242,1,0,0
243,0,0.104510852099404,0
243,0.111111111111111,0,0
243,0.222222222222222,0,0
243,0.333333333333333,0,0.457532181527006
243,0.444444444444444,-0.592449880629072,0.0814485419690497
243,0.555555555555556,0,-0.343899068673813
243,0.666666666666667,-0.932814847945555,0.256926944462997
243,0.777777777777778,0,0
243,0.888888888888889,0,0
243,1,0,0
244,0,0,0
244,0.111111111111111,0,0
244,0.222222222222222,0,0
244,0.333333333333333,0,-0.5
244,0.444444444444444,0,0.397569811829493
244,0.555555555555556,0,1.18790250002503
244,0.666666666666667,0,-0.5
244,0.777777777777778,0,0
244,0.888888888888889,-0.190322066952678,0
244,1,0,0
245,0,0,0
245,0.111111111111111,0,0
245,0.222222222222222,0,0
245,0.333333333333333,0,0.250029003897779
245,0.444444444444444,0,-0.939692620785908
245,0.555555555555556,0,-0.939692620785908
245,0.666666666666667,0,-0.5
245,0.777777777777778,0,0
245,0.888888888888889,0,0
245,1,0,0
246,0,0,0
246,0.111111111111111,0,-0.468589379807875
246,0.222222222222222,0,0
246,0.333333333333333,0,-0.5
246,0.444444444444444,0.284018687696812,-0.939692620785908
246,0.555555555555556,0,-0.0566850825994886
246,0.666666666666667,0.10932963509985,0.294653881386238
246,0.777777777777778,0,0
246,0.888888888888889,0,0
246,1,0,0
247,0,0,0
247,0.111111111111111,0,0
247,0.222222222222222,0.369085799972578,0
247,0.333333333333333,0,-0.5
247,0.444444444444444,0,-0.423894899497046
247,0.555555555555556,0,-0.439990529351515
247,0.666666666666667,0,-0.5
247,0.777777777777778,0,0
247,0.888888888888889,0,0
247,1,0,0
248,0,0,0
248,0.111111111111111,0,0
248,0.222222222222222,0.176800789924316,0
248,0.333333333333333,0,-0.5
248,0.444444444444444,0,0.40388333835001
248,0.555555555555556,0,-0.163381444741568
248,0.666666666666667,0,-0.5
248,0.777777777777778,0,0
248,0.888888888888889,0,-0.368216901467039
248,1,0,0
249,0,0,0
249,0.111111111111111,0,0
249,0.222222222222222,0,0
249,0.333333333333333,0,-0.5
249,0.444444444444444,0.64346007660054,-0.939692620785908
249,0.555555555555556,0,-0.939692620785908
249,0.666666666666667,0,-0.5
249,0.777777777777778,0,0
249,0.888888888888889,0,0
249,1,0,-0.352410081076825
250,0,0,0
250,0.111111111111111,0,0
250,0.222222222222222,0.316505533213846,0
250,0.333333333333333,0.316884663141339,-0.5
250,0.444444444444444,0,-0.939692620785908
250,0.555555555555556,0,-0.223806115651461
250,0.666666666666667,0,-0.5
250,0.777777777777778,0,0
250,0.888888888888889,0,0
250,1,0,0
251,0,0,0
251,0.111111111111111,0,0
251,0.222222222222222,0,0
251,0.333333333333333,0,-0.5
251,0.444444444444444,0,0.56913049738052
251,0.555555555555556,0,0.280687130725074
251,0.666666666666667,0,-0.5
251,0.777777777777778,0,0
251,0.888888888888889,0,0
251,1,0,0
252,0,0,0
252,0.111111111111111,0,0
252,0.222222222222222,0,0
252,0.333333333333333,0,-0.5
252,0.444444444444444,0,-0.939692620785908
252,0.555555555555556,0,0.19976291187775
252,0.666666666666667,0,-0.116265570983815
252,0.777777777777778,0,0
252,0.888888888888889,0,0
252,1,0,0
253,0,0,0
253,0.111111111111111,0,0
253,0.222222222222222,0,0
253,0.333333333333333,0.873200351246392,-0.5
253,0.444444444444444,0.0483785746372344,-0.0143241273968528
253,0.555555555555556,0,-0.939692620785908
253,0.666666666666667,0,0.36783577249886
253,0.777777777777778,0,0
253,0.888888888888889,0.324595606069318,0
253,1,0,0
254,0,0,0
254,0.111111111111111,0,0
254,0.222222222222222,0,0
254,0.333333333333333,0,-0.5
254,0.444444444444444,0,-0.939692620785908
254,0.555555555555556,0,-0.939692620785908
254,0.666666666666667,0,-0.5
254,0.777777777777778,0,0
254,0.888888888888889,0,0
254,1,0,0
255,0,0,0
255,0.111111111111111,0,0
255,0.222222222222222,0,0
255,0.333333333333333,0,-0.0958669984398688
255,0.444444444444444,0,-0.687149257644726
255,0.555555555555556,0,-0.939692620785908
255,0.666666666666667,0.32533142630605,-0.5
255,0.777777777777778,0,0
255,0.888888888888889,0,0
255,1,0,0
256,0,0,0
256,0.111111111111111,0,0
256,0.222222222222222,0,0
256,0.333333333333333,0,-0.5
256,0.444444444444444,0,-0.374696883675577
256,0.555555555555556,0,0.215158849296871
256,0.666666666666667,0,-0.5
256,0.777777777777778,0,0
256,0.888888888888889,0,0
256,1,0,0
257,0,0,0
257,0.111111111111111,0,0
257,0.222222222222222,0,0
257,0.333333333333333,0,-0.5
257,0.444444444444444,0,-0.939692620785908
257,0.555555555555556,0.403238499571144,-0.939692620785908
257,0.666666666666667,0,-0.5
257,0.777777777777778,0,0
257,0.888888888888889,0,0
257,1,0,0
258,0,0,0
258,0.111111111111111,0,0
258,0.222222222222222,0,0
258,0.333333333333333,0,-0.5
258,0.444444444444444,0,0.728475217412847
258,0.555555555555556,0,-0.326438958430301
258,0.666666666666667,0,-0.5
258,0.777777777777778,0.453431173292827,0
258,0.888888888888889,0,0
258,1,0,0
259,0,0,0
259,0.111111111111111,0,0
259,0.222222222222222,0,0
259,0.333333333333333,0,-0.5
259,0.444444444444444,0,0.0353813062453235
259,0.555555555555556,0,-0.268359677764506
259,0.666666666666667,0,-0.5
259,0.777777777777778,0,0
259,0.888888888888889,0,0
259,1,0.441611693481253,0
260,0,0,0
260,0.111111111111111,0,0
260,0.222222222222222,0,0
260,0.333333333333333,0.517668945950448,-0.5
260,0.444444444444444,0,-0.939692620785908
260,0.555555555555556,0,-0.939692620785908
260,0.666666666666667,0,-0.5
260,0.777777777777778,0,0
260,0.888888888888889,0,0
260,1,0,0
261,0,0,0
261,0.111111111111111,0,0
261,0.222222222222222,0,0
261,0.333333333333333,0,-0.5
261,0.444444444444444,0,-0.939692620785908
261,0.555555555555556,0,-0.939692620785908
261,0.666666666666667,0,-0.5
261,0.777777777777778,0,0
261,0.888888888888889,0,0
261,1,0,0
262,0,0,0
262,0.111111111111111,0,0
262,0.222222222222222,0.238957358592884,0
262,0.333333333333333,0,-0.5
262,0.444444444444444,0.491187311763665,-0.642312856131748
262,0.555555555555556,0,-0.939692620785908
262,0.666666666666667,0,-0.5
262,0.777777777777778,0,0
262,0.888888888888889,0,0
262,1,0,0
263,0,0,0
263,0.111111111111111,0,0
263,0.222222222222222,0,0
263,0.333333333333333,0,-0.0129535418730325
263,0.444444444444444,0,-0.290391135428551
263,0.555555555555556,0,0.512856953843551
263,0.666666666666667,0,-0.5
263,0.777777777777778,0,0
263,0.888888888888889,0,0
263,1,0,0
264,0,0,0
264,0.111111111111111,0,0
264,0.222222222222222,0,0
264,0.333333333333333,0,-0.5
264,0.444444444444444,0,-0.382885872272504
264,0.555555555555556,0,-0.939692620785908
264,0.666666666666667,0,-0.5
264,0.777777777777778,0,0
264,0.888888888888889,0,0
264,1,0,0
265,0,0,0
265,0.111111111111111,0,0
265,0.222222222222222,0,0
265,0.333333333333333,0,-0.5
265,0.444444444444444,0,-0.120118135480237
265,0.555555555555556,0,-0.939692620785908
265,0.666666666666667,0,-0.5
265,0.777777777777778,0,0
265,0.888888888888889,0,0
265,1,0,0
266,0,0,0
266,0.111111111111111,0,0
266,0.222222222222222,0,0
266,0.333333333333333,0,-0.5
266,0.444444444444444,0,0.617425880922636
266,0.555555555555556,0,-0.42878790568845
266,0.666666666666667,0,-0.5
266,0.777777777777778,0,0
266,0.888888888888889,0,0
266,1,0,0
267,0,0,0
267,0.111111111111111,0,0
267,0.222222222222222,0,0
267,0.333333333333333,0,0.426187559224255
267,0.444444444444444,0,0.881871283723156
267,0.555555555555556,0,0.945472975391806
267,0.666666666666667,0,-0.5
267,0.777777777777778,0,0
267,0.888888888888889,0,0
267,1,0.14672241018744,0
268,0,0,0
268,0.111111111111111,0,0
268,0.222222222222222,0,0
268,0.333333333333333,0,-0.5
268,0.444444444444444,0,-0.0969003225974832
268,0.555555555555556,0,-0.0301014502562155
268,0.666666666666667,0,-0.5
268,0.777777777777778,0,0
268,0.888888888888889,0,0
268,1,0,0
269,0,0,0
269,0.111111111111111,0,0
269,0.222222222222222,0,0
269,0.333333333333333,0,-0.5
269,0.444444444444444,0,-0.939692620785908
269,0.555555555555556,0,-0.939692620785908
269,0.666666666666667,0,-0.5
269,0.777777777777778,0,0
269,0.888888888888889,0,0
269,1,0,0
270,0,0,-0.357209278001587
270,0.111111111111111,0,-0.378039469013323
270,0.222222222222222,0,0
270,0.333333333333333,0,-0.5
270,0.444444444444444,0,-0.939692620785908
270,0.555555555555556,0.226352515560033,-0.287133010573842
270,0.666666666666667,0,-0.5
270,0.777777777777778,0,0
270,0.888888888888889,-0.317014687151765,0
270,1,0,0
271,0,0,0
271,0.111111111111111,0,0.662615194423756
271,0.222222222222222,0,0
271,0.333333333333333,0.682326572097872,-0.5
271,0.444444444444444,0,-0.939692620785908
271,0.555555555555556,0,-0.145337675927717
271,0.666666666666667,0,-0.024641075238404
271,0.777777777777778,0,0
271,0.888888888888889,0,0
271,1,0,0
272,0,0.115065569308813,0
272,0.111111111111111,0,0
272,0.222222222222222,0,0
272,0.333333333333333,0,0.486311698470816
272,0.444444444444444,0,0.515763363458795
272,0.555555555555556,0.417504605844511,-0.344622172586959
272,0.666666666666667,0,-0.5
272,0.777777777777778,0,0
272,0.888888888888889,0,0
272,1,0,0
273,0,0,0
273,0.111111111111111,0,0
273,0.222222222222222,0,0
273,0.333333333333333,0,-0.5
273,0.444444444444444,0,-0.939692620785908
273,0.555555555555556,0,-0.939692620785908
273,0.666666666666667,0,-0.5
273,0.777777777777778,0,0
273,0.888888888888889,0,0
273,1,0,0
274,0,0,-0.511693184476128
274,0.111111111111111,0,0
274,0.222222222222222,0,0
274,0.333333333333333,0,-0.5
274,0.444444444444444,0,0.496158503751824
274,0.555555555555556,0,-0.0817186430255105
274,0.666666666666667,0,-0.5
274,0.777777777777778,0,0
274,0.888888888888889,0,0
274,1,0,0
275,0,0,0
275,0.111111111111111,0,0
275,0.222222222222222,0,0
275,0.333333333333333,0,-0.5
275,0.444444444444444,0,-0.326621850597983
275,0.555555555555556,0,0.0069098280537474
275,0.666666666666667,0,-0.5
275,0.777777777777778,0,0
275,0.888888888888889,0,0
275,1,0,0
276,0,0.159735511837302,0
276,0.111111111111111,0.505486032325986,0
276,0.222222222222222,0,0.747385180002424
276,0.333333333333333,0.142616499943498,-0.5
276,0.444444444444444,0,0.347867686086721
276,0.555555555555556,0,0.245839799176539
276,0.666666666666667,0.302715301547561,0.181005810435527
276,0.777777777777778,0,0
276,0.888888888888889,0,0
276,1,0,0
277,0,0,0.434770998788404
277,0.111111111111111,0,0
277,0.222222222222222,0.427752524690647,0
277,0.333333333333333,0,0.104203485904047
277,0.444444444444444,0,0.205155868742315
277,0.555555555555556,0,0.138895579224801
277,0.666666666666667,0,0.18179211110503
277,0.777777777777778,0,0
277,0.888888888888889,0,0
277,1,0.304903989666444,0
278,0,0,0
278,0.111111111111111,0,0
278,0.222222222222222,0,0
278,0.333333333333333,0,-0.5
278,0.444444444444444,0,0.12421703517682
278,0.555555555555556,0,-0.516837168914589
278,0.666666666666667,0,-0.5
278,0.777777777777778,0,0
278,0.888888888888889,0,0
278,1,0,0
279,0,0,0
279,0.111111111111111,0,0
279,0.222222222222222,0,0
279,0.333333333333333,0,-0.5
279,0.444444444444444,0,0.283209582644609
279,0.555555555555556,0.407661158193192,0.0999962165098334
279,0.666666666666667,0.35408103159971,-0.276935157387177
279,0.777777777777778,0,0
279,0.888888888888889,0,0
279,1,0,0
280,0,0,0
280,0.111111111111111,0,0
280,0.222222222222222,0,0
280,0.333333333333333,0,-0.5
280,0.444444444444444,0,0.354683686548885
280,0.555555555555556,0,0.338271690430922
280,0.666666666666667,0,-0.175333379769572
280,0.777777777777778,0,0
280,0.888888888888889,0,0
280,1,0,0
281,0,0.430326632607269,0
281,0.111111111111111,0,0
281,0.222222222222222,0,0
281,0.333333333333333,0,-0.5
281,0.444444444444444,0,-0.392655287314809
281,0.555555555555556,0,0.782227446757495
281,0.666666666666667,0,0.631623590714872
281,0.777777777777778,0,0
281,0.888888888888889,0,0
281,1,0,-0.0758535359305121
282,0,0,-0.504151568497104
282,0.111111111111111,0,-0.0958248028295887
282,0.222222222222222,0,0
282,0.333333333333333,0,-0.5
282,0.444444444444444,0,0.422082396190312
282,0.555555555555556,0,-0.105412160370365
282,0.666666666666667,0,-0.5
282,0.777777777777778,0,0
282,0.888888888888889,0,0
282,1,0,0
283,0,0,0
283,0.111111111111111,0,0
283,0.222222222222222,0,0
283,0.333333333333333,0,-0.5
283,0.444444444444444,0,-0.939692620785908
283,0.555555555555556,0,0.856463175097893
283,0.666666666666667,0,-0.127851806686364
283,0.777777777777778,0,0
283,0.888888888888889,0,0
283,1,0,0
284,0,0,0
284,0.111111111111111,0,0
284,0.222222222222222,0,0
284,0.333333333333333,0.284386864948114,-0.5
284,0.444444444444444,0,-0.939692620785908
284,0.555555555555556,0,0.355349578908798
284,0.666666666666667,0,-0.5
284,0.777777777777778,0,0
284,0.888888888888889,0,0
284,1,0,0
285,0,0,0
285,0.111111111111111,0,0
285,0.222222222222222,0,0
285,0.333333333333333,0,-0.5
285,0.444444444444444,0,-0.939692620785908
285,0.555555555555556,0,-0.939692620785908
285,0.666666666666667,0,-0.5
285,0.777777777777778,-0.796836429550291,0
285,0.888888888888889,0,0
285,1,-0.280368675136498,0
286,0,0,0
286,0.111111111111111,0,0
286,0.222222222222222,0,0
286,0.333333333333333,0,-0.5
286,0.444444444444444,0,-0.0477867574368984
286,0.555555555555556,0,-0.220944469127972
286,0.666666666666667,0,-0.5
286,0.777777777777778,0,-0.603906081923861
286,0.888888888888889,0,0
286,1,0,-0.841916344644033
287,0,0,0
287,0.111111111111111,0,0
287,0.222222222222222,0,0
287,0.333333333333333,0,-0.5
287,0.444444444444444,0,-0.939692620785908
287,0.555555555555556,0,-0.939692620785908
287,0.666666666666667,0,-0.5
287,0.777777777777778,0,0
287,0.888888888888889,0,0
287,1,0,0
288,0,0,0
288,0.111111111111111,0,0
288,0.222222222222222,0,0
288,0.333333333333333,0.548501157050472,-0.5
288,0.444444444444444,0.541345928826691,0.0665184807431282
288,0.555555555555556,0,-0.939692620785908
288,0.666666666666667,0,-0.5
288,0.777777777777778,0,0
288,0.888888888888889,0,0
288,1,0,0
289,0,0.393613035123483,-0.89518716694599
289,0.111111111111111,0,0
289,0.222222222222222,0,0
289,0.333333333333333,0,0.312339445209701
289,0.444444444444444,0,-0.315068677021873
289,0.555555555555556,0.540960841340013,-0.939692620785908
289,0.666666666666667,0.362334177111909,-0.5
289,0.777777777777778,0,0
289,0.888888888888889,0.359700269619681,-0.643969581641772
289,1,0,0
290,0,-0.433904063144061,0.54462773790511
290,0.111111111111111,0,0.745992454207874
290,0.222222222222222,-0.110550224506892,0
290,0.333333333333333,0,0.0847549126896619
290,0.444444444444444,0,1.09133650460174
290,0.555555555555556,0,0.343787401250787
290,0.666666666666667,-0.541441433511256,0.645759346921175
290,0.777777777777778,-0.133815977308238,0
290,0.888888888888889,-0.509089070767841,1.10826594639152
290,1,-0.491110696859557,0.728837948776667
291,0,0,0
291,0.111111111111111,0,0
291,0.222222222222222,0,0
291,0.333333333333333,0,-0.5
291,0.444444444444444,-0.576675177953149,0.447814077462246
291,0.555555555555556,0,-0.405766406717877
291,0.666666666666667,0,-0.5
291,0.777777777777778,0,0
291,0.888888888888889,0,0
291,1,0,0
292,0,0,0
292,0.111111111111111,0,0
292,0.222222222222222,0,0
292,0.333333333333333,0,-0.5
292,0.444444444444444,0,-0.254421520600214
292,0.555555555555556,0,-0.430042409921305
292,0.666666666666667,0,-0.5
292,0.777777777777778,0,0
292,0.888888888888889,0,0
292,1,0,0
293,0,0,0
293,0.111111111111111,0,0
293,0.222222222222222,0,0
293,0.333333333333333,0,0.340518586190293
293,0.444444444444444,0,0.0272586014561591
293,0.555555555555556,0,0.00623345322862945
293,0.666666666666667,0,-0.5
293,0.777777777777778,0,0
293,0.888888888888889,0,0
293,1,0,0
294,0,0,0
294,0.111111111111111,0,0
294,0.222222222222222,0,0
294,0.333333333333333,0,-0.5
294,0.444444444444444,0,0.136002445466736
294,0.555555555555556,0,-0.593059634489408
294,0.666666666666667,0,-0.5
294,0.777777777777778,0,0
294,0.888888888888889,0,0
294,1,0,0
295,0,0,0
295,0.111111111111111,0,0
295,0.222222222222222,0,0
295,0.333333333333333,0,-0.5
295,0.444444444444444,0,0.112101395809313
295,0.555555555555556,0,-0.24528614113452
295,0.666666666666667,0,-0.5
295,0.777777777777778,0,0
295,0.888888888888889,-0.157915706391677,0
295,1,0,0
296,0,0,0
296,0.111111111111111,0,0
296,0.222222222222222,0,0
296,0.333333333333333,0,-0.5
296,0.444444444444444,0,-0.939692620785908
296,0.555555555555556,0,-0.939692620785908
296,0.666666666666667,0,-0.5
296,0.777777777777778,0,0
296,0.888888888888889,0,0
296,1,0,0
297,0,0,0
297,0.111111111111111,0,0
297,0.222222222222222,0,0
297,0.333333333333333,0,-0.5
297,0.444444444444444,0,-0.939692620785908
297,0.555555555555556,0,-0.939692620785908
297,0.666666666666667,0,-0.5
297,0.777777777777778,0,0
297,0.888888888888889,0,0
297,1,0,0
298,0,0,0
298,0.111111111111111,0,0
298,0.222222222222222,0,0
298,0.333333333333333,0,-0.5
298,0.444444444444444,0,-0.383409611276832
298,0.555555555555556,0,-0.939692620785908
298,0.666666666666667,0.316140359303881,-0.5
298,0.777777777777778,0,0
298,0.888888888888889,0,-1.03895240319715
298,1,0,0
299,0,0,0
299,0.111111111111111,0,0
299,0.222222222222222,0,0
299,0.333333333333333,0,-0.5
299,0.444444444444444,0,-0.516623154683361
299,0.555555555555556,0,0.610521147360626
299,0.666666666666667,0,-0.5
299,0.777777777777778,0,0
299,0.888888888888889,0,0
299,1,0,0
300,0,0,0
300,0.111111111111111,0,0
300,0.222222222222222,0,0
300,0.333333333333333,0,-0.5
300,0.444444444444444,0,-0.939692620785908
300,0.555555555555556,0,-0.939692620785908
300,0.666666666666667,0,-0.5
300,0.777777777777778,0,0
300,0.888888888888889,0,0
300,1,0,0
301,0,0,0
301,0.111111111111111,0,0
301,0.222222222222222,0,0
301,0.333333333333333,0,-0.5
301,0.444444444444444,0,-0.147604302260091
301,0.555555555555556,0,-0.939692620785908
301,0.666666666666667,0,-0.5
301,0.777777777777778,0,0
301,0.888888888888889,0,0
301,1,0,0
302,0,0,0
302,0.111111111111111,0,0
302,0.222222222222222,0,0.424715514693903
302,0.333333333333333,0.400452376038189,-0.5
302,0.444444444444444,0,0.272393934106654
302,0.555555555555556,0,-0.121403921150688
302,0.666666666666667,0,-0.5
302,0.777777777777778,0,0
302,0.888888888888889,0,0
302,1,0,0
303,0,0,-0.238989168689855
303,0.111111111111111,0,0
303,0.222222222222222,0,0
303,0.333333333333333,0.126211788953826,-0.5
303,0.444444444444444,0,0.0740456702125484
303,0.555555555555556,0,0.0335875123383127
303,0.666666666666667,0,-0.5
303,0.777777777777778,0,0
303,0.888888888888889,0,-0.263995451955356
303,1,0,0
304,0,0,-0.464053405390738
304,0.111111111111111,0,0
304,0.222222222222222,0,0
304,0.333333333333333,0,-0.5
304,0.444444444444444,0,-0.939692620785908
304,0.555555555555556,0,-0.0488821769667924
304,0.666666666666667,0,-0.5
304,0.777777777777778,0,0
304,0.888888888888889,0,0
304,1,0,0
305,0,0,0
305,0.111111111111111,0,0
305,0.222222222222222,0,0
305,0.333333333333333,0,-0.5
305,0.444444444444444,0,0.353226872915558
305,0.555555555555556,0,0.59011330175623
305,0.666666666666667,0,-0.0315978663970842
305,0.777777777777778,0,0
305,0.888888888888889,0,0
305,1,0,0
306,0,0,0
306,0.111111111111111,0,0
306,0.222222222222222,0,0
306,0.333333333333333,0,-0.5
306,0.444444444444444,0,-0.305341079802796
306,0.555555555555556,0,0.340094635463401
306,0.666666666666667,0,-0.5
306,0.777777777777778,0,0
306,0.888888888888889,0,-0.160345421785019
306,1,-0.300740729974307,-0.380388906595746
307,0,0,0
307,0.111111111111111,0,-0.647836039301356
307,0.222222222222222,0,-0.162581520613624
307,0.333333333333333,0,-0.5
307,0.444444444444444,0,-0.0385037738246096
307,0.555555555555556,0,-0.43471228287532
307,0.666666666666667,0.541884098913584,-0.5
307,0.777777777777778,0,0
307,0.888888888888889,0,0
307,1,0,0.158722494706376
308,0,0,0
308,0.111111111111111,0,0
308,0.222222222222222,0,0
308,0.333333333333333,0,-0.5
308,0.444444444444444,0,-0.939692620785908
308,0.555555555555556,0,-0.349050232151499
308,0.666666666666667,0,-0.5
308,0.777777777777778,0,0
308,0.888888888888889,0,0
308,1,0,0
309,0,0,0
309,0.111111111111111,0,0
309,0.222222222222222,0,0
309,0.333333333333333,0,-0.5
309,0.444444444444444,0,-0.696417990154036
309,0.555555555555556,0,-0.343254417696751
309,0.666666666666667,0,-0.5
309,0.777777777777778,0,0
309,0.888888888888889,0,0
309,1,0,0
310,0,0,0
310,0.111111111111111,0,0
310,0.222222222222222,0,0
310,0.333333333333333,0,-0.5
310,0.444444444444444,0,0.350777074409006
310,0.555555555555556,0,0.312286760502607
310,0.666666666666667,0,-0.5
310,0.777777777777778,0,0
310,0.888888888888889,0,0
310,1,0,0
311,0,0,0
311,0.111111111111111,0,0
311,0.222222222222222,0,0
311,0.333333333333333,0,-0.5
311,0.444444444444444,0,-0.0438953038474649
311,0.555555555555556,0,-0.351530840466997
311,0.666666666666667,0,-0.5
311,0.777777777777778,0,0
311,0.888888888888889,0,0
311,1,0,0
312,0,-0.636036613075017,0.951646187061732
312,0.111111111111111,-0.21888877900507,0
312,0.222222222222222,0,0
312,0.333333333333333,0,0.144682182890522
312,0.444444444444444,0,0.00114540242426553
312,0.555555555555556,-0.0609676326330269,-0.00159588321843607
312,0.666666666666667,0,0.593598761174014
312,0.777777777777778,0,0.26081385767546
312,0.888888888888889,-0.10686110930716,0.317515608779737
312,1,-0.191065485472323,0.374633434158596
313,0,0,0
313,0.111111111111111,0,0
313,0.222222222222222,0,0
313,0.333333333333333,0,-0.5
313,0.444444444444444,0,-0.482499352398252
313,0.555555555555556,0,-0.939692620785908
313,0.666666666666667,0,-0.5
313,0.777777777777778,0,0
313,0.888888888888889,0,0
313,1,0,-0.647521524237384
314,0,0,0
314,0.111111111111111,0,0
314,0.222222222222222,0,0
314,0.333333333333333,0,-0.5
314,0.444444444444444,0,-0.143724551617319
314,0.555555555555556,0,-0.378473769161652
314,0.666666666666667,0,-0.5
314,0.777777777777778,0,0
314,0.888888888888889,0,0
314,1,0,0
315,0,0.351199193985306,-0.291646407699236
315,0.111111111111111,0,0
315,0.222222222222222,0,0
315,0.333333333333333,0.141420386099973,0.197866196226768
315,0.444444444444444,0,0.220603904177123
315,0.555555555555556,0,-0.0504197430949637
315,0.666666666666667,0,-0.5
315,0.777777777777778,0,0
315,0.888888888888889,0,-0.992870439352461
315,1,-0.207726754608971,-0.638033322635437
316,0,0,0
316,0.111111111111111,0,0
316,0.222222222222222,0,0
316,0.333333333333333,0,-0.5
316,0.444444444444444,0,0.101299930095725
316,0.555555555555556,0,-0.0979180328272771
316,0.666666666666667,0,-0.5
316,0.777777777777778,0,0
316,0.888888888888889,0,0
316,1,0,0
317,0,0,-0.498199459388037
317,0.111111111111111,0.258912742674276,-0.780803163248619
317,0.222222222222222,0,0
317,0.333333333333333,0,-0.5
317,0.444444444444444,0.36717922667924,-0.688037809223804
317,0.555555555555556,0,0.222783885387212
317,0.666666666666667,0,-0.5
317,0.777777777777778,0,0
317,0.888888888888889,0,0
317,1,0,-0.195784300913936
318,0,0,0
318,0.111111111111111,0,0
318,0.222222222222222,0,0
318,0.333333333333333,0,-0.5
318,0.444444444444444,0,-0.939692620785908
318,0.555555555555556,0,-0.0741598394073769
318,0.666666666666667,0,-0.5
318,0.777777777777778,0,0
318,0.888888888888889,0,0
318,1,0,0
319,0,-0.0547816582237337,0
319,0.111111111111111,-0.53339814574105,0
319,0.222222222222222,0,0
319,0.333333333333333,0,-0.5
319,0.444444444444444,0,-0.395323457006885
319,0.555555555555556,0,-0.0033062885662466
319,0.666666666666667,0,-0.190065080086683
319,0.777777777777778,0,0
319,0.888888888888889,0,0
319,1,-0.117044536753534,0
320,0,0,-0.559180425351539
320,0.111111111111111,0,0
320,0.222222222222222,0,0
320,0.333333333333333,0,-0.5
320,0.444444444444444,0,-0.241364467949085
320,0.555555555555556,0.763731521391327,-0.939692620785908
320,0.666666666666667,0,-0.5
320,0.777777777777778,0,0
320,0.888888888888889,0,0
320,1,0,-0.321663294542558
321,0,0,0
321,0.111111111111111,0,0
321,0.222222222222222,0,0
321,0.333333333333333,0,-0.5
321,0.444444444444444,0,0.106248348731635
321,0.555555555555556,0.813446134407788,-0.939692620785908
321,0.666666666666667,0,-0.5
321,0.777777777777778,0,0
321,0.888888888888889,0,0
321,1,0,0
322,0,0,0
322,0.111111111111111,0,0
322,0.222222222222222,0,0
322,0.333333333333333,0,-0.5
322,0.444444444444444,0,0.11679413100903
322,0.555555555555556,0,0.103159560502846
322,0.666666666666667,0,-0.5
322,0.777777777777778,0,0
322,0.888888888888889,0,0
322,1,0,0
323,0,0,0
323,0.111111111111111,0,0
323,0.222222222222222,0,0
323,0.333333333333333,0,-0.5
323,0.444444444444444,0,0.325443464493218
323,0.555555555555556,0,-0.381079884973755
323,0.666666666666667,0,-0.5
323,0.777777777777778,0,0
323,0.888888888888889,0,0
323,1,0,0
324,0,-0.536671638810939,0
324,0.111111111111111,-0.0717460877707066,-0.158387757227663
324,0.222222222222222,0,0
324,0.333333333333333,0,0.246601030471731
324,0.444444444444444,0,-0.302922889031222
324,0.555555555555556,0,-0.0820958051656362
324,0.666666666666667,0,-0.5
324,0.777777777777778,0,0
324,0.888888888888889,-0.151748241898001,0
324,1,-0.589546985073221,0
325,0,0,0
325,0.111111111111111,0,0
325,0.222222222222222,0,0
325,0.333333333333333,0,-0.5
325,0.444444444444444,0,-0.349577774414806
325,0.555555555555556,0,-0.132429639913323
325,0.666666666666667,0,-0.5
325,0.777777777777778,0,0
325,0.888888888888889,0,0
325,1,0,0
326,0,0,0
326,0.111111111111111,0,0
326,0.222222222222222,0,0
326,0.333333333333333,0,-0.5
326,0.444444444444444,0,0.106047499357759
326,0.555555555555556,0,-0.330439176787789
326,0.666666666666667,0,0.0988626189007392
326,0.777777777777778,0,0
326,0.888888888888889,0,0
326,1,-0.0951153365738756,0
327,0,0,0
327,0.111111111111111,0,0
327,0.222222222222222,0,0
327,0.333333333333333,0,-0.5
327,0.444444444444444,0,-0.618681248218375
327,0.555555555555556,0,-0.158226283592539
327,0.666666666666667,0,-0.5
327,0.777777777777778,0,0
327,0.888888888888889,0,0
327,1,0,0
328,0,-0.456632015548966,0
328,0.111111111111111,-0.150667746117714,0
328,0.222222222222222,0,0
328,0.333333333333333,0,-0.5
328,0.444444444444444,0,0.0528366494122268
328,0.555555555555556,0,-0.501695695198779
328,0.666666666666667,0,-0.5
328,0.777777777777778,0,0
328,0.888888888888889,0,0
328,1,0,0
329,0,-0.142528452590679,0
329,0.111111111111111,0,0
329,0.222222222222222,0,0
329,0.333333333333333,0,-0.5
329,0.444444444444444,0,-0.00352911318113169
329,0.555555555555556,0,0.102997652997065
329,0.666666666666667,0,-0.5
329,0.777777777777778,-0.31947877137243,0
329,0.888888888888889,-0.465579066450627,0
329,1,-0.129885747189159,0
330,0,-0.215074960984702,0.43404403559556
330,0.111111111111111,0,0
330,0.222222222222222,0,0
330,0.333333333333333,0,-0.0283087409996748
330,0.444444444444444,0,0.176358187517048
330,0.555555555555556,0,0.655194034376567
330,0.666666666666667,0,-0.107010458485628
330,0.777777777777778,0,0
330,0.888888888888889,0,0
330,1,0,0
331,0,0.153488652897139,-0.353624443622415
331,0.111111111111111,0,0
331,0.222222222222222,0.129082319737026,0
331,0.333333333333333,0.471528181486189,-0.5
331,0.444444444444444,0,0.354392841802895
331,0.555555555555556,0,0.425573921996573
331,0.666666666666667,-0.109608297344709,-0.0005054179003674
331,0.777777777777778,0,0
331,0.888888888888889,0.46975879415862,-0.883513812582128
331,1,-0.0189012521540466,0
332,0,0,0
332,0.111111111111111,0,0
332,0.222222222222222,0,0
332,0.333333333333333,0,-0.5
332,0.444444444444444,0,0.0515797239422479
332,0.555555555555556,0,-0.0557776385633013
332,0.666666666666667,0,-0.5
332,0.777777777777778,0,0
332,0.888888888888889,0,0
332,1,0,0
333,0,0,0
333,0.111111111111111,0,0
333,0.222222222222222,0,0
333,0.333333333333333,0,0.127030474657499
333,0.444444444444444,0,0.0884852034923916
333,0.555555555555556,0,-0.39655424705483
333,0.666666666666667,0,-0.5
333,0.777777777777778,0,0
333,0.888888888888889,0,0
333,1,0,0
334,0,0,0
334,0.111111111111111,0,0
334,0.222222222222222,0,0
334,0.333333333333333,0,-0.5
334,0.444444444444444,0,-0.599816701609129
334,0.555555555555556,0,-0.419452337321567
334,0.666666666666667,0,-0.5
334,0.777777777777778,0,0
334,0.888888888888889,0,0
334,1,0,0
335,0,0.295351443165841,0
335,0.111111111111111,0,0
335,0.222222222222222,0.430007862983277,0
335,0.333333333333333,0,0.315978469766518
335,0.444444444444444,0,0.320784259128005
335,0.555555555555556,0,0.333669139817721
335,0.666666666666667,0.301644406149292,-0.5
335,0.777777777777778,0,0
335,0.888888888888889,0,0.36025358632441
335,1,0.0738678041805978,0
336,0,0,0
336,0.111111111111111,0,0
336,0.222222222222222,0,0
336,0.333333333333333,0,-0.5
336,0.444444444444444,0,-0.939692620785908
336,0.555555555555556,0,0.0463017498884399
336,0.666666666666667,0,-0.5
336,0.777777777777778,0,0
336,0.888888888888889,0,0
336,1,0,0
337,0,0,0.0866716014697997
337,0.111111111111111,0,0
337,0.222222222222222,0,0
337,0.333333333333333,-0.50349253603308,-0.5
337,0.444444444444444,0,0.194128311894994
337,0.555555555555556,-0.313474133125469,0.704338233879374
337,0.666666666666667,-0.154161361472816,0.196259869467614
337,0.777777777777778,-0.138743334344061,0.775617398910656
337,0.888888888888889,0,0
337,1,-0.403273100305001,0.654177738426817
338,0,-0.33860132081476,0.311938206152958
338,0.111111111111111,0,0.299406663376339
338,0.222222222222222,-0.472780394232476,0.130657728851188
338,0.333333333333333,0,-0.0780196412788817
338,0.444444444444444,0,0.300396123491414
338,0.555555555555556,0,-0.0113219759903245
338,0.666666666666667,0,-0.5
338,0.777777777777778,0,0
338,0.888888888888889,0,0
338,1,0,0
339,0,0,0
339,0.111111111111111,0.243548397341336,0
339,0.222222222222222,0,0
339,0.333333333333333,0.131932256094008,-0.5
339,0.444444444444444,0.263576613614239,0.224385808163768
339,0.555555555555556,0,-0.419800348774058
339,0.666666666666667,0.0884165111992965,-0.5
339,0.777777777777778,0,0
339,0.888888888888889,0,0
339,1,0,0
340,0,0,0
340,0.111111111111111,0,0
340,0.222222222222222,0,0
340,0.333333333333333,0,-0.5
340,0.444444444444444,0,-0.939692620785908
340,0.555555555555556,0,-0.401502551900359
340,0.666666666666667,0,-0.5
340,0.777777777777778,0,0
340,0.888888888888889,0,0
340,1,0,0
341,0,0,0
341,0.111111111111111,0,0
341,0.222222222222222,0,0
341,0.333333333333333,0,-0.5
341,0.444444444444444,0,0.261044962132088
341,0.555555555555556,0,-0.939692620785908
341,0.666666666666667,0,-0.5
341,0.777777777777778,0,0
341,0.888888888888889,0,0
341,1,0,0
342,0,0,0
342,0.111111111111111,0,0
342,0.222222222222222,0,0
342,0.333333333333333,0,-0.5
342,0.444444444444444,0,-0.939692620785908
342,0.555555555555556,0,0.0148705017240872
342,0.666666666666667,0,-0.5
342,0.777777777777778,0,0
342,0.888888888888889,0,0
342,1,0,0
343,0,0,0
343,0.111111111111111,0,0
343,0.222222222222222,0,0
343,0.333333333333333,0,-0.5
343,0.444444444444444,0.248883252435344,-0.843234622431024
343,0.555555555555556,0,0.0976259015394625
343,0.666666666666667,0,-0.5
343,0.777777777777778,0,0
343,0.888888888888889,0,-0.333691514233286
343,1,0,-0.30145414858052
344,0,0,0
344,0.111111111111111,0,0
344,0.222222222222222,0,0
344,0.333333333333333,0,-0.5
344,0.444444444444444,0,-0.939692620785908
344,0.555555555555556,0.54509593326465,-0.939692620785908
344,0.666666666666667,0,-0.5
344,0.777777777777778,0,0
344,0.888888888888889,0,0
344,1,0,0
345,0,0,0
345,0.111111111111111,0,0
345,0.222222222222222,0,0
345,0.333333333333333,0,-0.5
345,0.444444444444444,0,0.54870532759362
345,0.555555555555556,0,-0.194366457326129
345,0.666666666666667,0,-0.5
345,0.777777777777778,0,0
345,0.888888888888889,0,0
345,1,-0.452157532427704,0
346,0,0.44679110840209,0
346,0.111111111111111,0,0
346,0.222222222222222,-0.109307560401038,0
346,0.333333333333333,0,0.11057568793438
346,0.444444444444444,0,0.228488967311845
346,0.555555555555556,0,-0.130938336880665
346,0.666666666666667,0,-0.5
346,0.777777777777778,0,0
346,0.888888888888889,0,0
346,1,-0.0630758989258124,0
347,0,-0.0880338007968687,0
347,0.111111111111111,0,0
347,0.222222222222222,0,0
347,0.333333333333333,0,0.429473044119185
347,0.444444444444444,0,0.617974900245041
347,0.555555555555556,0,0.0891870148439124
347,0.666666666666667,0,0.0628510345365129
347,0.777777777777778,0,0.246513750879943
347,0.888888888888889,0,0
347,1,0.253427514357491,0
348,0,0,0
348,0.111111111111111,0,0
348,0.222222222222222,0,0
348,0.333333333333333,0,-0.5
348,0.444444444444444,0,-0.395727288589634
348,0.555555555555556,0,-0.939692620785908
348,0.666666666666667,0,-0.5
348,0.777777777777778,0,0
348,0.888888888888889,0,0
348,1,0,0
349,0,0,0
349,0.111111111111111,0,0
349,0.222222222222222,0,0
349,0.333333333333333,0,-0.5
349,0.444444444444444,0,-0.467391109148847
349,0.555555555555556,-0.289160510339181,0.24330130330172
349,0.666666666666667,0,-0.5
349,0.777777777777778,0,0
349,0.888888888888889,0,0
349,1,0,0
350,0,0,0
350,0.111111111111111,0,0
350,0.222222222222222,0,0
350,0.333333333333333,0,-0.5
350,0.444444444444444,0,0.493691492103271
350,0.555555555555556,0,-0.939692620785908
350,0.666666666666667,0,-0.020170282329159
350,0.777777777777778,0,0
350,0.888888888888889,0,0
350,1,0,0
351,0,0.737741467277362,-1.16807962812923
351,0.111111111111111,0.240776872394725,0
351,0.222222222222222,0,0.452555941858519
351,0.333333333333333,-0.311120879997375,0.48658225110226
351,0.444444444444444,0,-0.254633877533589
351,0.555555555555556,-0.24748744373006,0.413010851285559
351,0.666666666666667,-0.735223706472963,0.463785470824014
351,0.777777777777778,0,0
351,0.888888888888889,0.273797161914099,0
351,1,0.241360229643519,0
352,0,0,-0.656399024221516
352,0.111111111111111,0,0
352,0.222222222222222,0,0
352,0.333333333333333,0,-0.203892296800513
352,0.444444444444444,0,-0.0853259978515252
352,0.555555555555556,0,-0.325571607077589
352,0.666666666666667,0,-0.5
352,0.777777777777778,0,0
352,0.888888888888889,0,0
352,1,0,-0.232488107300005
353,0,0,0
353,0.111111111111111,0,0
353,0.222222222222222,0,0
353,0.333333333333333,0.191013832160051,-0.5
353,0.444444444444444,0,0.0706888367525579
353,0.555555555555556,0,-0.191438661649412
353,0.666666666666667,0,-0.5
353,0.777777777777778,0,0
353,0.888888888888889,0,0
353,1,0,0
354,0,0,0
354,0.111111111111111,0,0
354,0.222222222222222,0,0
354,0.333333333333333,0,-0.5
354,0.444444444444444,0,-0.40410727126195
354,0.555555555555556,0,0.392616997918407
354,0.666666666666667,0,-0.5
354,0.777777777777778,0,0
354,0.888888888888889,0,0
354,1,0,0
355,0,0,0
355,0.111111111111111,0,0
355,0.222222222222222,0,0
355,0.333333333333333,0,-0.5
355,0.444444444444444,0,0.0780502997861251
355,0.555555555555556,0,-0.141685539410687
355,0.666666666666667,0,-0.5
355,0.777777777777778,0,0
355,0.888888888888889,0,0
355,1,0,0
356,0,0,-0.243022248718038
356,0.111111111111111,0,0
356,0.222222222222222,0,0
356,0.333333333333333,0,-0.5
356,0.444444444444444,0,-0.0472377328928978
356,0.555555555555556,0,-0.212318332005414
356,0.666666666666667,0,-0.5
356,0.777777777777778,0.523454332193291,0
356,0.888888888888889,0,0
356,1,0,0
357,0,0,0
357,0.111111111111111,0,0
357,0.222222222222222,0,0
357,0.333333333333333,0,-0.5
357,0.444444444444444,0,-0.13019313038448
357,0.555555555555556,0,-0.939692620785908
357,0.666666666666667,0,-0.5
357,0.777777777777778,0,-0.262001264357125
357,0.888888888888889,0,0
357,1,0,0
358,0,0,0
358,0.111111111111111,0,0
358,0.222222222222222,0,0
358,0.333333333333333,0,-0.5
358,0.444444444444444,0,0.0271782526086035
358,0.555555555555556,0,-0.939692620785908
358,0.666666666666667,0,-0.5
358,0.777777777777778,0,0
358,0.888888888888889,0,0
358,1,0,0
359,0,0,0
359,0.111111111111111,0,0
359,0.222222222222222,0,0
359,0.333333333333333,0,-0.5
359,0.444444444444444,0,0.479100976800481
359,0.555555555555556,0,-0.00305457187811642
359,0.666666666666667,0,-0.5
359,0.777777777777778,0,0
359,0.888888888888889,0,0
359,1,0,0
360,0,0,0
360,0.111111111111111,0,0.563319619460891
360,0.222222222222222,0,0.00795704611338123
360,0.333333333333333,0,-0.0114070652464753
360,0.444444444444444,0,0.122948837861392
360,0.555555555555556,0,0.141930403058072
360,0.666666666666667,0,-0.5
360,0.777777777777778,0.296308888250573,0
360,0.888888888888889,0,0
360,1,0,0
361,0,0,0.626929597151207
361,0.111111111111111,0,0
361,0.222222222222222,0,0
361,0.333333333333333,-0.231442206788725,0.295127485827412
361,0.444444444444444,-0.0614021111072517,-0.259916567166051
361,0.555555555555556,0,0.261922180307324
361,0.666666666666667,0,-0.11272524364334
361,0.777777777777778,0,0
361,0.888888888888889,-0.248889382674714,0
361,1,0,0
362,0,0.169460414037781,0
362,0.111111111111111,0.463487311364449,-0.629710953950713
362,0.222222222222222,0.670877850477888,0
362,0.333333333333333,0,-0.059114642689291
362,0.444444444444444,0.814396272842417,-0.0605393778309556
362,0.555555555555556,0,0.238833220306772
362,0.666666666666667,0,-0.368558391276769
362,0.777777777777778,0.372732181758512,0
362,0.888888888888889,0.369587041857779,-0.324448211993346
362,1,0,0
363,0,0,0
363,0.111111111111111,0,0
363,0.222222222222222,0,0
363,0.333333333333333,0,-0.5
363,0.444444444444444,0,0.219554369244722
363,0.555555555555556,0,0.527122098863659
363,0.666666666666667,0,-0.174294176612041
363,0.777777777777778,0,0
363,0.888888888888889,0,0
363,1,0,0
364,0,0,0
364,0.111111111111111,0,0
364,0.222222222222222,0,0
364,0.333333333333333,0,-0.323499550790327
364,0.444444444444444,0,-0.178346972503745
364,0.555555555555556,0,0.0816914573141012
364,0.666666666666667,0,-0.5
364,0.777777777777778,0,0
364,0.888888888888889,0,0
364,1,-0.313890572432845,0
365,0,-0.319621283681049,0
365,0.111111111111111,0,0
365,0.222222222222222,0,0
365,0.333333333333333,0,-0.5
365,0.444444444444444,0,-0.372774501175048
365,0.555555555555556,0,0.0756011277362731
365,0.666666666666667,0,-0.266054456660094
365,0.777777777777778,0,0
365,0.888888888888889,0,0
365,1,0,0
366,0,0,0
366,0.111111111111111,0,0
366,0.222222222222222,0,0
366,0.333333333333333,0.78517911254469,-0.5
366,0.444444444444444,0,-0.25483322808916
366,0.555555555555556,0,-0.0707875874126231
366,0.666666666666667,0,0.358687158422755
366,0.777777777777778,0,0
366,0.888888888888889,0,0.26129829652331
366,1,0,0.875115340866219
367,0,0,0
367,0.111111111111111,0,0
367,0.222222222222222,0,0
367,0.333333333333333,0,-0.5
367,0.444444444444444,0,-0.712966222742409
367,0.555555555555556,0,-0.306269948909675
367,0.666666666666667,0,-0.5
367,0.777777777777778,0,0
367,0.888888888888889,0,0
367,1,0,0
368,0,0,0
368,0.111111111111111,0,0
368,0.222222222222222,0,0
368,0.333333333333333,0,-0.5
368,0.444444444444444,0,-0.221678668296238
368,0.555555555555556,0,-0.0317203042808988
368,0.666666666666667,0,0.342775946201196
368,0.777777777777778,0,0
368,0.888888888888889,0,0
368,1,0,0
369,0,0,0
369,0.111111111111111,0,0
369,0.222222222222222,-0.142430413502023,0
369,0.333333333333333,0,-0.223117256492426
369,0.444444444444444,0,0.0926646194763855
369,0.555555555555556,0,0.438392435351525
369,0.666666666666667,0,0.100865332355785
369,0.777777777777778,0.213891630428348,0
369,0.888888888888889,0,0
369,1,0,-0.158567156129104
370,0,0,0
370,0.111111111111111,0,0
370,0.222222222222222,0,0
370,0.333333333333333,0,-0.5
370,0.444444444444444,0,-0.939692620785908
370,0.555555555555556,0,0.0111704035627942
370,0.666666666666667,0,-0.5
370,0.777777777777778,0,0
370,0.888888888888889,0,0
370,1,0,0
371,0,0.0381954616634717,0.629987316596526
371,0.111111111111111,0.31999342758006,0
371,0.222222222222222,0,0
371,0.333333333333333,0,0.292624486630151
371,0.444444444444444,0.207822173985434,-0.391024705336075
371,0.555555555555556,0,0.972779317286043
371,0.666666666666667,0.163395115715199,-0.0331085928727031
371,0.777777777777778,0.105521915058891,0
371,0.888888888888889,0,0
371,1,0,0.206380839632758
372,0,0.0930198432668754,0
372,0.111111111111111,0,0
372,0.222222222222222,0,0
372,0.333333333333333,0.532121836151395,-0.5
372,0.444444444444444,0,-0.436642062165835
372,0.555555555555556,0,1.12713689808438
372,0.666666666666667,0,-0.5
372,0.777777777777778,0,0.44160949882309
372,0.888888888888889,0,0.444642525513068
372,1,0,0
373,0,-0.21508022234725,0
373,0.111111111111111,0,0
373,0.222222222222222,0,0
373,0.333333333333333,-0.0990122130225576,0.0675642095640368
373,0.444444444444444,-0.628754368518587,0.855594604633349
373,0.555555555555556,0,-0.335624497732165
373,0.666666666666667,0,-0.5
373,0.777777777777778,0,0
373,0.888888888888889,0,0
373,1,-0.234657605587302,0
374,0,0.250807142498958,0
374,0.111111111111111,0,0
374,0.222222222222222,0,0
374,0.333333333333333,0,-0.140979528382371
374,0.444444444444444,0,0.0723049364764276
374,0.555555555555556,-0.357273955980936,1.21339431381391
374,0.666666666666667,0,-0.0842239724164867
374,0.777777777777778,0,0
374,0.888888888888889,0,0
374,1,0,0
375,0,0,0
375,0.111111111111111,0,0
375,0.222222222222222,0,0
375,0.333333333333333,0,-0.5
375,0.444444444444444,0,-0.496273752026431
375,0.555555555555556,0,-0.512022079645635
375,0.666666666666667,0,-0.5
375,0.777777777777778,0,0
375,0.888888888888889,0,0
375,1,0,0
376,0,0,0
376,0.111111111111111,0,0
376,0.222222222222222,0,0.37377284809597
376,0.333333333333333,0,-0.5
376,0.444444444444444,0,0.21646056061931
376,0.555555555555556,0,-0.341562968195757
376,0.666666666666667,0,-0.5
376,0.777777777777778,0,0
376,0.888888888888889,0,0
376,1,0,0.645785190849926
377,0,0,0
377,0.111111111111111,0,0
377,0.222222222222222,0,0
377,0.333333333333333,0.582807059166035,-0.5
377,0.444444444444444,0,-0.731809878914948
377,0.555555555555556,0,-0.54339404589346
377,0.666666666666667,0,-0.5
377,0.777777777777778,0,0
377,0.888888888888889,0,0
377,1,0,0
378,0,0,0
378,0.111111111111111,0,0
378,0.222222222222222,0,0
378,0.333333333333333,0,0.528049982311622
378,0.444444444444444,0.37019680676702,-0.64873104600921
378,0.555555555555556,0,0.558697654975633
378,0.666666666666667,0,0.235124307482871
378,0.777777777777778,-0.320528639195536,0.485319442233609
378,0.888888888888889,-0.440656859607194,0.832230429567634
378,1,0,0.389573798851631
379,0,0,0
379,0.111111111111111,0,0
379,0.222222222222222,0,0
379,0.333333333333333,0,-0.5
379,0.444444444444444,0,-0.137750981825404
379,0.555555555555556,0,-0.0387770499847637
379,0.666666666666667,0,-0.5
379,0.777777777777778,0,0
379,0.888888888888889,0,0
379,1,0,0
380,0,0,0
380,0.111111111111111,0,0
380,0.222222222222222,0,0
380,0.333333333333333,0,-0.5
380,0.444444444444444,0,-0.939692620785908
380,0.555555555555556,0,-0.939692620785908
380,0.666666666666667,0,-0.5
380,0.777777777777778,0,0
380,0.888888888888889,0,0
380,1,0,0
381,0,0,0
381,0.111111111111111,0,0
381,0.222222222222222,0,0
381,0.333333333333333,0,-0.5
381,0.444444444444444,0,-0.371005548220249
381,0.555555555555556,0,-0.121201857474547
381,0.666666666666667,0,-0.5
381,0.777777777777778,0,0
381,0.888888888888889,0,0
381,1,0,0
382,0,0,0
382,0.111111111111111,0,0
382,0.222222222222222,0,0
382,0.333333333333333,0,-0.5
382,0.444444444444444,0,-0.125222864046652
382,0.555555555555556,0.623075044487429,-0.939692620785908
382,0.666666666666667,0.154857391044234,-0.5
382,0.777777777777778,0,0
382,0.888888888888889,0,0
382,1,0,0
383,0,0,0
383,0.111111111111111,0,0.630388518045086
383,0.222222222222222,0,0
383,0.333333333333333,0,0.279229058729543
383,0.444444444444444,0,0.22245763443743
383,0.555555555555556,0,-0.291813675971761
383,0.666666666666667,0,-0.5
383,0.777777777777778,0,0
383,0.888888888888889,0,0
383,1,0,0
384,0,0,-0.162199701665051
384,0.111111111111111,0,0
384,0.222222222222222,0,0
384,0.333333333333333,0,-0.5
384,0.444444444444444,0,-0.0557298406776665
384,0.555555555555556,0,-0.509202128994467
384,0.666666666666667,0,-0.5
384,0.777777777777778,0,0
384,0.888888888888889,0,0
384,1,0,0
385,0,-0.174689954881099,-0.130311248019037
385,0.111111111111111,0,0
385,0.222222222222222,0,0
385,0.333333333333333,0,-0.5
385,0.444444444444444,0,-0.295391861742891
385,0.555555555555556,0,-0.562013479315112
385,0.666666666666667,0,-0.5
385,0.777777777777778,-0.354492149065687,0
385,0.888888888888889,-0.436245281574284,0
385,1,-0.119677814580564,0
386,0,0,0
386,0.111111111111111,0,0
386,0.222222222222222,0,0
386,0.333333333333333,0,-0.5
386,0.444444444444444,0,-0.376408255919182
386,0.555555555555556,0,-0.0508818057898891
386,0.666666666666667,0,-0.5
386,0.777777777777778,0,0
386,0.888888888888889,0,-0.462997660782686
386,1,0,0
387,0,0,-0.292286318752138
387,0.111111111111111,0,-0.111510018869392
387,0.222222222222222,0,0
387,0.333333333333333,0,-0.5
387,0.444444444444444,0,-0.464642510783763
387,0.555555555555556,0,-0.519652182579799
387,0.666666666666667,0,-0.5
387,0.777777777777778,0,0
387,0.888888888888889,0,0
387,1,0,0
388,0,0,0
388,0.111111111111111,0,0
388,0.222222222222222,0,0
388,0.333333333333333,0,-0.5
388,0.444444444444444,0,0.254259142709483
388,0.555555555555556,0,-0.351875167923288
388,0.666666666666667,0,-0.5
388,0.777777777777778,0.230570750231096,0
388,0.888888888888889,0,0
388,1,0,0
389,0,0,0
389,0.111111111111111,0,0
389,0.222222222222222,0,0
389,0.333333333333333,0,-0.301714661198957
389,0.444444444444444,0,0.0696865060662918
389,0.555555555555556,0,-0.451267274840315
389,0.666666666666667,0,-0.5
389,0.777777777777778,0,0
389,0.888888888888889,0,0
389,1,0,0
390,0,0,0
390,0.111111111111111,0,0
390,0.222222222222222,0,0
390,0.333333333333333,0,-0.5
390,0.444444444444444,0,-0.175769998312187
390,0.555555555555556,0,-0.254097171762991
390,0.666666666666667,0,-0.5
390,0.777777777777778,0,0
390,0.888888888888889,0,0
390,1,0,0
391,0,-0.323948037331658,0
391,0.111111111111111,0,0
391,0.222222222222222,0,0
391,0.333333333333333,0,0.0999222973737781
391,0.444444444444444,0,0.0684292771523564
391,0.555555555555556,0,0.416150539094607
391,0.666666666666667,0,-0.160548782650667
391,0.777777777777778,0,0
391,0.888888888888889,0,0
391,1,0,-0.245794721243709
392,0,0,0
392,0.111111111111111,0,0
392,0.222222222222222,0,0
392,0.333333333333333,0,-0.5
392,0.444444444444444,0.0518960449502566,-0.364306244831261
392,0.555555555555556,0,0.139189855644899
392,0.666666666666667,0.251683617964943,-0.5
392,0.777777777777778,0,0
392,0.888888888888889,0,-0.0841760316029867
392,1,0,-0.13348152079659
393,0,0,0
393,0.111111111111111,0,0
393,0.222222222222222,0,0
393,0.333333333333333,0,-0.0670299264877971
393,0.444444444444444,0.107877744648578,0.224222872425839
393,0.555555555555556,0,0.494176243290055
393,0.666666666666667,0,0.027804284153341
393,0.777777777777778,0,0
393,0.888888888888889,0,0
393,1,0,0.380958963194099
394,0,0,0
394,0.111111111111111,0,0.0899558405615921
394,0.222222222222222,0,0
394,0.333333333333333,0,0.0751394036837654
394,0.444444444444444,0,1.04930275176723
394,0.555555555555556,0,-0.0191972521959944
394,0.666666666666667,-0.508504731704209,1.57860634567471
394,0.777777777777778,0,0.14384009343815
394,0.888888888888889,0,0.255382655583101
394,1,0,0.597111105979411
395,0,0,0
395,0.111111111111111,0,0
395,0.222222222222222,0,0
395,0.333333333333333,0,-0.5
395,0.444444444444444,0,0.0809630255838211
395,0.555555555555556,0,-0.939692620785908
395,0.666666666666667,0,-0.5
395,0.777777777777778,0,0
395,0.888888888888889,0,0
395,1,0,0
396,0,0,0
396,0.111111111111111,0,0
396,0.222222222222222,0,0
396,0.333333333333333,0,-0.5
396,0.444444444444444,0,0.241944407746469
396,0.555555555555556,0,0.0907773150838416
396,0.666666666666667,0,-0.5
396,0.777777777777778,0,0
396,0.888888888888889,0,0
396,1,0,0
397,0,-0.302172687657808,0
397,0.111111111111111,-0.0884980983707346,0
397,0.222222222222222,0,0
397,0.333333333333333,-0.482461762902911,0.432865944456268
397,0.444444444444444,0,0.868381437979858
397,0.555555555555556,0,-0.426064984939598
397,0.666666666666667,0,0.374269506717363
397,0.777777777777778,-0.089123316702844,0
397,0.888888888888889,0,0.288716796241523
397,1,0,0
398,0,0,0
398,0.111111111111111,0,0
398,0.222222222222222,0,0
398,0.333333333333333,0,-0.5
398,0.444444444444444,0,-0.0237920134641155
398,0.555555555555556,0,-0.227306697619779
398,0.666666666666667,0,-0.5
398,0.777777777777778,0,0
398,0.888888888888889,0,0
398,1,0,0
399,0,0,0.540387287434935
399,0.111111111111111,0,0
399,0.222222222222222,0,0
399,0.333333333333333,0,-0.5
399,0.444444444444444,0,0.248007176298936
399,0.555555555555556,0,-0.165243681403426
399,0.666666666666667,0,-0.5
399,0.777777777777778,0,0
399,0.888888888888889,0,0
399,1,0,0
400,0,0,0
400,0.111111111111111,0,0
400,0.222222222222222,0,0
400,0.333333333333333,0,-0.5
400,0.444444444444444,0,-0.939692620785908
400,0.555555555555556,0,-0.223325169467031
400,0.666666666666667,0,-0.5
400,0.777777777777778,0,0
400,0.888888888888889,0,0
400,1,0,0
401,0,-0.144611268151864,0
401,0.111111111111111,0,0
401,0.222222222222222,0,0
401,0.333333333333333,0,-0.5
401,0.444444444444444,0,-0.0365558194889807
401,0.555555555555556,0,-0.236725832192395
401,0.666666666666667,0,-0.5
401,0.777777777777778,0,0
401,0.888888888888889,0,0
401,1,0,0
402,0,0.301393127265266,-0.28816763447369
402,0.111111111111111,0.253834899340469,-0.673126307830115
402,0.222222222222222,0.50056580725527,-0.568252378199978
402,0.333333333333333,0.454382724283524,-0.5
402,0.444444444444444,0.830731183304723,-0.677067716273712
402,0.555555555555556,0.0951479808073346,0.111135124665788
402,0.666666666666667,0.377239351082447,-0.266261339666112
402,0.777777777777778,0.146295484297845,0
402,0.888888888888889,0.140988383334717,0
402,1,0,0
403,0,0,0
403,0.111111111111111,0,0
403,0.222222222222222,0,0
403,0.333333333333333,0,0.554614939755532
403,0.444444444444444,0,-0.127907048030768
403,0.555555555555556,0,0.402136890038092
403,0.666666666666667,0,0.305120388567136
403,0.777777777777778,0,0
403,0.888888888888889,0,0
403,1,0,0
404,0,0,0
404,0.111111111111111,0,0
404,0.222222222222222,0,0
404,0.333333333333333,0,-0.205676984739943
404,0.444444444444444,0,-0.28058836927572
404,0.555555555555556,0,-0.117090721156851
404,0.666666666666667,0,-0.5
404,0.777777777777778,0,0
404,0.888888888888889,0,0
404,1,0,0
405,0,0,0.193815298303712
405,0.111111111111111,0.225868303635856,0
405,0.222222222222222,0.108221117009617,0
405,0.333333333333333,0.416679730153894,-0.5
405,0.444444444444444,0.521447992913671,-0.408492024085045
405,0.555555555555556,0.0608888241879057,0.0738359421890824
405,0.666666666666667,0,-0.039509103770883
405,0.777777777777778,0,0
405,0.888888888888889,0,0
405,1,0,0.256713278499208
406,0,0,0
406,0.111111111111111,0,0
406,0.222222222222222,0,0
406,0.333333333333333,0,-0.5
406,0.444444444444444,0,-0.178578013380262
406,0.555555555555556,0,-0.939692620785908
406,0.666666666666667,0,-0.5
406,0.777777777777778,0,0
406,0.888888888888889,0,0
406,1,0,0
407,0,0,0
407,0.111111111111111,0,0
407,0.222222222222222,0,0
407,0.333333333333333,0,-0.280259802616971
407,0.444444444444444,0,-0.178466409954316
407,0.555555555555556,0,-0.41650124031105
407,0.666666666666667,0,-0.5
407,0.777777777777778,0,0
407,0.888888888888889,0,0
407,1,0,0
408,0,0,0
408,0.111111111111111,0,0
408,0.222222222222222,0,0
408,0.333333333333333,0,-0.5
408,0.444444444444444,0,-0.939692620785908
408,0.555555555555556,0,-0.110978514980785
408,0.666666666666667,0,-0.5
408,0.777777777777778,0,0
408,0.888888888888889,0,0
408,1,0,0
409,0,0,0
409,0.111111111111111,0,0
409,0.222222222222222,0,0
409,0.333333333333333,0,-0.5
409,0.444444444444444,0,-0.304866888611483
409,0.555555555555556,0,0.701393032826565
409,0.666666666666667,0,-0.5
409,0.777777777777778,0,0
409,0.888888888888889,0,0
409,1,0,0
410,0,0.141619982031756,-0.202105013590591
410,0.111111111111111,0,0
410,0.222222222222222,-0.0347261949552421,0
410,0.333333333333333,-0.347159559806175,0.330046970079781
410,0.444444444444444,0,-0.0726668244764438
410,0.555555555555556,0,0.23224044729177
410,0.666666666666667,0,-0.0152141712603686
410,0.777777777777778,0,0
410,0.888888888888889,0,0
410,1,0.156647401328624,0
411,0,0,0
411,0.111111111111111,0,0
411,0.222222222222222,0,0
411,0.333333333333333,0,0.428717688495373
411,0.444444444444444,0,-0.387106108586015
411,0.555555555555556,-0.133707167210678,0.126377075155254
411,0.666666666666667,0,0.405137235362392
411,0.777777777777778,0,0
411,0.888888888888889,0,0
411,1,0,0.284235890635358
412,0,0.180152482819718,0
412,0.111111111111111,0,0
412,0.222222222222222,0,0
412,0.333333333333333,0,-0.0941335688627986
412,0.444444444444444,0,0.397612513275747
412,0.555555555555556,0,-0.190595077584213
412,0.666666666666667,0,-0.5
412,0.777777777777778,0,0
412,0.888888888888889,0,0
412,1,0,0
413,0,-0.119213461087643,0
413,0.111111111111111,0,0
413,0.222222222222222,0,0
413,0.333333333333333,0,-0.5
413,0.444444444444444,0,-0.504177568365827
413,0.555555555555556,0,0.0204010234730418
413,0.666666666666667,0,-0.5
413,0.777777777777778,0,0
413,0.888888888888889,0,0
413,1,0,0
414,0,-0.150359597064065,0
414,0.111111111111111,0,0
414,0.222222222222222,0,0
414,0.333333333333333,0,-0.281949559911275
414,0.444444444444444,0,-0.537184199457278
414,0.555555555555556,0,-0.0180767164667859
414,0.666666666666667,0,-0.260580299202916
414,0.777777777777778,0,0
414,0.888888888888889,0,0
414,1,0,0
415,0,0,0
415,0.111111111111111,0,0
415,0.222222222222222,0,0
415,0.333333333333333,0,-0.5
415,0.444444444444444,0,-0.0478756155744315
415,0.555555555555556,0,-0.939692620785908
415,0.666666666666667,0,-0.5
415,0.777777777777778,0,0
415,0.888888888888889,0,0
415,1,0,0
416,0,0,0.0684315977348493
416,0.111111111111111,0,0
416,0.222222222222222,0,0
416,0.333333333333333,0,-0.0615551430957083
416,0.444444444444444,0,0.142869776406404
416,0.555555555555556,0,0.346282761038041
416,0.666666666666667,0,0.252318002603038
416,0.777777777777778,0,0
416,0.888888888888889,0,0
416,1,0.326896112924253,0
417,0,0,0
417,0.111111111111111,0,0
417,0.222222222222222,0,0
417,0.333333333333333,0.230454137522412,-0.5
417,0.444444444444444,0,0.127975024781346
417,0.555555555555556,-0.277608127416119,0.197159501252423
417,0.666666666666667,-0.187488961835469,0.151397080054377
417,0.777777777777778,0,0
417,0.888888888888889,0,0
417,1,0,0
418,0,0,0
418,0.111111111111111,0,0
418,0.222222222222222,0,0
418,0.333333333333333,0,-0.5
418,0.444444444444444,0,-0.146596359934078
418,0.555555555555556,0,0.900927528320606
418,0.666666666666667,0,-0.5
418,0.777777777777778,0,0
418,0.888888888888889,0,0
418,1,-0.124952356513672,0
419,0,-0.0572614128913471,0
419,0.111111111111111,0,0
419,0.222222222222222,0,0
419,0.333333333333333,-0.212531271287149,0.0563265037125402
419,0.444444444444444,-0.201805766996506,0.795504909613317
419,0.555555555555556,0,-0.442763641344177
419,0.666666666666667,0,-0.5
419,0.777777777777778,0,-0.191947095455092
419,0.888888888888889,0,0
419,1,0.0449219715752424,0.249896599171603
420,0,0,0
420,0.111111111111111,0,0
420,0.222222222222222,0,0
420,0.333333333333333,0,-0.5
420,0.444444444444444,0,-0.115392512984811
420,0.555555555555556,0,-0.248079142039904
420,0.666666666666667,0,-0.5
420,0.777777777777778,0,0
420,0.888888888888889,0,0
420,1,0,0
421,0,0,0
421,0.111111111111111,0,0
421,0.222222222222222,0,0
421,0.333333333333333,0,-0.5
421,0.444444444444444,0.109649373772066,-0.178113365861446
421,0.555555555555556,0,0.072826529905702
421,0.666666666666667,0,-0.5
421,0.777777777777778,0,0
421,0.888888888888889,0,0
421,1,0,0
422,0,-0.121811676645642,0
422,0.111111111111111,-0.122378174687081,0
422,0.222222222222222,-0.317024199288308,-0.155183186416774
422,0.333333333333333,-0.0534672981238876,-0.5
422,0.444444444444444,0,-0.297473006728203
422,0.555555555555556,0,0.187749680219495
422,0.666666666666667,0,-0.221025363353772
422,0.777777777777778,-0.142864674926558,0
422,0.888888888888889,0,0
422,1,-0.163324378519286,0
423,0,0,0
423,0.111111111111111,0,0
423,0.222222222222222,0,0
423,0.333333333333333,0.10814704108045,-0.109208932008989
423,0.444444444444444,0,0.23222713852218
423,0.555555555555556,0,0.21059414094071
423,0.666666666666667,0,0.661540022517363
423,0.777777777777778,0,0
423,0.888888888888889,0,0
423,1,-0.174850690474068,0.693324805546378
424,0,0,0
424,0.111111111111111,0,0
424,0.222222222222222,0,0
424,0.333333333333333,0,-0.5
424,0.444444444444444,0,-0.617323964114976
424,0.555555555555556,0,0.0403321250136035
424,0.666666666666667,0,-0.5
424,0.777777777777778,0,0
424,0.888888888888889,0,0
424,1,0,0
425,0,-0.0838134796562769,0
425,0.111111111111111,0,0
425,0.222222222222222,0,0
425,0.333333333333333,0,0.0671692894598701
425,0.444444444444444,0,0.395012479637078
425,0.555555555555556,0,0.168884423339334
425,0.666666666666667,0,-0.0232728469661365
425,0.777777777777778,0,0
425,0.888888888888889,0,0
425,1,0.137712047873221,0
426,0,-0.160269733747771,0
426,0.111111111111111,0,0
426,0.222222222222222,-0.145502402110665,0
426,0.333333333333333,-0.267417180277744,0.218168555514065
426,0.444444444444444,-0.271368889367726,0.772256710770864
426,0.555555555555556,-0.352787429491553,0.185984693761585
426,0.666666666666667,0,0.728189782059475
426,0.777777777777778,0,0
426,0.888888888888889,0,0.137879775625957
426,1,-0.450505126200396,0.750627665495589
427,0,0.0931901572674605,-0.299395123733296
427,0.111111111111111,0,0
427,0.222222222222222,0.210257551119582,0
427,0.333333333333333,0,0.0803811316256055
427,0.444444444444444,0,-0.338241240634171
427,0.555555555555556,-0.119074080550032,0.231708515250104
427,0.666666666666667,0,-0.5
427,0.777777777777778,-0.267777002833215,0
427,0.888888888888889,-0.399879541380808,0
427,1,0,-0.237786563560106
428,0,0,-0.306126281454156
428,0.111111111111111,0,0
428,0.222222222222222,-0.129903748012228,0
428,0.333333333333333,0,-0.5
428,0.444444444444444,0,-0.256297394910148
428,0.555555555555556,0,-0.705134434705827
428,0.666666666666667,0.157850857552455,-0.5
428,0.777777777777778,0,0
428,0.888888888888889,0,0
428,1,0.184274882386904,0
429,0,0,-0.705221335143363
429,0.111111111111111,0,-0.48248850076416
429,0.222222222222222,0,0
429,0.333333333333333,0,-0.5
429,0.444444444444444,0,0.401273074640685
429,0.555555555555556,0,-0.560674806094843
429,0.666666666666667,0,-0.5
429,0.777777777777778,0,-0.5145088451721
429,0.888888888888889,0,0
429,1,0,-0.994340405533671
430,0,0,-0.173317746820213
430,0.111111111111111,0,0
430,0.222222222222222,0,0
430,0.333333333333333,0,-0.289130826016291
430,0.444444444444444,0,-0.0858330807302011
430,0.555555555555556,0,0.0106577300315162
430,0.666666666666667,0,-0.5
430,0.777777777777778,0,0
430,0.888888888888889,0,-0.941256027577488
430,1,0,-0.626404068376807
431,0,-0.0814595786305156,0
431,0.111111111111111,-0.121587444532938,0
431,0.222222222222222,0,0
431,0.333333333333333,0,-0.5
431,0.444444444444444,0,0.231289651489855
431,0.555555555555556,0,-0.192135861573939
431,0.666666666666667,0,-0.5
431,0.777777777777778,0,0
431,0.888888888888889,0,0
431,1,-0.326067630998285,0
432,0,0,0
432,0.111111111111111,0,0
432,0.222222222222222,0,0
432,0.333333333333333,0,-0.5
432,0.444444444444444,0,-0.711159197558375
432,0.555555555555556,0,0.350008954251548
432,0.666666666666667,0,-0.5
432,0.777777777777778,0,0
432,0.888888888888889,0,0
432,1,0,0
433,0,0,0
433,0.111111111111111,0,0
433,0.222222222222222,0,0
433,0.333333333333333,0,-0.259216594580845
433,0.444444444444444,0,-0.095060362902646
433,0.555555555555556,0,-0.043094518311774
433,0.666666666666667,0,0.0906364639009275
433,0.777777777777778,0,0
433,0.888888888888889,0,0
433,1,0,0
434,0,0,0
434,0.111111111111111,0,0
434,0.222222222222222,0,0
434,0.333333333333333,0,-0.5
434,0.444444444444444,0,0.548688269018018
434,0.555555555555556,0,-0.247407701865864
434,0.666666666666667,0,-0.207624140119546
434,0.777777777777778,0,0
434,0.888888888888889,0,0
434,1,0,0
435,0,0.139492871431265,0
435,0.111111111111111,0,0
435,0.222222222222222,0,0
435,0.333333333333333,0,0.13171408841787
435,0.444444444444444,0,0.239833878797169
435,0.555555555555556,0.831253724799369,-0.939692620785908
435,0.666666666666667,0.308604053507703,-0.5
435,0.777777777777778,0.158485706360456,0
435,0.888888888888889,0.0188404996847558,0
435,1,0.202073477548445,0
436,0,0,0.151474526183588
436,0.111111111111111,0,0.328668278212144
436,0.222222222222222,0,0
436,0.333333333333333,0,-0.143268892839847
436,0.444444444444444,0,0.387237334227818
436,0.555555555555556,0,-0.0479243114323061
436,0.666666666666667,0,0.597234599638263
436,0.777777777777778,-0.202650643624523,0
436,0.888888888888889,0,0.1421391481642
436,1,0.0987036071375381,0
437,0,0,0
437,0.111111111111111,0,0
437,0.222222222222222,0,0
437,0.333333333333333,0,-0.5
437,0.444444444444444,0,0.275798142485513
437,0.555555555555556,0,-0.0870598700993385
437,0.666666666666667,0,-0.5
437,0.777777777777778,0,0
437,0.888888888888889,0,0
437,1,0,0
438,0,0,0
438,0.111111111111111,0.27157107215782,-0.458690872220539
438,0.222222222222222,0.238921990488997,0
438,0.333333333333333,0.147617511049773,-0.232897011986288
438,0.444444444444444,0,0.395975194531633
438,0.555555555555556,0.180390370429513,-0.283901470066613
438,0.666666666666667,0,-0.5
438,0.777777777777778,0,0
438,0.888888888888889,0,-0.184809495752148
438,1,0,-0.171262314163266
439,0,0,0.149753235197688
439,0.111111111111111,0,0.375034602944707
439,0.222222222222222,0,0
439,0.333333333333333,0,0.506649256280454
439,0.444444444444444,0,-0.227962417368887
439,0.555555555555556,0,0.5406188384444
439,0.666666666666667,-0.068543078983156,0.0723966706933916
439,0.777777777777778,0,0
439,0.888888888888889,0,0
439,1,0,0
440,0,0,0
440,0.111111111111111,0,0
440,0.222222222222222,0,0
440,0.333333333333333,0,-0.134787569229382
440,0.444444444444444,0,-0.121959748515556
440,0.555555555555556,0.553522758412028,-0.567835781631778
440,0.666666666666667,0,-0.5
440,0.777777777777778,0,0
440,0.888888888888889,0,0
440,1,0,0
441,0,0,0
441,0.111111111111111,0,0
441,0.222222222222222,0.357993624837042,0
441,0.333333333333333,0.214387377932899,-0.5
441,0.444444444444444,0,0.605284840691709
441,0.555555555555556,0,0.429747389143364
441,0.666666666666667,0,-0.320599263427175
441,0.777777777777778,0,0
441,0.888888888888889,0,0
441,1,0.301240599518022,0
442,0,0,0
442,0.111111111111111,0,0
442,0.222222222222222,0,0
442,0.333333333333333,0,-0.5
442,0.444444444444444,0,0.247516353611579
442,0.555555555555556,0,0.439443666276402
442,0.666666666666667,0,-0.5
442,0.777777777777778,0,0
442,0.888888888888889,0,0
442,1,-0.311110634170773,0
443,0,0,0
443,0.111111111111111,0,0
443,0.222222222222222,0,0
443,0.333333333333333,0,-0.5
443,0.444444444444444,0,-0.512580582576637
443,0.555555555555556,0,-0.126615724466555
443,0.666666666666667,0,-0.5
443,0.777777777777778,0,0
443,0.888888888888889,0,0
443,1,0,0
444,0,0,0
444,0.111111111111111,0,0
444,0.222222222222222,0,0
444,0.333333333333333,0,-0.5
444,0.444444444444444,0,-0.56772422018209
444,0.555555555555556,0,-0.173945561326268
444,0.666666666666667,0,-0.5
444,0.777777777777778,0,0
444,0.888888888888889,0,0
444,1,0,0
445,0,0,0
445,0.111111111111111,0,0
445,0.222222222222222,0,0
445,0.333333333333333,0,-0.5
445,0.444444444444444,0,0.224627550937818
445,0.555555555555556,0,-0.162616018899908
445,0.666666666666667,0,-0.5
445,0.777777777777778,0,0
445,0.888888888888889,0,0
445,1,0,0
446,0,-0.0818958334275259,0
446,0.111111111111111,0,0
446,0.222222222222222,0,0
446,0.333333333333333,0.359414620588108,-0.5
446,0.444444444444444,0,-0.565816021753977
446,0.555555555555556,0,0.0515986663203143
446,0.666666666666667,0,-0.0154849681872641
446,0.777777777777778,0,0
446,0.888888888888889,0,0
446,1,0,0
447,0,0,0
447,0.111111111111111,0,0
447,0.222222222222222,0,0
447,0.333333333333333,0,-0.5
447,0.444444444444444,0,-0.939692620785908
447,0.555555555555556,0,-0.398827950484768
447,0.666666666666667,0,-0.5
447,0.777777777777778,0,0
447,0.888888888888889,0,0
447,1,-0.204678658566304,0
448,0,0,0
448,0.111111111111111,0,0
448,0.222222222222222,0,0
448,0.333333333333333,0,-0.5
448,0.444444444444444,0,-0.939692620785908
448,0.555555555555556,0,-0.170147826748934
448,0.666666666666667,0,-0.5
448,0.777777777777778,0,0
448,0.888888888888889,0,0
448,1,0,0
449,0,-0.455732946483302,0
449,0.111111111111111,-0.0609211743357461,0
449,0.222222222222222,0,0
449,0.333333333333333,0,-0.0778091296736081
449,0.444444444444444,0,0.321102409315814
449,0.555555555555556,-0.389930722014793,-0.212208017515518
449,0.666666666666667,-0.148717620239816,-0.055320668967114
449,0.777777777777778,-0.029594408087897,0
449,0.888888888888889,0,0
449,1,0,0.157278208939196
450,0,0,0.453532528936881
450,0.111111111111111,0,0
450,0.222222222222222,0,0
450,0.333333333333333,0,-0.5
450,0.444444444444444,0,-0.204391437982541
450,0.555555555555556,0,0.0867563840008234
450,0.666666666666667,0,-0.0767917154438129
450,0.777777777777778,0,0
450,0.888888888888889,0,0
450,1,0,0
451,0,0,0
451,0.111111111111111,0,0
451,0.222222222222222,0,0
451,0.333333333333333,0,0.393978478258144
451,0.444444444444444,0.089660715542565,-0.116866420965693
451,0.555555555555556,0.193018033002107,0.0492834862481484
451,0.666666666666667,0,-0.5
451,0.777777777777778,0,0
451,0.888888888888889,0,0
451,1,0,0
452,0,0,-0.74536471949585
452,0.111111111111111,0,-0.222699857342975
452,0.222222222222222,0,0
452,0.333333333333333,0,-0.5
452,0.444444444444444,0,-0.655190959581873
452,0.555555555555556,0,-0.633073481616942
452,0.666666666666667,0,-0.5
452,0.777777777777778,0,0
452,0.888888888888889,0,-0.765748268104134
452,1,-0.212648661760679,0
453,0,0,0.270974776739014
453,0.111111111111111,0,0
453,0.222222222222222,0.13500419429583,0
453,0.333333333333333,0.334415643347301,-0.5
453,0.444444444444444,0,-0.266294540447904
453,0.555555555555556,0,0.723447703460029
453,0.666666666666667,0.32295924059833,-0.5
453,0.777777777777778,0,0
453,0.888888888888889,0,0
453,1,0,0
454,0,0,0
454,0.111111111111111,0,0
454,0.222222222222222,0,0
454,0.333333333333333,0,0.00426774411190672
454,0.444444444444444,0.431528498367954,-0.701115602348196
454,0.555555555555556,0.168977046544202,-0.304922936228287
454,0.666666666666667,0,-0.5
454,0.777777777777778,0,0
454,0.888888888888889,0,0
454,1,0,0
455,0,0,0
455,0.111111111111111,0,0
455,0.222222222222222,0,0
455,0.333333333333333,0,0.686128989126541
455,0.444444444444444,0,0.168249323155945
455,0.555555555555556,0,0.053154598363126
455,0.666666666666667,0,-0.203567724584499
455,0.777777777777778,0,0
455,0.888888888888889,0,0
455,1,0,0
456,0,0,0
456,0.111111111111111,0,0
456,0.222222222222222,0,0
456,0.333333333333333,0,-0.246210654280639
456,0.444444444444444,0,0.0778368924622975
456,0.555555555555556,0,-0.345116035555839
456,0.666666666666667,0,0.194397580352638
456,0.777777777777778,0,0
456,0.888888888888889,0,0
456,1,0,0
457,0,-0.369384556426746,0.170690995346927
457,0.111111111111111,0,0
457,0.222222222222222,0,0
457,0.333333333333333,0,0.09756295265595
457,0.444444444444444,0,0.651056042961184
457,0.555555555555556,0,0.0571192305150885
457,0.666666666666667,0,-0.5
457,0.777777777777778,0,0
457,0.888888888888889,0,0
457,1,-0.250104343594611,0
458,0,0.0784437229059354,0
458,0.111111111111111,0.255533388546421,-1.02812612018343
458,0.222222222222222,0,0
458,0.333333333333333,0.209769707140382,-0.5
458,0.444444444444444,0,0.490332516902735
458,0.555555555555556,0.165597108881718,-0.576937472314005
458,0.666666666666667,0,-0.5
458,0.777777777777778,0,0
458,0.888888888888889,0,-0.244417176525261
458,1,0,0
459,0,0,0
459,0.111111111111111,0,0
459,0.222222222222222,0,0
459,0.333333333333333,0,-0.5
459,0.444444444444444,0,-0.217620990008086
459,0.555555555555556,0,-0.159411118176115
459,0.666666666666667,0,-0.5
459,0.777777777777778,0,0
459,0.888888888888889,0,-0.323992839300236
459,1,-0.117076586618638,0
460,0,0.0864714444914276,0
460,0.111111111111111,0.121071781447771,0
460,0.222222222222222,0,0
460,0.333333333333333,0.377338600865743,-0.5
460,0.444444444444444,0,-0.168836354701
460,0.555555555555556,0,0.798421191365084
460,0.666666666666667,0,-0.22254027578971
460,0.777777777777778,0,0.317507647622274
460,0.888888888888889,0,0
460,1,0,0
461,0,0,0
461,0.111111111111111,-0.205376327516023,0
461,0.222222222222222,-0.040607692548742,0
461,0.333333333333333,0,-0.5
461,0.444444444444444,0,-0.122683214960297
461,0.555555555555556,0,-0.0934927214855465
461,0.666666666666667,0,-0.255709853000253
461,0.777777777777778,0,0
461,0.888888888888889,-0.225345789299867,0
461,1,-0.540535410387965,0.408486781650128
462,0,0,0
462,0.111111111111111,0,0
462,0.222222222222222,0,0
462,0.333333333333333,0,0.437968620434385
462,0.444444444444444,0,0.221582451351066
462,0.555555555555556,0,0.36227350963765
462,0.666666666666667,0,-0.5
462,0.777777777777778,0,0
462,0.888888888888889,0.064398563265082,0
462,1,0.53037819845093,0
463,0,0,0
463,0.111111111111111,0.110328694455771,0
463,0.222222222222222,0,0
463,0.333333333333333,0.0651024640893607,-0.108909256200449
463,0.444444444444444,0.195714102546397,0.252665187107495
463,0.555555555555556,0,-0.321997900545001
463,0.666666666666667,0,0.281228782707756
463,0.777777777777778,0,0
463,0.888888888888889,0.235277168402069,0
463,1,0.262661140356344,-0.0965458774779675
464,0,0,0
464,0.111111111111111,0,0
464,0.222222222222222,0,0
464,0.333333333333333,0,0.109390652506699
464,0.444444444444444,0,-0.0357830218255328
464,0.555555555555556,0,-0.0968219779786577
464,0.666666666666667,0,-0.5
464,0.777777777777778,0,0
464,0.888888888888889,0,0
464,1,0,-0.600066720828244
465,0,0,0
465,0.111111111111111,0,0
465,0.222222222222222,-0.231796211359979,0
465,0.333333333333333,0,-0.239147856473184
465,0.444444444444444,0,0.36484986780706
465,0.555555555555556,0,-0.0243243943919537
465,0.666666666666667,0,-0.5
465,0.777777777777778,0,0
465,0.888888888888889,0,0
465,1,0,0
466,0,0,-0.176178037465664
466,0.111111111111111,0,0
466,0.222222222222222,0,0
466,0.333333333333333,0.621470008864807,-0.5
466,0.444444444444444,0,0.0568397198177467
466,0.555555555555556,0.28602369614787,-0.371080761886765
466,0.666666666666667,0.261597316656791,-0.5
466,0.777777777777778,0,0
466,0.888888888888889,0,0
466,1,0,0
467,0,0,-0.120863173947437
467,0.111111111111111,0,0
467,0.222222222222222,0,0
467,0.333333333333333,0.298570767127596,-0.5
467,0.444444444444444,0,0.143329774259442
467,0.555555555555556,0,-0.221398943050959
467,0.666666666666667,0.340099736108148,-0.5
467,0.777777777777778,0,0
467,0.888888888888889,0,0
467,1,0,0
468,0,0,0
468,0.111111111111111,0,0
468,0.222222222222222,0,0
468,0.333333333333333,0,0.0992864859067878
468,0.444444444444444,0,-0.152523140590397
468,0.555555555555556,0,0.427536314926081
468,0.666666666666667,0,-0.0677690498460711
468,0.777777777777778,0,0
468,0.888888888888889,0,0
468,1,0,0
469,0,0,-0.197953816070274
469,0.111111111111111,0,0
469,0.222222222222222,0,0
469,0.333333333333333,0,-0.0790787274919522
469,0.444444444444444,0,-0.251102433346796
469,0.555555555555556,0,0.113598240215786
469,0.666666666666667,0,-0.441876702088599
469,0.777777777777778,0,0
469,0.888888888888889,0,0
469,1,0,0
470,0,0.0429368230033439,0
470,0.111111111111111,0,0
470,0.222222222222222,0,0
470,0.333333333333333,0,-0.5
470,0.444444444444444,0,-0.360604986297657
470,0.555555555555556,0,-0.0273792643043418
470,0.666666666666667,0,0.256724286110158
470,0.777777777777778,0,0
470,0.888888888888889,0,0
470,1,-0.151504350982187,-0.289842416993981
471,0,0.407352457352452,-0.574326534107968
471,0.111111111111111,0.402315539887938,-0.610498255681833
471,0.222222222222222,0.19748242025536,0
471,0.333333333333333,0.439251321222795,-0.5
471,0.444444444444444,0.270132448767374,-0.215239610413823
471,0.555555555555556,0.61649149826784,-0.818889502721574
471,0.666666666666667,0.240585893790207,-0.5
471,0.777777777777778,0.0823942856470187,-0.147285436472175
471,0.888888888888889,0.6868550255458,-0.98357260814795
471,1,0.606036288810413,-0.501274733036619
472,0,0,0
472,0.111111111111111,0,0
472,0.222222222222222,0,0
472,0.333333333333333,0,-0.144041180764142
472,0.444444444444444,0,0.272626509343181
472,0.555555555555556,0,0.345506175632468
472,0.666666666666667,0,-0.5
472,0.777777777777778,0,0
472,0.888888888888889,0,0
472,1,0,0.26424134829631
473,0,0,0
473,0.111111111111111,0,0
473,0.222222222222222,0,0
473,0.333333333333333,0,-0.5
473,0.444444444444444,0,0.127610383723272
473,0.555555555555556,0,-0.16721758584793
473,0.666666666666667,0,-0.5
473,0.777777777777778,0,0
473,0.888888888888889,0,0
473,1,0,0
474,0,0.31997630411007,0
474,0.111111111111111,0,0
474,0.222222222222222,0,0
474,0.333333333333333,0,0.37047642824356
474,0.444444444444444,0,0.60740573933279
474,0.555555555555556,0,0.0218302936051208
474,0.666666666666667,0,-0.105241525691852
474,0.777777777777778,0.220326418385125,0
474,0.888888888888889,0.130602788684675,0
474,1,0.12714263961758,0
475,0,-0.160810516765789,0
475,0.111111111111111,0,0
475,0.222222222222222,0,0
475,0.333333333333333,0,-0.5
475,0.444444444444444,0,-0.144741850339628
475,0.555555555555556,0,0.24769553514542
475,0.666666666666667,0,0.0048615504959022
475,0.777777777777778,0,0
475,0.888888888888889,0,0
475,1,0,0
476,0,0,0
476,0.111111111111111,0,0
476,0.222222222222222,0,0
476,0.333333333333333,0.386426162130257,-0.5
476,0.444444444444444,0.0714032659393783,-0.774150341194911
476,0.555555555555556,0,0.346049539844782
476,0.666666666666667,0,0.373171236372305
476,0.777777777777778,0,0
476,0.888888888888889,0,0
476,1,0,0
477,0,0.0628630466954085,0
477,0.111111111111111,0,0.0948867085108322
477,0.222222222222222,0,0.451415297178007
477,0.333333333333333,0,0.22183258742811
477,0.444444444444444,0.259417076208508,-0.707159299231414
477,0.555555555555556,0,0.312808821749017
477,0.666666666666667,0.0435312371847534,0.0507700641837691
477,0.777777777777778,0.296153842947231,0
477,0.888888888888889,0,-0.186364069582146
477,1,-0.107650834989715,0
478,0,0.16772375440612,-0.146861334186843
478,0.111111111111111,0.760980157237229,-1.48214635709878
478,0.222222222222222,0.371253222393066,0
478,0.333333333333333,0.0983917334354478,-0.5
478,0.444444444444444,0,-0.0171675963915749
478,0.555555555555556,0,0.0465001407456849
478,0.666666666666667,0,0.108425639368454
478,0.777777777777778,0,0
478,0.888888888888889,0,0
478,1,0,0
479,0,0,0
479,0.111111111111111,0,0
479,0.222222222222222,0.0825644949209934,0
479,0.333333333333333,0.167207820130894,-0.5
479,0.444444444444444,0,0.0172278871711296
479,0.555555555555556,0.376393496607953,-0.216189501138488
479,0.666666666666667,0.261318843011225,-0.5
479,0.777777777777778,0,0
479,0.888888888888889,0,0
479,1,0,0
480,0,0,0
480,0.111111111111111,0,0
480,0.222222222222222,0,0
480,0.333333333333333,0,-0.5
480,0.444444444444444,0,0.0263446851877517
480,0.555555555555556,0,-0.237666393247738
480,0.666666666666667,0,-0.5
480,0.777777777777778,0,0
480,0.888888888888889,0,0
480,1,0,0
481,0,0,0
481,0.111111111111111,0,0
481,0.222222222222222,0,0
481,0.333333333333333,0,-0.5
481,0.444444444444444,0,0.169306196390779
481,0.555555555555556,0,0.0985562379898119
481,0.666666666666667,0,-0.5
481,0.777777777777778,0,0
481,0.888888888888889,0,0
481,1,0,0
482,0,0,0
482,0.111111111111111,0,0
482,0.222222222222222,0,0
482,0.333333333333333,0,-0.5
482,0.444444444444444,0,0.0091640303767383
482,0.555555555555556,0,0.0966752266432216
482,0.666666666666667,0,-0.5
482,0.777777777777778,0,0
482,0.888888888888889,0,0
482,1,0,0
483,0,0,0
483,0.111111111111111,0,0
483,0.222222222222222,0,0
483,0.333333333333333,0,-0.5
483,0.444444444444444,0,0.616627560255845
483,0.555555555555556,0.106836008007537,-0.359455504945016
483,0.666666666666667,0.161660365160493,-0.5
483,0.777777777777778,0,0
483,0.888888888888889,0,0
483,1,0,0
484,0,0.510107751677141,-1.12473151906568
484,0.111111111111111,0,0
484,0.222222222222222,0,0
484,0.333333333333333,0,-0.0288306134221403
484,0.444444444444444,0,-0.0287312189990392
484,0.555555555555556,-0.399627711517315,0.431870040251649
484,0.666666666666667,0,-0.390203014334529
484,0.777777777777778,0,0
484,0.888888888888889,0.151457669922778,0
484,1,0,0
485,0,0,0
485,0.111111111111111,0,0
485,0.222222222222222,0,0
485,0.333333333333333,0,-0.5
485,0.444444444444444,0,-0.337537600864855
485,0.555555555555556,0,-0.0425269778258711
485,0.666666666666667,0,-0.5
485,0.777777777777778,0,0
485,0.888888888888889,0,0
485,1,0,0
486,0,0,0
486,0.111111111111111,0,0
486,0.222222222222222,0,0
486,0.333333333333333,0,-0.5
486,0.444444444444444,0,0.0422186372804229
486,0.555555555555556,0,-0.135159804242646
486,0.666666666666667,0,-0.5
486,0.777777777777778,0,0
486,0.888888888888889,0,0
486,1,0,0
487,0,0,0
487,0.111111111111111,0,0
487,0.222222222222222,0,0
487,0.333333333333333,0,-0.5
487,0.444444444444444,0,0.0502073192164213
487,0.555555555555556,0,0.408873836340227
487,0.666666666666667,0,-0.5
487,0.777777777777778,-0.166843461700004,0
487,0.888888888888889,0,0
487,1,0,0
488,0,0,0
488,0.111111111111111,0,0
488,0.222222222222222,0,0
488,0.333333333333333,0,-0.5
488,0.444444444444444,0,-0.320513828315991
488,0.555555555555556,0,-0.00264086342569247
488,0.666666666666667,0,-0.5
488,0.777777777777778,0,0
488,0.888888888888889,0,0
488,1,0,0
489,0,0,0
489,0.111111111111111,0,0
489,0.222222222222222,0,0
489,0.333333333333333,0,-0.5
489,0.444444444444444,0,0.0250784705782569
489,0.555555555555556,0,-0.0267724252308785
489,0.666666666666667,0,-0.5
489,0.777777777777778,0,0
489,0.888888888888889,0,0
489,1,0,-0.284362077306263
490,0,0,0
490,0.111111111111111,0,0
490,0.222222222222222,0,0
490,0.333333333333333,0,-0.0386600934758749
490,0.444444444444444,0.113344896326985,-0.192720073353923
490,0.555555555555556,0,-0.281865915066098
490,0.666666666666667,0,0.535104243451983
490,0.777777777777778,-0.174936510050195,0
490,0.888888888888889,-0.304205953434106,0.101770317845711
490,1,-0.341991182202116,0.207584336578908
491,0,0,-0.349033007944957
491,0.111111111111111,0,0
491,0.222222222222222,0,0
491,0.333333333333333,0,-0.5
491,0.444444444444444,0,-0.34862443677219
491,0.555555555555556,0,-0.355581813932778
491,0.666666666666667,0,-0.5
491,0.777777777777778,0,0
491,0.888888888888889,0,0
491,1,0,-0.333336233112799
492,0,0,0
492,0.111111111111111,0,0
492,0.222222222222222,0,0
492,0.333333333333333,0,-0.0161917940288438
492,0.444444444444444,0,-0.240440315590356
492,0.555555555555556,0,0.44641714297777
492,0.666666666666667,0,-0.207660173665493
492,0.777777777777778,0,0
492,0.888888888888889,0,0
492,1,0.194153421414343,0
493,0,0,0
493,0.111111111111111,0,0
493,0.222222222222222,0,0
493,0.333333333333333,0,0.0683639359591692
493,0.444444444444444,0,-0.296287618958445
493,0.555555555555556,0,-0.23306292307955
493,0.666666666666667,0,-0.5
493,0.777777777777778,0,0
493,0.888888888888889,0,0
493,1,0,0
494,0,0,0
494,0.111111111111111,0.0432174504210657,0
494,0.222222222222222,0.410407397255932,0
494,0.333333333333333,0,-0.0734491436523924
494,0.444444444444444,0,0.0712391780122467
494,0.555555555555556,0,0.470102672225724
494,0.666666666666667,0,-0.5
494,0.777777777777778,0,0
494,0.888888888888889,0,-0.328240316683356
494,1,0.223643470138294,-0.407157564860932
495,0,0,0
495,0.111111111111111,0,0
495,0.222222222222222,-0.0639212402809289,0
495,0.333333333333333,-0.494912557911434,0.815107103324032
495,0.444444444444444,-0.0776474377138777,0.274303944176571
495,0.555555555555556,0,-0.100552977109076
495,0.666666666666667,0.11513427418161,-0.5
495,0.777777777777778,0.0689664273814073,0
495,0.888888888888889,0,0
495,1,0,0
496,0,0.204268341102,-0.404823349357327
496,0.111111111111111,0.41962786684077,-1.02179839587433
496,0.222222222222222,0,0
496,0.333333333333333,0.0729075222742045,-0.5
496,0.444444444444444,0,-0.0815683219832112
496,0.555555555555556,0,0.498314178713738
496,0.666666666666667,0,-0.174041465780955
496,0.777777777777778,0.0678129722420335,0
496,0.888888888888889,0,0
496,1,0,-0.199173693894423
497,0,-0.288742856500214,0
497,0.111111111111111,0,0
497,0.222222222222222,0,0
497,0.333333333333333,0,-0.5
497,0.444444444444444,0,-0.255328020731431
497,0.555555555555556,0,-0.314488184229012
497,0.666666666666667,0,-0.5
497,0.777777777777778,0,0
497,0.888888888888889,-0.253337035268622,0
497,1,0,0
498,0,0,0.0430653172397677
498,0.111111111111111,0,0
498,0.222222222222222,0,0
498,0.333333333333333,0,-0.17623345742984
498,0.444444444444444,0,0.0864384062012701
498,0.555555555555556,0,0.00745569269271174
498,0.666666666666667,0,-0.5
498,0.777777777777778,0,0
498,0.888888888888889,0,-0.556130803241885
498,1,-0.06348388914555,0.0783019857989341
499,0,-0.0726905888984223,0
499,0.111111111111111,0,0
499,0.222222222222222,0,0
499,0.333333333333333,0,-0.213862239260341
499,0.444444444444444,0.40897058886219,-0.017855748966124
499,0.555555555555556,0,-0.00680176174087699
499,0.666666666666667,0,-0.5
499,0.777777777777778,0,0
499,0.888888888888889,0,-0.0509768221529952
499,1,0,0
500,0,0,0
500,0.111111111111111,0,0
500,0.222222222222222,0,0
500,0.333333333333333,0,-0.5
500,0.444444444444444,0,0.0375078158475395
500,0.555555555555556,0,-0.409617844444671
500,0.666666666666667,0,-0.5
500,0.777777777777778,0,0
500,0.888888888888889,0,0
500,1,0,0
501,0,0.159486946181205,-0.417315135783943
501,0.111111111111111,0,0
501,0.222222222222222,0,0
501,0.333333333333333,0.0500253333436646,-0.26181509623853
501,0.444444444444444,0.430828540769842,-0.330048600945861
501,0.555555555555556,0.360809560425937,-0.0118805395762547
501,0.666666666666667,0,-0.5
501,0.777777777777778,0,0
501,0.888888888888889,0,-0.186995520707724
501,1,-0.0197282955628683,0
502,0,0,0
502,0.111111111111111,0,0
502,0.222222222222222,0.0869234785360906,0
502,0.333333333333333,0.228583451670131,-0.406633785168201
502,0.444444444444444,0.0931615118409884,-0.238803055246056
502,0.555555555555556,0,0.145264836701636
502,0.666666666666667,0,-0.144304710071695
502,0.777777777777778,0,0
502,0.888888888888889,0,0
502,1,0,0
503,0,0,0
503,0.111111111111111,0,0
503,0.222222222222222,0,0
503,0.333333333333333,0,-0.5
503,0.444444444444444,0,-0.303850994630276
503,0.555555555555556,0,-0.720344935160112
503,0.666666666666667,0,-0.5
503,0.777777777777778,0,0
503,0.888888888888889,0,0
503,1,0,0
504,0,0.130624682934033,-0.243826458666451
504,0.111111111111111,0,0
504,0.222222222222222,0,0
504,0.333333333333333,0,-0.213984282411687
504,0.444444444444444,0,0.098011934155034
504,0.555555555555556,0,-0.00456333758555116
504,0.666666666666667,0.114995201554747,-0.306007346807393
504,0.777777777777778,0,0
504,0.888888888888889,0,0
504,1,-0.0737519242974412,-0.204036706258823
505,0,0.172167126904372,0.115137351639738
505,0.111111111111111,0,0
505,0.222222222222222,-0.0661109942579199,0
505,0.333333333333333,0,0.270648451954571
505,0.444444444444444,0,-0.0359315523915509
505,0.555555555555556,0,0.226355276661921
505,0.666666666666667,0.206107848376768,-0.231678140696648
505,0.777777777777778,0.0278949351225578,0
505,0.888888888888889,0.189666012323733,0
505,1,0,0
506,0,0,0
506,0.111111111111111,0,0
506,0.222222222222222,0,0
506,0.333333333333333,0,0.521327256535601
506,0.444444444444444,0,-0.694645179631794
506,0.555555555555556,0,0.157011572608132
506,0.666666666666667,0,-0.13284449036663
506,0.777777777777778,0,0
506,0.888888888888889,0,0
506,1,0,0
507,0,0,0
507,0.111111111111111,0,0
507,0.222222222222222,0,0
507,0.333333333333333,0,-0.5
507,0.444444444444444,0.553093992129274,-0.939692620785908
507,0.555555555555556,0.432708467182231,-0.939692620785908
507,0.666666666666667,0,-0.5
507,0.777777777777778,0,0
507,0.888888888888889,0,0
507,1,0,0
508,0,0,0
508,0.111111111111111,0,0
508,0.222222222222222,0,0
508,0.333333333333333,0,-0.5
508,0.444444444444444,0,-0.285259297799716
508,0.555555555555556,0,-0.00775668257732143
508,0.666666666666667,0,-0.5
508,0.777777777777778,0,0
508,0.888888888888889,0,0
508,1,0,0
509,0,0,0
509,0.111111111111111,0,0
509,0.222222222222222,0,0
509,0.333333333333333,0,-0.00353602638393719
509,0.444444444444444,-0.21144075302263,0.0924868714819317
509,0.555555555555556,0,0.403381689612634
509,0.666666666666667,0.0327808152728726,-0.5
509,0.777777777777778,0.445363407236076,0
509,0.888888888888889,0,0
509,1,0.254500235163419,0
510,0,0,0
510,0.111111111111111,0,0
510,0.222222222222222,0,0
510,0.333333333333333,0,0.0321039596711641
510,0.444444444444444,0,-0.106927414745074
510,0.555555555555556,0,0.203678366793709
510,0.666666666666667,0,-0.5
510,0.777777777777778,0,0
510,0.888888888888889,0,0
510,1,0,0
511,0,0,0
511,0.111111111111111,0,0
511,0.222222222222222,0,0
511,0.333333333333333,0,0.348501120231025
511,0.444444444444444,0,-0.163840853546944
511,0.555555555555556,0,0.268504847416685
511,0.666666666666667,0,-0.206640237451165
511,0.777777777777778,0,0
511,0.888888888888889,0,0
511,1,0,0
512,0,0,0
512,0.111111111111111,0,0
512,0.222222222222222,0,0
512,0.333333333333333,0,-0.5
512,0.444444444444444,0,0.0852396518918154
512,0.555555555555556,0,-0.300989903067745
512,0.666666666666667,0,-0.180960727595468
512,0.777777777777778,0,0
512,0.888888888888889,0,0
512,1,0,0
513,0,0,-0.0927769246055
513,0.111111111111111,0,0
513,0.222222222222222,0,0
513,0.333333333333333,0,-0.182424028199902
513,0.444444444444444,0,0.11595041497814
513,0.555555555555556,0,-0.0725485345476683
513,0.666666666666667,0,-0.00310180438521551
513,0.777777777777778,0,0
513,0.888888888888889,0,0
513,1,0,-0.139900987584601
514,0,-0.403684448616935,-0.230296030328363
514,0.111111111111111,0,0
514,0.222222222222222,-0.359572604278538,0
514,0.333333333333333,0,-0.5
514,0.444444444444444,0,-0.319595527090369
514,0.555555555555556,0,-0.253231584682372
514,0.666666666666667,0,-0.117278028976989
514,0.777777777777778,-0.182436890492212,0
514,0.888888888888889,-0.1168704324591,0
514,1,0,-0.150395185244057
515,0,-0.148353550983169,0
515,0.111111111111111,0,0
515,0.222222222222222,0,0
515,0.333333333333333,0,-0.200251894433733
515,0.444444444444444,0,-0.119333573715809
515,0.555555555555556,0,0.121066403834844
515,0.666666666666667,0,-0.0270797748190286
515,0.777777777777778,0,0
515,0.888888888888889,0,0
515,1,0,0
516,0,0,0
516,0.111111111111111,0,0
516,0.222222222222222,0,0.452987862728269
516,0.333333333333333,0,-0.0982346560972796
516,0.444444444444444,0,-0.127660752700257
516,0.555555555555556,0,0.22798466352653
516,0.666666666666667,0,-0.234090337425224
516,0.777777777777778,0,0
516,0.888888888888889,0,0
516,1,0,0.406489416589861
517,0,0,0
517,0.111111111111111,0,0
517,0.222222222222222,0,0
517,0.333333333333333,0,-0.5
517,0.444444444444444,0,-0.150315563013325
517,0.555555555555556,0,-0.210431480430593
517,0.666666666666667,0,-0.5
517,0.777777777777778,0,0
517,0.888888888888889,0,0
517,1,0,0
518,0,0,0
518,0.111111111111111,0,0
518,0.222222222222222,0,0
518,0.333333333333333,-0.0898769148256546,-0.5
518,0.444444444444444,-0.319094473564237,0.0957083391019701
518,0.555555555555556,0,0.0328817976247644
518,0.666666666666667,0,0.0443463383761005
518,0.777777777777778,0,0
518,0.888888888888889,-0.247172095338721,0
518,1,-0.0408307561457624,0.287097708700828
519,0,0,0
519,0.111111111111111,0,0
519,0.222222222222222,0,0
519,0.333333333333333,0,-0.5
519,0.444444444444444,0,0.0346680956987091
519,0.555555555555556,0,0.25104601969612
519,0.666666666666667,0,-0.166411515252488
519,0.777777777777778,0,0
519,0.888888888888889,0,0
519,1,-0.0313828827370317,0
520,0,0,0
520,0.111111111111111,0,-0.478090141385167
520,0.222222222222222,0,0
520,0.333333333333333,0,-0.5
520,0.444444444444444,0,-0.264355945111296
520,0.555555555555556,0,-0.0660859006711547
520,0.666666666666667,0,-0.5
520,0.777777777777778,0,0
520,0.888888888888889,0,0
520,1,0,0
521,0,0,0
521,0.111111111111111,0,0
521,0.222222222222222,0,0
521,0.333333333333333,0,-0.104360075351148
521,0.444444444444444,0,0.130050064159306
521,0.555555555555556,0,-0.15327862309953
521,0.666666666666667,0,-0.5
521,0.777777777777778,0,0
521,0.888888888888889,0,0
521,1,0,-0.491579733219418
522,0,0,0
522,0.111111111111111,0,0
522,0.222222222222222,0.17595470737746,0
522,0.333333333333333,0,-0.216241248552954
522,0.444444444444444,-0.0940836493718162,0.102509674583421
522,0.555555555555556,0,0.154558178446964
522,0.666666666666667,0,-0.134967545013742
522,0.777777777777778,0,0
522,0.888888888888889,0,0
522,1,0.290525749215998,-0.18665970721502
523,0,0,0
523,0.111111111111111,0,0
523,0.222222222222222,0,0
523,0.333333333333333,0,-0.5
523,0.444444444444444,0,-0.334182785941888
523,0.555555555555556,0,0.138834647159644
523,0.666666666666667,0,-0.5
523,0.777777777777778,0,0
523,0.888888888888889,0,0
523,1,0,0
524,0,0,0
524,0.111111111111111,0,0
524,0.222222222222222,0,0
524,0.333333333333333,0.392435651686406,-0.256492200429989
524,0.444444444444444,0,0.1972321505836
524,0.555555555555556,0,0.119291800866073
524,0.666666666666667,0,0.190397995743933
524,0.777777777777778,0,0
524,0.888888888888889,0,0.264419542589382
524,1,0,0
525,0,0,0
525,0.111111111111111,0,0
525,0.222222222222222,0,0
525,0.333333333333333,0,-0.5
525,0.444444444444444,0,0.0304997348617051
525,0.555555555555556,0,0.112222905385418
525,0.666666666666667,0,-0.5
525,0.777777777777778,0,0
525,0.888888888888889,0,0
525,1,0,0
526,0,0,0
526,0.111111111111111,0,0
526,0.222222222222222,0,0
526,0.333333333333333,0,0.0169982714040454
526,0.444444444444444,0,-0.1623612475873
526,0.555555555555556,0,-0.344244730325711
526,0.666666666666667,0,-0.0997669710061373
526,0.777777777777778,0,0
526,0.888888888888889,0,0
526,1,0,0
527,0,0.0440030580319112,0
527,0.111111111111111,0,0
527,0.222222222222222,-0.171080837643997,0
527,0.333333333333333,-0.222332233284092,-0.5
527,0.444444444444444,-0.600610772372607,0.631319950959517
527,0.555555555555556,-0.330684090874613,0.262174099692278
527,0.666666666666667,-0.290654347350913,0.169617612534255
527,0.777777777777778,0,0
527,0.888888888888889,-0.0627293007991197,0
527,1,-0.16098274463437,0.155894805499339
528,0,0,0
528,0.111111111111111,0,0
528,0.222222222222222,0,0
528,0.333333333333333,0,-0.5
528,0.444444444444444,0,-0.0974162773904048
528,0.555555555555556,0,-0.493526483235668
528,0.666666666666667,0,-0.5
528,0.777777777777778,0,0
528,0.888888888888889,0,0
528,1,-0.19018526349168,0
529,0,0,0
529,0.111111111111111,0,-0.321475883445642
529,0.222222222222222,0,0
529,0.333333333333333,0,-0.5
529,0.444444444444444,0,-0.0381419258591735
529,0.555555555555556,0,0.667002299217608
529,0.666666666666667,0,-0.145317016903438
529,0.777777777777778,0,0
529,0.888888888888889,0,0
529,1,0,0.128813816849607
530,0,0,0
530,0.111111111111111,0,0
530,0.222222222222222,0,0
530,0.333333333333333,0,0.12783113361175
530,0.444444444444444,0,-0.197089128043094
530,0.555555555555556,0,0.64053268572139
530,0.666666666666667,0.26033952226678,-0.5
530,0.777777777777778,0,0
530,0.888888888888889,-0.107305209264938,0
530,1,0,0
531,0,0,-0.533874295925007
531,0.111111111111111,0,-0.111441564115374
531,0.222222222222222,0,0
531,0.333333333333333,0.123883796756079,-0.5
531,0.444444444444444,0.351588495483737,-0.939692620785908
531,0.555555555555556,0,-0.0871476200490299
531,0.666666666666667,0,-0.5
531,0.777777777777778,0,0
531,0.888888888888889,0,0
531,1,0,0
532,0,0,-0.188527286222755
532,0.111111111111111,0,0
532,0.222222222222222,0,0
532,0.333333333333333,0,-0.395855766355828
532,0.444444444444444,0,0.359856547084513
532,0.555555555555556,0,-0.241137550656629
532,0.666666666666667,0,-0.0551935717621728
532,0.777777777777778,0,0
532,0.888888888888889,0,0
532,1,-0.0332491889926841,0
533,0,0,0
533,0.111111111111111,0,0
533,0.222222222222222,0.128767628189695,0
533,0.333333333333333,0,-0.370140609566687
533,0.444444444444444,0,-0.0192351738167684
533,0.555555555555556,0,-0.108917127483015
533,0.666666666666667,0.480750308365063,-0.5
533,0.777777777777778,0,0
533,0.888888888888889,0,0
533,1,0.156977395846996,0
534,0,0,0
534,0.111111111111111,0,0
534,0.222222222222222,0,0
534,0.333333333333333,0,-0.5
534,0.444444444444444,0,-0.270498178023018
534,0.555555555555556,0,-0.186131744258555
534,0.666666666666667,0,-0.5
534,0.777777777777778,0,0
534,0.888888888888889,0,0
534,1,0,0
535,0,0.376803719653141,-0.273094684063255
535,0.111111111111111,0.390697981915462,0
535,0.222222222222222,0.310038230803617,0
535,0.333333333333333,0.153063812718447,-0.0111156337455778
535,0.444444444444444,0.553321156863094,-0.777265374901104
535,0.555555555555556,0.533588816413714,-0.0197461617313281
535,0.666666666666667,0,0.246741463532668
535,0.777777777777778,0.171872937296794,0
535,0.888888888888889,0.382120359032077,0
535,1,0.504881835505698,-0.366146820638261
536,0,0,0.231788995847232
536,0.111111111111111,0,0
536,0.222222222222222,0,0
536,0.333333333333333,0,-0.102158743077741
536,0.444444444444444,0,0.0898317923747974
536,0.555555555555556,0,0.0184587239596157
536,0.666666666666667,0,-0.0494240480045174
536,0.777777777777778,0,0
536,0.888888888888889,0,0
536,1,0,0.106814643803804
537,0,0,0
537,0.111111111111111,0,0
537,0.222222222222222,0,0
537,0.333333333333333,0,-0.5
537,0.444444444444444,0,-0.185463659549482
537,0.555555555555556,0,0.415212626677343
537,0.666666666666667,0,-0.5
537,0.777777777777778,0,0
537,0.888888888888889,0,0
537,1,0,0
538,0,0,0
538,0.111111111111111,0,0
538,0.222222222222222,0,0
538,0.333333333333333,0,-0.118356537202193
538,0.444444444444444,0,0.0277304133736831
538,0.555555555555556,-0.080358325152589,0.114503878837088
538,0.666666666666667,0,-0.21523650161325
538,0.777777777777778,0,0
538,0.888888888888889,0,0
538,1,0,0
539,0,0,0
539,0.111111111111111,0,0
539,0.222222222222222,0,0
539,0.333333333333333,0,-0.0738598620734633
539,0.444444444444444,0,-0.0874553383543305
539,0.555555555555556,0,-0.157172340734775
539,0.666666666666667,0,-0.5
539,0.777777777777778,0,0
539,0.888888888888889,0,0
539,1,0,0
540,0,0.302418514824422,-0.374140364508509
540,0.111111111111111,0,0
540,0.222222222222222,0,0
540,0.333333333333333,0.0832247946633985,-0.122879832592058
540,0.444444444444444,0.762657332280704,-0.939692620785908
540,0.555555555555556,0.181728328227742,-0.211045898040734
540,0.666666666666667,0,-0.34018468630363
540,0.777777777777778,0,0
540,0.888888888888889,0,-0.484142936712673
540,1,-0.0545858656864441,0
541,0,-0.0577928687985128,0.145402559184824
541,0.111111111111111,0,0
541,0.222222222222222,-0.0187911810266599,0
541,0.333333333333333,0,-0.106089834286854
541,0.444444444444444,0.156998662605204,0.505733032592643
541,0.555555555555556,0,0.130945041196433
541,0.666666666666667,0,-0.464949364149818
541,0.777777777777778,0,0
541,0.888888888888889,0,0
541,1,0.0269119326940604,0
542,0,0,0
542,0.111111111111111,0,0
542,0.222222222222222,0,0
542,0.333333333333333,0,0.0642007013355577
542,0.444444444444444,0,-0.371346977339079
542,0.555555555555556,0,0.0813471761429685
542,0.666666666666667,0,-0.296593625865643
542,0.777777777777778,0,0
542,0.888888888888889,0,0
542,1,0,-0.295657891969294
543,0,0,0
543,0.111111111111111,0,0
543,0.222222222222222,0,0
543,0.333333333333333,0,-0.0675011829107766
543,0.444444444444444,0,0.0456151164245264
543,0.555555555555556,0,-0.24907444042631
543,0.666666666666667,-0.157407869855581,0.345082519250535
543,0.777777777777778,0,0
543,0.888888888888889,0,0
543,1,0,0.172232211007127
544,0,0,0
544,0.111111111111111,0,0
544,0.222222222222222,0.0658492655811462,0
544,0.333333333333333,0,-0.119996818656712
544,0.444444444444444,0,0.327346146935873
544,0.555555555555556,0,0.214550802921576
544,0.666666666666667,0,-0.363691994806233
544,0.777777777777778,0,0
544,0.888888888888889,0,0
544,1,-0.338077205208506,0.557490223439049
545,0,0,0
545,0.111111111111111,0,0
545,0.222222222222222,0,0
545,0.333333333333333,0,-0.5
545,0.444444444444444,0.306557942064592,-0.581117358542944
545,0.555555555555556,0.777083300243273,-0.939692620785908
545,0.666666666666667,0.225350442452167,-0.5
545,0.777777777777778,0,0
545,0.888888888888889,0,0
545,1,0,-0.113602604124339
546,0,0,0
546,0.111111111111111,0,0
546,0.222222222222222,0,0
546,0.333333333333333,0,-0.210287831528094
546,0.444444444444444,0,-0.310685393610153
546,0.555555555555556,0,0.10720657537056
546,0.666666666666667,0,-0.5
546,0.777777777777778,0,0
546,0.888888888888889,0,0
546,1,0,0
547,0,-0.3467355485637,0.249799021262143
547,0.111111111111111,0,0
547,0.222222222222222,-0.382978852938861,0
547,0.333333333333333,-0.177562204582419,-0.0201657265888043
547,0.444444444444444,0,-0.0721900349538116
547,0.555555555555556,0.0815564224091093,-0.219455774132151
547,0.666666666666667,0.366862979819459,-0.5
547,0.777777777777778,0,0
547,0.888888888888889,0,0
547,1,-0.207217922946449,0
548,0,0.0513340523775636,0
548,0.111111111111111,0,0
548,0.222222222222222,0,0
548,0.333333333333333,0,-0.5
548,0.444444444444444,0,-0.353055109070842
548,0.555555555555556,0,0.280858572677045
548,0.666666666666667,0,-0.117977224342596
548,0.777777777777778,0,0
548,0.888888888888889,0,0
548,1,0,0
549,0,0,0
549,0.111111111111111,-0.173027222477064,0
549,0.222222222222222,-0.287822683350552,0
549,0.333333333333333,0,-0.5
549,0.444444444444444,0,0.108093545418289
549,0.555555555555556,0,-0.0388711271649843
549,0.666666666666667,0,-0.5
549,0.777777777777778,0,0
549,0.888888888888889,0,0
549,1,0,0
550,0,0,0
550,0.111111111111111,0,0
550,0.222222222222222,0,0
550,0.333333333333333,0,-0.271565950510182
550,0.444444444444444,0,-0.20433358565224
550,0.555555555555556,0,-0.0323958671245038
550,0.666666666666667,0,-0.232213889520497
550,0.777777777777778,0,0
550,0.888888888888889,0,0
550,1,0,-0.312589794951955
551,0,0,-0.124745287255256
551,0.111111111111111,0,0
551,0.222222222222222,-0.0900537666307807,0
551,0.333333333333333,0,-0.171239044596756
551,0.444444444444444,0,0.0747316905333687
551,0.555555555555556,0,-0.217424067893436
551,0.666666666666667,0,-0.5
551,0.777777777777778,0.55573433034878,0
551,0.888888888888889,0,0
551,1,0,0
552,0,0,0
552,0.111111111111111,0,0
552,0.222222222222222,0,0
552,0.333333333333333,0,-0.5
552,0.444444444444444,0,-0.231093310043909
552,0.555555555555556,0,-0.355947194319045
552,0.666666666666667,0,-0.5
552,0.777777777777778,0,0
552,0.888888888888889,0,0
552,1,0,0
553,0,0,0
553,0.111111111111111,0.392922703397199,0
553,0.222222222222222,0,0.0595075620765902
553,0.333333333333333,0,-0.334159929917539
553,0.444444444444444,0,0.337616191574397
553,0.555555555555556,0,0.0159894514043611
553,0.666666666666667,0,-0.0355909627569297
553,0.777777777777778,0,0
553,0.888888888888889,0.148223701223732,0
553,1,0.126815662977531,0
554,0,0,0
554,0.111111111111111,0,0
554,0.222222222222222,0,0
554,0.333333333333333,0,-0.5
554,0.444444444444444,-0.113703905580196,0.480712446132339
554,0.555555555555556,0,0.257337547666832
554,0.666666666666667,-0.191532973038272,0.0474403652260702
554,0.777777777777778,-0.238084652958469,0
554,0.888888888888889,0,0.173098421481975
554,1,0,0.0338546874138575
555,0,0,0.17842440298107
555,0.111111111111111,0,0
555,0.222222222222222,0,0
555,0.333333333333333,0,0.115108726311607
555,0.444444444444444,0,0.298603091752393
555,0.555555555555556,0,-0.0726701598019521
555,0.666666666666667,0,-0.099641344373539
555,0.777777777777778,0.0484619389211627,0
555,0.888888888888889,0.150501016594229,0
555,1,0,0.0690104018613193
556,0,0,0
556,0.111111111111111,0,0
556,0.222222222222222,0,0
556,0.333333333333333,0,-0.5
556,0.444444444444444,0,0.00187224479368764
556,0.555555555555556,0,-0.255571835326649
556,0.666666666666667,0,-0.5
556,0.777777777777778,0,0
556,0.888888888888889,0,0
556,1,0,0
557,0,0.277190513635491,-0.308712941989644
557,0.111111111111111,0.039830372445627,0
557,0.222222222222222,0,0
557,0.333333333333333,0,-0.12100526902512
557,0.444444444444444,0,-0.389306159651248
557,0.555555555555556,0,0.521813540103368
557,0.666666666666667,0,-0.238221162758783
557,0.777777777777778,0,0
557,0.888888888888889,0,0
557,1,0,-0.179883259540514
558,0,0,0
558,0.111111111111111,0,0
558,0.222222222222222,0,0
558,0.333333333333333,0,-0.5
558,0.444444444444444,0,-0.286598388021978
558,0.555555555555556,0,0.0174284556313312
558,0.666666666666667,0,-0.5
558,0.777777777777778,0,0
558,0.888888888888889,0,0
558,1,0,0
559,0,0,-0.256698461249282
559,0.111111111111111,0,0
559,0.222222222222222,0,0
559,0.333333333333333,0,-0.213349762407611
559,0.444444444444444,0,-0.202320094219822
559,0.555555555555556,0,0.16998286459146
559,0.666666666666667,0,0.150127235839437
559,0.777777777777778,0,0
559,0.888888888888889,0,0
559,1,0.14707797730062,0
560,0,0,0
560,0.111111111111111,0,0
560,0.222222222222222,0,0
560,0.333333333333333,0,-0.5
560,0.444444444444444,0.277808082344154,-0.604167585523532
560,0.555555555555556,0,-0.0430955851681112
560,0.666666666666667,0,-0.5
560,0.777777777777778,0,0
560,0.888888888888889,0,0
560,1,0,0
561,0,0,0
561,0.111111111111111,0,0
561,0.222222222222222,0,0
561,0.333333333333333,0,-0.5
561,0.444444444444444,0,-0.460139859159887
561,0.555555555555556,0,-0.222987132243371
561,0.666666666666667,0,-0.5
561,0.777777777777778,0,0
561,0.888888888888889,0,0
561,1,0,0
562,0,0.192216097490481,0
562,0.111111111111111,0.240093030750375,0
562,0.222222222222222,0,0
562,0.333333333333333,0,0.254558516403326
562,0.444444444444444,0.320806244019229,-0.179201306941967
562,0.555555555555556,0.550814813991838,-0.939692620785908
562,0.666666666666667,0.230844433345705,-0.5
562,0.777777777777778,0,0
562,0.888888888888889,0.360929560139162,-0.144325662465957
562,1,0.121615354837694,0
563,0,0,0
563,0.111111111111111,0,0
563,0.222222222222222,0,0
563,0.333333333333333,0,-0.5
563,0.444444444444444,0.2113233801967,-0.528533629408051
563,0.555555555555556,0,-0.654659910311057
563,0.666666666666667,0,-0.5
563,0.777777777777778,0,0
563,0.888888888888889,0,0
563,1,0,0
564,0,0,0
564,0.111111111111111,0,0
564,0.222222222222222,0,0
564,0.333333333333333,0,-0.5
564,0.444444444444444,0.309685806961077,-0.307481311277626
564,0.555555555555556,0.263002351180001,-0.208791086390271
564,0.666666666666667,0,-0.5
564,0.777777777777778,0,0
564,0.888888888888889,0,0
564,1,0,0
565,0,0,-0.193387884188041
565,0.111111111111111,0,0
565,0.222222222222222,0,0
565,0.333333333333333,0.190430884362081,-0.5
565,0.444444444444444,0.119356162898813,0.706276148865875
565,0.555555555555556,0.133377338372254,-0.248658811271551
565,0.666666666666667,0,-0.5
565,0.777777777777778,0,0
565,0.888888888888889,0,-0.139349745523356
565,1,0.0455961182921592,-0.240641039582496
566,0,-0.461225840931358,0
566,0.111111111111111,0,0
566,0.222222222222222,0,0
566,0.333333333333333,0,-0.0927090580476242
566,0.444444444444444,0,0.313749430202939
566,0.555555555555556,0,0.0474155326882443
566,0.666666666666667,0,0.125442467635838
566,0.777777777777778,0,0
566,0.888888888888889,0,0
566,1,0,0
567,0,0,0
567,0.111111111111111,0,0
567,0.222222222222222,0,0
567,0.333333333333333,0,-0.5
567,0.444444444444444,0,0.234496574232786
567,0.555555555555556,0,-0.00943061872481954
567,0.666666666666667,0,-0.5
567,0.777777777777778,0,0
567,0.888888888888889,0,0
567,1,0,0
568,0,0,0
568,0.111111111111111,0,0
568,0.222222222222222,0,0
568,0.333333333333333,0,0.0064990280339518
568,0.444444444444444,0,-0.054012204656237
568,0.555555555555556,0,0.365397700633902
568,0.666666666666667,0,-0.09320542386169
568,0.777777777777778,0,0
568,0.888888888888889,0,0
568,1,0,0
569,0,0,0
569,0.111111111111111,0,0
569,0.222222222222222,0,0
569,0.333333333333333,0,-0.5
569,0.444444444444444,0.0749935513342031,-0.329920625249699
569,0.555555555555556,0,-0.521795882945447
569,0.666666666666667,0,-0.5
569,0.777777777777778,0,0
569,0.888888888888889,0,0
569,1,0,-0.0324597215918891
570,0,0,0
570,0.111111111111111,0,0
570,0.222222222222222,0,0
570,0.333333333333333,0,-0.240891625005988
570,0.444444444444444,-0.11937543500522,0.18918979502596
570,0.555555555555556,0,0.0488023347020154
570,0.666666666666667,0,0.0833693074901661
570,0.777777777777778,0,0
570,0.888888888888889,-0.0210374130412707,0
570,1,0,0
571,0,0,0
571,0.111111111111111,0,0
571,0.222222222222222,0,0
571,0.333333333333333,0,-0.5
571,0.444444444444444,0.860498701303575,-0.939692620785908
571,0.555555555555556,0,-0.333590566903202
571,0.666666666666667,0,-0.5
571,0.777777777777778,0,0
571,0.888888888888889,0,0
571,1,0,0
572,0,0,0
572,0.111111111111111,0,0
572,0.222222222222222,0,0
572,0.333333333333333,0,-0.5
572,0.444444444444444,0,-0.285833768181761
572,0.555555555555556,0,0.173959451781232
572,0.666666666666667,0,-0.5
572,0.777777777777778,0,0
572,0.888888888888889,0,0
572,1,0,0
573,0,0,0
573,0.111111111111111,0,0
573,0.222222222222222,0,0
573,0.333333333333333,0,-0.5
573,0.444444444444444,0,0.216216676568113
573,0.555555555555556,0,-0.420683648293106
573,0.666666666666667,0,-0.5
573,0.777777777777778,0,0
573,0.888888888888889,0,0
573,1,0,0
574,0,0.0890293886314297,0
574,0.111111111111111,0,0
574,0.222222222222222,0,0
574,0.333333333333333,0,0.204711599627498
574,0.444444444444444,0,-0.137208636677703
574,0.555555555555556,0,-0.417281016453782
574,0.666666666666667,0,-0.258746571242849
574,0.777777777777778,0,0
574,0.888888888888889,0,0
574,1,0,0
575,0,0,0
575,0.111111111111111,0,0
575,0.222222222222222,0,0
575,0.333333333333333,0,0.0302366478120861
575,0.444444444444444,0,0.483501160582818
575,0.555555555555556,0,-0.0874232633323553
575,0.666666666666667,0,-0.00200845977007952
575,0.777777777777778,0,0
575,0.888888888888889,0,0
575,1,-0.0847860749037417,0
576,0,0,0
576,0.111111111111111,0,0
576,0.222222222222222,0,0
576,0.333333333333333,0,-0.257019886510296
576,0.444444444444444,0,0.1307426124528
576,0.555555555555556,0,-0.161956106658578
576,0.666666666666667,0,-0.5
576,0.777777777777778,0,0
576,0.888888888888889,0,0
576,1,0,0
577,0,0,0
577,0.111111111111111,0.0745328256604499,0
577,0.222222222222222,0,0
577,0.333333333333333,0,-0.0938816294174271
577,0.444444444444444,0,-0.101976148020934
577,0.555555555555556,0,0.0891073755476255
577,0.666666666666667,0,0.166207856875622
577,0.777777777777778,0,0
577,0.888888888888889,0,0.286311132801863
577,1,0,0.175890908381165
578,0,0,0
578,0.111111111111111,0,0
578,0.222222222222222,0,0
578,0.333333333333333,0,-0.00863165646936204
578,0.444444444444444,0,0.261341784220358
578,0.555555555555556,0,0.232547856477997
578,0.666666666666667,0,-0.240170307213504
578,0.777777777777778,0.120405342850848,0
578,0.888888888888889,0.358059102069869,0
578,1,0,0
579,0,0,0
579,0.111111111111111,0,0
579,0.222222222222222,0,0
579,0.333333333333333,0,-0.5
579,0.444444444444444,0,0.312015624336463
579,0.555555555555556,0,-0.0468615992388138
579,0.666666666666667,0,-0.00191686984481326
579,0.777777777777778,0,0
579,0.888888888888889,0,0
579,1,0,0
580,0,0,0
580,0.111111111111111,0,0
580,0.222222222222222,0,0
580,0.333333333333333,0,-0.0883316484100842
580,0.444444444444444,0,0.018615869636987
580,0.555555555555556,0,0.174224324779197
580,0.666666666666667,0,-0.314769821883847
580,0.777777777777778,0,0
580,0.888888888888889,-0.366217796345586,0.590708296182585
580,1,0,0
581,0,0.125156840616032,0
581,0.111111111111111,0.334466980435476,0.307333934066226
581,0.222222222222222,0,0.324147281212349
581,0.333333333333333,0,0.435919884240783
581,0.444444444444444,-0.0599269611317031,-0.0659709285579106
581,0.555555555555556,0,0.701647716998419
581,0.666666666666667,0.0917817613026138,0.00635739181576056
581,0.777777777777778,0,0
581,0.888888888888889,0.466950537691552,0
581,1,0,-0.123308181641855
582,0,0,-0.343888792577224
582,0.111111111111111,0.0629045873980325,0
582,0.222222222222222,0,0
582,0.333333333333333,0,-0.184729262088763
582,0.444444444444444,0,0.377987007283712
582,0.555555555555556,0,-0.320263394338036
582,0.666666666666667,0,-0.5
582,0.777777777777778,0,0
582,0.888888888888889,-0.236007207309137,0
582,1,0,0
583,0,0,0
583,0.111111111111111,0,0
583,0.222222222222222,0,0
583,0.333333333333333,0,-0.0596511810295018
583,0.444444444444444,0,0.250410680945698
583,0.555555555555556,0,0.0142087807846142
583,0.666666666666667,0,-0.5
583,0.777777777777778,0,0
583,0.888888888888889,0,0
583,1,0,0
584,0,0,0
584,0.111111111111111,-0.0651822751861038,0
584,0.222222222222222,0,0
584,0.333333333333333,0,-0.5
584,0.444444444444444,0,-0.0043432231208036
584,0.555555555555556,0,-0.0345831092906537
584,0.666666666666667,0,-0.385699021039677
584,0.777777777777778,0,0
584,0.888888888888889,0,0
584,1,0,0
585,0,-0.206875000590864,0
585,0.111111111111111,0,0
585,0.222222222222222,0,0
585,0.333333333333333,0,-0.5
585,0.444444444444444,0,-0.38787855708485
585,0.555555555555556,0,-0.0820677177795605
585,0.666666666666667,0,-0.5
585,0.777777777777778,0,0
585,0.888888888888889,0,0
585,1,0,0
586,0,0,-0.651421178342748
586,0.111111111111111,0,0
586,0.222222222222222,0,-0.526872388848562
586,0.333333333333333,0,-0.5
586,0.444444444444444,0,-0.224432783280352
586,0.555555555555556,0,-0.0219195581083513
586,0.666666666666667,0,-0.5
586,0.777777777777778,0,0
586,0.888888888888889,0,0
586,1,0,0
587,0,-0.0663569710136693,0
587,0.111111111111111,0,0
587,0.222222222222222,0,0
587,0.333333333333333,0,0.0464056401129759
587,0.444444444444444,-0.1406448207513,0.169490064886954
587,0.555555555555556,0,0.235210134079809
587,0.666666666666667,0.608465811368518,-0.43441557919653
587,0.777777777777778,0,0
587,0.888888888888889,0.0947925682981988,0
587,1,0,0
588,0,0,0
588,0.111111111111111,0,0
588,0.222222222222222,0,0
588,0.333333333333333,0,-0.5
588,0.444444444444444,0,-0.0997765752224941
588,0.555555555555556,0,-0.138617041262916
588,0.666666666666667,0,-0.5
588,0.777777777777778,0,0
588,0.888888888888889,0,0
588,1,0,0
589,0,-0.251280950351331,0
589,0.111111111111111,0,0
589,0.222222222222222,0,0
589,0.333333333333333,0,-0.174127459387866
589,0.444444444444444,0,-0.204855862861563
589,0.555555555555556,0,0.251256013970505
589,0.666666666666667,0,-0.5
589,0.777777777777778,0,0
589,0.888888888888889,0,0
589,1,-0.167304307028501,0
590,0,0.0591679068303397,0
590,0.111111111111111,0,0
590,0.222222222222222,0,0
590,0.333333333333333,0,-0.5
590,0.444444444444444,0,0.114563400704548
590,0.555555555555556,0,-0.305168866694484
590,0.666666666666667,0,0.0943415571835174
590,0.777777777777778,0,0
590,0.888888888888889,0,0
590,1,0.274042568793131,0
591,0,-0.0297542652027858,0
591,0.111111111111111,-0.284307173578178,0
591,0.222222222222222,0,0
591,0.333333333333333,0,-0.5
591,0.444444444444444,0,-0.0118148396240524
591,0.555555555555556,0,0.192911310936577
591,0.666666666666667,0,-0.5
591,0.777777777777778,0,0
591,0.888888888888889,0,-0.377499837122393
591,1,0,-0.288040724493737
592,0,0,0
592,0.111111111111111,0,0
592,0.222222222222222,0,0
592,0.333333333333333,0,-0.5
592,0.444444444444444,0,-0.148740263167466
592,0.555555555555556,0,-0.241430743126051
592,0.666666666666667,0,-0.5
592,0.777777777777778,0,0
592,0.888888888888889,0,0
592,1,0,0
593,0,0,0
593,0.111111111111111,0,-0.232419935669741
593,0.222222222222222,0,0
593,0.333333333333333,0,-0.5
593,0.444444444444444,0,-0.0491200880091741
593,0.555555555555556,0,0.13727754371526
593,0.666666666666667,0,-0.00781258275126628
593,0.777777777777778,-0.133207504608022,0
593,0.888888888888889,0,0
593,1,0,0
594,0,0,0
594,0.111111111111111,0.151427302852988,0
594,0.222222222222222,0,-0.287933364719012
594,0.333333333333333,0,-0.5
594,0.444444444444444,0,-0.00895102243409041
594,0.555555555555556,0,0.0991627890120237
594,0.666666666666667,0,-0.5
594,0.777777777777778,0,0
594,0.888888888888889,0,-0.441915726344744
594,1,0.207768555912938,-0.233730382462162
595,0,0,-0.038944438570551
595,0.111111111111111,0,0
595,0.222222222222222,0,0
595,0.333333333333333,0,-0.302095052818554
595,0.444444444444444,0,0.384026610589941
595,0.555555555555556,0,-0.242830727811125
595,0.666666666666667,0,-0.00441907948594622
595,0.777777777777778,0,0
595,0.888888888888889,0,0
595,1,0,0
596,0,0,0
596,0.111111111111111,0,0
596,0.222222222222222,0,0
596,0.333333333333333,0,-0.5
596,0.444444444444444,0,0.190345321911954
596,0.555555555555556,0,-0.138033968802665
596,0.666666666666667,0,-0.5
596,0.777777777777778,0,0
596,0.888888888888889,0,0
596,1,0,0
597,0,-0.248420793436707,0
597,0.111111111111111,0,0
597,0.222222222222222,-0.121924251097147,0
597,0.333333333333333,0,-0.177545594294499
597,0.444444444444444,0,0.179060180519906
597,0.555555555555556,0,-0.0286787181370901
597,0.666666666666667,0,-0.0134422571305615
597,0.777777777777778,0,0
597,0.888888888888889,0,0
597,1,-0.078268027220021,0
598,0,0,0.16111713086316
598,0.111111111111111,0,0.170955058428278
598,0.222222222222222,0,0
598,0.333333333333333,-0.316938475889095,0.454258683096985
598,0.444444444444444,0,0.360751037855867
598,0.555555555555556,0,-0.00275168621590871
598,0.666666666666667,0,-0.169576716281114
598,0.777777777777778,0,0
598,0.888888888888889,0,0
598,1,0.187861102794368,0
599,0,0,0.403650133835675
599,0.111111111111111,-0.0579863685146709,0
599,0.222222222222222,-0.0956690149386811,0
599,0.333333333333333,0,0.128139126389332
599,0.444444444444444,-0.0953092095872233,0.278147230260169
599,0.555555555555556,-0.0419119355141532,0.0518391887443471
599,0.666666666666667,0,0.112055459917826
599,0.777777777777778,0,0
599,0.888888888888889,0,0
599,1,0,0
600,0,0,0
600,0.111111111111111,0,0
600,0.222222222222222,0,0
600,0.333333333333333,0,-0.5
600,0.444444444444444,0,0.150401037825513
600,0.555555555555556,0,-0.128959188902901
600,0.666666666666667,0,-0.5
600,0.777777777777778,0,0
600,0.888888888888889,0,0
600,1,0,0
601,0,0,0
601,0.111111111111111,0,0
601,0.222222222222222,0,0
601,0.333333333333333,0,-0.5
601,0.444444444444444,0,0.369714929413145
601,0.555555555555556,-1.20949098928486,1.92694726086644
601,0.666666666666667,0,-0.5
601,0.777777777777778,0,0
601,0.888888888888889,0,0
601,1,0,0
602,0,0.718161701633409,0
602,0.111111111111111,0,0
602,0.222222222222222,0,0
602,0.333333333333333,0,-0.5
602,0.444444444444444,0,-0.939692620785908
602,0.555555555555556,0,-0.939692620785908
602,0.666666666666667,0.984620217023865,-0.5
602,0.777777777777778,0,0
602,0.888888888888889,0,0
602,1,0,0
603,0,0,0
603,0.111111111111111,0,0
603,0.222222222222222,0,0
603,0.333333333333333,0,-0.5
603,0.444444444444444,0,-0.939692620785908
603,0.555555555555556,0,0.565106106557242
603,0.666666666666667,0,-0.5
603,0.777777777777778,0,0
603,0.888888888888889,0,0
603,1,0,0
604,0,0,0
604,0.111111111111111,0,0
604,0.222222222222222,0,0
604,0.333333333333333,1.05770627911698,-0.5
604,0.444444444444444,0,-0.939692620785908
604,0.555555555555556,0,-0.939692620785908
604,0.666666666666667,0,-0.5
604,0.777777777777778,0,0
604,0.888888888888889,0,-0.70176354825123
604,1,0,0
605,0,0,0
605,0.111111111111111,0,0
605,0.222222222222222,0,0
605,0.333333333333333,0,-0.5
605,0.444444444444444,0,-0.939692620785908
605,0.555555555555556,0,-0.939692620785908
605,0.666666666666667,0,-0.5
605,0.777777777777778,0,0
605,0.888888888888889,0,0
605,1,0,0
606,0,0,0
606,0.111111111111111,0,0
606,0.222222222222222,0,0
606,0.333333333333333,0,-0.5
606,0.444444444444444,0,-0.939692620785908
606,0.555555555555556,0,-0.939692620785908
606,0.666666666666667,0,-0.5
606,0.777777777777778,0,0
606,0.888888888888889,0,0
606,1,0,0
607,0,0,0
607,0.111111111111111,0,0
607,0.222222222222222,0,0
607,0.333333333333333,0.442386951797851,-0.5
607,0.444444444444444,0,-0.939692620785908
607,0.555555555555556,0,-0.939692620785908
607,0.666666666666667,0,-0.5
607,0.777777777777778,0,0
607,0.888888888888889,0,0
607,1,0.539166605591141,0
608,0,0,0
608,0.111111111111111,0,0
608,0.222222222222222,0,0
608,0.333333333333333,0,-0.5
608,0.444444444444444,0,-0.939692620785908
608,0.555555555555556,0,-0.939692620785908
608,0.666666666666667,0,-0.5
608,0.777777777777778,0,0
608,0.888888888888889,0,0
608,1,0,0
609,0,0,0
609,0.111111111111111,-2.01269327141908,0
609,0.222222222222222,0,0
609,0.333333333333333,0,-0.5
609,0.444444444444444,0,0.313871326496471
609,0.555555555555556,-0.536776252151307,1.45425740983694
609,0.666666666666667,0,-0.5
609,0.777777777777778,0,0
609,0.888888888888889,0,0
609,1,-1.05282578011254,0
610,0,-2.66436982465859,3.21305977425287
610,0.111111111111111,-0.813174261371195,0.747813949373547
610,0.222222222222222,-1.17626318152573,0.66665102791681
610,0.333333333333333,-1.58708787432514,3.32381552658888
610,0.444444444444444,-3.11466464887497,3.73001658346846
610,0.555555555555556,-0.245409948318487,1.19111407560895
610,0.666666666666667,-4.73648631204484,5.02984849371934
610,0.777777777777778,-0.410277629961139,0.891802924291779
610,0.888888888888889,-3.2417745448328,3.9376761524036
610,1,-2.76736838193416,3.33644995040786
611,0,-1.06764056587321,1.31990969964541
611,0.111111111111111,-0.368930054485822,0
611,0.222222222222222,0,0
611,0.333333333333333,0,-0.5
611,0.444444444444444,0,0.913505234851791
611,0.555555555555556,0,-0.143387034145142
611,0.666666666666667,0,-0.5
611,0.777777777777778,0,0
611,0.888888888888889,0,0.515096933512943
611,1,-2.17836989397774,2.33734728290499
612,0,0,0
612,0.111111111111111,0,0
612,0.222222222222222,0,0
612,0.333333333333333,0,-0.5
612,0.444444444444444,0,-0.939692620785908
612,0.555555555555556,0,-0.939692620785908
612,0.666666666666667,0,-0.5
612,0.777777777777778,0,0
612,0.888888888888889,0,0
612,1,0,0
613,0,-1.08242222588122,0
613,0.111111111111111,-0.599171074541432,0
613,0.222222222222222,0,0
613,0.333333333333333,-1.2128211087078,-0.5
613,0.444444444444444,-0.582837348368468,-0.939692620785908
613,0.555555555555556,0,-0.939692620785908
613,0.666666666666667,0,0.29258574020302
613,0.777777777777778,0,0
613,0.888888888888889,0,0
613,1,0,0
614,0,0,0
614,0.111111111111111,0,0
614,0.222222222222222,0,0
614,0.333333333333333,0,-0.5
614,0.444444444444444,0,-0.939692620785908
614,0.555555555555556,0,-0.939692620785908
614,0.666666666666667,0,-0.5
614,0.777777777777778,0,0.391046389993935
614,0.888888888888889,0,0
614,1,0,0
615,0,0,0
615,0.111111111111111,0,0
615,0.222222222222222,0,0
615,0.333333333333333,0,-0.5
615,0.444444444444444,0,-0.939692620785908
615,0.555555555555556,0,-0.939692620785908
615,0.666666666666667,0,-0.5
615,0.777777777777778,0,0
615,0.888888888888889,0,0
615,1,0,0
616,0,0,0
616,0.111111111111111,0,0
616,0.222222222222222,0,0
616,0.333333333333333,0,-0.5
616,0.444444444444444,0,-0.939692620785908
616,0.555555555555556,0,-0.939692620785908
616,0.666666666666667,0,0.396167480664376
616,0.777777777777778,0,0
616,0.888888888888889,0,0
616,1,0,0
617,0,0,0
617,0.111111111111111,0,0
617,0.222222222222222,0,0
617,0.333333333333333,0,-0.5
617,0.444444444444444,0,-0.939692620785908
617,0.555555555555556,0,-0.939692620785908
617,0.666666666666667,0,-0.5
617,0.777777777777778,0,0
617,0.888888888888889,0,0
617,1,0,0
618,0,0,0
618,0.111111111111111,0,0
618,0.222222222222222,0,0
618,0.333333333333333,0,-0.5
618,0.444444444444444,0,-0.939692620785908
618,0.555555555555556,0,-0.521897077213623
618,0.666666666666667,0,-0.5
618,0.777777777777778,0,0
618,0.888888888888889,0,0
618,1,0,0
619,0,0,0
619,0.111111111111111,0,0
619,0.222222222222222,0,0
619,0.333333333333333,0,-0.5
619,0.444444444444444,0,-0.939692620785908
619,0.555555555555556,0,-0.939692620785908
619,0.666666666666667,0,-0.5
619,0.777777777777778,0,0
619,0.888888888888889,0,0
619,1,0,0
620,0,0,0
620,0.111111111111111,0,0
620,0.222222222222222,0,0
620,0.333333333333333,0,-0.5
620,0.444444444444444,0,-0.939692620785908
620,0.555555555555556,0,-0.939692620785908
620,0.666666666666667,0,-0.5
620,0.777777777777778,0,0
620,0.888888888888889,0,0
620,1,0,0
621,0,0,0
621,0.111111111111111,0,0
621,0.222222222222222,0,0
621,0.333333333333333,0,-0.5
621,0.444444444444444,0,-0.939692620785908
621,0.555555555555556,0,-0.939692620785908
621,0.666666666666667,0,-0.209688247376479
621,0.777777777777778,0,0
621,0.888888888888889,0,0
621,1,0,0
622,0,-0.843927135880739,0
622,0.111111111111111,-0.818980769655546,1.15961198279065
622,0.222222222222222,0,0
622,0.333333333333333,-1.41294258089946,-0.5
622,0.444444444444444,0,-0.939692620785908
622,0.555555555555556,0,0.111006576875553
622,0.666666666666667,0,-0.5
622,0.777777777777778,0,0
622,0.888888888888889,0,0
622,1,-0.593153858728275,0
623,0,0,0
623,0.111111111111111,0,0
623,0.222222222222222,0,0
623,0.333333333333333,0,-0.5
623,0.444444444444444,0,1.13366976741481
623,0.555555555555556,0,-0.939692620785908
623,0.666666666666667,0,-0.5
623,0.777777777777778,0,0
623,0.888888888888889,0,0
623,1,0.883762057747868,0
624,0,-1.21407069587808,-0.854487408479931
624,0.111111111111111,0,0
624,0.222222222222222,-0.452571948763006,0
624,0.333333333333333,0,-0.812245601608663
624,0.444444444444444,0,-0.939692620785908
624,0.555555555555556,-1.22660297689308,-0.939692620785908
624,0.666666666666667,0,-0.5
624,0.777777777777778,-0.324558010706071,0
624,0.888888888888889,-1.51029787789662,0
624,1,-0.91565588145625,0
625,0,0,0
625,0.111111111111111,0,0
625,0.222222222222222,0,0
625,0.333333333333333,-1.39793034154614,-0.5
625,0.444444444444444,0,-0.939692620785908
625,0.555555555555556,0,-0.939692620785908
625,0.666666666666667,0,-0.5
625,0.777777777777778,0,0
625,0.888888888888889,-0.579231630320398,0
625,1,0,0
626,0,0,0
626,0.111111111111111,0,0
626,0.222222222222222,0,0
626,0.333333333333333,0,-0.5
626,0.444444444444444,0,-0.939692620785908
626,0.555555555555556,0,-0.617012386199567
626,0.666666666666667,0,-0.5
626,0.777777777777778,0,0
626,0.888888888888889,-0.714588153178573,-0.659283211819597
626,1,-0.745680587546646,-1.42369570873424
627,0,0,0
627,0.111111111111111,0,0
627,0.222222222222222,0,0
627,0.333333333333333,0,-0.5
627,0.444444444444444,0,-0.939692620785908
627,0.555555555555556,0,-0.939692620785908
627,0.666666666666667,0,-0.5
627,0.777777777777778,0,0
627,0.888888888888889,0,0
627,1,0,0
628,0,-1.07688157475154,0
628,0.111111111111111,0,0
628,0.222222222222222,-0.519484111013428,0
628,0.333333333333333,0,-0.5
628,0.444444444444444,0,-0.939692620785908
628,0.555555555555556,0,-0.0228635568002337
628,0.666666666666667,-0.66719486043236,-0.5
628,0.777777777777778,-1.73151267567452,0
628,0.888888888888889,0,0
628,1,-0.729489549149219,0.267761042434668
629,0,0,0
629,0.111111111111111,0,0
629,0.222222222222222,0,0
629,0.333333333333333,0,-0.5
629,0.444444444444444,0,-0.939692620785908
629,0.555555555555556,0,-0.939692620785908
629,0.666666666666667,0,-0.5
629,0.777777777777778,0,0
629,0.888888888888889,0,0
629,1,0,0
630,0,0,0
630,0.111111111111111,0,0
630,0.222222222222222,0,0
630,0.333333333333333,0,-0.5
630,0.444444444444444,0,-0.939692620785908
630,0.555555555555556,0,-0.939692620785908
630,0.666666666666667,0,-0.5
630,0.777777777777778,0,0
630,0.888888888888889,0,0
630,1,0,0
631,0,0,0
631,0.111111111111111,0.834144536352289,0
631,0.222222222222222,0,0
631,0.333333333333333,0,-0.5
631,0.444444444444444,0,0.0543851020951975
631,0.555555555555556,0,1.10545284769026
631,0.666666666666667,0,0.801187161342094
631,0.777777777777778,0,0
631,0.888888888888889,-1.09561995297169,1.71861517230642
631,1,0,0.325314528205149
632,0,0,0
632,0.111111111111111,0,0
632,0.222222222222222,0,0
632,0.333333333333333,0,-0.5
632,0.444444444444444,0,0.151656493577655
632,0.555555555555556,0,-0.939692620785908
632,0.666666666666667,0,-0.5
632,0.777777777777778,0,0
632,0.888888888888889,0,0
632,1,0,0
633,0,0,0
633,0.111111111111111,0,0
633,0.222222222222222,0,0
633,0.333333333333333,0,-0.5
633,0.444444444444444,0,0.315133814660577
633,0.555555555555556,0,0.964683919861073
633,0.666666666666667,0,-0.5
633,0.777777777777778,0,0
633,0.888888888888889,0,0
633,1,0,0
634,0,0,0
634,0.111111111111111,0,0
634,0.222222222222222,0,0
634,0.333333333333333,0,-0.5
634,0.444444444444444,0,-0.0986227880037148
634,0.555555555555556,0,-0.939692620785908
634,0.666666666666667,1.32760244060915,-0.5
634,0.777777777777778,0,0
634,0.888888888888889,0,0
634,1,0,0
635,0,1.11776144577687,0
635,0.111111111111111,0,0.621892307432275
635,0.222222222222222,0,1.49892726038326
635,0.333333333333333,2.07323669061042,-0.5
635,0.444444444444444,0.891561604722914,-0.255642101470886
635,0.555555555555556,0.839173326718778,0.171822288050579
635,0.666666666666667,1.30260391874642,-0.5
635,0.777777777777778,0.741537072780725,0
635,0.888888888888889,0,0
635,1,1.6297183166228,-0.936010038176921
636,0,0,0
636,0.111111111111111,0,0
636,0.222222222222222,0.699845157988243,0
636,0.333333333333333,0,-0.5
636,0.444444444444444,0,0.012164575753899
636,0.555555555555556,0,-0.939692620785908
636,0.666666666666667,0,-0.5
636,0.777777777777778,0,0
636,0.888888888888889,0,0
636,1,0,0
637,0,0,1.09156698875663
637,0.111111111111111,0,1.64474448652441
637,0.222222222222222,0,0
637,0.333333333333333,0,-0.5
637,0.444444444444444,0,-0.0711498412283681
637,0.555555555555556,0,1.35929712986764
637,0.666666666666667,0,-0.5
637,0.777777777777778,0,0
637,0.888888888888889,0.817802268440502,0
637,1,0,0.554309251265634
638,0,0,0
638,0.111111111111111,0,0
638,0.222222222222222,0,0
638,0.333333333333333,0,-0.5
638,0.444444444444444,0,-0.939692620785908
638,0.555555555555556,0,0.182411104015435
638,0.666666666666667,0,-0.5
638,0.777777777777778,0,0
638,0.888888888888889,0,0
638,1,0,0
639,0,0,-1.00086588703334
639,0.111111111111111,0,0
639,0.222222222222222,0,0
639,0.333333333333333,0,-0.5
639,0.444444444444444,0,-0.939692620785908
639,0.555555555555556,0,-0.939692620785908
639,0.666666666666667,0,-0.5
639,0.777777777777778,0,0
639,0.888888888888889,0,0
639,1,0,0
640,0,0,0
640,0.111111111111111,0,-1.16271493638376
640,0.222222222222222,0,0
640,0.333333333333333,0,-0.5
640,0.444444444444444,0,-0.939692620785908
640,0.555555555555556,0,-0.939692620785908
640,0.666666666666667,0.398506426193784,-0.5
640,0.777777777777778,0,0
640,0.888888888888889,0,0
640,1,0,0
641,0,0,0
641,0.111111111111111,0.180518072025729,0
641,0.222222222222222,0,0
641,0.333333333333333,0.340745192517542,-0.5
641,0.444444444444444,0,-0.0558409436344988
641,0.555555555555556,0,1.26241175525251
641,0.666666666666667,0,-0.5
641,0.777777777777778,1.18670468357845,0
641,0.888888888888889,0,0
641,1,0.52230997251977,0
642,0,-0.886954095445682,1.46762974018345
642,0.111111111111111,0,0.201190500528446
642,0.222222222222222,-3.98494688456039,4.74831933217004
642,0.333333333333333,-1.71734743408297,2.35100968445387
642,0.444444444444444,-3.48762631792977,4.68464326904428
642,0.555555555555556,-0.628677797073791,0.584544019318308
642,0.666666666666667,0,1.15920078631901
642,0.777777777777778,-2.78387516857351,2.46245481501962
642,0.888888888888889,-0.656650451041644,1.95961897821607
642,1,0,0
643,0,0,0
643,0.111111111111111,0,0
643,0.222222222222222,0,0
643,0.333333333333333,0,-0.5
643,0.444444444444444,0,0.15643230761662
643,0.555555555555556,0,-0.939692620785908
643,0.666666666666667,0,-0.5
643,0.777777777777778,0,0
643,0.888888888888889,0,0
643,1,0,0
644,0,-1.06990005641649,1.60460587294234
644,0.111111111111111,0,0.711043344638408
644,0.222222222222222,-0.132130971479112,1.74501721555117
644,0.333333333333333,-2.10567713236893,2.63348565410345
644,0.444444444444444,-1.71830148509187,1.93368234099453
644,0.555555555555556,-0.495095565794865,0.0783446849859675
644,0.666666666666667,-1.84822902150413,3.65184231984861
644,0.777777777777778,-1.55098585107639,1.59149062045826
644,0.888888888888889,-0.36604803332767,0.635083624498105
644,1,-0.659040209316974,1.76805605832478
645,0,-0.211293543526929,0
645,0.111111111111111,0,0
645,0.222222222222222,0,0
645,0.333333333333333,0,-0.5
645,0.444444444444444,0,0.363157930236835
645,0.555555555555556,0,1.21226683644434
645,0.666666666666667,0,-0.5
645,0.777777777777778,-0.965367567866989,2.43226622967844
645,0.888888888888889,0,0
645,1,0,0.27636749149768
646,0,0,0
646,0.111111111111111,0,0
646,0.222222222222222,0,0
646,0.333333333333333,0,-0.5
646,0.444444444444444,0,-0.939692620785908
646,0.555555555555556,0,-0.939692620785908
646,0.666666666666667,0,-0.5
646,0.777777777777778,0,0
646,0.888888888888889,0,0
646,1,0,0
647,0,0.173502382526517,0
647,0.111111111111111,0,0
647,0.222222222222222,0.406101579586015,0
647,0.333333333333333,0,0.595275631538698
647,0.444444444444444,0,1.3636296510194
647,0.555555555555556,0,0.904800124933804
647,0.666666666666667,0.819512299642238,-0.5
647,0.777777777777778,0,0
647,0.888888888888889,0,0
647,1,0,0
648,0,0,0
648,0.111111111111111,0,0
648,0.222222222222222,0,0
648,0.333333333333333,0,-0.5
648,0.444444444444444,0,0.341628113681372
648,0.555555555555556,0,-0.500659226647522
648,0.666666666666667,0,-0.5
648,0.777777777777778,0.244103150816905,0
648,0.888888888888889,0,0
648,1,0,0
649,0,0,0
649,0.111111111111111,0,0
649,0.222222222222222,0,0
649,0.333333333333333,0,-0.5
649,0.444444444444444,0,-0.939692620785908
649,0.555555555555556,0,-0.939692620785908
649,0.666666666666667,0,-0.5
649,0.777777777777778,0,0
649,0.888888888888889,0,0
649,1,1.7182753670086,-3.13510779005305
650,0,0,0
650,0.111111111111111,0,0
650,0.222222222222222,0,0
650,0.333333333333333,0,-0.5
650,0.444444444444444,0,-0.939692620785908
650,0.555555555555556,0,-0.939692620785908
650,0.666666666666667,0,-0.5
650,0.777777777777778,0,0
650,0.888888888888889,0,0
650,1,0,0
651,0,0,0
651,0.111111111111111,-0.503309315858643,0
651,0.222222222222222,0,0
651,0.333333333333333,0.105190916940238,-0.5
651,0.444444444444444,0.373680602579221,-0.939692620785908
651,0.555555555555556,0,-0.939692620785908
651,0.666666666666667,0,-0.5
651,0.777777777777778,0,0
651,0.888888888888889,0,0
651,1,0,-0.565415201878514
652,0,0,0
652,0.111111111111111,0,0
652,0.222222222222222,0,0
652,0.333333333333333,0,-0.5
652,0.444444444444444,0,-0.939692620785908
652,0.555555555555556,0,-0.939692620785908
652,0.666666666666667,0,-0.5
652,0.777777777777778,0,0
652,0.888888888888889,0,0
652,1,0,-1.07436855037946
653,0,0.823399408479774,0
653,0.111111111111111,0,0
653,0.222222222222222,0.372361998470781,0
653,0.333333333333333,0.949776064765245,-0.5
653,0.444444444444444,0,0.0485255722002119
653,0.555555555555556,0,2.00124276628971
653,0.666666666666667,0,0.0786899214559483
653,0.777777777777778,0,0
653,0.888888888888889,0,1.68766807531304
653,1,0,0
654,0,0,0
654,0.111111111111111,0,0
654,0.222222222222222,0,0
654,0.333333333333333,0,-0.5
654,0.444444444444444,0,-0.939692620785908
654,0.555555555555556,0,-0.939692620785908
654,0.666666666666667,0,-0.5
654,0.777777777777778,0,0
654,0.888888888888889,0,0
654,1,0,0
655,0,0,0
655,0.111111111111111,0,0
655,0.222222222222222,0,0
655,0.333333333333333,0,-0.5
655,0.444444444444444,0,-0.939692620785908
655,0.555555555555556,0,-0.939692620785908
655,0.666666666666667,0,-0.5
655,0.777777777777778,0,0
655,0.888888888888889,0,0
655,1,0,0
656,0,0,0
656,0.111111111111111,-0.861482588015288,0
656,0.222222222222222,0,0
656,0.333333333333333,0,-0.5
656,0.444444444444444,0,-0.939692620785908
656,0.555555555555556,0,-0.939692620785908
656,0.666666666666667,0,-0.5
656,0.777777777777778,0,0
656,0.888888888888889,0,0
656,1,0,0
657,0,0,0
657,0.111111111111111,0,0
657,0.222222222222222,0,0
657,0.333333333333333,0,-0.5
657,0.444444444444444,0,-0.330004491489504
657,0.555555555555556,0,-0.739197423661232
657,0.666666666666667,0,-0.5
657,0.777777777777778,0,0
657,0.888888888888889,0,0
657,1,-0.906158148046803,0
658,0,0,0
658,0.111111111111111,0,0
658,0.222222222222222,0,0
658,0.333333333333333,0,-0.5
658,0.444444444444444,0,0.229059187922754
658,0.555555555555556,0,0.478318521255073
658,0.666666666666667,0,-0.5
658,0.777777777777778,0,1.37519215931433
658,0.888888888888889,0,0
658,1,0,0
659,0,0.92020794928135,0
659,0.111111111111111,0,0
659,0.222222222222222,0,0
659,0.333333333333333,0,-0.5
659,0.444444444444444,0,-0.939692620785908
659,0.555555555555556,0,0.000753764384062938
659,0.666666666666667,0,-0.5
659,0.777777777777778,0,0
659,0.888888888888889,0,0
659,1,0,0
660,0,0,0
660,0.111111111111111,0,0
660,0.222222222222222,0,0
660,0.333333333333333,1.33876119118552,-0.5
660,0.444444444444444,0,-0.939692620785908
660,0.555555555555556,0,-0.939692620785908
660,0.666666666666667,0,-0.5
660,0.777777777777778,0,0
660,0.888888888888889,0,0
660,1,0,0
661,0,0,0
661,0.111111111111111,0,0
661,0.222222222222222,0,0
661,0.333333333333333,0,-0.5
661,0.444444444444444,0,0.135208088382175
661,0.555555555555556,0,-0.939692620785908
661,0.666666666666667,0,-0.5
661,0.777777777777778,0,0
661,0.888888888888889,0,0
661,1,0,0
662,0,0,0
662,0.111111111111111,0,0
662,0.222222222222222,0,0
662,0.333333333333333,0,-0.5
662,0.444444444444444,0,-0.939692620785908
662,0.555555555555556,0,-0.939692620785908
662,0.666666666666667,0,-0.5
662,0.777777777777778,0,0
662,0.888888888888889,0,0
662,1,0,0
663,0,-0.887153751522442,0
663,0.111111111111111,0,0
663,0.222222222222222,0,-1.9011439178418
663,0.333333333333333,-0.626034624421877,-0.5
663,0.444444444444444,0,-0.939692620785908
663,0.555555555555556,0,-0.939692620785908
663,0.666666666666667,0,-0.5
663,0.777777777777778,0,0
663,0.888888888888889,0,0
663,1,-0.751422447189116,-2.28086565638405
664,0,0.861515731380388,0
664,0.111111111111111,0,0
664,0.222222222222222,0,0
664,0.333333333333333,0,1.77151650484934
664,0.444444444444444,0,-0.939692620785908
664,0.555555555555556,0,-0.939692620785908
664,0.666666666666667,0,-0.5
664,0.777777777777778,0,0
664,0.888888888888889,0,0
664,1,0,0
665,0,0,0
665,0.111111111111111,0,0
665,0.222222222222222,0,0
665,0.333333333333333,0,-0.5
665,0.444444444444444,0,-0.939692620785908
665,0.555555555555556,0,-0.939692620785908
665,0.666666666666667,0,-0.5
665,0.777777777777778,0,0
665,0.888888888888889,0,0
665,1,0,0
666,0,0,0
666,0.111111111111111,0,0
666,0.222222222222222,0,0
666,0.333333333333333,0,-0.5
666,0.444444444444444,0,-0.939692620785908
666,0.555555555555556,0,-0.939692620785908
666,0.666666666666667,0,-0.5
666,0.777777777777778,0,0
666,0.888888888888889,0,0
666,1,0,0
667,0,0,0
667,0.111111111111111,0,0
667,0.222222222222222,0,0
667,0.333333333333333,0,-0.5
667,0.444444444444444,0,-0.939692620785908
667,0.555555555555556,1.40499147864775,-0.939692620785908
667,0.666666666666667,0,-0.5
667,0.777777777777778,0,0
667,0.888888888888889,0,0
667,1,0,0
668,0,0,0
668,0.111111111111111,0,-1.03054191127019
668,0.222222222222222,0,0
668,0.333333333333333,0,-0.5
668,0.444444444444444,0,0.72334751024865
668,0.555555555555556,0,-0.939692620785908
668,0.666666666666667,0,-0.5
668,0.777777777777778,0,0
668,0.888888888888889,0,0
668,1,0,0
669,0,0,0
669,0.111111111111111,0,0
669,0.222222222222222,0,0
669,0.333333333333333,0,-0.5
669,0.444444444444444,0,-0.939692620785908
669,0.555555555555556,0,-0.939692620785908
669,0.666666666666667,0,-0.5
669,0.777777777777778,0,0
669,0.888888888888889,0,0
669,1,0,0
670,0,-0.413498886105885,0
670,0.111111111111111,-0.183100680763429,0
670,0.222222222222222,0,0
670,0.333333333333333,0,-0.5
670,0.444444444444444,0,-0.0305433657522769
670,0.555555555555556,-1.35681542383957,1.09465851182656
670,0.666666666666667,-0.449081129667089,-0.5
670,0.777777777777778,0,0
670,0.888888888888889,0,0
670,1,0,0
671,0,0,0
671,0.111111111111111,1.3862278650055,0
671,0.222222222222222,0,0
671,0.333333333333333,0,-0.5
671,0.444444444444444,0,-0.939692620785908
671,0.555555555555556,0,-0.939692620785908
671,0.666666666666667,0,-0.5
671,0.777777777777778,0,0
671,0.888888888888889,0,0
671,1,0,0
672,0,0,0
672,0.111111111111111,0,0
672,0.222222222222222,0,0
672,0.333333333333333,0,-0.5
672,0.444444444444444,0,-0.939692620785908
672,0.555555555555556,0,-0.939692620785908
672,0.666666666666667,0,-0.5
672,0.777777777777778,0,0
672,0.888888888888889,0,0
672,1,0,0
673,0,0,0
673,0.111111111111111,0,0
673,0.222222222222222,0,0
673,0.333333333333333,0,-0.5
673,0.444444444444444,0,-0.939692620785908
673,0.555555555555556,0,-0.939692620785908
673,0.666666666666667,0,-0.5
673,0.777777777777778,0,0
673,0.888888888888889,0,0
673,1,0,0
674,0,0,-0.738460262173037
674,0.111111111111111,0,0
674,0.222222222222222,0,0
674,0.333333333333333,0,-0.5
674,0.444444444444444,-0.481425249674545,0.0668126701065982
674,0.555555555555556,-0.86145257243292,-0.939692620785908
674,0.666666666666667,0,-0.5
674,0.777777777777778,-0.0908104721740538,0
674,0.888888888888889,0,-1.37338270750903
674,1,-0.181716480353297,0
675,0,0,0
675,0.111111111111111,0,0
675,0.222222222222222,0,0
675,0.333333333333333,0,-0.5
675,0.444444444444444,0,-0.939692620785908
675,0.555555555555556,0,-0.939692620785908
675,0.666666666666667,0,-0.5
675,0.777777777777778,0,0
675,0.888888888888889,0,0
675,1,0,0
676,0,0,0
676,0.111111111111111,0,0
676,0.222222222222222,0,0
676,0.333333333333333,0,-0.5
676,0.444444444444444,0,0.181364480539471
676,0.555555555555556,0,0.220892874941514
676,0.666666666666667,0,-0.0911174899259579
676,0.777777777777778,0,0
676,0.888888888888889,0,0
676,1,0,0.380151659813113
677,0,0,0
677,0.111111111111111,0,0
677,0.222222222222222,0,0
677,0.333333333333333,0,-0.5
677,0.444444444444444,0,-0.939692620785908
677,0.555555555555556,0,-0.939692620785908
677,0.666666666666667,0,-0.5
677,0.777777777777778,0,0
677,0.888888888888889,0,0
677,1,0,0
678,0,0,0
678,0.111111111111111,0,0
678,0.222222222222222,0,0
678,0.333333333333333,0,-0.5
678,0.444444444444444,0,-0.939692620785908
678,0.555555555555556,0,-0.939692620785908
678,0.666666666666667,0,-0.5
678,0.777777777777778,0,0
678,0.888888888888889,0,0
678,1,0,0
679,0,0.314103427284357,-1.15567294681133
679,0.111111111111111,0,-0.719672227401839
679,0.222222222222222,0,-1.30265555982205
679,0.333333333333333,0,-0.5
679,0.444444444444444,0,-0.939692620785908
679,0.555555555555556,0,0.38734583889913
679,0.666666666666667,0,-0.5
679,0.777777777777778,0,0
679,0.888888888888889,0,-1.29427148523548
679,1,0,0
680,0,0,0
680,0.111111111111111,0,0
680,0.222222222222222,0,0
680,0.333333333333333,0,0.483433077226192
680,0.444444444444444,0,-0.939692620785908
680,0.555555555555556,0,-0.939692620785908
680,0.666666666666667,0,1.15433933674219
680,0.777777777777778,0,0
680,0.888888888888889,0,0
680,1,0,0
681,0,0,-2.54128497161622
681,0.111111111111111,0,0
681,0.222222222222222,0,0.344214729880064
681,0.333333333333333,-0.285910300051783,0.908065510864814
681,0.444444444444444,0,-0.939692620785908
681,0.555555555555556,0,-0.939692620785908
681,0.666666666666667,0,-0.0983983557478509
681,0.777777777777778,0,0
681,0.888888888888889,0.269749155195892,0
681,1,0,0.58261145550556
682,0,0,0
682,0.111111111111111,0,0
682,0.222222222222222,0,0
682,0.333333333333333,0,-0.5
682,0.444444444444444,0,0.345554049348907
682,0.555555555555556,0,-0.734457102832388
682,0.666666666666667,0,-0.5
682,0.777777777777778,0,0
682,0.888888888888889,0,0
682,1,0,0
683,0,0,0
683,0.111111111111111,0,0
683,0.222222222222222,0,0
683,0.333333333333333,0,-0.5
683,0.444444444444444,0,-0.939692620785908
683,0.555555555555556,0.686654306532988,-0.939692620785908
683,0.666666666666667,0,-0.5
683,0.777777777777778,0,0
683,0.888888888888889,0,0
683,1,0,0
684,0,0,0
684,0.111111111111111,0,0
684,0.222222222222222,0,0
684,0.333333333333333,0,-0.5
684,0.444444444444444,2.07622767983155,-0.939692620785908
684,0.555555555555556,0,-0.939692620785908
684,0.666666666666667,0,-0.5
684,0.777777777777778,0,0
684,0.888888888888889,0,0
684,1,0,0
685,0,-0.823730760479697,0
685,0.111111111111111,0,0
685,0.222222222222222,-0.948144236658873,0
685,0.333333333333333,-1.0098818908435,-0.5
685,0.444444444444444,-1.46341563083306,-0.939692620785908
685,0.555555555555556,0,-0.939692620785908
685,0.666666666666667,-0.850773093961362,-0.5
685,0.777777777777778,-1.46315466252233,0
685,0.888888888888889,-0.205537933397146,0
685,1,-1.7167330689296,0
686,0,0,0
686,0.111111111111111,0,0
686,0.222222222222222,0,0
686,0.333333333333333,0,-0.5
686,0.444444444444444,0,0.672259460079772
686,0.555555555555556,1.05773742878321,-0.939692620785908
686,0.666666666666667,0,-0.5
686,0.777777777777778,0,0
686,0.888888888888889,0.342638250574228,0
686,1,0,0.544733398734988
687,0,0,-1.56612208100885
687,0.111111111111111,0,0
687,0.222222222222222,0,0
687,0.333333333333333,0,-0.5
687,0.444444444444444,0,-0.939692620785908
687,0.555555555555556,0,-0.939692620785908
687,0.666666666666667,0,-0.5
687,0.777777777777778,0,0
687,0.888888888888889,0,-1.33283094803935
687,1,0,-0.0114378423726297
688,0,0,-0.261813134791815
688,0.111111111111111,0.871309617054411,-3.9233710458155
688,0.222222222222222,0,-2.94827209166331
688,0.333333333333333,1.17702125727754,-0.5
688,0.444444444444444,0,-0.939692620785908
688,0.555555555555556,0.381729819224541,-0.939692620785908
688,0.666666666666667,0.653799583880543,-2.69429111081007
688,0.777777777777778,0,0
688,0.888888888888889,0,0
688,1,1.70635739039562,-3.92388549850838
689,0,-1.6656996460488,0
689,0.111111111111111,0,0
689,0.222222222222222,0,0
689,0.333333333333333,0,-0.5
689,0.444444444444444,-0.597783333962744,-0.939692620785908
689,0.555555555555556,0,-0.152747657219827
689,0.666666666666667,0,-0.5
689,0.777777777777778,0,0
689,0.888888888888889,0,-0.465001806435066
689,1,0,-0.60376698086257
690,0,0,0
690,0.111111111111111,-1.61060218938711,0
690,0.222222222222222,0,0
690,0.333333333333333,0,-0.5
690,0.444444444444444,0,-0.939692620785908
690,0.555555555555556,0,-0.939692620785908
690,0.666666666666667,0,-0.5
690,0.777777777777778,0,0
690,0.888888888888889,0,0
690,1,0,0
691,0,0,0
691,0.111111111111111,0,0
691,0.222222222222222,0,0
691,0.333333333333333,0,-0.5
691,0.444444444444444,0,-0.939692620785908
691,0.555555555555556,0,-0.939692620785908
691,0.666666666666667,0,-0.5
691,0.777777777777778,0,0
691,0.888888888888889,0,0
691,1,0,0
692,0,0,0
692,0.111111111111111,0,0
692,0.222222222222222,0,-1.0875452456296
692,0.333333333333333,0,-0.5
692,0.444444444444444,0,-0.939692620785908
692,0.555555555555556,0,-0.939692620785908
692,0.666666666666667,0,-0.5
692,0.777777777777778,0,-2.23216079680785
692,0.888888888888889,0,0
692,1,-0.728179186577269,0
693,0,0,-0.394049448097087
693,0.111111111111111,1.31948559086753,-0.343575106472522
693,0.222222222222222,0,0
693,0.333333333333333,0.763984215118913,-0.5
693,0.444444444444444,0.376623075938424,-0.0870790131503115
693,0.555555555555556,0,0.741023896801515
693,0.666666666666667,0.099348321263777,0.608724654903559
693,0.777777777777778,0.827091133011212,0
693,0.888888888888889,0,0
693,1,0,1.05058017543309
694,0,0,0
694,0.111111111111111,0,0
694,0.222222222222222,0,0
694,0.333333333333333,0,-0.5
694,0.444444444444444,0,-0.939692620785908
694,0.555555555555556,0,-0.939692620785908
694,0.666666666666667,0,-0.5
694,0.777777777777778,0,0
694,0.888888888888889,0,0
694,1,0,0
695,0,0,0
695,0.111111111111111,0,0
695,0.222222222222222,0,0
695,0.333333333333333,0,-0.5
695,0.444444444444444,0,1.74381570918923
695,0.555555555555556,0,-0.939692620785908
695,0.666666666666667,0,-0.5
695,0.777777777777778,0,0
695,0.888888888888889,0,0
695,1,0,0
696,0,0,0
696,0.111111111111111,0,0
696,0.222222222222222,0,0
696,0.333333333333333,0,-0.5
696,0.444444444444444,0,-0.939692620785908
696,0.555555555555556,0,-0.939692620785908
696,0.666666666666667,0,-0.5
696,0.777777777777778,0,-0.718959343828055
696,0.888888888888889,0,0
696,1,0,0
697,0,0,0
697,0.111111111111111,0,0
697,0.222222222222222,0,0
697,0.333333333333333,0,-0.5
697,0.444444444444444,0,-0.939692620785908
697,0.555555555555556,0,0.384842615677029
697,0.666666666666667,-1.68374598672642,1.68140115337949
697,0.777777777777778,-0.413889541338857,0
697,0.888888888888889,0,0
697,1,-0.822812725527011,0
698,0,0,0
698,0.111111111111111,0,0
698,0.222222222222222,0,0
698,0.333333333333333,0,-0.5
698,0.444444444444444,0,-0.939692620785908
698,0.555555555555556,0,-0.939692620785908
698,0.666666666666667,0,-0.5
698,0.777777777777778,0,0
698,0.888888888888889,0,0
698,1,0,0
699,0,0,0
699,0.111111111111111,0,0
699,0.222222222222222,0,0
699,0.333333333333333,0,-0.5
699,0.444444444444444,0,-0.939692620785908
699,0.555555555555556,0,-0.939692620785908
699,0.666666666666667,0,-0.5
699,0.777777777777778,0,0
699,0.888888888888889,0,0
699,1,0,0
700,0,0,0
700,0.111111111111111,0,0
700,0.222222222222222,0,0
700,0.333333333333333,1.08920855741842,-0.5
700,0.444444444444444,0,-0.939692620785908
700,0.555555555555556,1.47108827978686,-0.939692620785908
700,0.666666666666667,0,-0.5
700,0.777777777777778,0,0
700,0.888888888888889,0,0
700,1,0,-0.576229933245986
701,0,0,0
701,0.111111111111111,0,0
701,0.222222222222222,0.248724786201877,2.29356357192077
701,0.333333333333333,0,4.7111592303106
701,0.444444444444444,0,-0.308723374999925
701,0.555555555555556,0.211365610541982,-0.939692620785908
701,0.666666666666667,0,-0.5
701,0.777777777777778,0.758076880884249,0
701,0.888888888888889,0,4.16483456064559
701,1,0,1.89667821144454
702,0,0,1.01568026497087
702,0.111111111111111,1.19557795597818,0.242062234919948
702,0.222222222222222,0.0433817317847643,0
702,0.333333333333333,0.532562062078921,-0.5
702,0.444444444444444,0,-0.939692620785908
702,0.555555555555556,0,-0.132299615510233
702,0.666666666666667,0,-0.5
702,0.777777777777778,0.880616599957551,-0.638388940422355
702,0.888888888888889,0.808108565972148,0
702,1,0,-0.568626547108524
703,0,0,0
703,0.111111111111111,0,0.383296338281881
703,0.222222222222222,-0.678284016587942,0
703,0.333333333333333,0,1.1213983452096
703,0.444444444444444,0,0.217691889130742
703,0.555555555555556,0,0.0612268704092842
703,0.666666666666667,-1.50032670421524,0.976499497722155
703,0.777777777777778,0,0
703,0.888888888888889,0,0
703,1,-0.957055752620991,1.33527047824893
704,0,-0.429372461749684,0.910366741159559
704,0.111111111111111,-1.25675068322253,1.04832177268613
704,0.222222222222222,-0.295950086878712,0
704,0.333333333333333,-0.128989103711723,-0.5
704,0.444444444444444,-1.12662862543784,1.99466680941527
704,0.555555555555556,0,-0.100631970792306
704,0.666666666666667,0,-0.5
704,0.777777777777778,-1.31942137006247,1.70908919272572
704,0.888888888888889,0,0
704,1,0,0
705,0,0,0.104119580850076
705,0.111111111111111,0,0
705,0.222222222222222,0,0.293563736449919
705,0.333333333333333,0,1.23258428088999
705,0.444444444444444,0,0.0263224222561645
705,0.555555555555556,0,0.972141822645691
705,0.666666666666667,0,0.694205406028854
705,0.777777777777778,0,0
705,0.888888888888889,0,0
705,1,0,0
706,0,0,0
706,0.111111111111111,0,0
706,0.222222222222222,0,0
706,0.333333333333333,0,-0.5
706,0.444444444444444,0,-0.939692620785908
706,0.555555555555556,0,-0.939692620785908
706,0.666666666666667,0,-0.5
706,0.777777777777778,0,0
706,0.888888888888889,0,0
706,1,0,0
707,0,0,0
707,0.111111111111111,0,0
707,0.222222222222222,0,0
707,0.333333333333333,0.291611213770336,-0.5
707,0.444444444444444,0,-0.939692620785908
707,0.555555555555556,0,1.07833074817263
707,0.666666666666667,0,-0.5
707,0.777777777777778,0,0
707,0.888888888888889,0,0
707,1,0,0
708,0,0,0
708,0.111111111111111,0,0
708,0.222222222222222,0,0
708,0.333333333333333,0,-0.5
708,0.444444444444444,0,-0.939692620785908
708,0.555555555555556,0,-0.939692620785908
708,0.666666666666667,0,-0.5
708,0.777777777777778,0,0
708,0.888888888888889,0,0
708,1,0,0
709,0,0,0
709,0.111111111111111,0,0
709,0.222222222222222,0,0
709,0.333333333333333,0,-0.0481615766759635
709,0.444444444444444,0,-0.939692620785908
709,0.555555555555556,0,-0.554470666069531
709,0.666666666666667,1.11275550819366,-0.5
709,0.777777777777778,0,0
709,0.888888888888889,0,0
709,1,0.69811405490101,0
710,0,0,0
710,0.111111111111111,0,0
710,0.222222222222222,0,0
710,0.333333333333333,0,-0.5
710,0.444444444444444,0,-0.939692620785908
710,0.555555555555556,0,-0.939692620785908
710,0.666666666666667,0,-0.5
710,0.777777777777778,-1.31661894169046,0
710,0.888888888888889,0,1.04640036482564
710,1,0,0
711,0,0,0
711,0.111111111111111,0,-0.361387561677307
711,0.222222222222222,0,0
711,0.333333333333333,0,-0.5
711,0.444444444444444,0,0.0611672809314906
711,0.555555555555556,-1.62242821467157,1.40995707895806
711,0.666666666666667,0,0.794004215195097
711,0.777777777777778,0,0
711,0.888888888888889,0,0
711,1,-0.232947079082848,0
712,0,0,0
712,0.111111111111111,0,0
712,0.222222222222222,0,0
712,0.333333333333333,0,-0.5
712,0.444444444444444,0,-0.482285736009581
712,0.555555555555556,0,-0.412282672993491
712,0.666666666666667,0,-0.5
712,0.777777777777778,0,0
712,0.888888888888889,0,0
712,1,0,0
713,0,0,0
713,0.111111111111111,0,0
713,0.222222222222222,0,-0.413286032503911
713,0.333333333333333,0,-1.81327975432363
713,0.444444444444444,0,-0.939692620785908
713,0.555555555555556,0,-0.939692620785908
713,0.666666666666667,-1.38607062340639,-0.5
713,0.777777777777778,0,0
713,0.888888888888889,0,-1.29051119318251
713,1,0,0
714,0,-0.764031389383207,1.08130812030519
714,0.111111111111111,-0.506337734817842,0
714,0.222222222222222,0,0
714,0.333333333333333,-1.36946832442686,0.948456311140588
714,0.444444444444444,0,0.46856036020689
714,0.555555555555556,0,1.21547130137475
714,0.666666666666667,-2.12734334419376,1.80355002319184
714,0.777777777777778,-0.234406506252428,0
714,0.888888888888889,0,0
714,1,-0.556056163537826,1.35440438219257
715,0,0,0
715,0.111111111111111,0,0
715,0.222222222222222,0,0
715,0.333333333333333,0,-0.5
715,0.444444444444444,0,-0.939692620785908
715,0.555555555555556,0,-0.353884527955011
715,0.666666666666667,0,-0.5
715,0.777777777777778,0,0
715,0.888888888888889,0,0
715,1,0,0
716,0,0,0
716,0.111111111111111,0,0
716,0.222222222222222,0,0
716,0.333333333333333,0,-0.5
716,0.444444444444444,0,0.364096815331409
716,0.555555555555556,0,0.151055420294911
716,0.666666666666667,0,-0.5
716,0.777777777777778,0.416642711726562,0
716,0.888888888888889,0,0
716,1,0.569329254517895,0
717,0,0,0
717,0.111111111111111,0,0
717,0.222222222222222,0,0
717,0.333333333333333,0,-0.5
717,0.444444444444444,0,-0.939692620785908
717,0.555555555555556,0,-0.939692620785908
717,0.666666666666667,1.0349493095656,-0.5
717,0.777777777777778,0,0
717,0.888888888888889,0,0
717,1,0,0
718,0,0,0
718,0.111111111111111,0,0
718,0.222222222222222,0,0
718,0.333333333333333,0,-0.5
718,0.444444444444444,0,-0.939692620785908
718,0.555555555555556,0,-0.939692620785908
718,0.666666666666667,0,-0.5
718,0.777777777777778,0,0
718,0.888888888888889,0,0
718,1,0,0
719,0,0,0
719,0.111111111111111,0,0
719,0.222222222222222,-0.198130773898488,0
719,0.333333333333333,-1.37182891306587,1.8444127258354
719,0.444444444444444,0,0.307152112851471
719,0.555555555555556,0,-0.122223826915828
719,0.666666666666667,0,-0.5
719,0.777777777777778,0,0
719,0.888888888888889,0,0
719,1,0,0
720,0,0,0
720,0.111111111111111,0,0
720,0.222222222222222,0,0
720,0.333333333333333,0,-0.5
720,0.444444444444444,0,0.463543008266827
720,0.555555555555556,0,-0.00318839067465637
720,0.666666666666667,0,-0.5
720,0.777777777777778,0,0
720,0.888888888888889,0,0
720,1,0,0
721,0,0,-0.29481591829021
721,0.111111111111111,3.2854266406774,-4.07566028496823
721,0.222222222222222,2.44325809961471,-2.07962359882071
721,0.333333333333333,0.495031848876844,-0.5
721,0.444444444444444,1.18289018548642,-0.939692620785908
721,0.555555555555556,0.803120867783436,-0.474883824328142
721,0.666666666666667,0,-0.5
721,0.777777777777778,0,0
721,0.888888888888889,0,-0.202666946937377
721,1,2.71553818063783,-3.09987448693053
722,0,-0.756209334186099,0
722,0.111111111111111,0,0
722,0.222222222222222,-0.667460196573517,0
722,0.333333333333333,0,-0.5
722,0.444444444444444,0,-0.939692620785908
722,0.555555555555556,0,-0.939692620785908
722,0.666666666666667,0,-0.5
722,0.777777777777778,0,0
722,0.888888888888889,0,0
722,1,0,0
723,0,0,0
723,0.111111111111111,0,0
723,0.222222222222222,0,0
723,0.333333333333333,0,-0.5
723,0.444444444444444,0,-0.177784824067311
723,0.555555555555556,0,-0.939692620785908
723,0.666666666666667,0,-0.5
723,0.777777777777778,0,0
723,0.888888888888889,0,0
723,1,0,0
724,0,-0.84151173578606,0.922902903062203
724,0.111111111111111,0,0
724,0.222222222222222,0,0
724,0.333333333333333,0,1.99421473016298
724,0.444444444444444,0,-0.939692620785908
724,0.555555555555556,0,-0.939692620785908
724,0.666666666666667,0,-0.5
724,0.777777777777778,0,0
724,0.888888888888889,0,0
724,1,0,0
725,0,0,0
725,0.111111111111111,0,0
725,0.222222222222222,0,0
725,0.333333333333333,0,-0.5
725,0.444444444444444,0,-0.939692620785908
725,0.555555555555556,1.14969327465521,-0.939692620785908
725,0.666666666666667,0,-0.5
725,0.777777777777778,0,0
725,0.888888888888889,0,0
725,1,0,0
726,0,0,0
726,0.111111111111111,0,0
726,0.222222222222222,0,0
726,0.333333333333333,0,-0.5
726,0.444444444444444,0,-0.939692620785908
726,0.555555555555556,0.345501770151165,-0.939692620785908
726,0.666666666666667,0,-0.5
726,0.777777777777778,0,0
726,0.888888888888889,0,0
726,1,0,0
727,0,0,0
727,0.111111111111111,0,0
727,0.222222222222222,0,0
727,0.333333333333333,0,0.171504078509872
727,0.444444444444444,0,1.13930819019286
727,0.555555555555556,0,0.0917324175981977
727,0.666666666666667,0,0.137097640004706
727,0.777777777777778,0,0
727,0.888888888888889,0,0
727,1,0,0
728,0,0,0
728,0.111111111111111,-0.550756726268383,0
728,0.222222222222222,-1.5008653293926,0
728,0.333333333333333,0,-0.5
728,0.444444444444444,0,-0.532751094885008
728,0.555555555555556,0,-0.939692620785908
728,0.666666666666667,-1.01567220993643,-0.5
728,0.777777777777778,-0.75381430875313,0
728,0.888888888888889,0,0
728,1,-0.268287211586512,0
729,0,0,0
729,0.111111111111111,0,0
729,0.222222222222222,0,0
729,0.333333333333333,0,-0.5
729,0.444444444444444,0,0.387039305345128
729,0.555555555555556,0,-0.623634869523098
729,0.666666666666667,0.275900308007907,-0.5
729,0.777777777777778,0,0
729,0.888888888888889,0,0
729,1,0,0
730,0,0,0
730,0.111111111111111,0,0
730,0.222222222222222,0,0
730,0.333333333333333,0,-0.5
730,0.444444444444444,0,-0.939692620785908
730,0.555555555555556,0,-0.939692620785908
730,0.666666666666667,0,-0.5
730,0.777777777777778,0,0
730,0.888888888888889,0,0
730,1,0,0
731,0,0,0
731,0.111111111111111,0,0
731,0.222222222222222,0,0
731,0.333333333333333,0,1.85053545289956
731,0.444444444444444,0,0.402658459153991
731,0.555555555555556,0,-0.0450979532752717
731,0.666666666666667,0,-0.0452362502553823
731,0.777777777777778,0,0
731,0.888888888888889,0,0
731,1,0,0.95729628211924
732,0,0,0
732,0.111111111111111,0,0
732,0.222222222222222,0,0
732,0.333333333333333,0,-0.5
732,0.444444444444444,0,-0.939692620785908
732,0.555555555555556,0,-0.939692620785908
732,0.666666666666667,0,-0.5
732,0.777777777777778,0,0
732,0.888888888888889,0,0
732,1,0,0
733,0,0,0
733,0.111111111111111,0,0
733,0.222222222222222,0,0
733,0.333333333333333,0,-0.5
733,0.444444444444444,0,-0.202598756794803
733,0.555555555555556,0,0.4301396934852
733,0.666666666666667,0,-0.5
733,0.777777777777778,0,0
733,0.888888888888889,0,0
733,1,0,0
734,0,-0.688116630802214,0
734,0.111111111111111,0,0
734,0.222222222222222,0,0
734,0.333333333333333,0,-0.5
734,0.444444444444444,0,0.197790558406719
734,0.555555555555556,0,0.0495650149661073
734,0.666666666666667,0,-0.5
734,0.777777777777778,-1.5685055999408,1.68748396958169
734,0.888888888888889,-1.37764861619307,0.7790858397395
734,1,-0.412293539655037,0
735,0,1.82537290878264,-0.660077821042211
735,0.111111111111111,0.790414219721202,-0.290083435600496
735,0.222222222222222,0.322275591013353,-0.242122871448294
735,0.333333333333333,1.9855383898115,-0.5
735,0.444444444444444,0.202904237160588,-0.354828386757015
735,0.555555555555556,1.31667710497799,-0.939692620785908
735,0.666666666666667,1.47917755705985,-1.06734175990379
735,0.777777777777778,0.70476380603821,0
735,0.888888888888889,0,0
735,1,1.7130920449153,-1.33874705771026
736,0,0,0
736,0.111111111111111,0,0
736,0.222222222222222,0,0
736,0.333333333333333,0,-0.5
736,0.444444444444444,0,-0.242011680913863
736,0.555555555555556,1.19089553890465,-0.939692620785908
736,0.666666666666667,0,-0.5
736,0.777777777777778,0,0
736,0.888888888888889,0,0
736,1,0,0
737,0,0,0
737,0.111111111111111,-0.904978476064398,1.04702609121989
737,0.222222222222222,-0.169630852929494,0
737,0.333333333333333,-1.56512195918129,0.748918787837115
737,0.444444444444444,-0.611685809508096,0.262021271125037
737,0.555555555555556,-0.761197173166121,1.05036847889335
737,0.666666666666667,-0.550493138399579,0.992922237417609
737,0.777777777777778,0,0
737,0.888888888888889,-1.20093455599705,0
737,1,-0.488937401260431,0.935019268111144
738,0,0,0
738,0.111111111111111,0,0
738,0.222222222222222,0,0
738,0.333333333333333,0,-0.5
738,0.444444444444444,0,-0.939692620785908
738,0.555555555555556,0,-0.939692620785908
738,0.666666666666667,0,-0.5
738,0.777777777777778,0,0
738,0.888888888888889,0,0
738,1,0,0
739,0,0,0
739,0.111111111111111,0,0
739,0.222222222222222,0,0.332774881991496
739,0.333333333333333,0,0.265163344981881
739,0.444444444444444,0,1.30542222557188
739,0.555555555555556,0.192197203419769,-0.939692620785908
739,0.666666666666667,0,1.32673401276902
739,0.777777777777778,0,0
739,0.888888888888889,-0.246397905254104,0
739,1,0,0
740,0,0,0.617671722953326
740,0.111111111111111,0,0.353013418853506
740,0.222222222222222,-1.08445136721895,1.83157933545919
740,0.333333333333333,-0.068092666369773,0.0590226083046642
740,0.444444444444444,-0.554468346601562,1.34867926571199
740,0.555555555555556,-1.71150004560769,1.88358486517133
740,0.666666666666667,-1.977359627373,2.8050325655775
740,0.777777777777778,0,0.227874931627616
740,0.888888888888889,-1.45945242355704,2.03756241364031
740,1,-1.20661114457578,0.80317510073605
741,0,0,0
741,0.111111111111111,0,0
741,0.222222222222222,0,0
741,0.333333333333333,0,-0.5
741,0.444444444444444,0,-0.939692620785908
741,0.555555555555556,0,-0.939692620785908
741,0.666666666666667,0,-0.5
741,0.777777777777778,0,0
741,0.888888888888889,0,0
741,1,0,0
742,0,0,-0.380004333887176
742,0.111111111111111,0,0
742,0.222222222222222,0.425081473399733,0
742,0.333333333333333,0.299150852423787,-0.5
742,0.444444444444444,0,-0.112295919686525
742,0.555555555555556,0,-0.939692620785908
742,0.666666666666667,0.359961366233229,-0.5
742,0.777777777777778,0,0
742,0.888888888888889,0,0
742,1,0,0
743,0,0.371606382846516,0
743,0.111111111111111,0,0
743,0.222222222222222,0,0
743,0.333333333333333,0,-0.5
743,0.444444444444444,0,0.62114531971703
743,0.555555555555556,0.796784584927462,-0.749132779844802
743,0.666666666666667,0,-0.5
743,0.777777777777778,1.19245771779357,0
743,0.888888888888889,0,0
743,1,0,0
744,0,0,0
744,0.111111111111111,0,0
744,0.222222222222222,0,0
744,0.333333333333333,0,-0.5
744,0.444444444444444,0,-0.300885558151916
744,0.555555555555556,0,-0.501014243002247
744,0.666666666666667,0,-0.5
744,0.777777777777778,0,0
744,0.888888888888889,0,0
744,1,0,0.476713677096119
745,0,0,0
745,0.111111111111111,0,0
745,0.222222222222222,0.46943671930819,0
745,0.333333333333333,0,-0.5
745,0.444444444444444,0,-0.728737415575006
745,0.555555555555556,0.332784015044134,-0.939692620785908
745,0.666666666666667,0,-0.5
745,0.777777777777778,0,0
745,0.888888888888889,0,0
745,1,0,0
746,0,0,0
746,0.111111111111111,0,0
746,0.222222222222222,0,0
746,0.333333333333333,0,-0.5
746,0.444444444444444,0,-0.939692620785908
746,0.555555555555556,0,0.60159359143676
746,0.666666666666667,0,-0.5
746,0.777777777777778,0,0
746,0.888888888888889,0,0
746,1,0,0
747,0,0,0
747,0.111111111111111,0,0
747,0.222222222222222,0,0
747,0.333333333333333,0,0.382140316607288
747,0.444444444444444,0,-0.939692620785908
747,0.555555555555556,1.39963591002183,-0.939692620785908
747,0.666666666666667,0,0.0713105470910645
747,0.777777777777778,0,0
747,0.888888888888889,0.36418592072399,0
747,1,0,0
748,0,0,0
748,0.111111111111111,0,0
748,0.222222222222222,0,0
748,0.333333333333333,0,-0.5
748,0.444444444444444,0,-0.939692620785908
748,0.555555555555556,0,0.232552662355695
748,0.666666666666667,0,-0.5
748,0.777777777777778,0,0
748,0.888888888888889,0,0
748,1,0,0
749,0,0,0
749,0.111111111111111,0,0
749,0.222222222222222,0,0
749,0.333333333333333,0,-0.5
749,0.444444444444444,0,-0.939692620785908
749,0.555555555555556,0,-0.939692620785908
749,0.666666666666667,0,-0.5
749,0.777777777777778,0,-4.77265895991028
749,0.888888888888889,0,0
749,1,0,0
750,0,0,0
750,0.111111111111111,0,0
750,0.222222222222222,0,0
750,0.333333333333333,0,0.156933262757622
750,0.444444444444444,0,-0.220425568126281
750,0.555555555555556,0,-0.939692620785908
750,0.666666666666667,0,-0.5
750,0.777777777777778,0,0.342318966730196
750,0.888888888888889,0,0.520742414554998
750,1,0,0
751,0,0,0
751,0.111111111111111,0,0
751,0.222222222222222,0,0
751,0.333333333333333,0.248314397964991,-0.5
751,0.444444444444444,1.17793592931335,-0.939692620785908
751,0.555555555555556,1.53530392977922,-0.939692620785908
751,0.666666666666667,0,-0.5
751,0.777777777777778,0,0
751,0.888888888888889,0.590713270188251,0
751,1,0,0
752,0,0,-1.48292549276207
752,0.111111111111111,0,-0.365056253539186
752,0.222222222222222,0,0
752,0.333333333333333,0,-0.5
752,0.444444444444444,0,-0.939692620785908
752,0.555555555555556,0.220044322173255,-0.939692620785908
752,0.666666666666667,0,-0.5
752,0.777777777777778,0,0
752,0.888888888888889,0,0
752,1,0,0
753,0,0,0
753,0.111111111111111,0,0
753,0.222222222222222,0,0
753,0.333333333333333,0,-0.5
753,0.444444444444444,0,-0.939692620785908
753,0.555555555555556,0,-0.939692620785908
753,0.666666666666667,0,-0.5
753,0.777777777777778,0,0
753,0.888888888888889,0,0
753,1,0,0
754,0,0,0
754,0.111111111111111,0,0
754,0.222222222222222,0,0
754,0.333333333333333,0,-0.5
754,0.444444444444444,0,-0.939692620785908
754,0.555555555555556,0.851512959277115,-0.939692620785908
754,0.666666666666667,0,-0.5
754,0.777777777777778,0,0
754,0.888888888888889,0,0
754,1,0,0
755,0,0,0
755,0.111111111111111,0,0
755,0.222222222222222,0,0
755,0.333333333333333,0,-0.5
755,0.444444444444444,0,-0.247534923158322
755,0.555555555555556,0,-0.939692620785908
755,0.666666666666667,0,-0.5
755,0.777777777777778,0,0
755,0.888888888888889,0,0
755,1,0,0
756,0,0,0
756,0.111111111111111,0,0
756,0.222222222222222,0,0
756,0.333333333333333,0,-0.5
756,0.444444444444444,0,-0.939692620785908
756,0.555555555555556,0,-0.939692620785908
756,0.666666666666667,0,-0.5
756,0.777777777777778,0,0
756,0.888888888888889,0,0
756,1,0,0
757,0,-0.503407508699934,1.87650968534209
757,0.111111111111111,-0.288825263426752,0
757,0.222222222222222,0,1.70255323752561
757,0.333333333333333,-0.714197143420266,1.67608978521811
757,0.444444444444444,0,0.26867072244394
757,0.555555555555556,0,0.479451897840476
757,0.666666666666667,0,2.18203797942477
757,0.777777777777778,0,0.617371626584906
757,0.888888888888889,0,0
757,1,0.460769219721808,0
758,0,0,0
758,0.111111111111111,0,0
758,0.222222222222222,0,0
758,0.333333333333333,0,-0.5
758,0.444444444444444,0,-0.0719335349227594
758,0.555555555555556,0,-0.381603887071746
758,0.666666666666667,0,0.799446280281886
758,0.777777777777778,0,0
758,0.888888888888889,0,0
758,1,0,0.942016110613863
759,0,0,0
759,0.111111111111111,0,0
759,0.222222222222222,0,0
759,0.333333333333333,0,-0.5
759,0.444444444444444,0,0.86421225765937
759,0.555555555555556,0.755828787789372,-0.939692620785908
759,0.666666666666667,0,0.358855534181205
759,0.777777777777778,0,0
759,0.888888888888889,0,0
759,1,0.164090060356403,0
760,0,0.231584381474097,0
760,0.111111111111111,0,0
760,0.222222222222222,0,0
760,0.333333333333333,0.990250053661834,-0.5
760,0.444444444444444,1.38247197744549,-0.939692620785908
760,0.555555555555556,0,1.27183302056879
760,0.666666666666667,0.603675574799816,-0.5
760,0.777777777777778,0.785683808991591,0
760,0.888888888888889,0.971542474879829,0
760,1,0,0
761,0,0,0
761,0.111111111111111,0,0
761,0.222222222222222,0,0
761,0.333333333333333,0,-0.5
761,0.444444444444444,0,-0.939692620785908
761,0.555555555555556,0,-0.939692620785908
761,0.666666666666667,0,-0.5
761,0.777777777777778,0,0
761,0.888888888888889,0,0
761,1,0,0
762,0,-0.930678609255103,1.8293008838854
762,0.111111111111111,0,0.852318414383402
762,0.222222222222222,0,0
762,0.333333333333333,0,0.363747748599682
762,0.444444444444444,0,0.262039290973574
762,0.555555555555556,-1.53311792449741,3.43060113639604
762,0.666666666666667,0,-0.0499147097011267
762,0.777777777777778,0,0
762,0.888888888888889,-1.18198036363314,2.11436266287851
762,1,0,0
763,0,0,0
763,0.111111111111111,0,0
763,0.222222222222222,0,0
763,0.333333333333333,0,-0.5
763,0.444444444444444,0,-0.939692620785908
763,0.555555555555556,0,-0.225325587324244
763,0.666666666666667,0,0.288420774964993
763,0.777777777777778,0,0
763,0.888888888888889,1.36169461693674,0
763,1,0,0
764,0,0,0
764,0.111111111111111,0,0
764,0.222222222222222,0,0
764,0.333333333333333,0,-0.5
764,0.444444444444444,0,0.0155602583687877
764,0.555555555555556,0,-0.939692620785908
764,0.666666666666667,0,-0.5
764,0.777777777777778,0,0
764,0.888888888888889,0,0
764,1,0,0
765,0,0.634321798604897,0
765,0.111111111111111,0,0
765,0.222222222222222,0,0
765,0.333333333333333,0,-0.5
765,0.444444444444444,0,-0.939692620785908
765,0.555555555555556,0,-0.939692620785908
765,0.666666666666667,0,-0.5
765,0.777777777777778,0,0
765,0.888888888888889,0,0
765,1,0,0
766,0,0,0
766,0.111111111111111,0,0
766,0.222222222222222,0,0
766,0.333333333333333,0,-0.5
766,0.444444444444444,1.25720634168414,-0.939692620785908
766,0.555555555555556,0,-0.939692620785908
766,0.666666666666667,0,-0.5
766,0.777777777777778,0,0
766,0.888888888888889,0,0
766,1,0,0
767,0,0,0
767,0.111111111111111,0,0
767,0.222222222222222,0,0
767,0.333333333333333,0,-0.5
767,0.444444444444444,0,-0.939692620785908
767,0.555555555555556,0,-0.939692620785908
767,0.666666666666667,0,-0.5
767,0.777777777777778,0,0
767,0.888888888888889,0,0
767,1,0,-0.96748368919283
768,0,0,0
768,0.111111111111111,0,0
768,0.222222222222222,-0.83150339994947,0
768,0.333333333333333,0,-0.5
768,0.444444444444444,0,-0.939692620785908
768,0.555555555555556,0,0.0775067468186184
768,0.666666666666667,0,0.118455282128881
768,0.777777777777778,0,0
768,0.888888888888889,0,0
768,1,-0.611356682710642,0
769,0,0,0
769,0.111111111111111,0,0
769,0.222222222222222,0,0
769,0.333333333333333,0,-0.5
769,0.444444444444444,0,-0.939692620785908
769,0.555555555555556,0,-0.939692620785908
769,0.666666666666667,0,-0.5
769,0.777777777777778,0,0
769,0.888888888888889,0,0
769,1,0,0
770,0,-0.583956534079542,0
770,0.111111111111111,0,0
770,0.222222222222222,-0.440712443040082,0
770,0.333333333333333,0,-0.5
770,0.444444444444444,0,-0.939692620785908
770,0.555555555555556,0,-0.523241585850631
770,0.666666666666667,0,-0.5
770,0.777777777777778,0,0
770,0.888888888888889,0,0
770,1,0,0
771,0,0,0
771,0.111111111111111,0,0
771,0.222222222222222,0,0
771,0.333333333333333,0,-0.5
771,0.444444444444444,0,0.628877026205249
771,0.555555555555556,0,-0.939692620785908
771,0.666666666666667,0,-0.5
771,0.777777777777778,0,0
771,0.888888888888889,0,0
771,1,0,0
772,0,0,0
772,0.111111111111111,0,0
772,0.222222222222222,0,0
772,0.333333333333333,0,-0.5
772,0.444444444444444,0,-0.939692620785908
772,0.555555555555556,0,-0.939692620785908
772,0.666666666666667,0,-0.5
772,0.777777777777778,0,0
772,0.888888888888889,0,0
772,1,0,0
773,0,0,-1.07781357222376
773,0.111111111111111,0,0
773,0.222222222222222,0,-1.21362143135075
773,0.333333333333333,0,-0.5
773,0.444444444444444,0,-0.939692620785908
773,0.555555555555556,0,-0.939692620785908
773,0.666666666666667,0,-0.5
773,0.777777777777778,0,0
773,0.888888888888889,0,-1.28580011976059
773,1,0,-1.15719174835767
774,0,0,0
774,0.111111111111111,0,0
774,0.222222222222222,0,0
774,0.333333333333333,0,-0.34107887035425
774,0.444444444444444,0,-0.0973776762744181
774,0.555555555555556,-1.70377858118045,1.23238200617913
774,0.666666666666667,0,-0.226269881456235
774,0.777777777777778,0,0
774,0.888888888888889,0,0
774,1,-0.272026829440057,0
775,0,0,0
775,0.111111111111111,0,0
775,0.222222222222222,0,0
775,0.333333333333333,0,-0.5
775,0.444444444444444,0,0.468988260292556
775,0.555555555555556,0,0.227169699347749
775,0.666666666666667,0,-0.5
775,0.777777777777778,0,0
775,0.888888888888889,0,0
775,1,0,0
776,0,0.298722131787638,0
776,0.111111111111111,0.431386601646293,0
776,0.222222222222222,0,0
776,0.333333333333333,0,-0.5
776,0.444444444444444,0,-0.939692620785908
776,0.555555555555556,0,-0.111655665449887
776,0.666666666666667,0.478613170115803,-0.5
776,0.777777777777778,0.392594964143474,0
776,0.888888888888889,0,0
776,1,0,0
777,0,0,0
777,0.111111111111111,0,0
777,0.222222222222222,0,0
777,0.333333333333333,0,-0.5
777,0.444444444444444,0,-0.939692620785908
777,0.555555555555556,0,-0.0467668683861661
777,0.666666666666667,0,-0.5
777,0.777777777777778,-0.373538342050684,0
777,0.888888888888889,0,0
777,1,0,0
778,0,0,0
778,0.111111111111111,0,0
778,0.222222222222222,0,0
778,0.333333333333333,0,-0.5
778,0.444444444444444,0,-0.939692620785908
778,0.555555555555556,0,-0.939692620785908
778,0.666666666666667,0,-0.5
778,0.777777777777778,0,0
778,0.888888888888889,0,0
778,1,0,0
779,0,0,0
779,0.111111111111111,0,0
779,0.222222222222222,0,0
779,0.333333333333333,0,-0.5
779,0.444444444444444,0,-0.939692620785908
779,0.555555555555556,0,-0.939692620785908
779,0.666666666666667,0,-0.5
779,0.777777777777778,0,0
779,0.888888888888889,0,0
779,1,0,0
780,0,0,0
780,0.111111111111111,0,0
780,0.222222222222222,0,0
780,0.333333333333333,0,-0.5
780,0.444444444444444,0,-0.939692620785908
780,0.555555555555556,0,-0.939692620785908
780,0.666666666666667,0,-0.5
780,0.777777777777778,0,0
780,0.888888888888889,0,0
780,1,0,0
781,0,0,0
781,0.111111111111111,0,0
781,0.222222222222222,0,0
781,0.333333333333333,0.409176483560714,-0.5
781,0.444444444444444,0.541752018190469,-0.939692620785908
781,0.555555555555556,0,-0.939692620785908
781,0.666666666666667,0.496271212957082,-0.5
781,0.777777777777778,0,0
781,0.888888888888889,0,0
781,1,0,0
782,0,0,-0.442849817392877
782,0.111111111111111,0,0
782,0.222222222222222,0,0
782,0.333333333333333,0,-0.5
782,0.444444444444444,0.275807085431391,-0.103254561114013
782,0.555555555555556,0,-0.939692620785908
782,0.666666666666667,0,-0.5
782,0.777777777777778,0,0
782,0.888888888888889,0,-0.467200091827914
782,1,0,-0.612488026718048
783,0,0.717981861330149,1.02910682732
783,0.111111111111111,0,0
783,0.222222222222222,0.59871964154542,0
783,0.333333333333333,0.328042295250898,1.78102633822216
783,0.444444444444444,0.475667417318438,-0.440853033021151
783,0.555555555555556,0.258626142611035,2.21580244804817
783,0.666666666666667,0.711248108512473,-0.5
783,0.777777777777778,0.204233351729575,0
783,0.888888888888889,0.436326699112928,0.777001328468516
783,1,0,0.546844785739415
784,0,0,0
784,0.111111111111111,0.624614974984993,0
784,0.222222222222222,0,0
784,0.333333333333333,0,-0.5
784,0.444444444444444,0.580374621182204,-0.498376808095636
784,0.555555555555556,0,0.999397836867898
784,0.666666666666667,0,-0.5
784,0.777777777777778,0,0
784,0.888888888888889,0,1.18378168744861
784,1,0,0
785,0,0,0
785,0.111111111111111,-0.486074333813761,0
785,0.222222222222222,0,0
785,0.333333333333333,0,-0.5
785,0.444444444444444,0,-0.939692620785908
785,0.555555555555556,0,-0.939692620785908
785,0.666666666666667,0,-0.5
785,0.777777777777778,0,0
785,0.888888888888889,0,-1.08633622173552
785,1,0,-0.421563644337222
786,0,0.169712517209092,0
786,0.111111111111111,0,0
786,0.222222222222222,0,0
786,0.333333333333333,0,-0.5
786,0.444444444444444,0,-0.740916856826396
786,0.555555555555556,0.494682024799007,0.00447243562200428
786,0.666666666666667,0,-0.5
786,0.777777777777778,0,0
786,0.888888888888889,0,0
786,1,0,0
787,0,0,0.373472801289429
787,0.111111111111111,0,0
787,0.222222222222222,-0.653938928153126,0
787,0.333333333333333,-1.16022655423652,2.27316625390015
787,0.444444444444444,0,-0.391608195284462
787,0.555555555555556,0,0.505100621161166
787,0.666666666666667,-0.380946982264699,0.292068875666182
787,0.777777777777778,0,0
787,0.888888888888889,0,0
787,1,0,1.11128232267148
788,0,0,0
788,0.111111111111111,0,0
788,0.222222222222222,0,0.576844393327034
788,0.333333333333333,0,-0.5
788,0.444444444444444,0,-0.199551165379923
788,0.555555555555556,0,-0.939692620785908
788,0.666666666666667,0,-0.5
788,0.777777777777778,0,0
788,0.888888888888889,0,0
788,1,-0.748980509287841,0
789,0,0,0
789,0.111111111111111,0,0
789,0.222222222222222,0,-0.177260291729828
789,0.333333333333333,0,-0.5
789,0.444444444444444,0.170143708288489,-0.0368093009449623
789,0.555555555555556,0.868844109316463,-0.939692620785908
789,0.666666666666667,0.413181068925539,-0.5
789,0.777777777777778,0,0
789,0.888888888888889,0,0
789,1,0,-0.331289329825674
790,0,0,0
790,0.111111111111111,0,-0.780115804594057
790,0.222222222222222,0,0
790,0.333333333333333,0,-0.5
790,0.444444444444444,0,-0.939692620785908
790,0.555555555555556,0,-0.939692620785908
790,0.666666666666667,0,-0.5
790,0.777777777777778,0,0
790,0.888888888888889,0,-0.864571287032303
790,1,0,0
791,0,-0.450856881305534,0
791,0.111111111111111,0,0.0590010638041666
791,0.222222222222222,-0.8183834974067,1.5725740113364
791,0.333333333333333,0,-0.5
791,0.444444444444444,0,0.282630337128068
791,0.555555555555556,-0.582102759074587,0.406561630142586
791,0.666666666666667,0,-0.5
791,0.777777777777778,0,0
791,0.888888888888889,-1.53442260794045,1.43700116868899
791,1,0,0.416500169554263
792,0,-0.291561564270914,0
792,0.111111111111111,0,0
792,0.222222222222222,-0.596770634454348,0
792,0.333333333333333,-0.801057628809658,-0.5
792,0.444444444444444,0,-0.939692620785908
792,0.555555555555556,0,-0.201400093371125
792,0.666666666666667,0,-0.5
792,0.777777777777778,0,0
792,0.888888888888889,0,0
792,1,-0.998996938466769,0
793,0,0,0
793,0.111111111111111,0.774028615503403,0
793,0.222222222222222,0,0
793,0.333333333333333,0,-0.5
793,0.444444444444444,0.381319666727319,-0.939692620785908
793,0.555555555555556,0.32410253224643,-0.939692620785908
793,0.666666666666667,0,-0.5
793,0.777777777777778,0,0
793,0.888888888888889,0,0
793,1,0,0
794,0,0,0
794,0.111111111111111,0,0
794,0.222222222222222,0,0
794,0.333333333333333,0,-0.5
794,0.444444444444444,0,-0.939692620785908
794,0.555555555555556,0.331247938528448,-0.939692620785908
794,0.666666666666667,0,-0.5
794,0.777777777777778,0,0
794,0.888888888888889,0,0
794,1,0,0.488890280765196
795,0,-0.679073627435573,0
795,0.111111111111111,0,0
795,0.222222222222222,0,0
795,0.333333333333333,0,-0.5
795,0.444444444444444,0,-0.939692620785908
795,0.555555555555556,0,-0.939692620785908
795,0.666666666666667,0,-0.5
795,0.777777777777778,0,0
795,0.888888888888889,0,0
795,1,0,0
796,0,0,0
796,0.111111111111111,0,0
796,0.222222222222222,0,0
796,0.333333333333333,0,-0.5
796,0.444444444444444,0,-0.939692620785908
796,0.555555555555556,0,-0.939692620785908
796,0.666666666666667,0,-0.5
796,0.777777777777778,0,0
796,0.888888888888889,0,0
796,1,0,0
797,0,-0.458647841169263,0
797,0.111111111111111,0,0
797,0.222222222222222,0,0
797,0.333333333333333,-1.29218550988378,1.17174966962234
797,0.444444444444444,-2.29060183218214,2.54023224978335
797,0.555555555555556,-0.703480102144925,1.4919438591659
797,0.666666666666667,0,-0.5
797,0.777777777777778,0,0
797,0.888888888888889,-0.193528661766337,0
797,1,-1.59735226700734,1.91383964101528
798,0,0,0
798,0.111111111111111,0,0
798,0.222222222222222,0,-1.22001224131748
798,0.333333333333333,0,-0.5
798,0.444444444444444,0,-0.939692620785908
798,0.555555555555556,0,-0.939692620785908
798,0.666666666666667,0,-0.5
798,0.777777777777778,0,0
798,0.888888888888889,0,0
798,1,0,0
799,0,0,0
799,0.111111111111111,-0.375583436670269,0
799,0.222222222222222,0,0
799,0.333333333333333,0,-0.5
799,0.444444444444444,0,0.147879617306242
799,0.555555555555556,0,-0.939692620785908
799,0.666666666666667,0,-0.5
799,0.777777777777778,0,0
799,0.888888888888889,0,0
799,1,0,0
800,0,0,0
800,0.111111111111111,0,0
800,0.222222222222222,0,0
800,0.333333333333333,0,-0.5
800,0.444444444444444,-0.711745685481204,0.314061773466219
800,0.555555555555556,0,0.376449031101691
800,0.666666666666667,0,-0.5
800,0.777777777777778,0,0
800,0.888888888888889,0,0
800,1,0,0
801,0,0,0
801,0.111111111111111,0,0
801,0.222222222222222,0,0
801,0.333333333333333,0,-0.5
801,0.444444444444444,0,0.0639836621711211
801,0.555555555555556,0,0.383931551508426
801,0.666666666666667,0,0.487789916528427
801,0.777777777777778,0,0
801,0.888888888888889,0,0
801,1,0,0
802,0,0,0
802,0.111111111111111,0,0
802,0.222222222222222,0,0
802,0.333333333333333,0,-0.5
802,0.444444444444444,0.447826607326301,-0.939692620785908
802,0.555555555555556,0,-0.939692620785908
802,0.666666666666667,0,-0.5
802,0.777777777777778,0,0
802,0.888888888888889,0,0
802,1,0,0
803,0,0,0
803,0.111111111111111,0,0
803,0.222222222222222,0,0
803,0.333333333333333,0,-0.5
803,0.444444444444444,0,-0.939692620785908
803,0.555555555555556,0,-0.0250680211420533
803,0.666666666666667,0.745888103735144,-0.5
803,0.777777777777778,0.28853763175562,0
803,0.888888888888889,0.0831822324681177,0
803,1,0,0
804,0,-0.898076398780976,0.605015486590894
804,0.111111111111111,0,0
804,0.222222222222222,-0.376676959189148,0
804,0.333333333333333,-1.11231672256005,0.913983425584244
804,0.444444444444444,-0.309243513552284,0.648174195643123
804,0.555555555555556,-0.703878265249311,0.488224120774086
804,0.666666666666667,-0.953520333805793,-0.5
804,0.777777777777778,0,0
804,0.888888888888889,0,-0.315756279979392
804,1,0,-1.62046671238627
805,0,0,0
805,0.111111111111111,0,0
805,0.222222222222222,0,0
805,0.333333333333333,0,-0.5
805,0.444444444444444,0,0.239902557727894
805,0.555555555555556,0,0.68480233457701
805,0.666666666666667,0,-0.5
805,0.777777777777778,0,0
805,0.888888888888889,0,0
805,1,0,0
806,0,0,0
806,0.111111111111111,0,0
806,0.222222222222222,0,0
806,0.333333333333333,0,-0.5
806,0.444444444444444,0,0.293171346920881
806,0.555555555555556,0,-0.939692620785908
806,0.666666666666667,0,-0.5
806,0.777777777777778,0,0
806,0.888888888888889,0,0
806,1,0,0
807,0,0,0.192622233732866
807,0.111111111111111,0,0
807,0.222222222222222,0,0
807,0.333333333333333,0,0.0487738675973988
807,0.444444444444444,0,0.390557708286774
807,0.555555555555556,0,0.811181414230984
807,0.666666666666667,0,-0.5
807,0.777777777777778,0,0
807,0.888888888888889,0,0
807,1,0.214249093325723,0
808,0,0,0
808,0.111111111111111,0,0
808,0.222222222222222,0,0
808,0.333333333333333,0,-0.5
808,0.444444444444444,0,0.166686987805554
808,0.555555555555556,0,-0.939692620785908
808,0.666666666666667,0,-0.5
808,0.777777777777778,0,0
808,0.888888888888889,0,0
808,1,0,0
809,0,0,0
809,0.111111111111111,-0.598883154771636,0
809,0.222222222222222,0,0
809,0.333333333333333,0,-0.5
809,0.444444444444444,0,-0.464553998615958
809,0.555555555555556,-0.996023352989296,1.92532325619275
809,0.666666666666667,0,-0.5
809,0.777777777777778,-0.346094795048266,0
809,0.888888888888889,0,0
809,1,0,0
810,0,0,-1.26997551800776
810,0.111111111111111,0,-0.793865658064814
810,0.222222222222222,0,0
810,0.333333333333333,0,-0.5
810,0.444444444444444,0,-0.939692620785908
810,0.555555555555556,0,-0.939692620785908
810,0.666666666666667,0,-0.5
810,0.777777777777778,0,0
810,0.888888888888889,0,0
810,1,0,0
811,0,0,0
811,0.111111111111111,0,0
811,0.222222222222222,0,0
811,0.333333333333333,0.630454694616163,-0.5
811,0.444444444444444,0.757259544512214,-0.939692620785908
811,0.555555555555556,0,-0.293471339332212
811,0.666666666666667,0.849931797133744,-0.5
811,0.777777777777778,0,0
811,0.888888888888889,0,0
811,1,0,0
812,0,0,0
812,0.111111111111111,0,0
812,0.222222222222222,0,0
812,0.333333333333333,0,-0.5
812,0.444444444444444,0,-0.136569931498204
812,0.555555555555556,0,-0.179288036500066
812,0.666666666666667,0,-0.5
812,0.777777777777778,0,0
812,0.888888888888889,0,0
812,1,0,0
813,0,0,0
813,0.111111111111111,0,0
813,0.222222222222222,0,0
813,0.333333333333333,0,-0.5
813,0.444444444444444,0,-0.939692620785908
813,0.555555555555556,0,0.320557432069639
813,0.666666666666667,0,-0.0122676492685138
813,0.777777777777778,0,0
813,0.888888888888889,0,0
813,1,0,0
814,0,0,0
814,0.111111111111111,0,0
814,0.222222222222222,0,0
814,0.333333333333333,0,-0.5
814,0.444444444444444,0.16845438673788,-0.939692620785908
814,0.555555555555556,0,0.229864500320787
814,0.666666666666667,0,-0.5
814,0.777777777777778,0,-1.37394968573752
814,0.888888888888889,0,0
814,1,0,-1.29348165171271
815,0,0,0
815,0.111111111111111,0.97456717347673,0
815,0.222222222222222,0,0
815,0.333333333333333,0,1.51621158179403
815,0.444444444444444,0.845480077721857,-0.688250626168581
815,0.555555555555556,0,0.970138715314915
815,0.666666666666667,0,-0.5
815,0.777777777777778,0,0
815,0.888888888888889,0,0
815,1,0,0
816,0,0,0
816,0.111111111111111,0,0.863078469368682
816,0.222222222222222,0,0
816,0.333333333333333,0,0.786025649583954
816,0.444444444444444,0,1.24051014904593
816,0.555555555555556,0,0.109578766975022
816,0.666666666666667,0,1.73682476012032
816,0.777777777777778,0,0
816,0.888888888888889,0,0.714834954570612
816,1,0,1.00024424653493
817,0,0,0
817,0.111111111111111,0,0
817,0.222222222222222,0,0
817,0.333333333333333,0,-0.5
817,0.444444444444444,0,-0.272153027835676
817,0.555555555555556,0,0.131605489753081
817,0.666666666666667,0,-0.5
817,0.777777777777778,0,0
817,0.888888888888889,0,0
817,1,0,0
818,0,0,0
818,0.111111111111111,0,0
818,0.222222222222222,0,0
818,0.333333333333333,0,-0.5
818,0.444444444444444,0,0.464554918576182
818,0.555555555555556,0,-0.939692620785908
818,0.666666666666667,0,-0.5
818,0.777777777777778,0,0
818,0.888888888888889,0,0
818,1,-0.717890778973211,0
819,0,-0.54406562274505,0
819,0.111111111111111,-0.212632317317569,0
819,0.222222222222222,0,0
819,0.333333333333333,-0.429384648393047,-0.5
819,0.444444444444444,0,0.346039131407368
819,0.555555555555556,0,-0.0692640845323897
819,0.666666666666667,0,-0.5
819,0.777777777777778,0,0
819,0.888888888888889,0,0
819,1,0,0
820,0,0,0
820,0.111111111111111,0,0
820,0.222222222222222,0,0
820,0.333333333333333,0,-0.5
820,0.444444444444444,0,-0.316443803853547
820,0.555555555555556,0,0.304162759877884
820,0.666666666666667,0,-0.5
820,0.777777777777778,0,0
820,0.888888888888889,0,0
820,1,0,0
821,0,0,0
821,0.111111111111111,0,0
821,0.222222222222222,0,0
821,0.333333333333333,1.49611969065737,-0.5
821,0.444444444444444,0.375671689608269,-0.939692620785908
821,0.555555555555556,0,0.537591340834059
821,0.666666666666667,0,0.310710910975068
821,0.777777777777778,0,0
821,0.888888888888889,0,0
821,1,0,0
822,0,0,0
822,0.111111111111111,0,0
822,0.222222222222222,0,0
822,0.333333333333333,0,-0.5
822,0.444444444444444,0,0.338422529560039
822,0.555555555555556,0,-0.189982085745125
822,0.666666666666667,0,-0.5
822,0.777777777777778,0,0
822,0.888888888888889,0,0
822,1,0.852152012227242,0
823,0,0,0.430648378886312
823,0.111111111111111,0,0
823,0.222222222222222,0,0
823,0.333333333333333,0,0.335629926856184
823,0.444444444444444,0,0.576947819681397
823,0.555555555555556,0,-0.939692620785908
823,0.666666666666667,0,0.987430013719386
823,0.777777777777778,0,0
823,0.888888888888889,0,0
823,1,0,0
824,0,-0.378331106942495,0
824,0.111111111111111,-0.851939166454257,2.16417097022027
824,0.222222222222222,0,0
824,0.333333333333333,0,1.26066611605727
824,0.444444444444444,0,-0.173489632598489
824,0.555555555555556,0,1.66669088907692
824,0.666666666666667,0,0.408835323479771
824,0.777777777777778,0,0
824,0.888888888888889,-0.413681228984577,0
824,1,0,-0.352332874730626
825,0,0,0
825,0.111111111111111,0,0
825,0.222222222222222,0,0
825,0.333333333333333,0,-0.5
825,0.444444444444444,0,-0.939692620785908
825,0.555555555555556,0.897788795132128,-0.939692620785908
825,0.666666666666667,0.913864451163065,-0.5
825,0.777777777777778,0,0
825,0.888888888888889,0,0
825,1,0,0
826,0,0,0
826,0.111111111111111,0,0
826,0.222222222222222,0,0
826,0.333333333333333,0,-0.5
826,0.444444444444444,0.252313363367079,-0.939692620785908
826,0.555555555555556,0.649179255300041,-0.939692620785908
826,0.666666666666667,0,-0.5
826,0.777777777777778,0,0
826,0.888888888888889,0,0
826,1,0,0
827,0,0,0
827,0.111111111111111,0,0
827,0.222222222222222,0,0
827,0.333333333333333,0,-0.5
827,0.444444444444444,0,-0.324124804677899
827,0.555555555555556,0.360269039172509,-0.939692620785908
827,0.666666666666667,0.212919596543025,-0.5
827,0.777777777777778,0,0
827,0.888888888888889,0,0
827,1,0,0
828,0,-0.1232084809874,0
828,0.111111111111111,-1.10871805961482,1.31230031381556
828,0.222222222222222,-1.34098113245138,0
828,0.333333333333333,0,-0.5
828,0.444444444444444,0,-0.42239154017207
828,0.555555555555556,-0.903096379855611,0.505972433323169
828,0.666666666666667,-0.557734885179262,-0.5
828,0.777777777777778,-0.412361134849469,0
828,0.888888888888889,0,0
828,1,-0.199581995482631,0
829,0,0,-0.56821633023822
829,0.111111111111111,0,0
829,0.222222222222222,0,0
829,0.333333333333333,0,-0.5
829,0.444444444444444,0,-0.939692620785908
829,0.555555555555556,0,-0.939692620785908
829,0.666666666666667,0,-0.5
829,0.777777777777778,0,0
829,0.888888888888889,0,0
829,1,0,0
830,0,0,-0.419761667299151
830,0.111111111111111,0,0
830,0.222222222222222,-0.348771903934384,0
830,0.333333333333333,-0.314354326944607,-0.5
830,0.444444444444444,0,-0.258316266616152
830,0.555555555555556,0,0.727128264221171
830,0.666666666666667,0,-0.5
830,0.777777777777778,-0.582551673156889,0
830,0.888888888888889,-0.224987386792602,0
830,1,0,0
831,0,0,0
831,0.111111111111111,0,0
831,0.222222222222222,0,0
831,0.333333333333333,0,-0.5
831,0.444444444444444,0,-0.939692620785908
831,0.555555555555556,0,-0.939692620785908
831,0.666666666666667,0,-0.5
831,0.777777777777778,0,0
831,0.888888888888889,0,0
831,1,0,0
832,0,0,0
832,0.111111111111111,0,0
832,0.222222222222222,0,0
832,0.333333333333333,0,-0.5
832,0.444444444444444,0,-0.215379789260316
832,0.555555555555556,0,-0.939692620785908
832,0.666666666666667,0,-0.5
832,0.777777777777778,0,0
832,0.888888888888889,0,0
832,1,0,0
833,0,0,0
833,0.111111111111111,0,0
833,0.222222222222222,0,0
833,0.333333333333333,0,-0.5
833,0.444444444444444,0,-0.0546573421426876
833,0.555555555555556,0,-0.939692620785908
833,0.666666666666667,0,-0.5
833,0.777777777777778,0,0
833,0.888888888888889,0,0
833,1,0,0
834,0,0,0
834,0.111111111111111,0,0
834,0.222222222222222,0,0
834,0.333333333333333,0,-0.5
834,0.444444444444444,0,-0.939692620785908
834,0.555555555555556,0,0.415528165265149
834,0.666666666666667,0,-0.5
834,0.777777777777778,0,0
834,0.888888888888889,0,0
834,1,0,0
835,0,0,0
835,0.111111111111111,0,0
835,0.222222222222222,0.183145443971628,0
835,0.333333333333333,0,-0.5
835,0.444444444444444,0,0.143883874187656
835,0.555555555555556,0.658233539195169,-0.939692620785908
835,0.666666666666667,0.592902230951764,-0.5
835,0.777777777777778,0,0
835,0.888888888888889,1.02745961903689,0
835,1,0.312411331785409,0
836,0,0,0
836,0.111111111111111,0,-0.53912262280027
836,0.222222222222222,0,0
836,0.333333333333333,0,-0.5
836,0.444444444444444,0.63815037165807,-0.939692620785908
836,0.555555555555556,0,-0.357172504829091
836,0.666666666666667,0,-0.5
836,0.777777777777778,0,0
836,0.888888888888889,0,0
836,1,0,0
837,0,0,0
837,0.111111111111111,0,0
837,0.222222222222222,0,0
837,0.333333333333333,0,-0.5
837,0.444444444444444,0,-0.939692620785908
837,0.555555555555556,0,0.0893528123398684
837,0.666666666666667,0,-0.5
837,0.777777777777778,0,0
837,0.888888888888889,0,0
837,1,0,0
838,0,0,0
838,0.111111111111111,0,0
838,0.222222222222222,0,0
838,0.333333333333333,0,-0.5
838,0.444444444444444,0,-0.939692620785908
838,0.555555555555556,0,-0.0597391191095735
838,0.666666666666667,0,-0.5
838,0.777777777777778,0,0
838,0.888888888888889,0,0
838,1,0,0
839,0,0,0
839,0.111111111111111,0,0
839,0.222222222222222,0,0
839,0.333333333333333,0,-0.5
839,0.444444444444444,0,-0.2834511940712
839,0.555555555555556,0,-0.939692620785908
839,0.666666666666667,0,-0.5
839,0.777777777777778,0,0
839,0.888888888888889,0,0
839,1,0,0
840,0,0,0.954020822248863
840,0.111111111111111,0,0
840,0.222222222222222,0,0
840,0.333333333333333,0,0.416220519783498
840,0.444444444444444,0,0.348428579084375
840,0.555555555555556,0,-0.202257107702352
840,0.666666666666667,0,-0.257477826183206
840,0.777777777777778,0,0
840,0.888888888888889,0,0
840,1,0.328487971823583,0
841,0,0,0
841,0.111111111111111,0,0
841,0.222222222222222,0,0
841,0.333333333333333,0,-0.5
841,0.444444444444444,0,-0.2119477844005
841,0.555555555555556,0,-0.939692620785908
841,0.666666666666667,0,-0.5
841,0.777777777777778,0,0
841,0.888888888888889,0,0
841,1,0,0
842,0,0,0
842,0.111111111111111,0,0
842,0.222222222222222,0,0
842,0.333333333333333,0,-0.5
842,0.444444444444444,0,-0.110681996609478
842,0.555555555555556,0,0.843881418679964
842,0.666666666666667,0,-0.0466986588193624
842,0.777777777777778,0,0
842,0.888888888888889,0,0
842,1,0,0
843,0,0,0
843,0.111111111111111,0,0
843,0.222222222222222,-0.262824594324077,0
843,0.333333333333333,0,0.446049420861216
843,0.444444444444444,-0.96596177459604,0.450902485472085
843,0.555555555555556,0,-0.519352691587771
843,0.666666666666667,-0.927103330564677,0.5759886469838
843,0.777777777777778,-0.484292458692504,0
843,0.888888888888889,0,0
843,1,0,0
844,0,0,0
844,0.111111111111111,0,0
844,0.222222222222222,0,0
844,0.333333333333333,0,-0.5
844,0.444444444444444,0,0.0672053249986145
844,0.555555555555556,0,1.30707883264531
844,0.666666666666667,0,-0.5
844,0.777777777777778,0,0
844,0.888888888888889,0,0
844,1,0,0
845,0,0,0
845,0.111111111111111,0,0
845,0.222222222222222,0,0
845,0.333333333333333,0,0.547763163096683
845,0.444444444444444,0,-0.939692620785908
845,0.555555555555556,0,-0.939692620785908
845,0.666666666666667,0,-0.5
845,0.777777777777778,0,0
845,0.888888888888889,0,0
845,1,0,0
846,0,0,0
846,0.111111111111111,0,0
846,0.222222222222222,0,0
846,0.333333333333333,0,-0.5
846,0.444444444444444,0.199296653382707,-0.939692620785908
846,0.555555555555556,0,0.0358766574243679
846,0.666666666666667,0.295084702864246,-0.0662017810833508
846,0.777777777777778,0,0
846,0.888888888888889,0,0
846,1,0,0
847,0,0,0.288019944208964
847,0.111111111111111,0,0
847,0.222222222222222,1.12556307981518,0
847,0.333333333333333,0,-0.5
847,0.444444444444444,0,0.0388101126866227
847,0.555555555555556,0,0.088392342652799
847,0.666666666666667,0,-0.5
847,0.777777777777778,0,0
847,0.888888888888889,0,0
847,1,0,0
848,0,0.111237358485575,0
848,0.111111111111111,0,0
848,0.222222222222222,0.16496393378632,0
848,0.333333333333333,0.401453513209585,-0.5
848,0.444444444444444,0,-0.105287796341015
848,0.555555555555556,0,-0.121475612522083
848,0.666666666666667,0,-0.5
848,0.777777777777778,0,0
848,0.888888888888889,0,0
848,1,0,0
849,0,0,0
849,0.111111111111111,0,0
849,0.222222222222222,0,0
849,0.333333333333333,0,-0.5
849,0.444444444444444,0,-0.939692620785908
849,0.555555555555556,0,-0.939692620785908
849,0.666666666666667,0,-0.5
849,0.777777777777778,0,0
849,0.888888888888889,0,0
849,1,0,0
850,0,0,0
850,0.111111111111111,0,0
850,0.222222222222222,0.987133069371322,0
850,0.333333333333333,0.346866049319337,-0.5
850,0.444444444444444,0,-0.939692620785908
850,0.555555555555556,0,-0.220044963355786
850,0.666666666666667,0,-0.170493649440479
850,0.777777777777778,0,0
850,0.888888888888889,0,0
850,1,0,0
851,0,0,0
851,0.111111111111111,0,0.656583018205601
851,0.222222222222222,0,0
851,0.333333333333333,0,-0.5
851,0.444444444444444,0,1.16552774111731
851,0.555555555555556,0,0.635088964125562
851,0.666666666666667,0,-0.5
851,0.777777777777778,0,0
851,0.888888888888889,0,0
851,1,0,0
852,0,0,0
852,0.111111111111111,0,0
852,0.222222222222222,0,0
852,0.333333333333333,0,-0.5
852,0.444444444444444,0,-0.939692620785908
852,0.555555555555556,0,0.435007423668114
852,0.666666666666667,0,0.151513224997967
852,0.777777777777778,0,0
852,0.888888888888889,0.488291835050293,0
852,1,0,0
853,0,0,0
853,0.111111111111111,0,0
853,0.222222222222222,0,0
853,0.333333333333333,0.964735921932611,-0.5
853,0.444444444444444,0.146282486400668,-0.197722761974493
853,0.555555555555556,0,-0.939692620785908
853,0.666666666666667,0,0.322729902157409
853,0.777777777777778,0.0650005596742836,0
853,0.888888888888889,0.282707013159076,0
853,1,0,0
854,0,0,0
854,0.111111111111111,0,0
854,0.222222222222222,0,0
854,0.333333333333333,0,-0.5
854,0.444444444444444,0,-0.939692620785908
854,0.555555555555556,0,-0.939692620785908
854,0.666666666666667,0,-0.5
854,0.777777777777778,0,0
854,0.888888888888889,0,0
854,1,0,0
855,0,0,0
855,0.111111111111111,0,0
855,0.222222222222222,0,0
855,0.333333333333333,0,-0.0245398423223203
855,0.444444444444444,0,-0.871009298232796
855,0.555555555555556,0,-0.939692620785908
855,0.666666666666667,0.602419007829202,-0.5
855,0.777777777777778,0,0
855,0.888888888888889,0,0
855,1,0,0
856,0,0,0
856,0.111111111111111,-0.364920573329221,0
856,0.222222222222222,0,0
856,0.333333333333333,0,-0.5
856,0.444444444444444,0,-0.452479265212226
856,0.555555555555556,0,0.377694361155507
856,0.666666666666667,0,-0.5
856,0.777777777777778,0,0
856,0.888888888888889,0,0
856,1,0,0
857,0,0,0
857,0.111111111111111,0,0
857,0.222222222222222,0,-0.540541509571414
857,0.333333333333333,0.550615189121818,-0.5
857,0.444444444444444,0.725921184009154,-1.34050261562104
857,0.555555555555556,1.68109550911637,-2.18269622364291
857,0.666666666666667,0,-0.5
857,0.777777777777778,1.47877662162338,-1.43091508519988
857,0.888888888888889,1.32570656834032,-2.08804119196661
857,1,0,0
858,0,0,0
858,0.111111111111111,0,0
858,0.222222222222222,0,0
858,0.333333333333333,0,-0.5
858,0.444444444444444,0,0.988674939356959
858,0.555555555555556,0,-0.389408911401415
858,0.666666666666667,0,-0.5
858,0.777777777777778,0.698794299833959,0
858,0.888888888888889,0,0
858,1,0,0
859,0,0,0
859,0.111111111111111,0,0
859,0.222222222222222,0,0
859,0.333333333333333,0,-0.5
859,0.444444444444444,0,-0.453165637060184
859,0.555555555555556,0,-0.353282080594149
859,0.666666666666667,0,-0.5
859,0.777777777777778,0,0
859,0.888888888888889,0,0
859,1,0.402329925100651,0
860,0,0,0
860,0.111111111111111,0,0
860,0.222222222222222,0,0
860,0.333333333333333,0.722872335196124,-0.5
860,0.444444444444444,0,-0.939692620785908
860,0.555555555555556,0,-0.939692620785908
860,0.666666666666667,0,-0.5
860,0.777777777777778,0,0
860,0.888888888888889,0,0
860,1,0,0
861,0,0,0
861,0.111111111111111,0,0
861,0.222222222222222,0,0
861,0.333333333333333,0,-0.5
861,0.444444444444444,0,-0.939692620785908
861,0.555555555555556,0,-0.939692620785908
861,0.666666666666667,0,-0.5
861,0.777777777777778,0,0
861,0.888888888888889,0,0
861,1,0,0
862,0,0,0
862,0.111111111111111,0,0
862,0.222222222222222,0.854542956396748,0
862,0.333333333333333,0,-0.5
862,0.444444444444444,0.737009786105994,-0.939692620785908
862,0.555555555555556,0,-0.939692620785908
862,0.666666666666667,0.437396171427707,-0.5
862,0.777777777777778,0,0
862,0.888888888888889,0,0
862,1,0,0
863,0,0,0
863,0.111111111111111,0,0
863,0.222222222222222,0,0
863,0.333333333333333,0,0.118451068720957
863,0.444444444444444,0,-0.259810811420762
863,0.555555555555556,0,0.189423151763931
863,0.666666666666667,0,-0.5
863,0.777777777777778,0,0
863,0.888888888888889,0,0
863,1,0,0
864,0,0,0
864,0.111111111111111,0,0
864,0.222222222222222,0,0
864,0.333333333333333,0,-0.5
864,0.444444444444444,0,0.0558642824431209
864,0.555555555555556,0,-0.169779083974837
864,0.666666666666667,0,-0.5
864,0.777777777777778,0,0
864,0.888888888888889,0,0
864,1,0,0
865,0,0,0
865,0.111111111111111,0,0
865,0.222222222222222,0,0
865,0.333333333333333,0,-0.5
865,0.444444444444444,0,0.354387982754038
865,0.555555555555556,0,-0.939692620785908
865,0.666666666666667,0,-0.5
865,0.777777777777778,0,0
865,0.888888888888889,0,0
865,1,0,0
866,0,0,0
866,0.111111111111111,0,0
866,0.222222222222222,0,0
866,0.333333333333333,0,-0.5
866,0.444444444444444,0,1.43066017931204
866,0.555555555555556,0,0.154490636556288
866,0.666666666666667,0,-0.5
866,0.777777777777778,0,0
866,0.888888888888889,0,0
866,1,0,0
867,0,0,0
867,0.111111111111111,0.450627360598593,0
867,0.222222222222222,0,0
867,0.333333333333333,0.288985658475552,0.291526639265493
867,0.444444444444444,0,1.21117084403818
867,0.555555555555556,0,0.803618038555435
867,0.666666666666667,0.563286857910287,-0.5
867,0.777777777777778,0,0
867,0.888888888888889,0,0
867,1,0.270412723930708,0
868,0,0,0
868,0.111111111111111,0,0
868,0.222222222222222,0.523837397219624,0
868,0.333333333333333,0,-0.5
868,0.444444444444444,0,0.095335901063517
868,0.555555555555556,0,0.598536355778972
868,0.666666666666667,0,-0.5
868,0.777777777777778,0,0
868,0.888888888888889,0,0
868,1,0,0
869,0,0,0
869,0.111111111111111,0,0
869,0.222222222222222,0,0
869,0.333333333333333,0,-0.5
869,0.444444444444444,0,-0.939692620785908
869,0.555555555555556,0,-0.939692620785908
869,0.666666666666667,0,-0.5
869,0.777777777777778,0,0
869,0.888888888888889,0,0
869,1,0,0
870,0,0,-0.392473540939791
870,0.111111111111111,0,-0.335226645822057
870,0.222222222222222,0,0
870,0.333333333333333,0,-0.5
870,0.444444444444444,0,-0.939692620785908
870,0.555555555555556,0.321733464321732,-0.429294183260681
870,0.666666666666667,0,-0.5
870,0.777777777777778,0,0
870,0.888888888888889,-0.250255494063135,0
870,1,0,0
871,0,0,0
871,0.111111111111111,0,0.817534080330115
871,0.222222222222222,0,0
871,0.333333333333333,0.331699387550097,-0.5
871,0.444444444444444,0,-0.939692620785908
871,0.555555555555556,0,0.0110199124349073
871,0.666666666666667,0,0.157826708493979
871,0.777777777777778,0,0
871,0.888888888888889,0,0
871,1,0,0
872,0,0,0
872,0.111111111111111,0,0
872,0.222222222222222,0,0
872,0.333333333333333,0,1.11213441025023
872,0.444444444444444,0,1.15507534760495
872,0.555555555555556,0.398080356564191,-0.418513944212323
872,0.666666666666667,0,-0.5
872,0.777777777777778,0,0
872,0.888888888888889,0,0
872,1,0,0.443243286278993
873,0,0,0
873,0.111111111111111,0,0
873,0.222222222222222,0,0
873,0.333333333333333,0,-0.5
873,0.444444444444444,0,-0.939692620785908
873,0.555555555555556,0,-0.939692620785908
873,0.666666666666667,0,-0.5
873,0.777777777777778,0,0
873,0.888888888888889,0,0
873,1,0,0
874,0,0,-0.477039062428064
874,0.111111111111111,0,0
874,0.222222222222222,0,0
874,0.333333333333333,0,-0.5
874,0.444444444444444,0,0.565140493359547
874,0.555555555555556,0,0.00115455261549013
874,0.666666666666667,0,-0.5
874,0.777777777777778,0,0
874,0.888888888888889,0,0
874,1,0,0
875,0,0,0
875,0.111111111111111,0,0
875,0.222222222222222,0,0
875,0.333333333333333,0,-0.5
875,0.444444444444444,0,0.0660510089427909
875,0.555555555555556,0,0.563803938117595
875,0.666666666666667,0,-0.5
875,0.777777777777778,0,0
875,0.888888888888889,0,0
875,1,0,0
876,0,0.0844895489688369,0
876,0.111111111111111,0.733823490132999,0
876,0.222222222222222,0,0.176880578620197
876,0.333333333333333,0.387464915886442,-0.5
876,0.444444444444444,0,0.0245192384903119
876,0.555555555555556,0,0.393732383181908
876,0.666666666666667,0.324050112535348,0.0841138019778671
876,0.777777777777778,0,0
876,0.888888888888889,0,0
876,1,0,0
877,0,0,0.488214823093279
877,0.111111111111111,0,0
877,0.222222222222222,0.643262126964118,0
877,0.333333333333333,0,0.0693931270539896
877,0.444444444444444,0,0.675434334013347
877,0.555555555555556,0,0.158923922254546
877,0.666666666666667,0,0.283038147769855
877,0.777777777777778,0,0
877,0.888888888888889,0,0
877,1,0.483108503889469,0
878,0,0,0
878,0.111111111111111,0,0
878,0.222222222222222,0,0
878,0.333333333333333,0,-0.5
878,0.444444444444444,0,0.240800579467509
878,0.555555555555556,0,-0.376061616614954
878,0.666666666666667,0,-0.5
878,0.777777777777778,0,0
878,0.888888888888889,0,0
878,1,0,0
879,0,0,0
879,0.111111111111111,0,0
879,0.222222222222222,0,0
879,0.333333333333333,0,-0.5
879,0.444444444444444,0,-0.939692620785908
879,0.555555555555556,0.87657905632219,-0.939692620785908
879,0.666666666666667,0,-0.5
879,0.777777777777778,0,0
879,0.888888888888889,0,0
879,1,0,0
880,0,0,0
880,0.111111111111111,0,0
880,0.222222222222222,0,0
880,0.333333333333333,0.263261431095274,-0.5
880,0.444444444444444,0,0.738540669149272
880,0.555555555555556,0,0.267330629228837
880,0.666666666666667,0,0.029157455015638
880,0.777777777777778,0,0
880,0.888888888888889,0,0
880,1,0.412863260187437,0
881,0,0.415876335117707,0
881,0.111111111111111,0,0
881,0.222222222222222,0,0
881,0.333333333333333,0,-0.5
881,0.444444444444444,0,-0.126102023834406
881,0.555555555555556,0,0.877923787658412
881,0.666666666666667,0,0.921419559960988
881,0.777777777777778,0,0
881,0.888888888888889,0,0
881,1,0,0
882,0,0,-0.539290452548321
882,0.111111111111111,0,-0.492226362578091
882,0.222222222222222,0,0
882,0.333333333333333,0,-0.5
882,0.444444444444444,0,0.0514926870051161
882,0.555555555555556,0,-0.205148486946963
882,0.666666666666667,0,-0.5
882,0.777777777777778,0,0
882,0.888888888888889,0,0
882,1,0,0
883,0,0,0
883,0.111111111111111,0,0
883,0.222222222222222,0,0
883,0.333333333333333,0,-0.5
883,0.444444444444444,0,-0.939692620785908
883,0.555555555555556,0,0.401785064654291
883,0.666666666666667,0,-0.121269551449906
883,0.777777777777778,0,0
883,0.888888888888889,0,0
883,1,0,0
884,0,0,0
884,0.111111111111111,0,0
884,0.222222222222222,0,0
884,0.333333333333333,0.867578184827716,-0.5
884,0.444444444444444,0,-0.939692620785908
884,0.555555555555556,0,0.56530316456257
884,0.666666666666667,0,-0.5
884,0.777777777777778,0,0
884,0.888888888888889,0,0
884,1,0.31521652480978,0
885,0,0,0
885,0.111111111111111,0,0
885,0.222222222222222,0,0
885,0.333333333333333,0,-0.5
885,0.444444444444444,0,-0.939692620785908
885,0.555555555555556,0,-0.939692620785908
885,0.666666666666667,0,-0.5
885,0.777777777777778,-1.03075512535327,0
885,0.888888888888889,0,0
885,1,-0.338390528190517,0
886,0,0,0
886,0.111111111111111,0,0
886,0.222222222222222,0,0
886,0.333333333333333,0,-0.5
886,0.444444444444444,0,-0.365130604724601
886,0.555555555555556,0,-0.25092673113729
886,0.666666666666667,0,-0.5
886,0.777777777777778,0,0
886,0.888888888888889,0,0
886,1,-0.173967769925253,0
887,0,0,0
887,0.111111111111111,0,0
887,0.222222222222222,0,0
887,0.333333333333333,0,-0.5
887,0.444444444444444,0,-0.939692620785908
887,0.555555555555556,0,-0.939692620785908
887,0.666666666666667,0,-0.5
887,0.777777777777778,0,0
887,0.888888888888889,0,0
887,1,0,0
888,0,0,0
888,0.111111111111111,0,0
888,0.222222222222222,0.501811506508053,0
888,0.333333333333333,0.931733814363559,-0.5
888,0.444444444444444,0.661656691350646,0.146278241355541
888,0.555555555555556,0.736323371204328,-0.939692620785908
888,0.666666666666667,0,-0.5
888,0.777777777777778,0,0
888,0.888888888888889,0.663362162356208,0
888,1,0,0
889,0,0.875158474116923,-1.61630056177797
889,0.111111111111111,0,0
889,0.222222222222222,0,0
889,0.333333333333333,0,0.220382117985188
889,0.444444444444444,0,-0.939692620785908
889,0.555555555555556,1.10836681924008,-0.939692620785908
889,0.666666666666667,0.504221946613506,-1.14811992779757
889,0.777777777777778,0,0
889,0.888888888888889,0.384287245395278,-0.645391422026054
889,1,0,0
890,0,-0.378041207314665,0.614074074907868
890,0.111111111111111,0,0.875958391259766
890,0.222222222222222,-0.0950444329941367,0
890,0.333333333333333,0,0.142856159005024
890,0.444444444444444,0,1.33113944145831
890,0.555555555555556,0,0.354090061895584
890,0.666666666666667,-0.538048512657698,0.701083976839305
890,0.777777777777778,-0.129856904065244,0
890,0.888888888888889,-0.421795994413926,1.24055799742264
890,1,-0.507051824699807,0.734324496911448
891,0,0,0
891,0.111111111111111,0,0
891,0.222222222222222,0,0
891,0.333333333333333,0,-0.5
891,0.444444444444444,-0.559244121863188,0.431075973716926
891,0.555555555555556,0,-0.939692620785908
891,0.666666666666667,0,-0.5
891,0.777777777777778,-0.13469361808232,0
891,0.888888888888889,0,0
891,1,0,0
892,0,0,0
892,0.111111111111111,0,0
892,0.222222222222222,0,0
892,0.333333333333333,0,-0.5
892,0.444444444444444,0,-0.326547023545215
892,0.555555555555556,0,-0.574070828538186
892,0.666666666666667,0,-0.5
892,0.777777777777778,0,0
892,0.888888888888889,0,0
892,1,0,0
893,0,0,0
893,0.111111111111111,0,0
893,0.222222222222222,0,0
893,0.333333333333333,0,0.475019353166787
893,0.444444444444444,0,0.814984981862061
893,0.555555555555556,0,-0.106944921812276
893,0.666666666666667,0,-0.5
893,0.777777777777778,0,0
893,0.888888888888889,0,0
893,1,0,0
894,0,0,0
894,0.111111111111111,0,0
894,0.222222222222222,0,0
894,0.333333333333333,0,-0.5
894,0.444444444444444,0,-0.939692620785908
894,0.555555555555556,0,-0.939692620785908
894,0.666666666666667,0,-0.5
894,0.777777777777778,0,0
894,0.888888888888889,0,0
894,1,0,0
895,0,0,0
895,0.111111111111111,0,0
895,0.222222222222222,0,0
895,0.333333333333333,0,-0.5
895,0.444444444444444,0,-0.0247062698528581
895,0.555555555555556,0,-0.271430201677152
895,0.666666666666667,0,-0.5
895,0.777777777777778,0,0
895,0.888888888888889,-0.272372739663085,0
895,1,0,0
896,0,0,0
896,0.111111111111111,0,0
896,0.222222222222222,0,0
896,0.333333333333333,0,-0.5
896,0.444444444444444,0.647902074221211,-0.939692620785908
896,0.555555555555556,0,-0.939692620785908
896,0.666666666666667,0,-0.5
896,0.777777777777778,0,0
896,0.888888888888889,0,0
896,1,0,0
897,0,0,0
897,0.111111111111111,0,0
897,0.222222222222222,0,0
897,0.333333333333333,0,-0.5
897,0.444444444444444,0,-0.939692620785908
897,0.555555555555556,0,-0.939692620785908
897,0.666666666666667,0,-0.5
897,0.777777777777778,0,0
897,0.888888888888889,0,0
897,1,0,0
898,0,0,0
898,0.111111111111111,0,0
898,0.222222222222222,0,0
898,0.333333333333333,0,-0.5
898,0.444444444444444,0,-0.939692620785908
898,0.555555555555556,0,-0.939692620785908
898,0.666666666666667,0,-0.5
898,0.777777777777778,0,0
898,0.888888888888889,0,-0.807658431890159
898,1,0,0
899,0,0,0
899,0.111111111111111,0,0
899,0.222222222222222,0,0
899,0.333333333333333,0,-0.5
899,0.444444444444444,0,-0.356231742348949
899,0.555555555555556,0,0.600040875892176
899,0.666666666666667,0,-0.0765184872458278
899,0.777777777777778,-0.636719841620771,0
899,0.888888888888889,0,0
899,1,0,0
900,0,0,0
900,0.111111111111111,0,0
900,0.222222222222222,0,0
900,0.333333333333333,0,-0.5
900,0.444444444444444,0,-0.939692620785908
900,0.555555555555556,0,-0.939692620785908
900,0.666666666666667,0,-0.5
900,0.777777777777778,0,0
900,0.888888888888889,0,0
900,1,0,0
901,0,-0.807272435834023,0.62760190532212
901,0.111111111111111,0,0
901,0.222222222222222,0,0
901,0.333333333333333,0,-0.5
901,0.444444444444444,0,0.123352185525437
901,0.555555555555556,0,-0.939692620785908
901,0.666666666666667,0,-0.5
901,0.777777777777778,0,0
901,0.888888888888889,-0.17997197141361,0
901,1,-0.326515128557934,0
902,0,0,0
902,0.111111111111111,0,0
902,0.222222222222222,0,0.971585642386842
902,0.333333333333333,0.706035922111868,-0.5
902,0.444444444444444,0,0.351570570237768
902,0.555555555555556,0,0.737991556677298
902,0.666666666666667,0,-0.5
902,0.777777777777778,0,0
902,0.888888888888889,0,0.3650061807212
902,1,0,0
903,0,0,0
903,0.111111111111111,0,0
903,0.222222222222222,0,0
903,0.333333333333333,0,-0.5
903,0.444444444444444,0,-0.0406171987937278
903,0.555555555555556,0,-0.0916381878772421
903,0.666666666666667,0,-0.5
903,0.777777777777778,0,0
903,0.888888888888889,0,0
903,1,0,0
904,0,0,-0.434006055861177
904,0.111111111111111,0,0
904,0.222222222222222,0,0
904,0.333333333333333,0,-0.5
904,0.444444444444444,0,-0.939692620785908
904,0.555555555555556,0,-0.171209002205772
904,0.666666666666667,0,-0.5
904,0.777777777777778,0,0
904,0.888888888888889,0,0
904,1,0,0
905,0,0,0
905,0.111111111111111,0,0
905,0.222222222222222,0,0
905,0.333333333333333,0.162180750966966,-0.5
905,0.444444444444444,0,0.428985933777202
905,0.555555555555556,0,0.557665211041557
905,0.666666666666667,0,0.201473630288249
905,0.777777777777778,0,0
905,0.888888888888889,0.101499821651451,0
905,1,0,0
906,0,0,0
906,0.111111111111111,0,0
906,0.222222222222222,0,0
906,0.333333333333333,0,-0.5
906,0.444444444444444,0,-0.939692620785908
906,0.555555555555556,0,-0.425599553169202
906,0.666666666666667,0,-0.5
906,0.777777777777778,0,0
906,0.888888888888889,0,0
906,1,-0.623156310482451,0
907,0,0,0
907,0.111111111111111,0,-0.653747848302462
907,0.222222222222222,0,-0.526239020296073
907,0.333333333333333,0,-0.5
907,0.444444444444444,0,0.0407860244758954
907,0.555555555555556,0.177815892093265,-0.856354458813901
907,0.666666666666667,0.55234318492422,-0.5
907,0.777777777777778,0,0
907,0.888888888888889,0,0
907,1,0,0.191783799455093
908,0,0,0
908,0.111111111111111,0,0
908,0.222222222222222,0,0
908,0.333333333333333,0,-0.5
908,0.444444444444444,0,-0.939692620785908
908,0.555555555555556,0,-0.939692620785908
908,0.666666666666667,0,-0.5
908,0.777777777777778,0,0
908,0.888888888888889,0,0
908,1,0,0
909,0,0,0
909,0.111111111111111,0,0
909,0.222222222222222,0,0
909,0.333333333333333,0,-0.5
909,0.444444444444444,0,-0.939692620785908
909,0.555555555555556,0,-0.337225991457365
909,0.666666666666667,0,-0.5
909,0.777777777777778,0,0
909,0.888888888888889,0,0
909,1,0,0
910,0,0,0.510073302035161
910,0.111111111111111,0,0.244570671871988
910,0.222222222222222,0,0.844063364351266
910,0.333333333333333,0,0.550819944033516
910,0.444444444444444,0,0.613770125042478
910,0.555555555555556,0,1.13872026837093
910,0.666666666666667,0,0.0766685223915456
910,0.777777777777778,0,0.156660621161808
910,0.888888888888889,0,0.452242807633862
910,1,0,0
911,0,0.237133465982873,0.45970824268364
911,0.111111111111111,0.475834736899891,0
911,0.222222222222222,0.307552074405612,0
911,0.333333333333333,0.282164013405474,0.253153308385746
911,0.444444444444444,0,-0.0124410176349246
911,0.555555555555556,0,-0.0215675882469893
911,0.666666666666667,0.176836210434362,-0.5
911,0.777777777777778,0.2880648507035,0
911,0.888888888888889,0,-0.0779426458349524
911,1,0.405953545490366,0
912,0,-0.161045765916662,0
912,0.111111111111111,0,0
912,0.222222222222222,0,0
912,0.333333333333333,0,-0.230906048444641
912,0.444444444444444,0,0.442954205222864
912,0.555555555555556,0,-0.156569579119259
912,0.666666666666667,0,0.115745802720208
912,0.777777777777778,0,0
912,0.888888888888889,0,0
912,1,0,0
913,0,0,0
913,0.111111111111111,0,0
913,0.222222222222222,0,0
913,0.333333333333333,0,-0.5
913,0.444444444444444,0,-0.290202108543423
913,0.555555555555556,0,-0.939692620785908
913,0.666666666666667,0,-0.5
913,0.777777777777778,0,0
913,0.888888888888889,0,0
913,1,0,-0.644429764436849
914,0,0,0
914,0.111111111111111,0,0
914,0.222222222222222,0,0
914,0.333333333333333,0,-0.5
914,0.444444444444444,0,0.171687387643496
914,0.555555555555556,0,-0.211538914102432
914,0.666666666666667,0,-0.5
914,0.777777777777778,0,0
914,0.888888888888889,0,0
914,1,0,0
915,0,0.67862940225608,-1.20748482003714
915,0.111111111111111,0,0
915,0.222222222222222,0,0
915,0.333333333333333,0.256327514969072,-0.110239302007451
915,0.444444444444444,0,0.47324594017149
915,0.555555555555556,0.0982261616852049,-0.324254579904947
915,0.666666666666667,0,-0.5
915,0.777777777777778,0.086040925770359,-0.823620360541998
915,0.888888888888889,0,-1.4280100350046
915,1,0,-1.3479221239841
916,0,0,0.254124324402077
916,0.111111111111111,0.650350166009744,0
916,0.222222222222222,0,0
916,0.333333333333333,0,0.187865009493627
916,0.444444444444444,0,0.319352366646571
916,0.555555555555556,0,0.496388431621493
916,0.666666666666667,0.209173889656488,-0.5
916,0.777777777777778,1.0388638279057,0
916,0.888888888888889,0,0
916,1,0.837983642090964,0
917,0,0,-0.365065038035653
917,0.111111111111111,0,0
917,0.222222222222222,0,0
917,0.333333333333333,0,-0.5
917,0.444444444444444,0.52170796201402,-0.939692620785908
917,0.555555555555556,0.173520747006527,-0.848825248723221
917,0.666666666666667,0,-0.5
917,0.777777777777778,0,0
917,0.888888888888889,0,0
917,1,0,0
918,0,0,0
918,0.111111111111111,0,0
918,0.222222222222222,0,0
918,0.333333333333333,0,-0.5
918,0.444444444444444,0,-0.939692620785908
918,0.555555555555556,0,0.040249038760319
918,0.666666666666667,0,-0.5
918,0.777777777777778,0,0
918,0.888888888888889,0,0
918,1,0,0
919,0,-0.119549434227607,0
919,0.111111111111111,-0.459262249399915,0
919,0.222222222222222,0,0
919,0.333333333333333,0,-0.5
919,0.444444444444444,0,-0.445201657947428
919,0.555555555555556,0,0.324174642554793
919,0.666666666666667,0,-0.257307445448238
919,0.777777777777778,0,0
919,0.888888888888889,0,0
919,1,-0.15706256238142,0
920,0,0,-0.653416152411489
920,0.111111111111111,0,0
920,0.222222222222222,0,0
920,0.333333333333333,0,-0.5
920,0.444444444444444,0,-0.283030012880416
920,0.555555555555556,0.864560168261715,-0.939692620785908
920,0.666666666666667,0,-0.5
920,0.777777777777778,0,0
920,0.888888888888889,0,0
920,1,0,-0.419488247196054
921,0,0,0
921,0.111111111111111,0,0
921,0.222222222222222,0,0
921,0.333333333333333,0,-0.5
921,0.444444444444444,0,0.326384787108048
921,0.555555555555556,1.20346164991921,-0.939692620785908
921,0.666666666666667,0,-0.5
921,0.777777777777778,0,0
921,0.888888888888889,0,0
921,1,0,0
922,0,0,0
922,0.111111111111111,0,0
922,0.222222222222222,0,0
922,0.333333333333333,0,-0.5
922,0.444444444444444,0,0.445740167740607
922,0.555555555555556,0,-0.446387591730814
922,0.666666666666667,0,-0.5
922,0.777777777777778,0,0
922,0.888888888888889,0,0
922,1,0,0
923,0,0,0
923,0.111111111111111,0.480198513043285,0
923,0.222222222222222,0,0
923,0.333333333333333,0,-0.5
923,0.444444444444444,0,1.09835340854224
923,0.555555555555556,0,-0.416372806069384
923,0.666666666666667,0,-0.5
923,0.777777777777778,0.391878800406134,0
923,0.888888888888889,0,0
923,1,0,0
924,0,-0.507544254101234,0
924,0.111111111111111,0,0
924,0.222222222222222,0,0
924,0.333333333333333,0.0459406151528552,0.0137094877525221
924,0.444444444444444,0,0.191031244394665
924,0.555555555555556,0,-0.126233214226233
924,0.666666666666667,0,-0.5
924,0.777777777777778,0,0
924,0.888888888888889,0,0
924,1,-0.610352473831678,0
925,0,0,0
925,0.111111111111111,0,0
925,0.222222222222222,0,0
925,0.333333333333333,0,-0.5
925,0.444444444444444,0,-0.196418869487774
925,0.555555555555556,0,-0.0988111579841437
925,0.666666666666667,0,-0.5
925,0.777777777777778,0,0
925,0.888888888888889,0,0
925,1,0,0
926,0,0,0
926,0.111111111111111,0,0
926,0.222222222222222,0,0
926,0.333333333333333,0,-0.5
926,0.444444444444444,0,0.222198985074947
926,0.555555555555556,0,-0.307567179177813
926,0.666666666666667,0,0.0856544226845527
926,0.777777777777778,0,0
926,0.888888888888889,0,0
926,1,0,0
927,0,0,0
927,0.111111111111111,0,0
927,0.222222222222222,0,0
927,0.333333333333333,0,-0.5
927,0.444444444444444,0,-0.939692620785908
927,0.555555555555556,0,-0.939692620785908
927,0.666666666666667,0,-0.5
927,0.777777777777778,0,0
927,0.888888888888889,0,0
927,1,0,0
928,0,-0.670073592046339,0
928,0.111111111111111,-0.391129547393514,0
928,0.222222222222222,0,0
928,0.333333333333333,0,-0.5
928,0.444444444444444,0,-0.939692620785908
928,0.555555555555556,0,-0.939692620785908
928,0.666666666666667,0,-0.5
928,0.777777777777778,0,0
928,0.888888888888889,0,0
928,1,0,0
929,0,-0.193369720658886,0
929,0.111111111111111,0,0
929,0.222222222222222,0,0
929,0.333333333333333,-0.475111139789064,-0.5
929,0.444444444444444,0,-0.0878423734503145
929,0.555555555555556,0,0.095429388328311
929,0.666666666666667,0,-0.5
929,0.777777777777778,-0.800169026880317,0
929,0.888888888888889,-0.474637047980546,0
929,1,-0.390846867510274,0
930,0,0,0.773007734188151
930,0.111111111111111,0,0
930,0.222222222222222,0,0
930,0.333333333333333,0,0.0477505771796118
930,0.444444444444444,0,0.472854179189486
930,0.555555555555556,0,0.806260002932427
930,0.666666666666667,0,0.393820064724543
930,0.777777777777778,0,0
930,0.888888888888889,0,0
930,1,0,0
931,0,0,0
931,0.111111111111111,0,0
931,0.222222222222222,0,0
931,0.333333333333333,0,-0.5
931,0.444444444444444,0,0.0589042691175607
931,0.555555555555556,0,0.481260253184905
931,0.666666666666667,0,-0.5
931,0.777777777777778,0,0
931,0.888888888888889,0,0
931,1,0,0
932,0,0,0
932,0.111111111111111,0,0
932,0.222222222222222,0,0
932,0.333333333333333,0,-0.5
932,0.444444444444444,0,0.524043026980641
932,0.555555555555556,0,-0.0631759951343763
932,0.666666666666667,0,-0.5
932,0.777777777777778,0,0
932,0.888888888888889,0,0
932,1,0,0
933,0,0,0
933,0.111111111111111,0,0
933,0.222222222222222,0,0
933,0.333333333333333,0,0.263728386072548
933,0.444444444444444,0,0.11429838033285
933,0.555555555555556,0,-0.227825789402797
933,0.666666666666667,0,-0.5
933,0.777777777777778,0,0
933,0.888888888888889,0,0
933,1,0,0
934,0,0,0
934,0.111111111111111,0,0
934,0.222222222222222,0,0
934,0.333333333333333,0,-0.5
934,0.444444444444444,0,-0.139215377471865
934,0.555555555555556,0,-0.282585234388042
934,0.666666666666667,0,-0.5
934,0.777777777777778,0,0
934,0.888888888888889,0,0
934,1,0,0
935,0,0.278388929442267,0
935,0.111111111111111,0,0
935,0.222222222222222,0.379487312401537,0
935,0.333333333333333,0,0.232162174412597
935,0.444444444444444,0,0.193260683887917
935,0.555555555555556,0,0.498442432982126
935,0.666666666666667,0.195664283730807,-0.5
935,0.777777777777778,0,0
935,0.888888888888889,0,0
935,1,0,0
936,0,0,0
936,0.111111111111111,0,0
936,0.222222222222222,0,0
936,0.333333333333333,0,-0.5
936,0.444444444444444,0,-0.939692620785908
936,0.555555555555556,0,0.0609349589396322
936,0.666666666666667,0,-0.5
936,0.777777777777778,0,0
936,0.888888888888889,0,0
936,1,0,0
937,0,0,0
937,0.111111111111111,0,0
937,0.222222222222222,0,0
937,0.333333333333333,-0.480508196214308,-0.5
937,0.444444444444444,-0.273764530303465,0.29771353845793
937,0.555555555555556,-0.169704677941309,0.884867384210998
937,0.666666666666667,0,-0.0640118713152625
937,0.777777777777778,0,0.581101634559292
937,0.888888888888889,0,0
937,1,-0.619893549706955,0.840014466842006
938,0,0,0
938,0.111111111111111,0,0
938,0.222222222222222,0,0
938,0.333333333333333,0,-0.5
938,0.444444444444444,0,0.395567666893763
938,0.555555555555556,0,-0.314834798593688
938,0.666666666666667,0,-0.5
938,0.777777777777778,0,0
938,0.888888888888889,0,0
938,1,0,0
939,0,0,0
939,0.111111111111111,0.499195738602938,0
939,0.222222222222222,0,0
939,0.333333333333333,0,-0.5
939,0.444444444444444,0.75703590229879,-0.16874622608507
939,0.555555555555556,0,-0.643854984627612
939,0.666666666666667,0,-0.5
939,0.777777777777778,0,0
939,0.888888888888889,0,0
939,1,0,0
940,0,0,0
940,0.111111111111111,0,0
940,0.222222222222222,0,0
940,0.333333333333333,0,-0.5
940,0.444444444444444,0,-0.939692620785908
940,0.555555555555556,0,-0.272953516129193
940,0.666666666666667,0,-0.5
940,0.777777777777778,0,0
940,0.888888888888889,0,0
940,1,0,0
941,0,0,0
941,0.111111111111111,0,0
941,0.222222222222222,0,0
941,0.333333333333333,0,-0.5
941,0.444444444444444,0,0.463159031334612
941,0.555555555555556,0,-0.939692620785908
941,0.666666666666667,0,-0.5
941,0.777777777777778,0,0
941,0.888888888888889,0,0
941,1,0,0
942,0,0,0
942,0.111111111111111,0,0
942,0.222222222222222,0,0
942,0.333333333333333,0,-0.5
942,0.444444444444444,0,-0.939692620785908
942,0.555555555555556,0,0.0618580082171793
942,0.666666666666667,0,-0.5
942,0.777777777777778,0,0
942,0.888888888888889,0,0
942,1,0,0
943,0,0,0
943,0.111111111111111,0,0
943,0.222222222222222,0,0
943,0.333333333333333,0,-0.5
943,0.444444444444444,0.461841876397288,-0.939692620785908
943,0.555555555555556,0.117560488815379,-0.168485241132125
943,0.666666666666667,0,-0.5
943,0.777777777777778,0,0
943,0.888888888888889,0,0
943,1,0,-0.214051956862439
944,0,0,0
944,0.111111111111111,0,0
944,0.222222222222222,0,0
944,0.333333333333333,0,-0.5
944,0.444444444444444,0,-0.939692620785908
944,0.555555555555556,0.636146002575255,-0.939692620785908
944,0.666666666666667,0,-0.5
944,0.777777777777778,0,0
944,0.888888888888889,0,0
944,1,0,0
945,0,0,0
945,0.111111111111111,0,0
945,0.222222222222222,0,0
945,0.333333333333333,0,-0.5
945,0.444444444444444,0,0.697968150370268
945,0.555555555555556,0,-0.159801319258924
945,0.666666666666667,0,-0.5
945,0.777777777777778,0,0
945,0.888888888888889,0,0
945,1,-0.54141366014373,0
946,0,0.415291826873006,0
946,0.111111111111111,0,0
946,0.222222222222222,0,0
946,0.333333333333333,0,0.0495523926195539
946,0.444444444444444,0,0.445634792748001
946,0.555555555555556,0,-0.158474473054933
946,0.666666666666667,0,-0.5
946,0.777777777777778,0,0
946,0.888888888888889,0,0
946,1,-0.048204441959814,0
947,0,0,0
947,0.111111111111111,0,0
947,0.222222222222222,0,0
947,0.333333333333333,0,-0.5
947,0.444444444444444,0,0.96018197689002
947,0.555555555555556,0,-0.0724963100814384
947,0.666666666666667,0,-0.5
947,0.777777777777778,0,0
947,0.888888888888889,0,0
947,1,0,0
948,0,0,0
948,0.111111111111111,0,0
948,0.222222222222222,0,0
948,0.333333333333333,0,-0.5
948,0.444444444444444,0,-0.414489010692472
948,0.555555555555556,0,-0.939692620785908
948,0.666666666666667,0,-0.5
948,0.777777777777778,0,0
948,0.888888888888889,0,0
948,1,0,0
949,0,0,0
949,0.111111111111111,0,0
949,0.222222222222222,0,0
949,0.333333333333333,0,-0.5
949,0.444444444444444,0,-0.230922312916633
949,0.555555555555556,-0.309883346269546,0.253943693442125
949,0.666666666666667,0,-0.5
949,0.777777777777778,0,0
949,0.888888888888889,0,0
949,1,0,0
950,0,0.2071215056659,0
950,0.111111111111111,0,0
950,0.222222222222222,0.377226649284432,0
950,0.333333333333333,0,-0.5
950,0.444444444444444,0,0.576926316839066
950,0.555555555555556,0,-0.939692620785908
950,0.666666666666667,0,0.0331048553234886
950,0.777777777777778,0,0
950,0.888888888888889,0,0
950,1,0,0
951,0,0,0
951,0.111111111111111,0.22384511982166,0
951,0.222222222222222,0,0
951,0.333333333333333,0,-0.5
951,0.444444444444444,0,-0.663221031042942
951,0.555555555555556,0,-0.0243593614414261
951,0.666666666666667,0,-0.5
951,0.777777777777778,0,0
951,0.888888888888889,0,0
951,1,0,0
952,0,0,0
952,0.111111111111111,0,0
952,0.222222222222222,0,0
952,0.333333333333333,0,-0.5
952,0.444444444444444,0,-0.939692620785908
952,0.555555555555556,0,-0.939692620785908
952,0.666666666666667,0,-0.5
952,0.777777777777778,0,0
952,0.888888888888889,0,0
952,1,0,0
953,0,0,0
953,0.111111111111111,0,0.234832569219434
953,0.222222222222222,0,0
953,0.333333333333333,0.429594710388881,-0.5
953,0.444444444444444,0,0.0406837701519008
953,0.555555555555556,0,0.212065941793711
953,0.666666666666667,0,-0.5
953,0.777777777777778,0,0
953,0.888888888888889,0,0
953,1,0,0
954,0,0,0
954,0.111111111111111,0,0
954,0.222222222222222,0,0
954,0.333333333333333,0,-0.5
954,0.444444444444444,0,-0.34283955061045
954,0.555555555555556,0,0.882306745278004
954,0.666666666666667,0,-0.5
954,0.777777777777778,0,0
954,0.888888888888889,0,0
954,1,0,0
955,0,0,0
955,0.111111111111111,0,0
955,0.222222222222222,0,0
955,0.333333333333333,0,-0.246976629675506
955,0.444444444444444,0,0.0986239733185436
955,0.555555555555556,0,-0.128044796329914
955,0.666666666666667,0,-0.5
955,0.777777777777778,0,0
955,0.888888888888889,0,0
955,1,0,0
956,0,0,0
956,0.111111111111111,0,0
956,0.222222222222222,0,0
956,0.333333333333333,0,-0.5
956,0.444444444444444,0,0.0287965796407308
956,0.555555555555556,0,-0.197136156463862
956,0.666666666666667,0,-0.5
956,0.777777777777778,0.613779766120018,0
956,0.888888888888889,0,0
956,1,0,0
957,0,0,0
957,0.111111111111111,0,0
957,0.222222222222222,0,0
957,0.333333333333333,0,-0.5
957,0.444444444444444,0,-0.156870779432627
957,0.555555555555556,0,-0.939692620785908
957,0.666666666666667,0,-0.5
957,0.777777777777778,0,-0.26823274992272
957,0.888888888888889,0,0
957,1,0,0
958,0,0,0
958,0.111111111111111,0,0
958,0.222222222222222,0,0
958,0.333333333333333,0,-0.5
958,0.444444444444444,0,0.254170756717354
958,0.555555555555556,0,-0.939692620785908
958,0.666666666666667,0,-0.5
958,0.777777777777778,0,0
958,0.888888888888889,0,0
958,1,0,0
959,0,0,0
959,0.111111111111111,0,0
959,0.222222222222222,0,0
959,0.333333333333333,0,-0.5
959,0.444444444444444,0,0.631155147167248
959,0.555555555555556,0,0.313676979855925
959,0.666666666666667,0,-0.5
959,0.777777777777778,0,0
959,0.888888888888889,0,0
959,1,0,0
960,0,0,0.155061481771374
960,0.111111111111111,0,1.00720980173833
960,0.222222222222222,0,0
960,0.333333333333333,0,0.487256615041704
960,0.444444444444444,0,0.105219456844121
960,0.555555555555556,0,0.342886038681834
960,0.666666666666667,0,-0.216031971673717
960,0.777777777777778,0.548418558321911,0
960,0.888888888888889,0,0
960,1,0,0
961,0,0,0.854370360386467
961,0.111111111111111,0,0
961,0.222222222222222,0,0
961,0.333333333333333,-0.21697701682994,0.316070094005663
961,0.444444444444444,0,-0.398981534422513
961,0.555555555555556,0,0.554230158097249
961,0.666666666666667,0,-0.0469399420078532
961,0.777777777777778,0,0
961,0.888888888888889,-0.212293223816092,0
961,1,0,0
962,0,0.231160448152004,0
962,0.111111111111111,0.495029565481654,-0.707783383124068
962,0.222222222222222,0.858712788220182,0
962,0.333333333333333,0,-0.10710575855174
962,0.444444444444444,0.916434862140273,-0.0104513453337299
962,0.555555555555556,0,0.137908090165656
962,0.666666666666667,0,-0.258619675045873
962,0.777777777777778,0.340255553365872,0
962,0.888888888888889,0.440729266272164,-0.39542201578263
962,1,0,0
963,0,0.284291537596461,0
963,0.111111111111111,0,0
963,0.222222222222222,0,0
963,0.333333333333333,0.304254732287354,-0.5
963,0.444444444444444,0,0.392798602840925
963,0.555555555555556,0,0.507643331078553
963,0.666666666666667,0,0.331698407691099
963,0.777777777777778,0,0
963,0.888888888888889,0,0
963,1,0,0
964,0,0,0
964,0.111111111111111,0,0
964,0.222222222222222,0,0
964,0.333333333333333,0,-0.5
964,0.444444444444444,0,-0.30804172823189
964,0.555555555555556,0,0.0248212273999591
964,0.666666666666667,0,-0.5
964,0.777777777777778,0,0
964,0.888888888888889,0,0
964,1,0,0
965,0,-0.252694486357554,0
965,0.111111111111111,0,0
965,0.222222222222222,0,0
965,0.333333333333333,0,0.0360020743628667
965,0.444444444444444,0,-0.243434332982821
965,0.555555555555556,0,0.100010785662914
965,0.666666666666667,0,0.30660082222818
965,0.777777777777778,0,0
965,0.888888888888889,0,0
965,1,0,0.107559545448082
966,0,0,0
966,0.111111111111111,0,0
966,0.222222222222222,0.129564046157943,0
966,0.333333333333333,0.862550220568812,-0.5
966,0.444444444444444,0,-0.20790274426919
966,0.555555555555556,0,-0.0560947388313268
966,0.666666666666667,0,0.625632599723199
966,0.777777777777778,0,0
966,0.888888888888889,0,0.404904629419649
966,1,0.0774782125890224,0.901710667667123
967,0,0,0.617713474162629
967,0.111111111111111,0,0
967,0.222222222222222,0,0.591755253105977
967,0.333333333333333,0,0.64901109489809
967,0.444444444444444,0,-0.618640382968865
967,0.555555555555556,0,0.0370850895074252
967,0.666666666666667,0,0.116193345062674
967,0.777777777777778,0.6359366288636,0
967,0.888888888888889,0,0
967,1,0,0.221679087211555
968,0,0,0
968,0.111111111111111,0,0
968,0.222222222222222,0,0
968,0.333333333333333,0,-0.5
968,0.444444444444444,0,-0.125175574421987
968,0.555555555555556,0,-0.00446907923630557
968,0.666666666666667,0,0.405424714177055
968,0.777777777777778,0,0
968,0.888888888888889,0,0
968,1,0,0
969,0,0,0
969,0.111111111111111,0,0
969,0.222222222222222,0,0
969,0.333333333333333,0,-0.276823600224275
969,0.444444444444444,0,0.0390449455605166
969,0.555555555555556,0,0.486913991792407
969,0.666666666666667,0,0.331646540153762
969,0.777777777777778,0,0
969,0.888888888888889,0,0
969,1,0,0
970,0,0,0
970,0.111111111111111,0,0
970,0.222222222222222,0,0
970,0.333333333333333,0,-0.5
970,0.444444444444444,0,-0.939692620785908
970,0.555555555555556,0,-0.00945759156095338
970,0.666666666666667,0,-0.5
970,0.777777777777778,0,0
970,0.888888888888889,0,0
970,1,0,0
971,0,0,0.802158369938378
971,0.111111111111111,0,0
971,0.222222222222222,0,0
971,0.333333333333333,0,-0.00154664185311582
971,0.444444444444444,0,0.147639069659446
971,0.555555555555556,0,1.63031235109956
971,0.666666666666667,0,-0.273686230274497
971,0.777777777777778,0,0
971,0.888888888888889,0,0
971,1,0,0
972,0,0,0
972,0.111111111111111,0,0
972,0.222222222222222,0,0
972,0.333333333333333,0.5746417454269,-0.5
972,0.444444444444444,0,-0.351137400790607
972,0.555555555555556,0,1.10448075514748
972,0.666666666666667,0,-0.5
972,0.777777777777778,0,0.312621111644157
972,0.888888888888889,-0.571850670710654,0.966118336217605
972,1,0,0
973,0,0,0
973,0.111111111111111,0,0
973,0.222222222222222,0,0
973,0.333333333333333,0,-0.5
973,0.444444444444444,0,-0.939692620785908
973,0.555555555555556,0,-0.939692620785908
973,0.666666666666667,0,-0.5
973,0.777777777777778,0,0
973,0.888888888888889,0,0
973,1,0,0
974,0,0.266304680729212,0
974,0.111111111111111,0,0
974,0.222222222222222,0,0
974,0.333333333333333,0,-0.108258097839554
974,0.444444444444444,0,0.0741662230232046
974,0.555555555555556,-0.276040807763582,1.16446100069159
974,0.666666666666667,0,-0.0922772951060464
974,0.777777777777778,0,0
974,0.888888888888889,0,0
974,1,0,0
975,0,0,0
975,0.111111111111111,0,0
975,0.222222222222222,0,0
975,0.333333333333333,0,-0.5
975,0.444444444444444,0,-0.30571884267279
975,0.555555555555556,0,-0.166481773705438
975,0.666666666666667,0,-0.5
975,0.777777777777778,0,0
975,0.888888888888889,0,0
975,1,0,0.408161090776098
976,0,0,0
976,0.111111111111111,0,0
976,0.222222222222222,0,0
976,0.333333333333333,0,-0.5
976,0.444444444444444,0,-0.939692620785908
976,0.555555555555556,0,-0.939692620785908
976,0.666666666666667,0,-0.5
976,0.777777777777778,0,0
976,0.888888888888889,0,0
976,1,0,0
977,0,0,0
977,0.111111111111111,0.271946871969333,0
977,0.222222222222222,0.293039642126856,0
977,0.333333333333333,0.763130122732213,-0.5
977,0.444444444444444,0.339742512543042,-0.939692620785908
977,0.555555555555556,0,-0.0218302781652846
977,0.666666666666667,0.0656302557806522,-0.5
977,0.777777777777778,0.284589592936341,0
977,0.888888888888889,0,0
977,1,0,0.350489779514993
978,0,0,0
978,0.111111111111111,-0.235278303562457,0
978,0.222222222222222,0,0
978,0.333333333333333,0,0.438195255985695
978,0.444444444444444,0.252556014981944,-0.540682881961605
978,0.555555555555556,0,0.485440697507311
978,0.666666666666667,0,0.241170437856438
978,0.777777777777778,-0.45420634005389,0.478812158970388
978,0.888888888888889,-0.975066430418092,1.33994042483785
978,1,0,0.283613511970201
979,0,0,0.219175284000564
979,0.111111111111111,0,0
979,0.222222222222222,0,0
979,0.333333333333333,0,0.28749999354602
979,0.444444444444444,0,-0.360374223225128
979,0.555555555555556,0,0.706149520225094
979,0.666666666666667,0,-0.225735467070838
979,0.777777777777778,0,0
979,0.888888888888889,0,0
979,1,0,0.994147977492814
980,0,0,0
980,0.111111111111111,0,0
980,0.222222222222222,0,0
980,0.333333333333333,0,-0.5
980,0.444444444444444,0,-0.939692620785908
980,0.555555555555556,0,-0.939692620785908
980,0.666666666666667,0,-0.5
980,0.777777777777778,0,0
980,0.888888888888889,0,0
980,1,0,0
981,0,0,0
981,0.111111111111111,0,0
981,0.222222222222222,0,0
981,0.333333333333333,0,-0.5
981,0.444444444444444,0,-0.289109838324057
981,0.555555555555556,0,0.0595267837542086
981,0.666666666666667,0,-0.5
981,0.777777777777778,0,0
981,0.888888888888889,0,0
981,1,0,0
982,0,0,0
982,0.111111111111111,0,0
982,0.222222222222222,0,0
982,0.333333333333333,0,-0.5
982,0.444444444444444,0,0.0601657264980883
982,0.555555555555556,0.583408608379908,-0.939692620785908
982,0.666666666666667,0.212434480947784,-0.5
982,0.777777777777778,0,0
982,0.888888888888889,0,0
982,1,0,0
983,0,0,0
983,0.111111111111111,0,0.780128147320801
983,0.222222222222222,0,0
983,0.333333333333333,0,0.344652810305781
983,0.444444444444444,0,0.327138983913465
983,0.555555555555556,0,-0.273472149656435
983,0.666666666666667,0,-0.5
983,0.777777777777778,0,0
983,0.888888888888889,0,0
983,1,0,0
984,0,0.229101667958239,0
984,0.111111111111111,0.193913043385711,0
984,0.222222222222222,0,0
984,0.333333333333333,0,-0.5
984,0.444444444444444,0.767489604705294,-0.576366609614959
984,0.555555555555556,0,-0.282591533841936
984,0.666666666666667,0,-0.5
984,0.777777777777778,0,0
984,0.888888888888889,0,0
984,1,0,0
985,0,-0.264811058073457,0
985,0.111111111111111,0,0
985,0.222222222222222,0,0
985,0.333333333333333,0,-0.5
985,0.444444444444444,0,-0.460150398076382
985,0.555555555555556,0,-0.939692620785908
985,0.666666666666667,0,-0.5
985,0.777777777777778,-0.483245209646473,0
985,0.888888888888889,-0.455326641890591,0
985,1,-0.19913665126937,0
986,0,0,0.608889726067592
986,0.111111111111111,0.453806912417539,0
986,0.222222222222222,0,0
986,0.333333333333333,0,-0.5
986,0.444444444444444,0,0.211605547224855
986,0.555555555555556,0,0.105390381217998
986,0.666666666666667,0,-0.5
986,0.777777777777778,0.396207619284463,0
986,0.888888888888889,0.206413609905956,0
986,1,0,0
987,0,0,0
987,0.111111111111111,0,0
987,0.222222222222222,0,0
987,0.333333333333333,0,-0.5
987,0.444444444444444,0,-0.484060107259215
987,0.555555555555556,0,-0.744239717187687
987,0.666666666666667,0,-0.5
987,0.777777777777778,0,0
987,0.888888888888889,0,0
987,1,0,0
988,0,0,0
988,0.111111111111111,0,0
988,0.222222222222222,0,0
988,0.333333333333333,0,-0.5
988,0.444444444444444,0,-0.0648550186418303
988,0.555555555555556,0,-0.536124893408135
988,0.666666666666667,0,-0.5
988,0.777777777777778,0,0
988,0.888888888888889,0,0
988,1,0,0
989,0,0,0
989,0.111111111111111,0.0345813812179102,0
989,0.222222222222222,0,0
989,0.333333333333333,0,-0.310999888209516
989,0.444444444444444,0,0.152280861664405
989,0.555555555555556,0,-0.302002235436005
989,0.666666666666667,0,-0.5
989,0.777777777777778,0,0
989,0.888888888888889,0,0
989,1,0,0
990,0,0,0
990,0.111111111111111,0,0
990,0.222222222222222,0,0
990,0.333333333333333,0,-0.5
990,0.444444444444444,0,-0.0201345084637528
990,0.555555555555556,0,-0.197448635185086
990,0.666666666666667,0,-0.5
990,0.777777777777778,0,0
990,0.888888888888889,0,0
990,1,0,0
991,0,-0.321536461837442,0
991,0.111111111111111,0,0
991,0.222222222222222,0,0
991,0.333333333333333,0,0.0460956928037052
991,0.444444444444444,0,0.360331167997307
991,0.555555555555556,0,0.369372278204351
991,0.666666666666667,0,0.020891997982142
991,0.777777777777778,0,0
991,0.888888888888889,0,0
991,1,0,-0.11382185932611
992,0,0,0
992,0.111111111111111,0,0
992,0.222222222222222,0,0
992,0.333333333333333,0,-0.5
992,0.444444444444444,0,-0.939692620785908
992,0.555555555555556,0,-0.939692620785908
992,0.666666666666667,0,-0.5
992,0.777777777777778,0,0
992,0.888888888888889,0,0
992,1,0,0
993,0,0,0.328895140101172
993,0.111111111111111,0,0
993,0.222222222222222,0,0
993,0.333333333333333,0,0.84223581984836
993,0.444444444444444,0,0.0342583993297597
993,0.555555555555556,0,1.11891531235332
993,0.666666666666667,0,0.416087978335263
993,0.777777777777778,0,0
993,0.888888888888889,0,0
993,1,0,0.841003616034932
994,0,-0.0404869068596677,0
994,0.111111111111111,0,-0.175159831717452
994,0.222222222222222,0,0
994,0.333333333333333,0,0.0709550116384834
994,0.444444444444444,0,1.09372445233181
994,0.555555555555556,-0.121064479696562,0.127688478170648
994,0.666666666666667,-0.514998000792894,1.38111332867371
994,0.777777777777778,0,0
994,0.888888888888889,0,0.31748283511752
994,1,0,0.391935252397517
995,0,0,0
995,0.111111111111111,0,0
995,0.222222222222222,0,0
995,0.333333333333333,0,-0.5
995,0.444444444444444,0,-0.131666444070544
995,0.555555555555556,0,-0.939692620785908
995,0.666666666666667,0,-0.5
995,0.777777777777778,0,0
995,0.888888888888889,0,0
995,1,0,0
996,0,0,0
996,0.111111111111111,0,0
996,0.222222222222222,0,0
996,0.333333333333333,0,-0.5
996,0.444444444444444,0,0.347658315486891
996,0.555555555555556,0,0.0644490917847216
996,0.666666666666667,0,-0.5
996,0.777777777777778,0,0
996,0.888888888888889,0,0
996,1,0,0
997,0,-0.383644962555657,0
997,0.111111111111111,0,0
997,0.222222222222222,0,0
997,0.333333333333333,-0.432529983002456,0.290133769555565
997,0.444444444444444,0,1.19929670655155
997,0.555555555555556,0,-0.567838329473913
997,0.666666666666667,0,0.11834168088297
997,0.777777777777778,0,0
997,0.888888888888889,0,0
997,1,0,0
998,0,0,0
998,0.111111111111111,0,0
998,0.222222222222222,0,0
998,0.333333333333333,0,-0.5
998,0.444444444444444,0,-0.0934511784701854
998,0.555555555555556,0,-0.217102770472751
998,0.666666666666667,0,-0.5
998,0.777777777777778,0,0
998,0.888888888888889,0,0
998,1,0,0
999,0,0,0.76682679914317
999,0.111111111111111,0,0.463944416714214
999,0.222222222222222,0,0
999,0.333333333333333,0,-0.374242479550238
999,0.444444444444444,0,0.823557580658981
999,0.555555555555556,0,-0.219927057491482
999,0.666666666666667,0,-0.5
999,0.777777777777778,0,0
999,0.888888888888889,0,0
999,1,0,0
1000,0,0,0.214654851979533
1000,0.111111111111111,0,0
1000,0.222222222222222,0,0
1000,0.333333333333333,0,-0.5
1000,0.444444444444444,0,-0.56026629318169
1000,0.555555555555556,0,-0.127241317083268
1000,0.666666666666667,0,0.0931577352190153
1000,0.777777777777778,0,0
1000,0.888888888888889,0,0
1000,1,0,0
1001,0,0,0
1001,0.111111111111111,0,0
1001,0.222222222222222,0,0
1001,0.333333333333333,0,-0.5
1001,0.444444444444444,0,-0.0801703353840396
1001,0.555555555555556,0,-0.318979510849585
1001,0.666666666666667,0,-0.5
1001,0.777777777777778,0,0
1001,0.888888888888889,0,0
1001,1,0,0
1002,0,0,0
1002,0.111111111111111,0,0
1002,0.222222222222222,0,0
1002,0.333333333333333,0.391710511893044,-0.5
1002,0.444444444444444,0.606932189258958,-0.939692620785908
1002,0.555555555555556,0.29909781326903,0.000918699578964177
1002,0.666666666666667,0.321912592440409,-0.5
1002,0.777777777777778,0,0
1002,0.888888888888889,0,0
1002,1,0,0
1003,0,-0.258842667286685,0.281952153258162
1003,0.111111111111111,0,0
1003,0.222222222222222,-0.0986995757398223,0.649391985038192
1003,0.333333333333333,-0.393210208369518,1.04033064895575
1003,0.444444444444444,0,0.502319973006639
1003,0.555555555555556,0,0.202027280010234
1003,0.666666666666667,-1.12303040493914,2.03347831129622
1003,0.777777777777778,0,0.445532309579741
1003,0.888888888888889,0,0
1003,1,-0.218480186444242,0
1004,0,0,0
1004,0.111111111111111,0,0
1004,0.222222222222222,0,0
1004,0.333333333333333,0,-0.142776445620556
1004,0.444444444444444,0,-0.285151839500277
1004,0.555555555555556,0,-0.0186983883936062
1004,0.666666666666667,0,-0.5
1004,0.777777777777778,0,0
1004,0.888888888888889,0,0
1004,1,0,0.076593101231764
1005,0,0,0.239061589161229
1005,0.111111111111111,0.0683908297203806,0
1005,0.222222222222222,0.405572455257725,0
1005,0.333333333333333,0.320958366125984,-0.5
1005,0.444444444444444,0.60090185176957,-0.19453433237939
1005,0.555555555555556,0,0.183326278332399
1005,0.666666666666667,0,0.00887240091252839
1005,0.777777777777778,0,0
1005,0.888888888888889,0,0
1005,1,0,0.421703271478846
1006,0,0,0
1006,0.111111111111111,0,0
1006,0.222222222222222,0,0
1006,0.333333333333333,0,-0.5
1006,0.444444444444444,0,-0.0860767460835999
1006,0.555555555555556,0,-0.939692620785908
1006,0.666666666666667,0,-0.5
1006,0.777777777777778,0,0
1006,0.888888888888889,0,0
1006,1,0,0
1007,0,0,0
1007,0.111111111111111,0,0
1007,0.222222222222222,0,0.337285628797289
1007,0.333333333333333,0,-0.278567232389532
1007,0.444444444444444,0,0.000825028368169889
1007,0.555555555555556,0,-0.124064504257462
1007,0.666666666666667,0,-0.5
1007,0.777777777777778,0,0
1007,0.888888888888889,0,0
1007,1,0,0.224347247185227
1008,0,0,0
1008,0.111111111111111,0,-0.278902736739315
1008,0.222222222222222,0,-0.488265675624445
1008,0.333333333333333,0,-0.5
1008,0.444444444444444,0,-0.939692620785908
1008,0.555555555555556,0.135388507782255,-0.29792837236593
1008,0.666666666666667,0,-0.5
1008,0.777777777777778,0,0
1008,0.888888888888889,0,0
1008,1,0,0
1009,0,0,0
1009,0.111111111111111,0,0
1009,0.222222222222222,0,0
1009,0.333333333333333,0,-0.5
1009,0.444444444444444,0,0.389104601500808
1009,0.555555555555556,0,0.674351655499871
1009,0.666666666666667,0,-0.0273368673032126
1009,0.777777777777778,0.193735456924089,0
1009,0.888888888888889,0,0
1009,1,0,0
1010,0,0,-0.321704968557873
1010,0.111111111111111,0,0
1010,0.222222222222222,-0.293669123886084,0
1010,0.333333333333333,-0.51275274317958,0.282414846783307
1010,0.444444444444444,0,-0.0961989852030462
1010,0.555555555555556,-0.308796123035644,0.42930086402704
1010,0.666666666666667,0,-0.0650450111986845
1010,0.777777777777778,-0.0648281603358286,0
1010,0.888888888888889,0,-0.410999903754039
1010,1,-0.0626465856601722,0
1011,0,0,0
1011,0.111111111111111,0,0
1011,0.222222222222222,0,0
1011,0.333333333333333,0,0.531760769605273
1011,0.444444444444444,-0.291024822895082,-0.296116014493876
1011,0.555555555555556,-0.393541891254371,0.67755035396709
1011,0.666666666666667,0,0.253272114069019
1011,0.777777777777778,0,0
1011,0.888888888888889,0,0
1011,1,0,0.270137908970476
1012,0,0.162053677364416,0
1012,0.111111111111111,0,0
1012,0.222222222222222,0,0
1012,0.333333333333333,0,-0.0726243782808515
1012,0.444444444444444,0,0.428519877657832
1012,0.555555555555556,0,-0.106523558197478
1012,0.666666666666667,0,-0.5
1012,0.777777777777778,0,0
1012,0.888888888888889,0,0
1012,1,0,0
1013,0,0,0
1013,0.111111111111111,0,0
1013,0.222222222222222,0,0
1013,0.333333333333333,0,-0.5
1013,0.444444444444444,0,-0.55501977832729
1013,0.555555555555556,0,0.0231106599451036
1013,0.666666666666667,0,-0.5
1013,0.777777777777778,0,0
1013,0.888888888888889,0,0
1013,1,0,0
1014,0,0,0
1014,0.111111111111111,0,0
1014,0.222222222222222,0,0
1014,0.333333333333333,0,-0.31288045624308
1014,0.444444444444444,0,-0.371941048370644
1014,0.555555555555556,0,0.0457464636473834
1014,0.666666666666667,0,-0.253896713190769
1014,0.777777777777778,0,0
1014,0.888888888888889,0,0
1014,1,0,0
1015,0,0,0
1015,0.111111111111111,0,0
1015,0.222222222222222,0,0
1015,0.333333333333333,0,-0.5
1015,0.444444444444444,0,-0.131714242614004
1015,0.555555555555556,0,-0.939692620785908
1015,0.666666666666667,0,-0.5
1015,0.777777777777778,0,0
1015,0.888888888888889,0,0
1015,1,0,0
1016,0,0,0
1016,0.111111111111111,0,0
1016,0.222222222222222,0,0
1016,0.333333333333333,0,-0.16784736244945
1016,0.444444444444444,0,0.179818901346707
1016,0.555555555555556,0,0.519085427976071
1016,0.666666666666667,0,0.15883789453441
1016,0.777777777777778,0,0
1016,0.888888888888889,0,0
1016,1,0.357761534780411,0
1017,0,0,0
1017,0.111111111111111,0,0
1017,0.222222222222222,0,0
1017,0.333333333333333,0,-0.5
1017,0.444444444444444,0,0.160619057443432
1017,0.555555555555556,0,0.308380931010938
1017,0.666666666666667,0,-0.15415029496521
1017,0.777777777777778,0,0
1017,0.888888888888889,0,0
1017,1,0,0
1018,0,0,0
1018,0.111111111111111,0,0
1018,0.222222222222222,0,0
1018,0.333333333333333,0,-0.5
1018,0.444444444444444,0,-0.219835460570148
1018,0.555555555555556,0,0.834341062186446
1018,0.666666666666667,0,-0.5
1018,0.777777777777778,0,0
1018,0.888888888888889,0,0
1018,1,-0.13827976349485,0
1019,0,0,0
1019,0.111111111111111,0,0
1019,0.222222222222222,0,0
1019,0.333333333333333,0,-0.5
1019,0.444444444444444,0,0.33493022027442
1019,0.555555555555556,0,-0.939692620785908
1019,0.666666666666667,0,-0.5
1019,0.777777777777778,0,0
1019,0.888888888888889,0,0
1019,1,0,0
1020,0,0,0
1020,0.111111111111111,0,0
1020,0.222222222222222,0,0
1020,0.333333333333333,0,-0.5
1020,0.444444444444444,0,-0.269783931336787
1020,0.555555555555556,0,-0.205393083651584
1020,0.666666666666667,0,-0.5
1020,0.777777777777778,0,0
1020,0.888888888888889,0,0
1020,1,0,0
1021,0,0.197142981474929,0
1021,0.111111111111111,0,0
1021,0.222222222222222,0.432855908305297,0
1021,0.333333333333333,0.117093028463186,-0.5
1021,0.444444444444444,0.31310993460487,-0.285302998018126
1021,0.555555555555556,0,0.262745352768361
1021,0.666666666666667,0,-0.326336756992807
1021,0.777777777777778,0,0
1021,0.888888888888889,0.378013200558908,0
1021,1,0.118946061315173,0
1022,0,-0.0178226766096915,0
1022,0.111111111111111,-0.138810728305575,0
1022,0.222222222222222,-0.250544327225103,0
1022,0.333333333333333,0,-0.5
1022,0.444444444444444,0,-0.290866825036457
1022,0.555555555555556,0,0.231102064000895
1022,0.666666666666667,0,-0.292840229110007
1022,0.777777777777778,0,0
1022,0.888888888888889,0,0
1022,1,-0.147312472095308,0
1023,0,0,0
1023,0.111111111111111,0,0
1023,0.222222222222222,0,0
1023,0.333333333333333,0,-0.163389095853746
1023,0.444444444444444,0,0.501070855439723
1023,0.555555555555556,0,0.0498980482727097
1023,0.666666666666667,0,0.469103498907636
1023,0.777777777777778,0,0
1023,0.888888888888889,0,0
1023,1,0,0.349626776783251
1024,0,0,0
1024,0.111111111111111,0,0
1024,0.222222222222222,0,0
1024,0.333333333333333,0,-0.5
1024,0.444444444444444,0,-0.597697921526091
1024,0.555555555555556,0,-0.126699715844492
1024,0.666666666666667,0,-0.5
1024,0.777777777777778,0,0
1024,0.888888888888889,0,0
1024,1,0,0
1025,0,-0.147457460581891,0
1025,0.111111111111111,0,0
1025,0.222222222222222,0,0
1025,0.333333333333333,0,0.0399503224928613
1025,0.444444444444444,0,0.441543589530421
1025,0.555555555555556,0,0.094265622681347
1025,0.666666666666667,0,-0.0317402387896186
1025,0.777777777777778,0,0
1025,0.888888888888889,0,0
1025,1,0.126036529627822,0
1026,0,0,0
1026,0.111111111111111,0,0
1026,0.222222222222222,0,0
1026,0.333333333333333,0,-0.5
1026,0.444444444444444,0,-0.0130817553354851
1026,0.555555555555556,0,0.351911940633927
1026,0.666666666666667,0,-0.5
1026,0.777777777777778,0,0
1026,0.888888888888889,0,0
1026,1,0,0
1027,0,0,-0.140796702062875
1027,0.111111111111111,0,0
1027,0.222222222222222,0,0
1027,0.333333333333333,0,0.37079799078763
1027,0.444444444444444,0,-0.31365850124519
1027,0.555555555555556,-0.468601846503204,0.59179268424852
1027,0.666666666666667,0,-0.5
1027,0.777777777777778,-0.216330856773403,0
1027,0.888888888888889,-0.594980288262851,0
1027,1,0,-0.146911085120286
1028,0,0,-0.339027096019078
1028,0.111111111111111,0,0
1028,0.222222222222222,-0.123800991950365,0
1028,0.333333333333333,0,-0.5
1028,0.444444444444444,0,-0.0616096080766011
1028,0.555555555555556,0,-0.686560642649205
1028,0.666666666666667,0.468912835725895,-0.5
1028,0.777777777777778,0,0
1028,0.888888888888889,0,0
1028,1,0.407430074880693,0
1029,0,0.493511276300056,-1.33433855310688
1029,0.111111111111111,0,-0.895372699102247
1029,0.222222222222222,0,0
1029,0.333333333333333,0,-0.5
1029,0.444444444444444,0,0.026161219626656
1029,0.555555555555556,0,-0.745434468160296
1029,0.666666666666667,0,-0.5
1029,0.777777777777778,0,-0.581141315626569
1029,0.888888888888889,0,0
1029,1,0,-1.1390144889476
1030,0,0,-0.605016219409623
1030,0.111111111111111,0,0
1030,0.222222222222222,0,0
1030,0.333333333333333,0,-0.282439500733433
1030,0.444444444444444,0,-0.214753059979012
1030,0.555555555555556,0,-0.332352725369735
1030,0.666666666666667,0,-0.5
1030,0.777777777777778,0,0
1030,0.888888888888889,0,-1.44992806805471
1030,1,0,-0.79114073096172
1031,0,-0.374609557176573,0.502751052824218
1031,0.111111111111111,-0.576478299812207,0.36667990641604
1031,0.222222222222222,0,0
1031,0.333333333333333,0,-0.5
1031,0.444444444444444,0,0.312071855247183
1031,0.555555555555556,0,-0.0947870406791482
1031,0.666666666666667,0,-0.5
1031,0.777777777777778,0,0
1031,0.888888888888889,0,0
1031,1,-0.418745661006479,0
1032,0,0,0
1032,0.111111111111111,0,0
1032,0.222222222222222,0,0
1032,0.333333333333333,0,-0.5
1032,0.444444444444444,0,-0.939692620785908
1032,0.555555555555556,0,0.362729663251594
1032,0.666666666666667,0,-0.5
1032,0.777777777777778,0,0
1032,0.888888888888889,0,0
1032,1,0,0
1033,0,0,0
1033,0.111111111111111,0,0
1033,0.222222222222222,0,0
1033,0.333333333333333,0,-0.234436596484203
1033,0.444444444444444,0,-0.0401083635709263
1033,0.555555555555556,0,-0.261604852911564
1033,0.666666666666667,0,0.40123183133952
1033,0.777777777777778,-0.38539119517135,0
1033,0.888888888888889,0,0
1033,1,-0.0775590690218044,0
1034,0,0,0
1034,0.111111111111111,0,0
1034,0.222222222222222,0,0
1034,0.333333333333333,0,-0.287800478256171
1034,0.444444444444444,0,0.975703137857059
1034,0.555555555555556,0,-0.30717339885426
1034,0.666666666666667,0,-0.16926941284583
1034,0.777777777777778,0,0.653704414080638
1034,0.888888888888889,-0.31028518743742,0
1034,1,0,0
1035,0,0.140266411134923,0
1035,0.111111111111111,0,0
1035,0.222222222222222,0,0
1035,0.333333333333333,0,-0.0742820296287877
1035,0.444444444444444,0,0.234975729446304
1035,0.555555555555556,1.0600369964849,-0.939692620785908
1035,0.666666666666667,0.236015056586382,-0.5
1035,0.777777777777778,0.225473015182553,0
1035,0.888888888888889,0,0
1035,1,0.20459460364021,0
1036,0,0,0.101428203464521
1036,0.111111111111111,0,0.450166663520441
1036,0.222222222222222,0,0
1036,0.333333333333333,0,-0.25307542614744
1036,0.444444444444444,0,0.860019899812381
1036,0.555555555555556,0,-0.162515485960448
1036,0.666666666666667,0,0.847923455841423
1036,0.777777777777778,-0.447215222231501,0
1036,0.888888888888889,0,0.23078603462422
1036,1,0,0
1037,0,0.207202876472599,0
1037,0.111111111111111,0,0.85770423443591
1037,0.222222222222222,0,0.588755237257
1037,0.333333333333333,0,-0.5
1037,0.444444444444444,0,1.19437843811635
1037,0.555555555555556,0,0.672982163594514
1037,0.666666666666667,0.378274098371926,-0.5
1037,0.777777777777778,0,0
1037,0.888888888888889,0,0
1037,1,0,0
1038,0,0,0
1038,0.111111111111111,0,0
1038,0.222222222222222,0.428680112942195,0
1038,0.333333333333333,0.207982397432349,-0.5
1038,0.444444444444444,0,0.733824567323957
1038,0.555555555555556,0.430777992396118,-0.682247985234238
1038,0.666666666666667,0,-0.5
1038,0.777777777777778,0,0
1038,0.888888888888889,0,0
1038,1,0,-0.281879113785954
1039,0,0,0.406270957777954
1039,0.111111111111111,0,0.441276224202754
1039,0.222222222222222,0,0
1039,0.333333333333333,0,0.800795170557719
1039,0.444444444444444,0,-0.124840187794157
1039,0.555555555555556,0,0.771861394140245
1039,0.666666666666667,0,0.0573176876087563
1039,0.777777777777778,0,0
1039,0.888888888888889,0,0
1039,1,0,0.148740843310893
1040,0,0,0
1040,0.111111111111111,0,0
1040,0.222222222222222,0,0
1040,0.333333333333333,0,0.0619688404882644
1040,0.444444444444444,0,-0.162042117314314
1040,0.555555555555556,0.279170943327378,-0.0980466904177243
1040,0.666666666666667,0,-0.5
1040,0.777777777777778,0,0
1040,0.888888888888889,0,0
1040,1,0,0
1041,0,0,0
1041,0.111111111111111,0,0
1041,0.222222222222222,0.459344367514571,0
1041,0.333333333333333,0.239230374266813,-0.5
1041,0.444444444444444,0,0.493330085197368
1041,0.555555555555556,0,0.632201933257273
1041,0.666666666666667,0,-0.346305852973792
1041,0.777777777777778,0,0
1041,0.888888888888889,0,0
1041,1,0.397965767084807,0
1042,0,0,0
1042,0.111111111111111,0,0
1042,0.222222222222222,0,0
1042,0.333333333333333,0,-0.5
1042,0.444444444444444,0,0.465926280820951
1042,0.555555555555556,0,0.583126418280598
1042,0.666666666666667,0,-0.5
1042,0.777777777777778,0,0
1042,0.888888888888889,0,0
1042,1,-0.356123744003119,0
1043,0,0,0
1043,0.111111111111111,0,0
1043,0.222222222222222,0,0
1043,0.333333333333333,0,-0.5
1043,0.444444444444444,0,0.13775444829643
1043,0.555555555555556,0,0.0434453059369755
1043,0.666666666666667,0,-0.5
1043,0.777777777777778,0,0
1043,0.888888888888889,0,0
1043,1,0,0
1044,0,0,0
1044,0.111111111111111,0,0
1044,0.222222222222222,0,0
1044,0.333333333333333,0,-0.5
1044,0.444444444444444,0,0.0687431814989011
1044,0.555555555555556,0,-0.115873593521556
1044,0.666666666666667,0,-0.186010311957
1044,0.777777777777778,0,0
1044,0.888888888888889,0,0
1044,1,0,0.70446527267545
1045,0,0,0
1045,0.111111111111111,-0.206953697653482,0.42418387075263
1045,0.222222222222222,-0.43233666214389,0
1045,0.333333333333333,0,-0.5
1045,0.444444444444444,0,0.199799965262449
1045,0.555555555555556,0,-0.271683910510187
1045,0.666666666666667,0,-0.5
1045,0.777777777777778,0,-0.396421704757917
1045,0.888888888888889,-0.153517061194209,0
1045,1,-0.19021210146011,0.419215491971091
1046,0,0,0
1046,0.111111111111111,0,0
1046,0.222222222222222,0,0
1046,0.333333333333333,0,-0.5
1046,0.444444444444444,0,-0.396387885126263
1046,0.555555555555556,0,0.147254282505223
1046,0.666666666666667,0,-0.0171932921547848
1046,0.777777777777778,0,0
1046,0.888888888888889,0,0
1046,1,0,0
1047,0,-0.486399592291782,0
1047,0.111111111111111,0,0
1047,0.222222222222222,-0.41425257124525,0
1047,0.333333333333333,0,-0.5
1047,0.444444444444444,0,-0.939692620785908
1047,0.555555555555556,0,-0.939692620785908
1047,0.666666666666667,0,-0.5
1047,0.777777777777778,0,0
1047,0.888888888888889,0,0
1047,1,-0.794963665217346,0
1048,0,0,-0.322869826786422
1048,0.111111111111111,0,0
1048,0.222222222222222,0,0
1048,0.333333333333333,0,-0.5
1048,0.444444444444444,0,-0.939692620785908
1048,0.555555555555556,0,-0.216561967334159
1048,0.666666666666667,0,-0.5
1048,0.777777777777778,0,0
1048,0.888888888888889,0,0
1048,1,0,0
1049,0,-0.905879947778148,0.73051804901636
1049,0.111111111111111,-0.262891438954756,0.251883348126337
1049,0.222222222222222,-0.554677404378902,0.636492940494444
1049,0.333333333333333,-0.205618105207626,0.292307322170494
1049,0.444444444444444,-0.450117847141747,0.571977017290487
1049,0.555555555555556,-0.769648674937266,0.537625523559731
1049,0.666666666666667,-0.364615308292885,0.234084194858773
1049,0.777777777777778,-0.684946902447854,0.822109119878362
1049,0.888888888888889,-0.129794724429819,0.243247284042894
1049,1,-0.487330861994223,0.867937834087418
1050,0,0,0.517761358886651
1050,0.111111111111111,0,0
1050,0.222222222222222,0,0
1050,0.333333333333333,0,-0.5
1050,0.444444444444444,0,-0.295101370131431
1050,0.555555555555556,0,0.0815960775488365
1050,0.666666666666667,0,0.00108525951718241
1050,0.777777777777778,0,0
1050,0.888888888888889,0,0
1050,1,0,0
1051,0,0,0
1051,0.111111111111111,0,0
1051,0.222222222222222,0,0
1051,0.333333333333333,0,0.37905869913045
1051,0.444444444444444,0.0794433441023253,-0.0279460114895824
1051,0.555555555555556,0.304236321430564,-0.172150426076427
1051,0.666666666666667,0,-0.5
1051,0.777777777777778,0,0
1051,0.888888888888889,0,0
1051,1,0,0
1052,0,0,0
1052,0.111111111111111,0,0
1052,0.222222222222222,0,0
1052,0.333333333333333,0,-0.5
1052,0.444444444444444,0,-0.939692620785908
1052,0.555555555555556,0,-0.939692620785908
1052,0.666666666666667,0,-0.5
1052,0.777777777777778,0,0
1052,0.888888888888889,0,0
1052,1,0,0
1053,0,0,0.202974492098556
1053,0.111111111111111,0,0
1053,0.222222222222222,0.34619074129681,0
1053,0.333333333333333,0.324034105989391,-0.5
1053,0.444444444444444,0,-0.262822156593091
1053,0.555555555555556,0,0.721072076868227
1053,0.666666666666667,0.381874897781478,-0.5
1053,0.777777777777778,0,0
1053,0.888888888888889,0,0
1053,1,0,0
1054,0,0,-0.156228779670155
1054,0.111111111111111,0,0
1054,0.222222222222222,0,0
1054,0.333333333333333,0,0.0127760007320385
1054,0.444444444444444,0.563826665251821,-0.840713624469723
1054,0.555555555555556,0.215048702845242,-0.277230949805051
1054,0.666666666666667,0,-0.5
1054,0.777777777777778,0,0
1054,0.888888888888889,0,0
1054,1,0,0
1055,0,0,0
1055,0.111111111111111,0,0
1055,0.222222222222222,0,0
1055,0.333333333333333,0,0.559573884467496
1055,0.444444444444444,0,0.270969405931689
1055,0.555555555555556,0,0.0330538594313152
1055,0.666666666666667,0,-0.257883132474156
1055,0.777777777777778,0,0
1055,0.888888888888889,0,0
1055,1,0,0
1056,0,0,0
1056,0.111111111111111,0,0
1056,0.222222222222222,0,0
1056,0.333333333333333,0,-0.5
1056,0.444444444444444,0,0.0759430970942087
1056,0.555555555555556,0,-0.06805916133051
1056,0.666666666666667,0,0.027317595776293
1056,0.777777777777778,0,0
1056,0.888888888888889,0,0
1056,1,0,0
1057,0,-0.645939273151987,0.671204391984853
1057,0.111111111111111,0,0.050259525048895
1057,0.222222222222222,0,0
1057,0.333333333333333,0,0.0792976965339209
1057,0.444444444444444,0,0.84860101043517
1057,0.555555555555556,0,0.0670430973915839
1057,0.666666666666667,0,-0.5
1057,0.777777777777778,0,0
1057,0.888888888888889,0,0
1057,1,-0.169373143315022,0
1058,0,0.214033576343859,0
1058,0.111111111111111,0.43045842983434,-1.00600172699929
1058,0.222222222222222,0,0
1058,0.333333333333333,0.257459953722021,-0.5
1058,0.444444444444444,0.107050916427643,-0.0132975113919409
1058,0.555555555555556,0.688849175152991,-0.715254218964552
1058,0.666666666666667,0,-0.5
1058,0.777777777777778,0,0
1058,0.888888888888889,0,-0.180071746978422
1058,1,0.14447967895896,0
1059,0,0,0
1059,0.111111111111111,0,0
1059,0.222222222222222,0,0
1059,0.333333333333333,0,-0.5
1059,0.444444444444444,0,-0.391256104577028
1059,0.555555555555556,0,-0.343171508892632
1059,0.666666666666667,0,-0.5
1059,0.777777777777778,0,0
1059,0.888888888888889,0,-0.563148439007987
1059,1,-0.12317330540942,0
1060,0,0.146366307801276,0
1060,0.111111111111111,0.18208036143063,-0.0887254379120838
1060,0.222222222222222,0,0
1060,0.333333333333333,0.45927872618,-0.5
1060,0.444444444444444,0,-0.205094526603205
1060,0.555555555555556,0,1.05780819380913
1060,0.666666666666667,-0.429966564626588,0.0898211816398495
1060,0.777777777777778,-0.212516286367192,0.805632044082
1060,0.888888888888889,0,0
1060,1,-0.388417192131066,0.501080989967427
1061,0,-0.294353827077678,0.661476196529561
1061,0.111111111111111,-0.415089917342778,0.329986846175736
1061,0.222222222222222,-0.113219541943826,0
1061,0.333333333333333,-0.232243792987683,0.35157089452641
1061,0.444444444444444,-0.65200621400021,0.669856816488013
1061,0.555555555555556,0,-0.134681818118333
1061,0.666666666666667,0,-0.0258126993470148
1061,0.777777777777778,0,0
1061,0.888888888888889,-0.777493107506041,0.500353680385207
1061,1,-0.735092172629051,1.01762237098486
1062,0,0.0956841666724405,0
1062,0.111111111111111,0,0
1062,0.222222222222222,0,0
1062,0.333333333333333,0,0.403963327821862
1062,0.444444444444444,0,0.453144930377092
1062,0.555555555555556,0,0.482963112195539
1062,0.666666666666667,0,-0.5
1062,0.777777777777778,0,0
1062,0.888888888888889,0.0616090409915283,0
1062,1,0.65173290713329,0
1063,0,0,0
1063,0.111111111111111,0,0
1063,0.222222222222222,0,0
1063,0.333333333333333,0,-0.5
1063,0.444444444444444,0.180917246865845,0.0492259163042
1063,0.555555555555556,0,0.130440674061864
1063,0.666666666666667,0,-0.5
1063,0.777777777777778,0,0
1063,0.888888888888889,0.255997119121112,0
1063,1,0.0761041199781222,0
1064,0,0,0
1064,0.111111111111111,0,0
1064,0.222222222222222,0,0
1064,0.333333333333333,0,-0.0198279681482583
1064,0.444444444444444,0,-0.0814707345795584
1064,0.555555555555556,0,-0.0861001112172188
1064,0.666666666666667,0,-0.5
1064,0.777777777777778,-0.29659903395301,0
1064,0.888888888888889,0,0
1064,1,0,-0.769357337590437
1065,0,0,0
1065,0.111111111111111,0,0
1065,0.222222222222222,-0.49754673417059,0.337560075207622
1065,0.333333333333333,-0.512216142754031,0.553759954575643
1065,0.444444444444444,0,0.175101293225051
1065,0.555555555555556,0,0.104691478226461
1065,0.666666666666667,0,-0.5
1065,0.777777777777778,0,0
1065,0.888888888888889,0,0
1065,1,0,0
1066,0,0,-0.321526320230237
1066,0.111111111111111,0,0
1066,0.222222222222222,0,0
1066,0.333333333333333,0.550077979102201,-0.5
1066,0.444444444444444,0.0784473433016002,-0.22854991119553
1066,0.555555555555556,0.381326740678201,-0.481053065503573
1066,0.666666666666667,0.107745724545468,-0.5
1066,0.777777777777778,0,0
1066,0.888888888888889,0,0
1066,1,0,0
1067,0,0,0
1067,0.111111111111111,0,0
1067,0.222222222222222,0,0
1067,0.333333333333333,0.466840452781201,-0.5
1067,0.444444444444444,0,-0.543153810604205
1067,0.555555555555556,0,-0.853167400557732
1067,0.666666666666667,0.440983836967851,-0.5
1067,0.777777777777778,0,0
1067,0.888888888888889,0,0
1067,1,0,0
1068,0,0,0
1068,0.111111111111111,0,0
1068,0.222222222222222,0,0
1068,0.333333333333333,0,0.205087139253192
1068,0.444444444444444,-0.29593785284617,0.152992859838954
1068,0.555555555555556,0,0.38138978393567
1068,0.666666666666667,0,0.113559677139501
1068,0.777777777777778,0,0
1068,0.888888888888889,0,0
1068,1,0,0
1069,0,0,-0.173270223917964
1069,0.111111111111111,0,0
1069,0.222222222222222,0,0
1069,0.333333333333333,0,-0.187573984748745
1069,0.444444444444444,0,-0.047974888590355
1069,0.555555555555556,0,-0.104659586637096
1069,0.666666666666667,0,-0.5
1069,0.777777777777778,0,0
1069,0.888888888888889,0,0
1069,1,0,0
1070,0,0,0
1070,0.111111111111111,0,0
1070,0.222222222222222,0,0
1070,0.333333333333333,0,-0.5
1070,0.444444444444444,0,-0.331751608902829
1070,0.555555555555556,0,-0.0427719238078483
1070,0.666666666666667,0,0.472346423682529
1070,0.777777777777778,0,0
1070,0.888888888888889,0,0
1070,1,0,0
1071,0,0.742906010302967,-0.875914459884324
1071,0.111111111111111,0.279954906879567,-0.476378717786939
1071,0.222222222222222,0.418886104564255,0
1071,0.333333333333333,0.393336403264516,-0.5
1071,0.444444444444444,0.313624957114253,-0.299562298349762
1071,0.555555555555556,0.686337519619681,-0.939692620785908
1071,0.666666666666667,0.232681261561028,-0.5
1071,0.777777777777778,0.137446396664036,0
1071,0.888888888888889,0.751609767591139,-1.0716813489363
1071,1,0.811587925937674,-0.655014815129077
1072,0,0,0.154780113512473
1072,0.111111111111111,0,0.691172923993695
1072,0.222222222222222,0,0.0371673346059643
1072,0.333333333333333,0,0.217032503521582
1072,0.444444444444444,0,0.159267286385457
1072,0.555555555555556,0,0.851832445149638
1072,0.666666666666667,0,0.380385096186007
1072,0.777777777777778,0,0
1072,0.888888888888889,0,0.175789014729597
1072,1,0,1.01591635709189
1073,0,0,0
1073,0.111111111111111,0,0.277924199753583
1073,0.222222222222222,0,0
1073,0.333333333333333,0,-0.210024117700384
1073,0.444444444444444,0,0.160410759791189
1073,0.555555555555556,0,0.00286839131638372
1073,0.666666666666667,0,-0.5
1073,0.777777777777778,0,0
1073,0.888888888888889,0.331550500961461,0
1073,1,0,0
1074,0,0.590988452792218,0
1074,0.111111111111111,0,0
1074,0.222222222222222,0,0
1074,0.333333333333333,0,0.718686805251193
1074,0.444444444444444,0,0.294382519817238
1074,0.555555555555556,0,0.206874663041737
1074,0.666666666666667,0,-0.164064006128103
1074,0.777777777777778,0.369345794521267,0
1074,0.888888888888889,0.326548280593339,0
1074,1,0.246820922696359,0
1075,0,-0.430124766509361,0
1075,0.111111111111111,0,0
1075,0.222222222222222,-0.259462539864553,0
1075,0.333333333333333,0,-0.5
1075,0.444444444444444,0,-0.261562093827057
1075,0.555555555555556,0,0.338530313401066
1075,0.666666666666667,0,-0.5
1075,0.777777777777778,0,0
1075,0.888888888888889,0,0
1075,1,0,0
1076,0,0,0
1076,0.111111111111111,0,0
1076,0.222222222222222,0,0
1076,0.333333333333333,0,-0.5
1076,0.444444444444444,0,-0.442124715365808
1076,0.555555555555556,0,0.25700192407808
1076,0.666666666666667,0,0.332597439758547
1076,0.777777777777778,0,0
1076,0.888888888888889,0,0
1076,1,0,0
1077,0,0.163037710115439,0
1077,0.111111111111111,0,0
1077,0.222222222222222,0,0.434563626725357
1077,0.333333333333333,0,0.511617056690946
1077,0.444444444444444,0.295794271086341,-0.939692620785908
1077,0.555555555555556,0,0.771381655055627
1077,0.666666666666667,0,0.0160236284911639
1077,0.777777777777778,0.389999886686729,0
1077,0.888888888888889,0,0
1077,1,0,0
1078,0,0.0656361243151962,0
1078,0.111111111111111,1.0237147483095,-1.75093666844001
1078,0.222222222222222,0.380815887061522,0
1078,0.333333333333333,0.329448197580084,-0.5
1078,0.444444444444444,0,-0.250315879859783
1078,0.555555555555556,0,0.854458844179689
1078,0.666666666666667,0,-0.100365791841633
1078,0.777777777777778,0,0
1078,0.888888888888889,0.179844709528413,0
1078,1,0,0
1079,0,0,0
1079,0.111111111111111,0,0
1079,0.222222222222222,0.221152056812499,0
1079,0.333333333333333,0,-0.5
1079,0.444444444444444,0,0.027808596696367
1079,0.555555555555556,0.335530555648257,-0.120893899439862
1079,0.666666666666667,0.32913479614754,-0.5
1079,0.777777777777778,0,0
1079,0.888888888888889,0,0
1079,1,0,0
1080,0,0,0
1080,0.111111111111111,0,0
1080,0.222222222222222,0,0
1080,0.333333333333333,0,-0.5
1080,0.444444444444444,0,0.0300854322608909
1080,0.555555555555556,0,-0.203473877319474
1080,0.666666666666667,0,-0.5
1080,0.777777777777778,0,0
1080,0.888888888888889,0,0
1080,1,0,0
1081,0,0,0
1081,0.111111111111111,0,0
1081,0.222222222222222,0,0
1081,0.333333333333333,0,-0.5
1081,0.444444444444444,0,0.13807283473486
1081,0.555555555555556,0,0.0619990848270633
1081,0.666666666666667,0.154726543089004,-0.5
1081,0.777777777777778,0,0
1081,0.888888888888889,0,0
1081,1,0,0
1082,0,0,0
1082,0.111111111111111,0,0
1082,0.222222222222222,0,0
1082,0.333333333333333,0,-0.5
1082,0.444444444444444,0,0.0659807538105598
1082,0.555555555555556,0,0.0854685411342058
1082,0.666666666666667,0,-0.5
1082,0.777777777777778,0,0
1082,0.888888888888889,0,0
1082,1,0,0
1083,0,0,0
1083,0.111111111111111,0,0
1083,0.222222222222222,0,0
1083,0.333333333333333,0,-0.5
1083,0.444444444444444,0,0.830362130028769
1083,0.555555555555556,0.118744905183959,-0.349781208528134
1083,0.666666666666667,0.285571559867796,-0.5
1083,0.777777777777778,0,0
1083,0.888888888888889,0,0
1083,1,0,0
1084,0,0.434104684003075,-1.00908390413419
1084,0.111111111111111,0,0
1084,0.222222222222222,0,0
1084,0.333333333333333,0,-0.0947111758053931
1084,0.444444444444444,0,0.0324982199009519
1084,0.555555555555556,0,0.00308256173462318
1084,0.666666666666667,0,-0.5
1084,0.777777777777778,0,0
1084,0.888888888888889,0.150101676087599,0
1084,1,0,0
1085,0,0,0
1085,0.111111111111111,0,0
1085,0.222222222222222,0,0
1085,0.333333333333333,0,-0.5
1085,0.444444444444444,0,-0.219547763054747
1085,0.555555555555556,0,0.617814457093275
1085,0.666666666666667,0,-0.5
1085,0.777777777777778,0,0
1085,0.888888888888889,0,0
1085,1,0,0
1086,0,0,0
1086,0.111111111111111,0,0
1086,0.222222222222222,0,0
1086,0.333333333333333,0,-0.5
1086,0.444444444444444,0,0.312239552569792
1086,0.555555555555556,0,-0.182784581934044
1086,0.666666666666667,0,-0.5
1086,0.777777777777778,0,0
1086,0.888888888888889,0,0
1086,1,0,0
1087,0,0,0
1087,0.111111111111111,0,0
1087,0.222222222222222,0,0
1087,0.333333333333333,0,-0.5
1087,0.444444444444444,0,-0.369588235328792
1087,0.555555555555556,0,0.219914044604672
1087,0.666666666666667,0,-0.5
1087,0.777777777777778,-0.400752120098342,0
1087,0.888888888888889,0,0
1087,1,0,0
1088,0,0,0
1088,0.111111111111111,0,0
1088,0.222222222222222,0,0
1088,0.333333333333333,0,-0.5
1088,0.444444444444444,0,-0.190493660249892
1088,0.555555555555556,0,0.0356747680123521
1088,0.666666666666667,0,-0.5
1088,0.777777777777778,0,0
1088,0.888888888888889,0,0
1088,1,0,0
1089,0,0,0
1089,0.111111111111111,0,0
1089,0.222222222222222,0,0
1089,0.333333333333333,0,-0.5
1089,0.444444444444444,0.306279140625427,-0.437344982223247
1089,0.555555555555556,0,0.297077822355069
1089,0.666666666666667,0,-0.5
1089,0.777777777777778,0.162626147726153,0
1089,0.888888888888889,0,0
1089,1,0,0
1090,0,0,0
1090,0.111111111111111,0,0
1090,0.222222222222222,0,0
1090,0.333333333333333,0,-0.175563899150084
1090,0.444444444444444,0,-0.117516670328296
1090,0.555555555555556,0,-0.0412882076060106
1090,0.666666666666667,0,-0.295967520684673
1090,0.777777777777778,0,0
1090,0.888888888888889,0,0
1090,1,-0.283876369063599,0
1091,0,0,-0.288835634867637
1091,0.111111111111111,0,0
1091,0.222222222222222,0,0
1091,0.333333333333333,0,-0.199274219091683
1091,0.444444444444444,0,-0.288931762256046
1091,0.555555555555556,0,-0.398883064537696
1091,0.666666666666667,0,-0.217267428160711
1091,0.777777777777778,0,0.475857910757229
1091,0.888888888888889,0,0
1091,1,0,0
1092,0,0,0.229988812922685
1092,0.111111111111111,0,0
1092,0.222222222222222,0,0.278497209410257
1092,0.333333333333333,0,0.241127970164747
1092,0.444444444444444,0,-0.140840988443081
1092,0.555555555555556,0,0.71254484979105
1092,0.666666666666667,0,0.0336774374167002
1092,0.777777777777778,0,0
1092,0.888888888888889,0.217961624769,0
1092,1,0.434630993706493,0
1093,0,0,0.194866975088144
1093,0.111111111111111,0,0
1093,0.222222222222222,0,0
1093,0.333333333333333,0,0.238728816187149
1093,0.444444444444444,0,-0.305938499291598
1093,0.555555555555556,0,0.122863714547108
1093,0.666666666666667,0,-0.353063202573383
1093,0.777777777777778,0,0
1093,0.888888888888889,0.163504260514603,0
1093,1,0,0
1094,0,0,0
1094,0.111111111111111,0.0624714761877261,0
1094,0.222222222222222,0.612484811080312,0
1094,0.333333333333333,0,-0.153281581188158
1094,0.444444444444444,0,0.212822115631648
1094,0.555555555555556,0,0.045190665465821
1094,0.666666666666667,0.148348566997821,-0.5
1094,0.777777777777778,0,0
1094,0.888888888888889,0,-0.561386598036015
1094,1,0.5996490590364,-0.782783974237736
1095,0,0,0
1095,0.111111111111111,0,0
1095,0.222222222222222,0,0
1095,0.333333333333333,-0.278612883878474,0.144329886920924
1095,0.444444444444444,0,0.285750657958117
1095,0.555555555555556,0,-0.161771691149953
1095,0.666666666666667,0,-0.5
1095,0.777777777777778,0,0
1095,0.888888888888889,0,0
1095,1,0,0
1096,0,0,-0.279557717421224
1096,0.111111111111111,0,-0.239015683387628
1096,0.222222222222222,0,0
1096,0.333333333333333,0,-0.5
1096,0.444444444444444,0,-0.939692620785908
1096,0.555555555555556,0,-0.158933088845558
1096,0.666666666666667,0,-0.5
1096,0.777777777777778,0,0
1096,0.888888888888889,0,0
1096,1,0,0
1097,0,-0.350121400552305,0
1097,0.111111111111111,0,0
1097,0.222222222222222,0,0
1097,0.333333333333333,0,-0.5
1097,0.444444444444444,0,-0.269173400604728
1097,0.555555555555556,0,-0.356521109420634
1097,0.666666666666667,0,-0.5
1097,0.777777777777778,0,0
1097,0.888888888888889,-0.284510662217733,0
1097,1,0,0
1098,0,0,0.13411910249523
1098,0.111111111111111,0,0.184455032466383
1098,0.222222222222222,0,0
1098,0.333333333333333,0,-0.114598170544122
1098,0.444444444444444,0,0.0360580273408052
1098,0.555555555555556,0,0.081936482719644
1098,0.666666666666667,0,-0.5
1098,0.777777777777778,0,0
1098,0.888888888888889,0,-0.240223156201983
1098,1,-0.26770858937925,0.274749213593728
1099,0,0,0
1099,0.111111111111111,0,0
1099,0.222222222222222,0,0
1099,0.333333333333333,0,-0.5
1099,0.444444444444444,0.453106073653675,-0.345150248430087
1099,0.555555555555556,0.0889399778621701,-0.939692620785908
1099,0.666666666666667,0,-0.5
1099,0.777777777777778,0,0
1099,0.888888888888889,0,0
1099,1,0,0
1100,0,0,0
1100,0.111111111111111,0,0
1100,0.222222222222222,0,0
1100,0.333333333333333,0,-0.5
1100,0.444444444444444,0,0.0782720170776093
1100,0.555555555555556,0,-0.461315954581206
1100,0.666666666666667,0,-0.5
1100,0.777777777777778,0,0
1100,0.888888888888889,0,0
1100,1,0,0
1101,0,0,0
1101,0.111111111111111,0,0
1101,0.222222222222222,0,0
1101,0.333333333333333,0,-0.5
1101,0.444444444444444,0.522180222272972,-0.550801209632751
1101,0.555555555555556,0.536585693729777,-0.614132217912462
1101,0.666666666666667,0,-0.5
1101,0.777777777777778,0,0
1101,0.888888888888889,0,0
1101,1,0,0
1102,0,0,0
1102,0.111111111111111,0,0
1102,0.222222222222222,0.109237046451476,0
1102,0.333333333333333,0.268911594027759,-0.42583257757544
1102,0.444444444444444,0,0.0649326836599117
1102,0.555555555555556,0,0.201543276532578
1102,0.666666666666667,0,-0.029898160183209
1102,0.777777777777778,0,0
1102,0.888888888888889,0,0
1102,1,0,0
1103,0,0,0
1103,0.111111111111111,0,0
1103,0.222222222222222,0,0
1103,0.333333333333333,0,-0.5
1103,0.444444444444444,0,-0.501138943383841
1103,0.555555555555556,0,-0.939692620785908
1103,0.666666666666667,0,-0.5
1103,0.777777777777778,0,0
1103,0.888888888888889,0,0
1103,1,0,0
1104,0,0,0
1104,0.111111111111111,0,0
1104,0.222222222222222,0,0
1104,0.333333333333333,0,-0.5
1104,0.444444444444444,0,0.16872508861659
1104,0.555555555555556,0,-0.530234959236033
1104,0.666666666666667,0,-0.5
1104,0.777777777777778,0,0
1104,0.888888888888889,0,0
1104,1,0,0
1105,0,0.182643183348188,0.0856497127827113
1105,0.111111111111111,0,0
1105,0.222222222222222,0,0
1105,0.333333333333333,0,0.164811732809941
1105,0.444444444444444,0,-0.0547129613500629
1105,0.555555555555556,0,0.253845890072355
1105,0.666666666666667,0.224800576825035,-0.25996576499633
1105,0.777777777777778,0.0218593748957362,0
1105,0.888888888888889,0.200160081961354,0
1105,1,0,0
1106,0,0,0
1106,0.111111111111111,0,0
1106,0.222222222222222,0,0
1106,0.333333333333333,0,0.635713644205827
1106,0.444444444444444,0,-0.745638233018106
1106,0.555555555555556,0,0.163149711613622
1106,0.666666666666667,0,-0.132851019812998
1106,0.777777777777778,0,0
1106,0.888888888888889,0,0
1106,1,0,0
1107,0,0,0
1107,0.111111111111111,0,0
1107,0.222222222222222,0,0
1107,0.333333333333333,0.252418714812886,-0.5
1107,0.444444444444444,0.384704391436259,-0.53498595582234
1107,0.555555555555556,0.883296113530785,-0.939692620785908
1107,0.666666666666667,0,-0.5
1107,0.777777777777778,0,0
1107,0.888888888888889,0,0
1107,1,0,0
1108,0,0,0
1108,0.111111111111111,0,0
1108,0.222222222222222,0.41885490105204,0
1108,0.333333333333333,0.25152366085146,-0.00413754433569968
1108,0.444444444444444,0,-0.267594357503308
1108,0.555555555555556,0,0.615422623803434
1108,0.666666666666667,0,0.115259736330215
1108,0.777777777777778,0,0
1108,0.888888888888889,0,0
1108,1,0.313399780612575,0
1109,0,0,0
1109,0.111111111111111,0,0
1109,0.222222222222222,0,0
1109,0.333333333333333,0,0.0205311244803534
1109,0.444444444444444,0,0.191512644702162
1109,0.555555555555556,0,0.253650403867037
1109,0.666666666666667,0.395497255814793,-0.5
1109,0.777777777777778,0.440611261952258,0
1109,0.888888888888889,0.231780191149839,0
1109,1,0.36794275415973,0
1110,0,0,0
1110,0.111111111111111,-0.0560636927758763,0
1110,0.222222222222222,0,0
1110,0.333333333333333,0,-0.0157434590487009
1110,0.444444444444444,0,0.0137246964945122
1110,0.555555555555556,0,0.234325575786793
1110,0.666666666666667,0,-0.5
1110,0.777777777777778,0,0
1110,0.888888888888889,0,0
1110,1,0,0
1111,0,0,0
1111,0.111111111111111,0,0
1111,0.222222222222222,0,0
1111,0.333333333333333,0,0.558750645760568
1111,0.444444444444444,0,-0.187001144623043
1111,0.555555555555556,0,0.391308816653216
1111,0.666666666666667,0,-0.127168715846257
1111,0.777777777777778,0,0
1111,0.888888888888889,0,0
1111,1,0,0
1112,0,0,0
1112,0.111111111111111,0,0
1112,0.222222222222222,0,0
1112,0.333333333333333,0,-0.5
1112,0.444444444444444,0,0.473832858859558
1112,0.555555555555556,0,-0.321600512017146
1112,0.666666666666667,0,-0.00369170662180063
1112,0.777777777777778,0,0
1112,0.888888888888889,0,0
1112,1,0,0
1113,0,0,-0.110321690330198
1113,0.111111111111111,0,0
1113,0.222222222222222,0,0
1113,0.333333333333333,0,-0.370685405022894
1113,0.444444444444444,0,0.0828777010137506
1113,0.555555555555556,0,-0.0463288204774931
1113,0.666666666666667,0,-0.0785340500290057
1113,0.777777777777778,0,0
1113,0.888888888888889,0,0
1113,1,0,-0.161096843316081
1114,0,-0.339227748870989,0
1114,0.111111111111111,0,0
1114,0.222222222222222,0,0
1114,0.333333333333333,0,-0.5
1114,0.444444444444444,0,-0.939692620785908
1114,0.555555555555556,0,-0.159821071969425
1114,0.666666666666667,0,-0.5
1114,0.777777777777778,0,0
1114,0.888888888888889,0,0
1114,1,0,0
1115,0,0,-0.465647832456091
1115,0.111111111111111,0,0
1115,0.222222222222222,0,0
1115,0.333333333333333,0,-0.5
1115,0.444444444444444,0,-0.312183696097884
1115,0.555555555555556,0,0.00847278907145566
1115,0.666666666666667,0,0.021635288510606
1115,0.777777777777778,0,0
1115,0.888888888888889,0,0
1115,1,0,0
1116,0,0,0
1116,0.111111111111111,0,0.154925581268999
1116,0.222222222222222,0,0.526200082750786
1116,0.333333333333333,0,-0.0906068652745974
1116,0.444444444444444,0,0.0424011721459158
1116,0.555555555555556,0,0.100595084902792
1116,0.666666666666667,0,-0.0489201801223473
1116,0.777777777777778,0,0
1116,0.888888888888889,0,0.182889366231666
1116,1,-0.454532273079954,0.818334386914556
1117,0,0,0
1117,0.111111111111111,0,0
1117,0.222222222222222,0,0
1117,0.333333333333333,0,-0.5
1117,0.444444444444444,0,0.0982628551028571
1117,0.555555555555556,0,-0.295941747209181
1117,0.666666666666667,0,-0.5
1117,0.777777777777778,0,0
1117,0.888888888888889,0,0
1117,1,0,0
1118,0,0,0
1118,0.111111111111111,0,0
1118,0.222222222222222,0,0
1118,0.333333333333333,-0.0642558799593179,-0.5
1118,0.444444444444444,-0.438918620283705,0.139135102742498
1118,0.555555555555556,0,0.119470471859248
1118,0.666666666666667,0,0.030665420347101
1118,0.777777777777778,0,0
1118,0.888888888888889,-0.309870735597377,0
1118,1,0,0.249327652735082
1119,0,0,0
1119,0.111111111111111,0,0
1119,0.222222222222222,0,0
1119,0.333333333333333,0,-0.5
1119,0.444444444444444,0,0.137988829146153
1119,0.555555555555556,0,0.48114162874956
1119,0.666666666666667,0,-0.222857836341506
1119,0.777777777777778,0,0
1119,0.888888888888889,0,0
1119,1,0,0
1120,0,0,0
1120,0.111111111111111,0,-0.726625274007421
1120,0.222222222222222,0,0
1120,0.333333333333333,0,-0.5
1120,0.444444444444444,0,-0.248663514079474
1120,0.555555555555556,0,-0.0596708301821677
1120,0.666666666666667,0,-0.5
1120,0.777777777777778,0,0
1120,0.888888888888889,0,0
1120,1,0,0
1121,0,0,0
1121,0.111111111111111,0.13021730720892,0
1121,0.222222222222222,0,0
1121,0.333333333333333,0,0.124313983521366
1121,0.444444444444444,0,0.209235074971094
1121,0.555555555555556,0,0.0936433331694704
1121,0.666666666666667,0,-0.5
1121,0.777777777777778,0,0
1121,0.888888888888889,0,0
1121,1,0,-0.153078081597035
1122,0,0,0
1122,0.111111111111111,0,0
1122,0.222222222222222,0.327550111496952,0
1122,0.333333333333333,0,-0.381381036369253
1122,0.444444444444444,0,0.060653951392264
1122,0.555555555555556,0,0.141450268895571
1122,0.666666666666667,0,-0.149493993177235
1122,0.777777777777778,0,0
1122,0.888888888888889,0.167723526118768,0
1122,1,0.423174887244036,-0.252527631942268
1123,0,0,0
1123,0.111111111111111,0,0
1123,0.222222222222222,0,0
1123,0.333333333333333,0,-0.5
1123,0.444444444444444,0,-0.258604908591328
1123,0.555555555555556,0,0.154134796448451
1123,0.666666666666667,0,-0.5
1123,0.777777777777778,0,0
1123,0.888888888888889,0,0
1123,1,0,0
1124,0,0,0
1124,0.111111111111111,0,0
1124,0.222222222222222,0,0
1124,0.333333333333333,0.703328380624053,-0.5
1124,0.444444444444444,0,-0.120320968915039
1124,0.555555555555556,0,0.384227523910472
1124,0.666666666666667,0,-0.0559270759780505
1124,0.777777777777778,0,0
1124,0.888888888888889,0,0.283222249845917
1124,1,0,0
1125,0,0,0
1125,0.111111111111111,0,0
1125,0.222222222222222,0,0
1125,0.333333333333333,0,-0.5
1125,0.444444444444444,0,-0.0103292560782903
1125,0.555555555555556,0,0.255775213139593
1125,0.666666666666667,0,-0.5
1125,0.777777777777778,0,0
1125,0.888888888888889,0,0
1125,1,0,0
1126,0,0,0
1126,0.111111111111111,0,0.356048958002602
1126,0.222222222222222,0,0.088344516286796
1126,0.333333333333333,0,0.0746369043980695
1126,0.444444444444444,0,-0.0399555678448352
1126,0.555555555555556,0,-0.448445933111753
1126,0.666666666666667,0,0.35580468645853
1126,0.777777777777778,0,0.131242900456165
1126,0.888888888888889,0,0
1126,1,0,0
1127,0,0,0
1127,0.111111111111111,0,0
1127,0.222222222222222,0,0
1127,0.333333333333333,-0.332862967406875,-0.5
1127,0.444444444444444,-0.454556795180716,-0.0897603589051953
1127,0.555555555555556,-0.0879778812899843,0.371603473823743
1127,0.666666666666667,0,-0.5
1127,0.777777777777778,0,0
1127,0.888888888888889,0,0
1127,1,0,0
1128,0,0,0
1128,0.111111111111111,0,0
1128,0.222222222222222,0,0
1128,0.333333333333333,0,-0.5
1128,0.444444444444444,0,-0.206493725868915
1128,0.555555555555556,0,-0.578849878899667
1128,0.666666666666667,0,-0.5
1128,0.777777777777778,0,0
1128,0.888888888888889,0,0
1128,1,-0.312411161565807,0
1129,0,0,0
1129,0.111111111111111,0,-0.246733316445805
1129,0.222222222222222,0,0
1129,0.333333333333333,0,-0.5
1129,0.444444444444444,0,-0.0328273902232837
1129,0.555555555555556,0,0.731996353380498
1129,0.666666666666667,0,-0.140122620765502
1129,0.777777777777778,0,0
1129,0.888888888888889,0,0
1129,1,0,0.135215638961285
1130,0,0,0
1130,0.111111111111111,0,0
1130,0.222222222222222,0,0
1130,0.333333333333333,0,0.0391390060368476
1130,0.444444444444444,0,-0.196137705935495
1130,0.555555555555556,0,1.06073807326468
1130,0.666666666666667,0.110940309339461,-0.5
1130,0.777777777777778,0,0
1130,0.888888888888889,0,0
1130,1,0,0
1131,0,0.286123009698075,-0.785194327697912
1131,0.111111111111111,0,-0.13230091719745
1131,0.222222222222222,0,0
1131,0.333333333333333,0.409551698972642,-0.5
1131,0.444444444444444,0.412800041488285,-0.939692620785908
1131,0.555555555555556,0.547754422346845,-0.939692620785908
1131,0.666666666666667,0,-0.5
1131,0.777777777777778,0,0
1131,0.888888888888889,0,0
1131,1,0,0
1132,0,-0.12542436320311,-0.377855913267229
1132,0.111111111111111,-0.097333949479439,0
1132,0.222222222222222,-0.480725190890357,0
1132,0.333333333333333,0,-0.219205317019994
1132,0.444444444444444,0,0.232692456022037
1132,0.555555555555556,-0.21254194852151,-0.629801378052663
1132,0.666666666666667,-0.17425369479735,0.361028698216588
1132,0.777777777777778,0,0
1132,0.888888888888889,-0.328518123251614,0
1132,1,-0.198351625156653,0
1133,0,0,0
1133,0.111111111111111,0.269865730642665,0
1133,0.222222222222222,0.272148116918157,0
1133,0.333333333333333,0,-0.5
1133,0.444444444444444,0,0.0785943314515326
1133,0.555555555555556,0,-0.184837248243655
1133,0.666666666666667,0.773493573936632,-0.5
1133,0.777777777777778,0,0
1133,0.888888888888889,0,0
1133,1,0.371744738143939,0
1134,0,0,0
1134,0.111111111111111,0,0
1134,0.222222222222222,0,0
1134,0.333333333333333,0,-0.5
1134,0.444444444444444,0,-0.328383972694645
1134,0.555555555555556,0,-0.212720759520848
1134,0.666666666666667,0,-0.5
1134,0.777777777777778,0,0
1134,0.888888888888889,0,0
1134,1,0,0
1135,0,0.333136784799792,-0.277728384884838
1135,0.111111111111111,0.422939651026652,0
1135,0.222222222222222,0.196696986048132,0
1135,0.333333333333333,0.230213001143267,-0.0663028737778308
1135,0.444444444444444,0.374689205411047,-0.740887196187453
1135,0.555555555555556,0.692638889288567,-0.0808204292348583
1135,0.666666666666667,0,0.218051730400178
1135,0.777777777777778,0.187419479790161,0
1135,0.888888888888889,0.401388140346376,0
1135,1,0.456196342462781,-0.368373627112411
1136,0,0,0.49465203504144
1136,0.111111111111111,0,0
1136,0.222222222222222,0,0
1136,0.333333333333333,0,0.0115879605713419
1136,0.444444444444444,0,0.161965934948403
1136,0.555555555555556,0,0.0490449929675302
1136,0.666666666666667,0,0.255134183913409
1136,0.777777777777778,0,0
1136,0.888888888888889,0,0
1136,1,0,0.32229627953287
1137,0,0,0
1137,0.111111111111111,0,0
1137,0.222222222222222,0,0
1137,0.333333333333333,0,0.0741089516027344
1137,0.444444444444444,0,0.263190326223402
1137,0.555555555555556,0,0.49295973709784
1137,0.666666666666667,0,0.276288711057628
1137,0.777777777777778,0,0
1137,0.888888888888889,0.267770386774758,0
1137,1,0.196523184649715,0
1138,0,-0.149090926975232,0
1138,0.111111111111111,0,0
1138,0.222222222222222,0,0
1138,0.333333333333333,0,-0.110005203253157
1138,0.444444444444444,-0.269027146464274,0.224981874243233
1138,0.555555555555556,-0.47385444861831,0.502104406719496
1138,0.666666666666667,0,-0.261779473992409
1138,0.777777777777778,0,0
1138,0.888888888888889,0,0
1138,1,-0.202798251665992,0
1139,0,0,0
1139,0.111111111111111,0,0
1139,0.222222222222222,0,0
1139,0.333333333333333,0,-0.0556296901346241
1139,0.444444444444444,0,-0.00574673258443503
1139,0.555555555555556,0,-0.111039444378806
1139,0.666666666666667,0,-0.5
1139,0.777777777777778,0,0
1139,0.888888888888889,0,0
1139,1,0,0
1140,0,0.333321364097211,-0.459737975767196
1140,0.111111111111111,0,0
1140,0.222222222222222,0,0
1140,0.333333333333333,0.0812268460137657,-0.200991118257375
1140,0.444444444444444,0.860230007336237,-0.939692620785908
1140,0.555555555555556,0.159698969656183,-0.178379745886576
1140,0.666666666666667,0,-0.405464175838541
1140,0.777777777777778,0,0
1140,0.888888888888889,0,-0.525792648954587
1140,1,0,0
1141,0,0,0
1141,0.111111111111111,0,0
1141,0.222222222222222,0,0
1141,0.333333333333333,0,-0.5
1141,0.444444444444444,0,0.496583754106483
1141,0.555555555555556,0,-0.532700300978898
1141,0.666666666666667,0,-0.5
1141,0.777777777777778,0,0
1141,0.888888888888889,0,0
1141,1,0,0
1142,0,0,0
1142,0.111111111111111,0,0
1142,0.222222222222222,0,0
1142,0.333333333333333,0,-0.5
1142,0.444444444444444,0,-0.403548995103292
1142,0.555555555555556,0,-0.584669077923987
1142,0.666666666666667,0,-0.5
1142,0.777777777777778,0,0
1142,0.888888888888889,0,0
1142,1,0,0
1143,0,0,0
1143,0.111111111111111,0,0
1143,0.222222222222222,0,0
1143,0.333333333333333,0,-0.186732432794433
1143,0.444444444444444,0,0.261133031811699
1143,0.555555555555556,0,-0.304959227788056
1143,0.666666666666667,0,0.116286320156444
1143,0.777777777777778,0,0
1143,0.888888888888889,0,0
1143,1,0,0
1144,0,0,0.164869814042737
1144,0.111111111111111,0.00137168331786324,0
1144,0.222222222222222,0.0757020868547785,0
1144,0.333333333333333,0,-0.0797202846868739
1144,0.444444444444444,0,0.370226065544329
1144,0.555555555555556,0,0.319551147260181
1144,0.666666666666667,0,-0.174322151549342
1144,0.777777777777778,0,0
1144,0.888888888888889,0,0
1144,1,-0.351119731841578,0.772308904798388
1145,0,0,0
1145,0.111111111111111,0,0
1145,0.222222222222222,0,0
1145,0.333333333333333,0,-0.5
1145,0.444444444444444,0.606965213758382,-0.939692620785908
1145,0.555555555555556,0.827705942014279,-0.939692620785908
1145,0.666666666666667,0.446259350251763,-0.5
1145,0.777777777777778,0,0
1145,0.888888888888889,0,0
1145,1,0.0529747286343653,0
1146,0,0,0
1146,0.111111111111111,0,0
1146,0.222222222222222,0,0
1146,0.333333333333333,0,-0.102320694557485
1146,0.444444444444444,0,-0.295765985100237
1146,0.555555555555556,0,0.184651475548941
1146,0.666666666666667,0,-0.5
1146,0.777777777777778,0,0
1146,0.888888888888889,0,0
1146,1,0,0
1147,0,0,0
1147,0.111111111111111,0,0
1147,0.222222222222222,0,0
1147,0.333333333333333,0,-0.5
1147,0.444444444444444,0,-0.939692620785908
1147,0.555555555555556,0,-0.939692620785908
1147,0.666666666666667,0,-0.5
1147,0.777777777777778,0,0
1147,0.888888888888889,0,0
1147,1,0,0
1148,0,0,0
1148,0.111111111111111,0,0
1148,0.222222222222222,0,0
1148,0.333333333333333,0,-0.5
1148,0.444444444444444,0,-0.939692620785908
1148,0.555555555555556,0,-0.222615362243768
1148,0.666666666666667,0,-0.5
1148,0.777777777777778,0,0
1148,0.888888888888889,0,0
1148,1,0,0
1149,0,0,0
1149,0.111111111111111,-0.0690864492574046,0
1149,0.222222222222222,-0.255095241777553,0
1149,0.333333333333333,0,-0.5
1149,0.444444444444444,0,0.118875918225706
1149,0.555555555555556,0,0.0135142550018835
1149,0.666666666666667,0,-0.5
1149,0.777777777777778,0,0
1149,0.888888888888889,0,0
1149,1,0,0
1150,0,0,0
1150,0.111111111111111,0,0
1150,0.222222222222222,0,0
1150,0.333333333333333,0,-0.247602766105314
1150,0.444444444444444,0,-0.181955448484173
1150,0.555555555555556,0,-0.0301634021909556
1150,0.666666666666667,0,-0.233816505525909
1150,0.777777777777778,0,0
1150,0.888888888888889,0,0
1150,1,0,-0.317732653510575
1151,0,0,0
1151,0.111111111111111,0,0
1151,0.222222222222222,0,0
1151,0.333333333333333,0,-0.278111788426222
1151,0.444444444444444,0,0.159797288580078
1151,0.555555555555556,0,-0.262963029288835
1151,0.666666666666667,0,-0.5
1151,0.777777777777778,0.448095568777012,0
1151,0.888888888888889,0,0
1151,1,0,0
1152,0,0,0
1152,0.111111111111111,0,0
1152,0.222222222222222,0,0
1152,0.333333333333333,0,-0.5
1152,0.444444444444444,0,-0.506964173198292
1152,0.555555555555556,0,-0.20351856028521
1152,0.666666666666667,0,-0.5
1152,0.777777777777778,0,0
1152,0.888888888888889,0,0
1152,1,0,0
1153,0,0,0
1153,0.111111111111111,0.408069679864917,0
1153,0.222222222222222,0,0
1153,0.333333333333333,0,-0.5
1153,0.444444444444444,0,0.231181221662267
1153,0.555555555555556,0,0.121499061710457
1153,0.666666666666667,0,-0.120850970797733
1153,0.777777777777778,0,0
1153,0.888888888888889,0.189999442485894,0
1153,1,0.109973003094301,0
1154,0,0,0
1154,0.111111111111111,0,0
1154,0.222222222222222,0,0
1154,0.333333333333333,0,-0.5
1154,0.444444444444444,0,0.481087550504026
1154,0.555555555555556,0,0.355960787635976
1154,0.666666666666667,-0.21610254039638,0.0442876554766626
1154,0.777777777777778,-0.0833319185185477,0
1154,0.888888888888889,0,0.131754214988696
1154,1,0,0.114309004682742
1155,0,0,0.177450751796972
1155,0.111111111111111,0,0
1155,0.222222222222222,0,0
1155,0.333333333333333,0,0.107927198251343
1155,0.444444444444444,0,0.56828072849509
1155,0.555555555555556,0,-0.178667322516173
1155,0.666666666666667,0,0.153588587222723
1155,0.777777777777778,0,0
1155,0.888888888888889,0.186168393154922,0
1155,1,0,0.18009777872146
1156,0,0,0
1156,0.111111111111111,0,0
1156,0.222222222222222,0,0
1156,0.333333333333333,0,-0.5
1156,0.444444444444444,0,0.123180825708859
1156,0.555555555555556,0,-0.162482988120556
1156,0.666666666666667,0,-0.0888054070294513
1156,0.777777777777778,0,0
1156,0.888888888888889,0,0
1156,1,0,0
1157,0,0.294928242371775,-0.374824369123031
1157,0.111111111111111,0.156433531064449,0
1157,0.222222222222222,0,0
1157,0.333333333333333,0,-0.132118885436672
1157,0.444444444444444,0,-0.440739950234451
1157,0.555555555555556,0,0.437908202063742
1157,0.666666666666667,0,-0.227009713703076
1157,0.777777777777778,0,0
1157,0.888888888888889,0,-0.204241681136242
1157,1,0.158416960539028,-0.413927848654583
1158,0,0,0
1158,0.111111111111111,0,0
1158,0.222222222222222,0,0
1158,0.333333333333333,0,-0.5
1158,0.444444444444444,0,-0.281492069003606
1158,0.555555555555556,0,-0.0779954568161336
1158,0.666666666666667,0,-0.5
1158,0.777777777777778,0,0
1158,0.888888888888889,0,0
1158,1,0,0
1159,0,0,0
1159,0.111111111111111,0,0
1159,0.222222222222222,0,0
1159,0.333333333333333,0,-0.208332804168839
1159,0.444444444444444,0,-0.186576785447943
1159,0.555555555555556,0,0.345390340395442
1159,0.666666666666667,0,0.128248492282215
1159,0.777777777777778,0,0
1159,0.888888888888889,0,0
1159,1,0.186697800230812,0
1160,0,0,0
1160,0.111111111111111,0.209578839477412,0
1160,0.222222222222222,0,0
1160,0.333333333333333,0.708709148200066,-0.5
1160,0.444444444444444,0,-0.442661894565341
1160,0.555555555555556,0.314099688129019,0.0256600404956212
1160,0.666666666666667,0,-0.255440499136987
1160,0.777777777777778,0,0
1160,0.888888888888889,0.352430128392634,0
1160,1,0.0596917690741441,0
1161,0,0,0
1161,0.111111111111111,0,0
1161,0.222222222222222,0,0
1161,0.333333333333333,0,-0.5
1161,0.444444444444444,0,-0.451952059463782
1161,0.555555555555556,0,-0.247507690645737
1161,0.666666666666667,0,-0.5
1161,0.777777777777778,0,0
1161,0.888888888888889,0,0
1161,1,0,0
1162,0,0.191434063348359,0
1162,0.111111111111111,0.278974886143657,0
1162,0.222222222222222,0,0
1162,0.333333333333333,0,0.24407525345349
1162,0.444444444444444,0.332587169846688,-0.182416584564789
1162,0.555555555555556,0.582892097223192,-0.939692620785908
1162,0.666666666666667,0.181695751252194,-0.5
1162,0.777777777777778,0,0
1162,0.888888888888889,0.323329053144871,0
1162,1,0.0754175777836152,0
1163,0,0,0
1163,0.111111111111111,0,0
1163,0.222222222222222,0,0
1163,0.333333333333333,0,-0.5
1163,0.444444444444444,0,-0.543325049498114
1163,0.555555555555556,0,-0.699964648262831
1163,0.666666666666667,0,-0.5
1163,0.777777777777778,0,0
1163,0.888888888888889,0,0
1163,1,0,0
1164,0,0.696355873602093,-0.613300493520208
1164,0.111111111111111,0.239662109191726,0
1164,0.222222222222222,0,0
1164,0.333333333333333,0.410578599372634,-0.5
1164,0.444444444444444,0.677587611572308,-0.326663633865196
1164,0.555555555555556,0.469628192558557,-0.411719139437484
1164,0.666666666666667,0.456490193919387,-0.5
1164,0.777777777777778,0.146783661325958,0
1164,0.888888888888889,0.0915437147912541,0
1164,1,0,0
1165,0,0,0
1165,0.111111111111111,0,0
1165,0.222222222222222,0,0
1165,0.333333333333333,0,-0.5
1165,0.444444444444444,0.366182469442095,-0.528698147555938
1165,0.555555555555556,0,-0.939692620785908
1165,0.666666666666667,0,-0.5
1165,0.777777777777778,0,0
1165,0.888888888888889,0,0
1165,1,0,0
1166,0,-0.357282938284145,0
1166,0.111111111111111,0,0
1166,0.222222222222222,0,0
1166,0.333333333333333,0,-0.0723536489828999
1166,0.444444444444444,0,0.433625929720407
1166,0.555555555555556,0,0.0666687459382016
1166,0.666666666666667,0,0.188741086976383
1166,0.777777777777778,0,0
1166,0.888888888888889,0,0
1166,1,0,0
1167,0,0,0
1167,0.111111111111111,0,0
1167,0.222222222222222,0,0
1167,0.333333333333333,0,-0.5
1167,0.444444444444444,0,0.419367010326375
1167,0.555555555555556,0,-0.00294385439497902
1167,0.666666666666667,0,-0.5
1167,0.777777777777778,0,0
1167,0.888888888888889,0,0
1167,1,0,0
1168,0,0,0
1168,0.111111111111111,0,0.0556873715224451
1168,0.222222222222222,0,0
1168,0.333333333333333,0,-0.0203580377774911
1168,0.444444444444444,0,0.139412887792408
1168,0.555555555555556,0,0.450578930629873
1168,0.666666666666667,0,-0.0975945047009185
1168,0.777777777777778,0,0
1168,0.888888888888889,0,0
1168,1,0,0
1169,0,0,0
1169,0.111111111111111,0,0
1169,0.222222222222222,0,0
1169,0.333333333333333,0,-0.5
1169,0.444444444444444,0.135849045334737,-0.449626037763968
1169,0.555555555555556,0,-0.637897752280108
1169,0.666666666666667,0,-0.5
1169,0.777777777777778,0,0
1169,0.888888888888889,0,0
1169,1,0,0
1170,0,0,0
1170,0.111111111111111,0,0
1170,0.222222222222222,0,0
1170,0.333333333333333,0,-0.5
1170,0.444444444444444,0,-0.296700059215712
1170,0.555555555555556,0,0.335429740898892
1170,0.666666666666667,0,-0.5
1170,0.777777777777778,0,0
1170,0.888888888888889,0,0
1170,1,0,0
1171,0,0.106491821158393,0
1171,0.111111111111111,0.0617373418531618,0
1171,0.222222222222222,0.166280445256994,0
1171,0.333333333333333,0.651437680973242,-0.5
1171,0.444444444444444,0.843342065851495,-0.939692620785908
1171,0.555555555555556,0.631161919855214,-0.388162613015846
1171,0.666666666666667,0.450157162537353,-0.5
1171,0.777777777777778,0,0
1171,0.888888888888889,0.600964359305245,0
1171,1,0.240986309514734,0
1172,0,0,0
1172,0.111111111111111,0,0
1172,0.222222222222222,0,0
1172,0.333333333333333,0,-0.5
1172,0.444444444444444,0,-0.208913700228848
1172,0.555555555555556,0,0.345740127559874
1172,0.666666666666667,0,-0.5
1172,0.777777777777778,0,0
1172,0.888888888888889,0,0
1172,1,0,0
1173,0,0,0
1173,0.111111111111111,0,0
1173,0.222222222222222,0,0
1173,0.333333333333333,0,-0.5
1173,0.444444444444444,0,0.0269966615521933
1173,0.555555555555556,0,-0.605229750801023
1173,0.666666666666667,0,-0.5
1173,0.777777777777778,0,0
1173,0.888888888888889,0,0
1173,1,0,0
1174,0,0,0
1174,0.111111111111111,0,0
1174,0.222222222222222,0,0
1174,0.333333333333333,0,0.279000346453339
1174,0.444444444444444,0,0.0393856974381849
1174,0.555555555555556,0,-0.39114854754131
1174,0.666666666666667,0,-0.233668921658849
1174,0.777777777777778,0,0
1174,0.888888888888889,0,0
1174,1,0,0
1175,0,0,0
1175,0.111111111111111,0,0
1175,0.222222222222222,0,0
1175,0.333333333333333,0,-0.0215473264488482
1175,0.444444444444444,0,0.748394663515078
1175,0.555555555555556,0,-0.203845893997805
1175,0.666666666666667,0,0.205699074332982
1175,0.777777777777778,0,0
1175,0.888888888888889,0,0
1175,1,0,0
1176,0,0,0
1176,0.111111111111111,0,0
1176,0.222222222222222,0,0
1176,0.333333333333333,0,-0.239222329331665
1176,0.444444444444444,0,0.171131333754138
1176,0.555555555555556,0,-0.153614332777204
1176,0.666666666666667,0,-0.5
1176,0.777777777777778,0,0
1176,0.888888888888889,0,0
1176,1,0,0
1177,0,0,0
1177,0.111111111111111,0,0
1177,0.222222222222222,0,0
1177,0.333333333333333,0,0.144729412037442
1177,0.444444444444444,0,-0.127087752485764
1177,0.555555555555556,0,0.366187247949021
1177,0.666666666666667,0,0.213200749854345
1177,0.777777777777778,0,0
1177,0.888888888888889,0,0.377530788573758
1177,1,0,0.206108325627676
1178,0,-0.0863818329065726,0
1178,0.111111111111111,0,0
1178,0.222222222222222,0,0
1178,0.333333333333333,0,-0.00517095614670254
1178,0.444444444444444,0,0.337761156590886
1178,0.555555555555556,0,-0.0309231066284342
1178,0.666666666666667,0,-0.0876684108681113
1178,0.777777777777778,0.101408293644003,0
1178,0.888888888888889,0.234769978778197,0
1178,1,0,0
1179,0,0.136974583440503,0
1179,0.111111111111111,0,0
1179,0.222222222222222,0,0
1179,0.333333333333333,0.127292272817114,-0.5
1179,0.444444444444444,0,0.27301698077523
1179,0.555555555555556,0,-0.0263107027855196
1179,0.666666666666667,0,0.0092977225562898
1179,0.777777777777778,0,0
1179,0.888888888888889,0.1121943046802,0
1179,1,0,0
1180,0,0,0
1180,0.111111111111111,0,0.405279905323942
1180,0.222222222222222,0,0
1180,0.333333333333333,0,-0.016801528661715
1180,0.444444444444444,0,0.0457502978183137
1180,0.555555555555556,0,0.52746411377864
1180,0.666666666666667,0,-0.192910239806044
1180,0.777777777777778,0,0
1180,0.888888888888889,-0.342067465443461,1.01671761796483
1180,1,0,0
1181,0,0.12322381356415,0
1181,0.111111111111111,0.70621653009883,0
1181,0.222222222222222,0,0.15672243877288
1181,0.333333333333333,0,0.649580267007748
1181,0.444444444444444,0,-0.182988642158379
1181,0.555555555555556,0,0.903785994952328
1181,0.666666666666667,0.0891143868108215,-0.0188302432508221
1181,0.777777777777778,0,0
1181,0.888888888888889,0.583525397141468,0
1181,1,0.101898522837033,-0.271596876243839
1182,0,0,0
1182,0.111111111111111,0,0
1182,0.222222222222222,0,0
1182,0.333333333333333,0,-0.5
1182,0.444444444444444,0,-0.421549187737162
1182,0.555555555555556,0,-0.939692620785908
1182,0.666666666666667,0,-0.5
1182,0.777777777777778,0,0
1182,0.888888888888889,0,0
1182,1,0,0
1183,0,0,0
1183,0.111111111111111,0,0
1183,0.222222222222222,0,0
1183,0.333333333333333,0,0.0276451505548409
1183,0.444444444444444,0,0.329797430568016
1183,0.555555555555556,0,0.205309756016072
1183,0.666666666666667,0,-0.5
1183,0.777777777777778,0,0
1183,0.888888888888889,0,0
1183,1,0,0
1184,0,0,0
1184,0.111111111111111,0,0
1184,0.222222222222222,0,0
1184,0.333333333333333,0,0.25950503244763
1184,0.444444444444444,0,0.00427555124250367
1184,0.555555555555556,0,0.224407464047094
1184,0.666666666666667,0,0.276216822920883
1184,0.777777777777778,0,0
1184,0.888888888888889,0,0.196588389558825
1184,1,0,0.141482970968105
1185,0,-0.449417095452274,0
1185,0.111111111111111,0,0
1185,0.222222222222222,0,0
1185,0.333333333333333,0,-0.5
1185,0.444444444444444,0,-0.765219554023078
1185,0.555555555555556,0,-0.240673479698572
1185,0.666666666666667,0,-0.5
1185,0.777777777777778,0,0
1185,0.888888888888889,0,0
1185,1,-0.128028611853232,0
1186,0,0,-0.701564910699722
1186,0.111111111111111,0,0
1186,0.222222222222222,0,-0.508185682852797
1186,0.333333333333333,0,-0.5
1186,0.444444444444444,0,-0.266275498479345
1186,0.555555555555556,0,-0.0463193593437473
1186,0.666666666666667,0,-0.5
1186,0.777777777777778,0,0
1186,0.888888888888889,0,0
1186,1,0,0
1187,0,0,0
1187,0.111111111111111,0,0
1187,0.222222222222222,0,0
1187,0.333333333333333,0,-0.212202947982788
1187,0.444444444444444,0,0.017931210687541
1187,0.555555555555556,0,0.44280417515007
1187,0.666666666666667,0.133547434365007,-0.32374371646219
1187,0.777777777777778,0,0
1187,0.888888888888889,0,0
1187,1,0,0
1188,0,0,0
1188,0.111111111111111,0,0
1188,0.222222222222222,0,0
1188,0.333333333333333,0,-0.5
1188,0.444444444444444,0,0.0617976540292556
1188,0.555555555555556,0,-0.0580417354379141
1188,0.666666666666667,0,-0.5
1188,0.777777777777778,0,0
1188,0.888888888888889,0,0
1188,1,0,0
1189,0,-0.0995710187545506,0
1189,0.111111111111111,0,0
1189,0.222222222222222,0,0
1189,0.333333333333333,0,-0.196242736018659
1189,0.444444444444444,0,-0.017348166234916
1189,0.555555555555556,0,0.43855556423328
1189,0.666666666666667,0,-0.5
1189,0.777777777777778,0,0
1189,0.888888888888889,0,0
1189,1,0,0
1190,0,0,0
1190,0.111111111111111,0,0
1190,0.222222222222222,0,0
1190,0.333333333333333,0,-0.5
1190,0.444444444444444,0,0.329775727129343
1190,0.555555555555556,0,-0.166163000254606
1190,0.666666666666667,0,0.0754393656802445
1190,0.777777777777778,0,0
1190,0.888888888888889,0,0
1190,1,0.384407125847222,0
1191,0,0,0
1191,0.111111111111111,0,0
1191,0.222222222222222,0,0
1191,0.333333333333333,0,-0.5
1191,0.444444444444444,0,-0.158162731412348
1191,0.555555555555556,0,-0.0567639542558714
1191,0.666666666666667,0,-0.5
1191,0.777777777777778,0,0
1191,0.888888888888889,0,0
1191,1,0,-0.226499276810683
1192,0,0,0
1192,0.111111111111111,0,0
1192,0.222222222222222,0,0
1192,0.333333333333333,0,-0.5
1192,0.444444444444444,0,-0.0982072237314039
1192,0.555555555555556,0,-0.249247330779341
1192,0.666666666666667,0,-0.5
1192,0.777777777777778,0,0
1192,0.888888888888889,0,0
1192,1,0,0
1193,0,0,0
1193,0.111111111111111,0,-0.26946267056626
1193,0.222222222222222,0,0
1193,0.333333333333333,0,-0.5
1193,0.444444444444444,0,-0.087788750500279
1193,0.555555555555556,0,0.225989017576497
1193,0.666666666666667,0,-0.169950634732543
1193,0.777777777777778,-0.248614158310676,0
1193,0.888888888888889,0,0
1193,1,0,0
1194,0,0,0
1194,0.111111111111111,0.196966517124099,0
1194,0.222222222222222,0,-0.819947934714154
1194,0.333333333333333,0,-0.5
1194,0.444444444444444,0.221109257247331,-0.530359869019727
1194,0.555555555555556,0,-0.00884963050446363
1194,0.666666666666667,0,-0.5
1194,0.777777777777778,0,-0.184179164017956
1194,0.888888888888889,0.211262855895704,-1.06714985722243
1194,1,0.214476399545765,-0.388728571561167
1195,0,0,0
1195,0.111111111111111,0,0
1195,0.222222222222222,0,0
1195,0.333333333333333,0,-0.311818394376044
1195,0.444444444444444,0,0.348587125366666
1195,0.555555555555556,0,-0.155091838120531
1195,0.666666666666667,0,-0.018785895238531
1195,0.777777777777778,0,0
1195,0.888888888888889,0,0
1195,1,0,0
1196,0,0,0
1196,0.111111111111111,0,0
1196,0.222222222222222,0,0
1196,0.333333333333333,0,-0.174705917528077
1196,0.444444444444444,0,0.371276666463566
1196,0.555555555555556,0,-0.103474694074141
1196,0.666666666666667,0,-0.135692635480056
1196,0.777777777777778,0,0
1196,0.888888888888889,0,0
1196,1,0,0
1197,0,-0.0348027758518379,0
1197,0.111111111111111,0,0
1197,0.222222222222222,-0.0842377240842168,0
1197,0.333333333333333,0,-0.0667310535965817
1197,0.444444444444444,0,0.548840048863056
1197,0.555555555555556,0,0.0139555409762984
1197,0.666666666666667,0,0.0537878432234827
1197,0.777777777777778,0,0
1197,0.888888888888889,0,0
1197,1,0,0
1198,0,0,0.215690475772113
1198,0.111111111111111,0,0.186028122463396
1198,0.222222222222222,0,0
1198,0.333333333333333,-0.287587626558243,0.581061938700215
1198,0.444444444444444,0,0.390479122883293
1198,0.555555555555556,0,0.0155845383985573
1198,0.666666666666667,0,-0.0947878786384224
1198,0.777777777777778,0,0
1198,0.888888888888889,0,0
1198,1,0.229110363606486,0
1199,0,0,0
1199,0.111111111111111,0,0
1199,0.222222222222222,0,0
1199,0.333333333333333,0,-0.5
1199,0.444444444444444,0,0.311336347796588
1199,0.555555555555556,0,0.14757994171235
1199,0.666666666666667,0,-0.257745808347351
1199,0.777777777777778,0,0
1199,0.888888888888889,0,0
1199,1,0,0
1200,0,0.285430063551072,0
1200,0.111111111111111,0,0
1200,0.222222222222222,0,0
1200,0.333333333333333,0.229427418360221,-0.5
1200,0.444444444444444,0.231771463155871,0.226684958792689
1200,0.555555555555556,0,0.228385112795749
1200,0.666666666666667,0.114706149882927,-0.5
1200,0.777777777777778,0.495240208862888,0
1200,0.888888888888889,0,0
1200,1,0,0
1201,0,0,0
1201,0.111111111111111,0,0
1201,0.222222222222222,0,0
1201,0.333333333333333,0,-0.5
1201,0.444444444444444,0,-0.939692620785908
1201,0.555555555555556,0,-0.939692620785908
1201,0.666666666666667,0,-0.5
1201,0.777777777777778,0,0
1201,0.888888888888889,0,0
1201,1,0,0
1202,0,0,0
1202,0.111111111111111,0,0
1202,0.222222222222222,0,0
1202,0.333333333333333,0,-0.5
1202,0.444444444444444,0,-0.939692620785908
1202,0.555555555555556,0,-0.939692620785908
1202,0.666666666666667,0,-0.5
1202,0.777777777777778,0,0
1202,0.888888888888889,0,0
1202,1,0,0
1203,0,0,0
1203,0.111111111111111,0,0
1203,0.222222222222222,0,0
1203,0.333333333333333,0,-0.5
1203,0.444444444444444,0,-0.939692620785908
1203,0.555555555555556,0,-0.939692620785908
1203,0.666666666666667,0,-0.5
1203,0.777777777777778,0,0
1203,0.888888888888889,0,0
1203,1,0,0
1204,0,0,0
1204,0.111111111111111,0,0
1204,0.222222222222222,0,0
1204,0.333333333333333,0,-0.5
1204,0.444444444444444,0,-0.939692620785908
1204,0.555555555555556,0,-0.939692620785908
1204,0.666666666666667,0,-0.5
1204,0.777777777777778,0,0
1204,0.888888888888889,0,0
1204,1,0,0
1205,0,0,0
1205,0.111111111111111,0,0
1205,0.222222222222222,0,0
1205,0.333333333333333,0,-0.5
1205,0.444444444444444,0,-0.939692620785908
1205,0.555555555555556,0,-0.939692620785908
1205,0.666666666666667,0,-0.5
1205,0.777777777777778,0,0
1205,0.888888888888889,0,0
1205,1,0,0
1206,0,0,0
1206,0.111111111111111,0,0
1206,0.222222222222222,0,0
1206,0.333333333333333,0,-0.5
1206,0.444444444444444,0,-0.939692620785908
1206,0.555555555555556,0,-0.939692620785908
1206,0.666666666666667,0,-0.5
1206,0.777777777777778,0,0
1206,0.888888888888889,0,0
1206,1,0,0
1207,0,0,0
1207,0.111111111111111,0,0
1207,0.222222222222222,0,0
1207,0.333333333333333,0,-0.5
1207,0.444444444444444,0,-0.939692620785908
1207,0.555555555555556,0,-0.939692620785908
1207,0.666666666666667,0,-0.5
1207,0.777777777777778,0,0
1207,0.888888888888889,0,0
1207,1,0,0
1208,0,0,0
1208,0.111111111111111,0,0
1208,0.222222222222222,0,0
1208,0.333333333333333,0,-0.5
1208,0.444444444444444,0,-0.939692620785908
1208,0.555555555555556,0,-0.939692620785908
1208,0.666666666666667,0,-0.5
1208,0.777777777777778,0,0
1208,0.888888888888889,0,0
1208,1,0,0
1209,0,0,0
1209,0.111111111111111,0,0
1209,0.222222222222222,0,0
1209,0.333333333333333,0,-0.5
1209,0.444444444444444,0,-0.939692620785908
1209,0.555555555555556,0,-0.939692620785908
1209,0.666666666666667,0,-0.5
1209,0.777777777777778,0,0
1209,0.888888888888889,0,0
1209,1,0,0
1210,0,0,0
1210,0.111111111111111,0,0
1210,0.222222222222222,0,0
1210,0.333333333333333,0,-0.5
1210,0.444444444444444,0,-0.939692620785908
1210,0.555555555555556,0,-0.939692620785908
1210,0.666666666666667,0,-0.5
1210,0.777777777777778,0,0
1210,0.888888888888889,0,0
1210,1,0,0
1211,0,0,0
1211,0.111111111111111,0,0
1211,0.222222222222222,0,0
1211,0.333333333333333,0,-0.5
1211,0.444444444444444,0,-0.939692620785908
1211,0.555555555555556,0,-0.939692620785908
1211,0.666666666666667,0,-0.5
1211,0.777777777777778,0,0
1211,0.888888888888889,0,0
1211,1,0,0
1212,0,0,0
1212,0.111111111111111,0,0
1212,0.222222222222222,0,0
1212,0.333333333333333,0,-0.5
1212,0.444444444444444,0,-0.939692620785908
1212,0.555555555555556,0,-0.939692620785908
1212,0.666666666666667,0,-0.5
1212,0.777777777777778,0,0
1212,0.888888888888889,0,0
1212,1,0,0
1213,0,0,0
1213,0.111111111111111,0,0
1213,0.222222222222222,0,0
1213,0.333333333333333,0,-0.5
1213,0.444444444444444,0,-0.939692620785908
1213,0.555555555555556,0,-0.939692620785908
1213,0.666666666666667,0,-0.5
1213,0.777777777777778,0,0
1213,0.888888888888889,0,0
1213,1,0,0
1214,0,0,0
1214,0.111111111111111,0,0
1214,0.222222222222222,0,0
1214,0.333333333333333,0,-0.5
1214,0.444444444444444,0,-0.939692620785908
1214,0.555555555555556,0,-0.939692620785908
1214,0.666666666666667,0,-0.5
1214,0.777777777777778,0,0
1214,0.888888888888889,0,0
1214,1,0,0
1215,0,0,0
1215,0.111111111111111,0,0
1215,0.222222222222222,0,0
1215,0.333333333333333,0,-0.5
1215,0.444444444444444,0,-0.939692620785908
1215,0.555555555555556,0,-0.939692620785908
1215,0.666666666666667,0,-0.5
1215,0.777777777777778,0,0
1215,0.888888888888889,0,0
1215,1,0,0
1216,0,0,0
1216,0.111111111111111,0,0
1216,0.222222222222222,0,0
1216,0.333333333333333,0,-0.5
1216,0.444444444444444,0,-0.939692620785908
1216,0.555555555555556,0,-0.939692620785908
1216,0.666666666666667,0,-0.5
1216,0.777777777777778,0,0
1216,0.888888888888889,0,0
1216,1,0,0
1217,0,0,0
1217,0.111111111111111,0,0
1217,0.222222222222222,0,0
1217,0.333333333333333,0,-0.5
1217,0.444444444444444,0,-0.939692620785908
1217,0.555555555555556,0,-0.939692620785908
1217,0.666666666666667,0,-0.5
1217,0.777777777777778,0,0
1217,0.888888888888889,0,0
1217,1,0,0
1218,0,0,0
1218,0.111111111111111,0,0
1218,0.222222222222222,0,0
1218,0.333333333333333,0,-0.5
1218,0.444444444444444,0,-0.939692620785908
1218,0.555555555555556,0,-0.939692620785908
1218,0.666666666666667,0,-0.5
1218,0.777777777777778,0,0
1218,0.888888888888889,0,0
1218,1,0,0
1219,0,0,0
1219,0.111111111111111,0,0
1219,0.222222222222222,0,0
1219,0.333333333333333,0,-0.5
1219,0.444444444444444,0,-0.939692620785908
1219,0.555555555555556,0,-0.939692620785908
1219,0.666666666666667,0,-0.5
1219,0.777777777777778,0,0
1219,0.888888888888889,0,0
1219,1,0,0
1220,0,0,0
1220,0.111111111111111,0,0
1220,0.222222222222222,0,0
1220,0.333333333333333,0,-0.5
1220,0.444444444444444,0,-0.939692620785908
1220,0.555555555555556,0,-0.939692620785908
1220,0.666666666666667,0,-0.5
1220,0.777777777777778,0,0
1220,0.888888888888889,0,0
1220,1,0,0
1221,0,0,0
1221,0.111111111111111,0,0
1221,0.222222222222222,0,0
1221,0.333333333333333,0,-0.5
1221,0.444444444444444,0,-0.939692620785908
1221,0.555555555555556,0,-0.939692620785908
1221,0.666666666666667,0,-0.5
1221,0.777777777777778,0,0
1221,0.888888888888889,0,0
1221,1,0,0
1222,0,0,0
1222,0.111111111111111,0,0
1222,0.222222222222222,0,0
1222,0.333333333333333,0,-0.5
1222,0.444444444444444,0,-0.939692620785908
1222,0.555555555555556,0,-0.939692620785908
1222,0.666666666666667,0,-0.5
1222,0.777777777777778,0,0
1222,0.888888888888889,0,0
1222,1,0,0
1223,0,0,0
1223,0.111111111111111,0,0
1223,0.222222222222222,0,0
1223,0.333333333333333,0,-0.5
1223,0.444444444444444,0,-0.939692620785908
1223,0.555555555555556,0,-0.939692620785908
1223,0.666666666666667,0,-0.5
1223,0.777777777777778,0,0
1223,0.888888888888889,0,0
1223,1,0,0
1224,0,0,0
1224,0.111111111111111,0,0
1224,0.222222222222222,0,0
1224,0.333333333333333,0,-0.5
1224,0.444444444444444,0,-0.939692620785908
1224,0.555555555555556,0,-0.939692620785908
1224,0.666666666666667,0,-0.5
1224,0.777777777777778,0,0
1224,0.888888888888889,0,0
1224,1,0,0
1225,0,0,0
1225,0.111111111111111,0,0
1225,0.222222222222222,0,0
1225,0.333333333333333,0,-0.5
1225,0.444444444444444,0,-0.939692620785908
1225,0.555555555555556,0,-0.939692620785908
1225,0.666666666666667,0,-0.5
1225,0.777777777777778,0,0
1225,0.888888888888889,0,0
1225,1,0,0
1226,0,0,0
1226,0.111111111111111,0,0
1226,0.222222222222222,0,0
1226,0.333333333333333,0,-0.5
1226,0.444444444444444,0,-0.939692620785908
1226,0.555555555555556,0,-0.939692620785908
1226,0.666666666666667,0,-0.5
1226,0.777777777777778,0,0
1226,0.888888888888889,0,0
1226,1,0,0
1227,0,0,0
1227,0.111111111111111,0,0
1227,0.222222222222222,0,0
1227,0.333333333333333,0,-0.5
1227,0.444444444444444,0,-0.939692620785908
1227,0.555555555555556,0,-0.939692620785908
1227,0.666666666666667,0,-0.5
1227,0.777777777777778,0,0
1227,0.888888888888889,0,0
1227,1,0,0
1228,0,0,0
1228,0.111111111111111,0,0
1228,0.222222222222222,0,0
1228,0.333333333333333,0,-0.5
1228,0.444444444444444,0,-0.939692620785908
1228,0.555555555555556,0,-0.939692620785908
1228,0.666666666666667,0,-0.5
1228,0.777777777777778,0,0
1228,0.888888888888889,0,0
1228,1,0,0
1229,0,0,0
1229,0.111111111111111,0,0
1229,0.222222222222222,0,0
1229,0.333333333333333,0,-0.5
1229,0.444444444444444,0,-0.939692620785908
1229,0.555555555555556,0,-0.939692620785908
1229,0.666666666666667,0,-0.5
1229,0.777777777777778,0,0
1229,0.888888888888889,0,0
1229,1,0,0
1230,0,0,0
1230,0.111111111111111,0,0
1230,0.222222222222222,0,0
1230,0.333333333333333,0,-0.5
1230,0.444444444444444,0,-0.939692620785908
1230,0.555555555555556,0,-0.939692620785908
1230,0.666666666666667,0,-0.5
1230,0.777777777777778,0,0
1230,0.888888888888889,0,0
1230,1,0,0
1231,0,0,0
1231,0.111111111111111,0,0
1231,0.222222222222222,0,0
1231,0.333333333333333,0,-0.5
1231,0.444444444444444,0,-0.939692620785908
1231,0.555555555555556,0,-0.939692620785908
1231,0.666666666666667,0,-0.5
1231,0.777777777777778,0,0
1231,0.888888888888889,0,0
1231,1,0,0
1232,0,0,0
1232,0.111111111111111,0,0
1232,0.222222222222222,0,0
1232,0.333333333333333,0,-0.5
1232,0.444444444444444,0,-0.939692620785908
1232,0.555555555555556,0,-0.939692620785908
1232,0.666666666666667,0,-0.5
1232,0.777777777777778,0,0
1232,0.888888888888889,0,0
1232,1,0,0
1233,0,0,0
1233,0.111111111111111,0,0
1233,0.222222222222222,0,0
1233,0.333333333333333,0,-0.5
1233,0.444444444444444,0,-0.939692620785908
1233,0.555555555555556,0,-0.939692620785908
1233,0.666666666666667,0,-0.5
1233,0.777777777777778,0,0
1233,0.888888888888889,0,0
1233,1,0,0
1234,0,0,0
1234,0.111111111111111,0,0
1234,0.222222222222222,0,0
1234,0.333333333333333,0,-0.5
1234,0.444444444444444,0,-0.939692620785908
1234,0.555555555555556,0,-0.939692620785908
1234,0.666666666666667,0,-0.5
1234,0.777777777777778,0,0
1234,0.888888888888889,0,0
1234,1,0,0
1235,0,0,0
1235,0.111111111111111,0,0
1235,0.222222222222222,0,0
1235,0.333333333333333,0,-0.5
1235,0.444444444444444,0,-0.939692620785908
1235,0.555555555555556,0,-0.939692620785908
1235,0.666666666666667,0,-0.5
1235,0.777777777777778,0,0
1235,0.888888888888889,0,0
1235,1,0,0
1236,0,0,0
1236,0.111111111111111,0,0
1236,0.222222222222222,0,0
1236,0.333333333333333,0,-0.5
1236,0.444444444444444,0,-0.939692620785908
1236,0.555555555555556,0,-0.939692620785908
1236,0.666666666666667,0,-0.5
1236,0.777777777777778,0,0
1236,0.888888888888889,0,0
1236,1,0,0
1237,0,0,0
1237,0.111111111111111,0,0
1237,0.222222222222222,0,0
1237,0.333333333333333,0,-0.5
1237,0.444444444444444,0,-0.939692620785908
1237,0.555555555555556,0,-0.939692620785908
1237,0.666666666666667,0,-0.5
1237,0.777777777777778,0,0
1237,0.888888888888889,0,0
1237,1,0,0
1238,0,0,0
1238,0.111111111111111,0,0
1238,0.222222222222222,0,0
1238,0.333333333333333,0,-0.5
1238,0.444444444444444,0,-0.939692620785908
1238,0.555555555555556,0,-0.939692620785908
1238,0.666666666666667,0,-0.5
1238,0.777777777777778,0,0
1238,0.888888888888889,0,0
1238,1,0,0
1239,0,0,0
1239,0.111111111111111,0,0
1239,0.222222222222222,0,0
1239,0.333333333333333,0,-0.5
1239,0.444444444444444,0,-0.939692620785908
1239,0.555555555555556,0,-0.939692620785908
1239,0.666666666666667,0,-0.5
1239,0.777777777777778,0,0
1239,0.888888888888889,0,0
1239,1,0,0
1240,0,0,0
1240,0.111111111111111,0,0
1240,0.222222222222222,0,0
1240,0.333333333333333,0,-0.5
1240,0.444444444444444,0,-0.939692620785908
1240,0.555555555555556,0,-0.939692620785908
1240,0.666666666666667,0,-0.5
1240,0.777777777777778,0,0
1240,0.888888888888889,0,0
1240,1,0,0
1241,0,0,0
1241,0.111111111111111,0,0
1241,0.222222222222222,0,0
1241,0.333333333333333,0,-0.5
1241,0.444444444444444,0,-0.939692620785908
1241,0.555555555555556,0,-0.939692620785908
1241,0.666666666666667,0,-0.5
1241,0.777777777777778,0,0
1241,0.888888888888889,0,0
1241,1,0,0
1242,0,0,0
1242,0.111111111111111,0,0
1242,0.222222222222222,0,0
1242,0.333333333333333,0,-0.5
1242,0.444444444444444,0,-0.939692620785908
1242,0.555555555555556,0,-0.939692620785908
1242,0.666666666666667,0,-0.5
1242,0.777777777777778,0,0
1242,0.888888888888889,0,0
1242,1,0,0
1243,0,0,0
1243,0.111111111111111,0,0
1243,0.222222222222222,0,0
1243,0.333333333333333,0,-0.5
1243,0.444444444444444,0,-0.939692620785908
1243,0.555555555555556,0,-0.939692620785908
1243,0.666666666666667,0,-0.5
1243,0.777777777777778,0,0
1243,0.888888888888889,0,0
1243,1,0,0
1244,0,0,0
1244,0.111111111111111,0,0
1244,0.222222222222222,0,0
1244,0.333333333333333,0,-0.5
1244,0.444444444444444,0,-0.939692620785908
1244,0.555555555555556,0,-0.939692620785908
1244,0.666666666666667,0,-0.5
1244,0.777777777777778,0,0
1244,0.888888888888889,0,0
1244,1,0,0
1245,0,0,0
1245,0.111111111111111,0,0
1245,0.222222222222222,0,0
1245,0.333333333333333,0,-0.5
1245,0.444444444444444,0,-0.939692620785908
1245,0.555555555555556,0,-0.939692620785908
1245,0.666666666666667,0,-0.5
1245,0.777777777777778,0,0
1245,0.888888888888889,0,0
1245,1,0,0
1246,0,0,0
1246,0.111111111111111,0,0
1246,0.222222222222222,0,0
1246,0.333333333333333,0,-0.5
1246,0.444444444444444,0,-0.939692620785908
1246,0.555555555555556,0,-0.939692620785908
1246,0.666666666666667,0,-0.5
1246,0.777777777777778,0,0
1246,0.888888888888889,0,0
1246,1,0,0
1247,0,0,0
1247,0.111111111111111,0,0
1247,0.222222222222222,0,0
1247,0.333333333333333,0,-0.0149686458701282
1247,0.444444444444444,0,0.374974054017139
1247,0.555555555555556,0,0.0266622917375401
1247,0.666666666666667,0,-0.5
1247,0.777777777777778,0,0
1247,0.888888888888889,0,0
1247,1,0,0
1248,0,0,0
1248,0.111111111111111,0,0
1248,0.222222222222222,0,0
1248,0.333333333333333,0,-0.5
1248,0.444444444444444,0,-0.939692620785908
1248,0.555555555555556,0,-0.939692620785908
1248,0.666666666666667,0,-0.5
1248,0.777777777777778,0,0
1248,0.888888888888889,0,0
1248,1,0,0
1249,0,0,0
1249,0.111111111111111,0,0
1249,0.222222222222222,0,0
1249,0.333333333333333,0,-0.5
1249,0.444444444444444,0,-0.939692620785908
1249,0.555555555555556,0,-0.939692620785908
1249,0.666666666666667,0,-0.5
1249,0.777777777777778,0,0
1249,0.888888888888889,0,0
1249,1,0,0
1250,0,0,0
1250,0.111111111111111,0,0
1250,0.222222222222222,0,0
1250,0.333333333333333,0,-0.5
1250,0.444444444444444,0,-0.939692620785908
1250,0.555555555555556,0,-0.939692620785908
1250,0.666666666666667,0,-0.5
1250,0.777777777777778,0,0
1250,0.888888888888889,0,0
1250,1,0,0
1251,0,0,0
1251,0.111111111111111,0,0
1251,0.222222222222222,0,0
1251,0.333333333333333,0,-0.5
1251,0.444444444444444,0,-0.939692620785908
1251,0.555555555555556,0,-0.939692620785908
1251,0.666666666666667,0,-0.5
1251,0.777777777777778,0,0
1251,0.888888888888889,0,0
1251,1,0,0
1252,0,0,0
1252,0.111111111111111,0,0
1252,0.222222222222222,0,0
1252,0.333333333333333,0,-0.5
1252,0.444444444444444,0,-0.939692620785908
1252,0.555555555555556,0,-0.939692620785908
1252,0.666666666666667,0,-0.5
1252,0.777777777777778,0,0
1252,0.888888888888889,0,0
1252,1,0,0
1253,0,0,0
1253,0.111111111111111,0,0
1253,0.222222222222222,0,0
1253,0.333333333333333,0,-0.5
1253,0.444444444444444,0,-0.939692620785908
1253,0.555555555555556,0,-0.939692620785908
1253,0.666666666666667,0,-0.5
1253,0.777777777777778,0,0
1253,0.888888888888889,0,0
1253,1,0,0
1254,0,0,0
1254,0.111111111111111,0,0
1254,0.222222222222222,0,0
1254,0.333333333333333,0,-0.5
1254,0.444444444444444,0,-0.939692620785908
1254,0.555555555555556,0,-0.939692620785908
1254,0.666666666666667,0,-0.5
1254,0.777777777777778,0,0
1254,0.888888888888889,0,0
1254,1,0,0
1255,0,0,0
1255,0.111111111111111,0,0
1255,0.222222222222222,0,0
1255,0.333333333333333,0,-0.5
1255,0.444444444444444,0,-0.939692620785908
1255,0.555555555555556,0,-0.939692620785908
1255,0.666666666666667,0,-0.5
1255,0.777777777777778,0,0
1255,0.888888888888889,0,0
1255,1,0,0
1256,0,0,0
1256,0.111111111111111,0,0
1256,0.222222222222222,0,0
1256,0.333333333333333,0,-0.5
1256,0.444444444444444,0,-0.939692620785908
1256,0.555555555555556,0,-0.939692620785908
1256,0.666666666666667,0,-0.5
1256,0.777777777777778,0,0
1256,0.888888888888889,0,0
1256,1,0,0
1257,0,0,0
1257,0.111111111111111,0,0
1257,0.222222222222222,0,0
1257,0.333333333333333,0,-0.5
1257,0.444444444444444,0,-0.939692620785908
1257,0.555555555555556,0,-0.939692620785908
1257,0.666666666666667,0,-0.5
1257,0.777777777777778,0,0
1257,0.888888888888889,0,0
1257,1,0,0
1258,0,0,0
1258,0.111111111111111,0,0
1258,0.222222222222222,0,0
1258,0.333333333333333,0,-0.5
1258,0.444444444444444,0,-0.939692620785908
1258,0.555555555555556,0,-0.939692620785908
1258,0.666666666666667,0,-0.5
1258,0.777777777777778,0,0
1258,0.888888888888889,0,0
1258,1,0,0
1259,0,0,0
1259,0.111111111111111,0,0
1259,0.222222222222222,0,0
1259,0.333333333333333,0,-0.5
1259,0.444444444444444,0,-0.939692620785908
1259,0.555555555555556,0,-0.939692620785908
1259,0.666666666666667,0,-0.5
1259,0.777777777777778,0,0
1259,0.888888888888889,0,0
1259,1,0,0
1260,0,0,0
1260,0.111111111111111,0,0
1260,0.222222222222222,0,0
1260,0.333333333333333,0,-0.5
1260,0.444444444444444,0,-0.939692620785908
1260,0.555555555555556,0,-0.939692620785908
1260,0.666666666666667,0,-0.5
1260,0.777777777777778,0,0
1260,0.888888888888889,0,0
1260,1,0,0
1261,0,0,0
1261,0.111111111111111,0,0
1261,0.222222222222222,0,0
1261,0.333333333333333,0,-0.5
1261,0.444444444444444,0,-0.939692620785908
1261,0.555555555555556,0,-0.939692620785908
1261,0.666666666666667,0,-0.5
1261,0.777777777777778,0,0
1261,0.888888888888889,0,0
1261,1,0,0
1262,0,0,0
1262,0.111111111111111,0,0
1262,0.222222222222222,0,0
1262,0.333333333333333,0,-0.5
1262,0.444444444444444,0,-0.939692620785908
1262,0.555555555555556,0,-0.939692620785908
1262,0.666666666666667,0,-0.5
1262,0.777777777777778,0,0
1262,0.888888888888889,0,0
1262,1,0,0
1263,0,0,0
1263,0.111111111111111,0,0
1263,0.222222222222222,0,0
1263,0.333333333333333,0,-0.5
1263,0.444444444444444,0,-0.939692620785908
1263,0.555555555555556,0,-0.939692620785908
1263,0.666666666666667,0,-0.5
1263,0.777777777777778,0,0
1263,0.888888888888889,0,0
1263,1,0,-2.02411449040805
1264,0,0,0
1264,0.111111111111111,0,0
1264,0.222222222222222,0,0
1264,0.333333333333333,0,-0.5
1264,0.444444444444444,0,-0.939692620785908
1264,0.555555555555556,0,-0.939692620785908
1264,0.666666666666667,0,-0.5
1264,0.777777777777778,0,0
1264,0.888888888888889,0,0
1264,1,0,0
1265,0,0,0
1265,0.111111111111111,0,0
1265,0.222222222222222,0,0
1265,0.333333333333333,0,-0.5
1265,0.444444444444444,0,-0.939692620785908
1265,0.555555555555556,0,-0.939692620785908
1265,0.666666666666667,0,-0.5
1265,0.777777777777778,0,0
1265,0.888888888888889,0,0
1265,1,0,0
1266,0,0,0
1266,0.111111111111111,0,0
1266,0.222222222222222,0,0
1266,0.333333333333333,0,-0.5
1266,0.444444444444444,0,-0.939692620785908
1266,0.555555555555556,0,-0.939692620785908
1266,0.666666666666667,0,-0.5
1266,0.777777777777778,0,0
1266,0.888888888888889,0,0
1266,1,0,0
1267,0,0,0
1267,0.111111111111111,0,0
1267,0.222222222222222,0,0
1267,0.333333333333333,0,-0.5
1267,0.444444444444444,0,-0.939692620785908
1267,0.555555555555556,0,-0.939692620785908
1267,0.666666666666667,0,-0.5
1267,0.777777777777778,0,0
1267,0.888888888888889,0,0
1267,1,0,0
1268,0,0,0
1268,0.111111111111111,0,0
1268,0.222222222222222,0,0
1268,0.333333333333333,0,-0.5
1268,0.444444444444444,0,-0.939692620785908
1268,0.555555555555556,0,-0.939692620785908
1268,0.666666666666667,0,-0.5
1268,0.777777777777778,0,0
1268,0.888888888888889,0,0
1268,1,0,0
1269,0,0,0
1269,0.111111111111111,0,0
1269,0.222222222222222,0,0
1269,0.333333333333333,0,-0.5
1269,0.444444444444444,0,-0.939692620785908
1269,0.555555555555556,0,-0.939692620785908
1269,0.666666666666667,0,-0.5
1269,0.777777777777778,0,0
1269,0.888888888888889,0,0
1269,1,0,0
1270,0,0,0
1270,0.111111111111111,0,0
1270,0.222222222222222,0,0
1270,0.333333333333333,0,-0.5
1270,0.444444444444444,0,-0.939692620785908
1270,0.555555555555556,0,-0.939692620785908
1270,0.666666666666667,0,-0.5
1270,0.777777777777778,0,0
1270,0.888888888888889,0,0
1270,1,0,0
1271,0,0,0
1271,0.111111111111111,0,0
1271,0.222222222222222,0,0
1271,0.333333333333333,0,-0.5
1271,0.444444444444444,0,-0.939692620785908
1271,0.555555555555556,0,-0.939692620785908
1271,0.666666666666667,0,-0.5
1271,0.777777777777778,0,0
1271,0.888888888888889,0,0
1271,1,0,0
1272,0,0,0
1272,0.111111111111111,0,0
1272,0.222222222222222,0,0
1272,0.333333333333333,0,-0.5
1272,0.444444444444444,0,-0.939692620785908
1272,0.555555555555556,0,-0.939692620785908
1272,0.666666666666667,0,-0.5
1272,0.777777777777778,0,0
1272,0.888888888888889,0,0
1272,1,0,0
1273,0,0,0
1273,0.111111111111111,0,0
1273,0.222222222222222,0,0
1273,0.333333333333333,0,-0.5
1273,0.444444444444444,0,-0.939692620785908
1273,0.555555555555556,0,-0.939692620785908
1273,0.666666666666667,0,-0.5
1273,0.777777777777778,0,0
1273,0.888888888888889,0,0
1273,1,0,0
1274,0,0,0
1274,0.111111111111111,0,0
1274,0.222222222222222,0,0
1274,0.333333333333333,0,-0.5
1274,0.444444444444444,0,-0.939692620785908
1274,0.555555555555556,0,-0.939692620785908
1274,0.666666666666667,0,-0.5
1274,0.777777777777778,0,0
1274,0.888888888888889,0,0
1274,1,0,0
1275,0,0,0
1275,0.111111111111111,0,0
1275,0.222222222222222,0,0
1275,0.333333333333333,0,-0.5
1275,0.444444444444444,0,-0.939692620785908
1275,0.555555555555556,0,-0.939692620785908
1275,0.666666666666667,0,-0.5
1275,0.777777777777778,0,0
1275,0.888888888888889,0,0
1275,1,0,0
1276,0,0,0
1276,0.111111111111111,0,0
1276,0.222222222222222,0,0
1276,0.333333333333333,0,-0.5
1276,0.444444444444444,0,-0.939692620785908
1276,0.555555555555556,0,-0.939692620785908
1276,0.666666666666667,0,-0.5
1276,0.777777777777778,0,0
1276,0.888888888888889,0,0
1276,1,0,0
1277,0,0,0
1277,0.111111111111111,0,0
1277,0.222222222222222,0,0
1277,0.333333333333333,0,-0.5
1277,0.444444444444444,0,-0.939692620785908
1277,0.555555555555556,0,-0.939692620785908
1277,0.666666666666667,0,-0.5
1277,0.777777777777778,0,0
1277,0.888888888888889,0,0
1277,1,0,0
1278,0,0,0
1278,0.111111111111111,0,0
1278,0.222222222222222,0,0
1278,0.333333333333333,0,-0.5
1278,0.444444444444444,0,-0.939692620785908
1278,0.555555555555556,0,-0.939692620785908
1278,0.666666666666667,0,-0.5
1278,0.777777777777778,0,0
1278,0.888888888888889,0,0
1278,1,0,0
1279,0,0,0
1279,0.111111111111111,0,0
1279,0.222222222222222,0,0
1279,0.333333333333333,0,-0.5
1279,0.444444444444444,0,-0.939692620785908
1279,0.555555555555556,0,-0.939692620785908
1279,0.666666666666667,0,-0.5
1279,0.777777777777778,0,0
1279,0.888888888888889,0,0
1279,1,0,0
1280,0,0,0
1280,0.111111111111111,0,0
1280,0.222222222222222,0,0
1280,0.333333333333333,0,-0.5
1280,0.444444444444444,0,-0.939692620785908
1280,0.555555555555556,0,-0.939692620785908
1280,0.666666666666667,0,-0.5
1280,0.777777777777778,0,0
1280,0.888888888888889,0,0
1280,1,0,0
1281,0,0,0
1281,0.111111111111111,0,0
1281,0.222222222222222,0,0
1281,0.333333333333333,0,-0.5
1281,0.444444444444444,0,-0.939692620785908
1281,0.555555555555556,0,-0.939692620785908
1281,0.666666666666667,0,-0.5
1281,0.777777777777778,0,0
1281,0.888888888888889,0,0
1281,1,0,0
1282,0,0,0
1282,0.111111111111111,0,0
1282,0.222222222222222,0,0
1282,0.333333333333333,0,-0.5
1282,0.444444444444444,0,-0.939692620785908
1282,0.555555555555556,0,-0.939692620785908
1282,0.666666666666667,0,-0.5
1282,0.777777777777778,0,0
1282,0.888888888888889,0,0
1282,1,0,0
1283,0,0,0
1283,0.111111111111111,0,0
1283,0.222222222222222,0,0
1283,0.333333333333333,0,-0.5
1283,0.444444444444444,0,-0.939692620785908
1283,0.555555555555556,0,-0.939692620785908
1283,0.666666666666667,0,-0.5
1283,0.777777777777778,0,0
1283,0.888888888888889,0,0
1283,1,0,0
1284,0,0,0
1284,0.111111111111111,0,0
1284,0.222222222222222,0,0
1284,0.333333333333333,0,-0.5
1284,0.444444444444444,1.59223816890509,-0.939692620785908
1284,0.555555555555556,0,0.19912590634379
1284,0.666666666666667,0,-0.5
1284,0.777777777777778,0,0
1284,0.888888888888889,0,0
1284,1,0,0
1285,0,0,0
1285,0.111111111111111,0,0
1285,0.222222222222222,0,0
1285,0.333333333333333,0,-0.5
1285,0.444444444444444,0,-0.939692620785908
1285,0.555555555555556,0,-0.939692620785908
1285,0.666666666666667,0,-0.5
1285,0.777777777777778,0,0
1285,0.888888888888889,0,0
1285,1,0,0
1286,0,0,0
1286,0.111111111111111,0,0
1286,0.222222222222222,0,0
1286,0.333333333333333,0,-0.5
1286,0.444444444444444,0,-0.939692620785908
1286,0.555555555555556,0,-0.939692620785908
1286,0.666666666666667,0,-0.5
1286,0.777777777777778,0,0
1286,0.888888888888889,0,0
1286,1,0,0
1287,0,0,0
1287,0.111111111111111,0,0
1287,0.222222222222222,0,0
1287,0.333333333333333,0,-0.5
1287,0.444444444444444,0,-0.939692620785908
1287,0.555555555555556,0,-0.939692620785908
1287,0.666666666666667,0,-0.5
1287,0.777777777777778,0,0
1287,0.888888888888889,0,0
1287,1,0,0
1288,0,0,0
1288,0.111111111111111,0,0
1288,0.222222222222222,0,0
1288,0.333333333333333,0,-0.5
1288,0.444444444444444,0,-0.939692620785908
1288,0.555555555555556,0,-0.939692620785908
1288,0.666666666666667,0,-0.5
1288,0.777777777777778,0,0
1288,0.888888888888889,0,0
1288,1,0,0
1289,0,0,0
1289,0.111111111111111,0,0
1289,0.222222222222222,0,0
1289,0.333333333333333,0,-0.5
1289,0.444444444444444,0,-0.939692620785908
1289,0.555555555555556,0,-0.939692620785908
1289,0.666666666666667,0,-0.5
1289,0.777777777777778,0,0
1289,0.888888888888889,0,0
1289,1,0,0
1290,0,0,0
1290,0.111111111111111,0,0
1290,0.222222222222222,0,0
1290,0.333333333333333,0,-0.5
1290,0.444444444444444,0,-0.939692620785908
1290,0.555555555555556,0,-0.939692620785908
1290,0.666666666666667,0,-0.5
1290,0.777777777777778,0,0
1290,0.888888888888889,0,0
1290,1,0,0
1291,0,0,0
1291,0.111111111111111,0,0
1291,0.222222222222222,0,0
1291,0.333333333333333,0,-0.5
1291,0.444444444444444,0,-0.939692620785908
1291,0.555555555555556,0,-0.939692620785908
1291,0.666666666666667,0,-0.5
1291,0.777777777777778,0,0
1291,0.888888888888889,0,0
1291,1,0,0
1292,0,0,0
1292,0.111111111111111,0,0
1292,0.222222222222222,0,0
1292,0.333333333333333,0,-0.5
1292,0.444444444444444,0,-0.939692620785908
1292,0.555555555555556,0,-0.939692620785908
1292,0.666666666666667,0,-0.5
1292,0.777777777777778,0,0
1292,0.888888888888889,0,0
1292,1,0,0
1293,0,0,0
1293,0.111111111111111,0,0
1293,0.222222222222222,0,0
1293,0.333333333333333,0,-0.5
1293,0.444444444444444,0,-0.939692620785908
1293,0.555555555555556,0,-0.939692620785908
1293,0.666666666666667,0,-0.5
1293,0.777777777777778,0,0
1293,0.888888888888889,0,0
1293,1,0,0
1294,0,0,0
1294,0.111111111111111,0,0
1294,0.222222222222222,0,0
1294,0.333333333333333,0,-0.5
1294,0.444444444444444,0,-0.939692620785908
1294,0.555555555555556,0,-0.939692620785908
1294,0.666666666666667,0,-0.5
1294,0.777777777777778,0,0
1294,0.888888888888889,0,0
1294,1,0,0
1295,0,0,0
1295,0.111111111111111,0,0
1295,0.222222222222222,0,0
1295,0.333333333333333,0,-0.5
1295,0.444444444444444,0,-0.939692620785908
1295,0.555555555555556,0,-0.939692620785908
1295,0.666666666666667,0,-0.5
1295,0.777777777777778,0,0
1295,0.888888888888889,0,0
1295,1,0,0
1296,0,0,0
1296,0.111111111111111,0,0
1296,0.222222222222222,0,0
1296,0.333333333333333,0,-0.5
1296,0.444444444444444,0,-0.939692620785908
1296,0.555555555555556,0,-0.939692620785908
1296,0.666666666666667,0,-0.5
1296,0.777777777777778,0,0
1296,0.888888888888889,0,0
1296,1,0,0
1297,0,0,0
1297,0.111111111111111,0,0
1297,0.222222222222222,0,0
1297,0.333333333333333,0,-0.5
1297,0.444444444444444,0,-0.939692620785908
1297,0.555555555555556,0,-0.939692620785908
1297,0.666666666666667,0,-0.5
1297,0.777777777777778,0,0
1297,0.888888888888889,0,0
1297,1,0,0
1298,0,0,0
1298,0.111111111111111,0,0
1298,0.222222222222222,0,0
1298,0.333333333333333,0,-0.5
1298,0.444444444444444,0,-0.939692620785908
1298,0.555555555555556,0,-0.939692620785908
1298,0.666666666666667,0,-0.5
1298,0.777777777777778,0,0
1298,0.888888888888889,0,0
1298,1,0,0
1299,0,0,0
1299,0.111111111111111,0,0
1299,0.222222222222222,0,0
1299,0.333333333333333,0,-0.5
1299,0.444444444444444,0,-0.939692620785908
1299,0.555555555555556,0,-0.939692620785908
1299,0.666666666666667,0,-0.5
1299,0.777777777777778,0,0
1299,0.888888888888889,0,0
1299,1,0,0
1300,0,0,0
1300,0.111111111111111,0,0
1300,0.222222222222222,0,0
1300,0.333333333333333,0,-0.5
1300,0.444444444444444,0,-0.939692620785908
1300,0.555555555555556,0,-0.939692620785908
1300,0.666666666666667,0,-0.5
1300,0.777777777777778,0,0
1300,0.888888888888889,0,0
1300,1,0,0
1301,0,0,0
1301,0.111111111111111,0,0
1301,0.222222222222222,0,0
1301,0.333333333333333,0,-0.5
1301,0.444444444444444,0,-0.939692620785908
1301,0.555555555555556,0,-0.939692620785908
1301,0.666666666666667,0,-0.5
1301,0.777777777777778,0,0
1301,0.888888888888889,0,0
1301,1,0,0
1302,0,0,0
1302,0.111111111111111,0,0
1302,0.222222222222222,0,0
1302,0.333333333333333,0,-0.5
1302,0.444444444444444,0,-0.939692620785908
1302,0.555555555555556,0,-0.939692620785908
1302,0.666666666666667,0,-0.5
1302,0.777777777777778,0,0
1302,0.888888888888889,0,0
1302,1,0,0
1303,0,0,0
1303,0.111111111111111,0,0
1303,0.222222222222222,0,0
1303,0.333333333333333,0,-0.5
1303,0.444444444444444,0,-0.939692620785908
1303,0.555555555555556,0,-0.939692620785908
1303,0.666666666666667,0,-0.5
1303,0.777777777777778,0,0
1303,0.888888888888889,0,0
1303,1,0,0
1304,0,0,0
1304,0.111111111111111,0,0
1304,0.222222222222222,0,0
1304,0.333333333333333,0,-0.5
1304,0.444444444444444,0,-0.939692620785908
1304,0.555555555555556,0,-0.939692620785908
1304,0.666666666666667,0,-0.5
1304,0.777777777777778,0,0
1304,0.888888888888889,0,0
1304,1,0,0
1305,0,0,0
1305,0.111111111111111,0,0
1305,0.222222222222222,0,0
1305,0.333333333333333,0,-0.5
1305,0.444444444444444,0,-0.939692620785908
1305,0.555555555555556,0,-0.939692620785908
1305,0.666666666666667,0,-0.5
1305,0.777777777777778,0,0
1305,0.888888888888889,0,0
1305,1,0,0
1306,0,0,0
1306,0.111111111111111,0,0
1306,0.222222222222222,0,0
1306,0.333333333333333,0,-0.5
1306,0.444444444444444,0,-0.939692620785908
1306,0.555555555555556,0,-0.939692620785908
1306,0.666666666666667,0,-0.5
1306,0.777777777777778,0,0
1306,0.888888888888889,0,0
1306,1,0,0
1307,0,0,0
1307,0.111111111111111,0,0
1307,0.222222222222222,0,0
1307,0.333333333333333,0,-0.5
1307,0.444444444444444,0,-0.939692620785908
1307,0.555555555555556,0,-0.939692620785908
1307,0.666666666666667,0,-0.5
1307,0.777777777777778,0,0
1307,0.888888888888889,0,0
1307,1,0,0
1308,0,0,0
1308,0.111111111111111,0,0
1308,0.222222222222222,0,0
1308,0.333333333333333,0,-0.5
1308,0.444444444444444,0,-0.939692620785908
1308,0.555555555555556,0,-0.939692620785908
1308,0.666666666666667,0,-0.5
1308,0.777777777777778,0,0
1308,0.888888888888889,0,0
1308,1,0,0
1309,0,0,0
1309,0.111111111111111,0,0
1309,0.222222222222222,0,0
1309,0.333333333333333,0,-0.5
1309,0.444444444444444,0,-0.939692620785908
1309,0.555555555555556,0,-0.939692620785908
1309,0.666666666666667,0,-0.5
1309,0.777777777777778,0,0
1309,0.888888888888889,0,0
1309,1,0,0
1310,0,0,0
1310,0.111111111111111,0,0
1310,0.222222222222222,0,0
1310,0.333333333333333,0,-0.5
1310,0.444444444444444,0,-0.939692620785908
1310,0.555555555555556,0,-0.939692620785908
1310,0.666666666666667,0,-0.5
1310,0.777777777777778,0,0
1310,0.888888888888889,0,0
1310,1,0,0
1311,0,0,0
1311,0.111111111111111,0,0
1311,0.222222222222222,0,0
1311,0.333333333333333,0,-0.5
1311,0.444444444444444,0,-0.939692620785908
1311,0.555555555555556,0,-0.939692620785908
1311,0.666666666666667,0,-0.5
1311,0.777777777777778,0,0
1311,0.888888888888889,0,0
1311,1,0,0
1312,0,0,0
1312,0.111111111111111,0,0
1312,0.222222222222222,0,0
1312,0.333333333333333,0,-0.5
1312,0.444444444444444,0,-0.939692620785908
1312,0.555555555555556,0,-0.939692620785908
1312,0.666666666666667,0,-0.5
1312,0.777777777777778,0,0
1312,0.888888888888889,0,0
1312,1,0,0
1313,0,0,0
1313,0.111111111111111,0,0
1313,0.222222222222222,0,0
1313,0.333333333333333,0,-0.5
1313,0.444444444444444,0,-0.939692620785908
1313,0.555555555555556,0,-0.939692620785908
1313,0.666666666666667,0,-0.5
1313,0.777777777777778,0,0
1313,0.888888888888889,0,0
1313,1,0,0
1314,0,0,0
1314,0.111111111111111,0,0
1314,0.222222222222222,0,0
1314,0.333333333333333,0,-0.5
1314,0.444444444444444,0,-0.939692620785908
1314,0.555555555555556,0,-0.939692620785908
1314,0.666666666666667,0,-0.5
1314,0.777777777777778,0,0
1314,0.888888888888889,0,0
1314,1,0,0
1315,0,0,0
1315,0.111111111111111,0,0
1315,0.222222222222222,0,0
1315,0.333333333333333,0,-0.5
1315,0.444444444444444,0,-0.939692620785908
1315,0.555555555555556,0,-0.939692620785908
1315,0.666666666666667,0,-0.5
1315,0.777777777777778,0,0
1315,0.888888888888889,0,0
1315,1,0,0
1316,0,0,0
1316,0.111111111111111,0,0
1316,0.222222222222222,0,0
1316,0.333333333333333,0,-0.5
1316,0.444444444444444,0,-0.939692620785908
1316,0.555555555555556,0,-0.939692620785908
1316,0.666666666666667,0,-0.5
1316,0.777777777777778,0,0
1316,0.888888888888889,0,0
1316,1,0,0
1317,0,0,0
1317,0.111111111111111,0,0
1317,0.222222222222222,0,0
1317,0.333333333333333,0,-0.5
1317,0.444444444444444,0,-0.939692620785908
1317,0.555555555555556,0,-0.939692620785908
1317,0.666666666666667,0,-0.5
1317,0.777777777777778,0,0
1317,0.888888888888889,0,0
1317,1,0,0
1318,0,0,0
1318,0.111111111111111,0,0
1318,0.222222222222222,0,0
1318,0.333333333333333,0,-0.5
1318,0.444444444444444,0,-0.939692620785908
1318,0.555555555555556,0,-0.939692620785908
1318,0.666666666666667,0,-0.5
1318,0.777777777777778,0,0
1318,0.888888888888889,0,0
1318,1,0,0
1319,0,0,0
1319,0.111111111111111,0,0
1319,0.222222222222222,0,0
1319,0.333333333333333,0,-0.5
1319,0.444444444444444,0,-0.939692620785908
1319,0.555555555555556,0,-0.939692620785908
1319,0.666666666666667,0,-0.5
1319,0.777777777777778,0,0
1319,0.888888888888889,0,0
1319,1,0,0
1320,0,0,0
1320,0.111111111111111,0,0
1320,0.222222222222222,0,0
1320,0.333333333333333,0,-0.5
1320,0.444444444444444,0,-0.939692620785908
1320,0.555555555555556,0,-0.939692620785908
1320,0.666666666666667,0,-0.5
1320,0.777777777777778,0,0
1320,0.888888888888889,0,0
1320,1,0,0
1321,0,0,0
1321,0.111111111111111,0,0
1321,0.222222222222222,0,0
1321,0.333333333333333,0,-0.5
1321,0.444444444444444,0,-0.939692620785908
1321,0.555555555555556,0,-0.939692620785908
1321,0.666666666666667,0,-0.5
1321,0.777777777777778,0,0
1321,0.888888888888889,0,0
1321,1,0,0
1322,0,0,0
1322,0.111111111111111,0,0
1322,0.222222222222222,0,0
1322,0.333333333333333,0,-0.5
1322,0.444444444444444,0,-0.939692620785908
1322,0.555555555555556,0,-0.939692620785908
1322,0.666666666666667,0,-0.5
1322,0.777777777777778,0,0
1322,0.888888888888889,0,0
1322,1,0,0
1323,0,0,0
1323,0.111111111111111,0,0
1323,0.222222222222222,0,0
1323,0.333333333333333,0,-0.5
1323,0.444444444444444,0,-0.939692620785908
1323,0.555555555555556,0,-0.939692620785908
1323,0.666666666666667,0,-0.5
1323,0.777777777777778,0,0
1323,0.888888888888889,0,0
1323,1,0,0
1324,0,0,0
1324,0.111111111111111,0,0
1324,0.222222222222222,0,0
1324,0.333333333333333,0,-0.5
1324,0.444444444444444,0,-0.939692620785908
1324,0.555555555555556,0,-0.939692620785908
1324,0.666666666666667,0,-0.5
1324,0.777777777777778,0,0
1324,0.888888888888889,0,0
1324,1,0,0
1325,0,0,0
1325,0.111111111111111,0,0
1325,0.222222222222222,0,0
1325,0.333333333333333,0,-0.5
1325,0.444444444444444,0,-0.939692620785908
1325,0.555555555555556,0,-0.939692620785908
1325,0.666666666666667,0,-0.5
1325,0.777777777777778,0,0
1325,0.888888888888889,0,0
1325,1,0,0
1326,0,0,0
1326,0.111111111111111,0,0
1326,0.222222222222222,0,0
1326,0.333333333333333,0,-0.5
1326,0.444444444444444,0,-0.939692620785908
1326,0.555555555555556,0,-0.939692620785908
1326,0.666666666666667,0,-0.5
1326,0.777777777777778,0,0
1326,0.888888888888889,0,0
1326,1,0,0
1327,0,0,0
1327,0.111111111111111,0,0
1327,0.222222222222222,0,0
1327,0.333333333333333,0,-0.5
1327,0.444444444444444,0,-0.939692620785908
1327,0.555555555555556,0,-0.939692620785908
1327,0.666666666666667,0,-0.5
1327,0.777777777777778,0,0
1327,0.888888888888889,0,0
1327,1,0,0
1328,0,0,0
1328,0.111111111111111,0,0
1328,0.222222222222222,0,0
1328,0.333333333333333,0,-0.5
1328,0.444444444444444,0,-0.939692620785908
1328,0.555555555555556,0,-0.939692620785908
1328,0.666666666666667,0,-0.5
1328,0.777777777777778,0,0
1328,0.888888888888889,0,0
1328,1,0,0
1329,0,0,0
1329,0.111111111111111,0,0
1329,0.222222222222222,0,0
1329,0.333333333333333,0,-0.5
1329,0.444444444444444,0,-0.939692620785908
1329,0.555555555555556,0,-0.939692620785908
1329,0.666666666666667,0,-0.5
1329,0.777777777777778,0,0
1329,0.888888888888889,0,0
1329,1,0,0
1330,0,0,0
1330,0.111111111111111,0,0
1330,0.222222222222222,0,0
1330,0.333333333333333,0,-0.5
1330,0.444444444444444,0,-0.939692620785908
1330,0.555555555555556,0,-0.939692620785908
1330,0.666666666666667,0,-0.5
1330,0.777777777777778,0,0
1330,0.888888888888889,0,0
1330,1,0,0
1331,0,0,0
1331,0.111111111111111,0,0
1331,0.222222222222222,0,0
1331,0.333333333333333,0,-0.5
1331,0.444444444444444,0,-0.939692620785908
1331,0.555555555555556,0,-0.939692620785908
1331,0.666666666666667,0,-0.5
1331,0.777777777777778,0,0
1331,0.888888888888889,0,0
1331,1,0,0
1332,0,0,0
1332,0.111111111111111,0,0
1332,0.222222222222222,0,0
1332,0.333333333333333,0,-0.5
1332,0.444444444444444,0,-0.939692620785908
1332,0.555555555555556,0,-0.939692620785908
1332,0.666666666666667,0,-0.5
1332,0.777777777777778,0,0
1332,0.888888888888889,0,0
1332,1,0,0
1333,0,0,0
1333,0.111111111111111,0,0
1333,0.222222222222222,0,0
1333,0.333333333333333,0,-0.5
1333,0.444444444444444,0,-0.939692620785908
1333,0.555555555555556,0,-0.939692620785908
1333,0.666666666666667,0,-0.5
1333,0.777777777777778,0,0
1333,0.888888888888889,0,0
1333,1,0,0
1334,0,0,0
1334,0.111111111111111,0,0
1334,0.222222222222222,0,0
1334,0.333333333333333,0,-0.5
1334,0.444444444444444,0,-0.939692620785908
1334,0.555555555555556,0,-0.939692620785908
1334,0.666666666666667,0,-0.5
1334,0.777777777777778,0,0
1334,0.888888888888889,0,0
1334,1,0,0
1335,0,0,0
1335,0.111111111111111,0,0
1335,0.222222222222222,0,0
1335,0.333333333333333,0,-0.5
1335,0.444444444444444,0,-0.939692620785908
1335,0.555555555555556,0,-0.939692620785908
1335,0.666666666666667,0,-0.5
1335,0.777777777777778,0,0
1335,0.888888888888889,0,0
1335,1,0,0
1336,0,0,0
1336,0.111111111111111,0,0
1336,0.222222222222222,0,0
1336,0.333333333333333,0,-0.5
1336,0.444444444444444,0,-0.939692620785908
1336,0.555555555555556,0,-0.939692620785908
1336,0.666666666666667,0,-0.5
1336,0.777777777777778,0,0
1336,0.888888888888889,0,0
1336,1,0,0
1337,0,0,0
1337,0.111111111111111,0,0
1337,0.222222222222222,0,0
1337,0.333333333333333,0,-0.5
1337,0.444444444444444,0,-0.939692620785908
1337,0.555555555555556,0,-0.939692620785908
1337,0.666666666666667,0,-0.5
1337,0.777777777777778,0,0
1337,0.888888888888889,0,0
1337,1,0,0
1338,0,0,0
1338,0.111111111111111,0,0
1338,0.222222222222222,0,0
1338,0.333333333333333,0,-0.5
1338,0.444444444444444,0,-0.939692620785908
1338,0.555555555555556,0,-0.939692620785908
1338,0.666666666666667,0,-0.5
1338,0.777777777777778,0,0
1338,0.888888888888889,0,0
1338,1,0,0
1339,0,0,0
1339,0.111111111111111,0,0
1339,0.222222222222222,0,0
1339,0.333333333333333,0,-0.5
1339,0.444444444444444,0,-0.939692620785908
1339,0.555555555555556,0,-0.939692620785908
1339,0.666666666666667,0,-0.5
1339,0.777777777777778,0,0
1339,0.888888888888889,0,0
1339,1,0,0
1340,0,0,0
1340,0.111111111111111,0,0
1340,0.222222222222222,0,0
1340,0.333333333333333,0,-0.5
1340,0.444444444444444,0,-0.939692620785908
1340,0.555555555555556,0,-0.939692620785908
1340,0.666666666666667,0,-0.5
1340,0.777777777777778,0,0
1340,0.888888888888889,0,0
1340,1,0,0
1341,0,0,0
1341,0.111111111111111,0,0
1341,0.222222222222222,0,0
1341,0.333333333333333,0,-0.5
1341,0.444444444444444,0,-0.939692620785908
1341,0.555555555555556,0,-0.939692620785908
1341,0.666666666666667,0,-0.5
1341,0.777777777777778,0,0
1341,0.888888888888889,0,0
1341,1,0,0
1342,0,0,0
1342,0.111111111111111,0,0
1342,0.222222222222222,0,0
1342,0.333333333333333,0,-0.5
1342,0.444444444444444,0,-0.939692620785908
1342,0.555555555555556,0,-0.939692620785908
1342,0.666666666666667,0,-0.5
1342,0.777777777777778,0,0
1342,0.888888888888889,0,0
1342,1,0,0
1343,0,0,0
1343,0.111111111111111,0,0
1343,0.222222222222222,0,0
1343,0.333333333333333,0,-0.5
1343,0.444444444444444,0,-0.939692620785908
1343,0.555555555555556,0,-0.939692620785908
1343,0.666666666666667,0,-0.5
1343,0.777777777777778,0,0
1343,0.888888888888889,0,0
1343,1,0,0
1344,0,0,0
1344,0.111111111111111,0,0
1344,0.222222222222222,0,0
1344,0.333333333333333,0,-0.5
1344,0.444444444444444,0,-0.939692620785908
1344,0.555555555555556,0,-0.939692620785908
1344,0.666666666666667,0,-0.5
1344,0.777777777777778,0,0
1344,0.888888888888889,0,0
1344,1,0,0
1345,0,0,0
1345,0.111111111111111,0,0
1345,0.222222222222222,0,0
1345,0.333333333333333,0,-0.5
1345,0.444444444444444,0,-0.939692620785908
1345,0.555555555555556,0,-0.939692620785908
1345,0.666666666666667,0,-0.5
1345,0.777777777777778,0,0
1345,0.888888888888889,0,0
1345,1,0,0
1346,0,0,0
1346,0.111111111111111,0,0
1346,0.222222222222222,0,0
1346,0.333333333333333,0,-0.5
1346,0.444444444444444,0,-0.939692620785908
1346,0.555555555555556,0,-0.939692620785908
1346,0.666666666666667,0,-0.5
1346,0.777777777777778,0,0
1346,0.888888888888889,0,0
1346,1,0,0
1347,0,0,0
1347,0.111111111111111,0,0
1347,0.222222222222222,0,0
1347,0.333333333333333,0,-0.5
1347,0.444444444444444,0,-0.939692620785908
1347,0.555555555555556,0,-0.939692620785908
1347,0.666666666666667,0,-0.5
1347,0.777777777777778,0,0
1347,0.888888888888889,0,0
1347,1,0,0
1348,0,0,0
1348,0.111111111111111,0,0
1348,0.222222222222222,0,0
1348,0.333333333333333,0,-0.5
1348,0.444444444444444,0,-0.939692620785908
1348,0.555555555555556,0,-0.939692620785908
1348,0.666666666666667,0,-0.5
1348,0.777777777777778,0,0
1348,0.888888888888889,0,0
1348,1,0,0
1349,0,0,0
1349,0.111111111111111,0,0
1349,0.222222222222222,0,0
1349,0.333333333333333,0,-0.5
1349,0.444444444444444,0,-0.939692620785908
1349,0.555555555555556,0,-0.939692620785908
1349,0.666666666666667,0,-0.5
1349,0.777777777777778,0,-2.4935184782432
1349,0.888888888888889,0,0
1349,1,0,0
1350,0,0,0
1350,0.111111111111111,0,0
1350,0.222222222222222,0,0
1350,0.333333333333333,0,-0.5
1350,0.444444444444444,0,-0.939692620785908
1350,0.555555555555556,0,-0.939692620785908
1350,0.666666666666667,0,-0.5
1350,0.777777777777778,0,0
1350,0.888888888888889,0,0
1350,1,0,0
1351,0,0,0
1351,0.111111111111111,0,0
1351,0.222222222222222,0,0
1351,0.333333333333333,0,-0.5
1351,0.444444444444444,0,-0.939692620785908
1351,0.555555555555556,0,-0.939692620785908
1351,0.666666666666667,0,-0.5
1351,0.777777777777778,0,0
1351,0.888888888888889,0,0
1351,1,0,0
1352,0,0,0
1352,0.111111111111111,0,0
1352,0.222222222222222,0,0
1352,0.333333333333333,0,-0.5
1352,0.444444444444444,0,-0.939692620785908
1352,0.555555555555556,0,-0.939692620785908
1352,0.666666666666667,0,-0.5
1352,0.777777777777778,0,0
1352,0.888888888888889,0,0
1352,1,0,0
1353,0,0,0
1353,0.111111111111111,0,0
1353,0.222222222222222,0,0
1353,0.333333333333333,0,-0.5
1353,0.444444444444444,0,-0.939692620785908
1353,0.555555555555556,0,-0.939692620785908
1353,0.666666666666667,0,-0.5
1353,0.777777777777778,0,0
1353,0.888888888888889,0,0
1353,1,0,0
1354,0,0,0
1354,0.111111111111111,0,0
1354,0.222222222222222,0,0
1354,0.333333333333333,0,-0.5
1354,0.444444444444444,0,-0.939692620785908
1354,0.555555555555556,0,-0.939692620785908
1354,0.666666666666667,0,-0.5
1354,0.777777777777778,0,0
1354,0.888888888888889,0,0
1354,1,0,0
1355,0,0,0
1355,0.111111111111111,0,0
1355,0.222222222222222,0,0
1355,0.333333333333333,0,-0.5
1355,0.444444444444444,0,-0.939692620785908
1355,0.555555555555556,0,-0.939692620785908
1355,0.666666666666667,0,-0.5
1355,0.777777777777778,0,0
1355,0.888888888888889,0,0
1355,1,0,0
1356,0,0,0
1356,0.111111111111111,0,0
1356,0.222222222222222,0,0
1356,0.333333333333333,0,-0.5
1356,0.444444444444444,0,-0.939692620785908
1356,0.555555555555556,0,-0.939692620785908
1356,0.666666666666667,0,-0.5
1356,0.777777777777778,0,0
1356,0.888888888888889,0,0
1356,1,0,0
1357,0,0,0
1357,0.111111111111111,0,0
1357,0.222222222222222,0,0
1357,0.333333333333333,0,-0.5
1357,0.444444444444444,0,-0.939692620785908
1357,0.555555555555556,0,-0.939692620785908
1357,0.666666666666667,0,-0.5
1357,0.777777777777778,0,0
1357,0.888888888888889,0,0
1357,1,0,0
1358,0,0,0
1358,0.111111111111111,0,0
1358,0.222222222222222,0,0
1358,0.333333333333333,0,-0.5
1358,0.444444444444444,0,-0.939692620785908
1358,0.555555555555556,0,-0.939692620785908
1358,0.666666666666667,0,-0.5
1358,0.777777777777778,0,0
1358,0.888888888888889,0,0
1358,1,0,0
1359,0,0,0
1359,0.111111111111111,0,0
1359,0.222222222222222,0,0
1359,0.333333333333333,0,-0.5
1359,0.444444444444444,0,-0.939692620785908
1359,0.555555555555556,0.477719265010548,-0.939692620785908
1359,0.666666666666667,0,-0.5
1359,0.777777777777778,0,0
1359,0.888888888888889,0,0
1359,1,0,0
1360,0,0,0
1360,0.111111111111111,0,0
1360,0.222222222222222,0,0
1360,0.333333333333333,0,-0.5
1360,0.444444444444444,0.486500912002006,-0.939692620785908
1360,0.555555555555556,0,0.285981471584613
1360,0.666666666666667,0,-0.5
1360,0.777777777777778,0,0
1360,0.888888888888889,0,0
1360,1,0,0
1361,0,0,0
1361,0.111111111111111,0,0
1361,0.222222222222222,0,0
1361,0.333333333333333,0,-0.5
1361,0.444444444444444,0,-0.939692620785908
1361,0.555555555555556,0,-0.939692620785908
1361,0.666666666666667,0,-0.5
1361,0.777777777777778,0,0
1361,0.888888888888889,0,0
1361,1,0,0
1362,0,0,0
1362,0.111111111111111,0,0
1362,0.222222222222222,0,0
1362,0.333333333333333,0,-0.5
1362,0.444444444444444,0,-0.939692620785908
1362,0.555555555555556,0,-0.939692620785908
1362,0.666666666666667,0,-0.5
1362,0.777777777777778,0,0
1362,0.888888888888889,0,0
1362,1,0,0
1363,0,0,0
1363,0.111111111111111,0,0
1363,0.222222222222222,0,0
1363,0.333333333333333,0,-0.5
1363,0.444444444444444,0,-0.939692620785908
1363,0.555555555555556,0,-0.939692620785908
1363,0.666666666666667,0,-0.5
1363,0.777777777777778,0,0
1363,0.888888888888889,0,0
1363,1,0,0
1364,0,0,0
1364,0.111111111111111,0,0
1364,0.222222222222222,0,0
1364,0.333333333333333,0,-0.5
1364,0.444444444444444,0,-0.939692620785908
1364,0.555555555555556,0,-0.939692620785908
1364,0.666666666666667,0,-0.5
1364,0.777777777777778,0,0
1364,0.888888888888889,0,0
1364,1,0,0
1365,0,0,0
1365,0.111111111111111,0,0
1365,0.222222222222222,0,0
1365,0.333333333333333,0,-0.5
1365,0.444444444444444,0,-0.939692620785908
1365,0.555555555555556,0,-0.939692620785908
1365,0.666666666666667,0,-0.5
1365,0.777777777777778,0,0
1365,0.888888888888889,0,0
1365,1,0,0
1366,0,0,0
1366,0.111111111111111,0,0
1366,0.222222222222222,0,0
1366,0.333333333333333,0,-0.5
1366,0.444444444444444,0,-0.939692620785908
1366,0.555555555555556,0,-0.939692620785908
1366,0.666666666666667,0,-0.5
1366,0.777777777777778,0,0
1366,0.888888888888889,0,0
1366,1,0,0
1367,0,0,0
1367,0.111111111111111,0,0
1367,0.222222222222222,0,0
1367,0.333333333333333,0,-0.5
1367,0.444444444444444,0,-0.939692620785908
1367,0.555555555555556,0,-0.939692620785908
1367,0.666666666666667,0,-0.5
1367,0.777777777777778,0,0
1367,0.888888888888889,0,0
1367,1,0,0
1368,0,0,0
1368,0.111111111111111,0,0
1368,0.222222222222222,0,0
1368,0.333333333333333,0,-0.5
1368,0.444444444444444,0,-0.939692620785908
1368,0.555555555555556,0,-0.939692620785908
1368,0.666666666666667,0,-0.5
1368,0.777777777777778,0,0
1368,0.888888888888889,0,0
1368,1,0,0
1369,0,0,0
1369,0.111111111111111,0,0
1369,0.222222222222222,0,0
1369,0.333333333333333,0,-0.5
1369,0.444444444444444,0,-0.939692620785908
1369,0.555555555555556,0,-0.939692620785908
1369,0.666666666666667,0,-0.5
1369,0.777777777777778,0,0
1369,0.888888888888889,0,0
1369,1,0,0
1370,0,0,0
1370,0.111111111111111,0,0
1370,0.222222222222222,0,0
1370,0.333333333333333,0,-0.5
1370,0.444444444444444,0,-0.939692620785908
1370,0.555555555555556,0,-0.939692620785908
1370,0.666666666666667,0,-0.5
1370,0.777777777777778,0,0
1370,0.888888888888889,0,0
1370,1,0,0
1371,0,0,0
1371,0.111111111111111,0,0
1371,0.222222222222222,0,0
1371,0.333333333333333,0,-0.5
1371,0.444444444444444,0,-0.939692620785908
1371,0.555555555555556,0,-0.939692620785908
1371,0.666666666666667,0,-0.5
1371,0.777777777777778,0,0
1371,0.888888888888889,0,0
1371,1,0,0
1372,0,0,0
1372,0.111111111111111,0,0
1372,0.222222222222222,0,0
1372,0.333333333333333,0,-0.5
1372,0.444444444444444,0,-0.939692620785908
1372,0.555555555555556,0,-0.939692620785908
1372,0.666666666666667,0,-0.5
1372,0.777777777777778,0,0
1372,0.888888888888889,0,0
1372,1,0,0
1373,0,0,0
1373,0.111111111111111,0,0
1373,0.222222222222222,0,0
1373,0.333333333333333,0,-0.5
1373,0.444444444444444,0,-0.939692620785908
1373,0.555555555555556,0,-0.939692620785908
1373,0.666666666666667,0,-0.5
1373,0.777777777777778,0,0
1373,0.888888888888889,0,0
1373,1,0,0
1374,0,0,0
1374,0.111111111111111,0,0
1374,0.222222222222222,0,0
1374,0.333333333333333,0,-0.5
1374,0.444444444444444,0,-0.939692620785908
1374,0.555555555555556,0,-0.939692620785908
1374,0.666666666666667,0,-0.5
1374,0.777777777777778,0,0
1374,0.888888888888889,0,0
1374,1,0,0
1375,0,0,0
1375,0.111111111111111,0,0
1375,0.222222222222222,0,0
1375,0.333333333333333,0,-0.5
1375,0.444444444444444,0,-0.217226142312865
1375,0.555555555555556,0,0.00613515367421646
1375,0.666666666666667,0,-0.5
1375,0.777777777777778,0,0
1375,0.888888888888889,0,0
1375,1,0,0
1376,0,0,0
1376,0.111111111111111,0,0
1376,0.222222222222222,0,0
1376,0.333333333333333,0,-0.5
1376,0.444444444444444,0,-0.939692620785908
1376,0.555555555555556,0,-0.939692620785908
1376,0.666666666666667,0,-0.5
1376,0.777777777777778,0,0
1376,0.888888888888889,0,0
1376,1,0,0
1377,0,0,0
1377,0.111111111111111,0,0
1377,0.222222222222222,0,0
1377,0.333333333333333,0,-0.5
1377,0.444444444444444,0,-0.939692620785908
1377,0.555555555555556,0,-0.939692620785908
1377,0.666666666666667,0,-0.5
1377,0.777777777777778,0,0
1377,0.888888888888889,0,0
1377,1,0,0
1378,0,0,0
1378,0.111111111111111,0,0
1378,0.222222222222222,0,0
1378,0.333333333333333,0,-0.5
1378,0.444444444444444,0,-0.939692620785908
1378,0.555555555555556,0,-0.939692620785908
1378,0.666666666666667,0,-0.5
1378,0.777777777777778,0,0
1378,0.888888888888889,0,0
1378,1,0,0
1379,0,0,0
1379,0.111111111111111,0,0
1379,0.222222222222222,0,0
1379,0.333333333333333,0,-0.5
1379,0.444444444444444,0,-0.939692620785908
1379,0.555555555555556,0,-0.939692620785908
1379,0.666666666666667,0,-0.5
1379,0.777777777777778,0,0
1379,0.888888888888889,0,0
1379,1,0,0
1380,0,0,0
1380,0.111111111111111,0,0
1380,0.222222222222222,0,0
1380,0.333333333333333,0,-0.5
1380,0.444444444444444,0,-0.939692620785908
1380,0.555555555555556,0,-0.939692620785908
1380,0.666666666666667,0,-0.5
1380,0.777777777777778,0,0
1380,0.888888888888889,0,0
1380,1,0,0
1381,0,0,0
1381,0.111111111111111,0,0
1381,0.222222222222222,0,0
1381,0.333333333333333,0,-0.5
1381,0.444444444444444,0,-0.939692620785908
1381,0.555555555555556,0,-0.939692620785908
1381,0.666666666666667,0,-0.5
1381,0.777777777777778,0,0
1381,0.888888888888889,0,0
1381,1,0,0
1382,0,0,0
1382,0.111111111111111,0,0
1382,0.222222222222222,0,0
1382,0.333333333333333,0,-0.5
1382,0.444444444444444,0,-0.939692620785908
1382,0.555555555555556,0,-0.939692620785908
1382,0.666666666666667,0,-0.5
1382,0.777777777777778,0,0
1382,0.888888888888889,0,0
1382,1,0,0
1383,0,0,0
1383,0.111111111111111,0,0
1383,0.222222222222222,0,0
1383,0.333333333333333,0,-0.5
1383,0.444444444444444,0,-0.939692620785908
1383,0.555555555555556,0,-0.939692620785908
1383,0.666666666666667,0,-0.5
1383,0.777777777777778,0,0
1383,0.888888888888889,0,0
1383,1,0,0
1384,0,0,0
1384,0.111111111111111,0,0
1384,0.222222222222222,0,0
1384,0.333333333333333,0,-0.5
1384,0.444444444444444,0.267994002403915,-0.939692620785908
1384,0.555555555555556,0,-0.234875820563805
1384,0.666666666666667,0,-0.5
1384,0.777777777777778,0,0
1384,0.888888888888889,0,0
1384,1,0,0
1385,0,0,0
1385,0.111111111111111,0,0
1385,0.222222222222222,0,0
1385,0.333333333333333,0,-0.5
1385,0.444444444444444,0,-0.939692620785908
1385,0.555555555555556,0,-0.939692620785908
1385,0.666666666666667,0,-0.5
1385,0.777777777777778,0,0
1385,0.888888888888889,0,0
1385,1,0,0
1386,0,0,0
1386,0.111111111111111,0,0
1386,0.222222222222222,0,0
1386,0.333333333333333,0,-0.5
1386,0.444444444444444,0,-0.939692620785908
1386,0.555555555555556,0,-0.939692620785908
1386,0.666666666666667,0,-0.5
1386,0.777777777777778,0,0
1386,0.888888888888889,0,0
1386,1,0,0
1387,0,0,0
1387,0.111111111111111,0,0
1387,0.222222222222222,0,0
1387,0.333333333333333,0,-0.5
1387,0.444444444444444,0,-0.939692620785908
1387,0.555555555555556,0,-0.939692620785908
1387,0.666666666666667,0,-0.5
1387,0.777777777777778,0,0
1387,0.888888888888889,0,0
1387,1,0,0
1388,0,0,0
1388,0.111111111111111,0,0
1388,0.222222222222222,0,0
1388,0.333333333333333,0,-0.5
1388,0.444444444444444,0,-0.939692620785908
1388,0.555555555555556,0,-0.939692620785908
1388,0.666666666666667,0,-0.5
1388,0.777777777777778,0,0
1388,0.888888888888889,0,0
1388,1,0,0
1389,0,0,0
1389,0.111111111111111,0,0
1389,0.222222222222222,0,0
1389,0.333333333333333,0,-0.5
1389,0.444444444444444,0,-0.939692620785908
1389,0.555555555555556,0,-0.939692620785908
1389,0.666666666666667,0,-0.5
1389,0.777777777777778,0,0
1389,0.888888888888889,0,0
1389,1,0,0
1390,0,0,0
1390,0.111111111111111,0,0
1390,0.222222222222222,0,0
1390,0.333333333333333,0,-0.5
1390,0.444444444444444,0,-0.939692620785908
1390,0.555555555555556,0,-0.939692620785908
1390,0.666666666666667,0,-0.5
1390,0.777777777777778,0,0
1390,0.888888888888889,0,0
1390,1,0,0
1391,0,0,0
1391,0.111111111111111,0,0
1391,0.222222222222222,0,0
1391,0.333333333333333,0,-0.5
1391,0.444444444444444,0,-0.939692620785908
1391,0.555555555555556,0,-0.939692620785908
1391,0.666666666666667,0,-0.5
1391,0.777777777777778,0,0
1391,0.888888888888889,0,0
1391,1,0,0
1392,0,0,0
1392,0.111111111111111,0,0
1392,0.222222222222222,0,0
1392,0.333333333333333,0,-0.5
1392,0.444444444444444,0,-0.939692620785908
1392,0.555555555555556,0,-0.939692620785908
1392,0.666666666666667,0,-0.5
1392,0.777777777777778,0,0
1392,0.888888888888889,0,0
1392,1,0,0
1393,0,0,0
1393,0.111111111111111,0,0
1393,0.222222222222222,0,0
1393,0.333333333333333,0,-0.5
1393,0.444444444444444,0,-0.939692620785908
1393,0.555555555555556,0,-0.939692620785908
1393,0.666666666666667,0,-0.5
1393,0.777777777777778,0,0
1393,0.888888888888889,0,0
1393,1,0,0
1394,0,0,0
1394,0.111111111111111,0,0
1394,0.222222222222222,0,0
1394,0.333333333333333,0,-0.5
1394,0.444444444444444,0,-0.939692620785908
1394,0.555555555555556,0,-0.939692620785908
1394,0.666666666666667,0,-0.5
1394,0.777777777777778,0,0
1394,0.888888888888889,0,0
1394,1,0,0
1395,0,0,0
1395,0.111111111111111,0,0
1395,0.222222222222222,0,0
1395,0.333333333333333,0,-0.5
1395,0.444444444444444,0,-0.939692620785908
1395,0.555555555555556,0,-0.939692620785908
1395,0.666666666666667,0,-0.5
1395,0.777777777777778,0,0
1395,0.888888888888889,0,0
1395,1,0,0
1396,0,0,0
1396,0.111111111111111,0,0
1396,0.222222222222222,0,0
1396,0.333333333333333,0,-0.5
1396,0.444444444444444,0,-0.939692620785908
1396,0.555555555555556,0,-0.939692620785908
1396,0.666666666666667,0,-0.5
1396,0.777777777777778,0,0
1396,0.888888888888889,0,0
1396,1,0,0
1397,0,0,0
1397,0.111111111111111,0,0
1397,0.222222222222222,0,0
1397,0.333333333333333,0,-0.5
1397,0.444444444444444,0,-0.939692620785908
1397,0.555555555555556,0,-0.939692620785908
1397,0.666666666666667,0,-0.5
1397,0.777777777777778,0,0
1397,0.888888888888889,0,0
1397,1,0,0
1398,0,0,0
1398,0.111111111111111,0,0
1398,0.222222222222222,0,0
1398,0.333333333333333,0,-0.5
1398,0.444444444444444,0,-0.939692620785908
1398,0.555555555555556,0,-0.939692620785908
1398,0.666666666666667,0,-0.5
1398,0.777777777777778,0,0
1398,0.888888888888889,0,0
1398,1,0,0
1399,0,0,0
1399,0.111111111111111,0,0
1399,0.222222222222222,0,0
1399,0.333333333333333,0,-0.5
1399,0.444444444444444,0,-0.939692620785908
1399,0.555555555555556,0,-0.939692620785908
1399,0.666666666666667,0,-0.5
1399,0.777777777777778,0,0
1399,0.888888888888889,0,0
1399,1,0,0
1400,0,0,0
1400,0.111111111111111,0,0
1400,0.222222222222222,0,0
1400,0.333333333333333,0,-0.5
1400,0.444444444444444,0,-0.939692620785908
1400,0.555555555555556,0,-0.939692620785908
1400,0.666666666666667,0,-0.5
1400,0.777777777777778,0,0
1400,0.888888888888889,0,0
1400,1,0,0
1401,0,0,0
1401,0.111111111111111,0,0
1401,0.222222222222222,0,0
1401,0.333333333333333,0,-0.5
1401,0.444444444444444,0,-0.939692620785908
1401,0.555555555555556,0,-0.939692620785908
1401,0.666666666666667,0,-0.5
1401,0.777777777777778,0,0
1401,0.888888888888889,0,0
1401,1,0,0
1402,0,0,0
1402,0.111111111111111,0,0
1402,0.222222222222222,0,0
1402,0.333333333333333,0,-0.5
1402,0.444444444444444,0,-0.939692620785908
1402,0.555555555555556,0,-0.939692620785908
1402,0.666666666666667,0,-0.5
1402,0.777777777777778,0,0
1402,0.888888888888889,0,0
1402,1,0,0
1403,0,0,0
1403,0.111111111111111,0,0
1403,0.222222222222222,0,0
1403,0.333333333333333,0,-0.5
1403,0.444444444444444,0,-0.939692620785908
1403,0.555555555555556,0,-0.939692620785908
1403,0.666666666666667,0,-0.5
1403,0.777777777777778,0,0
1403,0.888888888888889,0,0
1403,1,0,0
1404,0,0,0
1404,0.111111111111111,0,0
1404,0.222222222222222,0,0
1404,0.333333333333333,0,-0.5
1404,0.444444444444444,0,-0.939692620785908
1404,0.555555555555556,0,-0.939692620785908
1404,0.666666666666667,0,-0.5
1404,0.777777777777778,0,0
1404,0.888888888888889,0,0
1404,1,0,0
1405,0,0,0
1405,0.111111111111111,0,0
1405,0.222222222222222,0,0
1405,0.333333333333333,0,-0.5
1405,0.444444444444444,0,-0.939692620785908
1405,0.555555555555556,0,-0.939692620785908
1405,0.666666666666667,0,-0.5
1405,0.777777777777778,0,0
1405,0.888888888888889,0,0
1405,1,0,0
1406,0,0,0
1406,0.111111111111111,0,0
1406,0.222222222222222,0,0
1406,0.333333333333333,0,-0.5
1406,0.444444444444444,0,-0.939692620785908
1406,0.555555555555556,0,-0.939692620785908
1406,0.666666666666667,0,-0.5
1406,0.777777777777778,0,0
1406,0.888888888888889,0,0
1406,1,0,0
1407,0,0,0
1407,0.111111111111111,0,0
1407,0.222222222222222,0,0
1407,0.333333333333333,0,-0.5
1407,0.444444444444444,0,-0.193903348140692
1407,0.555555555555556,0,0.036484000206099
1407,0.666666666666667,0,-0.5
1407,0.777777777777778,0,0
1407,0.888888888888889,0,0
1407,1,0,0
1408,0,0,0
1408,0.111111111111111,0,0
1408,0.222222222222222,0,0
1408,0.333333333333333,0,-0.5
1408,0.444444444444444,0,-0.147338890457912
1408,0.555555555555556,0,-0.939692620785908
1408,0.666666666666667,0,-0.5
1408,0.777777777777778,0,0
1408,0.888888888888889,0,0
1408,1,0,0
1409,0,0,0
1409,0.111111111111111,0,0
1409,0.222222222222222,0,0
1409,0.333333333333333,0,-0.5
1409,0.444444444444444,0,-0.939692620785908
1409,0.555555555555556,0,-0.939692620785908
1409,0.666666666666667,0,-0.5
1409,0.777777777777778,0,0
1409,0.888888888888889,0,0
1409,1,0,0
1410,0,0,0
1410,0.111111111111111,0,0
1410,0.222222222222222,0,0
1410,0.333333333333333,0,-0.5
1410,0.444444444444444,0,-0.939692620785908
1410,0.555555555555556,0,-0.939692620785908
1410,0.666666666666667,0,-0.5
1410,0.777777777777778,0,0
1410,0.888888888888889,0,0
1410,1,0,0
1411,0,0,0
1411,0.111111111111111,0,0
1411,0.222222222222222,0,0
1411,0.333333333333333,0,-0.5
1411,0.444444444444444,0,-0.939692620785908
1411,0.555555555555556,0,-0.939692620785908
1411,0.666666666666667,0,-0.5
1411,0.777777777777778,0,0
1411,0.888888888888889,0,0
1411,1,0,0
1412,0,0,0
1412,0.111111111111111,0,0
1412,0.222222222222222,0,0
1412,0.333333333333333,0,-0.5
1412,0.444444444444444,0,-0.939692620785908
1412,0.555555555555556,0,-0.939692620785908
1412,0.666666666666667,0,-0.5
1412,0.777777777777778,0,0
1412,0.888888888888889,0,0
1412,1,0,0
1413,0,0,0
1413,0.111111111111111,0,0
1413,0.222222222222222,0,0
1413,0.333333333333333,0,-0.5
1413,0.444444444444444,0,-0.939692620785908
1413,0.555555555555556,0,-0.939692620785908
1413,0.666666666666667,0,-0.5
1413,0.777777777777778,0,0
1413,0.888888888888889,0,0
1413,1,0,0
1414,0,0,0
1414,0.111111111111111,0,0
1414,0.222222222222222,0,0
1414,0.333333333333333,0,-0.5
1414,0.444444444444444,0,-0.939692620785908
1414,0.555555555555556,0,-0.939692620785908
1414,0.666666666666667,0,-0.5
1414,0.777777777777778,0,0
1414,0.888888888888889,0,0
1414,1,0,0
1415,0,0,0
1415,0.111111111111111,0,0
1415,0.222222222222222,0,0
1415,0.333333333333333,0,-0.5
1415,0.444444444444444,0,-0.939692620785908
1415,0.555555555555556,0,-0.939692620785908
1415,0.666666666666667,0,-0.5
1415,0.777777777777778,0,0
1415,0.888888888888889,0,0
1415,1,0,0
1416,0,0,0
1416,0.111111111111111,0,0
1416,0.222222222222222,0,0
1416,0.333333333333333,0,-0.5
1416,0.444444444444444,0,-0.939692620785908
1416,0.555555555555556,0,-0.939692620785908
1416,0.666666666666667,0,-0.5
1416,0.777777777777778,0,0
1416,0.888888888888889,0,0
1416,1,0,0
1417,0,0,0
1417,0.111111111111111,0,0
1417,0.222222222222222,0,0
1417,0.333333333333333,0,-0.5
1417,0.444444444444444,0,-0.939692620785908
1417,0.555555555555556,0,-0.939692620785908
1417,0.666666666666667,0,-0.5
1417,0.777777777777778,0,0
1417,0.888888888888889,0,0
1417,1,0,0
1418,0,0,0
1418,0.111111111111111,0,0
1418,0.222222222222222,0,0
1418,0.333333333333333,0,-0.5
1418,0.444444444444444,0,-0.939692620785908
1418,0.555555555555556,0,-0.939692620785908
1418,0.666666666666667,0,-0.5
1418,0.777777777777778,0,0
1418,0.888888888888889,0,0
1418,1,0,0
1419,0,0,0
1419,0.111111111111111,0,0
1419,0.222222222222222,0,0
1419,0.333333333333333,0,-0.5
1419,0.444444444444444,0,-0.939692620785908
1419,0.555555555555556,0,-0.939692620785908
1419,0.666666666666667,0,-0.5
1419,0.777777777777778,0,0
1419,0.888888888888889,0,0
1419,1,0,0
1420,0,0,0
1420,0.111111111111111,0,0
1420,0.222222222222222,0,0
1420,0.333333333333333,0,-0.5
1420,0.444444444444444,0,-0.939692620785908
1420,0.555555555555556,0,-0.939692620785908
1420,0.666666666666667,0,-0.5
1420,0.777777777777778,0,0
1420,0.888888888888889,0,0
1420,1,0,0
1421,0,0,0
1421,0.111111111111111,0,0
1421,0.222222222222222,0,0
1421,0.333333333333333,0,-0.5
1421,0.444444444444444,0,-0.939692620785908
1421,0.555555555555556,0,-0.939692620785908
1421,0.666666666666667,0,-0.5
1421,0.777777777777778,0,0
1421,0.888888888888889,0,0
1421,1,0,0
1422,0,0,0
1422,0.111111111111111,0,0
1422,0.222222222222222,0,0
1422,0.333333333333333,0,-0.5
1422,0.444444444444444,0,-0.939692620785908
1422,0.555555555555556,0,-0.939692620785908
1422,0.666666666666667,0,-0.5
1422,0.777777777777778,0,0
1422,0.888888888888889,0,0
1422,1,0,0
1423,0,0,0
1423,0.111111111111111,0,0
1423,0.222222222222222,0,0
1423,0.333333333333333,0,-0.5
1423,0.444444444444444,0,-0.939692620785908
1423,0.555555555555556,0,-0.939692620785908
1423,0.666666666666667,0,-0.5
1423,0.777777777777778,0,0
1423,0.888888888888889,0,0
1423,1,0,0
1424,0,0,0
1424,0.111111111111111,0,0
1424,0.222222222222222,0,0
1424,0.333333333333333,0,-0.5
1424,0.444444444444444,0,-0.939692620785908
1424,0.555555555555556,0,-0.939692620785908
1424,0.666666666666667,0,-0.5
1424,0.777777777777778,0,0
1424,0.888888888888889,0,0
1424,1,0,0
1425,0,0,0
1425,0.111111111111111,0,0
1425,0.222222222222222,0,0
1425,0.333333333333333,0,-0.5
1425,0.444444444444444,0,-0.939692620785908
1425,0.555555555555556,0,-0.939692620785908
1425,0.666666666666667,0,-0.5
1425,0.777777777777778,0,0
1425,0.888888888888889,0,0
1425,1,0,0
1426,0,0,0
1426,0.111111111111111,0,0
1426,0.222222222222222,0,0
1426,0.333333333333333,0,-0.5
1426,0.444444444444444,0,-0.939692620785908
1426,0.555555555555556,0,-0.939692620785908
1426,0.666666666666667,0,-0.5
1426,0.777777777777778,0,0
1426,0.888888888888889,0,0
1426,1,0,0
1427,0,0,0
1427,0.111111111111111,0,0
1427,0.222222222222222,0,0
1427,0.333333333333333,0,-0.5
1427,0.444444444444444,0,-0.939692620785908
1427,0.555555555555556,0,-0.939692620785908
1427,0.666666666666667,0,-0.5
1427,0.777777777777778,0,0
1427,0.888888888888889,0,0
1427,1,0,0
1428,0,0,0
1428,0.111111111111111,0,0
1428,0.222222222222222,0,0
1428,0.333333333333333,0,-0.5
1428,0.444444444444444,0,-0.939692620785908
1428,0.555555555555556,0,-0.939692620785908
1428,0.666666666666667,0,-0.5
1428,0.777777777777778,0,0
1428,0.888888888888889,0,0
1428,1,0,0
1429,0,0,0
1429,0.111111111111111,0,0
1429,0.222222222222222,0,0
1429,0.333333333333333,0,-0.5
1429,0.444444444444444,0,-0.939692620785908
1429,0.555555555555556,0,-0.939692620785908
1429,0.666666666666667,0,-0.5
1429,0.777777777777778,0,0
1429,0.888888888888889,0,0
1429,1,0,0
1430,0,0,0
1430,0.111111111111111,0,0
1430,0.222222222222222,0,0
1430,0.333333333333333,0,-0.5
1430,0.444444444444444,0,-0.939692620785908
1430,0.555555555555556,0,-0.939692620785908
1430,0.666666666666667,0,-0.5
1430,0.777777777777778,0,0
1430,0.888888888888889,0,0
1430,1,0,0
1431,0,0,0
1431,0.111111111111111,0,0
1431,0.222222222222222,0,0
1431,0.333333333333333,0,-0.5
1431,0.444444444444444,0,-0.939692620785908
1431,0.555555555555556,0,-0.939692620785908
1431,0.666666666666667,0,-0.5
1431,0.777777777777778,0,0
1431,0.888888888888889,0,0
1431,1,0,0
1432,0,0,0
1432,0.111111111111111,0,0
1432,0.222222222222222,0,0
1432,0.333333333333333,0,-0.5
1432,0.444444444444444,0,-0.939692620785908
1432,0.555555555555556,0,-0.939692620785908
1432,0.666666666666667,0,-0.5
1432,0.777777777777778,0,0
1432,0.888888888888889,0,0
1432,1,0,0
1433,0,0,0
1433,0.111111111111111,0,0
1433,0.222222222222222,0,0
1433,0.333333333333333,0,-0.5
1433,0.444444444444444,0,-0.939692620785908
1433,0.555555555555556,0,-0.939692620785908
1433,0.666666666666667,0,-0.5
1433,0.777777777777778,0,0
1433,0.888888888888889,0,0
1433,1,0,0
1434,0,0,0
1434,0.111111111111111,0,0
1434,0.222222222222222,0,0
1434,0.333333333333333,0,-0.5
1434,0.444444444444444,0,-0.939692620785908
1434,0.555555555555556,0,-0.939692620785908
1434,0.666666666666667,0,-0.5
1434,0.777777777777778,0,0
1434,0.888888888888889,0,0
1434,1,0,0
1435,0,0,0
1435,0.111111111111111,0,0
1435,0.222222222222222,0,0
1435,0.333333333333333,0,-0.5
1435,0.444444444444444,0,-0.939692620785908
1435,0.555555555555556,0,-0.939692620785908
1435,0.666666666666667,0,-0.5
1435,0.777777777777778,0,0
1435,0.888888888888889,0,0
1435,1,0,0
1436,0,0,0
1436,0.111111111111111,0,0
1436,0.222222222222222,0,0
1436,0.333333333333333,0,-0.5
1436,0.444444444444444,0,-0.939692620785908
1436,0.555555555555556,0,-0.939692620785908
1436,0.666666666666667,0,-0.5
1436,0.777777777777778,0,0
1436,0.888888888888889,0,0
1436,1,0,0
1437,0,0,0
1437,0.111111111111111,0,0
1437,0.222222222222222,0,0
1437,0.333333333333333,0,-0.5
1437,0.444444444444444,0,-0.939692620785908
1437,0.555555555555556,0,-0.939692620785908
1437,0.666666666666667,0,-0.5
1437,0.777777777777778,0,0
1437,0.888888888888889,0,0
1437,1,0,0
1438,0,0,0
1438,0.111111111111111,0,0
1438,0.222222222222222,0,0
1438,0.333333333333333,0,-0.5
1438,0.444444444444444,0,-0.939692620785908
1438,0.555555555555556,0,-0.939692620785908
1438,0.666666666666667,0,-0.5
1438,0.777777777777778,0,0
1438,0.888888888888889,0,0
1438,1,0,0
1439,0,0,0
1439,0.111111111111111,0,0
1439,0.222222222222222,0,0
1439,0.333333333333333,0,-0.5
1439,0.444444444444444,0,-0.939692620785908
1439,0.555555555555556,0,-0.939692620785908
1439,0.666666666666667,0,-0.5
1439,0.777777777777778,0,0
1439,0.888888888888889,0,0
1439,1,0,0
1440,0,0,0
1440,0.111111111111111,0,0
1440,0.222222222222222,0,0
1440,0.333333333333333,0,-0.5
1440,0.444444444444444,0,-0.320562261347145
1440,0.555555555555556,0,-0.939692620785908
1440,0.666666666666667,0,-0.5
1440,0.777777777777778,0,0
1440,0.888888888888889,0,0
1440,1,0,0
1441,0,0,0
1441,0.111111111111111,0,0
1441,0.222222222222222,0,0
1441,0.333333333333333,0,-0.5
1441,0.444444444444444,0,-0.939692620785908
1441,0.555555555555556,0,-0.939692620785908
1441,0.666666666666667,0,-0.5
1441,0.777777777777778,0,0
1441,0.888888888888889,0,0
1441,1,0,0
1442,0,0,0
1442,0.111111111111111,0,0
1442,0.222222222222222,0,0
1442,0.333333333333333,0,-0.5
1442,0.444444444444444,0,-0.939692620785908
1442,0.555555555555556,0,-0.939692620785908
1442,0.666666666666667,0,-0.5
1442,0.777777777777778,0,0
1442,0.888888888888889,0,0
1442,1,0,0
1443,0,0,0
1443,0.111111111111111,0,0
1443,0.222222222222222,0,0
1443,0.333333333333333,0,-0.5
1443,0.444444444444444,0,-0.939692620785908
1443,0.555555555555556,0,-0.939692620785908
1443,0.666666666666667,0,-0.5
1443,0.777777777777778,0,0
1443,0.888888888888889,0,0
1443,1,0,0
1444,0,0,0
1444,0.111111111111111,0,0
1444,0.222222222222222,0,0
1444,0.333333333333333,0,-0.5
1444,0.444444444444444,0,-0.0495575145231344
1444,0.555555555555556,0,0.239609632506747
1444,0.666666666666667,0,-0.5
1444,0.777777777777778,0,0
1444,0.888888888888889,0,0
1444,1,0,0
1445,0,0,0
1445,0.111111111111111,0,0
1445,0.222222222222222,0,0
1445,0.333333333333333,0,-0.5
1445,0.444444444444444,0,-0.939692620785908
1445,0.555555555555556,0,-0.939692620785908
1445,0.666666666666667,0,-0.5
1445,0.777777777777778,0,0
1445,0.888888888888889,0,0
1445,1,0,0
1446,0,0,0
1446,0.111111111111111,0,0
1446,0.222222222222222,0,0
1446,0.333333333333333,0,-0.5
1446,0.444444444444444,0,-0.939692620785908
1446,0.555555555555556,0,-0.939692620785908
1446,0.666666666666667,0.901883143879822,-0.5
1446,0.777777777777778,0,0
1446,0.888888888888889,0,0
1446,1,0,0
1447,0,0,0
1447,0.111111111111111,0,0
1447,0.222222222222222,0,0
1447,0.333333333333333,0,-0.5
1447,0.444444444444444,0,-0.939692620785908
1447,0.555555555555556,0,-0.939692620785908
1447,0.666666666666667,0,-0.5
1447,0.777777777777778,0,0
1447,0.888888888888889,0,0
1447,1,0,0
1448,0,0,0
1448,0.111111111111111,0,0
1448,0.222222222222222,0,0
1448,0.333333333333333,0,-0.5
1448,0.444444444444444,0,-0.939692620785908
1448,0.555555555555556,0,-0.582510577302179
1448,0.666666666666667,0,-0.5
1448,0.777777777777778,0,0
1448,0.888888888888889,0,0
1448,1,0,0
1449,0,0,0
1449,0.111111111111111,0,0
1449,0.222222222222222,0,0
1449,0.333333333333333,0,-0.5
1449,0.444444444444444,0,-0.939692620785908
1449,0.555555555555556,0,-0.939692620785908
1449,0.666666666666667,0,-0.5
1449,0.777777777777778,0,0
1449,0.888888888888889,0,0
1449,1,0,0
1450,0,0,0
1450,0.111111111111111,0,0
1450,0.222222222222222,0,0
1450,0.333333333333333,0,-0.5
1450,0.444444444444444,0,-0.939692620785908
1450,0.555555555555556,0,-0.939692620785908
1450,0.666666666666667,0,-0.5
1450,0.777777777777778,0,0
1450,0.888888888888889,0,0
1450,1,0,0
1451,0,0,0
1451,0.111111111111111,0,0
1451,0.222222222222222,0,0
1451,0.333333333333333,0,-0.5
1451,0.444444444444444,0,-0.0374372583624555
1451,0.555555555555556,0,-0.00192326206212712
1451,0.666666666666667,0,-0.5
1451,0.777777777777778,0,0
1451,0.888888888888889,0,0
1451,1,0,0
1452,0,0,0
1452,0.111111111111111,0,0
1452,0.222222222222222,0,0
1452,0.333333333333333,0,-0.5
1452,0.444444444444444,0,-0.939692620785908
1452,0.555555555555556,0,-0.939692620785908
1452,0.666666666666667,0,-0.5
1452,0.777777777777778,0,0
1452,0.888888888888889,0,0
1452,1,0,0
1453,0,0,0
1453,0.111111111111111,0,0
1453,0.222222222222222,0,0
1453,0.333333333333333,0,-0.5
1453,0.444444444444444,0,-0.939692620785908
1453,0.555555555555556,0,-0.939692620785908
1453,0.666666666666667,0,-0.5
1453,0.777777777777778,0,0
1453,0.888888888888889,0,0
1453,1,0,0
1454,0,0,0
1454,0.111111111111111,0,0
1454,0.222222222222222,0,0
1454,0.333333333333333,0,-0.5
1454,0.444444444444444,0,-0.939692620785908
1454,0.555555555555556,0,-0.939692620785908
1454,0.666666666666667,0,-0.5
1454,0.777777777777778,0,0
1454,0.888888888888889,0,0
1454,1,0,0
1455,0,0,0
1455,0.111111111111111,0,0
1455,0.222222222222222,0,0
1455,0.333333333333333,0,-0.5
1455,0.444444444444444,0,-0.939692620785908
1455,0.555555555555556,0,-0.939692620785908
1455,0.666666666666667,0,-0.5
1455,0.777777777777778,0,0
1455,0.888888888888889,0,0
1455,1,0,0
1456,0,0,0
1456,0.111111111111111,0,0
1456,0.222222222222222,0,0
1456,0.333333333333333,0,-0.5
1456,0.444444444444444,0,-0.939692620785908
1456,0.555555555555556,0,-0.447708635884437
1456,0.666666666666667,0,-0.5
1456,0.777777777777778,0,0
1456,0.888888888888889,0,0
1456,1,0,0
1457,0,0,0
1457,0.111111111111111,0,0
1457,0.222222222222222,0,0
1457,0.333333333333333,0,-0.5
1457,0.444444444444444,0,-0.939692620785908
1457,0.555555555555556,0,-0.939692620785908
1457,0.666666666666667,0,-0.5
1457,0.777777777777778,0,0
1457,0.888888888888889,0,0
1457,1,0,0
1458,0,0,0
1458,0.111111111111111,0,0
1458,0.222222222222222,0,0
1458,0.333333333333333,0,-0.5
1458,0.444444444444444,0,-0.939692620785908
1458,0.555555555555556,0,-0.939692620785908
1458,0.666666666666667,0,-0.5
1458,0.777777777777778,0,0
1458,0.888888888888889,0,0
1458,1,0,0
1459,0,0,0
1459,0.111111111111111,0,0
1459,0.222222222222222,0,0
1459,0.333333333333333,0,-0.5
1459,0.444444444444444,0,-0.939692620785908
1459,0.555555555555556,0,-0.939692620785908
1459,0.666666666666667,0,-0.5
1459,0.777777777777778,0,0
1459,0.888888888888889,0,0
1459,1,0,0
1460,0,0,0
1460,0.111111111111111,0,0
1460,0.222222222222222,0,0
1460,0.333333333333333,0,-0.5
1460,0.444444444444444,0,-0.939692620785908
1460,0.555555555555556,0,-0.939692620785908
1460,0.666666666666667,0,-0.5
1460,0.777777777777778,0,0
1460,0.888888888888889,0,0
1460,1,0,0
1461,0,0,0
1461,0.111111111111111,0,0
1461,0.222222222222222,0,0
1461,0.333333333333333,0,-0.5
1461,0.444444444444444,0,-0.939692620785908
1461,0.555555555555556,0,-0.939692620785908
1461,0.666666666666667,0,-0.5
1461,0.777777777777778,0,0
1461,0.888888888888889,0,0
1461,1,0,0
1462,0,0,0
1462,0.111111111111111,0,0
1462,0.222222222222222,0.305425090787158,0
1462,0.333333333333333,0,-0.5
1462,0.444444444444444,0.47666289925041,-0.939692620785908
1462,0.555555555555556,0,-0.939692620785908
1462,0.666666666666667,0,-0.5
1462,0.777777777777778,0,0
1462,0.888888888888889,0,0
1462,1,0,0
1463,0,0,0
1463,0.111111111111111,0,0
1463,0.222222222222222,0,0
1463,0.333333333333333,0,-0.5
1463,0.444444444444444,0,-0.939692620785908
1463,0.555555555555556,0,-0.939692620785908
1463,0.666666666666667,0,-0.5
1463,0.777777777777778,0,0
1463,0.888888888888889,0,0
1463,1,0,0
1464,0,0,0
1464,0.111111111111111,0,0
1464,0.222222222222222,0,0
1464,0.333333333333333,0,-0.5
1464,0.444444444444444,0,-0.939692620785908
1464,0.555555555555556,0,-0.939692620785908
1464,0.666666666666667,0,-0.5
1464,0.777777777777778,0,0
1464,0.888888888888889,0,0
1464,1,0,0
1465,0,0,0
1465,0.111111111111111,0,0
1465,0.222222222222222,0,0
1465,0.333333333333333,0,-0.5
1465,0.444444444444444,0,-0.939692620785908
1465,0.555555555555556,0,-0.939692620785908
1465,0.666666666666667,0,-0.5
1465,0.777777777777778,0,0
1465,0.888888888888889,0,0
1465,1,0,0
1466,0,0,0
1466,0.111111111111111,0,0
1466,0.222222222222222,0,0
1466,0.333333333333333,0,-0.5
1466,0.444444444444444,0,-0.939692620785908
1466,0.555555555555556,0,-0.939692620785908
1466,0.666666666666667,0,-0.5
1466,0.777777777777778,0,0
1466,0.888888888888889,0,0
1466,1,0,0
1467,0,0,0
1467,0.111111111111111,0,0
1467,0.222222222222222,0,0
1467,0.333333333333333,0,0.402571184791892
1467,0.444444444444444,0,0.687728743286278
1467,0.555555555555556,0,0.243499337046944
1467,0.666666666666667,0,0.190490837685423
1467,0.777777777777778,0,0
1467,0.888888888888889,0,0
1467,1,0,0
1468,0,0,0
1468,0.111111111111111,0,0
1468,0.222222222222222,0,0
1468,0.333333333333333,0,-0.5
1468,0.444444444444444,0,-0.939692620785908
1468,0.555555555555556,0,-0.939692620785908
1468,0.666666666666667,0,-0.5
1468,0.777777777777778,0,0
1468,0.888888888888889,0,0
1468,1,0,0
1469,0,0,0
1469,0.111111111111111,0,0
1469,0.222222222222222,0,0
1469,0.333333333333333,0,-0.5
1469,0.444444444444444,0,-0.939692620785908
1469,0.555555555555556,0,-0.939692620785908
1469,0.666666666666667,0,-0.5
1469,0.777777777777778,0,0
1469,0.888888888888889,0,0
1469,1,0,0
1470,0,0,0
1470,0.111111111111111,0,0
1470,0.222222222222222,0,0
1470,0.333333333333333,0,-0.5
1470,0.444444444444444,0,-0.939692620785908
1470,0.555555555555556,0,-0.479927759595967
1470,0.666666666666667,0,-0.5
1470,0.777777777777778,0,0
1470,0.888888888888889,0,0
1470,1,0,0
1471,0,0,0
1471,0.111111111111111,0,0
1471,0.222222222222222,0,0
1471,0.333333333333333,0,-0.5
1471,0.444444444444444,0,-0.939692620785908
1471,0.555555555555556,0,-0.939692620785908
1471,0.666666666666667,0,-0.5
1471,0.777777777777778,0,0
1471,0.888888888888889,0,0
1471,1,0,0
1472,0,0,0
1472,0.111111111111111,0,0
1472,0.222222222222222,0,0
1472,0.333333333333333,0,-0.5
1472,0.444444444444444,0,-0.939692620785908
1472,0.555555555555556,0,-0.939692620785908
1472,0.666666666666667,0,-0.5
1472,0.777777777777778,0,0
1472,0.888888888888889,0,0
1472,1,0,0
1473,0,0,0
1473,0.111111111111111,0,0
1473,0.222222222222222,0,0
1473,0.333333333333333,0,-0.5
1473,0.444444444444444,0,-0.939692620785908
1473,0.555555555555556,0,-0.939692620785908
1473,0.666666666666667,0,-0.5
1473,0.777777777777778,0,0
1473,0.888888888888889,0,0
1473,1,0,0
1474,0,0,0
1474,0.111111111111111,0,0
1474,0.222222222222222,0,0
1474,0.333333333333333,0,-0.5
1474,0.444444444444444,0,-0.939692620785908
1474,0.555555555555556,0,-0.546039093880293
1474,0.666666666666667,0,-0.5
1474,0.777777777777778,0,0
1474,0.888888888888889,0,0
1474,1,0,0
1475,0,0,0
1475,0.111111111111111,0,0
1475,0.222222222222222,0,0
1475,0.333333333333333,0,-0.5
1475,0.444444444444444,0,-0.939692620785908
1475,0.555555555555556,0,-0.939692620785908
1475,0.666666666666667,0,-0.5
1475,0.777777777777778,0,0
1475,0.888888888888889,0,0
1475,1,0,0
1476,0,0,0
1476,0.111111111111111,0,0
1476,0.222222222222222,0,0
1476,0.333333333333333,0,-0.5
1476,0.444444444444444,0,-0.939692620785908
1476,0.555555555555556,0,-0.939692620785908
1476,0.666666666666667,0,-0.5
1476,0.777777777777778,0,0
1476,0.888888888888889,0,0
1476,1,0,0
1477,0,0,0
1477,0.111111111111111,0,0
1477,0.222222222222222,0,0
1477,0.333333333333333,0,-0.5
1477,0.444444444444444,0,-0.939692620785908
1477,0.555555555555556,0,-0.341688368334137
1477,0.666666666666667,0,-0.5
1477,0.777777777777778,0,0
1477,0.888888888888889,0,0
1477,1,0,0
1478,0,0,0
1478,0.111111111111111,0,0
1478,0.222222222222222,0,0
1478,0.333333333333333,0,-0.5
1478,0.444444444444444,0,-0.939692620785908
1478,0.555555555555556,0,-0.939692620785908
1478,0.666666666666667,0,-0.5
1478,0.777777777777778,0,0
1478,0.888888888888889,0,0
1478,1,0,0
1479,0,0,0
1479,0.111111111111111,0,0
1479,0.222222222222222,0,0
1479,0.333333333333333,0,-0.5
1479,0.444444444444444,0,-0.939692620785908
1479,0.555555555555556,0,-0.939692620785908
1479,0.666666666666667,0,-0.5
1479,0.777777777777778,0,0
1479,0.888888888888889,0,0
1479,1,0,0
1480,0,0,0
1480,0.111111111111111,0,0
1480,0.222222222222222,0,0
1480,0.333333333333333,0,-0.5
1480,0.444444444444444,0,-0.263020942726447
1480,0.555555555555556,0,-0.431393706359782
1480,0.666666666666667,0,-0.5
1480,0.777777777777778,0,0
1480,0.888888888888889,0,0
1480,1,0,0
1481,0,0,0
1481,0.111111111111111,0,0
1481,0.222222222222222,0,0
1481,0.333333333333333,0,-0.5
1481,0.444444444444444,0,-0.421753198106905
1481,0.555555555555556,0,0.392123711945939
1481,0.666666666666667,0,0.493922788485986
1481,0.777777777777778,0,0
1481,0.888888888888889,0,0
1481,1,0,0
1482,0,0,0
1482,0.111111111111111,0,0
1482,0.222222222222222,0,0
1482,0.333333333333333,0,-0.5
1482,0.444444444444444,0,-0.939692620785908
1482,0.555555555555556,0,-0.939692620785908
1482,0.666666666666667,0,-0.5
1482,0.777777777777778,0,0
1482,0.888888888888889,0,0
1482,1,0,0
1483,0,0,0
1483,0.111111111111111,0,0
1483,0.222222222222222,0,0
1483,0.333333333333333,0,-0.5
1483,0.444444444444444,0,-0.939692620785908
1483,0.555555555555556,0,-0.939692620785908
1483,0.666666666666667,0,-0.5
1483,0.777777777777778,0,0
1483,0.888888888888889,0,0
1483,1,0,0
1484,0,0,0
1484,0.111111111111111,0,0
1484,0.222222222222222,0,0
1484,0.333333333333333,0,-0.5
1484,0.444444444444444,0,-0.939692620785908
1484,0.555555555555556,0,-0.939692620785908
1484,0.666666666666667,0,-0.5
1484,0.777777777777778,0,0
1484,0.888888888888889,0,0
1484,1,0,0
1485,0,0,0
1485,0.111111111111111,0,0
1485,0.222222222222222,0,0
1485,0.333333333333333,0,-0.5
1485,0.444444444444444,0,-0.939692620785908
1485,0.555555555555556,0,-0.939692620785908
1485,0.666666666666667,0,-0.5
1485,0.777777777777778,0,0
1485,0.888888888888889,0,0
1485,1,0,0
1486,0,0,0
1486,0.111111111111111,0,0
1486,0.222222222222222,0,0
1486,0.333333333333333,0,-0.5
1486,0.444444444444444,0,-0.939692620785908
1486,0.555555555555556,0,-0.939692620785908
1486,0.666666666666667,0,-0.5
1486,0.777777777777778,0,0
1486,0.888888888888889,0,0
1486,1,0,0
1487,0,0,0
1487,0.111111111111111,0,0
1487,0.222222222222222,0,0
1487,0.333333333333333,0,-0.5
1487,0.444444444444444,0,-0.939692620785908
1487,0.555555555555556,0,-0.939692620785908
1487,0.666666666666667,0,-0.5
1487,0.777777777777778,0,0
1487,0.888888888888889,0,0
1487,1,0,0
1488,0,0,0
1488,0.111111111111111,0,0
1488,0.222222222222222,0,0
1488,0.333333333333333,0,-0.5
1488,0.444444444444444,0,-0.939692620785908
1488,0.555555555555556,0,-0.939692620785908
1488,0.666666666666667,0,-0.5
1488,0.777777777777778,0,0
1488,0.888888888888889,0,0
1488,1,0,0
1489,0,0,0
1489,0.111111111111111,0,0
1489,0.222222222222222,0,0
1489,0.333333333333333,0,-0.5
1489,0.444444444444444,0,-0.939692620785908
1489,0.555555555555556,0,-0.939692620785908
1489,0.666666666666667,0,-0.5
1489,0.777777777777778,0,0
1489,0.888888888888889,0,0
1489,1,0,0
1490,0,0,0
1490,0.111111111111111,0,0
1490,0.222222222222222,0,0
1490,0.333333333333333,0,-0.5
1490,0.444444444444444,0,0.401955819779673
1490,0.555555555555556,0,-0.101410522057133
1490,0.666666666666667,0,-0.5
1490,0.777777777777778,0,0
1490,0.888888888888889,0,0
1490,1,0,0
1491,0,0,0
1491,0.111111111111111,0,0
1491,0.222222222222222,0,0
1491,0.333333333333333,0,-0.5
1491,0.444444444444444,0,-0.939692620785908
1491,0.555555555555556,0,-0.939692620785908
1491,0.666666666666667,0,-0.5
1491,0.777777777777778,0,0
1491,0.888888888888889,0,0
1491,1,0,0
1492,0,0,0
1492,0.111111111111111,0,0
1492,0.222222222222222,0,0
1492,0.333333333333333,0,-0.5
1492,0.444444444444444,0,-0.939692620785908
1492,0.555555555555556,0,-0.939692620785908
1492,0.666666666666667,0,-0.5
1492,0.777777777777778,0,0
1492,0.888888888888889,0,0
1492,1,0,0
1493,0,0,0
1493,0.111111111111111,0,0
1493,0.222222222222222,0,0
1493,0.333333333333333,0,-0.5
1493,0.444444444444444,0,-0.939692620785908
1493,0.555555555555556,0,-0.939692620785908
1493,0.666666666666667,0,-0.5
1493,0.777777777777778,0,0
1493,0.888888888888889,0,0
1493,1,0,0
1494,0,0,0
1494,0.111111111111111,0,0
1494,0.222222222222222,0,0
1494,0.333333333333333,0,-0.5
1494,0.444444444444444,0,-0.939692620785908
1494,0.555555555555556,0,-0.939692620785908
1494,0.666666666666667,0,-0.5
1494,0.777777777777778,0,0
1494,0.888888888888889,0,0
1494,1,0,0
1495,0,0,0
1495,0.111111111111111,0,0
1495,0.222222222222222,0,0
1495,0.333333333333333,0,-0.5
1495,0.444444444444444,0,-0.939692620785908
1495,0.555555555555556,0,-0.939692620785908
1495,0.666666666666667,0,-0.5
1495,0.777777777777778,0,0
1495,0.888888888888889,0,0
1495,1,0,0
1496,0,0,0
1496,0.111111111111111,0,0
1496,0.222222222222222,0,0
1496,0.333333333333333,0,-0.5
1496,0.444444444444444,0,-0.939692620785908
1496,0.555555555555556,0,-0.939692620785908
1496,0.666666666666667,0,-0.5
1496,0.777777777777778,0,0
1496,0.888888888888889,0,0
1496,1,0,0
1497,0,0,0
1497,0.111111111111111,0,0
1497,0.222222222222222,0,0
1497,0.333333333333333,0,-0.5
1497,0.444444444444444,0,-0.939692620785908
1497,0.555555555555556,0,-0.939692620785908
1497,0.666666666666667,0,-0.5
1497,0.777777777777778,0,0
1497,0.888888888888889,0,0
1497,1,0,0
1498,0,0,0
1498,0.111111111111111,0,0
1498,0.222222222222222,0,0
1498,0.333333333333333,0,-0.5
1498,0.444444444444444,0,-0.939692620785908
1498,0.555555555555556,0,-0.939692620785908
1498,0.666666666666667,0,-0.5
1498,0.777777777777778,0,0
1498,0.888888888888889,0,0
1498,1,0,0
1499,0,0,0
1499,0.111111111111111,0,0
1499,0.222222222222222,0,0
1499,0.333333333333333,0,-0.5
1499,0.444444444444444,0,-0.939692620785908
1499,0.555555555555556,0,-0.939692620785908
1499,0.666666666666667,0,-0.5
1499,0.777777777777778,0,0
1499,0.888888888888889,0,0
1499,1,0,0
1500,0,0,0
1500,0.111111111111111,0,0
1500,0.222222222222222,0,0
1500,0.333333333333333,0,-0.5
1500,0.444444444444444,0,-0.939692620785908
1500,0.555555555555556,0,-0.939692620785908
1500,0.666666666666667,0,-0.5
1500,0.777777777777778,0,0
1500,0.888888888888889,0,0
1500,1,0,0
1501,0,0,0
1501,0.111111111111111,0,0
1501,0.222222222222222,0,0
1501,0.333333333333333,0,-0.5
1501,0.444444444444444,0,-0.939692620785908
1501,0.555555555555556,0,-0.939692620785908
1501,0.666666666666667,0,-0.5
1501,0.777777777777778,0,0
1501,0.888888888888889,0,0
1501,1,0,0
1502,0,0,0
1502,0.111111111111111,0,0
1502,0.222222222222222,0,0
1502,0.333333333333333,0,-0.5
1502,0.444444444444444,0,-0.199511337993746
1502,0.555555555555556,0,-0.939692620785908
1502,0.666666666666667,0,-0.5
1502,0.777777777777778,0,0
1502,0.888888888888889,0,0
1502,1,0,0
1503,0,0,0
1503,0.111111111111111,0,0
1503,0.222222222222222,0,0
1503,0.333333333333333,0,-0.5
1503,0.444444444444444,0,-0.379153089549368
1503,0.555555555555556,0,-0.302736235539308
1503,0.666666666666667,0,-0.5
1503,0.777777777777778,0,0
1503,0.888888888888889,0,0
1503,1,0,0
1504,0,0,0
1504,0.111111111111111,0,0
1504,0.222222222222222,0,0
1504,0.333333333333333,0,-0.5
1504,0.444444444444444,0,-0.939692620785908
1504,0.555555555555556,0,-0.939692620785908
1504,0.666666666666667,0,-0.5
1504,0.777777777777778,0,0
1504,0.888888888888889,0,0
1504,1,0,0
1505,0,0,0
1505,0.111111111111111,0,0
1505,0.222222222222222,0,0
1505,0.333333333333333,0,-0.5
1505,0.444444444444444,0,0.0228202645092561
1505,0.555555555555556,0,0.25520444563857
1505,0.666666666666667,0,0.0946262210876948
1505,0.777777777777778,0,0
1505,0.888888888888889,0,0
1505,1,0,0
1506,0,0,0
1506,0.111111111111111,0,0
1506,0.222222222222222,0,0
1506,0.333333333333333,0,-0.5
1506,0.444444444444444,0,-0.939692620785908
1506,0.555555555555556,0,-0.939692620785908
1506,0.666666666666667,0,-0.5
1506,0.777777777777778,0,0
1506,0.888888888888889,0,0
1506,1,0,0
1507,0,0,0
1507,0.111111111111111,0,0
1507,0.222222222222222,0,0
1507,0.333333333333333,0,-0.5
1507,0.444444444444444,0,-0.598037089459522
1507,0.555555555555556,0,-0.939692620785908
1507,0.666666666666667,0,-0.5
1507,0.777777777777778,0,0
1507,0.888888888888889,0,0
1507,1,0,0
1508,0,0,0
1508,0.111111111111111,0,0
1508,0.222222222222222,0,0
1508,0.333333333333333,0,-0.5
1508,0.444444444444444,0,-0.939692620785908
1508,0.555555555555556,0,-0.939692620785908
1508,0.666666666666667,0,-0.5
1508,0.777777777777778,0,0
1508,0.888888888888889,0,0
1508,1,0,0
1509,0,0,0
1509,0.111111111111111,0,0
1509,0.222222222222222,0,0
1509,0.333333333333333,0,-0.5
1509,0.444444444444444,0,-0.939692620785908
1509,0.555555555555556,0,-0.939692620785908
1509,0.666666666666667,0,-0.5
1509,0.777777777777778,0,0
1509,0.888888888888889,0,0
1509,1,0,0
1510,0,0,0
1510,0.111111111111111,0,0
1510,0.222222222222222,0,0
1510,0.333333333333333,0,-0.14693709305678
1510,0.444444444444444,0,0.289916098767104
1510,0.555555555555556,0,0.334840234568941
1510,0.666666666666667,0,-0.5
1510,0.777777777777778,0,0
1510,0.888888888888889,0,0
1510,1,0,0
1511,0,0,0
1511,0.111111111111111,0,0
1511,0.222222222222222,0,0
1511,0.333333333333333,0,-0.5
1511,0.444444444444444,0,-0.939692620785908
1511,0.555555555555556,0,-0.939692620785908
1511,0.666666666666667,0,-0.5
1511,0.777777777777778,0,0
1511,0.888888888888889,0,0
1511,1,0,0
1512,0,0,0
1512,0.111111111111111,0,0
1512,0.222222222222222,0,0
1512,0.333333333333333,0,-0.5
1512,0.444444444444444,0,-0.939692620785908
1512,0.555555555555556,0,-0.584126453726463
1512,0.666666666666667,0,-0.5
1512,0.777777777777778,0,0
1512,0.888888888888889,0,0
1512,1,0,0
1513,0,0,0
1513,0.111111111111111,0,0
1513,0.222222222222222,0,0
1513,0.333333333333333,0,-0.5
1513,0.444444444444444,0,-0.939692620785908
1513,0.555555555555556,0,-0.939692620785908
1513,0.666666666666667,0,-0.5
1513,0.777777777777778,0,0
1513,0.888888888888889,0,0
1513,1,0,0
1514,0,0,0
1514,0.111111111111111,0,0
1514,0.222222222222222,0,0
1514,0.333333333333333,0,-0.5
1514,0.444444444444444,0,-0.939692620785908
1514,0.555555555555556,0,-0.939692620785908
1514,0.666666666666667,0,-0.5
1514,0.777777777777778,0,0
1514,0.888888888888889,0,0
1514,1,0,0
1515,0,0,-0.505990474991759
1515,0.111111111111111,0,0
1515,0.222222222222222,0,-0.483609194124649
1515,0.333333333333333,0,0.113795835869732
1515,0.444444444444444,0,-0.939692620785908
1515,0.555555555555556,0,-0.390516907649234
1515,0.666666666666667,0,-0.5
1515,0.777777777777778,0,-0.748144180176334
1515,0.888888888888889,0,-0.837432179422592
1515,1,0,-1.20232764853273
1516,0,0,0
1516,0.111111111111111,0,0
1516,0.222222222222222,0,0
1516,0.333333333333333,0,-0.5
1516,0.444444444444444,0,0.00364114740696897
1516,0.555555555555556,0,-0.354865279928793
1516,0.666666666666667,0.254921371246523,-0.5
1516,0.777777777777778,0,0
1516,0.888888888888889,0,0
1516,1,0.190102414799575,0
1517,0,0,0
1517,0.111111111111111,0,0
1517,0.222222222222222,0,0
1517,0.333333333333333,0,-0.5
1517,0.444444444444444,0,-0.939692620785908
1517,0.555555555555556,0,-0.939692620785908
1517,0.666666666666667,0,-0.5
1517,0.777777777777778,0,0
1517,0.888888888888889,0,0
1517,1,0,0
1518,0,0,0
1518,0.111111111111111,0,0
1518,0.222222222222222,0,0
1518,0.333333333333333,0,-0.5
1518,0.444444444444444,0,-0.939692620785908
1518,0.555555555555556,0,-0.939692620785908
1518,0.666666666666667,0,-0.5
1518,0.777777777777778,0,0
1518,0.888888888888889,0,0
1518,1,0,0
1519,0,0,0
1519,0.111111111111111,0,0
1519,0.222222222222222,0,0
1519,0.333333333333333,0,-0.5
1519,0.444444444444444,0,-0.939692620785908
1519,0.555555555555556,0,-0.939692620785908
1519,0.666666666666667,0,-0.5
1519,0.777777777777778,0,0
1519,0.888888888888889,0,0
1519,1,0,0
1520,0,0,0
1520,0.111111111111111,0,0
1520,0.222222222222222,0,0
1520,0.333333333333333,0,-0.5
1520,0.444444444444444,0,-0.939692620785908
1520,0.555555555555556,0,-0.939692620785908
1520,0.666666666666667,0,-0.5
1520,0.777777777777778,0,0
1520,0.888888888888889,0,0
1520,1,0,0
1521,0,0,0
1521,0.111111111111111,0,0
1521,0.222222222222222,0,0
1521,0.333333333333333,0,-0.5
1521,0.444444444444444,0,-0.230631075350494
1521,0.555555555555556,0.444962599807053,-0.939692620785908
1521,0.666666666666667,0,-0.5
1521,0.777777777777778,0,0
1521,0.888888888888889,0,0
1521,1,0,0
1522,0,0,0
1522,0.111111111111111,0,0
1522,0.222222222222222,0,0
1522,0.333333333333333,0,-0.5
1522,0.444444444444444,0,0.117202383392991
1522,0.555555555555556,0,-0.216246837160725
1522,0.666666666666667,0,-0.5
1522,0.777777777777778,0,0
1522,0.888888888888889,0,0
1522,1,0,0
1523,0,0,0
1523,0.111111111111111,0,0
1523,0.222222222222222,0,0
1523,0.333333333333333,0,-0.5
1523,0.444444444444444,0,0.0983308536618425
1523,0.555555555555556,0,-0.939692620785908
1523,0.666666666666667,0,-0.5
1523,0.777777777777778,0,0
1523,0.888888888888889,0,0
1523,1,0,0
1524,0,0,0
1524,0.111111111111111,0,0
1524,0.222222222222222,0,0
1524,0.333333333333333,0,-0.5
1524,0.444444444444444,0,-0.939692620785908
1524,0.555555555555556,0,-0.939692620785908
1524,0.666666666666667,0,-0.5
1524,0.777777777777778,0,0
1524,0.888888888888889,0,0
1524,1,0,0
1525,0,0,0
1525,0.111111111111111,0,0
1525,0.222222222222222,0,0
1525,0.333333333333333,0,-0.5
1525,0.444444444444444,0,-0.939692620785908
1525,0.555555555555556,0,-0.939692620785908
1525,0.666666666666667,0,-0.5
1525,0.777777777777778,0,0
1525,0.888888888888889,0,0
1525,1,0,0
1526,0,0,0
1526,0.111111111111111,0,0
1526,0.222222222222222,0,0
1526,0.333333333333333,0,-0.5
1526,0.444444444444444,0,-0.939692620785908
1526,0.555555555555556,0,-0.939692620785908
1526,0.666666666666667,0,-0.5
1526,0.777777777777778,0,0
1526,0.888888888888889,0,0
1526,1,0,0
1527,0,0,0
1527,0.111111111111111,0,0
1527,0.222222222222222,0,0
1527,0.333333333333333,0,-0.5
1527,0.444444444444444,0,-0.939692620785908
1527,0.555555555555556,0,-0.939692620785908
1527,0.666666666666667,0,-0.5
1527,0.777777777777778,0,0
1527,0.888888888888889,0,0
1527,1,0,0
1528,0,0,0
1528,0.111111111111111,0,0
1528,0.222222222222222,0,0
1528,0.333333333333333,0,-0.5
1528,0.444444444444444,0,-0.939692620785908
1528,0.555555555555556,0,-0.939692620785908
1528,0.666666666666667,0,-0.5
1528,0.777777777777778,0,0
1528,0.888888888888889,0,0
1528,1,0,0
1529,0,0,0
1529,0.111111111111111,0,0
1529,0.222222222222222,0,0
1529,0.333333333333333,0,-0.5
1529,0.444444444444444,0,-0.939692620785908
1529,0.555555555555556,0,-0.939692620785908
1529,0.666666666666667,0,-0.5
1529,0.777777777777778,0,0
1529,0.888888888888889,0,0
1529,1,0,0
1530,0,0,0
1530,0.111111111111111,0,0
1530,0.222222222222222,0,0
1530,0.333333333333333,0,-0.5
1530,0.444444444444444,0,0.28889267143236
1530,0.555555555555556,0,-0.170371653541063
1530,0.666666666666667,0,0.760050820026631
1530,0.777777777777778,0,0
1530,0.888888888888889,0,0
1530,1,0,0
1531,0,0,0
1531,0.111111111111111,0,0
1531,0.222222222222222,0,0
1531,0.333333333333333,0,-0.5
1531,0.444444444444444,0,-0.939692620785908
1531,0.555555555555556,0,-0.939692620785908
1531,0.666666666666667,0,-0.5
1531,0.777777777777778,0,0
1531,0.888888888888889,0,0
1531,1,0,0
1532,0,0,0
1532,0.111111111111111,0,0
1532,0.222222222222222,0,0
1532,0.333333333333333,0,-0.5
1532,0.444444444444444,0,-0.939692620785908
1532,0.555555555555556,0,-0.939692620785908
1532,0.666666666666667,0,-0.5
1532,0.777777777777778,0,0
1532,0.888888888888889,0,0
1532,1,0,0
1533,0,0,0
1533,0.111111111111111,0,0
1533,0.222222222222222,0,0
1533,0.333333333333333,0,-0.5
1533,0.444444444444444,0,-0.461762580131762
1533,0.555555555555556,0,-0.939692620785908
1533,0.666666666666667,0,-0.5
1533,0.777777777777778,0,0
1533,0.888888888888889,0,0
1533,1,0,0
1534,0,0,0
1534,0.111111111111111,0,0
1534,0.222222222222222,0,0
1534,0.333333333333333,0,-0.5
1534,0.444444444444444,0,-0.939692620785908
1534,0.555555555555556,0,-0.939692620785908
1534,0.666666666666667,0,-0.5
1534,0.777777777777778,0,0
1534,0.888888888888889,0,0
1534,1,0,0
1535,0,0,0
1535,0.111111111111111,0,0
1535,0.222222222222222,0,0
1535,0.333333333333333,0,-0.5
1535,0.444444444444444,0,-0.939692620785908
1535,0.555555555555556,0,-0.939692620785908
1535,0.666666666666667,0,-0.5
1535,0.777777777777778,0,0
1535,0.888888888888889,0,0
1535,1,0,0
1536,0,0,0
1536,0.111111111111111,0,0
1536,0.222222222222222,0,0
1536,0.333333333333333,0,-0.5
1536,0.444444444444444,0,-0.939692620785908
1536,0.555555555555556,0,-0.939692620785908
1536,0.666666666666667,0,-0.5
1536,0.777777777777778,0,0
1536,0.888888888888889,0,0
1536,1,0,0
1537,0,0,0
1537,0.111111111111111,0,0
1537,0.222222222222222,0,0
1537,0.333333333333333,0,-0.5
1537,0.444444444444444,0,-0.939692620785908
1537,0.555555555555556,0,-0.939692620785908
1537,0.666666666666667,0,-0.5
1537,0.777777777777778,0,0
1537,0.888888888888889,0,0
1537,1,0,0
1538,0,0,0
1538,0.111111111111111,0,0
1538,0.222222222222222,0,0
1538,0.333333333333333,0,-0.5
1538,0.444444444444444,0,0.0300194450267184
1538,0.555555555555556,0,-0.411812265255713
1538,0.666666666666667,0,-0.5
1538,0.777777777777778,0,0
1538,0.888888888888889,0,0
1538,1,0,0
1539,0,0,0
1539,0.111111111111111,0,0
1539,0.222222222222222,0,0
1539,0.333333333333333,0,-0.5
1539,0.444444444444444,0,-0.939692620785908
1539,0.555555555555556,0,-0.939692620785908
1539,0.666666666666667,0,-0.5
1539,0.777777777777778,0,0
1539,0.888888888888889,0,0
1539,1,0,0
1540,0,0,0
1540,0.111111111111111,0,0
1540,0.222222222222222,0,0
1540,0.333333333333333,0,-0.5
1540,0.444444444444444,0,-0.939692620785908
1540,0.555555555555556,0,-0.939692620785908
1540,0.666666666666667,0,-0.5
1540,0.777777777777778,0,0
1540,0.888888888888889,0,0
1540,1,0,0
1541,0,0,0
1541,0.111111111111111,0,0
1541,0.222222222222222,0,0
1541,0.333333333333333,0,-0.5
1541,0.444444444444444,0,0.101252405815893
1541,0.555555555555556,0,-0.0564371492705743
1541,0.666666666666667,0,-0.5
1541,0.777777777777778,0,0
1541,0.888888888888889,0,0
1541,1,0,0
1542,0,0,0
1542,0.111111111111111,0,0
1542,0.222222222222222,0,0
1542,0.333333333333333,0,-0.5
1542,0.444444444444444,0,-0.939692620785908
1542,0.555555555555556,0,-0.231781078906595
1542,0.666666666666667,0,-0.5
1542,0.777777777777778,0,0
1542,0.888888888888889,0,0
1542,1,0,0
1543,0,0,0
1543,0.111111111111111,0,0
1543,0.222222222222222,0,0
1543,0.333333333333333,0,-0.5
1543,0.444444444444444,0.32094330026906,-0.939692620785908
1543,0.555555555555556,0,-0.299477820117033
1543,0.666666666666667,0,-0.5
1543,0.777777777777778,0,0
1543,0.888888888888889,0,0
1543,1,0,0
1544,0,0,0
1544,0.111111111111111,0,0
1544,0.222222222222222,0,0
1544,0.333333333333333,0,-0.5
1544,0.444444444444444,0,-0.939692620785908
1544,0.555555555555556,0,-0.939692620785908
1544,0.666666666666667,0,-0.5
1544,0.777777777777778,0,0
1544,0.888888888888889,0,0
1544,1,0,0
1545,0,0,0
1545,0.111111111111111,0,0
1545,0.222222222222222,0,0
1545,0.333333333333333,0,-0.5
1545,0.444444444444444,0,-0.939692620785908
1545,0.555555555555556,0,-0.939692620785908
1545,0.666666666666667,0,-0.5
1545,0.777777777777778,0,0
1545,0.888888888888889,0,0
1545,1,0,0
1546,0,0.142790426159755,0
1546,0.111111111111111,0,0
1546,0.222222222222222,0,0
1546,0.333333333333333,0,-0.124054833902513
1546,0.444444444444444,0.577440270564119,-0.939692620785908
1546,0.555555555555556,0,-0.386027084540297
1546,0.666666666666667,0,-0.5
1546,0.777777777777778,0,0
1546,0.888888888888889,0,0
1546,1,0,0
1547,0,0,0
1547,0.111111111111111,0,0
1547,0.222222222222222,0,0
1547,0.333333333333333,0,0.115736278173775
1547,0.444444444444444,0,0.220496642287534
1547,0.555555555555556,0,-0.165067748909722
1547,0.666666666666667,0,-0.5
1547,0.777777777777778,0,0
1547,0.888888888888889,0,0
1547,1,0,0
1548,0,0,0
1548,0.111111111111111,0,0
1548,0.222222222222222,0,0
1548,0.333333333333333,0,-0.5
1548,0.444444444444444,0,-0.939692620785908
1548,0.555555555555556,0,-0.939692620785908
1548,0.666666666666667,0,-0.5
1548,0.777777777777778,0,0
1548,0.888888888888889,0,0
1548,1,0,0
1549,0,0,0
1549,0.111111111111111,0,0
1549,0.222222222222222,0,0
1549,0.333333333333333,0,-0.5
1549,0.444444444444444,0,-0.939692620785908
1549,0.555555555555556,0,-0.568827361906818
1549,0.666666666666667,0,-0.5
1549,0.777777777777778,0,0
1549,0.888888888888889,0,0
1549,1,0,0
1550,0,0,0
1550,0.111111111111111,0,0
1550,0.222222222222222,0,0
1550,0.333333333333333,0.316872252498308,-0.5
1550,0.444444444444444,0,0.0615653824234695
1550,0.555555555555556,0.493512552940882,-0.939692620785908
1550,0.666666666666667,0,-0.5
1550,0.777777777777778,0,0
1550,0.888888888888889,0,0
1550,1,0,0
1551,0,0,0
1551,0.111111111111111,0,0
1551,0.222222222222222,0,0
1551,0.333333333333333,0,-0.5
1551,0.444444444444444,0,-0.939692620785908
1551,0.555555555555556,0,-0.503354802109822
1551,0.666666666666667,0,-0.5
1551,0.777777777777778,0,0
1551,0.888888888888889,0,0
1551,1,0,0
1552,0,0,0
1552,0.111111111111111,0,0
1552,0.222222222222222,0,0
1552,0.333333333333333,0,-0.5
1552,0.444444444444444,0,-0.939692620785908
1552,0.555555555555556,0,-0.939692620785908
1552,0.666666666666667,0,-0.5
1552,0.777777777777778,0,0
1552,0.888888888888889,0,0
1552,1,0,0
1553,0,0,0
1553,0.111111111111111,0,0
1553,0.222222222222222,0,0
1553,0.333333333333333,0,-0.5
1553,0.444444444444444,0,-0.939692620785908
1553,0.555555555555556,0,-0.939692620785908
1553,0.666666666666667,0,-0.5
1553,0.777777777777778,0,0
1553,0.888888888888889,0,0
1553,1,0,0
1554,0,0,0
1554,0.111111111111111,0,0
1554,0.222222222222222,0,0
1554,0.333333333333333,0,-0.5
1554,0.444444444444444,0,-0.939692620785908
1554,0.555555555555556,0,-0.223352462652464
1554,0.666666666666667,0,-0.5
1554,0.777777777777778,0,0
1554,0.888888888888889,0,0
1554,1,0,0
1555,0,0,0
1555,0.111111111111111,0,0
1555,0.222222222222222,0,0
1555,0.333333333333333,0,-0.5
1555,0.444444444444444,0,-0.939692620785908
1555,0.555555555555556,0,-0.939692620785908
1555,0.666666666666667,0,-0.5
1555,0.777777777777778,0,0
1555,0.888888888888889,0,0
1555,1,0,0
1556,0,0,0
1556,0.111111111111111,0,0
1556,0.222222222222222,0,0
1556,0.333333333333333,0,-0.5
1556,0.444444444444444,0,-0.303057026267068
1556,0.555555555555556,0,-0.429857112073668
1556,0.666666666666667,0.302791241733482,-0.5
1556,0.777777777777778,0.170886666524561,0
1556,0.888888888888889,0,0
1556,1,0,0
1557,0,0,0
1557,0.111111111111111,0,0
1557,0.222222222222222,0,0
1557,0.333333333333333,0,-0.5
1557,0.444444444444444,0,-0.939692620785908
1557,0.555555555555556,0,-0.939692620785908
1557,0.666666666666667,0,-0.5
1557,0.777777777777778,0,0
1557,0.888888888888889,0,0
1557,1,0,0
1558,0,0,0
1558,0.111111111111111,0,0
1558,0.222222222222222,0,0
1558,0.333333333333333,0,-0.5
1558,0.444444444444444,0,-0.341864053574592
1558,0.555555555555556,0,-0.939692620785908
1558,0.666666666666667,0,-0.5
1558,0.777777777777778,0,0
1558,0.888888888888889,0,0
1558,1,0,0
1559,0,0,0
1559,0.111111111111111,0,0
1559,0.222222222222222,0,0
1559,0.333333333333333,0,-0.5
1559,0.444444444444444,0,0.148053971203416
1559,0.555555555555556,0,-0.389035193494071
1559,0.666666666666667,0,-0.5
1559,0.777777777777778,0,0
1559,0.888888888888889,0,0
1559,1,0,0
1560,0,0,0
1560,0.111111111111111,0,0
1560,0.222222222222222,0,0
1560,0.333333333333333,0,-0.162586253455288
1560,0.444444444444444,0,-0.235115018658553
1560,0.555555555555556,0,-0.159856692328574
1560,0.666666666666667,0,-0.5
1560,0.777777777777778,0,0
1560,0.888888888888889,0,0
1560,1,0,0
1561,0,0,0
1561,0.111111111111111,0,0
1561,0.222222222222222,0,0
1561,0.333333333333333,0,-0.5
1561,0.444444444444444,0,-0.939692620785908
1561,0.555555555555556,0,-0.939692620785908
1561,0.666666666666667,0,-0.5
1561,0.777777777777778,0,0
1561,0.888888888888889,0,0
1561,1,0,0
1562,0,0,0
1562,0.111111111111111,0,0
1562,0.222222222222222,0,0
1562,0.333333333333333,0,-0.5
1562,0.444444444444444,0.676374781407951,-0.939692620785908
1562,0.555555555555556,0,-0.468219153273086
1562,0.666666666666667,0,-0.5
1562,0.777777777777778,0,0
1562,0.888888888888889,0,0
1562,1,0,0
1563,0,0,0
1563,0.111111111111111,0,0
1563,0.222222222222222,0,0
1563,0.333333333333333,0,-0.5
1563,0.444444444444444,0,-0.939692620785908
1563,0.555555555555556,0,-0.939692620785908
1563,0.666666666666667,0,-0.5
1563,0.777777777777778,0,0
1563,0.888888888888889,0,0
1563,1,0,0
1564,0,0,0
1564,0.111111111111111,0,0
1564,0.222222222222222,0,0
1564,0.333333333333333,0,-0.5
1564,0.444444444444444,0,-0.939692620785908
1564,0.555555555555556,0,-0.3839340505867
1564,0.666666666666667,0,-0.5
1564,0.777777777777778,0,0
1564,0.888888888888889,0,0
1564,1,0,0
1565,0,0,0
1565,0.111111111111111,0,0
1565,0.222222222222222,0,0
1565,0.333333333333333,0,-0.5
1565,0.444444444444444,0,-0.939692620785908
1565,0.555555555555556,0,-0.515194862735688
1565,0.666666666666667,0,-0.257602306282814
1565,0.777777777777778,0,0
1565,0.888888888888889,0,0
1565,1,0,0
1566,0,0,0
1566,0.111111111111111,0,0
1566,0.222222222222222,0,0
1566,0.333333333333333,0,-0.5
1566,0.444444444444444,0,-0.939692620785908
1566,0.555555555555556,0,-0.939692620785908
1566,0.666666666666667,0,-0.5
1566,0.777777777777778,0,0
1566,0.888888888888889,0,0
1566,1,0,0
1567,0,0,0
1567,0.111111111111111,0,0
1567,0.222222222222222,0,0
1567,0.333333333333333,0,-0.5
1567,0.444444444444444,0,-0.939692620785908
1567,0.555555555555556,0,-0.939692620785908
1567,0.666666666666667,0,-0.5
1567,0.777777777777778,0,0
1567,0.888888888888889,0,0
1567,1,0,0
1568,0,0,0
1568,0.111111111111111,0,0
1568,0.222222222222222,0,0
1568,0.333333333333333,0,-0.5
1568,0.444444444444444,0,-0.290998646597761
1568,0.555555555555556,0,-0.180604423145365
1568,0.666666666666667,0,0.267795123405276
1568,0.777777777777778,0,0
1568,0.888888888888889,0,0
1568,1,0,0
1569,0,0,0
1569,0.111111111111111,0,0
1569,0.222222222222222,0,0
1569,0.333333333333333,0,0.0478850236043094
1569,0.444444444444444,0,-0.11922819629936
1569,0.555555555555556,0,0.422994151469243
1569,0.666666666666667,0,0.295557811417873
1569,0.777777777777778,0.240086248946388,0
1569,0.888888888888889,0,0
1569,1,0,0
1570,0,0,0
1570,0.111111111111111,0,0
1570,0.222222222222222,0,0
1570,0.333333333333333,0,-0.5
1570,0.444444444444444,0,-0.939692620785908
1570,0.555555555555556,0,-0.666749417289375
1570,0.666666666666667,0,-0.5
1570,0.777777777777778,0,0
1570,0.888888888888889,0,0
1570,1,0,0
1571,0,0,0.514824672746984
1571,0.111111111111111,0,0
1571,0.222222222222222,0,0
1571,0.333333333333333,0,-0.0695452816709008
1571,0.444444444444444,0,0.112667303219163
1571,0.555555555555556,0,0.258413649161121
1571,0.666666666666667,0,0.036830268552947
1571,0.777777777777778,0,0
1571,0.888888888888889,0,0
1571,1,0,0
1572,0,0,0
1572,0.111111111111111,0,0
1572,0.222222222222222,0,0
1572,0.333333333333333,0,-0.5
1572,0.444444444444444,0,-0.939692620785908
1572,0.555555555555556,0,-0.939692620785908
1572,0.666666666666667,0,-0.5
1572,0.777777777777778,0,0
1572,0.888888888888889,0,0
1572,1,0,0
1573,0,0,0
1573,0.111111111111111,0,0
1573,0.222222222222222,0,0
1573,0.333333333333333,0,-0.5
1573,0.444444444444444,0,-0.939692620785908
1573,0.555555555555556,0,-0.939692620785908
1573,0.666666666666667,0,-0.5
1573,0.777777777777778,0,0
1573,0.888888888888889,0,0
1573,1,0,0
1574,0,0,0
1574,0.111111111111111,0,0
1574,0.222222222222222,0,0
1574,0.333333333333333,0,-0.5
1574,0.444444444444444,0,-0.320149063614852
1574,0.555555555555556,0,0.174554915803853
1574,0.666666666666667,0,-0.5
1574,0.777777777777778,0,0
1574,0.888888888888889,0,0
1574,1,0,0
1575,0,0,0
1575,0.111111111111111,0,0
1575,0.222222222222222,0,0
1575,0.333333333333333,0,-0.5
1575,0.444444444444444,0,-0.939692620785908
1575,0.555555555555556,0,-0.939692620785908
1575,0.666666666666667,0,-0.5
1575,0.777777777777778,0,0
1575,0.888888888888889,0,0
1575,1,0,0
1576,0,0,0
1576,0.111111111111111,0,0
1576,0.222222222222222,0,0
1576,0.333333333333333,0,-0.5
1576,0.444444444444444,0,-0.939692620785908
1576,0.555555555555556,0,-0.939692620785908
1576,0.666666666666667,0,-0.5
1576,0.777777777777778,0,0
1576,0.888888888888889,0,0
1576,1,0,0
1577,0,0,0
1577,0.111111111111111,0,0
1577,0.222222222222222,0,0
1577,0.333333333333333,0,-0.5
1577,0.444444444444444,0,-0.939692620785908
1577,0.555555555555556,0,-0.939692620785908
1577,0.666666666666667,0,-0.5
1577,0.777777777777778,0,0
1577,0.888888888888889,0,0
1577,1,0,0
1578,0,0,0
1578,0.111111111111111,0,0
1578,0.222222222222222,0,0
1578,0.333333333333333,0,-0.5
1578,0.444444444444444,0,-0.939692620785908
1578,0.555555555555556,0,-0.939692620785908
1578,0.666666666666667,0,-0.5
1578,0.777777777777778,0,0
1578,0.888888888888889,0,0
1578,1,0,0
1579,0,0,0
1579,0.111111111111111,0,0
1579,0.222222222222222,0,0
1579,0.333333333333333,0,-0.5
1579,0.444444444444444,0,-0.939692620785908
1579,0.555555555555556,0,-0.939692620785908
1579,0.666666666666667,0,-0.5
1579,0.777777777777778,0,0
1579,0.888888888888889,0,0
1579,1,0,0
1580,0,0,0
1580,0.111111111111111,0,0
1580,0.222222222222222,0,0
1580,0.333333333333333,0,-0.5
1580,0.444444444444444,0,-0.939692620785908
1580,0.555555555555556,0,-0.939692620785908
1580,0.666666666666667,0,-0.5
1580,0.777777777777778,0,0
1580,0.888888888888889,0,0
1580,1,0,0
1581,0,0,0
1581,0.111111111111111,0,0
1581,0.222222222222222,0,0
1581,0.333333333333333,0,-0.5
1581,0.444444444444444,0,-0.939692620785908
1581,0.555555555555556,0,-0.939692620785908
1581,0.666666666666667,0,-0.5
1581,0.777777777777778,0,0
1581,0.888888888888889,0,0
1581,1,0,0
1582,0,0,0
1582,0.111111111111111,0,0
1582,0.222222222222222,0,0
1582,0.333333333333333,0,-0.5
1582,0.444444444444444,0,-0.939692620785908
1582,0.555555555555556,0,-0.939692620785908
1582,0.666666666666667,0,-0.5
1582,0.777777777777778,0,0
1582,0.888888888888889,0,0
1582,1,0,0
1583,0,0,0
1583,0.111111111111111,0,0.333605989597017
1583,0.222222222222222,0,0
1583,0.333333333333333,0,0.0901056856824976
1583,0.444444444444444,0,0.082567614178667
1583,0.555555555555556,0,-0.272818170160503
1583,0.666666666666667,0,-0.5
1583,0.777777777777778,0,0
1583,0.888888888888889,0,0
1583,1,0,0
1584,0,0,0
1584,0.111111111111111,0,0
1584,0.222222222222222,0,0
1584,0.333333333333333,0,-0.5
1584,0.444444444444444,0,-0.939692620785908
1584,0.555555555555556,0,-0.939692620785908
1584,0.666666666666667,0,-0.5
1584,0.777777777777778,0,0
1584,0.888888888888889,0,0
1584,1,0,0
1585,0,0,0
1585,0.111111111111111,0,0
1585,0.222222222222222,0,0
1585,0.333333333333333,0,-0.5
1585,0.444444444444444,0,-0.939692620785908
1585,0.555555555555556,0,-0.939692620785908
1585,0.666666666666667,0,-0.5
1585,0.777777777777778,0,0
1585,0.888888888888889,0,0
1585,1,0,0
1586,0,0,0
1586,0.111111111111111,0,0
1586,0.222222222222222,0,0
1586,0.333333333333333,0,-0.5
1586,0.444444444444444,0,-0.939692620785908
1586,0.555555555555556,0,-0.939692620785908
1586,0.666666666666667,0,-0.5
1586,0.777777777777778,0,0
1586,0.888888888888889,0,0
1586,1,0,0
1587,0,0,0
1587,0.111111111111111,0,0
1587,0.222222222222222,0,0
1587,0.333333333333333,0,-0.5
1587,0.444444444444444,0,-0.939692620785908
1587,0.555555555555556,0,-0.939692620785908
1587,0.666666666666667,0,-0.5
1587,0.777777777777778,0,0
1587,0.888888888888889,0,0
1587,1,0,0
1588,0,0,0
1588,0.111111111111111,0,0
1588,0.222222222222222,0,0
1588,0.333333333333333,0,-0.5
1588,0.444444444444444,0,-0.939692620785908
1588,0.555555555555556,0,-0.939692620785908
1588,0.666666666666667,0,-0.5
1588,0.777777777777778,0,0
1588,0.888888888888889,0,0
1588,1,0,0
1589,0,0,0
1589,0.111111111111111,0,0
1589,0.222222222222222,0,0
1589,0.333333333333333,0,-0.5
1589,0.444444444444444,0,-0.458048368138106
1589,0.555555555555556,0,-0.939692620785908
1589,0.666666666666667,0,-0.5
1589,0.777777777777778,0,0
1589,0.888888888888889,0,0
1589,1,0,0
1590,0,0,0
1590,0.111111111111111,0,0
1590,0.222222222222222,0,0
1590,0.333333333333333,0,-0.5
1590,0.444444444444444,0,-0.939692620785908
1590,0.555555555555556,0,-0.939692620785908
1590,0.666666666666667,0,-0.5
1590,0.777777777777778,0,0
1590,0.888888888888889,0,0
1590,1,0,0
1591,0,0,0
1591,0.111111111111111,0,0
1591,0.222222222222222,0,0
1591,0.333333333333333,0,-0.5
1591,0.444444444444444,0,-0.939692620785908
1591,0.555555555555556,0,-0.939692620785908
1591,0.666666666666667,0,-0.5
1591,0.777777777777778,0,0
1591,0.888888888888889,0,0
1591,1,0,0
1592,0,0,0
1592,0.111111111111111,0,0
1592,0.222222222222222,0,0
1592,0.333333333333333,0,-0.5
1592,0.444444444444444,0,-0.939692620785908
1592,0.555555555555556,0,-0.939692620785908
1592,0.666666666666667,0,-0.5
1592,0.777777777777778,0,0
1592,0.888888888888889,0,0
1592,1,0,0
1593,0,0,0
1593,0.111111111111111,0,0
1593,0.222222222222222,0,0
1593,0.333333333333333,0,-0.5
1593,0.444444444444444,0,-0.476292078483217
1593,0.555555555555556,0,-0.219070905606361
1593,0.666666666666667,0,-0.5
1593,0.777777777777778,0,0
1593,0.888888888888889,0,0
1593,1,0,0
1594,0,0,0
1594,0.111111111111111,0,0
1594,0.222222222222222,0,0
1594,0.333333333333333,0,-0.0560927962030054
1594,0.444444444444444,0,0.107230490581247
1594,0.555555555555556,0,-0.0523519030087379
1594,0.666666666666667,0,0.243378306967549
1594,0.777777777777778,0,0
1594,0.888888888888889,0,0
1594,1,0,0
1595,0,0,0
1595,0.111111111111111,0,0
1595,0.222222222222222,0,0
1595,0.333333333333333,0,-0.5
1595,0.444444444444444,0,-0.939692620785908
1595,0.555555555555556,0,-0.939692620785908
1595,0.666666666666667,0,-0.5
1595,0.777777777777778,0,0
1595,0.888888888888889,0,0
1595,1,0,0
1596,0,0,0
1596,0.111111111111111,0,0
1596,0.222222222222222,0,0
1596,0.333333333333333,0,-0.5
1596,0.444444444444444,0,0.0331519356029941
1596,0.555555555555556,0,-0.224888589640305
1596,0.666666666666667,0,-0.5
1596,0.777777777777778,0,0
1596,0.888888888888889,0,0
1596,1,0,0
1597,0,0,0
1597,0.111111111111111,0,0
1597,0.222222222222222,0,0
1597,0.333333333333333,0,-0.5
1597,0.444444444444444,0,-0.939692620785908
1597,0.555555555555556,0,-0.939692620785908
1597,0.666666666666667,0,-0.5
1597,0.777777777777778,0,0
1597,0.888888888888889,0,0
1597,1,0,0
1598,0,0,0
1598,0.111111111111111,0,0
1598,0.222222222222222,0,0
1598,0.333333333333333,0,-0.5
1598,0.444444444444444,0,-0.496980185069607
1598,0.555555555555556,0,-0.242934594872039
1598,0.666666666666667,0,-0.5
1598,0.777777777777778,0,0
1598,0.888888888888889,0,0
1598,1,0,0
1599,0,0,0
1599,0.111111111111111,0,0
1599,0.222222222222222,0,0
1599,0.333333333333333,0,-0.5
1599,0.444444444444444,0,-0.939692620785908
1599,0.555555555555556,0,-0.939692620785908
1599,0.666666666666667,0,-0.5
1599,0.777777777777778,0,0
1599,0.888888888888889,0,0
1599,1,0,0
1600,0,0,0
1600,0.111111111111111,0,0
1600,0.222222222222222,0,0
1600,0.333333333333333,0,-0.5
1600,0.444444444444444,0,-0.939692620785908
1600,0.555555555555556,0,-0.939692620785908
1600,0.666666666666667,0,-0.5
1600,0.777777777777778,0,0
1600,0.888888888888889,0,0
1600,1,0,0
1601,0,-0.113605270389936,0
1601,0.111111111111111,0,0
1601,0.222222222222222,0,0
1601,0.333333333333333,0,-0.5
1601,0.444444444444444,0,-0.35846381489219
1601,0.555555555555556,0,-0.37222664995466
1601,0.666666666666667,0,-0.5
1601,0.777777777777778,0,0
1601,0.888888888888889,0,0
1601,1,0,0
1602,0,0,0
1602,0.111111111111111,0,0
1602,0.222222222222222,0,0
1602,0.333333333333333,0,-0.5
1602,0.444444444444444,0,-0.939692620785908
1602,0.555555555555556,0,-0.939692620785908
1602,0.666666666666667,0,-0.5
1602,0.777777777777778,0,0
1602,0.888888888888889,0,0
1602,1,0,0
1603,0,0,0
1603,0.111111111111111,0,0
1603,0.222222222222222,0,0
1603,0.333333333333333,0,0.260363154509873
1603,0.444444444444444,0,-0.0681183530627233
1603,0.555555555555556,0,0.0856611302307864
1603,0.666666666666667,0,0.154891775188373
1603,0.777777777777778,0,0.22032378960694
1603,0.888888888888889,0,0
1603,1,0,0
1604,0,0,0
1604,0.111111111111111,0,0
1604,0.222222222222222,0,0
1604,0.333333333333333,0,-0.5
1604,0.444444444444444,0,-0.644882383471519
1604,0.555555555555556,0,-0.404702877351885
1604,0.666666666666667,0,-0.5
1604,0.777777777777778,0,0
1604,0.888888888888889,0,0
1604,1,0,0
1605,0,0,0
1605,0.111111111111111,0,0
1605,0.222222222222222,0,0
1605,0.333333333333333,0,-0.5
1605,0.444444444444444,0,-0.939692620785908
1605,0.555555555555556,0,-0.939692620785908
1605,0.666666666666667,0,-0.5
1605,0.777777777777778,0,0
1605,0.888888888888889,0,0
1605,1,0,0
1606,0,0,0
1606,0.111111111111111,0,0
1606,0.222222222222222,0,0
1606,0.333333333333333,0,-0.5
1606,0.444444444444444,0,-0.570399078881621
1606,0.555555555555556,0,-0.939692620785908
1606,0.666666666666667,0,-0.5
1606,0.777777777777778,0,0
1606,0.888888888888889,0,0
1606,1,0,0
1607,0,0,0
1607,0.111111111111111,0,0
1607,0.222222222222222,0,0
1607,0.333333333333333,0,-0.5
1607,0.444444444444444,0,-0.939692620785908
1607,0.555555555555556,0,-0.939692620785908
1607,0.666666666666667,0,-0.5
1607,0.777777777777778,0,0
1607,0.888888888888889,0,0
1607,1,0,0
1608,0,0,0
1608,0.111111111111111,-0.159189340028648,0
1608,0.222222222222222,0,-0.426654120434364
1608,0.333333333333333,0,-0.5
1608,0.444444444444444,0,-0.939692620785908
1608,0.555555555555556,0,-0.3509988742182
1608,0.666666666666667,0,-0.5
1608,0.777777777777778,0,0
1608,0.888888888888889,0,0
1608,1,0,0
1609,0,0,0
1609,0.111111111111111,0,0
1609,0.222222222222222,0,0
1609,0.333333333333333,0,-0.5
1609,0.444444444444444,0,-0.0768657205838262
1609,0.555555555555556,0,0.0983038797258109
1609,0.666666666666667,0,-0.5
1609,0.777777777777778,0,0
1609,0.888888888888889,0,0
1609,1,0,0
1610,0,0,0
1610,0.111111111111111,0,0
1610,0.222222222222222,0,0
1610,0.333333333333333,0,-0.5
1610,0.444444444444444,0,-0.757289074422012
1610,0.555555555555556,0,-0.939692620785908
1610,0.666666666666667,0,-0.5
1610,0.777777777777778,0,0
1610,0.888888888888889,0,0
1610,1,0,0
1611,0,0,0
1611,0.111111111111111,0,0
1611,0.222222222222222,0,0
1611,0.333333333333333,0,-0.5
1611,0.444444444444444,0,-0.939692620785908
1611,0.555555555555556,0,-0.939692620785908
1611,0.666666666666667,0,-0.5
1611,0.777777777777778,0,0
1611,0.888888888888889,0,0
1611,1,0,0
1612,0,0,0
1612,0.111111111111111,0,0
1612,0.222222222222222,0,0
1612,0.333333333333333,0,-0.5
1612,0.444444444444444,0,-0.303592048451942
1612,0.555555555555556,0,-0.939692620785908
1612,0.666666666666667,0,-0.5
1612,0.777777777777778,0,0
1612,0.888888888888889,0,0
1612,1,0,0
1613,0,0,0
1613,0.111111111111111,0,0
1613,0.222222222222222,0,0
1613,0.333333333333333,0,-0.5
1613,0.444444444444444,0,-0.620621660048967
1613,0.555555555555556,0,-0.405275077644729
1613,0.666666666666667,0,-0.162405168461852
1613,0.777777777777778,0,0
1613,0.888888888888889,0,0
1613,1,0,0
1614,0,0,0
1614,0.111111111111111,0,0
1614,0.222222222222222,0,0
1614,0.333333333333333,0,-0.5
1614,0.444444444444444,0,-0.478713385822162
1614,0.555555555555556,0,-0.296615713564155
1614,0.666666666666667,0,-0.213573600694839
1614,0.777777777777778,0,0
1614,0.888888888888889,0,0
1614,1,0,0
1615,0,0,0
1615,0.111111111111111,0,0
1615,0.222222222222222,0,0
1615,0.333333333333333,0,-0.5
1615,0.444444444444444,0,-0.512897018265197
1615,0.555555555555556,0,-0.939692620785908
1615,0.666666666666667,0,-0.5
1615,0.777777777777778,0,0
1615,0.888888888888889,0,0
1615,1,0,0
1616,0,0,0
1616,0.111111111111111,0,0
1616,0.222222222222222,0,0
1616,0.333333333333333,0,-0.5
1616,0.444444444444444,0,-0.299559404524538
1616,0.555555555555556,0,0.0755116815978978
1616,0.666666666666667,0,-0.167521774438696
1616,0.777777777777778,0,0
1616,0.888888888888889,0,0
1616,1,0,0
1617,0,0,0
1617,0.111111111111111,0,0
1617,0.222222222222222,0,0
1617,0.333333333333333,0,-0.5
1617,0.444444444444444,0,-0.939692620785908
1617,0.555555555555556,0,-0.939692620785908
1617,0.666666666666667,0,-0.5
1617,0.777777777777778,0,0
1617,0.888888888888889,0,0
1617,1,0,0
1618,0,0,0
1618,0.111111111111111,0,0
1618,0.222222222222222,0,0
1618,0.333333333333333,0,-0.5
1618,0.444444444444444,0,-0.939692620785908
1618,0.555555555555556,0,0.162425682534223
1618,0.666666666666667,0,-0.5
1618,0.777777777777778,0,0
1618,0.888888888888889,0,0
1618,1,0,0
1619,0,0,0
1619,0.111111111111111,0,0
1619,0.222222222222222,0,0
1619,0.333333333333333,0,-0.5
1619,0.444444444444444,0,-0.221273251109541
1619,0.555555555555556,0,-0.939692620785908
1619,0.666666666666667,0,-0.5
1619,0.777777777777778,0,0
1619,0.888888888888889,0,0
1619,1,0,0
1620,0,0,0
1620,0.111111111111111,0,0
1620,0.222222222222222,0,0
1620,0.333333333333333,0,-0.5
1620,0.444444444444444,0,-0.410771781865354
1620,0.555555555555556,0,-0.570448642277988
1620,0.666666666666667,0,-0.5
1620,0.777777777777778,0,0
1620,0.888888888888889,0,0
1620,1,0,0
1621,0,0,0
1621,0.111111111111111,0,0
1621,0.222222222222222,0,0
1621,0.333333333333333,0,-0.5
1621,0.444444444444444,0.068304075950234,-0.300219960447007
1621,0.555555555555556,0,-0.228404510344044
1621,0.666666666666667,0.170178716771456,-0.5
1621,0.777777777777778,0,0
1621,0.888888888888889,0,0
1621,1,0,0
1622,0,0,0
1622,0.111111111111111,0,0
1622,0.222222222222222,0,0
1622,0.333333333333333,0,-0.5
1622,0.444444444444444,0,-0.170278001507858
1622,0.555555555555556,0,-0.298349601880708
1622,0.666666666666667,0,-0.5
1622,0.777777777777778,0,0
1622,0.888888888888889,0,0
1622,1,0,0
1623,0,0,0
1623,0.111111111111111,0,0
1623,0.222222222222222,0,0
1623,0.333333333333333,0,-0.5
1623,0.444444444444444,0,-0.939692620785908
1623,0.555555555555556,0,-0.939692620785908
1623,0.666666666666667,0,-0.5
1623,0.777777777777778,0,0
1623,0.888888888888889,0,0
1623,1,0,0
1624,0,0,0
1624,0.111111111111111,0,0
1624,0.222222222222222,0,0
1624,0.333333333333333,0,-0.5
1624,0.444444444444444,0,-0.939692620785908
1624,0.555555555555556,0,-0.939692620785908
1624,0.666666666666667,0,-0.5
1624,0.777777777777778,0,0
1624,0.888888888888889,0,0
1624,1,0,0
1625,0,0,0
1625,0.111111111111111,0,0
1625,0.222222222222222,0,0
1625,0.333333333333333,0,-0.5
1625,0.444444444444444,0,-0.939692620785908
1625,0.555555555555556,0,-0.939692620785908
1625,0.666666666666667,0,-0.5
1625,0.777777777777778,0,0
1625,0.888888888888889,0,0
1625,1,0,0
1626,0,0,0
1626,0.111111111111111,0,0
1626,0.222222222222222,0,0
1626,0.333333333333333,0,-0.5
1626,0.444444444444444,0,-0.939692620785908
1626,0.555555555555556,0,-0.939692620785908
1626,0.666666666666667,0,-0.5
1626,0.777777777777778,0,0
1626,0.888888888888889,0,0
1626,1,0,0
1627,0,0,0
1627,0.111111111111111,0,0
1627,0.222222222222222,0,0
1627,0.333333333333333,0,-0.5
1627,0.444444444444444,0,-0.939692620785908
1627,0.555555555555556,0,-0.939692620785908
1627,0.666666666666667,0,-0.5
1627,0.777777777777778,0,0
1627,0.888888888888889,0,0
1627,1,0,0
1628,0,0,0
1628,0.111111111111111,0,0
1628,0.222222222222222,0,0
1628,0.333333333333333,0,-0.5
1628,0.444444444444444,0,-0.939692620785908
1628,0.555555555555556,0,-0.939692620785908
1628,0.666666666666667,0,-0.5
1628,0.777777777777778,0,0
1628,0.888888888888889,0,0
1628,1,0,0
1629,0,0,0
1629,0.111111111111111,0,0
1629,0.222222222222222,0,0
1629,0.333333333333333,0,-0.5
1629,0.444444444444444,0,-0.939692620785908
1629,0.555555555555556,0,-0.939692620785908
1629,0.666666666666667,0,-0.5
1629,0.777777777777778,0,0
1629,0.888888888888889,0,0
1629,1,0,0
1630,0,0,0
1630,0.111111111111111,0,0
1630,0.222222222222222,0,0
1630,0.333333333333333,0,-0.5
1630,0.444444444444444,0,-0.939692620785908
1630,0.555555555555556,0,-0.939692620785908
1630,0.666666666666667,0,-0.5
1630,0.777777777777778,0,0
1630,0.888888888888889,0,0
1630,1,0,0
1631,0,0,0
1631,0.111111111111111,-0.134578559713234,0
1631,0.222222222222222,0,0
1631,0.333333333333333,0,-0.5
1631,0.444444444444444,0,0.034317232155359
1631,0.555555555555556,0,-0.238828759618716
1631,0.666666666666667,0,-0.5
1631,0.777777777777778,0,0
1631,0.888888888888889,0,0
1631,1,-0.251469214555171,0
1632,0,0,0
1632,0.111111111111111,0,0
1632,0.222222222222222,0,0
1632,0.333333333333333,0,-0.5
1632,0.444444444444444,0,-0.939692620785908
1632,0.555555555555556,0,-0.11494850246963
1632,0.666666666666667,0,-0.5
1632,0.777777777777778,0,0
1632,0.888888888888889,0,0
1632,1,0,0
1633,0,0,0
1633,0.111111111111111,0,0
1633,0.222222222222222,0,0
1633,0.333333333333333,0,-0.5
1633,0.444444444444444,0,-0.939692620785908
1633,0.555555555555556,0,-0.939692620785908
1633,0.666666666666667,0,-0.5
1633,0.777777777777778,0,0
1633,0.888888888888889,0,0
1633,1,0,0
1634,0,0,0
1634,0.111111111111111,0,0
1634,0.222222222222222,0,0
1634,0.333333333333333,0,-0.5
1634,0.444444444444444,0,-0.0582571495318425
1634,0.555555555555556,0,-0.939692620785908
1634,0.666666666666667,0,-0.5
1634,0.777777777777778,0,0
1634,0.888888888888889,0,0
1634,1,0,0
1635,0,0,0
1635,0.111111111111111,0,0
1635,0.222222222222222,0,0
1635,0.333333333333333,0,-0.245938459875775
1635,0.444444444444444,0,0.0195264453621147
1635,0.555555555555556,0.632719176234372,-0.939692620785908
1635,0.666666666666667,0.190958213445866,-0.5
1635,0.777777777777778,0,0
1635,0.888888888888889,0,0
1635,1,0,0
1636,0,0,0
1636,0.111111111111111,0,0
1636,0.222222222222222,0,0
1636,0.333333333333333,0,-0.5
1636,0.444444444444444,0,0.0566911199809587
1636,0.555555555555556,0,-0.288619843024755
1636,0.666666666666667,0,0.386720417513607
1636,0.777777777777778,-0.187823631423362,0
1636,0.888888888888889,0,0
1636,1,0,0
1637,0,0,0
1637,0.111111111111111,0,0
1637,0.222222222222222,0,0
1637,0.333333333333333,0,-0.5
1637,0.444444444444444,0,0.138494365143195
1637,0.555555555555556,0,0.0433330437837584
1637,0.666666666666667,0,-0.116678231643328
1637,0.777777777777778,0,0
1637,0.888888888888889,0,0
1637,1,0,0
1638,0,0,0
1638,0.111111111111111,0,0
1638,0.222222222222222,0,0
1638,0.333333333333333,0.275075447091523,-0.5
1638,0.444444444444444,0,0.0584498848462647
1638,0.555555555555556,0.480661777805641,-0.939692620785908
1638,0.666666666666667,0,-0.5
1638,0.777777777777778,0,0
1638,0.888888888888889,0,0
1638,1,0,0
1639,0,0,0
1639,0.111111111111111,0,0
1639,0.222222222222222,0,0
1639,0.333333333333333,0,0.0655020110670898
1639,0.444444444444444,0,-0.224010366077279
1639,0.555555555555556,0,0.206954670245925
1639,0.666666666666667,0,-0.5
1639,0.777777777777778,0,0
1639,0.888888888888889,0,0
1639,1,0,0
1640,0,0,0
1640,0.111111111111111,0,0
1640,0.222222222222222,0,0
1640,0.333333333333333,0,-0.5
1640,0.444444444444444,0,-0.939692620785908
1640,0.555555555555556,0,-0.939692620785908
1640,0.666666666666667,0,-0.5
1640,0.777777777777778,0,0
1640,0.888888888888889,0,0
1640,1,0,0
1641,0,0,0
1641,0.111111111111111,0,0
1641,0.222222222222222,0,0
1641,0.333333333333333,0,-0.5
1641,0.444444444444444,0,-0.160550451506105
1641,0.555555555555556,0,-0.176305851507823
1641,0.666666666666667,0,-0.5
1641,0.777777777777778,0,0
1641,0.888888888888889,0,0
1641,1,0,0
1642,0,0,0
1642,0.111111111111111,0,0
1642,0.222222222222222,0,0
1642,0.333333333333333,0,-0.5
1642,0.444444444444444,0,-0.129162196487596
1642,0.555555555555556,0,-0.106977368238281
1642,0.666666666666667,0,-0.5
1642,0.777777777777778,0,0
1642,0.888888888888889,0,0
1642,1,0,0
1643,0,0,0
1643,0.111111111111111,0,0
1643,0.222222222222222,0,0
1643,0.333333333333333,0,-0.5
1643,0.444444444444444,0,-0.939692620785908
1643,0.555555555555556,0,-0.939692620785908
1643,0.666666666666667,0,-0.5
1643,0.777777777777778,0,0
1643,0.888888888888889,0,0
1643,1,0,0
1644,0,0,0
1644,0.111111111111111,0,0
1644,0.222222222222222,0,0
1644,0.333333333333333,0,-0.5
1644,0.444444444444444,0,-0.939692620785908
1644,0.555555555555556,0,-0.939692620785908
1644,0.666666666666667,0,-0.5
1644,0.777777777777778,0,0
1644,0.888888888888889,0,0
1644,1,0,0
1645,0,0,0
1645,0.111111111111111,0,0
1645,0.222222222222222,0,0
1645,0.333333333333333,0,-0.5
1645,0.444444444444444,0,-0.939692620785908
1645,0.555555555555556,0,-0.939692620785908
1645,0.666666666666667,0,-0.5
1645,0.777777777777778,0,0
1645,0.888888888888889,0,0
1645,1,0,0
1646,0,0,0
1646,0.111111111111111,0,0
1646,0.222222222222222,0,0
1646,0.333333333333333,0,-0.5
1646,0.444444444444444,0,-0.939692620785908
1646,0.555555555555556,0,-0.939692620785908
1646,0.666666666666667,0,-0.5
1646,0.777777777777778,0,0
1646,0.888888888888889,0,0
1646,1,0,0
1647,0,0,0
1647,0.111111111111111,0,0
1647,0.222222222222222,0,0
1647,0.333333333333333,0,-0.5
1647,0.444444444444444,0,-0.939692620785908
1647,0.555555555555556,0,-0.939692620785908
1647,0.666666666666667,0,-0.5
1647,0.777777777777778,0,0
1647,0.888888888888889,0,0
1647,1,0,0
1648,0,0,0
1648,0.111111111111111,0,0
1648,0.222222222222222,0,0
1648,0.333333333333333,0,-0.5
1648,0.444444444444444,0,-0.939692620785908
1648,0.555555555555556,0,-0.939692620785908
1648,0.666666666666667,0,-0.5
1648,0.777777777777778,0,0
1648,0.888888888888889,0,0
1648,1,0,0
1649,0,0,0
1649,0.111111111111111,0,0
1649,0.222222222222222,0,0
1649,0.333333333333333,0,-0.5
1649,0.444444444444444,0,-0.939692620785908
1649,0.555555555555556,0,-0.939692620785908
1649,0.666666666666667,0,-0.5
1649,0.777777777777778,0,0
1649,0.888888888888889,0,0
1649,1,0,0
1650,0,0,0
1650,0.111111111111111,0,0
1650,0.222222222222222,0,0
1650,0.333333333333333,0,-0.5
1650,0.444444444444444,0,-0.939692620785908
1650,0.555555555555556,0,-0.939692620785908
1650,0.666666666666667,0,-0.5
1650,0.777777777777778,0,0
1650,0.888888888888889,0,0
1650,1,0,0
1651,0,0,0
1651,0.111111111111111,0,0
1651,0.222222222222222,0,0
1651,0.333333333333333,0,0.140986633841684
1651,0.444444444444444,0,-0.303931651984793
1651,0.555555555555556,0,-0.229592110435748
1651,0.666666666666667,0,-0.5
1651,0.777777777777778,0,0
1651,0.888888888888889,0,0
1651,1,0,0
1652,0,0,0
1652,0.111111111111111,0,0
1652,0.222222222222222,0,0
1652,0.333333333333333,0,-0.5
1652,0.444444444444444,0,-0.939692620785908
1652,0.555555555555556,0,-0.939692620785908
1652,0.666666666666667,0,-0.5
1652,0.777777777777778,0,0
1652,0.888888888888889,0,0
1652,1,0,0
1653,0,0,0
1653,0.111111111111111,0,0
1653,0.222222222222222,0.206196459075914,0
1653,0.333333333333333,0,-0.5
1653,0.444444444444444,0,-0.416176988204377
1653,0.555555555555556,0,0.145054464878576
1653,0.666666666666667,0.22479403245558,-0.5
1653,0.777777777777778,0,0
1653,0.888888888888889,0,0
1653,1,0,0
1654,0,0,0
1654,0.111111111111111,0,0
1654,0.222222222222222,0,0
1654,0.333333333333333,0,-0.5
1654,0.444444444444444,0,-0.939692620785908
1654,0.555555555555556,0,-0.939692620785908
1654,0.666666666666667,0,-0.5
1654,0.777777777777778,0,0
1654,0.888888888888889,0,0
1654,1,0,0
1655,0,0,0
1655,0.111111111111111,0,0
1655,0.222222222222222,0,0
1655,0.333333333333333,0,0.498476686796424
1655,0.444444444444444,0,0.109521383746011
1655,0.555555555555556,0,-0.117251315536138
1655,0.666666666666667,0,0.00223211817506164
1655,0.777777777777778,0,0
1655,0.888888888888889,0,0
1655,1,0,0
1656,0,0,0
1656,0.111111111111111,0,0
1656,0.222222222222222,0,0
1656,0.333333333333333,0,-0.5
1656,0.444444444444444,0,-0.939692620785908
1656,0.555555555555556,0,-0.939692620785908
1656,0.666666666666667,0,-0.5
1656,0.777777777777778,0,0
1656,0.888888888888889,0,0
1656,1,0,0
1657,0,0,0
1657,0.111111111111111,0,0
1657,0.222222222222222,0,0
1657,0.333333333333333,0,-0.282036587671744
1657,0.444444444444444,0,0.204277060942526
1657,0.555555555555556,0,-0.293250399429802
1657,0.666666666666667,0,-0.5
1657,0.777777777777778,0,0
1657,0.888888888888889,0,0
1657,1,0,0
1658,0,0,0
1658,0.111111111111111,0,0
1658,0.222222222222222,0,0
1658,0.333333333333333,0,-0.5
1658,0.444444444444444,0,-0.939692620785908
1658,0.555555555555556,0,-0.939692620785908
1658,0.666666666666667,0,-0.5
1658,0.777777777777778,0,0
1658,0.888888888888889,0,0
1658,1,0,0
1659,0,0,0
1659,0.111111111111111,0,0
1659,0.222222222222222,0,0
1659,0.333333333333333,0,-0.5
1659,0.444444444444444,0,-0.939692620785908
1659,0.555555555555556,0,-0.939692620785908
1659,0.666666666666667,0,-0.5
1659,0.777777777777778,0,0
1659,0.888888888888889,0,0
1659,1,0,0
1660,0,0,0
1660,0.111111111111111,0,0
1660,0.222222222222222,0,0
1660,0.333333333333333,0.118229253210109,-0.5
1660,0.444444444444444,0,-0.325524781164557
1660,0.555555555555556,0,0.13207940656746
1660,0.666666666666667,0,-0.15738365087166
1660,0.777777777777778,0,0
1660,0.888888888888889,0,0
1660,1,0,0
1661,0,0,0
1661,0.111111111111111,0,0
1661,0.222222222222222,0,0
1661,0.333333333333333,0,-0.5
1661,0.444444444444444,0,-0.939692620785908
1661,0.555555555555556,0,-0.939692620785908
1661,0.666666666666667,0,-0.5
1661,0.777777777777778,0,0
1661,0.888888888888889,0,0
1661,1,0,0
1662,0,0,0
1662,0.111111111111111,0,0
1662,0.222222222222222,0,0
1662,0.333333333333333,0,0.0989387433174984
1662,0.444444444444444,0,0.114602657105892
1662,0.555555555555556,0,0.0725909796917992
1662,0.666666666666667,0,-0.5
1662,0.777777777777778,0,0
1662,0.888888888888889,0,0
1662,1,0.191284205550295,0
1663,0,0,0
1663,0.111111111111111,0,0
1663,0.222222222222222,0,0
1663,0.333333333333333,0,-0.5
1663,0.444444444444444,0,-0.939692620785908
1663,0.555555555555556,0,-0.939692620785908
1663,0.666666666666667,0,-0.5
1663,0.777777777777778,0,0
1663,0.888888888888889,0,0
1663,1,0,0
1664,0,0,0
1664,0.111111111111111,0,0
1664,0.222222222222222,0,0
1664,0.333333333333333,0,-0.5
1664,0.444444444444444,0,-0.939692620785908
1664,0.555555555555556,0,-0.630039608488655
1664,0.666666666666667,0,-0.5
1664,0.777777777777778,0,0
1664,0.888888888888889,0,0
1664,1,0,0
1665,0,0,0
1665,0.111111111111111,0,0
1665,0.222222222222222,-0.152915361370531,0
1665,0.333333333333333,0,-0.5
1665,0.444444444444444,0,-0.113483791747073
1665,0.555555555555556,0,-0.316851074921832
1665,0.666666666666667,0,-0.5
1665,0.777777777777778,0,0
1665,0.888888888888889,0,0
1665,1,0,0
1666,0,0,0
1666,0.111111111111111,0,0
1666,0.222222222222222,0,0
1666,0.333333333333333,0,-0.5
1666,0.444444444444444,0,-0.939692620785908
1666,0.555555555555556,0,-0.939692620785908
1666,0.666666666666667,0,-0.5
1666,0.777777777777778,0,0
1666,0.888888888888889,0,0
1666,1,0,0
1667,0,0,0
1667,0.111111111111111,0,0
1667,0.222222222222222,0,0
1667,0.333333333333333,0,-0.5
1667,0.444444444444444,0,-0.939692620785908
1667,0.555555555555556,0,-0.939692620785908
1667,0.666666666666667,0,-0.5
1667,0.777777777777778,0,0
1667,0.888888888888889,0,0
1667,1,0,0
1668,0,0,0
1668,0.111111111111111,0,0
1668,0.222222222222222,0,0
1668,0.333333333333333,0,-0.5
1668,0.444444444444444,0,-0.164714305259575
1668,0.555555555555556,0,-0.241641042928709
1668,0.666666666666667,0,-0.139303507402109
1668,0.777777777777778,0,0
1668,0.888888888888889,0,0
1668,1,0,0
1669,0,0,0
1669,0.111111111111111,0,0
1669,0.222222222222222,0,0
1669,0.333333333333333,0,-0.5
1669,0.444444444444444,0,-0.939692620785908
1669,0.555555555555556,0,-0.939692620785908
1669,0.666666666666667,0,-0.5
1669,0.777777777777778,0,0
1669,0.888888888888889,0,0
1669,1,0,0
1670,0,0,0
1670,0.111111111111111,0,0
1670,0.222222222222222,0,0
1670,0.333333333333333,0,-0.5
1670,0.444444444444444,0.185334106059376,-0.939692620785908
1670,0.555555555555556,0,-0.408504862826878
1670,0.666666666666667,0,-0.125066059663876
1670,0.777777777777778,0,0
1670,0.888888888888889,0,0
1670,1,0,0
1671,0,0,0
1671,0.111111111111111,0,0
1671,0.222222222222222,0.080783799217823,0
1671,0.333333333333333,0.33593807068607,-0.5
1671,0.444444444444444,0.259869998023117,-0.567464827319061
1671,0.555555555555556,0.506867000426324,-0.939692620785908
1671,0.666666666666667,0.17309754220934,-0.5
1671,0.777777777777778,0,0
1671,0.888888888888889,0,0
1671,1,0.239913907831217,0
1672,0,0,0
1672,0.111111111111111,0,0
1672,0.222222222222222,0,0
1672,0.333333333333333,0,-0.233611864030595
1672,0.444444444444444,0,0.11847347731092
1672,0.555555555555556,0,0.38731162158399
1672,0.666666666666667,0,0.069797965550691
1672,0.777777777777778,0,0
1672,0.888888888888889,0,0
1672,1,0,0.494628064874223
1673,0,0,0
1673,0.111111111111111,0,0
1673,0.222222222222222,0,0
1673,0.333333333333333,0,-0.5
1673,0.444444444444444,0,-0.214104588888949
1673,0.555555555555556,0,-0.434392294254177
1673,0.666666666666667,0,-0.5
1673,0.777777777777778,0,0
1673,0.888888888888889,0.137806608296904,0
1673,1,0,0
1674,0,0.134026412067085,0
1674,0.111111111111111,0.087976608460182,0
1674,0.222222222222222,0,0
1674,0.333333333333333,0,0.0200867294032633
1674,0.444444444444444,0,0.0609843934162603
1674,0.555555555555556,0,-0.370751637766893
1674,0.666666666666667,0,-0.5
1674,0.777777777777778,0,0
1674,0.888888888888889,0,0
1674,1,0,0
1675,0,0,0
1675,0.111111111111111,0,0
1675,0.222222222222222,0,0
1675,0.333333333333333,0,-0.5
1675,0.444444444444444,0,-0.939692620785908
1675,0.555555555555556,0,-0.939692620785908
1675,0.666666666666667,0,-0.5
1675,0.777777777777778,0,0
1675,0.888888888888889,0,0
1675,1,0,0
1676,0,0,0
1676,0.111111111111111,0,0
1676,0.222222222222222,0,0
1676,0.333333333333333,0,-0.5
1676,0.444444444444444,0,-0.939692620785908
1676,0.555555555555556,0,-0.939692620785908
1676,0.666666666666667,0,-0.5
1676,0.777777777777778,0,0
1676,0.888888888888889,0,0
1676,1,0,0
1677,0,0,0
1677,0.111111111111111,0,0
1677,0.222222222222222,0,0
1677,0.333333333333333,0,-0.5
1677,0.444444444444444,0,-0.939692620785908
1677,0.555555555555556,0,-0.939692620785908
1677,0.666666666666667,0,-0.5
1677,0.777777777777778,0,0
1677,0.888888888888889,0,0
1677,1,0,0
1678,0,0,0
1678,0.111111111111111,0,0
1678,0.222222222222222,0,0
1678,0.333333333333333,0,-0.5
1678,0.444444444444444,0,-0.580913985630189
1678,0.555555555555556,0.159927353099967,-0.939692620785908
1678,0.666666666666667,0,-0.5
1678,0.777777777777778,0,0
1678,0.888888888888889,0,0
1678,1,0,0
1679,0,0,0
1679,0.111111111111111,0,0
1679,0.222222222222222,0,0
1679,0.333333333333333,0,-0.176236549562353
1679,0.444444444444444,0,-0.277353844025177
1679,0.555555555555556,0.250985016405427,-0.364685103125057
1679,0.666666666666667,0.206375036756057,-0.352250054221757
1679,0.777777777777778,0,0
1679,0.888888888888889,0,0
1679,1,0,0
1680,0,0,0
1680,0.111111111111111,0,0
1680,0.222222222222222,0,0
1680,0.333333333333333,0,-0.5
1680,0.444444444444444,0,-0.191684113786781
1680,0.555555555555556,0,-0.302497741248984
1680,0.666666666666667,0,-0.5
1680,0.777777777777778,0,0
1680,0.888888888888889,0,0
1680,1,0,0
1681,0,0,0
1681,0.111111111111111,0,0
1681,0.222222222222222,0,0
1681,0.333333333333333,0,-0.5
1681,0.444444444444444,0,-0.260733637366385
1681,0.555555555555556,0,-0.0986116498267018
1681,0.666666666666667,0,-0.5
1681,0.777777777777778,0,0
1681,0.888888888888889,0,0
1681,1,0,0
1682,0,0,0
1682,0.111111111111111,0,0
1682,0.222222222222222,0,0
1682,0.333333333333333,0,-0.5
1682,0.444444444444444,0,-0.0635894722159126
1682,0.555555555555556,0,-0.0668002363471453
1682,0.666666666666667,0,-0.5
1682,0.777777777777778,0,0
1682,0.888888888888889,0,0
1682,1,0,0
1683,0,0,0
1683,0.111111111111111,0,0
1683,0.222222222222222,0,0
1683,0.333333333333333,0,-0.5
1683,0.444444444444444,0,-0.0472519209529141
1683,0.555555555555556,0,-0.0376023355372208
1683,0.666666666666667,0,-0.5
1683,0.777777777777778,0,0
1683,0.888888888888889,0,0
1683,1,0,0
1684,0,0,-0.36156499922143
1684,0.111111111111111,0,0
1684,0.222222222222222,0,0
1684,0.333333333333333,0,-0.169775262951376
1684,0.444444444444444,0,-0.353054545982601
1684,0.555555555555556,0,-0.219101426042048
1684,0.666666666666667,0,-0.32342277842516
1684,0.777777777777778,0,0
1684,0.888888888888889,0,0
1684,1,0,0
1685,0,0,0
1685,0.111111111111111,0,0
1685,0.222222222222222,0,0
1685,0.333333333333333,0,-0.5
1685,0.444444444444444,0,-0.609881293049075
1685,0.555555555555556,0,0.266834882996186
1685,0.666666666666667,0,0.0405627336173684
1685,0.777777777777778,0,0
1685,0.888888888888889,0,0
1685,1,0,0
1686,0,0,0
1686,0.111111111111111,0,0
1686,0.222222222222222,0,0
1686,0.333333333333333,0,-0.5
1686,0.444444444444444,0,-0.0211094230114712
1686,0.555555555555556,0,-0.410286118028844
1686,0.666666666666667,0,-0.286289300740389
1686,0.777777777777778,0,0
1686,0.888888888888889,0,0
1686,1,0,0
1687,0,0,0
1687,0.111111111111111,0,0
1687,0.222222222222222,0,0
1687,0.333333333333333,0,-0.5
1687,0.444444444444444,0,-0.501553005075993
1687,0.555555555555556,0,-0.939692620785908
1687,0.666666666666667,0,-0.5
1687,0.777777777777778,0,0
1687,0.888888888888889,0,0
1687,1,0,0
1688,0,0,0
1688,0.111111111111111,0,0
1688,0.222222222222222,0,0
1688,0.333333333333333,0,-0.5
1688,0.444444444444444,0,-0.939692620785908
1688,0.555555555555556,0,-0.939692620785908
1688,0.666666666666667,0,-0.5
1688,0.777777777777778,0,0
1688,0.888888888888889,0,0
1688,1,0,0
1689,0,0,0
1689,0.111111111111111,0,0
1689,0.222222222222222,0,0
1689,0.333333333333333,0,-0.5
1689,0.444444444444444,0,-0.939692620785908
1689,0.555555555555556,0,-0.939692620785908
1689,0.666666666666667,0,-0.5
1689,0.777777777777778,0,0
1689,0.888888888888889,0,0
1689,1,0,0
1690,0,0,0
1690,0.111111111111111,0,0
1690,0.222222222222222,0,0
1690,0.333333333333333,0,-0.5
1690,0.444444444444444,0,-0.939692620785908
1690,0.555555555555556,0,-0.939692620785908
1690,0.666666666666667,0,-0.5
1690,0.777777777777778,0,0
1690,0.888888888888889,0,0
1690,1,0,0
1691,0,0,0
1691,0.111111111111111,0,0
1691,0.222222222222222,0,0
1691,0.333333333333333,0,-0.5
1691,0.444444444444444,0,-0.939692620785908
1691,0.555555555555556,0,-0.939692620785908
1691,0.666666666666667,0,-0.5
1691,0.777777777777778,0,0
1691,0.888888888888889,0,0
1691,1,0,0
1692,0,0,0
1692,0.111111111111111,0,0
1692,0.222222222222222,0,0
1692,0.333333333333333,0,-0.5
1692,0.444444444444444,0,-0.506552543180455
1692,0.555555555555556,0,-0.0435656079374126
1692,0.666666666666667,0,-0.5
1692,0.777777777777778,0,0
1692,0.888888888888889,0,0
1692,1,0,0
1693,0,0,0
1693,0.111111111111111,0,0
1693,0.222222222222222,0,0
1693,0.333333333333333,0,0.00736309835228449
1693,0.444444444444444,0,-0.525306535329213
1693,0.555555555555556,0,-0.445916429953447
1693,0.666666666666667,0,-0.328278040368312
1693,0.777777777777778,0,0
1693,0.888888888888889,0,0
1693,1,0,0
1694,0,0,0
1694,0.111111111111111,0,0
1694,0.222222222222222,0,0
1694,0.333333333333333,0,-0.5
1694,0.444444444444444,0,-0.369099841310593
1694,0.555555555555556,0,-0.203236512903432
1694,0.666666666666667,0,-0.5
1694,0.777777777777778,0,0
1694,0.888888888888889,0,0
1694,1,0,0
1695,0,0,0
1695,0.111111111111111,0,0
1695,0.222222222222222,0,0
1695,0.333333333333333,0,0.0395954088197665
1695,0.444444444444444,0,-0.0875088988180461
1695,0.555555555555556,0,-0.119677503015597
1695,0.666666666666667,0,-0.5
1695,0.777777777777778,0,0
1695,0.888888888888889,0,0
1695,1,0,0
1696,0,0,0
1696,0.111111111111111,0,0
1696,0.222222222222222,0,0
1696,0.333333333333333,0,-0.5
1696,0.444444444444444,0,-0.939692620785908
1696,0.555555555555556,0,-0.939692620785908
1696,0.666666666666667,0,-0.5
1696,0.777777777777778,0,0
1696,0.888888888888889,0,0
1696,1,0,0
1697,0,0,0
1697,0.111111111111111,0,0
1697,0.222222222222222,0,0
1697,0.333333333333333,0,-0.5
1697,0.444444444444444,0,-0.939692620785908
1697,0.555555555555556,0,-0.939692620785908
1697,0.666666666666667,0,-0.5
1697,0.777777777777778,0,0
1697,0.888888888888889,0,0
1697,1,0,0
1698,0,0,0
1698,0.111111111111111,0,0
1698,0.222222222222222,0,0
1698,0.333333333333333,0,-0.5
1698,0.444444444444444,0,-0.39976490775562
1698,0.555555555555556,0,-0.387416031168507
1698,0.666666666666667,0,-0.5
1698,0.777777777777778,0,0
1698,0.888888888888889,0,0
1698,1,0,0
1699,0,0,0
1699,0.111111111111111,0,0
1699,0.222222222222222,0,0
1699,0.333333333333333,0,-0.5
1699,0.444444444444444,0,-0.939692620785908
1699,0.555555555555556,0,-0.939692620785908
1699,0.666666666666667,0,-0.5
1699,0.777777777777778,0,0
1699,0.888888888888889,0,0
1699,1,0,0
1700,0,0,0
1700,0.111111111111111,0,0
1700,0.222222222222222,0,0
1700,0.333333333333333,0,0.0830659070361028
1700,0.444444444444444,0,-0.379124832549681
1700,0.555555555555556,0,-0.558074430847891
1700,0.666666666666667,0,-0.5
1700,0.777777777777778,0,0
1700,0.888888888888889,0,0
1700,1,0,0
1701,0,0,0
1701,0.111111111111111,0,0
1701,0.222222222222222,0,0
1701,0.333333333333333,0,-0.5
1701,0.444444444444444,0.368662891937211,-0.939692620785908
1701,0.555555555555556,0.414940505320751,-0.468914133571503
1701,0.666666666666667,0,-0.5
1701,0.777777777777778,0,0
1701,0.888888888888889,0,0
1701,1,0,0
1702,0,0,0
1702,0.111111111111111,0,0
1702,0.222222222222222,0,0
1702,0.333333333333333,0,-0.5
1702,0.444444444444444,0,-0.939692620785908
1702,0.555555555555556,0,-0.282530882423667
1702,0.666666666666667,0,-0.5
1702,0.777777777777778,0,0
1702,0.888888888888889,0,0
1702,1,0,0
1703,0,0,0
1703,0.111111111111111,0,0
1703,0.222222222222222,0,0
1703,0.333333333333333,0,-0.5
1703,0.444444444444444,0,-0.939692620785908
1703,0.555555555555556,0,-0.939692620785908
1703,0.666666666666667,0,-0.5
1703,0.777777777777778,0,0
1703,0.888888888888889,0,0
1703,1,0,0
1704,0,0,0
1704,0.111111111111111,0,0
1704,0.222222222222222,0,0
1704,0.333333333333333,0,-0.5
1704,0.444444444444444,0,-0.355724615422119
1704,0.555555555555556,0,-0.939692620785908
1704,0.666666666666667,0,-0.5
1704,0.777777777777778,0,0
1704,0.888888888888889,0,0
1704,1,0,0
1705,0,0,0
1705,0.111111111111111,0,0
1705,0.222222222222222,0,0
1705,0.333333333333333,0,0.0632719871749817
1705,0.444444444444444,0,0.0170531948912152
1705,0.555555555555556,0.151867175675581,-0.939692620785908
1705,0.666666666666667,0,-0.054818887800934
1705,0.777777777777778,0,0
1705,0.888888888888889,0,0
1705,1,0,0
1706,0,0,0
1706,0.111111111111111,0,0
1706,0.222222222222222,0,0
1706,0.333333333333333,0,0.160610848694269
1706,0.444444444444444,0.119868222757011,-0.333808674342726
1706,0.555555555555556,0,-0.121327030171977
1706,0.666666666666667,0,-0.0959472374968027
1706,0.777777777777778,0,0
1706,0.888888888888889,0,0
1706,1,0,0
1707,0,0,0
1707,0.111111111111111,0,0
1707,0.222222222222222,0,0
1707,0.333333333333333,0,-0.5
1707,0.444444444444444,0,-0.939692620785908
1707,0.555555555555556,0,-0.939692620785908
1707,0.666666666666667,0,-0.5
1707,0.777777777777778,0,0
1707,0.888888888888889,0,0
1707,1,0,0
1708,0,0,0
1708,0.111111111111111,0,0
1708,0.222222222222222,0,0
1708,0.333333333333333,0,-0.5
1708,0.444444444444444,0,-0.939692620785908
1708,0.555555555555556,0,-0.40364900537204
1708,0.666666666666667,0,-0.5
1708,0.777777777777778,0,0
1708,0.888888888888889,0,0
1708,1,0,0
1709,0,0,0
1709,0.111111111111111,0,0
1709,0.222222222222222,0,0
1709,0.333333333333333,0,-0.5
1709,0.444444444444444,0,-0.517189985323475
1709,0.555555555555556,0,-0.416217445150708
1709,0.666666666666667,0,-0.5
1709,0.777777777777778,0,0
1709,0.888888888888889,0,0
1709,1,0,0
1710,0,0,0
1710,0.111111111111111,0,0
1710,0.222222222222222,0,0
1710,0.333333333333333,0,-0.5
1710,0.444444444444444,0,-0.939692620785908
1710,0.555555555555556,0,-0.443017351579079
1710,0.666666666666667,0,-0.5
1710,0.777777777777778,0,0
1710,0.888888888888889,0,0
1710,1,0,0
1711,0,0,0
1711,0.111111111111111,0,0
1711,0.222222222222222,0,0
1711,0.333333333333333,0,0.0312565313277837
1711,0.444444444444444,0,-0.0325497286174856
1711,0.555555555555556,0,-0.282326700672951
1711,0.666666666666667,0,-0.325809536393442
1711,0.777777777777778,0,0
1711,0.888888888888889,0,0
1711,1,0,0
1712,0,0,0
1712,0.111111111111111,0,0
1712,0.222222222222222,0,0
1712,0.333333333333333,0,-0.5
1712,0.444444444444444,0,-0.0371754521279385
1712,0.555555555555556,0,-0.590356058811548
1712,0.666666666666667,0,-0.246986890842837
1712,0.777777777777778,0,0
1712,0.888888888888889,0,0
1712,1,0,0
1713,0,0,0
1713,0.111111111111111,0,0
1713,0.222222222222222,0,0
1713,0.333333333333333,0,-0.5
1713,0.444444444444444,0,-0.191940394449578
1713,0.555555555555556,0,-0.611333405897936
1713,0.666666666666667,0,-0.259039808878958
1713,0.777777777777778,0,0
1713,0.888888888888889,0,0
1713,1,0,0
1714,0,0,0
1714,0.111111111111111,0,0
1714,0.222222222222222,0,0
1714,0.333333333333333,0,-0.5
1714,0.444444444444444,0,-0.939692620785908
1714,0.555555555555556,0,-0.939692620785908
1714,0.666666666666667,0,-0.5
1714,0.777777777777778,0,0
1714,0.888888888888889,0,0
1714,1,0,0
1715,0,0,0
1715,0.111111111111111,0,0
1715,0.222222222222222,0,0
1715,0.333333333333333,0,-0.5
1715,0.444444444444444,0,-0.939692620785908
1715,0.555555555555556,0,-0.939692620785908
1715,0.666666666666667,0,-0.5
1715,0.777777777777778,0,0
1715,0.888888888888889,0,0
1715,1,0,0
1716,0,0,0
1716,0.111111111111111,0,0
1716,0.222222222222222,0,0
1716,0.333333333333333,0,-0.5
1716,0.444444444444444,0,-0.302877783316791
1716,0.555555555555556,0,-0.429371833201966
1716,0.666666666666667,0,-0.5
1716,0.777777777777778,0,0
1716,0.888888888888889,0,0
1716,1,0,0
1717,0,0,0
1717,0.111111111111111,0,0
1717,0.222222222222222,0,0
1717,0.333333333333333,0,-0.5
1717,0.444444444444444,0,-0.516305195822017
1717,0.555555555555556,0,-0.503743952276151
1717,0.666666666666667,0,-0.5
1717,0.777777777777778,0,0
1717,0.888888888888889,0,0
1717,1,0,0
1718,0,0,0
1718,0.111111111111111,0,0
1718,0.222222222222222,0,0
1718,0.333333333333333,0,-0.5
1718,0.444444444444444,0,-0.290737944624374
1718,0.555555555555556,0,-0.323633100564408
1718,0.666666666666667,0,-0.0721512469318837
1718,0.777777777777778,0,0
1718,0.888888888888889,-0.169097567310555,0
1718,1,0,0
1719,0,0,0
1719,0.111111111111111,0,0
1719,0.222222222222222,0,0
1719,0.333333333333333,0,-0.5
1719,0.444444444444444,0,-0.581894849213392
1719,0.555555555555556,0,-0.247571332742416
1719,0.666666666666667,0,-0.5
1719,0.777777777777778,0,0
1719,0.888888888888889,0,0
1719,1,0,0
1720,0,0,0
1720,0.111111111111111,0,-0.408438954522592
1720,0.222222222222222,0,0
1720,0.333333333333333,0,-0.5
1720,0.444444444444444,0,-0.293632488709146
1720,0.555555555555556,0,-0.208277227561716
1720,0.666666666666667,0,-0.5
1720,0.777777777777778,0,0
1720,0.888888888888889,0,0
1720,1,0,0
1721,0,0,0
1721,0.111111111111111,0,0
1721,0.222222222222222,0,0
1721,0.333333333333333,0,-0.326219658405264
1721,0.444444444444444,0,-0.167833703138309
1721,0.555555555555556,0,-0.25582185296416
1721,0.666666666666667,0,-0.5
1721,0.777777777777778,0,0
1721,0.888888888888889,0,0
1721,1,0,0
1722,0,0,0
1722,0.111111111111111,0,0
1722,0.222222222222222,0,0
1722,0.333333333333333,0.216125541883549,-0.5
1722,0.444444444444444,0,-0.394476176221948
1722,0.555555555555556,0,-0.390950364609714
1722,0.666666666666667,0,-0.5
1722,0.777777777777778,0,0
1722,0.888888888888889,0,0
1722,1,0,0
1723,0,0,0
1723,0.111111111111111,0,0
1723,0.222222222222222,0,0
1723,0.333333333333333,0,-0.5
1723,0.444444444444444,0,-0.647788515963905
1723,0.555555555555556,0,-0.313047611042986
1723,0.666666666666667,0,-0.5
1723,0.777777777777778,0,0
1723,0.888888888888889,0,0
1723,1,0,0
1724,0,0,0
1724,0.111111111111111,0,0
1724,0.222222222222222,0,0
1724,0.333333333333333,0,-0.5
1724,0.444444444444444,0,-0.939692620785908
1724,0.555555555555556,0,-0.53691347343147
1724,0.666666666666667,0,-0.5
1724,0.777777777777778,0,0
1724,0.888888888888889,0,0
1724,1,0,0
1725,0,0,0
1725,0.111111111111111,0,0
1725,0.222222222222222,0,0
1725,0.333333333333333,0,-0.5
1725,0.444444444444444,0,-0.364081231530959
1725,0.555555555555556,0,-0.593630138970402
1725,0.666666666666667,0,-0.5
1725,0.777777777777778,0,0
1725,0.888888888888889,0,0
1725,1,0,0
1726,0,0,0
1726,0.111111111111111,0,0.339710264272704
1726,0.222222222222222,0,0
1726,0.333333333333333,0,-0.020474958121022
1726,0.444444444444444,0,-0.302606541000124
1726,0.555555555555556,0,-0.231448893952433
1726,0.666666666666667,0,0.00237838273321589
1726,0.777777777777778,0,0
1726,0.888888888888889,0,0
1726,1,0,0
1727,0,0,0
1727,0.111111111111111,0,0
1727,0.222222222222222,0,0
1727,0.333333333333333,0,-0.5
1727,0.444444444444444,0,-0.939692620785908
1727,0.555555555555556,0,-0.939692620785908
1727,0.666666666666667,0,-0.5
1727,0.777777777777778,0,0
1727,0.888888888888889,0,0
1727,1,0,0
1728,0,0,0
1728,0.111111111111111,0,0
1728,0.222222222222222,0,0
1728,0.333333333333333,0,-0.5
1728,0.444444444444444,0,-0.939692620785908
1728,0.555555555555556,0,-0.939692620785908
1728,0.666666666666667,0,-0.5
1728,0.777777777777778,0,0
1728,0.888888888888889,0,0
1728,1,0,0
1729,0,0,0
1729,0.111111111111111,0,0
1729,0.222222222222222,0,0
1729,0.333333333333333,0,-0.5
1729,0.444444444444444,0,-0.457558601680226
1729,0.555555555555556,0,-0.343907409118586
1729,0.666666666666667,0,-0.5
1729,0.777777777777778,0,0
1729,0.888888888888889,0,0
1729,1,0,0
1730,0,0,0
1730,0.111111111111111,0,0
1730,0.222222222222222,0,0
1730,0.333333333333333,0,0.0573003236255967
1730,0.444444444444444,0,-0.384020292539165
1730,0.555555555555556,0,0.372730590072458
1730,0.666666666666667,0.143766567562087,-0.5
1730,0.777777777777778,0,0
1730,0.888888888888889,0,0
1730,1,0,0
1731,0,0,0
1731,0.111111111111111,0,0
1731,0.222222222222222,0,0
1731,0.333333333333333,0,-0.5
1731,0.444444444444444,0,-0.939692620785908
1731,0.555555555555556,0,-0.939692620785908
1731,0.666666666666667,0,-0.5
1731,0.777777777777778,0,0
1731,0.888888888888889,0,0
1731,1,0,0
1732,0,0,0
1732,0.111111111111111,0,0
1732,0.222222222222222,0,0
1732,0.333333333333333,0,-0.5
1732,0.444444444444444,0,-0.939692620785908
1732,0.555555555555556,0,-0.939692620785908
1732,0.666666666666667,0,-0.5
1732,0.777777777777778,0,0
1732,0.888888888888889,0,0
1732,1,0,0
1733,0,0,0
1733,0.111111111111111,0,0
1733,0.222222222222222,0,0
1733,0.333333333333333,0,-0.25898182175209
1733,0.444444444444444,0,-0.41135729733871
1733,0.555555555555556,0,-0.361112856897361
1733,0.666666666666667,0.476431866236402,-0.5
1733,0.777777777777778,0,0
1733,0.888888888888889,0,0
1733,1,0,0
1734,0,0,0
1734,0.111111111111111,0,0
1734,0.222222222222222,0,0
1734,0.333333333333333,0,-0.5
1734,0.444444444444444,0,-0.258607550819232
1734,0.555555555555556,0,-0.434662222204755
1734,0.666666666666667,0,-0.5
1734,0.777777777777778,0,0
1734,0.888888888888889,0,0
1734,1,0,0
1735,0,0,0
1735,0.111111111111111,0,0
1735,0.222222222222222,0,0
1735,0.333333333333333,0,-0.5
1735,0.444444444444444,0,-0.939692620785908
1735,0.555555555555556,0,-0.473149074176826
1735,0.666666666666667,0,-0.5
1735,0.777777777777778,0,0
1735,0.888888888888889,0,0
1735,1,0,0
1736,0,0,0
1736,0.111111111111111,0,0
1736,0.222222222222222,0,0
1736,0.333333333333333,0,-0.145069584374317
1736,0.444444444444444,0,-0.230658609158188
1736,0.555555555555556,0,-0.0398725037349061
1736,0.666666666666667,0,-0.200427058174525
1736,0.777777777777778,0,0
1736,0.888888888888889,0,0
1736,1,0,0
1737,0,0,0
1737,0.111111111111111,0,0
1737,0.222222222222222,0,0
1737,0.333333333333333,0,-0.5
1737,0.444444444444444,0,-0.424332686678999
1737,0.555555555555556,0,0.241035964019157
1737,0.666666666666667,0,-0.5
1737,0.777777777777778,0,0
1737,0.888888888888889,0,0
1737,1,0,0
1738,0,0,0
1738,0.111111111111111,0,0
1738,0.222222222222222,0,0
1738,0.333333333333333,0,-0.5
1738,0.444444444444444,0,-0.939692620785908
1738,0.555555555555556,0,-0.939692620785908
1738,0.666666666666667,0,-0.5
1738,0.777777777777778,0,0
1738,0.888888888888889,0,0
1738,1,0,0
1739,0,0,0
1739,0.111111111111111,0,0
1739,0.222222222222222,0,0
1739,0.333333333333333,0,-0.5
1739,0.444444444444444,0,-0.939692620785908
1739,0.555555555555556,0,-0.939692620785908
1739,0.666666666666667,0,-0.5
1739,0.777777777777778,0,0
1739,0.888888888888889,0,0
1739,1,0,0
1740,0,0,0
1740,0.111111111111111,0,0
1740,0.222222222222222,0,0
1740,0.333333333333333,0,-0.5
1740,0.444444444444444,0.412469198425529,-0.939692620785908
1740,0.555555555555556,0,-0.531154651077038
1740,0.666666666666667,0,-0.5
1740,0.777777777777778,0,0
1740,0.888888888888889,0,0
1740,1,0,0
1741,0,0,0
1741,0.111111111111111,0,0
1741,0.222222222222222,0,0
1741,0.333333333333333,0,0.0141320888775665
1741,0.444444444444444,0.440302000663785,-0.409842894385935
1741,0.555555555555556,0,-0.00912583265098099
1741,0.666666666666667,0,-0.5
1741,0.777777777777778,0,-0.307743476651768
1741,0.888888888888889,0,0
1741,1,0,0
1742,0,0,0
1742,0.111111111111111,0,0
1742,0.222222222222222,0,0
1742,0.333333333333333,0,-0.5
1742,0.444444444444444,0,-0.560964140688145
1742,0.555555555555556,0,-0.939692620785908
1742,0.666666666666667,0,-0.5
1742,0.777777777777778,0,0
1742,0.888888888888889,0,0
1742,1,0,0
1743,0,0,0
1743,0.111111111111111,0,0
1743,0.222222222222222,0,0
1743,0.333333333333333,0,-0.13736235421319
1743,0.444444444444444,0,-0.219304651356698
1743,0.555555555555556,0,-0.254107023277569
1743,0.666666666666667,0,0.195873272987279
1743,0.777777777777778,0,0
1743,0.888888888888889,0,0
1743,1,0,0
1744,0,0,0
1744,0.111111111111111,0,0
1744,0.222222222222222,0,0
1744,0.333333333333333,0,-0.5
1744,0.444444444444444,0,0.0287357466454119
1744,0.555555555555556,0,-0.215880808385925
1744,0.666666666666667,0,-0.200932165905942
1744,0.777777777777778,0,0
1744,0.888888888888889,0,0
1744,1,0,0
1745,0,0,0
1745,0.111111111111111,0,0
1745,0.222222222222222,0,0
1745,0.333333333333333,0,-0.5
1745,0.444444444444444,0,-0.939692620785908
1745,0.555555555555556,0,-0.939692620785908
1745,0.666666666666667,0,-0.5
1745,0.777777777777778,0,0
1745,0.888888888888889,0,0
1745,1,0,0
1746,0,0,0
1746,0.111111111111111,0,0
1746,0.222222222222222,0,0
1746,0.333333333333333,0,-0.105297473844373
1746,0.444444444444444,0.247772611893085,-0.514133502888576
1746,0.555555555555556,0,-0.145616989618388
1746,0.666666666666667,0.229689264371025,-0.0979347095683525
1746,0.777777777777778,0,0
1746,0.888888888888889,0,0
1746,1,0,0
1747,0,0,0
1747,0.111111111111111,0,0
1747,0.222222222222222,0,0
1747,0.333333333333333,0,-0.5
1747,0.444444444444444,0,-0.939692620785908
1747,0.555555555555556,0,-0.939692620785908
1747,0.666666666666667,0,-0.5
1747,0.777777777777778,0,0
1747,0.888888888888889,0,0
1747,1,0,0
1748,0,0,0
1748,0.111111111111111,0,0
1748,0.222222222222222,0,0
1748,0.333333333333333,0,-0.5
1748,0.444444444444444,0,-0.939692620785908
1748,0.555555555555556,0,-0.939692620785908
1748,0.666666666666667,0,-0.5
1748,0.777777777777778,0,0
1748,0.888888888888889,0,0
1748,1,0,0
1749,0,0,0
1749,0.111111111111111,0,0
1749,0.222222222222222,-0.260324652156713,0
1749,0.333333333333333,0,-0.5
1749,0.444444444444444,0,0.0183567673495104
1749,0.555555555555556,0,-0.485383983302327
1749,0.666666666666667,0,0.046753763516131
1749,0.777777777777778,0,0
1749,0.888888888888889,0,0
1749,1,0,0
1750,0,0,0
1750,0.111111111111111,0,0
1750,0.222222222222222,0,0
1750,0.333333333333333,0,-0.5
1750,0.444444444444444,0,-0.939692620785908
1750,0.555555555555556,0,-0.939692620785908
1750,0.666666666666667,0,-0.5
1750,0.777777777777778,0,0
1750,0.888888888888889,0,0
1750,1,0,0
1751,0,0,0
1751,0.111111111111111,0,0
1751,0.222222222222222,0,0
1751,0.333333333333333,0,-0.5
1751,0.444444444444444,0,-0.325635638893828
1751,0.555555555555556,0,-0.586136753664795
1751,0.666666666666667,0,-0.5
1751,0.777777777777778,0,0
1751,0.888888888888889,0,0
1751,1,0,0
1752,0,0,0
1752,0.111111111111111,0,0
1752,0.222222222222222,0,0
1752,0.333333333333333,0,-0.5
1752,0.444444444444444,0,-0.501827992166442
1752,0.555555555555556,0,-0.685026239530196
1752,0.666666666666667,0,-0.5
1752,0.777777777777778,0,0
1752,0.888888888888889,0,0
1752,1,0,0
1753,0,0,0
1753,0.111111111111111,0.260307513552769,0
1753,0.222222222222222,0,0
1753,0.333333333333333,0.162298034496818,-0.5
1753,0.444444444444444,0,0.125476781571051
1753,0.555555555555556,0,-0.208253808861914
1753,0.666666666666667,0,-0.124131407161139
1753,0.777777777777778,0,0
1753,0.888888888888889,0,0
1753,1,0,0
1754,0,0,0
1754,0.111111111111111,0,0
1754,0.222222222222222,0,0
1754,0.333333333333333,0,-0.5
1754,0.444444444444444,0,-0.172470427890889
1754,0.555555555555556,0,-0.280688529141267
1754,0.666666666666667,0,-0.5
1754,0.777777777777778,0,0
1754,0.888888888888889,0,0
1754,1,0,0
1755,0,0,0
1755,0.111111111111111,0,0
1755,0.222222222222222,0,0
1755,0.333333333333333,0,-0.16546273897618
1755,0.444444444444444,0,0.00388674208534601
1755,0.555555555555556,0,-0.198323319191234
1755,0.666666666666667,0,-0.301782914862267
1755,0.777777777777778,0,0
1755,0.888888888888889,0,0
1755,1,0,0
1756,0,0,0
1756,0.111111111111111,0,0
1756,0.222222222222222,0,0
1756,0.333333333333333,-0.26548341954644,0.329754945756484
1756,0.444444444444444,0,-0.0780127483076131
1756,0.555555555555556,0,-0.284012884841628
1756,0.666666666666667,0,-0.0325419143884056
1756,0.777777777777778,0,0
1756,0.888888888888889,0,0
1756,1,0,0
1757,0,0,0
1757,0.111111111111111,0,0
1757,0.222222222222222,0,0
1757,0.333333333333333,0,-0.5
1757,0.444444444444444,0,-0.939692620785908
1757,0.555555555555556,0,-0.939692620785908
1757,0.666666666666667,0,-0.5
1757,0.777777777777778,0,0
1757,0.888888888888889,0,0
1757,1,0,0
1758,0,0,0
1758,0.111111111111111,0,0
1758,0.222222222222222,0,0
1758,0.333333333333333,0,-0.5
1758,0.444444444444444,0,-0.417060658284506
1758,0.555555555555556,0.216637308308972,-0.605378220979083
1758,0.666666666666667,0,-0.5
1758,0.777777777777778,0,0
1758,0.888888888888889,0,0
1758,1,0,0
1759,0,0,0
1759,0.111111111111111,0,0
1759,0.222222222222222,0,0
1759,0.333333333333333,0,-0.5
1759,0.444444444444444,0,-0.939692620785908
1759,0.555555555555556,0,-0.331619518958402
1759,0.666666666666667,0,-0.5
1759,0.777777777777778,0,0
1759,0.888888888888889,0,0
1759,1,0,0
1760,0,0,0
1760,0.111111111111111,0,0
1760,0.222222222222222,0,0
1760,0.333333333333333,0.252898384616494,-0.5
1760,0.444444444444444,0,-0.542753489724509
1760,0.555555555555556,0,-0.24650921571466
1760,0.666666666666667,0,-0.5
1760,0.777777777777778,0,0
1760,0.888888888888889,0,0
1760,1,0,0
1761,0,0,0
1761,0.111111111111111,0,0
1761,0.222222222222222,0,0
1761,0.333333333333333,0,-0.5
1761,0.444444444444444,0,-0.674483826104786
1761,0.555555555555556,0,-0.304209609507931
1761,0.666666666666667,0,-0.5
1761,0.777777777777778,0,0
1761,0.888888888888889,0,0
1761,1,0,0
1762,0,0,0
1762,0.111111111111111,0.182052117419458,0
1762,0.222222222222222,0,0
1762,0.333333333333333,0.179485503065237,-0.0430711189544585
1762,0.444444444444444,0.233320772693399,-0.367021865559101
1762,0.555555555555556,0.426379469778884,-0.939692620785908
1762,0.666666666666667,0.134430008996944,-0.5
1762,0.777777777777778,0,0
1762,0.888888888888889,0.193817617903696,0
1762,1,0,0
1763,0,0,0
1763,0.111111111111111,0,0
1763,0.222222222222222,0,0
1763,0.333333333333333,0,-0.5
1763,0.444444444444444,0,-0.939692620785908
1763,0.555555555555556,0,-0.939692620785908
1763,0.666666666666667,0,-0.5
1763,0.777777777777778,0,0
1763,0.888888888888889,0,0
1763,1,0,0
1764,0,0,0
1764,0.111111111111111,0,0
1764,0.222222222222222,0,0
1764,0.333333333333333,0,-0.5
1764,0.444444444444444,0.373756690530162,-0.939692620785908
1764,0.555555555555556,0.274355686233325,-0.939692620785908
1764,0.666666666666667,0,-0.5
1764,0.777777777777778,0,0
1764,0.888888888888889,0,0
1764,1,0,0
1765,0,0,0
1765,0.111111111111111,0,0
1765,0.222222222222222,0,0
1765,0.333333333333333,0,-0.5
1765,0.444444444444444,0,-0.939692620785908
1765,0.555555555555556,0,-0.939692620785908
1765,0.666666666666667,0,-0.5
1765,0.777777777777778,0,0
1765,0.888888888888889,0,0
1765,1,0,0
1766,0,-0.195156111696969,0
1766,0.111111111111111,0,0
1766,0.222222222222222,0,0
1766,0.333333333333333,0,-0.110365080557054
1766,0.444444444444444,0,-0.117802077487793
1766,0.555555555555556,0,0.0226254627424135
1766,0.666666666666667,0,0.0225666306461607
1766,0.777777777777778,0,0
1766,0.888888888888889,0,0
1766,1,0,0
1767,0,0,0
1767,0.111111111111111,0,0
1767,0.222222222222222,0,0
1767,0.333333333333333,0,-0.357823773080259
1767,0.444444444444444,0,-0.289624171805454
1767,0.555555555555556,0,-0.172839446040769
1767,0.666666666666667,0,-0.5
1767,0.777777777777778,0,0
1767,0.888888888888889,0,0
1767,1,0,0
1768,0,0,0
1768,0.111111111111111,0,0
1768,0.222222222222222,0,0
1768,0.333333333333333,0,-0.109935173145826
1768,0.444444444444444,0,-0.042403020976528
1768,0.555555555555556,0,-0.0708312928638603
1768,0.666666666666667,0,-0.126881342416932
1768,0.777777777777778,0,0
1768,0.888888888888889,0,0
1768,1,0,0
1769,0,0,0
1769,0.111111111111111,0,0
1769,0.222222222222222,0,0
1769,0.333333333333333,0,-0.5
1769,0.444444444444444,0,-0.66976276834981
1769,0.555555555555556,0,-0.939692620785908
1769,0.666666666666667,0,-0.5
1769,0.777777777777778,0,0
1769,0.888888888888889,0,0
1769,1,0,0
1770,0,0,0
1770,0.111111111111111,0,0
1770,0.222222222222222,0,0
1770,0.333333333333333,0,-0.5
1770,0.444444444444444,0,-0.562485633842484
1770,0.555555555555556,0,-0.0370719276536764
1770,0.666666666666667,0,-0.5
1770,0.777777777777778,0,0
1770,0.888888888888889,0,0
1770,1,0,0
1771,0,0,0
1771,0.111111111111111,0,0
1771,0.222222222222222,0,0
1771,0.333333333333333,0,-0.5
1771,0.444444444444444,0.599540050931587,-0.939692620785908
1771,0.555555555555556,0.178099984041326,-0.939692620785908
1771,0.666666666666667,0,-0.5
1771,0.777777777777778,0,0
1771,0.888888888888889,0,0
1771,1,0,0
1772,0,0,0
1772,0.111111111111111,0,0
1772,0.222222222222222,0,0
1772,0.333333333333333,0,-0.5
1772,0.444444444444444,0,-0.345860162126212
1772,0.555555555555556,0,-0.217105687384464
1772,0.666666666666667,0,-0.5
1772,0.777777777777778,0,0
1772,0.888888888888889,0,0
1772,1,0,0
1773,0,0,0
1773,0.111111111111111,0,0
1773,0.222222222222222,0,0
1773,0.333333333333333,0,-0.5
1773,0.444444444444444,0,-0.939692620785908
1773,0.555555555555556,0,-0.939692620785908
1773,0.666666666666667,0,-0.5
1773,0.777777777777778,0,0
1773,0.888888888888889,0,0
1773,1,0,0
1774,0,0,0
1774,0.111111111111111,0,0
1774,0.222222222222222,0,0
1774,0.333333333333333,0,-0.5
1774,0.444444444444444,0,-0.939692620785908
1774,0.555555555555556,0,-0.939692620785908
1774,0.666666666666667,0,-0.5
1774,0.777777777777778,0,0
1774,0.888888888888889,0,0
1774,1,0,0
1775,0,0,0
1775,0.111111111111111,0,0
1775,0.222222222222222,0,0
1775,0.333333333333333,0,-0.00959255336299647
1775,0.444444444444444,0,0.120861921457333
1775,0.555555555555556,0,0.149633493061873
1775,0.666666666666667,0,-0.164387614519824
1775,0.777777777777778,0,0
1775,0.888888888888889,0,0
1775,1,0,0
1776,0,0,0
1776,0.111111111111111,0,0
1776,0.222222222222222,0,0
1776,0.333333333333333,0,-0.5
1776,0.444444444444444,0,-0.324871914438142
1776,0.555555555555556,0,-0.745967012540795
1776,0.666666666666667,0,-0.5
1776,0.777777777777778,0,0
1776,0.888888888888889,0,0
1776,1,0,0
1777,0,0,0
1777,0.111111111111111,0,0
1777,0.222222222222222,0,0
1777,0.333333333333333,0,0.0123921368805471
1777,0.444444444444444,0,-0.265330156899069
1777,0.555555555555556,0,0.143005674053242
1777,0.666666666666667,0,-0.000271822087912543
1777,0.777777777777778,0,0
1777,0.888888888888889,0,0.20296420434643
1777,1,0,0
1778,0,0,0
1778,0.111111111111111,0,0
1778,0.222222222222222,0,0
1778,0.333333333333333,0,-0.5
1778,0.444444444444444,0,-0.164666843397433
1778,0.555555555555556,0,-0.167114719170791
1778,0.666666666666667,0,-0.5
1778,0.777777777777778,0,0
1778,0.888888888888889,0,0
1778,1,0,0
1779,0,0.187258721200152,0
1779,0.111111111111111,0,0
1779,0.222222222222222,0,0
1779,0.333333333333333,0,-0.0145218206229543
1779,0.444444444444444,0.149947491612832,-0.0528223537561827
1779,0.555555555555556,0,-0.154804868427414
1779,0.666666666666667,0,0.0723309924598224
1779,0.777777777777778,0,0
1779,0.888888888888889,0,0
1779,1,0,0
1780,0,0,0
1780,0.111111111111111,0,0
1780,0.222222222222222,0,0.134687229416422
1780,0.333333333333333,0,-0.212217794777592
1780,0.444444444444444,0,-0.0378702959831929
1780,0.555555555555556,0,0.0661354147847937
1780,0.666666666666667,0,-0.0393677351511541
1780,0.777777777777778,0,0
1780,0.888888888888889,0,0.414788748135675
1780,1,0,0
1781,0,0,0
1781,0.111111111111111,0.232964336958561,0
1781,0.222222222222222,0,0
1781,0.333333333333333,0,-0.5
1781,0.444444444444444,0,-0.391913393761256
1781,0.555555555555556,0,-0.198578290454457
1781,0.666666666666667,0,-0.325599110695658
1781,0.777777777777778,0,0
1781,0.888888888888889,0.254185325654929,0
1781,1,0,0
1782,0,0,0
1782,0.111111111111111,0,0
1782,0.222222222222222,0,0
1782,0.333333333333333,0,-0.5
1782,0.444444444444444,0,-0.939692620785908
1782,0.555555555555556,0,-0.939692620785908
1782,0.666666666666667,0,-0.5
1782,0.777777777777778,0,0
1782,0.888888888888889,0,0
1782,1,0,0
1783,0,0,0
1783,0.111111111111111,0,0
1783,0.222222222222222,0,0
1783,0.333333333333333,0,0.0118332077444905
1783,0.444444444444444,0,0.194295004776745
1783,0.555555555555556,0,-0.0775723200169774
1783,0.666666666666667,0,0.0597150705746909
1783,0.777777777777778,0,0
1783,0.888888888888889,0,0
1783,1,0,0
1784,0,0,0
1784,0.111111111111111,0,0
1784,0.222222222222222,0,0
1784,0.333333333333333,0,0.233395948212092
1784,0.444444444444444,0,-0.247986107054448
1784,0.555555555555556,0,0.0297680765226322
1784,0.666666666666667,0,-0.205421434359428
1784,0.777777777777778,0,0
1784,0.888888888888889,0,0
1784,1,0,0
1785,0,-0.245490116533209,0
1785,0.111111111111111,0,0
1785,0.222222222222222,0,0
1785,0.333333333333333,0,-0.5
1785,0.444444444444444,0,-0.660523110616301
1785,0.555555555555556,0,-0.320989244545373
1785,0.666666666666667,0,-0.5
1785,0.777777777777778,0,0
1785,0.888888888888889,0,0
1785,1,0,0
1786,0,0,0
1786,0.111111111111111,0,0
1786,0.222222222222222,0,0
1786,0.333333333333333,0,-0.5
1786,0.444444444444444,0,-0.502710409203275
1786,0.555555555555556,0,-0.57370673213487
1786,0.666666666666667,0,-0.5
1786,0.777777777777778,0,0
1786,0.888888888888889,0,0
1786,1,0,0
1787,0,0,0
1787,0.111111111111111,0,0
1787,0.222222222222222,0,0
1787,0.333333333333333,0,-0.143072463589154
1787,0.444444444444444,0,-0.251832731876448
1787,0.555555555555556,0,-0.00125141534721129
1787,0.666666666666667,0.162238816300855,-0.5
1787,0.777777777777778,0,0
1787,0.888888888888889,0,0
1787,1,0,0
1788,0,0,0
1788,0.111111111111111,0,0
1788,0.222222222222222,0,0
1788,0.333333333333333,0,-0.5
1788,0.444444444444444,0,-0.122662488104642
1788,0.555555555555556,0,-0.349727138812159
1788,0.666666666666667,0,-0.5
1788,0.777777777777778,0,0
1788,0.888888888888889,0,0
1788,1,0,0
1789,0,0,0
1789,0.111111111111111,0,0
1789,0.222222222222222,0,0
1789,0.333333333333333,0,-0.5
1789,0.444444444444444,0,-0.939692620785908
1789,0.555555555555556,0,-0.385513233788574
1789,0.666666666666667,0,-0.5
1789,0.777777777777778,0,0
1789,0.888888888888889,0,0
1789,1,0,0
1790,0,0,0
1790,0.111111111111111,0,0
1790,0.222222222222222,0,0
1790,0.333333333333333,0,-0.5
1790,0.444444444444444,0,-0.939692620785908
1790,0.555555555555556,0,-0.939692620785908
1790,0.666666666666667,0,-0.5
1790,0.777777777777778,0,0
1790,0.888888888888889,0,0
1790,1,0,0
1791,0,0,0
1791,0.111111111111111,0,0
1791,0.222222222222222,0,0
1791,0.333333333333333,0,-0.5
1791,0.444444444444444,0,-0.403786965430975
1791,0.555555555555556,0,-0.387752283826744
1791,0.666666666666667,0,-0.5
1791,0.777777777777778,0,0
1791,0.888888888888889,0,0
1791,1,0,0
1792,0,0,0
1792,0.111111111111111,0,0
1792,0.222222222222222,0,0
1792,0.333333333333333,0,-0.5
1792,0.444444444444444,0,-0.288139301361843
1792,0.555555555555556,0,-0.30686751158402
1792,0.666666666666667,0,-0.5
1792,0.777777777777778,0,0
1792,0.888888888888889,0,0
1792,1,0,0
1793,0,0,0
1793,0.111111111111111,0,0
1793,0.222222222222222,0,0
1793,0.333333333333333,0,-0.5
1793,0.444444444444444,0,-0.563067711781539
1793,0.555555555555556,0,-0.544957766807491
1793,0.666666666666667,0,-0.5
1793,0.777777777777778,0,0
1793,0.888888888888889,0,0
1793,1,0,0
1794,0,0,0
1794,0.111111111111111,0,0
1794,0.222222222222222,0,-0.363230462731167
1794,0.333333333333333,0,-0.5
1794,0.444444444444444,0,-0.488932673179605
1794,0.555555555555556,0,-0.334299429553922
1794,0.666666666666667,0,-0.5
1794,0.777777777777778,0,-0.24663863954987
1794,0.888888888888889,0,-0.154498328920188
1794,1,0,0
1795,0,0,0
1795,0.111111111111111,0,0
1795,0.222222222222222,0,0
1795,0.333333333333333,0,-0.5
1795,0.444444444444444,0,-0.41532209526418
1795,0.555555555555556,0,-0.939692620785908
1795,0.666666666666667,0,-0.5
1795,0.777777777777778,0,0
1795,0.888888888888889,0,0
1795,1,0,0
1796,0,0,0
1796,0.111111111111111,0,0
1796,0.222222222222222,0,0
1796,0.333333333333333,0,-0.5
1796,0.444444444444444,0,-0.0745171319792798
1796,0.555555555555556,0,-0.423647805773075
1796,0.666666666666667,0,-0.5
1796,0.777777777777778,0,0
1796,0.888888888888889,0,0
1796,1,0,0
1797,0,0,0
1797,0.111111111111111,0,0
1797,0.222222222222222,0,0
1797,0.333333333333333,0,-0.130419754631901
1797,0.444444444444444,0,0.207191890824054
1797,0.555555555555556,0,0.0149051695428296
1797,0.666666666666667,0,-0.23209346677077
1797,0.777777777777778,0,0
1797,0.888888888888889,0,0
1797,1,0,0
1798,0,0,0
1798,0.111111111111111,0,0
1798,0.222222222222222,0,0
1798,0.333333333333333,0,0.0541420607522488
1798,0.444444444444444,0,0.346081963617023
1798,0.555555555555556,0,-0.361097708768408
1798,0.666666666666667,0,-0.112413507011717
1798,0.777777777777778,0,0
1798,0.888888888888889,0,0
1798,1,0,0
1799,0,0,0
1799,0.111111111111111,0,0
1799,0.222222222222222,0,0
1799,0.333333333333333,0,-0.0522467948681646
1799,0.444444444444444,0,-0.11310785353399
1799,0.555555555555556,0,-0.246964336289454
1799,0.666666666666667,0,-0.0546628017264146
1799,0.777777777777778,0,0
1799,0.888888888888889,0,0
1799,1,0,0
1800,0,0,0
1800,0.111111111111111,0,0
1800,0.222222222222222,0,0
1800,0.333333333333333,0,-0.5
1800,0.444444444444444,0,-0.103730115457512
1800,0.555555555555556,0,-0.359899741019975
1800,0.666666666666667,0,-0.5
1800,0.777777777777778,0,0
1800,0.888888888888889,0,0
1800,1,0,0
1801,0,-0.00415976889591109,-0.00128388312735956
1801,0.111111111111111,-0.0570166931452877,-0.0433630761655078
1801,0.222222222222222,-0.0366058389321079,-0.0195739246887401
1801,0.333333333333333,-0.0277801717285507,-0.463989088984825
1801,0.444444444444444,0.0431374678436785,-0.8176688167112
1801,0.555555555555556,0.00980668604782335,-0.813453601950785
1801,0.666666666666667,0.0229985988002351,-0.424148596026824
1801,0.777777777777778,0.010095654766007,0.0328053161503474
1801,0.888888888888889,0,-0.0185562365844407
1801,1,0,-0.0492232667641583
1802,0,0.0507203144234898,0.0204490966377785
1802,0.111111111111111,0.0642042596442454,0.0435763093750476
1802,0.222222222222222,0.0420166727573297,0.0295618363203483
1802,0.333333333333333,0.00333205273090772,-0.497650688878265
1802,0.444444444444444,0,-0.939692620785908
1802,0.555555555555556,0.0568768847778635,-0.939692620785908
1802,0.666666666666667,0.415912219938126,-0.5
1802,0.777777777777778,0.174185459632207,0
1802,0.888888888888889,0,-0.000593899273073274
1802,1,0,-0.0481058411189356
1803,0,0.0144082644141275,0.00426128301647829
1803,0.111111111111111,0.000177879807581821,-0.0720964573695738
1803,0.222222222222222,0,-0.110810321250938
1803,0.333333333333333,0,-0.537449963875164
1803,0.444444444444444,0,-0.905700829702804
1803,0.555555555555556,0,-0.904725212741269
1803,0.666666666666667,0,-0.459786993970136
1803,0.777777777777778,-0.00119356275087807,-0.0126197762711496
1803,0.888888888888889,-0.0283037997357893,-0.0422458039276517
1803,1,0.0276782091080357,-0.055151806912397
1804,0,0,-0.00177565839414503
1804,0.111111111111111,0,0.0439603964558987
1804,0.222222222222222,0,0.0807760123605092
1804,0.333333333333333,0,-0.411636157555103
1804,0.444444444444444,0,-0.848900838562167
1804,0.555555555555556,0,-0.8635099313066
1804,0.666666666666667,0,-0.48159754730108
1804,0.777777777777778,0,0
1804,0.888888888888889,-0.000766104746823053,0
1804,1,-0.0620544844926677,0
1805,0,0.000141519641130412,0.000872879631300409
1805,0.111111111111111,0.00409070475983134,-0.0131460095484901
1805,0.222222222222222,-0.0239373432274075,-0.0299963812528874
1805,0.333333333333333,0.0400887028348838,-0.457650144877766
1805,0.444444444444444,0.0443570590933646,-0.879237291163918
1805,0.555555555555556,-0.00436065101954114,-0.876711889335172
1805,0.666666666666667,-0.0324935547449811,-0.449343197087485
1805,0.777777777777778,-0.039785343033191,0.0182449330632005
1805,0.888888888888889,-0.00667591534074635,-0.00414033836018299
1805,1,-0.0882496078862205,-0.0322206365909228
1806,0,0,-0.0102721070809684
1806,0.111111111111111,0,-0.000126816136802079
1806,0.222222222222222,0,0
1806,0.333333333333333,0.0088734649394493,-0.5
1806,0.444444444444444,0.0298247016020379,-0.939692620785908
1806,0.555555555555556,0.00616212843017312,-0.939692620785908
1806,0.666666666666667,0,-0.500520805353265
1806,0.777777777777778,0,-0.00578614253624434
1806,0.888888888888889,0,0.00830777108898662
1806,1,0,-0.0406668051112003
1807,0,0,0.005477250628215
1807,0.111111111111111,0,0.063766872627042
1807,0.222222222222222,0.179610961093458,0.0931128011169026
1807,0.333333333333333,0.493228530663447,-0.398967043794144
1807,0.444444444444444,0.324510903971947,-0.814651363793155
1807,0.555555555555556,0.314868323745294,-0.776453834312209
1807,0.666666666666667,0.316501015629528,-0.418025597662222
1807,0.777777777777778,0.374976535057408,0.0870414387323115
1807,0.888888888888889,0.321589015073411,0.0818224842560668
1807,1,0.431864365188262,0.10127408637157
1808,0,0,-1.92289053317706e-05
1808,0.111111111111111,0,0.0100679107385293
1808,0.222222222222222,-0.0386220271939071,0.0257226099526854
1808,0.333333333333333,-0.0970350427365297,-0.49785835798723
1808,0.444444444444444,-0.00748845735003889,-0.939692620785908
1808,0.555555555555556,0.10880015634191,-0.939692620785908
1808,0.666666666666667,0.0966301730351403,-0.5
1808,0.777777777777778,0.0276193448441313,0.0017812512153335
1808,0.888888888888889,0,0.0443979342147278
1808,1,0,0.133480308784637
1809,0,0,0.00320543162703521
1809,0.111111111111111,0,-0.0351845391394409
1809,0.222222222222222,0,-0.00146767134872518
1809,0.333333333333333,0,-0.5
1809,0.444444444444444,0,-0.939692620785908
1809,0.555555555555556,0,-0.939692620785908
1809,0.666666666666667,0,-0.5
1809,0.777777777777778,0,-5.99972036119672e-05
1809,0.888888888888889,0,-0.0024507674618447
1809,1,0,-0.0818776005877574
1810,0,0,-0.00151011276385621
1810,0.111111111111111,0,-1.8643367455015e-05
1810,0.222222222222222,0,0
1810,0.333333333333333,0,-0.323451569253045
1810,0.444444444444444,-0.00981701870605161,-0.0658290196912662
1810,0.555555555555556,-0.0513867168667432,0.550074717995559
1810,0.666666666666667,-0.0439816998075416,-0.025089362678449
1810,0.777777777777778,-0.0316031394216729,0.0297524048843227
1810,0.888888888888889,-0.0432875199245844,0
1810,1,-0.234070563876067,0
1811,0,0,0.00595871870397261
1811,0.111111111111111,0,0.0137547803430533
1811,0.222222222222222,0,0.000570050663108716
1811,0.333333333333333,0,-0.5
1811,0.444444444444444,0,-0.780442587789947
1811,0.555555555555556,0,-0.168922461085455
1811,0.666666666666667,0,-0.270679952485816
1811,0.777777777777778,0,0
1811,0.888888888888889,-0.000668516390122839,0
1811,1,-0.0541498275999504,0
1812,0,0.00429860885639091,0.00316137420088179
1812,0.111111111111111,0.0371816741395942,0.0262042811489771
1812,0.222222222222222,0.0264244486623348,0.0010902188265773
1812,0.333333333333333,-0.0124552088995744,-0.5
1812,0.444444444444444,0.0565057725000522,-0.939692620785908
1812,0.555555555555556,0.0653568110964969,-0.939692620785908
1812,0.666666666666667,0.0164498278775771,-0.5
1812,0.777777777777778,-0.0293491360347693,0.000759954401520832
1812,0.888888888888889,-0.0109122519390284,0.0176698909656376
1812,1,0.0625336059125632,-0.0460901883398537
1813,0,-0.0287597155345439,-0.00972516624896998
1813,0.111111111111111,-0.000355058216475851,-0.0659557887860622
1813,0.222222222222222,0,-0.104162695602181
1813,0.333333333333333,0,-0.584031967360554
1813,0.444444444444444,0,-0.950389451895859
1813,0.555555555555556,0,-0.939692620785908
1813,0.666666666666667,0,-0.5
1813,0.777777777777778,0,0
1813,0.888888888888889,0,0.00115583730222457
1813,1,0,0.0936228214801909
1814,0,0.000413014780015553,0.00388641056777623
1814,0.111111111111111,0.00686371741960406,0.0487943607672441
1814,0.222222222222222,0.00477509626439419,0.0524388691865595
1814,0.333333333333333,0.0279870356788534,-0.452522336675498
1814,0.444444444444444,0.0589027163220229,-0.933566236425723
1814,0.555555555555556,0.0621295525444435,-0.939692620785908
1814,0.666666666666667,0.100205675822262,-0.5
1814,0.777777777777778,0.130016627538894,0
1814,0.888888888888889,0.104255076268726,0
1814,1,-0.0545793876934718,0
1815,0,-0.00119194916444144,-0.000835206003516911
1815,0.111111111111111,-0.0042129998172762,0.00452108149867835
1815,0.222222222222222,-0.000174928516478874,0.019921012981092
1815,0.333333333333333,0,-0.498329876069843
1815,0.444444444444444,0.0276777767617654,-0.939692620785908
1815,0.555555555555556,0.133960439526945,-0.939692620785908
1815,0.666666666666667,0.0398559985369423,-0.5
1815,0.777777777777778,0,0
1815,0.888888888888889,0.000349412627876699,0
1815,1,0.0283024228580129,0
1816,0,0.00342444987046032,0.0019493907892616
1816,0.111111111111111,0.00765089984624627,2.40665529538469e-05
1816,0.222222222222222,0.000317025945306321,0
1816,0.333333333333333,0,-0.5
1816,0.444444444444444,0,-0.939692620785908
1816,0.555555555555556,0,-0.939692620785908
1816,0.666666666666667,0,-0.494556949053226
1816,0.777777777777778,0,0.0677676221952219
1816,0.888888888888889,0,0.0846178172546082
1816,1,0,0.12977979561689
1817,0,0.000744954251486684,0.000348614422463537
1817,0.111111111111111,0.0363103145516846,0.0390296327530707
1817,0.222222222222222,0.0680392596482878,0.0492037253664677
1817,0.333333333333333,0.0490865656343429,-0.455816304605555
1817,0.444444444444444,0.0077255465646017,-0.896843936877348
1817,0.555555555555556,-0.0643750065876748,-0.885722042908398
1817,0.666666666666667,-0.105091014270095,-0.458462586372712
1817,0.777777777777778,-0.0371552317143192,-0.0193844762093008
1817,0.888888888888889,0,-0.0235763630215699
1817,1,0,-0.103294041691112
1818,0,0.00881431853995628,0.0178013048942142
1818,0.111111111111111,-0.0778430386274645,0.0105590430826408
1818,0.222222222222222,-0.0732312222387123,0.0651344447490604
1818,0.333333333333333,-0.00592334533197023,-0.36945931926858
1818,0.444444444444444,0,-0.790822025400766
1818,0.555555555555556,0,-0.911404484987113
1818,0.666666666666667,0,-0.5
1818,0.777777777777778,0.000731140208765936,0
1818,0.888888888888889,0.0182581758936023,0
1818,1,0.0575756815408097,0
1819,0,0.0021581221542263,-0.00244312321983912
1819,0.111111111111111,0.00318096674199411,-0.00306019367745998
1819,0.222222222222222,0.000131430135775359,-0.000126251319266677
1819,0.333333333333333,0,-0.5
1819,0.444444444444444,0,-0.939692620785908
1819,0.555555555555556,0,-0.939692620785908
1819,0.666666666666667,0,-0.494079820590516
1819,0.777777777777778,0,0.0735228573799009
1819,0.888888888888889,0,0.0873794631867082
1819,1,0,0.123982448642353
1820,0,0.00178822025355191,-0.00353472395409912
1820,0.111111111111111,-0.0604648864604518,-0.0341949618325019
1820,0.222222222222222,-0.0414791139079526,-0.0417024836460085
1820,0.333333333333333,-0.0248511404533362,-0.525732816552794
1820,0.444444444444444,-0.00750068618751892,-0.937956182597538
1820,0.555555555555556,0.00392081827008274,-0.940467997322803
1820,0.666666666666667,0.0294345913989285,-0.533105801904282
1820,0.777777777777778,-0.0152770573619577,-0.0644162797497169
1820,0.888888888888889,-0.0644348787378125,-0.0759215677930285
1820,1,-0.0448557541633359,0.0371174662298102
1821,0,-0.00385960970986403,0.00454280798500486
1821,0.111111111111111,-0.0284067164726355,5.60840491975909e-05
1821,0.222222222222222,-0.00938173768799615,0
1821,0.333333333333333,0.0233179955492823,-0.5
1821,0.444444444444444,0.0371289554186786,-0.939692620785908
1821,0.555555555555556,0.0698535165471523,-0.939692620785908
1821,0.666666666666667,0.0523268861603019,-0.5
1821,0.777777777777778,0.0624069453786606,0
1821,0.888888888888889,0.0790820499393074,0
1821,1,0.0723811164526759,0
1822,0,0,-0.0129448255503673
1822,0.111111111111111,0,-0.00696609869114885
1822,0.222222222222222,0,-0.0187773636019969
1822,0.333333333333333,0,-0.501565303277336
1822,0.444444444444444,0,-0.939692620785908
1822,0.555555555555556,0,-0.939692620785908
1822,0.666666666666667,0,-0.5
1822,0.777777777777778,0,-6.03254896912618e-05
1822,0.888888888888889,0,-0.00223089900176125
1822,1,0,-0.063430067182849
1823,0,-0.00252598598616024,-0.00592829252634557
1823,0.111111111111111,-3.11850121748178e-05,0.0545893751199802
1823,0.222222222222222,0,0.0529597366928278
1823,0.333333333333333,0,-0.479244748941012
1823,0.444444444444444,0,-0.908717225610643
1823,0.555555555555556,0,-0.829480663001556
1823,0.666666666666667,0,-0.395518555620755
1823,0.777777777777778,0,0.0315324047703737
1823,0.888888888888889,0.00793667730404152,0
1823,1,0.642870861627368,0
1824,0,0,0
1824,0.111111111111111,0,0
1824,0.222222222222222,0,0
1824,0.333333333333333,0,-0.5
1824,0.444444444444444,-0.0264384049347001,-0.949006818306489
1824,0.555555555555556,-0.138845123496936,-0.992901508773279
1824,0.666666666666667,-0.121102707619136,-0.572849702090117
1824,0.777777777777778,-0.0937009734558154,-0.0248925267125085
1824,0.888888888888889,-0.480403896173336,0
1824,1,-0.737856746388295,0
1825,0,-0.00460706209201397,-0.00130011772676306
1825,0.111111111111111,-5.68773097779503e-05,0.0102893598320351
1825,0.222222222222222,0,-0.0527408731484614
1825,0.333333333333333,0,-0.569195913973335
1825,0.444444444444444,0,-0.924311020640613
1825,0.555555555555556,0,-0.851869212931337
1825,0.666666666666667,0,-0.412364191368266
1825,0.777777777777778,0,-0.0455369689371449
1825,0.888888888888889,0,-0.0897696571495244
1825,1,0,0.0573170930472838
1826,0,0.0154864749076848,0.0108768763780017
1826,0.111111111111111,0.0288090309335806,0.0338486747806916
1826,0.222222222222222,0.053736773364561,0.0322655884602281
1826,0.333333333333333,0.0316023083175179,-0.497387955495218
1826,0.444444444444444,0.0729557298521502,-0.939692620785908
1826,0.555555555555556,0.136056759216978,-0.939692620785908
1826,0.666666666666667,0.0312588393352296,-0.5
1826,0.777777777777778,-0.08482896826136,0
1826,0.888888888888889,-0.213436292329448,0
1826,1,-0.91823985320162,0
1827,0,0.00651402620982957,0.00359635223418691
1827,0.111111111111111,0.0829973495591251,0.0114153384762983
1827,0.222222222222222,0.0671372060973863,0.0058122211883365
1827,0.333333333333333,0.0822054726430589,-0.465953090929403
1827,0.444444444444444,0.0961198117860559,-0.882914456809469
1827,0.555555555555556,0.0914211129263514,-0.870178766937399
1827,0.666666666666667,0.0909529896821334,-0.390628578774393
1827,0.777777777777778,0.10213656377987,0.0705832825102216
1827,0.888888888888889,0.108178156227481,0.0278135638754411
1827,1,0.00863680804471292,0.0213856822406294
1828,0,0,-0.00389844174649555
1828,0.111111111111111,0,-0.00952849112978245
1828,0.222222222222222,0,-0.00416556340464276
1828,0.333333333333333,0,-0.500319137317958
1828,0.444444444444444,0,-0.939692620785908
1828,0.555555555555556,0,-0.939692620785908
1828,0.666666666666667,0,-0.5
1828,0.777777777777778,0,0
1828,0.888888888888889,0,0
1828,1,0,0
1829,0,-0.00350904185003725,-0.0013505851622651
1829,0.111111111111111,-0.0130725633734207,-0.0252467690630534
1829,0.222222222222222,-0.038736549606757,-0.0354064336365279
1829,0.333333333333333,-0.0184022297283517,-0.468123868200226
1829,0.444444444444444,0.0231375563056812,-0.862007160872077
1829,0.555555555555556,-0.0324085653719597,-0.884764208878568
1829,0.666666666666667,-0.0937749813649261,-0.482403901693674
1829,0.777777777777778,-0.0118577506816132,0.0240451210724295
1829,0.888888888888889,-0.00217507285883525,-0.0209153056103159
1829,1,-0.0230716749425708,-0.0408385413040778
1830,0,0.0133131667771974,0.00248920665706201
1830,0.111111111111111,-0.0205583627712235,-0.030505002922345
1830,0.222222222222222,-0.0581037921323491,-0.0696588523539049
1830,0.333333333333333,-0.0730928602950141,-0.578823288914127
1830,0.444444444444444,-0.00967605915988794,-0.950047373163976
1830,0.555555555555556,0,-0.939692620785908
1830,0.666666666666667,0,-0.5
1830,0.777777777777778,0,0
1830,0.888888888888889,0,-0.000706131696299717
1830,1,0,-0.0571966674002775
1831,0,0,0.0063188727498037
1831,0.111111111111111,0,0.0252853644872389
1831,0.222222222222222,0,0.00105030640468958
1831,0.333333333333333,0,-0.456278330028029
1831,0.444444444444444,0,-0.768451592146133
1831,0.555555555555556,0,-0.791778182532892
1831,0.666666666666667,0,-0.465025801423064
1831,0.777777777777778,0.000440087427372632,0
1831,0.888888888888889,0.0114002951083494,0.00111662103723187
1831,1,0.0678939449639095,0.0904463040157819
1832,0,-0.00298534023235766,0.00578312878835303
1832,0.111111111111111,-0.0147687619306885,7.13966517080622e-05
1832,0.222222222222222,0.00809846393752661,0
1832,0.333333333333333,0.0603021556606499,-0.5
1832,0.444444444444444,0.121853189562647,-0.939692620785908
1832,0.555555555555556,0.12674953124632,-0.939692620785908
1832,0.666666666666667,0.10710010063214,-0.5
1832,0.777777777777778,0.146913867862833,0
1832,0.888888888888889,0.121136314232439,0
1832,1,0.125865922106147,0
1833,0,0.00535425987803064,0.0060953742365997
1833,0.111111111111111,0.0572571110284821,0.0294111048289902
1833,0.222222222222222,0.0604993514111698,0.00122232722063354
1833,0.333333333333333,0.00491894232888737,-0.213853851449161
1833,0.444444444444444,0,0.0220763785099681
1833,0.555555555555556,0,-0.740980017625604
1833,0.666666666666667,0,-0.5
1833,0.777777777777778,0,0
1833,0.888888888888889,0,0
1833,1,0,0
1834,0,-0.00205985475087669,-0.00178393275425309
1834,0.111111111111111,0.128933303306217,-2.20238611636185e-05
1834,0.222222222222222,0.269105841799436,0
1834,0.333333333333333,0.307499324860144,-0.5
1834,0.444444444444444,0.227878939751512,-0.939692620785908
1834,0.555555555555556,0.164940931781838,-0.939692620785908
1834,0.666666666666667,0.444302585544377,-0.5
1834,0.777777777777778,0.177392062683794,0
1834,0.888888888888889,0.000479694358156445,0
1834,1,0.0388552430106723,0
1835,0,0,0
1835,0.111111111111111,0,0.671563386997963
1835,0.222222222222222,0.48128127754839,0.551870575421726
1835,0.333333333333333,1.42934783008591,-0.455658317473311
1835,0.444444444444444,1.37355080603243,-0.939692620785908
1835,0.555555555555556,1.62477221791845,-0.939692620785908
1835,0.666666666666667,1.18173234461108,-0.5
1835,0.777777777777778,0.934224889140142,0.000242607189024266
1835,0.888888888888889,0.56972623565818,0.00582257253658238
1835,1,0.518156911235368,0
1836,0,0,0
1836,0.111111111111111,0.0604364455271548,0
1836,0.222222222222222,0.157798450049952,0
1836,0.333333333333333,0.3382054053124,-0.5
1836,0.444444444444444,0.692551574969827,-0.939692620785908
1836,0.555555555555556,0.170876249809493,-0.939692620785908
1836,0.666666666666667,0.00978630786729735,-0.49984986677918
1836,0.777777777777778,0,0.00318674348729933
1836,0.888888888888889,0,0.0325551813524372
1836,1,0,-0.109799833963718
1837,0,0.00946218776401062,0.00724049623294061
1837,0.111111111111111,0.0584445260981502,0.0532740812614386
1837,0.222222222222222,0.00424175227188292,0.00221602885079403
1837,0.333333333333333,0.000153318616786583,-0.5
1837,0.444444444444444,0,-0.939692620785908
1837,0.555555555555556,0,-0.939692620785908
1837,0.666666666666667,0,-0.5
1837,0.777777777777778,0.00257898553982781,0.000681022412316423
1837,0.888888888888889,0.061619363482604,0.0170866759369989
1837,1,-0.0223794473343296,0.0601131813537904
1838,0,0.0129333696784916,0.00405596686187604
1838,0.111111111111111,0.00141016056599877,-0.0374045803448259
1838,0.222222222222222,0.000848128390682598,-0.035769516849741
1838,0.333333333333333,6.73751286711757e-05,-0.502895424668282
1838,0.444444444444444,0,-0.939692620785908
1838,0.555555555555556,0,-0.939692620785908
1838,0.666666666666667,0,-0.5
1838,0.777777777777778,5.68676260251833e-06,-6.64146589177742e-05
1838,0.888888888888889,0.000420641463791936,-0.00163539451878761
1838,1,0.0230168920678513,-0.00335685908564385
1839,0,0,0
1839,0.111111111111111,0,0
1839,0.222222222222222,0,0
1839,0.333333333333333,0,-0.5
1839,0.444444444444444,0,-0.939692620785908
1839,0.555555555555556,0,-0.939692620785908
1839,0.666666666666667,0,-0.503149235189177
1839,0.777777777777778,0,-0.0403534006377073
1839,0.888888888888889,0,-0.0768628457915926
1839,1,0,-0.110513494426004
1840,0,0.00829462380226743,0
1840,0.111111111111111,0.00796295417253526,0
1840,0.222222222222222,0.0124329753840068,0
1840,0.333333333333333,0.00102459942016441,-0.5
1840,0.444444444444444,0,-0.939692620785908
1840,0.555555555555556,0,-0.939692620785908
1840,0.666666666666667,0,-0.5
1840,0.777777777777778,0,0
1840,0.888888888888889,0.0016952359646342,0
1840,1,0.137314113135371,0
1841,0,0.00345143071481866,-0.000466421761424488
1841,0.111111111111111,0.111032110720242,0.0063228510668825
1841,0.222222222222222,0.162722783160953,0.000263692056676393
1841,0.333333333333333,0.270477891147148,-0.5
1841,0.444444444444444,0.306318805707241,-0.939692620785908
1841,0.555555555555556,0.0582134478347134,-0.939692620785908
1841,0.666666666666667,0,-0.5
1841,0.777777777777778,0,0
1841,0.888888888888889,0.0021410774018008,0
1841,1,0.173427269545866,0
1842,0,-0.00188977992249158,0.0157697076842148
1842,0.111111111111111,-2.33306163270566e-05,0.00590913979200801
1842,0.222222222222222,0,0.23952680701377
1842,0.333333333333333,0,0.244766682764663
1842,0.444444444444444,0,-0.0751780778315
1842,0.555555555555556,-0.000401949021719202,-0.106122631208507
1842,0.666666666666667,-0.00293925222132166,0.0829554841672979
1842,0.777777777777778,-0.00123096887901505,0.191435141542167
1842,0.888888888888889,0,0.662246670388206
1842,1,0,0
1843,0,0.000755600598848079,0.00221616740986197
1843,0.111111111111111,0.0644610454727369,0.0176087314807317
1843,0.222222222222222,0.087917045350047,0.0257549618787066
1843,0.333333333333333,0.00721395624685644,-0.183923026364384
1843,0.444444444444444,0,0.061804462811257
1843,0.555555555555556,0,-0.696226812396791
1843,0.666666666666667,0,-0.446799995495882
1843,0.777777777777778,0.00154859258382273,0.0409012267367337
1843,0.888888888888889,0.0361947986161719,0.0615335766385639
1843,1,-0.0786852950414697,0.0317198395409331
1844,0,-0.00325136109941009,0.00608450491025019
1844,0.111111111111111,0.0357317952580526,0.00916741712022814
1844,0.222222222222222,-0.00822800470559788,0.145196576442507
1844,0.333333333333333,-0.263917946993422,0.224996599645752
1844,0.444444444444444,-0.812234995354719,0.582642685333247
1844,0.555555555555556,-0.172648545686581,-0.223935373471837
1844,0.666666666666667,-0.0401241017480793,-0.372584473510414
1844,0.777777777777778,-0.0168041109885118,0
1844,0.888888888888889,0,0
1844,1,0,0
1845,0,-0.0304562478293159,-0.0080506499492271
1845,0.111111111111111,-0.042066368680842,0.00983767861236329
1845,0.222222222222222,-0.0378982332300908,0.000414044556353217
1845,0.333333333333333,0.0271431867158834,-0.5
1845,0.444444444444444,0.158124407172331,-0.939692620785908
1845,0.555555555555556,0.105029233330263,-0.939692620785908
1845,0.666666666666667,0.0195336177276889,-0.5
1845,0.777777777777778,-0.0114114069704617,0.000755625345552027
1845,0.888888888888889,-0.00811446382411864,0.0183974296067743
1845,1,-0.117653222470684,0.0212561263955767
1846,0,0,0.0105955825920022
1846,0.111111111111111,0,-0.0159717432492628
1846,0.222222222222222,0,-0.00751843005581229
1846,0.333333333333333,0,-0.495301044323777
1846,0.444444444444444,-0.000207090149087748,-0.927834276304929
1846,0.555555555555556,-0.00651890250681903,-0.902568063868111
1846,0.666666666666667,-0.0404316371704408,-0.481452651780899
1846,0.777777777777778,-0.0133519469574017,-0.024825793888026
1846,0.888888888888889,0.0273091593849552,-0.0356941567488586
1846,1,0.0706292963628849,-0.0528257254980093
1847,0,0,0
1847,0.111111111111111,0,0
1847,0.222222222222222,0.0355924905362569,0
1847,0.333333333333333,0.0849861508722869,0.0447791961474053
1847,0.444444444444444,0.0116220377261247,1.09032765830744
1847,0.555555555555556,0.0170209486401369,0.416236966815345
1847,0.666666666666667,0.124465686931001,-0.106304868669659
1847,0.777777777777778,0.0521266552104193,0.0448945700912712
1847,0.888888888888889,0,0.000781427776962594
1847,1,0,0.0632956499339705
1848,0,0.0029494572457639,0.00213026508339511
1848,0.111111111111111,0.035776966882661,0.0750663606772288
1848,0.222222222222222,0.00148918974292684,0.058934229008073
1848,0.333333333333333,0,-0.495276476130184
1848,0.444444444444444,0.00801276092790624,-0.939692620785908
1848,0.555555555555556,0.0387817628910662,-0.939692620785908
1848,0.666666666666667,0.011538375736185,-0.5
1848,0.777777777777778,0,0.00211345273124049
1848,0.888888888888889,0,0.0517982491599469
1848,1,0,0.0871060724241966
1849,0,-0.00637739046323754,-0.00576368762807353
1849,0.111111111111111,0.00173114721460455,0.00842206338367656
1849,0.222222222222222,0.0106441251266786,-0.00283280410002854
1849,0.333333333333333,0.0541462225744068,-0.477915421990049
1849,0.444444444444444,0.120756382968592,-0.859848934061758
1849,0.555555555555556,0.0766351855216573,-0.893731344111521
1849,0.666666666666667,0.0267433159297936,-0.504577134676025
1849,0.777777777777778,-0.00459880571493445,-0.00600989416745985
1849,0.888888888888889,0.0288017861607149,0
1849,1,-0.0365085254812001,0
1850,0,-0.0080095781842407,-0.00090157055601495
1850,0.111111111111111,0.0114425858842865,0.014957399942079
1850,0.222222222222222,0.0318778506508211,0.0282389032119195
1850,0.333333333333333,0.0676461383503289,-0.449283183838716
1850,0.444444444444444,0.042332309258797,-0.898281504720768
1850,0.555555555555556,-0.00284923475095018,-0.908855855148069
1850,0.666666666666667,-0.132698268831138,-0.517409999287101
1850,0.777777777777778,-0.0566851312119709,-0.0507632644077593
1850,0.888888888888889,0,-0.0296319796248518
1850,1,0,-0.0126664750349036
1851,0,-0.00330657737862505,-0.00255648592183659
1851,0.111111111111111,-0.0271531766108268,-0.0110960493202517
1851,0.222222222222222,-0.00112968144449504,-0.000461020323569214
1851,0.333333333333333,0,-0.5
1851,0.444444444444444,0,-0.939692620785908
1851,0.555555555555556,0,-0.939692620785908
1851,0.666666666666667,0,-0.5
1851,0.777777777777778,0,0
1851,0.888888888888889,0,0
1851,1,0,0
1852,0,0.0161328981514952,0.00357831409275927
1852,0.111111111111111,0.0346520816864343,0.0150870511675213
1852,0.222222222222222,0.00440582546318121,0.0120253169917243
1852,0.333333333333333,-0.00622799048433882,-0.500603416466841
1852,0.444444444444444,0.0372527591163148,-0.960259406748454
1852,0.555555555555556,0.0515974587705963,-0.944081135607414
1852,0.666666666666667,0.0135033539072404,-0.5
1852,0.777777777777778,0,0
1852,0.888888888888889,0,-0.0126491468501144
1852,1,0,-1.02458089485927
1853,0,0,0
1853,0.111111111111111,0.0649014239486803,0
1853,0.222222222222222,0.115730862292149,0
1853,0.333333333333333,0.0215326419602862,-0.207556382111187
1853,0.444444444444444,0.00169653049128247,0.11998782331643
1853,0.555555555555556,0,-0.365161213919039
1853,0.666666666666667,0,-0.389487271074488
1853,0.777777777777778,0.00164269550470561,0
1853,0.888888888888889,0.0415616498148442,0
1853,1,0.173093573854688,0
1854,0,-0.0101197589830138,-0.0193822952468544
1854,0.111111111111111,-0.0135251636107575,-0.0503690012115454
1854,0.222222222222222,0.0101102432615453,-0.0341910934559061
1854,0.333333333333333,0.045024853882452,-0.484689903574838
1854,0.444444444444444,0.0485783229862735,-0.912428383950932
1854,0.555555555555556,0.0499089836172098,-0.918473779941884
1854,0.666666666666667,0.0452120651859889,-0.480225379538233
1854,0.777777777777778,0.0142223590314666,0.00648570704113751
1854,0.888888888888889,0,0
1854,1,0,0
1855,0,-0.0178743014765733,-0.012032487445238
1855,0.111111111111111,-0.0942213191997836,-0.0216984774888552
1855,0.222222222222222,-0.0837612747143806,-0.000897913677547344
1855,0.333333333333333,0.0410740926579183,-0.5
1855,0.444444444444444,0.122207308091584,-0.939692620785908
1855,0.555555555555556,0.0862497537113249,-0.939692620785908
1855,0.666666666666667,0.0172587263090197,-0.5
1855,0.777777777777778,-0.0697045001967079,-0.000425768949147512
1855,0.888888888888889,-0.0576794372728456,-0.0100138405980498
1855,1,-0.0394420253711344,0.0165737487007271
1856,0,0,-0.00735000416609528
1856,0.111111111111111,-0.0881110300304227,-0.0764657795733772
1856,0.222222222222222,-0.00367129291793428,-0.0789018559315211
1856,0.333333333333333,0,-0.506408865804145
1856,0.444444444444444,0,-0.939692620785908
1856,0.555555555555556,0,-0.939692620785908
1856,0.666666666666667,0,-0.5
1856,0.777777777777778,0,-0.00217555811561096
1856,0.888888888888889,0,-0.0516368794240481
1856,1,0,0.0466977433997983
1857,0,-0.00676564018685036,0
1857,0.111111111111111,0.00523890522698544,0
1857,0.222222222222222,0.000221767985376889,0
1857,0.333333333333333,0,-0.424948057961824
1857,0.444444444444444,0,-0.643726649247358
1857,0.555555555555556,0,-0.657311925514641
1857,0.666666666666667,0,-0.297458611012327
1857,0.777777777777778,0,0.0911634530683943
1857,0.888888888888889,0,0.0309393076479197
1857,1,0,-0.0589683307759366
1858,0,0.0017002334274496,0.00382528049954099
1858,0.111111111111111,-0.00354200159142087,4.72256851795184e-05
1858,0.222222222222222,0.0751188622853786,0
1858,0.333333333333333,0.085343997990239,-0.229384179118388
1858,0.444444444444444,0.0111966745382389,-0.0106040375063672
1858,0.555555555555556,0,-0.639958523011942
1858,0.666666666666667,0,-0.345125424895556
1858,0.777777777777778,0,0.0530906993521057
1858,0.888888888888889,-6.60836390205495e-05,0
1858,1,-0.00535277476066454,0
1859,0,0,0.0184965924774085
1859,0.111111111111111,0,0.0459769488095558
1859,0.222222222222222,0,0.0491738008458321
1859,0.333333333333333,0,-0.495999293252212
1859,0.444444444444444,0,-0.939692620785908
1859,0.555555555555556,0,-0.939692620785908
1859,0.666666666666667,0.00123442812032879,-0.5
1859,0.777777777777778,0.0171993355787489,0
1859,0.888888888888889,0.0636643650650257,0.00219936719674932
1859,1,0.0736502728909561,0.178148742936696
1860,0,0.0061760918345031,0.00655509352433884
1860,0.111111111111111,0.00242346661164656,0.0477691481477721
1860,0.222222222222222,0.156235475240115,0.00198700921113436
1860,0.333333333333333,0.526384766675906,-0.5
1860,0.444444444444444,0.664851408119626,-0.939692620785908
1860,0.555555555555556,0.445869568759733,-0.939692620785908
1860,0.666666666666667,0.099071123445574,-0.5
1860,0.777777777777778,0,0
1860,0.888888888888889,0,0
1860,1,0,0
1861,0,-0.0180726710594603,0
1861,0.111111111111111,-0.000223119395795806,0
1861,0.222222222222222,0,0.0379341715869886
1861,0.333333333333333,0,-0.0754785409486
1861,0.444444444444444,0.0217364950798549,0.195116759255395
1861,0.555555555555556,0.123669417846843,-0.707787101825578
1861,0.666666666666667,0.166324268806263,-0.5
1861,0.777777777777778,0.0542814348075425,0
1861,0.888888888888889,-0.0563879017365407,0
1861,1,-0.160451691658909,0
1862,0,0.019556517405369,-0.00578177493729979
1862,0.111111111111111,0.000241438486486038,-0.016101871108235
1862,0.222222222222222,0,-0.0138605528570446
1862,0.333333333333333,0,-0.481003101928006
1862,0.444444444444444,0,-0.882439728393065
1862,0.555555555555556,0,-0.889479484429778
1862,0.666666666666667,0,-0.483172686292472
1862,0.777777777777778,0,-0.00166443362312951
1862,0.888888888888889,0.000790988361666815,-0.00916709054217003
1862,1,0.0640700572950125,-0.0147283348450157
1863,0,-0.0438340097705032,0
1863,0.111111111111111,-0.000541160614450657,0
1863,0.222222222222222,0,0
1863,0.333333333333333,0,-0.5
1863,0.444444444444444,0,-0.934906205558266
1863,0.555555555555556,0,-0.920374424705983
1863,0.666666666666667,0,-0.521246454182064
1863,0.777777777777778,0,-0.0117846642169535
1863,0.888888888888889,-0.0142185823292983,0
1863,1,-1.15170516867317,0
1864,0,0,0
1864,0.111111111111111,0.0998868693466258,0
1864,0.222222222222222,0.178607569046206,0
1864,0.333333333333333,0.277497380181309,-0.5
1864,0.444444444444444,0.446405989300514,-0.939692620785908
1864,0.555555555555556,0.092266162046683,-0.939692620785908
1864,0.666666666666667,0.0292995769741204,-0.5
1864,0.777777777777778,0.0122707630062555,0.00202238943653674
1864,0.888888888888889,0,0.0479734226408014
1864,1,0,-0.0456778307225138
1865,0,-0.0224311811230561,-0.00388508597376747
1865,0.111111111111111,0.0224044951587007,-0.0061344878306586
1865,0.222222222222222,0.000945059305029739,0.00614796779746008
1865,0.333333333333333,0,-0.442526934786657
1865,0.444444444444444,0,-0.83790350166245
1865,0.555555555555556,0,-0.853017742890089
1865,0.666666666666667,0,-0.436726424809208
1865,0.777777777777778,-0.000867699621694109,0.0298385554568278
1865,0.888888888888889,-0.0212524657409683,-0.00099011574279547
1865,1,-0.0346416604450892,-0.0632678942296751
1866,0,0,0
1866,0.111111111111111,0,0
1866,0.222222222222222,0.0117177602601139,0
1866,0.333333333333333,0.144608498054177,-0.5
1866,0.444444444444444,0.480562397060122,-0.939692620785908
1866,0.555555555555556,0.498423436014943,-0.939692620785908
1866,0.666666666666667,0.179185931380896,-0.5
1866,0.777777777777778,0.068233952849502,0
1866,0.888888888888889,0.0826663843556225,0
1866,1,0.018164077718342,0
1867,0,-0.00665609390032988,-0.00674575029863481
1867,0.111111111111111,-0.0163572333301985,-0.0215500482457409
1867,0.222222222222222,-0.000678127472142877,-0.000894448640744022
1867,0.333333333333333,0.11909808656736,-0.5
1867,0.444444444444444,0.53508708037432,-0.939692620785908
1867,0.555555555555556,0.780949512075028,-0.939692620785908
1867,0.666666666666667,0.531807075076178,-0.5
1867,0.777777777777778,0.167189158272959,0
1867,0.888888888888889,0.0156622587139716,0
1867,1,0,0
1868,0,-0.00218906110339158,0.00180977732178668
1868,0.111111111111111,0.0378760183396423,-0.0054193991606966
1868,0.222222222222222,0.0340570300212517,-0.0002267392537748
1868,0.333333333333333,0.0529819806838079,-0.5
1868,0.444444444444444,0.0071219346452531,-0.939692620785908
1868,0.555555555555556,0,-0.939692620785908
1868,0.666666666666667,0,-0.5
1868,0.777777777777778,0,0.00288339599950898
1868,0.888888888888889,0,0.0713901733949723
1868,1,0,0.177282221947302
1869,0,0,0
1869,0.111111111111111,0.0209453057682923,0
1869,0.222222222222222,0.0799041363097555,0
1869,0.333333333333333,0.108559811246248,-0.5
1869,0.444444444444444,0.0144429918116352,-0.939692620785908
1869,0.555555555555556,0,-0.939692620785908
1869,0.666666666666667,0,-0.5
1869,0.777777777777778,-0.00130592676339572,0
1869,0.888888888888889,-0.0328656272568296,0
1869,1,-0.123394179761913,0
1870,0,0,-0.0098254244681085
1870,0.111111111111111,0,-0.0264395859784103
1870,0.222222222222222,0,-0.00109659518507362
1870,0.333333333333333,0.0085117391183616,-0.373363339281492
1870,0.444444444444444,0.0189338927738875,-0.514052733370924
1870,0.555555555555556,-0.0451550358070498,-0.850657169475611
1870,0.666666666666667,-0.0486659989272169,-0.492407078315073
1870,0.777777777777778,-0.0594210395179681,-0.00227614615508658
1870,0.888888888888889,-0.0553234081681237,-0.0213737030530144
1870,1,-0.0308530301191213,-0.0309979985297932
1871,0,0,0.0151798773777663
1871,0.111111111111111,0.532184037190337,0.0284624874618753
1871,0.222222222222222,0.426912151973455,0.00117812839868011
1871,0.333333333333333,0.0715976887090341,-0.5
1871,0.444444444444444,0.00529410739410566,-0.939692620785908
1871,0.555555555555556,0,-0.939692620785908
1871,0.666666666666667,0,-0.5
1871,0.777777777777778,-0.000365076085389191,0
1871,0.888888888888889,-0.00969571804073485,0
1871,1,-0.0756452513029372,0
1872,0,0.00487813380376203,0
1872,0.111111111111111,-0.0162538732106415,0
1872,0.222222222222222,-0.000679754045198417,0.0350370625577436
1872,0.333333333333333,0,-0.356313839579225
1872,0.444444444444444,0,-0.68222000303839
1872,0.555555555555556,0,-0.643082196848396
1872,0.666666666666667,0,-0.11620859273584
1872,0.777777777777778,0,0.405189172162554
1872,0.888888888888889,0.00136769516109678,0.226355690843678
1872,1,0.11078330804884,0
1873,0,-0.000114177067225804,-0.00116718420770831
1873,0.111111111111111,-1.40959342254079e-06,-0.0130219504002138
1873,0.222222222222222,0.00719119446103486,0.0121180286492105
1873,0.333333333333333,0.170317668892264,-0.498928463144711
1873,0.444444444444444,0.527288464833692,-0.939692620785908
1873,0.555555555555556,0.155704084569335,-0.939692620785908
1873,0.666666666666667,0.0146832694528268,-0.5
1873,0.777777777777778,0.00240102836424259,0
1873,0.888888888888889,0.0584578006803779,0
1873,1,0.0674827150230308,0
1874,0,0.0104901803047507,-0.0053134934207617
1874,0.111111111111111,-0.0738658424005757,0.00146693532123882
1874,0.222222222222222,-0.131199913683913,0.036154727964486
1874,0.333333333333333,-0.143086402171256,-0.366956319776221
1874,0.444444444444444,-0.177043358983047,-0.739755429207584
1874,0.555555555555556,-0.236700250167413,-0.900539491101236
1874,0.666666666666667,-0.19852004631484,-0.5
1874,0.777777777777778,-0.191090249225534,0
1874,0.888888888888889,-0.182119405887164,0
1874,1,-0.268024049335868,0
1875,0,0.0135693649801404,0.00511027791069635
1875,0.111111111111111,-0.0712069901478292,0.0249185508658402
1875,0.222222222222222,-0.072108040102379,0.0309765629429614
1875,0.333333333333333,-0.0249147805254542,-0.497465815655743
1875,0.444444444444444,-0.0215808160850486,-0.939692620785908
1875,0.555555555555556,-0.00407219901743181,-0.939692620785908
1875,0.666666666666667,0,-0.5
1875,0.777777777777778,0,5.42213314234038e-05
1875,0.888888888888889,0,0.00201531607785773
1875,1,0,0.0578343340193796
1876,0,0.000148610745844653,0.00153912098143068
1876,0.111111111111111,-0.0406660009622274,0.0212001323705297
1876,0.222222222222222,0.0199358419688316,0.0189727814539077
1876,0.333333333333333,0.160444210237663,-0.498468851639439
1876,0.444444444444444,0.246269993578665,-0.939692620785908
1876,0.555555555555556,0.261708106026952,-0.939692620785908
1876,0.666666666666667,0.212775884169281,-0.5
1876,0.777777777777778,0.220402587384508,0
1876,0.888888888888889,0.183957390410413,0
1876,1,0.267127592388034,0
1877,0,-0.0126685093760748,-0.00808298256232945
1877,0.111111111111111,-0.0455537272350729,-0.057721683322572
1877,0.222222222222222,0.0229534684729318,-0.0199928027958402
1877,0.333333333333333,0.0938246383434626,-0.476380588222377
1877,0.444444444444444,0.100393541563091,-0.918020350812143
1877,0.555555555555556,0.0591316277636999,-0.917621159134856
1877,0.666666666666667,0.0269366735805189,-0.492515565607146
1877,0.777777777777778,0.00629606357341496,0.000799646662262501
1877,0.888888888888889,0,0
1877,1,0,0
1878,0,0.000654131270572776,-0.00214513342566324
1878,0.111111111111111,0.0533970178086602,0.0118684385959565
1878,0.222222222222222,0.0539507199044031,0.0264283169073553
1878,0.333333333333333,0.0236132294488763,-0.447198837747391
1878,0.444444444444444,0.0181319555163591,-0.858295893695276
1878,0.555555555555556,0.0251262522824884,-0.868004933392561
1878,0.666666666666667,-0.0113655924168852,-0.494400039425333
1878,0.777777777777778,-0.0654697281914232,-0.0467415742797553
1878,0.888888888888889,-0.0632164194435236,-0.0447132198228959
1878,1,-0.0860053882709365,-0.00865170277748459
1879,0,0.00507887918454657,-0.00133340251014506
1879,0.111111111111111,0.0577838584993603,-0.0131605669249901
1879,0.222222222222222,0.0907165310940571,-0.0117399495355566
1879,0.333333333333333,0.00747463961980074,-0.500947308837457
1879,0.444444444444444,0,-0.728504197660031
1879,0.555555555555556,0,0.0824593471433386
1879,0.666666666666667,0,-0.199542938010423
1879,0.777777777777778,0,-0.0450889019290238
1879,0.888888888888889,0,-0.047183614107249
1879,1,0,-0.100259007474314
1880,0,-0.00557364614942995,-0.00615197387447065
1880,0.111111111111111,-0.0065995749313696,0.0079031744888475
1880,0.222222222222222,0.0227484820608369,0.0108055334557839
1880,0.333333333333333,0.0892958564215824,-0.499113564614656
1880,0.444444444444444,0.146965250558112,-0.939692620785908
1880,0.555555555555556,0.223153214809578,-0.939692620785908
1880,0.666666666666667,0.167937421865894,-0.5
1880,0.777777777777778,0.113855618424214,0
1880,0.888888888888889,0.0599270181968312,0
1880,1,-0.0140561361071783,0
1881,0,0,-0.0306816844032451
1881,0.111111111111111,0,0.0711894660647004
1881,0.222222222222222,0,0.230217517300569
1881,0.333333333333333,0,-0.172111825994473
1881,0.444444444444444,0,-0.635492308000861
1881,0.555555555555556,0,-0.690542008985076
1881,0.666666666666667,0,-0.295748890474961
1881,0.777777777777778,0,0.177713082662664
1881,0.888888888888889,0,0.112089767813413
1881,1,0,0.22664676494419
1882,0,0.00548276630358425,0.00735594529336418
1882,0.111111111111111,6.76884728837562e-05,0.0635357415558146
1882,0.222222222222222,0,0.111983142795406
1882,0.333333333333333,0,-0.323959543412844
1882,0.444444444444444,0,-0.739356857348738
1882,0.555555555555556,0,-0.792687241847964
1882,0.666666666666667,0,-0.435286999308412
1882,0.777777777777778,0,-0.0367198512714845
1882,0.888888888888889,0,-0.0185389137397543
1882,1,0,-0.0693493073225301
1883,0,0,0.00866597893316972
1883,0.111111111111111,0,0.0599932717469076
1883,0.222222222222222,0,0.0889478137165092
1883,0.333333333333333,0,-0.437791186469078
1883,0.444444444444444,0.133874731599464,-0.931910224067724
1883,0.555555555555556,0.649472383533458,-0.939692620785908
1883,0.666666666666667,0.203884979957615,-0.5
1883,0.777777777777778,0.00465096543816192,0
1883,0.888888888888889,0,0
1883,1,0,0
1884,0,0,0
1884,0.111111111111111,0,0
1884,0.222222222222222,0.0298339900687541,0
1884,0.333333333333333,0.328723009435169,-0.5
1884,0.444444444444444,0.960023590919995,-0.939692620785908
1884,0.555555555555556,0.589437351895691,-0.939692620785908
1884,0.666666666666667,0.122170049441225,-0.5
1884,0.777777777777778,0.00201327573945304,0
1884,0.888888888888889,0.0483186177468728,0
1884,1,0,0
1885,0,0,-0.00672304001943419
1885,0.111111111111111,0,-0.0121083396617241
1885,0.222222222222222,-0.129492552635822,-0.0219537038666487
1885,0.333333333333333,-0.422291088516179,-0.44596975910418
1885,0.444444444444444,-0.435498538385417,-0.885037849457471
1885,0.555555555555556,-0.181579987523285,-0.872907688514023
1885,0.666666666666667,-0.325988635327228,-0.482342652480501
1885,0.777777777777778,-0.335284761708062,0
1885,0.888888888888889,-0.317304342533454,0
1885,1,-0.410819976855195,0
1886,0,0.00735117184677568,0
1886,0.111111111111111,-0.0294659439128235,0
1886,0.222222222222222,0.113569712176792,0
1886,0.333333333333333,0.261066148786145,-0.5
1886,0.444444444444444,0.315877528814829,-0.939692620785908
1886,0.555555555555556,0.3252033319819,-0.939692620785908
1886,0.666666666666667,0.275480154774299,-0.5
1886,0.777777777777778,0.257298302746934,0
1886,0.888888888888889,0.240445039488755,0.000736199055867616
1886,1,0.254099112606367,0.0596321235252773
1887,0,-0.034476161505985,-0.0233750574330559
1887,0.111111111111111,-0.0104263140884431,-0.00813495920457983
1887,0.222222222222222,0.0170753194543201,0.0152183383059503
1887,0.333333333333333,-0.00896468826531898,-0.476169615005336
1887,0.444444444444444,0.0371020491244191,-0.885283082791304
1887,0.555555555555556,0.0788959843939847,-0.896340506425435
1887,0.666666666666667,0.0219764479675703,-0.500385257000412
1887,0.777777777777778,0,-0.0836897452475791
1887,0.888888888888889,0,-0.0967040228855275
1887,1,0,-0.0629536318682491
1888,0,-0.00679112748631039,-0.0119067125054328
1888,0.111111111111111,-0.017157923039468,-0.0865142393090335
1888,0.222222222222222,-0.00779031915383992,-0.106276685717398
1888,0.333333333333333,0.0933095933942707,-0.541425687607331
1888,0.444444444444444,0.127980815236635,-0.924995411759215
1888,0.555555555555556,0.120597472662353,-0.959193833367277
1888,0.666666666666667,0.0946302761698721,-0.541533166098484
1888,0.777777777777778,0.0283362344529885,-0.0268157042737927
1888,0.888888888888889,0,-0.00332532600894343
1888,1,0,-0.102803421755046
1889,0,0,-0.0222495024617807
1889,0.111111111111111,0,-0.0466700095975674
1889,0.222222222222222,0,-0.00558924128693742
1889,0.333333333333333,-0.0124122284795995,-0.500309450704757
1889,0.444444444444444,-0.0122477670385928,-0.939692620785908
1889,0.555555555555556,0.134020579055508,-0.939692620785908
1889,0.666666666666667,0.0424384013056883,-0.5
1889,0.777777777777778,0,-0.00233583605420897
1889,0.888888888888889,0,-0.0560600653010153
1889,1,0,0
1890,0,0,-0.00238109492077148
1890,0.111111111111111,0,-0.0803444321796546
1890,0.222222222222222,0,-0.04666831950333
1890,0.333333333333333,0,-0.474686208502108
1890,0.444444444444444,0,-0.948338954646415
1890,0.555555555555556,0,-0.928642955334375
1890,0.666666666666667,0,-0.561535023234182
1890,0.777777777777778,0,-0.103308291123751
1890,0.888888888888889,0,-0.0487522150191097
1890,1,0,0.134587952715406
1891,0,-0.00921614930484217,-0.000829226849848705
1891,0.111111111111111,-0.13050153441729,0.0830742223879715
1891,0.222222222222222,-0.152435945271872,0.00346185248985367
1891,0.333333333333333,-0.0124422705272563,-0.5
1891,0.444444444444444,0,-0.939692620785908
1891,0.555555555555556,0,-0.939692620785908
1891,0.666666666666667,0,-0.5
1891,0.777777777777778,0,0
1891,0.888888888888889,0,0
1891,1,0,0
1892,0,-0.00543165610405544,-0.00338871018382992
1892,0.111111111111111,-0.0469545886033506,-0.0416927743044377
1892,0.222222222222222,-0.0946177013208436,-0.0749773443490689
1892,0.333333333333333,-0.0888981648355488,-0.539827763989291
1892,0.444444444444444,-0.0427324950633758,-0.942600288245178
1892,0.555555555555556,-0.00673894686933952,-0.939291372738092
1892,0.666666666666667,0,-0.5
1892,0.777777777777778,0,0
1892,0.888888888888889,0,0
1892,1,0,0
1893,0,0,0
1893,0.111111111111111,0.105521759601864,0
1893,0.222222222222222,0.205098334528697,0
1893,0.333333333333333,0.377330161633495,-0.5
1893,0.444444444444444,0.737677104416378,-0.939692620785908
1893,0.555555555555556,0.282504233871663,-0.939692620785908
1893,0.666666666666667,0.707100261828267,-0.5
1893,0.777777777777778,0.291705671218051,0
1893,0.888888888888889,0.0169275183506721,0
1893,1,0,0
1894,0,0.0130766406246792,-0.000821021391002021
1894,0.111111111111111,0.039057720349474,0.00128529462233273
1894,0.222222222222222,0.00162067834757341,0.0175406850351368
1894,0.333333333333333,0,-0.417495448164119
1894,0.444444444444444,0,-0.831590957166296
1894,0.555555555555556,0,-0.834763879827145
1894,0.666666666666667,0,-0.477996785983981
1894,0.777777777777778,0,0.0578632710060196
1894,0.888888888888889,0,0.0638621364989708
1894,1,0,0.0996226815311611
1895,0,0.00493987403360573,0.00372401088718992
1895,0.111111111111111,0.0170378084133575,0.01504377487568
1895,0.222222222222222,0.000707367596424051,0.000624908309692846
1895,0.333333333333333,0,-0.5
1895,0.444444444444444,0,-0.939692620785908
1895,0.555555555555556,0,-0.939692620785908
1895,0.666666666666667,0.00307490319707647,-0.497713828688163
1895,0.777777777777778,0.038213219950779,0.0283701450165151
1895,0.888888888888889,0.0440356512748773,0.0320417939051473
1895,1,-0.0952352005969279,-0.0473939155168176
1896,0,0.00337281479074456,-0.00331210156057261
1896,0.111111111111111,-0.0244756129555219,-0.0890265257988528
1896,0.222222222222222,-0.0173612594037809,-0.117301584781133
1896,0.333333333333333,0.00468082035608783,-0.589726270447822
1896,0.444444444444444,0.0682321516188195,-0.948360743267224
1896,0.555555555555556,0.0896656683048937,-0.939112371564296
1896,0.666666666666667,0.0160466542003732,-0.5
1896,0.777777777777778,0.0349908808530872,0
1896,0.888888888888889,0.0196628909162285,0
1896,1,-0.191735517802349,0
1897,0,-0.00726911363641832,-0.00969105494484736
1897,0.111111111111111,-8.97421436594855e-05,-0.0521993534804318
1897,0.222222222222222,0,-0.0399120510942853
1897,0.333333333333333,0,-0.484617287529816
1897,0.444444444444444,0,-0.889668997575167
1897,0.555555555555556,0,-0.872816970899687
1897,0.666666666666667,0,-0.486890671847145
1897,0.777777777777778,-0.000752451445965757,-0.0019826232176668
1897,0.888888888888889,-0.0224362866671737,0
1897,1,-0.354573609083643,0
1898,0,-0.0174033021569195,-0.01516740718488
1898,0.111111111111111,-0.0361285157379886,-0.033157348212601
1898,0.222222222222222,-0.013011423952586,-0.00137375401133529
1898,0.333333333333333,0.0817538993831664,-0.5
1898,0.444444444444444,0.180648359557643,-0.939692620785908
1898,0.555555555555556,0.214191544805584,-0.939692620785908
1898,0.666666666666667,0.208481584098937,-0.5
1898,0.777777777777778,0.102197511596506,0
1898,0.888888888888889,0.0331700999361149,-0.000882593670505386
1898,1,-0.039383220300663,-0.0714900873109368
1899,0,0,-0.0050069929750473
1899,0.111111111111111,0,-0.0297824574523025
1899,0.222222222222222,0,-0.0358977551261176
1899,0.333333333333333,0,-0.510064139250244
1899,0.444444444444444,0,-0.916784187711427
1899,0.555555555555556,0,-0.934532953577274
1899,0.666666666666667,0,-0.5
1899,0.777777777777778,0,0
1899,0.888888888888889,0,0
1899,1,0,0
1900,0,0,0.000219793393005692
1900,0.111111111111111,0,2.71349867908262e-06
1900,0.222222222222222,0,0
1900,0.333333333333333,0,-0.5
1900,0.444444444444444,0,-0.939692620785908
1900,0.555555555555556,0.0118956100647888,-0.939692620785908
1900,0.666666666666667,0.0895208283306904,-0.5
1900,0.777777777777778,0.065896599300139,0
1900,0.888888888888889,-0.012853810144765,-0.00202341361567612
1900,1,-0.118593057674832,-0.163896502869767
1901,0,0.00104674305096224,0.000360524064990367
1901,0.111111111111111,0.00796319335834405,4.45091438259713e-06
1901,0.222222222222222,0.000331261275192853,0
1901,0.333333333333333,0,-0.490378374455537
1901,0.444444444444444,0,-0.907353268261462
1901,0.555555555555556,0,-0.933010936380031
1901,0.666666666666667,0,-0.5
1901,0.777777777777778,0,0
1901,0.888888888888889,0,0
1901,1,0,0
1902,0,0,0
1902,0.111111111111111,0.605556710322698,0
1902,0.222222222222222,0.448850082160698,0
1902,0.333333333333333,0.235696951288301,-0.5
1902,0.444444444444444,0.305356474333673,-0.939692620785908
1902,0.555555555555556,0.342599369913591,-0.939692620785908
1902,0.666666666666667,0.101364467962062,-0.5
1902,0.777777777777778,0.160926891776162,0.000682589768206814
1902,0.888888888888889,0.0944891841621504,0.0163446674015759
1902,1,0,-0.00303644986639336
1903,0,0.000431910838999686,0.00164773300949273
1903,0.111111111111111,5.33223258024304e-06,2.03423828332436e-05
1903,0.222222222222222,0,0
1903,0.333333333333333,0,-0.167888033042883
1903,0.444444444444444,0,0.181844936504427
1903,0.555555555555556,0,-0.683541208912848
1903,0.666666666666667,0,-0.492407837574362
1903,0.777777777777778,0.000276628207093091,0
1903,0.888888888888889,0.00642387666639443,0
1903,1,-0.0174312246110202,0
1904,0,0,-0.000443239718442546
1904,0.111111111111111,0,-0.00682412970835187
1904,0.222222222222222,0,-0.00629006709308963
1904,0.333333333333333,0,-0.500508341133852
1904,0.444444444444444,0.00866856914531971,-0.939692620785908
1904,0.555555555555556,0.0433546500648543,-0.939692620785908
1904,0.666666666666667,0.0201105643979055,-0.5
1904,0.777777777777778,-0.0276961186563261,9.46367298980636e-05
1904,0.888888888888889,-0.0302377156119398,0.00262506280344034
1904,1,-0.0137346764537022,0.0286562841568324
1905,0,0,0
1905,0.111111111111111,0.0106108241186062,0
1905,0.222222222222222,0.0180715598270013,0.242872235707802
1905,0.333333333333333,0.001492147141679,0.360274852356351
1905,0.444444444444444,0,0.234736884032962
1905,0.555555555555556,0,0.0472029457155132
1905,0.666666666666667,0,0.104422892721537
1905,0.777777777777778,0,0.160973047369759
1905,0.888888888888889,0.000472831048348111,0.00020984883664114
1905,1,0.0382993149161972,0.0169977557679325
1906,0,0,-0.00320974814446636
1906,0.111111111111111,0,-0.0327777570313129
1906,0.222222222222222,0,-0.0325120616121748
1906,0.333333333333333,0,-0.502636348798444
1906,0.444444444444444,0.0091173424632552,-0.939692620785908
1906,0.555555555555556,0.0418806235773176,-0.939692620785908
1906,0.666666666666667,-0.0059186394522123,-0.5
1906,0.777777777777778,-0.0391110513624252,0
1906,0.888888888888889,-0.0329937764585603,0
1906,1,-0.0613191616201041,0
1907,0,0.00086770378619597,0.000145079600546404
1907,0.111111111111111,1.07123924221725e-05,1.79110617958524e-06
1907,0.222222222222222,0,0
1907,0.333333333333333,0,-0.5
1907,0.444444444444444,0.00381124060386719,-0.939692620785908
1907,0.555555555555556,0.0184464045227172,-0.939692620785908
1907,0.666666666666667,0.00548818646956876,-0.5
1907,0.777777777777778,0,0
1907,0.888888888888889,0,0
1907,1,0,0
1908,0,0.00324493229032364,0.00299819180139308
1908,0.111111111111111,4.00608924731315e-05,-0.000515335634825763
1908,0.222222222222222,0,-0.0145581095539905
1908,0.333333333333333,0,-0.506392886882963
1908,0.444444444444444,0,-0.914322074603518
1908,0.555555555555556,0,-0.904343466577866
1908,0.666666666666667,0,-0.490131917502148
1908,0.777777777777778,0,-0.0193277144900345
1908,0.888888888888889,0,-0.0200181545842436
1908,1,0,-0.035084768364426
1909,0,0.00140105332340533,0.00188103536368388
1909,0.111111111111111,0.00346329966416614,0.0341811102985072
1909,0.222222222222222,-0.00360548309643342,0.0420843428517518
1909,0.333333333333333,-0.00862813425404851,-0.496558465099051
1909,0.444444444444444,-0.00117828890239534,-0.939692620785908
1909,0.555555555555556,0,-0.939692620785908
1909,0.666666666666667,0,-0.5
1909,0.777777777777778,0,0
1909,0.888888888888889,0.00125567402281594,0
1909,1,0.101709595848092,0
1910,0,-0.0020629890027795,-0.000406706175696009
1910,0.111111111111111,-0.00324272866393289,-0.0136487057223346
1910,0.222222222222222,-0.0183673988701043,-0.0141665544194489
1910,0.333333333333333,-0.0268097098303204,-0.503626738931092
1910,0.444444444444444,-0.0274761953949457,-0.928042716692239
1910,0.555555555555556,-0.00515418445609536,-0.926659568378498
1910,0.666666666666667,0,-0.514918720921185
1910,0.777777777777778,0,-0.0266685504577138
1910,0.888888888888889,0,-0.00677560267397667
1910,1,0,-0.0267007830958647
1911,0,-0.00363354778398157,-0.00222305238073619
1911,0.111111111111111,-0.00467634433711947,-0.021510191420585
1911,0.222222222222222,-0.000192978571770934,-0.00422135669076943
1911,0.333333333333333,0,-0.475691207856252
1911,0.444444444444444,0,-0.936206259348181
1911,0.555555555555556,0,-0.939692620785908
1911,0.666666666666667,0,-0.5
1911,0.777777777777778,0,0
1911,0.888888888888889,-0.000206741377628795,-8.79888894983967e-05
1911,1,-0.0167460515879325,-0.00712710004937018
1912,0,-0.0032282610752325,-0.001320115712812
1912,0.111111111111111,-3.98550750028704e-05,0.0198167412107252
1912,0.222222222222222,0,0.03503910963821
1912,0.333333333333333,0,-0.336093573764106
1912,0.444444444444444,0,-0.408117577368917
1912,0.555555555555556,0,-0.491134108806993
1912,0.666666666666667,0,-0.394492873907562
1912,0.777777777777778,0,0
1912,0.888888888888889,0,0
1912,1,0,0
1913,0,-0.000696951276968608,0.00283023353567274
1913,0.111111111111111,-0.012037907973953,-0.00600354157654481
1913,0.222222222222222,-0.0407942944760684,-0.0189755882719035
1913,0.333333333333333,-0.0309694206597477,-0.522117895686693
1913,0.444444444444444,-0.00390725875831001,-0.969002399514143
1913,0.555555555555556,0,-0.9698252606621
1913,0.666666666666667,0,-0.553415977075113
1913,0.777777777777778,0,-0.0477701317391577
1913,0.888888888888889,0,-0.0351602218063225
1913,1,0,-0.0405537224066888
1914,0,-0.00855708384771171,0.00320945172094822
1914,0.111111111111111,-0.000105643010465577,-0.0041570860403357
1914,0.222222222222222,0,-0.00363640242213835
1914,0.333333333333333,0,-0.500292982971423
1914,0.444444444444444,0,-0.939692620785908
1914,0.555555555555556,0,-0.939692620785908
1914,0.666666666666667,0,-0.5
1914,0.777777777777778,0,0
1914,0.888888888888889,0,0.0013537077345385
1914,1,0,0.109650326497619
1915,0,0.000117771560941461,0.00137983395166715
1915,0.111111111111111,-0.0379373260532011,0.0088201048983663
1915,0.222222222222222,-0.0344106628678257,0.0212298551735944
1915,0.333333333333333,-0.00614184787734935,-0.479722952414212
1915,0.444444444444444,-0.000476818979097388,-0.790759066799024
1915,0.555555555555556,0,-0.249317477995609
1915,0.666666666666667,0,-0.294845624782286
1915,0.777777777777778,0,0
1915,0.888888888888889,-0.000418091155026306,0
1915,1,-0.033865383557131,0
1916,0,-0.00229522675571405,-0.000240767793243878
1916,0.111111111111111,-2.83361327865932e-05,0.00567509402123484
1916,0.222222222222222,0,0.000236586102630281
1916,0.333333333333333,0,-0.5
1916,0.444444444444444,0,-0.77957626453742
1916,0.555555555555556,0.0120077519985112,-0.164729456543223
1916,0.666666666666667,0.0909485703405499,-0.269432447002176
1916,0.777777777777778,0.0748254449183937,0
1916,0.888888888888889,0.0251905962785339,0
1916,1,0.230713200133826,0
1917,0,0.0038922879471623,-4.7929377572788e-05
1917,0.111111111111111,0.00630943449900197,0.000377284622440362
1917,0.222222222222222,-0.00575780012088015,-0.0060469303660743
1917,0.333333333333333,-0.0137657770136656,-0.508210826767628
1917,0.444444444444444,-0.00187945698215068,-0.914707635522083
1917,0.555555555555556,0,-0.894850255387807
1917,0.666666666666667,0,-0.471156241889797
1917,0.777777777777778,0,0.00727513057665247
1917,0.888888888888889,-0.000523986786762526,0
1917,1,-0.0424429297277649,0
1918,0,-0.00274484516916388,0.00459887212037001
1918,0.111111111111111,-0.0457291874337548,0.00197091957347467
1918,0.222222222222222,-0.0832466691254549,0.00835431311755075
1918,0.333333333333333,-0.0706475238721159,-0.470088375283405
1918,0.444444444444444,-0.00904013656081383,-0.894608893080228
1918,0.555555555555556,0,-0.899963710594117
1918,0.666666666666667,0,-0.458770187898404
1918,0.777777777777778,0,0.0284412747297224
1918,0.888888888888889,0,0.0214314545714643
1918,1,0,-0.023737265708223
1919,0,0.0018422951754615,0.00193348954101094
1919,0.111111111111111,2.27443848822408e-05,2.38702412470486e-05
1919,0.222222222222222,0,0.0065082895266038
1919,0.333333333333333,0,-0.36615834846681
1919,0.444444444444444,0,-0.539943146931329
1919,0.555555555555556,0,-0.857538836056406
1919,0.666666666666667,0,-0.5
1919,0.777777777777778,0,0
1919,0.888888888888889,-0.000893667179415773,0
1919,1,-0.0723870415326782,0
1920,0,-0.00139849288433102,-0.000195229179808427
1920,0.111111111111111,-0.0106504630412623,-0.00469804895949694
1920,0.222222222222222,-0.00044304990404214,-0.000195651613446216
1920,0.333333333333333,0,-0.5
1920,0.444444444444444,0,-0.819943555790434
1920,0.555555555555556,0,-0.360107146207813
1920,0.666666666666667,0,-0.327561346406517
1920,0.777777777777778,0,0
1920,0.888888888888889,0,0
1920,1,0,0
1921,0,0,-0.00266680138995763
1921,0.111111111111111,0,0.0132116718185872
1921,0.222222222222222,0.208299762996587,0.0221555502166781
1921,0.333333333333333,0.647384415152864,-0.498171474338099
1921,0.444444444444444,0.750007218898514,-0.939692620785908
1921,0.555555555555556,0.964593453903816,-0.939692620785908
1921,0.666666666666667,0.255382388733715,-0.5
1921,0.777777777777778,-0.00746144228735151,-6.36680697909356e-05
1921,0.888888888888889,-0.0068869191269288,-0.00201154844014032
1921,1,-0.0434351685172124,-0.0391646959777872
1922,0,0,0
1922,0.111111111111111,-0.106655389094587,0
1922,0.222222222222222,-0.208716803635115,0
1922,0.333333333333333,-0.0796333785354543,-0.506670846091085
1922,0.444444444444444,-0.00883896949661921,-0.964055332075532
1922,0.555555555555556,0,-0.955211693928687
1922,0.666666666666667,0,-0.51369732506755
1922,0.777777777777778,0,-0.00456575964680213
1922,0.888888888888889,0,0
1922,1,0,0
1923,0,0.00232046704828948,0.000857037137969506
1923,0.111111111111111,0.0259618301983315,0.00344927615226734
1923,0.222222222222222,0.0492020896207331,0.000143278976952513
1923,0.333333333333333,0.0459413438983069,-0.5
1923,0.444444444444444,0.00593600316180632,-0.939692620785908
1923,0.555555555555556,0,-0.939692620785908
1923,0.666666666666667,0,-0.5
1923,0.777777777777778,0,0
1923,0.888888888888889,0.000813124594178,0.00037927056401687
1923,1,0.0658630921284185,0.0307209156853667
1924,0,0,-0.00171406271327255
1924,0.111111111111111,0,-0.0173179560499717
1924,0.222222222222222,0,-0.00587297868912078
1924,0.333333333333333,0,-0.462759675631945
1924,0.444444444444444,0,-0.887890011843268
1924,0.555555555555556,0,-0.909583583268047
1924,0.666666666666667,0,-0.48789328400794
1924,0.777777777777778,0,0.00255970093503623
1924,0.888888888888889,0,0
1924,1,0,0
1925,0,-0.0059675706004501,-0.00289060164998868
1925,0.111111111111111,-0.00956050924810169,-0.00468973000166951
1925,0.222222222222222,-0.00408969849345584,-0.000193918481731092
1925,0.333333333333333,0.0093215409709737,-0.5
1925,0.444444444444444,0.109840264448156,-0.939692620785908
1925,0.555555555555556,0.381589737891412,-0.939692620785908
1925,0.666666666666667,0.111540286833023,-0.5
1925,0.777777777777778,0,-6.92621567515442e-06
1925,0.888888888888889,-0.000391279762076045,4.67591083696211e-05
1925,1,-0.0316936607281599,0.0172520510504396
1926,0,0.00254068722140308,0.00317522571765657
1926,0.111111111111111,3.13665089062109e-05,0.00964124177234318
1926,0.222222222222222,0.00448655052767206,0.000400085060618386
1926,0.333333333333333,0.0188535515975868,-0.5
1926,0.444444444444444,0.142104679328966,-0.936050656587668
1926,0.555555555555556,0.553917178132264,-0.922065514066426
1926,0.666666666666667,0.163119828269811,-0.494755571554534
1926,0.777777777777778,0,0
1926,0.888888888888889,0,0
1926,1,0,0
1927,0,0,0
1927,0.111111111111111,0,0.315846945415261
1927,0.222222222222222,0,0.843140492816532
1927,0.333333333333333,0,0.612649816005168
1927,0.444444444444444,-0.00462128501703035,0.17346875091121
1927,0.555555555555556,-0.0235460940908814,0.488290381881767
1927,0.666666666666667,-0.0152766334988469,0.490422402977945
1927,0.777777777777778,-0.00361091598839177,0.829793270422716
1927,0.888888888888889,0,0.398267979313322
1927,1,0,0.0384751738695856
1928,0,0,0.000353325081598357
1928,0.111111111111111,0,-0.0067650718533171
1928,0.222222222222222,0,-0.000282059745473397
1928,0.333333333333333,0,-0.5
1928,0.444444444444444,0,-0.939692620785908
1928,0.555555555555556,0,-0.939692620785908
1928,0.666666666666667,0,-0.501550578698389
1928,0.777777777777778,0,-0.0187957938285868
1928,0.888888888888889,-0.000789144835608921,-0.0117263697700022
1928,1,-0.0639207316843231,-0.0245042931960729
1929,0,-0.00456502551212484,0.00269426346038511
1929,0.111111111111111,0.00578321116459451,0.00871550024690881
1929,0.222222222222222,-0.017501889508646,0.000361759905627176
1929,0.333333333333333,-0.00150194524271387,-0.248593405433859
1929,0.444444444444444,0,-0.072280320512538
1929,0.555555555555556,0,-0.656655786839501
1929,0.666666666666667,0,-0.46773420530647
1929,0.777777777777778,0,0
1929,0.888888888888889,-0.000442544350736961,-0.000402641780363312
1929,1,-0.0358460924096941,-0.0326139842094285
1930,0,0,-0.00296633629427146
1930,0.111111111111111,0,-0.029481316513109
1930,0.222222222222222,0,-0.027883029789093
1930,0.333333333333333,-0.00595396672951832,-0.517057179904346
1930,0.444444444444444,-0.0190764781202128,-0.925619375817157
1930,0.555555555555556,-0.00138374622088144,-0.911096657458488
1930,0.666666666666667,-0.011645053050349,-0.472583353497017
1930,0.777777777777778,-0.00544114575108936,0.0201167437845711
1930,0.888888888888889,0,0.0067223317580684
1930,1,0,0.00352791639913289
1931,0,0.00458111460891679,0.0038368258751221
1931,0.111111111111111,0.0244761496544351,0.0288538939907032
1931,0.222222222222222,0.0633421183347206,0.0419653289179493
1931,0.333333333333333,0.0626676028850617,-0.496549666021024
1931,0.444444444444444,0.0494408153180279,-0.939692620785908
1931,0.555555555555556,0.0403048434693219,-0.939692620785908
1931,0.666666666666667,0.0478410628034973,-0.5
1931,0.777777777777778,0.0542663456999263,0
1931,0.888888888888889,0.0450547644341865,0
1931,1,0.0179187377758091,0
1932,0,0,0.00171145282587717
1932,0.111111111111111,0,0.0454058073233621
1932,0.222222222222222,0,0.0583234856820815
1932,0.333333333333333,0,-0.495223585108603
1932,0.444444444444444,0,-0.939692620785908
1932,0.555555555555556,0,-0.939692620785908
1932,0.666666666666667,0.00153731994409456,-0.5
1932,0.777777777777778,0.0197166353408079,0
1932,0.888888888888889,0.0379570213389652,0
1932,1,0.0545441018896063,0
1933,0,-0.00180942271708969,0.000872004128266353
1933,0.111111111111111,-0.00122593817399792,1.07654830650167e-05
1933,0.222222222222222,-5.01499842472952e-05,0
1933,0.333333333333333,0,-0.401121268507029
1933,0.444444444444444,0,-0.521692242632673
1933,0.555555555555556,0,-0.406501220556071
1933,0.666666666666667,0,0.0220056691438739
1933,0.777777777777778,0,0.56200565509926
1933,0.888888888888889,0,0.336871589380442
1933,1,0,0.68435514759092
1934,0,0,-0.001477490877242
1934,0.111111111111111,0,-1.82406281140987e-05
1934,0.222222222222222,0.030733158395155,0
1934,0.333333333333333,0.0707088175702111,-0.343254660902599
1934,0.444444444444444,0.00104623311178082,-0.248840905684349
1934,0.555555555555556,-0.00185724874281169,-0.0370177339045578
1934,0.666666666666667,0,-0.263820971485177
1934,0.777777777777778,-0.0140001502216492,0
1934,0.888888888888889,-0.34241323825331,0
1934,1,-0.51918026763209,0
1935,0,0,0.0124259911763201
1935,0.111111111111111,0.174143641747305,0.00525486019249027
1935,0.222222222222222,0.551296660454591,0.000212560537250716
1935,0.333333333333333,0.744286940553032,-0.5
1935,0.444444444444444,0.538907851692943,-0.939692620785908
1935,0.555555555555556,0.548308155704517,-0.939692620785908
1935,0.666666666666667,0.728540930643445,-0.499556690111246
1935,0.777777777777778,0.51311714845807,0.00563194855718574
1935,0.888888888888889,0.213606877066845,0.00946187523069219
1935,1,0.447278887306594,-0.000154576575203227
1936,0,0,0
1936,0.111111111111111,0,0
1936,0.222222222222222,0,0.0100786195066413
1936,0.333333333333333,0,-0.255874311075883
1936,0.444444444444444,0.0783258743085527,-0.194480666072438
1936,0.555555555555556,0.381942985992085,-0.772965812018065
1936,0.666666666666667,0.133654135764791,-0.473030685898728
1936,0.777777777777778,0.00938484480780493,0.0393211726576655
1936,0.888888888888889,0.000393231351526425,0.0318584260502471
1936,1,0,0.018500157894064
1937,0,-0.00551936401415029,-0.000883523509584908
1937,0.111111111111111,-6.81402964709913e-05,-1.09076976491964e-05
1937,0.222222222222222,0,0
1937,0.333333333333333,0,-0.5
1937,0.444444444444444,0,-0.73077806555505
1937,0.555555555555556,0,0.101959755214373
1937,0.666666666666667,0,0.0239115630263366
1937,0.777777777777778,0,0.0934244065914626
1937,0.888888888888889,0,0
1937,1,0,0
1938,0,0.000979287491408756,0
1938,0.111111111111111,0.0310843742970962,0
1938,0.222222222222222,0.00129467851366944,0
1938,0.333333333333333,0,-0.5
1938,0.444444444444444,0,-0.939692620785908
1938,0.555555555555556,0,-0.939692620785908
1938,0.666666666666667,0.000499281624907567,-0.499311179025426
1938,0.777777777777778,0.00583503903215861,0.00834609698903043
1938,0.888888888888889,-0.00195009721815278,0.00447264934865416
1938,1,-0.0337733923096864,-0.0416878054002603
1939,0,0,0
1939,0.111111111111111,0,0
1939,0.222222222222222,0.111616971770573,0
1939,0.333333333333333,0.290479144789282,-0.5
1939,0.444444444444444,0.215881603553734,-0.939692620785908
1939,0.555555555555556,0.495249303419317,-0.939692620785908
1939,0.666666666666667,0.142395422717782,-0.5
1939,0.777777777777778,-0.0137455849459964,0.00044812940988588
1939,0.888888888888889,-0.330335187170303,0.0103184486722151
1939,1,-0.035733025777471,-0.0353692303687261
1940,0,0,0
1940,0.111111111111111,0,0
1940,0.222222222222222,0,0
1940,0.333333333333333,0,-0.120874337281447
1940,0.444444444444444,-0.00733471535865901,0.462216949724157
1940,0.555555555555556,-0.0373491158255979,-0.0128527187182095
1940,0.666666666666667,-0.0240834862598141,0.0190443539580553
1940,0.777777777777778,-0.00566284881217016,0.140409198453731
1940,0.888888888888889,-0.00289445016375204,0
1940,1,-0.234450463263917,0
1941,0,0,0
1941,0.111111111111111,0,0
1941,0.222222222222222,0,0
1941,0.333333333333333,0,-0.5
1941,0.444444444444444,0,-0.939692620785908
1941,0.555555555555556,0,-0.939692620785908
1941,0.666666666666667,0,-0.5
1941,0.777777777777778,0,0
1941,0.888888888888889,0,-0.000738185241891239
1941,1,0,-0.0597930045931907
1942,0,0,0
1942,0.111111111111111,0,0
1942,0.222222222222222,0,0
1942,0.333333333333333,0,-0.313548129964549
1942,0.444444444444444,0,-0.313007168722309
1942,0.555555555555556,0,-0.810212155483512
1942,0.666666666666667,0,-0.5
1942,0.777777777777778,0,-0.000379257626380847
1942,0.888888888888889,-0.000290726060109354,-0.00924958453272478
1942,1,-0.0235488108688579,-0.0119395214663422
1943,0,0,0.00533197770100659
1943,0.111111111111111,0,0.00822441516689966
1943,0.222222222222222,0,0.000339941178404252
1943,0.333333333333333,0,-0.5
1943,0.444444444444444,0,-0.939692620785908
1943,0.555555555555556,0,-0.939692620785908
1943,0.666666666666667,0,-0.5
1943,0.777777777777778,0,0.000524472051263058
1943,0.888888888888889,0,0.0131083364323729
1943,1,0,0.0422015833668198
1944,0,-0.00212434088473025,-0.00163920346780509
1944,0.111111111111111,-0.0194174328132347,-0.00102123537397501
1944,0.222222222222222,-0.000807966932606628,-4.1708262255232e-05
1944,0.333333333333333,0,-0.5
1944,0.444444444444444,0,-0.934574140929576
1944,0.555555555555556,0,-0.914919178281262
1944,0.666666666666667,0,-0.492629389006882
1944,0.777777777777778,0,0
1944,0.888888888888889,0.000956092672383226,0
1944,1,0.0774435064630419,0
1945,0,0,0.00446778140836012
1945,0.111111111111111,0,0.00897919298654524
1945,0.222222222222222,0,0.000371834799640846
1945,0.333333333333333,0,-0.5
1945,0.444444444444444,0,-0.939692620785908
1945,0.555555555555556,0,-0.939692620785908
1945,0.666666666666667,0,-0.499233427880457
1945,0.777777777777778,0.000816043091221241,0.00946708204177698
1945,0.888888888888889,0.01964979572262,0.00982964605742031
1945,1,0.00524568419813129,-0.0011777168875422
1946,0,-0.000881730621424956,0.00146297637913034
1946,0.111111111111111,-0.00780756715221573,1.80614367793869e-05
1946,0.222222222222222,-0.000324861732874511,0
1946,0.333333333333333,0,-0.466395067160343
1946,0.444444444444444,0,-0.799601049315158
1946,0.555555555555556,0,-0.78499023562374
1946,0.666666666666667,0,-0.460916012026061
1946,0.777777777777778,0,0
1946,0.888888888888889,0,0
1946,1,0,0
1947,0,0.00330271896737048,0.00237542362365329
1947,0.111111111111111,0.0124264902139067,0.0037204649672058
1947,0.222222222222222,0.000516071496069481,0.287488113135432
1947,0.333333333333333,0,0.23356231774284
1947,0.444444444444444,0,-0.456963829892029
1947,0.555555555555556,0,0.0284132115519321
1947,0.666666666666667,0.0118954038518649,0.0241221900000655
1947,0.777777777777778,0.158006680361754,0.108625650173351
1947,0.888888888888889,0.423045437508609,0
1947,1,0.31532948458257,0
1948,0,0,0
1948,0.111111111111111,0,0
1948,0.222222222222222,0,0
1948,0.333333333333333,0.00305037393164631,-0.5
1948,0.444444444444444,0.0102526457147001,-0.939692620785908
1948,0.555555555555556,0.00211831523030994,-0.939692620785908
1948,0.666666666666667,0,-0.5
1948,0.777777777777778,0,0
1948,0.888888888888889,7.51084166248547e-05,0
1948,1,0.00608378174661327,0
1949,0,-0.000716648381275384,0
1949,0.111111111111111,0.00196509193211138,0
1949,0.222222222222222,0.0244127264859246,0
1949,0.333333333333333,0.0234040718562138,-0.5
1949,0.444444444444444,-0.0195211957506435,-0.939692620785908
1949,0.555555555555556,-0.0240443736348183,-0.939692620785908
1949,0.666666666666667,-0.0261376540238623,-0.503634828766075
1949,0.777777777777778,-0.0408155484418686,-0.0446735998089952
1949,0.888888888888889,-0.0302318484656548,-0.0421031835582617
1949,1,-0.00968820968284747,-0.0496269387456899
1950,0,-0.00212313611510877,0
1950,0.111111111111111,0.000854944477352498,0
1950,0.222222222222222,3.67148347637146e-05,0
1950,0.333333333333333,0,-0.225745966756874
1950,0.444444444444444,0,-0.0101892019675206
1950,0.555555555555556,0,-0.704469559953295
1950,0.666666666666667,0,-0.434236410262342
1950,0.777777777777778,0,0.0228952238398256
1950,0.888888888888889,0.00113083962664587,0
1950,1,0.0915980097583165,0
1951,0,6.44214341184029e-06,-8.67233948144537e-05
1951,0.111111111111111,7.95326347140778e-08,-0.00646628723666344
1951,0.222222222222222,0,-0.00778168026709753
1951,0.333333333333333,0.0602287911827461,-0.500635836986088
1951,0.444444444444444,0.278673655535964,-0.939692620785908
1951,0.555555555555556,0.410817451441432,-0.939692620785908
1951,0.666666666666667,0.109782714647297,-0.5
1951,0.777777777777778,0,0.000367854577225456
1951,0.888888888888889,0,0.00869139003716732
1951,1,0,-0.0111067051157336
1952,0,-0.0109678469464144,-0.00894234323007927
1952,0.111111111111111,-0.0422706302962701,-0.0332080537743457
1952,0.222222222222222,-0.0351534888810508,-0.0243594720244448
1952,0.333333333333333,-0.00282677765489861,-0.501945049791145
1952,0.444444444444444,0,-0.939692620785908
1952,0.555555555555556,0,-0.939692620785908
1952,0.666666666666667,0,-0.5
1952,0.777777777777778,-6.73462445248383e-05,-0.000104954520139008
1952,0.888888888888889,-0.00210262450201708,-0.00302974831749737
1952,1,-0.0393914853070986,-0.0413780265670565
1953,0,0,0.00218206011070893
1953,0.111111111111111,0,0.0201648339423329
1953,0.222222222222222,0,0.0176872223259523
1953,0.333333333333333,0,-0.498573981595592
1953,0.444444444444444,0,-0.939692620785908
1953,0.555555555555556,0,-0.939692620785908
1953,0.666666666666667,0,-0.5
1953,0.777777777777778,0,0.000650164138284934
1953,0.888888888888889,0.00112687635536966,0.0158971168190749
1953,1,0.091276984784943,0.0237473775191619
1954,0,-0.00103209837257401,-0.00107084007327541
1954,0.111111111111111,0.00194615491282809,-0.0131216252545428
1954,0.222222222222222,-0.00411084879970828,-0.0144515134925837
1954,0.333333333333333,-0.000354848515889261,-0.47557768932172
1954,0.444444444444444,0,-0.898795079367816
1954,0.555555555555556,0,-0.889815554444657
1954,0.666666666666667,0,-0.461784210900054
1954,0.777777777777778,0,0.0118490153984134
1954,0.888888888888889,0,-0.00132186523221566
1954,1,0,-0.0684951689340519
1955,0,-0.00489645836381651,-0.000929239108286211
1955,0.111111111111111,-0.0101467670290047,0.00390668689934666
1955,0.222222222222222,-0.000420263205239486,0.0030284524532701
1955,0.333333333333333,0,-0.349720054571413
1955,0.444444444444444,0,-0.446178677710617
1955,0.555555555555556,0,-0.8378250048376
1955,0.666666666666667,0,-0.5
1955,0.777777777777778,0,0
1955,0.888888888888889,-0.00123225067375024,-0.000540856329024534
1955,1,-0.0998123045737704,-0.0438093626509876
1956,0,0,-0.00332484864864351
1956,0.111111111111111,0,-0.00805233091336417
1956,0.222222222222222,0,-0.000333803474965975
1956,0.333333333333333,0,-0.5
1956,0.444444444444444,0.0126602468983444,-0.939692620785908
1956,0.555555555555556,0.0690717992597726,-0.939692620785908
1956,0.666666666666667,0.0752404992710469,-0.5
1956,0.777777777777778,0.0238758755823428,0.000424468915538875
1956,0.888888888888889,0,0.010191350224787
1956,1,0,0.00033179640017315
1957,0,0,0
1957,0.111111111111111,0,0
1957,0.222222222222222,0,0.327939137226152
1957,0.333333333333333,0,0.501970601242911
1957,0.444444444444444,0,0.160345487318639
1957,0.555555555555556,-0.00254793848514282,0.546333399105318
1957,0.666666666666667,-0.0186318001726068,0.557187958318552
1957,0.777777777777778,-0.00780306161074987,0.657020381629283
1957,0.888888888888889,0.00125702292818534,0.225372511456878
1957,1,0.101818857183013,0.0614164946006492
1958,0,0.00421003777247742,0.00280309234839146
1958,0.111111111111111,0.0195274354312102,0.00434117798679608
1958,0.222222222222222,0.0329055968154237,0.0107254074688605
1958,0.333333333333333,0.0291330222874501,-0.212488062137182
1958,0.444444444444444,0.00374528572790818,0.0207370213941847
1958,0.555555555555556,0,-0.593818173317435
1958,0.666666666666667,0,0.095937981778134
1958,0.777777777777778,0,0.253808136857057
1958,0.888888888888889,0.000649608696763426,0.222277678852587
1958,1,0.0526183044378379,0.395720515320909
1959,0,-3.86179549243446e-05,0.00483446843280441
1959,0.111111111111111,-4.76764875609193e-07,5.96847954667211e-05
1959,0.222222222222222,0,0
1959,0.333333333333333,0.00481774517135582,-0.33945129149129
1959,0.444444444444444,0.130648235616501,-0.304855591562396
1959,0.555555555555556,0.557309108915283,-0.32470257503702
1959,0.666666666666667,0.164815572658399,-0.00947690036981097
1959,0.777777777777778,0,0.6330246586294
1959,0.888888888888889,0.00205514508592988,0.295536603531126
1959,1,0.166466751960322,0.0451502545070506
1960,0,0.00626203789778115,0
1960,0.111111111111111,0.0253967868872274,0
1960,0.222222222222222,0.17968416054197,0
1960,0.333333333333333,0.610100083337008,-0.5
1960,0.444444444444444,1.03968647172126,-0.939692620785908
1960,0.555555555555556,1.26938547194948,-0.939692620785908
1960,0.666666666666667,1.05749004875996,-0.5
1960,0.777777777777778,0.772462768681809,0
1960,0.888888888888889,0.496330692636862,0
1960,1,0.244794476721865,0
1961,0,0,0.00227594682923942
1961,0.111111111111111,0,0.0084787941451156
1961,0.222222222222222,0,0.000352112334838027
1961,0.333333333333333,0,-0.5
1961,0.444444444444444,0,-0.939692620785908
1961,0.555555555555556,0.00895340917725521,-0.939692620785908
1961,0.666666666666667,0.0658325428108352,-0.5
1961,0.777777777777778,0.0317625926285022,2.7980271529559e-05
1961,0.888888888888889,0.00217043856982465,0.000535981361499815
1961,1,0.0188820182668372,-0.0109791575719776
1962,0,0.00132345765407953,0
1962,0.111111111111111,1.63389833836979e-05,0
1962,0.222222222222222,0,0.210869254663389
1962,0.333333333333333,0,0.116429553223377
1962,0.444444444444444,0,-0.37066187867202
1962,0.555555555555556,0,-0.277468442800989
1962,0.666666666666667,0,-0.326306321950215
1962,0.777777777777778,-0.000978634885941053,0
1962,0.888888888888889,-0.0234779014791278,0.000368332565157202
1962,1,0.000756198460050673,0.0298349377777336
1963,0,-0.00457623677830399,-0.00167478346974858
1963,0.111111111111111,-0.0173067392275919,-0.0117317868197484
1963,0.222222222222222,-0.0139299750746085,-0.00943315497008997
1963,0.333333333333333,-0.00111819060886374,-0.50075711656709
1963,0.444444444444444,0,-0.939692620785908
1963,0.555555555555556,0.00346830993937654,-0.939692620785908
1963,0.666666666666667,0.0452336042855477,-0.5
1963,0.777777777777778,0.26353232483661,0
1963,0.888888888888889,0.44137767483069,0
1963,1,0.503965230378726,0
1964,0,0,-0.00108859949404585
1964,0.111111111111111,0,-1.3439499926492e-05
1964,0.222222222222222,0,0
1964,0.333333333333333,0,-0.213861341981745
1964,0.444444444444444,0,0.142222455800173
1964,0.555555555555556,0.000256872404289899,-0.159356350980236
1964,0.666666666666667,0.00187837945636988,-0.326953394524398
1964,0.777777777777778,0.000786671738137815,0
1964,0.888888888888889,0,0
1964,1,0,0
1965,0,0.0108509699491901,0.00419801269529735
1965,0.111111111111111,0.00013396259196531,0.0167132947939992
1965,0.222222222222222,0,0.0105077336004459
1965,0.333333333333333,0,-0.479861533044368
1965,0.444444444444444,0,-0.939381770053624
1965,0.555555555555556,-0.00422633701067106,-0.944866643393716
1965,0.666666666666667,-0.0312960953190747,-0.499939554163889
1965,0.777777777777778,-0.0171291225895411,0.00552830597508279
1965,0.888888888888889,0.0108768927182199,0.00459071712843787
1965,1,0.0379210644457557,-0.0317961249695312
1966,0,0,0.00476948541880042
1966,0.111111111111111,0,0.0099240405987949
1966,0.222222222222222,0.00467964509870809,0.000411048252615014
1966,0.333333333333333,0.096674807029574,-0.5
1966,0.444444444444444,0.295648637400073,-0.939692620785908
1966,0.555555555555556,0.0920086964338168,-0.939692620785908
1966,0.666666666666667,0.00970900047423612,-0.5
1966,0.777777777777778,0,0.000425432235301988
1966,0.888888888888889,0,0.0106517714813393
1966,1,0,0.0357532245614178
1967,0,0,0.00337357024933498
1967,0.111111111111111,0,0.0249079391831584
1967,0.222222222222222,0,0.0308354286426089
1967,0.333333333333333,0,-0.497477799382722
1967,0.444444444444444,0,-0.939692620785908
1967,0.555555555555556,0,-0.939692620785908
1967,0.666666666666667,0,-0.5
1967,0.777777777777778,-0.000698130881687646,-0.000395538461591975
1967,0.888888888888889,-0.0173032110807671,-0.00988392432348522
1967,1,-0.0443936635413521,-0.0316711008675051
1968,0,0,0
1968,0.111111111111111,0,0
1968,0.222222222222222,0,0
1968,0.333333333333333,0,-0.5
1968,0.444444444444444,0,-0.935269696650096
1968,0.555555555555556,0,-0.865972742261895
1968,0.666666666666667,0,-0.111092720014306
1968,0.777777777777778,-0.0011867233883183,0.160208334976719
1968,0.888888888888889,-0.0351744788414076,0
1968,1,-0.542142519263251,0
1969,0,0.0011971615178292,0.0028769634111751
1969,0.111111111111111,1.47797718250518e-05,0.0243690112296792
1969,0.222222222222222,0,0.0389587224907787
1969,0.333333333333333,0,-0.305769518323713
1969,0.444444444444444,0.00819288392318086,-0.370349058450074
1969,0.555555555555556,0.0396535581881954,-0.581225140289821
1969,0.666666666666667,0.0117977528493805,-0.217441400570793
1969,0.777777777777778,0,0.0907044045406649
1969,0.888888888888889,0,0
1969,1,0,0
1970,0,0,-0.00284339601688688
1970,0.111111111111111,0,-0.0190023479890956
1970,0.222222222222222,0,-0.00614902768386626
1970,0.333333333333333,0,-0.500453559867047
1970,0.444444444444444,0.0111380028654397,-0.939692620785908
1970,0.555555555555556,0.0521330188398147,-0.939692620785908
1970,0.666666666666667,0.00305965797730369,-0.5
1970,0.777777777777778,-0.0054356772760474,-3.79350430685581e-05
1970,0.888888888888889,0,-0.000900557427011819
1970,1,0,0.000800572137319519
1971,0,0,-0.00126981565400496
1971,0.111111111111111,0,-0.0094502254364938
1971,0.222222222222222,0,-0.000393106195834359
1971,0.333333333333333,0.0139239861869912,-0.5
1971,0.444444444444444,0.172592686687801,-0.939692620785908
1971,0.555555555555556,0.619765884250683,-0.939692620785908
1971,0.666666666666667,0.190356287645064,-0.5
1971,0.777777777777778,0.003859236632681,0
1971,0.888888888888889,0,0
1971,1,0,0
1972,0,0.000439885666673601,-0.00298496183852736
1972,0.111111111111111,0.016554688387508,-3.68513807225601e-05
1972,0.222222222222222,0.000689552404177714,0
1972,0.333333333333333,0,-0.5
1972,0.444444444444444,0,-0.939692620785908
1972,0.555555555555556,0,-0.939692620785908
1972,0.666666666666667,0,-0.5
1972,0.777777777777778,0,0
1972,0.888888888888889,0,0
1972,1,0,0
1973,0,-0.00203134464550183,-0.0019926049501259
1973,0.111111111111111,-0.00957869646223562,-0.0072825627290559
1973,0.222222222222222,-0.000398067422219951,-0.000302415111164302
1973,0.333333333333333,0,-0.5
1973,0.444444444444444,0,-0.939692620785908
1973,0.555555555555556,0,-0.939692620785908
1973,0.666666666666667,0,-0.5
1973,0.777777777777778,0.000160654988976474,0
1973,0.888888888888889,0.00359865537297779,0
1973,1,-0.0208222133590646,0
1974,0,0.00363367811871563,0.00398969453224942
1974,0.111111111111111,0.00377473603410203,0.00939820052420274
1974,0.222222222222222,0.000155411492100591,0.000389539376506262
1974,0.333333333333333,0,-0.5
1974,0.444444444444444,0,-0.939692620785908
1974,0.555555555555556,0,-0.939692620785908
1974,0.666666666666667,0,-0.5
1974,0.777777777777778,0,0
1974,0.888888888888889,-0.000832570061650133,-0.000307648475058967
1974,1,-0.0674381749936612,-0.0249195264797765
1975,0,-0.00418713162726283,-0.00108492225029851
1975,0.111111111111111,-0.0204510987721828,-1.33941018555372e-05
1975,0.222222222222222,-0.00914140845229598,0
1975,0.333333333333333,0.0225053747545379,-0.407413632528095
1975,0.444444444444444,0.00329025921928747,-0.404174373809462
1975,0.555555555555556,0,0.210337331817625
1975,0.666666666666667,0,-0.176971742917937
1975,0.777777777777778,0,0
1975,0.888888888888889,0,0
1975,1,0,0
1976,0,0,0
1976,0.111111111111111,0,0
1976,0.222222222222222,0,0
1976,0.333333333333333,0,-0.5
1976,0.444444444444444,0.0435461789856373,-0.939692620785908
1976,0.555555555555556,0.220833607905393,-0.939692620785908
1976,0.666666666666667,0.136795429762219,-0.5
1976,0.777777777777778,0.0363055997582684,0.000557367989220453
1976,0.888888888888889,0.00409976524968346,0.0141835892024124
1976,1,0.0721241420263561,0.0653473543508464
1977,0,0.00136542182396121,-0.000382812409410861
1977,0.111111111111111,1.68570595550767e-05,0.00781414344661054
1977,0.222222222222222,0,0.0175219590610839
1977,0.333333333333333,0,-0.498544524556637
1977,0.444444444444444,0,-0.939692620785908
1977,0.555555555555556,0,-0.939692620785908
1977,0.666666666666667,0,-0.5
1977,0.777777777777778,0.000706114913178786,0.000481631779923513
1977,0.888888888888889,0.0172743285918847,0.0111460792068679
1977,1,0.0265332247230993,-0.033459764415011
1978,0,0,-0.000821656493069372
1978,0.111111111111111,0,0.0147433304411491
1978,0.222222222222222,0,0.000614728097852955
1978,0.333333333333333,0,-0.5
1978,0.444444444444444,0,-0.939692620785908
1978,0.555555555555556,0,-0.939692620785908
1978,0.666666666666667,0,-0.5
1978,0.777777777777778,0,0.000460138302438771
1978,0.888888888888889,0,0.0114953550296579
1978,1,0,0.0366148974613227
1979,0,0,0.00351019811303347
1979,0.111111111111111,0,0.0167454719631918
1979,0.222222222222222,0,0.0410625843293999
1979,0.333333333333333,0,-0.439577735947387
1979,0.444444444444444,0,-0.87926018873545
1979,0.555555555555556,0,-0.887144363196374
1979,0.666666666666667,0,-0.484434712032375
1979,0.777777777777778,0,0.0033029008088675
1979,0.888888888888889,0.000849411861234542,0.0109974352047199
1979,1,0.0688023607599984,0.0481898166492886
1980,0,-0.000679227739044727,-0.000756252715279728
1980,0.111111111111111,-0.00407852029785546,0.011257119463715
1980,0.222222222222222,0.0332842624175569,0.0300830253488533
1980,0.333333333333333,0.0357441583341622,-0.471590350574845
1980,0.444444444444444,0.0154157113409042,-0.932122418679883
1980,0.555555555555556,0.00715890632297484,-0.937991030367741
1980,0.666666666666667,-0.0268497777238689,-0.507939328020288
1980,0.777777777777778,-0.0617987420172707,-0.00359016617800281
1980,0.888888888888889,-0.0466265850147557,0
1980,1,-0.052540940228006,0
1981,0,0.00402606071256081,0.0016772473618902
1981,0.111111111111111,4.97044532414916e-05,0.0133797267001923
1981,0.222222222222222,0,0.0133089648716662
1981,0.333333333333333,0,-0.498920648419751
1981,0.444444444444444,0,-0.939692620785908
1981,0.555555555555556,0,-0.939692620785908
1981,0.666666666666667,0,-0.5
1981,0.777777777777778,0,0
1981,0.888888888888889,0.000507756657599238,0.000616365397950499
1981,1,0.0411282892655385,0.0499255972339908
1982,0,-0.00563491827160236,-0.000385212753728179
1982,0.111111111111111,-0.0260418657515012,-0.00891222740127432
1982,0.222222222222222,0.00120520256893922,-0.000371144653677723
1982,0.333333333333333,0.120953603297605,-0.5
1982,0.444444444444444,0.388996280975496,-0.939692620785908
1982,0.555555555555556,0.0802174355598994,-0.939692620785908
1982,0.666666666666667,0,-0.500068477887048
1982,0.777777777777778,0,-0.00131499605545773
1982,0.888888888888889,0,-0.0124259146928083
1982,1,0,-0.0229468680287091
1983,0,0,0
1983,0.111111111111111,0.165362573523934,0
1983,0.222222222222222,0.424742243507055,0
1983,0.333333333333333,0.515126533462974,-0.5
1983,0.444444444444444,0.628713168896818,-0.939692620785908
1983,0.555555555555556,0.484816176823739,-0.939692620785908
1983,0.666666666666667,0.159181980444954,-0.5
1983,0.777777777777778,0.0200665484439093,0
1983,0.888888888888889,0,0
1983,1,0,0
1984,0,0,0
1984,0.111111111111111,0,0
1984,0.222222222222222,0,0.0108484952002728
1984,0.333333333333333,0,-0.240063290196977
1984,0.444444444444444,0,0.0680695350575086
1984,0.555555555555556,0,0.276054750780222
1984,0.666666666666667,0,-0.186643996897496
1984,0.777777777777778,0.000943806553683553,0
1984,0.888888888888889,0.0226513572884052,0
1984,1,0,0
1985,0,0,0
1985,0.111111111111111,0,0
1985,0.222222222222222,0,0
1985,0.333333333333333,0,-0.5
1985,0.444444444444444,-0.00882471568860869,-0.943783277702475
1985,0.555555555555556,-0.0427116239328661,-0.959491400262094
1985,0.666666666666667,-0.0127075905915965,-0.505890545959857
1985,0.777777777777778,0,0
1985,0.888888888888889,0,0
1985,1,0,0
1986,0,0,0.00151271052392149
1986,0.111111111111111,0,-0.000805749170943728
1986,0.222222222222222,0.011501725882859,-3.43510253962775e-05
1986,0.333333333333333,0.0274633046590715,-0.5
1986,0.444444444444444,0.00375566559440294,-0.939692620785908
1986,0.555555555555556,0,-0.939692620785908
1986,0.666666666666667,0,-0.5
1986,0.777777777777778,0.000286994588756201,0
1986,0.888888888888889,0.00739970882391751,0
1986,1,0.0414589341952637,0
1987,0,0.00010729877007241,0.00228475252994719
1987,0.111111111111111,1.32467617373345e-06,2.82068213573728e-05
1987,0.222222222222222,0,0
1987,0.333333333333333,0,-0.402442591794459
1987,0.444444444444444,0,-0.611791332095061
1987,0.555555555555556,0,-0.871944420643171
1987,0.666666666666667,0,-0.5
1987,0.777777777777778,0,8.00577477033503e-05
1987,0.888888888888889,0.000753466786645542,0.00473241158491135
1987,1,0.0610308097182893,0.227693076842508
1988,0,0,0.00288341822161955
1988,0.111111111111111,0,3.55977558224636e-05
1988,0.222222222222222,0,0
1988,0.333333333333333,0,-0.35646485695586
1988,0.444444444444444,0,-0.457255056665326
1988,0.555555555555556,0,-0.840015438116367
1988,0.666666666666667,0,-0.5
1988,0.777777777777778,0,1.72174294462123e-05
1988,0.888888888888889,-0.002047202531472,0.00043387337403671
1988,1,-0.165823405049233,0.00167306045353684
1989,0,-0.00109667171888453,0
1989,0.111111111111111,-0.00182084804879802,0
1989,0.222222222222222,-0.00161001263254807,0
1989,0.333333333333333,0.160495999721831,-0.5
1989,0.444444444444444,0.580489948219732,-0.939692620785908
1989,0.555555555555556,0.308802479356786,-0.939692620785908
1989,0.666666666666667,0.0636809335657739,-0.5
1989,0.777777777777778,0.00217976621136532,0
1989,0.888888888888889,0,-0.000273683257311242
1989,1,0,-0.0221683438422107
1990,0,0,0
1990,0.111111111111111,0,0
1990,0.222222222222222,0,0
1990,0.333333333333333,0,-0.5
1990,0.444444444444444,0,-0.939692620785908
1990,0.555555555555556,0,-0.939692620785908
1990,0.666666666666667,0,-0.5
1990,0.777777777777778,0,0
1990,0.888888888888889,0,0
1990,1,0,0
1991,0,-0.0115480795446197,-0.00433120786204719
1991,0.111111111111111,-0.00014256888326691,-5.34717020005827e-05
1991,0.222222222222222,0,0
1991,0.333333333333333,0,-0.379445720822537
1991,0.444444444444444,0,-0.458596437672981
1991,0.555555555555556,-0.00360961420424833,-0.488619068909696
1991,0.666666666666667,-0.0278444146631483,-0.390704207536305
1991,0.777777777777778,-0.029303218423128,0
1991,0.888888888888889,-0.026593454980988,0
1991,1,0.0383718661395361,0
1992,0,0,0.000875687400919203
1992,0.111111111111111,0,-0.0113387490670042
1992,0.222222222222222,0,-0.00728133552756363
1992,0.333333333333333,0,-0.50057626270915
1992,0.444444444444444,0,-0.80660092869103
1992,0.555555555555556,0,-0.295528831046697
1992,0.666666666666667,0,-0.308347963383375
1992,0.777777777777778,0,0
1992,0.888888888888889,-0.00432118465526104,0
1992,1,-0.350015957076147,0
1993,0,0,0.00280804684611507
1993,0.111111111111111,0,0.0234293104105765
1993,0.222222222222222,0,0.0136913762501319
1993,0.333333333333333,0,-0.498923673400651
1993,0.444444444444444,0,-0.939692620785908
1993,0.555555555555556,0,-0.939692620785908
1993,0.666666666666667,0,-0.5
1993,0.777777777777778,0,0.000565031300892996
1993,0.888888888888889,0,0.0137247653888036
1993,1,0,0.0132851475571051
1994,0,-0.00167928655441737,-0.0012289478354177
1994,0.111111111111111,-0.00424929487346496,-0.00821227418393766
1994,0.222222222222222,0.00212262105504746,-0.001480325374717
1994,0.333333333333333,0.000194570225061325,-0.500096385722195
1994,0.444444444444444,0,-0.939692620785908
1994,0.555555555555556,0,-0.939692620785908
1994,0.666666666666667,0,-0.5
1994,0.777777777777778,0.00094144101122907,0.000507189871911477
1994,0.888888888888889,0.0229347680114456,0.0123431760432198
1994,1,0.0275548830977832,0.0138201485048958
1995,0,-0.00891017264140574,-0.00368980346681029
1995,0.111111111111111,-0.0184696349134639,-4.55531292198802e-05
1995,0.222222222222222,0.00579052912560169,0
1995,0.333333333333333,0.019148473964565,-0.5
1995,0.444444444444444,0.0144176946360979,-0.939692620785908
1995,0.555555555555556,-0.00111461542268782,-0.938894747725544
1995,0.666666666666667,-0.0314700188158801,-0.495529404809307
1995,0.777777777777778,-0.0132679613654747,-0.0139117559845667
1995,0.888888888888889,0,-0.00591678979354519
1995,1,0,-0.00961177848460204
1996,0,0,-0.00480518079880644
1996,0.111111111111111,0,-0.0215883135144092
1996,0.222222222222222,0,-0.0242829778003393
1996,0.333333333333333,0,-0.498189412701816
1996,0.444444444444444,-0.00417336346724991,-0.925264973898461
1996,0.555555555555556,-0.0250906817435808,-0.942510704390181
1996,0.666666666666667,-0.0417794871281318,-0.501810590846804
1996,0.777777777777778,-0.0149805328464043,0
1996,0.888888888888889,0,0
1996,1,0,0
1997,0,-0.00553881331319188,-0.00267902980339291
1997,0.111111111111111,-6.83804112739739e-05,-0.0262094261886888
1997,0.222222222222222,0,-0.034195334517707
1997,0.333333333333333,0,-0.522375443813835
1997,0.444444444444444,0,-0.917773103414509
1997,0.555555555555556,0,-0.901645990642671
1997,0.666666666666667,0,-0.474634660642116
1997,0.777777777777778,0,-0.0144780934315839
1997,0.888888888888889,0,-0.0285026609627682
1997,1,0,-0.0552317422665319
1998,0,-0.00196563018397263,-0.00270717136445173
1998,0.111111111111111,-0.000478627780608137,-0.0126824622545466
1998,0.222222222222222,-3.07662426832223e-06,-0.0280575620665238
1998,0.333333333333333,0.015751936494989,-0.517144899790402
1998,0.444444444444444,-0.00304148725433041,-0.930878215665477
1998,0.555555555555556,-0.0193062917519648,-0.936212674832517
1998,0.666666666666667,-0.0250278833037865,-0.515706158348006
1998,0.777777777777778,-0.00847314039656308,-0.0195667112098874
1998,0.888888888888889,0,-0.00422254258570402
1998,1,0,-0.0380555973027973
1999,0,0,0
1999,0.111111111111111,0,0
1999,0.222222222222222,-0.021786963660644,0
1999,0.333333333333333,-0.0530803595565107,-0.5
1999,0.444444444444444,-0.0121881222806302,-0.933873322563405
1999,0.555555555555556,-0.0152305870284203,-0.912803132653555
1999,0.666666666666667,-0.0578785461122714,-0.503238576704136
1999,0.777777777777778,-0.0625493582510821,-0.0316352612380394
1999,0.888888888888889,-0.0197691678499464,-0.0166866657624688
1999,1,0.00320188936741833,-0.00503282884172797
2000,0,0.00294155895502374,0.00263300628053412
2000,0.111111111111111,0.0186831220218018,0.0104680143689579
2000,0.222222222222222,0.0294617038569416,0.000434812838274208
2000,0.333333333333333,0.0399019538875037,-0.5
2000,0.444444444444444,0.0505478366353749,-0.939692620785908
2000,0.555555555555556,0.0525196630324701,-0.939692620785908
2000,0.666666666666667,0.0133160606605042,-0.5
2000,0.777777777777778,0,0.000588557872228435
2000,0.888888888888889,0,0.0141692943472122
2000,1,0,0.00355633851211423
2001,0,0,0.00108165250101459
2001,0.111111111111111,0,0.0078166675001511
2001,0.222222222222222,0.00346808269599307,0.00459620715888101
2001,0.333333333333333,0.00828093215165693,-0.268949710300498
2001,0.444444444444444,0.00113243516603855,-0.0680826260967765
2001,0.555555555555556,0,-0.250787292072746
2001,0.666666666666667,0,0.0323919863158187
2001,0.777777777777778,0,0.167070645426974
2001,0.888888888888889,-4.49197339098571e-05,0.00367438182361935
2001,1,-0.00363849844669845,0.00401828545860384
2002,0,0,0.000563390635405216
2002,0.111111111111111,0,6.95543994327428e-06
2002,0.222222222222222,0.00427587292862058,0.139818948864422
2002,0.333333333333333,0.110068779005164,-0.166146591486993
2002,0.444444444444444,0.368171019828251,-0.894037453809771
2002,0.555555555555556,0.252610943688659,-0.939692620785908
2002,0.666666666666667,0.282925467640832,-0.5
2002,0.777777777777778,0.0997118561917981,2.95976827599288e-05
2002,0.888888888888889,0,0.000731378583862616
2002,1,0,0.00170377000757033
2003,0,0.000754116952464161,0.000831929638129117
2003,0.111111111111111,0.00184184513363533,0.00309166859994456
2003,0.222222222222222,7.63556269917685e-05,0.0040553959905667
2003,0.333333333333333,0,-0.499667620316148
2003,0.444444444444444,0.0820234525124743,-0.939692620785908
2003,0.555555555555556,0.445802431221421,-0.939692620785908
2003,0.666666666666667,0.475029006876854,-0.5
2003,0.777777777777778,0.14947732074945,0
2003,0.888888888888889,0,0
2003,1,0,0
2004,0,0,-0.000545619868269985
2004,0.111111111111111,0,-0.000323352637081975
2004,0.222222222222222,0,-0.0016157466204125
2004,0.333333333333333,0,-0.495083843019402
2004,0.444444444444444,0,-0.924217257720742
2004,0.555555555555556,0,-0.932307650007414
2004,0.666666666666667,0,-0.498691728104389
2004,0.777777777777778,0,0
2004,0.888888888888889,-0.000449439468245335,-0.00429988071480324
2004,1,-0.0364045969278724,-0.348290337899065
2005,0,0.000623548745507038,0.000478326123203535
2005,0.111111111111111,7.69813266058073e-06,0.000219563372645094
2005,0.222222222222222,0,8.90242132770015e-06
2005,0.333333333333333,0,-0.5
2005,0.444444444444444,0,-0.939692620785908
2005,0.555555555555556,0,-0.939692620785908
2005,0.666666666666667,0,-0.5
2005,0.777777777777778,-5.68635200289724e-05,-9.70693497594761e-05
2005,0.888888888888889,-0.00146017956973625,-0.00243918782841248
2005,1,-0.00773186221231385,-0.00887139816898932
2006,0,-2.17840713647757e-05,0.000772016566953282
2006,0.111111111111111,-0.0019896618582912,0.00411005666954706
2006,0.222222222222222,-8.28913716307731e-05,0.000170855233367469
2006,0.333333333333333,0,-0.5
2006,0.444444444444444,0,-0.939692620785908
2006,0.555555555555556,0,-0.939692620785908
2006,0.666666666666667,0,-0.5
2006,0.777777777777778,0,0
2006,0.888888888888889,0,-0.000150083473107358
2006,1,0,-0.0121567613216961
2007,0,0,0
2007,0.111111111111111,0,0
2007,0.222222222222222,0,0.148195878785897
2007,0.333333333333333,0,0.173103155410585
2007,0.444444444444444,0,0.307921595180649
2007,0.555555555555556,0.00162162040188675,-0.106237346272883
2007,0.666666666666667,0.0118580991887968,-0.311233736913285
2007,0.777777777777778,0.00496621248077815,0.00294959793309593
2007,0.888888888888889,0,0
2007,1,0,0
2008,0,-0.00297041923203877,-0.00140588573799465
2008,0.111111111111111,-0.0040855276448341,-0.00103420402975527
2008,0.222222222222222,-0.000168702325102636,-4.23686423210816e-05
2008,0.333333333333333,0,-0.5
2008,0.444444444444444,0,-0.939692620785908
2008,0.555555555555556,0,-0.939692620785908
2008,0.666666666666667,0,-0.5
2008,0.777777777777778,0,0
2008,0.888888888888889,-0.00272058492304765,0
2008,1,-0.220367378766861,0
2009,0,0,-0.000395958272807465
2009,0.111111111111111,0,-0.0093825801873786
2009,0.222222222222222,0,-0.00652385900126084
2009,0.333333333333333,0.00178501482716358,-0.500519104356563
2009,0.444444444444444,0.00818659909214969,-0.939692620785908
2009,0.555555555555556,0.0115954598130056,-0.939692620785908
2009,0.666666666666667,0.000464446963007733,-0.5
2009,0.777777777777778,-0.0130799307050567,-8.74433086827412e-05
2009,0.888888888888889,-0.0109110310684032,-0.00209627594759582
2009,1,-0.014607050594279,0.000191440323987123
2010,0,0,0
2010,0.111111111111111,0,-0.632447956278595
2010,0.222222222222222,0,-0.410432539723305
2010,0.333333333333333,0,-0.532508384394093
2010,0.444444444444444,0,-0.939692620785908
2010,0.555555555555556,0,-0.939692620785908
2010,0.666666666666667,0,-0.5
2010,0.777777777777778,0,0
2010,0.888888888888889,0,-4.16178733630235e-06
2010,1,0,-0.000337104774240493
2011,0,-0.00024494280936704,0.000414132137823713
2011,0.111111111111111,-3.02398530082766e-06,0.00313678076958138
2011,0.222222222222222,0.105482404888662,0.000130486167797463
2011,0.333333333333333,0.36402673729774,-0.5
2011,0.444444444444444,0.480647954842152,-0.939692620785908
2011,0.555555555555556,0.462677534150149,-0.939692620785908
2011,0.666666666666667,0.463892556512419,-0.5
2011,0.777777777777778,0.156492028048235,0
2011,0.888888888888889,0.0022827387033782,0
2011,1,-0.0100591420293572,0
2012,0,-0.000212646016743667,0.000170087641555624
2012,0.111111111111111,-0.00808796247583059,-0.00286286160713656
2012,0.222222222222222,-0.00436777226450659,-0.000119373393940132
2012,0.333333333333333,0.00337694753703546,-0.5
2012,0.444444444444444,0.00407216956458107,-0.939692620785908
2012,0.555555555555556,0.0035805803241552,-0.939692620785908
2012,0.666666666666667,0.00087686314391571,-0.5
2012,0.777777777777778,0,0.000103530088551416
2012,0.888888888888889,0,0.00250334982587125
2012,1,0,0.00150884375161949
2013,0,0.000806289587465843,0.000817292130244756
2013,0.111111111111111,9.95419243784992e-06,-0.00302954649751021
2013,0.222222222222222,0,-0.000126651521825397
2013,0.333333333333333,0.0905470840217086,-0.5
2013,0.444444444444444,0.379464769854604,-0.939692620785908
2013,0.555555555555556,0.463222653221027,-0.939692620785908
2013,0.666666666666667,0.395390545665171,-0.5
2013,0.777777777777778,0.338556526135735,0
2013,0.888888888888889,0.152088373350775,0
2013,1,0.0249333079264957,0
2014,0,0.00030446868552397,-0.00016681271603948
2014,0.111111111111111,-2.35027243499102e-05,-0.00353147320733929
2014,0.222222222222222,-1.13589987544583e-06,-0.00749324081973096
2014,0.333333333333333,0,-0.501563259587783
2014,0.444444444444444,0,-0.934373774660074
2014,0.555555555555556,0,-0.938516495765774
2014,0.666666666666667,0,-0.5
2014,0.777777777777778,0,0
2014,0.888888888888889,-0.000317062496313499,0
2014,1,-0.0256820622013936,0
2015,0,0,0
2015,0.111111111111111,0.263755342147737,0
2015,0.222222222222222,0.469759192115136,0
2015,0.333333333333333,0.655648610844467,-0.5
2015,0.444444444444444,0.627026982575984,-0.939692620785908
2015,0.555555555555556,0.248421649580358,-0.939692620785908
2015,0.666666666666667,0.0419309555189264,-0.5
2015,0.777777777777778,0.000357426758260763,0
2015,0.888888888888889,0,0
2015,1,0,0
2016,0,0.000483648077554849,0
2016,0.111111111111111,5.97096392043024e-06,0
2016,0.222222222222222,0,0
2016,0.333333333333333,0,-0.282863863926049
2016,0.444444444444444,0,-0.00848311884710307
2016,0.555555555555556,0,0.257643305325521
2016,0.666666666666667,0,0.333218619239777
2016,0.777777777777778,0,0.446814354525812
2016,0.888888888888889,0,0.329467664016692
2016,1,0,0.572346797432234
2017,0,-0.000430521336620024,-0.000196105795385829
2017,0.111111111111111,-0.000915819270925748,-2.42105920229418e-06
2017,0.222222222222222,-3.79376746956613e-05,0
2017,0.333333333333333,0,-0.471073171409721
2017,0.444444444444444,0,-0.634913327273578
2017,0.555555555555556,0,0.0853820062666071
2017,0.666666666666667,0,-0.197424615404593
2017,0.777777777777778,0,0.00824932079450801
2017,0.888888888888889,0,0.00902951698235803
2017,1,0,-0.0038943896992105
2018,0,-0.000457152985567114,-0.000477182650722718
2018,0.111111111111111,-0.00407537879058267,-0.00201593828550195
2018,0.222222222222222,-0.00208746920037187,-8.3751964236078e-05
2018,0.333333333333333,-0.000162329832657231,-0.5
2018,0.444444444444444,0,-0.939692620785908
2018,0.555555555555556,0,-0.939692620785908
2018,0.666666666666667,0,-0.5
2018,0.777777777777778,0,0
2018,0.888888888888889,-0.00565915495702669,0
2018,1,-0.458391551519165,0
2019,0,-0.00181709347740786,-0.000278157079201482
2019,0.111111111111111,-0.00721913670117882,0.00182781100382445
2019,0.222222222222222,-0.00311690159834655,7.63018767433035e-05
2019,0.333333333333333,-0.000238432764187897,-0.5
2019,0.444444444444444,0,-0.814835794244648
2019,0.555555555555556,0,-0.335385580326206
2019,0.666666666666667,0,-0.320206169780585
2019,0.777777777777778,1.70435174632589e-05,0.000145514791326226
2019,0.888888888888889,0.000509709354632776,0.00365015419338953
2019,1,0.00815385977667965,0.0127817353263696
2020,0,-3.66424483186328e-05,-0.000145770348878586
2020,0.111111111111111,-0.000434164222580172,0.000446731857220706
2020,0.222222222222222,-1.80713269447918e-05,0.0033303285830186
2020,0.333333333333333,0,-0.347801112189351
2020,0.444444444444444,0,-0.36285651331116
2020,0.555555555555556,0,-0.384097989292874
2020,0.666666666666667,0,-0.0573714654368601
2020,0.777777777777778,0,0.134255213507311
2020,0.888888888888889,0,8.41909736229497e-05
2020,1,0,0.00681946886345897
2021,0,0.000960183817691755,0
2021,0.111111111111111,0.00449822797123878,0
2021,0.222222222222222,0.236231298958896,0
2021,0.333333333333333,0.722876154958151,-0.5
2021,0.444444444444444,0.768646005952163,-0.939692620785908
2021,0.555555555555556,0.845643997693948,-0.939692620785908
2021,0.666666666666667,0.621553738425808,-0.5
2021,0.777777777777778,0.438361356663524,0
2021,0.888888888888889,0.159603737215405,0.000122353872512086
2021,1,0,0.00991066367347904
2022,0,0.0018304653638737,0.000692654008326382
2022,0.111111111111111,2.25983378256012e-05,-0.000374899368473962
2022,0.222222222222222,0,-1.59771105219739e-05
2022,0.333333333333333,0,-0.5
2022,0.444444444444444,0,-0.939692620785908
2022,0.555555555555556,0,-0.939692620785908
2022,0.666666666666667,0,-0.5
2022,0.777777777777778,0,0
2022,0.888888888888889,0.00458653110846411,0
2022,1,0.371509019785596,0
2023,0,0.00265553847887406,0
2023,0.111111111111111,0.00847138183483598,0
2023,0.222222222222222,0.00891720869703673,0.0939296523004457
2023,0.333333333333333,0.00423767670558955,-0.162000056122734
2023,0.444444444444444,-0.00157714853688071,-0.482850428968489
2023,0.555555555555556,-0.00184617591451538,-0.611092412728376
2023,0.666666666666667,-0.00230253077730087,-0.16677860046797
2023,0.777777777777778,-0.000816695717374899,0.113049452108296
2023,0.888888888888889,0,0
2023,1,0,0
2024,0,-0.00215627702404982,-0.000494746924067868
2024,0.111111111111111,-2.66207040006151e-05,-6.10798671688726e-06
2024,0.222222222222222,0.00053614824502173,0
2024,0.333333333333333,0.0873590721935542,-0.5
2024,0.444444444444444,0.354210090734601,-0.939692620785908
2024,0.555555555555556,0.37299439174951,-0.939692620785908
2024,0.666666666666667,0.0931886451721575,-0.5
2024,0.777777777777778,-0.0132373725494543,0
2024,0.888888888888889,-0.317955513817229,-0.00228585607593708
2024,1,-0.0209443830564149,-0.185154342150905
2025,0,-1.04916676508401e-05,0.000547907055822769
2025,0.111111111111111,-1.29526761121482e-07,2.96636301064508e-05
2025,0.222222222222222,0,9.54139394444314e-07
2025,0.333333333333333,0.0649216724131957,-0.5
2025,0.444444444444444,0.315138072441828,-0.939692620785908
2025,0.555555555555556,0.58294334356878,-0.939692620785908
2025,0.666666666666667,0.642737089253745,-0.5
2025,0.777777777777778,0.218092497405474,0.000175727329700563
2025,0.888888888888889,0.00448095326829803,0.00417911186683133
2025,1,0,-0.00310586772455629
2026,0,0.000110277969598837,-0.000219565739739927
2026,0.111111111111111,1.36145641480046e-06,-2.71068814493737e-06
2026,0.222222222222222,0,0
2026,0.333333333333333,0.0786774300115965,-0.5
2026,0.444444444444444,0.323406106908686,-0.939692620785908
2026,0.555555555555556,0.372960386362083,-0.939692620785908
2026,0.666666666666667,0.325813948920055,-0.5
2026,0.777777777777778,0.100893058932957,0
2026,0.888888888888889,0,0
2026,1,0,0
2027,0,-0.000421309577337317,0.000217459061481838
2027,0.111111111111111,0.000956166427513181,0.00363328603671541
2027,0.222222222222222,0.00200683847419392,0.013772424950433
2027,0.333333333333333,0.000166467398277041,-0.467748627904828
2027,0.444444444444444,0,-0.892976931012918
2027,0.555555555555556,0,-0.930566633757499
2027,0.666666666666667,0,-0.5
2027,0.777777777777778,0,0
2027,0.888888888888889,0,0
2027,1,0,0
2028,0,0,-0.000357326762554718
2028,0.111111111111111,0,-0.00149895844544613
2028,0.222222222222222,0,-6.22727918305464e-05
2028,0.333333333333333,0,-0.5
2028,0.444444444444444,0,-0.939692620785908
2028,0.555555555555556,0,-0.939692620785908
2028,0.666666666666667,0,-0.5
2028,0.777777777777778,0,0
2028,0.888888888888889,0,0
2028,1,0,0
2029,0,-0.00200093632826374,0
2029,0.111111111111111,-0.0133515148530822,0
2029,0.222222222222222,-0.0132686847846784,0
2029,0.333333333333333,-0.00107605588012206,-0.5
2029,0.444444444444444,0,-0.939692620785908
2029,0.555555555555556,0,-0.939692620785908
2029,0.666666666666667,0,-0.5
2029,0.777777777777778,0,-0.000174546169042937
2029,0.888888888888889,0,-0.00434177161365917
2029,1,0,-0.0123657480869231
2030,0,0,-0.000639582818184308
2030,0.111111111111111,0,-0.00228618245198962
2030,0.222222222222222,-0.118074277969114,-9.4928598658938e-05
2030,0.333333333333333,-0.281932459640537,-0.320817741977897
2030,0.444444444444444,-0.038554866275629,-0.337441142433841
2030,0.555555555555556,0,-0.815260497159448
2030,0.666666666666667,0,-0.5
2030,0.777777777777778,0,-0.000354939509941909
2030,0.888888888888889,0,-0.00860797617262818
2030,1,0,-0.00724366265581188
2031,0,-3.46979398718634e-05,0.000784202410011214
2031,0.111111111111111,-4.74377760416528e-05,0.000806898271574182
2031,0.222222222222222,-1.95872526723355e-06,3.32173650141448e-05
2031,0.333333333333333,0,-0.5
2031,0.444444444444444,0,-0.939692620785908
2031,0.555555555555556,0,-0.919093571607083
2031,0.666666666666667,0,-0.349369452879839
2031,0.777777777777778,0,0.0630845881101531
2031,0.888888888888889,-6.41707519753834e-05,1.10761811218884e-05
2031,1,-0.00519783091000609,0.000897170670872971
2032,0,1.84298697359496e-05,0.000804835320056029
2032,0.111111111111111,0.00575440146167257,9.93623851921024e-06
2032,0.222222222222222,0.00398641566706669,0
2032,0.333333333333333,0.000317115289457153,-0.28582019576687
2032,0.444444444444444,0,-0.219810501002333
2032,0.555555555555556,0,-0.790956645624013
2032,0.666666666666667,0,-0.5
2032,0.777777777777778,0,0
2032,0.888888888888889,0,0.00014735134718105
2032,1,0,0.0119354591216651
2033,0,0,0
2033,0.111111111111111,0,0
2033,0.222222222222222,0,0
2033,0.333333333333333,0,-0.278743838633729
2033,0.444444444444444,0.0053609663713028,-0.1950892685464
2033,0.555555555555556,0.0274496784442639,-0.780762022340594
2033,0.666666666666667,0.0186970148699523,-0.493052540146658
2033,0.777777777777778,0.00448796672405211,0.00403030069411263
2033,0.888888888888889,0.000332527295717344,0.00202866738402998
2033,1,0.00579648564624088,0.00978881395324976
2034,0,0,0.000441638306140328
2034,0.111111111111111,0,0.00061659104201583
2034,0.222222222222222,0,2.54641132186944e-05
2034,0.333333333333333,0,-0.5
2034,0.444444444444444,0,-0.938967875873717
2034,0.555555555555556,0,-0.9361848554109
2034,0.666666666666667,0,-0.498956367326444
2034,0.777777777777778,-7.94084285648941e-05,9.88896562301067e-05
2034,0.888888888888889,-0.00210991323962646,0.00246174577804609
2034,1,-0.0165329872795897,0.00715991631040603
2035,0,0,0.000433037283502496
2035,0.111111111111111,0,0.00168405727056247
2035,0.222222222222222,0,6.99462971358321e-05
2035,0.333333333333333,0.00607264541216241,-0.5
2035,0.444444444444444,0.0910550401244323,-0.939692620785908
2035,0.555555555555556,0.379430023603542,-0.939692620785908
2035,0.666666666666667,0.364499908142323,-0.5
2035,0.777777777777778,0.346246051083725,0
2035,0.888888888888889,0.393833884068799,0
2035,1,0.367734358773166,0
2036,0,0.00220637460441224,-0.00108938088033506
2036,0.111111111111111,2.72391926470647e-05,-0.00477756549967142
2036,0.222222222222222,0,-0.00576908098441987
2036,0.333333333333333,0.078457620112987,-0.500471490770164
2036,0.444444444444444,0.263704778713095,-0.939692620785908
2036,0.555555555555556,0.0544844584117965,-0.939692620785908
2036,0.666666666666667,0,-0.5
2036,0.777777777777778,0,-3.95869202485346e-05
2036,0.888888888888889,-6.88316874788356e-05,-0.00109242230494975
2036,1,-0.00557536668578572,-0.0115292337377786
2037,0,0.000605448269936964,0
2037,0.111111111111111,0.00485436258110927,0
2037,0.222222222222222,0.000201953662962919,0
2037,0.333333333333333,0,-0.5
2037,0.444444444444444,0,-0.939692620785908
2037,0.555555555555556,0,-0.939692620785908
2037,0.666666666666667,-4.46185614787277e-05,-0.5
2037,0.777777777777778,-0.000403835853253718,0
2037,0.888888888888889,0.00287418990225562,0
2037,1,-0.0069328392354872,0
2038,0,0,0.000342747384766158
2038,0.111111111111111,0,0.00432362708417516
2038,0.222222222222222,-0.00484865162624626,0.00657477165886939
2038,0.333333333333333,-0.00899224499616191,-0.499458747602821
2038,0.444444444444444,0.0104662300753679,-0.939692620785908
2038,0.555555555555556,0.0180494862582054,-0.939692620785908
2038,0.666666666666667,0.00433224636852112,-0.5
2038,0.777777777777778,-0.00536162150542891,0
2038,0.888888888888889,-0.00615740732135738,0
2038,1,-0.00841291150330341,0
2039,0,-0.00133215404043638,-0.000248238308129532
2039,0.111111111111111,-0.0176311951826707,-3.06467047073497e-06
2039,0.222222222222222,-0.0168335770395983,0
2039,0.333333333333333,-0.00136266453801912,-0.262140280931476
2039,0.444444444444444,0,-0.140219676138924
2039,0.555555555555556,0,-0.774512260321656
2039,0.666666666666667,0,-0.5
2039,0.777777777777778,0,0
2039,0.888888888888889,0,0
2039,1,0,0
2040,0,0,0
2040,0.111111111111111,0,0
2040,0.222222222222222,0,0.00397918689018385
2040,0.333333333333333,-0.00090650671931817,-0.134748469911398
2040,0.444444444444444,-0.00367451892751023,0.353108784508596
2040,0.555555555555556,-0.00340967014336661,-0.185190678354522
2040,0.666666666666667,0.000980398288469474,-0.0259655976181019
2040,0.777777777777778,0.000789114855612213,0.330869483391286
2040,0.888888888888889,0,0.336874442295054
2040,1,0,0.231596324041604
2041,0,0.000219083890110203,0
2041,0.111111111111111,0.0128235058483858,0
2041,0.222222222222222,0.0126720864565368,0
2041,0.333333333333333,0.00102734461780209,-0.257940726181279
2041,0.444444444444444,0,-0.119218158108317
2041,0.555555555555556,0,-0.73826597902991
2041,0.666666666666667,0,-0.490083659026877
2041,0.777777777777778,0,0
2041,0.888888888888889,0,0.000245707067289558
2041,1,0,0.0199022724504543
2042,0,-0.000910337154471836,-0.000439566405233302
2042,0.111111111111111,-0.000307314797583363,-2.7010056557427e-06
2042,0.222222222222222,-1.23365028033851e-05,1.13572503661597e-07
2042,0.333333333333333,0,-0.5
2042,0.444444444444444,0,-0.939692620785908
2042,0.555555555555556,0,-0.939692620785908
2042,0.666666666666667,0,-0.5
2042,0.777777777777778,0.000137636861756326,0
2042,0.888888888888889,0.00332838364038114,0
2042,1,0.00203301561657552,0
2043,0,0.00125044417365681,-1.7944771080392e-05
2043,0.111111111111111,1.54375823908248e-05,0.00468723778134624
2043,0.222222222222222,0,0.00376024134375184
2043,0.333333333333333,0,-0.499698266067259
2043,0.444444444444444,0,-0.939692620785908
2043,0.555555555555556,-0.00050787340208937,-0.939692620785908
2043,0.666666666666667,-0.00408120534020895,-0.5
2043,0.777777777777778,-0.00607550274751598,3.93353652499553e-05
2043,0.888888888888889,-0.00433440464328226,0.000836674434943563
2043,1,-0.00194255037600611,-0.00869732081548442
2044,0,9.41776432579019e-05,-0.000202059582970577
2044,0.111111111111111,0.00241131868163836,-0.00070125382495686
2044,0.222222222222222,0.00010042316644519,-2.91149692585057e-05
2044,0.333333333333333,0,-0.5
2044,0.444444444444444,0,-0.939692620785908
2044,0.555555555555556,0,-0.939692620785908
2044,0.666666666666667,0,-0.5
2044,0.777777777777778,-0.000370676298774057,-7.91637920328531e-05
2044,0.888888888888889,-0.00903984921169428,-0.00200724856031609
2044,1,-0.0116330613304708,-0.00869272167373741
2045,0,0.00043986008675158,-0.00022580180795167
2045,0.111111111111111,0.00522348358382073,0.00316872707447356
2045,0.222222222222222,0.00021741888384914,0.000132146447963123
2045,0.333333333333333,0,-0.5
2045,0.444444444444444,0,-0.939692620785908
2045,0.555555555555556,0,-0.939692620785908
2045,0.666666666666667,0,-0.5
2045,0.777777777777778,-0.000221240563890982,0
2045,0.888888888888889,-0.00541022964816178,0
2045,1,-0.00813694529703499,0
2046,0,-0.00125789954691578,0.000341579166878736
2046,0.111111111111111,0.00217386587412916,0.000330228791956002
2046,0.222222222222222,9.12248124235483e-05,1.35838235501839e-05
2046,0.333333333333333,0,-0.5
2046,0.444444444444444,0,-0.809695670002288
2046,0.555555555555556,0,-0.310507378993184
2046,0.666666666666667,0,-0.312804390871586
2046,0.777777777777778,0,0
2046,0.888888888888889,0,0.000167422725909352
2046,1,0,0.0135612407986576
2047,0,0,0
2047,0.111111111111111,0.310312875024158,0
2047,0.222222222222222,0.533814283307195,0
2047,0.333333333333333,0.268854301404816,-0.205724906502196
2047,0.444444444444444,0.0318669504369974,0.165738368060874
2047,0.555555555555556,0,-0.101371398442657
2047,0.666666666666667,0,0.205693310692117
2047,0.777777777777778,0,0.464040172779791
2047,0.888888888888889,0,0.296250780408272
2047,1,0,0
2048,0,0,0.00128547760946392
2048,0.111111111111111,0,0.00483850932465414
2048,0.222222222222222,0,0.000200943301279589
2048,0.333333333333333,0,-0.5
2048,0.444444444444444,0,-0.810658739945542
2048,0.555555555555556,0,-0.315168637518534
2048,0.666666666666667,0,-0.314191211589872
2048,0.777777777777778,4.19803838537361e-07,-1.09298637665811e-05
2048,0.888888888888889,0.000232711701859499,-9.45087999973936e-05
2048,1,0.0180335491885029,0.0135924423624448
2049,0,-0.00103808217533471,0
2049,0.111111111111111,-0.00286878788206277,0
2049,0.222222222222222,-0.000118998835530735,0
2049,0.333333333333333,0,-0.5
2049,0.444444444444444,0,-0.939692620785908
2049,0.555555555555556,0,-0.939692620785908
2049,0.666666666666667,0,-0.501628809041592
2049,0.777777777777778,0,-0.0199506139869715
2049,0.888888888888889,0,-0.0221981265662846
2049,1,0,-0.424540728464376
2050,0,0,0
2050,0.111111111111111,0.100692384614984,0
2050,0.222222222222222,0.262515154302958,0
2050,0.333333333333333,0.231501542104869,-0.496752979111748
2050,0.444444444444444,0.029721938532429,-0.807495485332846
2050,0.555555555555556,0,-0.35042542382613
2050,0.666666666666667,0.00079279164847652,-0.32535170604673
2050,0.777777777777778,0.00952481258159738,0
2050,0.888888888888889,0.00379684567089169,0.000129149804816646
2050,1,0.000147422925662975,0.0104611341901484
2051,0,0.00152044824575184,0
2051,0.111111111111111,1.87709659969363e-05,0
2051,0.222222222222222,0,0.00393529988646525
2051,0.333333333333333,0,-0.287918744906902
2051,0.444444444444444,0,-0.108077082284057
2051,0.555555555555556,0.00134079639896265,-0.0757885905556676
2051,0.666666666666667,0.0102239727324824,-0.273757362844222
2051,0.777777777777778,0.00927364589048435,0.00484166642306123
2051,0.888888888888889,0.00487797820488216,0
2051,1,-0.017662288799333,0
2052,0,-0.000127875341767278,-0.000207328776468766
2052,0.111111111111111,-0.00284124838865586,-9.30494938038351e-05
2052,0.222222222222222,-0.00494865122064629,-0.00109495072403982
2052,0.333333333333333,-0.000408836848171239,-0.500092356954341
2052,0.444444444444444,0,-0.939692620785908
2052,0.555555555555556,0,-0.939692620785908
2052,0.666666666666667,0,-0.5
2052,0.777777777777778,0,0
2052,0.888888888888889,0,0
2052,1,0,0
2053,0,0,0
2053,0.111111111111111,0,0
2053,0.222222222222222,0,0.120459501971596
2053,0.333333333333333,0,0.0805850178044098
2053,0.444444444444444,0,0.138605728523651
2053,0.555555555555556,0,-0.368152106159309
2053,0.666666666666667,0,0.3479993381989
2053,0.777777777777778,0,0.322396230905194
2053,0.888888888888889,0,0
2053,1,0,0
2054,0,-5.79062306424155e-05,2.76523582120504e-05
2054,0.111111111111111,-0.0099921692857234,-0.00370518450270222
2054,0.222222222222222,-0.00913689591851552,-0.000324171060718907
2054,0.333333333333333,-0.000738105967419071,-0.500014369598788
2054,0.444444444444444,0,-0.939692620785908
2054,0.555555555555556,0,-0.939692620785908
2054,0.666666666666667,0,-0.5
2054,0.777777777777778,0.000545017757329965,0
2054,0.888888888888889,0.0136046413149857,0
2054,1,0.0424614262643886,0
2055,0,-0.000786207446146796,-0.000115383319443148
2055,0.111111111111111,-0.00199250737374184,-1.42448542522405e-06
2055,0.222222222222222,-8.26167128739416e-05,0
2055,0.333333333333333,0,-0.5
2055,0.444444444444444,0,-0.939692620785908
2055,0.555555555555556,0,-0.939692620785908
2055,0.666666666666667,0,-0.5
2055,0.777777777777778,0,0
2055,0.888888888888889,9.22472064674159e-05,0
2055,1,0.00747202372386074,0
2056,0,-0.00138681348601957,8.99740456597204e-05
2056,0.111111111111111,-0.00947580076206034,1.11079068715704e-06
2056,0.222222222222222,-0.00854273507901474,0
2056,0.333333333333333,0.00133586471957168,-0.343791580103214
2056,0.444444444444444,0.000287179412496829,-0.220942809338181
2056,0.555555555555556,0,0.106370674095148
2056,0.666666666666667,0,-0.221049023815716
2056,0.777777777777778,0,0
2056,0.888888888888889,0,0
2056,1,0,0
2057,0,0,0
2057,0.111111111111111,0,0
2057,0.222222222222222,0.0439642135532837,0
2057,0.333333333333333,0.172138168795467,-0.501756256767687
2057,0.444444444444444,0.300462794947564,-0.945595594921746
2057,0.555555555555556,0.368334405693958,-0.940912243541247
2057,0.666666666666667,0.303626217627724,-0.5
2057,0.777777777777778,0.100644666762354,0
2057,0.888888888888889,0.00601547715706304,0
2057,1,0,0
2058,0,-0.000420627589383276,9.05303579617051e-05
2058,0.111111111111111,0.000335188208533954,0.000960029117211985
2058,0.222222222222222,1.41825475723424e-05,0.0011971014621648
2058,0.333333333333333,0,-0.352429906894388
2058,0.444444444444444,0.042552138348385,-0.401764725242194
2058,0.555555555555556,0.228581214094723,-0.59307976193818
2058,0.666666666666667,0.227172680935506,-0.426794337426911
2058,0.777777777777778,0.0744363736529163,0
2058,0.888888888888889,0.0030153254498427,1.12840135452352e-06
2058,1,0,9.14005097164057e-05
2059,0,0.000502263308681433,0.000484678963649105
2059,0.111111111111111,6.20078158865967e-06,0.00283663464805697
2059,0.222222222222222,0,0.000117943789881155
2059,0.333333333333333,0,-0.5
2059,0.444444444444444,0,-0.808981049985658
2059,0.555555555555556,0,-0.307048618112695
2059,0.666666666666667,0.00107185774784879,-0.311265810482994
2059,0.777777777777778,0.0131501966795871,0.0064828990699457
2059,0.888888888888889,0.013437220229106,0.0112437957236785
2059,1,0.142861246031327,0.0108207664229782
2060,0,0,0
2060,0.111111111111111,0.0850104950746213,0
2060,0.222222222222222,0.289412182726746,0
2060,0.333333333333333,0.477187252761694,-0.5
2060,0.444444444444444,0.494365836569549,-0.939692620785908
2060,0.555555555555556,0.296996994501219,-0.939692620785908
2060,0.666666666666667,0.0635910943486761,-0.5
2060,0.777777777777778,0,0
2060,0.888888888888889,-7.91337640172006e-05,-6.49898387104064e-05
2060,1,-0.00640983488539329,-0.00526417693554295
2061,0,0,0
2061,0.111111111111111,0,0
2061,0.222222222222222,0,0
2061,0.333333333333333,0,-0.5
2061,0.444444444444444,0,-0.939965060970573
2061,0.555555555555556,0,-0.941336129040409
2061,0.666666666666667,0,-0.503608311477879
2061,0.777777777777778,0,-0.0113322207584002
2061,0.888888888888889,-0.000328722052656099,-0.0100454469067181
2061,1,-0.0266264862651442,-0.015439959195512
2062,0,0,0.00108088466706167
2062,0.111111111111111,0.176736351939293,-0.000839009840447795
2062,0.222222222222222,0.394762282441701,-3.5514753983196e-05
2062,0.333333333333333,0.48868454011921,-0.5
2062,0.444444444444444,0.901173340857808,-0.939692620785908
2062,0.555555555555556,0.524676524466418,-0.939692620785908
2062,0.666666666666667,0.45828378828574,-0.5
2062,0.777777777777778,0.325441685874904,0
2062,0.888888888888889,0.289619264426738,0
2062,1,0.0535966039571905,0
2063,0,0.000366887124999321,0.000639330407353013
2063,0.111111111111111,-0.00199848516388839,7.89296799201252e-06
2063,0.222222222222222,-8.34589431069749e-05,0
2063,0.333333333333333,0,-0.5
2063,0.444444444444444,0,-0.873244646904594
2063,0.555555555555556,0,-0.618084427200347
2063,0.666666666666667,0,-0.404314917610908
2063,0.777777777777778,-0.000146534301303146,0
2063,0.888888888888889,-0.00355082450483342,-8.97070994056616e-05
2063,1,-0.00275410315819058,-0.00726627505185864
2064,0,0.00100948823310685,0.000669751518856989
2064,0.111111111111111,1.24628176926772e-05,8.26853726983938e-06
2064,0.222222222222222,0,0
2064,0.333333333333333,0,-0.5
2064,0.444444444444444,0,-0.939692620785908
2064,0.555555555555556,0,-0.939692620785908
2064,0.666666666666667,0.000145793567359269,-0.499456748807797
2064,0.777777777777778,0.0019094216419161,0.00679364023015231
2064,0.888888888888889,0.00444849748202666,0.00894745106291945
2064,1,-0.00300072073304849,-0.0046996887871935
2065,0,0,0
2065,0.111111111111111,0,0
2065,0.222222222222222,0,0.183996651641177
2065,0.333333333333333,0,0.0612014464316822
2065,0.444444444444444,0,-0.368699950768675
2065,0.555555555555556,0,-0.360533199696054
2065,0.666666666666667,0,-0.304078581792673
2065,0.777777777777778,0,0.250995416873545
2065,0.888888888888889,0,0.139910919195722
2065,1,0,0
2066,0,0,0
2066,0.111111111111111,0,0
2066,0.222222222222222,0,0.13279361144608
2066,0.333333333333333,0,-0.0325885406499453
2066,0.444444444444444,0,-0.293612224651765
2066,0.555555555555556,0,-0.333895685638906
2066,0.666666666666667,0,-0.125641978331508
2066,0.777777777777778,0,0.285139777392329
2066,0.888888888888889,0,0.120131268166337
2066,1,0,0.429089910244861
2067,0,0.00030741378411429,-0.000198362472030958
2067,0.111111111111111,3.79523190264556e-06,0.00163647549194848
2067,0.222222222222222,0,6.82885171398448e-05
2067,0.333333333333333,0.0930206973065545,-0.5
2067,0.444444444444444,0.362745046560451,-0.939692620785908
2067,0.555555555555556,0.307043699298506,-0.939692620785908
2067,0.666666666666667,0.0721326920833252,-0.5
2067,0.777777777777778,0,-2.03228131593192e-05
2067,0.888888888888889,0,-0.000375579302628597
2067,1,0,0.0090856252688001
2068,0,0,0
2068,0.111111111111111,0,0
2068,0.222222222222222,0,0
2068,0.333333333333333,0,-0.5
2068,0.444444444444444,0,-0.939692620785908
2068,0.555555555555556,0,-0.939692620785908
2068,0.666666666666667,0,-0.5
2068,0.777777777777778,0.000133951278671451,0.000151494962210044
2068,0.888888888888889,0.0030392910885684,0.0036178307827145
2068,1,-0.0142187075632592,-0.00146191313645063
2069,0,0.000469055866695182,0.000538198829095813
2069,0.111111111111111,0.00501568854584414,0.0041079361067882
2069,0.222222222222222,0.000208745738861461,0.00624354214884959
2069,0.333333333333333,0,-0.477965084143931
2069,0.444444444444444,0,-0.903881389937954
2069,0.555555555555556,0,-0.904911797064895
2069,0.666666666666667,0,-0.471086666862073
2069,0.777777777777778,0,0.00887249332699699
2069,0.888888888888889,0,0
2069,1,0,0
2070,0,-0.00213723690270276,0
2070,0.111111111111111,-0.00906695204492207,0
2070,0.222222222222222,-0.00527244100528432,0
2070,0.333333333333333,-0.00041437388695301,-0.5
2070,0.444444444444444,0.0716837794937868,-0.939692620785908
2070,0.555555555555556,0.346949492749928,-0.939692620785908
2070,0.666666666666667,0.103224642471053,-0.5
2070,0.777777777777778,-0.000116630437894611,-0.000270310812499755
2070,0.888888888888889,-0.00279913050947065,-0.00652193402033436
2070,1,0,-0.00279243614756036
2071,0,0,0
2071,0.111111111111111,0,0.401988396966956
2071,0.222222222222222,0.110631534365687,0.641658337212369
2071,0.333333333333333,0.267713055856538,0.0703297892173434
2071,0.444444444444444,0.048063401333912,-0.12452629610519
2071,0.555555555555556,0.00246669807518425,0.0811521475235537
2071,0.666666666666667,0,0.438293777474229
2071,0.777777777777778,0,0.561631300307015
2071,0.888888888888889,0,0.163528873236533
2071,1,0,0
2072,0,0,0
2072,0.111111111111111,0,0
2072,0.222222222222222,0.167829793595071,0
2072,0.333333333333333,0.491541198028911,-0.5
2072,0.444444444444444,0.515155298654973,-0.934478628144775
2072,0.555555555555556,0.816063529175847,-0.914456896402823
2072,0.666666666666667,0.238654592600461,-0.492491850596768
2072,0.777777777777778,0.00638265483998004,0
2072,0.888888888888889,0,0
2072,1,0,0
2073,0,-0.000813414751814017,0
2073,0.111111111111111,0.0010680614343592,0
2073,0.222222222222222,0.00282214109279358,0
2073,0.333333333333333,0.000235062517130609,-0.5
2073,0.444444444444444,0,-0.939692620785908
2073,0.555555555555556,0,-0.939692620785908
2073,0.666666666666667,0,-0.5
2073,0.777777777777778,0,0
2073,0.888888888888889,0.000371527480896554,0
2073,1,0.0300937259526211,0
2074,0,-0.000620104966839094,-0.000281668286330917
2074,0.111111111111111,0.000263355665428694,0.000282247758479348
2074,0.222222222222222,0.00516889731512559,1.19052143637645e-05
2074,0.333333333333333,0.00841492863108021,-0.5
2074,0.444444444444444,0.010318862608021,-0.762307514393695
2074,0.555555555555556,0.00298011087749497,-0.0811487058475951
2074,0.666666666666667,0.000310846588094763,-0.244107459413916
2074,0.777777777777778,0,0.00577155287090114
2074,0.888888888888889,0,0.00877121257472266
2074,1,0,0.00962361114324312
2075,0,0.000867216550176558,0.000646870102480537
2075,0.111111111111111,0.00600560081380581,0.00307166308375136
2075,0.222222222222222,0.00373508546064264,0.000127653209712644
2075,0.333333333333333,0.00484698992240124,-0.5
2075,0.444444444444444,0.000645371881799942,-0.939692620785908
2075,0.555555555555556,0,-0.939692620785908
2075,0.666666666666667,0,-0.5
2075,0.777777777777778,0,-2.56706423656454e-05
2075,0.888888888888889,0,-0.0004768894168959
2075,1,0,0.0112756859902467
2076,0,0,0
2076,0.111111111111111,0,0.388955545178088
2076,0.222222222222222,0,0.556162726192412
2076,0.333333333333333,0,0.0368112570888577
2076,0.444444444444444,0,0.0176152774148584
2076,0.555555555555556,0,0.146914662103243
2076,0.666666666666667,0,0.49098312747227
2076,0.777777777777778,0,0.314008738269599
2076,0.888888888888889,0,0.00165556976798605
2076,1,0,0.0131178735342771
2077,0,0,0
2077,0.111111111111111,0,0.212019015145006
2077,0.222222222222222,0,0.428046811635598
2077,0.333333333333333,0,0.265422309257775
2077,0.444444444444444,0,-0.327665484229848
2077,0.555555555555556,0,0.203802737089313
2077,0.666666666666667,0,0.109951910118858
2077,0.777777777777778,4.17506026099457e-07,0.454694054419827
2077,0.888888888888889,0.00308192634476843,0.216662512352924
2077,1,0.248824402211507,0
2078,0,0,1.59265844699263e-05
2078,0.111111111111111,0,0.00456848733861928
2078,0.222222222222222,0,0.000419826747131217
2078,0.333333333333333,0,-0.22113768786566
2078,0.444444444444444,0,0.0108415116167362
2078,0.555555555555556,0,-0.681620677238559
2078,0.666666666666667,0,-0.480830431868588
2078,0.777777777777778,-0.000142985059074013,0
2078,0.888888888888889,-0.00350031194924291,0
2078,1,-0.00556231304879559,0
2079,0,0.000865458352669473,0.00109040331807898
2079,0.111111111111111,0.00580956831221902,0.00251304505621666
2079,0.222222222222222,0.000241620151716601,0.000104149303619069
2079,0.333333333333333,0.0348002130866883,-0.5
2079,0.444444444444444,0.211789552285368,-0.939692620785908
2079,0.555555555555556,0.526364980041801,-0.939692620785908
2079,0.666666666666667,0.459936732630801,-0.5
2079,0.777777777777778,0.218013242420943,0
2079,0.888888888888889,0.0502211916203132,0
2079,1,0,0
2080,0,-0.000482562806368239,-0.000222147009472558
2080,0.111111111111111,-5.957565510719e-06,0.0029663326322492
2080,0.222222222222222,0,0.150069869269241
2080,0.333333333333333,0,0.0244915614717022
2080,0.444444444444444,0,-0.0942175896876463
2080,0.555555555555556,0.000380426766636061,0.240319168033573
2080,0.666666666666667,0.00346345520050479,-0.18446348861508
2080,0.777777777777778,0.00940703228031247,0
2080,0.888888888888889,0.00475949289316,0
2080,1,0.0177510215705977,0
2081,0,0.00303911855324305,0.00175187446297754
2081,0.111111111111111,0.00281635938440177,0.0026142697454851
2081,0.222222222222222,0.000115784975094291,0.00283377546913588
2081,0.333333333333333,0,-0.49976929399438
2081,0.444444444444444,0.0999599791185225,-0.939692620785908
2081,0.555555555555556,0.522998026281108,-0.939692620785908
2081,0.666666666666667,0.430531876158967,-0.5
2081,0.777777777777778,0.120024665001594,0
2081,0.888888888888889,0,-0.000193719650362269
2081,1,0,-0.0156912916793439
2082,0,-0.0035702032222473,-0.00228140502931365
2082,0.111111111111111,-0.00403167425560386,-0.00508236013812313
2082,0.222222222222222,-0.000166149903025548,-0.000210591443497253
2082,0.333333333333333,0,-0.5
2082,0.444444444444444,0,-0.939692620785908
2082,0.555555555555556,0,-0.939692620785908
2082,0.666666666666667,4.2815768306596e-05,-0.5
2082,0.777777777777778,0.000514339701154247,-0.000225532447840097
2082,0.888888888888889,0.000133094576483899,-0.00550683384114965
2082,1,-0.00570315188276097,-0.00761846253197481
2083,0,0,0.000504907711151872
2083,0.111111111111111,0,0.00540563582234444
2083,0.222222222222222,0,0.000224975099742154
2083,0.333333333333333,0,-0.5
2083,0.444444444444444,0,-0.846586535101999
2083,0.555555555555556,0,-0.414718612840329
2083,0.666666666666667,0,0.177688058919115
2083,0.777777777777778,0,0.22766794428359
2083,0.888888888888889,0,0
2083,1,0,0
2084,0,0,0
2084,0.111111111111111,0,0
2084,0.222222222222222,0.198766838776947,0.00172452975041961
2084,0.333333333333333,0.47460653340618,-0.324803616503564
2084,0.444444444444444,0.0997166491963161,-0.240768304931313
2084,0.555555555555556,0.175799289115645,-0.151924838932281
2084,0.666666666666667,0.128565142236011,0.22155266727286
2084,0.777777777777778,0.328552620299918,0.459404970030033
2084,0.888888888888889,0.257429421162849,0.725025540926325
2084,1,0.463422607529046,0.520429653224633
2085,0,0,0
2085,0.111111111111111,0,0
2085,0.222222222222222,0,0
2085,0.333333333333333,0,-0.5
2085,0.444444444444444,0,-0.94293995799635
2085,0.555555555555556,0,-0.957723711433754
2085,0.666666666666667,-0.0324578889325508,-0.521597133724839
2085,0.777777777777778,-0.393101099294228,-0.00708655930725055
2085,0.888888888888889,-0.235395973585049,0
2085,1,-0.371329835239652,0
2086,0,-0.000550186024525251,-0.000153050451777151
2086,0.111111111111111,0.00284830797512032,0.00106509410288765
2086,0.222222222222222,0.000118962516465675,4.44576506099161e-05
2086,0.333333333333333,0,-0.327301888221594
2086,0.444444444444444,0,-0.359235078419598
2086,0.555555555555556,0,-0.819763376495349
2086,0.666666666666667,0,-0.5
2086,0.777777777777778,0,0
2086,0.888888888888889,0,0
2086,1,0,0
2087,0,-0.000344025915581963,-0.000346711959558383
2087,0.111111111111111,-0.00436919972334347,-0.00795367616996451
2087,0.222222222222222,-0.00872934652944262,-0.0126262209048607
2087,0.333333333333333,-0.00129232606583551,-0.506793404830821
2087,0.444444444444444,0.00442338918149326,-0.941065508434719
2087,0.555555555555556,0.00819060587514316,-0.938368433314715
2087,0.666666666666667,0.00224800201387644,-0.499550215823498
2087,0.777777777777778,0,0
2087,0.888888888888889,0,0
2087,1,0,0
2088,0,0,0.00057974177722426
2088,0.111111111111111,0.138944416753363,0.00417404401717541
2088,0.222222222222222,0.481917530722738,0.00373396127485925
2088,0.333333333333333,0.792805533007214,-0.499698654523915
2088,0.444444444444444,0.777197341673855,-0.939692620785908
2088,0.555555555555556,0.453212929269694,-0.939692620785908
2088,0.666666666666667,0.101849554525864,-0.5
2088,0.777777777777778,0.00251912277778781,0.000134498095651191
2088,0.888888888888889,0,0.0033485962743222
2088,1,0,0.00977200027418282
2089,0,0.00119098965555002,-0.000513868467600709
2089,0.111111111111111,0.0119364654836261,-6.34405515556431e-06
2089,0.222222222222222,0.0263837528822726,0
2089,0.333333333333333,0.0262930643628329,-0.5
2089,0.444444444444444,0.0581909913979526,-0.939692620785908
2089,0.555555555555556,0.225867598255375,-0.939692620785908
2089,0.666666666666667,0.066655712514289,-0.5
2089,0.777777777777778,0,0
2089,0.888888888888889,0,0
2089,1,0,0
2090,0,-0.00115812057683908,0.000833686488394638
2090,0.111111111111111,-0.000463834916023344,0.00635751302386313
2090,0.222222222222222,-0.00353543588956081,0.000653172292748725
2090,0.333333333333333,0.00799018374396044,-0.315669145384892
2090,0.444444444444444,0.001175030957364,-0.230755485345198
2090,0.555555555555556,0,-0.365242934197356
2090,0.666666666666667,0,-0.366982473994839
2090,0.777777777777778,0,0
2090,0.888888888888889,-0.000325677796169333,0
2090,1,-0.0263799014897161,0
2091,0,-0.000143328525744341,0.000350056978612129
2091,0.111111111111111,0.00261980610999215,0.00287318214760005
2091,0.222222222222222,0.000109232316581846,0.00011953585235442
2091,0.333333333333333,0,-0.326459947482381
2091,0.444444444444444,0,-0.356405222046135
2091,0.555555555555556,0,-0.818781196680796
2091,0.666666666666667,0,-0.496790817607065
2091,0.777777777777778,0,0.00485080448444214
2091,0.888888888888889,0,0.00150397966688708
2091,1,0,0.00556284013551794
2092,0,-0.00101938385431456,-0.000304472290034985
2092,0.111111111111111,0.000545613258485834,0.000234666180671805
2092,0.222222222222222,2.32582601808988e-05,9.9343790763638e-06
2092,0.333333333333333,0,-0.5
2092,0.444444444444444,0,-0.939692620785908
2092,0.555555555555556,0,-0.939692620785908
2092,0.666666666666667,-0.000334405710698629,-0.499926769875868
2092,0.777777777777778,-0.00427192459791582,0.000820178066122753
2092,0.888888888888889,-0.00777571324370072,-0.00122878400664048
2092,1,-0.00584171771754316,-0.0120081740120302
2093,0,0,0
2093,0.111111111111111,0,0
2093,0.222222222222222,0,0
2093,0.333333333333333,0,-0.496283751466143
2093,0.444444444444444,0,-0.753873762271884
2093,0.555555555555556,0,-0.0982037227453024
2093,0.666666666666667,0,-0.250407486643675
2093,0.777777777777778,0,0
2093,0.888888888888889,0,0
2093,1,0,0
2094,0,-0.000843878020723919,-0.000474190324798312
2094,0.111111111111111,-0.00241021152857066,0.00118125084538898
2094,0.222222222222222,-9.99913867250514e-05,4.94627102887375e-05
2094,0.333333333333333,0,-0.5
2094,0.444444444444444,0,-0.939692620785908
2094,0.555555555555556,0,-0.939692620785908
2094,0.666666666666667,0,-0.5
2094,0.777777777777778,0,0
2094,0.888888888888889,-0.000575880560025022,0
2094,1,-0.0466463253620271,0
2095,0,-0.000348363652242194,-0.000670112822196378
2095,0.111111111111111,-0.000263777298895476,0.000905145142969169
2095,0.222222222222222,-1.08115213777219e-05,3.80590891989193e-05
2095,0.333333333333333,0,-0.5
2095,0.444444444444444,0,-0.855802161836633
2095,0.555555555555556,0,-0.533662799471415
2095,0.666666666666667,0,-0.379197739113044
2095,0.777777777777778,-0.00343325885337537,0
2095,0.888888888888889,-0.0850056478394014,0
2095,1,-0.211202264029811,0
2096,0,0,6.57782696992815e-05
2096,0.111111111111111,0,0.00327741834059694
2096,0.222222222222222,0,0.0088913705875166
2096,0.333333333333333,0,-0.486015750137309
2096,0.444444444444444,0,-0.937815023060405
2096,0.555555555555556,0,-0.939692620785908
2096,0.666666666666667,0,-0.5
2096,0.777777777777778,-4.36207957656788e-05,0
2096,0.888888888888889,-0.00112824937039124,-1.61136502867212e-05
2096,1,-0.00658937203321094,-0.00130520567322443
2097,0,-0.00145234161595062,-0.00108881567509564
2097,0.111111111111111,-0.012252768034605,-0.00554615238864198
2097,0.222222222222222,-0.0142997114024874,-0.00555295770577338
2097,0.333333333333333,-0.010292159450855,-0.501148422335383
2097,0.444444444444444,0.000473849135656796,-0.932540994514296
2097,0.555555555555556,0.000381283545862091,-0.938128594007393
2097,0.666666666666667,0,-0.5
2097,0.777777777777778,0,0
2097,0.888888888888889,0,0
2097,1,0,0
2098,0,-0.00183210692440838,-0.000213819283448289
2098,0.111111111111111,-0.00324482204207309,0.00099118863543854
2098,0.222222222222222,-0.000134258476586169,4.14095158199434e-05
2098,0.333333333333333,0,-0.5
2098,0.444444444444444,0,-0.939692620785908
2098,0.555555555555556,0,-0.939692620785908
2098,0.666666666666667,0,-0.5
2098,0.777777777777778,-0.000199263281844212,-0.000173375420241843
2098,0.888888888888889,-0.00499967935446917,-0.00427577956625948
2098,1,-0.0176062078068559,-0.00929632791687526
2099,0,-0.000238786974802306,0.000198790828794922
2099,0.111111111111111,-0.00353062783382952,0.000424218021618499
2099,0.222222222222222,-0.000146986660270262,1.75734922439833e-05
2099,0.333333333333333,0,-0.5
2099,0.444444444444444,0,-0.939692620785908
2099,0.555555555555556,0,-0.939692620785908
2099,0.666666666666667,0,-0.5
2099,0.777777777777778,-0.000212308790637531,-5.06140028752554e-05
2099,0.888888888888889,-0.00496847709385122,-0.00110037334195166
2099,1,0.0102816443974108,0.00926338089141223
2100,0,-0.00258251904325045,-0.00132417887398725
2100,0.111111111111111,-0.0020899377088889,-0.00246453525204009
2100,0.222222222222222,0.0108258283082559,-0.000102007806862788
2100,0.333333333333333,0.0244147581176964,-0.5
2100,0.444444444444444,0.00333053118383102,-0.939692620785908
2100,0.555555555555556,0,-0.939692620785908
2100,0.666666666666667,0,-0.5
2100,0.777777777777778,0,0
2100,0.888888888888889,0,-0.000313128484994572
2100,1,0,-0.0253634072845605
2101,0,-0.000691509119181968,-9.72844638529357e-05
2101,0.111111111111111,0.00024100840424862,-1.20104276361649e-06
2101,0.222222222222222,0.000910251877087817,0
2101,0.333333333333333,7.61632035525687e-05,-0.239951728920907
2101,0.444444444444444,0,-0.0512735885242717
2101,0.555555555555556,0,-0.689562912911332
2101,0.666666666666667,0,-0.479310225566055
2101,0.777777777777778,-0.00551134525283311,0
2101,0.888888888888889,-0.134766747522075,0
2101,1,-0.20205137778056,0
2102,0,0,0
2102,0.111111111111111,0.186612389369187,0
2102,0.222222222222222,0.503284972762225,0
2102,0.333333333333333,0.656210441751043,-0.5
2102,0.444444444444444,0.761209724664142,-0.939692620785908
2102,0.555555555555556,0.502141516157144,-0.939692620785908
2102,0.666666666666667,0.288060237449239,-0.5
2102,0.777777777777778,0.0774147499648983,0
2102,0.888888888888889,0,0
2102,1,0,0
2103,0,0,0
2103,0.111111111111111,0,0
2103,0.222222222222222,0.0024687476652217,0.0637628923827592
2103,0.333333333333333,0.00589476483328447,-0.133487562744152
2103,0.444444444444444,0.000806121686603005,-0.0443764403434695
2103,0.555555555555556,0,-0.0439113867716981
2103,0.666666666666667,0,-0.277755638154457
2103,0.777777777777778,0,0
2103,0.888888888888889,0,1.64337817006679e-05
2103,1,0,0.00133113631775411
2104,0,0,0
2104,0.111111111111111,0,0
2104,0.222222222222222,0,0
2104,0.333333333333333,0,-0.5
2104,0.444444444444444,0.000265929577946164,-0.803628514066182
2104,0.555555555555556,0.00105616334005289,-0.281142344262435
2104,0.666666666666667,-0.00130577957108038,-0.304067686323595
2104,0.777777777777778,-0.00070724094019504,0
2104,0.888888888888889,0,0
2104,1,0,0
2105,0,0,0
2105,0.111111111111111,0,0
2105,0.222222222222222,0,0
2105,0.333333333333333,0,-0.198099261577271
2105,0.444444444444444,0,0.18781936010211
2105,0.555555555555556,0.0385931561597951,-0.184135466324527
2105,0.666666666666667,0.282362346807411,-0.33758232148726
2105,0.777777777777778,0.120075144287764,0
2105,0.888888888888889,0.00272683072344085,2.70195512432038e-05
2105,1,0.00187637900668049,0.00218858365069952
2106,0,8.72433861138608e-05,-3.59318558156347e-05
2106,0.111111111111111,-9.77333242328334e-05,-0.000443382764530261
2106,0.222222222222222,-4.11710012807272e-06,-1.84557983905018e-05
2106,0.333333333333333,0,-0.5
2106,0.444444444444444,0,-0.939692620785908
2106,0.555555555555556,0,-0.939692620785908
2106,0.666666666666667,0,-0.5
2106,0.777777777777778,0,0
2106,0.888888888888889,-0.00314374548524722,0
2106,1,-0.254643384305027,0
2107,0,-0.000137855578754214,-9.72452316027744e-05
2107,0.111111111111111,-0.00153900213538321,-0.000296677729175836
2107,0.222222222222222,-0.000979088564949863,-1.23115487817078e-05
2107,0.333333333333333,-7.74480517622453e-05,-0.269769773803963
2107,0.444444444444444,0,-0.127239673106751
2107,0.555555555555556,0.0270038553304325,-0.592872409978409
2107,0.666666666666667,0.197465692103787,-0.444382050130835
2107,0.777777777777778,0.0826993069494494,0
2107,0.888888888888889,0,0
2107,1,0,0
2108,0,-0.000175082261622982,-0.000423742651123882
2108,0.111111111111111,-0.00139647890650566,-0.00115086301228317
2108,0.222222222222222,-0.00138894109739363,-0.00174167620024021
2108,0.333333333333333,-2.25533371086267e-05,-0.500192709697714
2108,0.444444444444444,1.2772572453438e-05,-0.939344918386779
2108,0.555555555555556,0,-0.9388104802752
2108,0.666666666666667,0,-0.501400708875532
2108,0.777777777777778,0,-0.000722453063492527
2108,0.888888888888889,0,0
2108,1,0,0
2109,0,0.000438696812209442,0.000111271639971776
2109,0.111111111111111,0.000333038074472935,-8.83868771913842e-06
2109,0.222222222222222,1.36509193519024e-05,0.000253981620108398
2109,0.333333333333333,0,-0.498371257795032
2109,0.444444444444444,0,-0.936726967504076
2109,0.555555555555556,0,-0.937488167666062
2109,0.666666666666667,0,-0.499699067183205
2109,0.777777777777778,0,-8.81988967054728e-05
2109,0.888888888888889,-9.58336295118723e-05,0
2109,1,-0.00776252399046171,0
2110,0,0,0
2110,0.111111111111111,0,0.073307909808899
2110,0.222222222222222,0,0.270542012658201
2110,0.333333333333333,0,0.0200157867754984
2110,0.444444444444444,0,-0.234199535596276
2110,0.555555555555556,0,-0.229344602025509
2110,0.666666666666667,4.90909895101785e-05,0.00296138504064414
2110,0.777777777777778,0.000573482807796646,0.141908057383444
2110,0.888888888888889,-0.000163883701064281,0
2110,1,-0.000603311073104739,0
2111,0,0,0
2111,0.111111111111111,0.102813575790638,0.206755644340934
2111,0.222222222222222,0.00546474618175414,0.44574138978692
2111,0.333333333333333,9.99463139275664e-05,0.0173694323541595
2111,0.444444444444444,0,-0.0812303545681364
2111,0.555555555555556,0,-0.103468345198057
2111,0.666666666666667,0,-0.290552458697637
2111,0.777777777777778,0,0.000935175396865517
2111,0.888888888888889,0,0
2111,1,0,0
2112,0,0,0
2112,0.111111111111111,0,0
2112,0.222222222222222,0,0.206860457913703
2112,0.333333333333333,0,0.104575244857629
2112,0.444444444444444,0,-0.337238315756177
2112,0.555555555555556,0.000343976630228799,-0.0275463380889003
2112,0.666666666666667,0.00262604516738687,0.0988963024613043
2112,0.777777777777778,0.0023895500182253,0.454755594088855
2112,0.888888888888889,0.000689834735242078,0.207319575796527
2112,1,0.00138268560074934,0
2113,0,5.47545245315391e-05,3.2621263089808e-05
2113,0.111111111111111,6.75981784339989e-07,4.0273164308405e-07
2113,0.222222222222222,0,0
2113,0.333333333333333,0,-0.324316521571975
2113,0.444444444444444,0,-0.336209578497963
2113,0.555555555555556,0,-0.754812066831354
2113,0.666666666666667,0,-0.481292454696997
2113,0.777777777777778,2.6663402304919e-05,0
2113,0.888888888888889,0.000614068068760465,0
2113,1,-0.00209414051116485,0
2114,0,0,6.01133474843862e-05
2114,0.111111111111111,0,0.000456308538183013
2114,0.222222222222222,0,1.89819332537756e-05
2114,0.333333333333333,0,-0.5
2114,0.444444444444444,0,-0.939692620785908
2114,0.555555555555556,0,-0.939692620785908
2114,0.666666666666667,0,-0.5
2114,0.777777777777778,0,0
2114,0.888888888888889,0,0
2114,1,0,0
2115,0,4.98266893812482e-05,2.36474404396361e-05
2115,0.111111111111111,0.0015667336567527,2.9194370913131e-07
2115,0.222222222222222,6.52549380183064e-05,0.264721553041136
2115,0.333333333333333,0,0.259540565298946
2115,0.444444444444444,0,-0.285896978189948
2115,0.555555555555556,0,-0.178516230584084
2115,0.666666666666667,-1.84201347577755e-05,-0.299867009197144
2115,0.777777777777778,-0.00872788003413974,0
2115,0.888888888888889,-0.212387114190402,0
2115,1,-0.6594311181715,0
2116,0,0,0
2116,0.111111111111111,0,0.1623290251976
2116,0.222222222222222,0,0.404275536021508
2116,0.333333333333333,0,0.00643018286184577
2116,0.444444444444444,0,-0.075731863686224
2116,0.555555555555556,0.0372401369722596,0.261403495610161
2116,0.666666666666667,0.299753926559888,-0.178053795166316
2116,0.777777777777778,0.458668446265571,0.000637485151226365
2116,0.888888888888889,0.499144523128078,0
2116,1,0.625242554559033,0
2117,0,0,-0.000225869462794741
2117,0.111111111111111,0,-0.000493809809798465
2117,0.222222222222222,0,-2.04592207463379e-05
2117,0.333333333333333,0.160309476738483,-0.5
2117,0.444444444444444,0.594093000142503,-0.939692620785908
2117,0.555555555555556,0.385086343651111,-0.939692620785908
2117,0.666666666666667,0.125146644174593,-0.5
2117,0.777777777777778,0.0190767433999885,0
2117,0.888888888888889,0,0
2117,1,0,0
2118,0,0.000100517894483577,0
2118,0.111111111111111,-0.000980028683834136,0
2118,0.222222222222222,-4.08862352289345e-05,0
2118,0.333333333333333,0,-0.5
2118,0.444444444444444,0,-0.93893616182655
2118,0.555555555555556,0.000201440108572615,-0.936031359422613
2118,0.666666666666667,0.00147303079393724,-0.498910699098524
2118,0.777777777777778,0.000616910332503632,0
2118,0.888888888888889,0.00130620310883141,0
2118,1,0.105802451815345,0
2119,0,0,-0.00021427166193648
2119,0.111111111111111,0,-0.000190332845047352
2119,0.222222222222222,0,0.000536299147617402
2119,0.333333333333333,0,-0.356646810963563
2119,0.444444444444444,0.000240221161016761,-0.392553290749846
2119,0.555555555555556,0.00141951213008931,-0.46622501857995
2119,0.666666666666667,0.00222407348185651,-0.118919519314321
2119,0.777777777777778,0.000786577739227577,0.117682455403942
2119,0.888888888888889,0,0
2119,1,0,0
2120,0,0,0
2120,0.111111111111111,0,0
2120,0.222222222222222,0,0
2120,0.333333333333333,0,-0.303310009029598
2120,0.444444444444444,0,-0.228180885911139
2120,0.555555555555556,0,-0.558840224440322
2120,0.666666666666667,0,-0.425542414645926
2120,0.777777777777778,0,0.000779076308772034
2120,0.888888888888889,-7.50009530581945e-05,0
2120,1,-0.00607507719771379,0
2121,0,0,1.26435487961708e-05
2121,0.111111111111111,0,1.56093195014454e-07
2121,0.222222222222222,0.0713962047916964,0
2121,0.333333333333333,0.311692802214426,-0.5
2121,0.444444444444444,0.592351328375097,-0.939692620785908
2121,0.555555555555556,0.597823798822128,-0.939562554629886
2121,0.666666666666667,0.449779208469762,-0.498845301832021
2121,0.777777777777778,0.134495145666919,0.00291062286381716
2121,0.888888888888889,0.00332921294317721,0.00255944713512864
2121,1,0.00387617502030797,-0.000545382746617967
2122,0,0,-0.000225437341222649
2122,0.111111111111111,0,-0.00121033789830398
2122,0.222222222222222,0,-5.03147800521602e-05
2122,0.333333333333333,0,-0.5
2122,0.444444444444444,0.000675565510102416,-0.939692620785908
2122,0.555555555555556,0.00326973706889569,-0.939692620785908
2122,0.666666666666667,0.00097281433454748,-0.5
2122,0.777777777777778,0,0
2122,0.888888888888889,-0.00242794589235897,0
2122,1,-0.196663617281078,0
2123,0,0,0
2123,0.111111111111111,0.348129496872381,0
2123,0.222222222222222,0.352419382848339,0
2123,0.333333333333333,0.34354228501484,-0.406736185677884
2123,0.444444444444444,0.275712551812625,-0.512372480369099
2123,0.555555555555556,0.146825794287908,-0.323891609544966
2123,0.666666666666667,0.248837691832011,-0.336055859118835
2123,0.777777777777778,0.203824944441222,0
2123,0.888888888888889,0.0909969247605425,-1.0025404841059e-05
2123,1,0,-0.000812057792125787
2124,0,0,0
2124,0.111111111111111,0,0
2124,0.222222222222222,0,0.0797308432241076
2124,0.333333333333333,0,-0.234067479778449
2124,0.444444444444444,0,-0.528819913108729
2124,0.555555555555556,0,-0.253633897697885
2124,0.666666666666667,0,-0.310918183957467
2124,0.777777777777778,0,0.000188345274321548
2124,0.888888888888889,-0.00475678542992129,-0.00150822055568208
2124,1,-0.385299619823627,0.000248944262726734
2125,0,0.000117204235922603,0
2125,0.111111111111111,1.44696587558769e-06,0
2125,0.222222222222222,0,0
2125,0.333333333333333,0,-0.44057795149892
2125,0.444444444444444,0,-0.602782462001288
2125,0.555555555555556,0,-0.234410290493409
2125,0.666666666666667,0,-0.302184957313107
2125,0.777777777777778,0,0.000134754880070833
2125,0.888888888888889,0,0.000576228357876088
2125,1,0,0.00219493563345622
2126,0,-4.49786110117839e-06,4.22076481763577e-05
2126,0.111111111111111,-5.55291493972642e-08,5.21082076251331e-07
2126,0.222222222222222,0,0.0709135349816961
2126,0.333333333333333,0,-0.209161084574475
2126,0.444444444444444,0,-0.405133327966017
2126,0.555555555555556,0,-0.31535667646444
2126,0.666666666666667,0,-0.0480132386547031
2126,0.777777777777778,0,0.127189196952213
2126,0.888888888888889,-8.50717426046548e-05,0
2126,1,-0.00689081115097708,0
2127,0,-3.73433999447129e-05,-0.0001489230894136
2127,0.111111111111111,-0.00158391123834284,-0.000702462029528305
2127,0.222222222222222,-6.59770920297454e-05,-2.91926447028699e-05
2127,0.333333333333333,0,-0.5
2127,0.444444444444444,0,-0.939692620785908
2127,0.555555555555556,0,-0.939692620785908
2127,0.666666666666667,0.000219432059840611,-0.499972777254218
2127,0.777777777777778,0.00271048012075214,0.000349324630303869
2127,0.888888888888889,0.00285622751313454,0.000670711525148877
2127,1,0.00209662424088546,0.000492577347947324
2128,0,0,-0.000400950995286103
2128,0.111111111111111,-0.192546753835608,-0.000750855816643084
2128,0.222222222222222,-0.14944952364223,-3.10794085148168e-05
2128,0.333333333333333,-0.0119702885275084,-0.5
2128,0.444444444444444,0,-0.939692620785908
2128,0.555555555555556,0,-0.939692620785908
2128,0.666666666666667,0,-0.500088459245353
2128,0.777777777777778,0,-0.0011181170096501
2128,0.888888888888889,0,-0.00178960493120191
2128,1,0,-0.00307047992533429
2129,0,-0.00034079992039193,0
2129,0.111111111111111,-0.000696624354721337,0
2129,0.222222222222222,-0.00146127881319992,0.10693634229415
2129,0.333333333333333,-0.00235047642163669,-0.152675157609907
2129,0.444444444444444,-0.000316056186494462,-0.384236995031324
2129,0.555555555555556,0,0.14716461788945
2129,0.666666666666667,-0.00967675330512814,-0.195643103675855
2129,0.777777777777778,-0.124026995612354,0
2129,0.888888888888889,-0.237543336332599,6.07804379254102e-05
2129,1,-0.388200684707776,0.00492321547195826
2130,0,-1.68374201706605e-05,0.000208281717258497
2130,0.111111111111111,0.00171037840351758,2.57137922541355e-06
2130,0.222222222222222,0.00201470161781487,0
2130,0.333333333333333,0.000164490702583029,-0.38558730326956
2130,0.444444444444444,0,-0.535002379271906
2130,0.555555555555556,0,-0.76277891560685
2130,0.666666666666667,0,-0.471003504395165
2130,0.777777777777778,1.63455200173737e-05,0
2130,0.888888888888889,0.000385938032292312,3.02556786831243e-05
2130,1,-0.000514710298097282,0.00245070997333308
2131,0,0,-0.000139154713110975
2131,0.111111111111111,0,0.000316723920335024
2131,0.222222222222222,0.0435785753821309,1.32684116565062e-05
2131,0.333333333333333,0.144690643907583,-0.5
2131,0.444444444444444,0.150810768403252,-0.892679122421124
2131,0.555555555555556,0.0282192209716869,-0.712147288700353
2131,0.666666666666667,0,-0.432300562354711
2131,0.777777777777778,0,0
2131,0.888888888888889,0,-4.87190796899992e-06
2131,1,0,-0.000394624545488996
2132,0,-0.000130471445403744,0.000271753063304543
2132,0.111111111111111,-0.00126504784139539,6.12845097389068e-05
2132,0.222222222222222,-0.00190503860670972,0.110149020805768
2132,0.333333333333333,-0.000156785817125395,-0.188325995446034
2132,0.444444444444444,0,-0.526819989013814
2132,0.555555555555556,0,0.125723692155577
2132,0.666666666666667,0,-0.193084297785815
2132,0.777777777777778,2.24319458295139e-05,0
2132,0.888888888888889,0.000531617636535182,0
2132,1,-0.000546674133225281,0
2133,0,0,0
2133,0.111111111111111,0,0
2133,0.222222222222222,0,0.0964529649781472
2133,0.333333333333333,0,0.00637251017282209
2133,0.444444444444444,0,0.0758938315981731
2133,0.555555555555556,0,-0.475332918343433
2133,0.666666666666667,0,-0.41445414116808
2133,0.777777777777778,0,0.00193301555898338
2133,0.888888888888889,1.83207254227284e-05,0
2133,1,0.00148397875924101,0
2134,0,0.000243506263346204,0.000295364831982471
2134,0.111111111111111,0.00159668667849982,0.000926536494901829
2134,0.222222222222222,0.00116873974777552,3.845375064561e-05
2134,0.333333333333333,9.33011997117931e-05,-0.5
2134,0.444444444444444,0,-0.939692620785908
2134,0.555555555555556,0,-0.939692620785908
2134,0.666666666666667,0,-0.5
2134,0.777777777777778,0,0
2134,0.888888888888889,-0.00115942797393648,0
2134,1,-0.0939136658888554,0
2135,0,0,0.000370589102843991
2135,0.111111111111111,0.219968063771443,0.000860625633963968
2135,0.222222222222222,0.468011912311104,3.5668769160616e-05
2135,0.333333333333333,0.40977858952345,-0.5
2135,0.444444444444444,0.483155501388494,-0.939692620785908
2135,0.555555555555556,0.434336017802063,-0.939692620785908
2135,0.666666666666667,0.305629384825125,-0.5
2135,0.777777777777778,0.194054879665336,0
2135,0.888888888888889,0.148766409654147,0
2135,1,0,0
2136,0,-0.000232587739039606,-0.000184749920299863
2136,0.111111111111111,-0.000317063154350224,-0.000283457044417853
2136,0.222222222222222,3.22881915417996e-05,-1.17156742168448e-05
2136,0.333333333333333,0.0459093512919766,-0.5
2136,0.444444444444444,0.204950609273025,-0.939692620785908
2136,0.555555555555556,0.277810208386492,-0.939692620785908
2136,0.666666666666667,0.0731800911079482,-0.5
2136,0.777777777777778,0,0
2136,0.888888888888889,0,0
2136,1,0,0
2137,0,0.000124011176703034,0.000128716620691958
2137,0.111111111111111,1.53100218151894e-06,0.000147723723022142
2137,0.222222222222222,0,6.08894287248024e-06
2137,0.333333333333333,0,-0.471225675220822
2137,0.444444444444444,0,-0.775223354180689
2137,0.555555555555556,0,-0.528602594070464
2137,0.666666666666667,0,0.0595054198645052
2137,0.777777777777778,0,0.193460965695096
2137,0.888888888888889,-0.00137082180326426,0
2137,1,-0.111036566064406,0
2138,0,-0.000154044374054181,0
2138,0.111111111111111,0.000161633062489039,0
2138,0.222222222222222,-0.0012485080503165,0.107285253978625
2138,0.333333333333333,-0.000805797736543459,-0.119714296532499
2138,0.444444444444444,0.00173209022046438,-0.312897807169191
2138,0.555555555555556,0.00039502454115406,-0.00815835348913396
2138,0.666666666666667,0,-0.246508526815179
2138,0.777777777777778,0,0.00086629230995539
2138,0.888888888888889,0,0
2138,1,0,0
2139,0,0,0
2139,0.111111111111111,0.118907037312999,0
2139,0.222222222222222,0.122949084995274,0
2139,0.333333333333333,0.232718980969734,-0.499620692101342
2139,0.444444444444444,0.329463863032211,-0.85643705356556
2139,0.555555555555556,0.0668791333454699,-0.542642763781192
2139,0.666666666666667,0.00576022549985932,-0.381947833432204
2139,0.777777777777778,0.00216253388877653,0
2139,0.888888888888889,0,7.02384913261394e-06
2139,1,0,0.000568931779741733
2140,0,-2.95141126219164e-05,1.93911239617762e-05
2140,0.111111111111111,-0.000768259734547042,-0.000246951029530509
2140,0.222222222222222,-0.000189795407917326,-1.02996010884429e-05
2140,0.333333333333333,-1.33560931994772e-05,-0.5
2140,0.444444444444444,0,-0.939692620785908
2140,0.555555555555556,0,-0.939692620785908
2140,0.666666666666667,0,-0.5
2140,0.777777777777778,2.64069153205587e-05,0
2140,0.888888888888889,0.000632184174458911,0
2140,1,-0.000128125251994249,0
2141,0,0,-0.00022542568551016
2141,0.111111111111111,0,-2.78303315444643e-06
2141,0.222222222222222,0.00141852413613515,0
2141,0.333333333333333,0.117122046719743,-0.5
2141,0.444444444444444,0.4170376122867,-0.939692620785908
2141,0.555555555555556,0.244987776338563,-0.939692620785908
2141,0.666666666666667,0.049389966828763,-0.5
2141,0.777777777777778,0,-2.6977883667066e-05
2141,0.888888888888889,0,-0.000623046107343649
2141,1,0,0.00197827115394059
2142,0,-0.000111991529262183,1.1191867523343e-05
2142,0.111111111111111,-0.000257634746774675,1.38171203991888e-07
2142,0.222222222222222,0.0007554931934749,0.0286669613324832
2142,0.333333333333333,0.00325739122295307,-0.374312764909014
2142,0.444444444444444,0.00346535308008078,-0.643499210806253
2142,0.555555555555556,0.000649876060331461,-0.399537848794367
2142,0.666666666666667,0,-0.047625177578781
2142,0.777777777777778,0,0.132494905046114
2142,0.888888888888889,0,-1.20926879126127e-05
2142,1,0,-0.000979507720921639
2143,0,0.000127812057670153,2.43536189308876e-05
2143,0.111111111111111,1.57792663790312e-06,3.00661962109724e-07
2143,0.222222222222222,0,0
2143,0.333333333333333,0.113834868598815,-0.5
2143,0.444444444444444,0.420818077093586,-0.800826471055705
2143,0.555555555555556,0.291208269159739,-0.267546585122797
2143,0.666666666666667,0.254188777725432,-0.299675877436508
2143,0.777777777777778,0.0834137096215193,0.00144163875222221
2143,0.888888888888889,0,0.00111100995752159
2143,1,0,-0.0031307404741685
2144,0,-0.000189300880456043,-0.000139434005320642
2144,0.111111111111111,-0.000129906362496247,-0.000362708713930311
2144,0.222222222222222,-5.31538810789094e-06,-1.50411377690507e-05
2144,0.333333333333333,0,-0.5
2144,0.444444444444444,0.0601953023047077,-0.939692620785908
2144,0.555555555555556,0.291757295445025,-0.939692620785908
2144,0.666666666666667,0.0896942214411515,-0.5
2144,0.777777777777778,0.00126184888885672,0
2144,0.888888888888889,0,0
2144,1,0,0
2145,0,-0.000239738806010736,-0.000176272394828524
2145,0.111111111111111,-2.95973834581156e-06,0.0001585154062387
2145,0.222222222222222,0,6.69548369349962e-06
2145,0.333333333333333,0.0678622858335277,-0.5
2145,0.444444444444444,0.228092682940468,-0.805498338311907
2145,0.555555555555556,0.0471265873843943,-0.290192293611742
2145,0.666666666666667,0,-0.306760233237438
2145,0.777777777777778,0,0
2145,0.888888888888889,-0.00388858533678129,0
2145,1,-0.314975412279287,0
2146,0,0.000827430616011201,0
2146,0.111111111111111,0.00290531156210189,0
2146,0.222222222222222,0.000120629015387984,0.207491031251212
2146,0.333333333333333,0,0.116038484347189
2146,0.444444444444444,0,-0.316563853884269
2146,0.555555555555556,0,-0.129825056737011
2146,0.666666666666667,0,-0.283965170169212
2146,0.777777777777778,0,0
2146,0.888888888888889,0,0
2146,1,0,0
2147,0,-0.000153445650951623,-4.09341136368949e-05
2147,0.111111111111111,-1.89439075248917e-06,-5.05359427615987e-07
2147,0.222222222222222,0,0
2147,0.333333333333333,0,-0.357854435665325
2147,0.444444444444444,0,-0.277946240259929
2147,0.555555555555556,0,0.0494796057211616
2147,0.666666666666667,0,-0.235069743422416
2147,0.777777777777778,0,0
2147,0.888888888888889,0,0
2147,1,0,0
2148,0,-0.000250625307744494,-7.79230573739128e-05
2148,0.111111111111111,-0.000977344809517477,-0.000439116295503754
2148,0.222222222222222,-4.05937779131539e-05,-1.82564284354065e-05
2148,0.333333333333333,0,-0.5
2148,0.444444444444444,0,-0.939692620785908
2148,0.555555555555556,0,-0.939692620785908
2148,0.666666666666667,0,-0.5
2148,0.777777777777778,0,0
2148,0.888888888888889,0,0
2148,1,0,0
2149,0,0,-0.000160208711933445
2149,0.111111111111111,0,7.85062407391392e-05
2149,0.222222222222222,0,3.35350525298546e-06
2149,0.333333333333333,0,-0.5
2149,0.444444444444444,0,-0.790665115927718
2149,0.555555555555556,0,-0.218399497272265
2149,0.666666666666667,0,-0.285400393004205
2149,0.777777777777778,-7.23108305349758e-05,0
2149,0.888888888888889,-0.0017739902857444,0
2149,1,-0.0031209585853037,0
2150,0,0,0
2150,0.111111111111111,0,0.633459214218663
2150,0.222222222222222,0,0.759571856384833
2150,0.333333333333333,0,0.376338160592154
2150,0.444444444444444,0,0.62737332790752
2150,0.555555555555556,0,-0.015457387021737
2150,0.666666666666667,-0.00016632413294975,0.196244411634441
2150,0.777777777777778,-0.00205485850320264,0.512267535409673
2150,0.888888888888889,-0.00216809552481443,0.419128742079092
2150,1,-0.00110349287389816,0.409968014996323
2151,0,0,0
2151,0.111111111111111,0,0.17094867415127
2151,0.222222222222222,0,0.385349514545896
2151,0.333333333333333,0,-0.173319847556913
2151,0.444444444444444,0,-0.455748363663884
2151,0.555555555555556,0,0.0435485911592774
2151,0.666666666666667,0,-0.223520768860008
2151,0.777777777777778,0.00531124952490192,0
2151,0.888888888888889,0.127570823381493,6.69573271582341e-05
2151,1,0.00816761749164619,0.005423543499817
2152,0,-0.000218375179788334,0
2152,0.111111111111111,-0.00103403940906919,0
2152,0.222222222222222,-4.29726424664691e-05,0
2152,0.333333333333333,0,-0.5
2152,0.444444444444444,0,-0.939692620785908
2152,0.555555555555556,0,-0.939592031053765
2152,0.666666666666667,-0.000122467300724292,-0.499264437583699
2152,0.777777777777778,-0.00156070629871395,0.000308056054690493
2152,0.888888888888889,-0.00276434197346712,0
2152,1,-0.00272761818645647,0
2153,0,0,0
2153,0.111111111111111,0.05657304077582,0
2153,0.222222222222222,0.268621481081828,0
2153,0.333333333333333,0.419295399333174,-0.247183989345832
2153,0.444444444444444,0.128158461408049,-0.0895975732766394
2153,0.555555555555556,0.348029215519981,-0.762420596761955
2153,0.666666666666667,0.103545882303466,-0.499492623152826
2153,0.777777777777778,0,0
2153,0.888888888888889,0,0
2153,1,0,0
2154,0,-0.000204139520097937,0.000106305265544289
2154,0.111111111111111,-0.000469425477631339,1.31241068573196e-06
2154,0.222222222222222,-1.94543848601032e-05,0
2154,0.333333333333333,0,-0.371065848057609
2154,0.444444444444444,0,-0.449426997892039
2154,0.555555555555556,0,-0.574741532229087
2154,0.666666666666667,0.000144312827745909,-0.418058798434002
2154,0.777777777777778,0.00177663251879539,0
2154,0.888888888888889,0.0016801643234067,0
2154,1,-0.00310327867424058,0
2155,0,0,5.29721122631965e-05
2155,0.111111111111111,0,0.000694678093502125
2155,0.222222222222222,0.0689971296332544,2.89176715336466e-05
2155,0.333333333333333,0.2425742979629,-0.5
2155,0.444444444444444,0.321575115873926,-0.833272480821434
2155,0.555555555555556,0.256857225214124,-0.424619143357852
2155,0.666666666666667,0.211080581877958,-0.346754998451157
2155,0.777777777777778,0.0658079328108374,0
2155,0.888888888888889,0,0
2155,1,0,0
2156,0,-6.99350709378828e-05,0
2156,0.111111111111111,0.00173095575344737,0
2156,0.222222222222222,0.00262734642126713,0.0790452137705592
2156,0.333333333333333,0.00086226281090237,-0.0825318686307445
2156,0.444444444444444,-0.0015618810424564,-0.0287484358466946
2156,0.555555555555556,-0.000356670743633526,-0.165929182099485
2156,0.666666666666667,0,0.0562207970489598
2156,0.777777777777778,0,0.281128656908229
2156,0.888888888888889,0,0.0719804308530771
2156,1,0,0
2157,0,0,5.06426701660938e-05
2157,0.111111111111111,0,-0.00122192542741582
2157,0.222222222222222,0,-0.000938972744747653
2157,0.333333333333333,0,-0.498619584896294
2157,0.444444444444444,0,-0.93948625220248
2157,0.555555555555556,-0.000197109249821731,-0.939692620785908
2157,0.666666666666667,-0.00165814306953197,-0.5
2157,0.777777777777778,-0.00327900823153419,0
2157,0.888888888888889,-0.00276724047964879,0
2157,1,-0.00228602663908054,0
2158,0,-3.17181732767653e-05,-9.91033305616072e-05
2158,0.111111111111111,-3.91582386132905e-07,-3.70867123712266e-05
2158,0.222222222222222,0.0917132219435715,-1.49430060262744e-06
2158,0.333333333333333,0.280145268666067,-0.5
2158,0.444444444444444,0.274691991603701,-0.939692620785908
2158,0.555555555555556,0.232153497477857,-0.939692620785908
2158,0.666666666666667,0.0564348101905809,-0.5
2158,0.777777777777778,0,2.10444233329406e-05
2158,0.888888888888889,1.76224068087312e-05,0.000499990545835556
2158,1,0.00142741495150724,-0.000411124746556449
2159,0,0,0
2159,0.111111111111111,0,0
2159,0.222222222222222,0,0
2159,0.333333333333333,0.0662374223721309,-0.5
2159,0.444444444444444,0.253986490210075,-0.939692620785908
2159,0.555555555555556,0.197757154874779,-0.939692620785908
2159,0.666666666666667,0.045151421621395,-0.500107940698393
2159,0.777777777777778,0,-0.00139803402253089
2159,0.888888888888889,-1.41184680625729e-05,-0.00296427227790824
2159,1,-0.00114359591306841,-0.00150987540181014
2160,0,0.000189190322138713,0
2160,0.111111111111111,2.33568298936682e-06,0.291820497708158
2160,0.222222222222222,0,0.466673058512999
2160,0.333333333333333,0,0.20986525725278
2160,0.444444444444444,0,-0.052507454818318
2160,0.555555555555556,0.000227107300359234,0.27978982007274
2160,0.666666666666667,0.0246455807318515,0.235240966275431
2160,0.777777777777778,0.279067692460599,0.178776025737507
2160,0.888888888888889,0.163447883363376,0
2160,1,0,0
2161,0,0,0
2161,0.111111111111111,0,0
2161,0.222222222222222,0,0.152612593263855
2161,0.333333333333333,0,-0.0168792922161718
2161,0.444444444444444,0,-0.450128251109295
2161,0.555555555555556,0,-0.66005245614357
2161,0.666666666666667,0,-0.439978757601817
2161,0.777777777777778,-1.61715771422772e-05,0.000589921764829797
2161,0.888888888888889,-0.000388117851414653,0
2161,1,0,0
2162,0,0,0
2162,0.111111111111111,0.102297119859339,0
2162,0.222222222222222,0.238999937569451,0.00141899149276595
2162,0.333333333333333,0.316354630117728,-0.496611795823395
2162,0.444444444444444,0.593478108289962,-0.939229276625005
2162,0.555555555555556,0.496711317671633,-0.939692620785908
2162,0.666666666666667,0.274946591518792,-0.5
2162,0.777777777777778,0.221676424009461,0
2162,0.888888888888889,0.151537924862063,0
2162,1,0,0
2163,0,0,0
2163,0.111111111111111,0,0
2163,0.222222222222222,0.00140559162784234,0
2163,0.333333333333333,0.065840893946501,-0.5
2163,0.444444444444444,0.245485317758048,-0.939692620785908
2163,0.555555555555556,0.212832696037051,-0.939692620785908
2163,0.666666666666667,0.0504120654809132,-0.5
2163,0.777777777777778,0,0
2163,0.888888888888889,2.67086409137218e-05,0
2163,1,0.00216339991401148,0
2164,0,-0.000149569157216068,0
2164,0.111111111111111,0.000624726488842852,0
2164,0.222222222222222,0.00150749600586183,0.0357402979951121
2164,0.333333333333333,0.000125384004730143,-0.328994241785952
2164,0.444444444444444,0,-0.448274803696553
2164,0.555555555555556,0,0.0481696024865895
2164,0.666666666666667,0,-0.223790305333753
2164,0.777777777777778,0,0
2164,0.888888888888889,-0.00232145498170479,9.44808469548295e-06
2164,1,-0.18803785351809,0.000765294860334124
2165,0,-0.000300695413344541,-2.2125564232736e-05
2165,0.111111111111111,-3.71228905363632e-06,-2.73155113984395e-07
2165,0.222222222222222,0,0.1014494244354
2165,0.333333333333333,0,-0.166351419945184
2165,0.444444444444444,0,-0.41685843712488
2165,0.555555555555556,0,0.0521922693211203
2165,0.666666666666667,0,0.0939389950740032
2165,0.777777777777778,0,0.138705492948868
2165,0.888888888888889,0,0
2165,1,0,0
2166,0,0,0
2166,0.111111111111111,0.0791625951426228,0
2166,0.222222222222222,0.277329799801526,0
2166,0.333333333333333,0.351401680330948,-0.310100965246269
2166,0.444444444444444,0.0465325730446519,-0.244132993481953
2166,0.555555555555556,0,-0.496169675984173
2166,0.666666666666667,0,-0.166135962628032
2166,0.777777777777778,0,0.114815692590238
2166,0.888888888888889,4.49614446014721e-05,0.23379409764219
2166,1,0.00364187701271926,0.389062586249326
2167,0,8.39725810051267e-05,0
2167,0.111111111111111,1.03669853092749e-06,0
2167,0.222222222222222,0,0.0679053004836271
2167,0.333333333333333,0,-0.262855439930908
2167,0.444444444444444,0,-0.514333718852308
2167,0.555555555555556,0,-0.12451089785301
2167,0.666666666666667,0,-0.0497842132901202
2167,0.777777777777778,0,0.0974322893983708
2167,0.888888888888889,0,0
2167,1,0,0
2168,0,0.00022332543527244,0.000254535443480394
2168,0.111111111111111,2.75710413916592e-06,3.142412882474e-06
2168,0.222222222222222,0,0
2168,0.333333333333333,0,-0.385611366731546
2168,0.444444444444444,0,-0.394684399563939
2168,0.555555555555556,0,-0.0240763643576583
2168,0.666666666666667,0,0.164155940409957
2168,0.777777777777778,0,0.183315366843345
2168,0.888888888888889,-9.35423035590943e-05,0.00179625246664929
2168,1,-0.00757692658828669,-0.000647442300331812
2169,0,-5.77262883105594e-05,-2.74465404032196e-05
2169,0.111111111111111,-0.00101302655810643,-3.38846177817526e-07
2169,0.222222222222222,-0.000644486112788536,0.0556469625212932
2169,0.333333333333333,-5.09789088445927e-05,-0.147443043628667
2169,0.444444444444444,0,-0.0343196498471215
2169,0.555555555555556,0.055257164370279,-0.0668700196892352
2169,0.666666666666667,0.410445169923396,-0.285706837214635
2169,0.777777777777778,0.246459504302282,0
2169,0.888888888888889,0.0453486610896456,0
2169,1,0,0
2170,0,-0.000238944992535827,-8.31004217553916e-05
2170,0.111111111111111,-2.94993817945465e-06,-1.02593113278261e-06
2170,0.222222222222222,0,0
2170,0.333333333333333,0,-0.5
2170,0.444444444444444,0,-0.752670612051215
2170,0.555555555555556,-3.17709298470864e-05,-0.0345060985099922
2170,0.666666666666667,-0.000195246393973842,-0.230688307422041
2170,0.777777777777778,0.00038776077040835,0
2170,0.888888888888889,0.00112392344834577,0
2170,1,-0.000297679921044688,0
2171,0,0,0.000489946138576497
2171,0.111111111111111,0,0.00282051972268181
2171,0.222222222222222,0,0.22039244915247
2171,0.333333333333333,0,0.141808739574152
2171,0.444444444444444,0,-0.343429579607099
2171,0.555555555555556,0,-0.232395694382563
2171,0.666666666666667,0,0.0525241547692179
2171,0.777777777777778,0,0.160270418230879
2171,0.888888888888889,0,0
2171,1,0,0
2172,0,0,0
2172,0.111111111111111,0,0
2172,0.222222222222222,0.138935949024446,0
2172,0.333333333333333,0.331745021140004,-0.296247151678212
2172,0.444444444444444,0.0453668404977783,-0.192793644153493
2172,0.555555555555556,0,-0.475355432704192
2172,0.666666666666667,0,-0.246411235256801
2172,0.777777777777778,0,0.0687750699934075
2172,0.888888888888889,-2.31354731333634e-05,0
2172,1,-0.00187397332380244,0
2173,0,0,0
2173,0.111111111111111,0,0
2173,0.222222222222222,0,0.128861171047467
2173,0.333333333333333,0,-0.113401641600429
2173,0.444444444444444,0.00050460173795915,-0.632392108906423
2173,0.555555555555556,0.00259535121813892,-0.884894398719222
2173,0.666666666666667,0.0018460152745828,-0.5
2173,0.777777777777778,0.000468803844650936,8.56681077493527e-06
2173,0.888888888888889,0,0.000183291012353554
2173,1,0,-0.00180730814583628
2174,0,0.000182709410215987,0.000121355828968879
2174,0.111111111111111,2.25567173106156e-06,1.4982201107269e-06
2174,0.222222222222222,0,0
2174,0.333333333333333,0,-0.399008619912345
2174,0.444444444444444,0,-0.508974298021433
2174,0.555555555555556,0,-0.391907373029444
2174,0.666666666666667,0,-0.106184144683812
2174,0.777777777777778,0,0.109866319929173
2174,0.888888888888889,0,-0.000485316284897685
2174,1,0,-0.00195381607143759
2175,0,-8.83920546833027e-05,0
2175,0.111111111111111,-0.000186294396767762,0
2175,0.222222222222222,0.00083704465871713,0
2175,0.333333333333333,-0.000118365339149846,-0.321722537830365
2175,0.444444444444444,-0.00150992413317313,-0.30629485244156
2175,0.555555555555556,-0.000518434525561997,-0.650421766187702
2175,0.666666666666667,-6.18234783147966e-05,-0.450770130485169
2175,0.777777777777778,0,0
2175,0.888888888888889,0,0.00316333774038991
2175,1,0,0.256230356971584
2176,0,0,0
2176,0.111111111111111,0,0.116042280647994
2176,0.222222222222222,0,0.284979997772959
2176,0.333333333333333,0,-0.177105730617749
2176,0.444444444444444,0,-0.498483145689204
2176,0.555555555555556,0,-0.468719048395277
2176,0.666666666666667,0,-0.380126909816449
2176,0.777777777777778,6.62988055006509e-05,0
2176,0.888888888888889,0.00164834337130564,9.58965178468512e-05
2176,1,0.00463093518249166,0.007767617945595
2177,0,0,0
2177,0.111111111111111,0.100385975417349,0
2177,0.222222222222222,0.301082851418268,0
2177,0.333333333333333,0.425395107764994,-0.5
2177,0.444444444444444,0.380803659361283,-0.847708609380162
2177,0.555555555555556,0.0713469678230237,-0.494332832698504
2177,0.666666666666667,0.00445565243102553,-0.366393696864459
2177,0.777777777777778,0.00175222584200242,0.000481341956000357
2177,0.888888888888889,0,0
2177,1,0,0
2178,0,0,0
2178,0.111111111111111,0,0
2178,0.222222222222222,0.0864954624776595,0.0209080645330662
2178,0.333333333333333,0.29791415389856,-0.382402354476934
2178,0.444444444444444,0.335872758849559,-0.586521731135729
2178,0.555555555555556,0.0657698449010884,-0.245564672678405
2178,0.666666666666667,0.000686860453185649,0.200277771286772
2178,0.777777777777778,0,0.276939940112204
2178,0.888888888888889,0,0.0985131602992675
2178,1,0,0
2179,0,0,0.000488898490998356
2179,0.111111111111111,0,6.03578383948588e-06
2179,0.222222222222222,0,0
2179,0.333333333333333,0,-0.405741868735962
2179,0.444444444444444,0,-0.54697699320656
2179,0.555555555555556,0,-0.479348476248503
2179,0.666666666666667,0,-0.180268648238266
2179,0.777777777777778,0,0.196113280338219
2179,0.888888888888889,0,0.0681874197716221
2179,1,0,0.203528860589262
2180,0,6.48924767172758e-05,9.70120742539119e-05
2180,0.111111111111111,0.00127798351166886,1.19767992906064e-06
2180,0.222222222222222,0.00259283544855521,0
2180,0.333333333333333,0.00396989691099337,-0.5
2180,0.444444444444444,0.00319899708453019,-0.939692620785908
2180,0.555555555555556,0.000575220317500249,-0.939692620785908
2180,0.666666666666667,0,-0.5
2180,0.777777777777778,0,1.312018572451e-05
2180,0.888888888888889,0,0.000310042816443302
2180,1,0,-0.000392172916539831
2181,0,0,0.000119409262419194
2181,0.111111111111111,0,0.000414895200891029
2181,0.222222222222222,0,1.72258755194209e-05
2181,0.333333333333333,0,-0.5
2181,0.444444444444444,0,-0.939692620785908
2181,0.555555555555556,0,-0.939692620785908
2181,0.666666666666667,9.50852286140094e-05,-0.5
2181,0.777777777777778,0.00115679554970658,4.92915242736011e-06
2181,0.888888888888889,0.000849515104842448,0.000126432511967535
2181,1,0.00391770566922471,0.000658761150582307
2182,0,-7.14468914139357e-05,-6.04181516528797e-05
2182,0.111111111111111,-8.82060387826367e-07,-7.45903106825676e-07
2182,0.222222222222222,0.0852636723140273,0
2182,0.333333333333333,0.27897084742752,-0.5
2182,0.444444444444444,0.374184906216662,-0.939692620785908
2182,0.555555555555556,0.529327126861315,-0.939692620785908
2182,0.666666666666667,0.344944446200082,-0.499951186980663
2182,0.777777777777778,0.25064706093512,0.000589790380536546
2182,0.888888888888889,0.116294156000676,0.000329500371027787
2182,1,0,0.00127445843296854
2183,0,1.02535138410995e-05,0
2183,0.111111111111111,0.00238428495129745,0
2183,0.222222222222222,0.0018701397751421,0.181462001850989
2183,0.333333333333333,-0.000471137952897695,0.246794696034249
2183,0.444444444444444,-8.80464901079584e-05,0.259844532041024
2183,0.555555555555556,0,-0.303079474636599
2183,0.666666666666667,0,-0.375368790254753
2183,0.777777777777778,0,0
2183,0.888888888888889,0,-8.48606580474558e-06
2183,1,0,-0.000687371330184397
2184,0,0,0.000170846828834579
2184,0.111111111111111,0,0.0019992502735128
2184,0.222222222222222,0.0639926052612278,0.00166708591367374
2184,0.333333333333333,0.221058991864171,-0.499865941893467
2184,0.444444444444444,0.285414378636562,-0.939692620785908
2184,0.555555555555556,0.21723040643794,-0.939692620785908
2184,0.666666666666667,0.0505271617999678,-0.5
2184,0.777777777777778,0,0
2184,0.888888888888889,7.56647423378558e-05,0
2184,1,0.00612884412936637,0
2185,0,-0.000469633302797609,-0.000304418152070753
2185,0.111111111111111,-0.00169660548673828,-0.000375682889985217
2185,0.222222222222222,-4.10891699909413e-06,-1.54968600497592e-05
2185,0.333333333333333,0.00315998178316546,-0.5
2185,0.444444444444444,0.00482022694820104,-0.939692620785908
2185,0.555555555555556,0.000943304309452862,-0.939692620785908
2185,0.666666666666667,-0.00982749632290697,-0.5
2185,0.777777777777778,-0.128086189900527,0
2185,0.888888888888889,-0.291521406926359,0
2185,1,-0.331616338938452,0
2186,0,0.000398889656352456,0.000333950849002316
2186,0.111111111111111,0.00236476675820498,0.000792556988825396
2186,0.222222222222222,0.00213445219632815,3.28514224515714e-05
2186,0.333333333333333,0.00152164617125059,-0.5
2186,0.444444444444444,0.00263744986162171,-0.776147448678392
2186,0.555555555555556,0.000527660090545921,-0.148133987785529
2186,0.666666666666667,0,-0.264494952165177
2186,0.777777777777778,0,0
2186,0.888888888888889,0,0
2186,1,0,0
2187,0,0,-0.000178741709987542
2187,0.111111111111111,0,-2.20668777762398e-06
2187,0.222222222222222,0,0
2187,0.333333333333333,0,-0.332496420430504
2187,0.444444444444444,0,-0.293588383619002
2187,0.555555555555556,0,-0.394517868397542
2187,0.666666666666667,0,-0.168986030000229
2187,0.777777777777778,0,0.286810126203272
2187,0.888888888888889,0,0.195120792701422
2187,1,0,0
2188,0,-0.000199238778120505,-9.28931426036638e-05
2188,0.111111111111111,0.000598826034847668,0.000424779201384394
2188,0.222222222222222,2.50535738687148e-05,1.77469179293928e-05
2188,0.333333333333333,0,-0.5
2188,0.444444444444444,0,-0.939692620785908
2188,0.555555555555556,0,-0.939692620785908
2188,0.666666666666667,0,-0.5
2188,0.777777777777778,0,-9.6632715846113e-06
2188,0.888888888888889,0,-0.000231512479779849
2188,1,0,3.28890983165719e-05
2189,0,0,0
2189,0.111111111111111,0,0.0348302947492731
2189,0.222222222222222,0,0.0822971811741913
2189,0.333333333333333,0,-0.182000981074975
2189,0.444444444444444,0,-0.011313558004035
2189,0.555555555555556,0,-0.503871949958743
2189,0.666666666666667,0,-0.420851721827117
2189,0.777777777777778,0,0.00123878727680844
2189,0.888888888888889,5.44904790414331e-05,0
2189,1,0.00441372880235611,0
2190,0,-5.49534217103212e-05,0.000224428493493505
2190,0.111111111111111,-0.00148862951783967,-0.000105828717858927
2190,0.222222222222222,-0.00200297364264691,-4.52497666670094e-06
2190,0.333333333333333,-0.000164283208106161,-0.5
2190,0.444444444444444,0,-0.939692620785908
2190,0.555555555555556,0,-0.939692620785908
2190,0.666666666666667,0,-0.5
2190,0.777777777777778,0,1.82590009536555e-05
2190,0.888888888888889,0,0.000406076344148106
2190,1,0,-0.00260331397790965
2191,0,0,-0.000304199381180035
2191,0.111111111111111,0,0.000409366215355736
2191,0.222222222222222,0.0647681197405031,1.72134068029808e-05
2191,0.333333333333333,0.261235612990124,-0.5
2191,0.444444444444444,0.379393489355256,-0.833228218183403
2191,0.555555555555556,0.0740175032153798,-0.424404912189782
2191,0.666666666666667,0,-0.346691260252392
2191,0.777777777777778,0,0
2191,0.888888888888889,0,-0.00244643720117658
2191,1,0,-0.198161413295305
2192,0,-0.00015993268243743,-9.65880583692438e-05
2192,0.111111111111111,-1.97447756095593e-06,-0.000156141228391906
2192,0.222222222222222,0,-6.4561993011189e-06
2192,0.333333333333333,0.0746336022457771,-0.5
2192,0.444444444444444,0.273832268580396,-0.939692620785908
2192,0.555555555555556,0.200133660630573,-0.939692620785908
2192,0.666666666666667,0.304235283264693,-0.5
2192,0.777777777777778,0.113555804423468,0
2192,0.888888888888889,-3.04420037600219e-05,0
2192,1,-0.00246580230456179,0
2193,0,0,0
2193,0.111111111111111,0,0
2193,0.222222222222222,0,0.120604264728723
2193,0.333333333333333,0,-0.0817404320228682
2193,0.444444444444444,0,-0.351629474229489
2193,0.555555555555556,0,-0.295895757208038
2193,0.666666666666667,1.50842542865613e-05,-0.214968070666346
2193,0.777777777777778,0.000181524114538388,0.0525658742440427
2193,0.888888888888889,6.13223870107514e-05,0
2193,1,-0.00146061286101661,0
2194,0,-0.000136521310247571,0
2194,0.111111111111111,0.00206485393304791,0
2194,0.222222222222222,0.00263431856844618,0.167522261919349
2194,0.333333333333333,0.00179222880262952,0.0684699237494454
2194,0.444444444444444,0.00130629505810923,-0.146910330047112
2194,0.555555555555556,-0.00113887271111122,0.0667747764221254
2194,0.666666666666667,-0.00113956483078708,0.188571833950839
2194,0.777777777777778,-0.000311533461853927,0.4039894782444
2194,0.888888888888889,0,0.136336901459046
2194,1,0,0.242474713263987
2195,0,-8.50076076090535e-05,-7.51977019340293e-05
2195,0.111111111111111,-0.000154851898308762,-0.000646072505313032
2195,0.222222222222222,-6.40843423631722e-06,-0.000557335515226942
2195,0.333333333333333,0,-0.284374173622424
2195,0.444444444444444,0,-0.214627281533661
2195,0.555555555555556,0,-0.789088450490872
2195,0.666666666666667,0,-0.499752214577758
2195,0.777777777777778,0,0
2195,0.888888888888889,0,0
2195,1,0,0
2196,0,0,-0.000125113546947602
2196,0.111111111111111,0,-8.01480662153278e-06
2196,0.222222222222222,0.000776079744403101,-2.69591455450902e-07
2196,0.333333333333333,0.11940004128324,-0.5
2196,0.444444444444444,0.451858708897467,-0.939692620785908
2196,0.555555555555556,0.377717237481489,-0.939692620785908
2196,0.666666666666667,0.246248262823242,-0.5
2196,0.777777777777778,0.0690455607599766,-7.36992384606671e-06
2196,0.888888888888889,0,-0.000212417470526822
2196,1,0,-0.00287868315591893
2197,0,0,0
2197,0.111111111111111,-0.0183569388839339,0
2197,0.222222222222222,-0.164657865242512,0.300429085588522
2197,0.333333333333333,-0.321092941134227,0.33644829901624
2197,0.444444444444444,-0.0435571277406734,-0.367165092762242
2197,0.555555555555556,0,-0.491950770344865
2197,0.666666666666667,0,-0.347551807017444
2197,0.777777777777778,0,0.019140181353659
2197,0.888888888888889,-1.0795448807944e-05,0
2197,1,-0.000874431353443469,0
2198,0,-0.000261071772519616,-0.000182869155132193
2198,0.111111111111111,0.000380982545716608,0.000504890701866792
2198,0.222222222222222,0.0017885209438014,0.000982027840739927
2198,0.333333333333333,0.000150024558375756,-0.267704437335895
2198,0.444444444444444,0,-0.108987445303905
2198,0.555555555555556,0,-0.534342755613224
2198,0.666666666666667,0,-0.427363108800015
2198,0.777777777777778,0,0
2198,0.888888888888889,0,0
2198,1,0,0
2199,0,0,0
2199,0.111111111111111,0,0
2199,0.222222222222222,0,0.00168059463499858
2199,0.333333333333333,0,-0.495208325414609
2199,0.444444444444444,0,-0.778737083772519
2199,0.555555555555556,-0.000170952177083611,-0.175452766694378
2199,0.666666666666667,-0.00142001182288782,-0.272783767826324
2199,0.777777777777778,-0.00263867739121715,0
2199,0.888888888888889,-0.00255811767681377,0
2199,1,0.0018024561617241,0
2200,0,0,0.000228825883601546
2200,0.111111111111111,0,2.82501090866106e-06
2200,0.222222222222222,0,0
2200,0.333333333333333,0,-0.454734413399714
2200,0.444444444444444,0,-0.636514104823346
2200,0.555555555555556,0,-0.155161863480924
2200,0.666666666666667,0.00830751916530596,-0.120914993959602
2200,0.777777777777778,0.100613287668706,0.069003098483112
2200,0.888888888888889,0.0590756918421759,0.000949212779058226
2200,1,0,-0.00334446349066862
2201,0,-0.000157595826125013,-5.08771342795328e-05
2201,0.111111111111111,-1.94562748302486e-06,-6.28112768883121e-07
2201,0.222222222222222,0,0.0632585408020247
2201,0.333333333333333,0,-0.156178386108558
2201,0.444444444444444,0,-0.128763386640429
2201,0.555555555555556,0,-0.112609791798202
2201,0.666666666666667,0,-0.263450430381723
2201,0.777777777777778,0,0.0132301401298538
2201,0.888888888888889,0,0
2201,1,0,0
2202,0,0,-2.22199598418794e-06
2202,0.111111111111111,0.0895600977564752,-0.000148602766137499
2202,0.222222222222222,0.280009640435682,-0.000287445707577581
2202,0.333333333333333,0.465143426156609,-0.500023805287943
2202,0.444444444444444,0.62590016384909,-0.939692620785908
2202,0.555555555555556,0.565798003137647,-0.939692620785908
2202,0.666666666666667,0.467482015072154,-0.5
2202,0.777777777777778,0.283730456085866,0
2202,0.888888888888889,0.104891223882222,6.00535383614269e-06
2202,1,0,0.000486433660727561
2203,0,-8.86179043536502e-05,0
2203,0.111111111111111,4.50030208104627e-05,0
2203,0.222222222222222,1.92071120884832e-06,0.175525492968269
2203,0.333333333333333,0,0.04142545310412
2203,0.444444444444444,0,-0.374736408515615
2203,0.555555555555556,0,-0.345169480556847
2203,0.666666666666667,0,-0.0511858120219091
2203,0.777777777777778,0,0.129748517360901
2203,0.888888888888889,-0.00158142336537783,0
2203,1,-0.128095292595605,0
2204,0,0,-1.59576161715114e-06
2204,0.111111111111111,0,0.000485144144525898
2204,0.222222222222222,0,0.118583011407946
2204,0.333333333333333,0,-0.0724061838199587
2204,0.444444444444444,0,-0.254862796295026
2204,0.555555555555556,0,-0.0657696302986451
2204,0.666666666666667,0,-0.0974538648425007
2204,0.777777777777778,0,0.0754271652639728
2204,0.888888888888889,0,0
2204,1,0,0
2205,0,0,0
2205,0.111111111111111,0.109981405646237,0
2205,0.222222222222222,0.296870868273027,0
2205,0.333333333333333,0.405511428341801,-0.5
2205,0.444444444444444,0.467494705180374,-0.862262205846219
2205,0.555555555555556,0.0891984312925022,-0.513933875002013
2205,0.666666666666667,0,-0.0155953346950749
2205,0.777777777777778,-8.40084389387417e-06,0.156173833519631
2205,0.888888888888889,-0.000202161251840004,0
2205,1,-4.38208693489498e-05,0
2206,0,-2.48286581920708e-06,0
2206,0.111111111111111,0.000162354347075957,0
2206,0.222222222222222,-0.00055357437574977,0.000182576735119673
2206,0.333333333333333,-0.000301844792037167,-0.269807810953253
2206,0.444444444444444,0.000339622196235887,-0.167151841099381
2206,0.555555555555556,8.1040975330435e-05,-0.778954311834137
2206,0.666666666666667,0,-0.49964732967467
2206,0.777777777777778,0,0
2206,0.888888888888889,0,0
2206,1,0,0
2207,0,5.88769010490907e-05,0
2207,0.111111111111111,0.000336615539871402,0
2207,0.222222222222222,1.39953610229087e-05,0.12340267872264
2207,0.333333333333333,0,-0.153764602476115
2207,0.444444444444444,0,-0.674223262532681
2207,0.555555555555556,0,-0.653120400469391
2207,0.666666666666667,-5.53192587346436e-06,-0.425395872839383
2207,0.777777777777778,-6.27766744907135e-05,0
2207,0.888888888888889,5.61795072851663e-05,0
2207,1,-0.000468878161684289,0
2208,0,0,-0.000108889313190116
2208,0.111111111111111,0,-0.000178423701143828
2208,0.222222222222222,0,-7.37830785980449e-06
2208,0.333333333333333,0.0367392709584227,-0.5
2208,0.444444444444444,0.159468136700382,-0.819575593046533
2208,0.555555555555556,0.224002066070336,-0.358326206527333
2208,0.666666666666667,0.244222383572977,-0.3270314800553
2208,0.777777777777778,0.250108153756031,0
2208,0.888888888888889,0.103104579178476,0
2208,1,0,0
2209,0,0,0
2209,0.111111111111111,0,0
2209,0.222222222222222,0,0
2209,0.333333333333333,0.0817298634841389,-0.5
2209,0.444444444444444,0.342050881468631,-0.939692620785908
2209,0.555555555555556,0.416656389711132,-0.939692620785908
2209,0.666666666666667,0.35488032275834,-0.5
2209,0.777777777777778,0.221877245428085,-4.41710908499098e-06
2209,0.888888888888889,0.0692530613253051,-0.000122110434419842
2209,1,0,-0.00130408512678479
2210,0,-2.65764559281193e-05,-9.82166344313238e-06
2210,0.111111111111111,-3.28104394174313e-07,5.53078932049777e-05
2210,0.222222222222222,0,0.0614957393138694
2210,0.333333333333333,0,-0.134968676961998
2210,0.444444444444444,0,-0.105004580494374
2210,0.555555555555556,0,-0.355933911787644
2210,0.666666666666667,0,-0.0746189104083234
2210,0.777777777777778,0,0.129585322023349
2210,0.888888888888889,-8.56770319103238e-06,2.4828583200046e-05
2210,1,-0.000693983958473628,0.000690195172937484
2211,0,-2.93830566623165e-05,2.50937723650662e-05
2211,0.111111111111111,4.433417914136e-05,3.09799658827978e-07
2211,0.222222222222222,1.86237220530477e-06,0
2211,0.333333333333333,0,-0.477735267620372
2211,0.444444444444444,0,-0.833015017670773
2211,0.555555555555556,0,-0.769984207579491
2211,0.666666666666667,0,-0.453232129520078
2211,0.777777777777778,0,0.000382546229613493
2211,0.888888888888889,1.52294821932339e-05,0
2211,1,0.00123358805765195,0
2212,0,0,0
2212,0.111111111111111,0,0
2212,0.222222222222222,0,0.0788397574765593
2212,0.333333333333333,0,-0.227605719616484
2212,0.444444444444444,0.000609402466863316,-0.63088362187192
2212,0.555555555555556,0.00294950793961845,-0.880062472468473
2212,0.666666666666667,0.000877539552283177,-0.499643973894234
2212,0.777777777777778,0,0
2212,0.888888888888889,0,0
2212,1,0,0
2213,0,-0.000213626697563655,-7.51120820104145e-05
2213,0.111111111111111,-2.63736663658833e-06,-9.27309654449563e-07
2213,0.222222222222222,0,0
2213,0.333333333333333,0,-0.349108680418296
2213,0.444444444444444,0,-0.291592264182719
2213,0.555555555555556,0,-0.124479512429076
2213,0.666666666666667,0,-0.0901775297956074
2213,0.777777777777778,0,0.0868092170941468
2213,0.888888888888889,0,0.000120326751965175
2213,1,0,-0.000868583915146024
2214,0,-7.30440475488794e-05,0
2214,0.111111111111111,-9.01778364800981e-07,0
2214,0.222222222222222,0,0.0441140618084266
2214,0.333333333333333,0,-0.301843178508538
2214,0.444444444444444,0,-0.471819916161437
2214,0.555555555555556,0,-0.157811663293683
2214,0.666666666666667,0,-0.0544515534928336
2214,0.777777777777778,0,0.140782112635167
2214,0.888888888888889,0,0.134968137115909
2214,1,0,0.00156880580776288
2215,0,0,0
2215,0.111111111111111,0,0
2215,0.222222222222222,0.00135611075678268,0.000468160606677006
2215,0.333333333333333,0.00323806037844029,-0.24160794851325
2215,0.444444444444444,0.000442811675684142,-0.01283373488305
2215,0.555555555555556,0,-0.461052350873823
2215,0.666666666666667,0,-0.410750456598384
2215,0.777777777777778,0,0
2215,0.888888888888889,0,0
2215,1,0,0
2216,0,0.00011001611513792,0
2216,0.111111111111111,1.35822364367803e-06,0.0946710006338634
2216,0.222222222222222,0,0.273556864065972
2216,0.333333333333333,0,0.0580111903296522
2216,0.444444444444444,0,0.152333963839114
2216,0.555555555555556,0,-0.0910919148918601
2216,0.666666666666667,0,0.0236722150671842
2216,0.777777777777778,0,0.151988017267961
2216,0.888888888888889,0,0.207660914770228
2216,1,0,0
2217,0,-5.67755223135826e-05,-4.07940936073728e-05
2217,0.111111111111111,-7.00932374241762e-07,-7.89732937456324e-06
2217,0.222222222222222,0,-3.25343555634218e-05
2217,0.333333333333333,0.047101445151963,-0.500002727616581
2217,0.444444444444444,0.158313190649653,-0.939692620785908
2217,0.555555555555556,0.0327093369110854,-0.939692620785908
2217,0.666666666666667,0,-0.5
2217,0.777777777777778,0,0
2217,0.888888888888889,-3.43351527560732e-05,0
2217,1,-0.00278114737324195,0
2218,0,0,8.56061006285156e-05
2218,0.111111111111111,0,1.05686543985822e-06
2218,0.222222222222222,0,0.109390743995215
2218,0.333333333333333,0,-0.157260270176422
2218,0.444444444444444,0,-0.504588072359624
2218,0.555555555555556,0,-0.26124559070284
2218,0.666666666666667,0,-0.206072238553192
2218,0.777777777777778,0,0.0665870907389272
2218,0.888888888888889,-0.00483380435632267,0.0173184105465143
2218,1,-0.391538152862139,0.463641912995912
2219,0,-6.22716955758202e-05,5.7517792858206e-06
2219,0.111111111111111,0.000527665419214772,7.10096208126001e-08
2219,0.222222222222222,0.00120855317795042,0
2219,0.333333333333333,0.00122582074903582,-0.427785903630646
2219,0.444444444444444,0.000159555720719575,-0.631111748626256
2219,0.555555555555556,0,-0.570775393658597
2219,0.666666666666667,0,-0.405159770517774
2219,0.777777777777778,0,0
2219,0.888888888888889,3.93880582385514e-05,0
2219,1,0.00319043271732268,0
2220,0,-7.55760728209121e-05,1.66410478038057e-05
2220,0.111111111111111,-9.33037936060644e-07,2.05445034614885e-07
2220,0.222222222222222,0,0
2220,0.333333333333333,0,-0.404694145414678
2220,0.444444444444444,0,-0.489802132693068
2220,0.555555555555556,0,-0.246452500491973
2220,0.666666666666667,0,-0.313438033339268
2220,0.777777777777778,0,0
2220,0.888888888888889,0,8.84944117110879e-07
2220,1,0,7.16804734859817e-05
2221,0,0,0
2221,0.111111111111111,0.124153605633316,0
2221,0.222222222222222,0.290549560815255,0.0442819195494047
2221,0.333333333333333,0.290807025295694,-0.215905609615341
2221,0.444444444444444,0.309759986592243,-0.149214790284028
2221,0.555555555555556,0.101153499775466,0.0490730245390696
2221,0.666666666666667,0.310708232401672,-0.138656657278578
2221,0.777777777777778,0.136463739183961,0.400136843414586
2221,0.888888888888889,0.152113660890571,0.21861087345659
2221,1,0,0.205928346294332
2222,0,-0.000202223373505237,-4.49923661730509e-05
2222,0.111111111111111,-0.000421420717417374,0.000124931953238504
2222,0.222222222222222,-1.74551721899702e-05,5.22864227288676e-06
2222,0.333333333333333,0,-0.428557110836673
2222,0.444444444444444,0,-0.521857939174378
2222,0.555555555555556,0,-0.0299766890229819
2222,0.666666666666667,0,-0.244101642029899
2222,0.777777777777778,0,0
2222,0.888888888888889,0,-1.42817485710945e-05
2222,1,0,-0.00115682163425866
2223,0,2.76174491458861e-06,-1.7677776009035e-05
2223,0.111111111111111,3.40956162294891e-08,-2.18244148259692e-07
2223,0.222222222222222,0,0.149306324424255
2223,0.333333333333333,0.0503229293246665,-0.0856383473669708
2223,0.444444444444444,0.169140956896796,-0.594438776089134
2223,0.555555555555556,0.0349464786976851,-0.360086649506887
2223,0.666666666666667,0,-0.0200952674653944
2223,0.777777777777778,0,0.139444978381268
2223,0.888888888888889,5.15699140464756e-06,0
2223,1,0.000417716303776455,0
2224,0,0,-5.84858146237646e-05
2224,0.111111111111111,0,-0.000901001023842257
2224,0.222222222222222,0,-0.000832497684576384
2224,0.333333333333333,0,-0.500067287221425
2224,0.444444444444444,0,-0.939692620785908
2224,0.555555555555556,0,-0.939692620785908
2224,0.666666666666667,0,-0.5
2224,0.777777777777778,-1.24247554467723e-05,0
2224,0.888888888888889,-0.000307558663239499,0
2224,1,-0.000758527133874005,0
2225,0,-7.93527797093108e-05,2.75212094762069e-05
2225,0.111111111111111,0.000359018036565165,0.000250099741759208
2225,0.222222222222222,0.000506782449750514,0.189857771245276
2225,0.333333333333333,4.16242279943187e-05,0.0953681465000724
2225,0.444444444444444,0,-0.291932374557136
2225,0.555555555555556,0,-0.286065901085027
2225,0.666666666666667,0,-0.0595376423583892
2225,0.777777777777778,0,0.249929731634851
2225,0.888888888888889,0,0.0789907030889995
2225,1,0,0
2226,0,0,-5.34982763246051e-05
2226,0.111111111111111,0,1.06020902655223e-05
2226,0.222222222222222,0,0.000415698129164324
2226,0.333333333333333,0,-0.387213174787783
2226,0.444444444444444,0,-0.503923758273123
2226,0.555555555555556,0,-0.543805470091761
2226,0.666666666666667,0,-0.205747970290261
2226,0.777777777777778,0,0.0871235304327052
2226,0.888888888888889,-3.20466113205854e-05,0
2226,1,-0.00259577551696744,0
2227,0,-4.47899051750747e-05,-0.000107767897878522
2227,0.111111111111111,-5.52961792284873e-07,-1.33046787504348e-06
2227,0.222222222222222,0,0
2227,0.333333333333333,0,-0.5
2227,0.444444444444444,0,-0.939692620785908
2227,0.555555555555556,0,-0.939692620785908
2227,0.666666666666667,-0.0117403521379959,-0.5
2227,0.777777777777778,-0.142188709226839,0
2227,0.888888888888889,-0.0834869485368597,0
2227,1,0,0
2228,0,0,0
2228,0.111111111111111,0,0
2228,0.222222222222222,0,0
2228,0.333333333333333,0,-0.499655686323572
2228,0.444444444444444,0,-0.93853534426236
2228,0.555555555555556,0,-0.939453514066167
2228,0.666666666666667,0,-0.5
2228,0.777777777777778,0,0
2228,0.888888888888889,0.00268157020155971,0
2228,1,0.217207186326338,0
2229,0,0,-0.000137630721733729
2229,0.111111111111111,0,-0.000693589819486386
2229,0.222222222222222,0,-0.000306061383872474
2229,0.333333333333333,0,-0.432863346860967
2229,0.444444444444444,0,-0.618954746923174
2229,0.555555555555556,0,-0.431435258423811
2229,0.666666666666667,0,-0.362634107327638
2229,0.777777777777778,0,0
2229,0.888888888888889,-0.00178485755009642,0
2229,1,-0.144573461557811,0
2230,0,-0.00024864309863237,-8.89783335504997e-05
2230,0.111111111111111,-0.000387818702290445,-1.0984979450679e-06
2230,0.222222222222222,-1.60312097669206e-05,0
2230,0.333333333333333,0,-0.427321832866446
2230,0.444444444444444,0,-0.636874564926852
2230,0.555555555555556,0,-0.605894553254617
2230,0.666666666666667,-9.69749287797639e-05,-0.415704328489358
2230,0.777777777777778,-0.0098732337013474,0
2230,0.888888888888889,-0.215058891744032,0
2230,1,-0.453524080060855,0
2231,0,0,0
2231,0.111111111111111,0,0.0950793639309148
2231,0.222222222222222,0,0.276045749762886
2231,0.333333333333333,0,0.0807693679921863
2231,0.444444444444444,0,0.227782718101294
2231,0.555555555555556,0,-0.0280323811469081
2231,0.666666666666667,0,-0.0486353208861141
2231,0.777777777777778,0,0.105239193975573
2231,0.888888888888889,-0.00300545034202087,0
2231,1,-0.243441477703692,0
2232,0,0,0
2232,0.111111111111111,0,0
2232,0.222222222222222,0,0
2232,0.333333333333333,0,-0.499763896297833
2232,0.444444444444444,0,-0.865571766423843
2232,0.555555555555556,0,-0.584624607328596
2232,0.666666666666667,0,-0.394408711637115
2232,0.777777777777778,0,0
2232,0.888888888888889,0,0
2232,1,0,0
2233,0,0,-5.08775239964079e-05
2233,0.111111111111111,0,-6.28117580202567e-07
2233,0.222222222222222,0,0.0385240077740665
2233,0.333333333333333,0,-0.200410224464873
2233,0.444444444444444,0,-0.14426149707815
2233,0.555555555555556,0,-0.345397233299235
2233,0.666666666666667,0,-0.0968656030731194
2233,0.777777777777778,0,0.117530229588972
2233,0.888888888888889,0,2.98574915561453e-05
2233,1,0,5.37787866176007e-05
2234,0,0,-3.4183784668284e-05
2234,0.111111111111111,0,-4.22022032941779e-07
2234,0.222222222222222,0,0
2234,0.333333333333333,0,-0.36100224530242
2234,0.444444444444444,5.13473147270211e-05,-0.44575688439153
2234,0.555555555555556,0.000248521003278782,-0.671273124236898
2234,0.666666666666667,7.39401332069105e-05,-0.151220349191366
2234,0.777777777777778,0,0.129938502852255
2234,0.888888888888889,0,0
2234,1,0,0
2235,0,0,0
2235,0.111111111111111,0.314848626339317,0
2235,0.222222222222222,0.500738525303865,0.00031508761076212
2235,0.333333333333333,0.390451688556908,-0.188286091323006
2235,0.444444444444444,0.242960851081476,0.105586608071313
2235,0.555555555555556,0.637924342095801,-0.723747095350626
2235,0.666666666666667,0.599256404082878,-0.5
2235,0.777777777777778,0.506473696144476,0
2235,0.888888888888889,0.400025382806251,0
2235,1,0.334135466856007,0
2236,0,0,0
2236,0.111111111111111,0,0
2236,0.222222222222222,0,0.0708294514673079
2236,0.333333333333333,0,-0.17733687313772
2236,0.444444444444444,0.000138559846747574,-0.249982357558178
2236,0.555555555555556,0.000796501625089937,-0.0510838726516877
2236,0.666666666666667,0.00111996493677316,0.107790189507112
2236,0.777777777777778,0.000385482898422016,0.168810412588647
2236,0.888888888888889,0,0.120963850074806
2236,1,0,0.000657309611780441
2237,0,0,0
2237,0.111111111111111,0.0656903515542623,0
2237,0.222222222222222,0.114481634861296,0
2237,0.333333333333333,0.0720724372621786,-0.5
2237,0.444444444444444,0.237745998611702,-0.939692620785908
2237,0.555555555555556,0.264815235129699,-0.939692620785908
2237,0.666666666666667,0.0670896587258612,-0.5
2237,0.777777777777778,0,0
2237,0.888888888888889,-8.50119405135169e-06,0
2237,1,-0.000688596718159491,0
2238,0,0,6.95765079576155e-06
2238,0.111111111111111,0,5.41580174389075e-05
2238,0.222222222222222,0.150190381868303,2.2530050214793e-06
2238,0.333333333333333,0.462108795260445,-0.5
2238,0.444444444444444,0.459254377852936,-0.939692620785908
2238,0.555555555555556,0.373730104823996,-0.939692620785908
2238,0.666666666666667,0.0898100012953741,-0.5
2238,0.777777777777778,0,0
2238,0.888888888888889,0,0
2238,1,0,0
2239,0,1.89339606449989e-05,0
2239,0.111111111111111,0.000585848897724482,0
2239,0.222222222222222,7.87237709023069e-05,0.113122843458346
2239,0.333333333333333,-4.37143754945211e-05,-0.122225732095544
2239,0.444444444444444,-6.84960469282227e-06,-0.440950762432211
2239,0.555555555555556,0,-0.330836580812113
2239,0.666666666666667,0,0.0126170178082192
2239,0.777777777777778,0,0.154419660197221
2239,0.888888888888889,0,0
2239,1,0,0
2240,0,0,0
2240,0.111111111111111,0,0
2240,0.222222222222222,0,0.116932596443307
2240,0.333333333333333,0,-0.022448919979688
2240,0.444444444444444,0.0482066614769719,-0.202967843393942
2240,0.555555555555556,0.255364154976531,-0.647633686592104
2240,0.666666666666667,0.230613709468996,-0.454086737815878
2240,0.777777777777778,0.0675010032619893,0
2240,0.888888888888889,-0.000231000951696573,-7.71521681771873e-06
2240,1,-0.00222282487245721,-0.000624932562235222
2241,0,0,1.00981641366472e-05
2241,0.111111111111111,0,0.00020799139047227
2241,0.222222222222222,0.102226398982287,8.6611134074677e-06
2241,0.333333333333333,0.324083489056784,-0.5
2241,0.444444444444444,0.365728076858646,-0.939692620785908
2241,0.555555555555556,0.362824193584,-0.939692620785908
2241,0.666666666666667,0.0914204453383043,-0.5
2241,0.777777777777778,0,7.32826946838023e-07
2241,0.888888888888889,0,2.7329900936036e-05
2241,1,0,0.00078910639116581
2242,0,8.02337674281967e-05,5.97072976349694e-05
2242,0.111111111111111,9.15779094004898e-05,2.3971051186948e-05
2242,0.222222222222222,0.000380434811420405,0.000212898615211121
2242,0.333333333333333,3.18803420631861e-05,-0.378514190594319
2242,0.444444444444444,0,-0.423896164616603
2242,0.555555555555556,0,-0.326192210327832
2242,0.666666666666667,0,-0.309461993117763
2242,0.777777777777778,0,0.0144285858807258
2242,0.888888888888889,-0.00487684930662891,0
2242,1,-0.395024793836945,0
2243,0,-0.000130656400573834,-3.63896923951798e-05
2243,0.111111111111111,-0.000588679110196953,2.02852545296048e-05
2243,0.222222222222222,-0.00050976255363539,8.63937916303071e-07
2243,0.333333333333333,-4.10756727944017e-05,-0.5
2243,0.444444444444444,0,-0.939692620785908
2243,0.555555555555556,0,-0.939692620785908
2243,0.666666666666667,0,-0.5
2243,0.777777777777778,0,0
2243,0.888888888888889,0,1.22707248527767e-05
2243,1,0,0.000993928713074919
2244,0,0,9.43437503916038e-07
2244,0.111111111111111,0,-0.000208476053841901
2244,0.222222222222222,0,-8.68698755077052e-06
2244,0.333333333333333,0,-0.5
2244,0.444444444444444,0,-0.78019732763274
2244,0.555555555555556,0,-0.167735401924571
2244,0.666666666666667,0.00012948698515237,-0.270326777859437
2244,0.777777777777778,0.00159226533410565,0
2244,0.888888888888889,0.00346216412934046,0.000514194002512471
2244,1,0.159128559954837,0.0416497142035104
2245,0,0,6.36896819758181e-05
2245,0.111111111111111,0,7.86292370071829e-07
2245,0.222222222222222,0,0
2245,0.333333333333333,0,-0.39321637269661
2245,0.444444444444444,-7.17513548274884e-05,-0.530351356846891
2245,0.555555555555556,-0.00034296677778829,-0.621457925859193
2245,0.666666666666667,-7.18066877965712e-05,-0.427381336076223
2245,0.777777777777778,1.31986999538085e-05,0
2245,0.888888888888889,0,0.00217676886480488
2245,1,0,0.176318278049197
2246,0,-8.85696566957734e-05,-1.99936431613319e-05
2246,0.111111111111111,-1.09345255179967e-06,0.000259582668947288
2246,0.222222222222222,0.0923831940547556,1.08262293353352e-05
2246,0.333333333333333,0.291081306262756,-0.5
2246,0.444444444444444,0.278407847702777,-0.877026547504648
2246,0.555555555555556,0.103681970812492,-0.577571665288733
2246,0.666666666666667,0.0162828873252692,0.0203396339911037
2246,0.777777777777778,0,0.180127554998618
2246,0.888888888888889,1.50351236521761e-05,0
2246,1,0.00121784501582627,0
2247,0,0,-5.45683724257898e-05
2247,0.111111111111111,0,-7.17291424789509e-05
2247,0.222222222222222,0,-2.9606441195315e-06
2247,0.333333333333333,0,-0.5
2247,0.444444444444444,0,-0.881791609952797
2247,0.555555555555556,0,-0.659451728353649
2247,0.666666666666667,0,-0.41662254440032
2247,0.777777777777778,-0.000812431363027999,0
2247,0.888888888888889,-0.0241473486890888,2.80962215384212e-07
2247,1,-0.376568674089769,2.27579394461213e-05
2248,0,-4.94434148285068e-05,0
2248,0.111111111111111,-0.000114180386066266,0
2248,0.222222222222222,-4.73208223072998e-06,0
2248,0.333333333333333,0.0125524250058792,-0.5
2248,0.444444444444444,0.069571061005427,-0.939561086338176
2248,0.555555555555556,0.15633475847313,-0.939055994058885
2248,0.666666666666667,0.149802895189066,-0.499810590395266
2248,0.777777777777778,0.0462251360180823,0
2248,0.888888888888889,0,0
2248,1,0,0
2249,0,0,-8.45196092766273e-05
2249,0.111111111111111,0,-1.04345196637812e-06
2249,0.222222222222222,0,0.14878191494751
2249,0.333333333333333,0,-0.015317922459671
2249,0.444444444444444,0,-0.409280131286915
2249,0.555555555555556,0,-0.5899102304969
2249,0.666666666666667,0,-0.188818161472921
2249,0.777777777777778,0,0.102093323608179
2249,0.888888888888889,-9.69055959955466e-06,0
2249,1,-0.000784935327563933,0
2250,0,0,0.000100692228543234
2250,0.111111111111111,0,1.24311393263253e-06
2250,0.222222222222222,0,0
2250,0.333333333333333,0,-0.402612533046337
2250,0.444444444444444,0,-0.542488282044832
2250,0.555555555555556,0,-0.490409396914491
2250,0.666666666666667,2.14517946471048e-05,-0.0815673399192319
2250,0.777777777777778,0.000271693634992883,0.133105550880811
2250,0.888888888888889,0.000435429711961792,0.000103727730408454
2250,1,-0.000197800302555254,0.000499869672985733
2251,0,0,1.68885562861396e-05
2251,0.111111111111111,0,0.000472600240957423
2251,0.222222222222222,0,0.205121574902659
2251,0.333333333333333,0,0.211647454898914
2251,0.444444444444444,0,-0.0128400573901823
2251,0.555555555555556,0,-0.227399624671855
2251,0.666666666666667,0,-0.100506569825515
2251,0.777777777777778,0,0.102066941833889
2251,0.888888888888889,0,0
2251,1,0,0
2252,0,0,0
2252,0.111111111111111,0,0
2252,0.222222222222222,0,0
2252,0.333333333333333,0,-0.499455844890988
2252,0.444444444444444,0,-0.93786365500284
2252,0.555555555555556,0,-0.939314735293539
2252,0.666666666666667,0,-0.5
2252,0.777777777777778,-3.95882091123394e-05,0
2252,0.888888888888889,-0.00329619033088954,0
2252,1,-0.190031938287667,0
2253,0,0,0.000106389175834415
2253,0.111111111111111,0.0830313791405516,1.3134466152397e-06
2253,0.222222222222222,0.227431997696094,0
2253,0.333333333333333,0.238742612171842,-0.32348993034383
2253,0.444444444444444,0.137316652348312,-0.2650652271617
2253,0.555555555555556,0.230744124184802,-0.423346187090158
2253,0.666666666666667,0.352588217140695,-0.382845290317002
2253,0.777777777777778,0.249348331320347,0
2253,0.888888888888889,0.075186510703777,0
2253,1,0,0
2254,0,0,-8.95193451367574e-06
2254,0.111111111111111,0,0.00022925487108103
2254,0.222222222222222,0.0363607416543591,0.124403617749052
2254,0.333333333333333,0.182145786138392,-0.194996047357275
2254,0.444444444444444,0.365916904553258,-0.763304814547427
2254,0.555555555555556,0.244159019054743,-0.412786771971169
2254,0.666666666666667,0.159007329811925,-0.344516729247568
2254,0.777777777777778,0.046414225685734,0.000196456948956872
2254,0.888888888888889,6.74829435526313e-05,0
2254,1,-5.66965016721246e-05,0
2255,0,-0.000111417619881808,-1.18548584152283e-05
2255,0.111111111111111,8.09046818906721e-05,-1.46356276731213e-07
2255,0.222222222222222,3.42834200258552e-06,0.1228007244767
2255,0.333333333333333,0,-0.0949383127491908
2255,0.444444444444444,0,-0.353476723916454
2255,0.555555555555556,0,-0.038086190642357
2255,0.666666666666667,0,-0.2536347193334
2255,0.777777777777778,0,0.000535634643026254
2255,0.888888888888889,-2.29603317729904e-06,0
2255,1,-0.000185978687361224,0
2256,0,0,2.75670630304801e-05
2256,0.111111111111111,0,0.000558033191762709
2256,0.222222222222222,0,0.117655564425817
2256,0.333333333333333,0,-0.107569493747065
2256,0.444444444444444,0,-0.438358666611143
2256,0.555555555555556,0,-0.410111159387462
2256,0.666666666666667,5.60021057330227e-05,-0.0701740264804388
2256,0.777777777777778,0.000682140524442802,0.12901941581
2256,0.888888888888889,0.000486290255352571,0
2256,1,-0.000435304357182211,0
2257,0,-0.00021658477366666,-2.61073303227794e-05
2257,0.111111111111111,-2.67388609465013e-06,-3.22312720034314e-07
2257,0.222222222222222,0,0.194491665367507
2257,0.333333333333333,0,0.121679126233039
2257,0.444444444444444,0,-0.166616231779725
2257,0.555555555555556,0,0.0453713079045224
2257,0.666666666666667,0,-0.238475156600381
2257,0.777777777777778,0,0.000412107705024454
2257,0.888888888888889,-0.000464297802391457,0
2257,1,-0.0376081219937083,0
2258,0,0,0
2258,0.111111111111111,0,0
2258,0.222222222222222,0.0959705344897568,0
2258,0.333333333333333,0.269638449966867,-0.5
2258,0.444444444444444,0.212084111705825,-0.939692620785908
2258,0.555555555555556,0.244368222180475,-0.939692620785908
2258,0.666666666666667,0.064546971837547,-0.5
2258,0.777777777777778,8.40335730606167e-05,0
2258,0.888888888888889,-0.000172072766022439,0
2258,1,-0.00170219263445054,0
2259,0,0,7.51188448261342e-05
2259,0.111111111111111,0,-0.000545143777840966
2259,0.222222222222222,0,-0.000303384041613206
2259,0.333333333333333,0,-0.499142379150083
2259,0.444444444444444,0,-0.938501323526382
2259,0.555555555555556,0,-0.938661348358275
2259,0.666666666666667,0,-0.499956452439206
2259,0.777777777777778,0,-9.00940563436901e-05
2259,0.888888888888889,0,0
2259,1,0,0
2260,0,0,6.49451931746656e-05
2260,0.111111111111111,0,0.0003586519344718
2260,0.222222222222222,0.0924492617196301,0.000567599506113183
2260,0.333333333333333,0.220746196350954,-0.288786309714276
2260,0.444444444444444,0.108063819813634,-0.229770387695093
2260,0.555555555555556,0.404269400146715,-0.792241705959708
2260,0.666666666666667,0.312124716484575,-0.499759833390326
2260,0.777777777777778,0.0837534954847389,0
2260,0.888888888888889,0,0
2260,1,0,0
2261,0,0,0
2261,0.111111111111111,0,0
2261,0.222222222222222,0,0.00032985105177389
2261,0.333333333333333,0,-0.404740891337065
2261,0.444444444444444,0,-0.483644359551859
2261,0.555555555555556,0,-0.180811105019707
2261,0.666666666666667,0,-0.129827682225362
2261,0.777777777777778,-0.00575790507904967,0.0715567537044332
2261,0.888888888888889,-0.141962112365489,0
2261,1,-0.305563627932062,0
2262,0,-3.52637307239356e-05,-4.14075352577634e-05
2262,0.111111111111111,0.000277395175477747,-5.11204138984733e-07
2262,0.222222222222222,1.15762720907518e-05,0
2262,0.333333333333333,0,-0.413467171593885
2262,0.444444444444444,0,-0.614958705865417
2262,0.555555555555556,0,-0.715585053615287
2262,0.666666666666667,0,-0.451202052000087
2262,0.777777777777778,0,0
2262,0.888888888888889,0,0
2262,1,0,0
2263,0,0,-1.54930647610745e-05
2263,0.111111111111111,0,-1.91272404457711e-07
2263,0.222222222222222,0,0.102641705919273
2263,0.333333333333333,0.0698110804592565,-0.19944608486646
2263,0.444444444444444,0.269755360150001,-0.686486980093821
2263,0.555555555555556,0.241241846124881,-0.740256159236958
2263,0.666666666666667,0.231053665562249,-0.452124411882673
2263,0.777777777777778,0.23988379852318,0
2263,0.888888888888889,0.214616056585854,3.43398230312736e-06
2263,1,0.205367431347714,0.000278152566553318
2264,0,0.000101603680797718,0
2264,0.111111111111111,1.25436642960146e-06,0
2264,0.222222222222222,0,0.147223331477821
2264,0.333333333333333,0,-0.0500076782735636
2264,0.444444444444444,0,-0.388835344345394
2264,0.555555555555556,9.53765018902938e-05,-0.0394076663654886
2264,0.666666666666667,0.000697440670072773,-0.25147598270789
2264,0.777777777777778,0.000292090537039024,0.000442426070948959
2264,0.888888888888889,-0.00207350100199943,0
2264,1,-0.167953581161955,0
2265,0,7.64892217841862e-05,0
2265,0.111111111111111,0.00105815540678258,0
2265,0.222222222222222,0.000858783369331991,0.0633226716802441
2265,0.333333333333333,6.89585846070092e-05,-0.238712873106379
2265,0.444444444444444,0,-0.363700828387459
2265,0.555555555555556,0,0.0335933952772508
2265,0.666666666666667,0,-0.233172775079197
2265,0.777777777777778,0,0
2265,0.888888888888889,0,0
2265,1,0,0
2266,0,-0.000207026824566828,-0.000130025374845302
2266,0.111111111111111,-2.55588672304726e-06,5.87260707998105e-05
2266,0.222222222222222,0.115231236140977,2.51380509754627e-06
2266,0.333333333333333,0.399436917848464,-0.5
2266,0.444444444444444,0.490091823478302,-0.833124403101781
2266,0.555555555555556,0.296610880373116,-0.423902447194734
2266,0.666666666666667,0.359541867261737,-0.346541766534857
2266,0.777777777777778,0.129648847409519,0
2266,0.888888888888889,0,0
2266,1,0,0
2267,0,0,-0.000128663727455071
2267,0.111111111111111,0,-2.79221468289579e-05
2267,0.222222222222222,0.125975735618454,-8.67011800744168e-05
2267,0.333333333333333,0.391749305541419,-0.500137607234328
2267,0.444444444444444,0.40956838325666,-0.939020641473464
2267,0.555555555555556,0.402352969958083,-0.938962657197641
2267,0.666666666666667,0.350168322911348,-0.499819069700538
2267,0.777777777777778,0.108814610127353,0
2267,0.888888888888889,0,0
2267,1,0,0
2268,0,0,0
2268,0.111111111111111,0,0
2268,0.222222222222222,0,0.0547941997036093
2268,0.333333333333333,0,-0.235657668015802
2268,0.444444444444444,0,-0.386568777653268
2268,0.555555555555556,0.000106895668135674,-0.3928092742856
2268,0.666666666666667,0.000781674573242112,-0.115749925523721
2268,0.777777777777778,0.0003273679836655,0.108759501575061
2268,0.888888888888889,0,0
2268,1,0,0
2269,0,6.14100074851903e-05,8.0897583654841e-06
2269,0.111111111111111,0.00016601991484399,9.9873560067705e-08
2269,0.222222222222222,6.88590694180967e-06,0.156162838411243
2269,0.333333333333333,0,-0.0800437397632752
2269,0.444444444444444,0,-0.693455145185336
2269,0.555555555555556,0,-0.727860138316931
2269,0.666666666666667,7.14104438298912e-06,-0.446702246139623
2269,0.777777777777778,0.000102963875648852,0
2269,0.888888888888889,0.000441772110241789,6.03041296904297e-06
2269,1,-0.000362725943288184,0.000488463450492484
2270,0,9.21739625193735e-05,0
2270,0.111111111111111,0.00010697883745478,0
2270,0.222222222222222,4.41003697084248e-06,0.000253745449768229
2270,0.333333333333333,0,-0.436354002529826
2270,0.444444444444444,0,-0.567397060162295
2270,0.555555555555556,0,-0.0840395223479403
2270,0.666666666666667,0,-0.00140036683782718
2270,0.777777777777778,0,0.17402455445408
2270,0.888888888888889,-0.00207774644269593,0.0376463964750558
2270,1,-0.168297461858371,0
2271,0,0,0
2271,0.111111111111111,0,0
2271,0.222222222222222,0.148684326469014,0
2271,0.333333333333333,0.486841707950444,-0.5
2271,0.444444444444444,0.597312418672857,-0.939692620785908
2271,0.555555555555556,0.632941524285488,-0.939692620785908
2271,0.666666666666667,0.381332035188495,-0.500003640183991
2271,0.777777777777778,0.228206622509534,-3.88517122490257e-05
2271,0.888888888888889,0.124036484459805,0.000103591874612305
2271,1,0.113255460619607,0.000310924549681963
2272,0,0,0
2272,0.111111111111111,0,0
2272,0.222222222222222,0,0.177341964387773
2272,0.333333333333333,0,0.0288882296226664
2272,0.444444444444444,0,-0.422325888651952
2272,0.555555555555556,0,-0.357783904939744
2272,0.666666666666667,0,-0.347505430027867
2272,0.777777777777778,0,0.000501889850944437
2272,0.888888888888889,0,0
2272,1,0,0
2273,0,0,0
2273,0.111111111111111,0,0
2273,0.222222222222222,0.000936484919542159,0.0184991731631121
2273,0.333333333333333,0.00223609664462107,-0.367586471988924
2273,0.444444444444444,0.000305790994136215,-0.486253439483128
2273,0.555555555555556,0,-0.148505820037728
2273,0.666666666666667,0,-0.282833305412664
2273,0.777777777777778,0,6.8980566901381e-05
2273,0.888888888888889,0,0.000499364285377051
2273,1,0,0.000507850883353618
2274,0,0,0
2274,0.111111111111111,0,0
2274,0.222222222222222,0,0.120674057605124
2274,0.333333333333333,0.000223384599628663,-0.0747790568334033
2274,0.444444444444444,0.000750820459863005,-0.256349107527575
2274,0.555555555555556,0.000155128194186571,0.0499554901999328
2274,0.666666666666667,0,-0.147031273571028
2274,0.777777777777778,0,0.414838149974816
2274,0.888888888888889,0.00295149548776595,0.243349932312494
2274,1,0.239071134509043,0
2275,0,0,0
2275,0.111111111111111,0,0
2275,0.222222222222222,0,0.0330987491655026
2275,0.333333333333333,0,-0.199300401390248
2275,0.444444444444444,2.07764883783728e-06,-0.0980178033501684
2275,0.555555555555556,-4.65126598087066e-05,-0.335268908840412
2275,0.666666666666667,-0.000410665197017837,-0.119498669245118
2275,0.777777777777778,-0.000173240970563007,0.107601217079868
2275,0.888888888888889,0,0
2275,1,0,0
2276,0,3.67132128052916e-06,1.55416691860439e-05
2276,0.111111111111111,4.53249540806069e-08,0.000100250623738688
2276,0.222222222222222,0,0.00017631455951181
2276,0.333333333333333,0.0642886424746396,-0.499985429695888
2276,0.444444444444444,0.249803893723234,-0.939692620785908
2276,0.555555555555556,0.221080907226815,-0.939692620785908
2276,0.666666666666667,0.145221007892683,-0.5
2276,0.777777777777778,0.0404817187599623,0
2276,0.888888888888889,1.46420206402288e-05,7.21613035552596e-06
2276,1,0.00118600367185854,0.000584506558797607
2277,0,0,0
2277,0.111111111111111,0,0.057229083947931
2277,0.222222222222222,0,0.232250432494911
2277,0.333333333333333,0,-0.0744487118495026
2277,0.444444444444444,0,-0.499951599576949
2277,0.555555555555556,0,-0.442806425489432
2277,0.666666666666667,0,0.130051448681382
2277,0.777777777777778,0,0.219465802121772
2277,0.888888888888889,0,0.000474804810944486
2277,1,0,0.00049879083583361
2278,0,0,0
2278,0.111111111111111,0.0665696831126817,0
2278,0.222222222222222,0.158623804555267,0.000215684067972675
2278,0.333333333333333,0.117400864166615,-0.272548000725404
2278,0.444444444444444,0.0147746328176265,-0.102614614524654
2278,0.555555555555556,0,-0.365444855118472
2278,0.666666666666667,0,0.0258972877759509
2278,0.777777777777778,0,0.175470862513719
2278,0.888888888888889,0,0
2278,1,0,0
2279,0,0,0
2279,0.111111111111111,0.074899022493501,0
2279,0.222222222222222,0.249729030315637,0
2279,0.333333333333333,0.312947872932572,-0.260775969600235
2279,0.444444444444444,0.142483772187743,-0.095413442168671
2279,0.555555555555556,0.374041169715329,-0.57889696303748
2279,0.666666666666667,0.419848869436806,-0.442082289926039
2279,0.777777777777778,0.135674585117946,0
2279,0.888888888888889,0,9.64699343170269e-06
2279,1,0,0.000781406467967924
2280,0,0,0
2280,0.111111111111111,0,0.0349350562719899
2280,0.222222222222222,0.000629651991165578,0.121956414405526
2280,0.333333333333333,0.00150345475441577,-0.22664350100245
2280,0.444444444444444,0.000205600650176516,-0.361123218321962
2280,0.555555555555556,0,-0.0925361077882707
2280,0.666666666666667,0,-0.243527979054314
2280,0.777777777777778,0,0.0535043400026935
2280,0.888888888888889,0,0.0248582530982506
2280,1,0,0
2281,0,0,0
2281,0.111111111111111,0,0.109436590102069
2281,0.222222222222222,0,0.290893247532394
2281,0.333333333333333,0,0.0540954667297537
2281,0.444444444444444,0,0.196145686098558
2281,0.555555555555556,0,-0.0717474650557131
2281,0.666666666666667,0,-0.0133781822821004
2281,0.777777777777778,0,0.303843377247356
2281,0.888888888888889,-3.76195140562113e-06,0.109768278980335
2281,1,-0.000304718063855314,0.000367395215752313
2282,0,-2.28583984692011e-05,0
2282,0.111111111111111,-2.82202450237051e-07,0
2282,0.222222222222222,0,0.0516874890043594
2282,0.333333333333333,0,-0.114650809225052
2282,0.444444444444444,0,0.0398096718994434
2282,0.555555555555556,0,-0.322447687274143
2282,0.666666666666667,0,-0.108785065599191
2282,0.777777777777778,0,0.114818018217735
2282,0.888888888888889,0,0.000359973758797292
2282,1,0,0.000881849091887152
2283,0,0,5.65428236066498e-05
2283,0.111111111111111,0,1.95025666707953e-05
2283,0.222222222222222,0.0356421920101352,7.83521130003998e-07
2283,0.333333333333333,0.142166403265975,-0.5
2283,0.444444444444444,0.265881736825732,-0.939692620785908
2283,0.555555555555556,0.359445983644722,-0.939692620785908
2283,0.666666666666667,0.218241743330405,-0.5
2283,0.777777777777778,0.0537363237926407,0
2283,0.888888888888889,0,0
2283,1,0,0
2284,0,-1.84565212688088e-05,-3.39644493070768e-05
2284,0.111111111111111,-2.27858287269244e-07,7.88332690230768e-05
2284,0.222222222222222,0,0.134388828940668
2284,0.333333333333333,0,0.0144667925141932
2284,0.444444444444444,0,-0.157375668286603
2284,0.555555555555556,0,-0.366153611406402
2284,0.666666666666667,0,-0.25301997104919
2284,0.777777777777778,0,0.0508028762976979
2284,0.888888888888889,0,0
2284,1,0,0
2285,0,-2.71501853754828e-05,1.92404589367535e-05
2285,0.111111111111111,-3.35187473771393e-07,2.37536530083376e-07
2285,0.222222222222222,0,0.0208180061292294
2285,0.333333333333333,0,-0.270039000707272
2285,0.444444444444444,0,-0.248644212741719
2285,0.555555555555556,0,-0.435054637559242
2285,0.666666666666667,0,-0.387102066755567
2285,0.777777777777778,0,0
2285,0.888888888888889,0,0
2285,1,0,0
2286,0,0,-7.83191664547938e-05
2286,0.111111111111111,0,-9.66903289565357e-07
2286,0.222222222222222,0,0
2286,0.333333333333333,0,-0.393593534207758
2286,0.444444444444444,-4.45255971448541e-05,-0.421638607996708
2286,0.555555555555556,-0.000163073449956269,-0.0893916681580829
2286,0.666666666666667,0.000319280734255446,-0.268842123148333
2286,0.777777777777778,0.000160568223188528,7.92778854882656e-05
2286,0.888888888888889,0,0.000215277632842592
2286,1,0,-0.000395172470378463
2287,0,-0.000146276151474635,-5.77919006852928e-05
2287,0.111111111111111,-1.8058784132671e-06,6.78603967239377e-05
2287,0.222222222222222,0,2.79299283037588e-05
2287,0.333333333333333,0,-0.389809586692162
2287,0.444444444444444,0,-0.519755312160459
2287,0.555555555555556,0,-0.622335373284383
2287,0.666666666666667,0,-0.428333906916913
2287,0.777777777777778,0,0
2287,0.888888888888889,-0.00164253390698489,0
2287,1,-0.133045246465777,0
2288,0,0,2.53855831268483e-05
2288,0.111111111111111,0,0.000386671878718124
2288,0.222222222222222,0,1.60982698523875e-05
2288,0.333333333333333,0.000435130805121749,-0.5
2288,0.444444444444444,0.0328329314995661,-0.939692620785908
2288,0.555555555555556,0.152134951386137,-0.939692620785908
2288,0.666666666666667,0.045173388262586,-0.5
2288,0.777777777777778,-8.56645215057104e-06,0
2288,0.888888888888889,-0.000223072215706268,0
2288,1,-0.00141566649149763,0
2289,0,-0.000112346948632435,-9.10814879409908e-05
2289,0.111111111111111,-1.38699936583253e-06,-0.000161329910070493
2289,0.222222222222222,0,-6.67522696901693e-06
2289,0.333333333333333,0.0807247016404398,-0.5
2289,0.444444444444444,0.325303923936992,-0.939692620785908
2289,0.555555555555556,0.340133596465507,-0.939692620785908
2289,0.666666666666667,0.244566913556861,-0.5
2289,0.777777777777778,0.0698718301909294,0
2289,0.888888888888889,0,0
2289,1,0,0
2290,0,0,8.95768730759081e-06
2290,0.111111111111111,0,1.10588732192479e-07
2290,0.222222222222222,0,0.116435858356099
2290,0.333333333333333,0,-0.135059082050604
2290,0.444444444444444,0,-0.531311587861466
2290,0.555555555555556,0,-0.465483417842371
2290,0.666666666666667,0,-0.129209953886738
2290,0.777777777777778,-3.34980499421164e-05,0.108120675076177
2290,0.888888888888889,-0.00400790323232871,0
2290,1,-0.259519952731153,0
2291,0,-0.000235506350768838,0
2291,0.111111111111111,0.000233126630478818,0
2291,0.222222222222222,0.00044780586976903,0
2291,0.333333333333333,0.000881224169298031,-0.36184735691556
2291,0.444444444444444,0.00011968235106806,-0.389076856468861
2291,0.555555555555556,0,-0.42609971618655
2291,0.666666666666667,0,-0.374969421164454
2291,0.777777777777778,0,0.000336161253304092
2291,0.888888888888889,-1.11010181937146e-06,0
2291,1,-8.99182473690889e-05,0
2292,0,0,0
2292,0.111111111111111,0,0
2292,0.222222222222222,0,0.14183605902907
2292,0.333333333333333,0,-0.0390742751072976
2292,0.444444444444444,0,-0.356467094406686
2292,0.555555555555556,0,-0.195943468576637
2292,0.666666666666667,0,0.0554456683038679
2292,0.777777777777778,0,0.348713396390923
2292,0.888888888888889,2.93536077880157e-05,0.379111301258634
2292,1,0.00237764223082929,0.385247346869498
2293,0,0,0
2293,0.111111111111111,0,0.240603323678449
2293,0.222222222222222,0,0.373198760108922
2293,0.333333333333333,0,0.312439364620975
2293,0.444444444444444,0,-0.157671383489581
2293,0.555555555555556,0.000139866705709109,-0.342057156317763
2293,0.666666666666667,0.0136343479711435,-0.0434364287020024
2293,0.777777777777778,0.156300989035928,0.138294554147407
2293,0.888888888888889,0.164862034685143,0.000213103464920515
2293,1,0,-0.000184158524361538
2294,0,0,0
2294,0.111111111111111,0,0
2294,0.222222222222222,0,0.12774431757308
2294,0.333333333333333,0,0.0296788901304564
2294,0.444444444444444,0,-0.0386036988788255
2294,0.555555555555556,0,-0.278964762332201
2294,0.666666666666667,0,-0.349836493370924
2294,0.777777777777778,0,0
2294,0.888888888888889,4.93837492610797e-06,6.45693134262228e-06
2294,1,0.000400008369014749,0.000523011438752408
2295,0,0,3.26890446896185e-05
2295,0.111111111111111,0,4.03568452958253e-07
2295,0.222222222222222,0,0
2295,0.333333333333333,0,-0.195319838417224
2295,0.444444444444444,0,0.161084158771475
2295,0.555555555555556,0,-0.356702588178888
2295,0.666666666666667,0,-0.388684175497321
2295,0.777777777777778,0,0.000355666290884533
2295,0.888888888888889,-2.83520808421895e-06,0
2295,1,-0.000229651854821736,0
2296,0,1.63369688307769e-05,-6.94070947486214e-05
2296,0.111111111111111,0.000474987464420838,-0.000156909143170932
2296,0.222222222222222,1.97827405603175e-05,-6.50217772741608e-06
2296,0.333333333333333,0,-0.5
2296,0.444444444444444,0,-0.939692620785908
2296,0.555555555555556,0,-0.939692620785908
2296,0.666666666666667,0,-0.5
2296,0.777777777777778,6.66881002705173e-06,0
2296,0.888888888888889,0.00014548624242512,0
2296,1,-0.00117978105615382,0
2297,0,0,-9.94323928769569e-05
2297,0.111111111111111,0,-0.000317185798974204
2297,0.222222222222222,0,-1.31649266070132e-05
2297,0.333333333333333,0,-0.358329099259732
2297,0.444444444444444,0,-0.4483627309751
2297,0.555555555555556,0,-0.767944114963364
2297,0.666666666666667,0,-0.478172118255332
2297,0.777777777777778,-0.0073073721722973,0
2297,0.888888888888889,-0.179074792968062,0
2297,1,-0.299526727467074,0
2298,0,2.62674432818738e-05,0
2298,0.111111111111111,3.2428942323301e-07,0
2298,0.222222222222222,0,0.101410354185746
2298,0.333333333333333,0,-0.173219499041508
2298,0.444444444444444,0,-0.444654548475047
2298,0.555555555555556,7.96186808009034e-05,-0.0220647062734299
2298,0.666666666666667,0.000582211603356606,-0.244473804432591
2298,0.777777777777778,0.000243832209952766,0
2298,0.888888888888889,0,0
2298,1,0,0
2299,0,-6.44833201198336e-05,1.24999435230759e-05
2299,0.111111111111111,0.000362363160290361,1.46629228324686e-05
2299,0.222222222222222,1.51316354442588e-05,0.105562367394435
2299,0.333333333333333,0,-0.147563185924408
2299,0.444444444444444,0,-0.483587184096391
2299,0.555555555555556,0,-0.462242496391857
2299,0.666666666666667,0,-0.378688635759607
2299,0.777777777777778,0,0
2299,0.888888888888889,0,2.97169804952079e-06
2299,1,0,0.000240707542011185
2300,0,0,0
2300,0.111111111111111,0,0
2300,0.222222222222222,0.00113752185952849,0.13234526191054
2300,0.333333333333333,0.00271612362377211,0.0239632945896949
2300,0.444444444444444,0.000371435709233793,-0.0895854633063616
2300,0.555555555555556,0,-0.245405796247287
2300,0.666666666666667,0,-0.143603848245316
2300,0.777777777777778,0,0.0841687629814771
2300,0.888888888888889,0,0
2300,1,0,0
2301,0,-4.79942560240613e-05,-4.37938102188693e-05
2301,0.111111111111111,-5.92521679309399e-07,-5.40664323689745e-07
2301,0.222222222222222,0.040662464761184,0
2301,0.333333333333333,0.173955260812102,-0.5
2301,0.444444444444444,0.346429895084787,-0.939692620785908
2301,0.555555555555556,0.415509229797359,-0.939692620785908
2301,0.666666666666667,0.108225010252112,-0.5
2301,0.777777777777778,0.000210977799174689,0
2301,0.888888888888889,0,0
2301,1,0,0
2302,0,4.44544900409323e-05,0
2302,0.111111111111111,0.000730244520717631,0
2302,0.222222222222222,0.0985526981217997,0
2302,0.333333333333333,0.321302379489515,-0.5
2302,0.444444444444444,0.404037725691258,-0.939692620785908
2302,0.555555555555556,0.451219981877148,-0.939692620785908
2302,0.666666666666667,0.27351461531952,-0.5
2302,0.777777777777778,0.164998742767186,0
2302,0.888888888888889,0.0586314378334162,0
2302,1,0,0
2303,0,-3.28363882535169e-05,-5.02821773650899e-05
2303,0.111111111111111,-4.05387509302678e-07,-6.20767621791234e-07
2303,0.222222222222222,0,0
2303,0.333333333333333,0,-0.356332902449322
2303,0.444444444444444,0,-0.419137808079406
2303,0.555555555555556,0,-0.657582926475656
2303,0.666666666666667,0,-0.445749821847916
2303,0.777777777777778,0,0
2303,0.888888888888889,-3.97434737705937e-06,0
2303,1,-0.000321922137541811,0
2304,0,-2.86188731836548e-05,-6.61006870176757e-06
2304,0.111111111111111,0.000105666944629259,-8.16057864415751e-08
2304,0.222222222222222,0.000239455545865079,0
2304,0.333333333333333,1.98935013833838e-05,-0.366214129748932
2304,0.444444444444444,0,-0.438383236458903
2304,0.555555555555556,0,-0.571645915249566
2304,0.666666666666667,0,-0.241354044951755
2304,0.777777777777778,0,0.0771787916922535
2304,0.888888888888889,-0.00166575280101098,0
2304,1,-0.13492597688189,0
2305,0,0,0
2305,0.111111111111111,0,0
2305,0.222222222222222,0.0747430777379615,0.00015682609297956
2305,0.333333333333333,0.19791748892911,-0.380081829826256
2305,0.444444444444444,0.12808382978561,-0.535743459350986
2305,0.555555555555556,0.198910364588467,-0.775251501473006
2305,0.666666666666667,0.055161487869697,0.00874760692609944
2305,0.777777777777778,0,0.0409301162033627
2305,0.888888888888889,8.93738750169029e-06,0.118952850110053
2305,1,0.000723928387636919,0
2306,0,-6.28047222176235e-06,0
2306,0.111111111111111,8.31095834743482e-05,0.110010324114099
2306,0.222222222222222,3.4661300070185e-06,0.324366916718173
2306,0.333333333333333,0,0.0543162397443717
2306,0.444444444444444,0,-0.332125149950868
2306,0.555555555555556,0,-0.0614483613384502
2306,0.666666666666667,0,0.0116833309490088
2306,0.777777777777778,0,0.188031745791002
2306,0.888888888888889,-9.52999241462774e-06,0.0415325886305765
2306,1,-0.000771929385584852,0
2307,0,0,0
2307,0.111111111111111,0,0
2307,0.222222222222222,0.12168989418948,0
2307,0.333333333333333,0.382915764329004,-0.5
2307,0.444444444444444,0.428865331165537,-0.939692620785908
2307,0.555555555555556,0.462199734435209,-0.939692620785908
2307,0.666666666666667,0.237758891364446,-0.5
2307,0.777777777777778,0.0520934398170155,0
2307,0.888888888888889,-1.03540061803185e-05,0
2307,1,-0.000838674500605808,0
2308,0,0,0
2308,0.111111111111111,0.0504859632939432,0
2308,0.222222222222222,0.191730683110216,0
2308,0.333333333333333,0.333199103584206,-0.5
2308,0.444444444444444,0.302794274489925,-0.939692620785908
2308,0.555555555555556,0.152171041815007,-0.939692620785908
2308,0.666666666666667,0.0300669816582211,-0.5
2308,0.777777777777778,0,-5.70870461211531e-06
2308,0.888888888888889,0,-0.000124944010659919
2308,1,0,0.000977256902498714
2309,0,0,7.59720602995636e-06
2309,0.111111111111111,0,9.37926670364984e-08
2309,0.222222222222222,0,0.161188810901663
2309,0.333333333333333,0,-0.00346536310674667
2309,0.444444444444444,0,-0.405188968085732
2309,0.555555555555556,0.0232145445905287,-0.328553091291102
2309,0.666666666666667,0.186603610964406,-0.216866354678666
2309,0.777777777777778,0.281922109787728,0.0542984251077404
2309,0.888888888888889,0.286375196611529,0
2309,1,0.295322463022975,0
2310,0,-5.01049133839509e-05,-2.54004453378156e-05
2310,0.111111111111111,3.82930839662482e-05,-3.13585744911304e-07
2310,0.222222222222222,0.00026067375855647,0.179234913675532
2310,0.333333333333333,2.19260685266078e-05,-0.0201376628647797
2310,0.444444444444444,0,-0.633288554596404
2310,0.555555555555556,0,-0.548112258607457
2310,0.666666666666667,0,-0.394218499174722
2310,0.777777777777778,0,0
2310,0.888888888888889,0,0
2310,1,0,0
2311,0,0,0
2311,0.111111111111111,0.0551446231780111,0
2311,0.222222222222222,0.10710809232868,0.139157861880032
2311,0.333333333333333,0.109362262393679,-0.0851523845214771
2311,0.444444444444444,0.239965447520948,-0.535876676776314
2311,0.555555555555556,0.0486897808773333,-0.439840362388676
2311,0.666666666666667,0,-0.00888382935002396
2311,0.777777777777778,6.98053815347674e-06,0.156928059416323
2311,0.888888888888889,0.000165118099753777,0
2311,1,-0.000195600090302816,0
2312,0,2.13603003769748e-05,0
2312,0.111111111111111,0.000139836277298394,0
2312,0.222222222222222,5.81552374526385e-06,0.093014234941956
2312,0.333333333333333,0,-0.151726062775517
2312,0.444444444444444,0,-0.360022074147071
2312,0.555555555555556,0,-0.207762404484492
2312,0.666666666666667,0,-0.0281097076144158
2312,0.777777777777778,0,0.252865003007424
2312,0.888888888888889,0,0.0795141823704807
2312,1,0,0
2313,0,-5.04930891646537e-05,-4.71203852709354e-05
2313,0.111111111111111,-6.23371471168565e-07,-5.8173315149303e-07
2313,0.222222222222222,0,0
2313,0.333333333333333,0,-0.381919174454993
2313,0.444444444444444,0,-0.494752330311708
2313,0.555555555555556,0,-0.572588712099754
2313,0.666666666666667,7.61849158672769e-06,-0.0468546626301864
2313,0.777777777777778,9.25127198557279e-05,0.160796437790728
2313,0.888888888888889,5.28466520583443e-05,0
2313,1,-0.000582633818847325,0
2314,0,0,-5.21521897151876e-05
2314,0.111111111111111,0,-6.43854194014663e-07
2314,0.222222222222222,0,0
2314,0.333333333333333,0,-0.44488186473031
2314,0.444444444444444,0,-0.630492829643467
2314,0.555555555555556,0,-0.30153872492313
2314,0.666666666666667,0,-0.321524075460184
2314,0.777777777777778,0,0
2314,0.888888888888889,0,5.16620670281048e-07
2314,1,0,4.18462742927652e-05
2315,0,-0.000131957654906921,-3.92075111585514e-05
2315,0.111111111111111,-9.99569477423185e-05,-4.84043347636438e-07
2315,0.222222222222222,0.000257961255107157,0
2315,0.333333333333333,0.000759286540763013,-0.382160028051081
2315,0.444444444444444,0.000467666537522226,-0.469314898278819
2315,0.555555555555556,7.83377506682719e-05,-0.445636902941257
2315,0.666666666666667,0,-0.00844664537284551
2315,0.777777777777778,0,0.161052906188341
2315,0.888888888888889,0,0
2315,1,0,0
2316,0,0,0
2316,0.111111111111111,0,0.274091887870803
2316,0.222222222222222,0,0.449126287447928
2316,0.333333333333333,0,0.0181107444900536
2316,0.444444444444444,0,0.0361030576025881
2316,0.555555555555556,0,-0.285384440808021
2316,0.666666666666667,0,-0.0763438987593011
2316,0.777777777777778,0,0.271366663189092
2316,0.888888888888889,0,0.110055028363055
2316,1,0,0.171797562793026
2317,0,1.72110905215134e-05,0
2317,0.111111111111111,2.12482599031029e-07,0
2317,0.222222222222222,0,0.100523741207303
2317,0.333333333333333,0,-0.182694749201125
2317,0.444444444444444,0,-0.497450907794379
2317,0.555555555555556,0,-0.161605620853322
2317,0.666666666666667,0,-0.284469813006608
2317,0.777777777777778,0,0
2317,0.888888888888889,-0.00011035523524248,-1.07541768286801e-05
2317,1,-0.00893877405464098,-0.000871088323123095
2318,0,0,4.59158027670762e-06
2318,0.111111111111111,0,0.000170321484293787
2318,0.222222222222222,0,7.09436658823048e-06
2318,0.333333333333333,0,-0.399196501705602
2318,0.444444444444444,-3.09380834037794e-05,-0.538430115665476
2318,0.555555555555556,-0.000149740323674292,-0.50128846482167
2318,0.666666666666667,-4.45508401014424e-05,0.0735786394081385
2318,0.777777777777778,0,0.202554090813679
2318,0.888888888888889,0,0
2318,1,0,0
2319,0,1.04049796898073e-05,9.54187336634743e-06
2319,0.111111111111111,0.000120146845905816,1.17800905757376e-07
2319,0.222222222222222,5.0007662236015e-06,0
2319,0.333333333333333,0,-0.428726003852123
2319,0.444444444444444,0,-0.629636457524621
2319,0.555555555555556,0,-0.548931609528673
2319,0.666666666666667,0,-0.398025448345814
2319,0.777777777777778,0,0.000192573314266944
2319,0.888888888888889,0,0
2319,1,0,0
2320,0,0,-4.44460299793794e-05
2320,0.111111111111111,0,-5.48716419498512e-07
2320,0.222222222222222,0,0
2320,0.333333333333333,0,-0.298986811556133
2320,0.444444444444444,0,-0.108820589077986
2320,0.555555555555556,0,-0.0273755093569008
2320,0.666666666666667,0,-0.116004636087531
2320,0.777777777777778,0,0.118419153529447
2320,0.888888888888889,0,0.031154312759963
2320,1,0,0
2321,0,0,0
2321,0.111111111111111,0,0
2321,0.222222222222222,0,0.0991045911570176
2321,0.333333333333333,0.0365141519324601,-0.00275484804235598
2321,0.444444444444444,0.122765922961678,0.0531640283874764
2321,0.555555555555556,0.025636882524058,-0.318219274655601
2321,0.666666666666667,0.00076283081624934,-0.150056339691867
2321,0.777777777777778,0.000296679129251725,0.0955586010902656
2321,0.888888888888889,0,0
2321,1,0,0
2322,0,0,-1.15940207807441e-05
2322,0.111111111111111,0,0.000122178607534907
2322,0.222222222222222,0,0.0722921378678226
2322,0.333333333333333,0,-0.0948972855471145
2322,0.444444444444444,0,-0.0660316459841195
2322,0.555555555555556,0,-0.41483179355424
2322,0.666666666666667,0,-0.123045027280682
2322,0.777777777777778,0,0.117406387386288
2322,0.888888888888889,0,0
2322,1,0,0
2323,0,0,3.94474832806777e-05
2323,0.111111111111111,0,0.000156474184362531
2323,0.222222222222222,0.0483147233860648,0.00012287836019289
2323,0.333333333333333,0.198721486714424,-0.499990149748747
2323,0.444444444444444,0.345493933569053,-0.939692620785908
2323,0.555555555555556,0.317724466016159,-0.939692620785908
2323,0.666666666666667,0.223003322123329,-0.5
2323,0.777777777777778,0.122599810254048,0
2323,0.888888888888889,0.0359338246204856,0
2323,1,0,0
2324,0,-4.52006042086963e-05,0
2324,0.111111111111111,5.61527917847394e-05,0
2324,0.222222222222222,0.0540582614359802,0.127788704497066
2324,0.333333333333333,0.163380939169046,-0.093356895626677
2324,0.444444444444444,0.133737207692627,-0.441901707348393
2324,0.555555555555556,0.0243264170068928,-0.267793137628991
2324,0.666666666666667,0.000104203103298134,0.00250204170584445
2324,0.777777777777778,0,0.203436252670636
2324,0.888888888888889,0,0.247807324305375
2324,1,0,0.000464212304170177
2325,0,-5.54416962119566e-05,0
2325,0.111111111111111,3.16872281322017e-05,0
2325,0.222222222222222,5.07109170613708e-05,0
2325,0.333333333333333,0.0620581143815231,-0.5
2325,0.444444444444444,0.247388766438575,-0.939692620785908
2325,0.555555555555556,0.232752479747799,-0.939692620785908
2325,0.666666666666667,0.0570792404617418,-0.5
2325,0.777777777777778,0.000652124121786892,0
2325,0.888888888888889,0.000406653622703919,0
2325,1,0.000237157881079739,0
2326,0,-1.35570456325383e-05,0
2326,0.111111111111111,4.02572536551619e-05,0.193287158177432
2326,0.222222222222222,1.68435935787071e-06,0.247589593674935
2326,0.333333333333333,0,0.153859547847038
2326,0.444444444444444,0,-0.148741828459683
2326,0.555555555555556,0,-0.393803597766904
2326,0.666666666666667,0,-0.0564010433324551
2326,0.777777777777778,0,0.175401947694467
2326,0.888888888888889,0,0.0213908020724286
2326,1,0,0
2327,0,0,0
2327,0.111111111111111,0,0
2327,0.222222222222222,0,0
2327,0.333333333333333,0,-0.5
2327,0.444444444444444,0,-0.913179469789822
2327,0.555555555555556,0,-0.811366819792904
2327,0.666666666666667,0,-0.461805339433289
2327,0.777777777777778,0,6.58490158107586e-06
2327,0.888888888888889,-0.00108710193576506,0
2327,1,-0.0880552567969703,0
2328,0,-9.2820600917375e-05,0
2328,0.111111111111111,-1.14593334465895e-06,0
2328,0.222222222222222,0,0.000194660058439198
2328,0.333333333333333,0,-0.281673834446951
2328,0.444444444444444,0,-0.162463049405511
2328,0.555555555555556,0,-0.57098705874816
2328,0.666666666666667,0,-0.434966255011938
2328,0.777777777777778,0,0.00015231829255456
2328,0.888888888888889,-0.00225451720832262,0
2328,1,-0.182615893874133,0
2329,0,2.24586853102935e-06,0
2329,0.111111111111111,2.77267719880167e-08,0
2329,0.222222222222222,0,0.0503822376904758
2329,0.333333333333333,0,-0.141828830735913
2329,0.444444444444444,0,-0.0416585769314958
2329,0.555555555555556,2.77011867143767e-06,-0.328404594383057
2329,0.666666666666667,2.0256492784888e-05,-0.0244691973207463
2329,0.777777777777778,8.48348843127787e-06,0.157615080677812
2329,0.888888888888889,0,0.192320622614821
2329,1,0,0.108888799394371
2330,0,-4.61328023183017e-05,0
2330,0.111111111111111,0.000106219741011835,0
2330,0.222222222222222,0.000311967277637974,0.121468026243874
2330,0.333333333333333,2.60281459379983e-05,-0.0274153809899509
2330,0.444444444444444,0,-0.166914703998067
2330,0.555555555555556,0.027082523474856,-0.234282469096438
2330,0.666666666666667,0.198040952909884,-0.327659107719916
2330,0.777777777777778,0.0829402281417464,8.00989818400796e-05
2330,0.888888888888889,0,0
2330,1,0,0
2331,0,0,0
2331,0.111111111111111,0,0
2331,0.222222222222222,0.0529489558502511,0
2331,0.333333333333333,0.184041863440129,-0.500002102855232
2331,0.444444444444444,0.254136942935742,-0.939699688715995
2331,0.555555555555556,0.249179096537254,-0.939694081102042
2331,0.666666666666667,0.0626492290259374,-0.5
2331,0.777777777777778,0.000181940906799178,0
2331,0.888888888888889,0,0
2331,1,0,0
2332,0,0,0
2332,0.111111111111111,-0.0543726473205584,0
2332,0.222222222222222,-0.0926034149678261,0.0884138794276224
2332,0.333333333333333,-0.00764615352945354,-0.172049956069335
2332,0.444444444444444,0,-0.442355266653599
2332,0.555555555555556,0,-0.443136574680942
2332,0.666666666666667,0,-0.0344142803845408
2332,0.777777777777778,-0.00275830170879778,0.14930130864886
2332,0.888888888888889,-0.0689395463849081,0
2332,1,-0.221964735274677,0
2333,0,0,0
2333,0.111111111111111,0,0.253526403061927
2333,0.222222222222222,0,0.4344781785202
2333,0.333333333333333,0,0.122398522148778
2333,0.444444444444444,0,-0.0378478207469357
2333,0.555555555555556,0.029798530166698,-0.00843249562998183
2333,0.666666666666667,0.217901751843979,-0.18278323094985
2333,0.777777777777778,0.0912579986355126,0.0457415001520602
2333,0.888888888888889,0,0.238306269325875
2333,1,0,0.295233276236914
2334,0,0,0
2334,0.111111111111111,0,0
2334,0.222222222222222,0,0
2334,0.333333333333333,0,-0.442933544966907
2334,0.444444444444444,0,-0.626732087252283
2334,0.555555555555556,0,-0.313672612757046
2334,0.666666666666667,0,-0.325481952994616
2334,0.777777777777778,0,0.000179950336456429
2334,0.888888888888889,0,0.00018643860181912
2334,1,0,-0.000787349142900754
2335,0,0,0
2335,0.111111111111111,0.238071893445482,0
2335,0.222222222222222,0.291228208667087,0.0885734774266018
2335,0.333333333333333,0.276986594404225,-0.274671977433621
2335,0.444444444444444,0.394597229439665,-0.788035523153534
2335,0.555555555555556,0.308062255415669,-0.503226667297151
2335,0.666666666666667,0.0827057537512023,0.0331969394146686
2335,0.777777777777778,0.0744099570093217,0.177332163905928
2335,0.888888888888889,0.183823091233528,0
2335,1,0.195726414657643,0
2336,0,0,0
2336,0.111111111111111,0,0
2336,0.222222222222222,0,0.0411240369752987
2336,0.333333333333333,0,-0.121171936522667
2336,0.444444444444444,-1.52783500607628e-05,0.0958994029873567
2336,0.555555555555556,-1.06204198041732e-05,-0.318873076996321
2336,0.666666666666667,0.000441076360620033,-0.0649481743374616
2336,0.777777777777778,0.000193938308125376,0.134605196135435
2336,0.888888888888889,0,0
2336,1,0,0
2337,0,3.16170464531669e-05,3.00485459151407e-05
2337,0.111111111111111,0.000155883012387939,3.70969702656058e-07
2337,0.222222222222222,0.0963428006447215,0
2337,0.333333333333333,0.298657792608595,-0.466521792298936
2337,0.444444444444444,0.307431430870782,-0.731696426919637
2337,0.555555555555556,0.275959976181179,-0.454358330404382
2337,0.666666666666667,0.160989551590046,-0.362520006105716
2337,0.777777777777778,0.0451294935185615,0
2337,0.888888888888889,0.1073908755204,0
2337,1,0,0
2338,0,0,-1.67913536699505e-06
2338,0.111111111111111,0,-3.55210387724924e-05
2338,0.222222222222222,0,0.151717172021747
2338,0.333333333333333,0,-0.0641343306876256
2338,0.444444444444444,0,-0.576078011598347
2338,0.555555555555556,0,-0.546431102683318
2338,0.666666666666667,0,-0.262665993227196
2338,0.777777777777778,0,0.0591707825908928
2338,0.888888888888889,-0.00147820317556116,1.34122972448503e-06
2338,1,-0.119734457220455,0.000108639607683288
2339,0,1.70069386176485e-05,0
2339,0.111111111111111,2.09962205156155e-07,0
2339,0.222222222222222,0,0.21410560145697
2339,0.333333333333333,0,0.10332615392832
2339,0.444444444444444,0,-0.489097960411661
2339,0.555555555555556,0,-0.515301600350148
2339,0.666666666666667,0,-0.279792915689945
2339,0.777777777777778,0,0.0493187318405264
2339,0.888888888888889,0,0
2339,1,0,0
2340,0,0,0
2340,0.111111111111111,0,0
2340,0.222222222222222,0,0.140083256560153
2340,0.333333333333333,0.0891825724722409,-0.165515489438001
2340,0.444444444444444,0.299752535253921,-0.744338335646739
2340,0.555555555555556,0.0619323419946117,-0.215550577303198
2340,0.666666666666667,0,-0.284424852165989
2340,0.777777777777778,0,0.000234030901756893
2340,0.888888888888889,-0.00103162820972275,4.41312789928315e-05
2340,1,-0.0835618849875436,0.000236321921272942
2341,0,0,0
2341,0.111111111111111,0,0
2341,0.222222222222222,0,0.108608564953907
2341,0.333333333333333,0,-0.102878440369748
2341,0.444444444444444,0,-0.356029733974419
2341,0.555555555555556,0,-0.432273797916191
2341,0.666666666666667,0,-0.377501611488396
2341,0.777777777777778,6.28172774076203e-06,0
2341,0.888888888888889,0.00014238268116756,-2.47456008598457e-06
2341,1,-0.000678681553469002,-0.000200439366964751
2342,0,0,2.06059684353475e-05
2342,0.111111111111111,0,2.54394672041328e-07
2342,0.222222222222222,0,0
2342,0.333333333333333,0,-0.325803653440359
2342,0.444444444444444,0,-0.319310202760689
2342,0.555555555555556,8.36877604734749e-05,-0.62795397292038
2342,0.666666666666667,0.000611966748462284,-0.289575556621334
2342,0.777777777777778,0.000256293766450016,0.0670856398271761
2342,0.888888888888889,0,0
2342,1,0,0
2343,0,1.65179877014831e-05,8.75935481781001e-06
2343,0.111111111111111,2.03925774092384e-07,6.4779125853851e-05
2343,0.222222222222222,0,0.164216481398564
2343,0.333333333333333,0,-0.0108953245417098
2343,0.444444444444444,0,-0.487879878775355
2343,0.555555555555556,0,-0.488111946473845
2343,0.666666666666667,1.93085647565951e-05,-0.129396308174934
2343,0.777777777777778,0.000237417868003444,0.111897276020056
2343,0.888888888888889,0.000220707443819443,0
2343,1,-0.000183917119844286,0
2344,0,-1.35334549525593e-05,1.74339863828374e-05
2344,0.111111111111111,1.04401890881971e-05,2.15234399788116e-07
2344,0.222222222222222,4.41969532457059e-07,0.0866373026934202
2344,0.333333333333333,0,-0.17676519653413
2344,0.444444444444444,0,-0.455562635428942
2344,0.555555555555556,0,-0.545634509108533
2344,0.666666666666667,0,-0.406802161387847
2344,0.777777777777778,0,0
2344,0.888888888888889,0,4.55399425740578e-07
2344,1,0,3.68873534849871e-05
2345,0,0,0
2345,0.111111111111111,0,0
2345,0.222222222222222,0,0
2345,0.333333333333333,0.0911212853124647,-0.5
2345,0.444444444444444,0.379080679271839,-0.939692620785908
2345,0.555555555555556,0.457088015840262,-0.939692620785908
2345,0.666666666666667,0.414249292458041,-0.5
2345,0.777777777777778,0.207506938106022,0
2345,0.888888888888889,0.0473954782725267,0
2345,1,0,0
2346,0,0,0
2346,0.111111111111111,0,0.231692302862477
2346,0.222222222222222,0.000188766709706174,0.370132577747897
2346,0.333333333333333,0.0661501597259665,-0.00795927518683986
2346,0.444444444444444,0.220884725811075,-0.459734057491634
2346,0.555555555555556,0.073451485792864,0.013672694818711
2346,0.666666666666667,0.203484066550547,-0.0538057477016081
2346,0.777777777777778,0.0852198227433916,0.178079267919808
2346,0.888888888888889,0,0.245579660688552
2346,1,0,0
2347,0,0,-4.65882368977871e-05
2347,0.111111111111111,0,-5.751634184912e-07
2347,0.222222222222222,0,0
2347,0.333333333333333,0,-0.445560504173705
2347,0.444444444444444,0,-0.692473928524822
2347,0.555555555555556,0,-0.590958565243749
2347,0.666666666666667,0,-0.407492242943303
2347,0.777777777777778,0,0
2347,0.888888888888889,0,-1.15118464752499e-05
2347,1,0,-0.000932459564495248
2348,0,0,0
2348,0.111111111111111,0,0
2348,0.222222222222222,0,0.00019233383563348
2348,0.333333333333333,0,-0.425656673038395
2348,0.444444444444444,0,-0.632351750695658
2348,0.555555555555556,0,-0.580055071229834
2348,0.666666666666667,0,-0.246672197590015
2348,0.777777777777778,0,0.0707350260218584
2348,0.888888888888889,0,-5.74885081907369e-06
2348,1,0,8.7639948592218e-05
2349,0,0,0
2349,0.111111111111111,0,0
2349,0.222222222222222,0,0
2349,0.333333333333333,0,-0.195207068091382
2349,0.444444444444444,0,0.143513304145585
2349,0.555555555555556,0,-0.420903700408208
2349,0.666666666666667,0,-0.249283890658921
2349,0.777777777777778,0,0.0695621455213203
2349,0.888888888888889,0,0
2349,1,0,0
2350,0,-3.1420002402709e-05,0
2350,0.111111111111111,0.000126361394361189,0
2350,0.222222222222222,6.27199757968796e-05,0.0714459027247974
2350,0.333333333333333,-0.000127754575492677,-0.151087034598955
2350,0.444444444444444,-1.8802024876045e-05,-0.2517918865325
2350,0.555555555555556,0,-0.456562805845952
2350,0.666666666666667,0,-0.0872195295966526
2350,0.777777777777778,0,0.133537554864414
2350,0.888888888888889,-1.01473629160875e-05,0
2350,1,-0.000821936396203091,0
2351,0,-4.10281413219668e-05,0
2351,0.111111111111111,1.29756722669882e-05,0
2351,0.222222222222222,-4.03474924699725e-05,0.0760521056397011
2351,0.333333333333333,-0.000101539178512513,-0.0658735436061441
2351,0.444444444444444,-1.39050880809805e-05,-0.000922089954164207
2351,0.555555555555556,0,-0.402086145948125
2351,0.666666666666667,0,-0.0630446060313569
2351,0.777777777777778,0,0.143709830595139
2351,0.888888888888889,0,0
2351,1,0,0
2352,0,-0.000108775878314125,0
2352,0.111111111111111,-0.000129136632337576,0.068118558076926
2352,0.222222222222222,-5.32473834415102e-06,0.220302703382735
2352,0.333333333333333,0,-0.108315729844493
2352,0.444444444444444,0,-0.356556417252201
2352,0.555555555555556,0,-0.330158881127488
2352,0.666666666666667,0,-0.173364143228112
2352,0.777777777777778,0,0.0754323359767654
2352,0.888888888888889,0,1.36797427169074e-05
2352,1,0,0.000454897466599211
2353,0,0,0
2353,0.111111111111111,0,0.326767084580617
2353,0.222222222222222,0,0.260178976670179
2353,0.333333333333333,0,-0.0484794284271147
2353,0.444444444444444,0,-0.167712641288521
2353,0.555555555555556,0,-0.0687572772118464
2353,0.666666666666667,0,0.0788917549447113
2353,0.777777777777778,0.00369955356697536,0.205723084645951
2353,0.888888888888889,0.0901485046673175,0.030606315401101
2353,1,0.110096743852623,0
2354,0,0,-6.46875557845346e-06
2354,0.111111111111111,0,7.57714496836194e-05
2354,0.222222222222222,0,-0.000191689854644767
2354,0.333333333333333,0,-0.39227540336932
2354,0.444444444444444,0,-0.509952947232194
2354,0.555555555555556,0,-0.509273586151077
2354,0.666666666666667,0,-0.198770207841099
2354,0.777777777777778,0,0.0853157525697737
2354,0.888888888888889,-2.26620627513038e-06,0
2354,1,-0.000183562708285562,0
2355,0,0,0
2355,0.111111111111111,0,0
2355,0.222222222222222,0,0.170729240142506
2355,0.333333333333333,0,0.0407841737156335
2355,0.444444444444444,0.000120147437111311,-0.356998161849721
2355,0.555555555555556,0.000632438210819249,-0.435396466135059
2355,0.666666666666667,0.00934844634645941,-0.187571071259776
2355,0.777777777777778,0.108959869288262,0.0829018693087044
2355,0.888888888888889,0.115140797488988,0
2355,1,0,0
2356,0,0,0
2356,0.111111111111111,0,0
2356,0.222222222222222,0,0
2356,0.333333333333333,0,-0.223953824243554
2356,0.444444444444444,0.000105471237232433,0.0263706709026302
2356,0.555555555555556,0.0227128127575906,-0.555287227271003
2356,0.666666666666667,0.162506431107747,-0.389224466494535
2356,0.777777777777778,0.067997444942194,0.0233306523301122
2356,0.888888888888889,6.96263396989177e-05,0
2356,1,0.000190145627892429,0
2357,0,0,-8.59644639773332e-06
2357,0.111111111111111,0,1.37584022576918e-05
2357,0.222222222222222,0,0.0965939368244277
2357,0.333333333333333,0,-0.235548066412503
2357,0.444444444444444,0,-0.750115887049577
2357,0.555555555555556,0,-0.678320667585526
2357,0.666666666666667,0,-0.267723409301145
2357,0.777777777777778,0,0.0705048099536863
2357,0.888888888888889,7.65161768094357e-06,6.48392892416092e-06
2357,1,0.000619781032156434,0.000525198242857038
2358,0,0,0
2358,0.111111111111111,0,0
2358,0.222222222222222,0,0.00022021224772237
2358,0.333333333333333,0,-0.277944852901806
2358,0.444444444444444,0.0397174807136425,-0.169614516118716
2358,0.555555555555556,0.19223260665403,-0.644176172454111
2358,0.666666666666667,0.0646354166440727,-0.327112831456034
2358,0.777777777777778,0.0922495851756354,0.0570746220315576
2358,0.888888888888889,0.103700294134951,0
2358,1,0,0
2359,0,0,0
2359,0.111111111111111,0,0
2359,0.222222222222222,0,0.105545927841346
2359,0.333333333333333,0,-0.147731458119514
2359,0.444444444444444,0,-0.466576192271795
2359,0.555555555555556,0,-0.312144205761433
2359,0.666666666666667,2.5247358022572e-05,0.126938279686209
2359,0.777777777777778,0.000316696527790586,0.201231778294972
2359,0.888888888888889,0.000450149685532362,6.28476751265659e-06
2359,1,0.000685393565656432,0.000509066168525187
2360,0,0,0
2360,0.111111111111111,0.0601908168079112,0
2360,0.222222222222222,0.254170897045659,0
2360,0.333333333333333,0.463843605784098,-0.499866153175553
2360,0.444444444444444,0.394865485387949,-0.762965475392849
2360,0.555555555555556,0.219186059272924,-0.0864176782962135
2360,0.666666666666667,0.0571452410217695,-0.246160729264315
2360,0.777777777777778,0.133357732277134,0
2360,0.888888888888889,0.0782514056111187,0
2360,1,0,0
2361,0,-2.2062271000305e-05,0
2361,0.111111111111111,-0.000273891060082564,0
2361,0.222222222222222,0.000268008649531553,0
2361,0.333333333333333,0.00125474620023099,-0.499856152389388
2361,0.444444444444444,0.00120830155801376,-0.779079218444483
2361,0.555555555555556,0.000222992886555071,-0.164563940242677
2361,0.666666666666667,0,-0.269412923063711
2361,0.777777777777778,0,0
2361,0.888888888888889,0,-5.06779931183591e-06
2361,1,0,-0.000410491744258712
2362,0,0,0
2362,0.111111111111111,0.200685190127971,0
2362,0.222222222222222,0.0902080332382606,0.000110885044615981
2362,0.333333333333333,0.268275101680377,-0.290508571168577
2362,0.444444444444444,0.335245054097708,-0.23642235335361
2362,0.555555555555556,0.395401051035196,-0.794396327382852
2362,0.666666666666667,0.366906848706734,-0.5
2362,0.777777777777778,0.209199205220822,0
2362,0.888888888888889,0.240490910892685,0
2362,1,0.0924249754722805,0
2363,0,2.94886028195922e-05,0
2363,0.111111111111111,3.64056824933238e-07,0
2363,0.222222222222222,0,0
2363,0.333333333333333,0.0440704382823471,-0.5
2363,0.444444444444444,0.161240925936887,-0.939692620785908
2363,0.555555555555556,0.0940824560174456,-0.939692620785908
2363,0.666666666666667,0.0188860120625567,-0.5
2363,0.777777777777778,0,0
2363,0.888888888888889,8.21857837288189e-07,0
2363,1,6.65704848203438e-05,0
2364,0,0,2.08400257188567e-05
2364,0.111111111111111,0,6.47837212708555e-05
2364,0.222222222222222,0.0451094044034087,2.68860154178007e-06
2364,0.333333333333333,0.223909565326036,-0.5
2364,0.444444444444444,0.479558059634064,-0.939692620785908
2364,0.555555555555556,0.475956218238409,-0.939692620785908
2364,0.666666666666667,0.368719267637221,-0.5
2364,0.777777777777778,0.109630658897942,1.79511854065186e-06
2364,0.888888888888889,0,4.75456561136053e-05
2364,1,0,0.000361487702174825
2365,0,-3.38135117570838e-05,-3.62328581906464e-05
2365,0.111111111111111,-4.17450762433133e-07,3.97909177081603e-06
2365,0.222222222222222,0.0754688408612603,1.84433791989066e-07
2365,0.333333333333333,0.252648074981155,-0.5
2365,0.444444444444444,0.318417246521627,-0.939692620785908
2365,0.555555555555556,0.293627163421198,-0.939692620785908
2365,0.666666666666667,0.0723917665613537,-0.5
2365,0.777777777777778,0,0
2365,0.888888888888889,0,0
2365,1,0,0
2366,0,0,0
2366,0.111111111111111,0,0
2366,0.222222222222222,0,0.147611330876544
2366,0.333333333333333,4.62399713606342e-05,-0.0100530450525235
2366,0.444444444444444,0.000155417681517687,-0.243275620654539
2366,0.555555555555556,3.21110912226626e-05,0.0987499350335217
2366,0.666666666666667,0,0.0915203172816845
2366,0.777777777777778,0,0.311020989331689
2366,0.888888888888889,0,0.137327189869379
2366,1,0,0
2367,0,0,0
2367,0.111111111111111,0,0
2367,0.222222222222222,0,0.14041195111784
2367,0.333333333333333,0,-0.066433663854486
2367,0.444444444444444,0,-0.356477347364352
2367,0.555555555555556,0,0.130349419468873
2367,0.666666666666667,0,-0.201949678824277
2367,0.777777777777778,0,0
2367,0.888888888888889,0,0
2367,1,0,0
2368,0,6.70157400185651e-06,0
2368,0.111111111111111,0.000146680702751037,0
2368,0.222222222222222,0.000168675930584225,0.189463634688742
2368,0.333333333333333,0.000110182077269331,0.078373088982651
2368,0.444444444444444,6.2748358044906e-05,-0.369585526543148
2368,0.555555555555556,3.87793425205103e-05,-0.383108340116168
2368,0.666666666666667,-0.000261361769212765,0.0508508519199397
2368,0.777777777777778,-0.000118168089612015,0.179552752556592
2368,0.888888888888889,0,0
2368,1,0,0
2369,0,0,-4.51045652360583e-05
2369,0.111111111111111,0,-5.56846484395782e-07
2369,0.222222222222222,0.000243729217220073,0
2369,0.333333333333333,0.04880095278755,-0.348581100702913
2369,0.444444444444444,0.176556334285918,-0.375045324546303
2369,0.555555555555556,0.128039110338539,-0.564896698706183
2369,0.666666666666667,0.202257519932168,-0.419775366012868
2369,0.777777777777778,0.0760173848939713,0
2369,0.888888888888889,0,2.65579506704163e-07
2369,1,0,2.15119400430374e-05
2370,0,2.1514597886733e-05,7.48374980678773e-06
2370,0.111111111111111,2.65612319589296e-07,9.23919729233054e-08
2370,0.222222222222222,0,0
2370,0.333333333333333,0,-0.455677492464303
2370,0.444444444444444,0,-0.729832104739834
2370,0.555555555555556,0,-0.614171964409501
2370,0.666666666666667,0,-0.411979246469712
2370,0.777777777777778,0,0.000311515709267482
2370,0.888888888888889,-2.56142228615214e-06,0.00022737739208363
2370,1,-0.000207475205178325,-0.000275077993889726
2371,0,0,0
2371,0.111111111111111,0.0592437648816901,0
2371,0.222222222222222,0.213097242488451,0
2371,0.333333333333333,0.420629869931548,-0.5
2371,0.444444444444444,0.596454646390869,-0.939692620785908
2371,0.555555555555556,0.490758620874198,-0.939692620785908
2371,0.666666666666667,0.326595092708201,-0.5
2371,0.777777777777778,0.098369890026967,3.47161704592298e-06
2371,0.888888888888889,0.157358817772225,8.90250430547867e-05
2371,1,0.0938548071073368,0.000462204950163457
2372,0,-1.12880807301488e-06,-8.66730536466563e-06
2372,0.111111111111111,9.35888848058449e-05,7.93845173169006e-05
2372,0.222222222222222,0.000356906587695065,9.19490283460935e-05
2372,0.333333333333333,0.000419176957321216,-0.428471430328942
2372,0.444444444444444,5.51938998626657e-05,-0.634762905556205
2372,0.555555555555556,0,-0.575878253568499
2372,0.666666666666667,0,-0.406144303131189
2372,0.777777777777778,0,0.000160028955724042
2372,0.888888888888889,0,0
2372,1,0,0
2373,0,0,0
2373,0.111111111111111,0,-0.0717606420101975
2373,0.222222222222222,0,-0.0461570198464472
2373,0.333333333333333,0,-0.236032217883368
2373,0.444444444444444,0,-0.549324222144916
2373,0.555555555555556,0,-0.610203577821205
2373,0.666666666666667,-3.44959104629931e-05,-0.421070552654107
2373,0.777777777777778,-0.00282692552252624,0
2373,0.888888888888889,-0.0613887243876238,0
2373,1,-0.269245531120553,0
2374,0,6.45712104323229e-05,2.91117870433399e-05
2374,0.111111111111111,0.000211376004499535,2.48207863748703e-05
2374,0.222222222222222,0.000109279134997754,0.0601243718051437
2374,0.333333333333333,8.50669423901097e-06,-0.2720514771267
2374,0.444444444444444,0,-0.619131961292139
2374,0.555555555555556,0,-0.786659094671857
2374,0.666666666666667,0,-0.388976569619778
2374,0.777777777777778,0,0.0362102251008723
2374,0.888888888888889,0,0
2374,1,0,0
2375,0,-2.1328934046474e-05,1.12907260542178e-06
2375,0.111111111111111,-0.000192514602466294,-3.05248788958406e-05
2375,0.222222222222222,-8.01047009553669e-06,0.168698036814317
2375,0.333333333333333,0,0.0157311888379247
2375,0.444444444444444,0,-0.413651664722391
2375,0.555555555555556,0.0136625539961964,-0.418733497360123
2375,0.666666666666667,0.0999074260971862,-0.367962957351975
2375,0.777777777777778,0.0418415716133515,0.000162061620144408
2375,0.888888888888889,0,0
2375,1,0,0
2376,0,-6.92315187277822e-05,-2.61556584987084e-05
2376,0.111111111111111,-8.54710107750399e-07,-3.22909364181585e-07
2376,0.222222222222222,0,0
2376,0.333333333333333,0,-0.382483101364351
2376,0.444444444444444,0,-0.419078845921603
2376,0.555555555555556,0,-0.250015953037329
2376,0.666666666666667,0,-0.318825795281523
2376,0.777777777777778,0,0.000237734528773024
2376,0.888888888888889,0,0.000193256496592735
2376,1,0,-0.000379645406769705
2377,0,0,0
2377,0.111111111111111,0,0.192783301670334
2377,0.222222222222222,0.0002977727441144,0.297849206406666
2377,0.333333333333333,0.000711008389007852,0.0504942830786028
2377,0.444444444444444,9.72319164455184e-05,-0.0831244516046373
2377,0.555555555555556,0,-0.225635492233223
2377,0.666666666666667,0,-0.0383246596940965
2377,0.777777777777778,0,0.137282816793151
2377,0.888888888888889,0,0.233697327929678
2377,1,0,0.228528097819671
2378,0,-6.75210832138352e-05,-3.1511544663015e-05
2378,0.111111111111111,-8.33593619923892e-07,-3.89031415592778e-07
2378,0.222222222222222,0,0.0985883896162585
2378,0.333333333333333,0,-0.132253551448015
2378,0.444444444444444,0.0675794210277076,-0.462597299108365
2378,0.555555555555556,0.344205934079109,-0.847359737069049
2378,0.666666666666667,0.227444378154389,-0.499872348283368
2378,0.777777777777778,0.113727859529487,0
2378,0.888888888888889,0.0734540395060305,0
2378,1,4.95973443148301e-05,0
2379,0,3.27763844859884e-05,3.26988477964514e-05
2379,0.111111111111111,4.0464672204924e-07,4.03689478968536e-07
2379,0.222222222222222,0,0.0990713777303302
2379,0.333333333333333,0,-0.133048265003066
2379,0.444444444444444,0,-0.328878194005894
2379,0.555555555555556,0,-0.115896629366687
2379,0.666666666666667,0,0.101801627611999
2379,0.777777777777778,0,0.167486769513148
2379,0.888888888888889,0,0
2379,1,0,0
2380,0,-3.4870797751711e-06,0
2380,0.111111111111111,-4.3050367594705e-08,0
2380,0.222222222222222,0,0.00039239680156014
2380,0.333333333333333,0,-0.239815058491322
2380,0.444444444444444,0,-1.25553077445772e-06
2380,0.555555555555556,0,-0.429469937696481
2380,0.666666666666667,0,-0.401116119052724
2380,0.777777777777778,0,0.000281901912246417
2380,0.888888888888889,0,0
2380,1,0,0
2381,0,0,0
2381,0.111111111111111,0.140139775537337,0.248782755288454
2381,0.222222222222222,0.00615217301066081,0.484049486626524
2381,0.333333333333333,2.6493491562187e-05,0.0246446594559576
2381,0.444444444444444,0,-0.0345503078482742
2381,0.555555555555556,0,-0.261461138657832
2381,0.666666666666667,0,0.0437508032636096
2381,0.777777777777778,0,0.17781065642728
2381,0.888888888888889,0,0.186372156301885
2381,1,0,0
2382,0,-8.14739310688988e-05,-5.75219682897666e-06
2382,0.111111111111111,0.000264267672255306,3.5117818829474e-05
2382,0.222222222222222,0.000418814898374955,0.179564740571001
2382,0.333333333333333,0.000347549012936116,0.0355354724763721
2382,0.444444444444444,4.43815847040713e-05,-0.436972831583672
2382,0.555555555555556,0,-0.453886879962289
2382,0.666666666666667,0,-0.377155810821862
2382,0.777777777777778,0,0.000165342432622591
2382,0.888888888888889,0,0
2382,1,0,0
2383,0,0,0
2383,0.111111111111111,0,0
2383,0.222222222222222,0.100834087888358,0
2383,0.333333333333333,0.3337169949824,-0.499568844314618
2383,0.444444444444444,0.404221708151572,-0.938243458621151
2383,0.555555555555556,0.349534475666695,-0.939393207115504
2383,0.666666666666667,0.0847892061555165,-0.5
2383,0.777777777777778,0,0
2383,0.888888888888889,0,0
2383,1,0,0
2384,0,0,-1.33877043011312e-05
2384,0.111111111111111,0,-1.65280300013966e-07
2384,0.222222222222222,0.0776007469006019,0
2384,0.333333333333333,0.196291566784429,-0.257418897469277
2384,0.444444444444444,0.127500797503314,-0.12426296870408
2384,0.555555555555556,0.352760393782836,-0.770809474788313
2384,0.666666666666667,0.31035123993723,-0.499873837250865
2384,0.777777777777778,0.0906618180974581,0
2384,0.888888888888889,0,0
2384,1,0,0
2385,0,0,-6.02972497981177e-05
2385,0.111111111111111,0,-9.41360413538712e-05
2385,0.222222222222222,0,-0.000119205676044875
2385,0.333333333333333,0,-0.46051694417734
2385,0.444444444444444,0,-0.645176824866189
2385,0.555555555555556,0,-0.129270955939819
2385,0.666666666666667,0,-0.267042483180521
2385,0.777777777777778,0,0
2385,0.888888888888889,-0.00186632274815349,0
2385,1,-0.151172142600433,0
2386,0,0,0
2386,0.111111111111111,0,0
2386,0.222222222222222,0,0
2386,0.333333333333333,0,-0.295182019010694
2386,0.444444444444444,0,-0.126064711080091
2386,0.555555555555556,0,-0.161701694791913
2386,0.666666666666667,0,-0.102290310881741
2386,0.777777777777778,0,0.0910497592254365
2386,0.888888888888889,-1.09179808622519e-05,0
2386,1,-0.000884356449842412,0
2387,0,-3.64226776258873e-05,0
2387,0.111111111111111,0.000268329420564947,0
2387,0.222222222222222,0.000250829268475675,0.103315386258723
2387,0.333333333333333,2.02821748595144e-05,-0.0229868016155461
2387,0.444444444444444,0,-0.0233567173632359
2387,0.555555555555556,0.0282624885721972,-0.228691361763984
2387,0.666666666666667,0.206669447684192,-0.153048015458214
2387,0.777777777777778,0.0865538712523539,0.0798921845701913
2387,0.888888888888889,0,0
2387,1,0,0
2388,0,0,8.81140209772028e-06
2388,0.111111111111111,0,9.71451722749e-05
2388,0.222222222222222,0,0.0881436320234854
2388,0.333333333333333,0,-0.159999488201231
2388,0.444444444444444,0,-0.316276753507678
2388,0.555555555555556,0,-0.0734040134766529
2388,0.666666666666667,0,-0.170444158200512
2388,0.777777777777778,0,0.275678777405719
2388,0.888888888888889,0,0.143832617271543
2388,1,0,0.174026337310171
2389,0,0,-3.4905469143053e-05
2389,0.111111111111111,0,-4.3093171781547e-07
2389,0.222222222222222,0,0.123039477433654
2389,0.333333333333333,0,-0.147328427252429
2389,0.444444444444444,0,-0.616035301231334
2389,0.555555555555556,0,-0.484655114754065
2389,0.666666666666667,0,-0.376782938856833
2389,0.777777777777778,-0.000929162446233024,0
2389,0.888888888888889,-0.0241372337003637,1.43018884253949e-06
2389,1,-0.14882413425246,0.0001158452962457
2390,0,7.9462482659139e-05,3.75684082430719e-05
2390,0.111111111111111,0.000131880871486787,6.64879352384025e-05
2390,0.222222222222222,5.45416054926472e-06,2.7510053220512e-06
2390,0.333333333333333,0,-0.5
2390,0.444444444444444,0,-0.939692620785908
2390,0.555555555555556,0,-0.939692620785908
2390,0.666666666666667,0,-0.5
2390,0.777777777777778,0,0
2390,0.888888888888889,6.66964678947604e-05,0
2390,1,0.00540241389947563,0
2391,0,0,-3.01420829359389e-05
2391,0.111111111111111,0,-0.000259210098500314
2391,0.222222222222222,0,-0.000172316157338627
2391,0.333333333333333,0,-0.256362395001697
2391,0.444444444444444,0,-0.0648035976855436
2391,0.555555555555556,0,-0.499692301572313
2391,0.666666666666667,0,-0.419431987035953
2391,0.777777777777778,0,0
2391,0.888888888888889,-0.0021249018654345,-1.31364402469985e-07
2391,1,-0.172117051100196,-1.06405166000689e-05
2392,0,1.9229931222944e-05,0
2392,0.111111111111111,2.37406558307951e-07,0
2392,0.222222222222222,0,0
2392,0.333333333333333,0.0379902625203423,-0.5
2392,0.444444444444444,0.156100381479024,-0.939692620785908
2392,0.555555555555556,0.163890824708345,-0.939692620785908
2392,0.666666666666667,0.0409116787313377,-0.5
2392,0.777777777777778,0,0
2392,0.888888888888889,1.96607329958739e-05,0
2392,1,0.0015925193726658,0
2393,0,0,0
2393,0.111111111111111,0,0
2393,0.222222222222222,0,0.000151314742311172
2393,0.333333333333333,0,-0.262052705752107
2393,0.444444444444444,0,-0.0797727142598852
2393,0.555555555555556,9.33699832900411e-05,-0.440807176602498
2393,0.666666666666667,0.000722083619902844,-0.140276725251029
2393,0.777777777777778,0.000770387165906336,0.113674119157612
2393,0.888888888888889,0.000488702264234139,0
2393,1,0.000831521822933583,0
2394,0,0,-9.44126234561959e-06
2394,0.111111111111111,0,-1.16558794390365e-07
2394,0.222222222222222,0.0507768190593565,0
2394,0.333333333333333,0.121242608774382,-0.373209444925989
2394,0.444444444444444,0.0165801858153001,-0.344294867236574
2394,0.555555555555556,0,-0.0325190712930541
2394,0.666666666666667,0,-0.25629352144717
2394,0.777777777777778,0,0
2394,0.888888888888889,0,1.76496056820465e-07
2394,1,0,1.42961806024578e-05
2395,0,0,0
2395,0.111111111111111,0,0
2395,0.222222222222222,0.000419080501399062,0.0477614105689009
2395,0.333333333333333,0.00128171392769993,-0.267066538622917
2395,0.444444444444444,0.00122444544570973,-0.47840083540029
2395,0.555555555555556,0.000858268226514701,-0.584141903199358
2395,0.666666666666667,-2.16129153916481e-05,-0.0686715966659057
2395,0.777777777777778,-0.000287001167562681,0.152845593241887
2395,0.888888888888889,-1.30394906853046e-05,0
2395,1,-0.000711644947332143,0
2396,0,0,0
2396,0.111111111111111,0,0
2396,0.222222222222222,0,0.0858053036336748
2396,0.333333333333333,0,-0.175895268156969
2396,0.444444444444444,0,-0.357067665912747
2396,0.555555555555556,0,-0.111994761514285
2396,0.666666666666667,0,-0.27770899802493
2396,0.777777777777778,0,0.000291002896271384
2396,0.888888888888889,-3.33647540950068e-06,0
2396,1,-0.000270254508169557,0
2397,0,0,0
2397,0.111111111111111,0,0
2397,0.222222222222222,0,7.90026208272245e-05
2397,0.333333333333333,0,-0.362132680911284
2397,0.444444444444444,0,-0.407760731835792
2397,0.555555555555556,0,-0.457238937665334
2397,0.666666666666667,0,-0.0191157502022479
2397,0.777777777777778,0,0.159691539889841
2397,0.888888888888889,-0.00213774497183917,4.67052041858794e-06
2397,1,-0.173157342718974,0.000378312153905626
2398,0,1.75476971232154e-05,0
2398,0.111111111111111,2.16638236089079e-07,0
2398,0.222222222222222,0,0.0890768119122364
2398,0.333333333333333,0,-0.140904521878381
2398,0.444444444444444,0,-0.270408471608204
2398,0.555555555555556,0,-0.121048796499009
2398,0.666666666666667,0,-0.286324838605255
2398,0.777777777777778,0,0.000157176328918869
2398,0.888888888888889,8.37591673977912e-06,0
2398,1,0.000678449255922113,0
2399,0,0,1.40383423076534e-05
2399,0.111111111111111,0,1.73312867995721e-07
2399,0.222222222222222,0,0
2399,0.333333333333333,0,-0.419653882487065
2399,0.444444444444444,0,-0.621573072666115
2399,0.555555555555556,0,-0.651250877954218
2399,0.666666666666667,0,-0.430783059470104
2399,0.777777777777778,0,0
2399,0.888888888888889,3.15235056862113e-06,4.8707136805391e-06
2399,1,0.000255340396058313,0.00039452780812367
2400,0,5.3004078636137e-05,1.76651312081501e-05
2400,0.111111111111111,6.54371341186877e-07,-0.000156459902979061
2400,0.222222222222222,0.0489135516003433,-6.52824962577784e-06
2400,0.333333333333333,0.20619305309847,-0.5
2400,0.444444444444444,0.3665778534092,-0.939692620785908
2400,0.555555555555556,0.334419587658305,-0.939692620785908
2400,0.666666666666667,0.2960902076151,-0.5
2400,0.777777777777778,0.169560299981545,0
2400,0.888888888888889,0.0460918599599293,0
2400,1,0,0
