"job.id","problem","algorithm","n_subjects","prop_observed","observation_variance","random_effect_ar1_correlation","random_effect_variance_ratio","effect_size","n_timepoints","grpdiff_function","missingness","seed","cross_sectional","independent","penalty.adaptive","kernel.scale","K"
1,"synthetic","LSVCMM",20,0.5,1,1,1,1,10,"sine","sqrt",1,FALSE,FALSE,0.5,0.2,NA
2,"synthetic","LSVCMM",20,0.5,1,1,1,1,10,"sine","sqrt",2,FALSE,FALSE,0.5,0.2,NA
3,"synthetic","LSVCMM",20,0.5,1,1,1,1,10,"sine","sqrt",3,FALSE,FALSE,0.5,0.2,NA
4,"synthetic","LSVCMM",20,0.5,1,1,1,1,10,"sine","sqrt",4,FALSE,FALSE,0.5,0.2,NA
5,"synthetic","LSVCMM",20,0.5,1,1,1,1,10,"sine","sqrt",5,FALSE,FALSE,0.5,0.2,NA
6,"synthetic","LSVCMM",20,0.5,1,1,1,1,10,"sine","sqrt",6,FALSE,FALSE,0.5,0.2,NA
7,"synthetic","LSVCMM",20,0.5,1,1,1,1,10,"sine","sqrt",7,FALSE,FALSE,0.5,0.2,NA
8,"synthetic","LSVCMM",20,0.5,1,1,1,1,10,"sine","sqrt",8,FALSE,FALSE,0.5,0.2,NA
9,"synthetic","LSVCMM",20,0.5,1,1,1,1,10,"sine","sqrt",9,FALSE,FALSE,0.5,0.2,NA
10,"synthetic","LSVCMM",20,0.5,1,1,1,1,10,"sine","sqrt",10,FALSE,FALSE,0.5,0.2,NA
11,"synthetic","LSVCMM",20,0.5,1,1,1,1,10,"sine","sqrt",11,FALSE,FALSE,0.5,0.2,NA
12,"synthetic","LSVCMM",20,0.5,1,1,1,1,10,"sine","sqrt",12,FALSE,FALSE,0.5,0.2,NA
13,"synthetic","LSVCMM",20,0.5,1,1,1,1,10,"sine","sqrt",13,FALSE,FALSE,0.5,0.2,NA
14,"synthetic","LSVCMM",20,0.5,1,1,1,1,10,"sine","sqrt",14,FALSE,FALSE,0.5,0.2,NA
15,"synthetic","LSVCMM",20,0.5,1,1,1,1,10,"sine","sqrt",15,FALSE,FALSE,0.5,0.2,NA
16,"synthetic","LSVCMM",20,0.5,1,1,1,1,10,"sine","sqrt",16,FALSE,FALSE,0.5,0.2,NA
17,"synthetic","LSVCMM",20,0.5,1,1,1,1,10,"sine","sqrt",17,FALSE,FALSE,0.5,0.2,NA
18,"synthetic","LSVCMM",20,0.5,1,1,1,1,10,"sine","sqrt",18,FALSE,FALSE,0.5,0.2,NA
19,"synthetic","LSVCMM",20,0.5,1,1,1,1,10,"sine","sqrt",19,FALSE,FALSE,0.5,0.2,NA
20,"synthetic","LSVCMM",20,0.5,1,1,1,1,10,"sine","sqrt",20,FALSE,FALSE,0.5,0.2,NA
21,"synthetic","LSVCMM",20,0.5,1,1,1,1,10,"sine","sqrt",21,FALSE,FALSE,0.5,0.2,NA
22,"synthetic","LSVCMM",20,0.5,1,1,1,1,10,"sine","sqrt",22,FALSE,FALSE,0.5,0.2,NA
23,"synthetic","LSVCMM",20,0.5,1,1,1,1,10,"sine","sqrt",23,FALSE,FALSE,0.5,0.2,NA
24,"synthetic","LSVCMM",20,0.5,1,1,1,1,10,"sine","sqrt",24,FALSE,FALSE,0.5,0.2,NA
25,"synthetic","LSVCMM",20,0.5,1,1,1,1,10,"sine","sqrt",25,FALSE,FALSE,0.5,0.2,NA
26,"synthetic","LSVCMM",20,0.5,1,1,1,1,10,"sine","sqrt",26,FALSE,FALSE,0.5,0.2,NA
27,"synthetic","LSVCMM",20,0.5,1,1,1,1,10,"sine","sqrt",27,FALSE,FALSE,0.5,0.2,NA
28,"synthetic","LSVCMM",20,0.5,1,1,1,1,10,"sine","sqrt",28,FALSE,FALSE,0.5,0.2,NA
29,"synthetic","LSVCMM",20,0.5,1,1,1,1,10,"sine","sqrt",29,FALSE,FALSE,0.5,0.2,NA
30,"synthetic","LSVCMM",20,0.5,1,1,1,1,10,"sine","sqrt",30,FALSE,FALSE,0.5,0.2,NA
31,"synthetic","LSVCMM",20,0.5,1,1,1,1,10,"sine","sqrt",31,FALSE,FALSE,0.5,0.2,NA
32,"synthetic","LSVCMM",20,0.5,1,1,1,1,10,"sine","sqrt",32,FALSE,FALSE,0.5,0.2,NA
33,"synthetic","LSVCMM",20,0.5,1,1,1,1,10,"sine","sqrt",33,FALSE,FALSE,0.5,0.2,NA
34,"synthetic","LSVCMM",20,0.5,1,1,1,1,10,"sine","sqrt",34,FALSE,FALSE,0.5,0.2,NA
35,"synthetic","LSVCMM",20,0.5,1,1,1,1,10,"sine","sqrt",35,FALSE,FALSE,0.5,0.2,NA
36,"synthetic","LSVCMM",20,0.5,1,1,1,1,10,"sine","sqrt",36,FALSE,FALSE,0.5,0.2,NA
37,"synthetic","LSVCMM",20,0.5,1,1,1,1,10,"sine","sqrt",37,FALSE,FALSE,0.5,0.2,NA
38,"synthetic","LSVCMM",20,0.5,1,1,1,1,10,"sine","sqrt",38,FALSE,FALSE,0.5,0.2,NA
39,"synthetic","LSVCMM",20,0.5,1,1,1,1,10,"sine","sqrt",39,FALSE,FALSE,0.5,0.2,NA
40,"synthetic","LSVCMM",20,0.5,1,1,1,1,10,"sine","sqrt",40,FALSE,FALSE,0.5,0.2,NA
41,"synthetic","LSVCMM",20,0.5,1,1,1,1,10,"sine","sqrt",41,FALSE,FALSE,0.5,0.2,NA
42,"synthetic","LSVCMM",20,0.5,1,1,1,1,10,"sine","sqrt",42,FALSE,FALSE,0.5,0.2,NA
43,"synthetic","LSVCMM",20,0.5,1,1,1,1,10,"sine","sqrt",43,FALSE,FALSE,0.5,0.2,NA
44,"synthetic","LSVCMM",20,0.5,1,1,1,1,10,"sine","sqrt",44,FALSE,FALSE,0.5,0.2,NA
45,"synthetic","LSVCMM",20,0.5,1,1,1,1,10,"sine","sqrt",45,FALSE,FALSE,0.5,0.2,NA
46,"synthetic","LSVCMM",20,0.5,1,1,1,1,10,"sine","sqrt",46,FALSE,FALSE,0.5,0.2,NA
47,"synthetic","LSVCMM",20,0.5,1,1,1,1,10,"sine","sqrt",47,FALSE,FALSE,0.5,0.2,NA
48,"synthetic","LSVCMM",20,0.5,1,1,1,1,10,"sine","sqrt",48,FALSE,FALSE,0.5,0.2,NA
49,"synthetic","LSVCMM",20,0.5,1,1,1,1,10,"sine","sqrt",49,FALSE,FALSE,0.5,0.2,NA
50,"synthetic","LSVCMM",20,0.5,1,1,1,1,10,"sine","sqrt",50,FALSE,FALSE,0.5,0.2,NA
51,"synthetic","LSVCMM",20,0.5,1,1,1,1,10,"sine","sqrt",51,FALSE,FALSE,0.5,0.2,NA
52,"synthetic","LSVCMM",20,0.5,1,1,1,1,10,"sine","sqrt",52,FALSE,FALSE,0.5,0.2,NA
53,"synthetic","LSVCMM",20,0.5,1,1,1,1,10,"sine","sqrt",53,FALSE,FALSE,0.5,0.2,NA
54,"synthetic","LSVCMM",20,0.5,1,1,1,1,10,"sine","sqrt",54,FALSE,FALSE,0.5,0.2,NA
55,"synthetic","LSVCMM",20,0.5,1,1,1,1,10,"sine","sqrt",55,FALSE,FALSE,0.5,0.2,NA
56,"synthetic","LSVCMM",20,0.5,1,1,1,1,10,"sine","sqrt",56,FALSE,FALSE,0.5,0.2,NA
57,"synthetic","LSVCMM",20,0.5,1,1,1,1,10,"sine","sqrt",57,FALSE,FALSE,0.5,0.2,NA
58,"synthetic","LSVCMM",20,0.5,1,1,1,1,10,"sine","sqrt",58,FALSE,FALSE,0.5,0.2,NA
59,"synthetic","LSVCMM",20,0.5,1,1,1,1,10,"sine","sqrt",59,FALSE,FALSE,0.5,0.2,NA
60,"synthetic","LSVCMM",20,0.5,1,1,1,1,10,"sine","sqrt",60,FALSE,FALSE,0.5,0.2,NA
61,"synthetic","LSVCMM",20,0.5,1,1,1,1,10,"sine","sqrt",61,FALSE,FALSE,0.5,0.2,NA
62,"synthetic","LSVCMM",20,0.5,1,1,1,1,10,"sine","sqrt",62,FALSE,FALSE,0.5,0.2,NA
63,"synthetic","LSVCMM",20,0.5,1,1,1,1,10,"sine","sqrt",63,FALSE,FALSE,0.5,0.2,NA
64,"synthetic","LSVCMM",20,0.5,1,1,1,1,10,"sine","sqrt",64,FALSE,FALSE,0.5,0.2,NA
65,"synthetic","LSVCMM",20,0.5,1,1,1,1,10,"sine","sqrt",65,FALSE,FALSE,0.5,0.2,NA
66,"synthetic","LSVCMM",20,0.5,1,1,1,1,10,"sine","sqrt",66,FALSE,FALSE,0.5,0.2,NA
67,"synthetic","LSVCMM",20,0.5,1,1,1,1,10,"sine","sqrt",67,FALSE,FALSE,0.5,0.2,NA
68,"synthetic","LSVCMM",20,0.5,1,1,1,1,10,"sine","sqrt",68,FALSE,FALSE,0.5,0.2,NA
69,"synthetic","LSVCMM",20,0.5,1,1,1,1,10,"sine","sqrt",69,FALSE,FALSE,0.5,0.2,NA
70,"synthetic","LSVCMM",20,0.5,1,1,1,1,10,"sine","sqrt",70,FALSE,FALSE,0.5,0.2,NA
71,"synthetic","LSVCMM",20,0.5,1,1,1,1,10,"sine","sqrt",71,FALSE,FALSE,0.5,0.2,NA
72,"synthetic","LSVCMM",20,0.5,1,1,1,1,10,"sine","sqrt",72,FALSE,FALSE,0.5,0.2,NA
73,"synthetic","LSVCMM",20,0.5,1,1,1,1,10,"sine","sqrt",73,FALSE,FALSE,0.5,0.2,NA
74,"synthetic","LSVCMM",20,0.5,1,1,1,1,10,"sine","sqrt",74,FALSE,FALSE,0.5,0.2,NA
75,"synthetic","LSVCMM",20,0.5,1,1,1,1,10,"sine","sqrt",75,FALSE,FALSE,0.5,0.2,NA
76,"synthetic","LSVCMM",20,0.5,1,1,1,1,10,"sine","sqrt",76,FALSE,FALSE,0.5,0.2,NA
77,"synthetic","LSVCMM",20,0.5,1,1,1,1,10,"sine","sqrt",77,FALSE,FALSE,0.5,0.2,NA
78,"synthetic","LSVCMM",20,0.5,1,1,1,1,10,"sine","sqrt",78,FALSE,FALSE,0.5,0.2,NA
79,"synthetic","LSVCMM",20,0.5,1,1,1,1,10,"sine","sqrt",79,FALSE,FALSE,0.5,0.2,NA
80,"synthetic","LSVCMM",20,0.5,1,1,1,1,10,"sine","sqrt",80,FALSE,FALSE,0.5,0.2,NA
81,"synthetic","LSVCMM",20,0.5,1,1,1,1,10,"sine","sqrt",81,FALSE,FALSE,0.5,0.2,NA
82,"synthetic","LSVCMM",20,0.5,1,1,1,1,10,"sine","sqrt",82,FALSE,FALSE,0.5,0.2,NA
83,"synthetic","LSVCMM",20,0.5,1,1,1,1,10,"sine","sqrt",83,FALSE,FALSE,0.5,0.2,NA
84,"synthetic","LSVCMM",20,0.5,1,1,1,1,10,"sine","sqrt",84,FALSE,FALSE,0.5,0.2,NA
85,"synthetic","LSVCMM",20,0.5,1,1,1,1,10,"sine","sqrt",85,FALSE,FALSE,0.5,0.2,NA
86,"synthetic","LSVCMM",20,0.5,1,1,1,1,10,"sine","sqrt",86,FALSE,FALSE,0.5,0.2,NA
87,"synthetic","LSVCMM",20,0.5,1,1,1,1,10,"sine","sqrt",87,FALSE,FALSE,0.5,0.2,NA
88,"synthetic","LSVCMM",20,0.5,1,1,1,1,10,"sine","sqrt",88,FALSE,FALSE,0.5,0.2,NA
89,"synthetic","LSVCMM",20,0.5,1,1,1,1,10,"sine","sqrt",89,FALSE,FALSE,0.5,0.2,NA
90,"synthetic","LSVCMM",20,0.5,1,1,1,1,10,"sine","sqrt",90,FALSE,FALSE,0.5,0.2,NA
91,"synthetic","LSVCMM",20,0.5,1,1,1,1,10,"sine","sqrt",91,FALSE,FALSE,0.5,0.2,NA
92,"synthetic","LSVCMM",20,0.5,1,1,1,1,10,"sine","sqrt",92,FALSE,FALSE,0.5,0.2,NA
93,"synthetic","LSVCMM",20,0.5,1,1,1,1,10,"sine","sqrt",93,FALSE,FALSE,0.5,0.2,NA
94,"synthetic","LSVCMM",20,0.5,1,1,1,1,10,"sine","sqrt",94,FALSE,FALSE,0.5,0.2,NA
95,"synthetic","LSVCMM",20,0.5,1,1,1,1,10,"sine","sqrt",95,FALSE,FALSE,0.5,0.2,NA
96,"synthetic","LSVCMM",20,0.5,1,1,1,1,10,"sine","sqrt",96,FALSE,FALSE,0.5,0.2,NA
97,"synthetic","LSVCMM",20,0.5,1,1,1,1,10,"sine","sqrt",97,FALSE,FALSE,0.5,0.2,NA
98,"synthetic","LSVCMM",20,0.5,1,1,1,1,10,"sine","sqrt",98,FALSE,FALSE,0.5,0.2,NA
99,"synthetic","LSVCMM",20,0.5,1,1,1,1,10,"sine","sqrt",99,FALSE,FALSE,0.5,0.2,NA
100,"synthetic","LSVCMM",20,0.5,1,1,1,1,10,"sine","sqrt",100,FALSE,FALSE,0.5,0.2,NA
101,"synthetic","LSVCMM",30,0.5,1,1,1,1,10,"sine","sqrt",1,FALSE,FALSE,0.5,0.2,NA
102,"synthetic","LSVCMM",30,0.5,1,1,1,1,10,"sine","sqrt",2,FALSE,FALSE,0.5,0.2,NA
103,"synthetic","LSVCMM",30,0.5,1,1,1,1,10,"sine","sqrt",3,FALSE,FALSE,0.5,0.2,NA
104,"synthetic","LSVCMM",30,0.5,1,1,1,1,10,"sine","sqrt",4,FALSE,FALSE,0.5,0.2,NA
105,"synthetic","LSVCMM",30,0.5,1,1,1,1,10,"sine","sqrt",5,FALSE,FALSE,0.5,0.2,NA
106,"synthetic","LSVCMM",30,0.5,1,1,1,1,10,"sine","sqrt",6,FALSE,FALSE,0.5,0.2,NA
107,"synthetic","LSVCMM",30,0.5,1,1,1,1,10,"sine","sqrt",7,FALSE,FALSE,0.5,0.2,NA
108,"synthetic","LSVCMM",30,0.5,1,1,1,1,10,"sine","sqrt",8,FALSE,FALSE,0.5,0.2,NA
109,"synthetic","LSVCMM",30,0.5,1,1,1,1,10,"sine","sqrt",9,FALSE,FALSE,0.5,0.2,NA
110,"synthetic","LSVCMM",30,0.5,1,1,1,1,10,"sine","sqrt",10,FALSE,FALSE,0.5,0.2,NA
111,"synthetic","LSVCMM",30,0.5,1,1,1,1,10,"sine","sqrt",11,FALSE,FALSE,0.5,0.2,NA
112,"synthetic","LSVCMM",30,0.5,1,1,1,1,10,"sine","sqrt",12,FALSE,FALSE,0.5,0.2,NA
113,"synthetic","LSVCMM",30,0.5,1,1,1,1,10,"sine","sqrt",13,FALSE,FALSE,0.5,0.2,NA
114,"synthetic","LSVCMM",30,0.5,1,1,1,1,10,"sine","sqrt",14,FALSE,FALSE,0.5,0.2,NA
115,"synthetic","LSVCMM",30,0.5,1,1,1,1,10,"sine","sqrt",15,FALSE,FALSE,0.5,0.2,NA
116,"synthetic","LSVCMM",30,0.5,1,1,1,1,10,"sine","sqrt",16,FALSE,FALSE,0.5,0.2,NA
117,"synthetic","LSVCMM",30,0.5,1,1,1,1,10,"sine","sqrt",17,FALSE,FALSE,0.5,0.2,NA
118,"synthetic","LSVCMM",30,0.5,1,1,1,1,10,"sine","sqrt",18,FALSE,FALSE,0.5,0.2,NA
119,"synthetic","LSVCMM",30,0.5,1,1,1,1,10,"sine","sqrt",19,FALSE,FALSE,0.5,0.2,NA
120,"synthetic","LSVCMM",30,0.5,1,1,1,1,10,"sine","sqrt",20,FALSE,FALSE,0.5,0.2,NA
121,"synthetic","LSVCMM",30,0.5,1,1,1,1,10,"sine","sqrt",21,FALSE,FALSE,0.5,0.2,NA
122,"synthetic","LSVCMM",30,0.5,1,1,1,1,10,"sine","sqrt",22,FALSE,FALSE,0.5,0.2,NA
123,"synthetic","LSVCMM",30,0.5,1,1,1,1,10,"sine","sqrt",23,FALSE,FALSE,0.5,0.2,NA
124,"synthetic","LSVCMM",30,0.5,1,1,1,1,10,"sine","sqrt",24,FALSE,FALSE,0.5,0.2,NA
125,"synthetic","LSVCMM",30,0.5,1,1,1,1,10,"sine","sqrt",25,FALSE,FALSE,0.5,0.2,NA
126,"synthetic","LSVCMM",30,0.5,1,1,1,1,10,"sine","sqrt",26,FALSE,FALSE,0.5,0.2,NA
127,"synthetic","LSVCMM",30,0.5,1,1,1,1,10,"sine","sqrt",27,FALSE,FALSE,0.5,0.2,NA
128,"synthetic","LSVCMM",30,0.5,1,1,1,1,10,"sine","sqrt",28,FALSE,FALSE,0.5,0.2,NA
129,"synthetic","LSVCMM",30,0.5,1,1,1,1,10,"sine","sqrt",29,FALSE,FALSE,0.5,0.2,NA
130,"synthetic","LSVCMM",30,0.5,1,1,1,1,10,"sine","sqrt",30,FALSE,FALSE,0.5,0.2,NA
131,"synthetic","LSVCMM",30,0.5,1,1,1,1,10,"sine","sqrt",31,FALSE,FALSE,0.5,0.2,NA
132,"synthetic","LSVCMM",30,0.5,1,1,1,1,10,"sine","sqrt",32,FALSE,FALSE,0.5,0.2,NA
133,"synthetic","LSVCMM",30,0.5,1,1,1,1,10,"sine","sqrt",33,FALSE,FALSE,0.5,0.2,NA
134,"synthetic","LSVCMM",30,0.5,1,1,1,1,10,"sine","sqrt",34,FALSE,FALSE,0.5,0.2,NA
135,"synthetic","LSVCMM",30,0.5,1,1,1,1,10,"sine","sqrt",35,FALSE,FALSE,0.5,0.2,NA
136,"synthetic","LSVCMM",30,0.5,1,1,1,1,10,"sine","sqrt",36,FALSE,FALSE,0.5,0.2,NA
137,"synthetic","LSVCMM",30,0.5,1,1,1,1,10,"sine","sqrt",37,FALSE,FALSE,0.5,0.2,NA
138,"synthetic","LSVCMM",30,0.5,1,1,1,1,10,"sine","sqrt",38,FALSE,FALSE,0.5,0.2,NA
139,"synthetic","LSVCMM",30,0.5,1,1,1,1,10,"sine","sqrt",39,FALSE,FALSE,0.5,0.2,NA
140,"synthetic","LSVCMM",30,0.5,1,1,1,1,10,"sine","sqrt",40,FALSE,FALSE,0.5,0.2,NA
141,"synthetic","LSVCMM",30,0.5,1,1,1,1,10,"sine","sqrt",41,FALSE,FALSE,0.5,0.2,NA
142,"synthetic","LSVCMM",30,0.5,1,1,1,1,10,"sine","sqrt",42,FALSE,FALSE,0.5,0.2,NA
143,"synthetic","LSVCMM",30,0.5,1,1,1,1,10,"sine","sqrt",43,FALSE,FALSE,0.5,0.2,NA
144,"synthetic","LSVCMM",30,0.5,1,1,1,1,10,"sine","sqrt",44,FALSE,FALSE,0.5,0.2,NA
145,"synthetic","LSVCMM",30,0.5,1,1,1,1,10,"sine","sqrt",45,FALSE,FALSE,0.5,0.2,NA
146,"synthetic","LSVCMM",30,0.5,1,1,1,1,10,"sine","sqrt",46,FALSE,FALSE,0.5,0.2,NA
147,"synthetic","LSVCMM",30,0.5,1,1,1,1,10,"sine","sqrt",47,FALSE,FALSE,0.5,0.2,NA
148,"synthetic","LSVCMM",30,0.5,1,1,1,1,10,"sine","sqrt",48,FALSE,FALSE,0.5,0.2,NA
149,"synthetic","LSVCMM",30,0.5,1,1,1,1,10,"sine","sqrt",49,FALSE,FALSE,0.5,0.2,NA
150,"synthetic","LSVCMM",30,0.5,1,1,1,1,10,"sine","sqrt",50,FALSE,FALSE,0.5,0.2,NA
151,"synthetic","LSVCMM",30,0.5,1,1,1,1,10,"sine","sqrt",51,FALSE,FALSE,0.5,0.2,NA
152,"synthetic","LSVCMM",30,0.5,1,1,1,1,10,"sine","sqrt",52,FALSE,FALSE,0.5,0.2,NA
153,"synthetic","LSVCMM",30,0.5,1,1,1,1,10,"sine","sqrt",53,FALSE,FALSE,0.5,0.2,NA
154,"synthetic","LSVCMM",30,0.5,1,1,1,1,10,"sine","sqrt",54,FALSE,FALSE,0.5,0.2,NA
155,"synthetic","LSVCMM",30,0.5,1,1,1,1,10,"sine","sqrt",55,FALSE,FALSE,0.5,0.2,NA
156,"synthetic","LSVCMM",30,0.5,1,1,1,1,10,"sine","sqrt",56,FALSE,FALSE,0.5,0.2,NA
157,"synthetic","LSVCMM",30,0.5,1,1,1,1,10,"sine","sqrt",57,FALSE,FALSE,0.5,0.2,NA
158,"synthetic","LSVCMM",30,0.5,1,1,1,1,10,"sine","sqrt",58,FALSE,FALSE,0.5,0.2,NA
159,"synthetic","LSVCMM",30,0.5,1,1,1,1,10,"sine","sqrt",59,FALSE,FALSE,0.5,0.2,NA
160,"synthetic","LSVCMM",30,0.5,1,1,1,1,10,"sine","sqrt",60,FALSE,FALSE,0.5,0.2,NA
161,"synthetic","LSVCMM",30,0.5,1,1,1,1,10,"sine","sqrt",61,FALSE,FALSE,0.5,0.2,NA
162,"synthetic","LSVCMM",30,0.5,1,1,1,1,10,"sine","sqrt",62,FALSE,FALSE,0.5,0.2,NA
163,"synthetic","LSVCMM",30,0.5,1,1,1,1,10,"sine","sqrt",63,FALSE,FALSE,0.5,0.2,NA
164,"synthetic","LSVCMM",30,0.5,1,1,1,1,10,"sine","sqrt",64,FALSE,FALSE,0.5,0.2,NA
165,"synthetic","LSVCMM",30,0.5,1,1,1,1,10,"sine","sqrt",65,FALSE,FALSE,0.5,0.2,NA
166,"synthetic","LSVCMM",30,0.5,1,1,1,1,10,"sine","sqrt",66,FALSE,FALSE,0.5,0.2,NA
167,"synthetic","LSVCMM",30,0.5,1,1,1,1,10,"sine","sqrt",67,FALSE,FALSE,0.5,0.2,NA
168,"synthetic","LSVCMM",30,0.5,1,1,1,1,10,"sine","sqrt",68,FALSE,FALSE,0.5,0.2,NA
169,"synthetic","LSVCMM",30,0.5,1,1,1,1,10,"sine","sqrt",69,FALSE,FALSE,0.5,0.2,NA
170,"synthetic","LSVCMM",30,0.5,1,1,1,1,10,"sine","sqrt",70,FALSE,FALSE,0.5,0.2,NA
171,"synthetic","LSVCMM",30,0.5,1,1,1,1,10,"sine","sqrt",71,FALSE,FALSE,0.5,0.2,NA
172,"synthetic","LSVCMM",30,0.5,1,1,1,1,10,"sine","sqrt",72,FALSE,FALSE,0.5,0.2,NA
173,"synthetic","LSVCMM",30,0.5,1,1,1,1,10,"sine","sqrt",73,FALSE,FALSE,0.5,0.2,NA
174,"synthetic","LSVCMM",30,0.5,1,1,1,1,10,"sine","sqrt",74,FALSE,FALSE,0.5,0.2,NA
175,"synthetic","LSVCMM",30,0.5,1,1,1,1,10,"sine","sqrt",75,FALSE,FALSE,0.5,0.2,NA
176,"synthetic","LSVCMM",30,0.5,1,1,1,1,10,"sine","sqrt",76,FALSE,FALSE,0.5,0.2,NA
177,"synthetic","LSVCMM",30,0.5,1,1,1,1,10,"sine","sqrt",77,FALSE,FALSE,0.5,0.2,NA
178,"synthetic","LSVCMM",30,0.5,1,1,1,1,10,"sine","sqrt",78,FALSE,FALSE,0.5,0.2,NA
179,"synthetic","LSVCMM",30,0.5,1,1,1,1,10,"sine","sqrt",79,FALSE,FALSE,0.5,0.2,NA
180,"synthetic","LSVCMM",30,0.5,1,1,1,1,10,"sine","sqrt",80,FALSE,FALSE,0.5,0.2,NA
181,"synthetic","LSVCMM",30,0.5,1,1,1,1,10,"sine","sqrt",81,FALSE,FALSE,0.5,0.2,NA
182,"synthetic","LSVCMM",30,0.5,1,1,1,1,10,"sine","sqrt",82,FALSE,FALSE,0.5,0.2,NA
183,"synthetic","LSVCMM",30,0.5,1,1,1,1,10,"sine","sqrt",83,FALSE,FALSE,0.5,0.2,NA
184,"synthetic","LSVCMM",30,0.5,1,1,1,1,10,"sine","sqrt",84,FALSE,FALSE,0.5,0.2,NA
185,"synthetic","LSVCMM",30,0.5,1,1,1,1,10,"sine","sqrt",85,FALSE,FALSE,0.5,0.2,NA
186,"synthetic","LSVCMM",30,0.5,1,1,1,1,10,"sine","sqrt",86,FALSE,FALSE,0.5,0.2,NA
187,"synthetic","LSVCMM",30,0.5,1,1,1,1,10,"sine","sqrt",87,FALSE,FALSE,0.5,0.2,NA
188,"synthetic","LSVCMM",30,0.5,1,1,1,1,10,"sine","sqrt",88,FALSE,FALSE,0.5,0.2,NA
189,"synthetic","LSVCMM",30,0.5,1,1,1,1,10,"sine","sqrt",89,FALSE,FALSE,0.5,0.2,NA
190,"synthetic","LSVCMM",30,0.5,1,1,1,1,10,"sine","sqrt",90,FALSE,FALSE,0.5,0.2,NA
191,"synthetic","LSVCMM",30,0.5,1,1,1,1,10,"sine","sqrt",91,FALSE,FALSE,0.5,0.2,NA
192,"synthetic","LSVCMM",30,0.5,1,1,1,1,10,"sine","sqrt",92,FALSE,FALSE,0.5,0.2,NA
193,"synthetic","LSVCMM",30,0.5,1,1,1,1,10,"sine","sqrt",93,FALSE,FALSE,0.5,0.2,NA
194,"synthetic","LSVCMM",30,0.5,1,1,1,1,10,"sine","sqrt",94,FALSE,FALSE,0.5,0.2,NA
195,"synthetic","LSVCMM",30,0.5,1,1,1,1,10,"sine","sqrt",95,FALSE,FALSE,0.5,0.2,NA
196,"synthetic","LSVCMM",30,0.5,1,1,1,1,10,"sine","sqrt",96,FALSE,FALSE,0.5,0.2,NA
197,"synthetic","LSVCMM",30,0.5,1,1,1,1,10,"sine","sqrt",97,FALSE,FALSE,0.5,0.2,NA
198,"synthetic","LSVCMM",30,0.5,1,1,1,1,10,"sine","sqrt",98,FALSE,FALSE,0.5,0.2,NA
199,"synthetic","LSVCMM",30,0.5,1,1,1,1,10,"sine","sqrt",99,FALSE,FALSE,0.5,0.2,NA
200,"synthetic","LSVCMM",30,0.5,1,1,1,1,10,"sine","sqrt",100,FALSE,FALSE,0.5,0.2,NA
201,"synthetic","LSVCMM",50,0.5,1,1,1,1,10,"sine","sqrt",1,FALSE,FALSE,0.5,0.2,NA
202,"synthetic","LSVCMM",50,0.5,1,1,1,1,10,"sine","sqrt",2,FALSE,FALSE,0.5,0.2,NA
203,"synthetic","LSVCMM",50,0.5,1,1,1,1,10,"sine","sqrt",3,FALSE,FALSE,0.5,0.2,NA
204,"synthetic","LSVCMM",50,0.5,1,1,1,1,10,"sine","sqrt",4,FALSE,FALSE,0.5,0.2,NA
205,"synthetic","LSVCMM",50,0.5,1,1,1,1,10,"sine","sqrt",5,FALSE,FALSE,0.5,0.2,NA
206,"synthetic","LSVCMM",50,0.5,1,1,1,1,10,"sine","sqrt",6,FALSE,FALSE,0.5,0.2,NA
207,"synthetic","LSVCMM",50,0.5,1,1,1,1,10,"sine","sqrt",7,FALSE,FALSE,0.5,0.2,NA
208,"synthetic","LSVCMM",50,0.5,1,1,1,1,10,"sine","sqrt",8,FALSE,FALSE,0.5,0.2,NA
209,"synthetic","LSVCMM",50,0.5,1,1,1,1,10,"sine","sqrt",9,FALSE,FALSE,0.5,0.2,NA
210,"synthetic","LSVCMM",50,0.5,1,1,1,1,10,"sine","sqrt",10,FALSE,FALSE,0.5,0.2,NA
211,"synthetic","LSVCMM",50,0.5,1,1,1,1,10,"sine","sqrt",11,FALSE,FALSE,0.5,0.2,NA
212,"synthetic","LSVCMM",50,0.5,1,1,1,1,10,"sine","sqrt",12,FALSE,FALSE,0.5,0.2,NA
213,"synthetic","LSVCMM",50,0.5,1,1,1,1,10,"sine","sqrt",13,FALSE,FALSE,0.5,0.2,NA
214,"synthetic","LSVCMM",50,0.5,1,1,1,1,10,"sine","sqrt",14,FALSE,FALSE,0.5,0.2,NA
215,"synthetic","LSVCMM",50,0.5,1,1,1,1,10,"sine","sqrt",15,FALSE,FALSE,0.5,0.2,NA
216,"synthetic","LSVCMM",50,0.5,1,1,1,1,10,"sine","sqrt",16,FALSE,FALSE,0.5,0.2,NA
217,"synthetic","LSVCMM",50,0.5,1,1,1,1,10,"sine","sqrt",17,FALSE,FALSE,0.5,0.2,NA
218,"synthetic","LSVCMM",50,0.5,1,1,1,1,10,"sine","sqrt",18,FALSE,FALSE,0.5,0.2,NA
219,"synthetic","LSVCMM",50,0.5,1,1,1,1,10,"sine","sqrt",19,FALSE,FALSE,0.5,0.2,NA
220,"synthetic","LSVCMM",50,0.5,1,1,1,1,10,"sine","sqrt",20,FALSE,FALSE,0.5,0.2,NA
221,"synthetic","LSVCMM",50,0.5,1,1,1,1,10,"sine","sqrt",21,FALSE,FALSE,0.5,0.2,NA
222,"synthetic","LSVCMM",50,0.5,1,1,1,1,10,"sine","sqrt",22,FALSE,FALSE,0.5,0.2,NA
223,"synthetic","LSVCMM",50,0.5,1,1,1,1,10,"sine","sqrt",23,FALSE,FALSE,0.5,0.2,NA
224,"synthetic","LSVCMM",50,0.5,1,1,1,1,10,"sine","sqrt",24,FALSE,FALSE,0.5,0.2,NA
225,"synthetic","LSVCMM",50,0.5,1,1,1,1,10,"sine","sqrt",25,FALSE,FALSE,0.5,0.2,NA
226,"synthetic","LSVCMM",50,0.5,1,1,1,1,10,"sine","sqrt",26,FALSE,FALSE,0.5,0.2,NA
227,"synthetic","LSVCMM",50,0.5,1,1,1,1,10,"sine","sqrt",27,FALSE,FALSE,0.5,0.2,NA
228,"synthetic","LSVCMM",50,0.5,1,1,1,1,10,"sine","sqrt",28,FALSE,FALSE,0.5,0.2,NA
229,"synthetic","LSVCMM",50,0.5,1,1,1,1,10,"sine","sqrt",29,FALSE,FALSE,0.5,0.2,NA
230,"synthetic","LSVCMM",50,0.5,1,1,1,1,10,"sine","sqrt",30,FALSE,FALSE,0.5,0.2,NA
231,"synthetic","LSVCMM",50,0.5,1,1,1,1,10,"sine","sqrt",31,FALSE,FALSE,0.5,0.2,NA
232,"synthetic","LSVCMM",50,0.5,1,1,1,1,10,"sine","sqrt",32,FALSE,FALSE,0.5,0.2,NA
233,"synthetic","LSVCMM",50,0.5,1,1,1,1,10,"sine","sqrt",33,FALSE,FALSE,0.5,0.2,NA
234,"synthetic","LSVCMM",50,0.5,1,1,1,1,10,"sine","sqrt",34,FALSE,FALSE,0.5,0.2,NA
235,"synthetic","LSVCMM",50,0.5,1,1,1,1,10,"sine","sqrt",35,FALSE,FALSE,0.5,0.2,NA
236,"synthetic","LSVCMM",50,0.5,1,1,1,1,10,"sine","sqrt",36,FALSE,FALSE,0.5,0.2,NA
237,"synthetic","LSVCMM",50,0.5,1,1,1,1,10,"sine","sqrt",37,FALSE,FALSE,0.5,0.2,NA
238,"synthetic","LSVCMM",50,0.5,1,1,1,1,10,"sine","sqrt",38,FALSE,FALSE,0.5,0.2,NA
239,"synthetic","LSVCMM",50,0.5,1,1,1,1,10,"sine","sqrt",39,FALSE,FALSE,0.5,0.2,NA
240,"synthetic","LSVCMM",50,0.5,1,1,1,1,10,"sine","sqrt",40,FALSE,FALSE,0.5,0.2,NA
241,"synthetic","LSVCMM",50,0.5,1,1,1,1,10,"sine","sqrt",41,FALSE,FALSE,0.5,0.2,NA
242,"synthetic","LSVCMM",50,0.5,1,1,1,1,10,"sine","sqrt",42,FALSE,FALSE,0.5,0.2,NA
243,"synthetic","LSVCMM",50,0.5,1,1,1,1,10,"sine","sqrt",43,FALSE,FALSE,0.5,0.2,NA
244,"synthetic","LSVCMM",50,0.5,1,1,1,1,10,"sine","sqrt",44,FALSE,FALSE,0.5,0.2,NA
245,"synthetic","LSVCMM",50,0.5,1,1,1,1,10,"sine","sqrt",45,FALSE,FALSE,0.5,0.2,NA
246,"synthetic","LSVCMM",50,0.5,1,1,1,1,10,"sine","sqrt",46,FALSE,FALSE,0.5,0.2,NA
247,"synthetic","LSVCMM",50,0.5,1,1,1,1,10,"sine","sqrt",47,FALSE,FALSE,0.5,0.2,NA
248,"synthetic","LSVCMM",50,0.5,1,1,1,1,10,"sine","sqrt",48,FALSE,FALSE,0.5,0.2,NA
249,"synthetic","LSVCMM",50,0.5,1,1,1,1,10,"sine","sqrt",49,FALSE,FALSE,0.5,0.2,NA
250,"synthetic","LSVCMM",50,0.5,1,1,1,1,10,"sine","sqrt",50,FALSE,FALSE,0.5,0.2,NA
251,"synthetic","LSVCMM",50,0.5,1,1,1,1,10,"sine","sqrt",51,FALSE,FALSE,0.5,0.2,NA
252,"synthetic","LSVCMM",50,0.5,1,1,1,1,10,"sine","sqrt",52,FALSE,FALSE,0.5,0.2,NA
253,"synthetic","LSVCMM",50,0.5,1,1,1,1,10,"sine","sqrt",53,FALSE,FALSE,0.5,0.2,NA
254,"synthetic","LSVCMM",50,0.5,1,1,1,1,10,"sine","sqrt",54,FALSE,FALSE,0.5,0.2,NA
255,"synthetic","LSVCMM",50,0.5,1,1,1,1,10,"sine","sqrt",55,FALSE,FALSE,0.5,0.2,NA
256,"synthetic","LSVCMM",50,0.5,1,1,1,1,10,"sine","sqrt",56,FALSE,FALSE,0.5,0.2,NA
257,"synthetic","LSVCMM",50,0.5,1,1,1,1,10,"sine","sqrt",57,FALSE,FALSE,0.5,0.2,NA
258,"synthetic","LSVCMM",50,0.5,1,1,1,1,10,"sine","sqrt",58,FALSE,FALSE,0.5,0.2,NA
259,"synthetic","LSVCMM",50,0.5,1,1,1,1,10,"sine","sqrt",59,FALSE,FALSE,0.5,0.2,NA
260,"synthetic","LSVCMM",50,0.5,1,1,1,1,10,"sine","sqrt",60,FALSE,FALSE,0.5,0.2,NA
261,"synthetic","LSVCMM",50,0.5,1,1,1,1,10,"sine","sqrt",61,FALSE,FALSE,0.5,0.2,NA
262,"synthetic","LSVCMM",50,0.5,1,1,1,1,10,"sine","sqrt",62,FALSE,FALSE,0.5,0.2,NA
263,"synthetic","LSVCMM",50,0.5,1,1,1,1,10,"sine","sqrt",63,FALSE,FALSE,0.5,0.2,NA
264,"synthetic","LSVCMM",50,0.5,1,1,1,1,10,"sine","sqrt",64,FALSE,FALSE,0.5,0.2,NA
265,"synthetic","LSVCMM",50,0.5,1,1,1,1,10,"sine","sqrt",65,FALSE,FALSE,0.5,0.2,NA
266,"synthetic","LSVCMM",50,0.5,1,1,1,1,10,"sine","sqrt",66,FALSE,FALSE,0.5,0.2,NA
267,"synthetic","LSVCMM",50,0.5,1,1,1,1,10,"sine","sqrt",67,FALSE,FALSE,0.5,0.2,NA
268,"synthetic","LSVCMM",50,0.5,1,1,1,1,10,"sine","sqrt",68,FALSE,FALSE,0.5,0.2,NA
269,"synthetic","LSVCMM",50,0.5,1,1,1,1,10,"sine","sqrt",69,FALSE,FALSE,0.5,0.2,NA
270,"synthetic","LSVCMM",50,0.5,1,1,1,1,10,"sine","sqrt",70,FALSE,FALSE,0.5,0.2,NA
271,"synthetic","LSVCMM",50,0.5,1,1,1,1,10,"sine","sqrt",71,FALSE,FALSE,0.5,0.2,NA
272,"synthetic","LSVCMM",50,0.5,1,1,1,1,10,"sine","sqrt",72,FALSE,FALSE,0.5,0.2,NA
273,"synthetic","LSVCMM",50,0.5,1,1,1,1,10,"sine","sqrt",73,FALSE,FALSE,0.5,0.2,NA
274,"synthetic","LSVCMM",50,0.5,1,1,1,1,10,"sine","sqrt",74,FALSE,FALSE,0.5,0.2,NA
275,"synthetic","LSVCMM",50,0.5,1,1,1,1,10,"sine","sqrt",75,FALSE,FALSE,0.5,0.2,NA
276,"synthetic","LSVCMM",50,0.5,1,1,1,1,10,"sine","sqrt",76,FALSE,FALSE,0.5,0.2,NA
277,"synthetic","LSVCMM",50,0.5,1,1,1,1,10,"sine","sqrt",77,FALSE,FALSE,0.5,0.2,NA
278,"synthetic","LSVCMM",50,0.5,1,1,1,1,10,"sine","sqrt",78,FALSE,FALSE,0.5,0.2,NA
279,"synthetic","LSVCMM",50,0.5,1,1,1,1,10,"sine","sqrt",79,FALSE,FALSE,0.5,0.2,NA
280,"synthetic","LSVCMM",50,0.5,1,1,1,1,10,"sine","sqrt",80,FALSE,FALSE,0.5,0.2,NA
281,"synthetic","LSVCMM",50,0.5,1,1,1,1,10,"sine","sqrt",81,FALSE,FALSE,0.5,0.2,NA
282,"synthetic","LSVCMM",50,0.5,1,1,1,1,10,"sine","sqrt",82,FALSE,FALSE,0.5,0.2,NA
283,"synthetic","LSVCMM",50,0.5,1,1,1,1,10,"sine","sqrt",83,FALSE,FALSE,0.5,0.2,NA
284,"synthetic","LSVCMM",50,0.5,1,1,1,1,10,"sine","sqrt",84,FALSE,FALSE,0.5,0.2,NA
285,"synthetic","LSVCMM",50,0.5,1,1,1,1,10,"sine","sqrt",85,FALSE,FALSE,0.5,0.2,NA
286,"synthetic","LSVCMM",50,0.5,1,1,1,1,10,"sine","sqrt",86,FALSE,FALSE,0.5,0.2,NA
287,"synthetic","LSVCMM",50,0.5,1,1,1,1,10,"sine","sqrt",87,FALSE,FALSE,0.5,0.2,NA
288,"synthetic","LSVCMM",50,0.5,1,1,1,1,10,"sine","sqrt",88,FALSE,FALSE,0.5,0.2,NA
289,"synthetic","LSVCMM",50,0.5,1,1,1,1,10,"sine","sqrt",89,FALSE,FALSE,0.5,0.2,NA
290,"synthetic","LSVCMM",50,0.5,1,1,1,1,10,"sine","sqrt",90,FALSE,FALSE,0.5,0.2,NA
291,"synthetic","LSVCMM",50,0.5,1,1,1,1,10,"sine","sqrt",91,FALSE,FALSE,0.5,0.2,NA
292,"synthetic","LSVCMM",50,0.5,1,1,1,1,10,"sine","sqrt",92,FALSE,FALSE,0.5,0.2,NA
293,"synthetic","LSVCMM",50,0.5,1,1,1,1,10,"sine","sqrt",93,FALSE,FALSE,0.5,0.2,NA
294,"synthetic","LSVCMM",50,0.5,1,1,1,1,10,"sine","sqrt",94,FALSE,FALSE,0.5,0.2,NA
295,"synthetic","LSVCMM",50,0.5,1,1,1,1,10,"sine","sqrt",95,FALSE,FALSE,0.5,0.2,NA
296,"synthetic","LSVCMM",50,0.5,1,1,1,1,10,"sine","sqrt",96,FALSE,FALSE,0.5,0.2,NA
297,"synthetic","LSVCMM",50,0.5,1,1,1,1,10,"sine","sqrt",97,FALSE,FALSE,0.5,0.2,NA
298,"synthetic","LSVCMM",50,0.5,1,1,1,1,10,"sine","sqrt",98,FALSE,FALSE,0.5,0.2,NA
299,"synthetic","LSVCMM",50,0.5,1,1,1,1,10,"sine","sqrt",99,FALSE,FALSE,0.5,0.2,NA
300,"synthetic","LSVCMM",50,0.5,1,1,1,1,10,"sine","sqrt",100,FALSE,FALSE,0.5,0.2,NA
301,"synthetic","LSVCMM",100,0.5,1,1,1,1,10,"sine","sqrt",1,FALSE,FALSE,0.5,0.2,NA
302,"synthetic","LSVCMM",100,0.5,1,1,1,1,10,"sine","sqrt",2,FALSE,FALSE,0.5,0.2,NA
303,"synthetic","LSVCMM",100,0.5,1,1,1,1,10,"sine","sqrt",3,FALSE,FALSE,0.5,0.2,NA
304,"synthetic","LSVCMM",100,0.5,1,1,1,1,10,"sine","sqrt",4,FALSE,FALSE,0.5,0.2,NA
305,"synthetic","LSVCMM",100,0.5,1,1,1,1,10,"sine","sqrt",5,FALSE,FALSE,0.5,0.2,NA
306,"synthetic","LSVCMM",100,0.5,1,1,1,1,10,"sine","sqrt",6,FALSE,FALSE,0.5,0.2,NA
307,"synthetic","LSVCMM",100,0.5,1,1,1,1,10,"sine","sqrt",7,FALSE,FALSE,0.5,0.2,NA
308,"synthetic","LSVCMM",100,0.5,1,1,1,1,10,"sine","sqrt",8,FALSE,FALSE,0.5,0.2,NA
309,"synthetic","LSVCMM",100,0.5,1,1,1,1,10,"sine","sqrt",9,FALSE,FALSE,0.5,0.2,NA
310,"synthetic","LSVCMM",100,0.5,1,1,1,1,10,"sine","sqrt",10,FALSE,FALSE,0.5,0.2,NA
311,"synthetic","LSVCMM",100,0.5,1,1,1,1,10,"sine","sqrt",11,FALSE,FALSE,0.5,0.2,NA
312,"synthetic","LSVCMM",100,0.5,1,1,1,1,10,"sine","sqrt",12,FALSE,FALSE,0.5,0.2,NA
313,"synthetic","LSVCMM",100,0.5,1,1,1,1,10,"sine","sqrt",13,FALSE,FALSE,0.5,0.2,NA
314,"synthetic","LSVCMM",100,0.5,1,1,1,1,10,"sine","sqrt",14,FALSE,FALSE,0.5,0.2,NA
315,"synthetic","LSVCMM",100,0.5,1,1,1,1,10,"sine","sqrt",15,FALSE,FALSE,0.5,0.2,NA
316,"synthetic","LSVCMM",100,0.5,1,1,1,1,10,"sine","sqrt",16,FALSE,FALSE,0.5,0.2,NA
317,"synthetic","LSVCMM",100,0.5,1,1,1,1,10,"sine","sqrt",17,FALSE,FALSE,0.5,0.2,NA
318,"synthetic","LSVCMM",100,0.5,1,1,1,1,10,"sine","sqrt",18,FALSE,FALSE,0.5,0.2,NA
319,"synthetic","LSVCMM",100,0.5,1,1,1,1,10,"sine","sqrt",19,FALSE,FALSE,0.5,0.2,NA
320,"synthetic","LSVCMM",100,0.5,1,1,1,1,10,"sine","sqrt",20,FALSE,FALSE,0.5,0.2,NA
321,"synthetic","LSVCMM",100,0.5,1,1,1,1,10,"sine","sqrt",21,FALSE,FALSE,0.5,0.2,NA
322,"synthetic","LSVCMM",100,0.5,1,1,1,1,10,"sine","sqrt",22,FALSE,FALSE,0.5,0.2,NA
323,"synthetic","LSVCMM",100,0.5,1,1,1,1,10,"sine","sqrt",23,FALSE,FALSE,0.5,0.2,NA
324,"synthetic","LSVCMM",100,0.5,1,1,1,1,10,"sine","sqrt",24,FALSE,FALSE,0.5,0.2,NA
325,"synthetic","LSVCMM",100,0.5,1,1,1,1,10,"sine","sqrt",25,FALSE,FALSE,0.5,0.2,NA
326,"synthetic","LSVCMM",100,0.5,1,1,1,1,10,"sine","sqrt",26,FALSE,FALSE,0.5,0.2,NA
327,"synthetic","LSVCMM",100,0.5,1,1,1,1,10,"sine","sqrt",27,FALSE,FALSE,0.5,0.2,NA
328,"synthetic","LSVCMM",100,0.5,1,1,1,1,10,"sine","sqrt",28,FALSE,FALSE,0.5,0.2,NA
329,"synthetic","LSVCMM",100,0.5,1,1,1,1,10,"sine","sqrt",29,FALSE,FALSE,0.5,0.2,NA
330,"synthetic","LSVCMM",100,0.5,1,1,1,1,10,"sine","sqrt",30,FALSE,FALSE,0.5,0.2,NA
331,"synthetic","LSVCMM",100,0.5,1,1,1,1,10,"sine","sqrt",31,FALSE,FALSE,0.5,0.2,NA
332,"synthetic","LSVCMM",100,0.5,1,1,1,1,10,"sine","sqrt",32,FALSE,FALSE,0.5,0.2,NA
333,"synthetic","LSVCMM",100,0.5,1,1,1,1,10,"sine","sqrt",33,FALSE,FALSE,0.5,0.2,NA
334,"synthetic","LSVCMM",100,0.5,1,1,1,1,10,"sine","sqrt",34,FALSE,FALSE,0.5,0.2,NA
335,"synthetic","LSVCMM",100,0.5,1,1,1,1,10,"sine","sqrt",35,FALSE,FALSE,0.5,0.2,NA
336,"synthetic","LSVCMM",100,0.5,1,1,1,1,10,"sine","sqrt",36,FALSE,FALSE,0.5,0.2,NA
337,"synthetic","LSVCMM",100,0.5,1,1,1,1,10,"sine","sqrt",37,FALSE,FALSE,0.5,0.2,NA
338,"synthetic","LSVCMM",100,0.5,1,1,1,1,10,"sine","sqrt",38,FALSE,FALSE,0.5,0.2,NA
339,"synthetic","LSVCMM",100,0.5,1,1,1,1,10,"sine","sqrt",39,FALSE,FALSE,0.5,0.2,NA
340,"synthetic","LSVCMM",100,0.5,1,1,1,1,10,"sine","sqrt",40,FALSE,FALSE,0.5,0.2,NA
341,"synthetic","LSVCMM",100,0.5,1,1,1,1,10,"sine","sqrt",41,FALSE,FALSE,0.5,0.2,NA
342,"synthetic","LSVCMM",100,0.5,1,1,1,1,10,"sine","sqrt",42,FALSE,FALSE,0.5,0.2,NA
343,"synthetic","LSVCMM",100,0.5,1,1,1,1,10,"sine","sqrt",43,FALSE,FALSE,0.5,0.2,NA
344,"synthetic","LSVCMM",100,0.5,1,1,1,1,10,"sine","sqrt",44,FALSE,FALSE,0.5,0.2,NA
345,"synthetic","LSVCMM",100,0.5,1,1,1,1,10,"sine","sqrt",45,FALSE,FALSE,0.5,0.2,NA
346,"synthetic","LSVCMM",100,0.5,1,1,1,1,10,"sine","sqrt",46,FALSE,FALSE,0.5,0.2,NA
347,"synthetic","LSVCMM",100,0.5,1,1,1,1,10,"sine","sqrt",47,FALSE,FALSE,0.5,0.2,NA
348,"synthetic","LSVCMM",100,0.5,1,1,1,1,10,"sine","sqrt",48,FALSE,FALSE,0.5,0.2,NA
349,"synthetic","LSVCMM",100,0.5,1,1,1,1,10,"sine","sqrt",49,FALSE,FALSE,0.5,0.2,NA
350,"synthetic","LSVCMM",100,0.5,1,1,1,1,10,"sine","sqrt",50,FALSE,FALSE,0.5,0.2,NA
351,"synthetic","LSVCMM",100,0.5,1,1,1,1,10,"sine","sqrt",51,FALSE,FALSE,0.5,0.2,NA
352,"synthetic","LSVCMM",100,0.5,1,1,1,1,10,"sine","sqrt",52,FALSE,FALSE,0.5,0.2,NA
353,"synthetic","LSVCMM",100,0.5,1,1,1,1,10,"sine","sqrt",53,FALSE,FALSE,0.5,0.2,NA
354,"synthetic","LSVCMM",100,0.5,1,1,1,1,10,"sine","sqrt",54,FALSE,FALSE,0.5,0.2,NA
355,"synthetic","LSVCMM",100,0.5,1,1,1,1,10,"sine","sqrt",55,FALSE,FALSE,0.5,0.2,NA
356,"synthetic","LSVCMM",100,0.5,1,1,1,1,10,"sine","sqrt",56,FALSE,FALSE,0.5,0.2,NA
357,"synthetic","LSVCMM",100,0.5,1,1,1,1,10,"sine","sqrt",57,FALSE,FALSE,0.5,0.2,NA
358,"synthetic","LSVCMM",100,0.5,1,1,1,1,10,"sine","sqrt",58,FALSE,FALSE,0.5,0.2,NA
359,"synthetic","LSVCMM",100,0.5,1,1,1,1,10,"sine","sqrt",59,FALSE,FALSE,0.5,0.2,NA
360,"synthetic","LSVCMM",100,0.5,1,1,1,1,10,"sine","sqrt",60,FALSE,FALSE,0.5,0.2,NA
361,"synthetic","LSVCMM",100,0.5,1,1,1,1,10,"sine","sqrt",61,FALSE,FALSE,0.5,0.2,NA
362,"synthetic","LSVCMM",100,0.5,1,1,1,1,10,"sine","sqrt",62,FALSE,FALSE,0.5,0.2,NA
363,"synthetic","LSVCMM",100,0.5,1,1,1,1,10,"sine","sqrt",63,FALSE,FALSE,0.5,0.2,NA
364,"synthetic","LSVCMM",100,0.5,1,1,1,1,10,"sine","sqrt",64,FALSE,FALSE,0.5,0.2,NA
365,"synthetic","LSVCMM",100,0.5,1,1,1,1,10,"sine","sqrt",65,FALSE,FALSE,0.5,0.2,NA
366,"synthetic","LSVCMM",100,0.5,1,1,1,1,10,"sine","sqrt",66,FALSE,FALSE,0.5,0.2,NA
367,"synthetic","LSVCMM",100,0.5,1,1,1,1,10,"sine","sqrt",67,FALSE,FALSE,0.5,0.2,NA
368,"synthetic","LSVCMM",100,0.5,1,1,1,1,10,"sine","sqrt",68,FALSE,FALSE,0.5,0.2,NA
369,"synthetic","LSVCMM",100,0.5,1,1,1,1,10,"sine","sqrt",69,FALSE,FALSE,0.5,0.2,NA
370,"synthetic","LSVCMM",100,0.5,1,1,1,1,10,"sine","sqrt",70,FALSE,FALSE,0.5,0.2,NA
371,"synthetic","LSVCMM",100,0.5,1,1,1,1,10,"sine","sqrt",71,FALSE,FALSE,0.5,0.2,NA
372,"synthetic","LSVCMM",100,0.5,1,1,1,1,10,"sine","sqrt",72,FALSE,FALSE,0.5,0.2,NA
373,"synthetic","LSVCMM",100,0.5,1,1,1,1,10,"sine","sqrt",73,FALSE,FALSE,0.5,0.2,NA
374,"synthetic","LSVCMM",100,0.5,1,1,1,1,10,"sine","sqrt",74,FALSE,FALSE,0.5,0.2,NA
375,"synthetic","LSVCMM",100,0.5,1,1,1,1,10,"sine","sqrt",75,FALSE,FALSE,0.5,0.2,NA
376,"synthetic","LSVCMM",100,0.5,1,1,1,1,10,"sine","sqrt",76,FALSE,FALSE,0.5,0.2,NA
377,"synthetic","LSVCMM",100,0.5,1,1,1,1,10,"sine","sqrt",77,FALSE,FALSE,0.5,0.2,NA
378,"synthetic","LSVCMM",100,0.5,1,1,1,1,10,"sine","sqrt",78,FALSE,FALSE,0.5,0.2,NA
379,"synthetic","LSVCMM",100,0.5,1,1,1,1,10,"sine","sqrt",79,FALSE,FALSE,0.5,0.2,NA
380,"synthetic","LSVCMM",100,0.5,1,1,1,1,10,"sine","sqrt",80,FALSE,FALSE,0.5,0.2,NA
381,"synthetic","LSVCMM",100,0.5,1,1,1,1,10,"sine","sqrt",81,FALSE,FALSE,0.5,0.2,NA
382,"synthetic","LSVCMM",100,0.5,1,1,1,1,10,"sine","sqrt",82,FALSE,FALSE,0.5,0.2,NA
383,"synthetic","LSVCMM",100,0.5,1,1,1,1,10,"sine","sqrt",83,FALSE,FALSE,0.5,0.2,NA
384,"synthetic","LSVCMM",100,0.5,1,1,1,1,10,"sine","sqrt",84,FALSE,FALSE,0.5,0.2,NA
385,"synthetic","LSVCMM",100,0.5,1,1,1,1,10,"sine","sqrt",85,FALSE,FALSE,0.5,0.2,NA
386,"synthetic","LSVCMM",100,0.5,1,1,1,1,10,"sine","sqrt",86,FALSE,FALSE,0.5,0.2,NA
387,"synthetic","LSVCMM",100,0.5,1,1,1,1,10,"sine","sqrt",87,FALSE,FALSE,0.5,0.2,NA
388,"synthetic","LSVCMM",100,0.5,1,1,1,1,10,"sine","sqrt",88,FALSE,FALSE,0.5,0.2,NA
389,"synthetic","LSVCMM",100,0.5,1,1,1,1,10,"sine","sqrt",89,FALSE,FALSE,0.5,0.2,NA
390,"synthetic","LSVCMM",100,0.5,1,1,1,1,10,"sine","sqrt",90,FALSE,FALSE,0.5,0.2,NA
391,"synthetic","LSVCMM",100,0.5,1,1,1,1,10,"sine","sqrt",91,FALSE,FALSE,0.5,0.2,NA
392,"synthetic","LSVCMM",100,0.5,1,1,1,1,10,"sine","sqrt",92,FALSE,FALSE,0.5,0.2,NA
393,"synthetic","LSVCMM",100,0.5,1,1,1,1,10,"sine","sqrt",93,FALSE,FALSE,0.5,0.2,NA
394,"synthetic","LSVCMM",100,0.5,1,1,1,1,10,"sine","sqrt",94,FALSE,FALSE,0.5,0.2,NA
395,"synthetic","LSVCMM",100,0.5,1,1,1,1,10,"sine","sqrt",95,FALSE,FALSE,0.5,0.2,NA
396,"synthetic","LSVCMM",100,0.5,1,1,1,1,10,"sine","sqrt",96,FALSE,FALSE,0.5,0.2,NA
397,"synthetic","LSVCMM",100,0.5,1,1,1,1,10,"sine","sqrt",97,FALSE,FALSE,0.5,0.2,NA
398,"synthetic","LSVCMM",100,0.5,1,1,1,1,10,"sine","sqrt",98,FALSE,FALSE,0.5,0.2,NA
399,"synthetic","LSVCMM",100,0.5,1,1,1,1,10,"sine","sqrt",99,FALSE,FALSE,0.5,0.2,NA
400,"synthetic","LSVCMM",100,0.5,1,1,1,1,10,"sine","sqrt",100,FALSE,FALSE,0.5,0.2,NA
401,"synthetic","LSVCMM",150,0.5,1,1,1,1,10,"sine","sqrt",1,FALSE,FALSE,0.5,0.2,NA
402,"synthetic","LSVCMM",150,0.5,1,1,1,1,10,"sine","sqrt",2,FALSE,FALSE,0.5,0.2,NA
403,"synthetic","LSVCMM",150,0.5,1,1,1,1,10,"sine","sqrt",3,FALSE,FALSE,0.5,0.2,NA
404,"synthetic","LSVCMM",150,0.5,1,1,1,1,10,"sine","sqrt",4,FALSE,FALSE,0.5,0.2,NA
405,"synthetic","LSVCMM",150,0.5,1,1,1,1,10,"sine","sqrt",5,FALSE,FALSE,0.5,0.2,NA
406,"synthetic","LSVCMM",150,0.5,1,1,1,1,10,"sine","sqrt",6,FALSE,FALSE,0.5,0.2,NA
407,"synthetic","LSVCMM",150,0.5,1,1,1,1,10,"sine","sqrt",7,FALSE,FALSE,0.5,0.2,NA
408,"synthetic","LSVCMM",150,0.5,1,1,1,1,10,"sine","sqrt",8,FALSE,FALSE,0.5,0.2,NA
409,"synthetic","LSVCMM",150,0.5,1,1,1,1,10,"sine","sqrt",9,FALSE,FALSE,0.5,0.2,NA
410,"synthetic","LSVCMM",150,0.5,1,1,1,1,10,"sine","sqrt",10,FALSE,FALSE,0.5,0.2,NA
411,"synthetic","LSVCMM",150,0.5,1,1,1,1,10,"sine","sqrt",11,FALSE,FALSE,0.5,0.2,NA
412,"synthetic","LSVCMM",150,0.5,1,1,1,1,10,"sine","sqrt",12,FALSE,FALSE,0.5,0.2,NA
413,"synthetic","LSVCMM",150,0.5,1,1,1,1,10,"sine","sqrt",13,FALSE,FALSE,0.5,0.2,NA
414,"synthetic","LSVCMM",150,0.5,1,1,1,1,10,"sine","sqrt",14,FALSE,FALSE,0.5,0.2,NA
415,"synthetic","LSVCMM",150,0.5,1,1,1,1,10,"sine","sqrt",15,FALSE,FALSE,0.5,0.2,NA
416,"synthetic","LSVCMM",150,0.5,1,1,1,1,10,"sine","sqrt",16,FALSE,FALSE,0.5,0.2,NA
417,"synthetic","LSVCMM",150,0.5,1,1,1,1,10,"sine","sqrt",17,FALSE,FALSE,0.5,0.2,NA
418,"synthetic","LSVCMM",150,0.5,1,1,1,1,10,"sine","sqrt",18,FALSE,FALSE,0.5,0.2,NA
419,"synthetic","LSVCMM",150,0.5,1,1,1,1,10,"sine","sqrt",19,FALSE,FALSE,0.5,0.2,NA
420,"synthetic","LSVCMM",150,0.5,1,1,1,1,10,"sine","sqrt",20,FALSE,FALSE,0.5,0.2,NA
421,"synthetic","LSVCMM",150,0.5,1,1,1,1,10,"sine","sqrt",21,FALSE,FALSE,0.5,0.2,NA
422,"synthetic","LSVCMM",150,0.5,1,1,1,1,10,"sine","sqrt",22,FALSE,FALSE,0.5,0.2,NA
423,"synthetic","LSVCMM",150,0.5,1,1,1,1,10,"sine","sqrt",23,FALSE,FALSE,0.5,0.2,NA
424,"synthetic","LSVCMM",150,0.5,1,1,1,1,10,"sine","sqrt",24,FALSE,FALSE,0.5,0.2,NA
425,"synthetic","LSVCMM",150,0.5,1,1,1,1,10,"sine","sqrt",25,FALSE,FALSE,0.5,0.2,NA
426,"synthetic","LSVCMM",150,0.5,1,1,1,1,10,"sine","sqrt",26,FALSE,FALSE,0.5,0.2,NA
427,"synthetic","LSVCMM",150,0.5,1,1,1,1,10,"sine","sqrt",27,FALSE,FALSE,0.5,0.2,NA
428,"synthetic","LSVCMM",150,0.5,1,1,1,1,10,"sine","sqrt",28,FALSE,FALSE,0.5,0.2,NA
429,"synthetic","LSVCMM",150,0.5,1,1,1,1,10,"sine","sqrt",29,FALSE,FALSE,0.5,0.2,NA
430,"synthetic","LSVCMM",150,0.5,1,1,1,1,10,"sine","sqrt",30,FALSE,FALSE,0.5,0.2,NA
431,"synthetic","LSVCMM",150,0.5,1,1,1,1,10,"sine","sqrt",31,FALSE,FALSE,0.5,0.2,NA
432,"synthetic","LSVCMM",150,0.5,1,1,1,1,10,"sine","sqrt",32,FALSE,FALSE,0.5,0.2,NA
433,"synthetic","LSVCMM",150,0.5,1,1,1,1,10,"sine","sqrt",33,FALSE,FALSE,0.5,0.2,NA
434,"synthetic","LSVCMM",150,0.5,1,1,1,1,10,"sine","sqrt",34,FALSE,FALSE,0.5,0.2,NA
435,"synthetic","LSVCMM",150,0.5,1,1,1,1,10,"sine","sqrt",35,FALSE,FALSE,0.5,0.2,NA
436,"synthetic","LSVCMM",150,0.5,1,1,1,1,10,"sine","sqrt",36,FALSE,FALSE,0.5,0.2,NA
437,"synthetic","LSVCMM",150,0.5,1,1,1,1,10,"sine","sqrt",37,FALSE,FALSE,0.5,0.2,NA
438,"synthetic","LSVCMM",150,0.5,1,1,1,1,10,"sine","sqrt",38,FALSE,FALSE,0.5,0.2,NA
439,"synthetic","LSVCMM",150,0.5,1,1,1,1,10,"sine","sqrt",39,FALSE,FALSE,0.5,0.2,NA
440,"synthetic","LSVCMM",150,0.5,1,1,1,1,10,"sine","sqrt",40,FALSE,FALSE,0.5,0.2,NA
441,"synthetic","LSVCMM",150,0.5,1,1,1,1,10,"sine","sqrt",41,FALSE,FALSE,0.5,0.2,NA
442,"synthetic","LSVCMM",150,0.5,1,1,1,1,10,"sine","sqrt",42,FALSE,FALSE,0.5,0.2,NA
443,"synthetic","LSVCMM",150,0.5,1,1,1,1,10,"sine","sqrt",43,FALSE,FALSE,0.5,0.2,NA
444,"synthetic","LSVCMM",150,0.5,1,1,1,1,10,"sine","sqrt",44,FALSE,FALSE,0.5,0.2,NA
445,"synthetic","LSVCMM",150,0.5,1,1,1,1,10,"sine","sqrt",45,FALSE,FALSE,0.5,0.2,NA
446,"synthetic","LSVCMM",150,0.5,1,1,1,1,10,"sine","sqrt",46,FALSE,FALSE,0.5,0.2,NA
447,"synthetic","LSVCMM",150,0.5,1,1,1,1,10,"sine","sqrt",47,FALSE,FALSE,0.5,0.2,NA
448,"synthetic","LSVCMM",150,0.5,1,1,1,1,10,"sine","sqrt",48,FALSE,FALSE,0.5,0.2,NA
449,"synthetic","LSVCMM",150,0.5,1,1,1,1,10,"sine","sqrt",49,FALSE,FALSE,0.5,0.2,NA
450,"synthetic","LSVCMM",150,0.5,1,1,1,1,10,"sine","sqrt",50,FALSE,FALSE,0.5,0.2,NA
451,"synthetic","LSVCMM",150,0.5,1,1,1,1,10,"sine","sqrt",51,FALSE,FALSE,0.5,0.2,NA
452,"synthetic","LSVCMM",150,0.5,1,1,1,1,10,"sine","sqrt",52,FALSE,FALSE,0.5,0.2,NA
453,"synthetic","LSVCMM",150,0.5,1,1,1,1,10,"sine","sqrt",53,FALSE,FALSE,0.5,0.2,NA
454,"synthetic","LSVCMM",150,0.5,1,1,1,1,10,"sine","sqrt",54,FALSE,FALSE,0.5,0.2,NA
455,"synthetic","LSVCMM",150,0.5,1,1,1,1,10,"sine","sqrt",55,FALSE,FALSE,0.5,0.2,NA
456,"synthetic","LSVCMM",150,0.5,1,1,1,1,10,"sine","sqrt",56,FALSE,FALSE,0.5,0.2,NA
457,"synthetic","LSVCMM",150,0.5,1,1,1,1,10,"sine","sqrt",57,FALSE,FALSE,0.5,0.2,NA
458,"synthetic","LSVCMM",150,0.5,1,1,1,1,10,"sine","sqrt",58,FALSE,FALSE,0.5,0.2,NA
459,"synthetic","LSVCMM",150,0.5,1,1,1,1,10,"sine","sqrt",59,FALSE,FALSE,0.5,0.2,NA
460,"synthetic","LSVCMM",150,0.5,1,1,1,1,10,"sine","sqrt",60,FALSE,FALSE,0.5,0.2,NA
461,"synthetic","LSVCMM",150,0.5,1,1,1,1,10,"sine","sqrt",61,FALSE,FALSE,0.5,0.2,NA
462,"synthetic","LSVCMM",150,0.5,1,1,1,1,10,"sine","sqrt",62,FALSE,FALSE,0.5,0.2,NA
463,"synthetic","LSVCMM",150,0.5,1,1,1,1,10,"sine","sqrt",63,FALSE,FALSE,0.5,0.2,NA
464,"synthetic","LSVCMM",150,0.5,1,1,1,1,10,"sine","sqrt",64,FALSE,FALSE,0.5,0.2,NA
465,"synthetic","LSVCMM",150,0.5,1,1,1,1,10,"sine","sqrt",65,FALSE,FALSE,0.5,0.2,NA
466,"synthetic","LSVCMM",150,0.5,1,1,1,1,10,"sine","sqrt",66,FALSE,FALSE,0.5,0.2,NA
467,"synthetic","LSVCMM",150,0.5,1,1,1,1,10,"sine","sqrt",67,FALSE,FALSE,0.5,0.2,NA
468,"synthetic","LSVCMM",150,0.5,1,1,1,1,10,"sine","sqrt",68,FALSE,FALSE,0.5,0.2,NA
469,"synthetic","LSVCMM",150,0.5,1,1,1,1,10,"sine","sqrt",69,FALSE,FALSE,0.5,0.2,NA
470,"synthetic","LSVCMM",150,0.5,1,1,1,1,10,"sine","sqrt",70,FALSE,FALSE,0.5,0.2,NA
471,"synthetic","LSVCMM",150,0.5,1,1,1,1,10,"sine","sqrt",71,FALSE,FALSE,0.5,0.2,NA
472,"synthetic","LSVCMM",150,0.5,1,1,1,1,10,"sine","sqrt",72,FALSE,FALSE,0.5,0.2,NA
473,"synthetic","LSVCMM",150,0.5,1,1,1,1,10,"sine","sqrt",73,FALSE,FALSE,0.5,0.2,NA
474,"synthetic","LSVCMM",150,0.5,1,1,1,1,10,"sine","sqrt",74,FALSE,FALSE,0.5,0.2,NA
475,"synthetic","LSVCMM",150,0.5,1,1,1,1,10,"sine","sqrt",75,FALSE,FALSE,0.5,0.2,NA
476,"synthetic","LSVCMM",150,0.5,1,1,1,1,10,"sine","sqrt",76,FALSE,FALSE,0.5,0.2,NA
477,"synthetic","LSVCMM",150,0.5,1,1,1,1,10,"sine","sqrt",77,FALSE,FALSE,0.5,0.2,NA
478,"synthetic","LSVCMM",150,0.5,1,1,1,1,10,"sine","sqrt",78,FALSE,FALSE,0.5,0.2,NA
479,"synthetic","LSVCMM",150,0.5,1,1,1,1,10,"sine","sqrt",79,FALSE,FALSE,0.5,0.2,NA
480,"synthetic","LSVCMM",150,0.5,1,1,1,1,10,"sine","sqrt",80,FALSE,FALSE,0.5,0.2,NA
481,"synthetic","LSVCMM",150,0.5,1,1,1,1,10,"sine","sqrt",81,FALSE,FALSE,0.5,0.2,NA
482,"synthetic","LSVCMM",150,0.5,1,1,1,1,10,"sine","sqrt",82,FALSE,FALSE,0.5,0.2,NA
483,"synthetic","LSVCMM",150,0.5,1,1,1,1,10,"sine","sqrt",83,FALSE,FALSE,0.5,0.2,NA
484,"synthetic","LSVCMM",150,0.5,1,1,1,1,10,"sine","sqrt",84,FALSE,FALSE,0.5,0.2,NA
485,"synthetic","LSVCMM",150,0.5,1,1,1,1,10,"sine","sqrt",85,FALSE,FALSE,0.5,0.2,NA
486,"synthetic","LSVCMM",150,0.5,1,1,1,1,10,"sine","sqrt",86,FALSE,FALSE,0.5,0.2,NA
487,"synthetic","LSVCMM",150,0.5,1,1,1,1,10,"sine","sqrt",87,FALSE,FALSE,0.5,0.2,NA
488,"synthetic","LSVCMM",150,0.5,1,1,1,1,10,"sine","sqrt",88,FALSE,FALSE,0.5,0.2,NA
489,"synthetic","LSVCMM",150,0.5,1,1,1,1,10,"sine","sqrt",89,FALSE,FALSE,0.5,0.2,NA
490,"synthetic","LSVCMM",150,0.5,1,1,1,1,10,"sine","sqrt",90,FALSE,FALSE,0.5,0.2,NA
491,"synthetic","LSVCMM",150,0.5,1,1,1,1,10,"sine","sqrt",91,FALSE,FALSE,0.5,0.2,NA
492,"synthetic","LSVCMM",150,0.5,1,1,1,1,10,"sine","sqrt",92,FALSE,FALSE,0.5,0.2,NA
493,"synthetic","LSVCMM",150,0.5,1,1,1,1,10,"sine","sqrt",93,FALSE,FALSE,0.5,0.2,NA
494,"synthetic","LSVCMM",150,0.5,1,1,1,1,10,"sine","sqrt",94,FALSE,FALSE,0.5,0.2,NA
495,"synthetic","LSVCMM",150,0.5,1,1,1,1,10,"sine","sqrt",95,FALSE,FALSE,0.5,0.2,NA
496,"synthetic","LSVCMM",150,0.5,1,1,1,1,10,"sine","sqrt",96,FALSE,FALSE,0.5,0.2,NA
497,"synthetic","LSVCMM",150,0.5,1,1,1,1,10,"sine","sqrt",97,FALSE,FALSE,0.5,0.2,NA
498,"synthetic","LSVCMM",150,0.5,1,1,1,1,10,"sine","sqrt",98,FALSE,FALSE,0.5,0.2,NA
499,"synthetic","LSVCMM",150,0.5,1,1,1,1,10,"sine","sqrt",99,FALSE,FALSE,0.5,0.2,NA
500,"synthetic","LSVCMM",150,0.5,1,1,1,1,10,"sine","sqrt",100,FALSE,FALSE,0.5,0.2,NA
501,"synthetic","LSVCMM",200,0.5,1,1,1,1,10,"sine","sqrt",1,FALSE,FALSE,0.5,0.2,NA
502,"synthetic","LSVCMM",200,0.5,1,1,1,1,10,"sine","sqrt",2,FALSE,FALSE,0.5,0.2,NA
503,"synthetic","LSVCMM",200,0.5,1,1,1,1,10,"sine","sqrt",3,FALSE,FALSE,0.5,0.2,NA
504,"synthetic","LSVCMM",200,0.5,1,1,1,1,10,"sine","sqrt",4,FALSE,FALSE,0.5,0.2,NA
505,"synthetic","LSVCMM",200,0.5,1,1,1,1,10,"sine","sqrt",5,FALSE,FALSE,0.5,0.2,NA
506,"synthetic","LSVCMM",200,0.5,1,1,1,1,10,"sine","sqrt",6,FALSE,FALSE,0.5,0.2,NA
507,"synthetic","LSVCMM",200,0.5,1,1,1,1,10,"sine","sqrt",7,FALSE,FALSE,0.5,0.2,NA
508,"synthetic","LSVCMM",200,0.5,1,1,1,1,10,"sine","sqrt",8,FALSE,FALSE,0.5,0.2,NA
509,"synthetic","LSVCMM",200,0.5,1,1,1,1,10,"sine","sqrt",9,FALSE,FALSE,0.5,0.2,NA
510,"synthetic","LSVCMM",200,0.5,1,1,1,1,10,"sine","sqrt",10,FALSE,FALSE,0.5,0.2,NA
511,"synthetic","LSVCMM",200,0.5,1,1,1,1,10,"sine","sqrt",11,FALSE,FALSE,0.5,0.2,NA
512,"synthetic","LSVCMM",200,0.5,1,1,1,1,10,"sine","sqrt",12,FALSE,FALSE,0.5,0.2,NA
513,"synthetic","LSVCMM",200,0.5,1,1,1,1,10,"sine","sqrt",13,FALSE,FALSE,0.5,0.2,NA
514,"synthetic","LSVCMM",200,0.5,1,1,1,1,10,"sine","sqrt",14,FALSE,FALSE,0.5,0.2,NA
515,"synthetic","LSVCMM",200,0.5,1,1,1,1,10,"sine","sqrt",15,FALSE,FALSE,0.5,0.2,NA
516,"synthetic","LSVCMM",200,0.5,1,1,1,1,10,"sine","sqrt",16,FALSE,FALSE,0.5,0.2,NA
517,"synthetic","LSVCMM",200,0.5,1,1,1,1,10,"sine","sqrt",17,FALSE,FALSE,0.5,0.2,NA
518,"synthetic","LSVCMM",200,0.5,1,1,1,1,10,"sine","sqrt",18,FALSE,FALSE,0.5,0.2,NA
519,"synthetic","LSVCMM",200,0.5,1,1,1,1,10,"sine","sqrt",19,FALSE,FALSE,0.5,0.2,NA
520,"synthetic","LSVCMM",200,0.5,1,1,1,1,10,"sine","sqrt",20,FALSE,FALSE,0.5,0.2,NA
521,"synthetic","LSVCMM",200,0.5,1,1,1,1,10,"sine","sqrt",21,FALSE,FALSE,0.5,0.2,NA
522,"synthetic","LSVCMM",200,0.5,1,1,1,1,10,"sine","sqrt",22,FALSE,FALSE,0.5,0.2,NA
523,"synthetic","LSVCMM",200,0.5,1,1,1,1,10,"sine","sqrt",23,FALSE,FALSE,0.5,0.2,NA
524,"synthetic","LSVCMM",200,0.5,1,1,1,1,10,"sine","sqrt",24,FALSE,FALSE,0.5,0.2,NA
525,"synthetic","LSVCMM",200,0.5,1,1,1,1,10,"sine","sqrt",25,FALSE,FALSE,0.5,0.2,NA
526,"synthetic","LSVCMM",200,0.5,1,1,1,1,10,"sine","sqrt",26,FALSE,FALSE,0.5,0.2,NA
527,"synthetic","LSVCMM",200,0.5,1,1,1,1,10,"sine","sqrt",27,FALSE,FALSE,0.5,0.2,NA
528,"synthetic","LSVCMM",200,0.5,1,1,1,1,10,"sine","sqrt",28,FALSE,FALSE,0.5,0.2,NA
529,"synthetic","LSVCMM",200,0.5,1,1,1,1,10,"sine","sqrt",29,FALSE,FALSE,0.5,0.2,NA
530,"synthetic","LSVCMM",200,0.5,1,1,1,1,10,"sine","sqrt",30,FALSE,FALSE,0.5,0.2,NA
531,"synthetic","LSVCMM",200,0.5,1,1,1,1,10,"sine","sqrt",31,FALSE,FALSE,0.5,0.2,NA
532,"synthetic","LSVCMM",200,0.5,1,1,1,1,10,"sine","sqrt",32,FALSE,FALSE,0.5,0.2,NA
533,"synthetic","LSVCMM",200,0.5,1,1,1,1,10,"sine","sqrt",33,FALSE,FALSE,0.5,0.2,NA
534,"synthetic","LSVCMM",200,0.5,1,1,1,1,10,"sine","sqrt",34,FALSE,FALSE,0.5,0.2,NA
535,"synthetic","LSVCMM",200,0.5,1,1,1,1,10,"sine","sqrt",35,FALSE,FALSE,0.5,0.2,NA
536,"synthetic","LSVCMM",200,0.5,1,1,1,1,10,"sine","sqrt",36,FALSE,FALSE,0.5,0.2,NA
537,"synthetic","LSVCMM",200,0.5,1,1,1,1,10,"sine","sqrt",37,FALSE,FALSE,0.5,0.2,NA
538,"synthetic","LSVCMM",200,0.5,1,1,1,1,10,"sine","sqrt",38,FALSE,FALSE,0.5,0.2,NA
539,"synthetic","LSVCMM",200,0.5,1,1,1,1,10,"sine","sqrt",39,FALSE,FALSE,0.5,0.2,NA
540,"synthetic","LSVCMM",200,0.5,1,1,1,1,10,"sine","sqrt",40,FALSE,FALSE,0.5,0.2,NA
541,"synthetic","LSVCMM",200,0.5,1,1,1,1,10,"sine","sqrt",41,FALSE,FALSE,0.5,0.2,NA
542,"synthetic","LSVCMM",200,0.5,1,1,1,1,10,"sine","sqrt",42,FALSE,FALSE,0.5,0.2,NA
543,"synthetic","LSVCMM",200,0.5,1,1,1,1,10,"sine","sqrt",43,FALSE,FALSE,0.5,0.2,NA
544,"synthetic","LSVCMM",200,0.5,1,1,1,1,10,"sine","sqrt",44,FALSE,FALSE,0.5,0.2,NA
545,"synthetic","LSVCMM",200,0.5,1,1,1,1,10,"sine","sqrt",45,FALSE,FALSE,0.5,0.2,NA
546,"synthetic","LSVCMM",200,0.5,1,1,1,1,10,"sine","sqrt",46,FALSE,FALSE,0.5,0.2,NA
547,"synthetic","LSVCMM",200,0.5,1,1,1,1,10,"sine","sqrt",47,FALSE,FALSE,0.5,0.2,NA
548,"synthetic","LSVCMM",200,0.5,1,1,1,1,10,"sine","sqrt",48,FALSE,FALSE,0.5,0.2,NA
549,"synthetic","LSVCMM",200,0.5,1,1,1,1,10,"sine","sqrt",49,FALSE,FALSE,0.5,0.2,NA
550,"synthetic","LSVCMM",200,0.5,1,1,1,1,10,"sine","sqrt",50,FALSE,FALSE,0.5,0.2,NA
551,"synthetic","LSVCMM",200,0.5,1,1,1,1,10,"sine","sqrt",51,FALSE,FALSE,0.5,0.2,NA
552,"synthetic","LSVCMM",200,0.5,1,1,1,1,10,"sine","sqrt",52,FALSE,FALSE,0.5,0.2,NA
553,"synthetic","LSVCMM",200,0.5,1,1,1,1,10,"sine","sqrt",53,FALSE,FALSE,0.5,0.2,NA
554,"synthetic","LSVCMM",200,0.5,1,1,1,1,10,"sine","sqrt",54,FALSE,FALSE,0.5,0.2,NA
555,"synthetic","LSVCMM",200,0.5,1,1,1,1,10,"sine","sqrt",55,FALSE,FALSE,0.5,0.2,NA
556,"synthetic","LSVCMM",200,0.5,1,1,1,1,10,"sine","sqrt",56,FALSE,FALSE,0.5,0.2,NA
557,"synthetic","LSVCMM",200,0.5,1,1,1,1,10,"sine","sqrt",57,FALSE,FALSE,0.5,0.2,NA
558,"synthetic","LSVCMM",200,0.5,1,1,1,1,10,"sine","sqrt",58,FALSE,FALSE,0.5,0.2,NA
559,"synthetic","LSVCMM",200,0.5,1,1,1,1,10,"sine","sqrt",59,FALSE,FALSE,0.5,0.2,NA
560,"synthetic","LSVCMM",200,0.5,1,1,1,1,10,"sine","sqrt",60,FALSE,FALSE,0.5,0.2,NA
561,"synthetic","LSVCMM",200,0.5,1,1,1,1,10,"sine","sqrt",61,FALSE,FALSE,0.5,0.2,NA
562,"synthetic","LSVCMM",200,0.5,1,1,1,1,10,"sine","sqrt",62,FALSE,FALSE,0.5,0.2,NA
563,"synthetic","LSVCMM",200,0.5,1,1,1,1,10,"sine","sqrt",63,FALSE,FALSE,0.5,0.2,NA
564,"synthetic","LSVCMM",200,0.5,1,1,1,1,10,"sine","sqrt",64,FALSE,FALSE,0.5,0.2,NA
565,"synthetic","LSVCMM",200,0.5,1,1,1,1,10,"sine","sqrt",65,FALSE,FALSE,0.5,0.2,NA
566,"synthetic","LSVCMM",200,0.5,1,1,1,1,10,"sine","sqrt",66,FALSE,FALSE,0.5,0.2,NA
567,"synthetic","LSVCMM",200,0.5,1,1,1,1,10,"sine","sqrt",67,FALSE,FALSE,0.5,0.2,NA
568,"synthetic","LSVCMM",200,0.5,1,1,1,1,10,"sine","sqrt",68,FALSE,FALSE,0.5,0.2,NA
569,"synthetic","LSVCMM",200,0.5,1,1,1,1,10,"sine","sqrt",69,FALSE,FALSE,0.5,0.2,NA
570,"synthetic","LSVCMM",200,0.5,1,1,1,1,10,"sine","sqrt",70,FALSE,FALSE,0.5,0.2,NA
571,"synthetic","LSVCMM",200,0.5,1,1,1,1,10,"sine","sqrt",71,FALSE,FALSE,0.5,0.2,NA
572,"synthetic","LSVCMM",200,0.5,1,1,1,1,10,"sine","sqrt",72,FALSE,FALSE,0.5,0.2,NA
573,"synthetic","LSVCMM",200,0.5,1,1,1,1,10,"sine","sqrt",73,FALSE,FALSE,0.5,0.2,NA
574,"synthetic","LSVCMM",200,0.5,1,1,1,1,10,"sine","sqrt",74,FALSE,FALSE,0.5,0.2,NA
575,"synthetic","LSVCMM",200,0.5,1,1,1,1,10,"sine","sqrt",75,FALSE,FALSE,0.5,0.2,NA
576,"synthetic","LSVCMM",200,0.5,1,1,1,1,10,"sine","sqrt",76,FALSE,FALSE,0.5,0.2,NA
577,"synthetic","LSVCMM",200,0.5,1,1,1,1,10,"sine","sqrt",77,FALSE,FALSE,0.5,0.2,NA
578,"synthetic","LSVCMM",200,0.5,1,1,1,1,10,"sine","sqrt",78,FALSE,FALSE,0.5,0.2,NA
579,"synthetic","LSVCMM",200,0.5,1,1,1,1,10,"sine","sqrt",79,FALSE,FALSE,0.5,0.2,NA
580,"synthetic","LSVCMM",200,0.5,1,1,1,1,10,"sine","sqrt",80,FALSE,FALSE,0.5,0.2,NA
581,"synthetic","LSVCMM",200,0.5,1,1,1,1,10,"sine","sqrt",81,FALSE,FALSE,0.5,0.2,NA
582,"synthetic","LSVCMM",200,0.5,1,1,1,1,10,"sine","sqrt",82,FALSE,FALSE,0.5,0.2,NA
583,"synthetic","LSVCMM",200,0.5,1,1,1,1,10,"sine","sqrt",83,FALSE,FALSE,0.5,0.2,NA
584,"synthetic","LSVCMM",200,0.5,1,1,1,1,10,"sine","sqrt",84,FALSE,FALSE,0.5,0.2,NA
585,"synthetic","LSVCMM",200,0.5,1,1,1,1,10,"sine","sqrt",85,FALSE,FALSE,0.5,0.2,NA
586,"synthetic","LSVCMM",200,0.5,1,1,1,1,10,"sine","sqrt",86,FALSE,FALSE,0.5,0.2,NA
587,"synthetic","LSVCMM",200,0.5,1,1,1,1,10,"sine","sqrt",87,FALSE,FALSE,0.5,0.2,NA
588,"synthetic","LSVCMM",200,0.5,1,1,1,1,10,"sine","sqrt",88,FALSE,FALSE,0.5,0.2,NA
589,"synthetic","LSVCMM",200,0.5,1,1,1,1,10,"sine","sqrt",89,FALSE,FALSE,0.5,0.2,NA
590,"synthetic","LSVCMM",200,0.5,1,1,1,1,10,"sine","sqrt",90,FALSE,FALSE,0.5,0.2,NA
591,"synthetic","LSVCMM",200,0.5,1,1,1,1,10,"sine","sqrt",91,FALSE,FALSE,0.5,0.2,NA
592,"synthetic","LSVCMM",200,0.5,1,1,1,1,10,"sine","sqrt",92,FALSE,FALSE,0.5,0.2,NA
593,"synthetic","LSVCMM",200,0.5,1,1,1,1,10,"sine","sqrt",93,FALSE,FALSE,0.5,0.2,NA
594,"synthetic","LSVCMM",200,0.5,1,1,1,1,10,"sine","sqrt",94,FALSE,FALSE,0.5,0.2,NA
595,"synthetic","LSVCMM",200,0.5,1,1,1,1,10,"sine","sqrt",95,FALSE,FALSE,0.5,0.2,NA
596,"synthetic","LSVCMM",200,0.5,1,1,1,1,10,"sine","sqrt",96,FALSE,FALSE,0.5,0.2,NA
597,"synthetic","LSVCMM",200,0.5,1,1,1,1,10,"sine","sqrt",97,FALSE,FALSE,0.5,0.2,NA
598,"synthetic","LSVCMM",200,0.5,1,1,1,1,10,"sine","sqrt",98,FALSE,FALSE,0.5,0.2,NA
599,"synthetic","LSVCMM",200,0.5,1,1,1,1,10,"sine","sqrt",99,FALSE,FALSE,0.5,0.2,NA
600,"synthetic","LSVCMM",200,0.5,1,1,1,1,10,"sine","sqrt",100,FALSE,FALSE,0.5,0.2,NA
601,"synthetic","LSVCMM.Independent",20,0.5,1,1,1,1,10,"sine","sqrt",1,FALSE,TRUE,0.5,0.2,NA
602,"synthetic","LSVCMM.Independent",20,0.5,1,1,1,1,10,"sine","sqrt",2,FALSE,TRUE,0.5,0.2,NA
603,"synthetic","LSVCMM.Independent",20,0.5,1,1,1,1,10,"sine","sqrt",3,FALSE,TRUE,0.5,0.2,NA
604,"synthetic","LSVCMM.Independent",20,0.5,1,1,1,1,10,"sine","sqrt",4,FALSE,TRUE,0.5,0.2,NA
605,"synthetic","LSVCMM.Independent",20,0.5,1,1,1,1,10,"sine","sqrt",5,FALSE,TRUE,0.5,0.2,NA
606,"synthetic","LSVCMM.Independent",20,0.5,1,1,1,1,10,"sine","sqrt",6,FALSE,TRUE,0.5,0.2,NA
607,"synthetic","LSVCMM.Independent",20,0.5,1,1,1,1,10,"sine","sqrt",7,FALSE,TRUE,0.5,0.2,NA
608,"synthetic","LSVCMM.Independent",20,0.5,1,1,1,1,10,"sine","sqrt",8,FALSE,TRUE,0.5,0.2,NA
609,"synthetic","LSVCMM.Independent",20,0.5,1,1,1,1,10,"sine","sqrt",9,FALSE,TRUE,0.5,0.2,NA
610,"synthetic","LSVCMM.Independent",20,0.5,1,1,1,1,10,"sine","sqrt",10,FALSE,TRUE,0.5,0.2,NA
611,"synthetic","LSVCMM.Independent",20,0.5,1,1,1,1,10,"sine","sqrt",11,FALSE,TRUE,0.5,0.2,NA
612,"synthetic","LSVCMM.Independent",20,0.5,1,1,1,1,10,"sine","sqrt",12,FALSE,TRUE,0.5,0.2,NA
613,"synthetic","LSVCMM.Independent",20,0.5,1,1,1,1,10,"sine","sqrt",13,FALSE,TRUE,0.5,0.2,NA
614,"synthetic","LSVCMM.Independent",20,0.5,1,1,1,1,10,"sine","sqrt",14,FALSE,TRUE,0.5,0.2,NA
615,"synthetic","LSVCMM.Independent",20,0.5,1,1,1,1,10,"sine","sqrt",15,FALSE,TRUE,0.5,0.2,NA
616,"synthetic","LSVCMM.Independent",20,0.5,1,1,1,1,10,"sine","sqrt",16,FALSE,TRUE,0.5,0.2,NA
617,"synthetic","LSVCMM.Independent",20,0.5,1,1,1,1,10,"sine","sqrt",17,FALSE,TRUE,0.5,0.2,NA
618,"synthetic","LSVCMM.Independent",20,0.5,1,1,1,1,10,"sine","sqrt",18,FALSE,TRUE,0.5,0.2,NA
619,"synthetic","LSVCMM.Independent",20,0.5,1,1,1,1,10,"sine","sqrt",19,FALSE,TRUE,0.5,0.2,NA
620,"synthetic","LSVCMM.Independent",20,0.5,1,1,1,1,10,"sine","sqrt",20,FALSE,TRUE,0.5,0.2,NA
621,"synthetic","LSVCMM.Independent",20,0.5,1,1,1,1,10,"sine","sqrt",21,FALSE,TRUE,0.5,0.2,NA
622,"synthetic","LSVCMM.Independent",20,0.5,1,1,1,1,10,"sine","sqrt",22,FALSE,TRUE,0.5,0.2,NA
623,"synthetic","LSVCMM.Independent",20,0.5,1,1,1,1,10,"sine","sqrt",23,FALSE,TRUE,0.5,0.2,NA
624,"synthetic","LSVCMM.Independent",20,0.5,1,1,1,1,10,"sine","sqrt",24,FALSE,TRUE,0.5,0.2,NA
625,"synthetic","LSVCMM.Independent",20,0.5,1,1,1,1,10,"sine","sqrt",25,FALSE,TRUE,0.5,0.2,NA
626,"synthetic","LSVCMM.Independent",20,0.5,1,1,1,1,10,"sine","sqrt",26,FALSE,TRUE,0.5,0.2,NA
627,"synthetic","LSVCMM.Independent",20,0.5,1,1,1,1,10,"sine","sqrt",27,FALSE,TRUE,0.5,0.2,NA
628,"synthetic","LSVCMM.Independent",20,0.5,1,1,1,1,10,"sine","sqrt",28,FALSE,TRUE,0.5,0.2,NA
629,"synthetic","LSVCMM.Independent",20,0.5,1,1,1,1,10,"sine","sqrt",29,FALSE,TRUE,0.5,0.2,NA
630,"synthetic","LSVCMM.Independent",20,0.5,1,1,1,1,10,"sine","sqrt",30,FALSE,TRUE,0.5,0.2,NA
631,"synthetic","LSVCMM.Independent",20,0.5,1,1,1,1,10,"sine","sqrt",31,FALSE,TRUE,0.5,0.2,NA
632,"synthetic","LSVCMM.Independent",20,0.5,1,1,1,1,10,"sine","sqrt",32,FALSE,TRUE,0.5,0.2,NA
633,"synthetic","LSVCMM.Independent",20,0.5,1,1,1,1,10,"sine","sqrt",33,FALSE,TRUE,0.5,0.2,NA
634,"synthetic","LSVCMM.Independent",20,0.5,1,1,1,1,10,"sine","sqrt",34,FALSE,TRUE,0.5,0.2,NA
635,"synthetic","LSVCMM.Independent",20,0.5,1,1,1,1,10,"sine","sqrt",35,FALSE,TRUE,0.5,0.2,NA
636,"synthetic","LSVCMM.Independent",20,0.5,1,1,1,1,10,"sine","sqrt",36,FALSE,TRUE,0.5,0.2,NA
637,"synthetic","LSVCMM.Independent",20,0.5,1,1,1,1,10,"sine","sqrt",37,FALSE,TRUE,0.5,0.2,NA
638,"synthetic","LSVCMM.Independent",20,0.5,1,1,1,1,10,"sine","sqrt",38,FALSE,TRUE,0.5,0.2,NA
639,"synthetic","LSVCMM.Independent",20,0.5,1,1,1,1,10,"sine","sqrt",39,FALSE,TRUE,0.5,0.2,NA
640,"synthetic","LSVCMM.Independent",20,0.5,1,1,1,1,10,"sine","sqrt",40,FALSE,TRUE,0.5,0.2,NA
641,"synthetic","LSVCMM.Independent",20,0.5,1,1,1,1,10,"sine","sqrt",41,FALSE,TRUE,0.5,0.2,NA
642,"synthetic","LSVCMM.Independent",20,0.5,1,1,1,1,10,"sine","sqrt",42,FALSE,TRUE,0.5,0.2,NA
643,"synthetic","LSVCMM.Independent",20,0.5,1,1,1,1,10,"sine","sqrt",43,FALSE,TRUE,0.5,0.2,NA
644,"synthetic","LSVCMM.Independent",20,0.5,1,1,1,1,10,"sine","sqrt",44,FALSE,TRUE,0.5,0.2,NA
645,"synthetic","LSVCMM.Independent",20,0.5,1,1,1,1,10,"sine","sqrt",45,FALSE,TRUE,0.5,0.2,NA
646,"synthetic","LSVCMM.Independent",20,0.5,1,1,1,1,10,"sine","sqrt",46,FALSE,TRUE,0.5,0.2,NA
647,"synthetic","LSVCMM.Independent",20,0.5,1,1,1,1,10,"sine","sqrt",47,FALSE,TRUE,0.5,0.2,NA
648,"synthetic","LSVCMM.Independent",20,0.5,1,1,1,1,10,"sine","sqrt",48,FALSE,TRUE,0.5,0.2,NA
649,"synthetic","LSVCMM.Independent",20,0.5,1,1,1,1,10,"sine","sqrt",49,FALSE,TRUE,0.5,0.2,NA
650,"synthetic","LSVCMM.Independent",20,0.5,1,1,1,1,10,"sine","sqrt",50,FALSE,TRUE,0.5,0.2,NA
651,"synthetic","LSVCMM.Independent",20,0.5,1,1,1,1,10,"sine","sqrt",51,FALSE,TRUE,0.5,0.2,NA
652,"synthetic","LSVCMM.Independent",20,0.5,1,1,1,1,10,"sine","sqrt",52,FALSE,TRUE,0.5,0.2,NA
653,"synthetic","LSVCMM.Independent",20,0.5,1,1,1,1,10,"sine","sqrt",53,FALSE,TRUE,0.5,0.2,NA
654,"synthetic","LSVCMM.Independent",20,0.5,1,1,1,1,10,"sine","sqrt",54,FALSE,TRUE,0.5,0.2,NA
655,"synthetic","LSVCMM.Independent",20,0.5,1,1,1,1,10,"sine","sqrt",55,FALSE,TRUE,0.5,0.2,NA
656,"synthetic","LSVCMM.Independent",20,0.5,1,1,1,1,10,"sine","sqrt",56,FALSE,TRUE,0.5,0.2,NA
657,"synthetic","LSVCMM.Independent",20,0.5,1,1,1,1,10,"sine","sqrt",57,FALSE,TRUE,0.5,0.2,NA
658,"synthetic","LSVCMM.Independent",20,0.5,1,1,1,1,10,"sine","sqrt",58,FALSE,TRUE,0.5,0.2,NA
659,"synthetic","LSVCMM.Independent",20,0.5,1,1,1,1,10,"sine","sqrt",59,FALSE,TRUE,0.5,0.2,NA
660,"synthetic","LSVCMM.Independent",20,0.5,1,1,1,1,10,"sine","sqrt",60,FALSE,TRUE,0.5,0.2,NA
661,"synthetic","LSVCMM.Independent",20,0.5,1,1,1,1,10,"sine","sqrt",61,FALSE,TRUE,0.5,0.2,NA
662,"synthetic","LSVCMM.Independent",20,0.5,1,1,1,1,10,"sine","sqrt",62,FALSE,TRUE,0.5,0.2,NA
663,"synthetic","LSVCMM.Independent",20,0.5,1,1,1,1,10,"sine","sqrt",63,FALSE,TRUE,0.5,0.2,NA
664,"synthetic","LSVCMM.Independent",20,0.5,1,1,1,1,10,"sine","sqrt",64,FALSE,TRUE,0.5,0.2,NA
665,"synthetic","LSVCMM.Independent",20,0.5,1,1,1,1,10,"sine","sqrt",65,FALSE,TRUE,0.5,0.2,NA
666,"synthetic","LSVCMM.Independent",20,0.5,1,1,1,1,10,"sine","sqrt",66,FALSE,TRUE,0.5,0.2,NA
667,"synthetic","LSVCMM.Independent",20,0.5,1,1,1,1,10,"sine","sqrt",67,FALSE,TRUE,0.5,0.2,NA
668,"synthetic","LSVCMM.Independent",20,0.5,1,1,1,1,10,"sine","sqrt",68,FALSE,TRUE,0.5,0.2,NA
669,"synthetic","LSVCMM.Independent",20,0.5,1,1,1,1,10,"sine","sqrt",69,FALSE,TRUE,0.5,0.2,NA
670,"synthetic","LSVCMM.Independent",20,0.5,1,1,1,1,10,"sine","sqrt",70,FALSE,TRUE,0.5,0.2,NA
671,"synthetic","LSVCMM.Independent",20,0.5,1,1,1,1,10,"sine","sqrt",71,FALSE,TRUE,0.5,0.2,NA
672,"synthetic","LSVCMM.Independent",20,0.5,1,1,1,1,10,"sine","sqrt",72,FALSE,TRUE,0.5,0.2,NA
673,"synthetic","LSVCMM.Independent",20,0.5,1,1,1,1,10,"sine","sqrt",73,FALSE,TRUE,0.5,0.2,NA
674,"synthetic","LSVCMM.Independent",20,0.5,1,1,1,1,10,"sine","sqrt",74,FALSE,TRUE,0.5,0.2,NA
675,"synthetic","LSVCMM.Independent",20,0.5,1,1,1,1,10,"sine","sqrt",75,FALSE,TRUE,0.5,0.2,NA
676,"synthetic","LSVCMM.Independent",20,0.5,1,1,1,1,10,"sine","sqrt",76,FALSE,TRUE,0.5,0.2,NA
677,"synthetic","LSVCMM.Independent",20,0.5,1,1,1,1,10,"sine","sqrt",77,FALSE,TRUE,0.5,0.2,NA
678,"synthetic","LSVCMM.Independent",20,0.5,1,1,1,1,10,"sine","sqrt",78,FALSE,TRUE,0.5,0.2,NA
679,"synthetic","LSVCMM.Independent",20,0.5,1,1,1,1,10,"sine","sqrt",79,FALSE,TRUE,0.5,0.2,NA
680,"synthetic","LSVCMM.Independent",20,0.5,1,1,1,1,10,"sine","sqrt",80,FALSE,TRUE,0.5,0.2,NA
681,"synthetic","LSVCMM.Independent",20,0.5,1,1,1,1,10,"sine","sqrt",81,FALSE,TRUE,0.5,0.2,NA
682,"synthetic","LSVCMM.Independent",20,0.5,1,1,1,1,10,"sine","sqrt",82,FALSE,TRUE,0.5,0.2,NA
683,"synthetic","LSVCMM.Independent",20,0.5,1,1,1,1,10,"sine","sqrt",83,FALSE,TRUE,0.5,0.2,NA
684,"synthetic","LSVCMM.Independent",20,0.5,1,1,1,1,10,"sine","sqrt",84,FALSE,TRUE,0.5,0.2,NA
685,"synthetic","LSVCMM.Independent",20,0.5,1,1,1,1,10,"sine","sqrt",85,FALSE,TRUE,0.5,0.2,NA
686,"synthetic","LSVCMM.Independent",20,0.5,1,1,1,1,10,"sine","sqrt",86,FALSE,TRUE,0.5,0.2,NA
687,"synthetic","LSVCMM.Independent",20,0.5,1,1,1,1,10,"sine","sqrt",87,FALSE,TRUE,0.5,0.2,NA
688,"synthetic","LSVCMM.Independent",20,0.5,1,1,1,1,10,"sine","sqrt",88,FALSE,TRUE,0.5,0.2,NA
689,"synthetic","LSVCMM.Independent",20,0.5,1,1,1,1,10,"sine","sqrt",89,FALSE,TRUE,0.5,0.2,NA
690,"synthetic","LSVCMM.Independent",20,0.5,1,1,1,1,10,"sine","sqrt",90,FALSE,TRUE,0.5,0.2,NA
691,"synthetic","LSVCMM.Independent",20,0.5,1,1,1,1,10,"sine","sqrt",91,FALSE,TRUE,0.5,0.2,NA
692,"synthetic","LSVCMM.Independent",20,0.5,1,1,1,1,10,"sine","sqrt",92,FALSE,TRUE,0.5,0.2,NA
693,"synthetic","LSVCMM.Independent",20,0.5,1,1,1,1,10,"sine","sqrt",93,FALSE,TRUE,0.5,0.2,NA
694,"synthetic","LSVCMM.Independent",20,0.5,1,1,1,1,10,"sine","sqrt",94,FALSE,TRUE,0.5,0.2,NA
695,"synthetic","LSVCMM.Independent",20,0.5,1,1,1,1,10,"sine","sqrt",95,FALSE,TRUE,0.5,0.2,NA
696,"synthetic","LSVCMM.Independent",20,0.5,1,1,1,1,10,"sine","sqrt",96,FALSE,TRUE,0.5,0.2,NA
697,"synthetic","LSVCMM.Independent",20,0.5,1,1,1,1,10,"sine","sqrt",97,FALSE,TRUE,0.5,0.2,NA
698,"synthetic","LSVCMM.Independent",20,0.5,1,1,1,1,10,"sine","sqrt",98,FALSE,TRUE,0.5,0.2,NA
699,"synthetic","LSVCMM.Independent",20,0.5,1,1,1,1,10,"sine","sqrt",99,FALSE,TRUE,0.5,0.2,NA
700,"synthetic","LSVCMM.Independent",20,0.5,1,1,1,1,10,"sine","sqrt",100,FALSE,TRUE,0.5,0.2,NA
701,"synthetic","LSVCMM.Independent",30,0.5,1,1,1,1,10,"sine","sqrt",1,FALSE,TRUE,0.5,0.2,NA
702,"synthetic","LSVCMM.Independent",30,0.5,1,1,1,1,10,"sine","sqrt",2,FALSE,TRUE,0.5,0.2,NA
703,"synthetic","LSVCMM.Independent",30,0.5,1,1,1,1,10,"sine","sqrt",3,FALSE,TRUE,0.5,0.2,NA
704,"synthetic","LSVCMM.Independent",30,0.5,1,1,1,1,10,"sine","sqrt",4,FALSE,TRUE,0.5,0.2,NA
705,"synthetic","LSVCMM.Independent",30,0.5,1,1,1,1,10,"sine","sqrt",5,FALSE,TRUE,0.5,0.2,NA
706,"synthetic","LSVCMM.Independent",30,0.5,1,1,1,1,10,"sine","sqrt",6,FALSE,TRUE,0.5,0.2,NA
707,"synthetic","LSVCMM.Independent",30,0.5,1,1,1,1,10,"sine","sqrt",7,FALSE,TRUE,0.5,0.2,NA
708,"synthetic","LSVCMM.Independent",30,0.5,1,1,1,1,10,"sine","sqrt",8,FALSE,TRUE,0.5,0.2,NA
709,"synthetic","LSVCMM.Independent",30,0.5,1,1,1,1,10,"sine","sqrt",9,FALSE,TRUE,0.5,0.2,NA
710,"synthetic","LSVCMM.Independent",30,0.5,1,1,1,1,10,"sine","sqrt",10,FALSE,TRUE,0.5,0.2,NA
711,"synthetic","LSVCMM.Independent",30,0.5,1,1,1,1,10,"sine","sqrt",11,FALSE,TRUE,0.5,0.2,NA
712,"synthetic","LSVCMM.Independent",30,0.5,1,1,1,1,10,"sine","sqrt",12,FALSE,TRUE,0.5,0.2,NA
713,"synthetic","LSVCMM.Independent",30,0.5,1,1,1,1,10,"sine","sqrt",13,FALSE,TRUE,0.5,0.2,NA
714,"synthetic","LSVCMM.Independent",30,0.5,1,1,1,1,10,"sine","sqrt",14,FALSE,TRUE,0.5,0.2,NA
715,"synthetic","LSVCMM.Independent",30,0.5,1,1,1,1,10,"sine","sqrt",15,FALSE,TRUE,0.5,0.2,NA
716,"synthetic","LSVCMM.Independent",30,0.5,1,1,1,1,10,"sine","sqrt",16,FALSE,TRUE,0.5,0.2,NA
717,"synthetic","LSVCMM.Independent",30,0.5,1,1,1,1,10,"sine","sqrt",17,FALSE,TRUE,0.5,0.2,NA
718,"synthetic","LSVCMM.Independent",30,0.5,1,1,1,1,10,"sine","sqrt",18,FALSE,TRUE,0.5,0.2,NA
719,"synthetic","LSVCMM.Independent",30,0.5,1,1,1,1,10,"sine","sqrt",19,FALSE,TRUE,0.5,0.2,NA
720,"synthetic","LSVCMM.Independent",30,0.5,1,1,1,1,10,"sine","sqrt",20,FALSE,TRUE,0.5,0.2,NA
721,"synthetic","LSVCMM.Independent",30,0.5,1,1,1,1,10,"sine","sqrt",21,FALSE,TRUE,0.5,0.2,NA
722,"synthetic","LSVCMM.Independent",30,0.5,1,1,1,1,10,"sine","sqrt",22,FALSE,TRUE,0.5,0.2,NA
723,"synthetic","LSVCMM.Independent",30,0.5,1,1,1,1,10,"sine","sqrt",23,FALSE,TRUE,0.5,0.2,NA
724,"synthetic","LSVCMM.Independent",30,0.5,1,1,1,1,10,"sine","sqrt",24,FALSE,TRUE,0.5,0.2,NA
725,"synthetic","LSVCMM.Independent",30,0.5,1,1,1,1,10,"sine","sqrt",25,FALSE,TRUE,0.5,0.2,NA
726,"synthetic","LSVCMM.Independent",30,0.5,1,1,1,1,10,"sine","sqrt",26,FALSE,TRUE,0.5,0.2,NA
727,"synthetic","LSVCMM.Independent",30,0.5,1,1,1,1,10,"sine","sqrt",27,FALSE,TRUE,0.5,0.2,NA
728,"synthetic","LSVCMM.Independent",30,0.5,1,1,1,1,10,"sine","sqrt",28,FALSE,TRUE,0.5,0.2,NA
729,"synthetic","LSVCMM.Independent",30,0.5,1,1,1,1,10,"sine","sqrt",29,FALSE,TRUE,0.5,0.2,NA
730,"synthetic","LSVCMM.Independent",30,0.5,1,1,1,1,10,"sine","sqrt",30,FALSE,TRUE,0.5,0.2,NA
731,"synthetic","LSVCMM.Independent",30,0.5,1,1,1,1,10,"sine","sqrt",31,FALSE,TRUE,0.5,0.2,NA
732,"synthetic","LSVCMM.Independent",30,0.5,1,1,1,1,10,"sine","sqrt",32,FALSE,TRUE,0.5,0.2,NA
733,"synthetic","LSVCMM.Independent",30,0.5,1,1,1,1,10,"sine","sqrt",33,FALSE,TRUE,0.5,0.2,NA
734,"synthetic","LSVCMM.Independent",30,0.5,1,1,1,1,10,"sine","sqrt",34,FALSE,TRUE,0.5,0.2,NA
735,"synthetic","LSVCMM.Independent",30,0.5,1,1,1,1,10,"sine","sqrt",35,FALSE,TRUE,0.5,0.2,NA
736,"synthetic","LSVCMM.Independent",30,0.5,1,1,1,1,10,"sine","sqrt",36,FALSE,TRUE,0.5,0.2,NA
737,"synthetic","LSVCMM.Independent",30,0.5,1,1,1,1,10,"sine","sqrt",37,FALSE,TRUE,0.5,0.2,NA
738,"synthetic","LSVCMM.Independent",30,0.5,1,1,1,1,10,"sine","sqrt",38,FALSE,TRUE,0.5,0.2,NA
739,"synthetic","LSVCMM.Independent",30,0.5,1,1,1,1,10,"sine","sqrt",39,FALSE,TRUE,0.5,0.2,NA
740,"synthetic","LSVCMM.Independent",30,0.5,1,1,1,1,10,"sine","sqrt",40,FALSE,TRUE,0.5,0.2,NA
741,"synthetic","LSVCMM.Independent",30,0.5,1,1,1,1,10,"sine","sqrt",41,FALSE,TRUE,0.5,0.2,NA
742,"synthetic","LSVCMM.Independent",30,0.5,1,1,1,1,10,"sine","sqrt",42,FALSE,TRUE,0.5,0.2,NA
743,"synthetic","LSVCMM.Independent",30,0.5,1,1,1,1,10,"sine","sqrt",43,FALSE,TRUE,0.5,0.2,NA
744,"synthetic","LSVCMM.Independent",30,0.5,1,1,1,1,10,"sine","sqrt",44,FALSE,TRUE,0.5,0.2,NA
745,"synthetic","LSVCMM.Independent",30,0.5,1,1,1,1,10,"sine","sqrt",45,FALSE,TRUE,0.5,0.2,NA
746,"synthetic","LSVCMM.Independent",30,0.5,1,1,1,1,10,"sine","sqrt",46,FALSE,TRUE,0.5,0.2,NA
747,"synthetic","LSVCMM.Independent",30,0.5,1,1,1,1,10,"sine","sqrt",47,FALSE,TRUE,0.5,0.2,NA
748,"synthetic","LSVCMM.Independent",30,0.5,1,1,1,1,10,"sine","sqrt",48,FALSE,TRUE,0.5,0.2,NA
749,"synthetic","LSVCMM.Independent",30,0.5,1,1,1,1,10,"sine","sqrt",49,FALSE,TRUE,0.5,0.2,NA
750,"synthetic","LSVCMM.Independent",30,0.5,1,1,1,1,10,"sine","sqrt",50,FALSE,TRUE,0.5,0.2,NA
751,"synthetic","LSVCMM.Independent",30,0.5,1,1,1,1,10,"sine","sqrt",51,FALSE,TRUE,0.5,0.2,NA
752,"synthetic","LSVCMM.Independent",30,0.5,1,1,1,1,10,"sine","sqrt",52,FALSE,TRUE,0.5,0.2,NA
753,"synthetic","LSVCMM.Independent",30,0.5,1,1,1,1,10,"sine","sqrt",53,FALSE,TRUE,0.5,0.2,NA
754,"synthetic","LSVCMM.Independent",30,0.5,1,1,1,1,10,"sine","sqrt",54,FALSE,TRUE,0.5,0.2,NA
755,"synthetic","LSVCMM.Independent",30,0.5,1,1,1,1,10,"sine","sqrt",55,FALSE,TRUE,0.5,0.2,NA
756,"synthetic","LSVCMM.Independent",30,0.5,1,1,1,1,10,"sine","sqrt",56,FALSE,TRUE,0.5,0.2,NA
757,"synthetic","LSVCMM.Independent",30,0.5,1,1,1,1,10,"sine","sqrt",57,FALSE,TRUE,0.5,0.2,NA
758,"synthetic","LSVCMM.Independent",30,0.5,1,1,1,1,10,"sine","sqrt",58,FALSE,TRUE,0.5,0.2,NA
759,"synthetic","LSVCMM.Independent",30,0.5,1,1,1,1,10,"sine","sqrt",59,FALSE,TRUE,0.5,0.2,NA
760,"synthetic","LSVCMM.Independent",30,0.5,1,1,1,1,10,"sine","sqrt",60,FALSE,TRUE,0.5,0.2,NA
761,"synthetic","LSVCMM.Independent",30,0.5,1,1,1,1,10,"sine","sqrt",61,FALSE,TRUE,0.5,0.2,NA
762,"synthetic","LSVCMM.Independent",30,0.5,1,1,1,1,10,"sine","sqrt",62,FALSE,TRUE,0.5,0.2,NA
763,"synthetic","LSVCMM.Independent",30,0.5,1,1,1,1,10,"sine","sqrt",63,FALSE,TRUE,0.5,0.2,NA
764,"synthetic","LSVCMM.Independent",30,0.5,1,1,1,1,10,"sine","sqrt",64,FALSE,TRUE,0.5,0.2,NA
765,"synthetic","LSVCMM.Independent",30,0.5,1,1,1,1,10,"sine","sqrt",65,FALSE,TRUE,0.5,0.2,NA
766,"synthetic","LSVCMM.Independent",30,0.5,1,1,1,1,10,"sine","sqrt",66,FALSE,TRUE,0.5,0.2,NA
767,"synthetic","LSVCMM.Independent",30,0.5,1,1,1,1,10,"sine","sqrt",67,FALSE,TRUE,0.5,0.2,NA
768,"synthetic","LSVCMM.Independent",30,0.5,1,1,1,1,10,"sine","sqrt",68,FALSE,TRUE,0.5,0.2,NA
769,"synthetic","LSVCMM.Independent",30,0.5,1,1,1,1,10,"sine","sqrt",69,FALSE,TRUE,0.5,0.2,NA
770,"synthetic","LSVCMM.Independent",30,0.5,1,1,1,1,10,"sine","sqrt",70,FALSE,TRUE,0.5,0.2,NA
771,"synthetic","LSVCMM.Independent",30,0.5,1,1,1,1,10,"sine","sqrt",71,FALSE,TRUE,0.5,0.2,NA
772,"synthetic","LSVCMM.Independent",30,0.5,1,1,1,1,10,"sine","sqrt",72,FALSE,TRUE,0.5,0.2,NA
773,"synthetic","LSVCMM.Independent",30,0.5,1,1,1,1,10,"sine","sqrt",73,FALSE,TRUE,0.5,0.2,NA
774,"synthetic","LSVCMM.Independent",30,0.5,1,1,1,1,10,"sine","sqrt",74,FALSE,TRUE,0.5,0.2,NA
775,"synthetic","LSVCMM.Independent",30,0.5,1,1,1,1,10,"sine","sqrt",75,FALSE,TRUE,0.5,0.2,NA
776,"synthetic","LSVCMM.Independent",30,0.5,1,1,1,1,10,"sine","sqrt",76,FALSE,TRUE,0.5,0.2,NA
777,"synthetic","LSVCMM.Independent",30,0.5,1,1,1,1,10,"sine","sqrt",77,FALSE,TRUE,0.5,0.2,NA
778,"synthetic","LSVCMM.Independent",30,0.5,1,1,1,1,10,"sine","sqrt",78,FALSE,TRUE,0.5,0.2,NA
779,"synthetic","LSVCMM.Independent",30,0.5,1,1,1,1,10,"sine","sqrt",79,FALSE,TRUE,0.5,0.2,NA
780,"synthetic","LSVCMM.Independent",30,0.5,1,1,1,1,10,"sine","sqrt",80,FALSE,TRUE,0.5,0.2,NA
781,"synthetic","LSVCMM.Independent",30,0.5,1,1,1,1,10,"sine","sqrt",81,FALSE,TRUE,0.5,0.2,NA
782,"synthetic","LSVCMM.Independent",30,0.5,1,1,1,1,10,"sine","sqrt",82,FALSE,TRUE,0.5,0.2,NA
783,"synthetic","LSVCMM.Independent",30,0.5,1,1,1,1,10,"sine","sqrt",83,FALSE,TRUE,0.5,0.2,NA
784,"synthetic","LSVCMM.Independent",30,0.5,1,1,1,1,10,"sine","sqrt",84,FALSE,TRUE,0.5,0.2,NA
785,"synthetic","LSVCMM.Independent",30,0.5,1,1,1,1,10,"sine","sqrt",85,FALSE,TRUE,0.5,0.2,NA
786,"synthetic","LSVCMM.Independent",30,0.5,1,1,1,1,10,"sine","sqrt",86,FALSE,TRUE,0.5,0.2,NA
787,"synthetic","LSVCMM.Independent",30,0.5,1,1,1,1,10,"sine","sqrt",87,FALSE,TRUE,0.5,0.2,NA
788,"synthetic","LSVCMM.Independent",30,0.5,1,1,1,1,10,"sine","sqrt",88,FALSE,TRUE,0.5,0.2,NA
789,"synthetic","LSVCMM.Independent",30,0.5,1,1,1,1,10,"sine","sqrt",89,FALSE,TRUE,0.5,0.2,NA
790,"synthetic","LSVCMM.Independent",30,0.5,1,1,1,1,10,"sine","sqrt",90,FALSE,TRUE,0.5,0.2,NA
791,"synthetic","LSVCMM.Independent",30,0.5,1,1,1,1,10,"sine","sqrt",91,FALSE,TRUE,0.5,0.2,NA
792,"synthetic","LSVCMM.Independent",30,0.5,1,1,1,1,10,"sine","sqrt",92,FALSE,TRUE,0.5,0.2,NA
793,"synthetic","LSVCMM.Independent",30,0.5,1,1,1,1,10,"sine","sqrt",93,FALSE,TRUE,0.5,0.2,NA
794,"synthetic","LSVCMM.Independent",30,0.5,1,1,1,1,10,"sine","sqrt",94,FALSE,TRUE,0.5,0.2,NA
795,"synthetic","LSVCMM.Independent",30,0.5,1,1,1,1,10,"sine","sqrt",95,FALSE,TRUE,0.5,0.2,NA
796,"synthetic","LSVCMM.Independent",30,0.5,1,1,1,1,10,"sine","sqrt",96,FALSE,TRUE,0.5,0.2,NA
797,"synthetic","LSVCMM.Independent",30,0.5,1,1,1,1,10,"sine","sqrt",97,FALSE,TRUE,0.5,0.2,NA
798,"synthetic","LSVCMM.Independent",30,0.5,1,1,1,1,10,"sine","sqrt",98,FALSE,TRUE,0.5,0.2,NA
799,"synthetic","LSVCMM.Independent",30,0.5,1,1,1,1,10,"sine","sqrt",99,FALSE,TRUE,0.5,0.2,NA
800,"synthetic","LSVCMM.Independent",30,0.5,1,1,1,1,10,"sine","sqrt",100,FALSE,TRUE,0.5,0.2,NA
801,"synthetic","LSVCMM.Independent",50,0.5,1,1,1,1,10,"sine","sqrt",1,FALSE,TRUE,0.5,0.2,NA
802,"synthetic","LSVCMM.Independent",50,0.5,1,1,1,1,10,"sine","sqrt",2,FALSE,TRUE,0.5,0.2,NA
803,"synthetic","LSVCMM.Independent",50,0.5,1,1,1,1,10,"sine","sqrt",3,FALSE,TRUE,0.5,0.2,NA
804,"synthetic","LSVCMM.Independent",50,0.5,1,1,1,1,10,"sine","sqrt",4,FALSE,TRUE,0.5,0.2,NA
805,"synthetic","LSVCMM.Independent",50,0.5,1,1,1,1,10,"sine","sqrt",5,FALSE,TRUE,0.5,0.2,NA
806,"synthetic","LSVCMM.Independent",50,0.5,1,1,1,1,10,"sine","sqrt",6,FALSE,TRUE,0.5,0.2,NA
807,"synthetic","LSVCMM.Independent",50,0.5,1,1,1,1,10,"sine","sqrt",7,FALSE,TRUE,0.5,0.2,NA
808,"synthetic","LSVCMM.Independent",50,0.5,1,1,1,1,10,"sine","sqrt",8,FALSE,TRUE,0.5,0.2,NA
809,"synthetic","LSVCMM.Independent",50,0.5,1,1,1,1,10,"sine","sqrt",9,FALSE,TRUE,0.5,0.2,NA
810,"synthetic","LSVCMM.Independent",50,0.5,1,1,1,1,10,"sine","sqrt",10,FALSE,TRUE,0.5,0.2,NA
811,"synthetic","LSVCMM.Independent",50,0.5,1,1,1,1,10,"sine","sqrt",11,FALSE,TRUE,0.5,0.2,NA
812,"synthetic","LSVCMM.Independent",50,0.5,1,1,1,1,10,"sine","sqrt",12,FALSE,TRUE,0.5,0.2,NA
813,"synthetic","LSVCMM.Independent",50,0.5,1,1,1,1,10,"sine","sqrt",13,FALSE,TRUE,0.5,0.2,NA
814,"synthetic","LSVCMM.Independent",50,0.5,1,1,1,1,10,"sine","sqrt",14,FALSE,TRUE,0.5,0.2,NA
815,"synthetic","LSVCMM.Independent",50,0.5,1,1,1,1,10,"sine","sqrt",15,FALSE,TRUE,0.5,0.2,NA
816,"synthetic","LSVCMM.Independent",50,0.5,1,1,1,1,10,"sine","sqrt",16,FALSE,TRUE,0.5,0.2,NA
817,"synthetic","LSVCMM.Independent",50,0.5,1,1,1,1,10,"sine","sqrt",17,FALSE,TRUE,0.5,0.2,NA
818,"synthetic","LSVCMM.Independent",50,0.5,1,1,1,1,10,"sine","sqrt",18,FALSE,TRUE,0.5,0.2,NA
819,"synthetic","LSVCMM.Independent",50,0.5,1,1,1,1,10,"sine","sqrt",19,FALSE,TRUE,0.5,0.2,NA
820,"synthetic","LSVCMM.Independent",50,0.5,1,1,1,1,10,"sine","sqrt",20,FALSE,TRUE,0.5,0.2,NA
821,"synthetic","LSVCMM.Independent",50,0.5,1,1,1,1,10,"sine","sqrt",21,FALSE,TRUE,0.5,0.2,NA
822,"synthetic","LSVCMM.Independent",50,0.5,1,1,1,1,10,"sine","sqrt",22,FALSE,TRUE,0.5,0.2,NA
823,"synthetic","LSVCMM.Independent",50,0.5,1,1,1,1,10,"sine","sqrt",23,FALSE,TRUE,0.5,0.2,NA
824,"synthetic","LSVCMM.Independent",50,0.5,1,1,1,1,10,"sine","sqrt",24,FALSE,TRUE,0.5,0.2,NA
825,"synthetic","LSVCMM.Independent",50,0.5,1,1,1,1,10,"sine","sqrt",25,FALSE,TRUE,0.5,0.2,NA
826,"synthetic","LSVCMM.Independent",50,0.5,1,1,1,1,10,"sine","sqrt",26,FALSE,TRUE,0.5,0.2,NA
827,"synthetic","LSVCMM.Independent",50,0.5,1,1,1,1,10,"sine","sqrt",27,FALSE,TRUE,0.5,0.2,NA
828,"synthetic","LSVCMM.Independent",50,0.5,1,1,1,1,10,"sine","sqrt",28,FALSE,TRUE,0.5,0.2,NA
829,"synthetic","LSVCMM.Independent",50,0.5,1,1,1,1,10,"sine","sqrt",29,FALSE,TRUE,0.5,0.2,NA
830,"synthetic","LSVCMM.Independent",50,0.5,1,1,1,1,10,"sine","sqrt",30,FALSE,TRUE,0.5,0.2,NA
831,"synthetic","LSVCMM.Independent",50,0.5,1,1,1,1,10,"sine","sqrt",31,FALSE,TRUE,0.5,0.2,NA
832,"synthetic","LSVCMM.Independent",50,0.5,1,1,1,1,10,"sine","sqrt",32,FALSE,TRUE,0.5,0.2,NA
833,"synthetic","LSVCMM.Independent",50,0.5,1,1,1,1,10,"sine","sqrt",33,FALSE,TRUE,0.5,0.2,NA
834,"synthetic","LSVCMM.Independent",50,0.5,1,1,1,1,10,"sine","sqrt",34,FALSE,TRUE,0.5,0.2,NA
835,"synthetic","LSVCMM.Independent",50,0.5,1,1,1,1,10,"sine","sqrt",35,FALSE,TRUE,0.5,0.2,NA
836,"synthetic","LSVCMM.Independent",50,0.5,1,1,1,1,10,"sine","sqrt",36,FALSE,TRUE,0.5,0.2,NA
837,"synthetic","LSVCMM.Independent",50,0.5,1,1,1,1,10,"sine","sqrt",37,FALSE,TRUE,0.5,0.2,NA
838,"synthetic","LSVCMM.Independent",50,0.5,1,1,1,1,10,"sine","sqrt",38,FALSE,TRUE,0.5,0.2,NA
839,"synthetic","LSVCMM.Independent",50,0.5,1,1,1,1,10,"sine","sqrt",39,FALSE,TRUE,0.5,0.2,NA
840,"synthetic","LSVCMM.Independent",50,0.5,1,1,1,1,10,"sine","sqrt",40,FALSE,TRUE,0.5,0.2,NA
841,"synthetic","LSVCMM.Independent",50,0.5,1,1,1,1,10,"sine","sqrt",41,FALSE,TRUE,0.5,0.2,NA
842,"synthetic","LSVCMM.Independent",50,0.5,1,1,1,1,10,"sine","sqrt",42,FALSE,TRUE,0.5,0.2,NA
843,"synthetic","LSVCMM.Independent",50,0.5,1,1,1,1,10,"sine","sqrt",43,FALSE,TRUE,0.5,0.2,NA
844,"synthetic","LSVCMM.Independent",50,0.5,1,1,1,1,10,"sine","sqrt",44,FALSE,TRUE,0.5,0.2,NA
845,"synthetic","LSVCMM.Independent",50,0.5,1,1,1,1,10,"sine","sqrt",45,FALSE,TRUE,0.5,0.2,NA
846,"synthetic","LSVCMM.Independent",50,0.5,1,1,1,1,10,"sine","sqrt",46,FALSE,TRUE,0.5,0.2,NA
847,"synthetic","LSVCMM.Independent",50,0.5,1,1,1,1,10,"sine","sqrt",47,FALSE,TRUE,0.5,0.2,NA
848,"synthetic","LSVCMM.Independent",50,0.5,1,1,1,1,10,"sine","sqrt",48,FALSE,TRUE,0.5,0.2,NA
849,"synthetic","LSVCMM.Independent",50,0.5,1,1,1,1,10,"sine","sqrt",49,FALSE,TRUE,0.5,0.2,NA
850,"synthetic","LSVCMM.Independent",50,0.5,1,1,1,1,10,"sine","sqrt",50,FALSE,TRUE,0.5,0.2,NA
851,"synthetic","LSVCMM.Independent",50,0.5,1,1,1,1,10,"sine","sqrt",51,FALSE,TRUE,0.5,0.2,NA
852,"synthetic","LSVCMM.Independent",50,0.5,1,1,1,1,10,"sine","sqrt",52,FALSE,TRUE,0.5,0.2,NA
853,"synthetic","LSVCMM.Independent",50,0.5,1,1,1,1,10,"sine","sqrt",53,FALSE,TRUE,0.5,0.2,NA
854,"synthetic","LSVCMM.Independent",50,0.5,1,1,1,1,10,"sine","sqrt",54,FALSE,TRUE,0.5,0.2,NA
855,"synthetic","LSVCMM.Independent",50,0.5,1,1,1,1,10,"sine","sqrt",55,FALSE,TRUE,0.5,0.2,NA
856,"synthetic","LSVCMM.Independent",50,0.5,1,1,1,1,10,"sine","sqrt",56,FALSE,TRUE,0.5,0.2,NA
857,"synthetic","LSVCMM.Independent",50,0.5,1,1,1,1,10,"sine","sqrt",57,FALSE,TRUE,0.5,0.2,NA
858,"synthetic","LSVCMM.Independent",50,0.5,1,1,1,1,10,"sine","sqrt",58,FALSE,TRUE,0.5,0.2,NA
859,"synthetic","LSVCMM.Independent",50,0.5,1,1,1,1,10,"sine","sqrt",59,FALSE,TRUE,0.5,0.2,NA
860,"synthetic","LSVCMM.Independent",50,0.5,1,1,1,1,10,"sine","sqrt",60,FALSE,TRUE,0.5,0.2,NA
861,"synthetic","LSVCMM.Independent",50,0.5,1,1,1,1,10,"sine","sqrt",61,FALSE,TRUE,0.5,0.2,NA
862,"synthetic","LSVCMM.Independent",50,0.5,1,1,1,1,10,"sine","sqrt",62,FALSE,TRUE,0.5,0.2,NA
863,"synthetic","LSVCMM.Independent",50,0.5,1,1,1,1,10,"sine","sqrt",63,FALSE,TRUE,0.5,0.2,NA
864,"synthetic","LSVCMM.Independent",50,0.5,1,1,1,1,10,"sine","sqrt",64,FALSE,TRUE,0.5,0.2,NA
865,"synthetic","LSVCMM.Independent",50,0.5,1,1,1,1,10,"sine","sqrt",65,FALSE,TRUE,0.5,0.2,NA
866,"synthetic","LSVCMM.Independent",50,0.5,1,1,1,1,10,"sine","sqrt",66,FALSE,TRUE,0.5,0.2,NA
867,"synthetic","LSVCMM.Independent",50,0.5,1,1,1,1,10,"sine","sqrt",67,FALSE,TRUE,0.5,0.2,NA
868,"synthetic","LSVCMM.Independent",50,0.5,1,1,1,1,10,"sine","sqrt",68,FALSE,TRUE,0.5,0.2,NA
869,"synthetic","LSVCMM.Independent",50,0.5,1,1,1,1,10,"sine","sqrt",69,FALSE,TRUE,0.5,0.2,NA
870,"synthetic","LSVCMM.Independent",50,0.5,1,1,1,1,10,"sine","sqrt",70,FALSE,TRUE,0.5,0.2,NA
871,"synthetic","LSVCMM.Independent",50,0.5,1,1,1,1,10,"sine","sqrt",71,FALSE,TRUE,0.5,0.2,NA
872,"synthetic","LSVCMM.Independent",50,0.5,1,1,1,1,10,"sine","sqrt",72,FALSE,TRUE,0.5,0.2,NA
873,"synthetic","LSVCMM.Independent",50,0.5,1,1,1,1,10,"sine","sqrt",73,FALSE,TRUE,0.5,0.2,NA
874,"synthetic","LSVCMM.Independent",50,0.5,1,1,1,1,10,"sine","sqrt",74,FALSE,TRUE,0.5,0.2,NA
875,"synthetic","LSVCMM.Independent",50,0.5,1,1,1,1,10,"sine","sqrt",75,FALSE,TRUE,0.5,0.2,NA
876,"synthetic","LSVCMM.Independent",50,0.5,1,1,1,1,10,"sine","sqrt",76,FALSE,TRUE,0.5,0.2,NA
877,"synthetic","LSVCMM.Independent",50,0.5,1,1,1,1,10,"sine","sqrt",77,FALSE,TRUE,0.5,0.2,NA
878,"synthetic","LSVCMM.Independent",50,0.5,1,1,1,1,10,"sine","sqrt",78,FALSE,TRUE,0.5,0.2,NA
879,"synthetic","LSVCMM.Independent",50,0.5,1,1,1,1,10,"sine","sqrt",79,FALSE,TRUE,0.5,0.2,NA
880,"synthetic","LSVCMM.Independent",50,0.5,1,1,1,1,10,"sine","sqrt",80,FALSE,TRUE,0.5,0.2,NA
881,"synthetic","LSVCMM.Independent",50,0.5,1,1,1,1,10,"sine","sqrt",81,FALSE,TRUE,0.5,0.2,NA
882,"synthetic","LSVCMM.Independent",50,0.5,1,1,1,1,10,"sine","sqrt",82,FALSE,TRUE,0.5,0.2,NA
883,"synthetic","LSVCMM.Independent",50,0.5,1,1,1,1,10,"sine","sqrt",83,FALSE,TRUE,0.5,0.2,NA
884,"synthetic","LSVCMM.Independent",50,0.5,1,1,1,1,10,"sine","sqrt",84,FALSE,TRUE,0.5,0.2,NA
885,"synthetic","LSVCMM.Independent",50,0.5,1,1,1,1,10,"sine","sqrt",85,FALSE,TRUE,0.5,0.2,NA
886,"synthetic","LSVCMM.Independent",50,0.5,1,1,1,1,10,"sine","sqrt",86,FALSE,TRUE,0.5,0.2,NA
887,"synthetic","LSVCMM.Independent",50,0.5,1,1,1,1,10,"sine","sqrt",87,FALSE,TRUE,0.5,0.2,NA
888,"synthetic","LSVCMM.Independent",50,0.5,1,1,1,1,10,"sine","sqrt",88,FALSE,TRUE,0.5,0.2,NA
889,"synthetic","LSVCMM.Independent",50,0.5,1,1,1,1,10,"sine","sqrt",89,FALSE,TRUE,0.5,0.2,NA
890,"synthetic","LSVCMM.Independent",50,0.5,1,1,1,1,10,"sine","sqrt",90,FALSE,TRUE,0.5,0.2,NA
891,"synthetic","LSVCMM.Independent",50,0.5,1,1,1,1,10,"sine","sqrt",91,FALSE,TRUE,0.5,0.2,NA
892,"synthetic","LSVCMM.Independent",50,0.5,1,1,1,1,10,"sine","sqrt",92,FALSE,TRUE,0.5,0.2,NA
893,"synthetic","LSVCMM.Independent",50,0.5,1,1,1,1,10,"sine","sqrt",93,FALSE,TRUE,0.5,0.2,NA
894,"synthetic","LSVCMM.Independent",50,0.5,1,1,1,1,10,"sine","sqrt",94,FALSE,TRUE,0.5,0.2,NA
895,"synthetic","LSVCMM.Independent",50,0.5,1,1,1,1,10,"sine","sqrt",95,FALSE,TRUE,0.5,0.2,NA
896,"synthetic","LSVCMM.Independent",50,0.5,1,1,1,1,10,"sine","sqrt",96,FALSE,TRUE,0.5,0.2,NA
897,"synthetic","LSVCMM.Independent",50,0.5,1,1,1,1,10,"sine","sqrt",97,FALSE,TRUE,0.5,0.2,NA
898,"synthetic","LSVCMM.Independent",50,0.5,1,1,1,1,10,"sine","sqrt",98,FALSE,TRUE,0.5,0.2,NA
899,"synthetic","LSVCMM.Independent",50,0.5,1,1,1,1,10,"sine","sqrt",99,FALSE,TRUE,0.5,0.2,NA
900,"synthetic","LSVCMM.Independent",50,0.5,1,1,1,1,10,"sine","sqrt",100,FALSE,TRUE,0.5,0.2,NA
901,"synthetic","LSVCMM.Independent",100,0.5,1,1,1,1,10,"sine","sqrt",1,FALSE,TRUE,0.5,0.2,NA
902,"synthetic","LSVCMM.Independent",100,0.5,1,1,1,1,10,"sine","sqrt",2,FALSE,TRUE,0.5,0.2,NA
903,"synthetic","LSVCMM.Independent",100,0.5,1,1,1,1,10,"sine","sqrt",3,FALSE,TRUE,0.5,0.2,NA
904,"synthetic","LSVCMM.Independent",100,0.5,1,1,1,1,10,"sine","sqrt",4,FALSE,TRUE,0.5,0.2,NA
905,"synthetic","LSVCMM.Independent",100,0.5,1,1,1,1,10,"sine","sqrt",5,FALSE,TRUE,0.5,0.2,NA
906,"synthetic","LSVCMM.Independent",100,0.5,1,1,1,1,10,"sine","sqrt",6,FALSE,TRUE,0.5,0.2,NA
907,"synthetic","LSVCMM.Independent",100,0.5,1,1,1,1,10,"sine","sqrt",7,FALSE,TRUE,0.5,0.2,NA
908,"synthetic","LSVCMM.Independent",100,0.5,1,1,1,1,10,"sine","sqrt",8,FALSE,TRUE,0.5,0.2,NA
909,"synthetic","LSVCMM.Independent",100,0.5,1,1,1,1,10,"sine","sqrt",9,FALSE,TRUE,0.5,0.2,NA
910,"synthetic","LSVCMM.Independent",100,0.5,1,1,1,1,10,"sine","sqrt",10,FALSE,TRUE,0.5,0.2,NA
911,"synthetic","LSVCMM.Independent",100,0.5,1,1,1,1,10,"sine","sqrt",11,FALSE,TRUE,0.5,0.2,NA
912,"synthetic","LSVCMM.Independent",100,0.5,1,1,1,1,10,"sine","sqrt",12,FALSE,TRUE,0.5,0.2,NA
913,"synthetic","LSVCMM.Independent",100,0.5,1,1,1,1,10,"sine","sqrt",13,FALSE,TRUE,0.5,0.2,NA
914,"synthetic","LSVCMM.Independent",100,0.5,1,1,1,1,10,"sine","sqrt",14,FALSE,TRUE,0.5,0.2,NA
915,"synthetic","LSVCMM.Independent",100,0.5,1,1,1,1,10,"sine","sqrt",15,FALSE,TRUE,0.5,0.2,NA
916,"synthetic","LSVCMM.Independent",100,0.5,1,1,1,1,10,"sine","sqrt",16,FALSE,TRUE,0.5,0.2,NA
917,"synthetic","LSVCMM.Independent",100,0.5,1,1,1,1,10,"sine","sqrt",17,FALSE,TRUE,0.5,0.2,NA
918,"synthetic","LSVCMM.Independent",100,0.5,1,1,1,1,10,"sine","sqrt",18,FALSE,TRUE,0.5,0.2,NA
919,"synthetic","LSVCMM.Independent",100,0.5,1,1,1,1,10,"sine","sqrt",19,FALSE,TRUE,0.5,0.2,NA
920,"synthetic","LSVCMM.Independent",100,0.5,1,1,1,1,10,"sine","sqrt",20,FALSE,TRUE,0.5,0.2,NA
921,"synthetic","LSVCMM.Independent",100,0.5,1,1,1,1,10,"sine","sqrt",21,FALSE,TRUE,0.5,0.2,NA
922,"synthetic","LSVCMM.Independent",100,0.5,1,1,1,1,10,"sine","sqrt",22,FALSE,TRUE,0.5,0.2,NA
923,"synthetic","LSVCMM.Independent",100,0.5,1,1,1,1,10,"sine","sqrt",23,FALSE,TRUE,0.5,0.2,NA
924,"synthetic","LSVCMM.Independent",100,0.5,1,1,1,1,10,"sine","sqrt",24,FALSE,TRUE,0.5,0.2,NA
925,"synthetic","LSVCMM.Independent",100,0.5,1,1,1,1,10,"sine","sqrt",25,FALSE,TRUE,0.5,0.2,NA
926,"synthetic","LSVCMM.Independent",100,0.5,1,1,1,1,10,"sine","sqrt",26,FALSE,TRUE,0.5,0.2,NA
927,"synthetic","LSVCMM.Independent",100,0.5,1,1,1,1,10,"sine","sqrt",27,FALSE,TRUE,0.5,0.2,NA
928,"synthetic","LSVCMM.Independent",100,0.5,1,1,1,1,10,"sine","sqrt",28,FALSE,TRUE,0.5,0.2,NA
929,"synthetic","LSVCMM.Independent",100,0.5,1,1,1,1,10,"sine","sqrt",29,FALSE,TRUE,0.5,0.2,NA
930,"synthetic","LSVCMM.Independent",100,0.5,1,1,1,1,10,"sine","sqrt",30,FALSE,TRUE,0.5,0.2,NA
931,"synthetic","LSVCMM.Independent",100,0.5,1,1,1,1,10,"sine","sqrt",31,FALSE,TRUE,0.5,0.2,NA
932,"synthetic","LSVCMM.Independent",100,0.5,1,1,1,1,10,"sine","sqrt",32,FALSE,TRUE,0.5,0.2,NA
933,"synthetic","LSVCMM.Independent",100,0.5,1,1,1,1,10,"sine","sqrt",33,FALSE,TRUE,0.5,0.2,NA
934,"synthetic","LSVCMM.Independent",100,0.5,1,1,1,1,10,"sine","sqrt",34,FALSE,TRUE,0.5,0.2,NA
935,"synthetic","LSVCMM.Independent",100,0.5,1,1,1,1,10,"sine","sqrt",35,FALSE,TRUE,0.5,0.2,NA
936,"synthetic","LSVCMM.Independent",100,0.5,1,1,1,1,10,"sine","sqrt",36,FALSE,TRUE,0.5,0.2,NA
937,"synthetic","LSVCMM.Independent",100,0.5,1,1,1,1,10,"sine","sqrt",37,FALSE,TRUE,0.5,0.2,NA
938,"synthetic","LSVCMM.Independent",100,0.5,1,1,1,1,10,"sine","sqrt",38,FALSE,TRUE,0.5,0.2,NA
939,"synthetic","LSVCMM.Independent",100,0.5,1,1,1,1,10,"sine","sqrt",39,FALSE,TRUE,0.5,0.2,NA
940,"synthetic","LSVCMM.Independent",100,0.5,1,1,1,1,10,"sine","sqrt",40,FALSE,TRUE,0.5,0.2,NA
941,"synthetic","LSVCMM.Independent",100,0.5,1,1,1,1,10,"sine","sqrt",41,FALSE,TRUE,0.5,0.2,NA
942,"synthetic","LSVCMM.Independent",100,0.5,1,1,1,1,10,"sine","sqrt",42,FALSE,TRUE,0.5,0.2,NA
943,"synthetic","LSVCMM.Independent",100,0.5,1,1,1,1,10,"sine","sqrt",43,FALSE,TRUE,0.5,0.2,NA
944,"synthetic","LSVCMM.Independent",100,0.5,1,1,1,1,10,"sine","sqrt",44,FALSE,TRUE,0.5,0.2,NA
945,"synthetic","LSVCMM.Independent",100,0.5,1,1,1,1,10,"sine","sqrt",45,FALSE,TRUE,0.5,0.2,NA
946,"synthetic","LSVCMM.Independent",100,0.5,1,1,1,1,10,"sine","sqrt",46,FALSE,TRUE,0.5,0.2,NA
947,"synthetic","LSVCMM.Independent",100,0.5,1,1,1,1,10,"sine","sqrt",47,FALSE,TRUE,0.5,0.2,NA
948,"synthetic","LSVCMM.Independent",100,0.5,1,1,1,1,10,"sine","sqrt",48,FALSE,TRUE,0.5,0.2,NA
949,"synthetic","LSVCMM.Independent",100,0.5,1,1,1,1,10,"sine","sqrt",49,FALSE,TRUE,0.5,0.2,NA
950,"synthetic","LSVCMM.Independent",100,0.5,1,1,1,1,10,"sine","sqrt",50,FALSE,TRUE,0.5,0.2,NA
951,"synthetic","LSVCMM.Independent",100,0.5,1,1,1,1,10,"sine","sqrt",51,FALSE,TRUE,0.5,0.2,NA
952,"synthetic","LSVCMM.Independent",100,0.5,1,1,1,1,10,"sine","sqrt",52,FALSE,TRUE,0.5,0.2,NA
953,"synthetic","LSVCMM.Independent",100,0.5,1,1,1,1,10,"sine","sqrt",53,FALSE,TRUE,0.5,0.2,NA
954,"synthetic","LSVCMM.Independent",100,0.5,1,1,1,1,10,"sine","sqrt",54,FALSE,TRUE,0.5,0.2,NA
955,"synthetic","LSVCMM.Independent",100,0.5,1,1,1,1,10,"sine","sqrt",55,FALSE,TRUE,0.5,0.2,NA
956,"synthetic","LSVCMM.Independent",100,0.5,1,1,1,1,10,"sine","sqrt",56,FALSE,TRUE,0.5,0.2,NA
957,"synthetic","LSVCMM.Independent",100,0.5,1,1,1,1,10,"sine","sqrt",57,FALSE,TRUE,0.5,0.2,NA
958,"synthetic","LSVCMM.Independent",100,0.5,1,1,1,1,10,"sine","sqrt",58,FALSE,TRUE,0.5,0.2,NA
959,"synthetic","LSVCMM.Independent",100,0.5,1,1,1,1,10,"sine","sqrt",59,FALSE,TRUE,0.5,0.2,NA
960,"synthetic","LSVCMM.Independent",100,0.5,1,1,1,1,10,"sine","sqrt",60,FALSE,TRUE,0.5,0.2,NA
961,"synthetic","LSVCMM.Independent",100,0.5,1,1,1,1,10,"sine","sqrt",61,FALSE,TRUE,0.5,0.2,NA
962,"synthetic","LSVCMM.Independent",100,0.5,1,1,1,1,10,"sine","sqrt",62,FALSE,TRUE,0.5,0.2,NA
963,"synthetic","LSVCMM.Independent",100,0.5,1,1,1,1,10,"sine","sqrt",63,FALSE,TRUE,0.5,0.2,NA
964,"synthetic","LSVCMM.Independent",100,0.5,1,1,1,1,10,"sine","sqrt",64,FALSE,TRUE,0.5,0.2,NA
965,"synthetic","LSVCMM.Independent",100,0.5,1,1,1,1,10,"sine","sqrt",65,FALSE,TRUE,0.5,0.2,NA
966,"synthetic","LSVCMM.Independent",100,0.5,1,1,1,1,10,"sine","sqrt",66,FALSE,TRUE,0.5,0.2,NA
967,"synthetic","LSVCMM.Independent",100,0.5,1,1,1,1,10,"sine","sqrt",67,FALSE,TRUE,0.5,0.2,NA
968,"synthetic","LSVCMM.Independent",100,0.5,1,1,1,1,10,"sine","sqrt",68,FALSE,TRUE,0.5,0.2,NA
969,"synthetic","LSVCMM.Independent",100,0.5,1,1,1,1,10,"sine","sqrt",69,FALSE,TRUE,0.5,0.2,NA
970,"synthetic","LSVCMM.Independent",100,0.5,1,1,1,1,10,"sine","sqrt",70,FALSE,TRUE,0.5,0.2,NA
971,"synthetic","LSVCMM.Independent",100,0.5,1,1,1,1,10,"sine","sqrt",71,FALSE,TRUE,0.5,0.2,NA
972,"synthetic","LSVCMM.Independent",100,0.5,1,1,1,1,10,"sine","sqrt",72,FALSE,TRUE,0.5,0.2,NA
973,"synthetic","LSVCMM.Independent",100,0.5,1,1,1,1,10,"sine","sqrt",73,FALSE,TRUE,0.5,0.2,NA
974,"synthetic","LSVCMM.Independent",100,0.5,1,1,1,1,10,"sine","sqrt",74,FALSE,TRUE,0.5,0.2,NA
975,"synthetic","LSVCMM.Independent",100,0.5,1,1,1,1,10,"sine","sqrt",75,FALSE,TRUE,0.5,0.2,NA
976,"synthetic","LSVCMM.Independent",100,0.5,1,1,1,1,10,"sine","sqrt",76,FALSE,TRUE,0.5,0.2,NA
977,"synthetic","LSVCMM.Independent",100,0.5,1,1,1,1,10,"sine","sqrt",77,FALSE,TRUE,0.5,0.2,NA
978,"synthetic","LSVCMM.Independent",100,0.5,1,1,1,1,10,"sine","sqrt",78,FALSE,TRUE,0.5,0.2,NA
979,"synthetic","LSVCMM.Independent",100,0.5,1,1,1,1,10,"sine","sqrt",79,FALSE,TRUE,0.5,0.2,NA
980,"synthetic","LSVCMM.Independent",100,0.5,1,1,1,1,10,"sine","sqrt",80,FALSE,TRUE,0.5,0.2,NA
981,"synthetic","LSVCMM.Independent",100,0.5,1,1,1,1,10,"sine","sqrt",81,FALSE,TRUE,0.5,0.2,NA
982,"synthetic","LSVCMM.Independent",100,0.5,1,1,1,1,10,"sine","sqrt",82,FALSE,TRUE,0.5,0.2,NA
983,"synthetic","LSVCMM.Independent",100,0.5,1,1,1,1,10,"sine","sqrt",83,FALSE,TRUE,0.5,0.2,NA
984,"synthetic","LSVCMM.Independent",100,0.5,1,1,1,1,10,"sine","sqrt",84,FALSE,TRUE,0.5,0.2,NA
985,"synthetic","LSVCMM.Independent",100,0.5,1,1,1,1,10,"sine","sqrt",85,FALSE,TRUE,0.5,0.2,NA
986,"synthetic","LSVCMM.Independent",100,0.5,1,1,1,1,10,"sine","sqrt",86,FALSE,TRUE,0.5,0.2,NA
987,"synthetic","LSVCMM.Independent",100,0.5,1,1,1,1,10,"sine","sqrt",87,FALSE,TRUE,0.5,0.2,NA
988,"synthetic","LSVCMM.Independent",100,0.5,1,1,1,1,10,"sine","sqrt",88,FALSE,TRUE,0.5,0.2,NA
989,"synthetic","LSVCMM.Independent",100,0.5,1,1,1,1,10,"sine","sqrt",89,FALSE,TRUE,0.5,0.2,NA
990,"synthetic","LSVCMM.Independent",100,0.5,1,1,1,1,10,"sine","sqrt",90,FALSE,TRUE,0.5,0.2,NA
991,"synthetic","LSVCMM.Independent",100,0.5,1,1,1,1,10,"sine","sqrt",91,FALSE,TRUE,0.5,0.2,NA
992,"synthetic","LSVCMM.Independent",100,0.5,1,1,1,1,10,"sine","sqrt",92,FALSE,TRUE,0.5,0.2,NA
993,"synthetic","LSVCMM.Independent",100,0.5,1,1,1,1,10,"sine","sqrt",93,FALSE,TRUE,0.5,0.2,NA
994,"synthetic","LSVCMM.Independent",100,0.5,1,1,1,1,10,"sine","sqrt",94,FALSE,TRUE,0.5,0.2,NA
995,"synthetic","LSVCMM.Independent",100,0.5,1,1,1,1,10,"sine","sqrt",95,FALSE,TRUE,0.5,0.2,NA
996,"synthetic","LSVCMM.Independent",100,0.5,1,1,1,1,10,"sine","sqrt",96,FALSE,TRUE,0.5,0.2,NA
997,"synthetic","LSVCMM.Independent",100,0.5,1,1,1,1,10,"sine","sqrt",97,FALSE,TRUE,0.5,0.2,NA
998,"synthetic","LSVCMM.Independent",100,0.5,1,1,1,1,10,"sine","sqrt",98,FALSE,TRUE,0.5,0.2,NA
999,"synthetic","LSVCMM.Independent",100,0.5,1,1,1,1,10,"sine","sqrt",99,FALSE,TRUE,0.5,0.2,NA
1000,"synthetic","LSVCMM.Independent",100,0.5,1,1,1,1,10,"sine","sqrt",100,FALSE,TRUE,0.5,0.2,NA
1001,"synthetic","LSVCMM.Independent",150,0.5,1,1,1,1,10,"sine","sqrt",1,FALSE,TRUE,0.5,0.2,NA
1002,"synthetic","LSVCMM.Independent",150,0.5,1,1,1,1,10,"sine","sqrt",2,FALSE,TRUE,0.5,0.2,NA
1003,"synthetic","LSVCMM.Independent",150,0.5,1,1,1,1,10,"sine","sqrt",3,FALSE,TRUE,0.5,0.2,NA
1004,"synthetic","LSVCMM.Independent",150,0.5,1,1,1,1,10,"sine","sqrt",4,FALSE,TRUE,0.5,0.2,NA
1005,"synthetic","LSVCMM.Independent",150,0.5,1,1,1,1,10,"sine","sqrt",5,FALSE,TRUE,0.5,0.2,NA
1006,"synthetic","LSVCMM.Independent",150,0.5,1,1,1,1,10,"sine","sqrt",6,FALSE,TRUE,0.5,0.2,NA
1007,"synthetic","LSVCMM.Independent",150,0.5,1,1,1,1,10,"sine","sqrt",7,FALSE,TRUE,0.5,0.2,NA
1008,"synthetic","LSVCMM.Independent",150,0.5,1,1,1,1,10,"sine","sqrt",8,FALSE,TRUE,0.5,0.2,NA
1009,"synthetic","LSVCMM.Independent",150,0.5,1,1,1,1,10,"sine","sqrt",9,FALSE,TRUE,0.5,0.2,NA
1010,"synthetic","LSVCMM.Independent",150,0.5,1,1,1,1,10,"sine","sqrt",10,FALSE,TRUE,0.5,0.2,NA
1011,"synthetic","LSVCMM.Independent",150,0.5,1,1,1,1,10,"sine","sqrt",11,FALSE,TRUE,0.5,0.2,NA
1012,"synthetic","LSVCMM.Independent",150,0.5,1,1,1,1,10,"sine","sqrt",12,FALSE,TRUE,0.5,0.2,NA
1013,"synthetic","LSVCMM.Independent",150,0.5,1,1,1,1,10,"sine","sqrt",13,FALSE,TRUE,0.5,0.2,NA
1014,"synthetic","LSVCMM.Independent",150,0.5,1,1,1,1,10,"sine","sqrt",14,FALSE,TRUE,0.5,0.2,NA
1015,"synthetic","LSVCMM.Independent",150,0.5,1,1,1,1,10,"sine","sqrt",15,FALSE,TRUE,0.5,0.2,NA
1016,"synthetic","LSVCMM.Independent",150,0.5,1,1,1,1,10,"sine","sqrt",16,FALSE,TRUE,0.5,0.2,NA
1017,"synthetic","LSVCMM.Independent",150,0.5,1,1,1,1,10,"sine","sqrt",17,FALSE,TRUE,0.5,0.2,NA
1018,"synthetic","LSVCMM.Independent",150,0.5,1,1,1,1,10,"sine","sqrt",18,FALSE,TRUE,0.5,0.2,NA
1019,"synthetic","LSVCMM.Independent",150,0.5,1,1,1,1,10,"sine","sqrt",19,FALSE,TRUE,0.5,0.2,NA
1020,"synthetic","LSVCMM.Independent",150,0.5,1,1,1,1,10,"sine","sqrt",20,FALSE,TRUE,0.5,0.2,NA
1021,"synthetic","LSVCMM.Independent",150,0.5,1,1,1,1,10,"sine","sqrt",21,FALSE,TRUE,0.5,0.2,NA
1022,"synthetic","LSVCMM.Independent",150,0.5,1,1,1,1,10,"sine","sqrt",22,FALSE,TRUE,0.5,0.2,NA
1023,"synthetic","LSVCMM.Independent",150,0.5,1,1,1,1,10,"sine","sqrt",23,FALSE,TRUE,0.5,0.2,NA
1024,"synthetic","LSVCMM.Independent",150,0.5,1,1,1,1,10,"sine","sqrt",24,FALSE,TRUE,0.5,0.2,NA
1025,"synthetic","LSVCMM.Independent",150,0.5,1,1,1,1,10,"sine","sqrt",25,FALSE,TRUE,0.5,0.2,NA
1026,"synthetic","LSVCMM.Independent",150,0.5,1,1,1,1,10,"sine","sqrt",26,FALSE,TRUE,0.5,0.2,NA
1027,"synthetic","LSVCMM.Independent",150,0.5,1,1,1,1,10,"sine","sqrt",27,FALSE,TRUE,0.5,0.2,NA
1028,"synthetic","LSVCMM.Independent",150,0.5,1,1,1,1,10,"sine","sqrt",28,FALSE,TRUE,0.5,0.2,NA
1029,"synthetic","LSVCMM.Independent",150,0.5,1,1,1,1,10,"sine","sqrt",29,FALSE,TRUE,0.5,0.2,NA
1030,"synthetic","LSVCMM.Independent",150,0.5,1,1,1,1,10,"sine","sqrt",30,FALSE,TRUE,0.5,0.2,NA
1031,"synthetic","LSVCMM.Independent",150,0.5,1,1,1,1,10,"sine","sqrt",31,FALSE,TRUE,0.5,0.2,NA
1032,"synthetic","LSVCMM.Independent",150,0.5,1,1,1,1,10,"sine","sqrt",32,FALSE,TRUE,0.5,0.2,NA
1033,"synthetic","LSVCMM.Independent",150,0.5,1,1,1,1,10,"sine","sqrt",33,FALSE,TRUE,0.5,0.2,NA
1034,"synthetic","LSVCMM.Independent",150,0.5,1,1,1,1,10,"sine","sqrt",34,FALSE,TRUE,0.5,0.2,NA
1035,"synthetic","LSVCMM.Independent",150,0.5,1,1,1,1,10,"sine","sqrt",35,FALSE,TRUE,0.5,0.2,NA
1036,"synthetic","LSVCMM.Independent",150,0.5,1,1,1,1,10,"sine","sqrt",36,FALSE,TRUE,0.5,0.2,NA
1037,"synthetic","LSVCMM.Independent",150,0.5,1,1,1,1,10,"sine","sqrt",37,FALSE,TRUE,0.5,0.2,NA
1038,"synthetic","LSVCMM.Independent",150,0.5,1,1,1,1,10,"sine","sqrt",38,FALSE,TRUE,0.5,0.2,NA
1039,"synthetic","LSVCMM.Independent",150,0.5,1,1,1,1,10,"sine","sqrt",39,FALSE,TRUE,0.5,0.2,NA
1040,"synthetic","LSVCMM.Independent",150,0.5,1,1,1,1,10,"sine","sqrt",40,FALSE,TRUE,0.5,0.2,NA
1041,"synthetic","LSVCMM.Independent",150,0.5,1,1,1,1,10,"sine","sqrt",41,FALSE,TRUE,0.5,0.2,NA
1042,"synthetic","LSVCMM.Independent",150,0.5,1,1,1,1,10,"sine","sqrt",42,FALSE,TRUE,0.5,0.2,NA
1043,"synthetic","LSVCMM.Independent",150,0.5,1,1,1,1,10,"sine","sqrt",43,FALSE,TRUE,0.5,0.2,NA
1044,"synthetic","LSVCMM.Independent",150,0.5,1,1,1,1,10,"sine","sqrt",44,FALSE,TRUE,0.5,0.2,NA
1045,"synthetic","LSVCMM.Independent",150,0.5,1,1,1,1,10,"sine","sqrt",45,FALSE,TRUE,0.5,0.2,NA
1046,"synthetic","LSVCMM.Independent",150,0.5,1,1,1,1,10,"sine","sqrt",46,FALSE,TRUE,0.5,0.2,NA
1047,"synthetic","LSVCMM.Independent",150,0.5,1,1,1,1,10,"sine","sqrt",47,FALSE,TRUE,0.5,0.2,NA
1048,"synthetic","LSVCMM.Independent",150,0.5,1,1,1,1,10,"sine","sqrt",48,FALSE,TRUE,0.5,0.2,NA
1049,"synthetic","LSVCMM.Independent",150,0.5,1,1,1,1,10,"sine","sqrt",49,FALSE,TRUE,0.5,0.2,NA
1050,"synthetic","LSVCMM.Independent",150,0.5,1,1,1,1,10,"sine","sqrt",50,FALSE,TRUE,0.5,0.2,NA
1051,"synthetic","LSVCMM.Independent",150,0.5,1,1,1,1,10,"sine","sqrt",51,FALSE,TRUE,0.5,0.2,NA
1052,"synthetic","LSVCMM.Independent",150,0.5,1,1,1,1,10,"sine","sqrt",52,FALSE,TRUE,0.5,0.2,NA
1053,"synthetic","LSVCMM.Independent",150,0.5,1,1,1,1,10,"sine","sqrt",53,FALSE,TRUE,0.5,0.2,NA
1054,"synthetic","LSVCMM.Independent",150,0.5,1,1,1,1,10,"sine","sqrt",54,FALSE,TRUE,0.5,0.2,NA
1055,"synthetic","LSVCMM.Independent",150,0.5,1,1,1,1,10,"sine","sqrt",55,FALSE,TRUE,0.5,0.2,NA
1056,"synthetic","LSVCMM.Independent",150,0.5,1,1,1,1,10,"sine","sqrt",56,FALSE,TRUE,0.5,0.2,NA
1057,"synthetic","LSVCMM.Independent",150,0.5,1,1,1,1,10,"sine","sqrt",57,FALSE,TRUE,0.5,0.2,NA
1058,"synthetic","LSVCMM.Independent",150,0.5,1,1,1,1,10,"sine","sqrt",58,FALSE,TRUE,0.5,0.2,NA
1059,"synthetic","LSVCMM.Independent",150,0.5,1,1,1,1,10,"sine","sqrt",59,FALSE,TRUE,0.5,0.2,NA
1060,"synthetic","LSVCMM.Independent",150,0.5,1,1,1,1,10,"sine","sqrt",60,FALSE,TRUE,0.5,0.2,NA
1061,"synthetic","LSVCMM.Independent",150,0.5,1,1,1,1,10,"sine","sqrt",61,FALSE,TRUE,0.5,0.2,NA
1062,"synthetic","LSVCMM.Independent",150,0.5,1,1,1,1,10,"sine","sqrt",62,FALSE,TRUE,0.5,0.2,NA
1063,"synthetic","LSVCMM.Independent",150,0.5,1,1,1,1,10,"sine","sqrt",63,FALSE,TRUE,0.5,0.2,NA
1064,"synthetic","LSVCMM.Independent",150,0.5,1,1,1,1,10,"sine","sqrt",64,FALSE,TRUE,0.5,0.2,NA
1065,"synthetic","LSVCMM.Independent",150,0.5,1,1,1,1,10,"sine","sqrt",65,FALSE,TRUE,0.5,0.2,NA
1066,"synthetic","LSVCMM.Independent",150,0.5,1,1,1,1,10,"sine","sqrt",66,FALSE,TRUE,0.5,0.2,NA
1067,"synthetic","LSVCMM.Independent",150,0.5,1,1,1,1,10,"sine","sqrt",67,FALSE,TRUE,0.5,0.2,NA
1068,"synthetic","LSVCMM.Independent",150,0.5,1,1,1,1,10,"sine","sqrt",68,FALSE,TRUE,0.5,0.2,NA
1069,"synthetic","LSVCMM.Independent",150,0.5,1,1,1,1,10,"sine","sqrt",69,FALSE,TRUE,0.5,0.2,NA
1070,"synthetic","LSVCMM.Independent",150,0.5,1,1,1,1,10,"sine","sqrt",70,FALSE,TRUE,0.5,0.2,NA
1071,"synthetic","LSVCMM.Independent",150,0.5,1,1,1,1,10,"sine","sqrt",71,FALSE,TRUE,0.5,0.2,NA
1072,"synthetic","LSVCMM.Independent",150,0.5,1,1,1,1,10,"sine","sqrt",72,FALSE,TRUE,0.5,0.2,NA
1073,"synthetic","LSVCMM.Independent",150,0.5,1,1,1,1,10,"sine","sqrt",73,FALSE,TRUE,0.5,0.2,NA
1074,"synthetic","LSVCMM.Independent",150,0.5,1,1,1,1,10,"sine","sqrt",74,FALSE,TRUE,0.5,0.2,NA
1075,"synthetic","LSVCMM.Independent",150,0.5,1,1,1,1,10,"sine","sqrt",75,FALSE,TRUE,0.5,0.2,NA
1076,"synthetic","LSVCMM.Independent",150,0.5,1,1,1,1,10,"sine","sqrt",76,FALSE,TRUE,0.5,0.2,NA
1077,"synthetic","LSVCMM.Independent",150,0.5,1,1,1,1,10,"sine","sqrt",77,FALSE,TRUE,0.5,0.2,NA
1078,"synthetic","LSVCMM.Independent",150,0.5,1,1,1,1,10,"sine","sqrt",78,FALSE,TRUE,0.5,0.2,NA
1079,"synthetic","LSVCMM.Independent",150,0.5,1,1,1,1,10,"sine","sqrt",79,FALSE,TRUE,0.5,0.2,NA
1080,"synthetic","LSVCMM.Independent",150,0.5,1,1,1,1,10,"sine","sqrt",80,FALSE,TRUE,0.5,0.2,NA
1081,"synthetic","LSVCMM.Independent",150,0.5,1,1,1,1,10,"sine","sqrt",81,FALSE,TRUE,0.5,0.2,NA
1082,"synthetic","LSVCMM.Independent",150,0.5,1,1,1,1,10,"sine","sqrt",82,FALSE,TRUE,0.5,0.2,NA
1083,"synthetic","LSVCMM.Independent",150,0.5,1,1,1,1,10,"sine","sqrt",83,FALSE,TRUE,0.5,0.2,NA
1084,"synthetic","LSVCMM.Independent",150,0.5,1,1,1,1,10,"sine","sqrt",84,FALSE,TRUE,0.5,0.2,NA
1085,"synthetic","LSVCMM.Independent",150,0.5,1,1,1,1,10,"sine","sqrt",85,FALSE,TRUE,0.5,0.2,NA
1086,"synthetic","LSVCMM.Independent",150,0.5,1,1,1,1,10,"sine","sqrt",86,FALSE,TRUE,0.5,0.2,NA
1087,"synthetic","LSVCMM.Independent",150,0.5,1,1,1,1,10,"sine","sqrt",87,FALSE,TRUE,0.5,0.2,NA
1088,"synthetic","LSVCMM.Independent",150,0.5,1,1,1,1,10,"sine","sqrt",88,FALSE,TRUE,0.5,0.2,NA
1089,"synthetic","LSVCMM.Independent",150,0.5,1,1,1,1,10,"sine","sqrt",89,FALSE,TRUE,0.5,0.2,NA
1090,"synthetic","LSVCMM.Independent",150,0.5,1,1,1,1,10,"sine","sqrt",90,FALSE,TRUE,0.5,0.2,NA
1091,"synthetic","LSVCMM.Independent",150,0.5,1,1,1,1,10,"sine","sqrt",91,FALSE,TRUE,0.5,0.2,NA
1092,"synthetic","LSVCMM.Independent",150,0.5,1,1,1,1,10,"sine","sqrt",92,FALSE,TRUE,0.5,0.2,NA
1093,"synthetic","LSVCMM.Independent",150,0.5,1,1,1,1,10,"sine","sqrt",93,FALSE,TRUE,0.5,0.2,NA
1094,"synthetic","LSVCMM.Independent",150,0.5,1,1,1,1,10,"sine","sqrt",94,FALSE,TRUE,0.5,0.2,NA
1095,"synthetic","LSVCMM.Independent",150,0.5,1,1,1,1,10,"sine","sqrt",95,FALSE,TRUE,0.5,0.2,NA
1096,"synthetic","LSVCMM.Independent",150,0.5,1,1,1,1,10,"sine","sqrt",96,FALSE,TRUE,0.5,0.2,NA
1097,"synthetic","LSVCMM.Independent",150,0.5,1,1,1,1,10,"sine","sqrt",97,FALSE,TRUE,0.5,0.2,NA
1098,"synthetic","LSVCMM.Independent",150,0.5,1,1,1,1,10,"sine","sqrt",98,FALSE,TRUE,0.5,0.2,NA
1099,"synthetic","LSVCMM.Independent",150,0.5,1,1,1,1,10,"sine","sqrt",99,FALSE,TRUE,0.5,0.2,NA
1100,"synthetic","LSVCMM.Independent",150,0.5,1,1,1,1,10,"sine","sqrt",100,FALSE,TRUE,0.5,0.2,NA
1101,"synthetic","LSVCMM.Independent",200,0.5,1,1,1,1,10,"sine","sqrt",1,FALSE,TRUE,0.5,0.2,NA
1102,"synthetic","LSVCMM.Independent",200,0.5,1,1,1,1,10,"sine","sqrt",2,FALSE,TRUE,0.5,0.2,NA
1103,"synthetic","LSVCMM.Independent",200,0.5,1,1,1,1,10,"sine","sqrt",3,FALSE,TRUE,0.5,0.2,NA
1104,"synthetic","LSVCMM.Independent",200,0.5,1,1,1,1,10,"sine","sqrt",4,FALSE,TRUE,0.5,0.2,NA
1105,"synthetic","LSVCMM.Independent",200,0.5,1,1,1,1,10,"sine","sqrt",5,FALSE,TRUE,0.5,0.2,NA
1106,"synthetic","LSVCMM.Independent",200,0.5,1,1,1,1,10,"sine","sqrt",6,FALSE,TRUE,0.5,0.2,NA
1107,"synthetic","LSVCMM.Independent",200,0.5,1,1,1,1,10,"sine","sqrt",7,FALSE,TRUE,0.5,0.2,NA
1108,"synthetic","LSVCMM.Independent",200,0.5,1,1,1,1,10,"sine","sqrt",8,FALSE,TRUE,0.5,0.2,NA
1109,"synthetic","LSVCMM.Independent",200,0.5,1,1,1,1,10,"sine","sqrt",9,FALSE,TRUE,0.5,0.2,NA
1110,"synthetic","LSVCMM.Independent",200,0.5,1,1,1,1,10,"sine","sqrt",10,FALSE,TRUE,0.5,0.2,NA
1111,"synthetic","LSVCMM.Independent",200,0.5,1,1,1,1,10,"sine","sqrt",11,FALSE,TRUE,0.5,0.2,NA
1112,"synthetic","LSVCMM.Independent",200,0.5,1,1,1,1,10,"sine","sqrt",12,FALSE,TRUE,0.5,0.2,NA
1113,"synthetic","LSVCMM.Independent",200,0.5,1,1,1,1,10,"sine","sqrt",13,FALSE,TRUE,0.5,0.2,NA
1114,"synthetic","LSVCMM.Independent",200,0.5,1,1,1,1,10,"sine","sqrt",14,FALSE,TRUE,0.5,0.2,NA
1115,"synthetic","LSVCMM.Independent",200,0.5,1,1,1,1,10,"sine","sqrt",15,FALSE,TRUE,0.5,0.2,NA
1116,"synthetic","LSVCMM.Independent",200,0.5,1,1,1,1,10,"sine","sqrt",16,FALSE,TRUE,0.5,0.2,NA
1117,"synthetic","LSVCMM.Independent",200,0.5,1,1,1,1,10,"sine","sqrt",17,FALSE,TRUE,0.5,0.2,NA
1118,"synthetic","LSVCMM.Independent",200,0.5,1,1,1,1,10,"sine","sqrt",18,FALSE,TRUE,0.5,0.2,NA
1119,"synthetic","LSVCMM.Independent",200,0.5,1,1,1,1,10,"sine","sqrt",19,FALSE,TRUE,0.5,0.2,NA
1120,"synthetic","LSVCMM.Independent",200,0.5,1,1,1,1,10,"sine","sqrt",20,FALSE,TRUE,0.5,0.2,NA
1121,"synthetic","LSVCMM.Independent",200,0.5,1,1,1,1,10,"sine","sqrt",21,FALSE,TRUE,0.5,0.2,NA
1122,"synthetic","LSVCMM.Independent",200,0.5,1,1,1,1,10,"sine","sqrt",22,FALSE,TRUE,0.5,0.2,NA
1123,"synthetic","LSVCMM.Independent",200,0.5,1,1,1,1,10,"sine","sqrt",23,FALSE,TRUE,0.5,0.2,NA
1124,"synthetic","LSVCMM.Independent",200,0.5,1,1,1,1,10,"sine","sqrt",24,FALSE,TRUE,0.5,0.2,NA
1125,"synthetic","LSVCMM.Independent",200,0.5,1,1,1,1,10,"sine","sqrt",25,FALSE,TRUE,0.5,0.2,NA
1126,"synthetic","LSVCMM.Independent",200,0.5,1,1,1,1,10,"sine","sqrt",26,FALSE,TRUE,0.5,0.2,NA
1127,"synthetic","LSVCMM.Independent",200,0.5,1,1,1,1,10,"sine","sqrt",27,FALSE,TRUE,0.5,0.2,NA
1128,"synthetic","LSVCMM.Independent",200,0.5,1,1,1,1,10,"sine","sqrt",28,FALSE,TRUE,0.5,0.2,NA
1129,"synthetic","LSVCMM.Independent",200,0.5,1,1,1,1,10,"sine","sqrt",29,FALSE,TRUE,0.5,0.2,NA
1130,"synthetic","LSVCMM.Independent",200,0.5,1,1,1,1,10,"sine","sqrt",30,FALSE,TRUE,0.5,0.2,NA
1131,"synthetic","LSVCMM.Independent",200,0.5,1,1,1,1,10,"sine","sqrt",31,FALSE,TRUE,0.5,0.2,NA
1132,"synthetic","LSVCMM.Independent",200,0.5,1,1,1,1,10,"sine","sqrt",32,FALSE,TRUE,0.5,0.2,NA
1133,"synthetic","LSVCMM.Independent",200,0.5,1,1,1,1,10,"sine","sqrt",33,FALSE,TRUE,0.5,0.2,NA
1134,"synthetic","LSVCMM.Independent",200,0.5,1,1,1,1,10,"sine","sqrt",34,FALSE,TRUE,0.5,0.2,NA
1135,"synthetic","LSVCMM.Independent",200,0.5,1,1,1,1,10,"sine","sqrt",35,FALSE,TRUE,0.5,0.2,NA
1136,"synthetic","LSVCMM.Independent",200,0.5,1,1,1,1,10,"sine","sqrt",36,FALSE,TRUE,0.5,0.2,NA
1137,"synthetic","LSVCMM.Independent",200,0.5,1,1,1,1,10,"sine","sqrt",37,FALSE,TRUE,0.5,0.2,NA
1138,"synthetic","LSVCMM.Independent",200,0.5,1,1,1,1,10,"sine","sqrt",38,FALSE,TRUE,0.5,0.2,NA
1139,"synthetic","LSVCMM.Independent",200,0.5,1,1,1,1,10,"sine","sqrt",39,FALSE,TRUE,0.5,0.2,NA
1140,"synthetic","LSVCMM.Independent",200,0.5,1,1,1,1,10,"sine","sqrt",40,FALSE,TRUE,0.5,0.2,NA
1141,"synthetic","LSVCMM.Independent",200,0.5,1,1,1,1,10,"sine","sqrt",41,FALSE,TRUE,0.5,0.2,NA
1142,"synthetic","LSVCMM.Independent",200,0.5,1,1,1,1,10,"sine","sqrt",42,FALSE,TRUE,0.5,0.2,NA
1143,"synthetic","LSVCMM.Independent",200,0.5,1,1,1,1,10,"sine","sqrt",43,FALSE,TRUE,0.5,0.2,NA
1144,"synthetic","LSVCMM.Independent",200,0.5,1,1,1,1,10,"sine","sqrt",44,FALSE,TRUE,0.5,0.2,NA
1145,"synthetic","LSVCMM.Independent",200,0.5,1,1,1,1,10,"sine","sqrt",45,FALSE,TRUE,0.5,0.2,NA
1146,"synthetic","LSVCMM.Independent",200,0.5,1,1,1,1,10,"sine","sqrt",46,FALSE,TRUE,0.5,0.2,NA
1147,"synthetic","LSVCMM.Independent",200,0.5,1,1,1,1,10,"sine","sqrt",47,FALSE,TRUE,0.5,0.2,NA
1148,"synthetic","LSVCMM.Independent",200,0.5,1,1,1,1,10,"sine","sqrt",48,FALSE,TRUE,0.5,0.2,NA
1149,"synthetic","LSVCMM.Independent",200,0.5,1,1,1,1,10,"sine","sqrt",49,FALSE,TRUE,0.5,0.2,NA
1150,"synthetic","LSVCMM.Independent",200,0.5,1,1,1,1,10,"sine","sqrt",50,FALSE,TRUE,0.5,0.2,NA
1151,"synthetic","LSVCMM.Independent",200,0.5,1,1,1,1,10,"sine","sqrt",51,FALSE,TRUE,0.5,0.2,NA
1152,"synthetic","LSVCMM.Independent",200,0.5,1,1,1,1,10,"sine","sqrt",52,FALSE,TRUE,0.5,0.2,NA
1153,"synthetic","LSVCMM.Independent",200,0.5,1,1,1,1,10,"sine","sqrt",53,FALSE,TRUE,0.5,0.2,NA
1154,"synthetic","LSVCMM.Independent",200,0.5,1,1,1,1,10,"sine","sqrt",54,FALSE,TRUE,0.5,0.2,NA
1155,"synthetic","LSVCMM.Independent",200,0.5,1,1,1,1,10,"sine","sqrt",55,FALSE,TRUE,0.5,0.2,NA
1156,"synthetic","LSVCMM.Independent",200,0.5,1,1,1,1,10,"sine","sqrt",56,FALSE,TRUE,0.5,0.2,NA
1157,"synthetic","LSVCMM.Independent",200,0.5,1,1,1,1,10,"sine","sqrt",57,FALSE,TRUE,0.5,0.2,NA
1158,"synthetic","LSVCMM.Independent",200,0.5,1,1,1,1,10,"sine","sqrt",58,FALSE,TRUE,0.5,0.2,NA
1159,"synthetic","LSVCMM.Independent",200,0.5,1,1,1,1,10,"sine","sqrt",59,FALSE,TRUE,0.5,0.2,NA
1160,"synthetic","LSVCMM.Independent",200,0.5,1,1,1,1,10,"sine","sqrt",60,FALSE,TRUE,0.5,0.2,NA
1161,"synthetic","LSVCMM.Independent",200,0.5,1,1,1,1,10,"sine","sqrt",61,FALSE,TRUE,0.5,0.2,NA
1162,"synthetic","LSVCMM.Independent",200,0.5,1,1,1,1,10,"sine","sqrt",62,FALSE,TRUE,0.5,0.2,NA
1163,"synthetic","LSVCMM.Independent",200,0.5,1,1,1,1,10,"sine","sqrt",63,FALSE,TRUE,0.5,0.2,NA
1164,"synthetic","LSVCMM.Independent",200,0.5,1,1,1,1,10,"sine","sqrt",64,FALSE,TRUE,0.5,0.2,NA
1165,"synthetic","LSVCMM.Independent",200,0.5,1,1,1,1,10,"sine","sqrt",65,FALSE,TRUE,0.5,0.2,NA
1166,"synthetic","LSVCMM.Independent",200,0.5,1,1,1,1,10,"sine","sqrt",66,FALSE,TRUE,0.5,0.2,NA
1167,"synthetic","LSVCMM.Independent",200,0.5,1,1,1,1,10,"sine","sqrt",67,FALSE,TRUE,0.5,0.2,NA
1168,"synthetic","LSVCMM.Independent",200,0.5,1,1,1,1,10,"sine","sqrt",68,FALSE,TRUE,0.5,0.2,NA
1169,"synthetic","LSVCMM.Independent",200,0.5,1,1,1,1,10,"sine","sqrt",69,FALSE,TRUE,0.5,0.2,NA
1170,"synthetic","LSVCMM.Independent",200,0.5,1,1,1,1,10,"sine","sqrt",70,FALSE,TRUE,0.5,0.2,NA
1171,"synthetic","LSVCMM.Independent",200,0.5,1,1,1,1,10,"sine","sqrt",71,FALSE,TRUE,0.5,0.2,NA
1172,"synthetic","LSVCMM.Independent",200,0.5,1,1,1,1,10,"sine","sqrt",72,FALSE,TRUE,0.5,0.2,NA
1173,"synthetic","LSVCMM.Independent",200,0.5,1,1,1,1,10,"sine","sqrt",73,FALSE,TRUE,0.5,0.2,NA
1174,"synthetic","LSVCMM.Independent",200,0.5,1,1,1,1,10,"sine","sqrt",74,FALSE,TRUE,0.5,0.2,NA
1175,"synthetic","LSVCMM.Independent",200,0.5,1,1,1,1,10,"sine","sqrt",75,FALSE,TRUE,0.5,0.2,NA
1176,"synthetic","LSVCMM.Independent",200,0.5,1,1,1,1,10,"sine","sqrt",76,FALSE,TRUE,0.5,0.2,NA
1177,"synthetic","LSVCMM.Independent",200,0.5,1,1,1,1,10,"sine","sqrt",77,FALSE,TRUE,0.5,0.2,NA
1178,"synthetic","LSVCMM.Independent",200,0.5,1,1,1,1,10,"sine","sqrt",78,FALSE,TRUE,0.5,0.2,NA
1179,"synthetic","LSVCMM.Independent",200,0.5,1,1,1,1,10,"sine","sqrt",79,FALSE,TRUE,0.5,0.2,NA
1180,"synthetic","LSVCMM.Independent",200,0.5,1,1,1,1,10,"sine","sqrt",80,FALSE,TRUE,0.5,0.2,NA
1181,"synthetic","LSVCMM.Independent",200,0.5,1,1,1,1,10,"sine","sqrt",81,FALSE,TRUE,0.5,0.2,NA
1182,"synthetic","LSVCMM.Independent",200,0.5,1,1,1,1,10,"sine","sqrt",82,FALSE,TRUE,0.5,0.2,NA
1183,"synthetic","LSVCMM.Independent",200,0.5,1,1,1,1,10,"sine","sqrt",83,FALSE,TRUE,0.5,0.2,NA
1184,"synthetic","LSVCMM.Independent",200,0.5,1,1,1,1,10,"sine","sqrt",84,FALSE,TRUE,0.5,0.2,NA
1185,"synthetic","LSVCMM.Independent",200,0.5,1,1,1,1,10,"sine","sqrt",85,FALSE,TRUE,0.5,0.2,NA
1186,"synthetic","LSVCMM.Independent",200,0.5,1,1,1,1,10,"sine","sqrt",86,FALSE,TRUE,0.5,0.2,NA
1187,"synthetic","LSVCMM.Independent",200,0.5,1,1,1,1,10,"sine","sqrt",87,FALSE,TRUE,0.5,0.2,NA
1188,"synthetic","LSVCMM.Independent",200,0.5,1,1,1,1,10,"sine","sqrt",88,FALSE,TRUE,0.5,0.2,NA
1189,"synthetic","LSVCMM.Independent",200,0.5,1,1,1,1,10,"sine","sqrt",89,FALSE,TRUE,0.5,0.2,NA
1190,"synthetic","LSVCMM.Independent",200,0.5,1,1,1,1,10,"sine","sqrt",90,FALSE,TRUE,0.5,0.2,NA
1191,"synthetic","LSVCMM.Independent",200,0.5,1,1,1,1,10,"sine","sqrt",91,FALSE,TRUE,0.5,0.2,NA
1192,"synthetic","LSVCMM.Independent",200,0.5,1,1,1,1,10,"sine","sqrt",92,FALSE,TRUE,0.5,0.2,NA
1193,"synthetic","LSVCMM.Independent",200,0.5,1,1,1,1,10,"sine","sqrt",93,FALSE,TRUE,0.5,0.2,NA
1194,"synthetic","LSVCMM.Independent",200,0.5,1,1,1,1,10,"sine","sqrt",94,FALSE,TRUE,0.5,0.2,NA
1195,"synthetic","LSVCMM.Independent",200,0.5,1,1,1,1,10,"sine","sqrt",95,FALSE,TRUE,0.5,0.2,NA
1196,"synthetic","LSVCMM.Independent",200,0.5,1,1,1,1,10,"sine","sqrt",96,FALSE,TRUE,0.5,0.2,NA
1197,"synthetic","LSVCMM.Independent",200,0.5,1,1,1,1,10,"sine","sqrt",97,FALSE,TRUE,0.5,0.2,NA
1198,"synthetic","LSVCMM.Independent",200,0.5,1,1,1,1,10,"sine","sqrt",98,FALSE,TRUE,0.5,0.2,NA
1199,"synthetic","LSVCMM.Independent",200,0.5,1,1,1,1,10,"sine","sqrt",99,FALSE,TRUE,0.5,0.2,NA
1200,"synthetic","LSVCMM.Independent",200,0.5,1,1,1,1,10,"sine","sqrt",100,FALSE,TRUE,0.5,0.2,NA
1201,"synthetic","LSVCMM.Cross-sectional",20,0.5,1,1,1,1,10,"sine","sqrt",1,TRUE,TRUE,0.5,NA,NA
1202,"synthetic","LSVCMM.Cross-sectional",20,0.5,1,1,1,1,10,"sine","sqrt",2,TRUE,TRUE,0.5,NA,NA
1203,"synthetic","LSVCMM.Cross-sectional",20,0.5,1,1,1,1,10,"sine","sqrt",3,TRUE,TRUE,0.5,NA,NA
1204,"synthetic","LSVCMM.Cross-sectional",20,0.5,1,1,1,1,10,"sine","sqrt",4,TRUE,TRUE,0.5,NA,NA
1205,"synthetic","LSVCMM.Cross-sectional",20,0.5,1,1,1,1,10,"sine","sqrt",5,TRUE,TRUE,0.5,NA,NA
1206,"synthetic","LSVCMM.Cross-sectional",20,0.5,1,1,1,1,10,"sine","sqrt",6,TRUE,TRUE,0.5,NA,NA
1207,"synthetic","LSVCMM.Cross-sectional",20,0.5,1,1,1,1,10,"sine","sqrt",7,TRUE,TRUE,0.5,NA,NA
1208,"synthetic","LSVCMM.Cross-sectional",20,0.5,1,1,1,1,10,"sine","sqrt",8,TRUE,TRUE,0.5,NA,NA
1209,"synthetic","LSVCMM.Cross-sectional",20,0.5,1,1,1,1,10,"sine","sqrt",9,TRUE,TRUE,0.5,NA,NA
1210,"synthetic","LSVCMM.Cross-sectional",20,0.5,1,1,1,1,10,"sine","sqrt",10,TRUE,TRUE,0.5,NA,NA
1211,"synthetic","LSVCMM.Cross-sectional",20,0.5,1,1,1,1,10,"sine","sqrt",11,TRUE,TRUE,0.5,NA,NA
1212,"synthetic","LSVCMM.Cross-sectional",20,0.5,1,1,1,1,10,"sine","sqrt",12,TRUE,TRUE,0.5,NA,NA
1213,"synthetic","LSVCMM.Cross-sectional",20,0.5,1,1,1,1,10,"sine","sqrt",13,TRUE,TRUE,0.5,NA,NA
1214,"synthetic","LSVCMM.Cross-sectional",20,0.5,1,1,1,1,10,"sine","sqrt",14,TRUE,TRUE,0.5,NA,NA
1215,"synthetic","LSVCMM.Cross-sectional",20,0.5,1,1,1,1,10,"sine","sqrt",15,TRUE,TRUE,0.5,NA,NA
1216,"synthetic","LSVCMM.Cross-sectional",20,0.5,1,1,1,1,10,"sine","sqrt",16,TRUE,TRUE,0.5,NA,NA
1217,"synthetic","LSVCMM.Cross-sectional",20,0.5,1,1,1,1,10,"sine","sqrt",17,TRUE,TRUE,0.5,NA,NA
1218,"synthetic","LSVCMM.Cross-sectional",20,0.5,1,1,1,1,10,"sine","sqrt",18,TRUE,TRUE,0.5,NA,NA
1219,"synthetic","LSVCMM.Cross-sectional",20,0.5,1,1,1,1,10,"sine","sqrt",19,TRUE,TRUE,0.5,NA,NA
1220,"synthetic","LSVCMM.Cross-sectional",20,0.5,1,1,1,1,10,"sine","sqrt",20,TRUE,TRUE,0.5,NA,NA
1221,"synthetic","LSVCMM.Cross-sectional",20,0.5,1,1,1,1,10,"sine","sqrt",21,TRUE,TRUE,0.5,NA,NA
1222,"synthetic","LSVCMM.Cross-sectional",20,0.5,1,1,1,1,10,"sine","sqrt",22,TRUE,TRUE,0.5,NA,NA
1223,"synthetic","LSVCMM.Cross-sectional",20,0.5,1,1,1,1,10,"sine","sqrt",23,TRUE,TRUE,0.5,NA,NA
1224,"synthetic","LSVCMM.Cross-sectional",20,0.5,1,1,1,1,10,"sine","sqrt",24,TRUE,TRUE,0.5,NA,NA
1225,"synthetic","LSVCMM.Cross-sectional",20,0.5,1,1,1,1,10,"sine","sqrt",25,TRUE,TRUE,0.5,NA,NA
1226,"synthetic","LSVCMM.Cross-sectional",20,0.5,1,1,1,1,10,"sine","sqrt",26,TRUE,TRUE,0.5,NA,NA
1227,"synthetic","LSVCMM.Cross-sectional",20,0.5,1,1,1,1,10,"sine","sqrt",27,TRUE,TRUE,0.5,NA,NA
1228,"synthetic","LSVCMM.Cross-sectional",20,0.5,1,1,1,1,10,"sine","sqrt",28,TRUE,TRUE,0.5,NA,NA
1229,"synthetic","LSVCMM.Cross-sectional",20,0.5,1,1,1,1,10,"sine","sqrt",29,TRUE,TRUE,0.5,NA,NA
1230,"synthetic","LSVCMM.Cross-sectional",20,0.5,1,1,1,1,10,"sine","sqrt",30,TRUE,TRUE,0.5,NA,NA
1231,"synthetic","LSVCMM.Cross-sectional",20,0.5,1,1,1,1,10,"sine","sqrt",31,TRUE,TRUE,0.5,NA,NA
1232,"synthetic","LSVCMM.Cross-sectional",20,0.5,1,1,1,1,10,"sine","sqrt",32,TRUE,TRUE,0.5,NA,NA
1233,"synthetic","LSVCMM.Cross-sectional",20,0.5,1,1,1,1,10,"sine","sqrt",33,TRUE,TRUE,0.5,NA,NA
1234,"synthetic","LSVCMM.Cross-sectional",20,0.5,1,1,1,1,10,"sine","sqrt",34,TRUE,TRUE,0.5,NA,NA
1235,"synthetic","LSVCMM.Cross-sectional",20,0.5,1,1,1,1,10,"sine","sqrt",35,TRUE,TRUE,0.5,NA,NA
1236,"synthetic","LSVCMM.Cross-sectional",20,0.5,1,1,1,1,10,"sine","sqrt",36,TRUE,TRUE,0.5,NA,NA
1237,"synthetic","LSVCMM.Cross-sectional",20,0.5,1,1,1,1,10,"sine","sqrt",37,TRUE,TRUE,0.5,NA,NA
1238,"synthetic","LSVCMM.Cross-sectional",20,0.5,1,1,1,1,10,"sine","sqrt",38,TRUE,TRUE,0.5,NA,NA
1239,"synthetic","LSVCMM.Cross-sectional",20,0.5,1,1,1,1,10,"sine","sqrt",39,TRUE,TRUE,0.5,NA,NA
1240,"synthetic","LSVCMM.Cross-sectional",20,0.5,1,1,1,1,10,"sine","sqrt",40,TRUE,TRUE,0.5,NA,NA
1241,"synthetic","LSVCMM.Cross-sectional",20,0.5,1,1,1,1,10,"sine","sqrt",41,TRUE,TRUE,0.5,NA,NA
1242,"synthetic","LSVCMM.Cross-sectional",20,0.5,1,1,1,1,10,"sine","sqrt",42,TRUE,TRUE,0.5,NA,NA
1243,"synthetic","LSVCMM.Cross-sectional",20,0.5,1,1,1,1,10,"sine","sqrt",43,TRUE,TRUE,0.5,NA,NA
1244,"synthetic","LSVCMM.Cross-sectional",20,0.5,1,1,1,1,10,"sine","sqrt",44,TRUE,TRUE,0.5,NA,NA
1245,"synthetic","LSVCMM.Cross-sectional",20,0.5,1,1,1,1,10,"sine","sqrt",45,TRUE,TRUE,0.5,NA,NA
1246,"synthetic","LSVCMM.Cross-sectional",20,0.5,1,1,1,1,10,"sine","sqrt",46,TRUE,TRUE,0.5,NA,NA
1247,"synthetic","LSVCMM.Cross-sectional",20,0.5,1,1,1,1,10,"sine","sqrt",47,TRUE,TRUE,0.5,NA,NA
1248,"synthetic","LSVCMM.Cross-sectional",20,0.5,1,1,1,1,10,"sine","sqrt",48,TRUE,TRUE,0.5,NA,NA
1249,"synthetic","LSVCMM.Cross-sectional",20,0.5,1,1,1,1,10,"sine","sqrt",49,TRUE,TRUE,0.5,NA,NA
1250,"synthetic","LSVCMM.Cross-sectional",20,0.5,1,1,1,1,10,"sine","sqrt",50,TRUE,TRUE,0.5,NA,NA
1251,"synthetic","LSVCMM.Cross-sectional",20,0.5,1,1,1,1,10,"sine","sqrt",51,TRUE,TRUE,0.5,NA,NA
1252,"synthetic","LSVCMM.Cross-sectional",20,0.5,1,1,1,1,10,"sine","sqrt",52,TRUE,TRUE,0.5,NA,NA
1253,"synthetic","LSVCMM.Cross-sectional",20,0.5,1,1,1,1,10,"sine","sqrt",53,TRUE,TRUE,0.5,NA,NA
1254,"synthetic","LSVCMM.Cross-sectional",20,0.5,1,1,1,1,10,"sine","sqrt",54,TRUE,TRUE,0.5,NA,NA
1255,"synthetic","LSVCMM.Cross-sectional",20,0.5,1,1,1,1,10,"sine","sqrt",55,TRUE,TRUE,0.5,NA,NA
1256,"synthetic","LSVCMM.Cross-sectional",20,0.5,1,1,1,1,10,"sine","sqrt",56,TRUE,TRUE,0.5,NA,NA
1257,"synthetic","LSVCMM.Cross-sectional",20,0.5,1,1,1,1,10,"sine","sqrt",57,TRUE,TRUE,0.5,NA,NA
1258,"synthetic","LSVCMM.Cross-sectional",20,0.5,1,1,1,1,10,"sine","sqrt",58,TRUE,TRUE,0.5,NA,NA
1259,"synthetic","LSVCMM.Cross-sectional",20,0.5,1,1,1,1,10,"sine","sqrt",59,TRUE,TRUE,0.5,NA,NA
1260,"synthetic","LSVCMM.Cross-sectional",20,0.5,1,1,1,1,10,"sine","sqrt",60,TRUE,TRUE,0.5,NA,NA
1261,"synthetic","LSVCMM.Cross-sectional",20,0.5,1,1,1,1,10,"sine","sqrt",61,TRUE,TRUE,0.5,NA,NA
1262,"synthetic","LSVCMM.Cross-sectional",20,0.5,1,1,1,1,10,"sine","sqrt",62,TRUE,TRUE,0.5,NA,NA
1263,"synthetic","LSVCMM.Cross-sectional",20,0.5,1,1,1,1,10,"sine","sqrt",63,TRUE,TRUE,0.5,NA,NA
1264,"synthetic","LSVCMM.Cross-sectional",20,0.5,1,1,1,1,10,"sine","sqrt",64,TRUE,TRUE,0.5,NA,NA
1265,"synthetic","LSVCMM.Cross-sectional",20,0.5,1,1,1,1,10,"sine","sqrt",65,TRUE,TRUE,0.5,NA,NA
1266,"synthetic","LSVCMM.Cross-sectional",20,0.5,1,1,1,1,10,"sine","sqrt",66,TRUE,TRUE,0.5,NA,NA
1267,"synthetic","LSVCMM.Cross-sectional",20,0.5,1,1,1,1,10,"sine","sqrt",67,TRUE,TRUE,0.5,NA,NA
1268,"synthetic","LSVCMM.Cross-sectional",20,0.5,1,1,1,1,10,"sine","sqrt",68,TRUE,TRUE,0.5,NA,NA
1269,"synthetic","LSVCMM.Cross-sectional",20,0.5,1,1,1,1,10,"sine","sqrt",69,TRUE,TRUE,0.5,NA,NA
1270,"synthetic","LSVCMM.Cross-sectional",20,0.5,1,1,1,1,10,"sine","sqrt",70,TRUE,TRUE,0.5,NA,NA
1271,"synthetic","LSVCMM.Cross-sectional",20,0.5,1,1,1,1,10,"sine","sqrt",71,TRUE,TRUE,0.5,NA,NA
1272,"synthetic","LSVCMM.Cross-sectional",20,0.5,1,1,1,1,10,"sine","sqrt",72,TRUE,TRUE,0.5,NA,NA
1273,"synthetic","LSVCMM.Cross-sectional",20,0.5,1,1,1,1,10,"sine","sqrt",73,TRUE,TRUE,0.5,NA,NA
1274,"synthetic","LSVCMM.Cross-sectional",20,0.5,1,1,1,1,10,"sine","sqrt",74,TRUE,TRUE,0.5,NA,NA
1275,"synthetic","LSVCMM.Cross-sectional",20,0.5,1,1,1,1,10,"sine","sqrt",75,TRUE,TRUE,0.5,NA,NA
1276,"synthetic","LSVCMM.Cross-sectional",20,0.5,1,1,1,1,10,"sine","sqrt",76,TRUE,TRUE,0.5,NA,NA
1277,"synthetic","LSVCMM.Cross-sectional",20,0.5,1,1,1,1,10,"sine","sqrt",77,TRUE,TRUE,0.5,NA,NA
1278,"synthetic","LSVCMM.Cross-sectional",20,0.5,1,1,1,1,10,"sine","sqrt",78,TRUE,TRUE,0.5,NA,NA
1279,"synthetic","LSVCMM.Cross-sectional",20,0.5,1,1,1,1,10,"sine","sqrt",79,TRUE,TRUE,0.5,NA,NA
1280,"synthetic","LSVCMM.Cross-sectional",20,0.5,1,1,1,1,10,"sine","sqrt",80,TRUE,TRUE,0.5,NA,NA
1281,"synthetic","LSVCMM.Cross-sectional",20,0.5,1,1,1,1,10,"sine","sqrt",81,TRUE,TRUE,0.5,NA,NA
1282,"synthetic","LSVCMM.Cross-sectional",20,0.5,1,1,1,1,10,"sine","sqrt",82,TRUE,TRUE,0.5,NA,NA
1283,"synthetic","LSVCMM.Cross-sectional",20,0.5,1,1,1,1,10,"sine","sqrt",83,TRUE,TRUE,0.5,NA,NA
1284,"synthetic","LSVCMM.Cross-sectional",20,0.5,1,1,1,1,10,"sine","sqrt",84,TRUE,TRUE,0.5,NA,NA
1285,"synthetic","LSVCMM.Cross-sectional",20,0.5,1,1,1,1,10,"sine","sqrt",85,TRUE,TRUE,0.5,NA,NA
1286,"synthetic","LSVCMM.Cross-sectional",20,0.5,1,1,1,1,10,"sine","sqrt",86,TRUE,TRUE,0.5,NA,NA
1287,"synthetic","LSVCMM.Cross-sectional",20,0.5,1,1,1,1,10,"sine","sqrt",87,TRUE,TRUE,0.5,NA,NA
1288,"synthetic","LSVCMM.Cross-sectional",20,0.5,1,1,1,1,10,"sine","sqrt",88,TRUE,TRUE,0.5,NA,NA
1289,"synthetic","LSVCMM.Cross-sectional",20,0.5,1,1,1,1,10,"sine","sqrt",89,TRUE,TRUE,0.5,NA,NA
1290,"synthetic","LSVCMM.Cross-sectional",20,0.5,1,1,1,1,10,"sine","sqrt",90,TRUE,TRUE,0.5,NA,NA
1291,"synthetic","LSVCMM.Cross-sectional",20,0.5,1,1,1,1,10,"sine","sqrt",91,TRUE,TRUE,0.5,NA,NA
1292,"synthetic","LSVCMM.Cross-sectional",20,0.5,1,1,1,1,10,"sine","sqrt",92,TRUE,TRUE,0.5,NA,NA
1293,"synthetic","LSVCMM.Cross-sectional",20,0.5,1,1,1,1,10,"sine","sqrt",93,TRUE,TRUE,0.5,NA,NA
1294,"synthetic","LSVCMM.Cross-sectional",20,0.5,1,1,1,1,10,"sine","sqrt",94,TRUE,TRUE,0.5,NA,NA
1295,"synthetic","LSVCMM.Cross-sectional",20,0.5,1,1,1,1,10,"sine","sqrt",95,TRUE,TRUE,0.5,NA,NA
1296,"synthetic","LSVCMM.Cross-sectional",20,0.5,1,1,1,1,10,"sine","sqrt",96,TRUE,TRUE,0.5,NA,NA
1297,"synthetic","LSVCMM.Cross-sectional",20,0.5,1,1,1,1,10,"sine","sqrt",97,TRUE,TRUE,0.5,NA,NA
1298,"synthetic","LSVCMM.Cross-sectional",20,0.5,1,1,1,1,10,"sine","sqrt",98,TRUE,TRUE,0.5,NA,NA
1299,"synthetic","LSVCMM.Cross-sectional",20,0.5,1,1,1,1,10,"sine","sqrt",99,TRUE,TRUE,0.5,NA,NA
1300,"synthetic","LSVCMM.Cross-sectional",20,0.5,1,1,1,1,10,"sine","sqrt",100,TRUE,TRUE,0.5,NA,NA
1301,"synthetic","LSVCMM.Cross-sectional",30,0.5,1,1,1,1,10,"sine","sqrt",1,TRUE,TRUE,0.5,NA,NA
1302,"synthetic","LSVCMM.Cross-sectional",30,0.5,1,1,1,1,10,"sine","sqrt",2,TRUE,TRUE,0.5,NA,NA
1303,"synthetic","LSVCMM.Cross-sectional",30,0.5,1,1,1,1,10,"sine","sqrt",3,TRUE,TRUE,0.5,NA,NA
1304,"synthetic","LSVCMM.Cross-sectional",30,0.5,1,1,1,1,10,"sine","sqrt",4,TRUE,TRUE,0.5,NA,NA
1305,"synthetic","LSVCMM.Cross-sectional",30,0.5,1,1,1,1,10,"sine","sqrt",5,TRUE,TRUE,0.5,NA,NA
1306,"synthetic","LSVCMM.Cross-sectional",30,0.5,1,1,1,1,10,"sine","sqrt",6,TRUE,TRUE,0.5,NA,NA
1307,"synthetic","LSVCMM.Cross-sectional",30,0.5,1,1,1,1,10,"sine","sqrt",7,TRUE,TRUE,0.5,NA,NA
1308,"synthetic","LSVCMM.Cross-sectional",30,0.5,1,1,1,1,10,"sine","sqrt",8,TRUE,TRUE,0.5,NA,NA
1309,"synthetic","LSVCMM.Cross-sectional",30,0.5,1,1,1,1,10,"sine","sqrt",9,TRUE,TRUE,0.5,NA,NA
1310,"synthetic","LSVCMM.Cross-sectional",30,0.5,1,1,1,1,10,"sine","sqrt",10,TRUE,TRUE,0.5,NA,NA
1311,"synthetic","LSVCMM.Cross-sectional",30,0.5,1,1,1,1,10,"sine","sqrt",11,TRUE,TRUE,0.5,NA,NA
1312,"synthetic","LSVCMM.Cross-sectional",30,0.5,1,1,1,1,10,"sine","sqrt",12,TRUE,TRUE,0.5,NA,NA
1313,"synthetic","LSVCMM.Cross-sectional",30,0.5,1,1,1,1,10,"sine","sqrt",13,TRUE,TRUE,0.5,NA,NA
1314,"synthetic","LSVCMM.Cross-sectional",30,0.5,1,1,1,1,10,"sine","sqrt",14,TRUE,TRUE,0.5,NA,NA
1315,"synthetic","LSVCMM.Cross-sectional",30,0.5,1,1,1,1,10,"sine","sqrt",15,TRUE,TRUE,0.5,NA,NA
1316,"synthetic","LSVCMM.Cross-sectional",30,0.5,1,1,1,1,10,"sine","sqrt",16,TRUE,TRUE,0.5,NA,NA
1317,"synthetic","LSVCMM.Cross-sectional",30,0.5,1,1,1,1,10,"sine","sqrt",17,TRUE,TRUE,0.5,NA,NA
1318,"synthetic","LSVCMM.Cross-sectional",30,0.5,1,1,1,1,10,"sine","sqrt",18,TRUE,TRUE,0.5,NA,NA
1319,"synthetic","LSVCMM.Cross-sectional",30,0.5,1,1,1,1,10,"sine","sqrt",19,TRUE,TRUE,0.5,NA,NA
1320,"synthetic","LSVCMM.Cross-sectional",30,0.5,1,1,1,1,10,"sine","sqrt",20,TRUE,TRUE,0.5,NA,NA
1321,"synthetic","LSVCMM.Cross-sectional",30,0.5,1,1,1,1,10,"sine","sqrt",21,TRUE,TRUE,0.5,NA,NA
1322,"synthetic","LSVCMM.Cross-sectional",30,0.5,1,1,1,1,10,"sine","sqrt",22,TRUE,TRUE,0.5,NA,NA
1323,"synthetic","LSVCMM.Cross-sectional",30,0.5,1,1,1,1,10,"sine","sqrt",23,TRUE,TRUE,0.5,NA,NA
1324,"synthetic","LSVCMM.Cross-sectional",30,0.5,1,1,1,1,10,"sine","sqrt",24,TRUE,TRUE,0.5,NA,NA
1325,"synthetic","LSVCMM.Cross-sectional",30,0.5,1,1,1,1,10,"sine","sqrt",25,TRUE,TRUE,0.5,NA,NA
1326,"synthetic","LSVCMM.Cross-sectional",30,0.5,1,1,1,1,10,"sine","sqrt",26,TRUE,TRUE,0.5,NA,NA
1327,"synthetic","LSVCMM.Cross-sectional",30,0.5,1,1,1,1,10,"sine","sqrt",27,TRUE,TRUE,0.5,NA,NA
1328,"synthetic","LSVCMM.Cross-sectional",30,0.5,1,1,1,1,10,"sine","sqrt",28,TRUE,TRUE,0.5,NA,NA
1329,"synthetic","LSVCMM.Cross-sectional",30,0.5,1,1,1,1,10,"sine","sqrt",29,TRUE,TRUE,0.5,NA,NA
1330,"synthetic","LSVCMM.Cross-sectional",30,0.5,1,1,1,1,10,"sine","sqrt",30,TRUE,TRUE,0.5,NA,NA
1331,"synthetic","LSVCMM.Cross-sectional",30,0.5,1,1,1,1,10,"sine","sqrt",31,TRUE,TRUE,0.5,NA,NA
1332,"synthetic","LSVCMM.Cross-sectional",30,0.5,1,1,1,1,10,"sine","sqrt",32,TRUE,TRUE,0.5,NA,NA
1333,"synthetic","LSVCMM.Cross-sectional",30,0.5,1,1,1,1,10,"sine","sqrt",33,TRUE,TRUE,0.5,NA,NA
1334,"synthetic","LSVCMM.Cross-sectional",30,0.5,1,1,1,1,10,"sine","sqrt",34,TRUE,TRUE,0.5,NA,NA
1335,"synthetic","LSVCMM.Cross-sectional",30,0.5,1,1,1,1,10,"sine","sqrt",35,TRUE,TRUE,0.5,NA,NA
1336,"synthetic","LSVCMM.Cross-sectional",30,0.5,1,1,1,1,10,"sine","sqrt",36,TRUE,TRUE,0.5,NA,NA
1337,"synthetic","LSVCMM.Cross-sectional",30,0.5,1,1,1,1,10,"sine","sqrt",37,TRUE,TRUE,0.5,NA,NA
1338,"synthetic","LSVCMM.Cross-sectional",30,0.5,1,1,1,1,10,"sine","sqrt",38,TRUE,TRUE,0.5,NA,NA
1339,"synthetic","LSVCMM.Cross-sectional",30,0.5,1,1,1,1,10,"sine","sqrt",39,TRUE,TRUE,0.5,NA,NA
1340,"synthetic","LSVCMM.Cross-sectional",30,0.5,1,1,1,1,10,"sine","sqrt",40,TRUE,TRUE,0.5,NA,NA
1341,"synthetic","LSVCMM.Cross-sectional",30,0.5,1,1,1,1,10,"sine","sqrt",41,TRUE,TRUE,0.5,NA,NA
1342,"synthetic","LSVCMM.Cross-sectional",30,0.5,1,1,1,1,10,"sine","sqrt",42,TRUE,TRUE,0.5,NA,NA
1343,"synthetic","LSVCMM.Cross-sectional",30,0.5,1,1,1,1,10,"sine","sqrt",43,TRUE,TRUE,0.5,NA,NA
1344,"synthetic","LSVCMM.Cross-sectional",30,0.5,1,1,1,1,10,"sine","sqrt",44,TRUE,TRUE,0.5,NA,NA
1345,"synthetic","LSVCMM.Cross-sectional",30,0.5,1,1,1,1,10,"sine","sqrt",45,TRUE,TRUE,0.5,NA,NA
1346,"synthetic","LSVCMM.Cross-sectional",30,0.5,1,1,1,1,10,"sine","sqrt",46,TRUE,TRUE,0.5,NA,NA
1347,"synthetic","LSVCMM.Cross-sectional",30,0.5,1,1,1,1,10,"sine","sqrt",47,TRUE,TRUE,0.5,NA,NA
1348,"synthetic","LSVCMM.Cross-sectional",30,0.5,1,1,1,1,10,"sine","sqrt",48,TRUE,TRUE,0.5,NA,NA
1349,"synthetic","LSVCMM.Cross-sectional",30,0.5,1,1,1,1,10,"sine","sqrt",49,TRUE,TRUE,0.5,NA,NA
1350,"synthetic","LSVCMM.Cross-sectional",30,0.5,1,1,1,1,10,"sine","sqrt",50,TRUE,TRUE,0.5,NA,NA
1351,"synthetic","LSVCMM.Cross-sectional",30,0.5,1,1,1,1,10,"sine","sqrt",51,TRUE,TRUE,0.5,NA,NA
1352,"synthetic","LSVCMM.Cross-sectional",30,0.5,1,1,1,1,10,"sine","sqrt",52,TRUE,TRUE,0.5,NA,NA
1353,"synthetic","LSVCMM.Cross-sectional",30,0.5,1,1,1,1,10,"sine","sqrt",53,TRUE,TRUE,0.5,NA,NA
1354,"synthetic","LSVCMM.Cross-sectional",30,0.5,1,1,1,1,10,"sine","sqrt",54,TRUE,TRUE,0.5,NA,NA
1355,"synthetic","LSVCMM.Cross-sectional",30,0.5,1,1,1,1,10,"sine","sqrt",55,TRUE,TRUE,0.5,NA,NA
1356,"synthetic","LSVCMM.Cross-sectional",30,0.5,1,1,1,1,10,"sine","sqrt",56,TRUE,TRUE,0.5,NA,NA
1357,"synthetic","LSVCMM.Cross-sectional",30,0.5,1,1,1,1,10,"sine","sqrt",57,TRUE,TRUE,0.5,NA,NA
1358,"synthetic","LSVCMM.Cross-sectional",30,0.5,1,1,1,1,10,"sine","sqrt",58,TRUE,TRUE,0.5,NA,NA
1359,"synthetic","LSVCMM.Cross-sectional",30,0.5,1,1,1,1,10,"sine","sqrt",59,TRUE,TRUE,0.5,NA,NA
1360,"synthetic","LSVCMM.Cross-sectional",30,0.5,1,1,1,1,10,"sine","sqrt",60,TRUE,TRUE,0.5,NA,NA
1361,"synthetic","LSVCMM.Cross-sectional",30,0.5,1,1,1,1,10,"sine","sqrt",61,TRUE,TRUE,0.5,NA,NA
1362,"synthetic","LSVCMM.Cross-sectional",30,0.5,1,1,1,1,10,"sine","sqrt",62,TRUE,TRUE,0.5,NA,NA
1363,"synthetic","LSVCMM.Cross-sectional",30,0.5,1,1,1,1,10,"sine","sqrt",63,TRUE,TRUE,0.5,NA,NA
1364,"synthetic","LSVCMM.Cross-sectional",30,0.5,1,1,1,1,10,"sine","sqrt",64,TRUE,TRUE,0.5,NA,NA
1365,"synthetic","LSVCMM.Cross-sectional",30,0.5,1,1,1,1,10,"sine","sqrt",65,TRUE,TRUE,0.5,NA,NA
1366,"synthetic","LSVCMM.Cross-sectional",30,0.5,1,1,1,1,10,"sine","sqrt",66,TRUE,TRUE,0.5,NA,NA
1367,"synthetic","LSVCMM.Cross-sectional",30,0.5,1,1,1,1,10,"sine","sqrt",67,TRUE,TRUE,0.5,NA,NA
1368,"synthetic","LSVCMM.Cross-sectional",30,0.5,1,1,1,1,10,"sine","sqrt",68,TRUE,TRUE,0.5,NA,NA
1369,"synthetic","LSVCMM.Cross-sectional",30,0.5,1,1,1,1,10,"sine","sqrt",69,TRUE,TRUE,0.5,NA,NA
1370,"synthetic","LSVCMM.Cross-sectional",30,0.5,1,1,1,1,10,"sine","sqrt",70,TRUE,TRUE,0.5,NA,NA
1371,"synthetic","LSVCMM.Cross-sectional",30,0.5,1,1,1,1,10,"sine","sqrt",71,TRUE,TRUE,0.5,NA,NA
1372,"synthetic","LSVCMM.Cross-sectional",30,0.5,1,1,1,1,10,"sine","sqrt",72,TRUE,TRUE,0.5,NA,NA
1373,"synthetic","LSVCMM.Cross-sectional",30,0.5,1,1,1,1,10,"sine","sqrt",73,TRUE,TRUE,0.5,NA,NA
1374,"synthetic","LSVCMM.Cross-sectional",30,0.5,1,1,1,1,10,"sine","sqrt",74,TRUE,TRUE,0.5,NA,NA
1375,"synthetic","LSVCMM.Cross-sectional",30,0.5,1,1,1,1,10,"sine","sqrt",75,TRUE,TRUE,0.5,NA,NA
1376,"synthetic","LSVCMM.Cross-sectional",30,0.5,1,1,1,1,10,"sine","sqrt",76,TRUE,TRUE,0.5,NA,NA
1377,"synthetic","LSVCMM.Cross-sectional",30,0.5,1,1,1,1,10,"sine","sqrt",77,TRUE,TRUE,0.5,NA,NA
1378,"synthetic","LSVCMM.Cross-sectional",30,0.5,1,1,1,1,10,"sine","sqrt",78,TRUE,TRUE,0.5,NA,NA
1379,"synthetic","LSVCMM.Cross-sectional",30,0.5,1,1,1,1,10,"sine","sqrt",79,TRUE,TRUE,0.5,NA,NA
1380,"synthetic","LSVCMM.Cross-sectional",30,0.5,1,1,1,1,10,"sine","sqrt",80,TRUE,TRUE,0.5,NA,NA
1381,"synthetic","LSVCMM.Cross-sectional",30,0.5,1,1,1,1,10,"sine","sqrt",81,TRUE,TRUE,0.5,NA,NA
1382,"synthetic","LSVCMM.Cross-sectional",30,0.5,1,1,1,1,10,"sine","sqrt",82,TRUE,TRUE,0.5,NA,NA
1383,"synthetic","LSVCMM.Cross-sectional",30,0.5,1,1,1,1,10,"sine","sqrt",83,TRUE,TRUE,0.5,NA,NA
1384,"synthetic","LSVCMM.Cross-sectional",30,0.5,1,1,1,1,10,"sine","sqrt",84,TRUE,TRUE,0.5,NA,NA
1385,"synthetic","LSVCMM.Cross-sectional",30,0.5,1,1,1,1,10,"sine","sqrt",85,TRUE,TRUE,0.5,NA,NA
1386,"synthetic","LSVCMM.Cross-sectional",30,0.5,1,1,1,1,10,"sine","sqrt",86,TRUE,TRUE,0.5,NA,NA
1387,"synthetic","LSVCMM.Cross-sectional",30,0.5,1,1,1,1,10,"sine","sqrt",87,TRUE,TRUE,0.5,NA,NA
1388,"synthetic","LSVCMM.Cross-sectional",30,0.5,1,1,1,1,10,"sine","sqrt",88,TRUE,TRUE,0.5,NA,NA
1389,"synthetic","LSVCMM.Cross-sectional",30,0.5,1,1,1,1,10,"sine","sqrt",89,TRUE,TRUE,0.5,NA,NA
1390,"synthetic","LSVCMM.Cross-sectional",30,0.5,1,1,1,1,10,"sine","sqrt",90,TRUE,TRUE,0.5,NA,NA
1391,"synthetic","LSVCMM.Cross-sectional",30,0.5,1,1,1,1,10,"sine","sqrt",91,TRUE,TRUE,0.5,NA,NA
1392,"synthetic","LSVCMM.Cross-sectional",30,0.5,1,1,1,1,10,"sine","sqrt",92,TRUE,TRUE,0.5,NA,NA
1393,"synthetic","LSVCMM.Cross-sectional",30,0.5,1,1,1,1,10,"sine","sqrt",93,TRUE,TRUE,0.5,NA,NA
1394,"synthetic","LSVCMM.Cross-sectional",30,0.5,1,1,1,1,10,"sine","sqrt",94,TRUE,TRUE,0.5,NA,NA
1395,"synthetic","LSVCMM.Cross-sectional",30,0.5,1,1,1,1,10,"sine","sqrt",95,TRUE,TRUE,0.5,NA,NA
1396,"synthetic","LSVCMM.Cross-sectional",30,0.5,1,1,1,1,10,"sine","sqrt",96,TRUE,TRUE,0.5,NA,NA
1397,"synthetic","LSVCMM.Cross-sectional",30,0.5,1,1,1,1,10,"sine","sqrt",97,TRUE,TRUE,0.5,NA,NA
1398,"synthetic","LSVCMM.Cross-sectional",30,0.5,1,1,1,1,10,"sine","sqrt",98,TRUE,TRUE,0.5,NA,NA
1399,"synthetic","LSVCMM.Cross-sectional",30,0.5,1,1,1,1,10,"sine","sqrt",99,TRUE,TRUE,0.5,NA,NA
1400,"synthetic","LSVCMM.Cross-sectional",30,0.5,1,1,1,1,10,"sine","sqrt",100,TRUE,TRUE,0.5,NA,NA
1401,"synthetic","LSVCMM.Cross-sectional",50,0.5,1,1,1,1,10,"sine","sqrt",1,TRUE,TRUE,0.5,NA,NA
1402,"synthetic","LSVCMM.Cross-sectional",50,0.5,1,1,1,1,10,"sine","sqrt",2,TRUE,TRUE,0.5,NA,NA
1403,"synthetic","LSVCMM.Cross-sectional",50,0.5,1,1,1,1,10,"sine","sqrt",3,TRUE,TRUE,0.5,NA,NA
1404,"synthetic","LSVCMM.Cross-sectional",50,0.5,1,1,1,1,10,"sine","sqrt",4,TRUE,TRUE,0.5,NA,NA
1405,"synthetic","LSVCMM.Cross-sectional",50,0.5,1,1,1,1,10,"sine","sqrt",5,TRUE,TRUE,0.5,NA,NA
1406,"synthetic","LSVCMM.Cross-sectional",50,0.5,1,1,1,1,10,"sine","sqrt",6,TRUE,TRUE,0.5,NA,NA
1407,"synthetic","LSVCMM.Cross-sectional",50,0.5,1,1,1,1,10,"sine","sqrt",7,TRUE,TRUE,0.5,NA,NA
1408,"synthetic","LSVCMM.Cross-sectional",50,0.5,1,1,1,1,10,"sine","sqrt",8,TRUE,TRUE,0.5,NA,NA
1409,"synthetic","LSVCMM.Cross-sectional",50,0.5,1,1,1,1,10,"sine","sqrt",9,TRUE,TRUE,0.5,NA,NA
1410,"synthetic","LSVCMM.Cross-sectional",50,0.5,1,1,1,1,10,"sine","sqrt",10,TRUE,TRUE,0.5,NA,NA
1411,"synthetic","LSVCMM.Cross-sectional",50,0.5,1,1,1,1,10,"sine","sqrt",11,TRUE,TRUE,0.5,NA,NA
1412,"synthetic","LSVCMM.Cross-sectional",50,0.5,1,1,1,1,10,"sine","sqrt",12,TRUE,TRUE,0.5,NA,NA
1413,"synthetic","LSVCMM.Cross-sectional",50,0.5,1,1,1,1,10,"sine","sqrt",13,TRUE,TRUE,0.5,NA,NA
1414,"synthetic","LSVCMM.Cross-sectional",50,0.5,1,1,1,1,10,"sine","sqrt",14,TRUE,TRUE,0.5,NA,NA
1415,"synthetic","LSVCMM.Cross-sectional",50,0.5,1,1,1,1,10,"sine","sqrt",15,TRUE,TRUE,0.5,NA,NA
1416,"synthetic","LSVCMM.Cross-sectional",50,0.5,1,1,1,1,10,"sine","sqrt",16,TRUE,TRUE,0.5,NA,NA
1417,"synthetic","LSVCMM.Cross-sectional",50,0.5,1,1,1,1,10,"sine","sqrt",17,TRUE,TRUE,0.5,NA,NA
1418,"synthetic","LSVCMM.Cross-sectional",50,0.5,1,1,1,1,10,"sine","sqrt",18,TRUE,TRUE,0.5,NA,NA
1419,"synthetic","LSVCMM.Cross-sectional",50,0.5,1,1,1,1,10,"sine","sqrt",19,TRUE,TRUE,0.5,NA,NA
1420,"synthetic","LSVCMM.Cross-sectional",50,0.5,1,1,1,1,10,"sine","sqrt",20,TRUE,TRUE,0.5,NA,NA
1421,"synthetic","LSVCMM.Cross-sectional",50,0.5,1,1,1,1,10,"sine","sqrt",21,TRUE,TRUE,0.5,NA,NA
1422,"synthetic","LSVCMM.Cross-sectional",50,0.5,1,1,1,1,10,"sine","sqrt",22,TRUE,TRUE,0.5,NA,NA
1423,"synthetic","LSVCMM.Cross-sectional",50,0.5,1,1,1,1,10,"sine","sqrt",23,TRUE,TRUE,0.5,NA,NA
1424,"synthetic","LSVCMM.Cross-sectional",50,0.5,1,1,1,1,10,"sine","sqrt",24,TRUE,TRUE,0.5,NA,NA
1425,"synthetic","LSVCMM.Cross-sectional",50,0.5,1,1,1,1,10,"sine","sqrt",25,TRUE,TRUE,0.5,NA,NA
1426,"synthetic","LSVCMM.Cross-sectional",50,0.5,1,1,1,1,10,"sine","sqrt",26,TRUE,TRUE,0.5,NA,NA
1427,"synthetic","LSVCMM.Cross-sectional",50,0.5,1,1,1,1,10,"sine","sqrt",27,TRUE,TRUE,0.5,NA,NA
1428,"synthetic","LSVCMM.Cross-sectional",50,0.5,1,1,1,1,10,"sine","sqrt",28,TRUE,TRUE,0.5,NA,NA
1429,"synthetic","LSVCMM.Cross-sectional",50,0.5,1,1,1,1,10,"sine","sqrt",29,TRUE,TRUE,0.5,NA,NA
1430,"synthetic","LSVCMM.Cross-sectional",50,0.5,1,1,1,1,10,"sine","sqrt",30,TRUE,TRUE,0.5,NA,NA
1431,"synthetic","LSVCMM.Cross-sectional",50,0.5,1,1,1,1,10,"sine","sqrt",31,TRUE,TRUE,0.5,NA,NA
1432,"synthetic","LSVCMM.Cross-sectional",50,0.5,1,1,1,1,10,"sine","sqrt",32,TRUE,TRUE,0.5,NA,NA
1433,"synthetic","LSVCMM.Cross-sectional",50,0.5,1,1,1,1,10,"sine","sqrt",33,TRUE,TRUE,0.5,NA,NA
1434,"synthetic","LSVCMM.Cross-sectional",50,0.5,1,1,1,1,10,"sine","sqrt",34,TRUE,TRUE,0.5,NA,NA
1435,"synthetic","LSVCMM.Cross-sectional",50,0.5,1,1,1,1,10,"sine","sqrt",35,TRUE,TRUE,0.5,NA,NA
1436,"synthetic","LSVCMM.Cross-sectional",50,0.5,1,1,1,1,10,"sine","sqrt",36,TRUE,TRUE,0.5,NA,NA
1437,"synthetic","LSVCMM.Cross-sectional",50,0.5,1,1,1,1,10,"sine","sqrt",37,TRUE,TRUE,0.5,NA,NA
1438,"synthetic","LSVCMM.Cross-sectional",50,0.5,1,1,1,1,10,"sine","sqrt",38,TRUE,TRUE,0.5,NA,NA
1439,"synthetic","LSVCMM.Cross-sectional",50,0.5,1,1,1,1,10,"sine","sqrt",39,TRUE,TRUE,0.5,NA,NA
1440,"synthetic","LSVCMM.Cross-sectional",50,0.5,1,1,1,1,10,"sine","sqrt",40,TRUE,TRUE,0.5,NA,NA
1441,"synthetic","LSVCMM.Cross-sectional",50,0.5,1,1,1,1,10,"sine","sqrt",41,TRUE,TRUE,0.5,NA,NA
1442,"synthetic","LSVCMM.Cross-sectional",50,0.5,1,1,1,1,10,"sine","sqrt",42,TRUE,TRUE,0.5,NA,NA
1443,"synthetic","LSVCMM.Cross-sectional",50,0.5,1,1,1,1,10,"sine","sqrt",43,TRUE,TRUE,0.5,NA,NA
1444,"synthetic","LSVCMM.Cross-sectional",50,0.5,1,1,1,1,10,"sine","sqrt",44,TRUE,TRUE,0.5,NA,NA
1445,"synthetic","LSVCMM.Cross-sectional",50,0.5,1,1,1,1,10,"sine","sqrt",45,TRUE,TRUE,0.5,NA,NA
1446,"synthetic","LSVCMM.Cross-sectional",50,0.5,1,1,1,1,10,"sine","sqrt",46,TRUE,TRUE,0.5,NA,NA
1447,"synthetic","LSVCMM.Cross-sectional",50,0.5,1,1,1,1,10,"sine","sqrt",47,TRUE,TRUE,0.5,NA,NA
1448,"synthetic","LSVCMM.Cross-sectional",50,0.5,1,1,1,1,10,"sine","sqrt",48,TRUE,TRUE,0.5,NA,NA
1449,"synthetic","LSVCMM.Cross-sectional",50,0.5,1,1,1,1,10,"sine","sqrt",49,TRUE,TRUE,0.5,NA,NA
1450,"synthetic","LSVCMM.Cross-sectional",50,0.5,1,1,1,1,10,"sine","sqrt",50,TRUE,TRUE,0.5,NA,NA
1451,"synthetic","LSVCMM.Cross-sectional",50,0.5,1,1,1,1,10,"sine","sqrt",51,TRUE,TRUE,0.5,NA,NA
1452,"synthetic","LSVCMM.Cross-sectional",50,0.5,1,1,1,1,10,"sine","sqrt",52,TRUE,TRUE,0.5,NA,NA
1453,"synthetic","LSVCMM.Cross-sectional",50,0.5,1,1,1,1,10,"sine","sqrt",53,TRUE,TRUE,0.5,NA,NA
1454,"synthetic","LSVCMM.Cross-sectional",50,0.5,1,1,1,1,10,"sine","sqrt",54,TRUE,TRUE,0.5,NA,NA
1455,"synthetic","LSVCMM.Cross-sectional",50,0.5,1,1,1,1,10,"sine","sqrt",55,TRUE,TRUE,0.5,NA,NA
1456,"synthetic","LSVCMM.Cross-sectional",50,0.5,1,1,1,1,10,"sine","sqrt",56,TRUE,TRUE,0.5,NA,NA
1457,"synthetic","LSVCMM.Cross-sectional",50,0.5,1,1,1,1,10,"sine","sqrt",57,TRUE,TRUE,0.5,NA,NA
1458,"synthetic","LSVCMM.Cross-sectional",50,0.5,1,1,1,1,10,"sine","sqrt",58,TRUE,TRUE,0.5,NA,NA
1459,"synthetic","LSVCMM.Cross-sectional",50,0.5,1,1,1,1,10,"sine","sqrt",59,TRUE,TRUE,0.5,NA,NA
1460,"synthetic","LSVCMM.Cross-sectional",50,0.5,1,1,1,1,10,"sine","sqrt",60,TRUE,TRUE,0.5,NA,NA
1461,"synthetic","LSVCMM.Cross-sectional",50,0.5,1,1,1,1,10,"sine","sqrt",61,TRUE,TRUE,0.5,NA,NA
1462,"synthetic","LSVCMM.Cross-sectional",50,0.5,1,1,1,1,10,"sine","sqrt",62,TRUE,TRUE,0.5,NA,NA
1463,"synthetic","LSVCMM.Cross-sectional",50,0.5,1,1,1,1,10,"sine","sqrt",63,TRUE,TRUE,0.5,NA,NA
1464,"synthetic","LSVCMM.Cross-sectional",50,0.5,1,1,1,1,10,"sine","sqrt",64,TRUE,TRUE,0.5,NA,NA
1465,"synthetic","LSVCMM.Cross-sectional",50,0.5,1,1,1,1,10,"sine","sqrt",65,TRUE,TRUE,0.5,NA,NA
1466,"synthetic","LSVCMM.Cross-sectional",50,0.5,1,1,1,1,10,"sine","sqrt",66,TRUE,TRUE,0.5,NA,NA
1467,"synthetic","LSVCMM.Cross-sectional",50,0.5,1,1,1,1,10,"sine","sqrt",67,TRUE,TRUE,0.5,NA,NA
1468,"synthetic","LSVCMM.Cross-sectional",50,0.5,1,1,1,1,10,"sine","sqrt",68,TRUE,TRUE,0.5,NA,NA
1469,"synthetic","LSVCMM.Cross-sectional",50,0.5,1,1,1,1,10,"sine","sqrt",69,TRUE,TRUE,0.5,NA,NA
1470,"synthetic","LSVCMM.Cross-sectional",50,0.5,1,1,1,1,10,"sine","sqrt",70,TRUE,TRUE,0.5,NA,NA
1471,"synthetic","LSVCMM.Cross-sectional",50,0.5,1,1,1,1,10,"sine","sqrt",71,TRUE,TRUE,0.5,NA,NA
1472,"synthetic","LSVCMM.Cross-sectional",50,0.5,1,1,1,1,10,"sine","sqrt",72,TRUE,TRUE,0.5,NA,NA
1473,"synthetic","LSVCMM.Cross-sectional",50,0.5,1,1,1,1,10,"sine","sqrt",73,TRUE,TRUE,0.5,NA,NA
1474,"synthetic","LSVCMM.Cross-sectional",50,0.5,1,1,1,1,10,"sine","sqrt",74,TRUE,TRUE,0.5,NA,NA
1475,"synthetic","LSVCMM.Cross-sectional",50,0.5,1,1,1,1,10,"sine","sqrt",75,TRUE,TRUE,0.5,NA,NA
1476,"synthetic","LSVCMM.Cross-sectional",50,0.5,1,1,1,1,10,"sine","sqrt",76,TRUE,TRUE,0.5,NA,NA
1477,"synthetic","LSVCMM.Cross-sectional",50,0.5,1,1,1,1,10,"sine","sqrt",77,TRUE,TRUE,0.5,NA,NA
1478,"synthetic","LSVCMM.Cross-sectional",50,0.5,1,1,1,1,10,"sine","sqrt",78,TRUE,TRUE,0.5,NA,NA
1479,"synthetic","LSVCMM.Cross-sectional",50,0.5,1,1,1,1,10,"sine","sqrt",79,TRUE,TRUE,0.5,NA,NA
1480,"synthetic","LSVCMM.Cross-sectional",50,0.5,1,1,1,1,10,"sine","sqrt",80,TRUE,TRUE,0.5,NA,NA
1481,"synthetic","LSVCMM.Cross-sectional",50,0.5,1,1,1,1,10,"sine","sqrt",81,TRUE,TRUE,0.5,NA,NA
1482,"synthetic","LSVCMM.Cross-sectional",50,0.5,1,1,1,1,10,"sine","sqrt",82,TRUE,TRUE,0.5,NA,NA
1483,"synthetic","LSVCMM.Cross-sectional",50,0.5,1,1,1,1,10,"sine","sqrt",83,TRUE,TRUE,0.5,NA,NA
1484,"synthetic","LSVCMM.Cross-sectional",50,0.5,1,1,1,1,10,"sine","sqrt",84,TRUE,TRUE,0.5,NA,NA
1485,"synthetic","LSVCMM.Cross-sectional",50,0.5,1,1,1,1,10,"sine","sqrt",85,TRUE,TRUE,0.5,NA,NA
1486,"synthetic","LSVCMM.Cross-sectional",50,0.5,1,1,1,1,10,"sine","sqrt",86,TRUE,TRUE,0.5,NA,NA
1487,"synthetic","LSVCMM.Cross-sectional",50,0.5,1,1,1,1,10,"sine","sqrt",87,TRUE,TRUE,0.5,NA,NA
1488,"synthetic","LSVCMM.Cross-sectional",50,0.5,1,1,1,1,10,"sine","sqrt",88,TRUE,TRUE,0.5,NA,NA
1489,"synthetic","LSVCMM.Cross-sectional",50,0.5,1,1,1,1,10,"sine","sqrt",89,TRUE,TRUE,0.5,NA,NA
1490,"synthetic","LSVCMM.Cross-sectional",50,0.5,1,1,1,1,10,"sine","sqrt",90,TRUE,TRUE,0.5,NA,NA
1491,"synthetic","LSVCMM.Cross-sectional",50,0.5,1,1,1,1,10,"sine","sqrt",91,TRUE,TRUE,0.5,NA,NA
1492,"synthetic","LSVCMM.Cross-sectional",50,0.5,1,1,1,1,10,"sine","sqrt",92,TRUE,TRUE,0.5,NA,NA
1493,"synthetic","LSVCMM.Cross-sectional",50,0.5,1,1,1,1,10,"sine","sqrt",93,TRUE,TRUE,0.5,NA,NA
1494,"synthetic","LSVCMM.Cross-sectional",50,0.5,1,1,1,1,10,"sine","sqrt",94,TRUE,TRUE,0.5,NA,NA
1495,"synthetic","LSVCMM.Cross-sectional",50,0.5,1,1,1,1,10,"sine","sqrt",95,TRUE,TRUE,0.5,NA,NA
1496,"synthetic","LSVCMM.Cross-sectional",50,0.5,1,1,1,1,10,"sine","sqrt",96,TRUE,TRUE,0.5,NA,NA
1497,"synthetic","LSVCMM.Cross-sectional",50,0.5,1,1,1,1,10,"sine","sqrt",97,TRUE,TRUE,0.5,NA,NA
1498,"synthetic","LSVCMM.Cross-sectional",50,0.5,1,1,1,1,10,"sine","sqrt",98,TRUE,TRUE,0.5,NA,NA
1499,"synthetic","LSVCMM.Cross-sectional",50,0.5,1,1,1,1,10,"sine","sqrt",99,TRUE,TRUE,0.5,NA,NA
1500,"synthetic","LSVCMM.Cross-sectional",50,0.5,1,1,1,1,10,"sine","sqrt",100,TRUE,TRUE,0.5,NA,NA
1501,"synthetic","LSVCMM.Cross-sectional",100,0.5,1,1,1,1,10,"sine","sqrt",1,TRUE,TRUE,0.5,NA,NA
1502,"synthetic","LSVCMM.Cross-sectional",100,0.5,1,1,1,1,10,"sine","sqrt",2,TRUE,TRUE,0.5,NA,NA
1503,"synthetic","LSVCMM.Cross-sectional",100,0.5,1,1,1,1,10,"sine","sqrt",3,TRUE,TRUE,0.5,NA,NA
1504,"synthetic","LSVCMM.Cross-sectional",100,0.5,1,1,1,1,10,"sine","sqrt",4,TRUE,TRUE,0.5,NA,NA
1505,"synthetic","LSVCMM.Cross-sectional",100,0.5,1,1,1,1,10,"sine","sqrt",5,TRUE,TRUE,0.5,NA,NA
1506,"synthetic","LSVCMM.Cross-sectional",100,0.5,1,1,1,1,10,"sine","sqrt",6,TRUE,TRUE,0.5,NA,NA
1507,"synthetic","LSVCMM.Cross-sectional",100,0.5,1,1,1,1,10,"sine","sqrt",7,TRUE,TRUE,0.5,NA,NA
1508,"synthetic","LSVCMM.Cross-sectional",100,0.5,1,1,1,1,10,"sine","sqrt",8,TRUE,TRUE,0.5,NA,NA
1509,"synthetic","LSVCMM.Cross-sectional",100,0.5,1,1,1,1,10,"sine","sqrt",9,TRUE,TRUE,0.5,NA,NA
1510,"synthetic","LSVCMM.Cross-sectional",100,0.5,1,1,1,1,10,"sine","sqrt",10,TRUE,TRUE,0.5,NA,NA
1511,"synthetic","LSVCMM.Cross-sectional",100,0.5,1,1,1,1,10,"sine","sqrt",11,TRUE,TRUE,0.5,NA,NA
1512,"synthetic","LSVCMM.Cross-sectional",100,0.5,1,1,1,1,10,"sine","sqrt",12,TRUE,TRUE,0.5,NA,NA
1513,"synthetic","LSVCMM.Cross-sectional",100,0.5,1,1,1,1,10,"sine","sqrt",13,TRUE,TRUE,0.5,NA,NA
1514,"synthetic","LSVCMM.Cross-sectional",100,0.5,1,1,1,1,10,"sine","sqrt",14,TRUE,TRUE,0.5,NA,NA
1515,"synthetic","LSVCMM.Cross-sectional",100,0.5,1,1,1,1,10,"sine","sqrt",15,TRUE,TRUE,0.5,NA,NA
1516,"synthetic","LSVCMM.Cross-sectional",100,0.5,1,1,1,1,10,"sine","sqrt",16,TRUE,TRUE,0.5,NA,NA
1517,"synthetic","LSVCMM.Cross-sectional",100,0.5,1,1,1,1,10,"sine","sqrt",17,TRUE,TRUE,0.5,NA,NA
1518,"synthetic","LSVCMM.Cross-sectional",100,0.5,1,1,1,1,10,"sine","sqrt",18,TRUE,TRUE,0.5,NA,NA
1519,"synthetic","LSVCMM.Cross-sectional",100,0.5,1,1,1,1,10,"sine","sqrt",19,TRUE,TRUE,0.5,NA,NA
1520,"synthetic","LSVCMM.Cross-sectional",100,0.5,1,1,1,1,10,"sine","sqrt",20,TRUE,TRUE,0.5,NA,NA
1521,"synthetic","LSVCMM.Cross-sectional",100,0.5,1,1,1,1,10,"sine","sqrt",21,TRUE,TRUE,0.5,NA,NA
1522,"synthetic","LSVCMM.Cross-sectional",100,0.5,1,1,1,1,10,"sine","sqrt",22,TRUE,TRUE,0.5,NA,NA
1523,"synthetic","LSVCMM.Cross-sectional",100,0.5,1,1,1,1,10,"sine","sqrt",23,TRUE,TRUE,0.5,NA,NA
1524,"synthetic","LSVCMM.Cross-sectional",100,0.5,1,1,1,1,10,"sine","sqrt",24,TRUE,TRUE,0.5,NA,NA
1525,"synthetic","LSVCMM.Cross-sectional",100,0.5,1,1,1,1,10,"sine","sqrt",25,TRUE,TRUE,0.5,NA,NA
1526,"synthetic","LSVCMM.Cross-sectional",100,0.5,1,1,1,1,10,"sine","sqrt",26,TRUE,TRUE,0.5,NA,NA
1527,"synthetic","LSVCMM.Cross-sectional",100,0.5,1,1,1,1,10,"sine","sqrt",27,TRUE,TRUE,0.5,NA,NA
1528,"synthetic","LSVCMM.Cross-sectional",100,0.5,1,1,1,1,10,"sine","sqrt",28,TRUE,TRUE,0.5,NA,NA
1529,"synthetic","LSVCMM.Cross-sectional",100,0.5,1,1,1,1,10,"sine","sqrt",29,TRUE,TRUE,0.5,NA,NA
1530,"synthetic","LSVCMM.Cross-sectional",100,0.5,1,1,1,1,10,"sine","sqrt",30,TRUE,TRUE,0.5,NA,NA
1531,"synthetic","LSVCMM.Cross-sectional",100,0.5,1,1,1,1,10,"sine","sqrt",31,TRUE,TRUE,0.5,NA,NA
1532,"synthetic","LSVCMM.Cross-sectional",100,0.5,1,1,1,1,10,"sine","sqrt",32,TRUE,TRUE,0.5,NA,NA
1533,"synthetic","LSVCMM.Cross-sectional",100,0.5,1,1,1,1,10,"sine","sqrt",33,TRUE,TRUE,0.5,NA,NA
1534,"synthetic","LSVCMM.Cross-sectional",100,0.5,1,1,1,1,10,"sine","sqrt",34,TRUE,TRUE,0.5,NA,NA
1535,"synthetic","LSVCMM.Cross-sectional",100,0.5,1,1,1,1,10,"sine","sqrt",35,TRUE,TRUE,0.5,NA,NA
1536,"synthetic","LSVCMM.Cross-sectional",100,0.5,1,1,1,1,10,"sine","sqrt",36,TRUE,TRUE,0.5,NA,NA
1537,"synthetic","LSVCMM.Cross-sectional",100,0.5,1,1,1,1,10,"sine","sqrt",37,TRUE,TRUE,0.5,NA,NA
1538,"synthetic","LSVCMM.Cross-sectional",100,0.5,1,1,1,1,10,"sine","sqrt",38,TRUE,TRUE,0.5,NA,NA
1539,"synthetic","LSVCMM.Cross-sectional",100,0.5,1,1,1,1,10,"sine","sqrt",39,TRUE,TRUE,0.5,NA,NA
1540,"synthetic","LSVCMM.Cross-sectional",100,0.5,1,1,1,1,10,"sine","sqrt",40,TRUE,TRUE,0.5,NA,NA
1541,"synthetic","LSVCMM.Cross-sectional",100,0.5,1,1,1,1,10,"sine","sqrt",41,TRUE,TRUE,0.5,NA,NA
1542,"synthetic","LSVCMM.Cross-sectional",100,0.5,1,1,1,1,10,"sine","sqrt",42,TRUE,TRUE,0.5,NA,NA
1543,"synthetic","LSVCMM.Cross-sectional",100,0.5,1,1,1,1,10,"sine","sqrt",43,TRUE,TRUE,0.5,NA,NA
1544,"synthetic","LSVCMM.Cross-sectional",100,0.5,1,1,1,1,10,"sine","sqrt",44,TRUE,TRUE,0.5,NA,NA
1545,"synthetic","LSVCMM.Cross-sectional",100,0.5,1,1,1,1,10,"sine","sqrt",45,TRUE,TRUE,0.5,NA,NA
1546,"synthetic","LSVCMM.Cross-sectional",100,0.5,1,1,1,1,10,"sine","sqrt",46,TRUE,TRUE,0.5,NA,NA
1547,"synthetic","LSVCMM.Cross-sectional",100,0.5,1,1,1,1,10,"sine","sqrt",47,TRUE,TRUE,0.5,NA,NA
1548,"synthetic","LSVCMM.Cross-sectional",100,0.5,1,1,1,1,10,"sine","sqrt",48,TRUE,TRUE,0.5,NA,NA
1549,"synthetic","LSVCMM.Cross-sectional",100,0.5,1,1,1,1,10,"sine","sqrt",49,TRUE,TRUE,0.5,NA,NA
1550,"synthetic","LSVCMM.Cross-sectional",100,0.5,1,1,1,1,10,"sine","sqrt",50,TRUE,TRUE,0.5,NA,NA
1551,"synthetic","LSVCMM.Cross-sectional",100,0.5,1,1,1,1,10,"sine","sqrt",51,TRUE,TRUE,0.5,NA,NA
1552,"synthetic","LSVCMM.Cross-sectional",100,0.5,1,1,1,1,10,"sine","sqrt",52,TRUE,TRUE,0.5,NA,NA
1553,"synthetic","LSVCMM.Cross-sectional",100,0.5,1,1,1,1,10,"sine","sqrt",53,TRUE,TRUE,0.5,NA,NA
1554,"synthetic","LSVCMM.Cross-sectional",100,0.5,1,1,1,1,10,"sine","sqrt",54,TRUE,TRUE,0.5,NA,NA
1555,"synthetic","LSVCMM.Cross-sectional",100,0.5,1,1,1,1,10,"sine","sqrt",55,TRUE,TRUE,0.5,NA,NA
1556,"synthetic","LSVCMM.Cross-sectional",100,0.5,1,1,1,1,10,"sine","sqrt",56,TRUE,TRUE,0.5,NA,NA
1557,"synthetic","LSVCMM.Cross-sectional",100,0.5,1,1,1,1,10,"sine","sqrt",57,TRUE,TRUE,0.5,NA,NA
1558,"synthetic","LSVCMM.Cross-sectional",100,0.5,1,1,1,1,10,"sine","sqrt",58,TRUE,TRUE,0.5,NA,NA
1559,"synthetic","LSVCMM.Cross-sectional",100,0.5,1,1,1,1,10,"sine","sqrt",59,TRUE,TRUE,0.5,NA,NA
1560,"synthetic","LSVCMM.Cross-sectional",100,0.5,1,1,1,1,10,"sine","sqrt",60,TRUE,TRUE,0.5,NA,NA
1561,"synthetic","LSVCMM.Cross-sectional",100,0.5,1,1,1,1,10,"sine","sqrt",61,TRUE,TRUE,0.5,NA,NA
1562,"synthetic","LSVCMM.Cross-sectional",100,0.5,1,1,1,1,10,"sine","sqrt",62,TRUE,TRUE,0.5,NA,NA
1563,"synthetic","LSVCMM.Cross-sectional",100,0.5,1,1,1,1,10,"sine","sqrt",63,TRUE,TRUE,0.5,NA,NA
1564,"synthetic","LSVCMM.Cross-sectional",100,0.5,1,1,1,1,10,"sine","sqrt",64,TRUE,TRUE,0.5,NA,NA
1565,"synthetic","LSVCMM.Cross-sectional",100,0.5,1,1,1,1,10,"sine","sqrt",65,TRUE,TRUE,0.5,NA,NA
1566,"synthetic","LSVCMM.Cross-sectional",100,0.5,1,1,1,1,10,"sine","sqrt",66,TRUE,TRUE,0.5,NA,NA
1567,"synthetic","LSVCMM.Cross-sectional",100,0.5,1,1,1,1,10,"sine","sqrt",67,TRUE,TRUE,0.5,NA,NA
1568,"synthetic","LSVCMM.Cross-sectional",100,0.5,1,1,1,1,10,"sine","sqrt",68,TRUE,TRUE,0.5,NA,NA
1569,"synthetic","LSVCMM.Cross-sectional",100,0.5,1,1,1,1,10,"sine","sqrt",69,TRUE,TRUE,0.5,NA,NA
1570,"synthetic","LSVCMM.Cross-sectional",100,0.5,1,1,1,1,10,"sine","sqrt",70,TRUE,TRUE,0.5,NA,NA
1571,"synthetic","LSVCMM.Cross-sectional",100,0.5,1,1,1,1,10,"sine","sqrt",71,TRUE,TRUE,0.5,NA,NA
1572,"synthetic","LSVCMM.Cross-sectional",100,0.5,1,1,1,1,10,"sine","sqrt",72,TRUE,TRUE,0.5,NA,NA
1573,"synthetic","LSVCMM.Cross-sectional",100,0.5,1,1,1,1,10,"sine","sqrt",73,TRUE,TRUE,0.5,NA,NA
1574,"synthetic","LSVCMM.Cross-sectional",100,0.5,1,1,1,1,10,"sine","sqrt",74,TRUE,TRUE,0.5,NA,NA
1575,"synthetic","LSVCMM.Cross-sectional",100,0.5,1,1,1,1,10,"sine","sqrt",75,TRUE,TRUE,0.5,NA,NA
1576,"synthetic","LSVCMM.Cross-sectional",100,0.5,1,1,1,1,10,"sine","sqrt",76,TRUE,TRUE,0.5,NA,NA
1577,"synthetic","LSVCMM.Cross-sectional",100,0.5,1,1,1,1,10,"sine","sqrt",77,TRUE,TRUE,0.5,NA,NA
1578,"synthetic","LSVCMM.Cross-sectional",100,0.5,1,1,1,1,10,"sine","sqrt",78,TRUE,TRUE,0.5,NA,NA
1579,"synthetic","LSVCMM.Cross-sectional",100,0.5,1,1,1,1,10,"sine","sqrt",79,TRUE,TRUE,0.5,NA,NA
1580,"synthetic","LSVCMM.Cross-sectional",100,0.5,1,1,1,1,10,"sine","sqrt",80,TRUE,TRUE,0.5,NA,NA
1581,"synthetic","LSVCMM.Cross-sectional",100,0.5,1,1,1,1,10,"sine","sqrt",81,TRUE,TRUE,0.5,NA,NA
1582,"synthetic","LSVCMM.Cross-sectional",100,0.5,1,1,1,1,10,"sine","sqrt",82,TRUE,TRUE,0.5,NA,NA
1583,"synthetic","LSVCMM.Cross-sectional",100,0.5,1,1,1,1,10,"sine","sqrt",83,TRUE,TRUE,0.5,NA,NA
1584,"synthetic","LSVCMM.Cross-sectional",100,0.5,1,1,1,1,10,"sine","sqrt",84,TRUE,TRUE,0.5,NA,NA
1585,"synthetic","LSVCMM.Cross-sectional",100,0.5,1,1,1,1,10,"sine","sqrt",85,TRUE,TRUE,0.5,NA,NA
1586,"synthetic","LSVCMM.Cross-sectional",100,0.5,1,1,1,1,10,"sine","sqrt",86,TRUE,TRUE,0.5,NA,NA
1587,"synthetic","LSVCMM.Cross-sectional",100,0.5,1,1,1,1,10,"sine","sqrt",87,TRUE,TRUE,0.5,NA,NA
1588,"synthetic","LSVCMM.Cross-sectional",100,0.5,1,1,1,1,10,"sine","sqrt",88,TRUE,TRUE,0.5,NA,NA
1589,"synthetic","LSVCMM.Cross-sectional",100,0.5,1,1,1,1,10,"sine","sqrt",89,TRUE,TRUE,0.5,NA,NA
1590,"synthetic","LSVCMM.Cross-sectional",100,0.5,1,1,1,1,10,"sine","sqrt",90,TRUE,TRUE,0.5,NA,NA
1591,"synthetic","LSVCMM.Cross-sectional",100,0.5,1,1,1,1,10,"sine","sqrt",91,TRUE,TRUE,0.5,NA,NA
1592,"synthetic","LSVCMM.Cross-sectional",100,0.5,1,1,1,1,10,"sine","sqrt",92,TRUE,TRUE,0.5,NA,NA
1593,"synthetic","LSVCMM.Cross-sectional",100,0.5,1,1,1,1,10,"sine","sqrt",93,TRUE,TRUE,0.5,NA,NA
1594,"synthetic","LSVCMM.Cross-sectional",100,0.5,1,1,1,1,10,"sine","sqrt",94,TRUE,TRUE,0.5,NA,NA
1595,"synthetic","LSVCMM.Cross-sectional",100,0.5,1,1,1,1,10,"sine","sqrt",95,TRUE,TRUE,0.5,NA,NA
1596,"synthetic","LSVCMM.Cross-sectional",100,0.5,1,1,1,1,10,"sine","sqrt",96,TRUE,TRUE,0.5,NA,NA
1597,"synthetic","LSVCMM.Cross-sectional",100,0.5,1,1,1,1,10,"sine","sqrt",97,TRUE,TRUE,0.5,NA,NA
1598,"synthetic","LSVCMM.Cross-sectional",100,0.5,1,1,1,1,10,"sine","sqrt",98,TRUE,TRUE,0.5,NA,NA
1599,"synthetic","LSVCMM.Cross-sectional",100,0.5,1,1,1,1,10,"sine","sqrt",99,TRUE,TRUE,0.5,NA,NA
1600,"synthetic","LSVCMM.Cross-sectional",100,0.5,1,1,1,1,10,"sine","sqrt",100,TRUE,TRUE,0.5,NA,NA
1601,"synthetic","LSVCMM.Cross-sectional",150,0.5,1,1,1,1,10,"sine","sqrt",1,TRUE,TRUE,0.5,NA,NA
1602,"synthetic","LSVCMM.Cross-sectional",150,0.5,1,1,1,1,10,"sine","sqrt",2,TRUE,TRUE,0.5,NA,NA
1603,"synthetic","LSVCMM.Cross-sectional",150,0.5,1,1,1,1,10,"sine","sqrt",3,TRUE,TRUE,0.5,NA,NA
1604,"synthetic","LSVCMM.Cross-sectional",150,0.5,1,1,1,1,10,"sine","sqrt",4,TRUE,TRUE,0.5,NA,NA
1605,"synthetic","LSVCMM.Cross-sectional",150,0.5,1,1,1,1,10,"sine","sqrt",5,TRUE,TRUE,0.5,NA,NA
1606,"synthetic","LSVCMM.Cross-sectional",150,0.5,1,1,1,1,10,"sine","sqrt",6,TRUE,TRUE,0.5,NA,NA
1607,"synthetic","LSVCMM.Cross-sectional",150,0.5,1,1,1,1,10,"sine","sqrt",7,TRUE,TRUE,0.5,NA,NA
1608,"synthetic","LSVCMM.Cross-sectional",150,0.5,1,1,1,1,10,"sine","sqrt",8,TRUE,TRUE,0.5,NA,NA
1609,"synthetic","LSVCMM.Cross-sectional",150,0.5,1,1,1,1,10,"sine","sqrt",9,TRUE,TRUE,0.5,NA,NA
1610,"synthetic","LSVCMM.Cross-sectional",150,0.5,1,1,1,1,10,"sine","sqrt",10,TRUE,TRUE,0.5,NA,NA
1611,"synthetic","LSVCMM.Cross-sectional",150,0.5,1,1,1,1,10,"sine","sqrt",11,TRUE,TRUE,0.5,NA,NA
1612,"synthetic","LSVCMM.Cross-sectional",150,0.5,1,1,1,1,10,"sine","sqrt",12,TRUE,TRUE,0.5,NA,NA
1613,"synthetic","LSVCMM.Cross-sectional",150,0.5,1,1,1,1,10,"sine","sqrt",13,TRUE,TRUE,0.5,NA,NA
1614,"synthetic","LSVCMM.Cross-sectional",150,0.5,1,1,1,1,10,"sine","sqrt",14,TRUE,TRUE,0.5,NA,NA
1615,"synthetic","LSVCMM.Cross-sectional",150,0.5,1,1,1,1,10,"sine","sqrt",15,TRUE,TRUE,0.5,NA,NA
1616,"synthetic","LSVCMM.Cross-sectional",150,0.5,1,1,1,1,10,"sine","sqrt",16,TRUE,TRUE,0.5,NA,NA
1617,"synthetic","LSVCMM.Cross-sectional",150,0.5,1,1,1,1,10,"sine","sqrt",17,TRUE,TRUE,0.5,NA,NA
1618,"synthetic","LSVCMM.Cross-sectional",150,0.5,1,1,1,1,10,"sine","sqrt",18,TRUE,TRUE,0.5,NA,NA
1619,"synthetic","LSVCMM.Cross-sectional",150,0.5,1,1,1,1,10,"sine","sqrt",19,TRUE,TRUE,0.5,NA,NA
1620,"synthetic","LSVCMM.Cross-sectional",150,0.5,1,1,1,1,10,"sine","sqrt",20,TRUE,TRUE,0.5,NA,NA
1621,"synthetic","LSVCMM.Cross-sectional",150,0.5,1,1,1,1,10,"sine","sqrt",21,TRUE,TRUE,0.5,NA,NA
1622,"synthetic","LSVCMM.Cross-sectional",150,0.5,1,1,1,1,10,"sine","sqrt",22,TRUE,TRUE,0.5,NA,NA
1623,"synthetic","LSVCMM.Cross-sectional",150,0.5,1,1,1,1,10,"sine","sqrt",23,TRUE,TRUE,0.5,NA,NA
1624,"synthetic","LSVCMM.Cross-sectional",150,0.5,1,1,1,1,10,"sine","sqrt",24,TRUE,TRUE,0.5,NA,NA
1625,"synthetic","LSVCMM.Cross-sectional",150,0.5,1,1,1,1,10,"sine","sqrt",25,TRUE,TRUE,0.5,NA,NA
1626,"synthetic","LSVCMM.Cross-sectional",150,0.5,1,1,1,1,10,"sine","sqrt",26,TRUE,TRUE,0.5,NA,NA
1627,"synthetic","LSVCMM.Cross-sectional",150,0.5,1,1,1,1,10,"sine","sqrt",27,TRUE,TRUE,0.5,NA,NA
1628,"synthetic","LSVCMM.Cross-sectional",150,0.5,1,1,1,1,10,"sine","sqrt",28,TRUE,TRUE,0.5,NA,NA
1629,"synthetic","LSVCMM.Cross-sectional",150,0.5,1,1,1,1,10,"sine","sqrt",29,TRUE,TRUE,0.5,NA,NA
1630,"synthetic","LSVCMM.Cross-sectional",150,0.5,1,1,1,1,10,"sine","sqrt",30,TRUE,TRUE,0.5,NA,NA
1631,"synthetic","LSVCMM.Cross-sectional",150,0.5,1,1,1,1,10,"sine","sqrt",31,TRUE,TRUE,0.5,NA,NA
1632,"synthetic","LSVCMM.Cross-sectional",150,0.5,1,1,1,1,10,"sine","sqrt",32,TRUE,TRUE,0.5,NA,NA
1633,"synthetic","LSVCMM.Cross-sectional",150,0.5,1,1,1,1,10,"sine","sqrt",33,TRUE,TRUE,0.5,NA,NA
1634,"synthetic","LSVCMM.Cross-sectional",150,0.5,1,1,1,1,10,"sine","sqrt",34,TRUE,TRUE,0.5,NA,NA
1635,"synthetic","LSVCMM.Cross-sectional",150,0.5,1,1,1,1,10,"sine","sqrt",35,TRUE,TRUE,0.5,NA,NA
1636,"synthetic","LSVCMM.Cross-sectional",150,0.5,1,1,1,1,10,"sine","sqrt",36,TRUE,TRUE,0.5,NA,NA
1637,"synthetic","LSVCMM.Cross-sectional",150,0.5,1,1,1,1,10,"sine","sqrt",37,TRUE,TRUE,0.5,NA,NA
1638,"synthetic","LSVCMM.Cross-sectional",150,0.5,1,1,1,1,10,"sine","sqrt",38,TRUE,TRUE,0.5,NA,NA
1639,"synthetic","LSVCMM.Cross-sectional",150,0.5,1,1,1,1,10,"sine","sqrt",39,TRUE,TRUE,0.5,NA,NA
1640,"synthetic","LSVCMM.Cross-sectional",150,0.5,1,1,1,1,10,"sine","sqrt",40,TRUE,TRUE,0.5,NA,NA
1641,"synthetic","LSVCMM.Cross-sectional",150,0.5,1,1,1,1,10,"sine","sqrt",41,TRUE,TRUE,0.5,NA,NA
1642,"synthetic","LSVCMM.Cross-sectional",150,0.5,1,1,1,1,10,"sine","sqrt",42,TRUE,TRUE,0.5,NA,NA
1643,"synthetic","LSVCMM.Cross-sectional",150,0.5,1,1,1,1,10,"sine","sqrt",43,TRUE,TRUE,0.5,NA,NA
1644,"synthetic","LSVCMM.Cross-sectional",150,0.5,1,1,1,1,10,"sine","sqrt",44,TRUE,TRUE,0.5,NA,NA
1645,"synthetic","LSVCMM.Cross-sectional",150,0.5,1,1,1,1,10,"sine","sqrt",45,TRUE,TRUE,0.5,NA,NA
1646,"synthetic","LSVCMM.Cross-sectional",150,0.5,1,1,1,1,10,"sine","sqrt",46,TRUE,TRUE,0.5,NA,NA
1647,"synthetic","LSVCMM.Cross-sectional",150,0.5,1,1,1,1,10,"sine","sqrt",47,TRUE,TRUE,0.5,NA,NA
1648,"synthetic","LSVCMM.Cross-sectional",150,0.5,1,1,1,1,10,"sine","sqrt",48,TRUE,TRUE,0.5,NA,NA
1649,"synthetic","LSVCMM.Cross-sectional",150,0.5,1,1,1,1,10,"sine","sqrt",49,TRUE,TRUE,0.5,NA,NA
1650,"synthetic","LSVCMM.Cross-sectional",150,0.5,1,1,1,1,10,"sine","sqrt",50,TRUE,TRUE,0.5,NA,NA
1651,"synthetic","LSVCMM.Cross-sectional",150,0.5,1,1,1,1,10,"sine","sqrt",51,TRUE,TRUE,0.5,NA,NA
1652,"synthetic","LSVCMM.Cross-sectional",150,0.5,1,1,1,1,10,"sine","sqrt",52,TRUE,TRUE,0.5,NA,NA
1653,"synthetic","LSVCMM.Cross-sectional",150,0.5,1,1,1,1,10,"sine","sqrt",53,TRUE,TRUE,0.5,NA,NA
1654,"synthetic","LSVCMM.Cross-sectional",150,0.5,1,1,1,1,10,"sine","sqrt",54,TRUE,TRUE,0.5,NA,NA
1655,"synthetic","LSVCMM.Cross-sectional",150,0.5,1,1,1,1,10,"sine","sqrt",55,TRUE,TRUE,0.5,NA,NA
1656,"synthetic","LSVCMM.Cross-sectional",150,0.5,1,1,1,1,10,"sine","sqrt",56,TRUE,TRUE,0.5,NA,NA
1657,"synthetic","LSVCMM.Cross-sectional",150,0.5,1,1,1,1,10,"sine","sqrt",57,TRUE,TRUE,0.5,NA,NA
1658,"synthetic","LSVCMM.Cross-sectional",150,0.5,1,1,1,1,10,"sine","sqrt",58,TRUE,TRUE,0.5,NA,NA
1659,"synthetic","LSVCMM.Cross-sectional",150,0.5,1,1,1,1,10,"sine","sqrt",59,TRUE,TRUE,0.5,NA,NA
1660,"synthetic","LSVCMM.Cross-sectional",150,0.5,1,1,1,1,10,"sine","sqrt",60,TRUE,TRUE,0.5,NA,NA
1661,"synthetic","LSVCMM.Cross-sectional",150,0.5,1,1,1,1,10,"sine","sqrt",61,TRUE,TRUE,0.5,NA,NA
1662,"synthetic","LSVCMM.Cross-sectional",150,0.5,1,1,1,1,10,"sine","sqrt",62,TRUE,TRUE,0.5,NA,NA
1663,"synthetic","LSVCMM.Cross-sectional",150,0.5,1,1,1,1,10,"sine","sqrt",63,TRUE,TRUE,0.5,NA,NA
1664,"synthetic","LSVCMM.Cross-sectional",150,0.5,1,1,1,1,10,"sine","sqrt",64,TRUE,TRUE,0.5,NA,NA
1665,"synthetic","LSVCMM.Cross-sectional",150,0.5,1,1,1,1,10,"sine","sqrt",65,TRUE,TRUE,0.5,NA,NA
1666,"synthetic","LSVCMM.Cross-sectional",150,0.5,1,1,1,1,10,"sine","sqrt",66,TRUE,TRUE,0.5,NA,NA
1667,"synthetic","LSVCMM.Cross-sectional",150,0.5,1,1,1,1,10,"sine","sqrt",67,TRUE,TRUE,0.5,NA,NA
1668,"synthetic","LSVCMM.Cross-sectional",150,0.5,1,1,1,1,10,"sine","sqrt",68,TRUE,TRUE,0.5,NA,NA
1669,"synthetic","LSVCMM.Cross-sectional",150,0.5,1,1,1,1,10,"sine","sqrt",69,TRUE,TRUE,0.5,NA,NA
1670,"synthetic","LSVCMM.Cross-sectional",150,0.5,1,1,1,1,10,"sine","sqrt",70,TRUE,TRUE,0.5,NA,NA
1671,"synthetic","LSVCMM.Cross-sectional",150,0.5,1,1,1,1,10,"sine","sqrt",71,TRUE,TRUE,0.5,NA,NA
1672,"synthetic","LSVCMM.Cross-sectional",150,0.5,1,1,1,1,10,"sine","sqrt",72,TRUE,TRUE,0.5,NA,NA
1673,"synthetic","LSVCMM.Cross-sectional",150,0.5,1,1,1,1,10,"sine","sqrt",73,TRUE,TRUE,0.5,NA,NA
1674,"synthetic","LSVCMM.Cross-sectional",150,0.5,1,1,1,1,10,"sine","sqrt",74,TRUE,TRUE,0.5,NA,NA
1675,"synthetic","LSVCMM.Cross-sectional",150,0.5,1,1,1,1,10,"sine","sqrt",75,TRUE,TRUE,0.5,NA,NA
1676,"synthetic","LSVCMM.Cross-sectional",150,0.5,1,1,1,1,10,"sine","sqrt",76,TRUE,TRUE,0.5,NA,NA
1677,"synthetic","LSVCMM.Cross-sectional",150,0.5,1,1,1,1,10,"sine","sqrt",77,TRUE,TRUE,0.5,NA,NA
1678,"synthetic","LSVCMM.Cross-sectional",150,0.5,1,1,1,1,10,"sine","sqrt",78,TRUE,TRUE,0.5,NA,NA
1679,"synthetic","LSVCMM.Cross-sectional",150,0.5,1,1,1,1,10,"sine","sqrt",79,TRUE,TRUE,0.5,NA,NA
1680,"synthetic","LSVCMM.Cross-sectional",150,0.5,1,1,1,1,10,"sine","sqrt",80,TRUE,TRUE,0.5,NA,NA
1681,"synthetic","LSVCMM.Cross-sectional",150,0.5,1,1,1,1,10,"sine","sqrt",81,TRUE,TRUE,0.5,NA,NA
1682,"synthetic","LSVCMM.Cross-sectional",150,0.5,1,1,1,1,10,"sine","sqrt",82,TRUE,TRUE,0.5,NA,NA
1683,"synthetic","LSVCMM.Cross-sectional",150,0.5,1,1,1,1,10,"sine","sqrt",83,TRUE,TRUE,0.5,NA,NA
1684,"synthetic","LSVCMM.Cross-sectional",150,0.5,1,1,1,1,10,"sine","sqrt",84,TRUE,TRUE,0.5,NA,NA
1685,"synthetic","LSVCMM.Cross-sectional",150,0.5,1,1,1,1,10,"sine","sqrt",85,TRUE,TRUE,0.5,NA,NA
1686,"synthetic","LSVCMM.Cross-sectional",150,0.5,1,1,1,1,10,"sine","sqrt",86,TRUE,TRUE,0.5,NA,NA
1687,"synthetic","LSVCMM.Cross-sectional",150,0.5,1,1,1,1,10,"sine","sqrt",87,TRUE,TRUE,0.5,NA,NA
1688,"synthetic","LSVCMM.Cross-sectional",150,0.5,1,1,1,1,10,"sine","sqrt",88,TRUE,TRUE,0.5,NA,NA
1689,"synthetic","LSVCMM.Cross-sectional",150,0.5,1,1,1,1,10,"sine","sqrt",89,TRUE,TRUE,0.5,NA,NA
1690,"synthetic","LSVCMM.Cross-sectional",150,0.5,1,1,1,1,10,"sine","sqrt",90,TRUE,TRUE,0.5,NA,NA
1691,"synthetic","LSVCMM.Cross-sectional",150,0.5,1,1,1,1,10,"sine","sqrt",91,TRUE,TRUE,0.5,NA,NA
1692,"synthetic","LSVCMM.Cross-sectional",150,0.5,1,1,1,1,10,"sine","sqrt",92,TRUE,TRUE,0.5,NA,NA
1693,"synthetic","LSVCMM.Cross-sectional",150,0.5,1,1,1,1,10,"sine","sqrt",93,TRUE,TRUE,0.5,NA,NA
1694,"synthetic","LSVCMM.Cross-sectional",150,0.5,1,1,1,1,10,"sine","sqrt",94,TRUE,TRUE,0.5,NA,NA
1695,"synthetic","LSVCMM.Cross-sectional",150,0.5,1,1,1,1,10,"sine","sqrt",95,TRUE,TRUE,0.5,NA,NA
1696,"synthetic","LSVCMM.Cross-sectional",150,0.5,1,1,1,1,10,"sine","sqrt",96,TRUE,TRUE,0.5,NA,NA
1697,"synthetic","LSVCMM.Cross-sectional",150,0.5,1,1,1,1,10,"sine","sqrt",97,TRUE,TRUE,0.5,NA,NA
1698,"synthetic","LSVCMM.Cross-sectional",150,0.5,1,1,1,1,10,"sine","sqrt",98,TRUE,TRUE,0.5,NA,NA
1699,"synthetic","LSVCMM.Cross-sectional",150,0.5,1,1,1,1,10,"sine","sqrt",99,TRUE,TRUE,0.5,NA,NA
1700,"synthetic","LSVCMM.Cross-sectional",150,0.5,1,1,1,1,10,"sine","sqrt",100,TRUE,TRUE,0.5,NA,NA
1701,"synthetic","LSVCMM.Cross-sectional",200,0.5,1,1,1,1,10,"sine","sqrt",1,TRUE,TRUE,0.5,NA,NA
1702,"synthetic","LSVCMM.Cross-sectional",200,0.5,1,1,1,1,10,"sine","sqrt",2,TRUE,TRUE,0.5,NA,NA
1703,"synthetic","LSVCMM.Cross-sectional",200,0.5,1,1,1,1,10,"sine","sqrt",3,TRUE,TRUE,0.5,NA,NA
1704,"synthetic","LSVCMM.Cross-sectional",200,0.5,1,1,1,1,10,"sine","sqrt",4,TRUE,TRUE,0.5,NA,NA
1705,"synthetic","LSVCMM.Cross-sectional",200,0.5,1,1,1,1,10,"sine","sqrt",5,TRUE,TRUE,0.5,NA,NA
1706,"synthetic","LSVCMM.Cross-sectional",200,0.5,1,1,1,1,10,"sine","sqrt",6,TRUE,TRUE,0.5,NA,NA
1707,"synthetic","LSVCMM.Cross-sectional",200,0.5,1,1,1,1,10,"sine","sqrt",7,TRUE,TRUE,0.5,NA,NA
1708,"synthetic","LSVCMM.Cross-sectional",200,0.5,1,1,1,1,10,"sine","sqrt",8,TRUE,TRUE,0.5,NA,NA
1709,"synthetic","LSVCMM.Cross-sectional",200,0.5,1,1,1,1,10,"sine","sqrt",9,TRUE,TRUE,0.5,NA,NA
1710,"synthetic","LSVCMM.Cross-sectional",200,0.5,1,1,1,1,10,"sine","sqrt",10,TRUE,TRUE,0.5,NA,NA
1711,"synthetic","LSVCMM.Cross-sectional",200,0.5,1,1,1,1,10,"sine","sqrt",11,TRUE,TRUE,0.5,NA,NA
1712,"synthetic","LSVCMM.Cross-sectional",200,0.5,1,1,1,1,10,"sine","sqrt",12,TRUE,TRUE,0.5,NA,NA
1713,"synthetic","LSVCMM.Cross-sectional",200,0.5,1,1,1,1,10,"sine","sqrt",13,TRUE,TRUE,0.5,NA,NA
1714,"synthetic","LSVCMM.Cross-sectional",200,0.5,1,1,1,1,10,"sine","sqrt",14,TRUE,TRUE,0.5,NA,NA
1715,"synthetic","LSVCMM.Cross-sectional",200,0.5,1,1,1,1,10,"sine","sqrt",15,TRUE,TRUE,0.5,NA,NA
1716,"synthetic","LSVCMM.Cross-sectional",200,0.5,1,1,1,1,10,"sine","sqrt",16,TRUE,TRUE,0.5,NA,NA
1717,"synthetic","LSVCMM.Cross-sectional",200,0.5,1,1,1,1,10,"sine","sqrt",17,TRUE,TRUE,0.5,NA,NA
1718,"synthetic","LSVCMM.Cross-sectional",200,0.5,1,1,1,1,10,"sine","sqrt",18,TRUE,TRUE,0.5,NA,NA
1719,"synthetic","LSVCMM.Cross-sectional",200,0.5,1,1,1,1,10,"sine","sqrt",19,TRUE,TRUE,0.5,NA,NA
1720,"synthetic","LSVCMM.Cross-sectional",200,0.5,1,1,1,1,10,"sine","sqrt",20,TRUE,TRUE,0.5,NA,NA
1721,"synthetic","LSVCMM.Cross-sectional",200,0.5,1,1,1,1,10,"sine","sqrt",21,TRUE,TRUE,0.5,NA,NA
1722,"synthetic","LSVCMM.Cross-sectional",200,0.5,1,1,1,1,10,"sine","sqrt",22,TRUE,TRUE,0.5,NA,NA
1723,"synthetic","LSVCMM.Cross-sectional",200,0.5,1,1,1,1,10,"sine","sqrt",23,TRUE,TRUE,0.5,NA,NA
1724,"synthetic","LSVCMM.Cross-sectional",200,0.5,1,1,1,1,10,"sine","sqrt",24,TRUE,TRUE,0.5,NA,NA
1725,"synthetic","LSVCMM.Cross-sectional",200,0.5,1,1,1,1,10,"sine","sqrt",25,TRUE,TRUE,0.5,NA,NA
1726,"synthetic","LSVCMM.Cross-sectional",200,0.5,1,1,1,1,10,"sine","sqrt",26,TRUE,TRUE,0.5,NA,NA
1727,"synthetic","LSVCMM.Cross-sectional",200,0.5,1,1,1,1,10,"sine","sqrt",27,TRUE,TRUE,0.5,NA,NA
1728,"synthetic","LSVCMM.Cross-sectional",200,0.5,1,1,1,1,10,"sine","sqrt",28,TRUE,TRUE,0.5,NA,NA
1729,"synthetic","LSVCMM.Cross-sectional",200,0.5,1,1,1,1,10,"sine","sqrt",29,TRUE,TRUE,0.5,NA,NA
1730,"synthetic","LSVCMM.Cross-sectional",200,0.5,1,1,1,1,10,"sine","sqrt",30,TRUE,TRUE,0.5,NA,NA
1731,"synthetic","LSVCMM.Cross-sectional",200,0.5,1,1,1,1,10,"sine","sqrt",31,TRUE,TRUE,0.5,NA,NA
1732,"synthetic","LSVCMM.Cross-sectional",200,0.5,1,1,1,1,10,"sine","sqrt",32,TRUE,TRUE,0.5,NA,NA
1733,"synthetic","LSVCMM.Cross-sectional",200,0.5,1,1,1,1,10,"sine","sqrt",33,TRUE,TRUE,0.5,NA,NA
1734,"synthetic","LSVCMM.Cross-sectional",200,0.5,1,1,1,1,10,"sine","sqrt",34,TRUE,TRUE,0.5,NA,NA
1735,"synthetic","LSVCMM.Cross-sectional",200,0.5,1,1,1,1,10,"sine","sqrt",35,TRUE,TRUE,0.5,NA,NA
1736,"synthetic","LSVCMM.Cross-sectional",200,0.5,1,1,1,1,10,"sine","sqrt",36,TRUE,TRUE,0.5,NA,NA
1737,"synthetic","LSVCMM.Cross-sectional",200,0.5,1,1,1,1,10,"sine","sqrt",37,TRUE,TRUE,0.5,NA,NA
1738,"synthetic","LSVCMM.Cross-sectional",200,0.5,1,1,1,1,10,"sine","sqrt",38,TRUE,TRUE,0.5,NA,NA
1739,"synthetic","LSVCMM.Cross-sectional",200,0.5,1,1,1,1,10,"sine","sqrt",39,TRUE,TRUE,0.5,NA,NA
1740,"synthetic","LSVCMM.Cross-sectional",200,0.5,1,1,1,1,10,"sine","sqrt",40,TRUE,TRUE,0.5,NA,NA
1741,"synthetic","LSVCMM.Cross-sectional",200,0.5,1,1,1,1,10,"sine","sqrt",41,TRUE,TRUE,0.5,NA,NA
1742,"synthetic","LSVCMM.Cross-sectional",200,0.5,1,1,1,1,10,"sine","sqrt",42,TRUE,TRUE,0.5,NA,NA
1743,"synthetic","LSVCMM.Cross-sectional",200,0.5,1,1,1,1,10,"sine","sqrt",43,TRUE,TRUE,0.5,NA,NA
1744,"synthetic","LSVCMM.Cross-sectional",200,0.5,1,1,1,1,10,"sine","sqrt",44,TRUE,TRUE,0.5,NA,NA
1745,"synthetic","LSVCMM.Cross-sectional",200,0.5,1,1,1,1,10,"sine","sqrt",45,TRUE,TRUE,0.5,NA,NA
1746,"synthetic","LSVCMM.Cross-sectional",200,0.5,1,1,1,1,10,"sine","sqrt",46,TRUE,TRUE,0.5,NA,NA
1747,"synthetic","LSVCMM.Cross-sectional",200,0.5,1,1,1,1,10,"sine","sqrt",47,TRUE,TRUE,0.5,NA,NA
1748,"synthetic","LSVCMM.Cross-sectional",200,0.5,1,1,1,1,10,"sine","sqrt",48,TRUE,TRUE,0.5,NA,NA
1749,"synthetic","LSVCMM.Cross-sectional",200,0.5,1,1,1,1,10,"sine","sqrt",49,TRUE,TRUE,0.5,NA,NA
1750,"synthetic","LSVCMM.Cross-sectional",200,0.5,1,1,1,1,10,"sine","sqrt",50,TRUE,TRUE,0.5,NA,NA
1751,"synthetic","LSVCMM.Cross-sectional",200,0.5,1,1,1,1,10,"sine","sqrt",51,TRUE,TRUE,0.5,NA,NA
1752,"synthetic","LSVCMM.Cross-sectional",200,0.5,1,1,1,1,10,"sine","sqrt",52,TRUE,TRUE,0.5,NA,NA
1753,"synthetic","LSVCMM.Cross-sectional",200,0.5,1,1,1,1,10,"sine","sqrt",53,TRUE,TRUE,0.5,NA,NA
1754,"synthetic","LSVCMM.Cross-sectional",200,0.5,1,1,1,1,10,"sine","sqrt",54,TRUE,TRUE,0.5,NA,NA
1755,"synthetic","LSVCMM.Cross-sectional",200,0.5,1,1,1,1,10,"sine","sqrt",55,TRUE,TRUE,0.5,NA,NA
1756,"synthetic","LSVCMM.Cross-sectional",200,0.5,1,1,1,1,10,"sine","sqrt",56,TRUE,TRUE,0.5,NA,NA
1757,"synthetic","LSVCMM.Cross-sectional",200,0.5,1,1,1,1,10,"sine","sqrt",57,TRUE,TRUE,0.5,NA,NA
1758,"synthetic","LSVCMM.Cross-sectional",200,0.5,1,1,1,1,10,"sine","sqrt",58,TRUE,TRUE,0.5,NA,NA
1759,"synthetic","LSVCMM.Cross-sectional",200,0.5,1,1,1,1,10,"sine","sqrt",59,TRUE,TRUE,0.5,NA,NA
1760,"synthetic","LSVCMM.Cross-sectional",200,0.5,1,1,1,1,10,"sine","sqrt",60,TRUE,TRUE,0.5,NA,NA
1761,"synthetic","LSVCMM.Cross-sectional",200,0.5,1,1,1,1,10,"sine","sqrt",61,TRUE,TRUE,0.5,NA,NA
1762,"synthetic","LSVCMM.Cross-sectional",200,0.5,1,1,1,1,10,"sine","sqrt",62,TRUE,TRUE,0.5,NA,NA
1763,"synthetic","LSVCMM.Cross-sectional",200,0.5,1,1,1,1,10,"sine","sqrt",63,TRUE,TRUE,0.5,NA,NA
1764,"synthetic","LSVCMM.Cross-sectional",200,0.5,1,1,1,1,10,"sine","sqrt",64,TRUE,TRUE,0.5,NA,NA
1765,"synthetic","LSVCMM.Cross-sectional",200,0.5,1,1,1,1,10,"sine","sqrt",65,TRUE,TRUE,0.5,NA,NA
1766,"synthetic","LSVCMM.Cross-sectional",200,0.5,1,1,1,1,10,"sine","sqrt",66,TRUE,TRUE,0.5,NA,NA
1767,"synthetic","LSVCMM.Cross-sectional",200,0.5,1,1,1,1,10,"sine","sqrt",67,TRUE,TRUE,0.5,NA,NA
1768,"synthetic","LSVCMM.Cross-sectional",200,0.5,1,1,1,1,10,"sine","sqrt",68,TRUE,TRUE,0.5,NA,NA
1769,"synthetic","LSVCMM.Cross-sectional",200,0.5,1,1,1,1,10,"sine","sqrt",69,TRUE,TRUE,0.5,NA,NA
1770,"synthetic","LSVCMM.Cross-sectional",200,0.5,1,1,1,1,10,"sine","sqrt",70,TRUE,TRUE,0.5,NA,NA
1771,"synthetic","LSVCMM.Cross-sectional",200,0.5,1,1,1,1,10,"sine","sqrt",71,TRUE,TRUE,0.5,NA,NA
1772,"synthetic","LSVCMM.Cross-sectional",200,0.5,1,1,1,1,10,"sine","sqrt",72,TRUE,TRUE,0.5,NA,NA
1773,"synthetic","LSVCMM.Cross-sectional",200,0.5,1,1,1,1,10,"sine","sqrt",73,TRUE,TRUE,0.5,NA,NA
1774,"synthetic","LSVCMM.Cross-sectional",200,0.5,1,1,1,1,10,"sine","sqrt",74,TRUE,TRUE,0.5,NA,NA
1775,"synthetic","LSVCMM.Cross-sectional",200,0.5,1,1,1,1,10,"sine","sqrt",75,TRUE,TRUE,0.5,NA,NA
1776,"synthetic","LSVCMM.Cross-sectional",200,0.5,1,1,1,1,10,"sine","sqrt",76,TRUE,TRUE,0.5,NA,NA
1777,"synthetic","LSVCMM.Cross-sectional",200,0.5,1,1,1,1,10,"sine","sqrt",77,TRUE,TRUE,0.5,NA,NA
1778,"synthetic","LSVCMM.Cross-sectional",200,0.5,1,1,1,1,10,"sine","sqrt",78,TRUE,TRUE,0.5,NA,NA
1779,"synthetic","LSVCMM.Cross-sectional",200,0.5,1,1,1,1,10,"sine","sqrt",79,TRUE,TRUE,0.5,NA,NA
1780,"synthetic","LSVCMM.Cross-sectional",200,0.5,1,1,1,1,10,"sine","sqrt",80,TRUE,TRUE,0.5,NA,NA
1781,"synthetic","LSVCMM.Cross-sectional",200,0.5,1,1,1,1,10,"sine","sqrt",81,TRUE,TRUE,0.5,NA,NA
1782,"synthetic","LSVCMM.Cross-sectional",200,0.5,1,1,1,1,10,"sine","sqrt",82,TRUE,TRUE,0.5,NA,NA
1783,"synthetic","LSVCMM.Cross-sectional",200,0.5,1,1,1,1,10,"sine","sqrt",83,TRUE,TRUE,0.5,NA,NA
1784,"synthetic","LSVCMM.Cross-sectional",200,0.5,1,1,1,1,10,"sine","sqrt",84,TRUE,TRUE,0.5,NA,NA
1785,"synthetic","LSVCMM.Cross-sectional",200,0.5,1,1,1,1,10,"sine","sqrt",85,TRUE,TRUE,0.5,NA,NA
1786,"synthetic","LSVCMM.Cross-sectional",200,0.5,1,1,1,1,10,"sine","sqrt",86,TRUE,TRUE,0.5,NA,NA
1787,"synthetic","LSVCMM.Cross-sectional",200,0.5,1,1,1,1,10,"sine","sqrt",87,TRUE,TRUE,0.5,NA,NA
1788,"synthetic","LSVCMM.Cross-sectional",200,0.5,1,1,1,1,10,"sine","sqrt",88,TRUE,TRUE,0.5,NA,NA
1789,"synthetic","LSVCMM.Cross-sectional",200,0.5,1,1,1,1,10,"sine","sqrt",89,TRUE,TRUE,0.5,NA,NA
1790,"synthetic","LSVCMM.Cross-sectional",200,0.5,1,1,1,1,10,"sine","sqrt",90,TRUE,TRUE,0.5,NA,NA
1791,"synthetic","LSVCMM.Cross-sectional",200,0.5,1,1,1,1,10,"sine","sqrt",91,TRUE,TRUE,0.5,NA,NA
1792,"synthetic","LSVCMM.Cross-sectional",200,0.5,1,1,1,1,10,"sine","sqrt",92,TRUE,TRUE,0.5,NA,NA
1793,"synthetic","LSVCMM.Cross-sectional",200,0.5,1,1,1,1,10,"sine","sqrt",93,TRUE,TRUE,0.5,NA,NA
1794,"synthetic","LSVCMM.Cross-sectional",200,0.5,1,1,1,1,10,"sine","sqrt",94,TRUE,TRUE,0.5,NA,NA
1795,"synthetic","LSVCMM.Cross-sectional",200,0.5,1,1,1,1,10,"sine","sqrt",95,TRUE,TRUE,0.5,NA,NA
1796,"synthetic","LSVCMM.Cross-sectional",200,0.5,1,1,1,1,10,"sine","sqrt",96,TRUE,TRUE,0.5,NA,NA
1797,"synthetic","LSVCMM.Cross-sectional",200,0.5,1,1,1,1,10,"sine","sqrt",97,TRUE,TRUE,0.5,NA,NA
1798,"synthetic","LSVCMM.Cross-sectional",200,0.5,1,1,1,1,10,"sine","sqrt",98,TRUE,TRUE,0.5,NA,NA
1799,"synthetic","LSVCMM.Cross-sectional",200,0.5,1,1,1,1,10,"sine","sqrt",99,TRUE,TRUE,0.5,NA,NA
1800,"synthetic","LSVCMM.Cross-sectional",200,0.5,1,1,1,1,10,"sine","sqrt",100,TRUE,TRUE,0.5,NA,NA
1801,"synthetic","SPFDA",20,0.5,1,1,1,1,10,"sine","sqrt",1,NA,NA,NA,NA,12
1802,"synthetic","SPFDA",20,0.5,1,1,1,1,10,"sine","sqrt",2,NA,NA,NA,NA,12
1803,"synthetic","SPFDA",20,0.5,1,1,1,1,10,"sine","sqrt",3,NA,NA,NA,NA,12
1804,"synthetic","SPFDA",20,0.5,1,1,1,1,10,"sine","sqrt",4,NA,NA,NA,NA,12
1805,"synthetic","SPFDA",20,0.5,1,1,1,1,10,"sine","sqrt",5,NA,NA,NA,NA,12
1806,"synthetic","SPFDA",20,0.5,1,1,1,1,10,"sine","sqrt",6,NA,NA,NA,NA,12
1807,"synthetic","SPFDA",20,0.5,1,1,1,1,10,"sine","sqrt",7,NA,NA,NA,NA,12
1808,"synthetic","SPFDA",20,0.5,1,1,1,1,10,"sine","sqrt",8,NA,NA,NA,NA,12
1809,"synthetic","SPFDA",20,0.5,1,1,1,1,10,"sine","sqrt",9,NA,NA,NA,NA,12
1810,"synthetic","SPFDA",20,0.5,1,1,1,1,10,"sine","sqrt",10,NA,NA,NA,NA,12
1811,"synthetic","SPFDA",20,0.5,1,1,1,1,10,"sine","sqrt",11,NA,NA,NA,NA,12
1812,"synthetic","SPFDA",20,0.5,1,1,1,1,10,"sine","sqrt",12,NA,NA,NA,NA,12
1813,"synthetic","SPFDA",20,0.5,1,1,1,1,10,"sine","sqrt",13,NA,NA,NA,NA,12
1814,"synthetic","SPFDA",20,0.5,1,1,1,1,10,"sine","sqrt",14,NA,NA,NA,NA,12
1815,"synthetic","SPFDA",20,0.5,1,1,1,1,10,"sine","sqrt",15,NA,NA,NA,NA,12
1816,"synthetic","SPFDA",20,0.5,1,1,1,1,10,"sine","sqrt",16,NA,NA,NA,NA,12
1817,"synthetic","SPFDA",20,0.5,1,1,1,1,10,"sine","sqrt",17,NA,NA,NA,NA,12
1818,"synthetic","SPFDA",20,0.5,1,1,1,1,10,"sine","sqrt",18,NA,NA,NA,NA,12
1819,"synthetic","SPFDA",20,0.5,1,1,1,1,10,"sine","sqrt",19,NA,NA,NA,NA,12
1820,"synthetic","SPFDA",20,0.5,1,1,1,1,10,"sine","sqrt",20,NA,NA,NA,NA,12
1821,"synthetic","SPFDA",20,0.5,1,1,1,1,10,"sine","sqrt",21,NA,NA,NA,NA,12
1822,"synthetic","SPFDA",20,0.5,1,1,1,1,10,"sine","sqrt",22,NA,NA,NA,NA,12
1823,"synthetic","SPFDA",20,0.5,1,1,1,1,10,"sine","sqrt",23,NA,NA,NA,NA,12
1824,"synthetic","SPFDA",20,0.5,1,1,1,1,10,"sine","sqrt",24,NA,NA,NA,NA,12
1825,"synthetic","SPFDA",20,0.5,1,1,1,1,10,"sine","sqrt",25,NA,NA,NA,NA,12
1826,"synthetic","SPFDA",20,0.5,1,1,1,1,10,"sine","sqrt",26,NA,NA,NA,NA,12
1827,"synthetic","SPFDA",20,0.5,1,1,1,1,10,"sine","sqrt",27,NA,NA,NA,NA,12
1828,"synthetic","SPFDA",20,0.5,1,1,1,1,10,"sine","sqrt",28,NA,NA,NA,NA,12
1829,"synthetic","SPFDA",20,0.5,1,1,1,1,10,"sine","sqrt",29,NA,NA,NA,NA,12
1830,"synthetic","SPFDA",20,0.5,1,1,1,1,10,"sine","sqrt",30,NA,NA,NA,NA,12
1831,"synthetic","SPFDA",20,0.5,1,1,1,1,10,"sine","sqrt",31,NA,NA,NA,NA,12
1832,"synthetic","SPFDA",20,0.5,1,1,1,1,10,"sine","sqrt",32,NA,NA,NA,NA,12
1833,"synthetic","SPFDA",20,0.5,1,1,1,1,10,"sine","sqrt",33,NA,NA,NA,NA,12
1834,"synthetic","SPFDA",20,0.5,1,1,1,1,10,"sine","sqrt",34,NA,NA,NA,NA,12
1835,"synthetic","SPFDA",20,0.5,1,1,1,1,10,"sine","sqrt",35,NA,NA,NA,NA,12
1836,"synthetic","SPFDA",20,0.5,1,1,1,1,10,"sine","sqrt",36,NA,NA,NA,NA,12
1837,"synthetic","SPFDA",20,0.5,1,1,1,1,10,"sine","sqrt",37,NA,NA,NA,NA,12
1838,"synthetic","SPFDA",20,0.5,1,1,1,1,10,"sine","sqrt",38,NA,NA,NA,NA,12
1839,"synthetic","SPFDA",20,0.5,1,1,1,1,10,"sine","sqrt",39,NA,NA,NA,NA,12
1840,"synthetic","SPFDA",20,0.5,1,1,1,1,10,"sine","sqrt",40,NA,NA,NA,NA,12
1841,"synthetic","SPFDA",20,0.5,1,1,1,1,10,"sine","sqrt",41,NA,NA,NA,NA,12
1842,"synthetic","SPFDA",20,0.5,1,1,1,1,10,"sine","sqrt",42,NA,NA,NA,NA,12
1843,"synthetic","SPFDA",20,0.5,1,1,1,1,10,"sine","sqrt",43,NA,NA,NA,NA,12
1844,"synthetic","SPFDA",20,0.5,1,1,1,1,10,"sine","sqrt",44,NA,NA,NA,NA,12
1845,"synthetic","SPFDA",20,0.5,1,1,1,1,10,"sine","sqrt",45,NA,NA,NA,NA,12
1846,"synthetic","SPFDA",20,0.5,1,1,1,1,10,"sine","sqrt",46,NA,NA,NA,NA,12
1847,"synthetic","SPFDA",20,0.5,1,1,1,1,10,"sine","sqrt",47,NA,NA,NA,NA,12
1848,"synthetic","SPFDA",20,0.5,1,1,1,1,10,"sine","sqrt",48,NA,NA,NA,NA,12
1849,"synthetic","SPFDA",20,0.5,1,1,1,1,10,"sine","sqrt",49,NA,NA,NA,NA,12
1850,"synthetic","SPFDA",20,0.5,1,1,1,1,10,"sine","sqrt",50,NA,NA,NA,NA,12
1851,"synthetic","SPFDA",20,0.5,1,1,1,1,10,"sine","sqrt",51,NA,NA,NA,NA,12
1852,"synthetic","SPFDA",20,0.5,1,1,1,1,10,"sine","sqrt",52,NA,NA,NA,NA,12
1853,"synthetic","SPFDA",20,0.5,1,1,1,1,10,"sine","sqrt",53,NA,NA,NA,NA,12
1854,"synthetic","SPFDA",20,0.5,1,1,1,1,10,"sine","sqrt",54,NA,NA,NA,NA,12
1855,"synthetic","SPFDA",20,0.5,1,1,1,1,10,"sine","sqrt",55,NA,NA,NA,NA,12
1856,"synthetic","SPFDA",20,0.5,1,1,1,1,10,"sine","sqrt",56,NA,NA,NA,NA,12
1857,"synthetic","SPFDA",20,0.5,1,1,1,1,10,"sine","sqrt",57,NA,NA,NA,NA,12
1858,"synthetic","SPFDA",20,0.5,1,1,1,1,10,"sine","sqrt",58,NA,NA,NA,NA,12
1859,"synthetic","SPFDA",20,0.5,1,1,1,1,10,"sine","sqrt",59,NA,NA,NA,NA,12
1860,"synthetic","SPFDA",20,0.5,1,1,1,1,10,"sine","sqrt",60,NA,NA,NA,NA,12
1861,"synthetic","SPFDA",20,0.5,1,1,1,1,10,"sine","sqrt",61,NA,NA,NA,NA,12
1862,"synthetic","SPFDA",20,0.5,1,1,1,1,10,"sine","sqrt",62,NA,NA,NA,NA,12
1863,"synthetic","SPFDA",20,0.5,1,1,1,1,10,"sine","sqrt",63,NA,NA,NA,NA,12
1864,"synthetic","SPFDA",20,0.5,1,1,1,1,10,"sine","sqrt",64,NA,NA,NA,NA,12
1865,"synthetic","SPFDA",20,0.5,1,1,1,1,10,"sine","sqrt",65,NA,NA,NA,NA,12
1866,"synthetic","SPFDA",20,0.5,1,1,1,1,10,"sine","sqrt",66,NA,NA,NA,NA,12
1867,"synthetic","SPFDA",20,0.5,1,1,1,1,10,"sine","sqrt",67,NA,NA,NA,NA,12
1868,"synthetic","SPFDA",20,0.5,1,1,1,1,10,"sine","sqrt",68,NA,NA,NA,NA,12
1869,"synthetic","SPFDA",20,0.5,1,1,1,1,10,"sine","sqrt",69,NA,NA,NA,NA,12
1870,"synthetic","SPFDA",20,0.5,1,1,1,1,10,"sine","sqrt",70,NA,NA,NA,NA,12
1871,"synthetic","SPFDA",20,0.5,1,1,1,1,10,"sine","sqrt",71,NA,NA,NA,NA,12
1872,"synthetic","SPFDA",20,0.5,1,1,1,1,10,"sine","sqrt",72,NA,NA,NA,NA,12
1873,"synthetic","SPFDA",20,0.5,1,1,1,1,10,"sine","sqrt",73,NA,NA,NA,NA,12
1874,"synthetic","SPFDA",20,0.5,1,1,1,1,10,"sine","sqrt",74,NA,NA,NA,NA,12
1875,"synthetic","SPFDA",20,0.5,1,1,1,1,10,"sine","sqrt",75,NA,NA,NA,NA,12
1876,"synthetic","SPFDA",20,0.5,1,1,1,1,10,"sine","sqrt",76,NA,NA,NA,NA,12
1877,"synthetic","SPFDA",20,0.5,1,1,1,1,10,"sine","sqrt",77,NA,NA,NA,NA,12
1878,"synthetic","SPFDA",20,0.5,1,1,1,1,10,"sine","sqrt",78,NA,NA,NA,NA,12
1879,"synthetic","SPFDA",20,0.5,1,1,1,1,10,"sine","sqrt",79,NA,NA,NA,NA,12
1880,"synthetic","SPFDA",20,0.5,1,1,1,1,10,"sine","sqrt",80,NA,NA,NA,NA,12
1881,"synthetic","SPFDA",20,0.5,1,1,1,1,10,"sine","sqrt",81,NA,NA,NA,NA,12
1882,"synthetic","SPFDA",20,0.5,1,1,1,1,10,"sine","sqrt",82,NA,NA,NA,NA,12
1883,"synthetic","SPFDA",20,0.5,1,1,1,1,10,"sine","sqrt",83,NA,NA,NA,NA,12
1884,"synthetic","SPFDA",20,0.5,1,1,1,1,10,"sine","sqrt",84,NA,NA,NA,NA,12
1885,"synthetic","SPFDA",20,0.5,1,1,1,1,10,"sine","sqrt",85,NA,NA,NA,NA,12
1886,"synthetic","SPFDA",20,0.5,1,1,1,1,10,"sine","sqrt",86,NA,NA,NA,NA,12
1887,"synthetic","SPFDA",20,0.5,1,1,1,1,10,"sine","sqrt",87,NA,NA,NA,NA,12
1888,"synthetic","SPFDA",20,0.5,1,1,1,1,10,"sine","sqrt",88,NA,NA,NA,NA,12
1889,"synthetic","SPFDA",20,0.5,1,1,1,1,10,"sine","sqrt",89,NA,NA,NA,NA,12
1890,"synthetic","SPFDA",20,0.5,1,1,1,1,10,"sine","sqrt",90,NA,NA,NA,NA,12
1891,"synthetic","SPFDA",20,0.5,1,1,1,1,10,"sine","sqrt",91,NA,NA,NA,NA,12
1892,"synthetic","SPFDA",20,0.5,1,1,1,1,10,"sine","sqrt",92,NA,NA,NA,NA,12
1893,"synthetic","SPFDA",20,0.5,1,1,1,1,10,"sine","sqrt",93,NA,NA,NA,NA,12
1894,"synthetic","SPFDA",20,0.5,1,1,1,1,10,"sine","sqrt",94,NA,NA,NA,NA,12
1895,"synthetic","SPFDA",20,0.5,1,1,1,1,10,"sine","sqrt",95,NA,NA,NA,NA,12
1896,"synthetic","SPFDA",20,0.5,1,1,1,1,10,"sine","sqrt",96,NA,NA,NA,NA,12
1897,"synthetic","SPFDA",20,0.5,1,1,1,1,10,"sine","sqrt",97,NA,NA,NA,NA,12
1898,"synthetic","SPFDA",20,0.5,1,1,1,1,10,"sine","sqrt",98,NA,NA,NA,NA,12
1899,"synthetic","SPFDA",20,0.5,1,1,1,1,10,"sine","sqrt",99,NA,NA,NA,NA,12
1900,"synthetic","SPFDA",20,0.5,1,1,1,1,10,"sine","sqrt",100,NA,NA,NA,NA,12
1901,"synthetic","SPFDA",30,0.5,1,1,1,1,10,"sine","sqrt",1,NA,NA,NA,NA,12
1902,"synthetic","SPFDA",30,0.5,1,1,1,1,10,"sine","sqrt",2,NA,NA,NA,NA,12
1903,"synthetic","SPFDA",30,0.5,1,1,1,1,10,"sine","sqrt",3,NA,NA,NA,NA,12
1904,"synthetic","SPFDA",30,0.5,1,1,1,1,10,"sine","sqrt",4,NA,NA,NA,NA,12
1905,"synthetic","SPFDA",30,0.5,1,1,1,1,10,"sine","sqrt",5,NA,NA,NA,NA,12
1906,"synthetic","SPFDA",30,0.5,1,1,1,1,10,"sine","sqrt",6,NA,NA,NA,NA,12
1907,"synthetic","SPFDA",30,0.5,1,1,1,1,10,"sine","sqrt",7,NA,NA,NA,NA,12
1908,"synthetic","SPFDA",30,0.5,1,1,1,1,10,"sine","sqrt",8,NA,NA,NA,NA,12
1909,"synthetic","SPFDA",30,0.5,1,1,1,1,10,"sine","sqrt",9,NA,NA,NA,NA,12
1910,"synthetic","SPFDA",30,0.5,1,1,1,1,10,"sine","sqrt",10,NA,NA,NA,NA,12
1911,"synthetic","SPFDA",30,0.5,1,1,1,1,10,"sine","sqrt",11,NA,NA,NA,NA,12
1912,"synthetic","SPFDA",30,0.5,1,1,1,1,10,"sine","sqrt",12,NA,NA,NA,NA,12
1913,"synthetic","SPFDA",30,0.5,1,1,1,1,10,"sine","sqrt",13,NA,NA,NA,NA,12
1914,"synthetic","SPFDA",30,0.5,1,1,1,1,10,"sine","sqrt",14,NA,NA,NA,NA,12
1915,"synthetic","SPFDA",30,0.5,1,1,1,1,10,"sine","sqrt",15,NA,NA,NA,NA,12
1916,"synthetic","SPFDA",30,0.5,1,1,1,1,10,"sine","sqrt",16,NA,NA,NA,NA,12
1917,"synthetic","SPFDA",30,0.5,1,1,1,1,10,"sine","sqrt",17,NA,NA,NA,NA,12
1918,"synthetic","SPFDA",30,0.5,1,1,1,1,10,"sine","sqrt",18,NA,NA,NA,NA,12
1919,"synthetic","SPFDA",30,0.5,1,1,1,1,10,"sine","sqrt",19,NA,NA,NA,NA,12
1920,"synthetic","SPFDA",30,0.5,1,1,1,1,10,"sine","sqrt",20,NA,NA,NA,NA,12
1921,"synthetic","SPFDA",30,0.5,1,1,1,1,10,"sine","sqrt",21,NA,NA,NA,NA,12
1922,"synthetic","SPFDA",30,0.5,1,1,1,1,10,"sine","sqrt",22,NA,NA,NA,NA,12
1923,"synthetic","SPFDA",30,0.5,1,1,1,1,10,"sine","sqrt",23,NA,NA,NA,NA,12
1924,"synthetic","SPFDA",30,0.5,1,1,1,1,10,"sine","sqrt",24,NA,NA,NA,NA,12
1925,"synthetic","SPFDA",30,0.5,1,1,1,1,10,"sine","sqrt",25,NA,NA,NA,NA,12
1926,"synthetic","SPFDA",30,0.5,1,1,1,1,10,"sine","sqrt",26,NA,NA,NA,NA,12
1927,"synthetic","SPFDA",30,0.5,1,1,1,1,10,"sine","sqrt",27,NA,NA,NA,NA,12
1928,"synthetic","SPFDA",30,0.5,1,1,1,1,10,"sine","sqrt",28,NA,NA,NA,NA,12
1929,"synthetic","SPFDA",30,0.5,1,1,1,1,10,"sine","sqrt",29,NA,NA,NA,NA,12
1930,"synthetic","SPFDA",30,0.5,1,1,1,1,10,"sine","sqrt",30,NA,NA,NA,NA,12
1931,"synthetic","SPFDA",30,0.5,1,1,1,1,10,"sine","sqrt",31,NA,NA,NA,NA,12
1932,"synthetic","SPFDA",30,0.5,1,1,1,1,10,"sine","sqrt",32,NA,NA,NA,NA,12
1933,"synthetic","SPFDA",30,0.5,1,1,1,1,10,"sine","sqrt",33,NA,NA,NA,NA,12
1934,"synthetic","SPFDA",30,0.5,1,1,1,1,10,"sine","sqrt",34,NA,NA,NA,NA,12
1935,"synthetic","SPFDA",30,0.5,1,1,1,1,10,"sine","sqrt",35,NA,NA,NA,NA,12
1936,"synthetic","SPFDA",30,0.5,1,1,1,1,10,"sine","sqrt",36,NA,NA,NA,NA,12
1937,"synthetic","SPFDA",30,0.5,1,1,1,1,10,"sine","sqrt",37,NA,NA,NA,NA,12
1938,"synthetic","SPFDA",30,0.5,1,1,1,1,10,"sine","sqrt",38,NA,NA,NA,NA,12
1939,"synthetic","SPFDA",30,0.5,1,1,1,1,10,"sine","sqrt",39,NA,NA,NA,NA,12
1940,"synthetic","SPFDA",30,0.5,1,1,1,1,10,"sine","sqrt",40,NA,NA,NA,NA,12
1941,"synthetic","SPFDA",30,0.5,1,1,1,1,10,"sine","sqrt",41,NA,NA,NA,NA,12
1942,"synthetic","SPFDA",30,0.5,1,1,1,1,10,"sine","sqrt",42,NA,NA,NA,NA,12
1943,"synthetic","SPFDA",30,0.5,1,1,1,1,10,"sine","sqrt",43,NA,NA,NA,NA,12
1944,"synthetic","SPFDA",30,0.5,1,1,1,1,10,"sine","sqrt",44,NA,NA,NA,NA,12
1945,"synthetic","SPFDA",30,0.5,1,1,1,1,10,"sine","sqrt",45,NA,NA,NA,NA,12
1946,"synthetic","SPFDA",30,0.5,1,1,1,1,10,"sine","sqrt",46,NA,NA,NA,NA,12
1947,"synthetic","SPFDA",30,0.5,1,1,1,1,10,"sine","sqrt",47,NA,NA,NA,NA,12
1948,"synthetic","SPFDA",30,0.5,1,1,1,1,10,"sine","sqrt",48,NA,NA,NA,NA,12
1949,"synthetic","SPFDA",30,0.5,1,1,1,1,10,"sine","sqrt",49,NA,NA,NA,NA,12
1950,"synthetic","SPFDA",30,0.5,1,1,1,1,10,"sine","sqrt",50,NA,NA,NA,NA,12
1951,"synthetic","SPFDA",30,0.5,1,1,1,1,10,"sine","sqrt",51,NA,NA,NA,NA,12
1952,"synthetic","SPFDA",30,0.5,1,1,1,1,10,"sine","sqrt",52,NA,NA,NA,NA,12
1953,"synthetic","SPFDA",30,0.5,1,1,1,1,10,"sine","sqrt",53,NA,NA,NA,NA,12
1954,"synthetic","SPFDA",30,0.5,1,1,1,1,10,"sine","sqrt",54,NA,NA,NA,NA,12
1955,"synthetic","SPFDA",30,0.5,1,1,1,1,10,"sine","sqrt",55,NA,NA,NA,NA,12
1956,"synthetic","SPFDA",30,0.5,1,1,1,1,10,"sine","sqrt",56,NA,NA,NA,NA,12
1957,"synthetic","SPFDA",30,0.5,1,1,1,1,10,"sine","sqrt",57,NA,NA,NA,NA,12
1958,"synthetic","SPFDA",30,0.5,1,1,1,1,10,"sine","sqrt",58,NA,NA,NA,NA,12
1959,"synthetic","SPFDA",30,0.5,1,1,1,1,10,"sine","sqrt",59,NA,NA,NA,NA,12
1960,"synthetic","SPFDA",30,0.5,1,1,1,1,10,"sine","sqrt",60,NA,NA,NA,NA,12
1961,"synthetic","SPFDA",30,0.5,1,1,1,1,10,"sine","sqrt",61,NA,NA,NA,NA,12
1962,"synthetic","SPFDA",30,0.5,1,1,1,1,10,"sine","sqrt",62,NA,NA,NA,NA,12
1963,"synthetic","SPFDA",30,0.5,1,1,1,1,10,"sine","sqrt",63,NA,NA,NA,NA,12
1964,"synthetic","SPFDA",30,0.5,1,1,1,1,10,"sine","sqrt",64,NA,NA,NA,NA,12
1965,"synthetic","SPFDA",30,0.5,1,1,1,1,10,"sine","sqrt",65,NA,NA,NA,NA,12
1966,"synthetic","SPFDA",30,0.5,1,1,1,1,10,"sine","sqrt",66,NA,NA,NA,NA,12
1967,"synthetic","SPFDA",30,0.5,1,1,1,1,10,"sine","sqrt",67,NA,NA,NA,NA,12
1968,"synthetic","SPFDA",30,0.5,1,1,1,1,10,"sine","sqrt",68,NA,NA,NA,NA,12
1969,"synthetic","SPFDA",30,0.5,1,1,1,1,10,"sine","sqrt",69,NA,NA,NA,NA,12
1970,"synthetic","SPFDA",30,0.5,1,1,1,1,10,"sine","sqrt",70,NA,NA,NA,NA,12
1971,"synthetic","SPFDA",30,0.5,1,1,1,1,10,"sine","sqrt",71,NA,NA,NA,NA,12
1972,"synthetic","SPFDA",30,0.5,1,1,1,1,10,"sine","sqrt",72,NA,NA,NA,NA,12
1973,"synthetic","SPFDA",30,0.5,1,1,1,1,10,"sine","sqrt",73,NA,NA,NA,NA,12
1974,"synthetic","SPFDA",30,0.5,1,1,1,1,10,"sine","sqrt",74,NA,NA,NA,NA,12
1975,"synthetic","SPFDA",30,0.5,1,1,1,1,10,"sine","sqrt",75,NA,NA,NA,NA,12
1976,"synthetic","SPFDA",30,0.5,1,1,1,1,10,"sine","sqrt",76,NA,NA,NA,NA,12
1977,"synthetic","SPFDA",30,0.5,1,1,1,1,10,"sine","sqrt",77,NA,NA,NA,NA,12
1978,"synthetic","SPFDA",30,0.5,1,1,1,1,10,"sine","sqrt",78,NA,NA,NA,NA,12
1979,"synthetic","SPFDA",30,0.5,1,1,1,1,10,"sine","sqrt",79,NA,NA,NA,NA,12
1980,"synthetic","SPFDA",30,0.5,1,1,1,1,10,"sine","sqrt",80,NA,NA,NA,NA,12
1981,"synthetic","SPFDA",30,0.5,1,1,1,1,10,"sine","sqrt",81,NA,NA,NA,NA,12
1982,"synthetic","SPFDA",30,0.5,1,1,1,1,10,"sine","sqrt",82,NA,NA,NA,NA,12
1983,"synthetic","SPFDA",30,0.5,1,1,1,1,10,"sine","sqrt",83,NA,NA,NA,NA,12
1984,"synthetic","SPFDA",30,0.5,1,1,1,1,10,"sine","sqrt",84,NA,NA,NA,NA,12
1985,"synthetic","SPFDA",30,0.5,1,1,1,1,10,"sine","sqrt",85,NA,NA,NA,NA,12
1986,"synthetic","SPFDA",30,0.5,1,1,1,1,10,"sine","sqrt",86,NA,NA,NA,NA,12
1987,"synthetic","SPFDA",30,0.5,1,1,1,1,10,"sine","sqrt",87,NA,NA,NA,NA,12
1988,"synthetic","SPFDA",30,0.5,1,1,1,1,10,"sine","sqrt",88,NA,NA,NA,NA,12
1989,"synthetic","SPFDA",30,0.5,1,1,1,1,10,"sine","sqrt",89,NA,NA,NA,NA,12
1990,"synthetic","SPFDA",30,0.5,1,1,1,1,10,"sine","sqrt",90,NA,NA,NA,NA,12
1991,"synthetic","SPFDA",30,0.5,1,1,1,1,10,"sine","sqrt",91,NA,NA,NA,NA,12
1992,"synthetic","SPFDA",30,0.5,1,1,1,1,10,"sine","sqrt",92,NA,NA,NA,NA,12
1993,"synthetic","SPFDA",30,0.5,1,1,1,1,10,"sine","sqrt",93,NA,NA,NA,NA,12
1994,"synthetic","SPFDA",30,0.5,1,1,1,1,10,"sine","sqrt",94,NA,NA,NA,NA,12
1995,"synthetic","SPFDA",30,0.5,1,1,1,1,10,"sine","sqrt",95,NA,NA,NA,NA,12
1996,"synthetic","SPFDA",30,0.5,1,1,1,1,10,"sine","sqrt",96,NA,NA,NA,NA,12
1997,"synthetic","SPFDA",30,0.5,1,1,1,1,10,"sine","sqrt",97,NA,NA,NA,NA,12
1998,"synthetic","SPFDA",30,0.5,1,1,1,1,10,"sine","sqrt",98,NA,NA,NA,NA,12
1999,"synthetic","SPFDA",30,0.5,1,1,1,1,10,"sine","sqrt",99,NA,NA,NA,NA,12
2000,"synthetic","SPFDA",30,0.5,1,1,1,1,10,"sine","sqrt",100,NA,NA,NA,NA,12
2001,"synthetic","SPFDA",50,0.5,1,1,1,1,10,"sine","sqrt",1,NA,NA,NA,NA,12
2002,"synthetic","SPFDA",50,0.5,1,1,1,1,10,"sine","sqrt",2,NA,NA,NA,NA,12
2003,"synthetic","SPFDA",50,0.5,1,1,1,1,10,"sine","sqrt",3,NA,NA,NA,NA,12
2004,"synthetic","SPFDA",50,0.5,1,1,1,1,10,"sine","sqrt",4,NA,NA,NA,NA,12
2005,"synthetic","SPFDA",50,0.5,1,1,1,1,10,"sine","sqrt",5,NA,NA,NA,NA,12
2006,"synthetic","SPFDA",50,0.5,1,1,1,1,10,"sine","sqrt",6,NA,NA,NA,NA,12
2007,"synthetic","SPFDA",50,0.5,1,1,1,1,10,"sine","sqrt",7,NA,NA,NA,NA,12
2008,"synthetic","SPFDA",50,0.5,1,1,1,1,10,"sine","sqrt",8,NA,NA,NA,NA,12
2009,"synthetic","SPFDA",50,0.5,1,1,1,1,10,"sine","sqrt",9,NA,NA,NA,NA,12
2010,"synthetic","SPFDA",50,0.5,1,1,1,1,10,"sine","sqrt",10,NA,NA,NA,NA,12
2011,"synthetic","SPFDA",50,0.5,1,1,1,1,10,"sine","sqrt",11,NA,NA,NA,NA,12
2012,"synthetic","SPFDA",50,0.5,1,1,1,1,10,"sine","sqrt",12,NA,NA,NA,NA,12
2013,"synthetic","SPFDA",50,0.5,1,1,1,1,10,"sine","sqrt",13,NA,NA,NA,NA,12
2014,"synthetic","SPFDA",50,0.5,1,1,1,1,10,"sine","sqrt",14,NA,NA,NA,NA,12
2015,"synthetic","SPFDA",50,0.5,1,1,1,1,10,"sine","sqrt",15,NA,NA,NA,NA,12
2016,"synthetic","SPFDA",50,0.5,1,1,1,1,10,"sine","sqrt",16,NA,NA,NA,NA,12
2017,"synthetic","SPFDA",50,0.5,1,1,1,1,10,"sine","sqrt",17,NA,NA,NA,NA,12
2018,"synthetic","SPFDA",50,0.5,1,1,1,1,10,"sine","sqrt",18,NA,NA,NA,NA,12
2019,"synthetic","SPFDA",50,0.5,1,1,1,1,10,"sine","sqrt",19,NA,NA,NA,NA,12
2020,"synthetic","SPFDA",50,0.5,1,1,1,1,10,"sine","sqrt",20,NA,NA,NA,NA,12
2021,"synthetic","SPFDA",50,0.5,1,1,1,1,10,"sine","sqrt",21,NA,NA,NA,NA,12
2022,"synthetic","SPFDA",50,0.5,1,1,1,1,10,"sine","sqrt",22,NA,NA,NA,NA,12
2023,"synthetic","SPFDA",50,0.5,1,1,1,1,10,"sine","sqrt",23,NA,NA,NA,NA,12
2024,"synthetic","SPFDA",50,0.5,1,1,1,1,10,"sine","sqrt",24,NA,NA,NA,NA,12
2025,"synthetic","SPFDA",50,0.5,1,1,1,1,10,"sine","sqrt",25,NA,NA,NA,NA,12
2026,"synthetic","SPFDA",50,0.5,1,1,1,1,10,"sine","sqrt",26,NA,NA,NA,NA,12
2027,"synthetic","SPFDA",50,0.5,1,1,1,1,10,"sine","sqrt",27,NA,NA,NA,NA,12
2028,"synthetic","SPFDA",50,0.5,1,1,1,1,10,"sine","sqrt",28,NA,NA,NA,NA,12
2029,"synthetic","SPFDA",50,0.5,1,1,1,1,10,"sine","sqrt",29,NA,NA,NA,NA,12
2030,"synthetic","SPFDA",50,0.5,1,1,1,1,10,"sine","sqrt",30,NA,NA,NA,NA,12
2031,"synthetic","SPFDA",50,0.5,1,1,1,1,10,"sine","sqrt",31,NA,NA,NA,NA,12
2032,"synthetic","SPFDA",50,0.5,1,1,1,1,10,"sine","sqrt",32,NA,NA,NA,NA,12
2033,"synthetic","SPFDA",50,0.5,1,1,1,1,10,"sine","sqrt",33,NA,NA,NA,NA,12
2034,"synthetic","SPFDA",50,0.5,1,1,1,1,10,"sine","sqrt",34,NA,NA,NA,NA,12
2035,"synthetic","SPFDA",50,0.5,1,1,1,1,10,"sine","sqrt",35,NA,NA,NA,NA,12
2036,"synthetic","SPFDA",50,0.5,1,1,1,1,10,"sine","sqrt",36,NA,NA,NA,NA,12
2037,"synthetic","SPFDA",50,0.5,1,1,1,1,10,"sine","sqrt",37,NA,NA,NA,NA,12
2038,"synthetic","SPFDA",50,0.5,1,1,1,1,10,"sine","sqrt",38,NA,NA,NA,NA,12
2039,"synthetic","SPFDA",50,0.5,1,1,1,1,10,"sine","sqrt",39,NA,NA,NA,NA,12
2040,"synthetic","SPFDA",50,0.5,1,1,1,1,10,"sine","sqrt",40,NA,NA,NA,NA,12
2041,"synthetic","SPFDA",50,0.5,1,1,1,1,10,"sine","sqrt",41,NA,NA,NA,NA,12
2042,"synthetic","SPFDA",50,0.5,1,1,1,1,10,"sine","sqrt",42,NA,NA,NA,NA,12
2043,"synthetic","SPFDA",50,0.5,1,1,1,1,10,"sine","sqrt",43,NA,NA,NA,NA,12
2044,"synthetic","SPFDA",50,0.5,1,1,1,1,10,"sine","sqrt",44,NA,NA,NA,NA,12
2045,"synthetic","SPFDA",50,0.5,1,1,1,1,10,"sine","sqrt",45,NA,NA,NA,NA,12
2046,"synthetic","SPFDA",50,0.5,1,1,1,1,10,"sine","sqrt",46,NA,NA,NA,NA,12
2047,"synthetic","SPFDA",50,0.5,1,1,1,1,10,"sine","sqrt",47,NA,NA,NA,NA,12
2048,"synthetic","SPFDA",50,0.5,1,1,1,1,10,"sine","sqrt",48,NA,NA,NA,NA,12
2049,"synthetic","SPFDA",50,0.5,1,1,1,1,10,"sine","sqrt",49,NA,NA,NA,NA,12
2050,"synthetic","SPFDA",50,0.5,1,1,1,1,10,"sine","sqrt",50,NA,NA,NA,NA,12
2051,"synthetic","SPFDA",50,0.5,1,1,1,1,10,"sine","sqrt",51,NA,NA,NA,NA,12
2052,"synthetic","SPFDA",50,0.5,1,1,1,1,10,"sine","sqrt",52,NA,NA,NA,NA,12
2053,"synthetic","SPFDA",50,0.5,1,1,1,1,10,"sine","sqrt",53,NA,NA,NA,NA,12
2054,"synthetic","SPFDA",50,0.5,1,1,1,1,10,"sine","sqrt",54,NA,NA,NA,NA,12
2055,"synthetic","SPFDA",50,0.5,1,1,1,1,10,"sine","sqrt",55,NA,NA,NA,NA,12
2056,"synthetic","SPFDA",50,0.5,1,1,1,1,10,"sine","sqrt",56,NA,NA,NA,NA,12
2057,"synthetic","SPFDA",50,0.5,1,1,1,1,10,"sine","sqrt",57,NA,NA,NA,NA,12
2058,"synthetic","SPFDA",50,0.5,1,1,1,1,10,"sine","sqrt",58,NA,NA,NA,NA,12
2059,"synthetic","SPFDA",50,0.5,1,1,1,1,10,"sine","sqrt",59,NA,NA,NA,NA,12
2060,"synthetic","SPFDA",50,0.5,1,1,1,1,10,"sine","sqrt",60,NA,NA,NA,NA,12
2061,"synthetic","SPFDA",50,0.5,1,1,1,1,10,"sine","sqrt",61,NA,NA,NA,NA,12
2062,"synthetic","SPFDA",50,0.5,1,1,1,1,10,"sine","sqrt",62,NA,NA,NA,NA,12
2063,"synthetic","SPFDA",50,0.5,1,1,1,1,10,"sine","sqrt",63,NA,NA,NA,NA,12
2064,"synthetic","SPFDA",50,0.5,1,1,1,1,10,"sine","sqrt",64,NA,NA,NA,NA,12
2065,"synthetic","SPFDA",50,0.5,1,1,1,1,10,"sine","sqrt",65,NA,NA,NA,NA,12
2066,"synthetic","SPFDA",50,0.5,1,1,1,1,10,"sine","sqrt",66,NA,NA,NA,NA,12
2067,"synthetic","SPFDA",50,0.5,1,1,1,1,10,"sine","sqrt",67,NA,NA,NA,NA,12
2068,"synthetic","SPFDA",50,0.5,1,1,1,1,10,"sine","sqrt",68,NA,NA,NA,NA,12
2069,"synthetic","SPFDA",50,0.5,1,1,1,1,10,"sine","sqrt",69,NA,NA,NA,NA,12
2070,"synthetic","SPFDA",50,0.5,1,1,1,1,10,"sine","sqrt",70,NA,NA,NA,NA,12
2071,"synthetic","SPFDA",50,0.5,1,1,1,1,10,"sine","sqrt",71,NA,NA,NA,NA,12
2072,"synthetic","SPFDA",50,0.5,1,1,1,1,10,"sine","sqrt",72,NA,NA,NA,NA,12
2073,"synthetic","SPFDA",50,0.5,1,1,1,1,10,"sine","sqrt",73,NA,NA,NA,NA,12
2074,"synthetic","SPFDA",50,0.5,1,1,1,1,10,"sine","sqrt",74,NA,NA,NA,NA,12
2075,"synthetic","SPFDA",50,0.5,1,1,1,1,10,"sine","sqrt",75,NA,NA,NA,NA,12
2076,"synthetic","SPFDA",50,0.5,1,1,1,1,10,"sine","sqrt",76,NA,NA,NA,NA,12
2077,"synthetic","SPFDA",50,0.5,1,1,1,1,10,"sine","sqrt",77,NA,NA,NA,NA,12
2078,"synthetic","SPFDA",50,0.5,1,1,1,1,10,"sine","sqrt",78,NA,NA,NA,NA,12
2079,"synthetic","SPFDA",50,0.5,1,1,1,1,10,"sine","sqrt",79,NA,NA,NA,NA,12
2080,"synthetic","SPFDA",50,0.5,1,1,1,1,10,"sine","sqrt",80,NA,NA,NA,NA,12
2081,"synthetic","SPFDA",50,0.5,1,1,1,1,10,"sine","sqrt",81,NA,NA,NA,NA,12
2082,"synthetic","SPFDA",50,0.5,1,1,1,1,10,"sine","sqrt",82,NA,NA,NA,NA,12
2083,"synthetic","SPFDA",50,0.5,1,1,1,1,10,"sine","sqrt",83,NA,NA,NA,NA,12
2084,"synthetic","SPFDA",50,0.5,1,1,1,1,10,"sine","sqrt",84,NA,NA,NA,NA,12
2085,"synthetic","SPFDA",50,0.5,1,1,1,1,10,"sine","sqrt",85,NA,NA,NA,NA,12
2086,"synthetic","SPFDA",50,0.5,1,1,1,1,10,"sine","sqrt",86,NA,NA,NA,NA,12
2087,"synthetic","SPFDA",50,0.5,1,1,1,1,10,"sine","sqrt",87,NA,NA,NA,NA,12
2088,"synthetic","SPFDA",50,0.5,1,1,1,1,10,"sine","sqrt",88,NA,NA,NA,NA,12
2089,"synthetic","SPFDA",50,0.5,1,1,1,1,10,"sine","sqrt",89,NA,NA,NA,NA,12
2090,"synthetic","SPFDA",50,0.5,1,1,1,1,10,"sine","sqrt",90,NA,NA,NA,NA,12
2091,"synthetic","SPFDA",50,0.5,1,1,1,1,10,"sine","sqrt",91,NA,NA,NA,NA,12
2092,"synthetic","SPFDA",50,0.5,1,1,1,1,10,"sine","sqrt",92,NA,NA,NA,NA,12
2093,"synthetic","SPFDA",50,0.5,1,1,1,1,10,"sine","sqrt",93,NA,NA,NA,NA,12
2094,"synthetic","SPFDA",50,0.5,1,1,1,1,10,"sine","sqrt",94,NA,NA,NA,NA,12
2095,"synthetic","SPFDA",50,0.5,1,1,1,1,10,"sine","sqrt",95,NA,NA,NA,NA,12
2096,"synthetic","SPFDA",50,0.5,1,1,1,1,10,"sine","sqrt",96,NA,NA,NA,NA,12
2097,"synthetic","SPFDA",50,0.5,1,1,1,1,10,"sine","sqrt",97,NA,NA,NA,NA,12
2098,"synthetic","SPFDA",50,0.5,1,1,1,1,10,"sine","sqrt",98,NA,NA,NA,NA,12
2099,"synthetic","SPFDA",50,0.5,1,1,1,1,10,"sine","sqrt",99,NA,NA,NA,NA,12
2100,"synthetic","SPFDA",50,0.5,1,1,1,1,10,"sine","sqrt",100,NA,NA,NA,NA,12
2101,"synthetic","SPFDA",100,0.5,1,1,1,1,10,"sine","sqrt",1,NA,NA,NA,NA,12
2102,"synthetic","SPFDA",100,0.5,1,1,1,1,10,"sine","sqrt",2,NA,NA,NA,NA,12
2103,"synthetic","SPFDA",100,0.5,1,1,1,1,10,"sine","sqrt",3,NA,NA,NA,NA,12
2104,"synthetic","SPFDA",100,0.5,1,1,1,1,10,"sine","sqrt",4,NA,NA,NA,NA,12
2105,"synthetic","SPFDA",100,0.5,1,1,1,1,10,"sine","sqrt",5,NA,NA,NA,NA,12
2106,"synthetic","SPFDA",100,0.5,1,1,1,1,10,"sine","sqrt",6,NA,NA,NA,NA,12
2107,"synthetic","SPFDA",100,0.5,1,1,1,1,10,"sine","sqrt",7,NA,NA,NA,NA,12
2108,"synthetic","SPFDA",100,0.5,1,1,1,1,10,"sine","sqrt",8,NA,NA,NA,NA,12
2109,"synthetic","SPFDA",100,0.5,1,1,1,1,10,"sine","sqrt",9,NA,NA,NA,NA,12
2110,"synthetic","SPFDA",100,0.5,1,1,1,1,10,"sine","sqrt",10,NA,NA,NA,NA,12
2111,"synthetic","SPFDA",100,0.5,1,1,1,1,10,"sine","sqrt",11,NA,NA,NA,NA,12
2112,"synthetic","SPFDA",100,0.5,1,1,1,1,10,"sine","sqrt",12,NA,NA,NA,NA,12
2113,"synthetic","SPFDA",100,0.5,1,1,1,1,10,"sine","sqrt",13,NA,NA,NA,NA,12
2114,"synthetic","SPFDA",100,0.5,1,1,1,1,10,"sine","sqrt",14,NA,NA,NA,NA,12
2115,"synthetic","SPFDA",100,0.5,1,1,1,1,10,"sine","sqrt",15,NA,NA,NA,NA,12
2116,"synthetic","SPFDA",100,0.5,1,1,1,1,10,"sine","sqrt",16,NA,NA,NA,NA,12
2117,"synthetic","SPFDA",100,0.5,1,1,1,1,10,"sine","sqrt",17,NA,NA,NA,NA,12
2118,"synthetic","SPFDA",100,0.5,1,1,1,1,10,"sine","sqrt",18,NA,NA,NA,NA,12
2119,"synthetic","SPFDA",100,0.5,1,1,1,1,10,"sine","sqrt",19,NA,NA,NA,NA,12
2120,"synthetic","SPFDA",100,0.5,1,1,1,1,10,"sine","sqrt",20,NA,NA,NA,NA,12
2121,"synthetic","SPFDA",100,0.5,1,1,1,1,10,"sine","sqrt",21,NA,NA,NA,NA,12
2122,"synthetic","SPFDA",100,0.5,1,1,1,1,10,"sine","sqrt",22,NA,NA,NA,NA,12
2123,"synthetic","SPFDA",100,0.5,1,1,1,1,10,"sine","sqrt",23,NA,NA,NA,NA,12
2124,"synthetic","SPFDA",100,0.5,1,1,1,1,10,"sine","sqrt",24,NA,NA,NA,NA,12
2125,"synthetic","SPFDA",100,0.5,1,1,1,1,10,"sine","sqrt",25,NA,NA,NA,NA,12
2126,"synthetic","SPFDA",100,0.5,1,1,1,1,10,"sine","sqrt",26,NA,NA,NA,NA,12
2127,"synthetic","SPFDA",100,0.5,1,1,1,1,10,"sine","sqrt",27,NA,NA,NA,NA,12
2128,"synthetic","SPFDA",100,0.5,1,1,1,1,10,"sine","sqrt",28,NA,NA,NA,NA,12
2129,"synthetic","SPFDA",100,0.5,1,1,1,1,10,"sine","sqrt",29,NA,NA,NA,NA,12
2130,"synthetic","SPFDA",100,0.5,1,1,1,1,10,"sine","sqrt",30,NA,NA,NA,NA,12
2131,"synthetic","SPFDA",100,0.5,1,1,1,1,10,"sine","sqrt",31,NA,NA,NA,NA,12
2132,"synthetic","SPFDA",100,0.5,1,1,1,1,10,"sine","sqrt",32,NA,NA,NA,NA,12
2133,"synthetic","SPFDA",100,0.5,1,1,1,1,10,"sine","sqrt",33,NA,NA,NA,NA,12
2134,"synthetic","SPFDA",100,0.5,1,1,1,1,10,"sine","sqrt",34,NA,NA,NA,NA,12
2135,"synthetic","SPFDA",100,0.5,1,1,1,1,10,"sine","sqrt",35,NA,NA,NA,NA,12
2136,"synthetic","SPFDA",100,0.5,1,1,1,1,10,"sine","sqrt",36,NA,NA,NA,NA,12
2137,"synthetic","SPFDA",100,0.5,1,1,1,1,10,"sine","sqrt",37,NA,NA,NA,NA,12
2138,"synthetic","SPFDA",100,0.5,1,1,1,1,10,"sine","sqrt",38,NA,NA,NA,NA,12
2139,"synthetic","SPFDA",100,0.5,1,1,1,1,10,"sine","sqrt",39,NA,NA,NA,NA,12
2140,"synthetic","SPFDA",100,0.5,1,1,1,1,10,"sine","sqrt",40,NA,NA,NA,NA,12
2141,"synthetic","SPFDA",100,0.5,1,1,1,1,10,"sine","sqrt",41,NA,NA,NA,NA,12
2142,"synthetic","SPFDA",100,0.5,1,1,1,1,10,"sine","sqrt",42,NA,NA,NA,NA,12
2143,"synthetic","SPFDA",100,0.5,1,1,1,1,10,"sine","sqrt",43,NA,NA,NA,NA,12
2144,"synthetic","SPFDA",100,0.5,1,1,1,1,10,"sine","sqrt",44,NA,NA,NA,NA,12
2145,"synthetic","SPFDA",100,0.5,1,1,1,1,10,"sine","sqrt",45,NA,NA,NA,NA,12
2146,"synthetic","SPFDA",100,0.5,1,1,1,1,10,"sine","sqrt",46,NA,NA,NA,NA,12
2147,"synthetic","SPFDA",100,0.5,1,1,1,1,10,"sine","sqrt",47,NA,NA,NA,NA,12
2148,"synthetic","SPFDA",100,0.5,1,1,1,1,10,"sine","sqrt",48,NA,NA,NA,NA,12
2149,"synthetic","SPFDA",100,0.5,1,1,1,1,10,"sine","sqrt",49,NA,NA,NA,NA,12
2150,"synthetic","SPFDA",100,0.5,1,1,1,1,10,"sine","sqrt",50,NA,NA,NA,NA,12
2151,"synthetic","SPFDA",100,0.5,1,1,1,1,10,"sine","sqrt",51,NA,NA,NA,NA,12
2152,"synthetic","SPFDA",100,0.5,1,1,1,1,10,"sine","sqrt",52,NA,NA,NA,NA,12
2153,"synthetic","SPFDA",100,0.5,1,1,1,1,10,"sine","sqrt",53,NA,NA,NA,NA,12
2154,"synthetic","SPFDA",100,0.5,1,1,1,1,10,"sine","sqrt",54,NA,NA,NA,NA,12
2155,"synthetic","SPFDA",100,0.5,1,1,1,1,10,"sine","sqrt",55,NA,NA,NA,NA,12
2156,"synthetic","SPFDA",100,0.5,1,1,1,1,10,"sine","sqrt",56,NA,NA,NA,NA,12
2157,"synthetic","SPFDA",100,0.5,1,1,1,1,10,"sine","sqrt",57,NA,NA,NA,NA,12
2158,"synthetic","SPFDA",100,0.5,1,1,1,1,10,"sine","sqrt",58,NA,NA,NA,NA,12
2159,"synthetic","SPFDA",100,0.5,1,1,1,1,10,"sine","sqrt",59,NA,NA,NA,NA,12
2160,"synthetic","SPFDA",100,0.5,1,1,1,1,10,"sine","sqrt",60,NA,NA,NA,NA,12
2161,"synthetic","SPFDA",100,0.5,1,1,1,1,10,"sine","sqrt",61,NA,NA,NA,NA,12
2162,"synthetic","SPFDA",100,0.5,1,1,1,1,10,"sine","sqrt",62,NA,NA,NA,NA,12
2163,"synthetic","SPFDA",100,0.5,1,1,1,1,10,"sine","sqrt",63,NA,NA,NA,NA,12
2164,"synthetic","SPFDA",100,0.5,1,1,1,1,10,"sine","sqrt",64,NA,NA,NA,NA,12
2165,"synthetic","SPFDA",100,0.5,1,1,1,1,10,"sine","sqrt",65,NA,NA,NA,NA,12
2166,"synthetic","SPFDA",100,0.5,1,1,1,1,10,"sine","sqrt",66,NA,NA,NA,NA,12
2167,"synthetic","SPFDA",100,0.5,1,1,1,1,10,"sine","sqrt",67,NA,NA,NA,NA,12
2168,"synthetic","SPFDA",100,0.5,1,1,1,1,10,"sine","sqrt",68,NA,NA,NA,NA,12
2169,"synthetic","SPFDA",100,0.5,1,1,1,1,10,"sine","sqrt",69,NA,NA,NA,NA,12
2170,"synthetic","SPFDA",100,0.5,1,1,1,1,10,"sine","sqrt",70,NA,NA,NA,NA,12
2171,"synthetic","SPFDA",100,0.5,1,1,1,1,10,"sine","sqrt",71,NA,NA,NA,NA,12
2172,"synthetic","SPFDA",100,0.5,1,1,1,1,10,"sine","sqrt",72,NA,NA,NA,NA,12
2173,"synthetic","SPFDA",100,0.5,1,1,1,1,10,"sine","sqrt",73,NA,NA,NA,NA,12
2174,"synthetic","SPFDA",100,0.5,1,1,1,1,10,"sine","sqrt",74,NA,NA,NA,NA,12
2175,"synthetic","SPFDA",100,0.5,1,1,1,1,10,"sine","sqrt",75,NA,NA,NA,NA,12
2176,"synthetic","SPFDA",100,0.5,1,1,1,1,10,"sine","sqrt",76,NA,NA,NA,NA,12
2177,"synthetic","SPFDA",100,0.5,1,1,1,1,10,"sine","sqrt",77,NA,NA,NA,NA,12
2178,"synthetic","SPFDA",100,0.5,1,1,1,1,10,"sine","sqrt",78,NA,NA,NA,NA,12
2179,"synthetic","SPFDA",100,0.5,1,1,1,1,10,"sine","sqrt",79,NA,NA,NA,NA,12
2180,"synthetic","SPFDA",100,0.5,1,1,1,1,10,"sine","sqrt",80,NA,NA,NA,NA,12
2181,"synthetic","SPFDA",100,0.5,1,1,1,1,10,"sine","sqrt",81,NA,NA,NA,NA,12
2182,"synthetic","SPFDA",100,0.5,1,1,1,1,10,"sine","sqrt",82,NA,NA,NA,NA,12
2183,"synthetic","SPFDA",100,0.5,1,1,1,1,10,"sine","sqrt",83,NA,NA,NA,NA,12
2184,"synthetic","SPFDA",100,0.5,1,1,1,1,10,"sine","sqrt",84,NA,NA,NA,NA,12
2185,"synthetic","SPFDA",100,0.5,1,1,1,1,10,"sine","sqrt",85,NA,NA,NA,NA,12
2186,"synthetic","SPFDA",100,0.5,1,1,1,1,10,"sine","sqrt",86,NA,NA,NA,NA,12
2187,"synthetic","SPFDA",100,0.5,1,1,1,1,10,"sine","sqrt",87,NA,NA,NA,NA,12
2188,"synthetic","SPFDA",100,0.5,1,1,1,1,10,"sine","sqrt",88,NA,NA,NA,NA,12
2189,"synthetic","SPFDA",100,0.5,1,1,1,1,10,"sine","sqrt",89,NA,NA,NA,NA,12
2190,"synthetic","SPFDA",100,0.5,1,1,1,1,10,"sine","sqrt",90,NA,NA,NA,NA,12
2191,"synthetic","SPFDA",100,0.5,1,1,1,1,10,"sine","sqrt",91,NA,NA,NA,NA,12
2192,"synthetic","SPFDA",100,0.5,1,1,1,1,10,"sine","sqrt",92,NA,NA,NA,NA,12
2193,"synthetic","SPFDA",100,0.5,1,1,1,1,10,"sine","sqrt",93,NA,NA,NA,NA,12
2194,"synthetic","SPFDA",100,0.5,1,1,1,1,10,"sine","sqrt",94,NA,NA,NA,NA,12
2195,"synthetic","SPFDA",100,0.5,1,1,1,1,10,"sine","sqrt",95,NA,NA,NA,NA,12
2196,"synthetic","SPFDA",100,0.5,1,1,1,1,10,"sine","sqrt",96,NA,NA,NA,NA,12
2197,"synthetic","SPFDA",100,0.5,1,1,1,1,10,"sine","sqrt",97,NA,NA,NA,NA,12
2198,"synthetic","SPFDA",100,0.5,1,1,1,1,10,"sine","sqrt",98,NA,NA,NA,NA,12
2199,"synthetic","SPFDA",100,0.5,1,1,1,1,10,"sine","sqrt",99,NA,NA,NA,NA,12
2200,"synthetic","SPFDA",100,0.5,1,1,1,1,10,"sine","sqrt",100,NA,NA,NA,NA,12
2201,"synthetic","SPFDA",150,0.5,1,1,1,1,10,"sine","sqrt",1,NA,NA,NA,NA,12
2202,"synthetic","SPFDA",150,0.5,1,1,1,1,10,"sine","sqrt",2,NA,NA,NA,NA,12
2203,"synthetic","SPFDA",150,0.5,1,1,1,1,10,"sine","sqrt",3,NA,NA,NA,NA,12
2204,"synthetic","SPFDA",150,0.5,1,1,1,1,10,"sine","sqrt",4,NA,NA,NA,NA,12
2205,"synthetic","SPFDA",150,0.5,1,1,1,1,10,"sine","sqrt",5,NA,NA,NA,NA,12
2206,"synthetic","SPFDA",150,0.5,1,1,1,1,10,"sine","sqrt",6,NA,NA,NA,NA,12
2207,"synthetic","SPFDA",150,0.5,1,1,1,1,10,"sine","sqrt",7,NA,NA,NA,NA,12
2208,"synthetic","SPFDA",150,0.5,1,1,1,1,10,"sine","sqrt",8,NA,NA,NA,NA,12
2209,"synthetic","SPFDA",150,0.5,1,1,1,1,10,"sine","sqrt",9,NA,NA,NA,NA,12
2210,"synthetic","SPFDA",150,0.5,1,1,1,1,10,"sine","sqrt",10,NA,NA,NA,NA,12
2211,"synthetic","SPFDA",150,0.5,1,1,1,1,10,"sine","sqrt",11,NA,NA,NA,NA,12
2212,"synthetic","SPFDA",150,0.5,1,1,1,1,10,"sine","sqrt",12,NA,NA,NA,NA,12
2213,"synthetic","SPFDA",150,0.5,1,1,1,1,10,"sine","sqrt",13,NA,NA,NA,NA,12
2214,"synthetic","SPFDA",150,0.5,1,1,1,1,10,"sine","sqrt",14,NA,NA,NA,NA,12
2215,"synthetic","SPFDA",150,0.5,1,1,1,1,10,"sine","sqrt",15,NA,NA,NA,NA,12
2216,"synthetic","SPFDA",150,0.5,1,1,1,1,10,"sine","sqrt",16,NA,NA,NA,NA,12
2217,"synthetic","SPFDA",150,0.5,1,1,1,1,10,"sine","sqrt",17,NA,NA,NA,NA,12
2218,"synthetic","SPFDA",150,0.5,1,1,1,1,10,"sine","sqrt",18,NA,NA,NA,NA,12
2219,"synthetic","SPFDA",150,0.5,1,1,1,1,10,"sine","sqrt",19,NA,NA,NA,NA,12
2220,"synthetic","SPFDA",150,0.5,1,1,1,1,10,"sine","sqrt",20,NA,NA,NA,NA,12
2221,"synthetic","SPFDA",150,0.5,1,1,1,1,10,"sine","sqrt",21,NA,NA,NA,NA,12
2222,"synthetic","SPFDA",150,0.5,1,1,1,1,10,"sine","sqrt",22,NA,NA,NA,NA,12
2223,"synthetic","SPFDA",150,0.5,1,1,1,1,10,"sine","sqrt",23,NA,NA,NA,NA,12
2224,"synthetic","SPFDA",150,0.5,1,1,1,1,10,"sine","sqrt",24,NA,NA,NA,NA,12
2225,"synthetic","SPFDA",150,0.5,1,1,1,1,10,"sine","sqrt",25,NA,NA,NA,NA,12
2226,"synthetic","SPFDA",150,0.5,1,1,1,1,10,"sine","sqrt",26,NA,NA,NA,NA,12
2227,"synthetic","SPFDA",150,0.5,1,1,1,1,10,"sine","sqrt",27,NA,NA,NA,NA,12
2228,"synthetic","SPFDA",150,0.5,1,1,1,1,10,"sine","sqrt",28,NA,NA,NA,NA,12
2229,"synthetic","SPFDA",150,0.5,1,1,1,1,10,"sine","sqrt",29,NA,NA,NA,NA,12
2230,"synthetic","SPFDA",150,0.5,1,1,1,1,10,"sine","sqrt",30,NA,NA,NA,NA,12
2231,"synthetic","SPFDA",150,0.5,1,1,1,1,10,"sine","sqrt",31,NA,NA,NA,NA,12
2232,"synthetic","SPFDA",150,0.5,1,1,1,1,10,"sine","sqrt",32,NA,NA,NA,NA,12
2233,"synthetic","SPFDA",150,0.5,1,1,1,1,10,"sine","sqrt",33,NA,NA,NA,NA,12
2234,"synthetic","SPFDA",150,0.5,1,1,1,1,10,"sine","sqrt",34,NA,NA,NA,NA,12
2235,"synthetic","SPFDA",150,0.5,1,1,1,1,10,"sine","sqrt",35,NA,NA,NA,NA,12
2236,"synthetic","SPFDA",150,0.5,1,1,1,1,10,"sine","sqrt",36,NA,NA,NA,NA,12
2237,"synthetic","SPFDA",150,0.5,1,1,1,1,10,"sine","sqrt",37,NA,NA,NA,NA,12
2238,"synthetic","SPFDA",150,0.5,1,1,1,1,10,"sine","sqrt",38,NA,NA,NA,NA,12
2239,"synthetic","SPFDA",150,0.5,1,1,1,1,10,"sine","sqrt",39,NA,NA,NA,NA,12
2240,"synthetic","SPFDA",150,0.5,1,1,1,1,10,"sine","sqrt",40,NA,NA,NA,NA,12
2241,"synthetic","SPFDA",150,0.5,1,1,1,1,10,"sine","sqrt",41,NA,NA,NA,NA,12
2242,"synthetic","SPFDA",150,0.5,1,1,1,1,10,"sine","sqrt",42,NA,NA,NA,NA,12
2243,"synthetic","SPFDA",150,0.5,1,1,1,1,10,"sine","sqrt",43,NA,NA,NA,NA,12
2244,"synthetic","SPFDA",150,0.5,1,1,1,1,10,"sine","sqrt",44,NA,NA,NA,NA,12
2245,"synthetic","SPFDA",150,0.5,1,1,1,1,10,"sine","sqrt",45,NA,NA,NA,NA,12
2246,"synthetic","SPFDA",150,0.5,1,1,1,1,10,"sine","sqrt",46,NA,NA,NA,NA,12
2247,"synthetic","SPFDA",150,0.5,1,1,1,1,10,"sine","sqrt",47,NA,NA,NA,NA,12
2248,"synthetic","SPFDA",150,0.5,1,1,1,1,10,"sine","sqrt",48,NA,NA,NA,NA,12
2249,"synthetic","SPFDA",150,0.5,1,1,1,1,10,"sine","sqrt",49,NA,NA,NA,NA,12
2250,"synthetic","SPFDA",150,0.5,1,1,1,1,10,"sine","sqrt",50,NA,NA,NA,NA,12
2251,"synthetic","SPFDA",150,0.5,1,1,1,1,10,"sine","sqrt",51,NA,NA,NA,NA,12
2252,"synthetic","SPFDA",150,0.5,1,1,1,1,10,"sine","sqrt",52,NA,NA,NA,NA,12
2253,"synthetic","SPFDA",150,0.5,1,1,1,1,10,"sine","sqrt",53,NA,NA,NA,NA,12
2254,"synthetic","SPFDA",150,0.5,1,1,1,1,10,"sine","sqrt",54,NA,NA,NA,NA,12
2255,"synthetic","SPFDA",150,0.5,1,1,1,1,10,"sine","sqrt",55,NA,NA,NA,NA,12
2256,"synthetic","SPFDA",150,0.5,1,1,1,1,10,"sine","sqrt",56,NA,NA,NA,NA,12
2257,"synthetic","SPFDA",150,0.5,1,1,1,1,10,"sine","sqrt",57,NA,NA,NA,NA,12
2258,"synthetic","SPFDA",150,0.5,1,1,1,1,10,"sine","sqrt",58,NA,NA,NA,NA,12
2259,"synthetic","SPFDA",150,0.5,1,1,1,1,10,"sine","sqrt",59,NA,NA,NA,NA,12
2260,"synthetic","SPFDA",150,0.5,1,1,1,1,10,"sine","sqrt",60,NA,NA,NA,NA,12
2261,"synthetic","SPFDA",150,0.5,1,1,1,1,10,"sine","sqrt",61,NA,NA,NA,NA,12
2262,"synthetic","SPFDA",150,0.5,1,1,1,1,10,"sine","sqrt",62,NA,NA,NA,NA,12
2263,"synthetic","SPFDA",150,0.5,1,1,1,1,10,"sine","sqrt",63,NA,NA,NA,NA,12
2264,"synthetic","SPFDA",150,0.5,1,1,1,1,10,"sine","sqrt",64,NA,NA,NA,NA,12
2265,"synthetic","SPFDA",150,0.5,1,1,1,1,10,"sine","sqrt",65,NA,NA,NA,NA,12
2266,"synthetic","SPFDA",150,0.5,1,1,1,1,10,"sine","sqrt",66,NA,NA,NA,NA,12
2267,"synthetic","SPFDA",150,0.5,1,1,1,1,10,"sine","sqrt",67,NA,NA,NA,NA,12
2268,"synthetic","SPFDA",150,0.5,1,1,1,1,10,"sine","sqrt",68,NA,NA,NA,NA,12
2269,"synthetic","SPFDA",150,0.5,1,1,1,1,10,"sine","sqrt",69,NA,NA,NA,NA,12
2270,"synthetic","SPFDA",150,0.5,1,1,1,1,10,"sine","sqrt",70,NA,NA,NA,NA,12
2271,"synthetic","SPFDA",150,0.5,1,1,1,1,10,"sine","sqrt",71,NA,NA,NA,NA,12
2272,"synthetic","SPFDA",150,0.5,1,1,1,1,10,"sine","sqrt",72,NA,NA,NA,NA,12
2273,"synthetic","SPFDA",150,0.5,1,1,1,1,10,"sine","sqrt",73,NA,NA,NA,NA,12
2274,"synthetic","SPFDA",150,0.5,1,1,1,1,10,"sine","sqrt",74,NA,NA,NA,NA,12
2275,"synthetic","SPFDA",150,0.5,1,1,1,1,10,"sine","sqrt",75,NA,NA,NA,NA,12
2276,"synthetic","SPFDA",150,0.5,1,1,1,1,10,"sine","sqrt",76,NA,NA,NA,NA,12
2277,"synthetic","SPFDA",150,0.5,1,1,1,1,10,"sine","sqrt",77,NA,NA,NA,NA,12
2278,"synthetic","SPFDA",150,0.5,1,1,1,1,10,"sine","sqrt",78,NA,NA,NA,NA,12
2279,"synthetic","SPFDA",150,0.5,1,1,1,1,10,"sine","sqrt",79,NA,NA,NA,NA,12
2280,"synthetic","SPFDA",150,0.5,1,1,1,1,10,"sine","sqrt",80,NA,NA,NA,NA,12
2281,"synthetic","SPFDA",150,0.5,1,1,1,1,10,"sine","sqrt",81,NA,NA,NA,NA,12
2282,"synthetic","SPFDA",150,0.5,1,1,1,1,10,"sine","sqrt",82,NA,NA,NA,NA,12
2283,"synthetic","SPFDA",150,0.5,1,1,1,1,10,"sine","sqrt",83,NA,NA,NA,NA,12
2284,"synthetic","SPFDA",150,0.5,1,1,1,1,10,"sine","sqrt",84,NA,NA,NA,NA,12
2285,"synthetic","SPFDA",150,0.5,1,1,1,1,10,"sine","sqrt",85,NA,NA,NA,NA,12
2286,"synthetic","SPFDA",150,0.5,1,1,1,1,10,"sine","sqrt",86,NA,NA,NA,NA,12
2287,"synthetic","SPFDA",150,0.5,1,1,1,1,10,"sine","sqrt",87,NA,NA,NA,NA,12
2288,"synthetic","SPFDA",150,0.5,1,1,1,1,10,"sine","sqrt",88,NA,NA,NA,NA,12
2289,"synthetic","SPFDA",150,0.5,1,1,1,1,10,"sine","sqrt",89,NA,NA,NA,NA,12
2290,"synthetic","SPFDA",150,0.5,1,1,1,1,10,"sine","sqrt",90,NA,NA,NA,NA,12
2291,"synthetic","SPFDA",150,0.5,1,1,1,1,10,"sine","sqrt",91,NA,NA,NA,NA,12
2292,"synthetic","SPFDA",150,0.5,1,1,1,1,10,"sine","sqrt",92,NA,NA,NA,NA,12
2293,"synthetic","SPFDA",150,0.5,1,1,1,1,10,"sine","sqrt",93,NA,NA,NA,NA,12
2294,"synthetic","SPFDA",150,0.5,1,1,1,1,10,"sine","sqrt",94,NA,NA,NA,NA,12
2295,"synthetic","SPFDA",150,0.5,1,1,1,1,10,"sine","sqrt",95,NA,NA,NA,NA,12
2296,"synthetic","SPFDA",150,0.5,1,1,1,1,10,"sine","sqrt",96,NA,NA,NA,NA,12
2297,"synthetic","SPFDA",150,0.5,1,1,1,1,10,"sine","sqrt",97,NA,NA,NA,NA,12
2298,"synthetic","SPFDA",150,0.5,1,1,1,1,10,"sine","sqrt",98,NA,NA,NA,NA,12
2299,"synthetic","SPFDA",150,0.5,1,1,1,1,10,"sine","sqrt",99,NA,NA,NA,NA,12
2300,"synthetic","SPFDA",150,0.5,1,1,1,1,10,"sine","sqrt",100,NA,NA,NA,NA,12
2301,"synthetic","SPFDA",200,0.5,1,1,1,1,10,"sine","sqrt",1,NA,NA,NA,NA,12
2302,"synthetic","SPFDA",200,0.5,1,1,1,1,10,"sine","sqrt",2,NA,NA,NA,NA,12
2303,"synthetic","SPFDA",200,0.5,1,1,1,1,10,"sine","sqrt",3,NA,NA,NA,NA,12
2304,"synthetic","SPFDA",200,0.5,1,1,1,1,10,"sine","sqrt",4,NA,NA,NA,NA,12
2305,"synthetic","SPFDA",200,0.5,1,1,1,1,10,"sine","sqrt",5,NA,NA,NA,NA,12
2306,"synthetic","SPFDA",200,0.5,1,1,1,1,10,"sine","sqrt",6,NA,NA,NA,NA,12
2307,"synthetic","SPFDA",200,0.5,1,1,1,1,10,"sine","sqrt",7,NA,NA,NA,NA,12
2308,"synthetic","SPFDA",200,0.5,1,1,1,1,10,"sine","sqrt",8,NA,NA,NA,NA,12
2309,"synthetic","SPFDA",200,0.5,1,1,1,1,10,"sine","sqrt",9,NA,NA,NA,NA,12
2310,"synthetic","SPFDA",200,0.5,1,1,1,1,10,"sine","sqrt",10,NA,NA,NA,NA,12
2311,"synthetic","SPFDA",200,0.5,1,1,1,1,10,"sine","sqrt",11,NA,NA,NA,NA,12
2312,"synthetic","SPFDA",200,0.5,1,1,1,1,10,"sine","sqrt",12,NA,NA,NA,NA,12
2313,"synthetic","SPFDA",200,0.5,1,1,1,1,10,"sine","sqrt",13,NA,NA,NA,NA,12
2314,"synthetic","SPFDA",200,0.5,1,1,1,1,10,"sine","sqrt",14,NA,NA,NA,NA,12
2315,"synthetic","SPFDA",200,0.5,1,1,1,1,10,"sine","sqrt",15,NA,NA,NA,NA,12
2316,"synthetic","SPFDA",200,0.5,1,1,1,1,10,"sine","sqrt",16,NA,NA,NA,NA,12
2317,"synthetic","SPFDA",200,0.5,1,1,1,1,10,"sine","sqrt",17,NA,NA,NA,NA,12
2318,"synthetic","SPFDA",200,0.5,1,1,1,1,10,"sine","sqrt",18,NA,NA,NA,NA,12
2319,"synthetic","SPFDA",200,0.5,1,1,1,1,10,"sine","sqrt",19,NA,NA,NA,NA,12
2320,"synthetic","SPFDA",200,0.5,1,1,1,1,10,"sine","sqrt",20,NA,NA,NA,NA,12
2321,"synthetic","SPFDA",200,0.5,1,1,1,1,10,"sine","sqrt",21,NA,NA,NA,NA,12
2322,"synthetic","SPFDA",200,0.5,1,1,1,1,10,"sine","sqrt",22,NA,NA,NA,NA,12
2323,"synthetic","SPFDA",200,0.5,1,1,1,1,10,"sine","sqrt",23,NA,NA,NA,NA,12
2324,"synthetic","SPFDA",200,0.5,1,1,1,1,10,"sine","sqrt",24,NA,NA,NA,NA,12
2325,"synthetic","SPFDA",200,0.5,1,1,1,1,10,"sine","sqrt",25,NA,NA,NA,NA,12
2326,"synthetic","SPFDA",200,0.5,1,1,1,1,10,"sine","sqrt",26,NA,NA,NA,NA,12
2327,"synthetic","SPFDA",200,0.5,1,1,1,1,10,"sine","sqrt",27,NA,NA,NA,NA,12
2328,"synthetic","SPFDA",200,0.5,1,1,1,1,10,"sine","sqrt",28,NA,NA,NA,NA,12
2329,"synthetic","SPFDA",200,0.5,1,1,1,1,10,"sine","sqrt",29,NA,NA,NA,NA,12
2330,"synthetic","SPFDA",200,0.5,1,1,1,1,10,"sine","sqrt",30,NA,NA,NA,NA,12
2331,"synthetic","SPFDA",200,0.5,1,1,1,1,10,"sine","sqrt",31,NA,NA,NA,NA,12
2332,"synthetic","SPFDA",200,0.5,1,1,1,1,10,"sine","sqrt",32,NA,NA,NA,NA,12
2333,"synthetic","SPFDA",200,0.5,1,1,1,1,10,"sine","sqrt",33,NA,NA,NA,NA,12
2334,"synthetic","SPFDA",200,0.5,1,1,1,1,10,"sine","sqrt",34,NA,NA,NA,NA,12
2335,"synthetic","SPFDA",200,0.5,1,1,1,1,10,"sine","sqrt",35,NA,NA,NA,NA,12
2336,"synthetic","SPFDA",200,0.5,1,1,1,1,10,"sine","sqrt",36,NA,NA,NA,NA,12
2337,"synthetic","SPFDA",200,0.5,1,1,1,1,10,"sine","sqrt",37,NA,NA,NA,NA,12
2338,"synthetic","SPFDA",200,0.5,1,1,1,1,10,"sine","sqrt",38,NA,NA,NA,NA,12
2339,"synthetic","SPFDA",200,0.5,1,1,1,1,10,"sine","sqrt",39,NA,NA,NA,NA,12
2340,"synthetic","SPFDA",200,0.5,1,1,1,1,10,"sine","sqrt",40,NA,NA,NA,NA,12
2341,"synthetic","SPFDA",200,0.5,1,1,1,1,10,"sine","sqrt",41,NA,NA,NA,NA,12
2342,"synthetic","SPFDA",200,0.5,1,1,1,1,10,"sine","sqrt",42,NA,NA,NA,NA,12
2343,"synthetic","SPFDA",200,0.5,1,1,1,1,10,"sine","sqrt",43,NA,NA,NA,NA,12
2344,"synthetic","SPFDA",200,0.5,1,1,1,1,10,"sine","sqrt",44,NA,NA,NA,NA,12
2345,"synthetic","SPFDA",200,0.5,1,1,1,1,10,"sine","sqrt",45,NA,NA,NA,NA,12
2346,"synthetic","SPFDA",200,0.5,1,1,1,1,10,"sine","sqrt",46,NA,NA,NA,NA,12
2347,"synthetic","SPFDA",200,0.5,1,1,1,1,10,"sine","sqrt",47,NA,NA,NA,NA,12
2348,"synthetic","SPFDA",200,0.5,1,1,1,1,10,"sine","sqrt",48,NA,NA,NA,NA,12
2349,"synthetic","SPFDA",200,0.5,1,1,1,1,10,"sine","sqrt",49,NA,NA,NA,NA,12
2350,"synthetic","SPFDA",200,0.5,1,1,1,1,10,"sine","sqrt",50,NA,NA,NA,NA,12
2351,"synthetic","SPFDA",200,0.5,1,1,1,1,10,"sine","sqrt",51,NA,NA,NA,NA,12
2352,"synthetic","SPFDA",200,0.5,1,1,1,1,10,"sine","sqrt",52,NA,NA,NA,NA,12
2353,"synthetic","SPFDA",200,0.5,1,1,1,1,10,"sine","sqrt",53,NA,NA,NA,NA,12
2354,"synthetic","SPFDA",200,0.5,1,1,1,1,10,"sine","sqrt",54,NA,NA,NA,NA,12
2355,"synthetic","SPFDA",200,0.5,1,1,1,1,10,"sine","sqrt",55,NA,NA,NA,NA,12
2356,"synthetic","SPFDA",200,0.5,1,1,1,1,10,"sine","sqrt",56,NA,NA,NA,NA,12
2357,"synthetic","SPFDA",200,0.5,1,1,1,1,10,"sine","sqrt",57,NA,NA,NA,NA,12
2358,"synthetic","SPFDA",200,0.5,1,1,1,1,10,"sine","sqrt",58,NA,NA,NA,NA,12
2359,"synthetic","SPFDA",200,0.5,1,1,1,1,10,"sine","sqrt",59,NA,NA,NA,NA,12
2360,"synthetic","SPFDA",200,0.5,1,1,1,1,10,"sine","sqrt",60,NA,NA,NA,NA,12
2361,"synthetic","SPFDA",200,0.5,1,1,1,1,10,"sine","sqrt",61,NA,NA,NA,NA,12
2362,"synthetic","SPFDA",200,0.5,1,1,1,1,10,"sine","sqrt",62,NA,NA,NA,NA,12
2363,"synthetic","SPFDA",200,0.5,1,1,1,1,10,"sine","sqrt",63,NA,NA,NA,NA,12
2364,"synthetic","SPFDA",200,0.5,1,1,1,1,10,"sine","sqrt",64,NA,NA,NA,NA,12
2365,"synthetic","SPFDA",200,0.5,1,1,1,1,10,"sine","sqrt",65,NA,NA,NA,NA,12
2366,"synthetic","SPFDA",200,0.5,1,1,1,1,10,"sine","sqrt",66,NA,NA,NA,NA,12
2367,"synthetic","SPFDA",200,0.5,1,1,1,1,10,"sine","sqrt",67,NA,NA,NA,NA,12
2368,"synthetic","SPFDA",200,0.5,1,1,1,1,10,"sine","sqrt",68,NA,NA,NA,NA,12
2369,"synthetic","SPFDA",200,0.5,1,1,1,1,10,"sine","sqrt",69,NA,NA,NA,NA,12
2370,"synthetic","SPFDA",200,0.5,1,1,1,1,10,"sine","sqrt",70,NA,NA,NA,NA,12
2371,"synthetic","SPFDA",200,0.5,1,1,1,1,10,"sine","sqrt",71,NA,NA,NA,NA,12
2372,"synthetic","SPFDA",200,0.5,1,1,1,1,10,"sine","sqrt",72,NA,NA,NA,NA,12
2373,"synthetic","SPFDA",200,0.5,1,1,1,1,10,"sine","sqrt",73,NA,NA,NA,NA,12
2374,"synthetic","SPFDA",200,0.5,1,1,1,1,10,"sine","sqrt",74,NA,NA,NA,NA,12
2375,"synthetic","SPFDA",200,0.5,1,1,1,1,10,"sine","sqrt",75,NA,NA,NA,NA,12
2376,"synthetic","SPFDA",200,0.5,1,1,1,1,10,"sine","sqrt",76,NA,NA,NA,NA,12
2377,"synthetic","SPFDA",200,0.5,1,1,1,1,10,"sine","sqrt",77,NA,NA,NA,NA,12
2378,"synthetic","SPFDA",200,0.5,1,1,1,1,10,"sine","sqrt",78,NA,NA,NA,NA,12
2379,"synthetic","SPFDA",200,0.5,1,1,1,1,10,"sine","sqrt",79,NA,NA,NA,NA,12
2380,"synthetic","SPFDA",200,0.5,1,1,1,1,10,"sine","sqrt",80,NA,NA,NA,NA,12
2381,"synthetic","SPFDA",200,0.5,1,1,1,1,10,"sine","sqrt",81,NA,NA,NA,NA,12
2382,"synthetic","SPFDA",200,0.5,1,1,1,1,10,"sine","sqrt",82,NA,NA,NA,NA,12
2383,"synthetic","SPFDA",200,0.5,1,1,1,1,10,"sine","sqrt",83,NA,NA,NA,NA,12
2384,"synthetic","SPFDA",200,0.5,1,1,1,1,10,"sine","sqrt",84,NA,NA,NA,NA,12
2385,"synthetic","SPFDA",200,0.5,1,1,1,1,10,"sine","sqrt",85,NA,NA,NA,NA,12
2386,"synthetic","SPFDA",200,0.5,1,1,1,1,10,"sine","sqrt",86,NA,NA,NA,NA,12
2387,"synthetic","SPFDA",200,0.5,1,1,1,1,10,"sine","sqrt",87,NA,NA,NA,NA,12
2388,"synthetic","SPFDA",200,0.5,1,1,1,1,10,"sine","sqrt",88,NA,NA,NA,NA,12
2389,"synthetic","SPFDA",200,0.5,1,1,1,1,10,"sine","sqrt",89,NA,NA,NA,NA,12
2390,"synthetic","SPFDA",200,0.5,1,1,1,1,10,"sine","sqrt",90,NA,NA,NA,NA,12
2391,"synthetic","SPFDA",200,0.5,1,1,1,1,10,"sine","sqrt",91,NA,NA,NA,NA,12
2392,"synthetic","SPFDA",200,0.5,1,1,1,1,10,"sine","sqrt",92,NA,NA,NA,NA,12
2393,"synthetic","SPFDA",200,0.5,1,1,1,1,10,"sine","sqrt",93,NA,NA,NA,NA,12
2394,"synthetic","SPFDA",200,0.5,1,1,1,1,10,"sine","sqrt",94,NA,NA,NA,NA,12
2395,"synthetic","SPFDA",200,0.5,1,1,1,1,10,"sine","sqrt",95,NA,NA,NA,NA,12
2396,"synthetic","SPFDA",200,0.5,1,1,1,1,10,"sine","sqrt",96,NA,NA,NA,NA,12
2397,"synthetic","SPFDA",200,0.5,1,1,1,1,10,"sine","sqrt",97,NA,NA,NA,NA,12
2398,"synthetic","SPFDA",200,0.5,1,1,1,1,10,"sine","sqrt",98,NA,NA,NA,NA,12
2399,"synthetic","SPFDA",200,0.5,1,1,1,1,10,"sine","sqrt",99,NA,NA,NA,NA,12
2400,"synthetic","SPFDA",200,0.5,1,1,1,1,10,"sine","sqrt",100,NA,NA,NA,NA,12
