"job.id","llk","rss","family.dispersion","family.name","penalty.name","penalty.alpha","penalty.lambda","penalty.adaptive","penalty.penalize_intercept","link_function.name","working_covariance.estimate","working_covariance.ratio","working_covariance.name","kernel.name","kernel.scale","control.max_iter","control.max_rounds","control.rel_tol","control.verbose","control.update_method","control.backtracking_fraction","control.two_step_estimation","control.lambda_max_factor","control.stepsize_factor","control.update_stepsize_every_round","penalty","df","df_kernel","df_logn","df_logn_kernel","df_max","aic","aich","bic","bich","ebic","ebich"
1,-157.64397675329,107.655111876776,1.05544227330173,"gaussian","adaptive_sparse_group_lasso",1,0.129266226294962,0.5,TRUE,"identity",FALSE,0.388072394251933,"compound_symmetry","gaussian",0.2,1000,50,1e-06,1,"PGD",0.9,TRUE,10,1,TRUE,0.0283426295098986,2,0.564189583547756,8.03829323362923,2.26756065595801,20,319.28795350658,316.416332673676,323.32624674021,317.555514162538,329.317711287318,319.245675106375
2,-159.562922636123,115.468693787484,1.13204601752436,"gaussian","adaptive_sparse_group_lasso",1,0.0471220213002777,0.5,TRUE,"identity",FALSE,0.292189251984582,"compound_symmetry","gaussian",0.2,1000,50,1e-06,1,"PGD",0.9,TRUE,10,1,TRUE,0.00782768158279991,4,1.12837916709551,17.9139300272647,5.05342636089305,20,327.125845272246,321.382603606437,337.03977529951,324.179271633139,349.022704393726,327.559593520813
3,-165.285627108209,125.788975419018,1.23322524920606,"gaussian","adaptive_sparse_group_lasso",1,2.37036697788412,0.5,TRUE,"identity",FALSE,0.369578745736565,"compound_symmetry","gaussian",0.2,1000,50,1e-06,1,"PGD",0.9,TRUE,10,1,TRUE,0,0,0,0,0,20,330.571254216417,330.571254216417,330.571254216417,330.571254216417,330.571254216417,330.571254216417
4,-159.65396587373,112.136710268504,1.09937951243631,"gaussian","adaptive_sparse_group_lasso",1,0.172798348680225,0.5,TRUE,"identity",FALSE,0.383665740090044,"compound_symmetry","gaussian",0.2,1000,50,1e-06,1,"PGD",0.9,TRUE,10,1,TRUE,0.0438453994309463,2,0.564189583547756,8.67624429207559,2.44752332695236,20,323.30793174746,320.436310914556,327.984176039536,321.755455074412,333.975640586644,323.445616018249
5,-156.518966025165,106.864414082747,1.04769033414458,"gaussian","adaptive_sparse_group_lasso",1,2.2140290998152,0.5,TRUE,"identity",FALSE,0.342605582183474,"compound_symmetry","gaussian",0.2,1000,50,1e-06,1,"PGD",0.9,TRUE,10,1,TRUE,0,0,0,0,0,20,313.037932050329,313.037932050329,313.037932050329,313.037932050329,313.037932050329,313.037932050329
6,-168.570861025203,133.256648104615,1.30643772651583,"gaussian","adaptive_sparse_group_lasso",1,3.07584215871898,0.5,TRUE,"identity",FALSE,0.391002329103121,"compound_symmetry","gaussian",0.2,1000,50,1e-06,1,"PGD",0.9,TRUE,10,1,TRUE,0,0,0,0,0,20,337.141722050406,337.141722050406,337.141722050406,337.141722050406,337.141722050406,337.141722050406
7,-168.275967102283,133.424148355353,1.30807988583679,"gaussian","adaptive_sparse_group_lasso",1,0.149527361183765,0.5,TRUE,"identity",FALSE,0.368664370272456,"compound_symmetry","gaussian",0.2,1000,50,1e-06,1,"PGD",0.9,TRUE,10,1,TRUE,0.0172792188590724,2,0.564189583547756,9.01333349505652,2.54261443547649,20,340.551934204566,337.680313371662,345.565267699623,339.094548640043,351.556732246731,340.78470958388
8,-154.129343284354,98.631187781511,0.9669724292305,"gaussian","adaptive_sparse_group_lasso",1,2.00740908522015,0.5,TRUE,"identity",FALSE,0.451064816762858,"compound_symmetry","gaussian",0.2,1000,50,1e-06,1,"PGD",0.9,TRUE,10,1,TRUE,0,0,0,0,0,20,308.258686568708,308.258686568708,308.258686568708,308.258686568708,308.258686568708,308.258686568708
9,-158.284268782911,111.775995847253,1.0958430965417,"gaussian","adaptive_sparse_group_lasso",1,0.121533015984824,0.5,TRUE,"identity",FALSE,0.312711291978481,"compound_symmetry","gaussian",0.2,1000,50,1e-06,1,"PGD",0.9,TRUE,10,1,TRUE,0.0488883586611432,4,1.12837916709551,18.2252225618702,5.14124036362335,20,324.568537565822,318.825295900013,334.793760127693,321.709777929446,346.776689221908,325.09009981712
10,-173.784407734508,142.564483598241,1.39769101566903,"gaussian","adaptive_sparse_group_lasso",1,0.410157164017514,0.5,TRUE,"identity",FALSE,0.514125001634493,"compound_symmetry","gaussian",0.2,1000,50,1e-06,1,"PGD",0.9,TRUE,10,1,TRUE,0.220012165861793,2,0.564189583547756,9.14089373907685,2.57859851595203,20,351.568815469016,348.697194636112,356.709709208093,350.147413984968,362.701173755201,351.837574928805
11,-171.739542575733,142.349482797034,1.3955831646768,"gaussian","adaptive_sparse_group_lasso",1,3.19851453189148,0.5,TRUE,"identity",FALSE,0.378594255624039,"compound_symmetry","gaussian",0.2,1000,50,1e-06,1,"PGD",0.9,TRUE,10,1,TRUE,0,0,0,0,0,20,343.479085151466,343.479085151466,343.479085151466,343.479085151466,343.479085151466,343.479085151466
12,-165.885409958414,131.447007371412,1.28869615070011,"gaussian","adaptive_sparse_group_lasso",1,2.68999524120503,0.5,TRUE,"identity",FALSE,0.277166766515638,"compound_symmetry","gaussian",0.2,1000,50,1e-06,1,"PGD",0.9,TRUE,10,1,TRUE,0,0,0,0,0,20,331.770819916828,331.770819916828,331.770819916828,331.770819916828,331.770819916828,331.770819916828
13,-166.114903480995,123.692195968144,1.21266858792298,"gaussian","adaptive_sparse_group_lasso",1,0.148812380219582,0.5,TRUE,"identity",FALSE,0.482298597050334,"compound_symmetry","gaussian",0.2,1000,50,1e-06,1,"PGD",0.9,TRUE,10,1,TRUE,0.05171287316914,4,1.12837916709551,18.3800440590751,5.18491470163949,20,340.22980696199,334.486565296181,350.609851021065,337.414721663629,362.592780115281,340.795043551303
14,-167.214677787925,133.03793193613,1.30429345035421,"gaussian","adaptive_sparse_group_lasso",1,0.134022273208455,0.5,TRUE,"identity",FALSE,0.315446949891001,"compound_symmetry","gaussian",0.2,1000,50,1e-06,1,"PGD",0.9,TRUE,10,1,TRUE,0.00577165489636411,1,0.282094791773878,4.66725623501606,1.31660867577219,20,336.42935557585,334.993545159398,339.096611810867,335.745964251623,342.092344084421,336.591044723541
15,-165.566310960075,123.509226735655,1.21087477191819,"gaussian","adaptive_sparse_group_lasso",1,0.0574108977775585,0.5,TRUE,"identity",FALSE,0.448676378177011,"compound_symmetry","gaussian",0.2,1000,50,1e-06,1,"PGD",0.9,TRUE,10,1,TRUE,0.010021566900606,5,1.41047395886939,22.2592134387287,6.27920818004847,20,341.13262192015,333.953569837889,353.391835358879,337.411830100199,368.370496726649,341.637232459791
16,-160.748755427497,114.254054258802,1.120137786851,"gaussian","adaptive_sparse_group_lasso",1,2.12201605107283,0.5,TRUE,"identity",FALSE,0.392549153453808,"compound_symmetry","gaussian",0.2,1000,50,1e-06,1,"PGD",0.9,TRUE,10,1,TRUE,0,0,0,0,0,20,321.497510854994,321.497510854994,321.497510854994,321.497510854994,321.497510854994,321.497510854994
17,-168.863065458604,127.092783944579,1.24600768573117,"gaussian","adaptive_sparse_group_lasso",1,1.81513216456588,0.5,TRUE,"identity",FALSE,0.588966668038787,"compound_symmetry","gaussian",0.2,1000,50,1e-06,1,"PGD",0.9,TRUE,10,1,TRUE,0,0,0,0,0,20,337.726130917207,337.726130917207,337.726130917207,337.726130917207,337.726130917207,337.726130917207
18,-163.125838957269,125.124875562612,1.22671446630012,"gaussian","adaptive_sparse_group_lasso",1,0.183828362035742,0.5,TRUE,"identity",FALSE,0.264677843479516,"compound_symmetry","gaussian",0.2,1000,50,1e-06,1,"PGD",0.9,TRUE,10,1,TRUE,0.0308929372319826,2,0.564189583547756,8.98925974432116,2.53582335577558,20,330.251677914538,327.380057081633,335.240937658859,328.787501270313,341.232402205967,330.47766221415
19,-168.388384175083,130.694947109581,1.28132301087825,"gaussian","adaptive_sparse_group_lasso",1,0.227271051044931,0.5,TRUE,"identity",FALSE,0.444391458848297,"compound_symmetry","gaussian",0.2,1000,50,1e-06,1,"PGD",0.9,TRUE,10,1,TRUE,0.022414096483352,1,0.282094791773878,5.02706562860607,1.41810903173525,20,338.776768350167,337.340957933715,341.803833978773,338.194877381902,344.799566252327,339.039957853821
20,-156.53647570099,99.5863392178482,0.976336658998512,"gaussian","adaptive_sparse_group_lasso",1,0.900993687239455,0.5,TRUE,"identity",FALSE,0.598390919883421,"compound_symmetry","gaussian",0.2,1000,50,1e-06,1,"PGD",0.9,TRUE,10,1,TRUE,0,0,0,0,0,20,313.072951401981,313.072951401981,313.072951401981,313.072951401981,313.072951401981,313.072951401981
21,-166.199280365727,129.841395413978,1.27295485699978,"gaussian","adaptive_sparse_group_lasso",1,1.84843336704148,0.5,TRUE,"identity",FALSE,0.328085386766692,"compound_symmetry","gaussian",0.2,1000,50,1e-06,1,"PGD",0.9,TRUE,10,1,TRUE,0,0,0,0,0,20,332.398560731455,332.398560731455,332.398560731455,332.398560731455,332.398560731455,332.398560731455
22,-163.886751227294,125.198032345492,1.22743168966169,"gaussian","adaptive_sparse_group_lasso",1,0.143424425270657,0.5,TRUE,"identity",FALSE,0.302812690791529,"compound_symmetry","gaussian",0.2,1000,50,1e-06,1,"PGD",0.9,TRUE,10,1,TRUE,0.0238243780085875,3,0.846284375321634,13.3824442462713,3.77511782307742,20,333.773502454588,329.466071205231,341.155946700859,331.548620277665,350.143143521521,334.08386169342
23,-170.397017896281,138.586234809961,1.35868857656824,"gaussian","adaptive_sparse_group_lasso",1,0.234944831924015,0.5,TRUE,"identity",FALSE,0.380079776419604,"compound_symmetry","gaussian",0.2,1000,50,1e-06,1,"PGD",0.9,TRUE,10,1,TRUE,0.107024891554135,2,0.564189583547756,8.82109346756693,2.48838452495121,20,344.794035792562,341.922414959658,349.615129260129,343.282420317514,355.606593807237,344.972581261351
24,-165.936474697143,133.170072833923,1.30558894935219,"gaussian","adaptive_sparse_group_lasso",1,0.16764347253349,0.5,TRUE,"identity",FALSE,0.246599193708169,"compound_symmetry","gaussian",0.2,1000,50,1e-06,1,"PGD",0.9,TRUE,10,1,TRUE,0.0566721033078186,3,0.846284375321634,13.6555453118692,3.85215821131051,20,337.872949394285,333.565518144928,345.528494706154,335.725107605596,354.515691526816,338.260349021351
25,-146.607965294846,85.3968329449609,0.837223852401577,"gaussian","adaptive_sparse_group_lasso",1,0.104079254517483,0.5,TRUE,"identity",FALSE,0.439105258708226,"compound_symmetry","gaussian",0.2,1000,50,1e-06,1,"PGD",0.9,TRUE,10,1,TRUE,0.0225972533420104,4,1.12837916709551,17.2459747425519,4.86499965393773,20,301.215930589692,295.472688923883,310.461905332244,298.08093024363,322.44483442646,301.461252131304
26,-144.825075070087,91.5128923015223,0.897185218642376,"gaussian","adaptive_sparse_group_lasso",1,0.0755366269627994,0.5,TRUE,"identity",FALSE,0.160609064819454,"compound_symmetry","gaussian",0.2,1000,50,1e-06,1,"PGD",0.9,TRUE,10,1,TRUE,0.0232030739950971,5,1.41047395886939,22.8553704800562,6.44738097648631,20,299.650150140173,292.471098057912,312.505520620229,296.097531116659,327.484181987999,300.322933476252
27,-170.925051875651,140.307814648393,1.37556681027836,"gaussian","adaptive_sparse_group_lasso",1,1.04742072046722,0.5,TRUE,"identity",FALSE,0.373786628836121,"compound_symmetry","gaussian",0.2,1000,50,1e-06,1,"PGD",0.9,TRUE,10,1,TRUE,0,0,0,0,0,20,341.850103751302,341.850103751302,341.850103751302,341.850103751302,341.850103751302,341.850103751302
28,-159.729083832548,110.210484135348,1.08049494250341,"gaussian","adaptive_sparse_group_lasso",1,0.210791898554713,0.5,TRUE,"identity",FALSE,0.446798732693458,"compound_symmetry","gaussian",0.2,1000,50,1e-06,1,"PGD",0.9,TRUE,10,1,TRUE,0.050191623104004,3,0.846284375321634,13.7790441856295,3.88699660038821,20,325.458167665096,321.150736415739,333.237211850725,323.345164265484,342.224408671387,325.88040568124
29,-160.32459318931,112.204448886256,1.10004361653192,"gaussian","adaptive_sparse_group_lasso",1,2.23363927612013,0.5,TRUE,"identity",FALSE,0.425098826497154,"compound_symmetry","gaussian",0.2,1000,50,1e-06,1,"PGD",0.9,TRUE,10,1,TRUE,0,0,0,0,0,20,320.649186378621,320.649186378621,320.649186378621,320.649186378621,320.649186378621,320.649186378621
30,-174.617794107273,155.07463523521,1.52033956112951,"gaussian","adaptive_sparse_group_lasso",1,1.7915138633847,0.5,TRUE,"identity",FALSE,0.292965360894624,"compound_symmetry","gaussian",0.2,1000,50,1e-06,1,"PGD",0.9,TRUE,10,1,TRUE,0,0,0,0,0,20,349.235588214545,349.235588214545,349.235588214545,349.235588214545,349.235588214545,349.235588214545
31,-170.868274145593,139.493626365337,1.36758457220919,"gaussian","adaptive_sparse_group_lasso",1,0.315116390957153,0.5,TRUE,"identity",FALSE,0.388760552005492,"compound_symmetry","gaussian",0.2,1000,50,1e-06,1,"PGD",0.9,TRUE,10,1,TRUE,0.0921481935824563,1,0.282094791773878,4.57417548264555,1.29035108031408,20,343.736548291187,342.300737874734,346.310723773832,343.026899371501,349.306456047386,343.871979843419
32,-165.164024039662,123.527767982793,1.21105654885091,"gaussian","adaptive_sparse_group_lasso",1,2.24137553064497,0.5,TRUE,"identity",FALSE,0.42083798855267,"compound_symmetry","gaussian",0.2,1000,50,1e-06,1,"PGD",0.9,TRUE,10,1,TRUE,0,0,0,0,0,20,330.328048079324,330.328048079324,330.328048079324,330.328048079324,330.328048079324,330.328048079324
33,-161.320807904409,109.371560020239,1.07227019627685,"gaussian","adaptive_sparse_group_lasso",1,0.0724017567944484,0.5,TRUE,"identity",FALSE,0.598756125602397,"compound_symmetry","gaussian",0.2,1000,50,1e-06,1,"PGD",0.9,TRUE,10,1,TRUE,0.00987976366560126,2,0.564189583547756,9.1328070381486,2.57631729973754,20,326.641615808817,323.769994975913,331.774422846966,325.217933108555,337.765887394074,326.908094052392
34,-149.687725515712,91.884396812048,0.90082741972596,"gaussian","adaptive_sparse_group_lasso",1,0.176585450333526,0.5,TRUE,"identity",FALSE,0.395832789341789,"compound_symmetry","gaussian",0.2,1000,50,1e-06,1,"PGD",0.9,TRUE,10,1,TRUE,0.0496458332613946,2,0.564189583547756,8.99671697053541,2.5379270004517,20,303.375451031424,300.503830198519,308.372168001959,301.913378031875,314.363632549067,303.603538975712
35,-155.942274883544,103.063808699896,1.0104294970578,"gaussian","adaptive_sparse_group_lasso",1,0.0108195851607989,0.5,TRUE,"identity",FALSE,0.421852787292354,"compound_symmetry","gaussian",0.2,1000,50,1e-06,1,"PGD",0.9,TRUE,10,1,TRUE,0.00158961148372101,13,3.66723229306042,60.2484106124139,16.995762846416,20,337.884549767088,319.219014353209,372.132960379502,328.880312613504,411.077479935704,339.866358748445
36,-156.054874494428,102.757837007084,1.00742977457926,"gaussian","adaptive_sparse_group_lasso",1,0.150076270167708,0.5,TRUE,"identity",FALSE,0.43968921057194,"compound_symmetry","gaussian",0.2,1000,50,1e-06,1,"PGD",0.9,TRUE,10,1,TRUE,0.0356211627852211,2,0.564189583547756,8.91981289359299,2.51623276088007,20,316.109748988855,313.238128155951,321.029561882448,314.625981749735,327.021026429556,316.316142693572
37,-161.995017113557,115.42179592085,1.13158623451814,"gaussian","adaptive_sparse_group_lasso",1,0.0223047527200385,0.5,TRUE,"identity",FALSE,0.440580743948001,"compound_symmetry","gaussian",0.2,1000,50,1e-06,1,"PGD",0.9,TRUE,10,1,TRUE,0.00251700460610386,6,1.69256875064327,26.7145648690964,7.53603961407752,20,335.990034227114,327.375171728401,350.704599096211,331.526073841192,368.678992737535,336.596556672703
38,-164.339646003004,130.367322800399,1.27811100784705,"gaussian","adaptive_sparse_group_lasso",1,0.217050789138109,0.5,TRUE,"identity",FALSE,0.22255912084752,"compound_symmetry","gaussian",0.2,1000,50,1e-06,1,"PGD",0.9,TRUE,10,1,TRUE,0.039653892205647,1,0.282094791773878,4.42246797143519,1.24755518152865,20,330.679292006008,329.243481589555,333.101759977443,329.926847187536,336.097492250997,330.771927659455
39,-161.684501000614,114.410010508736,1.12166676969349,"gaussian","adaptive_sparse_group_lasso",1,0.328090144601561,0.5,TRUE,"identity",FALSE,0.450140032556004,"compound_symmetry","gaussian",0.2,1000,50,1e-06,1,"PGD",0.9,TRUE,10,1,TRUE,0.182103011761255,2,0.564189583547756,8.8801098421059,2.50503273683803,20,327.369002001228,324.497381168324,332.249111843334,325.874034738066,338.240576390442,327.564195681903
40,-159.799163736914,117.449956397025,1.15147016075515,"gaussian","adaptive_sparse_group_lasso",1,0.25420291271579,0.5,TRUE,"identity",FALSE,0.259767701046178,"compound_symmetry","gaussian",0.2,1000,50,1e-06,1,"PGD",0.9,TRUE,10,1,TRUE,0.024619743804122,1,0.282094791773878,4.51969667376225,1.27498289206605,20,321.598327473829,320.162517057377,324.118024147591,320.873310365895,327.113756421145,321.718390837813
41,-154.494620786596,99.1230164349617,0.971794278774134,"gaussian","adaptive_sparse_group_lasso",1,0.0227992358881804,0.5,TRUE,"identity",FALSE,0.458876542783827,"compound_symmetry","gaussian",0.2,1000,50,1e-06,1,"PGD",0.9,TRUE,10,1,TRUE,0.00376719353932488,10,2.82094791773878,45.1447718086117,12.7351050030296,20,328.989241573192,314.63113740867,354.134013381804,321.724346576222,384.091336117344,330.175151295407
42,-145.17175743549,88.8124688682232,0.870710479100227,"gaussian","adaptive_sparse_group_lasso",1,0.0059399039383276,0.5,TRUE,"identity",FALSE,0.241579586067362,"compound_symmetry","gaussian",0.2,1000,50,1e-06,1,"PGD",0.9,TRUE,10,1,TRUE,0.000840805614470797,16,4.51351666838205,72.4331071976698,20.4330022924617,20,322.34351487098,299.370548207744,362.77662206865,310.776517163442,410.708338445514,324.297804714138
43,-167.253298994517,126.588266553702,1.241061436801,"gaussian","adaptive_sparse_group_lasso",1,0.161060055165068,0.5,TRUE,"identity",FALSE,0.479252228690448,"compound_symmetry","gaussian",0.2,1000,50,1e-06,1,"PGD",0.9,TRUE,10,1,TRUE,0.0250011901087749,1,0.282094791773878,4.5667182564313,1.28824743563796,20,336.506597989034,335.070787572582,339.073316245465,335.794845424672,342.069048519019,336.63992589659
44,-151.294268757008,93.4034941914156,0.915720531288388,"gaussian","adaptive_sparse_group_lasso",1,0.0678417000504395,0.5,TRUE,"identity",FALSE,0.447062413495021,"compound_symmetry","gaussian",0.2,1000,50,1e-06,1,"PGD",0.9,TRUE,10,1,TRUE,0.0294393959178302,10,2.82094791773878,46.4264241521482,13.096652454006,20,322.588537514015,308.230433349493,349.014961666164,315.685189968021,378.972284401704,324.135994687206
45,-154.61525348099,107.649898981502,1.05539116648532,"gaussian","adaptive_sparse_group_lasso",1,0.105119101068768,0.5,TRUE,"identity",FALSE,0.224420684481644,"compound_symmetry","gaussian",0.2,1000,50,1e-06,1,"PGD",0.9,TRUE,10,1,TRUE,0.0405694038870105,6,1.69256875064327,26.2073439940756,7.39295524695516,20,321.23050696198,312.615644463266,335.437850956056,316.623462208935,353.412244597379,321.693945040446
46,-164.844361668818,128.989412260587,1.26460208098615,"gaussian","adaptive_sparse_group_lasso",1,0.1009891246395,0.5,TRUE,"identity",FALSE,0.27314118891456,"compound_symmetry","gaussian",0.2,1000,50,1e-06,1,"PGD",0.9,TRUE,10,1,TRUE,0.025091096964084,3,0.846284375321634,13.4587330393507,3.79663849427586,20,335.688723337636,331.38129208828,343.147456376987,333.485361831912,352.134653197649,336.020603247668
47,-166.589830768927,124.842614300177,1.22394719902134,"gaussian","adaptive_sparse_group_lasso",1,0.074139135560134,0.5,TRUE,"identity",FALSE,0.482501486875556,"compound_symmetry","gaussian",0.2,1000,50,1e-06,1,"PGD",0.9,TRUE,10,1,TRUE,0.025085638901248,6,1.69256875064327,26.8555761771413,7.57581816965821,20,345.179661537855,336.564799039141,360.035237714996,340.755479707513,378.00963135632,345.825962539024
48,-160.934008766069,113.854545923842,1.11622103846904,"gaussian","adaptive_sparse_group_lasso",1,0.0679894111134042,0.5,TRUE,"identity",FALSE,0.416117976239424,"compound_symmetry","gaussian",0.2,1000,50,1e-06,1,"PGD",0.9,TRUE,10,1,TRUE,0.00676501078439593,3,0.846284375321634,14.1678795585028,3.99668503393323,20,327.868017532138,323.560586282781,336.035897090641,325.864702566071,345.023093911303,328.399943981827
49,-178.255305814246,154.118508925079,1.51096577377529,"gaussian","adaptive_sparse_group_lasso",1,0.176394265328408,0.5,TRUE,"identity",FALSE,0.552880187147635,"compound_symmetry","gaussian",0.2,1000,50,1e-06,1,"PGD",0.9,TRUE,10,1,TRUE,0.0531405193777664,2,0.564189583547756,8.65809526463247,2.4424035808349,20,360.510611628493,357.638990795588,365.168706893125,358.953015209328,371.160171440233,360.643176153165
50,-177.676301159046,156.932015361206,1.5385491702079,"gaussian","adaptive_sparse_group_lasso",1,2.57774492768569,0.5,TRUE,"identity",FALSE,0.441478302354487,"compound_symmetry","gaussian",0.2,1000,50,1e-06,1,"PGD",0.9,TRUE,10,1,TRUE,0,0,0,0,0,20,355.352602318092,355.352602318092,355.352602318092,355.352602318092,355.352602318092,355.352602318092
51,-155.875783754172,105.532271544235,1.03463011317877,"gaussian","adaptive_sparse_group_lasso",1,0.0645356289248974,0.5,TRUE,"identity",FALSE,0.342405172784259,"compound_symmetry","gaussian",0.2,1000,50,1e-06,1,"PGD",0.9,TRUE,10,1,TRUE,0.00878208792368236,4,1.12837916709551,18.2411145916165,5.1457234224455,20,319.751567508344,314.008325842535,329.99268209996,316.897290930789,341.975611194176,320.277612818463
52,-168.166812725578,130.737397846703,1.28173919457552,"gaussian","adaptive_sparse_group_lasso",1,0.1979403914306,0.5,TRUE,"identity",FALSE,0.428181054407339,"compound_symmetry","gaussian",0.2,1000,50,1e-06,1,"PGD",0.9,TRUE,10,1,TRUE,0.0303666244920578,1,0.282094791773878,5.18068912143515,1.46144541895644,20,338.333625451155,336.897815034703,341.51431457259,337.795070870112,344.510046846144,338.64015134203
53,-149.244557932849,87.9034785067453,0.86179880888966,"gaussian","adaptive_sparse_group_lasso",1,0.0157942545120372,0.5,TRUE,"identity",FALSE,0.523422508087348,"compound_symmetry","gaussian",0.2,1000,50,1e-06,1,"PGD",0.9,TRUE,10,1,TRUE,0.00234237120493527,8,2.25675833419103,36.8061812759344,10.3828320430263,20,314.489115865697,303.002632534079,335.295297141632,308.871947908723,359.261155330064,315.632591684071
54,-167.802270222771,134.977402134645,1.32330786406515,"gaussian","adaptive_sparse_group_lasso",1,0.131446137639581,0.5,TRUE,"identity",FALSE,0.307154486293667,"compound_symmetry","gaussian",0.2,1000,50,1e-06,1,"PGD",0.9,TRUE,10,1,TRUE,0.0405157603727789,3,0.846284375321634,14.2807402475016,4.0285224464958,20,341.604540445542,337.297109196185,349.885280693043,339.633062892038,358.872477513705,342.168304307793
55,-147.400976850625,90.6640015498709,0.888862760292852,"gaussian","adaptive_sparse_group_lasso",1,0.0877342037555745,0.5,TRUE,"identity",FALSE,0.301393615424589,"compound_symmetry","gaussian",0.2,1000,50,1e-06,1,"PGD",0.9,TRUE,10,1,TRUE,0.0145622087393894,3,0.846284375321634,13.5432260630794,3.82047353621095,20,300.801953701249,296.494522451893,308.345179764329,298.62242723746,317.332376584991,301.157668653216
56,-171.341182005388,137.722166131954,1.35021731501916,"gaussian","adaptive_sparse_group_lasso",1,3.08587147407794,0.5,TRUE,"identity",FALSE,0.464095573163665,"compound_symmetry","gaussian",0.2,1000,50,1e-06,1,"PGD",0.9,TRUE,10,1,TRUE,0,0,0,0,0,20,342.682364010776,342.682364010776,342.682364010776,342.682364010776,342.682364010776,342.682364010776
57,-171.92719987815,145.062331143466,1.4221797170928,"gaussian","adaptive_sparse_group_lasso",1,0.181131212621693,0.5,TRUE,"identity",FALSE,0.332341407838584,"compound_symmetry","gaussian",0.2,1000,50,1e-06,1,"PGD",0.9,TRUE,10,1,TRUE,0.0575342124987067,4,1.12837916709551,18.60681130005,5.24888455926345,20,351.854399756299,346.11115809049,362.461211056349,349.103284315563,374.444140150565,352.483606203236
58,-158.836853856242,112.195136269411,1.09995231636677,"gaussian","adaptive_sparse_group_lasso",1,0.0970291063517794,0.5,TRUE,"identity",FALSE,0.333073605045298,"compound_symmetry","gaussian",0.2,1000,50,1e-06,1,"PGD",0.9,TRUE,10,1,TRUE,0.0244845857801348,3,0.846284375321634,13.1656036014728,3.71394820653488,20,323.673707712484,319.366276463127,330.839311313957,321.387655919019,339.826508134619,323.922897334774
59,-156.22199691021,110.780028429455,1.08607871009269,"gaussian","adaptive_sparse_group_lasso",1,2.89061947106984,0.5,TRUE,"identity",FALSE,0.231123401432562,"compound_symmetry","gaussian",0.2,1000,50,1e-06,1,"PGD",0.9,TRUE,10,1,TRUE,0,0,0,0,0,20,312.44399382042,312.44399382042,312.44399382042,312.44399382042,312.44399382042,312.44399382042
60,-170.395138506117,139.116493294377,1.36388718916056,"gaussian","adaptive_sparse_group_lasso",1,0.288301032988641,0.5,TRUE,"identity",FALSE,0.367960368587269,"compound_symmetry","gaussian",0.2,1000,50,1e-06,1,"PGD",0.9,TRUE,10,1,TRUE,0.142137972912494,2,0.564189583547756,9.29571659359855,2.62227323686017,20,344.790277012234,341.91865617933,350.085993605833,343.412550249094,356.077458152941,345.102711192931
61,-143.602475558067,82.5288033468491,0.809105915165187,"gaussian","adaptive_sparse_group_lasso",1,0.221574164220676,0.5,TRUE,"identity",FALSE,0.358143480792232,"compound_symmetry","gaussian",0.2,1000,50,1e-06,1,"PGD",0.9,TRUE,10,1,TRUE,0.0382897041698828,1,0.282094791773878,4.58904479773577,1.29454563665827,20,289.204951116133,287.769140699681,291.793995913869,288.499496752791,294.789728187423,289.34457722471
62,-157.045493803275,108.137539445018,1.06017195534331,"gaussian","adaptive_sparse_group_lasso",1,1.31249315598869,0.5,TRUE,"identity",FALSE,0.338102503299993,"compound_symmetry","gaussian",0.2,1000,50,1e-06,1,"PGD",0.9,TRUE,10,1,TRUE,0,0,0,0,0,20,314.09098760655,314.09098760655,314.09098760655,314.09098760655,314.09098760655,314.09098760655
63,-163.923850917582,124.677460110377,1.22232804029781,"gaussian","adaptive_sparse_group_lasso",1,0.0771989924479501,0.5,TRUE,"identity",FALSE,0.316518939031409,"compound_symmetry","gaussian",0.2,1000,50,1e-06,1,"PGD",0.9,TRUE,10,1,TRUE,0.0256767562199164,5,1.41047395886939,21.7251847359452,6.1285614643355,20,337.847701835164,330.668649752902,349.572886571109,333.976263299499,364.551547938879,338.201665659092
64,-169.110527864576,131.935580176382,1.29348608016061,"gaussian","adaptive_sparse_group_lasso",1,0.197948344461067,0.5,TRUE,"identity",FALSE,0.46115785064463,"compound_symmetry","gaussian",0.2,1000,50,1e-06,1,"PGD",0.9,TRUE,10,1,TRUE,0.0795677003321508,2,0.564189583547756,8.68872236863146,2.45104332736013,20,342.221055729152,339.349434896247,346.909778097783,340.672099056512,352.901242644891,342.362260000349
65,-168.066401054144,140.187898329697,1.37439116009507,"gaussian","adaptive_sparse_group_lasso",1,0.140077597984263,0.5,TRUE,"identity",FALSE,0.223599355932433,"compound_symmetry","gaussian",0.2,1000,50,1e-06,1,"PGD",0.9,TRUE,10,1,TRUE,0.030949182686608,2,0.564189583547756,8.63741308440041,2.43656924550891,20,340.132802108287,337.261181275383,344.770215192688,338.569371353796,350.761679739796,340.259532297633
66,-160.10226441338,110.612143464288,1.08443277906165,"gaussian","adaptive_sparse_group_lasso",1,0.0983728514900222,0.5,TRUE,"identity",FALSE,0.459902723262582,"compound_symmetry","gaussian",0.2,1000,50,1e-06,1,"PGD",0.9,TRUE,10,1,TRUE,0.0222386543086354,3,0.846284375321634,14.1644716577763,3.99572368288739,20,326.204528826759,321.897097577403,334.369000484536,324.200252509647,343.356197305197,326.735493925402
67,-155.221700574122,100.096328986966,0.981336558695742,"gaussian","adaptive_sparse_group_lasso",1,0.38562305128931,0.5,TRUE,"identity",FALSE,0.475171511640589,"compound_symmetry","gaussian",0.2,1000,50,1e-06,1,"PGD",0.9,TRUE,10,1,TRUE,0.181781545098151,1,0.282094791773878,4.45131566090437,1.25569296448262,20,312.443401148244,311.007590731792,314.894716809149,311.699094112727,317.890449082703,312.544174584645
68,-149.638565668917,91.1946571425122,0.89406526610306,"gaussian","adaptive_sparse_group_lasso",1,0.109877575133432,0.5,TRUE,"identity",FALSE,0.417621299714583,"compound_symmetry","gaussian",0.2,1000,50,1e-06,1,"PGD",0.9,TRUE,10,1,TRUE,0.0260196683617889,2,0.564189583547756,8.83571840906415,2.49251014477757,20,303.277131337834,300.40551050493,308.112849746898,301.769641482612,314.104314294006,303.459802426449
69,-170.469015217277,135.532467950039,1.3287496857847,"gaussian","adaptive_sparse_group_lasso",1,0.39848622975662,0.5,TRUE,"identity",FALSE,0.460220229390114,"compound_symmetry","gaussian",0.2,1000,50,1e-06,1,"PGD",0.9,TRUE,10,1,TRUE,0.155836135360779,2,0.564189583547756,9.59775340134495,2.70747624724943,20,344.938030434553,342.066409601649,350.535783835898,343.645506681802,356.527248383006,345.335667625639
70,-148.747921299247,91.8394090607902,0.900386363341081,"gaussian","adaptive_sparse_group_lasso",1,0.240750747684111,0.5,TRUE,"identity",FALSE,0.340069236813636,"compound_symmetry","gaussian",0.2,1000,50,1e-06,1,"PGD",0.9,TRUE,10,1,TRUE,0.0311318958126594,1,0.282094791773878,4.5667182564313,1.28824743563796,20,299.495842598493,298.060032182041,302.062560854925,298.784090034131,305.058293128479,299.62917050605
71,-169.751606845999,133.560426132936,1.30941594247977,"gaussian","adaptive_sparse_group_lasso",1,0.258391046659952,0.5,TRUE,"identity",FALSE,0.462347513042566,"compound_symmetry","gaussian",0.2,1000,50,1e-06,1,"PGD",0.9,TRUE,10,1,TRUE,0.0643472833626232,1,0.282094791773878,4.09654572426582,1.15561421307894,20,341.503213691997,340.067403275545,343.599759416263,340.658827905076,346.595491689817,341.503908376995
72,-155.585891918592,102.085626971239,1.00083948011019,"gaussian","adaptive_sparse_group_lasso",1,1.88082806026368,0.5,TRUE,"identity",FALSE,0.430565479558268,"compound_symmetry","gaussian",0.2,1000,50,1e-06,1,"PGD",0.9,TRUE,10,1,TRUE,0,0,0,0,0,20,311.171783837184,311.171783837184,311.171783837184,311.171783837184,311.171783837184,311.171783837184
73,-171.831642288519,141.573921466941,1.38797962222491,"gaussian","adaptive_sparse_group_lasso",1,4.13555006559024,0.5,TRUE,"identity",FALSE,0.402067600001831,"compound_symmetry","gaussian",0.2,1000,50,1e-06,1,"PGD",0.9,TRUE,10,1,TRUE,0,0,0,0,0,20,343.663284577038,343.663284577038,343.663284577038,343.663284577038,343.663284577038,343.663284577038
74,-142.143795509958,86.0127174234439,0.84326193552396,"gaussian","adaptive_sparse_group_lasso",1,0.0611256282365593,0.5,TRUE,"identity",FALSE,0.179798423136296,"compound_symmetry","gaussian",0.2,1000,50,1e-06,1,"PGD",0.9,TRUE,10,1,TRUE,0.0159964547840536,8,2.25675833419103,36.6366429131091,10.3350061538674,20,300.287591019916,288.801107688298,320.924233933025,294.622597173784,344.890092121457,301.383240949132
75,-159.685244626178,117.355476964018,1.1505438918041,"gaussian","adaptive_sparse_group_lasso",1,1.93561519510551,0.5,TRUE,"identity",FALSE,0.256163343763169,"compound_symmetry","gaussian",0.2,1000,50,1e-06,1,"PGD",0.9,TRUE,10,1,TRUE,0,0,0,0,0,20,319.370489252356,319.370489252356,319.370489252356,319.370489252356,319.370489252356,319.370489252356
76,-150.781795231881,96.9800483417419,0.950784787664136,"gaussian","adaptive_sparse_group_lasso",1,0.172973164209504,0.5,TRUE,"identity",FALSE,0.29849564772288,"compound_symmetry","gaussian",0.2,1000,50,1e-06,1,"PGD",0.9,TRUE,10,1,TRUE,0.0658223133215525,4,1.12837916709551,17.0813994051377,4.81857380839875,20,309.563590463763,303.820348797954,318.6449898689,306.382164272161,330.627918963116,309.762486159835
77,-172.161884912193,144.870110642923,1.4202952023816,"gaussian","adaptive_sparse_group_lasso",1,1.96537817068207,0.5,TRUE,"identity",FALSE,0.349937444555384,"compound_symmetry","gaussian",0.2,1000,50,1e-06,1,"PGD",0.9,TRUE,10,1,TRUE,0,0,0,0,0,20,344.323769824386,344.323769824386,344.323769824386,344.323769824386,344.323769824386,344.323769824386
78,-157.088345093287,108.756674674311,1.06624190857167,"gaussian","adaptive_sparse_group_lasso",1,0.075560279416643,0.5,TRUE,"identity",FALSE,0.323911729629119,"compound_symmetry","gaussian",0.2,1000,50,1e-06,1,"PGD",0.9,TRUE,10,1,TRUE,0.00740231350901641,2,0.564189583547756,9.12249764739457,2.57340907429946,20,318.176690186574,315.305069353669,323.299187833968,316.750099260873,329.290652381076,318.44026020471
79,-169.010789244667,128.730676630637,1.2620654571631,"gaussian","adaptive_sparse_group_lasso",1,0.160034097692159,0.5,TRUE,"identity",FALSE,0.547730857204143,"compound_symmetry","gaussian",0.2,1000,50,1e-06,1,"PGD",0.9,TRUE,10,1,TRUE,0.0351879086886852,2,0.564189583547756,9.159890917219,2.58395752096433,20,342.021578489335,339.14995765643,347.181469406554,340.605536010299,353.172933953662,342.295696954136
80,-158.61558818733,111.884291822939,1.09690482179352,"gaussian","adaptive_sparse_group_lasso",1,3.28779622871546,0.5,TRUE,"identity",FALSE,0.328516359745822,"compound_symmetry","gaussian",0.2,1000,50,1e-06,1,"PGD",0.9,TRUE,10,1,TRUE,0,0,0,0,0,20,317.23117637466,317.23117637466,317.23117637466,317.23117637466,317.23117637466,317.23117637466
81,-145.809863683721,90.8633760068007,0.890817411831379,"gaussian","adaptive_sparse_group_lasso",1,0.0432131829021572,0.5,TRUE,"identity",FALSE,0.217165745444694,"compound_symmetry","gaussian",0.2,1000,50,1e-06,1,"PGD",0.9,TRUE,10,1,TRUE,0.00741660312332829,6,1.69256875064327,27.4044116715647,7.73064180417567,20,303.619727367442,295.004864868728,319.024139039006,299.350369171617,336.99853268033,304.420852003128
82,-161.199216675885,120.186483613109,1.17829885895205,"gaussian","adaptive_sparse_group_lasso",1,3.84900445930879,0.5,TRUE,"identity",FALSE,0.271094100981491,"compound_symmetry","gaussian",0.2,1000,50,1e-06,1,"PGD",0.9,TRUE,10,1,TRUE,0,0,0,0,0,20,322.39843335177,322.39843335177,322.39843335177,322.39843335177,322.39843335177,322.39843335177
83,-173.058685042224,144.801749563259,1.41962499571823,"gaussian","adaptive_sparse_group_lasso",1,0.152031654295753,0.5,TRUE,"identity",FALSE,0.407078013566231,"compound_symmetry","gaussian",0.2,1000,50,1e-06,1,"PGD",0.9,TRUE,10,1,TRUE,0.0135944544560833,1,0.282094791773878,4.5667182564313,1.28824743563796,20,348.117370084448,346.681559667995,350.684088340879,347.405617520086,353.679820614433,348.250697992004
84,-169.871663994459,139.990469872735,1.3724555869876,"gaussian","adaptive_sparse_group_lasso",1,0.284149008394026,0.5,TRUE,"identity",FALSE,0.318735363676163,"compound_symmetry","gaussian",0.2,1000,50,1e-06,1,"PGD",0.9,TRUE,10,1,TRUE,0.136454345929006,2,0.564189583547756,8.2614657989115,2.33051647429095,20,343.743327988918,340.871707156013,348.004793787829,342.073844463209,353.996258334937,343.764005407046
85,-149.861626624106,91.179975491402,0.893921328347078,"gaussian","adaptive_sparse_group_lasso",1,0.0320951807694042,0.5,TRUE,"identity",FALSE,0.433104030595178,"compound_symmetry","gaussian",0.2,1000,50,1e-06,1,"PGD",0.9,TRUE,10,1,TRUE,0.0110546829649486,12,3.38513750128654,53.433186232264,15.0732235440054,20,323.723253248212,306.493528250786,353.156439480476,314.796476792218,389.105226763124,324.93744245524
86,-148.069702070631,86.0653453489519,0.84377789557796,"gaussian","adaptive_sparse_group_lasso",1,0.126622093332902,0.5,TRUE,"identity",FALSE,0.515980549117514,"compound_symmetry","gaussian",0.2,1000,50,1e-06,1,"PGD",0.9,TRUE,10,1,TRUE,0.0235189283882085,2,0.564189583547756,8.79697697591109,2.48158138825924,20,300.139404141262,297.267783308357,304.936381117173,298.620985529521,310.927845664281,300.311146473358
87,-165.535411492365,124.508943411974,1.22067591580366,"gaussian","adaptive_sparse_group_lasso",1,0.14647147990481,0.5,TRUE,"identity",FALSE,0.418707258206998,"compound_symmetry","gaussian",0.2,1000,50,1e-06,1,"PGD",0.9,TRUE,10,1,TRUE,0.0523952141111034,2,0.564189583547756,8.65145447863415,2.44053024969149,20,335.07082298473,332.199202151825,339.722277463364,333.511353234421,345.713742010472,335.201514178258
88,-160.103991372034,117.765000793229,1.15455883130616,"gaussian","adaptive_sparse_group_lasso",1,0.0422431483856227,0.5,TRUE,"identity",FALSE,0.268194256569593,"compound_symmetry","gaussian",0.2,1000,50,1e-06,1,"PGD",0.9,TRUE,10,1,TRUE,0.0132594063981682,8,2.25675833419103,37.084679732511,10.4613950071436,20,336.207982744068,324.72149941245,357.292662476579,330.669377751212,381.258520665011,337.43002152656
89,-143.239992501642,84.0302415898733,0.823825897939934,"gaussian","adaptive_sparse_group_lasso",1,0.0362133373324855,0.5,TRUE,"identity",FALSE,0.286175928681532,"compound_symmetry","gaussian",0.2,1000,50,1e-06,1,"PGD",0.9,TRUE,10,1,TRUE,0.0055536088598265,5,1.41047395886939,23.2222106110213,6.55086466684519,20,296.479985003284,289.300932921023,309.702195614305,293.030849670129,324.680856982075,297.256252029722
90,-156.001040073712,101.984165173263,0.999844756600617,"gaussian","adaptive_sparse_group_lasso",1,0.193198137478516,0.5,TRUE,"identity",FALSE,0.46277164236588,"compound_symmetry","gaussian",0.2,1000,50,1e-06,1,"PGD",0.9,TRUE,10,1,TRUE,0.0296984834421516,1,0.282094791773878,4.65896829532158,1.31427069114984,20,314.002080147424,312.566269730972,316.661048442746,313.316350838574,319.6567807163,314.161431310493
91,-155.862618332523,100.610676829002,0.986379184598056,"gaussian","adaptive_sparse_group_lasso",1,1.13987502979186,0.5,TRUE,"identity",FALSE,0.503066916470669,"compound_symmetry","gaussian",0.2,1000,50,1e-06,1,"PGD",0.9,TRUE,10,1,TRUE,0,0,0,0,0,20,311.725236665045,311.725236665045,311.725236665045,311.725236665045,311.725236665045,311.725236665045
92,-166.927791993204,126.765775119683,1.24280171685964,"gaussian","adaptive_sparse_group_lasso",1,2.3113227557912,0.5,TRUE,"identity",FALSE,0.451052035379999,"compound_symmetry","gaussian",0.2,1000,50,1e-06,1,"PGD",0.9,TRUE,10,1,TRUE,0,0,0,0,0,20,333.855583986407,333.855583986407,333.855583986407,333.855583986407,333.855583986407,333.855583986407
93,-166.969885800547,146.709243236587,1.43832591408418,"gaussian","adaptive_sparse_group_lasso",1,0.0748761097978296,0.5,TRUE,"identity",FALSE,0.0931743821369854,"compound_symmetry","gaussian",0.2,1000,50,1e-06,1,"PGD",0.9,TRUE,10,1,TRUE,0.040213357263017,7,1.97466354241715,31.9011883443153,8.99915908332888,20,347.939771601094,337.889098685929,365.84095994541,342.938930684423,386.811085860288,348.854493987853
94,-164.977364385112,127.320342610679,1.24823865304588,"gaussian","adaptive_sparse_group_lasso",1,2.44785540789459,0.5,TRUE,"identity",FALSE,0.315614346005567,"compound_symmetry","gaussian",0.2,1000,50,1e-06,1,"PGD",0.9,TRUE,10,1,TRUE,0,0,0,0,0,20,329.954728770224,329.954728770224,329.954728770224,329.954728770224,329.954728770224,329.954728770224
95,-160.884577848475,113.134919775385,1.10916588015083,"gaussian","adaptive_sparse_group_lasso",1,0.219324704352805,0.5,TRUE,"identity",FALSE,0.434454713627477,"compound_symmetry","gaussian",0.2,1000,50,1e-06,1,"PGD",0.9,TRUE,10,1,TRUE,0.0538709016044458,1,0.282094791773878,4.34373642243668,1.22534542160789,20,323.769155696949,322.333345280497,326.112892119386,322.994501118557,329.10862439294,323.839581590475
96,-164.925308825947,125.710336986905,1.23245428418534,"gaussian","adaptive_sparse_group_lasso",1,0.0814972095929167,0.5,TRUE,"identity",FALSE,0.349827556971086,"compound_symmetry","gaussian",0.2,1000,50,1e-06,1,"PGD",0.9,TRUE,10,1,TRUE,0.00642049133257775,2,0.564189583547756,9.51266473555298,2.68347317779053,20,333.850617651895,330.97899681899,339.363282387448,332.534090829685,345.354746934556,334.224251773522
97,-160.721467838269,117.459226299359,1.15156104215058,"gaussian","adaptive_sparse_group_lasso",1,0.286528316982621,0.5,TRUE,"identity",FALSE,0.307647643360061,"compound_symmetry","gaussian",0.2,1000,50,1e-06,1,"PGD",0.9,TRUE,10,1,TRUE,0.0785578337548398,2,0.564189583547756,8.44806078768262,2.38315394879439,20,325.442935676539,322.571314843634,329.890996464221,323.826089625333,335.882461011329,325.51625056917
98,-165.112648049676,127.283151308761,1.24787403243883,"gaussian","adaptive_sparse_group_lasso",1,0.292982857218478,0.5,TRUE,"identity",FALSE,0.32402156752071,"compound_symmetry","gaussian",0.2,1000,50,1e-06,1,"PGD",0.9,TRUE,10,1,TRUE,0.060651494304787,1,0.282094791773878,4.85933193168325,1.37079222942834,20,332.225296099351,330.789485682899,335.084628031035,331.59608832878,338.080360304589,332.441168800698
99,-175.098350673679,148.002492614427,1.45100482955321,"gaussian","adaptive_sparse_group_lasso",1,0.184971367185685,0.5,TRUE,"identity",FALSE,0.470197720039195,"compound_symmetry","gaussian",0.2,1000,50,1e-06,1,"PGD",0.9,TRUE,10,1,TRUE,0.0333898520115062,1,0.282094791773878,4.22280149326554,1.19123030794516,20,352.196701347359,350.760890930906,354.419502840624,351.387931655304,357.415235114178,352.233012127222
100,-156.63885454139,109.388870772123,1.07243990953062,"gaussian","adaptive_sparse_group_lasso",1,0.0774558573444573,0.5,TRUE,"identity",FALSE,0.283482854908957,"compound_symmetry","gaussian",0.2,1000,50,1e-06,1,"PGD",0.9,TRUE,10,1,TRUE,0.019057142524953,3,0.846284375321634,14.2077945058548,4.00794483269516,20,319.27770908278,314.970277833423,327.485503588634,317.285653915475,336.472700409296,319.82089533123
101,-253.997269350251,204.885313786382,1.33911969795021,"gaussian","adaptive_sparse_group_lasso",1,1.7146435632334,0.5,TRUE,"identity",FALSE,0.360144625939514,"compound_symmetry","gaussian",0.2,1000,50,1e-06,1,"PGD",0.9,TRUE,10,1,TRUE,0,0,0,0,0,20,507.994538700502,507.994538700502,507.994538700502,507.994538700502,507.994538700502,507.994538700502
102,-242.92126970846,174.546885836985,1.14082931919598,"gaussian","adaptive_sparse_group_lasso",1,0.0274850586461547,0.5,TRUE,"identity",FALSE,0.409641983851977,"compound_symmetry","gaussian",0.2,1000,50,1e-06,1,"PGD",0.9,TRUE,10,1,TRUE,0.00567371100792151,10,2.82094791773878,49.2919840167831,13.9050119673358,20,505.842539416919,491.484435252397,535.134523433702,499.747551384255,565.091846169242,508.19835610344
103,-254.690787677737,206.058541967855,1.34678785599905,"gaussian","adaptive_sparse_group_lasso",1,0.0929151850490382,0.5,TRUE,"identity",FALSE,0.370537902835702,"compound_symmetry","gaussian",0.2,1000,50,1e-06,1,"PGD",0.9,TRUE,10,1,TRUE,0.0155013090084574,3,0.846284375321634,14.7833811446415,4.17031482571153,20,515.381575355474,511.074144106118,524.164956500116,513.551890181186,533.152153320778,516.087131596941
104,-231.502040967006,150.615887724629,0.98441756682764,"gaussian","adaptive_sparse_group_lasso",1,0.0647597177812189,0.5,TRUE,"identity",FALSE,0.403639276878564,"compound_symmetry","gaussian",0.2,1000,50,1e-06,1,"PGD",0.9,TRUE,10,1,TRUE,0.00749573044867174,3,0.846284375321634,14.2576590779562,4.022011368779,20,469.004081934013,464.696650684656,477.261741011969,467.026093302792,486.248937832631,469.561334718547
105,-233.993487511129,159.290221531488,1.04111255902933,"gaussian","adaptive_sparse_group_lasso",1,0.00909180959349301,0.5,TRUE,"identity",FALSE,0.330933797762588,"compound_symmetry","gaussian",0.2,1000,50,1e-06,1,"PGD",0.9,TRUE,10,1,TRUE,0.000544321188588383,8,2.25675833419103,39.6578143282611,11.1872628751379,20,483.986975022258,472.500491690641,507.64478935052,479.174237897396,531.610647538952,485.934881672744
106,-233.504728816658,159.956360041565,1.04546640550043,"gaussian","adaptive_sparse_group_lasso",1,0.0087462103320092,0.5,TRUE,"identity",FALSE,0.301004079094287,"compound_symmetry","gaussian",0.2,1000,50,1e-06,1,"PGD",0.9,TRUE,10,1,TRUE,0.000515497024568456,10,2.82094791773878,48.9871642605401,13.8190239016698,20,487.009457633316,472.651353468794,515.996621893856,480.828481534986,545.953944629396,489.279286254171
107,-235.646457815204,155.44189594745,1.0159601042317,"gaussian","adaptive_sparse_group_lasso",1,0.175566508243234,0.5,TRUE,"identity",FALSE,0.482967975010611,"compound_symmetry","gaussian",0.2,1000,50,1e-06,1,"PGD",0.9,TRUE,10,1,TRUE,0.02447345846519,1,0.282094791773878,4.78037577805187,1.34851910971043,20,473.292915630409,471.857105213956,476.07329140846,472.641434740119,479.069023682014,473.486515212037
108,-241.990523366899,180.247504294617,1.17808826336351,"gaussian","adaptive_sparse_group_lasso",1,0.0298536684438908,0.5,TRUE,"identity",FALSE,0.278106996015822,"compound_symmetry","gaussian",0.2,1000,50,1e-06,1,"PGD",0.9,TRUE,10,1,TRUE,0.00387255688535269,6,1.69256875064327,29.2064305444013,8.23898194288113,20,495.981046733798,487.366184235084,513.187477278199,492.220028676679,531.161870919523,497.29051150819
109,-236.860732604967,161.120343892425,1.05307414308775,"gaussian","adaptive_sparse_group_lasso",1,0.040425506896702,0.5,TRUE,"identity",FALSE,0.412376853353169,"compound_symmetry","gaussian",0.2,1000,50,1e-06,1,"PGD",0.9,TRUE,10,1,TRUE,0.00273438362875652,4,1.12837916709551,20.0785240153515,5.66404705123738,20,481.721465209934,475.978223544125,493.799989225286,479.385512261172,505.782918319502,482.765834148846
110,-269.565462908431,249.129086887775,1.62829468554102,"gaussian","adaptive_sparse_group_lasso",1,0.103247016924162,0.5,TRUE,"identity",FALSE,0.385182740385366,"compound_symmetry","gaussian",0.2,1000,50,1e-06,1,"PGD",0.9,TRUE,10,1,TRUE,0.00597233123980175,1,0.282094791773878,4.59833113114909,1.29716526294884,20,541.130925816862,539.69511540041,543.729256948011,540.428091079811,546.724989221565,541.27317155173
111,-252.719892760839,199.90046165124,1.30653896504078,"gaussian","adaptive_sparse_group_lasso",1,0.0986041617884264,0.5,TRUE,"identity",FALSE,0.385016562011956,"compound_symmetry","gaussian",0.2,1000,50,1e-06,1,"PGD",0.9,TRUE,10,1,TRUE,0.0211597648637926,3,0.846284375321634,13.4715968125241,3.80026729769063,20,511.439785521678,507.132354272321,518.911382334202,509.240052819368,527.898579154864,511.775294235124
112,-237.837820591042,165.350558517325,1.0807226046884,"gaussian","adaptive_sparse_group_lasso",1,0.126294918898186,0.5,TRUE,"identity",FALSE,0.369889137671337,"compound_symmetry","gaussian",0.2,1000,50,1e-06,1,"PGD",0.9,TRUE,10,1,TRUE,0.0166550287852693,2,0.564189583547756,10.4295365134019,2.94211793104616,20,479.675641182084,476.804020349179,486.105177695486,478.61775911313,492.096642242593,480.307920056967
113,-251.626485553178,197.021513130518,1.2877223080426,"gaussian","adaptive_sparse_group_lasso",1,1.65038323572947,0.5,TRUE,"identity",FALSE,0.385701177922706,"compound_symmetry","gaussian",0.2,1000,50,1e-06,1,"PGD",0.9,TRUE,10,1,TRUE,0,0,0,0,0,20,503.252971106357,503.252971106357,503.252971106357,503.252971106357,503.252971106357,503.252971106357
114,-247.692632002188,184.713325002501,1.20727663400327,"gaussian","adaptive_sparse_group_lasso",1,0.0813770422498915,0.5,TRUE,"identity",FALSE,0.42912303623871,"compound_symmetry","gaussian",0.2,1000,50,1e-06,1,"PGD",0.9,TRUE,10,1,TRUE,0.0188065106615426,5,1.41047395886939,24.8632571819556,7.01379535756414,20,505.385264004377,498.206211922116,520.248521186332,502.399059361941,535.227182554102,506.624461721534
115,-247.799979310553,180.756862298133,1.18141740064139,"gaussian","adaptive_sparse_group_lasso",1,0.0794906594482766,0.5,TRUE,"identity",FALSE,0.513290169508099,"compound_symmetry","gaussian",0.2,1000,50,1e-06,1,"PGD",0.9,TRUE,10,1,TRUE,0.00441825422398219,1,0.282094791773878,5.21368604016876,1.47075367787578,20,497.599958621106,496.164148204654,500.813644661275,497.070712298982,503.809376934829,497.915792770901
116,-235.675202142903,156.185814758901,1.02082231868563,"gaussian","adaptive_sparse_group_lasso",1,0.0972840668271521,0.5,TRUE,"identity",FALSE,0.466805767516069,"compound_symmetry","gaussian",0.2,1000,50,1e-06,1,"PGD",0.9,TRUE,10,1,TRUE,0.0192460066091793,4,1.12837916709551,20.2126098849009,5.70187197668775,20,479.350404285806,473.607162619997,491.563014170707,477.052276262494,503.545943264923,480.432598150168
117,-258.934724831053,211.878647434189,1.38482776100777,"gaussian","adaptive_sparse_group_lasso",1,0.163231372537585,0.5,TRUE,"identity",FALSE,0.463467812087576,"compound_symmetry","gaussian",0.2,1000,50,1e-06,1,"PGD",0.9,TRUE,10,1,TRUE,0.00688787502115775,1,0.282094791773878,4.62801843716041,1.30553989735644,20,519.869449662106,518.433639245653,522.497468099266,519.174989559462,525.49320037282,520.020070031381
118,-251.188808225563,198.278095638221,1.29593526560929,"gaussian","adaptive_sparse_group_lasso",1,1.30948567597669,0.5,TRUE,"identity",FALSE,0.348199219463114,"compound_symmetry","gaussian",0.2,1000,50,1e-06,1,"PGD",0.9,TRUE,10,1,TRUE,0,0,0,0,0,20,502.377616451126,502.377616451126,502.377616451126,502.377616451126,502.377616451126,502.377616451126
119,-237.304111423608,162.728179184757,1.06358287048861,"gaussian","adaptive_sparse_group_lasso",1,0.135978155179122,0.5,TRUE,"identity",FALSE,0.398694770607028,"compound_symmetry","gaussian",0.2,1000,50,1e-06,1,"PGD",0.9,TRUE,10,1,TRUE,0.0418947972303412,4,1.12837916709551,18.7185437176464,5.2804036923397,20,482.608222847217,476.864981181408,493.326766564863,479.888626539556,505.309695659079,483.26894842723
120,-247.436554747655,189.20341529605,1.23662362938595,"gaussian","adaptive_sparse_group_lasso",1,0.0799299529706107,0.5,TRUE,"identity",FALSE,0.341620346443225,"compound_symmetry","gaussian",0.2,1000,50,1e-06,1,"PGD",0.9,TRUE,10,1,TRUE,0.013784000815159,2,0.564189583547756,10.1954910639868,2.8760949287278,20,498.873109495309,496.001488662405,505.068600559296,497.749204424037,511.060065106404,499.439365367874
121,-250.905695772607,200.372878106855,1.30962665429317,"gaussian","adaptive_sparse_group_lasso",1,0.0245432949332902,0.5,TRUE,"identity",FALSE,0.307056616410879,"compound_symmetry","gaussian",0.2,1000,50,1e-06,1,"PGD",0.9,TRUE,10,1,TRUE,0.00504016711536316,11,3.10304270951266,54.7014620693362,15.4309975521761,20,523.811391545215,508.01747696424,556.512853614551,517.242389097391,589.465908623645,526.538274288494
122,-250.003729813016,190.106973800607,1.24252924052685,"gaussian","adaptive_sparse_group_lasso",1,3.48908287671199,0.5,TRUE,"identity",FALSE,0.434047358488098,"compound_symmetry","gaussian",0.2,1000,50,1e-06,1,"PGD",0.9,TRUE,10,1,TRUE,0,0,0,0,0,20,500.007459626031,500.007459626031,500.007459626031,500.007459626031,500.007459626031,500.007459626031
123,-252.286291079562,200.395809390091,1.30977653196138,"gaussian","adaptive_sparse_group_lasso",1,0.146853431272079,0.5,TRUE,"identity",FALSE,0.359500923051517,"compound_symmetry","gaussian",0.2,1000,50,1e-06,1,"PGD",0.9,TRUE,10,1,TRUE,0.0192427971811928,1,0.282094791773878,4.78037577805187,1.34851910971043,20,506.572582159124,505.136771742672,509.352957937176,505.921101268835,512.34869021073,506.766181740753
124,-243.421257216235,179.518565178246,1.17332395541337,"gaussian","adaptive_sparse_group_lasso",1,0.121282501350308,0.5,TRUE,"identity",FALSE,0.341788334469833,"compound_symmetry","gaussian",0.2,1000,50,1e-06,1,"PGD",0.9,TRUE,10,1,TRUE,0.0240971924260944,2,0.564189583547756,9.52865519089081,2.68798400195943,20,490.84251443247,487.970893599566,496.371169623361,489.53049843443,502.362634170469,491.220659378267
125,-234.765506891578,156.291131016952,1.02151066024151,"gaussian","adaptive_sparse_group_lasso",1,0.202402765880256,0.5,TRUE,"identity",FALSE,0.422639101209421,"compound_symmetry","gaussian",0.2,1000,50,1e-06,1,"PGD",0.9,TRUE,10,1,TRUE,0.0389905201905609,1,0.282094791773878,4.59590363319514,1.29648047841899,20,471.531013783156,470.095203366703,474.126917416351,470.827494261574,477.122649689905,471.672574733493
126,-232.75077681284,154.169955847694,1.00764677024637,"gaussian","adaptive_sparse_group_lasso",1,0.106881048949563,0.5,TRUE,"identity",FALSE,0.380963466039139,"compound_symmetry","gaussian",0.2,1000,50,1e-06,1,"PGD",0.9,TRUE,10,1,TRUE,0.0104679757989185,3,0.846284375321634,14.8397888725958,4.18622715198324,20,471.501553625681,467.194122376324,480.341342498276,469.687780777664,489.328539318938,472.223022193419
127,-262.239700176398,218.582675891184,1.42864494046525,"gaussian","adaptive_sparse_group_lasso",1,0.153163217825868,0.5,TRUE,"identity",FALSE,0.508434797289172,"compound_symmetry","gaussian",0.2,1000,50,1e-06,1,"PGD",0.9,TRUE,10,1,TRUE,0.0539989566008182,3,0.846284375321634,15.2457426855399,4.3007446083155,20,530.479400352796,526.171969103439,539.725143038336,528.780144961112,548.712339858998,531.315386376867
128,-238.087843401202,165.263280015173,1.08015215696192,"gaussian","adaptive_sparse_group_lasso",1,0.111678428400246,0.5,TRUE,"identity",FALSE,0.381858819275703,"compound_symmetry","gaussian",0.2,1000,50,1e-06,1,"PGD",0.9,TRUE,10,1,TRUE,0.014318559944232,3,0.846284375321634,14.4566168652645,4.07813632436152,20,482.175686802404,477.868255553048,490.632303667669,480.253823126766,499.619500488331,482.789064542521
129,-246.467616454304,189.014851196502,1.23539118429086,"gaussian","adaptive_sparse_group_lasso",1,0.084215608284622,0.5,TRUE,"identity",FALSE,0.30800587924716,"compound_symmetry","gaussian",0.2,1000,50,1e-06,1,"PGD",0.9,TRUE,10,1,TRUE,0.0173206538216351,3,0.846284375321634,14.8144796271325,4.1790875456543,20,498.935232908607,494.627801659251,507.74971253574,497.114320454262,516.736909356402,499.649561870017
130,-260.751755744286,220.463011098784,1.44093471306395,"gaussian","adaptive_sparse_group_lasso",1,1.7867839357279,0.5,TRUE,"identity",FALSE,0.408117000281058,"compound_symmetry","gaussian",0.2,1000,50,1e-06,1,"PGD",0.9,TRUE,10,1,TRUE,0,0,0,0,0,20,521.503511488572,521.503511488572,521.503511488572,521.503511488572,521.503511488572,521.503511488572
131,-251.690269507035,199.027620402778,1.30083412027959,"gaussian","adaptive_sparse_group_lasso",1,1.60160284344456,0.5,TRUE,"identity",FALSE,0.356624881136615,"compound_symmetry","gaussian",0.2,1000,50,1e-06,1,"PGD",0.9,TRUE,10,1,TRUE,0,0,0,0,0,20,503.38053901407,503.38053901407,503.38053901407,503.38053901407,503.38053901407,503.38053901407
132,-255.147106647636,202.039425502851,1.32051912093367,"gaussian","adaptive_sparse_group_lasso",1,1.9494770354509,0.5,TRUE,"identity",FALSE,0.456417600567879,"compound_symmetry","gaussian",0.2,1000,50,1e-06,1,"PGD",0.9,TRUE,10,1,TRUE,0,0,0,0,0,20,510.294213295272,510.294213295272,510.294213295272,510.294213295272,510.294213295272,510.294213295272
133,-263.708976669322,225.155960888567,1.47160758750697,"gaussian","adaptive_sparse_group_lasso",1,2.25102813485499,0.5,TRUE,"identity",FALSE,0.469380886522689,"compound_symmetry","gaussian",0.2,1000,50,1e-06,1,"PGD",0.9,TRUE,10,1,TRUE,0,0,0,0,0,20,527.417953338644,527.417953338644,527.417953338644,527.417953338644,527.417953338644,527.417953338644
134,-247.786938137227,192.597141716971,1.25880484782334,"gaussian","adaptive_sparse_group_lasso",1,0.132899545798642,0.5,TRUE,"identity",FALSE,0.303754489475855,"compound_symmetry","gaussian",0.2,1000,50,1e-06,1,"PGD",0.9,TRUE,10,1,TRUE,0.0360361022201938,3,0.846284375321634,15.0438684248133,4.24379693077132,20,501.573876274454,497.266445025097,510.617744699267,499.817673205225,519.604941519929,502.352914620981
135,-252.413611652007,203.347765223083,1.32907036093518,"gaussian","adaptive_sparse_group_lasso",1,0.241319114986101,0.5,TRUE,"identity",FALSE,0.321103219599223,"compound_symmetry","gaussian",0.2,1000,50,1e-06,1,"PGD",0.9,TRUE,10,1,TRUE,0.133903631201144,3,0.846284375321634,15.1808113902207,4.28242782808282,20,510.827223304014,506.519792054657,520.008034694234,509.109651132096,528.995231514896,511.644892547852
136,-248.177801479873,193.204057159808,1.26277161542358,"gaussian","adaptive_sparse_group_lasso",1,0.153368830493161,0.5,TRUE,"identity",FALSE,0.309219027475309,"compound_symmetry","gaussian",0.2,1000,50,1e-06,1,"PGD",0.9,TRUE,10,1,TRUE,0.0394289545774728,2,0.564189583547756,9.92635427540842,2.80017284239508,20,500.355602959747,497.483982126842,506.281957235155,499.155775802142,512.273421782263,500.845936745979
137,-242.249041978587,178.292914928478,1.16531316946717,"gaussian","adaptive_sparse_group_lasso",1,0.119532215957883,0.5,TRUE,"identity",FALSE,0.317167374644828,"compound_symmetry","gaussian",0.2,1000,50,1e-06,1,"PGD",0.9,TRUE,10,1,TRUE,0.017401055172826,3,0.846284375321634,15.0736620767695,4.2522015648161,20,490.498083957174,486.190652707817,499.571746033943,488.75028552199,508.558942854605,491.285526937745
138,-224.163317665596,134.150761868012,0.876802365150405,"gaussian","adaptive_sparse_group_lasso",1,0.0237065987774475,0.5,TRUE,"identity",FALSE,0.47264168578082,"compound_symmetry","gaussian",0.2,1000,50,1e-06,1,"PGD",0.9,TRUE,10,1,TRUE,0.00218962457864059,6,1.69256875064327,30.0594570173006,8.47961626813125,20,460.326635331192,451.711772832478,478.386092348492,456.806251599323,496.360485989816,461.876734430834
139,-223.067317631906,135.746173853203,0.887229894465379,"gaussian","adaptive_sparse_group_lasso",1,0.125893643009953,0.5,TRUE,"identity",FALSE,0.383154277868247,"compound_symmetry","gaussian",0.2,1000,50,1e-06,1,"PGD",0.9,TRUE,10,1,TRUE,0.0253110136069643,3,0.846284375321634,14.8812589417887,4.19792564251704,20,452.134635263813,447.827204014456,461.015894205602,450.33256090633,470.003091026264,452.867802322085
140,-228.313142194566,146.725714692185,0.95899159929533,"gaussian","adaptive_sparse_group_lasso",1,0.112993317345772,0.5,TRUE,"identity",FALSE,0.35447878546448,"compound_symmetry","gaussian",0.2,1000,50,1e-06,1,"PGD",0.9,TRUE,10,1,TRUE,0.0385056478574055,5,1.41047395886939,24.4390659574499,6.89413322241489,20,466.626284389132,459.447232306871,481.065350346582,463.520417611547,496.044011714352,467.74581997114
141,-242.17193565113,174.475107180711,1.14036017765171,"gaussian","adaptive_sparse_group_lasso",1,2.28074210203255,0.5,TRUE,"identity",FALSE,0.379140638615251,"compound_symmetry","gaussian",0.2,1000,50,1e-06,1,"PGD",0.9,TRUE,10,1,TRUE,0,0,0,0,0,20,484.343871302259,484.343871302259,484.343871302259,484.343871302259,484.343871302259,484.343871302259
142,-245.839641718674,184.309673808795,1.20463839090716,"gaussian","adaptive_sparse_group_lasso",1,0.157341283951589,0.5,TRUE,"identity",FALSE,0.357685993341911,"compound_symmetry","gaussian",0.2,1000,50,1e-06,1,"PGD",0.9,TRUE,10,1,TRUE,0.020270736818296,2,0.564189583547756,10.1702674843227,2.86897948827464,20,495.679283437348,492.807662604443,501.849550921671,494.548262925623,507.841015468779,496.23842386946
143,-239.208298656694,166.096542904858,1.0855983196396,"gaussian","adaptive_sparse_group_lasso",1,2.08895905202023,0.5,TRUE,"identity",FALSE,0.413279234664183,"compound_symmetry","gaussian",0.2,1000,50,1e-06,1,"PGD",0.9,TRUE,10,1,TRUE,0,0,0,0,0,20,478.416597313389,478.416597313389,478.416597313389,478.416597313389,478.416597313389,478.416597313389
144,-232.62000533144,153.767625153755,1.00501715786768,"gaussian","adaptive_sparse_group_lasso",1,0.0802476139087715,0.5,TRUE,"identity",FALSE,0.383843985598446,"compound_symmetry","gaussian",0.2,1000,50,1e-06,1,"PGD",0.9,TRUE,10,1,TRUE,0.00947062044186601,3,0.846284375321634,14.4783489615298,4.08426683553229,20,471.240010662881,466.932579413524,479.718359624411,469.324277498413,488.705556445073,471.859518914169
145,-239.378949603061,175.959141779233,1.15005975019107,"gaussian","adaptive_sparse_group_lasso",1,0.052912769286965,0.5,TRUE,"identity",FALSE,0.252345550013826,"compound_symmetry","gaussian",0.2,1000,50,1e-06,1,"PGD",0.9,TRUE,10,1,TRUE,0.00312330858349127,3,0.846284375321634,15.0609394371885,4.24861257445268,20,484.757899206121,480.450467956765,493.81883864331,483.006511780574,502.806035463972,485.541753196329
146,-252.7906673123,201.242888714103,1.31531299813139,"gaussian","adaptive_sparse_group_lasso",1,0.237346811294718,0.5,TRUE,"identity",FALSE,0.366829638694365,"compound_symmetry","gaussian",0.2,1000,50,1e-06,1,"PGD",0.9,TRUE,10,1,TRUE,0.0459276987259105,1,0.282094791773878,4.62826660137371,1.30560990318851,20,507.5813346246,506.145524208148,510.209601225973,506.886944527788,513.205333499527,507.732024999707
147,-247.172609313841,187.042716384451,1.22250141427746,"gaussian","adaptive_sparse_group_lasso",1,0.0914097975616,0.5,TRUE,"identity",FALSE,0.366013204761907,"compound_symmetry","gaussian",0.2,1000,50,1e-06,1,"PGD",0.9,TRUE,10,1,TRUE,0.0283894195770808,4,1.12837916709551,20.2088186397902,5.70080248618769,20,502.345218627682,496.601976961873,514.554037267472,500.046021113869,526.536966361688,503.426343001543
148,-245.739044579645,182.197904289563,1.19083597574878,"gaussian","adaptive_sparse_group_lasso",1,2.34030151143188,0.5,TRUE,"identity",FALSE,0.389751309836128,"compound_symmetry","gaussian",0.2,1000,50,1e-06,1,"PGD",0.9,TRUE,10,1,TRUE,0,0,0,0,0,20,491.47808915929,491.47808915929,491.47808915929,491.47808915929,491.47808915929,491.47808915929
149,-253.043796010623,204.364295104532,1.33571434708844,"gaussian","adaptive_sparse_group_lasso",1,0.138606678793679,0.5,TRUE,"identity",FALSE,0.330488985221153,"compound_symmetry","gaussian",0.2,1000,50,1e-06,1,"PGD",0.9,TRUE,10,1,TRUE,0.0346580662973376,1,0.282094791773878,4.59420410903434,1.29600105150474,20,508.087592021247,506.651781604795,510.681796130281,507.383593072752,513.677528403835,508.22867354467
150,-265.267769607986,233.318629507418,1.52495836279358,"gaussian","adaptive_sparse_group_lasso",1,0.247829838666504,0.5,TRUE,"identity",FALSE,0.416002022521336,"compound_symmetry","gaussian",0.2,1000,50,1e-06,1,"PGD",0.9,TRUE,10,1,TRUE,0.025186523703346,1,0.282094791773878,5.06193274870502,1.42794486471932,20,532.535539215972,531.09972879952,535.597471964677,531.963484080691,538.593204238231,532.80856455261
151,-243.232510610928,184.206243021294,1.2039623726882,"gaussian","adaptive_sparse_group_lasso",1,0.111946778754081,0.5,TRUE,"identity",FALSE,0.263873598386113,"compound_symmetry","gaussian",0.2,1000,50,1e-06,1,"PGD",0.9,TRUE,10,1,TRUE,0.0182895605902902,2,0.564189583547756,9.07760173736407,2.56074417190791,20,490.465021221856,487.593400388952,495.54262295922,489.025765393764,501.534087506328,490.715926337601
152,-251.39061302764,202.519693969179,1.32365813051751,"gaussian","adaptive_sparse_group_lasso",1,0.0388149414074006,0.5,TRUE,"identity",FALSE,0.295160693764553,"compound_symmetry","gaussian",0.2,1000,50,1e-06,1,"PGD",0.9,TRUE,10,1,TRUE,0.00768670285862094,6,1.69256875064327,29.6836397652703,8.37360017867475,20,514.78122605528,506.166363556566,532.46486582055,511.154826233954,550.439259461874,516.225309065465
153,-237.696119207749,167.645834557687,1.09572440887377,"gaussian","adaptive_sparse_group_lasso",1,1.43490614022772,0.5,TRUE,"identity",FALSE,0.323048519437547,"compound_symmetry","gaussian",0.2,1000,50,1e-06,1,"PGD",0.9,TRUE,10,1,TRUE,0,0,0,0,0,20,475.392238415498,475.392238415498,475.392238415498,475.392238415498,475.392238415498,475.392238415498
154,-258.640193836875,213.312045192735,1.39419637380872,"gaussian","adaptive_sparse_group_lasso",1,0.0857347095623606,0.5,TRUE,"identity",FALSE,0.426225245482588,"compound_symmetry","gaussian",0.2,1000,50,1e-06,1,"PGD",0.9,TRUE,10,1,TRUE,0.00834812102908222,2,0.564189583547756,9.75098122052125,2.75070101699394,20,521.280387673751,518.408766840846,527.031368894272,520.031088690744,533.02283344138,521.721249634581
155,-235.493067416877,160.166776968934,1.04684167953552,"gaussian","adaptive_sparse_group_lasso",1,0.0694442317645128,0.5,TRUE,"identity",FALSE,0.373652508368961,"compound_symmetry","gaussian",0.2,1000,50,1e-06,1,"PGD",0.9,TRUE,10,1,TRUE,0.00950291042707112,4,1.12837916709551,20.2250471790557,5.70538047259258,20,478.986134833753,473.242893167944,491.211182012809,476.691515306346,503.194111107025,480.07183719402
156,-259.29946359558,219.66070052165,1.43569085308268,"gaussian","adaptive_sparse_group_lasso",1,0.154686843859816,0.5,TRUE,"identity",FALSE,0.359150946022482,"compound_symmetry","gaussian",0.2,1000,50,1e-06,1,"PGD",0.9,TRUE,10,1,TRUE,0.0208830666620145,2,0.564189583547756,10.4757396188866,2.95515158646719,20,522.598927191161,519.727306358256,529.074666810047,521.554078777628,535.066131357155,523.244239721465
157,-252.608246321425,199.914067752544,1.30662789380748,"gaussian","adaptive_sparse_group_lasso",1,0.281388361086771,0.5,TRUE,"identity",FALSE,0.380145963128025,"compound_symmetry","gaussian",0.2,1000,50,1e-06,1,"PGD",0.9,TRUE,10,1,TRUE,0.0260151487612382,1,0.282094791773878,5.30321027490889,1.49600799823351,20,507.21649264285,505.780682226398,510.519702917759,506.712500641084,513.515435191313,507.557581113002
158,-235.606988219202,163.963555072273,1.0716572226946,"gaussian","adaptive_sparse_group_lasso",1,0.114147292434941,0.5,TRUE,"identity",FALSE,0.308599246862741,"compound_symmetry","gaussian",0.2,1000,50,1e-06,1,"PGD",0.9,TRUE,10,1,TRUE,0.0322756571227921,4,1.12837916709551,19.8431807907734,5.59765795330463,20,479.213976438403,473.470734772594,491.057157229176,476.811634391708,503.040086323392,480.191956279382
159,-226.887067680351,150.350465433399,0.98268278061045,"gaussian","adaptive_sparse_group_lasso",1,0.0887013898524566,0.5,TRUE,"identity",FALSE,0.237611752537881,"compound_symmetry","gaussian",0.2,1000,50,1e-06,1,"PGD",0.9,TRUE,10,1,TRUE,0.0349638600609382,5,1.41047395886939,25.1174130263875,7.08549139757727,20,463.774135360702,456.59508327844,478.891548387089,460.859626758279,493.870209754859,465.085029117871
160,-243.740720913267,170.380101518957,1.11359543476442,"gaussian","adaptive_sparse_group_lasso",1,0.114173595887117,0.5,TRUE,"identity",FALSE,0.537146076145613,"compound_symmetry","gaussian",0.2,1000,50,1e-06,1,"PGD",0.9,TRUE,10,1,TRUE,0.022321643329829,2,0.564189583547756,9.03600598874523,2.5490102278626,20,491.481441826534,488.60982099363,496.51744781528,490.030452054397,502.508912362388,491.720612998234
161,-252.623697776616,201.725280304855,1.31846588434546,"gaussian","adaptive_sparse_group_lasso",1,2.06859341590852,0.5,TRUE,"identity",FALSE,0.352788874795932,"compound_symmetry","gaussian",0.2,1000,50,1e-06,1,"PGD",0.9,TRUE,10,1,TRUE,0,0,0,0,0,20,505.247395553233,505.247395553233,505.247395553233,505.247395553233,505.247395553233,505.247395553233
162,-229.92572087511,149.083617279489,0.974402727316918,"gaussian","adaptive_sparse_group_lasso",1,0.0829671948869352,0.5,TRUE,"identity",FALSE,0.370308616274719,"compound_symmetry","gaussian",0.2,1000,50,1e-06,1,"PGD",0.9,TRUE,10,1,TRUE,0.0217156459051422,5,1.41047395886939,25.03959435252,7.06353915497651,20,469.851441750221,462.672389667959,484.891036102741,466.914980905197,499.869697470511,471.14038326479
163,-251.242682865686,202.536460000477,1.32376771242142,"gaussian","adaptive_sparse_group_lasso",1,0.0594773514071138,0.5,TRUE,"identity",FALSE,0.289699435312399,"compound_symmetry","gaussian",0.2,1000,50,1e-06,1,"PGD",0.9,TRUE,10,1,TRUE,0.0101237353806059,4,1.12837916709551,19.7308945613262,5.56598259278967,20,510.485365731371,504.742124065562,522.216260292697,508.051348324161,534.199189386913,511.431670211835
164,-250.762618679516,192.107213787131,1.25560270449105,"gaussian","adaptive_sparse_group_lasso",1,0.171728619900941,0.5,TRUE,"identity",FALSE,0.43215887670398,"compound_symmetry","gaussian",0.2,1000,50,1e-06,1,"PGD",0.9,TRUE,10,1,TRUE,0.0493263269204129,3,0.846284375321634,14.6014445803685,4.11899146849688,20,507.525237359033,503.217806109676,516.126681939401,505.64422882753,525.113878760063,508.179470243285
165,-236.721829265934,162.118862354075,1.05960040754298,"gaussian","adaptive_sparse_group_lasso",1,0.0777365937514019,0.5,TRUE,"identity",FALSE,0.386185456381066,"compound_symmetry","gaussian",0.2,1000,50,1e-06,1,"PGD",0.9,TRUE,10,1,TRUE,0.00582646548414519,1,0.282094791773878,5.30216965070048,1.49571444356413,20,475.443658531869,474.007848115417,478.745828182569,474.939372975433,481.741560456123,475.784453447351
166,-253.825404010197,203.552251855969,1.33040687487561,"gaussian","adaptive_sparse_group_lasso",1,0.159670621199592,0.5,TRUE,"identity",FALSE,0.373436664592192,"compound_symmetry","gaussian",0.2,1000,50,1e-06,1,"PGD",0.9,TRUE,10,1,TRUE,0.0166390973874535,1,0.282094791773878,4.62826660137371,1.30560990318851,20,509.650808020393,508.214997603941,512.279074621767,508.956417923582,515.274806895321,509.8014983955
167,-241.041677786786,176.830534704652,1.15575512878857,"gaussian","adaptive_sparse_group_lasso",1,0.0942007956936082,0.5,TRUE,"identity",FALSE,0.296155806582548,"compound_symmetry","gaussian",0.2,1000,50,1e-06,1,"PGD",0.9,TRUE,10,1,TRUE,0.0142579844630016,4,1.12837916709551,19.9296259003762,5.62204366849792,20,490.083355573572,484.340113907763,502.012981473948,487.70539924207,513.995910568164,491.085721129744
168,-211.028464694173,126.581572357164,0.827330538282118,"gaussian","adaptive_sparse_group_lasso",1,0.0312814259879768,0.5,TRUE,"identity",FALSE,0.160396053215834,"compound_symmetry","gaussian",0.2,1000,50,1e-06,1,"PGD",0.9,TRUE,10,1,TRUE,0.00400283022459385,5,1.41047395886939,24.3938707375796,6.88138388627642,20,432.056929388346,424.877877306085,446.450800125925,428.938313274622,461.429461493695,433.163715634215
169,-246.245904079512,178.844543136415,1.16891858259095,"gaussian","adaptive_sparse_group_lasso",1,0.325629295720254,0.5,TRUE,"identity",FALSE,0.476713874924526,"compound_symmetry","gaussian",0.2,1000,50,1e-06,1,"PGD",0.9,TRUE,10,1,TRUE,0.0644610675116837,1,0.282094791773878,4.82793307954335,1.361934776772,20,494.491808159024,493.055997742572,497.319741238567,493.853742935796,500.315473512121,494.698823407715
170,-231.263019589693,149.2694032437,0.975617014664706,"gaussian","adaptive_sparse_group_lasso",1,0.0714617368594309,0.5,TRUE,"identity",FALSE,0.42326364193348,"compound_symmetry","gaussian",0.2,1000,50,1e-06,1,"PGD",0.9,TRUE,10,1,TRUE,0.00934203837547918,3,0.846284375321634,15.1016146969588,4.26008685338792,20,468.526039179386,464.218607930029,477.627653876345,466.786126032774,486.614850697007,469.321367448529
171,-256.231979246267,204.629893611781,1.33745028504432,"gaussian","adaptive_sparse_group_lasso",1,0.0889109406645686,0.5,TRUE,"identity",FALSE,0.461593411369332,"compound_symmetry","gaussian",0.2,1000,50,1e-06,1,"PGD",0.9,TRUE,10,1,TRUE,0.0240850195641991,4,1.12837916709551,19.7314016252964,5.56612563289476,20,520.463958492533,514.720716826724,532.195360117829,518.030084125428,544.178289212045,521.410406013102
172,-258.531451251385,213.009843375277,1.39222119853122,"gaussian","adaptive_sparse_group_lasso",1,1.77499920758468,0.5,TRUE,"identity",FALSE,0.42621240803466,"compound_symmetry","gaussian",0.2,1000,50,1e-06,1,"PGD",0.9,TRUE,10,1,TRUE,0,0,0,0,0,20,517.062902502769,517.062902502769,517.062902502769,517.062902502769,517.062902502769,517.062902502769
173,-252.135415269292,193.270034528626,1.26320284005638,"gaussian","adaptive_sparse_group_lasso",1,2.12955588183668,0.5,TRUE,"identity",FALSE,0.474564469049344,"compound_symmetry","gaussian",0.2,1000,50,1e-06,1,"PGD",0.9,TRUE,10,1,TRUE,0,0,0,0,0,20,504.270830538584,504.270830538584,504.270830538584,504.270830538584,504.270830538584,504.270830538584
174,-235.319551392346,163.133725183354,1.06623349793042,"gaussian","adaptive_sparse_group_lasso",1,0.0393709543270047,0.5,TRUE,"identity",FALSE,0.3122920849085,"compound_symmetry","gaussian",0.2,1000,50,1e-06,1,"PGD",0.9,TRUE,10,1,TRUE,0.00636598500041717,7,1.97466354241715,35.1583888684955,9.91799838696329,20,484.639102784692,474.588429869527,505.797491653188,480.557101171656,526.767617568066,486.472664475085
175,-242.980789668148,175.608665326745,1.14776905442317,"gaussian","adaptive_sparse_group_lasso",1,0.0865131941277617,0.5,TRUE,"identity",FALSE,0.392272689984386,"compound_symmetry","gaussian",0.2,1000,50,1e-06,1,"PGD",0.9,TRUE,10,1,TRUE,0.0175908979505346,3,0.846284375321634,15.3808669821007,4.33886246861743,20,491.961579336295,487.654148086939,501.342446318396,490.300441804913,510.329643139058,492.835683220668
176,-232.62678849038,159.515736524771,1.0425865132338,"gaussian","adaptive_sparse_group_lasso",1,0.204787520297558,0.5,TRUE,"identity",FALSE,0.277545785446947,"compound_symmetry","gaussian",0.2,1000,50,1e-06,1,"PGD",0.9,TRUE,10,1,TRUE,0.0228824767886026,1,0.282094791773878,4.65961495791237,1.31445311129874,20,467.25357698076,465.817766564308,469.913191938673,466.568030092059,472.908924212227,467.413110563978
177,-251.145410522013,190.72408741935,1.24656266287157,"gaussian","adaptive_sparse_group_lasso",1,0.10132597577569,0.5,TRUE,"identity",FALSE,0.475738180249526,"compound_symmetry","gaussian",0.2,1000,50,1e-06,1,"PGD",0.9,TRUE,10,1,TRUE,0.0193563016625134,2,0.564189583547756,9.77445365388469,2.75732246819602,20,506.290821044027,503.419200211122,512.065274697911,505.048143512223,518.056739245019,506.73830445606
178,-252.055523729523,198.900282343582,1.30000184538289,"gaussian","adaptive_sparse_group_lasso",1,2.59880649695002,0.5,TRUE,"identity",FALSE,0.373384672457123,"compound_symmetry","gaussian",0.2,1000,50,1e-06,1,"PGD",0.9,TRUE,10,1,TRUE,0,0,0,0,0,20,504.111047459047,504.111047459047,504.111047459047,504.111047459047,504.111047459047,504.111047459047
179,-249.243134742146,185.75871628611,1.21410925677196,"gaussian","adaptive_sparse_group_lasso",1,1.38721402052831,0.5,TRUE,"identity",FALSE,0.481326046263199,"compound_symmetry","gaussian",0.2,1000,50,1e-06,1,"PGD",0.9,TRUE,10,1,TRUE,0,0,0,0,0,20,498.486269484293,498.486269484293,498.486269484293,498.486269484293,498.486269484293,498.486269484293
180,-233.139188597741,149.052781666283,0.974201187361326,"gaussian","adaptive_sparse_group_lasso",1,0.0399241286471974,0.5,TRUE,"identity",FALSE,0.517986587496702,"compound_symmetry","gaussian",0.2,1000,50,1e-06,1,"PGD",0.9,TRUE,10,1,TRUE,0.00448481278873453,4,1.12837916709551,19.5719265551281,5.52113854618249,20,474.278377195482,468.535135529673,485.850303750611,471.799515741665,497.833232844827,475.179837629339
181,-238.430869877158,170.907680804051,1.11704366538596,"gaussian","adaptive_sparse_group_lasso",1,1.96626847126667,0.5,TRUE,"identity",FALSE,0.29599241418295,"compound_symmetry","gaussian",0.2,1000,50,1e-06,1,"PGD",0.9,TRUE,10,1,TRUE,0,0,0,0,0,20,476.861739754315,476.861739754315,476.861739754315,476.861739754315,476.861739754315,476.861739754315
182,-246.728159041329,184.60795353747,1.20658793161745,"gaussian","adaptive_sparse_group_lasso",1,0.082721450562174,0.5,TRUE,"identity",FALSE,0.389069843860131,"compound_symmetry","gaussian",0.2,1000,50,1e-06,1,"PGD",0.9,TRUE,10,1,TRUE,0.0100064393949051,3,0.846284375321634,15.2819606758883,4.3109615147613,20,499.456318082658,495.148886833301,508.738278758546,497.767279597419,517.725475579208,500.302521013175
183,-250.124901764587,193.904312073778,1.26734844492665,"gaussian","adaptive_sparse_group_lasso",1,0.149554687608025,0.5,TRUE,"identity",FALSE,0.37401901934753,"compound_symmetry","gaussian",0.2,1000,50,1e-06,1,"PGD",0.9,TRUE,10,1,TRUE,0.0486562243316684,5,1.41047395886939,24.5514217387482,6.92582820314484,20,510.249803529175,503.070751446914,524.801225267923,507.17563173232,539.779886635693,511.401034091912
184,-242.708646782844,175.540769027635,1.14732528776232,"gaussian","adaptive_sparse_group_lasso",1,0.0678394407539529,0.5,TRUE,"identity",FALSE,0.382085554784229,"compound_symmetry","gaussian",0.2,1000,50,1e-06,1,"PGD",0.9,TRUE,10,1,TRUE,0.0181432115844436,6,1.69256875064327,30.1915738570254,8.51688574052324,20,497.417293565688,488.802431066974,515.608867422713,493.934179306211,533.583261064037,499.004662137722
185,-256.293242384432,205.035417006706,1.34010076474971,"gaussian","adaptive_sparse_group_lasso",1,0.0486997031454165,0.5,TRUE,"identity",FALSE,0.457356629048383,"compound_symmetry","gaussian",0.2,1000,50,1e-06,1,"PGD",0.9,TRUE,10,1,TRUE,0.00504697065157305,3,0.846284375321634,15.0497371422122,4.24545246538394,20,518.586484768865,514.279053519508,527.636221911077,516.831937234249,536.623418731739,519.367178650004
186,-244.901410434437,179.171126816651,1.1710531164487,"gaussian","adaptive_sparse_group_lasso",1,0.155825387864183,0.5,TRUE,"identity",FALSE,0.408763790998173,"compound_symmetry","gaussian",0.2,1000,50,1e-06,1,"PGD",0.9,TRUE,10,1,TRUE,0.0311248995879702,1,0.282094791773878,4.85367985720017,1.36919780865395,20,491.802820868874,490.367010452421,494.656500726074,491.172018677528,497.652232999628,492.017099149446
187,-246.283110329872,186.061586175501,1.21608879853269,"gaussian","adaptive_sparse_group_lasso",1,0.0367398448661698,0.5,TRUE,"identity",FALSE,0.346596350976468,"compound_symmetry","gaussian",0.2,1000,50,1e-06,1,"PGD",0.9,TRUE,10,1,TRUE,0.00892256440263704,9,2.5388531259649,45.2612449921392,12.767961481484,20,510.566220659745,497.643926911674,537.827465651884,505.334182141229,564.78905611387,512.939906388495
188,-245.454777897626,185.240582653945,1.21072276244409,"gaussian","adaptive_sparse_group_lasso",1,0.106237286436103,0.5,TRUE,"identity",FALSE,0.327717666930451,"compound_symmetry","gaussian",0.2,1000,50,1e-06,1,"PGD",0.9,TRUE,10,1,TRUE,0.0239522553121206,4,1.12837916709551,19.8378906790115,5.5961656403287,20,498.909555795253,493.166314129444,510.747446474264,496.505721435581,522.73037556848,499.886043323255
189,-239.774295438231,168.687464435587,1.10253244729142,"gaussian","adaptive_sparse_group_lasso",1,0.0142022581642402,0.5,TRUE,"identity",FALSE,0.386774751414031,"compound_symmetry","gaussian",0.2,1000,50,1e-06,1,"PGD",0.9,TRUE,10,1,TRUE,0.000687686737392071,6,1.69256875064327,30.0920803823637,8.4888191495057,20,491.548590876462,482.933728377749,509.640671258826,488.037410025968,527.61506490015,493.107892857479
190,-229.54735785676,146.477682749023,0.957370475483809,"gaussian","adaptive_sparse_group_lasso",1,0.0124937741895796,0.5,TRUE,"identity",FALSE,0.411303071008629,"compound_symmetry","gaussian",0.2,1000,50,1e-06,1,"PGD",0.9,TRUE,10,1,TRUE,0.00131740049036649,11,3.10304270951266,54.5227477096917,15.3805831621052,20,481.09471571352,465.300801132546,513.617463423212,474.475298875626,546.570518432306,483.771184066729
191,-222.779178440246,137.406850343221,0.89808398917138,"gaussian","adaptive_sparse_group_lasso",1,0.0106172175611844,0.5,TRUE,"identity",FALSE,0.334410916395654,"compound_symmetry","gaussian",0.2,1000,50,1e-06,1,"PGD",0.9,TRUE,10,1,TRUE,0.00139818456305676,13,3.66723229306042,62.7192644223117,17.6927778374228,20,471.558356880493,452.892821466613,508.277621302804,463.251134717915,547.222140859006,474.237180852856
192,-250.59929072657,191.757594519885,1.25331761124108,"gaussian","adaptive_sparse_group_lasso",1,0.21793997098783,0.5,TRUE,"identity",FALSE,0.431078377861676,"compound_symmetry","gaussian",0.2,1000,50,1e-06,1,"PGD",0.9,TRUE,10,1,TRUE,0.0226459576006769,1,0.282094791773878,5.23339093033962,1.47631232476546,20,503.19858145314,501.762771036688,506.43197238348,502.674893777906,509.427704657034,503.519974249824
193,-252.027183871185,193.737459662467,1.26625790629063,"gaussian","adaptive_sparse_group_lasso",1,0.0970836185978095,0.5,TRUE,"identity",FALSE,0.460636509564688,"compound_symmetry","gaussian",0.2,1000,50,1e-06,1,"PGD",0.9,TRUE,10,1,TRUE,0.0135104086671243,3,0.846284375321634,14.8803214463782,4.19766117994443,20,510.05436774237,505.746936493014,518.934689188749,508.252028922315,527.921886009411,510.78727033807
194,-233.915318680236,157.131098522505,1.02700064393794,"gaussian","adaptive_sparse_group_lasso",1,0.0377955686629842,0.5,TRUE,"identity",FALSE,0.368993354284847,"compound_symmetry","gaussian",0.2,1000,50,1e-06,1,"PGD",0.9,TRUE,10,1,TRUE,0.00217505242411453,3,0.846284375321634,14.7883821702577,4.17172558899137,20,473.830637360471,469.523206111115,482.619019530729,472.002362949463,491.606216351391,474.537604365218
195,-259.443946123493,218.045735925487,1.42513552892475,"gaussian","adaptive_sparse_group_lasso",1,0.0845036183094736,0.5,TRUE,"identity",FALSE,0.388261439689072,"compound_symmetry","gaussian",0.2,1000,50,1e-06,1,"PGD",0.9,TRUE,10,1,TRUE,0.00694782054209376,2,0.564189583547756,9.70651692682445,2.73815787132217,20,522.887892246987,520.016271414082,528.594409173811,521.626050118309,534.585873720919,523.316211062146
196,-248.177241873055,188.7437272281,1.2336191322098,"gaussian","adaptive_sparse_group_lasso",1,1.40275081664183,0.5,TRUE,"identity",FALSE,0.378800420305858,"compound_symmetry","gaussian",0.2,1000,50,1e-06,1,"PGD",0.9,TRUE,10,1,TRUE,0,0,0,0,0,20,496.35448374611,496.35448374611,496.35448374611,496.35448374611,496.35448374611,496.35448374611
197,-243.573301344037,178.98219147386,1.16981824492719,"gaussian","adaptive_sparse_group_lasso",1,0.178222897502161,0.5,TRUE,"identity",FALSE,0.356787038032432,"compound_symmetry","gaussian",0.2,1000,50,1e-06,1,"PGD",0.9,TRUE,10,1,TRUE,0.0268435942647381,2,0.564189583547756,9.07806974554196,2.5608761945774,20,491.146602688074,488.27498185517,496.224672433616,489.707478882651,502.216136980724,491.397639826488
198,-245.100279253953,183.08478703375,1.19663259499183,"gaussian","adaptive_sparse_group_lasso",1,1.44265154602485,0.5,TRUE,"identity",FALSE,0.348597970310401,"compound_symmetry","gaussian",0.2,1000,50,1e-06,1,"PGD",0.9,TRUE,10,1,TRUE,0,0,0,0,0,20,490.200558507907,490.200558507907,490.200558507907,490.200558507907,490.200558507907,490.200558507907
199,-252.237869458134,188.621389643889,1.23281954015614,"gaussian","adaptive_sparse_group_lasso",1,0.0763348068243452,0.5,TRUE,"identity",FALSE,0.575530682324761,"compound_symmetry","gaussian",0.2,1000,50,1e-06,1,"PGD",0.9,TRUE,10,1,TRUE,0.0156595777383848,4,1.12837916709551,20.0559911323323,5.65769064229403,20,512.475738916268,506.732497250459,524.5317300486,510.133429558562,536.514659142816,513.513751446236
200,-242.73902607891,178.559838710489,1.1670577693496,"gaussian","adaptive_sparse_group_lasso",1,0.066285531724787,0.5,TRUE,"identity",FALSE,0.331297691353515,"compound_symmetry","gaussian",0.2,1000,50,1e-06,1,"PGD",0.9,TRUE,10,1,TRUE,0.00556277237750105,2,0.564189583547756,9.11445977192455,2.57114163149244,20,489.47805215782,486.606431324915,494.592511929744,488.049193789312,500.583976476852,489.739354733149
201,-405.248430607784,304.297143025019,1.19332212950988,"gaussian","adaptive_sparse_group_lasso",1,0.0488477599038609,0.5,TRUE,"identity",FALSE,0.284186156807028,"compound_symmetry","gaussian",0.2,1000,50,1e-06,1,"PGD",0.9,TRUE,10,1,TRUE,0.00608669140637532,3,0.846284375321634,16.3263604153364,4.60558124178961,20,816.496861215568,812.189429966211,826.823221630904,815.102442457358,835.810418451566,817.637683873113
202,-412.112990118594,307.440656587209,1.20564963367533,"gaussian","adaptive_sparse_group_lasso",1,0.0566048550690706,0.5,TRUE,"identity",FALSE,0.414841349953295,"compound_symmetry","gaussian",0.2,1000,50,1e-06,1,"PGD",0.9,TRUE,10,1,TRUE,0.0107442715817125,6,1.69256875064327,33.0293768132208,9.31741517454649,20,836.225980237188,827.611117738474,857.255357050409,833.543395411734,875.229750691733,838.613878243245
203,-390.723688626083,259.144264789581,1.01625201878267,"gaussian","adaptive_sparse_group_lasso",1,0.0799150839726749,0.5,TRUE,"identity",FALSE,0.425469266723489,"compound_symmetry","gaussian",0.2,1000,50,1e-06,1,"PGD",0.9,TRUE,10,1,TRUE,0.0135930400307727,2,0.564189583547756,10.6002560721139,2.99027702941275,20,785.447377252166,782.575756419262,792.04763332428,784.437654281579,798.039097871388,786.127815225416
204,-382.082032210253,258.635387672246,1.0142564222441,"gaussian","adaptive_sparse_group_lasso",1,0.0902568105686979,0.5,TRUE,"identity",FALSE,0.235814133322165,"compound_symmetry","gaussian",0.2,1000,50,1e-06,1,"PGD",0.9,TRUE,10,1,TRUE,0.0169727094330901,2,0.564189583547756,10.936655784922,3.08517363635014,20,768.164064420507,765.292443587603,775.100720205429,767.249238056857,781.092184752537,768.939399000694
205,-409.213261812152,306.585545939314,1.20229625858555,"gaussian","adaptive_sparse_group_lasso",1,0.0855938455992012,0.5,TRUE,"identity",FALSE,0.351217494236348,"compound_symmetry","gaussian",0.2,1000,50,1e-06,1,"PGD",0.9,TRUE,10,1,TRUE,0.0134590697132088,2,0.564189583547756,10.9327979282041,3.08408535506263,20,822.426523624304,819.554902791399,829.359321552508,821.510608979366,835.350786099616,823.200769923203
206,-420.490150519521,332.939289317162,1.30564427183201,"gaussian","adaptive_sparse_group_lasso",1,0.108882452333738,0.5,TRUE,"identity",FALSE,0.369589955868734,"compound_symmetry","gaussian",0.2,1000,50,1e-06,1,"PGD",0.9,TRUE,10,1,TRUE,0.021555894190433,3,0.846284375321634,17.171996766813,4.84413085227581,20,846.980301039043,842.672869789686,858.152297805856,845.824431891319,867.139494626518,848.359673307074
207,-402.235640341626,291.503366691727,1.14315045761462,"gaussian","adaptive_sparse_group_lasso",1,0.0644213137005164,0.5,TRUE,"identity",FALSE,0.338424529398388,"compound_symmetry","gaussian",0.2,1000,50,1e-06,1,"PGD",0.9,TRUE,10,1,TRUE,0.00787486821756359,2,0.564189583547756,10.9480055229404,3.08837533833314,20,808.471280683253,805.599659850348,815.419286206193,807.559656021586,821.410750753301,809.249816965423
208,-408.145866792384,308.820318291318,1.21106007173066,"gaussian","adaptive_sparse_group_lasso",1,0.0627341770450738,0.5,TRUE,"identity",FALSE,0.305879340756861,"compound_symmetry","gaussian",0.2,1000,50,1e-06,1,"PGD",0.9,TRUE,10,1,TRUE,0.0096573916322661,4,1.12837916709551,21.8974213853749,6.1771485260922,20,824.291733584768,818.548491918959,838.189154970143,822.46888211086,850.172084064359,825.849203998534
209,-398.638632601375,275.789879581621,1.08152893953577,"gaussian","adaptive_sparse_group_lasso",1,0.0359613407539007,0.5,TRUE,"identity",FALSE,0.424867266978227,"compound_symmetry","gaussian",0.2,1000,50,1e-06,1,"PGD",0.9,TRUE,10,1,TRUE,0.00410984255913887,4,1.12837916709551,20.7686438031988,5.85872624908921,20,805.27726520275,799.534023536941,818.045909005948,803.135991451839,830.028838100164,806.516313339513
210,-405.294155174041,287.305227087424,1.12668716504872,"gaussian","adaptive_sparse_group_lasso",1,0.0143591223866012,0.5,TRUE,"identity",FALSE,0.464568262054594,"compound_symmetry","gaussian",0.2,1000,50,1e-06,1,"PGD",0.9,TRUE,10,1,TRUE,0.00193216169451671,12,3.38513750128654,66.8430781482477,18.856084211755,20,834.588310348082,817.358585350655,877.431388496329,829.444394559837,913.380175778977,839.585360222859
211,-407.16722940475,301.788728160572,1.18348520847283,"gaussian","adaptive_sparse_group_lasso",1,0.0785376765656781,0.5,TRUE,"identity",FALSE,0.35037884770118,"compound_symmetry","gaussian",0.2,1000,50,1e-06,1,"PGD",0.9,TRUE,10,1,TRUE,0.0185074887669803,4,1.12837916709551,20.5142252804223,5.78695610888315,20,822.3344588095,816.591217143691,834.848684089922,820.121414918383,846.831613184138,823.501736806057
212,-401.934333970081,287.227877211116,1.12638383220046,"gaussian","adaptive_sparse_group_lasso",1,0.0431021878347777,0.5,TRUE,"identity",FALSE,0.376331068565129,"compound_symmetry","gaussian",0.2,1000,50,1e-06,1,"PGD",0.9,TRUE,10,1,TRUE,0.00212696669415894,2,0.564189583547756,10.1361110194565,2.8593441274305,20,807.868667940161,804.997047107257,814.004778959618,806.728012067592,819.996243506726,808.418173011429
213,-408.457075672239,290.21825471632,1.1381108028091,"gaussian","adaptive_sparse_group_lasso",1,0.216319166165747,0.5,TRUE,"identity",FALSE,0.519965238654076,"compound_symmetry","gaussian",0.2,1000,50,1e-06,1,"PGD",0.9,TRUE,10,1,TRUE,0.03337618554858,1,0.282094791773878,5.33875870330934,1.50603602474103,20,818.914151344478,817.478340928026,822.252910047788,818.420187369219,825.248642321342,819.265267841138
214,-406.776273469686,303.949467288893,1.19195869525056,"gaussian","adaptive_sparse_group_lasso",1,0.0401675203061065,0.5,TRUE,"identity",FALSE,0.320415702589708,"compound_symmetry","gaussian",0.2,1000,50,1e-06,1,"PGD",0.9,TRUE,10,1,TRUE,0.00614649582346649,4,1.12837916709551,21.2575674179372,5.99664905438216,20,821.552546939372,815.809305273563,834.810114357309,819.549195993754,846.793043451525,822.929517881428
215,-423.489638652917,337.627445802136,1.32402919922406,"gaussian","adaptive_sparse_group_lasso",1,0.0550988258406237,0.5,TRUE,"identity",FALSE,0.400125756879087,"compound_symmetry","gaussian",0.2,1000,50,1e-06,1,"PGD",0.9,TRUE,10,1,TRUE,0.0102858847330194,5,1.41047395886939,25.4447797355359,7.17783984122819,20,856.979277305835,849.800225223574,872.424057041371,854.157117147063,887.402718409141,858.382519506656
216,-408.433345123366,289.790832907421,1.13643463885263,"gaussian","adaptive_sparse_group_lasso",1,0.0287422350015214,0.5,TRUE,"identity",FALSE,0.525017606324449,"compound_symmetry","gaussian",0.2,1000,50,1e-06,1,"PGD",0.9,TRUE,10,1,TRUE,0.00541350321902127,8,2.25675833419103,43.5234810185184,12.2777473151933,20,832.866690246731,821.380206915113,860.39017126525,829.144437561925,884.356029453682,835.905081337272
217,-424.416952359935,332.809142536359,1.30513389229945,"gaussian","adaptive_sparse_group_lasso",1,0.0846220122730353,0.5,TRUE,"identity",FALSE,0.475363491940276,"compound_symmetry","gaussian",0.2,1000,50,1e-06,1,"PGD",0.9,TRUE,10,1,TRUE,0.012865032161786,2,0.564189583547756,10.7961049014167,3.04552496413408,20,852.83390471987,849.962283886965,859.630009621286,851.879429684004,865.621474168394,853.569590627841
218,-400.319440952983,288.074198518141,1.12970273928683,"gaussian","adaptive_sparse_group_lasso",1,0.0797597011853643,0.5,TRUE,"identity",FALSE,0.3290639347961,"compound_symmetry","gaussian",0.2,1000,50,1e-06,1,"PGD",0.9,TRUE,10,1,TRUE,0.0139104905380726,2,0.564189583547756,11.1211710024264,3.13722441821115,20,804.638881905967,801.767261073062,811.760052908393,803.776106324178,817.751517455501,805.466267268015
219,-400.269604089225,280.023013866038,1.09812946614132,"gaussian","adaptive_sparse_group_lasso",1,0.0414986870869232,0.5,TRUE,"identity",FALSE,0.416593745874637,"compound_symmetry","gaussian",0.2,1000,50,1e-06,1,"PGD",0.9,TRUE,10,1,TRUE,0.00347559128688895,3,0.846284375321634,16.482938595487,4.64975113091553,20,806.53920817845,802.231776929093,817.022146773937,805.188959309365,826.009343594599,807.724200725121
220,-405.753585247364,295.844326543663,1.16017382958299,"gaussian","adaptive_sparse_group_lasso",1,0.00411571316337065,0.5,TRUE,"identity",FALSE,0.377586464039078,"compound_symmetry","gaussian",0.2,1000,50,1e-06,1,"PGD",0.9,TRUE,10,1,TRUE,0.000153583678314168,10,2.82094791773878,53.8199780459042,15.182335500134,20,831.507170494728,817.149066330205,865.327148540632,826.689505994862,895.284471276172,835.140310714047
221,-408.135386001661,298.450732919356,1.1703950310563,"gaussian","adaptive_sparse_group_lasso",1,0.0561691145272688,0.5,TRUE,"identity",FALSE,0.409757142312438,"compound_symmetry","gaussian",0.2,1000,50,1e-06,1,"PGD",0.9,TRUE,10,1,TRUE,0.0173308056313598,7,1.97466354241715,36.6603890651317,10.3417048196777,20,830.270772003321,820.220099088155,852.931161068453,826.612476822999,873.901286983331,832.528040126428
222,-404.507539478952,310.849146152213,1.21901625942044,"gaussian","adaptive_sparse_group_lasso",1,0.0709515121430219,0.5,TRUE,"identity",FALSE,0.217007612146103,"compound_symmetry","gaussian",0.2,1000,50,1e-06,1,"PGD",0.9,TRUE,10,1,TRUE,0.0120193537902154,3,0.846284375321634,16.2031575203739,4.57082634678923,20,815.015078957905,810.707647708548,825.218236478279,813.585905304694,834.205433298941,816.121146720449
223,-400.07245870397,287.408266494152,1.12709124115354,"gaussian","adaptive_sparse_group_lasso",1,0.0510360929318188,0.5,TRUE,"identity",FALSE,0.330160656188243,"compound_symmetry","gaussian",0.2,1000,50,1e-06,1,"PGD",0.9,TRUE,10,1,TRUE,0.00986151292432033,5,1.41047395886939,26.8274561972332,7.56788566978132,20,810.144917407939,802.965865325678,826.972373605172,807.712803077721,841.951034972942,811.938205437313
224,-416.220547166513,318.357397579276,1.24846038266383,"gaussian","adaptive_sparse_group_lasso",1,0.017606713920332,0.5,TRUE,"identity",FALSE,0.405914390538827,"compound_symmetry","gaussian",0.2,1000,50,1e-06,1,"PGD",0.9,TRUE,10,1,TRUE,0.00190990044343077,9,2.5388531259649,49.6487971127962,14.0056670833578,20,850.441094333027,837.518800584957,882.089891445823,846.446761416385,909.051481907809,854.052485663651
225,-400.184732251966,285.968134994267,1.12144366664418,"gaussian","adaptive_sparse_group_lasso",1,0.0840497401724366,0.5,TRUE,"identity",FALSE,0.347615558724166,"compound_symmetry","gaussian",0.2,1000,50,1e-06,1,"PGD",0.9,TRUE,10,1,TRUE,0.015470410396962,3,0.846284375321634,15.2054534420881,4.28937922257325,20,806.369464503933,802.062033254576,815.574917946021,804.658843726506,824.562114766683,807.194085142262
226,-418.840627113416,327.220720334552,1.28321851111589,"gaussian","adaptive_sparse_group_lasso",1,1.92632668088129,0.5,TRUE,"identity",FALSE,0.383439507251573,"compound_symmetry","gaussian",0.2,1000,50,1e-06,1,"PGD",0.9,TRUE,10,1,TRUE,0,0,0,0,0,20,837.681254226832,837.681254226832,837.681254226832,837.681254226832,837.681254226832,837.681254226832
227,-429.219487565713,345.473968351744,1.35479987588919,"gaussian","adaptive_sparse_group_lasso",1,0.0735959837567055,0.5,TRUE,"identity",FALSE,0.476536800646047,"compound_symmetry","gaussian",0.2,1000,50,1e-06,1,"PGD",0.9,TRUE,10,1,TRUE,0.00952387520464795,4,1.12837916709551,22.3262630990846,6.2981225400251,20,866.438975131426,860.695733465617,880.765238230511,864.737097671451,892.748167324727,868.117419559125
228,-385.856689546653,253.164433735365,0.992801700923001,"gaussian","adaptive_sparse_group_lasso",1,0.0653338973313337,0.5,TRUE,"identity",FALSE,0.376765155898006,"compound_symmetry","gaussian",0.2,1000,50,1e-06,1,"PGD",0.9,TRUE,10,1,TRUE,0.00876457985918616,5,1.41047395886939,27.4256906680307,7.73664449825292,20,781.713379093306,774.534327011045,799.139069761337,779.450023591559,814.117731129107,783.675425951151
229,-428.627308605423,353.362791210559,1.38573643611984,"gaussian","adaptive_sparse_group_lasso",1,0.122815028545028,0.5,TRUE,"identity",FALSE,0.383113727218107,"compound_symmetry","gaussian",0.2,1000,50,1e-06,1,"PGD",0.9,TRUE,10,1,TRUE,0.0337151943301923,3,0.846284375321634,16.1841931273387,4.56547659028483,20,863.254617210846,858.947185961489,873.438810338184,861.820093801131,882.426007158846,864.355335216886
230,-412.255951035069,307.844771925673,1.20723439970852,"gaussian","adaptive_sparse_group_lasso",1,0.0278704744217517,0.5,TRUE,"identity",FALSE,0.414195660881789,"compound_symmetry","gaussian",0.2,1000,50,1e-06,1,"PGD",0.9,TRUE,10,1,TRUE,0.00377909923766215,7,1.97466354241715,38.6173543036398,10.8937545211434,20,838.511902070138,828.461229154972,863.129256373778,835.405656591281,884.099382288656,841.321219894711
231,-400.206817583134,288.612159122969,1.13181238871753,"gaussian","adaptive_sparse_group_lasso",1,0.00728293013121074,0.5,TRUE,"identity",FALSE,0.321138006273344,"compound_symmetry","gaussian",0.2,1000,50,1e-06,1,"PGD",0.9,TRUE,10,1,TRUE,0.000350165324625724,8,2.25675833419103,43.6804175987918,12.3220183071272,20,816.413635166268,804.927151834651,844.09405276506,812.735653473396,868.059910953492,819.496297248744
232,-397.565100042111,274.655926971502,1.07708206655491,"gaussian","adaptive_sparse_group_lasso",1,0.0852079457585793,0.5,TRUE,"identity",FALSE,0.410362313817276,"compound_symmetry","gaussian",0.2,1000,50,1e-06,1,"PGD",0.9,TRUE,10,1,TRUE,0.00503778082034492,1,0.282094791773878,5.48300898830545,1.54672827885033,20,797.130200084221,795.694389667769,800.613209072527,796.676928363072,803.608941346081,797.52200883499
233,-421.79485700105,331.398197984022,1.29960077640793,"gaussian","adaptive_sparse_group_lasso",1,0.0739823823829734,0.5,TRUE,"identity",FALSE,0.417863605938692,"compound_symmetry","gaussian",0.2,1000,50,1e-06,1,"PGD",0.9,TRUE,10,1,TRUE,0.00431713694298121,1,0.282094791773878,5.74421655410561,1.62041357273449,20,845.5897140021,844.153903585648,849.333930556206,845.210127574835,852.32966282976,846.055208046753
234,-403.302828327997,294.200774097495,1.15372852587253,"gaussian","adaptive_sparse_group_lasso",1,0.0892389371772678,0.5,TRUE,"identity",FALSE,0.335946178868456,"compound_symmetry","gaussian",0.2,1000,50,1e-06,1,"PGD",0.9,TRUE,10,1,TRUE,0.00734033383368001,2,0.564189583547756,11.0612776414794,3.12032881302619,20,810.605656655994,807.73403582309,817.666934297474,809.725985469021,823.658398844582,811.416146412858
235,-418.204909521475,318.646990855383,1.24959604257013,"gaussian","adaptive_sparse_group_lasso",1,0.0479076957806148,0.5,TRUE,"identity",FALSE,0.456370411574987,"compound_symmetry","gaussian",0.2,1000,50,1e-06,1,"PGD",0.9,TRUE,10,1,TRUE,0.00857128066759249,5,1.41047395886939,26.4114988064324,7.45054625623658,20,846.409819042951,839.230766960689,862.821317849383,843.860365299187,877.799979217153,848.08576765878
236,-381.53923566047,243.571918331245,0.955183993455863,"gaussian","adaptive_sparse_group_lasso",1,0.00630659220891382,0.5,TRUE,"identity",FALSE,0.392002283698795,"compound_symmetry","gaussian",0.2,1000,50,1e-06,1,"PGD",0.9,TRUE,10,1,TRUE,0.000314444341635078,12,3.38513750128654,66.1595105203499,18.6632533440998,20,787.078471320939,769.848746323512,829.237981841289,781.741724665039,865.186769123937,791.882690328061
237,-428.436406752101,340.321658667993,1.33459473987448,"gaussian","adaptive_sparse_group_lasso",1,0.0596091840585846,0.5,TRUE,"identity",FALSE,0.510031713577062,"compound_symmetry","gaussian",0.2,1000,50,1e-06,1,"PGD",0.9,TRUE,10,1,TRUE,0.00708517870861904,3,0.846284375321634,16.4052598039261,4.62783834838491,20,862.872813504201,858.565382254845,873.278073308128,861.500651852586,882.26527012879,864.035893268342
238,-389.153012839878,257.575770625662,1.01010106127711,"gaussian","adaptive_sparse_group_lasso",1,0.112186248597053,0.5,TRUE,"identity",FALSE,0.404479737092456,"compound_symmetry","gaussian",0.2,1000,50,1e-06,1,"PGD",0.9,TRUE,10,1,TRUE,0.011346654925273,1,0.282094791773878,4.95495503752011,1.39776700955816,20,780.306025679756,778.870215263304,783.260980717276,779.703792689314,786.25671299083,780.548873161233
239,-410.261922905179,304.576131773031,1.19441620303149,"gaussian","adaptive_sparse_group_lasso",1,0.109765594375283,0.5,TRUE,"identity",FALSE,0.397751928475745,"compound_symmetry","gaussian",0.2,1000,50,1e-06,1,"PGD",0.9,TRUE,10,1,TRUE,0.00894307918266474,1,0.282094791773878,5.7266760969991,1.61546550113941,20,822.523845810358,821.088035393906,826.250521907358,822.139311311498,829.246254180912,822.984391783416
240,-400.910722926263,293.270645863765,1.15008096417163,"gaussian","adaptive_sparse_group_lasso",1,0.0474137359022368,0.5,TRUE,"identity",FALSE,0.291938527336029,"compound_symmetry","gaussian",0.2,1000,50,1e-06,1,"PGD",0.9,TRUE,10,1,TRUE,0.00694643224780495,5,1.41047395886939,27.9426758723138,7.88248333180533,20,811.821445852526,804.642393770265,829.76412172484,809.703929184332,844.74278309261,813.929331543924
241,-422.318825315977,335.186614051294,1.31445731000507,"gaussian","adaptive_sparse_group_lasso",1,0.143927772672493,0.5,TRUE,"identity",FALSE,0.393833891060566,"compound_symmetry","gaussian",0.2,1000,50,1e-06,1,"PGD",0.9,TRUE,10,1,TRUE,0.00973800560176112,1,0.282094791773878,5.57023333369348,1.57133381240018,20,846.637650631955,845.201840215503,850.207883965648,846.208984444355,853.203616239202,847.054064916274
242,-420.379747510374,337.097662807677,1.32195161885364,"gaussian","adaptive_sparse_group_lasso",1,0.0980295194355648,0.5,TRUE,"identity",FALSE,0.329590258992485,"compound_symmetry","gaussian",0.2,1000,50,1e-06,1,"PGD",0.9,TRUE,10,1,TRUE,0.0157111878712457,3,0.846284375321634,14.8202216151727,4.18070733057487,20,846.759495020747,842.452063771391,855.57971663592,844.940202351322,864.566913456582,847.475443767078
243,-391.66324955651,266.409827653901,1.04474442217216,"gaussian","adaptive_sparse_group_lasso",1,0.0233561222574306,0.5,TRUE,"identity",FALSE,0.359785741468981,"compound_symmetry","gaussian",0.2,1000,50,1e-06,1,"PGD",0.9,TRUE,10,1,TRUE,0.00274044693452362,7,1.97466354241715,37.9249602411096,10.6984337622484,20,797.326499113021,787.275826197855,821.25145935413,794.024932875269,842.221585269008,799.940496178698
244,-400.477803330652,281.042783814171,1.10212856397714,"gaussian","adaptive_sparse_group_lasso",1,0.0211734253355213,0.5,TRUE,"identity",FALSE,0.409885394873594,"compound_symmetry","gaussian",0.2,1000,50,1e-06,1,"PGD",0.9,TRUE,10,1,TRUE,0.00133910442935471,3,0.846284375321634,16.0707368528414,4.53347116615508,20,806.955606661303,802.648175411947,817.026343514145,805.489077827458,826.013540334807,808.024319243214
245,-418.287253347546,330.228795975813,1.29501488617966,"gaussian","adaptive_sparse_group_lasso",1,0.207338094448374,0.5,TRUE,"identity",FALSE,0.341864545429589,"compound_symmetry","gaussian",0.2,1000,50,1e-06,1,"PGD",0.9,TRUE,10,1,TRUE,0.0267228249059626,1,0.282094791773878,5.33862771165324,1.50599907267708,20,838.574506695093,837.138696278641,841.913134406746,838.08050576777,844.9088666803,838.925586239689
246,-410.240260635235,310.520623497197,1.21772793528313,"gaussian","adaptive_sparse_group_lasso",1,0.0355807573268054,0.5,TRUE,"identity",FALSE,0.33719269945568,"compound_symmetry","gaussian",0.2,1000,50,1e-06,1,"PGD",0.9,TRUE,10,1,TRUE,0.00373040206718552,5,1.41047395886939,27.7989866507281,7.84194935076196,20,830.480521270471,823.301469188209,848.279507921199,828.322470621233,863.258169288969,832.547872980825
247,-428.336689971754,347.204470738103,1.36158615975727,"gaussian","adaptive_sparse_group_lasso",1,0.156000018178595,0.5,TRUE,"identity",FALSE,0.433976558302799,"compound_symmetry","gaussian",0.2,1000,50,1e-06,1,"PGD",0.9,TRUE,10,1,TRUE,0.0336777751121103,3,0.846284375321634,16.801013146676,4.73947830520174,20,862.673379943509,858.365948694152,873.474393090184,861.41285824871,882.461589910846,863.948099664466
248,-381.740676724872,244.129040840187,0.957368787608577,"gaussian","adaptive_sparse_group_lasso",1,0.045759617060759,0.5,TRUE,"identity",FALSE,0.389724193328848,"compound_symmetry","gaussian",0.2,1000,50,1e-06,1,"PGD",0.9,TRUE,10,1,TRUE,0.00635321801434357,4,1.12837916709551,22.0437407626737,6.21842446036378,20,771.481353449743,765.738111783934,785.525094212417,769.699777910107,797.508023306633,773.080099797781
249,-419.000607671966,326.871406964146,1.28184865476136,"gaussian","adaptive_sparse_group_lasso",1,0.192216092649359,0.5,TRUE,"identity",FALSE,0.390902491463368,"compound_symmetry","gaussian",0.2,1000,50,1e-06,1,"PGD",0.9,TRUE,10,1,TRUE,0.0357218598413565,2,0.564189583547756,10.8572428022031,3.06277164752592,20,842.001215343932,839.129594511028,848.858458146135,841.063986991458,854.849922693243,842.754147935295
250,-412.289779295514,306.838711079581,1.20328906305718,"gaussian","adaptive_sparse_group_lasso",1,0.0880664270876143,0.5,TRUE,"identity",FALSE,0.426181625147388,"compound_symmetry","gaussian",0.2,1000,50,1e-06,1,"PGD",0.9,TRUE,10,1,TRUE,0.0105636155443162,3,0.846284375321634,15.5344496278368,4.38218733308643,20,830.579558591028,826.272127341671,840.114008218865,828.961745924115,849.101205039527,831.49698733987
251,-406.056883233883,302.191553853986,1.18506491707446,"gaussian","adaptive_sparse_group_lasso",1,0.155964116070667,0.5,TRUE,"identity",FALSE,0.32086773421504,"compound_symmetry","gaussian",0.2,1000,50,1e-06,1,"PGD",0.9,TRUE,10,1,TRUE,0.0434183425055459,2,0.564189583547756,10.6029950520442,2.99104968138588,20,816.113766467767,813.242145634862,822.716761519811,815.104816149153,828.708226066919,816.79497709299
252,-424.236788667596,336.402131020143,1.31922404321625,"gaussian","adaptive_sparse_group_lasso",1,0.0942692670529592,0.5,TRUE,"identity",FALSE,0.432078204448213,"compound_symmetry","gaussian",0.2,1000,50,1e-06,1,"PGD",0.9,TRUE,10,1,TRUE,0.0136950051432385,2,0.564189583547756,10.6293102754461,2.99847306885191,20,852.473577335191,849.601956502287,859.102887610637,851.472050404043,865.094352157745,853.16221134788
253,-413.356769243947,320.410544116986,1.25651193771367,"gaussian","adaptive_sparse_group_lasso",1,0.061155950155068,0.5,TRUE,"identity",FALSE,0.317195841055856,"compound_symmetry","gaussian",0.2,1000,50,1e-06,1,"PGD",0.9,TRUE,10,1,TRUE,0.0128012216790436,5,1.41047395886939,27.4300103940252,7.73786307045786,20,836.713538487894,829.534486405633,854.143548881919,834.451401558352,869.122210249689,838.676803917944
254,-433.064707137823,361.954856857359,1.41943081120533,"gaussian","adaptive_sparse_group_lasso",1,1.93752287987493,0.5,TRUE,"identity",FALSE,0.418512422885311,"compound_symmetry","gaussian",0.2,1000,50,1e-06,1,"PGD",0.9,TRUE,10,1,TRUE,0,0,0,0,0,20,866.129414275645,866.129414275645,866.129414275645,866.129414275645,866.129414275645,866.129414275645
255,-394.212848763905,278.669040776301,1.0928197677502,"gaussian","adaptive_sparse_group_lasso",1,0.0414652858073164,0.5,TRUE,"identity",FALSE,0.288000231996418,"compound_symmetry","gaussian",0.2,1000,50,1e-06,1,"PGD",0.9,TRUE,10,1,TRUE,0.00227753171100029,3,0.846284375321634,16.0731524808696,4.53415260224072,20,794.425697527811,790.118266278454,804.49885000868,792.959850130051,813.486046829342,795.495091545807
256,-397.86046797903,272.576038489922,1.06892564113695,"gaussian","adaptive_sparse_group_lasso",1,0.0582673179547591,0.5,TRUE,"identity",FALSE,0.444322267924047,"compound_symmetry","gaussian",0.2,1000,50,1e-06,1,"PGD",0.9,TRUE,10,1,TRUE,0.00484636510678765,2,0.564189583547756,11.7509297276954,3.31487607468371,20,799.72093595806,796.849315125155,807.471865685755,799.035812032743,813.463330232863,800.72597297658
257,-406.891447820837,291.194991846157,1.14194114449473,"gaussian","adaptive_sparse_group_lasso",1,0.220078777198097,0.5,TRUE,"identity",FALSE,0.461244887270194,"compound_symmetry","gaussian",0.2,1000,50,1e-06,1,"PGD",0.9,TRUE,10,1,TRUE,0.0157529720365125,1,0.282094791773878,4.91591965985743,1.3867553328246,20,815.782895641675,814.347085225222,818.698815301532,815.169650974499,821.694547575086,816.014731446418
258,-404.101745730087,294.848192650949,1.15626742216058,"gaussian","adaptive_sparse_group_lasso",1,0.0603214596377614,0.5,TRUE,"identity",FALSE,0.34804048986643,"compound_symmetry","gaussian",0.2,1000,50,1e-06,1,"PGD",0.9,TRUE,10,1,TRUE,0.00982305191280994,3,0.846284375321634,16.0938390567552,4.53998817755766,20,814.203491460174,809.896060210817,824.297330516929,812.743479637732,833.284527337591,815.278721053487
259,-403.418869691266,302.771589303044,1.18733956589429,"gaussian","adaptive_sparse_group_lasso",1,0.0581298029337564,0.5,TRUE,"identity",FALSE,0.259962745072754,"compound_symmetry","gaussian",0.2,1000,50,1e-06,1,"PGD",0.9,TRUE,10,1,TRUE,0.00789761497333641,3,0.846284375321634,16.7951125702901,4.73781378333483,20,812.837739382532,808.530308133176,823.632851952823,811.575553165867,832.620048773485,814.110794581623
260,-407.099093611498,299.718161312998,1.17536533848235,"gaussian","adaptive_sparse_group_lasso",1,0.226017622289994,0.5,TRUE,"identity",FALSE,0.369869844065787,"compound_symmetry","gaussian",0.2,1000,50,1e-06,1,"PGD",0.9,TRUE,10,1,TRUE,0.0288796106285153,1,0.282094791773878,5.36441668741614,1.51327400842497,20,816.198187222996,814.762376806543,819.562603910412,815.711461231421,822.558336183966,816.556541703339
261,-424.006427093234,345.138753281763,1.35348530698731,"gaussian","adaptive_sparse_group_lasso",1,1.69281832141084,0.5,TRUE,"identity",FALSE,0.343935755963001,"compound_symmetry","gaussian",0.2,1000,50,1e-06,1,"PGD",0.9,TRUE,10,1,TRUE,0,0,0,0,0,20,848.012854186469,848.012854186469,848.012854186469,848.012854186469,848.012854186469,848.012854186469
262,-412.061556894446,322.250237196312,1.2637264203777,"gaussian","adaptive_sparse_group_lasso",1,0.116659656042399,0.5,TRUE,"identity",FALSE,0.273937871051803,"compound_symmetry","gaussian",0.2,1000,50,1e-06,1,"PGD",0.9,TRUE,10,1,TRUE,0.016818753371259,3,0.846284375321634,16.4375235192507,4.63693977444126,20,830.123113788893,825.815682539536,840.560637308143,828.760053563334,849.547834128805,831.29529497909
263,-414.113273044907,321.339748431526,1.26015587620206,"gaussian","adaptive_sparse_group_lasso",1,0.0925030471129373,0.5,TRUE,"identity",FALSE,0.325895874341533,"compound_symmetry","gaussian",0.2,1000,50,1e-06,1,"PGD",0.9,TRUE,10,1,TRUE,0.0172907346745976,3,0.846284375321634,15.5570420636888,4.38856054157377,20,834.226546089813,829.919114840456,843.783588153502,832.615106631387,852.770784974164,835.150348047142
264,-425.955201710462,337.924527943405,1.32519422722904,"gaussian","adaptive_sparse_group_lasso",1,0.170137065155773,0.5,TRUE,"identity",FALSE,0.463736080994124,"compound_symmetry","gaussian",0.2,1000,50,1e-06,1,"PGD",0.9,TRUE,10,1,TRUE,0.0134756340866725,1,0.282094791773878,5.46499653463495,1.54164705948281,20,853.910403420925,852.474593004472,857.37539995556,853.452050480407,860.371132229114,854.297130952326
265,-429.624891419498,349.222532879057,1.36950012893748,"gaussian","adaptive_sparse_group_lasso",1,0.148362100105328,0.5,TRUE,"identity",FALSE,0.449051347718022,"compound_symmetry","gaussian",0.2,1000,50,1e-06,1,"PGD",0.9,TRUE,10,1,TRUE,0.0163203430921791,1,0.282094791773878,5.73252539276416,1.61711555701028,20,861.249782838997,859.813972422545,864.982308231761,860.866898396007,867.978040505315,861.711978867926
266,-421.363694124667,332.888925947498,1.30544676842156,"gaussian","adaptive_sparse_group_lasso",1,0.133264640084058,0.5,TRUE,"identity",FALSE,0.391847073125538,"compound_symmetry","gaussian",0.2,1000,50,1e-06,1,"PGD",0.9,TRUE,10,1,TRUE,0.0218581512334355,2,0.564189583547756,10.0576572362772,2.83721272380066,20,846.727388249334,843.855767416429,852.785045485611,845.564600973134,858.776510032719,847.254761916971
267,-398.218609013507,277.736098684354,1.08916117131119,"gaussian","adaptive_sparse_group_lasso",1,0.0302044886536709,0.5,TRUE,"identity",FALSE,0.390577364890574,"compound_symmetry","gaussian",0.2,1000,50,1e-06,1,"PGD",0.9,TRUE,10,1,TRUE,0.00363711037586452,4,1.12837916709551,21.6818842373464,6.11634661919956,20,804.437218027014,798.693976361205,818.11910226436,802.553564646214,830.102031358576,805.933886533888
268,-402.645331582832,293.663570056014,1.15162184335692,"gaussian","adaptive_sparse_group_lasso",1,0.176591461813449,0.5,TRUE,"identity",FALSE,0.326241149243987,"compound_symmetry","gaussian",0.2,1000,50,1e-06,1,"PGD",0.9,TRUE,10,1,TRUE,0.0458465059270782,2,0.564189583547756,10.9327979282041,3.08408535506263,20,809.290663165664,806.419042332759,816.223461093868,808.374748520726,822.214925640976,810.064909464563
269,-402.759952007578,286.908697753732,1.12513214805385,"gaussian","adaptive_sparse_group_lasso",1,1.34002691839939,0.5,TRUE,"identity",FALSE,0.400760170746549,"compound_symmetry","gaussian",0.2,1000,50,1e-06,1,"PGD",0.9,TRUE,10,1,TRUE,0,0,0,0,0,20,805.519904015157,805.519904015157,805.519904015157,805.519904015157,805.519904015157,805.519904015157
270,-391.30506367414,273.858097785159,1.07395332464768,"gaussian","adaptive_sparse_group_lasso",1,0.0202287787603134,0.5,TRUE,"identity",FALSE,0.273735140917466,"compound_symmetry","gaussian",0.2,1000,50,1e-06,1,"PGD",0.9,TRUE,10,1,TRUE,0.00112414026442893,5,1.41047395886939,27.900524117437,7.87059254129047,20,792.610127348281,785.431075266019,810.510651465718,790.480719889571,825.489312833488,794.706122249164
271,-416.766149229675,313.803803387178,1.23060315053795,"gaussian","adaptive_sparse_group_lasso",1,0.0933597445716302,0.5,TRUE,"identity",FALSE,0.470946374995483,"compound_symmetry","gaussian",0.2,1000,50,1e-06,1,"PGD",0.9,TRUE,10,1,TRUE,0.027084771846274,4,1.12837916709551,21.6625484008148,6.11089208041941,20,841.532298459351,835.789056793542,855.194846860166,839.64319053977,867.177775954381,843.023512427444
272,-426.128585460305,347.107925266522,1.36120755006479,"gaussian","adaptive_sparse_group_lasso",1,0.0516867810193863,0.5,TRUE,"identity",FALSE,0.377591396991191,"compound_symmetry","gaussian",0.2,1000,50,1e-06,1,"PGD",0.9,TRUE,10,1,TRUE,0.00902796249240154,5,1.41047395886939,27.577462186142,7.77945845305174,20,862.25717092061,855.078118838349,879.834633106752,860.036629373662,894.813294474522,864.262031733255
273,-408.892550444403,299.148559667326,1.17313160653853,"gaussian","adaptive_sparse_group_lasso",1,1.93956926509173,0.5,TRUE,"identity",FALSE,0.421878109248302,"compound_symmetry","gaussian",0.2,1000,50,1e-06,1,"PGD",0.9,TRUE,10,1,TRUE,0,0,0,0,0,20,817.785100888805,817.785100888805,817.785100888805,817.785100888805,817.785100888805,817.785100888805
274,-414.578493754585,326.186164398741,1.27916142901467,"gaussian","adaptive_sparse_group_lasso",1,0.0502988507809093,0.5,TRUE,"identity",FALSE,0.294177867706519,"compound_symmetry","gaussian",0.2,1000,50,1e-06,1,"PGD",0.9,TRUE,10,1,TRUE,0.00653037733924697,3,0.846284375321634,16.7919152116068,4.73691182510284,20,835.156987509169,830.849556259813,845.948902720776,833.893899334272,854.936099541438,836.429140750028
275,-411.617500049081,308.850736398837,1.21117935842681,"gaussian","adaptive_sparse_group_lasso",1,0.0814792875275369,0.5,TRUE,"identity",FALSE,0.387042050638622,"compound_symmetry","gaussian",0.2,1000,50,1e-06,1,"PGD",0.9,TRUE,10,1,TRUE,0.00747045254861449,2,0.564189583547756,10.1361110194565,2.8593441274305,20,827.235000098162,824.363379265258,833.371111117619,826.094344225593,839.362575664727,827.78450516943
276,-395.886281067106,272.473982239035,1.06852542054524,"gaussian","adaptive_sparse_group_lasso",1,0.0248708044060501,0.5,TRUE,"identity",FALSE,0.393282700760395,"compound_symmetry","gaussian",0.2,1000,50,1e-06,1,"PGD",0.9,TRUE,10,1,TRUE,0.00385291180476909,8,2.25675833419103,43.0819166821189,12.1531843156619,20,807.772562134213,796.286078802595,834.854478816331,803.925746449875,858.820337004763,810.686390225222
277,-385.252171356459,251.59310186569,0.986639615159569,"gaussian","adaptive_sparse_group_lasso",1,0.0292148649971402,0.5,TRUE,"identity",FALSE,0.381472376114425,"compound_symmetry","gaussian",0.2,1000,50,1e-06,1,"PGD",0.9,TRUE,10,1,TRUE,0.00451240277694434,7,1.97466354241715,38.8133182006861,10.9490349158758,20,784.504342712918,774.453669797753,809.317660913604,781.453377628794,830.287786828482,787.368940932224
278,-406.734766982634,296.006081602355,1.16080816314649,"gaussian","adaptive_sparse_group_lasso",1,0.0662762342185859,0.5,TRUE,"identity",FALSE,0.400625703133904,"compound_symmetry","gaussian",0.2,1000,50,1e-06,1,"PGD",0.9,TRUE,10,1,TRUE,0.00633215404728136,2,0.564189583547756,11.0836540616138,3.12664108460466,20,817.469533965268,814.597913132363,824.553188026881,816.596175049872,830.544652573989,818.286335993709
279,-407.551745895385,290.942518364574,1.14095105241009,"gaussian","adaptive_sparse_group_lasso",1,0.0310683706375669,0.5,TRUE,"identity",FALSE,0.483378200090574,"compound_symmetry","gaussian",0.2,1000,50,1e-06,1,"PGD",0.9,TRUE,10,1,TRUE,0.0039050277941602,5,1.41047395886939,26.740888686933,7.54346542598881,20,825.103491790769,817.924439708508,841.844380477702,822.646957216758,856.823041845472,826.87235957635
280,-390.123951672823,267.413698999657,1.04868117254767,"gaussian","adaptive_sparse_group_lasso",1,0.0472565437628761,0.5,TRUE,"identity",FALSE,0.313199584686031,"compound_symmetry","gaussian",0.2,1000,50,1e-06,1,"PGD",0.9,TRUE,10,1,TRUE,0.00557988658883522,3,0.846284375321634,16.9172249519581,4.77226105021447,20,786.247903345647,781.94047209629,797.165128297605,785.020164395861,806.152325118267,787.555405811617
281,-387.529141588286,257.459262491065,1.00964416663163,"gaussian","adaptive_sparse_group_lasso",1,0.0197446304876442,0.5,TRUE,"identity",FALSE,0.365179314095152,"compound_symmetry","gaussian",0.2,1000,50,1e-06,1,"PGD",0.9,TRUE,10,1,TRUE,0.00133586244811384,5,1.41047395886939,27.0459662671627,7.6295262224586,20,785.058283176572,777.879231094311,802.104249443735,782.687809399031,817.082910811505,786.913211758623
282,-392.660493847505,257.321236203038,1.00910288707074,"gaussian","adaptive_sparse_group_lasso",1,0.0596077611125893,0.5,TRUE,"identity",FALSE,0.50607044653384,"compound_symmetry","gaussian",0.2,1000,50,1e-06,1,"PGD",0.9,TRUE,10,1,TRUE,0.0104175626904811,4,1.12837916709551,20.6110917939843,5.81428164785629,20,793.32098769501,787.577746029201,805.932079488995,791.135269342867,817.915008583211,794.515591230541
283,-405.01501397943,289.583217514039,1.13562046083937,"gaussian","adaptive_sparse_group_lasso",1,0.0643133851236263,0.5,TRUE,"identity",FALSE,0.428999780781471,"compound_symmetry","gaussian",0.2,1000,50,1e-06,1,"PGD",0.9,TRUE,10,1,TRUE,0.00976545310657222,2,0.564189583547756,10.8219063225495,3.05280341065602,20,814.030027958861,811.158407125956,820.85193428141,813.082831369517,826.843398828518,814.772992313354
284,-431.642602577907,357.704162585608,1.40276142190435,"gaussian","adaptive_sparse_group_lasso",1,0.175803720500135,0.5,TRUE,"identity",FALSE,0.420744154710208,"compound_symmetry","gaussian",0.2,1000,50,1e-06,1,"PGD",0.9,TRUE,10,1,TRUE,0.0460363218598769,2,0.564189583547756,11.0215209673312,3.10911366231073,20,867.285205155814,864.413584322909,874.306726123145,866.394318818124,880.298190670253,868.084479761961
285,-413.901433616151,309.555690820604,1.21394388557099,"gaussian","adaptive_sparse_group_lasso",1,0.128135503898408,0.5,TRUE,"identity",FALSE,0.439389488723665,"compound_symmetry","gaussian",0.2,1000,50,1e-06,1,"PGD",0.9,TRUE,10,1,TRUE,0.015878436707302,2,0.564189583547756,10.0915269154005,2.84676718388039,20,831.802867232302,828.931246399398,837.894394147703,830.649634416183,843.885858694811,832.33979536002
286,-379.555795209305,234.196553400866,0.918417856473983,"gaussian","adaptive_sparse_group_lasso",1,0.0162492645833768,0.5,TRUE,"identity",FALSE,0.473733654309612,"compound_symmetry","gaussian",0.2,1000,50,1e-06,1,"PGD",0.9,TRUE,10,1,TRUE,0.000987310445345283,4,1.12837916709551,21.0928956468157,5.95019600539662,20,767.11159041861,761.368348752801,780.204486065426,765.061786424007,792.187415159642,768.442108311681
287,-420.673101617906,333.180273312218,1.30658930710674,"gaussian","adaptive_sparse_group_lasso",1,0.959261690883858,0.5,TRUE,"identity",FALSE,0.3718134926508,"compound_symmetry","gaussian",0.2,1000,50,1e-06,1,"PGD",0.9,TRUE,10,1,TRUE,0,0,0,0,0,20,841.346203235812,841.346203235812,841.346203235812,841.346203235812,841.346203235812,841.346203235812
288,-401.357690925429,291.555627690713,1.14335540270868,"gaussian","adaptive_sparse_group_lasso",1,0.115818249701781,0.5,TRUE,"identity",FALSE,0.317940382561595,"compound_symmetry","gaussian",0.2,1000,50,1e-06,1,"PGD",0.9,TRUE,10,1,TRUE,0.0283148010739366,3,0.846284375321634,15.2244343285947,4.29473363180001,20,808.715381850857,804.4079506015,817.939816179452,807.010115482657,826.927013000114,809.545356898413
289,-408.305477757206,305.239683505183,1.19701836668699,"gaussian","adaptive_sparse_group_lasso",1,0.0186274193665936,0.5,TRUE,"identity",FALSE,0.343054800695127,"compound_symmetry","gaussian",0.2,1000,50,1e-06,1,"PGD",0.9,TRUE,10,1,TRUE,0.00173087875804713,8,2.25675833419103,43.2936291572041,12.212907302237,20,832.610955514412,821.124472182794,859.904584671616,828.823862816649,883.870442860048,835.584506591997
290,-373.832649185038,239.051576388678,0.937457162308542,"gaussian","adaptive_sparse_group_lasso",1,0.00307890675971643,0.5,TRUE,"identity",FALSE,0.270855031037726,"compound_symmetry","gaussian",0.2,1000,50,1e-06,1,"PGD",0.9,TRUE,10,1,TRUE,0.000104810635029271,14,3.94932708483429,77.3262228404697,21.8133247308428,20,775.665298370076,755.563952539745,824.991521210546,769.478623100919,866.931773040302,781.309749707778
291,-426.920064972757,358.652352677123,1.40647981442009,"gaussian","adaptive_sparse_group_lasso",1,0.0550555601978696,0.5,TRUE,"identity",FALSE,0.299399114842674,"compound_symmetry","gaussian",0.2,1000,50,1e-06,1,"PGD",0.9,TRUE,10,1,TRUE,0.00673965669076773,3,0.846284375321634,16.5539820869668,4.66979212985141,20,859.840129945514,855.532698696157,870.394112032481,858.509922075365,879.381308853143,861.045163491121
292,-440.115313021937,386.868404659743,1.51713099866566,"gaussian","adaptive_sparse_group_lasso",1,0.0894343648886734,0.5,TRUE,"identity",FALSE,0.381560424884409,"compound_symmetry","gaussian",0.2,1000,50,1e-06,1,"PGD",0.9,TRUE,10,1,TRUE,0.0102502443683573,2,0.564189583547756,11.2076160112857,3.16161010498522,20,884.230626043873,881.359005210969,891.438242055159,883.392236148859,897.429706602267,885.082397092695
293,-407.899128369665,299.391464594899,1.17408417488196,"gaussian","adaptive_sparse_group_lasso",1,0.0605294554417928,0.5,TRUE,"identity",FALSE,0.393313786009321,"compound_symmetry","gaussian",0.2,1000,50,1e-06,1,"PGD",0.9,TRUE,10,1,TRUE,0.00864749139063596,3,0.846284375321634,16.3263604153364,4.60558124178961,20,821.798256739329,817.490825489973,832.124617154666,820.403837981119,841.111813975328,822.939079396875
294,-390.426620991575,257.408000978316,1.00944314109144,"gaussian","adaptive_sparse_group_lasso",1,0.118709013690292,0.5,TRUE,"identity",FALSE,0.440644535716751,"compound_symmetry","gaussian",0.2,1000,50,1e-06,1,"PGD",0.9,TRUE,10,1,TRUE,0.0202238833301432,2,0.564189583547756,10.7961049014167,3.04552496413408,20,784.85324198315,781.981621150246,791.649346884567,783.898766947284,797.640811431675,785.588927891121
295,-413.318113643913,310.782425125352,1.21875460833472,"gaussian","adaptive_sparse_group_lasso",1,0.0671576769554793,0.5,TRUE,"identity",FALSE,0.410292667739369,"compound_symmetry","gaussian",0.2,1000,50,1e-06,1,"PGD",0.9,TRUE,10,1,TRUE,0.00914143106621196,3,0.846284375321634,16.4137358130866,4.63022938642412,20,832.636227287825,828.328796038468,843.049963100912,831.266456674249,852.037159921574,833.801698090005
296,-428.407077143015,365.90785606248,1.43493276887247,"gaussian","adaptive_sparse_group_lasso",1,2.25916330643027,0.5,TRUE,"identity",FALSE,0.27693935278571,"compound_symmetry","gaussian",0.2,1000,50,1e-06,1,"PGD",0.9,TRUE,10,1,TRUE,0,0,0,0,0,20,856.814154286031,856.814154286031,856.814154286031,856.814154286031,856.814154286031,856.814154286031
297,-418.087001831843,324.358621339996,1.27199459349018,"gaussian","adaptive_sparse_group_lasso",1,1.67471666871829,0.5,TRUE,"identity",FALSE,0.39268804838183,"compound_symmetry","gaussian",0.2,1000,50,1e-06,1,"PGD",0.9,TRUE,10,1,TRUE,0,0,0,0,0,20,836.174003663686,836.174003663686,836.174003663686,836.174003663686,836.174003663686,836.174003663686
298,-404.751475536661,295.49919044577,1.15882035468929,"gaussian","adaptive_sparse_group_lasso",1,0.101616004604846,0.5,TRUE,"identity",FALSE,0.356794642735807,"compound_symmetry","gaussian",0.2,1000,50,1e-06,1,"PGD",0.9,TRUE,10,1,TRUE,0.0215539851059039,3,0.846284375321634,15.2797964603485,4.31035100082926,20,815.502951073321,811.195519823965,824.78274753367,813.813302074151,833.769944354332,816.348543489906
299,-419.385029356867,322.742525508942,1.26565696278017,"gaussian","adaptive_sparse_group_lasso",1,0.0893375698741506,0.5,TRUE,"identity",FALSE,0.443910658743042,"compound_symmetry","gaussian",0.2,1000,50,1e-06,1,"PGD",0.9,TRUE,10,1,TRUE,0.0136368980900942,2,0.564189583547756,10.9607942398727,3.0919829687732,20,842.770058713734,839.898437880829,849.730852953606,841.862041682507,855.722317500714,843.552202626344
300,-417.651863694821,335.353749512471,1.31511274318616,"gaussian","adaptive_sparse_group_lasso",1,1.83161109125873,0.5,TRUE,"identity",FALSE,0.284454098907981,"compound_symmetry","gaussian",0.2,1000,50,1e-06,1,"PGD",0.9,TRUE,10,1,TRUE,0,0,0,0,0,20,835.303727389642,835.303727389642,835.303727389642,835.303727389642,835.303727389642,835.303727389642
301,-803.747961963931,612.480158022697,1.21765438970715,"gaussian","adaptive_sparse_group_lasso",1,0.111962698286138,0.5,TRUE,"identity",FALSE,0.274725366745578,"compound_symmetry","gaussian",0.2,1000,50,1e-06,1,"PGD",0.9,TRUE,10,1,TRUE,0.00972498030002259,1,0.282094791773878,6.18656824672518,1.74519868135483,20,1609.49592392786,1608.06011351141,1613.68249217459,1609.24112260922,1616.67822444814,1610.08620308114
302,-822.786998091532,639.618513455333,1.27160738261498,"gaussian","adaptive_sparse_group_lasso",1,0.0619982511213737,0.5,TRUE,"identity",FALSE,0.366114573613672,"compound_symmetry","gaussian",0.2,1000,50,1e-06,1,"PGD",0.9,TRUE,10,1,TRUE,0.0112602312099569,4,1.12837916709551,22.7760527533008,6.42500585887325,20,1653.57399618306,1647.83075451725,1668.35004893636,1651.99900204194,1680.33297803058,1655.37932392961
303,-810.590044433363,613.101189362757,1.21888904445876,"gaussian","adaptive_sparse_group_lasso",1,0.0168095973245721,0.5,TRUE,"identity",FALSE,0.34750659781001,"compound_symmetry","gaussian",0.2,1000,50,1e-06,1,"PGD",0.9,TRUE,10,1,TRUE,0.000951794144869036,5,1.41047395886939,31.290980109916,8.82702251850731,20,1631.18008886673,1624.00103678447,1652.47106897664,1630.00711138523,1667.44973034441,1634.23251374483
304,-802.272297688741,589.181629252088,1.17133524702204,"gaussian","adaptive_sparse_group_lasso",1,0.0353353331212615,0.5,TRUE,"identity",FALSE,0.367862299329228,"compound_symmetry","gaussian",0.2,1000,50,1e-06,1,"PGD",0.9,TRUE,10,1,TRUE,0.0018258628608881,2,0.564189583547756,12.4068625125212,3.49991129703681,20,1608.54459537748,1605.67297454458,1616.95145789,1608.04450667452,1622.94292243711,1609.73466761836
305,-813.080193028193,610.898898609898,1.21451073282286,"gaussian","adaptive_sparse_group_lasso",1,0.0326818127471164,0.5,TRUE,"identity",FALSE,0.389117800813427,"compound_symmetry","gaussian",0.2,1000,50,1e-06,1,"PGD",0.9,TRUE,10,1,TRUE,0.00290791195362387,3,0.846284375321634,18.5505743901902,5.23302041988654,20,1632.16038605639,1627.85295480703,1644.71096044658,1631.39340647627,1653.69815726724,1633.92864789203
306,-798.806153560323,578.656068053418,1.1504096780386,"gaussian","adaptive_sparse_group_lasso",1,0.012652767396115,0.5,TRUE,"identity",FALSE,0.381086650166005,"compound_symmetry","gaussian",0.2,1000,50,1e-06,1,"PGD",0.9,TRUE,10,1,TRUE,0.000532413249209782,5,1.41047395886939,30.5894782057068,8.62913248491044,20,1607.61230712065,1600.43325503839,1628.20178532635,1606.24143960556,1643.18044669412,1610.46684196515
307,-821.336646963652,645.191467978163,1.28268681506593,"gaussian","adaptive_sparse_group_lasso",1,0.0304867612594758,0.5,TRUE,"identity",FALSE,0.323382589888358,"compound_symmetry","gaussian",0.2,1000,50,1e-06,1,"PGD",0.9,TRUE,10,1,TRUE,0.00355014436617586,6,1.69256875064327,36.6571602914959,10.3407939994512,20,1654.6732939273,1646.05843142859,1679.3304542188,1653.01408792676,1697.30484786012,1658.08457075827
308,-803.100328787286,609.141484562272,1.21101686791704,"gaussian","adaptive_sparse_group_lasso",1,0.0572525499208985,0.5,TRUE,"identity",FALSE,0.282272694735848,"compound_symmetry","gaussian",0.2,1000,50,1e-06,1,"PGD",0.9,TRUE,10,1,TRUE,0.00234851593647367,1,0.282094791773878,5.61659037030342,1.58441089098991,20,1608.20065757457,1606.76484715812,1611.81724794487,1607.78506846556,1614.81298021843,1608.63014893748
309,-801.510292377431,589.685305798298,1.17233659204433,"gaussian","adaptive_sparse_group_lasso",1,0.0571452031075699,0.5,TRUE,"identity",FALSE,0.356013965593003,"compound_symmetry","gaussian",0.2,1000,50,1e-06,1,"PGD",0.9,TRUE,10,1,TRUE,0.00304690167071642,2,0.564189583547756,11.4308087514589,3.22457161454982,20,1607.02058475486,1604.14896392196,1614.45139350632,1606.24515636941,1620.44285805343,1607.93531731325
310,-844.828656858926,674.955341949728,1.34185952673902,"gaussian","adaptive_sparse_group_lasso",1,0.107000311152757,0.5,TRUE,"identity",FALSE,0.479891195881403,"compound_symmetry","gaussian",0.2,1000,50,1e-06,1,"PGD",0.9,TRUE,10,1,TRUE,0.02259043478564,2,0.564189583547756,11.9525331760346,3.37174735746386,20,1693.65731371785,1690.78569288495,1701.60984689389,1693.02906107532,1707.60131144099,1694.71922201915
311,-807.354439731506,606.773861752737,1.20630986431956,"gaussian","adaptive_sparse_group_lasso",1,0.0570361380283718,0.5,TRUE,"identity",FALSE,0.340143356271173,"compound_symmetry","gaussian",0.2,1000,50,1e-06,1,"PGD",0.9,TRUE,10,1,TRUE,0.0050138875096341,2,0.564189583547756,12.8441978200668,3.62328130955423,20,1618.70887946301,1615.83725863011,1627.55307728308,1618.33216077257,1633.54454183019,1620.0223217164
312,-785.460635613501,550.310328563025,1.09405631921078,"gaussian","adaptive_sparse_group_lasso",1,0.00286636949977053,0.5,TRUE,"identity",FALSE,0.372212436030559,"compound_symmetry","gaussian",0.2,1000,50,1e-06,1,"PGD",0.9,TRUE,10,1,TRUE,6.9209195460511e-05,13,3.66723229306042,80.2916027857746,22.649842969044,20,1596.921271227,1578.25573581312,1651.21287401278,1593.57111419605,1690.15739356898,1604.55716033099
313,-796.585222793731,571.325745356158,1.13583647188103,"gaussian","adaptive_sparse_group_lasso",1,0.0932348885125255,0.5,TRUE,"identity",FALSE,0.393557000752887,"compound_symmetry","gaussian",0.2,1000,50,1e-06,1,"PGD",0.9,TRUE,10,1,TRUE,0.0104417003610281,2,0.564189583547756,12.5612856627894,3.54347326345677,20,1597.17044558746,1594.29882475456,1605.73173125025,1596.71391885092,1611.72319579736,1598.40407979476
314,-793.942839947144,560.150627927335,1.11361953862293,"gaussian","adaptive_sparse_group_lasso",1,0.039003629843586,0.5,TRUE,"identity",FALSE,0.42401792093698,"compound_symmetry","gaussian",0.2,1000,50,1e-06,1,"PGD",0.9,TRUE,10,1,TRUE,0.00186721240981243,2,0.564189583547756,11.6496591234747,3.28630816467325,20,1591.88567989429,1589.01405906138,1599.53533901776,1591.17198805896,1605.52680356487,1592.8621490028
315,-818.742659636225,618.577275530635,1.22977589568715,"gaussian","adaptive_sparse_group_lasso",1,0.0129855475229581,0.5,TRUE,"identity",FALSE,0.421967301742488,"compound_symmetry","gaussian",0.2,1000,50,1e-06,1,"PGD",0.9,TRUE,10,1,TRUE,0.00106114498129703,9,2.5388531259649,55.6731102531945,15.7050944442791,20,1655.48531927245,1642.56302552438,1693.15842952564,1653.19041371673,1720.12001998763,1660.796137964
316,-829.002630560743,654.549561311761,1.30129137437726,"gaussian","adaptive_sparse_group_lasso",1,0.120097916592154,0.5,TRUE,"identity",FALSE,0.371171154871504,"compound_symmetry","gaussian",0.2,1000,50,1e-06,1,"PGD",0.9,TRUE,10,1,TRUE,0.0235451099476866,2,0.564189583547756,12.57500726591,3.54734405623188,20,1662.00526112149,1659.13364028858,1670.5802683874,1661.55260517772,1676.5717329345,1663.24276612155
317,-831.933008746589,641.18321664993,1.27471812455254,"gaussian","adaptive_sparse_group_lasso",1,0.0363870079737321,0.5,TRUE,"identity",FALSE,0.480097605039945,"compound_symmetry","gaussian",0.2,1000,50,1e-06,1,"PGD",0.9,TRUE,10,1,TRUE,0.0055043685639694,7,1.97466354241715,42.946819347779,12.1150740612621,20,1677.86601749318,1667.81534457801,1706.81283684096,1675.98109155444,1727.78296275583,1681.89665485787
318,-792.647595371222,571.439633539521,1.1360628897406,"gaussian","adaptive_sparse_group_lasso",1,0.0591172136412393,0.5,TRUE,"identity",FALSE,0.344626580559701,"compound_symmetry","gaussian",0.2,1000,50,1e-06,1,"PGD",0.9,TRUE,10,1,TRUE,0.00284708736020663,1,0.282094791773878,5.80856025759388,1.63856459637197,20,1587.29519074244,1585.85938032599,1591.10375100004,1586.93375533882,1594.09948327359,1587.77883581073
319,-795.352537478126,581.405091399766,1.15587493320033,"gaussian","adaptive_sparse_group_lasso",1,0.0240328302872457,0.5,TRUE,"identity",FALSE,0.325616782329772,"compound_symmetry","gaussian",0.2,1000,50,1e-06,1,"PGD",0.9,TRUE,10,1,TRUE,0.00167185548316062,6,1.69256875064327,37.1469703316575,10.4789668607393,20,1602.70507495625,1594.09021245754,1627.85204528791,1601.18404181699,1645.82643892923,1606.2545246485
320,-796.98609361938,568.538596971151,1.13029542141382,"gaussian","adaptive_sparse_group_lasso",1,0.0396507902462645,0.5,TRUE,"identity",FALSE,0.414762408370461,"compound_symmetry","gaussian",0.2,1000,50,1e-06,1,"PGD",0.9,TRUE,10,1,TRUE,0.00431713120746887,4,1.12837916709551,24.7142275798169,6.97175488298068,20,1601.97218723876,1596.22894557295,1618.68641481858,1600.94394212174,1630.66934391279,1604.32426400941
321,-832.166523549016,652.200232553499,1.29662074066302,"gaussian","adaptive_sparse_group_lasso",1,0.0924987645539315,0.5,TRUE,"identity",FALSE,0.423468031167629,"compound_symmetry","gaussian",0.2,1000,50,1e-06,1,"PGD",0.9,TRUE,10,1,TRUE,0.0161225041952477,2,0.564189583547756,11.4251506278973,3.22297548736188,20,1668.33304709803,1665.46142626513,1675.75819772593,1667.55602258539,1681.74966227304,1669.24618352923
322,-768.350228434673,514.132105559007,1.02213142258252,"gaussian","adaptive_sparse_group_lasso",1,0.0718464807226839,0.5,TRUE,"identity",FALSE,0.37211521639945,"compound_symmetry","gaussian",0.2,1000,50,1e-06,1,"PGD",0.9,TRUE,10,1,TRUE,0.00862019245034494,2,0.564189583547756,12.0081432430442,3.38743466773745,20,1540.70045686935,1537.82883603644,1548.70860011239,1540.08789153708,1554.7000646595,1541.77805248092
323,-818.962362444099,626.035286349124,1.24460295496844,"gaussian","adaptive_sparse_group_lasso",1,0.0919839101379653,0.5,TRUE,"identity",FALSE,0.385657865713055,"compound_symmetry","gaussian",0.2,1000,50,1e-06,1,"PGD",0.9,TRUE,10,1,TRUE,0.0152952203628637,2,0.564189583547756,12.5582856186146,3.54262696661997,20,1641.9247248882,1639.05310405529,1650.48301050681,1641.46735185482,1656.47447505392,1643.15751279866
324,-822.921694187648,633.805825749545,1.26005134343846,"gaussian","adaptive_sparse_group_lasso",1,0.00551646408741999,0.5,TRUE,"identity",FALSE,0.396569042841727,"compound_symmetry","gaussian",0.2,1000,50,1e-06,1,"PGD",0.9,TRUE,10,1,TRUE,0.00016652587828175,8,2.25675833419103,49.8311429891363,14.0571059053748,20,1661.8433883753,1650.35690504368,1695.67453136443,1659.90049428067,1719.64038955286,1666.66113805602
325,-796.217626614248,582.763037340201,1.15857462691889,"gaussian","adaptive_sparse_group_lasso",1,0.0306049092839443,0.5,TRUE,"identity",FALSE,0.328791332804229,"compound_symmetry","gaussian",0.2,1000,50,1e-06,1,"PGD",0.9,TRUE,10,1,TRUE,0.00131485570976968,2,0.564189583547756,12.3215688456439,3.47585039783943,20,1596.4352532285,1593.56363239559,1604.75682207414,1595.91110362634,1610.74828662125,1597.60126457017
326,-788.428801870662,553.80810310166,1.10101014533133,"gaussian","adaptive_sparse_group_lasso",1,0.0328417241594877,0.5,TRUE,"identity",FALSE,0.389423617247342,"compound_symmetry","gaussian",0.2,1000,50,1e-06,1,"PGD",0.9,TRUE,10,1,TRUE,0.00297494255260106,4,1.12837916709551,24.8091915796089,6.99854373272802,20,1584.85760374132,1579.11436207552,1601.66679532093,1583.85614747405,1613.64972441515,1587.23646936173
327,-826.933770432712,644.68208888927,1.28167413298066,"gaussian","adaptive_sparse_group_lasso",1,0.0325450196222676,0.5,TRUE,"identity",FALSE,0.393146813407558,"compound_symmetry","gaussian",0.2,1000,50,1e-06,1,"PGD",0.9,TRUE,10,1,TRUE,0.00173155968160888,2,0.564189583547756,12.1788315662185,3.43558495472155,20,1657.86754086542,1654.99592003252,1666.04637243164,1657.30312582015,1672.03783697875,1658.99328676398
328,-789.672140458292,560.707269844079,1.1147261825926,"gaussian","adaptive_sparse_group_lasso",1,0.0520933587289688,0.5,TRUE,"identity",FALSE,0.366125459074001,"compound_symmetry","gaussian",0.2,1000,50,1e-06,1,"PGD",0.9,TRUE,10,1,TRUE,0.00592204119195236,4,1.12837916709551,23.5773124278759,6.65103703992933,20,1587.34428091658,1581.60103925077,1602.92159334446,1585.99531795651,1614.90452243868,1589.37563984419
329,-847.031023072872,688.536359310169,1.36885956125282,"gaussian","adaptive_sparse_group_lasso",1,0.029845276253671,0.5,TRUE,"identity",FALSE,0.440152098681128,"compound_symmetry","gaussian",0.2,1000,50,1e-06,1,"PGD",0.9,TRUE,10,1,TRUE,0.00267527983523043,6,1.69256875064327,36.4194293293534,10.2737313331874,20,1706.06204614574,1697.44718364703,1730.4814754751,1704.33577747893,1748.45586911642,1709.40626031044
330,-828.107032599196,650.842899904095,1.29392226621092,"gaussian","adaptive_sparse_group_lasso",1,0.0154250718162777,0.5,TRUE,"identity",FALSE,0.377770490600393,"compound_symmetry","gaussian",0.2,1000,50,1e-06,1,"PGD",0.9,TRUE,10,1,TRUE,0.000898866329411166,6,1.69256875064327,36.0020148810213,10.1559808913018,20,1668.21406519839,1659.59920269968,1692.21608007941,1666.37004608969,1710.19047372074,1671.4405289212
331,-800.806696671312,577.443772452062,1.14799954761841,"gaussian","adaptive_sparse_group_lasso",1,0.00175058392027947,0.5,TRUE,"identity",FALSE,0.413597444500604,"compound_symmetry","gaussian",0.2,1000,50,1e-06,1,"PGD",0.9,TRUE,10,1,TRUE,2.29973285611063e-05,11,3.10304270951266,67.7078120890259,19.1000211527186,20,1623.61339334262,1607.81947876165,1669.32120543165,1620.71341449534,1702.27426044074,1630.00929968645
332,-813.972327666022,613.898591211919,1.22047433640541,"gaussian","adaptive_sparse_group_lasso",1,0.0448264074454449,0.5,TRUE,"identity",FALSE,0.384820093909131,"compound_symmetry","gaussian",0.2,1000,50,1e-06,1,"PGD",0.9,TRUE,10,1,TRUE,0.00310552927557508,2,0.564189583547756,12.1788315662185,3.43558495472155,20,1631.94465533204,1629.07303449914,1640.12348689826,1631.38024028677,1646.11495144537,1633.0704012306
333,-805.633833992647,586.80124427023,1.16660287131259,"gaussian","adaptive_sparse_group_lasso",1,0.0428761296645394,0.5,TRUE,"identity",FALSE,0.424033525320981,"compound_symmetry","gaussian",0.2,1000,50,1e-06,1,"PGD",0.9,TRUE,10,1,TRUE,0.00391199961451226,3,0.846284375321634,18.2237812808313,5.14083378574881,20,1617.26766798529,1612.96023673594,1629.49144926613,1616.40850177104,1638.47864608679,1618.9437431868
334,-772.496320326368,536.080548695785,1.06576649840116,"gaussian","adaptive_sparse_group_lasso",1,0.0665759389970781,0.5,TRUE,"identity",FALSE,0.298529244504582,"compound_symmetry","gaussian",0.2,1000,50,1e-06,1,"PGD",0.9,TRUE,10,1,TRUE,0.0033649652523508,2,0.564189583547756,11.9525331760346,3.37174735746385,20,1548.99264065274,1546.12101981983,1556.94517382877,1548.3643880102,1562.93663837588,1550.05454895404
335,-814.103427775768,612.554778584912,1.21780274072547,"gaussian","adaptive_sparse_group_lasso",1,0.0145366538672098,0.5,TRUE,"identity",FALSE,0.393479986410019,"compound_symmetry","gaussian",0.2,1000,50,1e-06,1,"PGD",0.9,TRUE,10,1,TRUE,0.00127159723394105,8,2.25675833419103,48.9673256122897,13.8134275223226,20,1644.20685555154,1632.72037221992,1677.17418116383,1642.02028307386,1701.14003935226,1648.78092684921
336,-829.052335344771,655.922679696718,1.30402123200143,"gaussian","adaptive_sparse_group_lasso",1,0.0977752739177346,0.5,TRUE,"identity",FALSE,0.365319062626025,"compound_symmetry","gaussian",0.2,1000,50,1e-06,1,"PGD",0.9,TRUE,10,1,TRUE,0.010227141826663,1,0.282094791773878,6.0151870520914,1.69685293894065,20,1660.10467068954,1658.66886027309,1664.11985774163,1659.80152362848,1667.11559001519,1660.6466041004
337,-816.409721380751,610.104385895176,1.21293118468226,"gaussian","adaptive_sparse_group_lasso",1,0.00818578846306971,0.5,TRUE,"identity",FALSE,0.437334604621033,"compound_symmetry","gaussian",0.2,1000,50,1e-06,1,"PGD",0.9,TRUE,10,1,TRUE,0.000450019358350871,11,3.10304270951266,66.7523673286547,18.8304951619903,20,1654.8194427615,1639.02552818053,1699.57181009016,1651.64993792349,1732.52486509925,1660.9458231146
338,-793.979572940292,570.392324083237,1.13398076358496,"gaussian","adaptive_sparse_group_lasso",1,0.011018427050079,0.5,TRUE,"identity",FALSE,0.366130143980797,"compound_symmetry","gaussian",0.2,1000,50,1e-06,1,"PGD",0.9,TRUE,10,1,TRUE,0.000545259367974661,8,2.25675833419103,48.6006300679199,13.7099846190891,20,1603.95914588058,1592.47266254897,1636.5597759485,1601.66913049967,1660.52563413693,1608.42977427502
339,-792.724125146831,560.39671142747,1.11410877023354,"gaussian","adaptive_sparse_group_lasso",1,0.0203538658484868,0.5,TRUE,"identity",FALSE,0.406429814869308,"compound_symmetry","gaussian",0.2,1000,50,1e-06,1,"PGD",0.9,TRUE,10,1,TRUE,0.00134847298932221,6,1.69256875064327,37.1967410743698,10.4930069280412,20,1597.44825029366,1588.83338779495,1622.64499136803,1595.9412572217,1640.61938500936,1601.01174005321
340,-801.571820577,590.933190498704,1.17481747614056,"gaussian","adaptive_sparse_group_lasso",1,0.0753503584022788,0.5,TRUE,"identity",FALSE,0.350397356941987,"compound_symmetry","gaussian",0.2,1000,50,1e-06,1,"PGD",0.9,TRUE,10,1,TRUE,0.00307080855135043,1,0.282094791773878,5.96609988839581,1.68300570571917,20,1605.143641154,1603.70783073755,1609.1097410424,1604.82664685972,1612.10547331595,1605.67172733164
341,-837.203346286188,679.453549535444,1.35080228535874,"gaussian","adaptive_sparse_group_lasso",1,0.140192327701337,0.5,TRUE,"identity",FALSE,0.356681134655597,"compound_symmetry","gaussian",0.2,1000,50,1e-06,1,"PGD",0.9,TRUE,10,1,TRUE,0.0222079907289163,1,0.282094791773878,6.04173128430762,1.70434092860048,20,1676.40669257238,1674.97088215592,1680.44842385668,1676.11103350098,1683.44415613024,1676.95611397289
342,-810.3685390994,606.238359226272,1.20524524697072,"gaussian","adaptive_sparse_group_lasso",1,0.173928719566913,0.5,TRUE,"identity",FALSE,0.379226837577531,"compound_symmetry","gaussian",0.2,1000,50,1e-06,1,"PGD",0.9,TRUE,10,1,TRUE,0.02554708972245,1,0.282094791773878,6.01846840620448,1.69777859184592,20,1622.7370781988,1621.30126778235,1626.755546605,1622.43485679065,1629.75127887856,1623.27993726256
343,-832.788648982429,659.05840646643,1.31025528124539,"gaussian","adaptive_sparse_group_lasso",1,0.0601313163364688,0.5,TRUE,"identity",FALSE,0.397095627379979,"compound_symmetry","gaussian",0.2,1000,50,1e-06,1,"PGD",0.9,TRUE,10,1,TRUE,0.0086973247978591,5,1.41047395886939,30.0258921313192,8.47014778860942,20,1675.57729796486,1668.3982458826,1695.60319009618,1674.04744575347,1710.58185146395,1678.27284811306
344,-812.134637050044,611.093210925339,1.214897039613,"gaussian","adaptive_sparse_group_lasso",1,0.112064678932818,0.5,TRUE,"identity",FALSE,0.376238036814143,"compound_symmetry","gaussian",0.2,1000,50,1e-06,1,"PGD",0.9,TRUE,10,1,TRUE,0.0105170765939177,1,0.282094791773878,6.17130273114731,1.74089235891657,20,1626.26927410009,1624.83346368364,1630.44057683123,1626.010166459,1633.43630910479,1626.85524693092
345,-812.059054355421,603.564599327759,1.19992962092994,"gaussian","adaptive_sparse_group_lasso",1,0.0374766955692784,0.5,TRUE,"identity",FALSE,0.415256062823466,"compound_symmetry","gaussian",0.2,1000,50,1e-06,1,"PGD",0.9,TRUE,10,1,TRUE,0.00373920292733563,3,0.846284375321634,18.6088354313648,5.24945555616521,20,1630.11810871084,1625.81067746149,1642.72694414221,1629.36756426701,1651.71414096287,1631.90280568276
346,-756.963355889645,501.539874208738,0.997097165424927,"gaussian","adaptive_sparse_group_lasso",1,0.0106025975204485,0.5,TRUE,"identity",FALSE,0.311848984679451,"compound_symmetry","gaussian",0.2,1000,50,1e-06,1,"PGD",0.9,TRUE,10,1,TRUE,0.000415075968080489,6,1.69256875064327,37.4040541120777,10.5514888562454,20,1525.92671177929,1517.31184928058,1551.33076589137,1524.47820063554,1569.30515953269,1529.54868346705
347,-824.905023668952,627.040043793377,1.24660048467868,"gaussian","adaptive_sparse_group_lasso",1,0.00682553990596136,0.5,TRUE,"identity",FALSE,0.459732070713654,"compound_symmetry","gaussian",0.2,1000,50,1e-06,1,"PGD",0.9,TRUE,10,1,TRUE,0.000239377068941038,7,1.97466354241715,42.8711333289684,12.0937234295455,20,1663.8100473379,1653.75937442274,1692.68118066687,1661.90377076745,1713.65130658175,1667.81933407088
348,-793.127907048234,572.42865633063,1.13802913783425,"gaussian","adaptive_sparse_group_lasso",1,0.0569022114011404,0.5,TRUE,"identity",FALSE,0.345161142575193,"compound_symmetry","gaussian",0.2,1000,50,1e-06,1,"PGD",0.9,TRUE,10,1,TRUE,0.00248130475734939,1,0.282094791773878,5.80856025759388,1.63856459637197,20,1588.25581409647,1586.82000368002,1592.06437435406,1587.89437869284,1595.06010662762,1588.73945916476
349,-808.292956043358,606.968086061136,1.2066959961454,"gaussian","adaptive_sparse_group_lasso",1,0.0289474819440528,0.5,TRUE,"identity",FALSE,0.350250717290756,"compound_symmetry","gaussian",0.2,1000,50,1e-06,1,"PGD",0.9,TRUE,10,1,TRUE,0.00156365431299738,3,0.846284375321634,18.3400828045733,5.1736418398718,20,1622.58591208672,1618.27848083736,1634.92599489129,1621.75955392659,1643.91319171195,1624.29479534234
350,-839.2132974465,668.253256205378,1.32853530060711,"gaussian","adaptive_sparse_group_lasso",1,0.0718051918639873,0.5,TRUE,"identity",FALSE,0.436072681802457,"compound_symmetry","gaussian",0.2,1000,50,1e-06,1,"PGD",0.9,TRUE,10,1,TRUE,0.00816878927814353,2,0.564189583547756,12.7795589904827,3.6050470323822,20,1682.426594893,1679.55497406009,1691.20615388348,1682.03164192538,1697.19761843059,1683.72180286922
351,-796.951802118844,584.558968274081,1.16214506615125,"gaussian","adaptive_sparse_group_lasso",1,0.00308368314702375,0.5,TRUE,"identity",FALSE,0.328337527903924,"compound_symmetry","gaussian",0.2,1000,50,1e-06,1,"PGD",0.9,TRUE,10,1,TRUE,9.76233963652158e-05,13,3.66723229306042,79.0850770077438,22.3094883309206,20,1619.90360423769,1601.23806882381,1672.98868124543,1616.21309256861,1711.93320080163,1627.19913870355
352,-793.950341691677,556.328145119353,1.10602016922337,"gaussian","adaptive_sparse_group_lasso",1,0.0112934196220059,0.5,TRUE,"identity",FALSE,0.447639272843575,"compound_symmetry","gaussian",0.2,1000,50,1e-06,1,"PGD",0.9,TRUE,10,1,TRUE,0.00043127322665838,5,1.41047395886939,30.8101427065704,8.69138079133344,20,1597.90068338335,1590.72163130109,1618.71082608993,1596.59206417469,1633.6894874577,1600.81746653428
353,-832.075699981563,661.18675252233,1.31448658553147,"gaussian","adaptive_sparse_group_lasso",1,0.0459003787680903,0.5,TRUE,"identity",FALSE,0.377807936337715,"compound_symmetry","gaussian",0.2,1000,50,1e-06,1,"PGD",0.9,TRUE,10,1,TRUE,0.00435719170885272,3,0.846284375321634,18.3239038735068,5.16907784768147,20,1670.15139996313,1665.84396871377,1682.47530383663,1669.32047781081,1691.46250065729,1671.85571922656
354,-801.247776942624,576.910417957846,1.14693920071142,"gaussian","adaptive_sparse_group_lasso",1,0.0530516694117113,0.5,TRUE,"identity",FALSE,0.422549279577826,"compound_symmetry","gaussian",0.2,1000,50,1e-06,1,"PGD",0.9,TRUE,10,1,TRUE,0.00472134635706615,2,0.564189583547756,12.92138489608,3.64505538168983,20,1606.49555388525,1603.62393305234,1615.41693878133,1606.14060926694,1621.40840332844,1607.83077021077
355,-793.053298766369,560.096542413352,1.1135120127502,"gaussian","adaptive_sparse_group_lasso",1,0.0433482466442725,0.5,TRUE,"identity",FALSE,0.412513781815661,"compound_symmetry","gaussian",0.2,1000,50,1e-06,1,"PGD",0.9,TRUE,10,1,TRUE,0.00369147321200732,2,0.564189583547756,12.1524652146414,3.42814714426356,20,1590.10659753274,1587.23497669983,1598.25906274738,1589.534744677,1604.25052729449,1591.22490562084
356,-800.56606438297,569.3241245856,1.13185710653201,"gaussian","adaptive_sparse_group_lasso",1,0.0318296897929459,0.5,TRUE,"identity",FALSE,0.458968429082343,"compound_symmetry","gaussian",0.2,1000,50,1e-06,1,"PGD",0.9,TRUE,10,1,TRUE,0.00267680648790686,4,1.12837916709551,24.8743258683607,7.01691777635079,20,1609.13212876594,1603.38888710013,1626.0064546343,1608.14904654229,1637.98938372852,1611.52936842996
357,-803.341323808372,588.084426630096,1.1691539296821,"gaussian","adaptive_sparse_group_lasso",1,0.0198111123034615,0.5,TRUE,"identity",FALSE,0.387007566652091,"compound_symmetry","gaussian",0.2,1000,50,1e-06,1,"PGD",0.9,TRUE,10,1,TRUE,0.000502887659344385,2,0.564189583547756,12.3209661206218,3.47568037224982,20,1610.68264761674,1607.81102678384,1619.00361373736,1610.15832798899,1624.99507828447,1611.84848893283
358,-804.789605555039,586.71078091933,1.16642302369648,"gaussian","adaptive_sparse_group_lasso",1,0.133012122383113,0.5,TRUE,"identity",FALSE,0.413317650816805,"compound_symmetry","gaussian",0.2,1000,50,1e-06,1,"PGD",0.9,TRUE,10,1,TRUE,0.0165081843776788,1,0.282094791773878,6.07070319394123,1.71251375341587,20,1611.57921111008,1610.14340069363,1615.64991430402,1611.29172486349,1618.64564657757,1612.13680533541
359,-799.673348311683,582.430961969795,1.1579144373157,"gaussian","adaptive_sparse_group_lasso",1,0.0459620963396778,0.5,TRUE,"identity",FALSE,0.371540702551602,"compound_symmetry","gaussian",0.2,1000,50,1e-06,1,"PGD",0.9,TRUE,10,1,TRUE,0.00414062102747261,2,0.564189583547756,11.4691385021851,3.23538423759967,20,1603.34669662337,1600.47507579046,1610.81583512555,1602.58208086097,1616.80729967266,1604.2722418048
360,-828.860165598942,658.672583672296,1.30948823791709,"gaussian","adaptive_sparse_group_lasso",1,0.0552113201500969,0.5,TRUE,"identity",FALSE,0.35033385120117,"compound_symmetry","gaussian",0.2,1000,50,1e-06,1,"PGD",0.9,TRUE,10,1,TRUE,0.0107071350432616,6,1.69256875064327,36.0701267288567,10.1751948888342,20,1669.72033119788,1661.10546869917,1693.79045792674,1667.89552608672,1711.76485156807,1672.96600891823
361,-797.510502471659,578.119202178043,1.14934235025456,"gaussian","adaptive_sparse_group_lasso",1,0.00293726128220104,0.5,TRUE,"identity",FALSE,0.367926536900098,"compound_symmetry","gaussian",0.2,1000,50,1e-06,1,"PGD",0.9,TRUE,10,1,TRUE,4.41378074762166e-05,8,2.25675833419103,49.9504300786818,14.0907561720614,20,1611.02100494332,1599.5345216117,1644.971435022,1609.11176111538,1668.93729321043,1615.87240489073
362,-812.451814232552,606.533207350793,1.20583142614472,"gaussian","adaptive_sparse_group_lasso",1,0.00862771723369798,0.5,TRUE,"identity",FALSE,0.404219967141502,"compound_symmetry","gaussian",0.2,1000,50,1e-06,1,"PGD",0.9,TRUE,10,1,TRUE,0.000614841193629906,12,3.38513750128654,74.0448745860686,20.8876734782799,20,1648.9036284651,1631.67390346768,1698.94850305117,1645.79130194338,1734.89729033382,1655.93226760641
363,-781.471679085065,545.235550289216,1.08396729679765,"gaussian","adaptive_sparse_group_lasso",1,0.0485631768291147,0.5,TRUE,"identity",FALSE,0.352086257184257,"compound_symmetry","gaussian",0.2,1000,50,1e-06,1,"PGD",0.9,TRUE,10,1,TRUE,0.00648473428317648,3,0.846284375321634,17.6581382454108,4.9812688314535,20,1568.94335817013,1564.63592692077,1580.60149641554,1567.92462700158,1589.5886932362,1570.45986841734
364,-802.139510338359,582.613875715455,1.15827808293331,"gaussian","adaptive_sparse_group_lasso",1,0.0275276856542924,0.5,TRUE,"identity",FALSE,0.401711671619631,"compound_symmetry","gaussian",0.2,1000,50,1e-06,1,"PGD",0.9,TRUE,10,1,TRUE,0.00194898034111572,4,1.12837916709551,24.8025056999873,6.99665768090833,20,1612.27902067672,1606.53577901091,1629.08152637671,1611.27567835763,1641.06445547092,1614.6560002453
365,-790.120384663135,558.124371764742,1.10959119635138,"gaussian","adaptive_sparse_group_lasso",1,0.0377532546285323,0.5,TRUE,"identity",FALSE,0.386118559013767,"compound_symmetry","gaussian",0.2,1000,50,1e-06,1,"PGD",0.9,TRUE,10,1,TRUE,0.00321146424041443,4,1.12837916709551,24.68084206512,6.962337003164,20,1588.24076932627,1582.49752766046,1604.92161139139,1587.20310632943,1616.90454048561,1590.58342821711
366,-768.737323021078,515.781250793686,1.02541004133934,"gaussian","adaptive_sparse_group_lasso",1,0.0160133377553026,0.5,TRUE,"identity",FALSE,0.366975235383577,"compound_symmetry","gaussian",0.2,1000,50,1e-06,1,"PGD",0.9,TRUE,10,1,TRUE,0.00134534647042586,6,1.69256875064327,36.746727169925,10.3660603493715,20,1549.47464604216,1540.85978354344,1574.22137321208,1547.84070639153,1592.1957668534,1552.91118922304
367,-816.467750706487,620.45924675278,1.23351738917054,"gaussian","adaptive_sparse_group_lasso",1,0.0824057573308941,0.5,TRUE,"identity",FALSE,0.382579914670003,"compound_symmetry","gaussian",0.2,1000,50,1e-06,1,"PGD",0.9,TRUE,10,1,TRUE,0.0064703456071402,2,0.564189583547756,12.1819142146586,3.43645455379138,20,1636.93550141297,1634.06388058007,1645.11741562763,1636.37195596677,1651.10888017474,1638.0621169106
368,-772.50732095544,540.226773541702,1.07400949014255,"gaussian","adaptive_sparse_group_lasso",1,0.0247245295940541,0.5,TRUE,"identity",FALSE,0.278131787602641,"compound_symmetry","gaussian",0.2,1000,50,1e-06,1,"PGD",0.9,TRUE,10,1,TRUE,0.00160008987958672,3,0.846284375321634,18.3245032279809,5.16924692245704,20,1551.01464191088,1546.70721066152,1563.33914513886,1550.18388883334,1572.32634195952,1552.71913024909
369,-805.3746060249,593.755790192538,1.18042900634699,"gaussian","adaptive_sparse_group_lasso",1,0.0245592662716039,0.5,TRUE,"identity",FALSE,0.382213314133501,"compound_symmetry","gaussian",0.2,1000,50,1e-06,1,"PGD",0.9,TRUE,10,1,TRUE,0.00239177063396896,7,1.97466354241715,42.3645261665249,11.9508121875449,20,1624.7492120498,1614.69853913463,1653.11373821632,1622.70002423734,1674.0838641312,1628.61558754077
370,-798.108345097794,574.366870756575,1.14188244683216,"gaussian","adaptive_sparse_group_lasso",1,0.054490145730749,0.5,TRUE,"identity",FALSE,0.395964704078649,"compound_symmetry","gaussian",0.2,1000,50,1e-06,1,"PGD",0.9,TRUE,10,1,TRUE,0.00266644236522456,1,0.282094791773878,6.16364451412714,1.7387320157809,20,1598.21669019559,1596.78087977913,1602.38033470971,1597.95542221137,1605.37606698327,1598.80050268329
371,-830.664749390951,654.726269491468,1.30164268288562,"gaussian","adaptive_sparse_group_lasso",1,0.00606436676798617,0.5,TRUE,"identity",FALSE,0.391141701789109,"compound_symmetry","gaussian",0.2,1000,50,1e-06,1,"PGD",0.9,TRUE,10,1,TRUE,0.000255986821503441,11,3.10304270951266,67.9049047681441,19.1556199709946,20,1683.3294987819,1667.53558420093,1729.23440355005,1680.4851187529,1762.18745855914,1689.781003944
372,-828.85203644404,641.510361913184,1.27536851274987,"gaussian","adaptive_sparse_group_lasso",1,0.0249705032550755,0.5,TRUE,"identity",FALSE,0.434850586224474,"compound_symmetry","gaussian",0.2,1000,50,1e-06,1,"PGD",0.9,TRUE,10,1,TRUE,0.00266937253100907,6,1.69256875064327,36.7389803649182,10.3638750160262,20,1669.70407288808,1661.08921038937,1694.443053253,1668.06794790411,1712.41744689432,1673.13843073562
373,-816.800511707748,605.977372330168,1.20472638634228,"gaussian","adaptive_sparse_group_lasso",1,0.00616214874934916,0.5,TRUE,"identity",FALSE,0.466682051230649,"compound_symmetry","gaussian",0.2,1000,50,1e-06,1,"PGD",0.9,TRUE,10,1,TRUE,0.000203716743525905,7,1.97466354241715,43.4486098521691,12.2566265491121,20,1647.6010234155,1637.55035050033,1677.04963326767,1645.85764996461,1698.01975918254,1651.77321326804
374,-783.322942552081,555.391387887715,1.10415782880262,"gaussian","adaptive_sparse_group_lasso",1,0.0148766503831682,0.5,TRUE,"identity",FALSE,0.319766617041632,"compound_symmetry","gaussian",0.2,1000,50,1e-06,1,"PGD",0.9,TRUE,10,1,TRUE,0.00106066329691648,6,1.69256875064327,36.4130050385783,10.2719190742189,20,1578.64588510416,1570.03102260545,1603.05889014274,1576.91780417838,1621.03328378406,1581.98828700989
375,-780.343160007484,535.556018530784,1.06472369489221,"gaussian","adaptive_sparse_group_lasso",1,0.0612234492583865,0.5,TRUE,"identity",FALSE,0.393792634983759,"compound_symmetry","gaussian",0.2,1000,50,1e-06,1,"PGD",0.9,TRUE,10,1,TRUE,0.00320013064207341,2,0.564189583547756,12.4479447563539,3.51150038405639,20,1564.68632001497,1561.81469918206,1573.13426477132,1564.19782039902,1579.12572931843,1565.88798134286
376,-799.324374522129,577.275086696035,1.1476641882625,"gaussian","adaptive_sparse_group_lasso",1,0.0279373413498052,0.5,TRUE,"identity",FALSE,0.395269598982095,"compound_symmetry","gaussian",0.2,1000,50,1e-06,1,"PGD",0.9,TRUE,10,1,TRUE,0.00271420881794365,4,1.12837916709551,24.6935342603348,6.96591740533028,20,1606.64874904426,1600.90550737845,1623.34228330459,1605.61466644959,1635.32521239881,1608.99498833726
377,-795.143169352971,574.71569016581,1.14257592478292,"gaussian","adaptive_sparse_group_lasso",1,0.0566876561189428,0.5,TRUE,"identity",FALSE,0.357213770921994,"compound_symmetry","gaussian",0.2,1000,50,1e-06,1,"PGD",0.9,TRUE,10,1,TRUE,0.00507030127587769,3,0.846284375321634,18.3622988548578,5.17990887195084,20,1596.28633870594,1591.97890745658,1608.6486375608,1595.46624757789,1617.63583438146,1598.00148899365
378,-806.375105539479,598.685453438216,1.19022952969824,"gaussian","adaptive_sparse_group_lasso",1,0.00593505205515682,0.5,TRUE,"identity",FALSE,0.368822972294015,"compound_symmetry","gaussian",0.2,1000,50,1e-06,1,"PGD",0.9,TRUE,10,1,TRUE,0.000270704621535378,10,2.82094791773878,60.8706337902265,17.1712887641979,20,1632.75021107896,1618.39210691444,1673.62084486919,1629.92149984316,1703.57816760473,1638.37230456234
379,-806.071317357806,596.390354529361,1.18566670880589,"gaussian","adaptive_sparse_group_lasso",1,0.059933671672238,0.5,TRUE,"identity",FALSE,0.377005634620759,"compound_symmetry","gaussian",0.2,1000,50,1e-06,1,"PGD",0.9,TRUE,10,1,TRUE,0.00613192324017208,2,0.564189583547756,11.8166584601333,3.33341780777435,20,1616.14263471561,1613.27101388271,1623.95929317574,1615.47605252339,1629.95075772285,1617.16621346722
380,-828.345367728043,651.545166547939,1.29531842256051,"gaussian","adaptive_sparse_group_lasso",1,1.13411947942117,0.5,TRUE,"identity",FALSE,0.377360898955197,"compound_symmetry","gaussian",0.2,1000,50,1e-06,1,"PGD",0.9,TRUE,10,1,TRUE,0,0,0,0,0,20,1656.69073545609,1656.69073545609,1656.69073545609,1656.69073545609,1656.69073545609,1656.69073545609
381,-796.207590314901,570.609781786281,1.13441308506219,"gaussian","adaptive_sparse_group_lasso",1,0.0427528511123962,0.5,TRUE,"identity",FALSE,0.392761461166443,"compound_symmetry","gaussian",0.2,1000,50,1e-06,1,"PGD",0.9,TRUE,10,1,TRUE,0.00280323817080148,2,0.564189583547756,11.4308087514589,3.22457161454982,20,1596.4151806298,1593.5435597969,1603.84598938126,1595.63975224435,1609.83745392837,1597.32991318819
382,-823.206459858139,633.898345779835,1.26023527988039,"gaussian","adaptive_sparse_group_lasso",1,0.0921383911620464,0.5,TRUE,"identity",FALSE,0.399764097930785,"compound_symmetry","gaussian",0.2,1000,50,1e-06,1,"PGD",0.9,TRUE,10,1,TRUE,0.0175933394626746,3,0.846284375321634,18.4540794631188,5.2057997035271,20,1652.41291971628,1648.10548846692,1664.8669991794,1651.6187194198,1673.85419600006,1654.15396083556
383,-807.603115265958,602.004354005271,1.19682774156117,"gaussian","adaptive_sparse_group_lasso",1,0.0609684998753595,0.5,TRUE,"identity",FALSE,0.366833779889056,"compound_symmetry","gaussian",0.2,1000,50,1e-06,1,"PGD",0.9,TRUE,10,1,TRUE,0.0109793749572389,4,1.12837916709551,25.5865986146079,7.21784620838961,20,1623.20623053192,1617.46298886611,1640.79282914652,1622.42407674031,1652.77575824074,1625.80439862798
384,-823.462114075158,626.19322320676,1.24491694474505,"gaussian","adaptive_sparse_group_lasso",1,0.0377606015732204,0.5,TRUE,"identity",FALSE,0.444299355536707,"compound_symmetry","gaussian",0.2,1000,50,1e-06,1,"PGD",0.9,TRUE,10,1,TRUE,0.00266062681136785,3,0.846284375321634,17.2623199817677,4.86961056079082,20,1652.92422815032,1648.61679690096,1664.18654813208,1651.79383871111,1673.17374495275,1654.32908012686
385,-830.772954422573,656.836605424873,1.30583818175919,"gaussian","adaptive_sparse_group_lasso",1,0.0181513677433454,0.5,TRUE,"identity",FALSE,0.382277347368418,"compound_symmetry","gaussian",0.2,1000,50,1e-06,1,"PGD",0.9,TRUE,10,1,TRUE,0.00104382197039119,7,1.97466354241715,44.1701811349118,12.4601780498674,20,1675.54590884515,1665.49523592998,1705.71608998006,1674.00608689501,1726.68621589494,1679.92165019844
386,-785.454993591195,540.83242469625,1.07521356798459,"gaussian","adaptive_sparse_group_lasso",1,0.0247733060872408,0.5,TRUE,"identity",FALSE,0.428579575326723,"compound_symmetry","gaussian",0.2,1000,50,1e-06,1,"PGD",0.9,TRUE,10,1,TRUE,0.00132490810025406,3,0.846284375321634,18.3702582662016,5.18215418043651,20,1576.90998718239,1572.60255593303,1589.28024544859,1576.09214136283,1598.26744226925,1578.62738277858
387,-797.737305168275,571.233167944493,1.13565242136082,"gaussian","adaptive_sparse_group_lasso",1,0.0592374335622097,0.5,TRUE,"identity",FALSE,0.408997255750294,"compound_symmetry","gaussian",0.2,1000,50,1e-06,1,"PGD",0.9,TRUE,10,1,TRUE,0.00562498645220109,4,1.12837916709551,24.3500935713219,6.8690345756765,20,1603.47461033655,1597.73136867074,1619.82470390787,1602.34364491223,1631.80763300209,1605.7239667999
388,-798.878436640482,577.944658446885,1.14899534482482,"gaussian","adaptive_sparse_group_lasso",1,0.0339169315757498,0.5,TRUE,"identity",FALSE,0.38588663354771,"compound_symmetry","gaussian",0.2,1000,50,1e-06,1,"PGD",0.9,TRUE,10,1,TRUE,0.00295831428781539,3,0.846284375321634,17.388440922657,4.9051886213493,20,1603.75687328096,1599.44944203161,1615.14531420362,1602.66206190231,1624.13251102428,1605.19730331807
389,-808.629104112481,597.682169826127,1.18823493007182,"gaussian","adaptive_sparse_group_lasso",1,0.0390405899479454,0.5,TRUE,"identity",FALSE,0.402588951497117,"compound_symmetry","gaussian",0.2,1000,50,1e-06,1,"PGD",0.9,TRUE,10,1,TRUE,0.00244014787864537,3,0.846284375321634,19.1074663129847,5.39011673088782,20,1623.25820822496,1618.9507769756,1636.36567453795,1622.64832495585,1645.35287135861,1625.1835663716
390,-801.228278864616,597.047992061024,1.18697413928633,"gaussian","adaptive_sparse_group_lasso",1,0.0320654022666164,0.5,TRUE,"identity",FALSE,0.316578586106445,"compound_symmetry","gaussian",0.2,1000,50,1e-06,1,"PGD",0.9,TRUE,10,1,TRUE,0.00139649942642108,2,0.564189583547756,11.4308087514589,3.22457161454982,20,1606.45655772923,1603.58493689633,1613.88736648069,1605.68112934378,1619.8788310278,1607.37129028762
391,-789.681654081285,558.319473926565,1.10997907341265,"gaussian","adaptive_sparse_group_lasso",1,0.0226306201108703,0.5,TRUE,"identity",FALSE,0.379502945310817,"compound_symmetry","gaussian",0.2,1000,50,1e-06,1,"PGD",0.9,TRUE,10,1,TRUE,0.00198557824547503,6,1.69256875064327,36.1629066201649,10.2013676129536,20,1591.36330816257,1582.74844566386,1615.52621478273,1589.56467577552,1633.50060842406,1594.63515860703
392,-818.458615755705,621.814751560754,1.23621222974305,"gaussian","adaptive_sparse_group_lasso",1,0.0280206734140093,0.5,TRUE,"identity",FALSE,0.400961306878386,"compound_symmetry","gaussian",0.2,1000,50,1e-06,1,"PGD",0.9,TRUE,10,1,TRUE,0.00295072577970835,6,1.69256875064327,36.689571298211,10.3499369756417,20,1648.91723151141,1640.3023690127,1673.60680280962,1647.26716848705,1691.58119645094,1652.33765131856
393,-806.694751859685,586.444687102336,1.16589401014381,"gaussian","adaptive_sparse_group_lasso",1,0.0286509398902744,0.5,TRUE,"identity",FALSE,0.44052210041715,"compound_symmetry","gaussian",0.2,1000,50,1e-06,1,"PGD",0.9,TRUE,10,1,TRUE,0.00288982028822978,6,1.69256875064327,35.6703771543092,10.0624276158405,20,1625.38950371937,1616.77464122066,1649.05988087368,1623.45193133521,1667.034274515,1628.52241416672
394,-811.326529413494,610.784978016071,1.21428425052897,"gaussian","adaptive_sparse_group_lasso",1,0.0126076393710462,0.5,TRUE,"identity",FALSE,0.367832864589939,"compound_symmetry","gaussian",0.2,1000,50,1e-06,1,"PGD",0.9,TRUE,10,1,TRUE,0.00122888398947318,9,2.5388531259649,55.9420302286448,15.7809553687576,20,1640.65305882699,1627.73076507892,1678.59508905563,1638.43401419575,1705.55667951762,1646.03973844301
395,-823.005196346369,641.939816780236,1.2762222997619,"gaussian","adaptive_sparse_group_lasso",1,0.0633356838352663,0.5,TRUE,"identity",FALSE,0.357711155889291,"compound_symmetry","gaussian",0.2,1000,50,1e-06,1,"PGD",0.9,TRUE,10,1,TRUE,0.00451404050377503,1,0.282094791773878,6.16080719918443,1.73793162401294,20,1648.01039269274,1646.57458227629,1652.17119989192,1647.74832431675,1655.16693216548,1648.59340478867
396,-813.831242660832,615.5608259236,1.22377897797932,"gaussian","adaptive_sparse_group_lasso",1,0.0552414990868773,0.5,TRUE,"identity",FALSE,0.374558103951541,"compound_symmetry","gaussian",0.2,1000,50,1e-06,1,"PGD",0.9,TRUE,10,1,TRUE,0.00613775105328464,2,0.564189583547756,11.4251506278973,3.22297548736188,20,1631.66248532166,1628.79086448876,1639.08763594956,1630.88546080903,1645.07910049667,1632.57562175286
397,-782.696382538975,539.009853520546,1.07159016604482,"gaussian","adaptive_sparse_group_lasso",1,0.0129074196754839,0.5,TRUE,"identity",FALSE,0.403284431031594,"compound_symmetry","gaussian",0.2,1000,50,1e-06,1,"PGD",0.9,TRUE,10,1,TRUE,0.000906481186254368,9,2.5388531259649,55.7129024519837,15.7163196163107,20,1583.39276507795,1570.47047132988,1621.10566752993,1581.10908469426,1648.06725799192,1588.71480894153
398,-806.904054803219,595.464664937016,1.18382637164417,"gaussian","adaptive_sparse_group_lasso",1,0.0584222408022186,0.5,TRUE,"identity",FALSE,0.392421818374223,"compound_symmetry","gaussian",0.2,1000,50,1e-06,1,"PGD",0.9,TRUE,10,1,TRUE,0.0055477558167935,2,0.564189583547756,12.5790746183455,3.54849143517024,20,1617.80810960644,1614.93648877353,1626.38718422478,1617.35660104161,1632.37864877189,1619.04676198545
399,-805.889366782416,586.229349126246,1.16546590283548,"gaussian","adaptive_sparse_group_lasso",1,0.0248726810312885,0.5,TRUE,"identity",FALSE,0.430786144629444,"compound_symmetry","gaussian",0.2,1000,50,1e-06,1,"PGD",0.9,TRUE,10,1,TRUE,0.00141073818437938,3,0.846284375321634,18.1592587732386,5.1226323224047,20,1617.77873356483,1613.47130231547,1629.93799233807,1616.90136588724,1638.92518915873,1619.43660730299
400,-782.31379313297,533.322729579674,1.06028375661963,"gaussian","adaptive_sparse_group_lasso",1,0.0683973883028046,0.5,TRUE,"identity",FALSE,0.433671309348361,"compound_symmetry","gaussian",0.2,1000,50,1e-06,1,"PGD",0.9,TRUE,10,1,TRUE,0.00367426839444363,1,0.282094791773878,6.14018293035102,1.73211362519089,20,1566.62758626594,1565.19177584949,1570.76776919629,1566.35969989113,1573.76350146984,1567.20478036305
401,-1241.02506885695,952.970431679369,1.2572169283369,"gaussian","adaptive_sparse_group_lasso",1,0.0362056908932685,0.5,TRUE,"identity",FALSE,0.413215097474578,"compound_symmetry","gaussian",0.2,1000,50,1e-06,1,"PGD",0.9,TRUE,10,1,TRUE,0.00278591711299299,3,0.846284375321634,20.5304565229229,5.7915348578566,20,2488.05013771391,2483.74270646455,2502.58059423683,2487.84167257176,2511.56779105749,2490.37691398752
402,-1227.02033634569,919.047122662623,1.21246322251006,"gaussian","adaptive_sparse_group_lasso",1,0.00361877646555339,0.5,TRUE,"identity",FALSE,0.410871657229047,"compound_symmetry","gaussian",0.2,1000,50,1e-06,1,"PGD",0.9,TRUE,10,1,TRUE,0.000120640214259253,15,4.23142187660817,97.6704808058579,27.5523339453831,20,2484.04067269137,2462.50351644459,2551.71115349723,2481.59300663676,2596.64713760054,2494.26921371553
403,-1224.11619545522,922.603927683802,1.21715557741926,"gaussian","adaptive_sparse_group_lasso",1,0.0417332873271102,0.5,TRUE,"identity",FALSE,0.373778632109676,"compound_symmetry","gaussian",0.2,1000,50,1e-06,1,"PGD",0.9,TRUE,10,1,TRUE,0.00546344772676731,4,1.12837916709551,24.2694693433448,6.84629090087338,20,2456.23239091044,2450.48914924463,2472.50186025378,2455.07868181131,2484.484789348,2458.45900369898
404,-1188.98629198959,855.202176656595,1.12823506155224,"gaussian","adaptive_sparse_group_lasso",1,0.0389820911998932,0.5,TRUE,"identity",FALSE,0.323493666752689,"compound_symmetry","gaussian",0.2,1000,50,1e-06,1,"PGD",0.9,TRUE,10,1,TRUE,0.00298442378364501,3,0.846284375321634,20.8531026971707,5.88255166319767,20,2383.97258397919,2379.66515272983,2398.82568667636,2383.85513564239,2407.81288349702,2386.39037705814
405,-1213.40500306067,893.153993545433,1.1783034215639,"gaussian","adaptive_sparse_group_lasso",1,0.00837306018089237,0.5,TRUE,"identity",FALSE,0.386971361766127,"compound_symmetry","gaussian",0.2,1000,50,1e-06,1,"PGD",0.9,TRUE,10,1,TRUE,0.000383295251052388,10,2.82094791773878,64.6551822179746,18.2388901648817,20,2446.81000612134,2432.45190195681,2491.46518833931,2445.04889628622,2521.42251107485,2453.4997010054
406,-1232.08540275468,933.262968510151,1.23121763655693,"gaussian","adaptive_sparse_group_lasso",1,0.0433289419351003,0.5,TRUE,"identity",FALSE,0.404321555739613,"compound_symmetry","gaussian",0.2,1000,50,1e-06,1,"PGD",0.9,TRUE,10,1,TRUE,0.00153457841901925,1,0.282094791773878,6.68534858471272,1.88590201694032,20,2466.17080550937,2464.73499509291,2470.85615409408,2466.05670752631,2473.85188636763,2466.90178799822
407,-1194.63730236181,856.736508728883,1.13025924634417,"gaussian","adaptive_sparse_group_lasso",1,0.023075039991762,0.5,TRUE,"identity",FALSE,0.362303888515599,"compound_symmetry","gaussian",0.2,1000,50,1e-06,1,"PGD",0.9,TRUE,10,1,TRUE,0.00107366489715377,3,0.846284375321634,19.7091085603453,5.55983687537936,20,2395.27460472362,2390.96717347427,2408.98371328397,2394.834441599,2417.97091010463,2397.36968301476
408,-1206.79836675772,899.798607220185,1.18706940266515,"gaussian","adaptive_sparse_group_lasso",1,0.0684028612240649,0.5,TRUE,"identity",FALSE,0.312644724341191,"compound_symmetry","gaussian",0.2,1000,50,1e-06,1,"PGD",0.9,TRUE,10,1,TRUE,0.0048118700076126,1,0.282094791773878,6.54716777575533,1.84692193041035,20,2415.59673351545,2414.16092309899,2420.1439012912,2415.44365544586,2423.13963356476,2416.28873591777
409,-1204.76209266503,859.381448202394,1.13374861240421,"gaussian","adaptive_sparse_group_lasso",1,0.0288979635064807,0.5,TRUE,"identity",FALSE,0.439333821159463,"compound_symmetry","gaussian",0.2,1000,50,1e-06,1,"PGD",0.9,TRUE,10,1,TRUE,0.00162139339631668,2,0.564189583547756,12.2173146725445,3.44644083858739,20,2413.52418533007,2410.65256449716,2421.74150000261,2412.97062616865,2427.73296454972,2414.66078711249
410,-1223.78104261721,923.16833384327,1.21790017657423,"gaussian","adaptive_sparse_group_lasso",1,0.00435204856921525,0.5,TRUE,"identity",FALSE,0.369126467001132,"compound_symmetry","gaussian",0.2,1000,50,1e-06,1,"PGD",0.9,TRUE,10,1,TRUE,0.000102692790050116,9,2.5388531259649,59.8756494422359,16.8906088617333,20,2465.56208523443,2452.63979148636,2507.43773467666,2464.45269409616,2534.39932513865,2472.05841834343
411,-1168.04948229624,806.99906167765,1.06464256158001,"gaussian","adaptive_sparse_group_lasso",1,0.0158795021364774,0.5,TRUE,"identity",FALSE,0.331475951949187,"compound_symmetry","gaussian",0.2,1000,50,1e-06,1,"PGD",0.9,TRUE,10,1,TRUE,0.000899484513652889,6,1.69256875064327,37.6325672998011,10.6159512363539,20,2348.09896459248,2339.48410209376,2373.73153189228,2346.71491582883,2391.7059255336,2351.78539866034
412,-1248.19687421255,981.754565215759,1.295190719282,"gaussian","adaptive_sparse_group_lasso",1,0.0264883442335498,0.5,TRUE,"identity",FALSE,0.378153553285361,"compound_symmetry","gaussian",0.2,1000,50,1e-06,1,"PGD",0.9,TRUE,10,1,TRUE,0.00210214360744443,4,1.12837916709551,26.1491213168043,7.37653093293378,20,2504.39374842509,2498.65050675928,2522.5428697419,2503.77027935803,2534.52579883611,2507.1506012457
413,-1214.89466851418,904.026556530114,1.19264717220332,"gaussian","adaptive_sparse_group_lasso",1,0.0424393296164831,0.5,TRUE,"identity",FALSE,0.361450814042643,"compound_symmetry","gaussian",0.2,1000,50,1e-06,1,"PGD",0.9,TRUE,10,1,TRUE,0.00357373054307959,3,0.846284375321634,20.5304565229229,5.7915348578566,20,2435.78933702837,2431.48190577901,2450.31979355129,2435.58087188622,2459.30699037195,2438.11611330198
414,-1258.49460558281,1017.66616385813,1.34256749849357,"gaussian","adaptive_sparse_group_lasso",1,0.0218269148506901,0.5,TRUE,"identity",FALSE,0.351240704706172,"compound_symmetry","gaussian",0.2,1000,50,1e-06,1,"PGD",0.9,TRUE,10,1,TRUE,0.00109617859557005,5,1.41047395886939,33.5847230832217,9.47407546494479,20,2526.98921116562,2519.81015908336,2550.57393424884,2526.46328663056,2565.55259561661,2530.68868899015
415,-1229.74131985717,926.346934215869,1.22209358075972,"gaussian","adaptive_sparse_group_lasso",1,0.0633622376799267,0.5,TRUE,"identity",FALSE,0.408448522355649,"compound_symmetry","gaussian",0.2,1000,50,1e-06,1,"PGD",0.9,TRUE,10,1,TRUE,0.00382844444333177,1,0.282094791773878,6.57329759141942,1.85429301531919,20,2461.48263971433,2460.04682929788,2466.05593730575,2461.33693272965,2469.0516695793,2462.18201320157
416,-1241.82052538659,970.405626465197,1.2802185045715,"gaussian","adaptive_sparse_group_lasso",1,0.01529681355395,0.5,TRUE,"identity",FALSE,0.362029142452775,"compound_symmetry","gaussian",0.2,1000,50,1e-06,1,"PGD",0.9,TRUE,10,1,TRUE,0.00096308931060924,6,1.69256875064327,39.7054304742024,11.2006951419123,20,2495.64105077317,2487.02618827446,2523.34648124738,2494.84174591509,2541.3208748887,2499.9122287466
417,-1213.28221125108,871.017973332746,1.14910022867117,"gaussian","adaptive_sparse_group_lasso",1,0.012536031881979,0.5,TRUE,"identity",FALSE,0.471370768444537,"compound_symmetry","gaussian",0.2,1000,50,1e-06,1,"PGD",0.9,TRUE,10,1,TRUE,0.000590173076304727,6,1.69256875064327,37.2978925398557,10.5215412296351,20,2438.56442250216,2429.94956000345,2463.86231504202,2437.0859637318,2481.83670868334,2442.15644656331
418,-1207.495653466,876.446586091552,1.15626198692817,"gaussian","adaptive_sparse_group_lasso",1,0.04573211228078,0.5,TRUE,"identity",FALSE,0.39756619029421,"compound_symmetry","gaussian",0.2,1000,50,1e-06,1,"PGD",0.9,TRUE,10,1,TRUE,0.00525830150356797,3,0.846284375321634,19.0445185634117,5.37235949857939,20,2420.99130693199,2416.68387568264,2434.0358254954,2420.36366643057,2443.02302231607,2422.89890784633
419,-1193.0318624585,840.565657670399,1.10892566974987,"gaussian","adaptive_sparse_group_lasso",1,0.0029247026990434,0.5,TRUE,"identity",FALSE,0.409490155364644,"compound_symmetry","gaussian",0.2,1000,50,1e-06,1,"PGD",0.9,TRUE,10,1,TRUE,4.19202169256455e-05,9,2.5388531259649,58.2761319887343,16.439393318749,20,2404.063724917,2391.14143116893,2444.33985690573,2402.50311823575,2471.30144736772,2410.10884248301
420,-1219.53902738281,914.165722790132,1.20602338098962,"gaussian","adaptive_sparse_group_lasso",1,0.0326753606758743,0.5,TRUE,"identity",FALSE,0.36482719505273,"compound_symmetry","gaussian",0.2,1000,50,1e-06,1,"PGD",0.9,TRUE,10,1,TRUE,0.00162333232533155,2,0.564189583547756,13.1410439780966,3.70702006469255,20,2443.07805476562,2440.20643393271,2452.21909874371,2442.78507483031,2458.21056329082,2444.47523577415
421,-1230.94594403846,925.682224882271,1.22121665551751,"gaussian","adaptive_sparse_group_lasso",1,0.0504418921436542,0.5,TRUE,"identity",FALSE,0.421452551870943,"compound_symmetry","gaussian",0.2,1000,50,1e-06,1,"PGD",0.9,TRUE,10,1,TRUE,0.00532461551704349,3,0.846284375321634,20.4980928588689,5.78240523678423,20,2467.89188807692,2463.58445682757,2482.38998093579,2467.67429331371,2491.37717775646,2470.20953472946
422,-1197.69604221711,876.153405102557,1.15587520462079,"gaussian","adaptive_sparse_group_lasso",1,0.0039561920268471,0.5,TRUE,"identity",FALSE,0.320012040589313,"compound_symmetry","gaussian",0.2,1000,50,1e-06,1,"PGD",0.9,TRUE,10,1,TRUE,6.91330942046949e-05,10,2.82094791773878,64.5456847749296,18.2080015064861,20,2415.39208443422,2401.0339802697,2459.93776920915,2413.60008594071,2489.89509194469,2422.05089065989
423,-1205.68155526849,872.919006258578,1.15160818767622,"gaussian","adaptive_sparse_group_lasso",1,0.00820484604086241,0.5,TRUE,"identity",FALSE,0.39512434017927,"compound_symmetry","gaussian",0.2,1000,50,1e-06,1,"PGD",0.9,TRUE,10,1,TRUE,0.000348645659011323,7,1.97466354241715,45.7390346921031,12.902743467407,20,2425.36311053699,2415.31243762182,2457.10214522909,2424.2658540044,2478.07227114397,2430.18141730783
424,-1207.22990418661,865.428051034218,1.14172566099501,"gaussian","adaptive_sparse_group_lasso",1,0.0440527535619861,0.5,TRUE,"identity",FALSE,0.437603721727628,"compound_symmetry","gaussian",0.2,1000,50,1e-06,1,"PGD",0.9,TRUE,10,1,TRUE,0.00267735007851325,2,0.564189583547756,12.2979843955059,3.46919734728863,20,2418.45980837323,2415.58818754032,2426.75779276873,2417.92900572052,2432.74925731584,2419.61916666435
425,-1224.39300509853,924.973881069219,1.22028216499897,"gaussian","adaptive_sparse_group_lasso",1,0.00562963124646058,0.5,TRUE,"identity",FALSE,0.368076538359549,"compound_symmetry","gaussian",0.2,1000,50,1e-06,1,"PGD",0.9,TRUE,10,1,TRUE,0.000139697391337659,6,1.69256875064327,39.6549902263335,11.1864662106927,20,2460.78601019705,2452.17114769834,2488.44100042338,2459.97247640774,2506.41539406471,2465.04295923925
426,-1202.09250142198,870.290430064118,1.14814040905557,"gaussian","adaptive_sparse_group_lasso",1,0.00404479675236383,0.5,TRUE,"identity",FALSE,0.374600449511752,"compound_symmetry","gaussian",0.2,1000,50,1e-06,1,"PGD",0.9,TRUE,10,1,TRUE,0.00014383622339567,12,3.38513750128654,79.2999071975212,22.3700908085726,20,2428.18500284397,2410.95527784654,2483.48491004149,2426.55509365254,2519.43369732414,2436.69605931556
427,-1228.8730396809,929.404317367663,1.22612706776736,"gaussian","adaptive_sparse_group_lasso",1,0.00677866902020048,0.5,TRUE,"identity",FALSE,0.390260668389234,"compound_symmetry","gaussian",0.2,1000,50,1e-06,1,"PGD",0.9,TRUE,10,1,TRUE,0.000238143546416556,10,2.82094791773878,65.3489396544695,18.4345955244713,20,2477.7460793618,2463.38797519728,2523.09501901627,2476.18067488628,2553.05234175181,2484.63147960546
428,-1197.67472976501,864.337492275543,1.14028692912341,"gaussian","adaptive_sparse_group_lasso",1,0.0166233682473913,0.5,TRUE,"identity",FALSE,0.359802829342556,"compound_symmetry","gaussian",0.2,1000,50,1e-06,1,"PGD",0.9,TRUE,10,1,TRUE,0.000715676768355439,6,1.69256875064327,38.8772055465526,10.967057203405,20,2407.34945953003,2398.73459703131,2434.22666507658,2406.31651673343,2452.2010587179,2411.38699956494
429,-1263.64417548058,1008.70837265038,1.33074983199259,"gaussian","adaptive_sparse_group_lasso",1,0.0335703300547439,0.5,TRUE,"identity",FALSE,0.422735281877075,"compound_symmetry","gaussian",0.2,1000,50,1e-06,1,"PGD",0.9,TRUE,10,1,TRUE,0.0051067374547198,6,1.69256875064327,39.4449536644417,11.127215990501,20,2539.28835096117,2530.67348846246,2566.73330462561,2538.41556695167,2584.70769826694,2543.48604978318
430,-1204.37215563091,879.079925424135,1.15973604937221,"gaussian","adaptive_sparse_group_lasso",1,0.0171150832307755,0.5,TRUE,"identity",FALSE,0.362120876453159,"compound_symmetry","gaussian",0.2,1000,50,1e-06,1,"PGD",0.9,TRUE,10,1,TRUE,0.00129089245605281,6,1.69256875064327,39.2698352180481,11.0778159888298,20,2420.74431126182,2412.12944876311,2448.01414647987,2419.82212725065,2465.98854012119,2424.89261008216
431,-1227.05599567118,919.320536865146,1.21282392726273,"gaussian","adaptive_sparse_group_lasso",1,0.0367461883739277,0.5,TRUE,"identity",FALSE,0.410197574884572,"compound_symmetry","gaussian",0.2,1000,50,1e-06,1,"PGD",0.9,TRUE,10,1,TRUE,0.00339423744611696,5,1.41047395886939,32.8892097087381,9.27787476439388,20,2464.11199134236,2456.9329392601,2487.0012010511,2463.38986610675,2501.97986241887,2467.61526846634
432,-1207.94708016394,891.563473483043,1.17620511013594,"gaussian","adaptive_sparse_group_lasso",1,0.075490446917437,0.5,TRUE,"identity",FALSE,0.34800523644922,"compound_symmetry","gaussian",0.2,1000,50,1e-06,1,"PGD",0.9,TRUE,10,1,TRUE,0.00723569602432955,2,0.564189583547756,12.2173146725445,3.44644083858739,20,2419.89416032789,2417.02253949498,2428.11147500043,2419.34060116647,2434.10293954754,2421.03076211031
433,-1184.6459205435,819.000368837001,1.08047542062929,"gaussian","adaptive_sparse_group_lasso",1,0.0233185795344672,0.5,TRUE,"identity",FALSE,0.422406826053755,"compound_symmetry","gaussian",0.2,1000,50,1e-06,1,"PGD",0.9,TRUE,10,1,TRUE,0.00148142310311439,4,1.12837916709551,26.1527223747015,7.37754677261146,20,2377.291841087,2371.54859942119,2395.4445634617,2376.66938785961,2407.42749255592,2380.04970974729
434,-1182.10509020291,832.749261938885,1.09861380203019,"gaussian","adaptive_sparse_group_lasso",1,0.0386784670280154,0.5,TRUE,"identity",FALSE,0.348182593610815,"compound_symmetry","gaussian",0.2,1000,50,1e-06,1,"PGD",0.9,TRUE,10,1,TRUE,0.00334484829896088,3,0.846284375321634,19.3750985093572,5.46561437959549,20,2370.21018040582,2365.90274915646,2383.58527891517,2369.67579478541,2392.57247573584,2372.21103620117
435,-1227.71077442495,937.105518083177,1.23628696317042,"gaussian","adaptive_sparse_group_lasso",1,0.0381405821258682,0.5,TRUE,"identity",FALSE,0.355000211547269,"compound_symmetry","gaussian",0.2,1000,50,1e-06,1,"PGD",0.9,TRUE,10,1,TRUE,0.00609454586669834,8,2.25675833419103,52.4394834387475,14.7929051613832,20,2471.4215488499,2459.93506551828,2507.86103228864,2470.21445401128,2531.82689047708,2476.97509778663
436,-1195.05468024553,851.080519557771,1.1227975192055,"gaussian","adaptive_sparse_group_lasso",1,0.00791127323458953,0.5,TRUE,"identity",FALSE,0.386443515750417,"compound_symmetry","gaussian",0.2,1000,50,1e-06,1,"PGD",0.9,TRUE,10,1,TRUE,0.000323739160988944,9,2.5388531259649,58.7963093617281,16.5861326464692,20,2408.10936049105,2395.18706674298,2448.90566985278,2406.69549313752,2475.86726031477,2414.30121738479
437,-1234.79027158705,935.464466986444,1.23412198810877,"gaussian","adaptive_sparse_group_lasso",1,0.0490115656944947,0.5,TRUE,"identity",FALSE,0.420210250221986,"compound_symmetry","gaussian",0.2,1000,50,1e-06,1,"PGD",0.9,TRUE,10,1,TRUE,0.00407388747155884,2,0.564189583547756,12.8333803642113,3.62022976159716,20,2473.58054317409,2470.70892234119,2482.4139235383,2473.20077293569,2488.40538808541,2474.89093387953
438,-1195.86954509641,872.147080298086,1.15058981569668,"gaussian","adaptive_sparse_group_lasso",1,0.00338036611223588,0.5,TRUE,"identity",FALSE,0.319342077689575,"compound_symmetry","gaussian",0.2,1000,50,1e-06,1,"PGD",0.9,TRUE,10,1,TRUE,6.25762237576918e-05,10,2.82094791773878,63.7516246099671,17.9840012695951,20,2411.73909019283,2397.38098602831,2455.4907148028,2409.72309146242,2485.44803753834,2418.17389618161
439,-1205.71641383807,879.421212613327,1.16018629632365,"gaussian","adaptive_sparse_group_lasso",1,0.0145507926696565,0.5,TRUE,"identity",FALSE,0.371870318327799,"compound_symmetry","gaussian",0.2,1000,50,1e-06,1,"PGD",0.9,TRUE,10,1,TRUE,0.000916119535719283,7,1.97466354241715,46.1244105779724,13.011455997686,20,2425.43282767613,2415.38215476097,2457.55723825411,2424.44428367382,2478.52736416898,2430.35984697725
440,-1222.86431114792,927.281305111735,1.22332626004187,"gaussian","adaptive_sparse_group_lasso",1,0.0242395579383885,0.5,TRUE,"identity",FALSE,0.348241550242641,"compound_symmetry","gaussian",0.2,1000,50,1e-06,1,"PGD",0.9,TRUE,10,1,TRUE,0.00162524952534998,4,1.12837916709551,25.9077686484507,7.3084466022105,20,2453.72862229585,2447.98538063004,2471.6363909443,2453.03706889806,2483.61932003851,2456.41739078573
441,-1210.81727510214,888.373885069866,1.1719972098547,"gaussian","adaptive_sparse_group_lasso",1,0.00928185712023547,0.5,TRUE,"identity",FALSE,0.382325079043906,"compound_symmetry","gaussian",0.2,1000,50,1e-06,1,"PGD",0.9,TRUE,10,1,TRUE,0.000363309681540518,6,1.69256875064327,38.9375770012828,10.9840876763562,20,2433.63455020428,2425.01968770557,2460.57212720557,2432.61863788064,2478.54652084689,2437.68912071215
442,-1231.58093828312,947.97710508971,1.25062942623972,"gaussian","adaptive_sparse_group_lasso",1,0.0779172215005576,0.5,TRUE,"identity",FALSE,0.351014097420783,"compound_symmetry","gaussian",0.2,1000,50,1e-06,1,"PGD",0.9,TRUE,10,1,TRUE,0.0140227018420189,3,0.846284375321634,19.5455922609782,5.51370977895777,20,2469.16187656624,2464.85444531688,2482.70746882721,2468.67558634519,2491.69466564788,2471.21082776095
443,-1223.94436747528,915.910357000762,1.20832500923583,"gaussian","adaptive_sparse_group_lasso",1,0.0708333587978956,0.5,TRUE,"identity",FALSE,0.395483809677379,"compound_symmetry","gaussian",0.2,1000,50,1e-06,1,"PGD",0.9,TRUE,10,1,TRUE,0.0054266025579113,2,0.564189583547756,12.8333803642113,3.62022976159716,20,2451.88873495057,2449.01711411766,2460.72211531478,2451.50896471216,2466.71357986189,2453.199125656
444,-1215.61137105171,900.946264066905,1.18858346182969,"gaussian","adaptive_sparse_group_lasso",1,0.0369285452272832,0.5,TRUE,"identity",FALSE,0.37789616727625,"compound_symmetry","gaussian",0.2,1000,50,1e-06,1,"PGD",0.9,TRUE,10,1,TRUE,0.00151267667248676,2,0.564189583547756,13.154185847442,3.71072731758905,20,2435.22274210343,2432.35112127052,2444.37692795087,2434.93346942101,2450.36839249798,2436.62363036485
445,-1220.40277792881,911.867697731598,1.20299168566174,"gaussian","adaptive_sparse_group_lasso",1,0.0424391009723909,0.5,TRUE,"identity",FALSE,0.379763161418716,"compound_symmetry","gaussian",0.2,1000,50,1e-06,1,"PGD",0.9,TRUE,10,1,TRUE,0.00346694325902582,2,0.564189583547756,12.0250764207035,3.39221142896333,20,2444.80555585762,2441.93393502471,2452.83063227832,2444.19776728658,2458.82209682543,2445.88792823042
446,-1198.7878559235,864.471719920449,1.14046401044914,"gaussian","adaptive_sparse_group_lasso",1,0.0297986259628926,0.5,TRUE,"identity",FALSE,0.368346087179873,"compound_symmetry","gaussian",0.2,1000,50,1e-06,1,"PGD",0.9,TRUE,10,1,TRUE,0.00280502902566916,5,1.41047395886939,32.6909420990182,9.22194450431445,20,2407.57571184701,2400.39665976474,2430.26665394602,2406.79765635132,2445.24531531379,2411.02305871091
447,-1211.84020961958,887.61235050676,1.17099254684269,"gaussian","adaptive_sparse_group_lasso",1,0.0851958725960286,0.5,TRUE,"identity",FALSE,0.393694652619554,"compound_symmetry","gaussian",0.2,1000,50,1e-06,1,"PGD",0.9,TRUE,10,1,TRUE,0.00677494483456897,2,0.564189583547756,13.3599778646982,3.76878017384566,20,2427.68041923917,2424.80879840626,2437.04039710387,2427.44919941301,2443.03186165098,2429.13936035685
448,-1222.02751344195,909.249496862326,1.19953759480518,"gaussian","adaptive_sparse_group_lasso",1,0.0600425352520708,0.5,TRUE,"identity",FALSE,0.402779245644021,"compound_symmetry","gaussian",0.2,1000,50,1e-06,1,"PGD",0.9,TRUE,10,1,TRUE,0.00306088266447959,1,0.282094791773878,6.07600351727195,1.71400894702218,20,2446.0550268839,2444.61921646745,2450.13103040117,2445.76903583092,2453.12676267473,2446.61411630284
449,-1205.15463071408,874.688048216921,1.15394201611731,"gaussian","adaptive_sparse_group_lasso",1,0.0162399091478742,0.5,TRUE,"identity",FALSE,0.3841786569532,"compound_symmetry","gaussian",0.2,1000,50,1e-06,1,"PGD",0.9,TRUE,10,1,TRUE,0.00110452393356934,10,2.82094791773878,65.9682783485631,18.6093077444191,20,2430.30926142816,2415.95115726364,2476.27753977673,2428.91856917258,2506.23486251226,2437.36937389177
450,-1232.09027859217,933.189150425893,1.23112025122149,"gaussian","adaptive_sparse_group_lasso",1,0.0150599335240203,0.5,TRUE,"identity",FALSE,0.404623473024628,"compound_symmetry","gaussian",0.2,1000,50,1e-06,1,"PGD",0.9,TRUE,10,1,TRUE,0.000675500559267643,4,1.12837916709551,26.4973993326445,7.47477834729165,20,2472.18055718433,2466.43731551853,2490.67795651698,2471.65533553163,2502.6608856112,2475.0356574193
451,-1217.61289113934,906.104289558207,1.19538824479975,"gaussian","adaptive_sparse_group_lasso",1,0.0337740517823713,0.5,TRUE,"identity",FALSE,0.376552942416997,"compound_symmetry","gaussian",0.2,1000,50,1e-06,1,"PGD",0.9,TRUE,10,1,TRUE,0.00421286130313272,5,1.41047395886939,32.6132082921354,9.20001620224804,20,2445.22578227868,2438.04673019642,2467.83899057082,2444.42579848093,2482.81765193859,2448.65120084053
452,-1220.6018405098,906.183139470813,1.19549226843115,"gaussian","adaptive_sparse_group_lasso",1,0.00818536411859424,0.5,TRUE,"identity",FALSE,0.401524667260282,"compound_symmetry","gaussian",0.2,1000,50,1e-06,1,"PGD",0.9,TRUE,10,1,TRUE,0.000259851950265202,6,1.69256875064327,40.1011629670958,11.3123292170932,20,2453.20368101959,2444.58881852088,2481.30484398669,2452.51601023668,2499.27923762801,2457.58649306819
453,-1196.61062731293,846.4486934279,1.11668693064367,"gaussian","adaptive_sparse_group_lasso",1,0.0202244977451713,0.5,TRUE,"identity",FALSE,0.41771050931571,"compound_symmetry","gaussian",0.2,1000,50,1e-06,1,"PGD",0.9,TRUE,10,1,TRUE,0.00177460125111288,6,1.69256875064327,40.100150766903,11.3120436806906,20,2405.22125462585,2396.60639212714,2433.32140539275,2404.53329830654,2451.29579903408,2409.60378113805
454,-1219.44192505014,924.533987361845,1.21970183029267,"gaussian","adaptive_sparse_group_lasso",1,0.0248264273550639,0.5,TRUE,"identity",FALSE,0.330412283769626,"compound_symmetry","gaussian",0.2,1000,50,1e-06,1,"PGD",0.9,TRUE,10,1,TRUE,0.00186777263672136,5,1.41047395886939,32.179023429062,9.077534913708,20,2448.88385010028,2441.70479801802,2471.06287352934,2447.96138501399,2486.04153489711,2452.18678737358
455,-1211.59536160936,882.746804128577,1.1645736202224,"gaussian","adaptive_sparse_group_lasso",1,0.0126965903202827,0.5,TRUE,"identity",FALSE,0.409545955896523,"compound_symmetry","gaussian",0.2,1000,50,1e-06,1,"PGD",0.9,TRUE,10,1,TRUE,0.000554736663066433,4,1.12837916709551,26.1391221030691,7.37371020681726,20,2431.19072321873,2425.44748155292,2449.3298453218,2430.56443342554,2461.31277441601,2433.94475531322
456,-1226.5541708484,916.535276441939,1.20914944121628,"gaussian","adaptive_sparse_group_lasso",1,0.035252467280438,0.5,TRUE,"identity",FALSE,0.415888693457654,"compound_symmetry","gaussian",0.2,1000,50,1e-06,1,"PGD",0.9,TRUE,10,1,TRUE,0.00306185922801184,4,1.12837916709551,24.2694693433448,6.84629090087338,20,2461.10834169681,2455.365100031,2477.37781104015,2459.95463259768,2489.36074013437,2463.33495448535
457,-1237.61619728773,954.668113131586,1.25945661363006,"gaussian","adaptive_sparse_group_lasso",1,0.00861606440303045,0.5,TRUE,"identity",FALSE,0.378343034445886,"compound_symmetry","gaussian",0.2,1000,50,1e-06,1,"PGD",0.9,TRUE,10,1,TRUE,0.000294124320279046,6,1.69256875064327,39.5959057891317,11.1697987986832,20,2487.23239457545,2478.61753207674,2514.82830036458,2486.40219337413,2532.80269400591,2491.47267620565
458,-1216.07090073286,903.950828191569,1.19254726674349,"gaussian","adaptive_sparse_group_lasso",1,0.0128008263680378,0.5,TRUE,"identity",FALSE,0.371277921980616,"compound_symmetry","gaussian",0.2,1000,50,1e-06,1,"PGD",0.9,TRUE,10,1,TRUE,0.000816068261355861,8,2.25675833419103,52.4671613550673,14.8007129574242,20,2448.14180146573,2436.65531813411,2484.6089628208,2446.94251442315,2508.57482100923,2453.7031581985
459,-1190.85350385595,844.009823462694,1.11346942409326,"gaussian","adaptive_sparse_group_lasso",1,0.0133331547173779,0.5,TRUE,"identity",FALSE,0.377761922147999,"compound_symmetry","gaussian",0.2,1000,50,1e-06,1,"PGD",0.9,TRUE,10,1,TRUE,0.000515564301987749,4,1.12837916709551,25.7610634935663,7.26706184209125,20,2389.70700771189,2383.96376604608,2407.46807120546,2388.97406955398,2419.45100029967,2392.35439144166
460,-1223.73826221757,918.690418184405,1.21199263612718,"gaussian","adaptive_sparse_group_lasso",1,0.012832143335765,0.5,TRUE,"identity",FALSE,0.384024405430731,"compound_symmetry","gaussian",0.2,1000,50,1e-06,1,"PGD",0.9,TRUE,10,1,TRUE,0.000678191128709975,7,1.97466354241715,46.2740028301783,13.053655192923,20,2461.47652443515,2451.42585151998,2493.75052726533,2460.53017962807,2514.72065318021,2466.4457429315
461,-1208.77492014014,892.888287020309,1.17795288525107,"gaussian","adaptive_sparse_group_lasso",1,0.01581276570172,0.5,TRUE,"identity",FALSE,0.350098106753248,"compound_symmetry","gaussian",0.2,1000,50,1e-06,1,"PGD",0.9,TRUE,10,1,TRUE,0.000908023843016863,8,2.25675833419103,52.4087824558511,14.7842445740058,20,2433.54984028027,2422.06335694865,2469.95862273612,2432.33408485428,2493.92448092455,2439.09472862962
462,-1203.64059846284,854.812516446776,1.12772099795089,"gaussian","adaptive_sparse_group_lasso",1,0.0120030937372513,0.5,TRUE,"identity",FALSE,0.44760207762518,"compound_symmetry","gaussian",0.2,1000,50,1e-06,1,"PGD",0.9,TRUE,10,1,TRUE,0.000611957156241353,5,1.41047395886939,32.8809124224463,9.27553414314511,20,2417.28119692569,2410.10214484342,2440.16210934813,2416.55673106883,2455.1407707159,2420.78213342842
463,-1178.09140265287,821.087549411464,1.08322895700721,"gaussian","adaptive_sparse_group_lasso",1,0.00690819317901065,0.5,TRUE,"identity",FALSE,0.35877482655996,"compound_symmetry","gaussian",0.2,1000,50,1e-06,1,"PGD",0.9,TRUE,10,1,TRUE,0.000253350638410192,10,2.82094791773878,64.8238748457172,18.2864774765785,20,2376.18280530575,2361.82470114122,2421.00668015146,2374.46928278232,2450.964002887,2382.92008750151
464,-1175.00605475324,808.785639426027,1.06699952430874,"gaussian","adaptive_sparse_group_lasso",1,0.0229374394185356,0.5,TRUE,"identity",FALSE,0.380333373831938,"compound_symmetry","gaussian",0.2,1000,50,1e-06,1,"PGD",0.9,TRUE,10,1,TRUE,0.00185458894174223,4,1.12837916709551,25.9717545238353,7.32649668440359,20,2358.01210950649,2352.26886784068,2375.98386403032,2357.33860619089,2387.96679312454,2360.71892807857
465,-1199.31618001044,864.0675734719,1.13993083571491,"gaussian","adaptive_sparse_group_lasso",1,0.0253723330252846,0.5,TRUE,"identity",FALSE,0.374133595725216,"compound_symmetry","gaussian",0.2,1000,50,1e-06,1,"PGD",0.9,TRUE,10,1,TRUE,0.00169117849999669,4,1.12837916709551,25.4160333581526,7.16973063788601,20,2406.63236002088,2400.88911835507,2424.04839337903,2405.80209065877,2436.03132247325,2409.18241254644
466,-1189.18762271058,842.56826124003,1.11156762696574,"gaussian","adaptive_sparse_group_lasso",1,0.0198357002473735,0.5,TRUE,"identity",FALSE,0.369378679721131,"compound_symmetry","gaussian",0.2,1000,50,1e-06,1,"PGD",0.9,TRUE,10,1,TRUE,0.00172349913539523,6,1.69256875064327,39.2554599051609,11.0737607879342,20,2390.37524542115,2381.76038292244,2417.63070532632,2389.44900620909,2435.60509896764,2394.5194890406
467,-1229.2855217029,926.284090030741,1.22201067286377,"gaussian","adaptive_sparse_group_lasso",1,0.0299371498952351,0.5,TRUE,"identity",FALSE,0.40471056294184,"compound_symmetry","gaussian",0.2,1000,50,1e-06,1,"PGD",0.9,TRUE,10,1,TRUE,0.00287031227980291,5,1.41047395886939,31.2889114860531,8.82643897048944,20,2468.5710434058,2461.39199132354,2489.85995489185,2467.39748237629,2504.83861625962,2471.62288473588
468,-1192.04061356431,856.035016671546,1.1293337950812,"gaussian","adaptive_sparse_group_lasso",1,0.0304540557784273,0.5,TRUE,"identity",FALSE,0.344123240235799,"compound_symmetry","gaussian",0.2,1000,50,1e-06,1,"PGD",0.9,TRUE,10,1,TRUE,0.00261975065720494,4,1.12837916709551,25.4605256860435,7.18228169185792,20,2392.08122712862,2386.33798546281,2409.54175281466,2391.26350882048,2421.52468190888,2394.64383070815
469,-1202.94258879511,872.292480702806,1.15078163681109,"gaussian","adaptive_sparse_group_lasso",1,0.0125490332431325,0.5,TRUE,"identity",FALSE,0.374429067874255,"compound_symmetry","gaussian",0.2,1000,50,1e-06,1,"PGD",0.9,TRUE,10,1,TRUE,0.000498623168559887,5,1.41047395886939,32.7183686828574,9.22968140077162,20,2415.88517759022,2408.70612550796,2438.60354627307,2415.11485899099,2453.58220764084,2419.34026135058
470,-1204.08404859145,870.858509608066,1.1488898543642,"gaussian","adaptive_sparse_group_lasso",1,0.0094541914300208,0.5,TRUE,"identity",FALSE,0.389164417798023,"compound_symmetry","gaussian",0.2,1000,50,1e-06,1,"PGD",0.9,TRUE,10,1,TRUE,0.000320567050077869,6,1.69256875064327,39.2432612845979,11.0703196206066,20,2420.1680971829,2411.55323468419,2447.4113584675,2419.23841680351,2465.38575210882,2424.30889963502
471,-1171.94847774978,796.439707756725,1.05071201551019,"gaussian","adaptive_sparse_group_lasso",1,0.00262408171685579,0.5,TRUE,"identity",FALSE,0.403871922627215,"compound_symmetry","gaussian",0.2,1000,50,1e-06,1,"PGD",0.9,TRUE,10,1,TRUE,6.76952414934513e-05,17,4.79561146015593,111.421302176337,31.431369036608,20,2377.89695549956,2353.48817841987,2455.3182576759,2375.32832453617,2506.24570632632,2389.69469255878
472,-1243.85265187895,954.490106684522,1.25922177662866,"gaussian","adaptive_sparse_group_lasso",1,0.036019355538946,0.5,TRUE,"identity",FALSE,0.433047052938434,"compound_symmetry","gaussian",0.2,1000,50,1e-06,1,"PGD",0.9,TRUE,10,1,TRUE,0.00365894587923173,4,1.12837916709551,25.9177677386413,7.31126729347576,20,2495.7053037579,2489.96206209209,2513.62307149654,2495.01657105137,2525.60600059075,2498.39689293905
473,-1233.25648076391,952.696883720105,1.25685604712415,"gaussian","adaptive_sparse_group_lasso",1,0.0314668044843906,0.5,TRUE,"identity",FALSE,0.349378602474668,"compound_symmetry","gaussian",0.2,1000,50,1e-06,1,"PGD",0.9,TRUE,10,1,TRUE,0.00181921404003044,2,0.564189583547756,13.4902618895179,3.80553261869863,20,2470.51296152783,2467.64134069492,2480.00322341734,2470.31849414653,2485.99468796445,2472.00865509036
474,-1208.39638816614,884.394819601845,1.16674778311589,"gaussian","adaptive_sparse_group_lasso",1,0.0131616804247303,0.5,TRUE,"identity",FALSE,0.37634240168598,"compound_symmetry","gaussian",0.2,1000,50,1e-06,1,"PGD",0.9,TRUE,10,1,TRUE,0.000861305866682909,8,2.25675833419103,52.6554013304516,14.8538144740837,20,2432.79277633229,2421.30629300067,2469.44817766274,2431.64659080637,2493.41403585117,2438.40723458172
475,-1260.13115264858,1012.26589051105,1.33544312732328,"gaussian","adaptive_sparse_group_lasso",1,0.0214773268079026,0.5,TRUE,"identity",FALSE,0.380939237747039,"compound_symmetry","gaussian",0.2,1000,50,1e-06,1,"PGD",0.9,TRUE,10,1,TRUE,0.00123502150147555,4,1.12837916709551,26.0883770707455,7.35939529749036,20,2528.26230529715,2522.51906363134,2546.3506823679,2527.62170059464,2558.33361146211,2531.00202248231
476,-1219.06140633403,904.548395883058,1.19333561462145,"gaussian","adaptive_sparse_group_lasso",1,0.0145588214779193,0.5,TRUE,"identity",FALSE,0.394187181189538,"compound_symmetry","gaussian",0.2,1000,50,1e-06,1,"PGD",0.9,TRUE,10,1,TRUE,0.000685781425649773,5,1.41047395886939,30.5052862443881,8.60538237111322,20,2448.12281266807,2440.94376058581,2468.62809891246,2446.72819503918,2483.60676028022,2450.95359739877
477,-1198.08981958314,866.475114106997,1.14310701069525,"gaussian","adaptive_sparse_group_lasso",1,0.00358510342465727,0.5,TRUE,"identity",FALSE,0.355626265232571,"compound_symmetry","gaussian",0.2,1000,50,1e-06,1,"PGD",0.9,TRUE,10,1,TRUE,8.11702001497193e-05,12,3.38513750128654,78.7183290121835,22.2060306314795,20,2420.17963916628,2402.94991416886,2474.89796817847,2418.38566979776,2510.84675546111,2428.52663546079
478,-1234.30164272928,960.988892908181,1.26779537322979,"gaussian","adaptive_sparse_group_lasso",1,0.00784985965505135,0.5,TRUE,"identity",FALSE,0.331961741961295,"compound_symmetry","gaussian",0.2,1000,50,1e-06,1,"PGD",0.9,TRUE,10,1,TRUE,0.000395330339065398,9,2.5388531259649,60.0546572534161,16.941106032954,20,2486.60328545856,2473.68099171049,2528.65794271198,2485.54439149152,2555.61953317397,2493.15011573878
479,-1200.03646620267,860.510591627736,1.13523824752999,"gaussian","adaptive_sparse_group_lasso",1,0.027801115104094,0.5,TRUE,"identity",FALSE,0.393258376833318,"compound_symmetry","gaussian",0.2,1000,50,1e-06,1,"PGD",0.9,TRUE,10,1,TRUE,0.00269486529871367,6,1.69256875064327,38.6084269458015,10.8912361599929,20,2412.07293240534,2403.45806990662,2438.68135935114,2410.96416856533,2456.65575299246,2416.03465139684
480,-1195.54727962639,869.199855692345,1.14670165658621,"gaussian","adaptive_sparse_group_lasso",1,0.034245327557173,0.5,TRUE,"identity",FALSE,0.326577342263994,"compound_symmetry","gaussian",0.2,1000,50,1e-06,1,"PGD",0.9,TRUE,10,1,TRUE,0.00204279355098283,2,0.564189583547756,12.9734239950367,3.6597353404741,20,2395.09455925278,2392.22293841987,2404.06798324782,2394.75429459325,2410.05944779492,2396.44445553709
481,-1197.41670492985,865.125405159687,1.14132639203125,"gaussian","adaptive_sparse_group_lasso",1,0.0433916214802897,0.5,TRUE,"identity",FALSE,0.354969472840736,"compound_symmetry","gaussian",0.2,1000,50,1e-06,1,"PGD",0.9,TRUE,10,1,TRUE,0.00369182675006926,2,0.564189583547756,12.9999894058225,3.66722930449812,20,2398.83340985969,2395.96178902679,2407.83339926552,2398.50063916419,2413.82486381262,2400.19080010803
482,-1222.86832677116,897.804521772189,1.18443868307677,"gaussian","adaptive_sparse_group_lasso",1,0.0199937249717823,0.5,TRUE,"identity",FALSE,0.453459558490877,"compound_symmetry","gaussian",0.2,1000,50,1e-06,1,"PGD",0.9,TRUE,10,1,TRUE,0.000762926224579225,2,0.564189583547756,13.0289929848033,3.67541106307142,20,2449.73665354232,2446.86503270941,2458.76564652712,2449.41206460539,2464.75711107423,2451.10222554923
483,-1210.04344456349,893.557097752188,1.17883522130896,"gaussian","adaptive_sparse_group_lasso",1,0.0334714221584526,0.5,TRUE,"identity",FALSE,0.35794057421121,"compound_symmetry","gaussian",0.2,1000,50,1e-06,1,"PGD",0.9,TRUE,10,1,TRUE,0.0026757019288022,4,1.12837916709551,24.0443934811975,6.78279817240761,20,2428.08688912697,2422.34364746117,2444.13128260817,2426.86968729938,2456.11421170239,2430.25000918706
484,-1204.16340577221,866.199983470785,1.14274404151819,"gaussian","adaptive_sparse_group_lasso",1,0.0087997045482218,0.5,TRUE,"identity",FALSE,0.407277156867532,"compound_symmetry","gaussian",0.2,1000,50,1e-06,1,"PGD",0.9,TRUE,10,1,TRUE,0.000441158212479952,8,2.25675833419103,52.1971044030534,14.7245312977787,20,2424.32681154442,2412.8403282128,2460.52391594747,2423.0513428422,2484.4897741359,2429.81198661755
485,-1236.79572436311,932.215579133558,1.22983585637673,"gaussian","adaptive_sparse_group_lasso",1,0.0917254619745655,0.5,TRUE,"identity",FALSE,0.450409344577895,"compound_symmetry","gaussian",0.2,1000,50,1e-06,1,"PGD",0.9,TRUE,10,1,TRUE,0.0112604626237883,2,0.564189583547756,13.5101440228412,3.81114126495848,20,2477.59144872623,2474.71982789332,2487.10159274907,2477.40258999119,2493.09305729618,2479.09275093502
486,-1225.60248436137,925.594770026722,1.22110127971863,"gaussian","adaptive_sparse_group_lasso",1,0.0695479798897037,0.5,TRUE,"identity",FALSE,0.375921544122375,"compound_symmetry","gaussian",0.2,1000,50,1e-06,1,"PGD",0.9,TRUE,10,1,TRUE,0.00766795126925248,2,0.564189583547756,13.1458059248105,3.70836338505923,20,2455.20496872275,2452.33334788984,2464.35077464756,2454.91333210781,2470.34223919467,2456.60349305164
487,-1218.18359874958,907.009550113625,1.19658251993882,"gaussian","adaptive_sparse_group_lasso",1,0.0658982535558146,0.5,TRUE,"identity",FALSE,0.378146205252262,"compound_symmetry","gaussian",0.2,1000,50,1e-06,1,"PGD",0.9,TRUE,10,1,TRUE,0.00937903836173344,3,0.846284375321634,18.7314147494817,5.28403454338519,20,2442.36719749916,2438.0597662498,2455.09861224864,2441.65123204254,2464.0858090693,2444.1864734583
488,-1222.92364748065,913.201629246138,1.20475148977063,"gaussian","adaptive_sparse_group_lasso",1,0.0473730891523421,0.5,TRUE,"identity",FALSE,0.396353613769704,"compound_symmetry","gaussian",0.2,1000,50,1e-06,1,"PGD",0.9,TRUE,10,1,TRUE,0.00385999400340255,2,0.564189583547756,12.8015142260886,3.61124048999881,20,2449.8472949613,2446.97567412839,2458.64880918739,2449.4585354513,2464.6402737345,2451.14869639513
489,-1210.97711631928,867.86809801063,1.14494472033065,"gaussian","adaptive_sparse_group_lasso",1,0.0416443754187627,0.5,TRUE,"identity",FALSE,0.462497238356664,"compound_symmetry","gaussian",0.2,1000,50,1e-06,1,"PGD",0.9,TRUE,10,1,TRUE,0.00433540857573873,3,0.846284375321634,19.0569494710779,5.37586619288905,20,2427.95423263855,2423.6468013892,2441.01118210963,2427.33009883144,2449.99837893029,2429.8653402472
490,-1195.40345671245,857.218305968899,1.1308948627558,"gaussian","adaptive_sparse_group_lasso",1,0.00545663974968938,0.5,TRUE,"identity",FALSE,0.3667894152361,"compound_symmetry","gaussian",0.2,1000,50,1e-06,1,"PGD",0.9,TRUE,10,1,TRUE,0.000211475579415185,10,2.82094791773878,62.9019341716776,17.7443080223336,20,2410.80691342491,2396.44880926038,2453.70884759658,2408.55122144724,2483.66617033212,2417.00202616642
491,-1189.23055456137,837.305592297736,1.10462479194952,"gaussian","adaptive_sparse_group_lasso",1,0.0116734619741622,0.5,TRUE,"identity",FALSE,0.389482008858917,"compound_symmetry","gaussian",0.2,1000,50,1e-06,1,"PGD",0.9,TRUE,10,1,TRUE,0.000360919547175628,4,1.12837916709551,26.9257712807932,7.59561984280643,20,2386.46110912274,2380.71786745693,2405.38688040353,2386.05672896554,2417.36980949774,2389.43705085322
492,-1212.15711717633,883.177596475596,1.16514194785699,"gaussian","adaptive_sparse_group_lasso",1,0.0378435866047543,0.5,TRUE,"identity",FALSE,0.412845159462912,"compound_symmetry","gaussian",0.2,1000,50,1e-06,1,"PGD",0.9,TRUE,10,1,TRUE,0.00467750913171771,5,1.41047395886939,32.2851007161832,9.10745876393038,20,2434.31423435265,2427.13518227039,2456.59933506884,2433.42169311658,2471.57799643661,2437.64709547618
493,-1212.51263070262,897.286052791896,1.18375468706055,"gaussian","adaptive_sparse_group_lasso",1,0.0529328672393136,0.5,TRUE,"identity",FALSE,0.365128198448637,"compound_symmetry","gaussian",0.2,1000,50,1e-06,1,"PGD",0.9,TRUE,10,1,TRUE,0.00602852101707699,3,0.846284375321634,20.1955238978944,5.69705210874089,20,2431.02526140523,2426.71783015588,2445.22078530313,2430.72231351397,2454.20798212379,2433.25755492973
494,-1234.77281604263,943.75086499937,1.24505391160867,"gaussian","adaptive_sparse_group_lasso",1,0.0120683835898513,0.5,TRUE,"identity",FALSE,0.391058004236172,"compound_symmetry","gaussian",0.2,1000,50,1e-06,1,"PGD",0.9,TRUE,10,1,TRUE,0.000741346823837077,8,2.25675833419103,52.5078532492839,14.8121919288501,20,2485.54563208527,2474.05914875365,2522.05348533455,2484.35782401412,2546.01934352299,2491.11846778947
495,-1219.96537287273,897.244626749541,1.18370003528963,"gaussian","adaptive_sparse_group_lasso",1,0.00768812415887912,0.5,TRUE,"identity",FALSE,0.42901512692338,"compound_symmetry","gaussian",0.2,1000,50,1e-06,1,"PGD",0.9,TRUE,10,1,TRUE,0.000296178893333862,8,2.25675833419103,53.2298218524927,15.0158555116396,20,2455.93074574546,2444.44426241384,2493.16056759795,2454.9466012571,2517.12642578638,2461.70724503245
496,-1209.52378013805,882.883008096149,1.16475330883397,"gaussian","adaptive_sparse_group_lasso",1,0.00533293795056085,0.5,TRUE,"identity",FALSE,0.391216644712352,"compound_symmetry","gaussian",0.2,1000,50,1e-06,1,"PGD",0.9,TRUE,10,1,TRUE,0.000176325810313587,10,2.82094791773878,64.3508391653367,18.15303657482,20,2439.04756027611,2424.68945611158,2483.39839944144,2437.20059685093,2513.35572217698,2445.65140157011
497,-1253.6805901805,994.764835787587,1.31235466462742,"gaussian","adaptive_sparse_group_lasso",1,0.0348652813477078,0.5,TRUE,"identity",FALSE,0.382268553145611,"compound_symmetry","gaussian",0.2,1000,50,1e-06,1,"PGD",0.9,TRUE,10,1,TRUE,0.00324347699730576,4,1.12837916709551,26.3905426412886,7.44463463119395,20,2515.36118036101,2509.6179386952,2533.7517230023,2514.8058149922,2545.73465209651,2518.18613687988
498,-1224.0759038112,916.284904699511,1.20881913548748,"gaussian","adaptive_sparse_group_lasso",1,0.00846943799978398,0.5,TRUE,"identity",FALSE,0.395283893385579,"compound_symmetry","gaussian",0.2,1000,50,1e-06,1,"PGD",0.9,TRUE,10,1,TRUE,0.000261089650786506,7,1.97466354241715,46.1598399376195,13.0214504355183,20,2462.15180762239,2452.10113470723,2494.31164756001,2461.17325805791,2515.28177347489,2467.08882136134
499,-1193.00712062845,834.759567661312,1.10126592039751,"gaussian","adaptive_sparse_group_lasso",1,0.0108370466412049,0.5,TRUE,"identity",FALSE,0.432623200198491,"compound_symmetry","gaussian",0.2,1000,50,1e-06,1,"PGD",0.9,TRUE,10,1,TRUE,0.000456113221022936,6,1.69256875064327,39.1844328351895,11.0537244214203,20,2398.01424125691,2389.39937875819,2425.1986740921,2397.06796567833,2443.17306773342,2402.13844850984
500,-1244.62155046454,968.445869265204,1.27763307290924,"gaussian","adaptive_sparse_group_lasso",1,0.0511416816263348,0.5,TRUE,"identity",FALSE,0.391558547859562,"compound_symmetry","gaussian",0.2,1000,50,1e-06,1,"PGD",0.9,TRUE,10,1,TRUE,0.00463216917564001,2,0.564189583547756,13.6394880818877,3.84762855036242,20,2493.24310092908,2490.37148009618,2502.88258901097,2493.09072947944,2508.87405355808,2494.78089042328
501,-1661.83962975206,1291.3499520114,1.27477784009023,"gaussian","adaptive_sparse_group_lasso",1,0.00735162054202095,0.5,TRUE,"identity",FALSE,0.389937937181619,"compound_symmetry","gaussian",0.2,1000,50,1e-06,1,"PGD",0.9,TRUE,10,1,TRUE,0.00028815468987521,10,2.82094791773878,68.9108323905936,19.4393869141891,20,3343.67925950412,3329.3211553396,3392.59009189471,3343.11864641831,3422.54741463025,3351.56945113749
502,-1641.81031898083,1234.0022155372,1.21816605679882,"gaussian","adaptive_sparse_group_lasso",1,0.0210887041504022,0.5,TRUE,"identity",FALSE,0.409122186843801,"compound_symmetry","gaussian",0.2,1000,50,1e-06,1,"PGD",0.9,TRUE,10,1,TRUE,0.00154836149451123,7,1.97466354241715,47.9095996179313,13.5150485281902,20,3297.62063796165,3287.56996504649,3331.53023757958,3297.13568648984,3352.50036349446,3303.05124979327
503,-1616.57293162384,1183.86078067546,1.16866809543481,"gaussian","adaptive_sparse_group_lasso",1,0.040293391860151,0.5,TRUE,"identity",FALSE,0.382073163573168,"compound_symmetry","gaussian",0.2,1000,50,1e-06,1,"PGD",0.9,TRUE,10,1,TRUE,0.00183446193241078,2,0.564189583547756,13.5827909307974,3.83163457933141,20,3237.14586324769,3234.27424241478,3246.72865417848,3236.97749782702,3252.72011872559,3238.66765877085
504,-1560.69790650558,1053.42492431896,1.03990614444123,"gaussian","adaptive_sparse_group_lasso",1,0.00645660764694586,0.5,TRUE,"identity",FALSE,0.402771005796931,"compound_symmetry","gaussian",0.2,1000,50,1e-06,1,"PGD",0.9,TRUE,10,1,TRUE,0.000197823764136146,9,2.5388531259649,62.1484545347626,17.5317553410522,20,3139.39581301116,3126.47351926309,3183.54426754592,3138.92756835221,3210.50585800791,3146.53329259948
505,-1598.28099530622,1145.59747346821,1.130895827708,"gaussian","adaptive_sparse_group_lasso",1,0.00334835119174672,0.5,TRUE,"identity",FALSE,0.371825224270913,"compound_symmetry","gaussian",0.2,1000,50,1e-06,1,"PGD",0.9,TRUE,10,1,TRUE,6.04719823427484e-05,10,2.82094791773878,69.1209035386072,19.4986468909457,20,3216.56199061245,3202.20388644793,3265.68289415106,3216.06063750339,3295.6402168866,3224.51144222258
506,-1626.60108356803,1202.88421883316,1.18744740259937,"gaussian","adaptive_sparse_group_lasso",1,0.0127254270012649,0.5,TRUE,"identity",FALSE,0.394429772151976,"compound_symmetry","gaussian",0.2,1000,50,1e-06,1,"PGD",0.9,TRUE,10,1,TRUE,0.000500378215203085,4,1.12837916709551,27.5915214764634,7.78342450562743,20,3261.20216713606,3255.45892547026,3280.79368861253,3260.98559164169,3292.77661770674,3264.36591352937
507,-1656.34178423153,1265.64942274259,1.24940713005192,"gaussian","adaptive_sparse_group_lasso",1,0.07784946408002,0.5,TRUE,"identity",FALSE,0.420375857290691,"compound_symmetry","gaussian",0.2,1000,50,1e-06,1,"PGD",0.9,TRUE,10,1,TRUE,0.00892016947458335,2,0.564189583547756,12.8021378092693,3.61141639956632,20,3316.68356846306,3313.81194763016,3325.48570627233,3316.29498486263,3331.47717081944,3317.98514580646
508,-1642.8329793526,1278.27050685848,1.26186624566484,"gaussian","adaptive_sparse_group_lasso",1,0.0472207826732105,0.5,TRUE,"identity",FALSE,0.308137225357323,"compound_symmetry","gaussian",0.2,1000,50,1e-06,1,"PGD",0.9,TRUE,10,1,TRUE,0.00351311373617606,2,0.564189583547756,12.8400355237769,3.62210714744904,20,3289.6659587052,3286.79433787229,3298.50599422897,3289.28806585265,3304.49745877608,3290.97822679648
509,-1631.35021011948,1218.51111424888,1.20287375542832,"gaussian","adaptive_sparse_group_lasso",1,0.0113416591011187,0.5,TRUE,"identity",FALSE,0.383109342465647,"compound_symmetry","gaussian",0.2,1000,50,1e-06,1,"PGD",0.9,TRUE,10,1,TRUE,0.000560847972219219,7,1.97466354241715,46.093826090243,13.0028282729884,20,3276.70042023896,3266.64974732379,3308.7942463292,3275.70324851195,3329.76437224408,3281.61881181538
510,-1659.32623527845,1269.55649369141,1.25326406089972,"gaussian","adaptive_sparse_group_lasso",1,0.01336783694751,0.5,TRUE,"identity",FALSE,0.429920044550271,"compound_symmetry","gaussian",0.2,1000,50,1e-06,1,"PGD",0.9,TRUE,10,1,TRUE,0.000449856870077426,3,0.846284375321634,20.220212156793,5.70401653799417,20,3324.6524705569,3320.34503930754,3338.87268271369,3324.35648709489,3347.85987953435,3326.89172851065
511,-1607.05348411062,1168.60542325374,1.15360851259007,"gaussian","adaptive_sparse_group_lasso",1,0.0269118813626407,0.5,TRUE,"identity",FALSE,0.363884195032945,"compound_symmetry","gaussian",0.2,1000,50,1e-06,1,"PGD",0.9,TRUE,10,1,TRUE,0.00244326910744588,4,1.12837916709551,26.5386444727568,7.4864133865033,20,3222.10696822125,3216.36372655544,3240.645612694,3221.59338160775,3252.62854178822,3224.97370349542
512,-1651.51203676378,1271.97187541848,1.25564844562535,"gaussian","adaptive_sparse_group_lasso",1,0.0369039991420716,0.5,TRUE,"identity",FALSE,0.373241351304312,"compound_symmetry","gaussian",0.2,1000,50,1e-06,1,"PGD",0.9,TRUE,10,1,TRUE,0.00301003092577467,3,0.846284375321634,20.4507114885572,5.76903919899221,20,3309.02407352756,3304.7166422782,3323.47478501611,3308.79311272655,3332.46198183678,3311.3283541423
513,-1603.47666023877,1149.17283727785,1.13442530827033,"gaussian","adaptive_sparse_group_lasso",1,0.010283060797007,0.5,TRUE,"identity",FALSE,0.394508887865034,"compound_symmetry","gaussian",0.2,1000,50,1e-06,1,"PGD",0.9,TRUE,10,1,TRUE,0.000391451691791725,6,1.69256875064327,41.0664400803629,11.5846288633644,20,3218.95332047753,3210.33845797882,3248.0197605579,3218.5379493409,3265.99415419922,3223.60843217241
514,-1666.2073221086,1308.12020817202,1.29133288072263,"gaussian","adaptive_sparse_group_lasso",1,0.00739859964532111,0.5,TRUE,"identity",FALSE,0.376344417640783,"compound_symmetry","gaussian",0.2,1000,50,1e-06,1,"PGD",0.9,TRUE,10,1,TRUE,0.000262656491942243,9,2.5388531259649,62.2312726866271,17.5551179103575,20,3350.4146442172,3337.49235046913,3394.64591690383,3349.96976212756,3421.60750736582,3357.57548637483
515,-1612.77545395261,1153.65750088309,1.1388524194305,"gaussian","adaptive_sparse_group_lasso",1,0.0100561684965711,0.5,TRUE,"identity",FALSE,0.443133515628112,"compound_symmetry","gaussian",0.2,1000,50,1e-06,1,"PGD",0.9,TRUE,10,1,TRUE,0.000387211650703571,5,1.41047395886939,33.357362579416,9.4099382509661,20,3235.55090790523,3228.37185582297,3258.90827048465,3234.9608461562,3273.88693185241,3239.18624851579
516,-1653.48151193345,1271.3313964593,1.25501618604077,"gaussian","adaptive_sparse_group_lasso",1,0.0228119528993152,0.5,TRUE,"identity",FALSE,0.387123371398677,"compound_symmetry","gaussian",0.2,1000,50,1e-06,1,"PGD",0.9,TRUE,10,1,TRUE,0.00204575656984121,6,1.69256875064327,41.4696569865014,11.6983742525413,20,3318.9630238669,3310.34816136819,3348.4326808534,3318.66139811944,3366.40707449473,3323.73188095095
517,-1652.53066181699,1238.93116198374,1.22303174924358,"gaussian","adaptive_sparse_group_lasso",1,0.035990147610221,0.5,TRUE,"identity",FALSE,0.468663909571965,"compound_symmetry","gaussian",0.2,1000,50,1e-06,1,"PGD",0.9,TRUE,10,1,TRUE,0.00212097174217038,2,0.564189583547756,13.7206661391159,3.87052845751279,20,3309.06132363398,3306.18970280107,3318.78198977309,3308.93185209149,3324.7734543202,3310.62201303533
518,-1576.82059446851,1103.33473050137,1.08917544965584,"gaussian","adaptive_sparse_group_lasso",1,0.00786864406257126,0.5,TRUE,"identity",FALSE,0.357109727627428,"compound_symmetry","gaussian",0.2,1000,50,1e-06,1,"PGD",0.9,TRUE,10,1,TRUE,0.000259108277664244,8,2.25675833419103,53.5746213500047,15.113121654094,20,3169.64118893701,3158.1547056054,3207.21581028702,3168.75431059111,3231.18166847545,3175.51495436646
519,-1617.00661760729,1170.9111176859,1.15588461765636,"gaussian","adaptive_sparse_group_lasso",1,0.014194438891538,0.5,TRUE,"identity",FALSE,0.42085630047805,"compound_symmetry","gaussian",0.2,1000,50,1e-06,1,"PGD",0.9,TRUE,10,1,TRUE,0.000454324519913592,4,1.12837916709551,27.2220444276151,7.67919695446734,20,3242.01323521458,3236.26999354877,3261.23527964219,3241.69243216905,3273.21820873641,3245.07275405672
520,-1561.53275431341,1073.42813766706,1.05965265317577,"gaussian","adaptive_sparse_group_lasso",1,0.0471986226292826,0.5,TRUE,"identity",FALSE,0.348950922480563,"compound_symmetry","gaussian",0.2,1000,50,1e-06,1,"PGD",0.9,TRUE,10,1,TRUE,0.00476301923683675,3,0.846284375321634,20.6059642358723,5.81283519041839,20,3129.06550862681,3124.75807737745,3143.67147286268,3128.87834381723,3152.65866968334,3131.41358523298
521,-1629.68769603589,1204.48872256333,1.18903131546232,"gaussian","adaptive_sparse_group_lasso",1,0.0348563962590699,0.5,TRUE,"identity",FALSE,0.410028644297975,"compound_symmetry","gaussian",0.2,1000,50,1e-06,1,"PGD",0.9,TRUE,10,1,TRUE,0.0035810724106499,4,1.12837916709551,27.3846932255419,7.72507933325076,20,3267.37539207178,3261.63215040597,3286.76008529732,3267.10047140503,3298.74301439154,3270.48079329271
522,-1616.42708143015,1195.44660108412,1.18010523305442,"gaussian","adaptive_sparse_group_lasso",1,0.00807971763602148,0.5,TRUE,"identity",FALSE,0.351104204088115,"compound_symmetry","gaussian",0.2,1000,50,1e-06,1,"PGD",0.9,TRUE,10,1,TRUE,0.000276195349735767,8,2.25675833419103,54.8842201270552,15.4825526484133,20,3248.85416286029,3237.36767952868,3287.73838298735,3248.33671550871,3311.70424117578,3255.09735928405
523,-1621.03797315464,1205.12766567807,1.18966205891221,"gaussian","adaptive_sparse_group_lasso",1,0.0433572124385423,0.5,TRUE,"identity",FALSE,0.354234101501322,"compound_symmetry","gaussian",0.2,1000,50,1e-06,1,"PGD",0.9,TRUE,10,1,TRUE,0.00364015728010463,2,0.564189583547756,13.383092092854,3.77530057722427,20,3246.07594630928,3243.20432547637,3255.45903840213,3245.8512468865,3261.45050294924,3247.54140783034
524,-1660.90805402778,1296.49566148197,1.27985751380254,"gaussian","adaptive_sparse_group_lasso",1,0.0102825057194062,0.5,TRUE,"identity",FALSE,0.371538669849076,"compound_symmetry","gaussian",0.2,1000,50,1e-06,1,"PGD",0.9,TRUE,10,1,TRUE,0.0005037148718775,6,1.69256875064327,39.0908297885531,11.02731948947,20,3333.81610805557,3325.20124555686,3360.90693784412,3332.84342754504,3378.88133148545,3337.91391037655
525,-1639.81897108686,1243.37479564316,1.22741835700213,"gaussian","adaptive_sparse_group_lasso",1,0.0381544412914828,0.5,TRUE,"identity",FALSE,0.372158339544999,"compound_symmetry","gaussian",0.2,1000,50,1e-06,1,"PGD",0.9,TRUE,10,1,TRUE,0.00266354023751872,2,0.564189583547756,12.8400355237769,3.62210714744904,20,3283.63794217372,3280.76632134081,3292.47797769749,3283.26004932117,3298.4694422446,3284.950210265
526,-1606.56415307605,1175.58834086628,1.16050181724213,"gaussian","adaptive_sparse_group_lasso",1,0.0294736401675151,0.5,TRUE,"identity",FALSE,0.342976864993765,"compound_symmetry","gaussian",0.2,1000,50,1e-06,1,"PGD",0.9,TRUE,10,1,TRUE,0.0020686952925378,4,1.12837916709551,27.5915214764634,7.78342450562743,20,3221.1283061521,3215.38506448629,3240.71982762856,3220.91173065772,3252.70275672278,3224.2920525454
527,-1637.72509463145,1239.47869767997,1.22357225832178,"gaussian","adaptive_sparse_group_lasso",1,0.00293502494177553,0.5,TRUE,"identity",FALSE,0.369061502566549,"compound_symmetry","gaussian",0.2,1000,50,1e-06,1,"PGD",0.9,TRUE,10,1,TRUE,5.75911488259638e-05,12,3.38513750128654,81.126111702455,22.8852535881284,20,3299.45018926291,3282.22046426548,3356.57630096536,3298.33544285104,3392.52508824801,3308.47640851406
528,-1619.83354974366,1195.81996618193,1.1804738066949,"gaussian","adaptive_sparse_group_lasso",1,0.0400584617678238,0.5,TRUE,"identity",FALSE,0.370723273394857,"compound_symmetry","gaussian",0.2,1000,50,1e-06,1,"PGD",0.9,TRUE,10,1,TRUE,0.00272603375724332,3,0.846284375321634,20.7652980876395,5.85778244015518,20,3245.66709948732,3241.35966823796,3260.43239757496,3245.52488192747,3269.41959439562,3248.06012334323
529,-1676.32932169254,1319.05819470421,1.30213049822725,"gaussian","adaptive_sparse_group_lasso",1,0.00778865990091582,0.5,TRUE,"identity",FALSE,0.414099919402809,"compound_symmetry","gaussian",0.2,1000,50,1e-06,1,"PGD",0.9,TRUE,10,1,TRUE,0.000217428739872364,5,1.41047395886939,34.3856637133368,9.70001664522036,20,3362.65864338508,3355.47959130282,3387.04430709841,3362.3586600303,3402.02296846618,3366.58406238989
530,-1630.76660564926,1207.63981637537,1.19214197075555,"gaussian","adaptive_sparse_group_lasso",1,0.011028750527417,0.5,TRUE,"identity",FALSE,0.408429742483514,"compound_symmetry","gaussian",0.2,1000,50,1e-06,1,"PGD",0.9,TRUE,10,1,TRUE,0.000469083923685716,5,1.41047395886939,34.3732628959439,9.69651843922006,20,3271.53321129853,3264.35415921627,3295.90647419447,3271.22972973775,3310.88513556224,3275.45513209734
531,-1649.77914750026,1253.60982782057,1.23752204128388,"gaussian","adaptive_sparse_group_lasso",1,0.0210428714516477,0.5,TRUE,"identity",FALSE,0.409018163083913,"compound_symmetry","gaussian",0.2,1000,50,1e-06,1,"PGD",0.9,TRUE,10,1,TRUE,0.00118474100974209,5,1.41047395886939,33.4207611444148,9.4278226559582,20,3309.55829500053,3302.37924291826,3332.97905614494,3308.98611765648,3347.95771751271,3313.21152001608
532,-1641.10330886665,1235.69473339582,1.21983685429005,"gaussian","adaptive_sparse_group_lasso",1,0.0189838956413894,0.5,TRUE,"identity",FALSE,0.400023780806525,"compound_symmetry","gaussian",0.2,1000,50,1e-06,1,"PGD",0.9,TRUE,10,1,TRUE,0.0011929701092957,6,1.69256875064327,41.3246112623133,11.6574576091787,20,3294.20661773331,3285.59175523459,3323.53122899562,3293.86407534248,3341.50562263694,3298.934558174
533,-1599.27248562154,1140.53797561952,1.12590125924928,"gaussian","adaptive_sparse_group_lasso",1,0.0243395700738322,0.5,TRUE,"identity",FALSE,0.392060519817956,"compound_symmetry","gaussian",0.2,1000,50,1e-06,1,"PGD",0.9,TRUE,10,1,TRUE,0.0020176530562745,6,1.69256875064327,41.646785456433,11.7483412713838,20,3210.54497124308,3201.93010874437,3240.19175669951,3210.29331251446,3258.16615034084,3215.36379534598
534,-1585.05445726264,1115.56564484517,1.10124940261123,"gaussian","adaptive_sparse_group_lasso",1,0.0226517547060652,0.5,TRUE,"identity",FALSE,0.373233030420121,"compound_symmetry","gaussian",0.2,1000,50,1e-06,1,"PGD",0.9,TRUE,10,1,TRUE,0.000776582740561097,2,0.564189583547756,13.7078773551458,3.86692080816171,20,3174.10891452529,3171.23729369238,3183.81679188043,3173.97583533345,3189.80825642754,3175.66599627729
535,-1627.22974107215,1203.91521065688,1.18846516353098,"gaussian","adaptive_sparse_group_lasso",1,0.0048662407655298,0.5,TRUE,"identity",FALSE,0.395674966712954,"compound_symmetry","gaussian",0.2,1000,50,1e-06,1,"PGD",0.9,TRUE,10,1,TRUE,0.000224560489882065,15,4.23142187660817,102.881523127283,29.0223418439705,20,3284.45948214431,3262.92232589752,3357.34100527159,3283.48182398828,3402.2769893749,3296.15803106705
536,-1666.97332888052,1369.64975226814,1.35207280579284,"gaussian","adaptive_sparse_group_lasso",1,0.0176833397011591,0.5,TRUE,"identity",FALSE,0.251949652748858,"compound_symmetry","gaussian",0.2,1000,50,1e-06,1,"PGD",0.9,TRUE,10,1,TRUE,0.000982402401725588,6,1.69256875064327,41.3793353142803,11.6728949792234,20,3345.94665776104,3337.33179526232,3375.32599307532,3345.61955274026,3393.30038671664,3350.69003557177
537,-1683.775047036,1352.38662211809,1.33503121630611,"gaussian","adaptive_sparse_group_lasso",1,0.0483163435316763,0.5,TRUE,"identity",FALSE,0.380772781498927,"compound_symmetry","gaussian",0.2,1000,50,1e-06,1,"PGD",0.9,TRUE,10,1,TRUE,0.00446553562261366,2,0.564189583547756,12.8451489306097,3.62354961288479,20,3371.550094072,3368.6784732391,3380.39524300261,3371.17364368489,3386.38670754972,3372.86380462873
538,-1596.33529676011,1161.76608382179,1.14685694355557,"gaussian","adaptive_sparse_group_lasso",1,0.0195479167750323,0.5,TRUE,"identity",FALSE,0.318709172484436,"compound_symmetry","gaussian",0.2,1000,50,1e-06,1,"PGD",0.9,TRUE,10,1,TRUE,0.00104902390829318,5,1.41047395886939,33.2344519888965,9.3752658135267,20,3202.67059352022,3195.49154143796,3225.90504550912,3202.04585933375,3240.88370687689,3206.27126169334
539,-1632.57906765916,1233.01306428408,1.2171895994907,"gaussian","adaptive_sparse_group_lasso",1,0.0411423019903019,0.5,TRUE,"identity",FALSE,0.353963978242631,"compound_symmetry","gaussian",0.2,1000,50,1e-06,1,"PGD",0.9,TRUE,10,1,TRUE,0.00324570583125807,3,0.846284375321634,20.0901499095675,5.66732665544543,20,3271.15813531832,3266.85070406896,3285.24828522789,3270.82546197376,3294.23548204855,3273.36070338952
540,-1597.27749926234,1156.52797152331,1.14168605283643,"gaussian","adaptive_sparse_group_lasso",1,0.00291013616479408,0.5,TRUE,"identity",FALSE,0.337111900587763,"compound_symmetry","gaussian",0.2,1000,50,1e-06,1,"PGD",0.9,TRUE,10,1,TRUE,4.86077956902473e-05,10,2.82094791773878,69.039007124154,19.4755443389635,20,3214.55499852469,3200.19689436016,3263.59400564884,3214.03054286365,3293.55132838438,3222.48134758284
541,-1607.6946403261,1165.01790314768,1.15006703173512,"gaussian","adaptive_sparse_group_lasso",1,0.00223511129465292,0.5,TRUE,"identity",FALSE,0.377385326038282,"compound_symmetry","gaussian",0.2,1000,50,1e-06,1,"PGD",0.9,TRUE,10,1,TRUE,2.12197946186015e-05,9,2.5388531259649,62.3807707448517,17.597290533963,20,3233.3892806522,3220.46698690413,3277.77005139705,3232.98657118616,3304.73164185903,3240.59229543343
542,-1653.37831353543,1265.36551154314,1.24912686233281,"gaussian","adaptive_sparse_group_lasso",1,0.00728095047070451,0.5,TRUE,"identity",FALSE,0.401682256474679,"compound_symmetry","gaussian",0.2,1000,50,1e-06,1,"PGD",0.9,TRUE,10,1,TRUE,0.000198668736638344,5,1.41047395886939,35.029956558128,9.88176830111312,20,3316.75662707086,3309.5775749886,3341.78658362899,3316.63839537198,3356.76524499676,3320.86379773157
543,-1623.9439015476,1176.66077072839,1.16156048443079,"gaussian","adaptive_sparse_group_lasso",1,0.011335951463769,0.5,TRUE,"identity",FALSE,0.451234634099296,"compound_symmetry","gaussian",0.2,1000,50,1e-06,1,"PGD",0.9,TRUE,10,1,TRUE,0.000479563955117873,6,1.69256875064327,40.2643793778748,11.358371716506,20,3259.8878030952,3251.27294059648,3288.15218247307,3259.2461748117,3306.12657611439,3264.31665764321
544,-1620.24625750106,1207.51329096699,1.19201706906909,"gaussian","adaptive_sparse_group_lasso",1,0.00396163243488323,0.5,TRUE,"identity",FALSE,0.343625537070154,"compound_symmetry","gaussian",0.2,1000,50,1e-06,1,"PGD",0.9,TRUE,10,1,TRUE,6.67838885037539e-05,7,1.97466354241715,48.1860682206172,13.5930388810969,20,3254.49251500213,3244.44184208696,3288.67858322274,3254.08555388322,3309.64870913762,3260.00111718665
545,-1594.84428569003,1128.92897504309,1.11444123893691,"gaussian","adaptive_sparse_group_lasso",1,0.0162144099040321,0.5,TRUE,"identity",FALSE,0.396875264698501,"compound_symmetry","gaussian",0.2,1000,50,1e-06,1,"PGD",0.9,TRUE,10,1,TRUE,0.00064712804124083,5,1.41047395886939,32.1799110482228,9.07778530645033,20,3199.68857138005,3192.50951929779,3221.86848242827,3198.7663566865,3236.84714379604,3202.99175904609
546,-1624.04358410967,1212.16057415366,1.19660471288614,"gaussian","adaptive_sparse_group_lasso",1,0.0364905166445844,0.5,TRUE,"identity",FALSE,0.354582663922972,"compound_symmetry","gaussian",0.2,1000,50,1e-06,1,"PGD",0.9,TRUE,10,1,TRUE,0.00269763307673807,3,0.846284375321634,20.0629255827785,5.65964681464871,20,3254.08716821934,3249.77973696998,3268.15009380212,3253.74681503399,3277.13729062278,3256.28205644974
547,-1626.22919209908,1186.70350613533,1.17147433971898,"gaussian","adaptive_sparse_group_lasso",1,0.00408484585966555,0.5,TRUE,"identity",FALSE,0.43729588558023,"compound_symmetry","gaussian",0.2,1000,50,1e-06,1,"PGD",0.9,TRUE,10,1,TRUE,0.000110258878990025,10,2.82094791773878,67.9060645632807,19.1559471431622,20,3272.45838419816,3258.10028003363,3320.36444876144,3271.61433134132,3350.32177149698,3280.0651360605
548,-1628.12174412759,1215.48838539699,1.19988981776603,"gaussian","adaptive_sparse_group_lasso",1,0.0333816435333662,0.5,TRUE,"identity",FALSE,0.370878277206734,"compound_symmetry","gaussian",0.2,1000,50,1e-06,1,"PGD",0.9,TRUE,10,1,TRUE,0.00280798169722255,4,1.12837916709551,26.2575614635753,7.40712133355707,20,3264.24348825518,3258.50024658937,3282.50104971876,3263.65060958874,3294.48397881297,3267.03093147641
549,-1667.3408610378,1299.1503539512,1.28247813815518,"gaussian","adaptive_sparse_group_lasso",1,0.0292596135648475,0.5,TRUE,"identity",FALSE,0.405679965048951,"compound_symmetry","gaussian",0.2,1000,50,1e-06,1,"PGD",0.9,TRUE,10,1,TRUE,0.00202839817526405,4,1.12837916709551,26.5699151034189,7.49523466854858,20,3342.6817220756,3336.93848040979,3361.25163717902,3342.17695674415,3373.23456627324,3345.55727863183
550,-1616.11678994274,1187.84166839642,1.17259789575165,"gaussian","adaptive_sparse_group_lasso",1,0.0192770485706995,0.5,TRUE,"identity",FALSE,0.368723275640759,"compound_symmetry","gaussian",0.2,1000,50,1e-06,1,"PGD",0.9,TRUE,10,1,TRUE,0.001125910906101,5,1.41047395886939,34.1394573132355,9.63056310205036,20,3242.23357988548,3235.05452780322,3266.37303719872,3241.86414298753,3281.35169856649,3246.08954534712
551,-1622.46210174198,1202.41619615185,1.18698538613213,"gaussian","adaptive_sparse_group_lasso",1,0.00763379340571586,0.5,TRUE,"identity",FALSE,0.369755650654959,"compound_symmetry","gaussian",0.2,1000,50,1e-06,1,"PGD",0.9,TRUE,10,1,TRUE,0.000213933645029597,6,1.69256875064327,41.3258510562678,11.6578073485962,20,3256.92420348396,3248.30934098525,3286.25005454023,3256.58201083256,3304.22444818155,3261.65249366407
552,-1630.82088195839,1211.97375859742,1.19642029476547,"gaussian","adaptive_sparse_group_lasso",1,0.0400843797049038,0.5,TRUE,"identity",FALSE,0.397034274296945,"compound_symmetry","gaussian",0.2,1000,50,1e-06,1,"PGD",0.9,TRUE,10,1,TRUE,0.00250106591906165,2,0.564189583547756,13.9750136899614,3.94227857690677,20,3265.64176391678,3262.77014308388,3275.61677760674,3265.58404249369,3281.60824215385,3267.27420343753
553,-1649.35376543229,1250.71877330759,1.23466808816149,"gaussian","adaptive_sparse_group_lasso",1,0.00948392836641092,0.5,TRUE,"identity",FALSE,0.413902429697623,"compound_symmetry","gaussian",0.2,1000,50,1e-06,1,"PGD",0.9,TRUE,10,1,TRUE,0.000393857180223951,8,2.25675833419103,54.5873458651588,15.3988059653206,20,3314.70753086457,3303.22104753296,3353.29487672973,3314.10633682989,3377.26073491816,3320.86698060524
554,-1614.57110790491,1180.21762636253,1.16507169433616,"gaussian","adaptive_sparse_group_lasso",1,0.0068455160383235,0.5,TRUE,"identity",FALSE,0.379320326990637,"compound_symmetry","gaussian",0.2,1000,50,1e-06,1,"PGD",0.9,TRUE,10,1,TRUE,0.000209747459301373,8,2.25675833419103,53.6489610590591,15.1340924988402,20,3245.14221580982,3233.6557324782,3282.79117686888,3244.27630830866,3306.75703505731,3251.03695208401
555,-1655.07472618437,1292.1103718431,1.27552850132587,"gaussian","adaptive_sparse_group_lasso",1,0.00609334332277772,0.5,TRUE,"identity",FALSE,0.34674876928907,"compound_symmetry","gaussian",0.2,1000,50,1e-06,1,"PGD",0.9,TRUE,10,1,TRUE,0.000156385756907268,8,2.25675833419103,53.4538418949531,15.0790503988706,20,3326.14945236874,3314.66296903712,3363.60329426369,3325.22850276761,3387.56915245212,3331.98914654296
556,-1648.22569610289,1261.55341788053,1.24536368991168,"gaussian","adaptive_sparse_group_lasso",1,0.0289449291698614,0.5,TRUE,"identity",FALSE,0.378690667898123,"compound_symmetry","gaussian",0.2,1000,50,1e-06,1,"PGD",0.9,TRUE,10,1,TRUE,0.00140780730072488,2,0.564189583547756,13.6974323909439,3.86397433816009,20,3300.45139220578,3297.57977137287,3310.14882459672,3300.31536654394,3316.14028914383,3302.00552748777
557,-1652.61895685637,1266.31262147108,1.25006181783917,"gaussian","adaptive_sparse_group_lasso",1,0.0126731713047157,0.5,TRUE,"identity",FALSE,0.394368045629358,"compound_symmetry","gaussian",0.2,1000,50,1e-06,1,"PGD",0.9,TRUE,10,1,TRUE,0.000721437881686225,8,2.25675833419103,55.6929602899094,15.7106940362529,20,3321.23791371273,3309.75143038111,3360.93087400264,3320.94860774898,3384.89673219107,3327.70925152433
558,-1621.24788128162,1214.05808054272,1.1984778682554,"gaussian","adaptive_sparse_group_lasso",1,0.0501217281632728,0.5,TRUE,"identity",FALSE,0.333542391969156,"compound_symmetry","gaussian",0.2,1000,50,1e-06,1,"PGD",0.9,TRUE,10,1,TRUE,0.00484129295837385,2,0.564189583547756,13.9707756742446,3.94108305474558,20,3246.49576256324,3243.62414173034,3256.46653823749,3246.43684561799,3262.4580027846,3248.12700656182
559,-1623.56463214898,1200.27773554793,1.18487436875413,"gaussian","adaptive_sparse_group_lasso",1,0.0203253560017419,0.5,TRUE,"identity",FALSE,0.382174380672703,"compound_symmetry","gaussian",0.2,1000,50,1e-06,1,"PGD",0.9,TRUE,10,1,TRUE,0.00146127819069811,6,1.69256875064327,40.8093094524819,11.5120936524336,20,3259.12926429795,3250.51440179924,3287.93857375044,3258.64135795039,3305.91296739176,3263.7118407819
560,-1648.85123291704,1259.9440610639,1.24377498624275,"gaussian","adaptive_sparse_group_lasso",1,0.0610755861187824,0.5,TRUE,"identity",FALSE,0.38666203082534,"compound_symmetry","gaussian",0.2,1000,50,1e-06,1,"PGD",0.9,TRUE,10,1,TRUE,0.00696197650534643,3,0.846284375321634,20.8508854870143,5.88192619976026,20,3303.70246583407,3299.39503458471,3318.55335132109,3303.58439203383,3327.54054814175,3306.11963344959
561,-1600.90802256263,1158.77034203663,1.14389964663043,"gaussian","adaptive_sparse_group_lasso",1,0.0343052122467055,0.5,TRUE,"identity",FALSE,0.352672323482303,"compound_symmetry","gaussian",0.2,1000,50,1e-06,1,"PGD",0.9,TRUE,10,1,TRUE,0.00166905378469622,2,0.564189583547756,13.845271638841,3.90567902001162,20,3205.81604512525,3202.94442429235,3215.66131676409,3205.72172414526,3221.6527813112,3207.4118850891
562,-1624.50139934843,1204.49938834102,1.18904184436429,"gaussian","adaptive_sparse_group_lasso",1,0.00699551300767246,0.5,TRUE,"identity",FALSE,0.376927953634561,"compound_symmetry","gaussian",0.2,1000,50,1e-06,1,"PGD",0.9,TRUE,10,1,TRUE,0.00028112599599851,10,2.82094791773878,68.0077250211382,19.1846250288531,20,3269.00279869685,3254.64469453233,3317.01052371799,3268.18742372571,3346.96784645353,3276.63822844489
563,-1604.29835407276,1167.89930816813,1.15291145919854,"gaussian","adaptive_sparse_group_lasso",1,0.0232301754472856,0.5,TRUE,"identity",FALSE,0.349203528182235,"compound_symmetry","gaussian",0.2,1000,50,1e-06,1,"PGD",0.9,TRUE,10,1,TRUE,0.000770506385316424,3,0.846284375321634,18.8969492563822,5.33073096564067,20,3214.59670814551,3210.28927689616,3227.4936574019,3213.92743911115,3236.48085422256,3216.46268052691
564,-1637.92682781284,1239.18453608153,1.2232818717488,"gaussian","adaptive_sparse_group_lasso",1,0.0434750391673934,0.5,TRUE,"identity",FALSE,0.371036804525445,"compound_symmetry","gaussian",0.2,1000,50,1e-06,1,"PGD",0.9,TRUE,10,1,TRUE,0.00481676183694828,4,1.12837916709551,25.6902978612193,7.24709922576957,20,3283.85365562567,3278.11041395987,3301.54395348689,3283.10075485144,3313.52688258111,3286.48107673912
565,-1637.97241673854,1238.06848059023,1.22218013878601,"gaussian","adaptive_sparse_group_lasso",1,0.00645848104329361,0.5,TRUE,"identity",FALSE,0.374129765487012,"compound_symmetry","gaussian",0.2,1000,50,1e-06,1,"PGD",0.9,TRUE,10,1,TRUE,0.000199992445207661,9,2.5388531259649,62.2633833499557,17.5641761612429,20,3293.94483347707,3281.022539729,3338.20821682703,3293.50900963832,3365.16980728901,3301.11473388558
566,-1593.16566932905,1129.97209067595,1.11547096809077,"gaussian","adaptive_sparse_group_lasso",1,0.0155590256422793,0.5,TRUE,"identity",FALSE,0.383261049263972,"compound_symmetry","gaussian",0.2,1000,50,1e-06,1,"PGD",0.9,TRUE,10,1,TRUE,0.000959772487929803,5,1.41047395886939,34.310556119169,9.67882918408295,20,3196.33133865811,3189.15228657585,3220.64189477728,3196.01016784219,3235.62055614505,3200.23557020178
567,-1605.61228766817,1138.06952403742,1.12346448572302,"gaussian","adaptive_sparse_group_lasso",1,0.0193662268175695,0.5,TRUE,"identity",FALSE,0.44125628272267,"compound_symmetry","gaussian",0.2,1000,50,1e-06,1,"PGD",0.9,TRUE,10,1,TRUE,0.000758070099056292,2,0.564189583547756,13.6974323909439,3.86397433816009,20,3215.22457533633,3212.35295450343,3224.92200772728,3215.08854967449,3230.91347227439,3216.77871061833
568,-1611.67924218945,1191.74137754262,1.17644755927209,"gaussian","adaptive_sparse_group_lasso",1,0.017859403103522,0.5,TRUE,"identity",FALSE,0.332555897105291,"compound_symmetry","gaussian",0.2,1000,50,1e-06,1,"PGD",0.9,TRUE,10,1,TRUE,0.000931603710818113,4,1.12837916709551,27.5538851111858,7.77280748300132,20,3231.3584843789,3225.61524271309,3250.91236949009,3231.13129186191,3262.89529858431,3234.51161374958
569,-1603.61815089155,1154.9939335211,1.14017170140286,"gaussian","adaptive_sparse_group_lasso",1,0.0492992339653318,0.5,TRUE,"identity",FALSE,0.379253944536088,"compound_symmetry","gaussian",0.2,1000,50,1e-06,1,"PGD",0.9,TRUE,10,1,TRUE,0.00400193175381936,4,1.12837916709551,27.9204137732051,7.87620330959282,20,3215.2363017831,3209.49306011729,3235.1567155563,3215.11250509269,3247.13964465052,3218.49282698037
570,-1616.37083566396,1186.49335648755,1.17126688695711,"gaussian","adaptive_sparse_group_lasso",1,0.00688677575394717,0.5,TRUE,"identity",FALSE,0.373821829241272,"compound_symmetry","gaussian",0.2,1000,50,1e-06,1,"PGD",0.9,TRUE,10,1,TRUE,0.000156942986690849,6,1.69256875064327,39.595854798503,11.1697844144924,20,3244.74167132791,3236.1268088292,3272.33752612642,3243.91145574241,3290.31191976774,3248.98193857392
571,-1622.47513536306,1196.14693799547,1.18079658242396,"gaussian","adaptive_sparse_group_lasso",1,0.0648604042012522,0.5,TRUE,"identity",FALSE,0.386299840720393,"compound_symmetry","gaussian",0.2,1000,50,1e-06,1,"PGD",0.9,TRUE,10,1,TRUE,0.00738035443169222,2,0.564189583547756,12.8451489306097,3.62354961288478,20,3248.95027072612,3246.07864989321,3257.79541965673,3248.573820339,3263.78688420384,3250.26398128284
572,-1624.23552706468,1189.42095565161,1.1741569157469,"gaussian","adaptive_sparse_group_lasso",1,0.0362584612521669,0.5,TRUE,"identity",FALSE,0.416109195978458,"compound_symmetry","gaussian",0.2,1000,50,1e-06,1,"PGD",0.9,TRUE,10,1,TRUE,0.00198786743186466,2,0.564189583547756,12.8451489306097,3.62354961288479,20,3252.47105412937,3249.59943329646,3261.31620305998,3252.09460374225,3267.30766760709,3253.78476468609
573,-1621.86978063958,1190.57507220242,1.1752962213252,"gaussian","adaptive_sparse_group_lasso",1,0.0536523313488559,0.5,TRUE,"identity",FALSE,0.397493674444281,"compound_symmetry","gaussian",0.2,1000,50,1e-06,1,"PGD",0.9,TRUE,10,1,TRUE,0.00473746748406092,2,0.564189583547756,13.5390372298328,3.81929188816846,20,3247.73956127916,3244.86794044625,3257.27859850899,3247.55885316733,3263.2700630561,3249.24901411116
574,-1644.67901731801,1254.71386430245,1.23861190947922,"gaussian","adaptive_sparse_group_lasso",1,0.0172766361200715,0.5,TRUE,"identity",FALSE,0.373773179843583,"compound_symmetry","gaussian",0.2,1000,50,1e-06,1,"PGD",0.9,TRUE,10,1,TRUE,0.00080119963163465,5,1.41047395886939,33.9458521448749,9.57594809239535,20,3299.35803463603,3292.17898255377,3323.30388678091,3298.93398272843,3338.28254814867,3303.15938508802
575,-1626.60014054075,1199.66306074977,1.18426758218142,"gaussian","adaptive_sparse_group_lasso",1,0.0062086077251057,0.5,TRUE,"identity",FALSE,0.403161221242465,"compound_symmetry","gaussian",0.2,1000,50,1e-06,1,"PGD",0.9,TRUE,10,1,TRUE,0.000137983344023969,5,1.41047395886939,33.0649245171886,9.32744299669532,20,3263.20028108149,3256.02122899923,3286.26520559868,3262.52772407819,3301.24386696645,3266.75312643778
576,-1615.84905313174,1180.17974270708,1.16503429684805,"gaussian","adaptive_sparse_group_lasso",1,0.0153666541329526,0.5,TRUE,"identity",FALSE,0.387439711388092,"compound_symmetry","gaussian",0.2,1000,50,1e-06,1,"PGD",0.9,TRUE,10,1,TRUE,0.000526896561818799,3,0.846284375321634,20.3655779316021,5.74502346596998,20,3237.69810626349,3233.39067501413,3252.06368419509,3237.44312972946,3261.05088101575,3239.97837114521
577,-1603.29498515859,1164.32495590926,1.14938297720559,"gaussian","adaptive_sparse_group_lasso",1,0.0192111477424073,0.5,TRUE,"identity",FALSE,0.352462964856675,"compound_symmetry","gaussian",0.2,1000,50,1e-06,1,"PGD",0.9,TRUE,10,1,TRUE,0.00145490288695187,7,1.97466354241715,48.2728332452514,13.6175148426543,20,3220.58997031717,3210.53929740201,3254.86280356242,3220.20748515983,3275.8329294773,3226.12304846325
578,-1609.39457844337,1172.01545995546,1.15697478771516,"gaussian","adaptive_sparse_group_lasso",1,0.00677792916304504,0.5,TRUE,"identity",FALSE,0.369161134772932,"compound_symmetry","gaussian",0.2,1000,50,1e-06,1,"PGD",0.9,TRUE,10,1,TRUE,0.000197154808552577,6,1.69256875064327,41.059490517006,11.5826684277363,20,3230.78915688675,3222.17429438803,3259.84864740375,3230.37182531448,3277.82304104508,3235.442308146
579,-1611.42664868732,1176.28295076716,1.1611875130969,"gaussian","adaptive_sparse_group_lasso",1,0.0184004164471028,0.5,TRUE,"identity",FALSE,0.370333460023663,"compound_symmetry","gaussian",0.2,1000,50,1e-06,1,"PGD",0.9,TRUE,10,1,TRUE,0.000930431341675379,3,0.846284375321634,21.0882636439019,5.94888934149915,20,3228.85329737464,3224.54586612528,3243.94156101854,3228.80218671614,3252.9287578392,3231.33742813189
580,-1589.92771473879,1122.74614674016,1.10833775591328,"gaussian","adaptive_sparse_group_lasso",1,0.0156787788377716,0.5,TRUE,"identity",FALSE,0.383332632498629,"compound_symmetry","gaussian",0.2,1000,50,1e-06,1,"PGD",0.9,TRUE,10,1,TRUE,0.00100386923335655,6,1.69256875064327,41.7063924376035,11.7651560903254,20,3191.85542947757,3183.24056697886,3221.56182191518,3191.6205855679,3239.5362155565,3196.69106839941
581,-1620.82887118139,1201.39134263312,1.18597368473161,"gaussian","adaptive_sparse_group_lasso",1,0.00243925873948625,0.5,TRUE,"identity",FALSE,0.362434439666107,"compound_symmetry","gaussian",0.2,1000,50,1e-06,1,"PGD",0.9,TRUE,10,1,TRUE,4.69128565238901e-05,12,3.38513750128654,81.8591726868729,23.0920462738853,20,3265.65774236278,3248.42801736535,3323.51691504965,3264.74978863667,3359.4657023323,3274.89075429969
582,-1616.93192727597,1185.74127800589,1.17052446002555,"gaussian","adaptive_sparse_group_lasso",1,0.0213450668230935,0.5,TRUE,"identity",FALSE,0.379294337366801,"compound_symmetry","gaussian",0.2,1000,50,1e-06,1,"PGD",0.9,TRUE,10,1,TRUE,0.0016794526021294,6,1.69256875064327,40.5267025516178,11.4323717175805,20,3245.86385455194,3237.24899205323,3274.39055710356,3245.29622626952,3292.36495074488,3250.36670910103
583,-1615.03455192869,1171.98692530047,1.15694661925022,"gaussian","adaptive_sparse_group_lasso",1,0.0258817312561185,0.5,TRUE,"identity",FALSE,0.40482339969046,"compound_symmetry","gaussian",0.2,1000,50,1e-06,1,"PGD",0.9,TRUE,10,1,TRUE,0.00165750510559494,3,0.846284375321634,19.3584599523097,5.46092072930978,20,3236.06910385738,3231.76167260803,3249.42756380969,3235.53002458669,3258.41476063036,3238.06526600245
584,-1630.71178578355,1210.15088630505,1.19462081570093,"gaussian","adaptive_sparse_group_lasso",1,0.0368703238689996,0.5,TRUE,"identity",FALSE,0.401239425874817,"compound_symmetry","gaussian",0.2,1000,50,1e-06,1,"PGD",0.9,TRUE,10,1,TRUE,0.00300697707082473,4,1.12837916709551,27.5506982484723,7.77190848562774,20,3269.4235715671,3263.68032990129,3288.97426981557,3269.19548005273,3300.95719890979,3272.5758019404
585,-1633.77280200597,1211.23459296169,1.19569061496711,"gaussian","adaptive_sparse_group_lasso",1,0.021504671094496,0.5,TRUE,"identity",FALSE,0.418310729178615,"compound_symmetry","gaussian",0.2,1000,50,1e-06,1,"PGD",0.9,TRUE,10,1,TRUE,0.000789546385772938,3,0.846284375321634,20.6796513926498,5.83362195356595,20,3273.54560401193,3269.23817276258,3288.22525540458,3273.3792259655,3297.21245222524,3275.91446738125
586,-1623.80135418554,1211.40430085345,1.19585814496885,"gaussian","adaptive_sparse_group_lasso",1,0.0187299995342901,0.5,TRUE,"identity",FALSE,0.355024209717235,"compound_symmetry","gaussian",0.2,1000,50,1e-06,1,"PGD",0.9,TRUE,10,1,TRUE,0.00118330573042328,4,1.12837916709551,28.2809396368298,7.97790577802111,20,3255.60270837109,3249.85946670528,3275.88364800792,3255.58061414911,3287.86657710214,3258.96093603678
587,-1663.47349190864,1289.12984926598,1.27258622829811,"gaussian","adaptive_sparse_group_lasso",1,0.00614129020367012,0.5,TRUE,"identity",FALSE,0.406034384914491,"compound_symmetry","gaussian",0.2,1000,50,1e-06,1,"PGD",0.9,TRUE,10,1,TRUE,0.000180443207319008,8,2.25675833419103,54.6984289072909,15.4301419129605,20,3342.94698381728,3331.46050048566,3381.64541272457,3342.37712573024,3405.611270913,3349.13776950559
588,-1618.98592726,1173.31310800282,1.15825578282608,"gaussian","adaptive_sparse_group_lasso",1,0.042426323123735,0.5,TRUE,"identity",FALSE,0.427157694986456,"compound_symmetry","gaussian",0.2,1000,50,1e-06,1,"PGD",0.9,TRUE,10,1,TRUE,0.00289254766321994,2,0.564189583547756,13.9802612994046,3.94375890019996,20,3241.97185452,3239.10023368709,3251.9521158194,3241.9156134202,3257.94358036651,3243.60577436403
589,-1635.59556594852,1206.5899441938,1.19110557176091,"gaussian","adaptive_sparse_group_lasso",1,0.0132161137046738,0.5,TRUE,"identity",FALSE,0.443809933787886,"compound_symmetry","gaussian",0.2,1000,50,1e-06,1,"PGD",0.9,TRUE,10,1,TRUE,0.000587645811999897,5,1.41047395886939,34.3938091838186,9.7023144400198,20,3281.19113189704,3274.01207981478,3305.58494108086,3280.89344633706,3320.56360244863,3285.11884869665
590,-1595.11905264825,1140.17797097402,1.12554587460417,"gaussian","adaptive_sparse_group_lasso",1,0.0093420395306687,0.5,TRUE,"identity",FALSE,0.367165841092726,"compound_symmetry","gaussian",0.2,1000,50,1e-06,1,"PGD",0.9,TRUE,10,1,TRUE,0.000277727986264415,5,1.41047395886939,34.0312822033269,9.60004746694559,20,3200.2381052965,3193.05905321424,3224.26938749983,3199.83815276344,3239.2480488676,3204.06355512304
591,-1620.74594025221,1199.6948104589,1.18429892444117,"gaussian","adaptive_sparse_group_lasso",1,0.0192374116435236,0.5,TRUE,"identity",FALSE,0.366279589078249,"compound_symmetry","gaussian",0.2,1000,50,1e-06,1,"PGD",0.9,TRUE,10,1,TRUE,0.0013259879124116,6,1.69256875064327,41.1845397552774,11.617944166568,20,3253.49188050442,3244.8770180057,3282.67642025969,3253.10982467098,3300.65081390102,3258.1803075025
592,-1618.76721432602,1180.82786042505,1.16567409716195,"gaussian","adaptive_sparse_group_lasso",1,0.0178319326607365,0.5,TRUE,"identity",FALSE,0.404344165686172,"compound_symmetry","gaussian",0.2,1000,50,1e-06,1,"PGD",0.9,TRUE,10,1,TRUE,0.000509338424863311,2,0.564189583547756,13.0232611503351,3.67379414242061,20,3241.53442865204,3238.66280781914,3250.55768980238,3241.20822279446,3256.54915434949,3242.8983837383
593,-1624.18952391335,1203.07274166001,1.18763350608096,"gaussian","adaptive_sparse_group_lasso",1,0.0137840262732723,0.5,TRUE,"identity",FALSE,0.37872064441079,"compound_symmetry","gaussian",0.2,1000,50,1e-06,1,"PGD",0.9,TRUE,10,1,TRUE,0.000615578073272307,5,1.41047395886939,33.4261475677589,9.42934213792988,20,3258.3790478267,3251.19999574444,3281.80519539446,3257.80838996463,3296.78385676223,3262.03379232422
594,-1627.35380583607,1203.06606141506,1.18762691156472,"gaussian","adaptive_sparse_group_lasso",1,0.00714802711532796,0.5,TRUE,"identity",FALSE,0.398764418745456,"compound_symmetry","gaussian",0.2,1000,50,1e-06,1,"PGD",0.9,TRUE,10,1,TRUE,0.000204213497874099,7,1.97466354241715,47.1971614657637,13.3140734360027,20,3268.70761167214,3258.65693875697,3301.9047731379,3268.02168510814,3322.87489905278,3273.93724841157
595,-1607.85712461977,1149.85698335867,1.13510067458901,"gaussian","adaptive_sparse_group_lasso",1,0.0165634109480295,0.5,TRUE,"identity",FALSE,0.421127816846724,"compound_symmetry","gaussian",0.2,1000,50,1e-06,1,"PGD",0.9,TRUE,10,1,TRUE,0.000849616509122833,5,1.41047395886939,34.142915645005,9.63153867943077,20,3225.71424923955,3218.53519715729,3249.85716488455,3225.34578791898,3264.83582625232,3229.57119027857
596,-1593.47475462169,1129.11080364436,1.11462073410105,"gaussian","adaptive_sparse_group_lasso",1,0.0189512053019179,0.5,TRUE,"identity",FALSE,0.387638070403245,"compound_symmetry","gaussian",0.2,1000,50,1e-06,1,"PGD",0.9,TRUE,10,1,TRUE,0.000672291383242255,2,0.564189583547756,13.5537833693022,3.82345169731156,20,3190.94950924337,3188.07788841047,3200.50329261268,3190.77296094069,3206.49475715978,3192.46312188452
597,-1612.91212093941,1157.07812125802,1.14222914240673,"gaussian","adaptive_sparse_group_lasso",1,0.0109057357083322,0.5,TRUE,"identity",FALSE,0.433807037907675,"compound_symmetry","gaussian",0.2,1000,50,1e-06,1,"PGD",0.9,TRUE,10,1,TRUE,0.000420585523978087,7,1.97466354241715,47.9859263578841,13.536579904004,20,3239.82424187883,3229.77356896366,3273.81016823671,3239.36082178283,3294.78029415159,3245.27638508626
598,-1644.47718582657,1264.80867087956,1.24857716769947,"gaussian","adaptive_sparse_group_lasso",1,0.00449666778014343,0.5,TRUE,"identity",FALSE,0.348042297967298,"compound_symmetry","gaussian",0.2,1000,50,1e-06,1,"PGD",0.9,TRUE,10,1,TRUE,0.000103840713577916,8,2.25675833419103,54.9670178859418,15.5059094649658,20,3304.95437165313,3293.46788832151,3343.92138953907,3304.4602811181,3367.88724772751,3311.22092489345
599,-1629.4629678639,1202.33960396107,1.18690977686187,"gaussian","adaptive_sparse_group_lasso",1,0.0045352308643361,0.5,TRUE,"identity",FALSE,0.414496831742084,"compound_symmetry","gaussian",0.2,1000,50,1e-06,1,"PGD",0.9,TRUE,10,1,TRUE,9.32716628392633e-05,9,2.5388531259649,60.5285407623224,17.074786102724,20,3276.9259357278,3264.00364197973,3319.45447649013,3276.00072183053,3346.41606695211,3283.60644607779
600,-1650.92404335668,1257.84849250936,1.24170631047321,"gaussian","adaptive_sparse_group_lasso",1,0.0551115138472308,0.5,TRUE,"identity",FALSE,0.405335721519054,"compound_symmetry","gaussian",0.2,1000,50,1e-06,1,"PGD",0.9,TRUE,10,1,TRUE,0.00592538225294363,2,0.564189583547756,13.2234976328465,3.7302798112602,20,3305.84808671336,3302.97646588045,3315.0715843462,3305.57836652462,3321.06304889331,3307.26852746845
601,-171.707323450374,173.106326648083,1.69712084949101,"gaussian","adaptive_sparse_group_lasso",1,0.194448054036687,0.5,TRUE,"identity",NA,NA,"independent","gaussian",0.2,1000,50,1e-06,1,"PGD",0.9,TRUE,10,1,TRUE,0.139638946054221,3,0.846284375321634,12.0769575392752,3.4068468223038,20,349.414646900748,345.107215651392,355.491604440024,346.821493723052,364.478801260685,349.356735138808
602,-175.284617414031,185.684506050909,1.82043633383244,"gaussian","adaptive_sparse_group_lasso",1,0.271380910134451,0.5,TRUE,"identity",NA,NA,"independent","gaussian",0.2,1000,50,1e-06,1,"PGD",0.9,TRUE,10,1,TRUE,0.135655336968449,2,0.564189583547756,8.99411713367168,2.53719360001298,20,354.569234828062,351.697613995158,359.563351961734,353.106428428075,365.554816508842,354.796589371912
603,-177.961089539224,195.689432620932,1.91852384922483,"gaussian","adaptive_sparse_group_lasso",1,0.244208994866778,0.5,TRUE,"identity",NA,NA,"independent","gaussian",0.2,1000,50,1e-06,1,"PGD",0.9,TRUE,10,1,TRUE,0.0565888324797691,1,0.282094791773878,4.3749106699437,1.23413951446709,20,357.922179078448,356.486368661995,360.297089748391,357.156318592915,363.292822021945,358.001399064833
604,-176.469597460419,190.049379856094,1.86322921427543,"gaussian","adaptive_sparse_group_lasso",1,0.295388193858561,0.5,TRUE,"identity",NA,NA,"independent","gaussian",0.2,1000,50,1e-06,1,"PGD",0.9,TRUE,10,1,TRUE,0.124850696848499,2,0.564189583547756,8.67624429207559,2.44752332695236,20,356.939194920838,354.067574087934,361.615439212914,355.386718247791,367.606903760022,357.076879191628
605,-164.944603843655,151.608822189613,1.48636100185895,"gaussian","adaptive_sparse_group_lasso",1,3.47702683971505,0.5,TRUE,"identity",NA,NA,"independent","gaussian",0.2,1000,50,1e-06,1,"PGD",0.9,TRUE,10,1,TRUE,0,0,0,0,0,20,329.889207687309,329.889207687309,329.889207687309,329.889207687309,329.889207687309,329.889207687309
606,-177.897760975854,195.44658870789,1.91614302654794,"gaussian","adaptive_sparse_group_lasso",1,4.03029461563931,0.5,TRUE,"identity",NA,NA,"independent","gaussian",0.2,1000,50,1e-06,1,"PGD",0.9,TRUE,10,1,TRUE,0,0,0,0,0,20,355.795521951707,355.795521951707,355.795521951707,355.795521951707,355.795521951707,355.795521951707
607,-184.112975245896,220.777208130816,2.16448243265506,"gaussian","adaptive_sparse_group_lasso",1,0.362315281635262,0.5,TRUE,"identity",NA,NA,"independent","gaussian",0.2,1000,50,1e-06,1,"PGD",0.9,TRUE,10,1,TRUE,0.142457031765155,2,0.564189583547756,9.01333349505652,2.54261443547649,20,372.225950491793,369.354329658888,377.239283986849,370.768564927269,383.230748533957,372.458725871106
608,-173.984227037897,181.009801003526,1.77460589219143,"gaussian","adaptive_sparse_group_lasso",1,2.27039694059732,0.5,TRUE,"identity",NA,NA,"independent","gaussian",0.2,1000,50,1e-06,1,"PGD",0.9,TRUE,10,1,TRUE,0,0,0,0,0,20,347.968454075795,347.968454075795,347.968454075795,347.968454075795,347.968454075795,347.968454075795
609,-175.585068173533,186.781637541843,1.83119252492003,"gaussian","adaptive_sparse_group_lasso",1,0.2967443267412,0.5,TRUE,"identity",NA,NA,"independent","gaussian",0.2,1000,50,1e-06,1,"PGD",0.9,TRUE,10,1,TRUE,0.420551841797314,5,1.41047395886939,22.7993980445157,6.43159144393743,20,361.170136347066,353.991084264805,373.969534391582,357.601727791004,388.948195759352,361.827130150596
610,-181.117836697197,208.184744081795,2.04102690276269,"gaussian","adaptive_sparse_group_lasso",1,0.00958518524770532,0.5,TRUE,"identity",NA,NA,"independent","gaussian",0.2,1000,50,1e-06,1,"PGD",0.9,TRUE,10,1,TRUE,0.00288249117163304,20,5.64189583547756,91.1700315779561,25.7185910740014,20,402.235673394395,373.51946506535,453.405704972351,387.954264468396,513.320350443431,404.855873906766
611,-182.128338606612,212.35080361099,2.08187062363715,"gaussian","adaptive_sparse_group_lasso",1,0.240830909084644,0.5,TRUE,"identity",NA,NA,"independent","gaussian",0.2,1000,50,1e-06,1,"PGD",0.9,TRUE,10,1,TRUE,0.402987168628715,8,2.25675833419103,35.6125038233106,10.0461018505832,20,380.256677213223,368.770193881606,399.869181036534,374.302779063807,423.835039224966,381.063422839155
612,-179.875180918628,203.173456276821,1.99189663016491,"gaussian","adaptive_sparse_group_lasso",1,4.21779017198847,0.5,TRUE,"identity",NA,NA,"independent","gaussian",0.2,1000,50,1e-06,1,"PGD",0.9,TRUE,10,1,TRUE,0,0,0,0,0,20,359.750361837255,359.750361837255,359.750361837255,359.750361837255,359.750361837255,359.750361837255
613,-180.585363363848,206.022466721457,2.01982810511233,"gaussian","adaptive_sparse_group_lasso",1,0.0891032645705435,0.5,TRUE,"identity",NA,NA,"independent","gaussian",0.2,1000,50,1e-06,1,"PGD",0.9,TRUE,10,1,TRUE,0.0340655107495467,5,1.41047395886939,22.6028455523406,6.37614500958465,20,371.170726727695,363.991674645434,383.773572280036,367.54687173728,398.752233647806,371.772274096872
614,-178.800385660063,198.936496708162,1.95035781086433,"gaussian","adaptive_sparse_group_lasso",1,0.218200412804399,0.5,TRUE,"identity",NA,NA,"independent","gaussian",0.2,1000,50,1e-06,1,"PGD",0.9,TRUE,10,1,TRUE,0.0172705467482486,1,0.282094791773878,4.66725623501606,1.31660867577219,20,359.600771320127,358.164960903675,362.268027555143,358.917379995899,365.263759828697,359.762460467818
615,-191.442615828184,254.900310070141,2.49902264774648,"gaussian","adaptive_sparse_group_lasso",1,5.90559075463268,0.5,TRUE,"identity",NA,NA,"independent","gaussian",0.2,1000,50,1e-06,1,"PGD",0.9,TRUE,10,1,TRUE,0,0,0,0,0,20,382.885231656367,382.885231656367,382.885231656367,382.885231656367,382.885231656367,382.885231656367
616,-189.007692059068,243.016398475935,2.38251371054838,"gaussian","adaptive_sparse_group_lasso",1,0.458948860021008,0.5,TRUE,"identity",NA,NA,"independent","gaussian",0.2,1000,50,1e-06,1,"PGD",0.9,TRUE,10,1,TRUE,0.137449851048133,1,0.282094791773878,4.22255332905225,1.19116030211309,20,380.015384118136,378.579573701683,382.237937447188,379.206544420249,385.233669720742,380.051624892167
617,-197.491155134293,286.99687802633,2.81369488261108,"gaussian","adaptive_sparse_group_lasso",1,2.3409371205006,0.5,TRUE,"identity",NA,NA,"independent","gaussian",0.2,1000,50,1e-06,1,"PGD",0.9,TRUE,10,1,TRUE,0,0,0,0,0,20,394.982310268586,394.982310268586,394.982310268586,394.982310268586,394.982310268586,394.982310268586
618,-176.275003073897,189.325613634964,1.85613346700945,"gaussian","adaptive_sparse_group_lasso",1,0.51315875115088,0.5,TRUE,"identity",NA,NA,"independent","gaussian",0.2,1000,50,1e-06,1,"PGD",0.9,TRUE,10,1,TRUE,0.0890488315174405,1,0.282094791773878,4.5667182564313,1.28824743563796,20,354.550006147795,353.114195731343,357.116724404226,353.838253583433,360.11245667778,354.683334055351
619,-186.206441892775,230.028324342195,2.25517965041368,"gaussian","adaptive_sparse_group_lasso",1,3.99760732229051,0.5,TRUE,"identity",NA,NA,"independent","gaussian",0.2,1000,50,1e-06,1,"PGD",0.9,TRUE,10,1,TRUE,0,0,0,0,0,20,372.412883785551,372.412883785551,372.412883785551,372.412883785551,372.412883785551,372.412883785551
620,-175.949084294519,188.119573868924,1.84430954773455,"gaussian","adaptive_sparse_group_lasso",1,1.64488389063229,0.5,TRUE,"identity",NA,NA,"independent","gaussian",0.2,1000,50,1e-06,1,"PGD",0.9,TRUE,10,1,TRUE,0,0,0,0,0,20,351.898168589039,351.898168589039,351.898168589039,351.898168589039,351.898168589039,351.898168589039
621,-174.333181172484,182.252559907834,1.78678980301798,"gaussian","adaptive_sparse_group_lasso",1,0.303526345240732,0.5,TRUE,"identity",NA,NA,"independent","gaussian",0.2,1000,50,1e-06,1,"PGD",0.9,TRUE,10,1,TRUE,0.0192477246290146,1,0.282094791773878,4.67729751277875,1.3194412679318,20,350.666362344969,349.230551928517,353.343659857748,349.985803612901,356.339392131302,350.830884084819
622,-170.981008042296,170.658508252023,1.67312262992179,"gaussian","adaptive_sparse_group_lasso",1,0.194136971555381,0.5,TRUE,"identity",NA,NA,"independent","gaussian",0.2,1000,50,1e-06,1,"PGD",0.9,TRUE,10,1,TRUE,0.180199122868491,6,1.69256875064327,26.0863535048872,7.35882446010092,20,353.962016084592,345.347153585879,368.048369589479,349.320840544693,386.022763230803,354.391323376204
623,-184.665865913699,223.183673072774,2.18807522620367,"gaussian","adaptive_sparse_group_lasso",1,0.349576052378709,0.5,TRUE,"identity",NA,NA,"independent","gaussian",0.2,1000,50,1e-06,1,"PGD",0.9,TRUE,10,1,TRUE,0.290076154968382,2,0.564189583547756,8.82109346756693,2.48838452495121,20,373.331731827398,370.460110994494,378.152825294965,371.820116352349,384.144289842073,373.510277296186
624,-167.344703214052,158.914200542931,1.55798235826403,"gaussian","adaptive_sparse_group_lasso",1,0.0757038605690874,0.5,TRUE,"identity",NA,NA,"independent","gaussian",0.2,1000,50,1e-06,1,"PGD",0.9,TRUE,10,1,TRUE,0.0399359137675298,8,2.25675833419103,36.8111646432554,10.3842378249931,20,350.689406428103,339.202923096485,371.500571071359,345.073644253096,395.466429259791,351.834288028444
625,-160.311893628131,138.44404131702,1.35729452271588,"gaussian","adaptive_sparse_group_lasso",1,0.154904156356212,0.5,TRUE,"identity",NA,NA,"independent","gaussian",0.2,1000,50,1e-06,1,"PGD",0.9,TRUE,10,1,TRUE,0.0431043767964749,2,0.564189583547756,8.98050730158471,2.53335433726433,20,324.623787256262,321.752166423357,329.604294557846,323.157141593526,335.595759104954,324.847302537363
626,-148.688855560367,110.229383924635,1.08068023455525,"gaussian","adaptive_sparse_group_lasso",1,0.0959703536500986,0.5,TRUE,"identity",NA,NA,"independent","gaussian",0.2,1000,50,1e-06,1,"PGD",0.9,TRUE,10,1,TRUE,0.0390303843154223,5,1.41047395886939,22.8553704800562,6.44738097648631,20,307.377711120735,300.198659038473,320.233081600791,303.825092097221,335.211742968561,308.050494456814
627,-188.181815422569,239.112766009397,2.34424280401369,"gaussian","adaptive_sparse_group_lasso",1,1.63649569583259,0.5,TRUE,"identity",NA,NA,"independent","gaussian",0.2,1000,50,1e-06,1,"PGD",0.9,TRUE,10,1,TRUE,0,0,0,0,0,20,376.363630845139,376.363630845139,376.363630845139,376.363630845139,376.363630845139,376.363630845139
628,-174.235186341375,181.902703804053,1.7833598412162,"gaussian","adaptive_sparse_group_lasso",1,0.125552923162731,0.5,TRUE,"identity",NA,NA,"independent","gaussian",0.2,1000,50,1e-06,1,"PGD",0.9,TRUE,10,1,TRUE,0.0750373472762238,7,1.97466354241715,31.5839578445314,8.90967001154803,20,362.470372682751,352.419699767585,380.054330527282,357.380042694299,401.02445644216,363.295605997728
629,-172.672011692148,176.411876133942,1.72952819739159,"gaussian","adaptive_sparse_group_lasso",1,1.4625469785134,0.5,TRUE,"identity",NA,NA,"independent","gaussian",0.2,1000,50,1e-06,1,"PGD",0.9,TRUE,10,1,TRUE,0,0,0,0,0,20,345.344023384296,345.344023384296,345.344023384296,345.344023384296,345.344023384296,345.344023384296
630,-183.3939967196,217.686611562714,2.13418246630112,"gaussian","adaptive_sparse_group_lasso",1,2.71698745612903,0.5,TRUE,"identity",NA,NA,"independent","gaussian",0.2,1000,50,1e-06,1,"PGD",0.9,TRUE,10,1,TRUE,0,0,0,0,0,20,366.7879934392,366.7879934392,366.7879934392,366.7879934392,366.7879934392,366.7879934392
631,-178.688299193203,198.499759376634,1.94607607231994,"gaussian","adaptive_sparse_group_lasso",1,0.0631103233896771,0.5,TRUE,"identity",NA,NA,"independent","gaussian",0.2,1000,50,1e-06,1,"PGD",0.9,TRUE,10,1,TRUE,0.0285322655098168,7,1.97466354241715,31.9434128778522,9.01107040432474,20,371.376598386406,361.32592547124,389.320011264258,366.38766879073,410.290137179136,372.30323209416
632,-188.01222482151,238.318963466682,2.33646042614394,"gaussian","adaptive_sparse_group_lasso",1,0.242600925639995,0.5,TRUE,"identity",NA,NA,"independent","gaussian",0.2,1000,50,1e-06,1,"PGD",0.9,TRUE,10,1,TRUE,0.0649749782058826,1,0.282094791773878,4.55151066169503,1.28395745236744,20,378.024449643021,376.588639226569,380.575960304716,377.308407095388,383.57169257827,378.153487567307
633,-184.53173279217,222.597457581536,2.18232801550525,"gaussian","adaptive_sparse_group_lasso",1,0.133544798463848,0.5,TRUE,"identity",NA,NA,"independent","gaussian",0.2,1000,50,1e-06,1,"PGD",0.9,TRUE,10,1,TRUE,0.0373730244915951,2,0.564189583547756,9.1328070381486,2.57631729973754,20,373.063465584339,370.191844751435,378.196272622488,371.639782884077,384.187737169596,373.329943827914
634,-160.234425347812,138.233906408281,1.35523437655178,"gaussian","adaptive_sparse_group_lasso",1,0.321536543068562,0.5,TRUE,"identity",NA,NA,"independent","gaussian",0.2,1000,50,1e-06,1,"PGD",0.9,TRUE,10,1,TRUE,0.198386977011371,2,0.564189583547756,8.99671697053541,2.5379270004517,20,324.468850695623,321.597229862719,329.465567666159,323.006777696075,335.457032213266,324.696938639912
635,-177.518789596909,193.999644620095,1.90195730019701,"gaussian","adaptive_sparse_group_lasso",1,0.0548604738274984,0.5,TRUE,"identity",NA,NA,"independent","gaussian",0.2,1000,50,1e-06,1,"PGD",0.9,TRUE,10,1,TRUE,0.0367637274203702,12,3.38513750128654,55.3844352141189,15.6236607192407,20,379.037579193818,361.807854196391,410.422014407937,370.661239913058,446.370801690584,380.80220557608
636,-172.229224069153,174.886878453483,1.71457723974003,"gaussian","adaptive_sparse_group_lasso",1,0.247645808860425,0.5,TRUE,"identity",NA,NA,"independent","gaussian",0.2,1000,50,1e-06,1,"PGD",0.9,TRUE,10,1,TRUE,0.0949160686696624,2,0.564189583547756,8.91981289359299,2.51623276088007,20,348.458448138306,345.586827305402,353.378261031899,346.974680899186,359.369725579007,348.664841843023
637,-186.748793433609,232.487577755806,2.2792899779981,"gaussian","adaptive_sparse_group_lasso",1,0.0827698264820896,0.5,TRUE,"identity",NA,NA,"independent","gaussian",0.2,1000,50,1e-06,1,"PGD",0.9,TRUE,10,1,TRUE,0.0402587067989273,6,1.69256875064327,27.1150791129106,7.64902259628876,20,385.497586867218,376.882724368504,400.612665980128,381.146609463506,418.587059621452,386.217092295017
638,-170.234093257738,168.177361222804,1.6487976590471,"gaussian","adaptive_sparse_group_lasso",1,0.210034668067239,0.5,TRUE,"identity",NA,NA,"independent","gaussian",0.2,1000,50,1e-06,1,"PGD",0.9,TRUE,10,1,TRUE,0.037063145129109,1,0.282094791773878,4.42246797143519,1.24755518152865,20,342.468186515475,341.032376099023,344.89065448691,341.715741697004,347.886386760464,342.560822168922
639,-182.822695430077,215.261696462533,2.11040878884836,"gaussian","adaptive_sparse_group_lasso",1,0.587733177763564,0.5,TRUE,"identity",NA,NA,"independent","gaussian",0.2,1000,50,1e-06,1,"PGD",0.9,TRUE,10,1,TRUE,0.21832010858193,1,0.282094791773878,4.32859918041087,1.22107528447058,20,367.645390860154,366.209580443702,369.973990040565,366.866466144624,372.969722314119,367.711546616543
640,-171.905926608017,173.781748019812,1.70374262764521,"gaussian","adaptive_sparse_group_lasso",1,0.364764345434775,0.5,TRUE,"identity",NA,NA,"independent","gaussian",0.2,1000,50,1e-06,1,"PGD",0.9,TRUE,10,1,TRUE,0.136567572613862,2,0.564189583547756,8.73809372559044,2.46497073002107,20,347.811853216034,344.940232383129,352.549946941624,346.276823946055,358.541411488732,347.966984889892
641,-185.320968488883,226.068992006164,2.2163626667271,"gaussian","adaptive_sparse_group_lasso",1,0.0859222218826498,0.5,TRUE,"identity",NA,NA,"independent","gaussian",0.2,1000,50,1e-06,1,"PGD",0.9,TRUE,10,1,TRUE,0.0342040335357447,6,1.69256875064327,27.3777479309996,7.72312010183305,20,382.641936977766,374.027074479053,398.019684908766,378.365057079599,415.99407855009,383.43553991111
642,-151.838507491246,117.25152151995,1.14952472078382,"gaussian","adaptive_sparse_group_lasso",1,0.0102948244084464,0.5,TRUE,"identity",NA,NA,"independent","gaussian",0.2,1000,50,1e-06,1,"PGD",0.9,TRUE,10,1,TRUE,0.00259253682257394,16,4.51351666838205,72.4331071976698,20.4330022924617,20,335.677014982492,312.704048319256,376.110122180162,324.110017274954,424.041838557026,337.63130482565
643,-183.03844391936,216.174260355577,2.11935549368213,"gaussian","adaptive_sparse_group_lasso",1,0.20496841374465,0.5,TRUE,"identity",NA,NA,"independent","gaussian",0.2,1000,50,1e-06,1,"PGD",0.9,TRUE,10,1,TRUE,0.0345761310963007,1,0.282094791773878,4.5667182564313,1.28824743563796,20,368.07688783872,366.641077422267,370.643606095151,367.365135274357,373.639338368705,368.210215746276
644,-157.761599881418,131.691287237852,1.29109105135149,"gaussian","adaptive_sparse_group_lasso",1,0.00685016329679969,0.5,TRUE,"identity",NA,NA,"independent","gaussian",0.2,1000,50,1e-06,1,"PGD",0.9,TRUE,10,1,TRUE,0.00104257359888953,19,5.35980104370368,87.0538892739727,24.5574487678476,20,353.523199762835,326.242801850243,402.577089036808,340.080648530683,459.496002234334,356.137177497134
645,-162.799490237483,145.364243147749,1.42513963870343,"gaussian","adaptive_sparse_group_lasso",1,0.16889738154902,0.5,TRUE,"identity",NA,NA,"independent","gaussian",0.2,1000,50,1e-06,1,"PGD",0.9,TRUE,10,1,TRUE,0.148618635215006,6,1.69256875064327,26.2073439940756,7.39295524695516,20,337.598980474966,328.984117976253,351.806324469042,332.991935721921,369.780718110366,338.062418553432
646,-177.026875965792,192.137442423971,1.88370041592129,"gaussian","adaptive_sparse_group_lasso",1,2.42157030997969,0.5,TRUE,"identity",NA,NA,"independent","gaussian",0.2,1000,50,1e-06,1,"PGD",0.9,TRUE,10,1,TRUE,0,0,0,0,0,20,354.053751931584,354.053751931584,354.053751931584,354.053751931584,354.053751931584,354.053751931584
647,-189.734684538228,246.505345537234,2.41671907389445,"gaussian","adaptive_sparse_group_lasso",1,0.0633786824137683,0.5,TRUE,"identity",NA,NA,"independent","gaussian",0.2,1000,50,1e-06,1,"PGD",0.9,TRUE,10,1,TRUE,0.0226073627123867,6,1.69256875064327,27.9594352851867,7.88721107488995,20,391.469369076456,382.854506577742,407.428804361642,387.356580151346,425.403198002966,392.427062982857
648,-178.92346778467,199.417184881471,1.95507044001442,"gaussian","adaptive_sparse_group_lasso",1,0.159440177948112,0.5,TRUE,"identity",NA,NA,"independent","gaussian",0.2,1000,50,1e-06,1,"PGD",0.9,TRUE,10,1,TRUE,0.0463386376847645,3,0.846284375321634,14.1678795585028,3.99668503393323,20,363.846935569341,359.539504319984,372.014815127843,361.843620603274,381.002011948505,364.378862019029
649,-188.376937853521,240.029346988001,2.35322889203922,"gaussian","adaptive_sparse_group_lasso",1,0.214381840105821,0.5,TRUE,"identity",NA,NA,"independent","gaussian",0.2,1000,50,1e-06,1,"PGD",0.9,TRUE,10,1,TRUE,0.124964162132082,2,0.564189583547756,8.65809526463247,2.4424035808349,20,380.753875707042,377.882254874137,385.411970971674,379.196279287877,391.403435518782,380.886440231714
650,-196.853456118135,283.430639522657,2.77873176002605,"gaussian","adaptive_sparse_group_lasso",1,2.53636311997231,0.5,TRUE,"identity",NA,NA,"independent","gaussian",0.2,1000,50,1e-06,1,"PGD",0.9,TRUE,10,1,TRUE,0,0,0,0,0,20,393.70691223627,393.70691223627,393.70691223627,393.70691223627,393.70691223627,393.70691223627
651,-170.428214103519,168.818713026511,1.65508542182854,"gaussian","adaptive_sparse_group_lasso",1,0.0676910030157007,0.5,TRUE,"identity",NA,NA,"independent","gaussian",0.2,1000,50,1e-06,1,"PGD",0.9,TRUE,10,1,TRUE,0.00977913343236834,4,1.12837916709551,18.2411145916165,5.1457234224455,20,348.856428207039,343.11318654123,359.097542798655,346.002151629484,371.080471892871,349.382473517158
652,-179.776058294474,202.778955730812,1.98802897775306,"gaussian","adaptive_sparse_group_lasso",1,0.317957268288968,0.5,TRUE,"identity",NA,NA,"independent","gaussian",0.2,1000,50,1e-06,1,"PGD",0.9,TRUE,10,1,TRUE,0.0837712161388258,1,0.282094791773878,5.18068912143515,1.46144541895644,20,361.552116588947,360.116306172495,364.732805710382,361.013562007903,367.728537983936,361.858642479822
653,-174.688745489637,183.527636958033,1.79929055841209,"gaussian","adaptive_sparse_group_lasso",1,0.0350092282300537,0.5,TRUE,"identity",NA,NA,"independent","gaussian",0.2,1000,50,1e-06,1,"PGD",0.9,TRUE,10,1,TRUE,0.0098600838571826,7,1.97466354241715,32.2634944755611,9.10136375598107,20,363.377490979275,353.326818064109,381.640985454836,358.478854735256,402.611111369714,364.394418038685
654,-176.192432866324,189.019338983514,1.85313077434818,"gaussian","adaptive_sparse_group_lasso",1,3.53363558112174,0.5,TRUE,"identity",NA,NA,"independent","gaussian",0.2,1000,50,1e-06,1,"PGD",0.9,TRUE,10,1,TRUE,0,0,0,0,0,20,352.384865732649,352.384865732649,352.384865732649,352.384865732649,352.384865732649,352.384865732649
655,-163.332865303764,146.892488567738,1.44012243693861,"gaussian","adaptive_sparse_group_lasso",1,4.21739491880377,0.5,TRUE,"identity",NA,NA,"independent","gaussian",0.2,1000,50,1e-06,1,"PGD",0.9,TRUE,10,1,TRUE,0,0,0,0,0,20,326.665730607528,326.665730607528,326.665730607528,326.665730607528,326.665730607528,326.665730607528
656,-198.291329607328,291.535281651985,2.85818903580377,"gaussian","adaptive_sparse_group_lasso",1,0.734604688462819,0.5,TRUE,"identity",NA,NA,"independent","gaussian",0.2,1000,50,1e-06,1,"PGD",0.9,TRUE,10,1,TRUE,0.398130741727573,1,0.282094791773878,4.05244275455858,1.14317299502276,20,398.582659214657,397.146848798204,400.635101969215,397.725832209679,403.630834242769,398.570912681598
657,-188.023472615087,238.371529312181,2.3369757775704,"gaussian","adaptive_sparse_group_lasso",1,0.447535236586692,0.5,TRUE,"identity",NA,NA,"independent","gaussian",0.2,1000,50,1e-06,1,"PGD",0.9,TRUE,10,1,TRUE,0.237051470094597,3,0.846284375321634,14.0430430159844,3.96146929546572,20,382.046945230174,377.739513980817,390.089988246158,380.008414525639,399.07718506682,382.543655941395
658,-168.77442371548,163.432191376253,1.6022763860417,"gaussian","adaptive_sparse_group_lasso",1,0.174170379519851,0.5,TRUE,"identity",NA,NA,"independent","gaussian",0.2,1000,50,1e-06,1,"PGD",0.9,TRUE,10,1,TRUE,0.0905371272772091,3,0.846284375321634,13.1656036014728,3.71394820653488,20,343.548847430959,339.241416181602,350.714451032432,341.262795637494,359.701647853094,343.79803705325
659,-159.455858779537,136.139652179155,1.33470247234466,"gaussian","adaptive_sparse_group_lasso",1,0.257029544742946,0.5,TRUE,"identity",NA,NA,"independent","gaussian",0.2,1000,50,1e-06,1,"PGD",0.9,TRUE,10,1,TRUE,0.100242303205517,2,0.564189583547756,8.76511355111441,2.47259288207602,20,322.911717559073,320.040096726169,327.676831110188,321.384310441149,333.668295657296,323.074471384986
660,-187.458694003871,235.74634404185,2.31123866707696,"gaussian","adaptive_sparse_group_lasso",1,0.664672757206121,0.5,TRUE,"identity",NA,NA,"independent","gaussian",0.2,1000,50,1e-06,1,"PGD",0.9,TRUE,10,1,TRUE,0.49994432217584,1,0.282094791773878,4.721541110953,1.33192215654609,20,376.917388007743,375.48157759129,379.638929118696,376.249310164289,382.63466139225,377.094390636207
661,-150.118397679802,113.362850497309,1.11140049507166,"gaussian","adaptive_sparse_group_lasso",1,0.244762342333062,0.5,TRUE,"identity",NA,NA,"independent","gaussian",0.2,1000,50,1e-06,1,"PGD",0.9,TRUE,10,1,TRUE,0.053258256206697,1,0.282094791773878,4.58904479773577,1.29454563665827,20,302.236795359604,300.800984943151,304.825840157339,301.531340996262,307.821572430893,302.37642146818
662,-169.660637517073,166.296928081136,1.63036204001114,"gaussian","adaptive_sparse_group_lasso",1,2.61445483719954,0.5,TRUE,"identity",NA,NA,"independent","gaussian",0.2,1000,50,1e-06,1,"PGD",0.9,TRUE,10,1,TRUE,0,0,0,0,0,20,339.321275034146,339.321275034146,339.321275034146,339.321275034146,339.321275034146,339.321275034146
663,-170.562912872893,169.265178297431,1.65946253232775,"gaussian","adaptive_sparse_group_lasso",1,0.194805143590362,0.5,TRUE,"identity",NA,NA,"independent","gaussian",0.2,1000,50,1e-06,1,"PGD",0.9,TRUE,10,1,TRUE,0.196857240986873,5,1.41047395886939,21.7251847359452,6.1285614643355,20,351.125825745785,343.946773663524,362.85101048173,347.254387210121,377.8296718495,351.479789569713
664,-190.166890548998,248.603263538455,2.43728689743583,"gaussian","adaptive_sparse_group_lasso",1,0.339820392414636,0.5,TRUE,"identity",NA,NA,"independent","gaussian",0.2,1000,50,1e-06,1,"PGD",0.9,TRUE,10,1,TRUE,0.299888384852134,2,0.564189583547756,8.68872236863146,2.45104332736013,20,384.333781097997,381.462160265092,389.022503466628,382.784824425357,395.013968013736,384.474985369194
665,-172.664017673366,176.384226539185,1.72925712293319,"gaussian","adaptive_sparse_group_lasso",1,4.64216618133687,0.5,TRUE,"identity",NA,NA,"independent","gaussian",0.2,1000,50,1e-06,1,"PGD",0.9,TRUE,10,1,TRUE,0,0,0,0,0,20,345.328035346732,345.328035346732,345.328035346732,345.328035346732,345.328035346732,345.328035346732
666,-189.912582614141,247.366706308658,2.42516378733979,"gaussian","adaptive_sparse_group_lasso",1,4.37988854176105,0.5,TRUE,"identity",NA,NA,"independent","gaussian",0.2,1000,50,1e-06,1,"PGD",0.9,TRUE,10,1,TRUE,0,0,0,0,0,20,379.825165228282,379.825165228282,379.825165228282,379.825165228282,379.825165228282,379.825165228282
667,-168.944348734603,163.97763323154,1.60762385521117,"gaussian","adaptive_sparse_group_lasso",1,0.473941417548668,0.5,TRUE,"identity",NA,NA,"independent","gaussian",0.2,1000,50,1e-06,1,"PGD",0.9,TRUE,10,1,TRUE,0.297338846661799,1,0.282094791773878,4.45131566090437,1.25569296448262,20,339.888697469206,338.452887052754,342.340013130111,339.144390433689,345.335745403665,339.989470905607
668,-166.476100078238,156.230581627741,1.53167236889942,"gaussian","adaptive_sparse_group_lasso",1,0.175025448518042,0.5,TRUE,"identity",NA,NA,"independent","gaussian",0.2,1000,50,1e-06,1,"PGD",0.9,TRUE,10,1,TRUE,0.0567800982586226,2,0.564189583547756,8.83571840906415,2.49251014477757,20,336.952200156475,334.080579323571,341.787918565539,335.444710301253,347.779383112647,337.13487124509
669,-205.918947040497,338.56705234725,3.31928482693382,"gaussian","adaptive_sparse_group_lasso",1,6.81544740352778,0.5,TRUE,"identity",NA,NA,"independent","gaussian",0.2,1000,50,1e-06,1,"PGD",0.9,TRUE,10,1,TRUE,0,0,0,0,0,20,411.837894080993,411.837894080993,411.837894080993,411.837894080993,411.837894080993,411.837894080993
670,-152.808189753691,119.502197658861,1.17159017312609,"gaussian","adaptive_sparse_group_lasso",1,0.113432954333842,0.5,TRUE,"identity",NA,NA,"independent","gaussian",0.2,1000,50,1e-06,1,"PGD",0.9,TRUE,10,1,TRUE,0.059314490037422,6,1.69256875064327,27.8883750880123,7.86716536336463,20,317.616379507383,309.001517008669,333.504754595395,313.483544870747,351.479148236719,318.554027702258
671,-184.021237348665,220.380434958147,2.16059249958967,"gaussian","adaptive_sparse_group_lasso",1,0.431186249399876,0.5,TRUE,"identity",NA,NA,"independent","gaussian",0.2,1000,50,1e-06,1,"PGD",0.9,TRUE,10,1,TRUE,0.225614263700993,1,0.282094791773878,4.09654572426582,1.15561421307894,20,370.042474697329,368.606664280877,372.139020421595,369.198088910408,375.134752695149,370.043169382327
672,-188.200851591942,239.202033474403,2.34511797523925,"gaussian","adaptive_sparse_group_lasso",1,3.16241691912884,0.5,TRUE,"identity",NA,NA,"independent","gaussian",0.2,1000,50,1e-06,1,"PGD",0.9,TRUE,10,1,TRUE,0,0,0,0,0,20,376.401703183884,376.401703183884,376.401703183884,376.401703183884,376.401703183884,376.401703183884
673,-199.341104739225,297.598380003876,2.91763117650859,"gaussian","adaptive_sparse_group_lasso",1,5.77508946281675,0.5,TRUE,"identity",NA,NA,"independent","gaussian",0.2,1000,50,1e-06,1,"PGD",0.9,TRUE,10,1,TRUE,0,0,0,0,0,20,398.682209478451,398.682209478451,398.682209478451,398.682209478451,398.682209478451,398.682209478451
674,-147.550394278018,107.796019476944,1.05682372036219,"gaussian","adaptive_sparse_group_lasso",1,0.0917527173388931,0.5,TRUE,"identity",NA,NA,"independent","gaussian",0.2,1000,50,1e-06,1,"PGD",0.9,TRUE,10,1,TRUE,0.0365500989443381,7,1.97466354241715,32.3006221019264,9.11183726600966,20,309.100788556036,299.05011564087,327.401410657962,304.212625822046,348.37153657284,310.128189125475
675,-166.771287142679,157.137463343866,1.54056336611634,"gaussian","adaptive_sparse_group_lasso",1,3.10239712900078,0.5,TRUE,"identity",NA,NA,"independent","gaussian",0.2,1000,50,1e-06,1,"PGD",0.9,TRUE,10,1,TRUE,0,0,0,0,0,20,333.542574285357,333.542574285357,333.542574285357,333.542574285357,333.542574285357,333.542574285357
676,-162.981416023197,145.883708404988,1.43023243534302,"gaussian","adaptive_sparse_group_lasso",1,0.161374096663053,0.5,TRUE,"identity",NA,NA,"independent","gaussian",0.2,1000,50,1e-06,1,"PGD",0.9,TRUE,10,1,TRUE,0.065743248690798,4,1.12837916709551,17.0813994051377,4.81857380839875,20,333.962832046394,328.219590380585,343.044231451531,330.781405854793,355.027160545747,334.161727742467
677,-182.204954221263,212.670050943219,2.08500049944333,"gaussian","adaptive_sparse_group_lasso",1,2.30005598671305,0.5,TRUE,"identity",NA,NA,"independent","gaussian",0.2,1000,50,1e-06,1,"PGD",0.9,TRUE,10,1,TRUE,0,0,0,0,0,20,364.409908442527,364.409908442527,364.409908442527,364.409908442527,364.409908442527,364.409908442527
678,-169.817669018581,166.809753581707,1.63538974099713,"gaussian","adaptive_sparse_group_lasso",1,1.27617057286424,0.5,TRUE,"identity",NA,NA,"independent","gaussian",0.2,1000,50,1e-06,1,"PGD",0.9,TRUE,10,1,TRUE,0,0,0,0,0,20,339.635338037163,339.635338037163,339.635338037163,339.635338037163,339.635338037163,339.635338037163
679,-187.042847008021,233.831916326183,2.29246976790375,"gaussian","adaptive_sparse_group_lasso",1,0.174858280727405,0.5,TRUE,"identity",NA,NA,"independent","gaussian",0.2,1000,50,1e-06,1,"PGD",0.9,TRUE,10,1,TRUE,0.139250434476493,6,1.69256875064327,26.2033412291607,7.39182608781997,20,386.085694016041,377.470831517328,400.289035245202,381.477520103861,418.263428886526,386.548002935372
680,-174.29737939664,182.124664308142,1.78553592458963,"gaussian","adaptive_sparse_group_lasso",1,0.616708538718576,0.5,TRUE,"identity",NA,NA,"independent","gaussian",0.2,1000,50,1e-06,1,"PGD",0.9,TRUE,10,1,TRUE,0.626669265686078,2,0.564189583547756,8.76741950064618,2.47324337842902,20,352.59475879328,349.723137960375,357.362178293926,351.068002171709,363.353642841034,352.758163115546
681,-148.08314051894,108.927959035621,1.0679211670159,"gaussian","adaptive_sparse_group_lasso",1,0.0300918515101821,0.5,TRUE,"identity",NA,NA,"independent","gaussian",0.2,1000,50,1e-06,1,"PGD",0.9,TRUE,10,1,TRUE,0.00428169508926893,7,1.97466354241715,32.2328960070566,9.09273208737969,20,310.166281037881,300.115608122715,328.399177044937,305.25901312526,349.369302959815,311.17457642869
682,-165.85817314892,154.349079777682,1.51322627233022,"gaussian","adaptive_sparse_group_lasso",1,0.317420617181653,0.5,TRUE,"identity",NA,NA,"independent","gaussian",0.2,1000,50,1e-06,1,"PGD",0.9,TRUE,10,1,TRUE,0.127892175610572,2,0.564189583547756,8.82351765228776,2.48906837483525,20,335.71634629784,332.844725464936,340.539863950128,334.205414672676,346.531328497236,335.895575616513
683,-192.296739228617,259.205205046722,2.54122750045806,"gaussian","adaptive_sparse_group_lasso",1,0.291914666785978,0.5,TRUE,"identity",NA,NA,"independent","gaussian",0.2,1000,50,1e-06,1,"PGD",0.9,TRUE,10,1,TRUE,0.0544265233858508,1,0.282094791773878,4.5667182564313,1.28824743563796,20,386.593478457235,385.157668040783,389.160196713666,385.881725892873,392.15592898722,386.726806364791
684,-183.869021374931,219.72366217423,2.15415355072774,"gaussian","adaptive_sparse_group_lasso",1,0.729428403589624,0.5,TRUE,"identity",NA,NA,"independent","gaussian",0.2,1000,50,1e-06,1,"PGD",0.9,TRUE,10,1,TRUE,0.748747832989613,1,0.282094791773878,4.03866430564595,1.13928616634579,20,369.738042749863,368.302232333411,371.776707055509,368.877328916209,374.772439329063,369.722409388127
685,-182.984212051218,215.944509317044,2.11710303252004,"gaussian","adaptive_sparse_group_lasso",1,0.116193639819629,0.5,TRUE,"identity",NA,NA,"independent","gaussian",0.2,1000,50,1e-06,1,"PGD",0.9,TRUE,10,1,TRUE,0.110606400125691,8,2.25675833419103,36.2778870258511,10.2338029865537,20,381.968424102435,370.481940770818,402.246311128286,376.202227088989,426.212169316718,382.962870864337
686,-163.116471641288,146.270542226935,1.43402492379348,"gaussian","adaptive_sparse_group_lasso",1,0.169725421212772,0.5,TRUE,"identity",NA,NA,"independent","gaussian",0.2,1000,50,1e-06,1,"PGD",0.9,TRUE,10,1,TRUE,0.104311249779305,4,1.12837916709551,17.1051913328517,4.82528538729315,20,334.232943282575,328.489701616766,343.338134615427,331.058228669868,355.321063709643,334.438550557542
687,-177.357967595819,193.388854991845,1.89596916658671,"gaussian","adaptive_sparse_group_lasso",1,0.270675403051386,0.5,TRUE,"identity",NA,NA,"independent","gaussian",0.2,1000,50,1e-06,1,"PGD",0.9,TRUE,10,1,TRUE,0.173218399810924,3,0.846284375321634,12.9136002290524,3.64285936766565,20,360.715935191639,356.408503942282,367.629535420691,358.358794559304,376.616732241353,360.89403597506
688,-169.617482749887,166.156271810691,1.62898305696756,"gaussian","adaptive_sparse_group_lasso",1,0.0947834966745044,0.5,TRUE,"identity",NA,NA,"independent","gaussian",0.2,1000,50,1e-06,1,"PGD",0.9,TRUE,10,1,TRUE,0.106194372101834,10,2.82094791773878,45.7716185903096,12.9119352153868,20,359.234965499774,344.876861335252,385.006584090084,352.146900715161,414.963906825624,360.597705434346
689,-155.685240603868,126.437425211407,1.23958260011183,"gaussian","adaptive_sparse_group_lasso",1,0.0966955607762634,0.5,TRUE,"identity",NA,NA,"independent","gaussian",0.2,1000,50,1e-06,1,"PGD",0.9,TRUE,10,1,TRUE,0.0383273804047273,5,1.41047395886939,23.2222106110213,6.55086466684519,20,321.370481207737,314.191429125476,334.592691818758,317.921345874582,349.571353186528,322.146748234175
690,-179.256327302655,200.722969057676,1.96787224566349,"gaussian","adaptive_sparse_group_lasso",1,0.591900866427734,0.5,TRUE,"identity",NA,NA,"independent","gaussian",0.2,1000,50,1e-06,1,"PGD",0.9,TRUE,10,1,TRUE,0.400086139694491,1,0.282094791773878,4.65896829532158,1.31427069114984,20,360.512654605311,359.076844188858,363.171622900632,359.826925296461,366.167355174186,360.672005768379
691,-182.451671574961,213.701355059243,2.09511132411023,"gaussian","adaptive_sparse_group_lasso",1,3.77386312086257,0.5,TRUE,"identity",NA,NA,"independent","gaussian",0.2,1000,50,1e-06,1,"PGD",0.9,TRUE,10,1,TRUE,0,0,0,0,0,20,364.903343149922,364.903343149922,364.903343149922,364.903343149922,364.903343149922,364.903343149922
692,-188.296144213112,239.649396166617,2.34950388398644,"gaussian","adaptive_sparse_group_lasso",1,0.154623701773665,0.5,TRUE,"identity",NA,NA,"independent","gaussian",0.2,1000,50,1e-06,1,"PGD",0.9,TRUE,10,1,TRUE,0.0796301301605463,3,0.846284375321634,13.090028801586,3.69262894909746,20,382.592288426224,378.284857176867,389.68231722781,380.284917375321,398.669514048472,382.820158791077
693,-164.517907714455,150.345664746535,1.47397710535819,"gaussian","adaptive_sparse_group_lasso",1,0.0236024768060391,0.5,TRUE,"identity",NA,NA,"independent","gaussian",0.2,1000,50,1e-06,1,"PGD",0.9,TRUE,10,1,TRUE,0.0051562979338008,11,3.10304270951266,50.4711845698536,14.2376583018138,20,351.03581542891,335.241900847936,379.506999998764,343.273473730724,412.460055007858,352.569358921828
694,-174.369643714478,182.38290829514,1.78806772838373,"gaussian","adaptive_sparse_group_lasso",1,3.6865236377854,0.5,TRUE,"identity",NA,NA,"independent","gaussian",0.2,1000,50,1e-06,1,"PGD",0.9,TRUE,10,1,TRUE,0,0,0,0,0,20,348.739287428955,348.739287428955,348.739287428955,348.739287428955,348.739287428955,348.739287428955
695,-174.24446820659,181.935812628171,1.78368443753108,"gaussian","adaptive_sparse_group_lasso",1,0.422144793439335,0.5,TRUE,"identity",NA,NA,"independent","gaussian",0.2,1000,50,1e-06,1,"PGD",0.9,TRUE,10,1,TRUE,0.281408254066694,1,0.282094791773878,4.34373642243668,1.22534542160789,20,350.488936413179,349.053125996727,352.832672835616,349.714281834787,355.82840510917,350.559362306706
696,-179.588561958377,202.034828125077,1.98073360906938,"gaussian","adaptive_sparse_group_lasso",1,0.109009952369617,0.5,TRUE,"identity",NA,NA,"independent","gaussian",0.2,1000,50,1e-06,1,"PGD",0.9,TRUE,10,1,TRUE,0.00665336496038513,1,0.282094791773878,4.91366503690059,1.38611931543106,20,361.177123916755,359.741313500303,364.090788953655,360.563243232186,367.086521227209,361.408323704104
697,-166.946206807853,157.677338301843,1.54585625786121,"gaussian","adaptive_sparse_group_lasso",1,0.168694000799404,0.5,TRUE,"identity",NA,NA,"independent","gaussian",0.2,1000,50,1e-06,1,"PGD",0.9,TRUE,10,1,TRUE,0.121975538487951,5,1.41047395886939,20.5111487428682,5.78608823366245,20,343.892413615705,336.713361533444,354.403562358573,339.678501849367,369.382223726343,343.90390420896
698,-175.124332457046,185.101845017456,1.81472397075937,"gaussian","adaptive_sparse_group_lasso",1,4.61111816564259,0.5,TRUE,"identity",NA,NA,"independent","gaussian",0.2,1000,50,1e-06,1,"PGD",0.9,TRUE,10,1,TRUE,0,0,0,0,0,20,350.248664914093,350.248664914093,350.248664914093,350.248664914093,350.248664914093,350.248664914093
699,-194.137092383587,268.729527945816,2.63460321515506,"gaussian","adaptive_sparse_group_lasso",1,3.55303206029945,0.5,TRUE,"identity",NA,NA,"independent","gaussian",0.2,1000,50,1e-06,1,"PGD",0.9,TRUE,10,1,TRUE,0,0,0,0,0,20,388.274184767174,388.274184767174,388.274184767174,388.274184767174,388.274184767174,388.274184767174
700,-164.951084506251,151.628088621997,1.48654988845095,"gaussian","adaptive_sparse_group_lasso",1,0.0932318666723735,0.5,TRUE,"identity",NA,NA,"independent","gaussian",0.2,1000,50,1e-06,1,"PGD",0.9,TRUE,10,1,TRUE,0.0290532802714382,3,0.846284375321634,14.2077945058548,4.00794483269516,20,335.902169012502,331.594737763145,344.109963518357,333.910113845197,353.097160339019,336.445355260953
701,-278.781502688096,342.668498962896,2.23966339191435,"gaussian","adaptive_sparse_group_lasso",1,0.0706994523035684,0.5,TRUE,"identity",NA,NA,"independent","gaussian",0.2,1000,50,1e-06,1,"PGD",0.9,TRUE,10,1,TRUE,0.0518185824920068,8,2.25675833419103,38.8625199786712,10.9629144811914,20,573.563005376193,562.076522044575,596.425525354864,568.525919857384,620.391383543296,575.286563632732
702,-264.296962042591,283.559819349379,1.85333215261032,"gaussian","adaptive_sparse_group_lasso",1,0.0331650539096612,0.5,TRUE,"identity",NA,NA,"independent","gaussian",0.2,1000,50,1e-06,1,"PGD",0.9,TRUE,10,1,TRUE,0.00841213788825526,10,2.82094791773878,49.2289376817343,13.8872269245781,20,548.593924085183,534.23581992066,577.822861766917,542.481151009761,607.780184502457,550.931955728946
703,-271.752704949879,312.587301669738,2.04305425927934,"gaussian","adaptive_sparse_group_lasso",1,0.0727575080726397,0.5,TRUE,"identity",NA,NA,"independent","gaussian",0.2,1000,50,1e-06,1,"PGD",0.9,TRUE,10,1,TRUE,0.042334430664167,9,2.5388531259649,44.8587489495649,12.6544194441642,20,561.505409899759,548.583116151689,588.364158849324,556.159829343923,615.325749311309,563.765553591189
704,-243.192076420862,215.194494784817,1.40649996591384,"gaussian","adaptive_sparse_group_lasso",1,0.0450799257143677,0.5,TRUE,"identity",NA,NA,"independent","gaussian",0.2,1000,50,1e-06,1,"PGD",0.9,TRUE,10,1,TRUE,0.0210766520456781,11,3.10304270951266,52.0727812673219,14.6894603886919,20,508.384152841724,492.590238260749,538.456934109046,501.073613230416,571.40998911814,510.369498421519
705,-259.431408213346,266.086406650639,1.73912684085385,"gaussian","adaptive_sparse_group_lasso",1,0.0824148608992136,0.5,TRUE,"identity",NA,NA,"independent","gaussian",0.2,1000,50,1e-06,1,"PGD",0.9,TRUE,10,1,TRUE,0.040375338171221,6,1.69256875064327,29.0033697212529,8.18169954225764,20,530.862816426693,522.247953927979,547.866186147946,527.04451596895,565.84057978927,532.114998800461
706,-257.419305752107,259.179040802876,1.69398065884233,"gaussian","adaptive_sparse_group_lasso",1,3.01041068741646,0.5,TRUE,"identity",NA,NA,"independent","gaussian",0.2,1000,50,1e-06,1,"PGD",0.9,TRUE,10,1,TRUE,0,0,0,0,0,20,514.838611504214,514.838611504214,514.838611504214,514.838611504214,514.838611504214,514.838611504214
707,-258.161793657353,261.706808168038,1.71050201417019,"gaussian","adaptive_sparse_group_lasso",1,0.179188296450603,0.5,TRUE,"identity",NA,NA,"independent","gaussian",0.2,1000,50,1e-06,1,"PGD",0.9,TRUE,10,1,TRUE,0.0601197742607858,2,0.564189583547756,9.72713260304091,2.74397344621173,20,520.323587314707,517.451966481802,526.050719917748,519.067560760918,532.042184464856,520.757721704755
708,-262.172588381403,275.793807864263,1.80257390760956,"gaussian","adaptive_sparse_group_lasso",1,3.04067592285338,0.5,TRUE,"identity",NA,NA,"independent","gaussian",0.2,1000,50,1e-06,1,"PGD",0.9,TRUE,10,1,TRUE,0,0,0,0,0,20,524.345176762806,524.345176762806,524.345176762806,524.345176762806,524.345176762806,524.345176762806
709,-266.406066446609,291.486326150368,1.90513938660371,"gaussian","adaptive_sparse_group_lasso",1,0.132783850437617,0.5,TRUE,"identity",NA,NA,"independent","gaussian",0.2,1000,50,1e-06,1,"PGD",0.9,TRUE,10,1,TRUE,0.0460742098680486,4,1.12837916709551,19.6708255217052,5.54903742956572,20,540.812132893219,535.06889122741,552.482958414924,538.361170322784,564.46588750914,541.741492210458
710,-301.486302218023,461.073870380962,3.0135547083723,"gaussian","adaptive_sparse_group_lasso",1,0.196162882953809,0.5,TRUE,"identity",NA,NA,"independent","gaussian",0.2,1000,50,1e-06,1,"PGD",0.9,TRUE,10,1,TRUE,0.0648837218530774,2,0.564189583547756,9.10033045679627,2.56715582528343,20,606.972604436047,604.100983603142,612.072934892843,605.53976026133,618.064399439951,607.229921205167
711,-271.712985663615,312.425046481392,2.04199376785223,"gaussian","adaptive_sparse_group_lasso",1,0.0565076782223927,0.5,TRUE,"identity",NA,NA,"independent","gaussian",0.2,1000,50,1e-06,1,"PGD",0.9,TRUE,10,1,TRUE,0.0167741202659506,6,1.69256875064327,28.1449644918104,7.93954789780046,20,555.425971327231,546.811108828517,571.570935819041,551.365519225031,589.545329460365,556.436002056542
712,-260.647129448783,270.348772098345,1.76698543855127,"gaussian","adaptive_sparse_group_lasso",1,0.21114257846319,0.5,TRUE,"identity",NA,NA,"independent","gaussian",0.2,1000,50,1e-06,1,"PGD",0.9,TRUE,10,1,TRUE,0.0438314865295334,2,0.564189583547756,10.4295365134019,2.94211793104616,20,525.294258897567,522.422638064662,531.723795410968,524.236376828613,537.715259958076,525.92653777245
713,-269.003055850857,301.551456529214,1.97092455247852,"gaussian","adaptive_sparse_group_lasso",1,0.13124719831877,0.5,TRUE,"identity",NA,NA,"independent","gaussian",0.2,1000,50,1e-06,1,"PGD",0.9,TRUE,10,1,TRUE,0.0760901256781667,4,1.12837916709551,19.1362224661986,5.3982286919409,20,546.006111701715,540.262870035906,557.142334167913,543.404340393656,569.125263262129,546.78466228133
714,-255.724110633109,253.498951464619,1.65685589192561,"gaussian","adaptive_sparse_group_lasso",1,0.0230977117490607,0.5,TRUE,"identity",NA,NA,"independent","gaussian",0.2,1000,50,1e-06,1,"PGD",0.9,TRUE,10,1,TRUE,0.00711313164921289,12,3.38513750128654,59.574836229232,16.8057510210481,20,535.448221266218,518.218496268791,571.02305749545,528.253972287266,606.971844778098,538.394937950288
715,-291.358476457478,403.90043128691,2.63987209991444,"gaussian","adaptive_sparse_group_lasso",1,0.157546810430996,0.5,TRUE,"identity",NA,NA,"independent","gaussian",0.2,1000,50,1e-06,1,"PGD",0.9,TRUE,10,1,TRUE,0.0121057502546214,1,0.282094791773878,5.21368604016876,1.47075367787578,20,584.716952914956,583.281142498504,587.930638955125,584.187706592832,590.926371228679,585.032787064751
716,-249.011994164582,232.204767804289,1.51767822094307,"gaussian","adaptive_sparse_group_lasso",1,0.10286595490886,0.5,TRUE,"identity",NA,NA,"independent","gaussian",0.2,1000,50,1e-06,1,"PGD",0.9,TRUE,10,1,TRUE,0.0343205027684274,4,1.12837916709551,20.4473305366503,5.76808545006802,20,506.023988329164,500.280746663355,518.471318865815,503.792073779232,530.45424796003,507.172395666906
717,-289.492548912997,394.167986711444,2.57626135105519,"gaussian","adaptive_sparse_group_lasso",1,0.369897566025057,0.5,TRUE,"identity",NA,NA,"independent","gaussian",0.2,1000,50,1e-06,1,"PGD",0.9,TRUE,10,1,TRUE,0.109286513339109,1,0.282094791773878,4.62801843716041,1.30553989735644,20,580.985097825994,579.549287409542,583.613116263154,580.29063772335,586.608848536708,581.135718195269
718,-272.167432066322,314.286523481098,2.05416028419018,"gaussian","adaptive_sparse_group_lasso",1,2.19903930352026,0.5,TRUE,"identity",NA,NA,"independent","gaussian",0.2,1000,50,1e-06,1,"PGD",0.9,TRUE,10,1,TRUE,0,0,0,0,0,20,544.334864132643,544.334864132643,544.334864132643,544.334864132643,544.334864132643,544.334864132643
719,-269.987673427488,305.457755146007,1.99645591598697,"gaussian","adaptive_sparse_group_lasso",1,0.212999785831623,0.5,TRUE,"identity",NA,NA,"independent","gaussian",0.2,1000,50,1e-06,1,"PGD",0.9,TRUE,10,1,TRUE,0.1691756178566,5,1.41047395886939,22.8977226345305,6.4593282986839,20,549.975346854975,542.796294772714,562.873069489506,546.434675153659,577.851730857276,550.660077513252
720,-267.720960748557,296.539745075088,1.93816826846462,"gaussian","adaptive_sparse_group_lasso",1,0.0991905493495206,0.5,TRUE,"identity",NA,NA,"independent","gaussian",0.2,1000,50,1e-06,1,"PGD",0.9,TRUE,10,1,TRUE,0.021570132111543,2,0.564189583547756,10.1954910639868,2.8760949287278,20,539.441921497113,536.570300664209,545.6374125611,538.318016425841,551.628877108208,540.008177369678
721,-263.347070163021,280.060658327615,1.83046181913474,"gaussian","adaptive_sparse_group_lasso",1,0.0215958593627812,0.5,TRUE,"identity",NA,NA,"independent","gaussian",0.2,1000,50,1e-06,1,"PGD",0.9,TRUE,10,1,TRUE,0.00680658939312837,12,3.38513750128654,59.0045523763804,16.6448769163259,20,550.694140326042,533.464415328615,585.698692702422,543.339017242368,621.64747998507,553.47998290539
722,-268.582284587287,299.897392775754,1.9601136782729,"gaussian","adaptive_sparse_group_lasso",1,0.308467972311387,0.5,TRUE,"identity",NA,NA,"independent","gaussian",0.2,1000,50,1e-06,1,"PGD",0.9,TRUE,10,1,TRUE,0.125001601914351,2,0.564189583547756,9.06452741722872,2.55705597429174,20,541.164569174573,538.292948341669,546.229096591802,539.721625148865,552.22056113891,541.411786092702
723,-270.612845184241,307.964238617886,2.01283816090121,"gaussian","adaptive_sparse_group_lasso",1,0.267907274975012,0.5,TRUE,"identity",NA,NA,"independent","gaussian",0.2,1000,50,1e-06,1,"PGD",0.9,TRUE,10,1,TRUE,0.0479082626584563,1,0.282094791773878,4.78037577805187,1.34851910971043,20,543.225690368482,541.78987995203,546.006066146534,542.574209478192,549.001798420088,543.419289950111
724,-256.455516734343,255.934243679139,1.67277283450418,"gaussian","adaptive_sparse_group_lasso",1,0.121928672319171,0.5,TRUE,"identity",NA,NA,"independent","gaussian",0.2,1000,50,1e-06,1,"PGD",0.9,TRUE,10,1,TRUE,0.0477765183863664,3,0.846284375321634,14.2037193181315,4.00679524346291,20,518.911033468687,514.60360221933,527.114752786818,516.917828712149,536.10194960748,519.453070127905
725,-250.324911735558,236.22433449678,1.54394989867176,"gaussian","adaptive_sparse_group_lasso",1,0.216423754309601,0.5,TRUE,"identity",NA,NA,"independent","gaussian",0.2,1000,50,1e-06,1,"PGD",0.9,TRUE,10,1,TRUE,0.0482162777577615,1,0.282094791773878,4.59590363319514,1.29648047841899,20,502.649823471115,501.214013054663,505.245727104311,501.946303949534,508.241459377864,502.791384421453
726,-249.345541935048,233.219414552081,1.52430989903321,"gaussian","adaptive_sparse_group_lasso",1,0.230074109268716,0.5,TRUE,"identity",NA,NA,"independent","gaussian",0.2,1000,50,1e-06,1,"PGD",0.9,TRUE,10,1,TRUE,0.0292062647980592,1,0.282094791773878,5.08236222332814,1.43370791310918,20,500.691083870096,499.255273453644,503.773446093424,500.124791783205,506.769178366978,500.969872255124
727,-303.146012446458,471.186427657388,3.07964985396986,"gaussian","adaptive_sparse_group_lasso",1,0.328676534126185,0.5,TRUE,"identity",NA,NA,"independent","gaussian",0.2,1000,50,1e-06,1,"PGD",0.9,TRUE,10,1,TRUE,0.358841971229413,4,1.12837916709551,20.1276970328874,5.67791850338007,20,614.292024892917,608.548783227108,626.419721925804,611.969943396297,638.40265102002,615.350265283971
728,-253.894876908027,247.509294496929,1.61770780716947,"gaussian","adaptive_sparse_group_lasso",1,0.108855438699373,0.5,TRUE,"identity",NA,NA,"independent","gaussian",0.2,1000,50,1e-06,1,"PGD",0.9,TRUE,10,1,TRUE,0.0519458467753995,6,1.69256875064327,29.542635906378,8.33382372446119,20,519.789753816053,511.17489131734,537.332389722431,516.123577540514,555.306783363755,521.194060372025
729,-258.273611621881,262.089617578013,1.7130040364576,"gaussian","adaptive_sparse_group_lasso",1,0.152590269335344,0.5,TRUE,"identity",NA,NA,"independent","gaussian",0.2,1000,50,1e-06,1,"PGD",0.9,TRUE,10,1,TRUE,0.0360634422230112,3,0.846284375321634,14.8144796271325,4.1790875456543,20,522.547223243763,518.239791994406,531.361702870895,520.726310789417,540.348899691557,523.261552205172
730,-278.41751640783,341.041958070416,2.229032405689,"gaussian","adaptive_sparse_group_lasso",1,2.50970469566534,0.5,TRUE,"identity",NA,NA,"independent","gaussian",0.2,1000,50,1e-06,1,"PGD",0.9,TRUE,10,1,TRUE,0,0,0,0,0,20,556.83503281566,556.83503281566,556.83503281566,556.83503281566,556.83503281566,556.83503281566
731,-262.435465240354,276.743147971961,1.80877874491478,"gaussian","adaptive_sparse_group_lasso",1,0.0693480313606483,0.5,TRUE,"identity",NA,NA,"independent","gaussian",0.2,1000,50,1e-06,1,"PGD",0.9,TRUE,10,1,TRUE,0.0228340745241776,5,1.41047395886939,25.2399396454746,7.1200555186754,20,534.870930480708,527.691878398446,550.110870126182,531.990985999383,565.089531493952,536.216388358975
732,-291.827541712387,406.384583943362,2.65610839178668,"gaussian","adaptive_sparse_group_lasso",1,3.98022575238947,0.5,TRUE,"identity",NA,NA,"independent","gaussian",0.2,1000,50,1e-06,1,"PGD",0.9,TRUE,10,1,TRUE,0,0,0,0,0,20,583.655083424775,583.655083424775,583.655083424775,583.655083424775,583.655083424775,583.655083424775
733,-305.20293865121,484.027514085283,3.16357852343322,"gaussian","adaptive_sparse_group_lasso",1,0.36294077757957,0.5,TRUE,"identity",NA,NA,"independent","gaussian",0.2,1000,50,1e-06,1,"PGD",0.9,TRUE,10,1,TRUE,0.22027351051964,2,0.564189583547756,9.6371565470644,2.7185916694364,20,614.40587730242,611.534256469516,620.043033849484,613.124468971856,626.034498396592,614.814629915693
734,-262.404576431454,276.631428486274,1.80804855219787,"gaussian","adaptive_sparse_group_lasso",1,0.0870876141549641,0.5,TRUE,"identity",NA,NA,"independent","gaussian",0.2,1000,50,1e-06,1,"PGD",0.9,TRUE,10,1,TRUE,0.0562378970021551,8,2.25675833419103,38.4441679619481,10.8448995561457,20,540.809152862908,529.32266953129,563.253320824856,535.654052419054,587.219179013288,542.414696194402
735,-253.810109603531,247.235188928414,1.61591626750597,"gaussian","adaptive_sparse_group_lasso",1,0.00841252910009144,0.5,TRUE,"identity",NA,NA,"independent","gaussian",0.2,1000,50,1e-06,1,"PGD",0.9,TRUE,10,1,TRUE,0.000983339364744489,15,4.23142187660817,75.3225967583511,21.2481122484148,20,537.620219207063,516.083062960279,582.942815965414,528.868331455478,627.878800068724,541.544538534255
736,-267.210580406477,294.567924059745,1.9252805494101,"gaussian","adaptive_sparse_group_lasso",1,0.175422371164018,0.5,TRUE,"identity",NA,NA,"independent","gaussian",0.2,1000,50,1e-06,1,"PGD",0.9,TRUE,10,1,TRUE,0.0636326314664091,2,0.564189583547756,9.92635427540842,2.80017284239508,20,538.421160812953,535.549539980049,544.347515088362,537.221333655349,550.33897963547,538.911494599186
737,-243.254885349807,215.371248848076,1.40765522122926,"gaussian","adaptive_sparse_group_lasso",1,0.014163935392046,0.5,TRUE,"identity",NA,NA,"independent","gaussian",0.2,1000,50,1e-06,1,"PGD",0.9,TRUE,10,1,TRUE,0.00274575690285767,14,3.94932708483429,69.4137438127811,19.5812556071118,20,514.509770699613,494.408424869282,555.923514512394,506.091026306725,597.86376634215,517.922152913584
738,-267.387786769462,295.251058896695,1.92974548298493,"gaussian","adaptive_sparse_group_lasso",1,2.45255757248401,0.5,TRUE,"identity",NA,NA,"independent","gaussian",0.2,1000,50,1e-06,1,"PGD",0.9,TRUE,10,1,TRUE,0,0,0,0,0,20,534.775573538924,534.775573538924,534.775573538924,534.775573538924,534.775573538924,534.775573538924
739,-248.835392684804,231.669337627372,1.51417867730308,"gaussian","adaptive_sparse_group_lasso",1,0.111147300405,0.5,TRUE,"identity",NA,NA,"independent","gaussian",0.2,1000,50,1e-06,1,"PGD",0.9,TRUE,10,1,TRUE,0.0757786620053691,6,1.69256875064327,29.0910202630234,8.20642530358724,20,509.670785369609,501.055922870895,526.761805632632,505.877210673196,544.736199273956,510.947693504707
740,-238.108409587344,201.358939652298,1.31607150099541,"gaussian","adaptive_sparse_group_lasso",1,0.0075488333905758,0.5,TRUE,"identity",NA,NA,"independent","gaussian",0.2,1000,50,1e-06,1,"PGD",0.9,TRUE,10,1,TRUE,0.00109197058985514,17,4.79561146015593,83.9165197335357,23.6724131606203,20,510.216819174688,485.808042095,560.133338908224,499.889232335308,611.060787558641,514.255600357923
741,-263.645568494083,281.155572679088,1.83761812208554,"gaussian","adaptive_sparse_group_lasso",1,3.44582778510439,0.5,TRUE,"identity",NA,NA,"independent","gaussian",0.2,1000,50,1e-06,1,"PGD",0.9,TRUE,10,1,TRUE,0,0,0,0,0,20,527.291136988166,527.291136988166,527.291136988166,527.291136988166,527.291136988166,527.291136988166
742,-262.160117924067,275.748853686391,1.80228008945354,"gaussian","adaptive_sparse_group_lasso",1,0.168071618902324,0.5,TRUE,"identity",NA,NA,"independent","gaussian",0.2,1000,50,1e-06,1,"PGD",0.9,TRUE,10,1,TRUE,0.0632967394869407,5,1.41047395886939,24.5463558844292,6.92439915202555,20,534.320235848134,527.141183765873,548.866591732563,531.24463500016,563.845253100333,535.470037359752
743,-253.574068381967,246.473518902018,1.61093803203933,"gaussian","adaptive_sparse_group_lasso",1,0.187806417657195,0.5,TRUE,"identity",NA,NA,"independent","gaussian",0.2,1000,50,1e-06,1,"PGD",0.9,TRUE,10,1,TRUE,0.152124094776158,5,1.41047395886939,24.7448481592823,6.98039278896896,20,517.148136763933,509.969084681672,531.892984923216,514.128529552902,546.871646290986,518.353931912495
744,-250.245668131633,235.979764880592,1.54235140444832,"gaussian","adaptive_sparse_group_lasso",1,0.117339070545964,0.5,TRUE,"identity",NA,NA,"independent","gaussian",0.2,1000,50,1e-06,1,"PGD",0.9,TRUE,10,1,TRUE,0.0217853874356428,3,0.846284375321634,14.4783489615298,4.08426683553229,20,506.491336263266,502.18390501391,514.969685224796,504.575603098799,523.956882045458,507.110844514554
745,-246.151307017152,223.681910224777,1.46197326944299,"gaussian","adaptive_sparse_group_lasso",1,0.059689055364544,0.5,TRUE,"identity",NA,NA,"independent","gaussian",0.2,1000,50,1e-06,1,"PGD",0.9,TRUE,10,1,TRUE,0.00466096149886736,3,0.846284375321634,15.0609394371885,4.24861257445268,20,498.302614034304,493.995182784947,507.363553471492,496.551226608756,516.350750292154,499.086468024512
746,-276.314346730815,331.793603645809,2.16858564474385,"gaussian","adaptive_sparse_group_lasso",1,0.406926315623681,0.5,TRUE,"identity",NA,NA,"independent","gaussian",0.2,1000,50,1e-06,1,"PGD",0.9,TRUE,10,1,TRUE,0.183133736851235,1,0.282094791773878,4.62826660137371,1.30560990318851,20,554.628693461631,553.192883045178,557.256960063004,553.934303364819,560.252692336558,554.779383836738
747,-272.005433987402,313.621687625379,2.04981495179986,"gaussian","adaptive_sparse_group_lasso",1,0.109666284784988,0.5,TRUE,"identity",NA,NA,"independent","gaussian",0.2,1000,50,1e-06,1,"PGD",0.9,TRUE,10,1,TRUE,0.0420948618241621,4,1.12837916709551,20.2088186397902,5.70080248618769,20,552.010867974804,546.267626308995,564.219686614594,549.711670460991,576.20261570881,553.091992348665
748,-271.449965603656,311.352720311428,2.0349851000747,"gaussian","adaptive_sparse_group_lasso",1,0.41100462954267,0.5,TRUE,"identity",NA,NA,"independent","gaussian",0.2,1000,50,1e-06,1,"PGD",0.9,TRUE,10,1,TRUE,0.154548713447491,1,0.282094791773878,4.95697576980319,1.39833704761079,20,544.899931207312,543.46412079086,547.856906977115,544.298268254923,550.852639250669,545.143348726841
749,-268.321742756824,298.877746892564,1.95344932609519,"gaussian","adaptive_sparse_group_lasso",1,0.24005217147043,0.5,TRUE,"identity",NA,NA,"independent","gaussian",0.2,1000,50,1e-06,1,"PGD",0.9,TRUE,10,1,TRUE,0.13184553146327,1,0.282094791773878,4.59420410903434,1.29600105150474,20,538.643485513648,537.207675097196,541.237689622683,537.939486565153,544.233421896237,538.784567037072
750,-296.002382227247,429.178553499242,2.80508858496236,"gaussian","adaptive_sparse_group_lasso",1,0.38085160080129,0.5,TRUE,"identity",NA,NA,"independent","gaussian",0.2,1000,50,1e-06,1,"PGD",0.9,TRUE,10,1,TRUE,0.247449551080413,4,1.12837916709551,19.4797075138136,5.4951240349253,20,600.004764454494,594.261522788685,611.484471968308,597.499888489419,623.467401062524,600.880210377093
751,-257.798561263433,260.467134084718,1.70239956918116,"gaussian","adaptive_sparse_group_lasso",1,0.124803093112819,0.5,TRUE,"identity",NA,NA,"independent","gaussian",0.2,1000,50,1e-06,1,"PGD",0.9,TRUE,10,1,TRUE,0.0452553142535901,4,1.12837916709551,18.9141112094505,5.33557226321791,20,523.597122526865,517.853880861056,534.511233736316,520.932694790083,546.494162830532,524.313016677757
752,-270.766816080899,308.584699799815,2.01689346274389,"gaussian","adaptive_sparse_group_lasso",1,0.121676788348669,0.5,TRUE,"identity",NA,NA,"independent","gaussian",0.2,1000,50,1e-06,1,"PGD",0.9,TRUE,10,1,TRUE,0.0252202796320484,3,0.846284375321634,14.4679022801931,4.08131988113588,20,547.533632161798,543.226200912441,556.001534441991,545.614952042934,564.988731262653,548.150193458689
753,-256.966002628415,257.647808517207,1.68397260468762,"gaussian","adaptive_sparse_group_lasso",1,2.63389436723265,0.5,TRUE,"identity",NA,NA,"independent","gaussian",0.2,1000,50,1e-06,1,"PGD",0.9,TRUE,10,1,TRUE,0,0,0,0,0,20,513.932005256831,513.932005256831,513.932005256831,513.932005256831,513.932005256831,513.932005256831
754,-290.407639398004,398.911324475441,2.60726355866301,"gaussian","adaptive_sparse_group_lasso",1,0.131543570131107,0.5,TRUE,"identity",NA,NA,"independent","gaussian",0.2,1000,50,1e-06,1,"PGD",0.9,TRUE,10,1,TRUE,0.0173974145043732,1,0.282094791773878,4.48619317055084,1.26553172830393,20,582.815278796008,581.379468379556,585.301471966559,582.080810524312,588.297204240113,582.925890996231
755,-263.635694019482,281.119283994229,1.83738094113875,"gaussian","adaptive_sparse_group_lasso",1,0.291031420023751,0.5,TRUE,"identity",NA,NA,"independent","gaussian",0.2,1000,50,1e-06,1,"PGD",0.9,TRUE,10,1,TRUE,0.0481797926110952,1,0.282094791773878,5.06193274870502,1.42794486471932,20,529.271388038964,527.835577622512,532.333320787669,528.699332903683,535.329053061223,529.544413375602
756,-284.835501990369,370.888229966966,2.42410607821547,"gaussian","adaptive_sparse_group_lasso",1,4.08548078041317,0.5,TRUE,"identity",NA,NA,"independent","gaussian",0.2,1000,50,1e-06,1,"PGD",0.9,TRUE,10,1,TRUE,0,0,0,0,0,20,569.671003980739,569.671003980739,569.671003980739,569.671003980739,569.671003980739,569.671003980739
757,-264.676794207993,284.971230697116,1.86255706337985,"gaussian","adaptive_sparse_group_lasso",1,0.0772948550724208,0.5,TRUE,"identity",NA,NA,"independent","gaussian",0.2,1000,50,1e-06,1,"PGD",0.9,TRUE,10,1,TRUE,0.0666366322012751,11,3.10304270951266,54.2135685003297,15.2933653174194,20,551.353588415986,535.559673835011,583.567156916316,544.646953733405,616.520211925409,553.942838924509
758,-251.330446446199,239.349821006185,1.5643779150731,"gaussian","adaptive_sparse_group_lasso",1,0.182712646385698,0.5,TRUE,"identity",NA,NA,"independent","gaussian",0.2,1000,50,1e-06,1,"PGD",0.9,TRUE,10,1,TRUE,0.0916467507559956,4,1.12837916709551,19.8431807907734,5.59765795330463,20,510.660892892397,504.917651226588,522.50407368317,508.258550845702,534.487002777386,511.638872733376
759,-239.451328324838,204.924901563171,1.33937844158935,"gaussian","adaptive_sparse_group_lasso",1,0.154365130509101,0.5,TRUE,"identity",NA,NA,"independent","gaussian",0.2,1000,50,1e-06,1,"PGD",0.9,TRUE,10,1,TRUE,0.0878836185887107,4,1.12837916709551,20.1512019608141,5.68454912112921,20,486.902656649676,481.159414983867,499.05385861049,484.587205770805,511.036787704706,487.967527658479
760,-272.747248508542,316.677645364838,2.06978853179633,"gaussian","adaptive_sparse_group_lasso",1,0.262360444434696,0.5,TRUE,"identity",NA,NA,"independent","gaussian",0.2,1000,50,1e-06,1,"PGD",0.9,TRUE,10,1,TRUE,0.453198838586766,7,1.97466354241715,33.4103367625784,9.4248819921347,20,559.494497017084,549.443824101919,578.904833779663,554.919379009219,599.874959694541,560.834942312649
761,-275.022310146493,326.236876556939,2.13226716703882,"gaussian","adaptive_sparse_group_lasso",1,3.40043031339141,0.5,TRUE,"identity",NA,NA,"independent","gaussian",0.2,1000,50,1e-06,1,"PGD",0.9,TRUE,10,1,TRUE,0,0,0,0,0,20,550.044620292985,550.044620292985,550.044620292985,550.044620292985,550.044620292985,550.044620292985
762,-250.666601653594,237.281798567486,1.55086142854566,"gaussian","adaptive_sparse_group_lasso",1,0.111144897371435,0.5,TRUE,"identity",NA,NA,"independent","gaussian",0.2,1000,50,1e-06,1,"PGD",0.9,TRUE,10,1,TRUE,0.136443457065102,10,2.82094791773878,49.5264148442715,13.9711436828015,20,521.333203307188,506.975099142665,550.859618151459,515.304346989989,580.816940886999,523.755151709174
763,-267.903424315943,297.247879433743,1.94279659760616,"gaussian","adaptive_sparse_group_lasso",1,0.12234081770145,0.5,TRUE,"identity",NA,NA,"independent","gaussian",0.2,1000,50,1e-06,1,"PGD",0.9,TRUE,10,1,TRUE,0.0426241484292739,3,0.846284375321634,14.3018515345187,4.03447783061096,20,541.806848631886,537.499417382529,550.108700166405,539.841326462497,559.095896987067,542.376567878253
764,-281.628563875999,355.661697320821,2.32458625699883,"gaussian","adaptive_sparse_group_lasso",1,0.325819698152778,0.5,TRUE,"identity",NA,NA,"independent","gaussian",0.2,1000,50,1e-06,1,"PGD",0.9,TRUE,10,1,TRUE,0.084934647878421,1,0.282094791773878,4.96942089658525,1.40184775305898,20,565.257127751999,563.821317335547,568.226548648584,564.658975505058,571.222280922138,565.504055976976
765,-260.657664608859,270.386005610977,1.76722879484299,"gaussian","adaptive_sparse_group_lasso",1,0.102289716835057,0.5,TRUE,"identity",NA,NA,"independent","gaussian",0.2,1000,50,1e-06,1,"PGD",0.9,TRUE,10,1,TRUE,0.0071731890432844,1,0.282094791773878,5.30216965070048,1.49571444356413,20,523.315329217718,521.879518801266,526.617498868419,522.811043661283,529.613231141973,523.656124133201
766,-274.028402686969,322.025739389576,2.10474339470311,"gaussian","adaptive_sparse_group_lasso",1,0.375528239101075,0.5,TRUE,"identity",NA,NA,"independent","gaussian",0.2,1000,50,1e-06,1,"PGD",0.9,TRUE,10,1,TRUE,0.157876792912902,1,0.282094791773878,4.62826660137371,1.30560990318851,20,550.056805373939,548.620994957487,552.685071975313,549.362415277127,555.680804248867,550.207495749046
767,-265.917639561521,289.631212001006,1.89301445752292,"gaussian","adaptive_sparse_group_lasso",1,0.383236618885327,0.5,TRUE,"identity",NA,NA,"independent","gaussian",0.2,1000,50,1e-06,1,"PGD",0.9,TRUE,10,1,TRUE,0.102542958944238,1,0.282094791773878,4.74148564250073,1.33754840502008,20,533.835279123042,532.39946870659,536.576764765543,533.172827528062,539.572497039097,534.017907999981
768,-217.831825567446,154.475529549695,1.00964398398494,"gaussian","adaptive_sparse_group_lasso",1,0.06492361813379,0.5,TRUE,"identity",NA,NA,"independent","gaussian",0.2,1000,50,1e-06,1,"PGD",0.9,TRUE,10,1,TRUE,0.0152602972413249,4,1.12837916709551,19.7656041362059,5.57577398308791,20,443.663651134892,437.920409469083,455.429255271097,441.239425117979,467.412184365313,444.619747005653
769,-284.973715958512,371.558926304816,2.42848971441056,"gaussian","adaptive_sparse_group_lasso",1,6.20469528589491,0.5,TRUE,"identity",NA,NA,"independent","gaussian",0.2,1000,50,1e-06,1,"PGD",0.9,TRUE,10,1,TRUE,0,0,0,0,0,20,569.947431917024,569.947431917024,569.947431917024,569.947431917024,569.947431917024,569.947431917024
770,-261.675532463376,274.007656816332,1.7908997177538,"gaussian","adaptive_sparse_group_lasso",1,0.178758498684871,0.5,TRUE,"identity",NA,NA,"independent","gaussian",0.2,1000,50,1e-06,1,"PGD",0.9,TRUE,10,1,TRUE,0.0489005236499814,3,0.846284375321634,15.1016146969588,4.26008685338792,20,529.351064926753,525.043633677396,538.452679623711,527.611151780141,547.439876444373,530.146393195896
771,-289.956844882411,396.567556637487,2.5919448146241,"gaussian","adaptive_sparse_group_lasso",1,0.40334784706355,0.5,TRUE,"identity",NA,NA,"independent","gaussian",0.2,1000,50,1e-06,1,"PGD",0.9,TRUE,10,1,TRUE,0.204208880809,1,0.282094791773878,4.95417091086896,1.39754581151378,20,581.913689764822,580.477879348369,584.867860675691,581.311235576335,587.863592949245,582.156316048254
772,-290.947370314902,401.735717741297,2.62572364536796,"gaussian","adaptive_sparse_group_lasso",1,3.89603275973345,0.5,TRUE,"identity",NA,NA,"independent","gaussian",0.2,1000,50,1e-06,1,"PGD",0.9,TRUE,10,1,TRUE,0,0,0,0,0,20,581.894740629804,581.894740629804,581.894740629804,581.894740629804,581.894740629804,581.894740629804
773,-276.148944843259,331.077002294719,2.16390197578248,"gaussian","adaptive_sparse_group_lasso",1,0.164018334225769,0.5,TRUE,"identity",NA,NA,"independent","gaussian",0.2,1000,50,1e-06,1,"PGD",0.9,TRUE,10,1,TRUE,0.0898038004367925,4,1.12837916709551,19.3403913532336,5.45582367161575,20,560.297889686517,554.554648020708,571.638281039751,557.753713358133,583.621210133967,561.134035245807
774,-253.884161698177,247.47462876751,1.61748123377458,"gaussian","adaptive_sparse_group_lasso",1,0.0595018887820952,0.5,TRUE,"identity",NA,NA,"independent","gaussian",0.2,1000,50,1e-06,1,"PGD",0.9,TRUE,10,1,TRUE,0.0161489880708211,6,1.69256875064327,30.4169032287081,8.58044998270861,20,519.768323396355,511.153460897641,538.185226625063,516.348773379063,556.159620266387,521.419256210574
775,-273.344847337739,319.161139358506,2.08602051868304,"gaussian","adaptive_sparse_group_lasso",1,0.188532702614217,0.5,TRUE,"identity",NA,NA,"independent","gaussian",0.2,1000,50,1e-06,1,"PGD",0.9,TRUE,10,1,TRUE,0.0714996963776318,2,0.564189583547756,9.95182395529318,2.80735770643872,20,550.689694675478,547.818073842573,556.641518630771,549.497052381916,562.632983177879,551.187213325753
776,-244.574433677351,219.11841152758,1.43214648057242,"gaussian","adaptive_sparse_group_lasso",1,0.225616922845686,0.5,TRUE,"identity",NA,NA,"independent","gaussian",0.2,1000,50,1e-06,1,"PGD",0.9,TRUE,10,1,TRUE,0.116892244554917,5,1.41047395886939,24.1892751772233,6.82366854427985,20,499.148867354702,491.969815272441,513.338142531926,495.972535898982,528.316803899696,500.197938258575
777,-278.683330004329,342.229033475071,2.23679106846452,"gaussian","adaptive_sparse_group_lasso",1,0.157080668475451,0.5,TRUE,"identity",NA,NA,"independent","gaussian",0.2,1000,50,1e-06,1,"PGD",0.9,TRUE,10,1,TRUE,0.0287823489411838,2,0.564189583547756,9.70484831346668,2.73768716418446,20,561.366660008658,558.495039175754,567.071508322125,560.104347172843,573.062972869233,561.79450811668
778,-275.293283110687,327.394499080874,2.13983332732598,"gaussian","adaptive_sparse_group_lasso",1,4.47805586904339,0.5,TRUE,"identity",NA,NA,"independent","gaussian",0.2,1000,50,1e-06,1,"PGD",0.9,TRUE,10,1,TRUE,0,0,0,0,0,20,550.586566221375,550.586566221375,550.586566221375,550.586566221375,550.586566221375,550.586566221375
779,-282.291960342242,358.759353730031,2.34483237732046,"gaussian","adaptive_sparse_group_lasso",1,2.55599947041879,0.5,TRUE,"identity",NA,NA,"independent","gaussian",0.2,1000,50,1e-06,1,"PGD",0.9,TRUE,10,1,TRUE,0,0,0,0,0,20,564.583920684484,564.583920684484,564.583920684484,564.583920684484,564.583920684484,564.583920684484
780,-263.606507266529,281.012050084583,1.83668006591231,"gaussian","adaptive_sparse_group_lasso",1,1.58325468913441,0.5,TRUE,"identity",NA,NA,"independent","gaussian",0.2,1000,50,1e-06,1,"PGD",0.9,TRUE,10,1,TRUE,0,0,0,0,0,20,527.213014533058,527.213014533058,527.213014533058,527.213014533058,527.213014533058,527.213014533058
781,-248.857560767526,231.736480231504,1.51461751785296,"gaussian","adaptive_sparse_group_lasso",1,0.232519645020889,0.5,TRUE,"identity",NA,NA,"independent","gaussian",0.2,1000,50,1e-06,1,"PGD",0.9,TRUE,10,1,TRUE,0.0925684017946934,3,0.846284375321634,15.063872272148,4.24943991191989,20,503.715121535053,499.407690285696,512.778993807201,501.964561446972,521.766190627863,504.499802862728
782,-264.901149231437,285.808205481434,1.86802748680676,"gaussian","adaptive_sparse_group_lasso",1,0.0778040940123371,0.5,TRUE,"identity",NA,NA,"independent","gaussian",0.2,1000,50,1e-06,1,"PGD",0.9,TRUE,10,1,TRUE,0.0189165557725628,5,1.41047395886939,24.7433874398087,6.97998072761324,20,539.802298462875,532.623246380614,554.545685902684,536.782279190488,569.524347270454,541.007681550081
783,-268.811689995571,300.798063907966,1.96600041769912,"gaussian","adaptive_sparse_group_lasso",1,0.0118913314779296,0.5,TRUE,"identity",NA,NA,"independent","gaussian",0.2,1000,50,1e-06,1,"PGD",0.9,TRUE,10,1,TRUE,0.00191056671533786,14,3.94932708483429,69.5828109822209,19.6289485750707,20,565.623379991142,545.522034160811,607.206190973363,557.252328566213,649.146442803119,569.083455173072
784,-262.392467196772,276.58764378325,1.8077623776683,"gaussian","adaptive_sparse_group_lasso",1,0.099814632502311,0.5,TRUE,"identity",NA,NA,"independent","gaussian",0.2,1000,50,1e-06,1,"PGD",0.9,TRUE,10,1,TRUE,0.0496718214140091,5,1.41047395886939,25.2374143126697,7.11934313544364,20,534.784934393544,527.605882311282,550.022348706213,531.904277528987,565.001010073983,536.12967988858
785,-285.809518803777,375.640660478071,2.45516771554295,"gaussian","adaptive_sparse_group_lasso",1,0.0887843899774148,0.5,TRUE,"identity",NA,NA,"independent","gaussian",0.2,1000,50,1e-06,1,"PGD",0.9,TRUE,10,1,TRUE,0.0175140867722763,3,0.846284375321634,15.0497371422122,4.24545246538394,20,577.619037607554,573.311606358198,586.668774749767,575.864490072938,595.655971570429,578.399731488694
786,-270.839734313802,308.878976641377,2.01881684079331,"gaussian","adaptive_sparse_group_lasso",1,0.123239651203311,0.5,TRUE,"identity",NA,NA,"independent","gaussian",0.2,1000,50,1e-06,1,"PGD",0.9,TRUE,10,1,TRUE,0.0317004910167754,4,1.12837916709551,20.0759908129102,5.6633324480222,20,549.679468627604,543.936226961795,561.755459440514,547.342801075626,573.73838853473,550.7231229633
787,-273.768094788428,320.931838902201,2.09759371831504,"gaussian","adaptive_sparse_group_lasso",1,0.0933883115109189,0.5,TRUE,"identity",NA,NA,"independent","gaussian",0.2,1000,50,1e-06,1,"PGD",0.9,TRUE,10,1,TRUE,0.0680330790979029,9,2.5388531259649,45.2612449921392,12.767961481484,20,565.536189576857,552.613895828787,592.797434568996,560.304151058341,619.759025030982,567.909875305607
788,-269.186319651613,302.274720760086,1.97565176967376,"gaussian","adaptive_sparse_group_lasso",1,0.225949211755267,0.5,TRUE,"identity",NA,NA,"independent","gaussian",0.2,1000,50,1e-06,1,"PGD",0.9,TRUE,10,1,TRUE,0.091721849887655,3,0.846284375321634,14.9090549082804,4.20576673989667,20,544.372639303225,540.065208053869,553.281694211506,542.578406043122,562.268891032168,545.113647458878
789,-256.066731141335,254.636843315867,1.66429309356776,"gaussian","adaptive_sparse_group_lasso",1,0.0332981485525994,0.5,TRUE,"identity",NA,NA,"independent","gaussian",0.2,1000,50,1e-06,1,"PGD",0.9,TRUE,10,1,TRUE,0.00393093696351726,6,1.69256875064327,30.0920803823637,8.4888191495057,20,524.133462282671,515.518599783957,542.225542665035,520.622281432177,560.199936306359,525.692764263688
790,-255.582034932424,253.028590453188,1.65378163694894,"gaussian","adaptive_sparse_group_lasso",1,0.22876009496871,0.5,TRUE,"identity",NA,NA,"independent","gaussian",0.2,1000,50,1e-06,1,"PGD",0.9,TRUE,10,1,TRUE,0.0757344245241572,2,0.564189583547756,9.73163384473247,2.74524322304943,20,515.164069864849,512.292449031944,520.895703709581,513.909313087898,526.887168256689,515.599474031735
791,-239.950048649831,206.265216222582,1.34813866812145,"gaussian","adaptive_sparse_group_lasso",1,0.0418124541552635,0.5,TRUE,"identity",NA,NA,"independent","gaussian",0.2,1000,50,1e-06,1,"PGD",0.9,TRUE,10,1,TRUE,0.0148562392518994,10,2.82094791773878,48.7956166894644,13.7649893294924,20,499.900097299663,485.541993135141,528.695713989127,493.665086629155,558.653036724667,502.11589134834
792,-278.245443380063,340.275707455064,2.22402423173245,"gaussian","adaptive_sparse_group_lasso",1,0.17065788646921,0.5,TRUE,"identity",NA,NA,"independent","gaussian",0.2,1000,50,1e-06,1,"PGD",0.9,TRUE,10,1,TRUE,0.10555870575192,5,1.41047395886939,24.2791498050721,6.8490217087086,20,566.490886760126,559.311834677864,580.770036565198,563.339908468834,595.748697932968,567.565310828427
793,-270.433883287782,307.244637983479,2.00813488878091,"gaussian","adaptive_sparse_group_lasso",1,0.223012307943233,0.5,TRUE,"identity",NA,NA,"independent","gaussian",0.2,1000,50,1e-06,1,"PGD",0.9,TRUE,10,1,TRUE,0.0804405079759759,3,0.846284375321634,14.8803214463782,4.19766117994443,20,546.867766575563,542.560335326206,555.748088021941,545.065427755508,564.735284842603,547.600669171263
794,-251.089712842115,238.597808193163,1.55946279864812,"gaussian","adaptive_sparse_group_lasso",1,0.0670456134290464,0.5,TRUE,"identity",NA,NA,"independent","gaussian",0.2,1000,50,1e-06,1,"PGD",0.9,TRUE,10,1,TRUE,0.00452286345943968,2,0.564189583547756,10.1169154861552,2.85392916746086,20,506.17942568423,503.307804851326,512.296341170385,505.033354851691,518.287805717493,506.723515795528
795,-278.36627508943,340.813597440897,2.22753985255488,"gaussian","adaptive_sparse_group_lasso",1,0.173149202257456,0.5,TRUE,"identity",NA,NA,"independent","gaussian",0.2,1000,50,1e-06,1,"PGD",0.9,TRUE,10,1,TRUE,0.0253066452430407,1,0.282094791773878,4.73406456737096,1.33545495837661,20,558.73255017886,557.296739762407,561.466614746231,558.068005137236,564.462347019785,558.913085609155
796,-263.807088321384,281.749823323357,1.84150211322455,"gaussian","adaptive_sparse_group_lasso",1,3.09782950731075,0.5,TRUE,"identity",NA,NA,"independent","gaussian",0.2,1000,50,1e-06,1,"PGD",0.9,TRUE,10,1,TRUE,0,0,0,0,0,20,527.614176642768,527.614176642768,527.614176642768,527.614176642768,527.614176642768,527.614176642768
797,-266.507207191213,291.871955446952,1.90765983952256,"gaussian","adaptive_sparse_group_lasso",1,0.108407222185398,0.5,TRUE,"identity",NA,NA,"independent","gaussian",0.2,1000,50,1e-06,1,"PGD",0.9,TRUE,10,1,TRUE,0.126414448916563,10,2.82094791773878,47.9755269578275,13.5336462874104,20,553.014414382427,538.656310217904,580.989941340254,546.548060669837,610.947264075794,554.998865389022
798,-266.753849504513,292.814493312052,1.91382021772583,"gaussian","adaptive_sparse_group_lasso",1,0.240327348281539,0.5,TRUE,"identity",NA,NA,"independent","gaussian",0.2,1000,50,1e-06,1,"PGD",0.9,TRUE,10,1,TRUE,0.0448820277857711,1,0.282094791773878,4.63141160437217,1.30649709215449,20,535.507699009027,534.071888592575,538.139110613399,534.814196101181,541.134842886953,535.6592765731
799,-288.244379691278,387.788947972212,2.53456828740008,"gaussian","adaptive_sparse_group_lasso",1,0.255029241389532,0.5,TRUE,"identity",NA,NA,"independent","gaussian",0.2,1000,50,1e-06,1,"PGD",0.9,TRUE,10,1,TRUE,0.0712210679828201,2,0.564189583547756,9.87347807931083,2.78525674286714,20,580.488759382557,577.617138549653,586.362237461868,579.274016125424,592.353702008976,580.964177069261
800,-256.698697687742,256.749111143394,1.6780987656431,"gaussian","adaptive_sparse_group_lasso",1,0.10980787534636,0.5,TRUE,"identity",NA,NA,"independent","gaussian",0.2,1000,50,1e-06,1,"PGD",0.9,TRUE,10,1,TRUE,0.0309742462924481,3,0.846284375321634,13.6006529424754,3.83667335979638,20,519.397395375484,515.089964126127,526.99804831796,517.23406873528,535.985245138622,519.769310151036
801,-430.160269146971,435.803960901275,1.70903514078931,"gaussian","adaptive_sparse_group_lasso",1,0.0892431174910447,0.5,TRUE,"identity",NA,NA,"independent","gaussian",0.2,1000,50,1e-06,1,"PGD",0.9,TRUE,10,1,TRUE,0.0216007809959191,3,0.846284375321634,16.3263604153364,4.60558124178961,20,866.320538293942,862.013107044586,876.646898709279,864.926119535732,885.634095529941,867.461360951487
802,-459.047497478794,546.622812554034,2.14361887276092,"gaussian","adaptive_sparse_group_lasso",1,0.319586589022216,0.5,TRUE,"identity",NA,NA,"independent","gaussian",0.2,1000,50,1e-06,1,"PGD",0.9,TRUE,10,1,TRUE,0.0603842564931972,1,0.282094791773878,5.36760639277852,1.51417380769499,20,920.094994957587,918.659184541135,923.462601350366,919.609168765282,926.45833362392,920.454249237201
803,-417.393741967391,394.28061883841,1.54619850524867,"gaussian","adaptive_sparse_group_lasso",1,0.0295994361989805,0.5,TRUE,"identity",NA,NA,"independent","gaussian",0.2,1000,50,1e-06,1,"PGD",0.9,TRUE,10,1,TRUE,0.00239523436941333,4,1.12837916709551,22.190173619559,6.25973240663569,20,842.787483934782,837.044242268973,856.977657554341,841.047216341417,868.960586648557,844.427538229091
804,-391.413496966029,321.596051281149,1.26116098541627,"gaussian","adaptive_sparse_group_lasso",1,0.0326774001538424,0.5,TRUE,"identity",NA,NA,"independent","gaussian",0.2,1000,50,1e-06,1,"PGD",0.9,TRUE,10,1,TRUE,0.0121106665089872,12,3.38513750128654,64.629406939515,18.2316190930717,20,806.826993932058,789.597268934631,847.456400871573,801.058613025129,883.405188154221,811.199578688151
805,-434.346380115842,450.349863065563,1.76607789437476,"gaussian","adaptive_sparse_group_lasso",1,0.113182350452809,0.5,TRUE,"identity",NA,NA,"independent","gaussian",0.2,1000,50,1e-06,1,"PGD",0.9,TRUE,10,1,TRUE,0.0299709006840438,2,0.564189583547756,10.9327979282041,3.08408535506263,20,872.692760231684,869.82113939878,879.625558159888,871.776845586747,885.617022706996,873.467006530584
806,-470.212308175861,596.647299509115,2.33979333140829,"gaussian","adaptive_sparse_group_lasso",1,0.359723024726351,0.5,TRUE,"identity",NA,NA,"independent","gaussian",0.2,1000,50,1e-06,1,"PGD",0.9,TRUE,10,1,TRUE,0.130336817562497,1,0.282094791773878,5.46499653463495,1.54164705948281,20,942.424616351722,940.98880593527,945.889612886357,941.966263411205,948.885345159911,942.811343883123
807,-420.319836956141,403.43389728417,1.58209371483988,"gaussian","adaptive_sparse_group_lasso",1,0.0865058375365046,0.5,TRUE,"identity",NA,NA,"independent","gaussian",0.2,1000,50,1e-06,1,"PGD",0.9,TRUE,10,1,TRUE,0.0281534512543109,5,1.41047395886939,27.704814039903,7.81538374772045,20,850.639673912281,843.46062183002,868.344487952184,848.455057660002,883.323149319954,852.680460019594
808,-432.610805607439,444.261078865601,1.74220030927687,"gaussian","adaptive_sparse_group_lasso",1,0.220293632718425,0.5,TRUE,"identity",NA,NA,"independent","gaussian",0.2,1000,50,1e-06,1,"PGD",0.9,TRUE,10,1,TRUE,0.0517114498930063,1,0.282094791773878,5.3926301294259,1.52123287347394,20,867.221611214879,865.785800798427,870.614241344305,866.742844088353,873.609973617859,867.587924560271
809,-446.134117191685,493.971386762982,1.93714269318817,"gaussian","adaptive_sparse_group_lasso",1,0.0754394080341098,0.5,TRUE,"identity",NA,NA,"independent","gaussian",0.2,1000,50,1e-06,1,"PGD",0.9,TRUE,10,1,TRUE,0.0263726244758429,5,1.41047395886939,25.8736735359991,7.29882854856297,20,902.26823438337,895.089182301108,918.141907919369,899.567062931932,933.120569287139,903.792465291525
810,-485.176305782891,670.947463333137,2.63116652287504,"gaussian","adaptive_sparse_group_lasso",1,0.180179396780309,0.5,TRUE,"identity",NA,NA,"independent","gaussian",0.2,1000,50,1e-06,1,"PGD",0.9,TRUE,10,1,TRUE,0.0687576394906475,2,0.564189583547756,10.1404117946074,2.86055735370114,20,974.352611565783,971.480990732878,980.49302336039,973.213168919484,986.484487907498,974.903329863321
811,-440.467902900708,472.499504179724,1.85293923207735,"gaussian","adaptive_sparse_group_lasso",1,0.122875172172491,0.5,TRUE,"identity",NA,NA,"independent","gaussian",0.2,1000,50,1e-06,1,"PGD",0.9,TRUE,10,1,TRUE,0.0570325707840251,4,1.12837916709551,20.5142252804223,5.78695610888315,20,888.935805801416,883.192564135607,901.450031081839,886.722761910299,913.432960176055,890.103083797973
812,-435.76121627189,455.375115211622,1.78578476553577,"gaussian","adaptive_sparse_group_lasso",1,0.0992519687371,0.5,TRUE,"identity",NA,NA,"independent","gaussian",0.2,1000,50,1e-06,1,"PGD",0.9,TRUE,10,1,TRUE,0.0128218119279707,2,0.564189583547756,10.1361110194565,2.8593441274305,20,875.52243254378,872.650811710876,881.658543563237,874.381776671211,887.650008110345,876.071937615048
813,-455.643032597276,532.220204880578,2.08713805835521,"gaussian","adaptive_sparse_group_lasso",1,0.260941430138322,0.5,TRUE,"identity",NA,NA,"independent","gaussian",0.2,1000,50,1e-06,1,"PGD",0.9,TRUE,10,1,TRUE,0.124283062682662,2,0.564189583547756,10.436835931726,2.94417705893839,20,915.286065194552,912.414444361647,921.722901126278,914.23024225349,927.714365673386,915.920403197327
814,-437.428629250836,461.369507749414,1.8092921872526,"gaussian","adaptive_sparse_group_lasso",1,0.0422613735318352,0.5,TRUE,"identity",NA,NA,"independent","gaussian",0.2,1000,50,1e-06,1,"PGD",0.9,TRUE,10,1,TRUE,0.00691964313298283,4,1.12837916709551,21.2575674179372,5.99664905438216,20,882.857258501671,877.114016835862,896.114825919608,880.853907556053,908.097755013824,884.234229443727
815,-473.490077414837,612.184767573885,2.40072457872112,"gaussian","adaptive_sparse_group_lasso",1,0.196308002892762,0.5,TRUE,"identity",NA,NA,"independent","gaussian",0.2,1000,50,1e-06,1,"PGD",0.9,TRUE,10,1,TRUE,0.211020556361703,5,1.41047395886939,25.4447797355359,7.17783984122819,20,956.980154829674,949.801102747413,972.42493456521,954.157994670902,987.40359593298,958.383397030495
816,-470.913985596817,599.939911702056,2.35270553608649,"gaussian","adaptive_sparse_group_lasso",1,0.0450565413209904,0.5,TRUE,"identity",NA,NA,"independent","gaussian",0.2,1000,50,1e-06,1,"PGD",0.9,TRUE,10,1,TRUE,0.0167218790852024,7,1.97466354241715,37.94351842943,10.7036689305184,20,955.827971193635,945.777298278469,979.771489623065,952.531640124153,1000.74161553794,958.447203427583
817,-475.773016317544,623.244905265331,2.44409766770718,"gaussian","adaptive_sparse_group_lasso",1,0.0986462379794193,0.5,TRUE,"identity",NA,NA,"independent","gaussian",0.2,1000,50,1e-06,1,"PGD",0.9,TRUE,10,1,TRUE,0.0162924683417863,2,0.564189583547756,10.7961049014167,3.04552496413408,20,955.546032635088,952.674411802183,962.342137536504,954.591557599222,968.333602083612,956.281718543059
818,-428.956339685934,431.708213043178,1.69297338448305,"gaussian","adaptive_sparse_group_lasso",1,0.104932152781227,0.5,TRUE,"identity",NA,NA,"independent","gaussian",0.2,1000,50,1e-06,1,"PGD",0.9,TRUE,10,1,TRUE,0.023600807759344,2,0.564189583547756,11.1211710024264,3.13722441821115,20,861.912679371868,859.041058538964,869.033850374294,861.049903790079,875.025314921402,862.740064733916
819,-459.55422422965,548.799593361599,2.1521552680847,"gaussian","adaptive_sparse_group_lasso",1,0.0803756590712312,0.5,TRUE,"identity",NA,NA,"independent","gaussian",0.2,1000,50,1e-06,1,"PGD",0.9,TRUE,10,1,TRUE,0.0203413489504572,5,1.41047395886939,26.5905281682693,7.50104950678538,20,929.108448459299,921.929396377038,945.698976627568,926.609497966085,960.677637995338,930.834900325677
820,-464.846552347765,572.058804565742,2.24336786104213,"gaussian","adaptive_sparse_group_lasso",1,0.231721726877897,0.5,TRUE,"identity",NA,NA,"independent","gaussian",0.2,1000,50,1e-06,1,"PGD",0.9,TRUE,10,1,TRUE,0.0980711352377136,2,0.564189583547756,10.9327979282041,3.08408535506263,20,933.69310469553,930.821483862626,940.625902623734,932.777190050593,946.617367170842,934.46735099443
821,-459.079876821079,546.761648120745,2.14416332596371,"gaussian","adaptive_sparse_group_lasso",1,0.271274984187045,0.5,TRUE,"identity",NA,NA,"independent","gaussian",0.2,1000,50,1e-06,1,"PGD",0.9,TRUE,10,1,TRUE,0.291853509494111,4,1.12837916709551,20.5659980646872,5.80156094167991,20,926.159753642158,920.416511976349,938.725751706845,923.961314583838,950.708680801061,927.341636471512
822,-417.497233838941,394.600786715308,1.54745406555023,"gaussian","adaptive_sparse_group_lasso",1,0.138408056868222,0.5,TRUE,"identity",NA,NA,"independent","gaussian",0.2,1000,50,1e-06,1,"PGD",0.9,TRUE,10,1,TRUE,0.0538411713776793,3,0.846284375321634,16.2031575203739,4.57082634678923,20,840.994467677882,836.687036428525,851.197625198255,839.565294024671,860.184822018917,842.100535440426
823,-432.417006152506,443.58631687254,1.73955418381388,"gaussian","adaptive_sparse_group_lasso",1,0.146945705835854,0.5,TRUE,"identity",NA,NA,"independent","gaussian",0.2,1000,50,1e-06,1,"PGD",0.9,TRUE,10,1,TRUE,0.082632881364644,4,1.12837916709551,21.7247539984761,6.12843995553883,20,872.834012305011,867.090770639202,886.558766303487,870.96245226055,898.541695397703,874.342774148224
824,-452.02484331124,517.329171604976,2.02874184943128,"gaussian","adaptive_sparse_group_lasso",1,0.0614423177780913,0.5,TRUE,"identity",NA,NA,"independent","gaussian",0.2,1000,50,1e-06,1,"PGD",0.9,TRUE,10,1,TRUE,0.0332494853070654,9,2.5388531259649,48.857144179037,13.7823459138518,20,922.049686622479,909.127392874409,952.906830801516,917.832032536331,979.868421263502,925.437756783598
825,-429.054011813914,432.039052373861,1.69427079362298,"gaussian","adaptive_sparse_group_lasso",1,0.106964411574484,0.5,TRUE,"identity",NA,NA,"independent","gaussian",0.2,1000,50,1e-06,1,"PGD",0.9,TRUE,10,1,TRUE,0.025399513894007,2,0.564189583547756,10.098724185127,2.84879749618523,20,862.108023627827,859.236402794923,868.206747812954,860.956821124012,874.198212360062,862.646982067849
826,-448.190014260051,502.001082903216,1.96863169765967,"gaussian","adaptive_sparse_group_lasso",1,0.242300659318136,0.5,TRUE,"identity",NA,NA,"independent","gaussian",0.2,1000,50,1e-06,1,"PGD",0.9,TRUE,10,1,TRUE,0.0786168922542921,2,0.564189583547756,10.4703085915356,2.95361952193749,20,900.380028520101,897.508407687197,906.850337111637,899.333648042039,912.841801658745,901.023808985876
827,-486.825351551663,679.681652277722,2.66541824422636,"gaussian","adaptive_sparse_group_lasso",1,0.135349482876624,0.5,TRUE,"identity",NA,NA,"independent","gaussian",0.2,1000,50,1e-06,1,"PGD",0.9,TRUE,10,1,TRUE,0.0265784492988835,3,0.846284375321634,17.1403730493791,4.83520996629119,20,979.650703103326,975.343271853969,990.791076152705,978.485913069617,999.778272973367,981.021154485373
828,-425.600637668542,420.494204012701,1.64899687848118,"gaussian","adaptive_sparse_group_lasso",1,0.0805976903759184,0.5,TRUE,"identity",NA,NA,"independent","gaussian",0.2,1000,50,1e-06,1,"PGD",0.9,TRUE,10,1,TRUE,0.0470685550629635,10,2.82094791773878,54.5142021784657,15.3781725122534,20,871.201275337083,856.843171172561,905.715477515549,866.579447849337,935.672800251089,875.030252568522
829,-473.939978313688,614.348759588679,2.40921082191639,"gaussian","adaptive_sparse_group_lasso",1,0.299672599415952,0.5,TRUE,"identity",NA,NA,"independent","gaussian",0.2,1000,50,1e-06,1,"PGD",0.9,TRUE,10,1,TRUE,0.0429919438012083,1,0.282094791773878,5.51529043052654,1.55583470557185,20,949.879956627376,948.444146210924,953.395247057903,949.435791332948,956.390979331457,950.280871804867
830,-463.002061649209,563.842635540156,2.21114759035355,"gaussian","adaptive_sparse_group_lasso",1,0.0723982646483978,0.5,TRUE,"identity",NA,NA,"independent","gaussian",0.2,1000,50,1e-06,1,"PGD",0.9,TRUE,10,1,TRUE,0.0243294052090149,7,1.97466354241715,38.6173543036398,10.8937545211434,20,940.004123298419,929.953450383253,964.621477602059,936.897877819562,985.591603516937,942.813441122992
831,-442.174205025894,478.865353794078,1.87790334821207,"gaussian","adaptive_sparse_group_lasso",1,2.30924368040891,0.5,TRUE,"identity",NA,NA,"independent","gaussian",0.2,1000,50,1e-06,1,"PGD",0.9,TRUE,10,1,TRUE,0,0,0,0,0,20,884.348410051788,884.348410051788,884.348410051788,884.348410051788,884.348410051788,884.348410051788
832,-433.297111820091,446.658892335638,1.75160349935544,"gaussian","adaptive_sparse_group_lasso",1,0.13724270879321,0.5,TRUE,"identity",NA,NA,"independent","gaussian",0.2,1000,50,1e-06,1,"PGD",0.9,TRUE,10,1,TRUE,0.0143089496892158,1,0.282094791773878,5.48300898830545,1.54672827885033,20,868.594223640181,867.158413223729,872.077232628487,868.140951919031,875.072964902041,868.98603239095
833,-485.291295576864,671.552850878529,2.63354059168051,"gaussian","adaptive_sparse_group_lasso",1,0.108003510228512,0.5,TRUE,"identity",NA,NA,"independent","gaussian",0.2,1000,50,1e-06,1,"PGD",0.9,TRUE,10,1,TRUE,0.00993503746410501,1,0.282094791773878,5.74421655410561,1.62041357273449,20,972.582591153727,971.146780737275,976.326807707833,972.203004726462,979.322539981387,973.04808519838
834,-440.617723863609,473.055048796593,1.85511783841801,"gaussian","adaptive_sparse_group_lasso",1,0.175216065311691,0.5,TRUE,"identity",NA,NA,"independent","gaussian",0.2,1000,50,1e-06,1,"PGD",0.9,TRUE,10,1,TRUE,0.0371908144233672,1,0.282094791773878,5.1027021987571,1.4394457142425,20,883.235447727218,881.799637310766,886.338149925975,882.674893441461,889.333882199529,883.519973913379
835,-473.582792614667,612.630096789178,2.4024709678007,"gaussian","adaptive_sparse_group_lasso",1,0.0801380821248785,0.5,TRUE,"identity",NA,NA,"independent","gaussian",0.2,1000,50,1e-06,1,"PGD",0.9,TRUE,10,1,TRUE,0.0275112696223095,6,1.69256875064327,32.1509575525394,9.06961767611441,20,959.165585229333,950.55072273062,979.316542781873,956.235202905448,997.290936423197,961.305685736959
836,-417.677360802981,395.158657096779,1.54964179253639,"gaussian","adaptive_sparse_group_lasso",1,0.113158806561992,0.5,TRUE,"identity",NA,NA,"independent","gaussian",0.2,1000,50,1e-06,1,"PGD",0.9,TRUE,10,1,TRUE,0.0293174820789021,3,0.846284375321634,16.0167132528095,4.5182313899532,20,841.354721605962,837.047290356605,851.371434858771,839.872952995915,860.358631679433,842.408194411671
837,-488.971221689756,691.21774102935,2.71065780795824,"gaussian","adaptive_sparse_group_lasso",1,0.346291418198825,0.5,TRUE,"identity",NA,NA,"independent","gaussian",0.2,1000,50,1e-06,1,"PGD",0.9,TRUE,10,1,TRUE,0.094785292552366,1,0.282094791773878,5.36760639277852,1.51417380769499,20,979.942443379513,978.506632963061,983.310049772291,979.456617187208,986.305782045845,980.301697659126
838,-433.896461718724,448.76348182952,1.75985679148832,"gaussian","adaptive_sparse_group_lasso",1,0.138179030606653,0.5,TRUE,"identity",NA,NA,"independent","gaussian",0.2,1000,50,1e-06,1,"PGD",0.9,TRUE,10,1,TRUE,0.016389746637246,1,0.282094791773878,4.95495503752011,1.39776700955816,20,869.792923437447,868.357113020995,872.747878474967,869.190690447005,875.743610748521,870.035770918924
839,-457.235820525872,538.910644485822,2.11337507641499,"gaussian","adaptive_sparse_group_lasso",1,0.193661634412332,0.5,TRUE,"identity",NA,NA,"independent","gaussian",0.2,1000,50,1e-06,1,"PGD",0.9,TRUE,10,1,TRUE,0.0217956311412056,1,0.282094791773878,5.7266760969991,1.61546550113941,20,916.471641051745,915.035830635293,920.198317148744,916.087106552884,923.194049422298,916.932187024803
840,-430.781792215669,437.933556775284,1.71738649715798,"gaussian","adaptive_sparse_group_lasso",1,0.0997472470217652,0.5,TRUE,"identity",NA,NA,"independent","gaussian",0.2,1000,50,1e-06,1,"PGD",0.9,TRUE,10,1,TRUE,0.041615719871614,6,1.69256875064327,33.4107269584129,9.42499206434739,20,873.563584431338,864.948721932625,894.974311389751,870.988576495686,912.948705031075,876.059059327197
841,-458.229227552803,543.125928002503,2.12990560000982,"gaussian","adaptive_sparse_group_lasso",1,0.169615995034885,0.5,TRUE,"identity",NA,NA,"independent","gaussian",0.2,1000,50,1e-06,1,"PGD",0.9,TRUE,10,1,TRUE,0.0198387370588288,1,0.282094791773878,5.57023333369348,1.57133381240018,20,918.458455105605,917.022644689153,922.028688439299,918.029788918005,925.024420712853,918.874869389924
842,-454.246970855585,526.424445942343,2.06440959193076,"gaussian","adaptive_sparse_group_lasso",1,0.254532186221959,0.5,TRUE,"identity",NA,NA,"independent","gaussian",0.2,1000,50,1e-06,1,"PGD",0.9,TRUE,10,1,TRUE,0.133353656960669,3,0.846284375321634,14.8202216151727,4.18070733057487,20,914.49394171117,910.186510461813,923.314163326343,912.674649041745,932.301360147005,915.2098904575
843,-420.339331759048,403.495587210562,1.58233563611985,"gaussian","adaptive_sparse_group_lasso",1,0.0425633105876961,0.5,TRUE,"identity",NA,NA,"independent","gaussian",0.2,1000,50,1e-06,1,"PGD",0.9,TRUE,10,1,TRUE,0.0120433070417594,8,2.25675833419103,42.4097666737046,11.9635742989975,20,856.678663518096,845.192180186478,883.088430191801,852.642237817094,907.054288380233,859.402881592442
844,-428.439786526289,429.962729751957,1.68612835196846,"gaussian","adaptive_sparse_group_lasso",1,0.0809376734721909,0.5,TRUE,"identity",NA,NA,"independent","gaussian",0.2,1000,50,1e-06,1,"PGD",0.9,TRUE,10,1,TRUE,0.0160848406939632,2,0.564189583547756,10.5066986179182,2.96388495885253,20,860.879573052579,858.007952219675,867.386271670497,859.843458011431,873.377736217605,861.533618955268
845,-452.843312447316,520.660778744243,2.04180697546762,"gaussian","adaptive_sparse_group_lasso",1,0.277495124960211,0.5,TRUE,"identity",NA,NA,"independent","gaussian",0.2,1000,50,1e-06,1,"PGD",0.9,TRUE,10,1,TRUE,0.0668682478751141,1,0.282094791773878,5.33862771165324,1.50599907267708,20,907.686624894631,906.250814478179,911.025252606284,907.192623967308,914.020984879838,908.037704439227
846,-431.27656474727,439.636289754695,1.72406388139096,"gaussian","adaptive_sparse_group_lasso",1,0.0805699591999286,0.5,TRUE,"identity",NA,NA,"independent","gaussian",0.2,1000,50,1e-06,1,"PGD",0.9,TRUE,10,1,TRUE,0.0141058972342926,4,1.12837916709551,22.3593177472682,6.30744708412159,20,870.55312949454,864.809887828731,884.912447241808,868.860576578661,896.895376336024,872.240898466335
847,-500.734930844799,758.027200595134,2.97265568860837,"gaussian","adaptive_sparse_group_lasso",1,0.229181472091344,0.5,TRUE,"identity",NA,NA,"independent","gaussian",0.2,1000,50,1e-06,1,"PGD",0.9,TRUE,10,1,TRUE,0.184413802415871,4,1.12837916709551,22.0533246897328,6.2211280362719,20,1009.4698616896,1003.72662002379,1023.52318637933,1007.69098972587,1035.50611547355,1011.07131161354
848,-423.313280628904,413.017779034603,1.61967756484158,"gaussian","adaptive_sparse_group_lasso",1,0.0858833091390927,0.5,TRUE,"identity",NA,NA,"independent","gaussian",0.2,1000,50,1e-06,1,"PGD",0.9,TRUE,10,1,TRUE,0.0209795320057915,5,1.41047395886939,27.5033418669294,7.75854949703722,20,856.626561257808,849.447509175547,874.129903124738,854.385110754846,889.108564492508,858.610513114438
849,-477.750561035954,632.986884639398,2.4823015083898,"gaussian","adaptive_sparse_group_lasso",1,4.06013288810517,0.5,TRUE,"identity",NA,NA,"independent","gaussian",0.2,1000,50,1e-06,1,"PGD",0.9,TRUE,10,1,TRUE,0,0,0,0,0,20,955.501122071909,955.501122071909,955.501122071909,955.501122071909,955.501122071909,955.501122071909
850,-462.785318315949,562.884946783065,2.20739194816888,"gaussian","adaptive_sparse_group_lasso",1,0.201715418424745,0.5,TRUE,"identity",NA,NA,"independent","gaussian",0.2,1000,50,1e-06,1,"PGD",0.9,TRUE,10,1,TRUE,0.0970420650589257,4,1.12837916709551,21.0251941955656,5.93109777860344,20,933.570636631899,927.82739496609,946.595830827464,931.501734410502,958.57875992168,934.882056298176
851,-437.700849553196,462.355612204042,1.81315926354526,"gaussian","adaptive_sparse_group_lasso",1,0.269051671849582,0.5,TRUE,"identity",NA,NA,"independent","gaussian",0.2,1000,50,1e-06,1,"PGD",0.9,TRUE,10,1,TRUE,0.212893296605625,3,0.846284375321634,15.5658502982847,4.39104529867797,20,881.401699106392,877.094267857036,890.967549404677,879.79274440507,899.954746225339,882.327985820826
852,-457.067129987279,538.198103198506,2.11058079685688,"gaussian","adaptive_sparse_group_lasso",1,0.107377983588721,0.5,TRUE,"identity",NA,NA,"independent","gaussian",0.2,1000,50,1e-06,1,"PGD",0.9,TRUE,10,1,TRUE,0.0297508582067836,3,0.846284375321634,15.598055787302,4.4001302993963,20,920.134259974558,915.826828725201,929.73231576186,918.534390273954,938.719512582522,921.069631689709
853,-443.444623008326,483.660648795537,1.89670842664916,"gaussian","adaptive_sparse_group_lasso",1,0.105658783832021,0.5,TRUE,"identity",NA,NA,"independent","gaussian",0.2,1000,50,1e-06,1,"PGD",0.9,TRUE,10,1,TRUE,0.0390740717006377,6,1.69256875064327,32.8052065183896,9.2541779019042,20,898.889246016652,890.274383517939,919.694452535042,896.143423918556,937.668846176365,901.213906750067
854,-487.841755721012,685.121590946413,2.68675133704476,"gaussian","adaptive_sparse_group_lasso",1,4.27314659187313,0.5,TRUE,"identity",NA,NA,"independent","gaussian",0.2,1000,50,1e-06,1,"PGD",0.9,TRUE,10,1,TRUE,0,0,0,0,0,20,975.683511442024,975.683511442024,975.683511442024,975.683511442024,975.683511442024,975.683511442024
855,-414.879402568026,386.581447722864,1.51600567734456,"gaussian","adaptive_sparse_group_lasso",1,0.0721895296124123,0.5,TRUE,"identity",NA,NA,"independent","gaussian",0.2,1000,50,1e-06,1,"PGD",0.9,TRUE,10,1,TRUE,0.00785994394833546,3,0.846284375321634,16.0731524808696,4.53415260224072,20,835.758805136052,831.451373886695,845.831957616921,834.292957738293,854.819154437584,836.828199154048
856,-445.274589864128,490.652532016218,1.92412757653419,"gaussian","adaptive_sparse_group_lasso",1,0.0786425385893769,0.5,TRUE,"identity",NA,NA,"independent","gaussian",0.2,1000,50,1e-06,1,"PGD",0.9,TRUE,10,1,TRUE,0.0129037272112452,3,0.846284375321634,16.7693584349898,4.73054867589997,20,896.549179728257,892.2417484789,907.318538163247,895.279728404157,916.305734983909,897.814969819912
857,-458.025943096431,542.260664564531,2.12651241005698,"gaussian","adaptive_sparse_group_lasso",1,0.102337920448805,0.5,TRUE,"identity",NA,NA,"independent","gaussian",0.2,1000,50,1e-06,1,"PGD",0.9,TRUE,10,1,TRUE,0.0960004350883413,10,2.82094791773878,51.434973046234,14.5095380113724,20,936.051886192861,921.693782028339,967.486859239095,930.561424204234,997.444181974635,939.012228923419
858,-435.185316848931,453.322888676893,1.77773681834076,"gaussian","adaptive_sparse_group_lasso",1,0.0807157726263781,0.5,TRUE,"identity",NA,NA,"independent","gaussian",0.2,1000,50,1e-06,1,"PGD",0.9,TRUE,10,1,TRUE,0.0204519257566029,3,0.846284375321634,16.0938390567552,4.53998817755766,20,876.370633697862,872.063202448505,886.464472754617,874.91062187542,895.451669575279,877.445863291175
859,-424.383598451096,416.499512080251,1.63333141992255,"gaussian","adaptive_sparse_group_lasso",1,0.129647117508345,0.5,TRUE,"identity",NA,NA,"independent","gaussian",0.2,1000,50,1e-06,1,"PGD",0.9,TRUE,10,1,TRUE,0.0271771496558953,3,0.846284375321634,16.7951125702901,4.73781378333483,20,854.767196902191,850.459765652835,865.562309472482,853.505010685526,874.549506293144,856.040252101282
860,-431.886545802231,441.744621647717,1.73233184959889,"gaussian","adaptive_sparse_group_lasso",1,0.335485630105855,0.5,TRUE,"identity",NA,NA,"independent","gaussian",0.2,1000,50,1e-06,1,"PGD",0.9,TRUE,10,1,TRUE,0.0888513572871374,1,0.282094791773878,5.36441668741614,1.51327400842497,20,865.773091604463,864.33728118801,869.137508291879,865.286365612888,872.133240565433,866.131446084806
861,-465.520982763435,575.092812951108,2.2552659331416,"gaussian","adaptive_sparse_group_lasso",1,3.92604194919438,0.5,TRUE,"identity",NA,NA,"independent","gaussian",0.2,1000,50,1e-06,1,"PGD",0.9,TRUE,10,1,TRUE,0,0,0,0,0,20,931.041965526871,931.041965526871,931.041965526871,931.041965526871,931.041965526871,931.041965526871
862,-435.970601051467,456.123561904562,1.78871985060612,"gaussian","adaptive_sparse_group_lasso",1,0.204117252352967,0.5,TRUE,"identity",NA,NA,"independent","gaussian",0.2,1000,50,1e-06,1,"PGD",0.9,TRUE,10,1,TRUE,0.0973889401991825,3,0.846284375321634,16.0922155496552,4.53953019466034,20,877.941202102935,873.633770853578,888.03341765259,876.480732297595,897.020614473252,879.01597371335
863,-450.530360075323,511.300730256714,2.00510090296751,"gaussian","adaptive_sparse_group_lasso",1,0.265384374784776,0.5,TRUE,"identity",NA,NA,"independent","gaussian",0.2,1000,50,1e-06,1,"PGD",0.9,TRUE,10,1,TRUE,0.132338330871444,3,0.846284375321634,15.5570420636888,4.38856054157377,20,907.060720150647,902.75328890129,916.617762214336,905.44928069222,925.604959034998,907.984522107976
864,-486.89002062829,680.02647999345,2.66677050977823,"gaussian","adaptive_sparse_group_lasso",1,0.233783716167384,0.5,TRUE,"identity",NA,NA,"independent","gaussian",0.2,1000,50,1e-06,1,"PGD",0.9,TRUE,10,1,TRUE,0.0785206491134649,2,0.564189583547756,10.6040887597746,2.99135821064035,20,977.780041256579,974.908420423675,984.384130016354,976.771399467219,990.375594563462,978.461560411056
865,-488.495967505526,688.646034074494,2.70057268264507,"gaussian","adaptive_sparse_group_lasso",1,0.347583620163485,0.5,TRUE,"identity",NA,NA,"independent","gaussian",0.2,1000,50,1e-06,1,"PGD",0.9,TRUE,10,1,TRUE,0.141440845052371,1,0.282094791773878,5.73252539276416,1.61711555701028,20,978.991935011053,977.5561245946,982.724460403817,978.609050568063,985.720192677371,979.454131039981
866,-476.463796264824,626.630736315727,2.45737543653226,"gaussian","adaptive_sparse_group_lasso",1,0.352337348904847,0.5,TRUE,"identity",NA,NA,"independent","gaussian",0.2,1000,50,1e-06,1,"PGD",0.9,TRUE,10,1,TRUE,0.257297498073405,2,0.564189583547756,10.0576572362772,2.83721272380066,20,956.927592529648,954.055971696744,962.985249765925,955.764805253449,968.976714313033,957.454966197286
867,-434.358643372892,450.393180883115,1.76624776816908,"gaussian","adaptive_sparse_group_lasso",1,0.0373746720419897,0.5,TRUE,"identity",NA,NA,"independent","gaussian",0.2,1000,50,1e-06,1,"PGD",0.9,TRUE,10,1,TRUE,0.00909290210350567,7,1.97466354241715,37.8242281837275,10.6700177734963,20,882.717286745785,872.666613830619,906.541514929512,879.387304519281,927.51164084439,885.30286782271
868,-426.552037936143,423.643652074232,1.66134765519307,"gaussian","adaptive_sparse_group_lasso",1,0.185813715969591,0.5,TRUE,"identity",NA,NA,"independent","gaussian",0.2,1000,50,1e-06,1,"PGD",0.9,TRUE,10,1,TRUE,0.0954158629930795,3,0.846284375321634,16.2818717595388,4.59303122369607,20,859.104075872286,854.796644622929,869.385947631824,857.697107095982,878.373144452486,860.232348511737
869,-445.853358223088,492.884843134347,1.93288173778175,"gaussian","adaptive_sparse_group_lasso",1,2.28462730191026,0.5,TRUE,"identity",NA,NA,"independent","gaussian",0.2,1000,50,1e-06,1,"PGD",0.9,TRUE,10,1,TRUE,0,0,0,0,0,20,891.706716446176,891.706716446176,891.706716446176,891.706716446176,891.706716446176,891.706716446176
870,-416.652177105948,391.994061854259,1.53723161511474,"gaussian","adaptive_sparse_group_lasso",1,0.0290750332057185,0.5,TRUE,"identity",NA,NA,"independent","gaussian",0.2,1000,50,1e-06,1,"PGD",0.9,TRUE,10,1,TRUE,0.00219910446538948,5,1.41047395886939,27.900524117437,7.87059254129047,20,843.304354211897,836.125302129635,861.204878329334,841.174946753187,876.183539697104,845.40034911278
871,-475.3223633309,621.045913931416,2.43547417228006,"gaussian","adaptive_sparse_group_lasso",1,0.197372762906794,0.5,TRUE,"identity",NA,NA,"independent","gaussian",0.2,1000,50,1e-06,1,"PGD",0.9,TRUE,10,1,TRUE,0.118545666699703,4,1.12837916709551,21.6625484008148,6.11089208041941,20,958.6447266618,952.901484995991,972.307275062615,956.755618742219,984.29020415683,960.135940629893
872,-472.674993389308,608.283665864629,2.38542614064561,"gaussian","adaptive_sparse_group_lasso",1,0.153863364815581,0.5,TRUE,"identity",NA,NA,"independent","gaussian",0.2,1000,50,1e-06,1,"PGD",0.9,TRUE,10,1,TRUE,0.106037310410796,5,1.41047395886939,27.2661882393622,7.69164969385025,20,955.349986778616,948.170934696355,972.616175017978,953.041636472467,987.594836385748,957.267038832059
873,-478.13463821774,634.896550240417,2.48979039309967,"gaussian","adaptive_sparse_group_lasso",1,3.43600839546799,0.5,TRUE,"identity",NA,NA,"independent","gaussian",0.2,1000,50,1e-06,1,"PGD",0.9,TRUE,10,1,TRUE,0,0,0,0,0,20,956.26927643548,956.26927643548,956.26927643548,956.26927643548,956.26927643548,956.26927643548
874,-439.764457948556,469.899800836873,1.84274431700734,"gaussian","adaptive_sparse_group_lasso",1,0.0621531382048809,0.5,TRUE,"identity",NA,NA,"independent","gaussian",0.2,1000,50,1e-06,1,"PGD",0.9,TRUE,10,1,TRUE,0.0103271152830188,3,0.846284375321634,16.7919152116068,4.73691182510284,20,885.528915897112,881.221484647755,896.320831108719,884.265827722215,905.308027929381,886.80106913797
875,-459.261223017033,547.539873158613,2.14721518885731,"gaussian","adaptive_sparse_group_lasso",1,0.181712210497683,0.5,TRUE,"identity",NA,NA,"independent","gaussian",0.2,1000,50,1e-06,1,"PGD",0.9,TRUE,10,1,TRUE,0.0597425945423006,2,0.564189583547756,10.1361110194565,2.8593441274305,20,922.522446034067,919.650825201162,928.658557053523,921.381790161497,934.650021600631,923.071951105334
876,-443.326428670945,483.212496158223,1.89495096532636,"gaussian","adaptive_sparse_group_lasso",1,0.0518348850416825,0.5,TRUE,"identity",NA,NA,"independent","gaussian",0.2,1000,50,1e-06,1,"PGD",0.9,TRUE,10,1,TRUE,0.0150383335187904,8,2.25675833419103,43.0819166821189,12.1531843156619,20,902.652857341891,891.166374010273,929.73477402401,898.806041657553,953.700632212442,905.566685432901
877,-421.851088456463,408.308275637851,1.60120892407,"gaussian","adaptive_sparse_group_lasso",1,0.0466723578110918,0.5,TRUE,"identity",NA,NA,"independent","gaussian",0.2,1000,50,1e-06,1,"PGD",0.9,TRUE,10,1,TRUE,0.0142001454984359,7,1.97466354241715,38.8133182006861,10.9490349158758,20,857.702176912925,847.65150399776,882.515495113611,854.651211828801,903.485621028489,860.566775132231
878,-451.443408826954,514.97538170145,2.01951130079,"gaussian","adaptive_sparse_group_lasso",1,0.055278756662614,0.5,TRUE,"identity",NA,NA,"independent","gaussian",0.2,1000,50,1e-06,1,"PGD",0.9,TRUE,10,1,TRUE,0.00517065720194918,2,0.564189583547756,11.0836540616138,3.12664108460466,20,906.886817653908,904.015196821004,913.970471715522,906.013458738513,919.96193626263,907.70361968235
879,-457.155465072441,538.571109066196,2.11204356496547,"gaussian","adaptive_sparse_group_lasso",1,0.243103846150073,0.5,TRUE,"identity",NA,NA,"independent","gaussian",0.2,1000,50,1e-06,1,"PGD",0.9,TRUE,10,1,TRUE,0.0690752284447046,1,0.282094791773878,5.33875870330934,1.50603602474103,20,916.310930144882,914.87511972843,919.649688848192,915.816966169623,922.645421121746,916.662046641542
880,-418.115423279905,396.518671961622,1.55497518416322,"gaussian","adaptive_sparse_group_lasso",1,0.0446743598200335,0.5,TRUE,"identity",NA,NA,"independent","gaussian",0.2,1000,50,1e-06,1,"PGD",0.9,TRUE,10,1,TRUE,0.00757410528709783,5,1.41047395886939,27.3397834908477,7.71241053099358,20,846.230846559809,839.051794477548,863.570630050657,843.943257090803,878.549291418427,848.168659450395
881,-415.953297016626,389.851258875975,1.52882846618029,"gaussian","adaptive_sparse_group_lasso",1,0.0492244740268273,0.5,TRUE,"identity",NA,NA,"independent","gaussian",0.2,1000,50,1e-06,1,"PGD",0.9,TRUE,10,1,TRUE,0.0093175582890998,4,1.12837916709551,21.2703525950341,6.00025568625311,20,839.906594033253,834.163352367444,853.176946628287,837.906849719506,865.159875722503,841.28717160718
882,-422.709120351899,411.065318873359,1.6120208583269,"gaussian","adaptive_sparse_group_lasso",1,0.065945541594738,0.5,TRUE,"identity",NA,NA,"independent","gaussian",0.2,1000,50,1e-06,1,"PGD",0.9,TRUE,10,1,TRUE,0.0124981753084531,4,1.12837916709551,20.6110917939843,5.81428164785629,20,853.418240703798,847.674999037989,866.029332497782,851.232522351654,878.012261591998,854.612844239328
883,-474.885875016883,618.92343705751,2.42715073355886,"gaussian","adaptive_sparse_group_lasso",1,0.0749342871569798,0.5,TRUE,"identity",NA,NA,"independent","gaussian",0.2,1000,50,1e-06,1,"PGD",0.9,TRUE,10,1,TRUE,0.0105606591547853,2,0.564189583547756,10.8219063225495,3.05280341065602,20,953.771750033766,950.900129200862,960.593656356316,952.824553444422,966.585120903424,954.514714388259
884,-479.319756353826,640.825453763434,2.51304099515072,"gaussian","adaptive_sparse_group_lasso",1,0.381323086722878,0.5,TRUE,"identity",NA,NA,"independent","gaussian",0.2,1000,50,1e-06,1,"PGD",0.9,TRUE,10,1,TRUE,0.402355384932286,3,0.846284375321634,16.1999408141303,4.56991893071124,20,964.639512707653,960.332081458296,974.839453521783,963.209431638364,983.826650342445,965.74467305412
885,-478.463075788733,636.534139952807,2.49621231354042,"gaussian","adaptive_sparse_group_lasso",1,0.259289715917408,0.5,TRUE,"identity",NA,NA,"independent","gaussian",0.2,1000,50,1e-06,1,"PGD",0.9,TRUE,10,1,TRUE,0.082442879946386,2,0.564189583547756,10.0915269154005,2.84676718388039,20,960.926151577466,958.054530744562,967.017678492867,959.772918761347,973.009143039975,961.463079705184
886,-434.666478830093,451.481922058749,1.77051734140686,"gaussian","adaptive_sparse_group_lasso",1,0.109163199518939,0.5,TRUE,"identity",NA,NA,"independent","gaussian",0.2,1000,50,1e-06,1,"PGD",0.9,TRUE,10,1,TRUE,0.0185329658916881,3,0.846284375321634,16.1392140895931,4.55278823799781,20,875.332957660186,871.025526410829,885.472171749779,873.885745898184,894.459368570441,876.420987313939
887,-448.570545124886,503.501571179811,1.97451596541102,"gaussian","adaptive_sparse_group_lasso",1,1.38775077442165,0.5,TRUE,"identity",NA,NA,"independent","gaussian",0.2,1000,50,1e-06,1,"PGD",0.9,TRUE,10,1,TRUE,0,0,0,0,0,20,897.141090249773,897.141090249773,897.141090249773,897.141090249773,897.141090249773,897.141090249773
888,-420.783321694695,404.903118687868,1.5878553674034,"gaussian","adaptive_sparse_group_lasso",1,0.138009101461535,0.5,TRUE,"identity",NA,NA,"independent","gaussian",0.2,1000,50,1e-06,1,"PGD",0.9,TRUE,10,1,TRUE,0.0974845767719572,6,1.69256875064327,31.4648640404188,8.87607426967533,20,853.566643389391,844.951780890677,873.03150742981,850.442717659066,891.005901071134,855.513200490577
889,-440.33682553295,472.013996992892,1.85103528232507,"gaussian","adaptive_sparse_group_lasso",1,0.0347974994406567,0.5,TRUE,"identity",NA,NA,"independent","gaussian",0.2,1000,50,1e-06,1,"PGD",0.9,TRUE,10,1,TRUE,0.00804724914560466,8,2.25675833419103,43.1251177292309,12.1653711060514,20,896.673651065899,885.187167734281,923.79876879513,892.839022171951,947.764626983562,899.599665947298
890,-393.038148929127,325.720166317199,1.27733398555764,"gaussian","adaptive_sparse_group_lasso",1,0.00551292543727129,0.5,TRUE,"identity",NA,NA,"independent","gaussian",0.2,1000,50,1e-06,1,"PGD",0.9,TRUE,10,1,TRUE,0.000348157878457341,14,3.94932708483429,77.3262228404697,21.8133247308428,20,814.076297858254,793.974952027922,863.402520698723,807.889622589097,905.342772528479,819.720749195956
891,-448.086123678366,501.592204924085,1.96702825460426,"gaussian","adaptive_sparse_group_lasso",1,0.0999052239472159,0.5,TRUE,"identity",NA,NA,"independent","gaussian",0.2,1000,50,1e-06,1,"PGD",0.9,TRUE,10,1,TRUE,0.0183664890137518,3,0.846284375321634,16.1400572514109,4.55302608955522,20,902.172247356732,897.864816107375,912.312304608143,900.725273446287,921.299501428805,903.260514862043
892,-479.349961629327,640.977285938764,2.51363641544613,"gaussian","adaptive_sparse_group_lasso",1,0.109729476830954,0.5,TRUE,"identity",NA,NA,"independent","gaussian",0.2,1000,50,1e-06,1,"PGD",0.9,TRUE,10,1,TRUE,0.0127542172781569,2,0.564189583547756,11.2076160112857,3.16161010498522,20,962.699923258654,959.828302425749,969.90753926994,961.861533363639,975.899003817048,963.551694307476
893,-432.484040461467,443.819597817204,1.74046901104786,"gaussian","adaptive_sparse_group_lasso",1,0.113195110491995,0.5,TRUE,"identity",NA,NA,"independent","gaussian",0.2,1000,50,1e-06,1,"PGD",0.9,TRUE,10,1,TRUE,0.0376570442579689,3,0.846284375321634,16.3263604153364,4.60558124178961,20,870.968080922934,866.660649673577,881.29444133827,869.573662164724,890.281638158932,872.108903580479
894,-443.895305131184,485.373299077989,1.90342470226662,"gaussian","adaptive_sparse_group_lasso",1,2.7013213201146,0.5,TRUE,"identity",NA,NA,"independent","gaussian",0.2,1000,50,1e-06,1,"PGD",0.9,TRUE,10,1,TRUE,0,0,0,0,0,20,887.790610262368,887.790610262368,887.790610262368,887.790610262368,887.790610262368,887.790610262368
895,-438.697003737389,465.982133087035,1.82738091406681,"gaussian","adaptive_sparse_group_lasso",1,0.0659361813242244,0.5,TRUE,"identity",NA,NA,"independent","gaussian",0.2,1000,50,1e-06,1,"PGD",0.9,TRUE,10,1,TRUE,0.00889314121966922,3,0.846284375321634,16.4137358130866,4.63022938642412,20,883.394007474779,879.086576225422,893.807743287865,882.024236861203,902.794940108527,884.559478276959
896,-449.919820584196,508.858196445676,1.99552233900265,"gaussian","adaptive_sparse_group_lasso",1,0.357066435474314,0.5,TRUE,"identity",NA,NA,"independent","gaussian",0.2,1000,50,1e-06,1,"PGD",0.9,TRUE,10,1,TRUE,0.0757017450690171,1,0.282094791773878,5.26002715431084,1.48382626482026,20,901.839641168392,900.40383075194,905.099668322703,901.323467433212,908.095400596257,902.168547905131
897,-447.143683838726,497.89826238708,1.95254220543953,"gaussian","adaptive_sparse_group_lasso",1,2.28472437832918,0.5,TRUE,"identity",NA,NA,"independent","gaussian",0.2,1000,50,1e-06,1,"PGD",0.9,TRUE,10,1,TRUE,0,0,0,0,0,20,894.287367677452,894.287367677452,894.287367677452,894.287367677452,894.287367677452,894.287367677452
898,-436.515750858335,458.077977722256,1.79638422636179,"gaussian","adaptive_sparse_group_lasso",1,0.166201276771537,0.5,TRUE,"identity",NA,NA,"independent","gaussian",0.2,1000,50,1e-06,1,"PGD",0.9,TRUE,10,1,TRUE,0.0196037268084542,1,0.282094791773878,4.96284314977485,1.39999220494215,20,875.031501716671,873.595691300219,877.994344866446,874.431493921613,880.99007714,875.276574393532
899,-471.286463140145,601.695134257231,2.35958876179306,"gaussian","adaptive_sparse_group_lasso",1,0.0665769003134257,0.5,TRUE,"identity",NA,NA,"independent","gaussian",0.2,1000,50,1e-06,1,"PGD",0.9,TRUE,10,1,TRUE,0.0130154569622783,4,1.12837916709551,21.0168639524654,5.92874786041067,20,950.572926280289,944.82968461448,963.589790232755,948.5016741407,975.572719326971,951.881996028374
900,-436.51449561825,458.073467957476,1.79636654100971,"gaussian","adaptive_sparse_group_lasso",1,2.0874837156925,0.5,TRUE,"identity",NA,NA,"independent","gaussian",0.2,1000,50,1e-06,1,"PGD",0.9,TRUE,10,1,TRUE,0,0,0,0,0,20,873.0289912365,873.0289912365,873.0289912365,873.0289912365,873.0289912365,873.0289912365
901,-838.029029879092,824.548928049861,1.63926228240529,"gaussian","adaptive_sparse_group_lasso",1,0.0382637462696598,0.5,TRUE,"identity",NA,NA,"independent","gaussian",0.2,1000,50,1e-06,1,"PGD",0.9,TRUE,10,1,TRUE,0.00450457850499161,5,1.41047395886939,31.3567712278453,8.84558185022016,20,1686.05805975818,1678.87900767592,1707.41483098603,1684.9036416084,1722.3934923538,1689.129043968
902,-900.009490553373,1054.98271989214,2.09738115286707,"gaussian","adaptive_sparse_group_lasso",1,0.149850813930145,0.5,TRUE,"identity",NA,NA,"independent","gaussian",0.2,1000,50,1e-06,1,"PGD",0.9,TRUE,10,1,TRUE,0.119723747881236,5,1.41047395886939,29.217955831734,8.24223316641136,20,1810.01898110675,1802.83992902448,1829.23693693848,1808.26121427316,1844.21559830625,1812.48661663275
903,-874.989433119304,955.081174905163,1.89876973142179,"gaussian","adaptive_sparse_group_lasso",1,0.0693697744673126,0.5,TRUE,"identity",NA,NA,"independent","gaussian",0.2,1000,50,1e-06,1,"PGD",0.9,TRUE,10,1,TRUE,0.00884070626113777,2,0.564189583547756,12.8240807598061,3.61760639162889,20,1753.97886623861,1751.1072454057,1762.80294699841,1753.59647263024,1768.79441154552,1755.28663357407
904,-851.42851028697,869.670787662805,1.72896776871333,"gaussian","adaptive_sparse_group_lasso",1,0.0511680182495084,0.5,TRUE,"identity",NA,NA,"independent","gaussian",0.2,1000,50,1e-06,1,"PGD",0.9,TRUE,10,1,TRUE,0.00340912115453146,2,0.564189583547756,12.4068625125212,3.49991129703681,20,1706.85702057394,1703.98539974104,1715.26388308646,1706.35693187098,1721.25534763357,1708.04709281481
905,-895.617669620428,1036.71999556285,2.06107354982673,"gaussian","adaptive_sparse_group_lasso",1,0.0179725307368606,0.5,TRUE,"identity",NA,NA,"independent","gaussian",0.2,1000,50,1e-06,1,"PGD",0.9,TRUE,10,1,TRUE,0.00114372491398724,5,1.41047395886939,31.2107014613185,8.80437632984731,20,1801.23533924086,1794.0562871586,1822.44604070217,1800.0397155707,1837.42470206994,1804.2651179303
906,-883.229097000103,986.889837564273,1.96200762935243,"gaussian","adaptive_sparse_group_lasso",1,0.0917760374342087,0.5,TRUE,"identity",NA,NA,"independent","gaussian",0.2,1000,50,1e-06,1,"PGD",0.9,TRUE,10,1,TRUE,0.010804982593271,2,0.564189583547756,12.1126623476318,3.41691896278249,20,1770.45819400021,1767.5865731673,1778.57085634784,1769.87511296299,1784.56232089495,1771.56527390683
907,-873.898482284276,950.947218628835,1.89055113047482,"gaussian","adaptive_sparse_group_lasso",1,0.0209339549726101,0.5,TRUE,"identity",NA,NA,"independent","gaussian",0.2,1000,50,1e-06,1,"PGD",0.9,TRUE,10,1,TRUE,0.00184677561219078,7,1.97466354241715,42.6723473435873,12.0376469383919,20,1761.79696456855,1751.74629165339,1790.46931191214,1759.83461150694,1811.43943782702,1765.75017481037
908,-848.683864542239,860.231578820699,1.7102019459656,"gaussian","adaptive_sparse_group_lasso",1,0.871397383954846,0.5,TRUE,"identity",NA,NA,"independent","gaussian",0.2,1000,50,1e-06,1,"PGD",0.9,TRUE,10,1,TRUE,0,0,0,0,0,20,1697.36772908448,1697.36772908448,1697.36772908448,1697.36772908448,1697.36772908448,1697.36772908448
909,-879.97208481532,974.191672342682,1.9367627680769,"gaussian","adaptive_sparse_group_lasso",1,0.116103820494543,0.5,TRUE,"identity",NA,NA,"independent","gaussian",0.2,1000,50,1e-06,1,"PGD",0.9,TRUE,10,1,TRUE,0.00850719288217173,1,0.282094791773878,5.65588157563316,1.59549473537595,20,1761.94416963064,1760.50835921419,1765.60005120627,1761.53966436602,1768.59578347983,1762.38474483793
910,-932.990468538494,1202.81119188542,2.39127473535868,"gaussian","adaptive_sparse_group_lasso",1,0.0219370940712765,0.5,TRUE,"identity",NA,NA,"independent","gaussian",0.2,1000,50,1e-06,1,"PGD",0.9,TRUE,10,1,TRUE,0.00347724489299662,9,2.5388531259649,54.0977350452052,15.2606893030156,20,1883.98093707699,1871.05864332892,1920.07867212219,1881.24162638,1947.04026258418,1888.84735062727
911,-871.500940216388,941.924939780802,1.87261419439523,"gaussian","adaptive_sparse_group_lasso",1,0.0104186675862747,0.5,TRUE,"identity",NA,NA,"independent","gaussian",0.2,1000,50,1e-06,1,"PGD",0.9,TRUE,10,1,TRUE,0.000809767234339067,12,3.38513750128654,73.5043149763202,20.7351844277266,20,1767.00188043278,1749.77215543535,1816.5061954091,1763.7370648605,1852.45498269174,1773.87803052352
912,-867.010388916672,925.256054507564,1.83947525747031,"gaussian","adaptive_sparse_group_lasso",1,0.073278177270769,0.5,TRUE,"identity",NA,NA,"independent","gaussian",0.2,1000,50,1e-06,1,"PGD",0.9,TRUE,10,1,TRUE,0.0183266191933758,5,1.41047395886939,30.8072034112079,8.6905516314202,20,1744.02077783334,1736.84172575108,1764.82798124455,1742.71132946476,1779.80664261232,1746.93673182436
913,-865.124269815269,918.343069961346,1.82573174942613,"gaussian","adaptive_sparse_group_lasso",1,0.080124200471758,0.5,TRUE,"identity",NA,NA,"independent","gaussian",0.2,1000,50,1e-06,1,"PGD",0.9,TRUE,10,1,TRUE,0.00930837273861705,2,0.564189583547756,12.5612856627894,3.54347326345677,20,1734.24853963054,1731.37691879763,1742.80982529333,1733.79201289399,1748.80128984043,1735.48217383783
914,-893.644204027951,1028.61691323041,2.04496404220757,"gaussian","adaptive_sparse_group_lasso",1,0.111826572514456,0.5,TRUE,"identity",NA,NA,"independent","gaussian",0.2,1000,50,1e-06,1,"PGD",0.9,TRUE,10,1,TRUE,0.0207629215013855,2,0.564189583547756,11.6496591234747,3.28630816467325,20,1791.2884080559,1788.416787223,1798.93806717938,1790.57471622058,1804.92953172649,1792.26487716441
915,-906.383086699019,1082.06009348114,2.15121290950524,"gaussian","adaptive_sparse_group_lasso",1,0.0114042701501584,0.5,TRUE,"identity",NA,NA,"independent","gaussian",0.2,1000,50,1e-06,1,"PGD",0.9,TRUE,10,1,TRUE,0.00119179994247328,11,3.10304270951266,67.6379818647511,19.0803224101423,20,1834.76617339804,1818.97225881706,1880.40415526279,1831.84649580818,1913.35721027188,1841.14238099928
916,-891.515968324578,1019.9493073559,2.0277322213835,"gaussian","adaptive_sparse_group_lasso",1,0.0154744140506194,0.5,TRUE,"identity",NA,NA,"independent","gaussian",0.2,1000,50,1e-06,1,"PGD",0.9,TRUE,10,1,TRUE,0.00167990583310645,8,2.25675833419103,49.4210915407299,13.94143252742,20,1799.03193664916,1787.54545331754,1832.45302818989,1796.97336917658,1856.41888637832,1803.73401295192
917,-924.635038572089,1163.50743203854,2.31313604779034,"gaussian","adaptive_sparse_group_lasso",1,0.125051452183265,0.5,TRUE,"identity",NA,NA,"independent","gaussian",0.2,1000,50,1e-06,1,"PGD",0.9,TRUE,10,1,TRUE,0.0246226573598599,4,1.12837916709551,24.8715360657643,7.01613078756828,20,1857.27007714418,1851.52683547837,1874.14161320994,1856.28620793175,1886.12454230416,1859.66652981942
918,-847.627927694599,856.627419743825,1.70303661976904,"gaussian","adaptive_sparse_group_lasso",1,0.104085344682843,0.5,TRUE,"identity",NA,NA,"independent","gaussian",0.2,1000,50,1e-06,1,"PGD",0.9,TRUE,10,1,TRUE,0.00999237559100004,1,0.282094791773878,5.80856025759388,1.63856459637197,20,1697.2558553892,1695.82004497275,1701.06441564679,1696.89441998557,1704.06014792035,1697.73950045749
919,-869.271972761356,933.61383139553,1.85609111609449,"gaussian","adaptive_sparse_group_lasso",1,0.0528894160524968,0.5,TRUE,"identity",NA,NA,"independent","gaussian",0.2,1000,50,1e-06,1,"PGD",0.9,TRUE,10,1,TRUE,0.00880954765921973,6,1.69256875064327,37.1469703316575,10.4789668607393,20,1750.54394552271,1741.929083024,1775.69091585437,1749.02291238345,1793.66530949569,1754.09339521496
920,-868.451079746773,930.571494708676,1.85004273301924,"gaussian","adaptive_sparse_group_lasso",1,0.0287612160767534,0.5,TRUE,"identity",NA,NA,"independent","gaussian",0.2,1000,50,1e-06,1,"PGD",0.9,TRUE,10,1,TRUE,0.00250208705629081,4,1.12837916709551,24.7142275798169,6.97175488298068,20,1744.90215949355,1739.15891782774,1761.61638707336,1743.87391437653,1773.59931616758,1747.2542362642
921,-932.195851323318,1199.01689296603,2.38373139754677,"gaussian","adaptive_sparse_group_lasso",1,0.214069864849681,0.5,TRUE,"identity",NA,NA,"independent","gaussian",0.2,1000,50,1e-06,1,"PGD",0.9,TRUE,10,1,TRUE,0.115858238907384,2,0.564189583547756,11.4251506278973,3.22297548736188,20,1868.39170264664,1865.52008181373,1875.81685327453,1867.614678134,1881.80831782164,1869.30483907783
922,-859.777972980756,899.02729351554,1.78733060341062,"gaussian","adaptive_sparse_group_lasso",1,0.13743400960717,0.5,TRUE,"identity",NA,NA,"independent","gaussian",0.2,1000,50,1e-06,1,"PGD",0.9,TRUE,10,1,TRUE,0.0273500503853662,2,0.564189583547756,12.0081432430442,3.38743466773745,20,1723.55594596151,1720.68432512861,1731.56408920456,1722.94338062925,1737.55555375166,1724.63354157309
923,-897.886936209951,1046.11657483558,2.07975462193951,"gaussian","adaptive_sparse_group_lasso",1,0.156857150046289,0.5,TRUE,"identity",NA,NA,"independent","gaussian",0.2,1000,50,1e-06,1,"PGD",0.9,TRUE,10,1,TRUE,0.0943358841141814,4,1.12837916709551,24.4631191270609,6.90091849628783,20,1803.7738724199,1798.03063075409,1820.23699154696,1802.67479091619,1832.21992064118,1806.05511280386
924,-906.536208097677,1082.71908752834,2.15252303683566,"gaussian","adaptive_sparse_group_lasso",1,0.0249377673209115,0.5,TRUE,"identity",NA,NA,"independent","gaussian",0.2,1000,50,1e-06,1,"PGD",0.9,TRUE,10,1,TRUE,0.00299396423180679,6,1.69256875064327,36.994626233958,10.4359913842208,20,1825.07241619535,1816.45755369664,1850.06704242931,1823.50840757957,1868.04143607064,1828.57889041109
925,-868.626010219949,931.218977561836,1.85132997527204,"gaussian","adaptive_sparse_group_lasso",1,0.044002749457239,0.5,TRUE,"identity",NA,NA,"independent","gaussian",0.2,1000,50,1e-06,1,"PGD",0.9,TRUE,10,1,TRUE,0.00309834431234496,2,0.564189583547756,12.3215688456439,3.47585039783943,20,1741.2520204399,1738.38039960699,1749.57358928554,1740.72787083774,1755.56505383265,1742.41803178158
926,-852.58745783949,873.687601505612,1.73695348211851,"gaussian","adaptive_sparse_group_lasso",1,0.0581009791109911,0.5,TRUE,"identity",NA,NA,"independent","gaussian",0.2,1000,50,1e-06,1,"PGD",0.9,TRUE,10,1,TRUE,0.00912997792464146,3,0.846284375321634,18.1941268919571,5.13246843709415,20,1711.17491567898,1706.86748442962,1723.36904257094,1710.30738411607,1732.3562393916,1712.84262553183
927,-914.857729677346,1119.14288568927,2.22493615445183,"gaussian","adaptive_sparse_group_lasso",1,0.964855524276625,0.5,TRUE,"identity",NA,NA,"independent","gaussian",0.2,1000,50,1e-06,1,"PGD",0.9,TRUE,10,1,TRUE,0,0,0,0,0,20,1829.71545935469,1829.71545935469,1829.71545935469,1829.71545935469,1829.71545935469,1829.71545935469
928,-875.009108194614,955.155894702748,1.89891827972713,"gaussian","adaptive_sparse_group_lasso",1,0.139759403985655,0.5,TRUE,"identity",NA,NA,"independent","gaussian",0.2,1000,50,1e-06,1,"PGD",0.9,TRUE,10,1,TRUE,0.0246207845740377,2,0.564189583547756,11.7535651181906,3.31561950461671,20,1754.01821638923,1751.14659555632,1761.77178150742,1753.33383589384,1767.76324605453,1755.02399683768
929,-951.27119140022,1293.49550525934,2.57156164067464,"gaussian","adaptive_sparse_group_lasso",1,0.0623904756617273,0.5,TRUE,"identity",NA,NA,"independent","gaussian",0.2,1000,50,1e-06,1,"PGD",0.9,TRUE,10,1,TRUE,0.0172208552614421,7,1.97466354241715,42.3855555518546,11.9567444676206,20,1916.54238280044,1906.49170988527,1944.92793835229,1914.49912726806,1965.89806426717,1920.41469057149
930,-905.391751360553,1077.80334163768,2.14275018218227,"gaussian","adaptive_sparse_group_lasso",1,0.0421732935163422,0.5,TRUE,"identity",NA,NA,"independent","gaussian",0.2,1000,50,1e-06,1,"PGD",0.9,TRUE,10,1,TRUE,0.00828138392194262,5,1.41047395886939,30.0947095972305,8.48956083732607,20,1820.78350272111,1813.60445063885,1840.87821231834,1819.27306355843,1855.85687368611,1823.49846591803
931,-904.083687703807,1072.21218689693,2.13163456639548,"gaussian","adaptive_sparse_group_lasso",1,0.0824326046134086,0.5,TRUE,"identity",NA,NA,"independent","gaussian",0.2,1000,50,1e-06,1,"PGD",0.9,TRUE,10,1,TRUE,0.0136377693005357,2,0.564189583547756,11.9791713334106,3.37926184292207,20,1812.16737540761,1809.29575457471,1820.14654674102,1811.54663725054,1826.13801128813,1813.23679819437
932,-894.503720026499,1032.1382856729,2.05196478264991,"gaussian","adaptive_sparse_group_lasso",1,0.116401438222096,0.5,TRUE,"identity",NA,NA,"independent","gaussian",0.2,1000,50,1e-06,1,"PGD",0.9,TRUE,10,1,TRUE,0.0259411208548974,2,0.564189583547756,12.1788315662185,3.43558495472155,20,1793.007440053,1790.13581922009,1801.18627161922,1792.44302500772,1807.17773616632,1794.13318595156
933,-904.695492231579,1074.82364931863,2.1368263405937,"gaussian","adaptive_sparse_group_lasso",1,0.105929468988218,0.5,TRUE,"identity",NA,NA,"independent","gaussian",0.2,1000,50,1e-06,1,"PGD",0.9,TRUE,10,1,TRUE,0.0276185121885221,3,0.846284375321634,18.2237812808313,5.14083378574881,20,1815.39098446316,1811.0835532138,1827.61476574399,1814.53181824891,1836.60196256465,1817.06705966466
934,-823.974423185197,779.734404716078,1.55016780261646,"gaussian","adaptive_sparse_group_lasso",1,0.0872452184018934,0.5,TRUE,"identity",NA,NA,"independent","gaussian",0.2,1000,50,1e-06,1,"PGD",0.9,TRUE,10,1,TRUE,0.0097821168670516,2,0.564189583547756,11.9525331760346,3.37174735746385,20,1651.94884637039,1649.07722553749,1659.90137954643,1651.32059372786,1665.89284409354,1653.0107546717
935,-898.036890638921,1046.74049765451,2.08099502515807,"gaussian","adaptive_sparse_group_lasso",1,0.0405819558554987,0.5,TRUE,"identity",NA,NA,"independent","gaussian",0.2,1000,50,1e-06,1,"PGD",0.9,TRUE,10,1,TRUE,0.0078241974750523,6,1.69256875064327,37.2137500589769,10.4978050740122,20,1808.07378127784,1799.45891877913,1833.28753133682,1806.57158635185,1851.26192497814,1811.64206918337
936,-903.161993906013,1068.28994964976,2.12383687803133,"gaussian","adaptive_sparse_group_lasso",1,0.0951745388722454,0.5,TRUE,"identity",NA,NA,"independent","gaussian",0.2,1000,50,1e-06,1,"PGD",0.9,TRUE,10,1,TRUE,0.00983412653733442,1,0.282094791773878,6.0151870520914,1.69685293894065,20,1808.32398781203,1806.88817739557,1812.33917486412,1808.02084075097,1815.33490713767,1808.86592122289
937,-935.913890961555,1216.87417960823,2.41923296144778,"gaussian","adaptive_sparse_group_lasso",1,0.0584165543204379,0.5,TRUE,"identity",NA,NA,"independent","gaussian",0.2,1000,50,1e-06,1,"PGD",0.9,TRUE,10,1,TRUE,0.0216718464023889,9,2.5388531259649,53.4596518247582,15.0806893498092,20,1889.82778192311,1876.90548817504,1925.28743374787,1886.90847127292,1952.24902420985,1894.51419552019
938,-878.544846950108,968.678887078519,1.92580295641853,"gaussian","adaptive_sparse_group_lasso",1,0.180511210941254,0.5,TRUE,"identity",NA,NA,"independent","gaussian",0.2,1000,50,1e-06,1,"PGD",0.9,TRUE,10,1,TRUE,0.060417498695821,2,0.564189583547756,12.5751731287336,3.54739084527058,20,1761.08969390022,1758.21807306731,1769.66486702895,1760.63708474549,1775.65633157606,1762.32724568932
939,-877.355813822209,964.110008856117,1.91671969951514,"gaussian","adaptive_sparse_group_lasso",1,0.0978863581974285,0.5,TRUE,"identity",NA,NA,"independent","gaussian",0.2,1000,50,1e-06,1,"PGD",0.9,TRUE,10,1,TRUE,0.0302730555876114,4,1.12837916709551,24.7716058635622,6.98794099798615,20,1762.71162764442,1756.96838597861,1779.48323350798,1761.6995686424,1791.4661626022,1765.07989053008
940,-879.908583589082,973.945729771595,1.93627381664333,"gaussian","adaptive_sparse_group_lasso",1,0.123619143653449,0.5,TRUE,"identity",NA,NA,"independent","gaussian",0.2,1000,50,1e-06,1,"PGD",0.9,TRUE,10,1,TRUE,0.0102393834289932,1,0.282094791773878,5.96609988839581,1.68300570571917,20,1761.81716717816,1760.38135676171,1765.78326706656,1761.50017288388,1768.77899934011,1762.3452533558
941,-910.021190495999,1097.82652587919,2.18255770552523,"gaussian","adaptive_sparse_group_lasso",1,0.21404558721925,0.5,TRUE,"identity",NA,NA,"independent","gaussian",0.2,1000,50,1e-06,1,"PGD",0.9,TRUE,10,1,TRUE,0.0604835084905774,1,0.282094791773878,6.04173128430762,1.70434092860048,20,1822.042380992,1820.60657057555,1826.08411227631,1821.7467219206,1829.07984454986,1822.59180239252
942,-884.556233742187,992.111306822504,1.97238828394136,"gaussian","adaptive_sparse_group_lasso",1,0.326981185566066,0.5,TRUE,"identity",NA,NA,"independent","gaussian",0.2,1000,50,1e-06,1,"PGD",0.9,TRUE,10,1,TRUE,0.0947354708030158,1,0.282094791773878,6.01846840620448,1.69777859184592,20,1771.11246748437,1769.67665706792,1775.13093589058,1770.81024607622,1778.12666816413,1771.65532654814
943,-916.595689896852,1126.90336980334,2.24036455229292,"gaussian","adaptive_sparse_group_lasso",1,0.107603779921637,0.5,TRUE,"identity",NA,NA,"independent","gaussian",0.2,1000,50,1e-06,1,"PGD",0.9,TRUE,10,1,TRUE,0.0243208016248955,4,1.12837916709551,24.344100932474,6.86734408346853,20,1841.1913797937,1835.4481381279,1857.53548072618,1840.05872387717,1869.51840982039,1843.43904576485
944,-875.987298171966,958.878134351381,1.90631835855145,"gaussian","adaptive_sparse_group_lasso",1,0.140848537462076,0.5,TRUE,"identity",NA,NA,"independent","gaussian",0.2,1000,50,1e-06,1,"PGD",0.9,TRUE,10,1,TRUE,0.0193885833691696,1,0.282094791773878,6.17130273114731,1.74089235891657,20,1753.97459634393,1752.53878592748,1758.14589907508,1753.71548870285,1761.14163134863,1754.56056917477
945,-903.707367587457,1070.60903266192,2.12844738103762,"gaussian","adaptive_sparse_group_lasso",1,0.0399431053936931,0.5,TRUE,"identity",NA,NA,"independent","gaussian",0.2,1000,50,1e-06,1,"PGD",0.9,TRUE,10,1,TRUE,0.0046927526529758,3,0.846284375321634,18.6088354313648,5.24945555616521,20,1813.41473517491,1809.10730392556,1826.02357060628,1812.66419073108,1835.01076742694,1815.19943214684
946,-827.074824972532,789.406183391706,1.56939599083838,"gaussian","adaptive_sparse_group_lasso",1,0.0180961237687603,0.5,TRUE,"identity",NA,NA,"independent","gaussian",0.2,1000,50,1e-06,1,"PGD",0.9,TRUE,10,1,TRUE,0.00116168175577294,5,1.41047395886939,31.3513973670337,8.84406591207349,20,1664.14964994506,1656.9705978628,1685.5010473121,1662.99371585714,1700.47970867987,1667.21911821673
947,-918.641095086268,1136.10564588929,2.25865933576399,"gaussian","adaptive_sparse_group_lasso",1,0.115392380107199,0.5,TRUE,"identity",NA,NA,"independent","gaussian",0.2,1000,50,1e-06,1,"PGD",0.9,TRUE,10,1,TRUE,0.0305551201935745,2,0.564189583547756,12.3088294340048,3.47225667616578,20,1841.28219017254,1838.41056933963,1849.59101960654,1840.7544468487,1855.58248415365,1842.44460779254
948,-853.271358340862,876.066641399465,1.74168318369675,"gaussian","adaptive_sparse_group_lasso",1,0.0656293986461495,0.5,TRUE,"identity",NA,NA,"independent","gaussian",0.2,1000,50,1e-06,1,"PGD",0.9,TRUE,10,1,TRUE,0.00318694925795535,1,0.282094791773878,5.80856025759388,1.63856459637197,20,1708.54271668172,1707.10690626527,1712.35127693932,1708.1812812781,1715.34700921287,1709.02636175001
949,-868.625047763393,931.215413919307,1.85132289049564,"gaussian","adaptive_sparse_group_lasso",1,0.0411678021162188,0.5,TRUE,"identity",NA,NA,"independent","gaussian",0.2,1000,50,1e-06,1,"PGD",0.9,TRUE,10,1,TRUE,0.00362866518971781,3,0.846284375321634,18.3400828045733,5.1736418398718,20,1743.25009552679,1738.94266427743,1755.59017833136,1742.42373736666,1764.57737515202,1744.95897878241
950,-942.979101749296,1251.54365369421,2.48815835724495,"gaussian","adaptive_sparse_group_lasso",1,0.147397166379181,0.5,TRUE,"identity",NA,NA,"independent","gaussian",0.2,1000,50,1e-06,1,"PGD",0.9,TRUE,10,1,TRUE,0.0520933639158621,4,1.12837916709551,24.4027013335574,6.88387495141002,20,1893.95820349859,1888.21496183278,1910.36090483215,1892.84207845,1922.34383392636,1896.22240033768
951,-866.126777089597,922.010994203417,1.83302384533483,"gaussian","adaptive_sparse_group_lasso",1,0.130731759192308,0.5,TRUE,"identity",NA,NA,"independent","gaussian",0.2,1000,50,1e-06,1,"PGD",0.9,TRUE,10,1,TRUE,0.0236334188029415,3,0.846284375321634,17.9494849675493,5.06345622436917,20,1738.25355417919,1733.94612292984,1750.20303914674,1737.31701040356,1759.1902359674,1739.85225181932
952,-903.056328896312,1067.84121343356,2.12294475831722,"gaussian","adaptive_sparse_group_lasso",1,1.29610670301498,0.5,TRUE,"identity",NA,NA,"independent","gaussian",0.2,1000,50,1e-06,1,"PGD",0.9,TRUE,10,1,TRUE,0,0,0,0,0,20,1806.11265779262,1806.11265779262,1806.11265779262,1806.11265779262,1806.11265779262,1806.11265779262
953,-916.840405262768,1128.00040670043,2.24254554015989,"gaussian","adaptive_sparse_group_lasso",1,0.105059787924165,0.5,TRUE,"identity",NA,NA,"independent","gaussian",0.2,1000,50,1e-06,1,"PGD",0.9,TRUE,10,1,TRUE,0.0343725305828926,4,1.12837916709551,23.9980366355091,6.76972114767585,20,1841.68081052554,1835.93756885973,1857.67884716105,1840.45053167321,1869.66177625526,1843.83085356089
954,-881.256270796971,979.178720902939,1.94667737754063,"gaussian","adaptive_sparse_group_lasso",1,0.0879301949556696,0.5,TRUE,"identity",NA,NA,"independent","gaussian",0.2,1000,50,1e-06,1,"PGD",0.9,TRUE,10,1,TRUE,0.0166145455197595,2,0.564189583547756,12.92138489608,3.64505538168983,20,1766.51254159394,1763.64092076104,1775.43392649002,1766.15759697563,1781.42539103713,1767.84775791947
955,-890.174211176529,1014.52234828665,2.01694303834324,"gaussian","adaptive_sparse_group_lasso",1,0.0693231348394968,0.5,TRUE,"identity",NA,NA,"independent","gaussian",0.2,1000,50,1e-06,1,"PGD",0.9,TRUE,10,1,TRUE,0.0108613775127935,3,0.846284375321634,17.9564784508846,5.06542904959442,20,1786.34842235306,1782.0409911037,1798.30490080394,1785.41385140265,1807.2920976246,1787.94909281841
956,-884.468233712299,991.764227091891,1.97169826459621,"gaussian","adaptive_sparse_group_lasso",1,0.0563795378496901,0.5,TRUE,"identity",NA,NA,"independent","gaussian",0.2,1000,50,1e-06,1,"PGD",0.9,TRUE,10,1,TRUE,0.00788946532981616,3,0.846284375321634,19.0283007570199,5.36778453986226,20,1774.9364674246,1770.62903617524,1787.96476818162,1774.30425196446,1796.95196500228,1776.83949338022
957,-885.627304283601,996.345450434108,1.98080606448133,"gaussian","adaptive_sparse_group_lasso",1,0.0234325218182284,0.5,TRUE,"identity",NA,NA,"independent","gaussian",0.2,1000,50,1e-06,1,"PGD",0.9,TRUE,10,1,TRUE,0.0006922188724328,2,0.564189583547756,12.3209661206218,3.47568037224982,20,1775.2546085672,1772.3829877343,1783.57557468782,1774.73028893945,1789.56703923493,1776.42044988329
958,-879.88955376249,973.872038649632,1.93612731341875,"gaussian","adaptive_sparse_group_lasso",1,0.21480989940708,0.5,TRUE,"identity",NA,NA,"independent","gaussian",0.2,1000,50,1e-06,1,"PGD",0.9,TRUE,10,1,TRUE,0.0531632595322051,1,0.282094791773878,6.07070319394123,1.71251375341587,20,1761.77910752498,1760.34329710853,1765.84981071892,1761.4916212784,1768.84554299248,1762.33670175031
959,-885.15159570531,994.462658758324,1.97706293987738,"gaussian","adaptive_sparse_group_lasso",1,0.0540624784611968,0.5,TRUE,"identity",NA,NA,"independent","gaussian",0.2,1000,50,1e-06,1,"PGD",0.9,TRUE,10,1,TRUE,0.00691854277026834,2,0.564189583547756,11.4691385021851,3.23538423759967,20,1774.30319141062,1771.43157057772,1781.7723299128,1773.53857564822,1787.76379445991,1775.22873659206
960,-905.168518109574,1076.84709990565,2.14084910518023,"gaussian","adaptive_sparse_group_lasso",1,0.0437904263337348,0.5,TRUE,"identity",NA,NA,"independent","gaussian",0.2,1000,50,1e-06,1,"PGD",0.9,TRUE,10,1,TRUE,0.0109406486594768,7,1.97466354241715,43.0150838671391,12.1343311266365,20,1824.33703621915,1814.28636330398,1853.35212008629,1822.47136734579,1874.32224600117,1828.38693064921
961,-878.089802814688,966.927820993614,1.92232171171693,"gaussian","adaptive_sparse_group_lasso",1,0.011035609881887,0.5,TRUE,"identity",NA,NA,"independent","gaussian",0.2,1000,50,1e-06,1,"PGD",0.9,TRUE,10,1,TRUE,0.000647727878274458,7,1.97466354241715,43.5372846421401,12.2816412455246,20,1770.17960562938,1760.12893271421,1799.71689027152,1768.4612468749,1820.68701618639,1774.37681017833
962,-878.105399069254,966.987784890412,1.92244092423541,"gaussian","adaptive_sparse_group_lasso",1,0.00749163267238421,0.5,TRUE,"identity",NA,NA,"independent","gaussian",0.2,1000,50,1e-06,1,"PGD",0.9,TRUE,10,1,TRUE,0.000509600123233817,12,3.38513750128654,74.0448745860686,20.8876734782799,20,1780.21079813851,1762.98107314108,1830.25567272458,1777.09847161679,1866.20446000722,1787.23943727981
963,-857.705609014523,891.649731794836,1.77266348269351,"gaussian","adaptive_sparse_group_lasso",1,0.0553648058903128,0.5,TRUE,"identity",NA,NA,"independent","gaussian",0.2,1000,50,1e-06,1,"PGD",0.9,TRUE,10,1,TRUE,0.0137599708622925,5,1.41047395886939,29.803044656001,8.4072836764622,20,1725.41121802905,1718.23216594679,1745.21426268505,1723.81850170551,1760.19292405282,1728.0439040651
964,-886.986461040211,1001.74447790322,1.99153971750144,"gaussian","adaptive_sparse_group_lasso",1,0.112053828482522,0.5,TRUE,"identity",NA,NA,"independent","gaussian",0.2,1000,50,1e-06,1,"PGD",0.9,TRUE,10,1,TRUE,0.0192160793835099,2,0.564189583547756,12.5971961376952,3.55360342139782,20,1777.97292208042,1775.10130124752,1786.57011821812,1777.52652550182,1792.56158276522,1779.21668644566
965,-879.665004464306,973.002914642927,1.93439943268972,"gaussian","adaptive_sparse_group_lasso",1,0.0387239544674389,0.5,TRUE,"identity",NA,NA,"independent","gaussian",0.2,1000,50,1e-06,1,"PGD",0.9,TRUE,10,1,TRUE,0.0054290270637106,6,1.69256875064327,37.2295363187529,10.5022582956766,20,1771.33000892861,1762.7151464299,1796.55954524737,1769.83226722429,1814.53393888869,1774.9027500558
966,-832.241389706468,805.79067243408,1.60196952770195,"gaussian","adaptive_sparse_group_lasso",1,0.0212806367599918,0.5,TRUE,"identity",NA,NA,"independent","gaussian",0.2,1000,50,1e-06,1,"PGD",0.9,TRUE,10,1,TRUE,0.00290692832696682,8,2.25675833419103,48.8204113114116,13.7719837632077,20,1680.48277941294,1668.99629608132,1713.30319072435,1678.25476317614,1737.26904891278,1685.01540695149
967,-884.910956708748,993.511596942049,1.97517216091859,"gaussian","adaptive_sparse_group_lasso",1,0.0398951377849576,0.5,TRUE,"identity",NA,NA,"independent","gaussian",0.2,1000,50,1e-06,1,"PGD",0.9,TRUE,10,1,TRUE,0.00990648788186055,8,2.25675833419103,49.2254250063265,13.8862360171403,20,1785.8219134175,1774.33543008588,1819.04733842382,1783.70814943464,1843.01319661225,1790.46879320998
968,-815.201523318283,753.004383594757,1.49702660754425,"gaussian","adaptive_sparse_group_lasso",1,0.0497931086566023,0.5,TRUE,"identity",NA,NA,"independent","gaussian",0.2,1000,50,1e-06,1,"PGD",0.9,TRUE,10,1,TRUE,0.00698512552563566,3,0.846284375321634,18.3245032279809,5.16924692245704,20,1636.40304663657,1632.09561538721,1648.72754986455,1635.57229355902,1657.71474668521,1638.10753497478
969,-883.743030750872,988.908583369207,1.96602104049544,"gaussian","adaptive_sparse_group_lasso",1,0.0558107722102655,0.5,TRUE,"identity",NA,NA,"independent","gaussian",0.2,1000,50,1e-06,1,"PGD",0.9,TRUE,10,1,TRUE,0.0100670968490792,4,1.12837916709551,23.9981401282003,6.76975034242501,20,1775.48606150174,1769.74281983593,1791.48420162994,1774.25581184417,1803.46713072416,1777.63613373184
970,-870.734278301327,939.057987779344,1.86691448862693,"gaussian","adaptive_sparse_group_lasso",1,0.0881390598370673,0.5,TRUE,"identity",NA,NA,"independent","gaussian",0.2,1000,50,1e-06,1,"PGD",0.9,TRUE,10,1,TRUE,0.00682508114646227,1,0.282094791773878,6.16364451412714,1.7387320157809,20,1743.46855660265,1742.0327461862,1747.63220111678,1743.20728861844,1750.62793339034,1744.05236909035
971,-930.168204638571,1189.38902594476,2.36459050883649,"gaussian","adaptive_sparse_group_lasso",1,0.0891543039963164,0.5,TRUE,"identity",NA,NA,"independent","gaussian",0.2,1000,50,1e-06,1,"PGD",0.9,TRUE,10,1,TRUE,0.0406234956816764,5,1.41047395886939,30.9369023829573,8.72713903584913,20,1870.33640927714,1863.15735719488,1891.2733116601,1869.06354831299,1906.25197302787,1873.28895067258
972,-925.940131977412,1169.56084195072,2.3251706599418,"gaussian","adaptive_sparse_group_lasso",1,0.0457175220255907,0.5,TRUE,"identity",NA,NA,"independent","gaussian",0.2,1000,50,1e-06,1,"PGD",0.9,TRUE,10,1,TRUE,0.0112907594278003,6,1.69256875064327,36.1787357974108,10.2058329414128,20,1863.88026395482,1855.26540145611,1888.05899975223,1862.08609689624,1906.03339339356,1867.15657972775
973,-898.619158154861,1049.16669672131,2.08581848254734,"gaussian","adaptive_sparse_group_lasso",1,2.3320626229195,0.5,TRUE,"identity",NA,NA,"independent","gaussian",0.2,1000,50,1e-06,1,"PGD",0.9,TRUE,10,1,TRUE,0,0,0,0,0,20,1797.23831630972,1797.23831630972,1797.23831630972,1797.23831630972,1797.23831630972,1797.23831630972
974,-838.0196488542,824.518172702905,1.63920113857436,"gaussian","adaptive_sparse_group_lasso",1,0.0151519567474168,0.5,TRUE,"identity",NA,NA,"independent","gaussian",0.2,1000,50,1e-06,1,"PGD",0.9,TRUE,10,1,TRUE,0.00106966502182811,6,1.69256875064327,36.4130050385783,10.2719190742189,20,1688.0392977084,1679.42443520969,1712.45230274698,1686.31121678262,1730.4266963883,1691.38169961413
975,-857.405598080832,890.586729088506,1.77055015723361,"gaussian","adaptive_sparse_group_lasso",1,0.0562742403690362,0.5,TRUE,"identity",NA,NA,"independent","gaussian",0.2,1000,50,1e-06,1,"PGD",0.9,TRUE,10,1,TRUE,0.00591263949764893,3,0.846284375321634,18.5781652436685,5.24080365595338,20,1720.81119616166,1716.50376491231,1733.38936140533,1720.05199981762,1742.37655822599,1722.58724123337
976,-883.980033104733,989.84092582781,1.96787460403143,"gaussian","adaptive_sparse_group_lasso",1,1.62508186374952,0.5,TRUE,"identity",NA,NA,"independent","gaussian",0.2,1000,50,1e-06,1,"PGD",0.9,TRUE,10,1,TRUE,0,0,0,0,0,20,1767.96006620947,1767.96006620947,1767.96006620947,1767.96006620947,1767.96006620947,1767.96006620947
977,-866.132237223619,922.031011532432,1.83306364121756,"gaussian","adaptive_sparse_group_lasso",1,0.0149959054310791,0.5,TRUE,"identity",NA,NA,"independent","gaussian",0.2,1000,50,1e-06,1,"PGD",0.9,TRUE,10,1,TRUE,0.00121163628283717,8,2.25675833419103,48.9667960726252,13.8132781419412,20,1748.26447444724,1736.77799111562,1781.23127051986,1746.07775258918,1805.1971287083,1752.83839636453
978,-887.676775755852,1004.49783321339,1.99701358491727,"gaussian","adaptive_sparse_group_lasso",1,0.00691584389404387,0.5,TRUE,"identity",NA,NA,"independent","gaussian",0.2,1000,50,1e-06,1,"PGD",0.9,TRUE,10,1,TRUE,0.000437780690031408,11,3.10304270951266,67.0168695420673,18.9051098588066,20,1797.3535515117,1781.55963693073,1842.37042105377,1794.25866137051,1875.32347606287,1803.55454656161
979,-866.59534563195,923.730390028074,1.83644212729239,"gaussian","adaptive_sparse_group_lasso",1,0.06627960159692,0.5,TRUE,"identity",NA,NA,"independent","gaussian",0.2,1000,50,1e-06,1,"PGD",0.9,TRUE,10,1,TRUE,0.0217972118745075,6,1.69256875064327,36.8317337215631,10.3900402548553,20,1745.1906912639,1736.57582876519,1770.02242498546,1743.58073151876,1787.99681862679,1748.65121435027
980,-912.901446882025,1110.47144599687,2.20769671172341,"gaussian","adaptive_sparse_group_lasso",1,1.40863233283985,0.5,TRUE,"identity",NA,NA,"independent","gaussian",0.2,1000,50,1e-06,1,"PGD",0.9,TRUE,10,1,TRUE,0,0,0,0,0,20,1825.80289376405,1825.80289376405,1825.80289376405,1825.80289376405,1825.80289376405,1825.80289376405
981,-880.973697091501,978.079179035814,1.94449140961394,"gaussian","adaptive_sparse_group_lasso",1,0.0730422226150949,0.5,TRUE,"identity",NA,NA,"independent","gaussian",0.2,1000,50,1e-06,1,"PGD",0.9,TRUE,10,1,TRUE,0.00972607121816408,2,0.564189583547756,11.4308087514589,3.22457161454982,20,1765.947394183,1763.0757733501,1773.37820293446,1765.17196579755,1779.36966748157,1766.86212674139
982,-900.226303857531,1055.89259230319,2.09919004434033,"gaussian","adaptive_sparse_group_lasso",1,0.113765094367122,0.5,TRUE,"identity",NA,NA,"independent","gaussian",0.2,1000,50,1e-06,1,"PGD",0.9,TRUE,10,1,TRUE,0.029641036991667,3,0.846284375321634,18.4540794631188,5.2057997035271,20,1806.45260771506,1802.1451764657,1818.90668717818,1805.65840741859,1827.89388399884,1808.19364883434
983,-862.953493924452,910.450670923907,1.81004109527616,"gaussian","adaptive_sparse_group_lasso",1,0.0910577574510598,0.5,TRUE,"identity",NA,NA,"independent","gaussian",0.2,1000,50,1e-06,1,"PGD",0.9,TRUE,10,1,TRUE,0.0272305162155216,4,1.12837916709551,25.5865986146079,7.21784620838961,20,1733.9069878489,1728.1637461831,1751.49358646351,1733.12483405729,1763.47651555773,1736.50515594497
984,-903.753736707397,1070.80643932311,2.12883983960857,"gaussian","adaptive_sparse_group_lasso",1,0.0762616218859576,0.5,TRUE,"identity",NA,NA,"independent","gaussian",0.2,1000,50,1e-06,1,"PGD",0.9,TRUE,10,1,TRUE,0.0178141770235443,5,1.41047395886939,28.5006446837274,8.03988342747736,20,1817.50747341479,1810.32842133253,1836.00811809852,1815.54735684227,1850.98677946629,1819.77275920186
985,-921.102096571714,1147.27734388327,2.28086947094089,"gaussian","adaptive_sparse_group_lasso",1,0.049005696742017,0.5,TRUE,"identity",NA,NA,"independent","gaussian",0.2,1000,50,1e-06,1,"PGD",0.9,TRUE,10,1,TRUE,0.00654950158943543,5,1.41047395886939,31.5133851615435,8.88976182523564,20,1852.20419314343,1845.02514106117,1873.71757830497,1851.09395496866,1888.69623967274,1855.31935732826
986,-854.202293336961,879.315438106239,1.74814202406807,"gaussian","adaptive_sparse_group_lasso",1,0.0138875183123101,0.5,TRUE,"identity",NA,NA,"independent","gaussian",0.2,1000,50,1e-06,1,"PGD",0.9,TRUE,10,1,TRUE,0.00087770228371217,6,1.69256875064327,36.5909720981096,10.32212265482,20,1720.40458667392,1711.78972417521,1744.99555877203,1718.72670932874,1762.96995241335,1723.79719216025
987,-871.017704233621,940.1168482634,1.86901957905248,"gaussian","adaptive_sparse_group_lasso",1,0.130104367483699,0.5,TRUE,"identity",NA,NA,"independent","gaussian",0.2,1000,50,1e-06,1,"PGD",0.9,TRUE,10,1,TRUE,0.0116473939890252,2,0.564189583547756,12.8240807598061,3.61760639162889,20,1746.03540846724,1743.16378763434,1754.85948922705,1745.65301485887,1760.85095377416,1747.34317580271
988,-876.284357687867,960.011383506395,1.90857133897892,"gaussian","adaptive_sparse_group_lasso",1,0.0476593963186889,0.5,TRUE,"identity",NA,NA,"independent","gaussian",0.2,1000,50,1e-06,1,"PGD",0.9,TRUE,10,1,TRUE,0.00349300661235525,2,0.564189583547756,11.8156658822992,3.3331378067369,20,1756.56871537573,1753.69709454283,1764.38438125803,1755.90185318247,1770.37584580514,1757.59201412631
989,-885.989145242058,997.779955650323,1.98365796351953,"gaussian","adaptive_sparse_group_lasso",1,0.0626670284867778,0.5,TRUE,"identity",NA,NA,"independent","gaussian",0.2,1000,50,1e-06,1,"PGD",0.9,TRUE,10,1,TRUE,0.00727569462689869,4,1.12837916709551,24.9958154397972,7.05118935170787,20,1779.97829048412,1774.23504881831,1796.97410592391,1779.02947983582,1808.95703501813,1782.4098017235
990,-859.061052756527,896.468195787609,1.78224293397139,"gaussian","adaptive_sparse_group_lasso",1,0.0498137242337896,0.5,TRUE,"identity",NA,NA,"independent","gaussian",0.2,1000,50,1e-06,1,"PGD",0.9,TRUE,10,1,TRUE,0.00384670285395588,2,0.564189583547756,11.4308087514589,3.22457161454982,20,1722.12210551305,1719.25048468015,1729.55291426451,1721.3466771276,1735.54437881162,1723.03683807144
991,-874.624089630907,953.694775816149,1.89601347080745,"gaussian","adaptive_sparse_group_lasso",1,0.0466545111311334,0.5,TRUE,"identity",NA,NA,"independent","gaussian",0.2,1000,50,1e-06,1,"PGD",0.9,TRUE,10,1,TRUE,0.00861955804991166,6,1.69256875064327,36.1629066201649,10.2013676129536,20,1761.24817926181,1752.6333167631,1785.41108588198,1759.44954687477,1803.3854795233,1764.52002970628
992,-927.194597754002,1175.40910925084,2.3367974338983,"gaussian","adaptive_sparse_group_lasso",1,1.16665968919482,0.5,TRUE,"identity",NA,NA,"independent","gaussian",0.2,1000,50,1e-06,1,"PGD",0.9,TRUE,10,1,TRUE,0,0,0,0,0,20,1854.389195508,1854.389195508,1854.389195508,1854.389195508,1854.389195508,1854.389195508
993,-893.555376106684,1028.25367757038,2.04424190371844,"gaussian","adaptive_sparse_group_lasso",1,0.044656692567984,0.5,TRUE,"identity",NA,NA,"independent","gaussian",0.2,1000,50,1e-06,1,"PGD",0.9,TRUE,10,1,TRUE,0.0113953764520348,6,1.69256875064327,36.466579683367,10.287032202485,20,1799.11075221337,1790.49588971465,1823.57733189674,1797.39778441585,1841.55172553806,1802.46826724736
994,-886.450517427317,999.612044822562,1.98730028791762,"gaussian","adaptive_sparse_group_lasso",1,0.00707340952183452,0.5,TRUE,"identity",NA,NA,"independent","gaussian",0.2,1000,50,1e-06,1,"PGD",0.9,TRUE,10,1,TRUE,0.000388700608881748,10,2.82094791773878,61.9659225199545,17.4802640103428,20,1792.90103485463,1778.54293069011,1834.86695737459,1790.38129886498,1864.82428011013,1798.83210358416
995,-884.219815747438,990.785100195113,1.96975169024873,"gaussian","adaptive_sparse_group_lasso",1,0.0889615817846246,0.5,TRUE,"identity",NA,NA,"independent","gaussian",0.2,1000,50,1e-06,1,"PGD",0.9,TRUE,10,1,TRUE,0.00705049654509861,1,0.282094791773878,6.16080719918443,1.73793162401294,20,1770.43963149488,1769.00382107842,1774.60043869406,1770.17756311889,1777.59617096761,1771.02264359081
996,-893.808675856815,1029.28981118375,2.04630181149852,"gaussian","adaptive_sparse_group_lasso",1,0.0679439636006364,0.5,TRUE,"identity",NA,NA,"independent","gaussian",0.2,1000,50,1e-06,1,"PGD",0.9,TRUE,10,1,TRUE,0.00959468195959972,2,0.564189583547756,11.4251506278973,3.22297548736188,20,1791.61735171363,1788.74573088072,1799.04250234153,1790.84032720099,1805.03396688863,1792.53048814483
997,-886.877969923651,1001.3124423596,1.99068079991968,"gaussian","adaptive_sparse_group_lasso",1,0.0479878207773312,0.5,TRUE,"identity",NA,NA,"independent","gaussian",0.2,1000,50,1e-06,1,"PGD",0.9,TRUE,10,1,TRUE,0.0102540078968602,6,1.69256875064327,37.1925291638561,10.4918187700219,20,1785.7559398473,1777.14107734859,1810.94846901116,1784.24775861732,1828.92286265248,1789.31824144883
998,-865.082710840172,918.19133141805,1.82543008234205,"gaussian","adaptive_sparse_group_lasso",1,0.082981867571262,0.5,TRUE,"identity",NA,NA,"independent","gaussian",0.2,1000,50,1e-06,1,"PGD",0.9,TRUE,10,1,TRUE,0.0107713609572954,2,0.564189583547756,12.5790746183455,3.54849143517024,20,1734.16542168034,1731.29380084744,1742.74449629869,1733.71391311551,1748.7359608458,1735.40407405935
999,-917.379721572448,1130.42188485,2.24735961202783,"gaussian","adaptive_sparse_group_lasso",1,0.049852027159425,0.5,TRUE,"identity",NA,NA,"independent","gaussian",0.2,1000,50,1e-06,1,"PGD",0.9,TRUE,10,1,TRUE,0.00905178866552676,5,1.41047395886939,29.5576160496551,8.3380495448597,20,1844.7594431449,1837.58039106264,1864.31705919455,1843.09749268976,1879.29572056232,1847.32289504935
1000,-860.727631438922,902.428418010145,1.79409228232633,"gaussian","adaptive_sparse_group_lasso",1,0.0562376369294682,0.5,TRUE,"identity",NA,NA,"independent","gaussian",0.2,1000,50,1e-06,1,"PGD",0.9,TRUE,10,1,TRUE,0.00715693964128416,4,1.12837916709551,24.68084206512,6.962337003164,20,1729.45526287784,1723.71202121204,1746.13610494296,1728.41759988101,1758.11903403718,1731.79792176868
1001,-1377.73812398059,1682.43808005309,2.21957530350012,"gaussian","adaptive_sparse_group_lasso",1,0.0562315993336364,0.5,TRUE,"identity",NA,NA,"independent","gaussian",0.2,1000,50,1e-06,1,"PGD",0.9,TRUE,10,1,TRUE,0.00533359124076485,2,0.564189583547756,13.6594671545174,3.85326454269572,20,2759.47624796118,2756.60462712828,2769.1357151157,2759.32951250388,2775.12717966281,2761.01967344772
1002,-1365.84705902369,1630.4713388199,2.15101759738772,"gaussian","adaptive_sparse_group_lasso",1,0.0730662104998427,0.5,TRUE,"identity",NA,NA,"independent","gaussian",0.2,1000,50,1e-06,1,"PGD",0.9,TRUE,10,1,TRUE,0.0193539645204996,5,1.41047395886939,31.8269420905181,8.97821460182398,20,2741.69411804739,2734.51506596513,2763.5210601379,2740.67233264921,2778.49972150567,2744.8977350088
1003,-1356.951504885,1592.64796664607,2.10111868950669,"gaussian","adaptive_sparse_group_lasso",1,0.0156632109130718,0.5,TRUE,"identity",NA,NA,"independent","gaussian",0.2,1000,50,1e-06,1,"PGD",0.9,TRUE,10,1,TRUE,0.00244289697964265,12,3.38513750128654,76.8440541069586,21.6773074423631,20,2737.90300977001,2720.67328477258,2790.74706387697,2735.58031721237,2826.69585115961,2745.72128287539
1004,-1261.26620852365,1237.29830759224,1.63231966700823,"gaussian","adaptive_sparse_group_lasso",1,0.0621670094875171,0.5,TRUE,"identity",NA,NA,"independent","gaussian",0.2,1000,50,1e-06,1,"PGD",0.9,TRUE,10,1,TRUE,0.00864703575539511,4,1.12837916709551,27.1158975177289,7.64925346402556,20,2530.53241704731,2524.7891753815,2549.64831456504,2530.18167051133,2561.63124365925,2533.56199239901
1005,-1334.3609559495,1500.49094139854,1.97953950052577,"gaussian","adaptive_sparse_group_lasso",1,0.0189684224534293,0.5,TRUE,"identity",NA,NA,"independent","gaussian",0.2,1000,50,1e-06,1,"PGD",0.9,TRUE,10,1,TRUE,0.00225243963185424,9,2.5388531259649,58.202650484609,16.4186645691436,20,2686.721911899,2673.79961815093,2726.92456238361,2685.14057646815,2753.8861528456,2692.74630071541
1006,-1345.45323692575,1545.0551120636,2.0383312824058,"gaussian","adaptive_sparse_group_lasso",1,0.0416079900464908,0.5,TRUE,"identity",NA,NA,"independent","gaussian",0.2,1000,50,1e-06,1,"PGD",0.9,TRUE,10,1,TRUE,0.00158707999774231,1,0.282094791773878,6.68534858471272,1.88590201694032,20,2692.9064738515,2691.47066343505,2697.59182243621,2692.79237586844,2700.58755470977,2693.63745634036
1007,-1300.92222391243,1373.77648294629,1.81237003027215,"gaussian","adaptive_sparse_group_lasso",1,0.0275869181042609,0.5,TRUE,"identity",NA,NA,"independent","gaussian",0.2,1000,50,1e-06,1,"PGD",0.9,TRUE,10,1,TRUE,0.00263625320245748,5,1.41047395886939,32.6024837858813,9.19699087488943,20,2611.84444782485,2604.66539574259,2634.44693161074,2611.04143869974,2649.42559297851,2615.26684105934
1008,-1271.76707444685,1272.05917957583,1.67817833717128,"gaussian","adaptive_sparse_group_lasso",1,0.0492282680553402,0.5,TRUE,"identity",NA,NA,"independent","gaussian",0.2,1000,50,1e-06,1,"PGD",0.9,TRUE,10,1,TRUE,0.00520607139429028,4,1.12837916709551,25.8475087288358,7.29144759273442,20,2551.53414889369,2545.79090722788,2569.38165762253,2550.82559648642,2581.36458671674,2554.2059183741
1009,-1357.44587056069,1594.72676405897,2.10386116630471,"gaussian","adaptive_sparse_group_lasso",1,0.0227292260991473,0.5,TRUE,"identity",NA,NA,"independent","gaussian",0.2,1000,50,1e-06,1,"PGD",0.9,TRUE,10,1,TRUE,0.00187609247102571,4,1.12837916709551,24.4360319302241,6.89327733913642,20,2722.89174112137,2717.14849945556,2739.32777305159,2721.78501846051,2751.31070214581,2725.16534034818
1010,-1341.17929211568,1527.72955414272,2.01547434583472,"gaussian","adaptive_sparse_group_lasso",1,0.00358043343052551,0.5,TRUE,"identity",NA,NA,"independent","gaussian",0.2,1000,50,1e-06,1,"PGD",0.9,TRUE,10,1,TRUE,9.43216586519429e-05,11,3.10304270951266,72.4633557950524,20.4415352642417,20,2704.35858423136,2688.56466965038,2754.82194002641,2702.8001194956,2787.7749950355,2712.0960046867
1011,-1277.6333987492,1291.90182663646,1.70435597181591,"gaussian","adaptive_sparse_group_lasso",1,0.0467768831455054,0.5,TRUE,"identity",NA,NA,"independent","gaussian",0.2,1000,50,1e-06,1,"PGD",0.9,TRUE,10,1,TRUE,0.010557167991076,7,1.97466354241715,43.7085708170731,12.329960183376,20,2569.26679749841,2559.21612458324,2598.97536831548,2567.59675768179,2619.94549423036,2573.51232098521
1012,-1343.78702822892,1538.27745077493,2.02938977674792,"gaussian","adaptive_sparse_group_lasso",1,0.0267611372769821,0.5,TRUE,"identity",NA,NA,"independent","gaussian",0.2,1000,50,1e-06,1,"PGD",0.9,TRUE,10,1,TRUE,0.00223168962440535,4,1.12837916709551,26.1491213168043,7.37653093293378,20,2695.57405645783,2689.83081479203,2713.72317777464,2694.95058739077,2725.70610686885,2698.33090927844
1013,-1299.12804966594,1367.28843690052,1.80381060277113,"gaussian","adaptive_sparse_group_lasso",1,0.0585350441518077,0.5,TRUE,"identity",NA,NA,"independent","gaussian",0.2,1000,50,1e-06,1,"PGD",0.9,TRUE,10,1,TRUE,0.00574185074793447,2,0.564189583547756,13.6594671545174,3.85326454269572,20,2602.25609933188,2599.38447849898,2611.9155664864,2602.10936387458,2617.90703103351,2603.79952481842
1014,-1370.90461873914,1652.37495994417,2.17991419517701,"gaussian","adaptive_sparse_group_lasso",1,0.0432534459528521,0.5,TRUE,"identity",NA,NA,"independent","gaussian",0.2,1000,50,1e-06,1,"PGD",0.9,TRUE,10,1,TRUE,0.00423330176794165,4,1.12837916709551,27.2611148471792,7.69021851633878,20,2749.80923747828,2744.06599581247,2769.07035232546,2749.49945599462,2781.05328141967,2752.87977788229
1015,-1359.89014371423,1605.04482300243,2.1174733812697,"gaussian","adaptive_sparse_group_lasso",1,0.0898699462589127,0.5,TRUE,"identity",NA,NA,"independent","gaussian",0.2,1000,50,1e-06,1,"PGD",0.9,TRUE,10,1,TRUE,0.00697773208605375,1,0.282094791773878,6.57329759141942,1.85429301531919,20,2721.78028742846,2720.344477012,2726.35358501987,2721.63458044377,2729.34931729343,2722.47966091569
1016,-1359.96309996841,1605.35381859425,2.11788102716919,"gaussian","adaptive_sparse_group_lasso",1,0.0509529481433644,0.5,TRUE,"identity",NA,NA,"independent","gaussian",0.2,1000,50,1e-06,1,"PGD",0.9,TRUE,10,1,TRUE,0.01023843344955,5,1.41047395886939,32.6821623137415,9.21946777261499,20,2729.92619993682,2722.74714785456,2752.60836225056,2729.14566770943,2767.58702361833,2733.37107006903
1017,-1383.85470801535,1709.8108043607,2.25568707699301,"gaussian","adaptive_sparse_group_lasso",1,0.0485958602747662,0.5,TRUE,"identity",NA,NA,"independent","gaussian",0.2,1000,50,1e-06,1,"PGD",0.9,TRUE,10,1,TRUE,0.0057115204367748,3,0.846284375321634,18.4823255477805,5.21376777689816,20,2773.7094160307,2769.40198478134,2786.19174157848,2772.9231838076,2795.17893839914,2775.45842522335
1018,-1362.54057355638,1616.30859137431,2.13233323400305,"gaussian","adaptive_sparse_group_lasso",1,0.0714319376639497,0.5,TRUE,"identity",NA,NA,"independent","gaussian",0.2,1000,50,1e-06,1,"PGD",0.9,TRUE,10,1,TRUE,0.0122802980090452,3,0.846284375321634,19.0445185634117,5.37235949857939,20,2731.08114711276,2726.7737158634,2744.12566567617,2730.45350661134,2753.11286249683,2732.98874802709
1019,-1336.61422852208,1509.43839686826,1.99134353148847,"gaussian","adaptive_sparse_group_lasso",1,0.14355470837379,0.5,TRUE,"identity",NA,NA,"independent","gaussian",0.2,1000,50,1e-06,1,"PGD",0.9,TRUE,10,1,TRUE,0.0223694321185756,1,0.282094791773878,6.45569539338392,1.82111804775222,20,2675.22845704417,2673.79264662771,2679.68415243755,2675.04957509192,2682.6798847111,2675.89465556384
1020,-1309.00716369486,1403.39710268957,1.85144736502582,"gaussian","adaptive_sparse_group_lasso",1,0.0389340311509998,0.5,TRUE,"identity",NA,NA,"independent","gaussian",0.2,1000,50,1e-06,1,"PGD",0.9,TRUE,10,1,TRUE,0.00213124221206679,2,0.564189583547756,13.1410439780966,3.70702006469255,20,2622.01432738973,2619.14270655682,2631.15537136782,2621.72134745442,2637.14683591493,2623.41150839826
1021,-1367.66553650291,1638.31329110238,2.16136318087385,"gaussian","adaptive_sparse_group_lasso",1,0.0697875564194089,0.5,TRUE,"identity",NA,NA,"independent","gaussian",0.2,1000,50,1e-06,1,"PGD",0.9,TRUE,10,1,TRUE,0.0245684046579033,9,2.5388531259649,59.5485794485542,16.7983441199701,20,2753.33107300582,2740.40877925775,2794.87965245437,2752.12941712579,2821.84124291636,2759.73514137305
1022,-1279.83292137628,1299.42116377923,1.71427594166125,"gaussian","adaptive_sparse_group_lasso",1,0.014921785964277,0.5,TRUE,"identity",NA,NA,"independent","gaussian",0.2,1000,50,1e-06,1,"PGD",0.9,TRUE,10,1,TRUE,0.000719001399790261,7,1.97466354241715,45.6067271604793,12.8654202018235,20,2573.66584275256,2563.61516983739,2605.27256991304,2572.53126295438,2626.24269582792,2578.44682625781
1023,-1336.07673844658,1507.29925929727,1.98852145026025,"gaussian","adaptive_sparse_group_lasso",1,0.0245602096761043,0.5,TRUE,"identity",NA,NA,"independent","gaussian",0.2,1000,50,1e-06,1,"PGD",0.9,TRUE,10,1,TRUE,0.00247487628553556,5,1.41047395886939,32.302001706474,9.11222644526724,20,2682.15347689317,2674.97442481091,2704.45547859964,2681.26570333844,2719.43413996741,2685.49110569803
1024,-1367.82839780126,1639.01744721181,2.16229214671742,"gaussian","adaptive_sparse_group_lasso",1,0.0471961922520622,0.5,TRUE,"identity",NA,NA,"independent","gaussian",0.2,1000,50,1e-06,1,"PGD",0.9,TRUE,10,1,TRUE,0.00273414898173347,2,0.564189583547756,12.2979843955059,3.46919734728863,20,2739.65679560251,2736.78517476961,2747.95477999802,2739.1259929498,2753.94624454513,2740.81615389364
1025,-1344.8234327788,1542.48974516713,2.03494689336034,"gaussian","adaptive_sparse_group_lasso",1,0.00845432948635962,0.5,TRUE,"identity",NA,NA,"independent","gaussian",0.2,1000,50,1e-06,1,"PGD",0.9,TRUE,10,1,TRUE,0.000319746202371919,6,1.69256875064327,39.6549902263335,11.1864662106927,20,2701.64686555759,2693.03200305888,2729.30185578393,2700.83333176828,2747.27624942525,2705.9038145998
1026,-1343.19531895179,1535.87770703253,2.02622388790571,"gaussian","adaptive_sparse_group_lasso",1,0.112862897880974,0.5,TRUE,"identity",NA,NA,"independent","gaussian",0.2,1000,50,1e-06,1,"PGD",0.9,TRUE,10,1,TRUE,0.0234405668976291,2,0.564189583547756,12.8119313217515,3.61417909843073,20,2690.39063790357,2687.51901707067,2699.20256922532,2690.004817002,2705.19403377243,2691.69497794584
1027,-1344.74414516233,1542.16708674113,2.03452122261363,"gaussian","adaptive_sparse_group_lasso",1,0.0213869319526446,0.5,TRUE,"identity",NA,NA,"independent","gaussian",0.2,1000,50,1e-06,1,"PGD",0.9,TRUE,10,1,TRUE,0.00255227290850125,8,2.25675833419103,52.1425363290008,14.7091379282914,20,2705.48829032467,2694.00180699305,2741.63082665367,2704.19742825296,2765.5966848421,2710.95807202831
1028,-1296.14312705429,1356.5622607633,1.78965997462177,"gaussian","adaptive_sparse_group_lasso",1,0.0214418175385839,0.5,TRUE,"identity",NA,NA,"independent","gaussian",0.2,1000,50,1e-06,1,"PGD",0.9,TRUE,10,1,TRUE,0.00171711987696059,6,1.69256875064327,38.8772055465526,10.967057203405,20,2604.28625410859,2595.67139160987,2631.16345965514,2603.25331131199,2649.13785329646,2608.3237941435
1029,-1403.48994968531,1800.72749868127,2.3756299454898,"gaussian","adaptive_sparse_group_lasso",1,0.0703819257346705,0.5,TRUE,"identity",NA,NA,"independent","gaussian",0.2,1000,50,1e-06,1,"PGD",0.9,TRUE,10,1,TRUE,0.0265060533186627,7,1.97466354241715,45.7685458733703,12.9110684179416,20,2820.97989937062,2810.92922645546,2852.74844524399,2819.89096778856,2873.71857115887,2825.80653109199
1030,-1321.30772903243,1449.69199532799,1.91252242127703,"gaussian","adaptive_sparse_group_lasso",1,0.0173622554947842,0.5,TRUE,"identity",NA,NA,"independent","gaussian",0.2,1000,50,1e-06,1,"PGD",0.9,TRUE,10,1,TRUE,0.00151723024938707,6,1.69256875064327,39.2698352180481,11.0778159888298,20,2654.61545806487,2646.00059556615,2681.88529328291,2653.6932740537,2699.85968692424,2658.76375688521
1031,-1365.03799924709,1626.99444760534,2.14643066966404,"gaussian","adaptive_sparse_group_lasso",1,0.0295482240441114,0.5,TRUE,"identity",NA,NA,"independent","gaussian",0.2,1000,50,1e-06,1,"PGD",0.9,TRUE,10,1,TRUE,0.00425964910372184,7,1.97466354241715,45.2479628945533,12.7642146709312,20,2744.07599849418,2734.02532557901,2775.32396138873,2742.84021316511,2796.29408730361,2748.75577646854
1032,-1324.06982273389,1460.29571981924,1.92651150371931,"gaussian","adaptive_sparse_group_lasso",1,0.165378010116933,0.5,TRUE,"identity",NA,NA,"independent","gaussian",0.2,1000,50,1e-06,1,"PGD",0.9,TRUE,10,1,TRUE,0.0292138636941959,1,0.282094791773878,6.03267014385584,1.7017848280715,20,2650.13964546778,2648.70383505133,2654.17231561163,2649.84143029585,2657.16804788519,2650.68651076777
1033,-1324.65675271291,1462.55892651239,1.92949726452822,"gaussian","adaptive_sparse_group_lasso",1,0.0243330284943691,0.5,TRUE,"identity",NA,NA,"independent","gaussian",0.2,1000,50,1e-06,1,"PGD",0.9,TRUE,10,1,TRUE,0.00211367765859077,6,1.69256875064327,38.4385702860095,10.8433204809174,20,2661.31350542583,2652.69864292711,2687.75207571184,2660.15682590674,2705.72646935316,2665.22730873826
1034,-1265.06038904712,1249.74714745755,1.64874293859835,"gaussian","adaptive_sparse_group_lasso",1,0.0286383586377792,0.5,TRUE,"identity",NA,NA,"independent","gaussian",0.2,1000,50,1e-06,1,"PGD",0.9,TRUE,10,1,TRUE,0.00325057690249313,6,1.69256875064327,39.0610719862299,11.01892496842,20,2542.12077809423,2533.50591559552,2569.18185008046,2541.13970306265,2587.15624372179,2546.21018589416
1035,-1333.11978994271,1495.58510443488,1.97306742009879,"gaussian","adaptive_sparse_group_lasso",1,0.0996855725155919,0.5,TRUE,"identity",NA,NA,"independent","gaussian",0.2,1000,50,1e-06,1,"PGD",0.9,TRUE,10,1,TRUE,0.0420540990426543,7,1.97466354241715,45.9114374855434,12.9513773975238,20,2680.23957988542,2670.18890697026,2712.15101737097,2679.19095728295,2733.12114328584,2685.10652058637
1036,-1322.36009297786,1453.72292833742,1.91784027485148,"gaussian","adaptive_sparse_group_lasso",1,0.022082661039487,0.5,TRUE,"identity",NA,NA,"independent","gaussian",0.2,1000,50,1e-06,1,"PGD",0.9,TRUE,10,1,TRUE,0.00287051547203942,8,2.25675833419103,52.5340225910246,14.8195741638593,20,2660.72018595571,2649.23370262409,2697.25420854674,2659.53976011957,2721.22006673517,2666.30040389492
1037,-1358.00990704091,1597.10183983593,2.10699451165689,"gaussian","adaptive_sparse_group_lasso",1,0.0336694174342344,0.5,TRUE,"identity",NA,NA,"independent","gaussian",0.2,1000,50,1e-06,1,"PGD",0.9,TRUE,10,1,TRUE,0.00708834593635858,6,1.69256875064327,38.4310495368901,10.8411989167606,20,2728.01981408181,2719.4049515831,2754.4508636187,2726.86101299857,2772.42525726003,2731.93149583008
1038,-1292.77032348136,1344.54347586247,1.77380405786606,"gaussian","adaptive_sparse_group_lasso",1,0.0174619312799673,0.5,TRUE,"identity",NA,NA,"independent","gaussian",0.2,1000,50,1e-06,1,"PGD",0.9,TRUE,10,1,TRUE,0.00134063725847088,6,1.69256875064327,37.7254197547991,10.6421444303122,20,2597.54064696273,2588.92578446401,2623.26606671753,2596.18279139304,2641.24046035885,2601.25327422455
1039,-1317.4078926436,1434.85143047021,1.89294383967046,"gaussian","adaptive_sparse_group_lasso",1,0.0352923467153846,0.5,TRUE,"identity",NA,NA,"independent","gaussian",0.2,1000,50,1e-06,1,"PGD",0.9,TRUE,10,1,TRUE,0.0068490950609874,7,1.97466354241715,45.8978506667558,12.947544626707,20,2648.8157852872,2638.76511237203,2680.71363595395,2647.7633299139,2701.68376186883,2653.67889321733
1040,-1321.14937379286,1449.08640595923,1.91172349071138,"gaussian","adaptive_sparse_group_lasso",1,0.040538091839391,0.5,TRUE,"identity",NA,NA,"independent","gaussian",0.2,1000,50,1e-06,1,"PGD",0.9,TRUE,10,1,TRUE,0.00494859269440317,4,1.12837916709551,25.9077686484507,7.3084466022105,20,2650.29874758572,2644.55550591991,2668.20651623417,2649.60719418793,2680.18944532839,2652.98751607561
1041,-1332.55077646212,1493.34138524535,1.97010736839755,"gaussian","adaptive_sparse_group_lasso",1,0.0132855472355994,0.5,TRUE,"identity",NA,NA,"independent","gaussian",0.2,1000,50,1e-06,1,"PGD",0.9,TRUE,10,1,TRUE,0.000809400680445972,6,1.69256875064327,38.9375770012828,10.9840876763562,20,2677.10155292423,2668.48669042552,2704.03912992552,2676.08564060059,2722.01352356684,2681.1561234321
1042,-1342.9315684093,1534.80924355449,2.02481430548086,"gaussian","adaptive_sparse_group_lasso",1,0.114084228627561,0.5,TRUE,"identity",NA,NA,"independent","gaussian",0.2,1000,50,1e-06,1,"PGD",0.9,TRUE,10,1,TRUE,0.0342377292433309,3,0.846284375321634,19.5455922609782,5.51370977895777,20,2691.86313681859,2687.55570556923,2705.40872907957,2691.37684659755,2714.39592590023,2693.9120880133
1043,-1365.05718021598,1627.0767909288,2.14653930201689,"gaussian","adaptive_sparse_group_lasso",1,0.0992612964941198,0.5,TRUE,"identity",NA,NA,"independent","gaussian",0.2,1000,50,1e-06,1,"PGD",0.9,TRUE,10,1,TRUE,0.0170257335763452,2,0.564189583547756,12.8333803642113,3.62022976159716,20,2734.11436043196,2731.24273959905,2742.94774079617,2733.73459019356,2748.93920534328,2735.42475113739
1044,-1339.71704591119,1521.84667059595,2.00771328574664,"gaussian","adaptive_sparse_group_lasso",1,0.0327312703426031,0.5,TRUE,"identity",NA,NA,"independent","gaussian",0.2,1000,50,1e-06,1,"PGD",0.9,TRUE,10,1,TRUE,0.00329101004257314,4,1.12837916709551,25.8428020580106,7.29011986540804,20,2687.43409182238,2681.69085015657,2705.27689388039,2686.72421168779,2717.25982297461,2690.10453357546
1045,-1315.98350135941,1429.46896581941,1.88584296282244,"gaussian","adaptive_sparse_group_lasso",1,0.0123765470082458,0.5,TRUE,"identity",NA,NA,"independent","gaussian",0.2,1000,50,1e-06,1,"PGD",0.9,TRUE,10,1,TRUE,0.000788091693870687,9,2.5388531259649,59.2331620865404,16.709366524911,20,2649.96700271881,2637.04470897074,2691.20016480535,2648.67636924372,2718.16175526734,2656.28209349099
1046,-1308.85871712228,1402.84752829382,1.85072233284145,"gaussian","adaptive_sparse_group_lasso",1,0.0539889573714393,0.5,TRUE,"identity",NA,NA,"independent","gaussian",0.2,1000,50,1e-06,1,"PGD",0.9,TRUE,10,1,TRUE,0.00737053498824149,3,0.846284375321634,19.5960020458115,5.52793011671367,20,2623.71743424456,2619.4100029952,2637.31343629037,2623.24536436127,2646.30063311103,2625.78060577703
1047,-1349.17811054208,1560.31503054083,2.05846310097734,"gaussian","adaptive_sparse_group_lasso",1,0.0679072442617585,0.5,TRUE,"identity",NA,NA,"independent","gaussian",0.2,1000,50,1e-06,1,"PGD",0.9,TRUE,10,1,TRUE,0.0114305249054526,3,0.846284375321634,20.2072823165886,5.70036909741402,20,2704.35622108416,2700.04878983481,2718.56350340075,2704.05659018158,2727.55070022141,2706.59183159733
1048,-1349.74581458691,1562.65397751477,2.06154878300101,"gaussian","adaptive_sparse_group_lasso",1,0.0432502182970424,0.5,TRUE,"identity",NA,NA,"independent","gaussian",0.2,1000,50,1e-06,1,"PGD",0.9,TRUE,10,1,TRUE,0.00232819796157757,2,0.564189583547756,12.6186598724328,3.55965822917933,20,2703.49162917382,2700.62000834091,2712.11028904625,2703.05128740299,2718.10175359336,2704.74144834683
1049,-1350.79805711794,1566.99850433985,2.06728034873331,"gaussian","adaptive_sparse_group_lasso",1,0.00320578212858249,0.5,TRUE,"identity",NA,NA,"independent","gaussian",0.2,1000,50,1e-06,1,"PGD",0.9,TRUE,10,1,TRUE,0.000164679020041746,20,5.64189583547756,131.6891051167,37.1488106867837,20,2741.59611423589,2712.87990590684,2833.28521935259,2738.74492492267,2893.19986482366,2755.64653436104
1050,-1382.87452890507,1705.39456281404,2.24986090081008,"gaussian","adaptive_sparse_group_lasso",1,0.010592526857024,0.5,TRUE,"identity",NA,NA,"independent","gaussian",0.2,1000,50,1e-06,1,"PGD",0.9,TRUE,10,1,TRUE,0.000341069119653803,4,1.12837916709551,26.4973993326445,7.47477834729165,20,2773.74905781015,2768.00581614434,2792.24645714279,2773.22383615744,2804.22938623701,2776.60415804511
1051,-1343.84291958288,1538.50431818735,2.02968907412579,"gaussian","adaptive_sparse_group_lasso",1,0.039761927925124,0.5,TRUE,"identity",NA,NA,"independent","gaussian",0.2,1000,50,1e-06,1,"PGD",0.9,TRUE,10,1,TRUE,0.00588910035256471,5,1.41047395886939,32.6132082921354,9.20001620224804,20,2697.68583916577,2690.50678708351,2720.2990474579,2696.88585536802,2735.27770882567,2701.11125772761
1052,-1343.08498400784,1535.43064551205,2.02563409698159,"gaussian","adaptive_sparse_group_lasso",1,1.19164082080487,0.5,TRUE,"identity",NA,NA,"independent","gaussian",0.2,1000,50,1e-06,1,"PGD",0.9,TRUE,10,1,TRUE,0,0,0,0,0,20,2686.16996801568,2686.16996801568,2686.16996801568,2686.16996801568,2686.16996801568,2686.16996801568
1053,-1335.11841840004,1503.49279380495,1.98349972797487,"gaussian","adaptive_sparse_group_lasso",1,0.0405947018674168,0.5,TRUE,"identity",NA,NA,"independent","gaussian",0.2,1000,50,1e-06,1,"PGD",0.9,TRUE,10,1,TRUE,0.00768455932196239,6,1.69256875064327,40.100150766903,11.3120436806906,20,2682.23683680008,2673.62197430137,2710.33698756699,2681.54888048078,2728.31138120831,2686.61936331229
1054,-1310.92491686447,1410.51633739228,1.86083949524048,"gaussian","adaptive_sparse_group_lasso",1,0.0107366677575438,0.5,TRUE,"identity",NA,NA,"independent","gaussian",0.2,1000,50,1e-06,1,"PGD",0.9,TRUE,10,1,TRUE,0.000403787671090236,6,1.69256875064327,38.4335985150684,10.841917970229,20,2633.84983372894,2625.23497123022,2660.283432244,2632.69175169916,2678.25782588533,2637.76223453068
1055,-1342.76615644934,1534.13953270484,2.02393078193251,"gaussian","adaptive_sparse_group_lasso",1,0.0218509067009582,0.5,TRUE,"identity",NA,NA,"independent","gaussian",0.2,1000,50,1e-06,1,"PGD",0.9,TRUE,10,1,TRUE,0.00158953938514681,4,1.12837916709551,26.1391221030691,7.37371020681726,20,2693.53231289867,2687.78907123286,2711.67143500174,2692.90602310549,2723.65436409596,2696.28634499316
1056,-1380.67895326533,1695.54364434779,2.23686496615803,"gaussian","adaptive_sparse_group_lasso",1,0.125772078111813,0.5,TRUE,"identity",NA,NA,"independent","gaussian",0.2,1000,50,1e-06,1,"PGD",0.9,TRUE,10,1,TRUE,0.0353296228909004,3,0.846284375321634,18.0519872043499,5.09237157151578,20,2767.35790653065,2763.05047528129,2779.409893735,2766.45027810217,2788.39709055566,2768.98551951792
1057,-1342.88976617705,1534.6399693741,2.02459098862019,"gaussian","adaptive_sparse_group_lasso",1,0.0274831806080792,0.5,TRUE,"identity",NA,NA,"independent","gaussian",0.2,1000,50,1e-06,1,"PGD",0.9,TRUE,10,1,TRUE,0.0037863526431019,7,1.97466354241715,45.8607140806823,12.9370685891914,20,2699.7795323541,2689.72885943893,2731.64024643478,2698.71660094329,2752.61037234966,2704.63216424672
1058,-1328.64374091381,1478.02590395739,1.94990224796489,"gaussian","adaptive_sparse_group_lasso",1,0.0230829912380108,0.5,TRUE,"identity",NA,NA,"independent","gaussian",0.2,1000,50,1e-06,1,"PGD",0.9,TRUE,10,1,TRUE,0.00317995656844757,10,2.82094791773878,65.8912405949545,18.5875757953562,20,2677.28748182762,2662.9293776631,2723.17872242258,2675.87505762298,2753.13604515812,2684.32586234217
1059,-1275.75807017829,1285.52516092749,1.69594348407321,"gaussian","adaptive_sparse_group_lasso",1,0.0105974604320843,0.5,TRUE,"identity",NA,NA,"independent","gaussian",0.2,1000,50,1e-06,1,"PGD",0.9,TRUE,10,1,TRUE,0.000315747669067501,4,1.12837916709551,25.7610634935663,7.26706184209125,20,2559.51614035657,2553.77289869076,2577.27720385014,2558.78320219866,2589.26013294435,2562.16352408634
1060,-1338.69344187683,1517.74200919204,2.00229816516101,"gaussian","adaptive_sparse_group_lasso",1,0.00626043040871677,0.5,TRUE,"identity",NA,NA,"independent","gaussian",0.2,1000,50,1e-06,1,"PGD",0.9,TRUE,10,1,TRUE,0.000324400530833697,12,3.38513750128654,77.8421607217092,21.9588681200193,20,2701.38688375366,2684.15715875624,2755.22904447537,2699.34575187368,2791.17783175802,2709.48671753671
1061,-1298.65803717979,1365.59386086028,1.80157501432754,"gaussian","adaptive_sparse_group_lasso",1,0.00846011888443864,0.5,TRUE,"identity",NA,NA,"independent","gaussian",0.2,1000,50,1e-06,1,"PGD",0.9,TRUE,10,1,TRUE,0.000823305549565759,15,4.23142187660817,98.1585441226116,27.6900140650951,20,2627.31607435958,2605.7789181128,2695.4746184822,2625.00608842468,2740.4106025855,2637.68229550346
1062,-1356.00084285605,1588.65806524593,2.09585496734292,"gaussian","adaptive_sparse_group_lasso",1,0.0347077669207612,0.5,TRUE,"identity",NA,NA,"independent","gaussian",0.2,1000,50,1e-06,1,"PGD",0.9,TRUE,10,1,TRUE,0.00591363001292875,6,1.69256875064327,39.4235690105424,11.1211834910121,20,2724.00168571209,2715.38682321338,2751.42525472263,2723.1228692031,2769.39964836396,2728.19335203461
1063,-1300.96758527557,1373.94091593652,1.81258696033842,"gaussian","adaptive_sparse_group_lasso",1,0.102021546054306,0.5,TRUE,"identity",NA,NA,"independent","gaussian",0.2,1000,50,1e-06,1,"PGD",0.9,TRUE,10,1,TRUE,0.0322309805659406,5,1.41047395886939,31.6768449598621,8.93587298300573,20,2611.93517055114,2604.75611846888,2633.612015511,2610.87104353414,2648.59067687877,2615.09644589374
1064,-1311.76013680036,1413.62818548297,1.86494483572952,"gaussian","adaptive_sparse_group_lasso",1,0.0266007839749463,0.5,TRUE,"identity",NA,NA,"independent","gaussian",0.2,1000,50,1e-06,1,"PGD",0.9,TRUE,10,1,TRUE,0.0028634630300554,5,1.41047395886939,32.158715563399,9.0718061705724,20,2633.52027360073,2626.34122151847,2655.67898916413,2632.5920797713,2670.6576505319,2636.81748213089
1065,-1295.0303292269,1352.58504299562,1.78441298548235,"gaussian","adaptive_sparse_group_lasso",1,0.0192817702455377,0.5,TRUE,"identity",NA,NA,"independent","gaussian",0.2,1000,50,1e-06,1,"PGD",0.9,TRUE,10,1,TRUE,0.00172488134980795,6,1.69256875064327,37.8586427212686,10.6797259352979,20,2602.06065845379,2593.44579595508,2627.91930117506,2600.74038438909,2645.89369481639,2605.8108672206
1066,-1300.12456532021,1370.8882183373,1.80855965479855,"gaussian","adaptive_sparse_group_lasso",1,0.0273816094614144,0.5,TRUE,"identity",NA,NA,"independent","gaussian",0.2,1000,50,1e-06,1,"PGD",0.9,TRUE,10,1,TRUE,0.00299662861864305,7,1.97466354241715,45.8104185214255,12.9228804738758,20,2614.24913064041,2604.19845772525,2646.05954916184,2613.17201111429,2667.02967507671,2619.08757441772
1067,-1355.0191751825,1584.54852357285,2.09043340840745,"gaussian","adaptive_sparse_group_lasso",1,0.136288105281604,0.5,TRUE,"identity",NA,NA,"independent","gaussian",0.2,1000,50,1e-06,1,"PGD",0.9,TRUE,10,1,TRUE,0.0337600244593681,4,1.12837916709551,24.2694693433448,6.84629090087338,20,2718.038350365,2712.29510869919,2734.30781970834,2716.88464126587,2746.29074880256,2720.26496315354
1068,-1288.053279153,1327.9129577385,1.75186406034104,"gaussian","adaptive_sparse_group_lasso",1,0.0552718894998782,0.5,TRUE,"identity",NA,NA,"independent","gaussian",0.2,1000,50,1e-06,1,"PGD",0.9,TRUE,10,1,TRUE,0.0113957211268898,5,1.41047395886939,31.6825065642774,8.93747009212437,20,2586.10655830601,2578.92750622375,2607.78906487029,2585.04402839813,2622.76772623806,2589.26943075772
1069,-1329.79522107887,1482.52328000054,1.95583546174214,"gaussian","adaptive_sparse_group_lasso",1,0.0249884744028548,0.5,TRUE,"identity",NA,NA,"independent","gaussian",0.2,1000,50,1e-06,1,"PGD",0.9,TRUE,10,1,TRUE,0.00179923889900841,4,1.12837916709551,26.0326017717425,7.34366137613199,20,2667.59044215774,2661.84720049193,2685.62304392948,2666.93410353387,2697.6059730237,2670.31442542154
1070,-1331.43963833555,1488.96967396614,1.96433993926931,"gaussian","adaptive_sparse_group_lasso",1,0.0322569563464426,0.5,TRUE,"identity",NA,NA,"independent","gaussian",0.2,1000,50,1e-06,1,"PGD",0.9,TRUE,10,1,TRUE,0.00273965685068616,3,0.846284375321634,19.5544375613931,5.51620499213649,20,2668.87927667109,2664.57184542174,2682.43371423249,2668.39548166323,2691.42091105315,2670.93072307899
1071,-1304.50471374406,1386.82364422333,1.8295826440941,"gaussian","adaptive_sparse_group_lasso",1,0.0140149305346966,0.5,TRUE,"identity",NA,NA,"independent","gaussian",0.2,1000,50,1e-06,1,"PGD",0.9,TRUE,10,1,TRUE,0.00212591748985465,15,4.23142187660817,98.3753246000028,27.7511667087255,20,2639.00942748812,2617.47227124133,2707.38475208812,2636.76059419684,2752.32073619143,2649.43680127562
1072,-1388.63072958479,1731.49355681177,2.2842922913084,"gaussian","adaptive_sparse_group_lasso",1,0.0216050143044548,0.5,TRUE,"identity",NA,NA,"independent","gaussian",0.2,1000,50,1e-06,1,"PGD",0.9,TRUE,10,1,TRUE,0.00329123484226314,9,2.5388531259649,59.1804292783869,16.6944908743753,20,2795.26145916957,2782.3391654215,2836.44188844796,2793.95595004395,2863.40347890994,2801.56167429121
1073,-1333.90736870821,1498.69622784731,1.9771718045479,"gaussian","adaptive_sparse_group_lasso",1,0.0244576369668262,0.5,TRUE,"identity",NA,NA,"independent","gaussian",0.2,1000,50,1e-06,1,"PGD",0.9,TRUE,10,1,TRUE,0.00201746082020598,5,1.41047395886939,32.4511221830701,9.15429255506184,20,2677.81473741643,2670.63568533416,2700.2658595995,2676.96902997149,2715.24452096727,2681.19443233108
1074,-1306.48783953956,1394.09924757316,1.83918106539995,"gaussian","adaptive_sparse_group_lasso",1,0.0156609905942706,0.5,TRUE,"identity",NA,NA,"independent","gaussian",0.2,1000,50,1e-06,1,"PGD",0.9,TRUE,10,1,TRUE,0.00154501452770302,8,2.25675833419103,52.6554013304516,14.8538144740837,20,2628.97567907912,2617.4891957475,2665.63108040957,2627.8294935532,2689.596938598,2634.59013732855
1075,-1381.65275651976,1699.90577875335,2.24261976088832,"gaussian","adaptive_sparse_group_lasso",1,0.0592603793225914,0.5,TRUE,"identity",NA,NA,"independent","gaussian",0.2,1000,50,1e-06,1,"PGD",0.9,TRUE,10,1,TRUE,0.0100265372446581,4,1.12837916709551,25.6034261737134,7.22259317517153,20,2771.30551303952,2765.56227137371,2788.90893921324,2770.52810621469,2800.89186830745,2773.90842810237
1076,-1331.82038717643,1490.46626589911,1.96631433495924,"gaussian","adaptive_sparse_group_lasso",1,0.0384080946205963,0.5,TRUE,"identity",NA,NA,"independent","gaussian",0.2,1000,50,1e-06,1,"PGD",0.9,TRUE,10,1,TRUE,0.00365004307079268,3,0.846284375321634,18.2500664330963,5.14824869030374,20,2669.64077435287,2665.33334310351,2681.89084078596,2668.78902304317,2690.87803760662,2671.32426445892
1077,-1317.33886500684,1434.59012338746,1.89259910737131,"gaussian","adaptive_sparse_group_lasso",1,0.0182772579750238,0.5,TRUE,"identity",NA,NA,"independent","gaussian",0.2,1000,50,1e-06,1,"PGD",0.9,TRUE,10,1,TRUE,0.00210022747035007,7,1.97466354241715,46.2644891874719,13.0509714438647,20,2648.67773001368,2638.62705709852,2680.94221920115,2647.72870145755,2701.91234511603,2653.64426476098
1078,-1333.86902511645,1498.54461177995,1.97697178335086,"gaussian","adaptive_sparse_group_lasso",1,0.0232227818637497,0.5,TRUE,"identity",NA,NA,"independent","gaussian",0.2,1000,50,1e-06,1,"PGD",0.9,TRUE,10,1,TRUE,0.00414657472863351,9,2.5388531259649,59.2961893839141,16.7271461972397,20,2685.73805023291,2672.81575648484,2727.03423961682,2684.46519643015,2753.99583007881,2692.07092067742
1079,-1336.81512173491,1510.23870375513,1.99239934532338,"gaussian","adaptive_sparse_group_lasso",1,0.0914722884983925,0.5,TRUE,"identity",NA,NA,"independent","gaussian",0.2,1000,50,1e-06,1,"PGD",0.9,TRUE,10,1,TRUE,0.0294081634532555,5,1.41047395886939,32.1557679446266,9.07097466266857,20,2683.63024346982,2676.45119138756,2705.78601141445,2682.70121813249,2720.76467278222,2686.92662049208
1080,-1276.47422869306,1287.95658614833,1.69915116906112,"gaussian","adaptive_sparse_group_lasso",1,0.0549302039435712,0.5,TRUE,"identity",NA,NA,"independent","gaussian",0.2,1000,50,1e-06,1,"PGD",0.9,TRUE,10,1,TRUE,0.00537801062667677,2,0.564189583547756,12.9734239950367,3.6597353404741,20,2556.94845738612,2554.07683655321,2565.92188138115,2556.60819272659,2571.91334592826,2558.29835367043
1081,-1316.75122901307,1432.36752817486,1.88966692371353,"gaussian","adaptive_sparse_group_lasso",1,0.108344199543681,0.5,TRUE,"identity",NA,NA,"independent","gaussian",0.2,1000,50,1e-06,1,"PGD",0.9,TRUE,10,1,TRUE,0.0251850079836465,3,0.846284375321634,19.2177287355345,5.42122118601747,20,2639.50245802615,2635.19502677679,2652.72018676168,2638.92367921217,2661.70738358235,2641.45892062792
1082,-1352.38362129088,1573.5678476482,2.07594702855963,"gaussian","adaptive_sparse_group_lasso",1,0.0255397927897091,0.5,TRUE,"identity",NA,NA,"independent","gaussian",0.2,1000,50,1e-06,1,"PGD",0.9,TRUE,10,1,TRUE,0.00127228050812503,2,0.564189583547756,13.0289929848033,3.67541106307142,20,2708.76724258176,2705.89562174886,2717.79623556657,2708.44265364483,2723.78770011367,2710.13281458867
1083,-1302.10711272312,1378.078117602,1.81804501002902,"gaussian","adaptive_sparse_group_lasso",1,0.0402995690507503,0.5,TRUE,"identity",NA,NA,"independent","gaussian",0.2,1000,50,1e-06,1,"PGD",0.9,TRUE,10,1,TRUE,0.00459438463714455,4,1.12837916709551,24.0443934811975,6.78279817240761,20,2612.21422544624,2606.47098378043,2628.25861892744,2610.99702361865,2640.24154802165,2614.37734550632
1084,-1319.44348259292,1442.57867813322,1.90313809780108,"gaussian","adaptive_sparse_group_lasso",1,0.0194323550948894,0.5,TRUE,"identity",NA,NA,"independent","gaussian",0.2,1000,50,1e-06,1,"PGD",0.9,TRUE,10,1,TRUE,0.00162153348816965,6,1.69256875064327,39.3853534539089,11.110403081521,20,2650.88696518584,2642.27210268713,2678.27231863975,2649.99736826736,2696.24671228107,2655.06785109887
1085,-1397.07120081315,1770.48715287014,2.33573503017169,"gaussian","adaptive_sparse_group_lasso",1,0.0849847918958037,0.5,TRUE,"identity",NA,NA,"independent","gaussian",0.2,1000,50,1e-06,1,"PGD",0.9,TRUE,10,1,TRUE,0.0143524643056284,2,0.564189583547756,13.5101440228412,3.81114126495848,20,2798.14240162631,2795.27078079341,2807.65254564915,2797.95354289127,2813.64401019626,2799.64370383511
1086,-1347.85627854246,1554.88262450974,2.05129633840336,"gaussian","adaptive_sparse_group_lasso",1,0.0902639608795402,0.5,TRUE,"identity",NA,NA,"independent","gaussian",0.2,1000,50,1e-06,1,"PGD",0.9,TRUE,10,1,TRUE,0.014431288671219,2,0.564189583547756,13.1458059248105,3.70836338505923,20,2699.71255708493,2696.84093625202,2708.85836300974,2699.42092046999,2714.84982755685,2701.11108141383
1087,-1341.64330202374,1529.60109970789,2.01794340330856,"gaussian","adaptive_sparse_group_lasso",1,0.103634142700207,0.5,TRUE,"identity",NA,NA,"independent","gaussian",0.2,1000,50,1e-06,1,"PGD",0.9,TRUE,10,1,TRUE,0.0212011001095865,3,0.846284375321634,18.7314147494817,5.28403454338519,20,2689.28660404748,2684.97917279812,2702.01801879696,2688.57063859086,2711.00521561762,2691.10588000662
1088,-1355.4311226307,1586.27175733911,2.09270680387745,"gaussian","adaptive_sparse_group_lasso",1,0.067104381097328,0.5,TRUE,"identity",NA,NA,"independent","gaussian",0.2,1000,50,1e-06,1,"PGD",0.9,TRUE,10,1,TRUE,0.0085814066526709,2,0.564189583547756,12.8015142260886,3.61124048999881,20,2714.8622452614,2711.99062442849,2723.66375948749,2714.47348575139,2729.65522403459,2716.16364669523
1089,-1391.60203542392,1745.12156989431,2.30227120038828,"gaussian","adaptive_sparse_group_lasso",1,0.0583699001864059,0.5,TRUE,"identity",NA,NA,"independent","gaussian",0.2,1000,50,1e-06,1,"PGD",0.9,TRUE,10,1,TRUE,0.0096956567866336,4,1.12837916709551,25.3736784011651,7.15778252511402,20,2791.20407084783,2785.46082918203,2808.577749249,2790.36185337295,2820.56067834322,2793.74217526062
1090,-1326.60424759947,1470.09364064386,1.93943752063834,"gaussian","adaptive_sparse_group_lasso",1,0.0304622478930462,0.5,TRUE,"identity",NA,NA,"independent","gaussian",0.2,1000,50,1e-06,1,"PGD",0.9,TRUE,10,1,TRUE,0.00330493499959027,5,1.41047395886939,31.9990301024243,9.02675973370945,20,2663.20849519893,2656.02944311667,2685.20752530136,2662.23525493264,2700.18618666913,2666.46065729223
1091,-1285.73731308201,1319.82318466547,1.74119153649798,"gaussian","adaptive_sparse_group_lasso",1,0.00895965902511889,0.5,TRUE,"identity",NA,NA,"independent","gaussian",0.2,1000,50,1e-06,1,"PGD",0.9,TRUE,10,1,TRUE,0.000292119669516933,6,1.69256875064327,40.0243438656017,11.290658948653,20,2583.47462616402,2574.85976366531,2611.49897002962,2582.76528511267,2629.47336367095,2587.83576794419
1092,-1331.83123977895,1490.50894576598,1.96637064085222,"gaussian","adaptive_sparse_group_lasso",1,0.0479451545923179,0.5,TRUE,"identity",NA,NA,"independent","gaussian",0.2,1000,50,1e-06,1,"PGD",0.9,TRUE,10,1,TRUE,0.0132278220168018,8,2.25675833419103,52.4141133132011,14.7857483810999,20,2679.6624795579,2668.17599622629,2716.07659287111,2678.448227939,2740.04245105954,2685.20887171435
1093,-1314.83232969417,1425.13369514343,1.88012360836864,"gaussian","adaptive_sparse_group_lasso",1,0.0682896571818525,0.5,TRUE,"identity",NA,NA,"independent","gaussian",0.2,1000,50,1e-06,1,"PGD",0.9,TRUE,10,1,TRUE,0.016283194114389,6,1.69256875064327,39.3085141499784,11.0887271140787,20,2641.66465938834,2633.04979688962,2668.97317353832,2640.75338650242,2686.94756717964,2645.82386933393
1094,-1349.71668126779,1562.53386261423,2.06139032007155,"gaussian","adaptive_sparse_group_lasso",1,0.0113137366604752,0.5,TRUE,"identity",NA,NA,"independent","gaussian",0.2,1000,50,1e-06,1,"PGD",0.9,TRUE,10,1,TRUE,0.000871405827122868,9,2.5388531259649,58.7255925789958,16.5661838103694,20,2717.43336253558,2704.51106878751,2758.15895511457,2715.99954634595,2785.12054557656,2723.60527059321
1095,-1367.22584519903,1636.41372800029,2.15885716095025,"gaussian","adaptive_sparse_group_lasso",1,0.0293311647072441,0.5,TRUE,"identity",NA,NA,"independent","gaussian",0.2,1000,50,1e-06,1,"PGD",0.9,TRUE,10,1,TRUE,0.00261556187186594,4,1.12837916709551,26.7276457410387,7.53972965992429,20,2742.45169039806,2736.70844873225,2761.1793361391,2741.99142005798,2773.16226523331,2745.37174194566
1096,-1328.27681441446,1476.59565480069,1.94801537572651,"gaussian","adaptive_sparse_group_lasso",1,0.118089138393887,0.5,TRUE,"identity",NA,NA,"independent","gaussian",0.2,1000,50,1e-06,1,"PGD",0.9,TRUE,10,1,TRUE,0.0195992182889966,3,0.846284375321634,18.8509020535708,5.31774128955182,20,2662.55362882893,2658.24619757957,2675.4045308825,2661.87137011848,2684.39172770316,2664.40661153423
1097,-1381.84849363871,1700.78393336004,2.24377827620059,"gaussian","adaptive_sparse_group_lasso",1,0.0366879583384382,0.5,TRUE,"identity",NA,NA,"independent","gaussian",0.2,1000,50,1e-06,1,"PGD",0.9,TRUE,10,1,TRUE,0.00374636629846129,4,1.12837916709551,26.3905426412886,7.44463463119395,20,2771.69698727741,2765.9537456116,2790.0875299187,2771.1416219086,2802.07045901292,2774.52194379628
1098,-1344.50598948562,1541.19832559052,2.03324317360227,"gaussian","adaptive_sparse_group_lasso",1,0.00984422584899055,0.5,TRUE,"identity",NA,NA,"independent","gaussian",0.2,1000,50,1e-06,1,"PGD",0.9,TRUE,10,1,TRUE,0.000411502945275152,8,2.25675833419103,52.4246581937846,14.7887230369924,20,2705.01197897125,2693.52549563963,2741.43663716503,2703.80070200824,2765.40249535346,2710.56134578359
1099,-1334.25226421933,1500.06068395079,1.97897187856305,"gaussian","adaptive_sparse_group_lasso",1,0.110020756641869,0.5,TRUE,"identity",NA,NA,"independent","gaussian",0.2,1000,50,1e-06,1,"PGD",0.9,TRUE,10,1,TRUE,0.0198668407638464,3,0.846284375321634,19.0371569672513,5.37028283064339,20,2674.50452843866,2670.1970971893,2687.54168540591,2673.8748112693,2696.52888222657,2676.41005268506
1100,-1356.9668259316,1592.71235062212,2.10120362878908,"gaussian","adaptive_sparse_group_lasso",1,0.0815244040951601,0.5,TRUE,"identity",NA,NA,"independent","gaussian",0.2,1000,50,1e-06,1,"PGD",0.9,TRUE,10,1,TRUE,0.0116273857483539,2,0.564189583547756,13.6394880818877,3.84762855036242,20,2717.9336518632,2715.0620310303,2727.57313994509,2717.78128041357,2733.5646044922,2719.4714413574
1101,-1810.06632693333,2114.27938742972,2.08714648314879,"gaussian","adaptive_sparse_group_lasso",1,0.0655394465686436,0.5,TRUE,"identity",NA,NA,"independent","gaussian",0.2,1000,50,1e-06,1,"PGD",0.9,TRUE,10,1,TRUE,0.01107519311239,4,1.12837916709551,26.5192715724214,7.48094839221715,20,3628.13265386666,3622.38941220086,3646.65192543909,3627.61360225888,3658.6348545333,3630.99392414656
1102,-1845.73133078172,2268.52231494412,2.23940998513734,"gaussian","adaptive_sparse_group_lasso",1,0.0437803140199224,0.5,TRUE,"identity",NA,NA,"independent","gaussian",0.2,1000,50,1e-06,1,"PGD",0.9,TRUE,10,1,TRUE,0.00762956620919349,6,1.69256875064327,41.0647893524021,11.584163201604,20,3703.46266156344,3694.84779906473,3732.52745091584,3703.04682476505,3750.50184455717,3708.11730759656
1103,-1785.42528020442,2013.88237968928,1.98803788715625,"gaussian","adaptive_sparse_group_lasso",1,0.0667755958275737,0.5,TRUE,"identity",NA,NA,"independent","gaussian",0.2,1000,50,1e-06,1,"PGD",0.9,TRUE,10,1,TRUE,0.00253855533280527,1,0.282094791773878,6.83992009137369,1.92950583392603,20,3572.85056040885,3571.41474999239,3577.69048050022,3572.78006624277,3580.68621277377,3573.62514671469
1104,-1744.76177752572,1858.52110955876,1.83467039443115,"gaussian","adaptive_sparse_group_lasso",1,0.0732640902482041,0.5,TRUE,"identity",NA,NA,"independent","gaussian",0.2,1000,50,1e-06,1,"PGD",0.9,TRUE,10,1,TRUE,0.00935452297920418,2,0.564189583547756,13.7182776587799,3.86985467964976,20,3493.52355505143,3490.65193421853,3503.24183271021,3493.39340973108,3509.23329725732,3495.08357067492
1105,-1742.79054702218,1851.30204998884,1.82754397827131,"gaussian","adaptive_sparse_group_lasso",1,0.00572011939206235,0.5,TRUE,"identity",NA,NA,"independent","gaussian",0.2,1000,50,1e-06,1,"PGD",0.9,TRUE,10,1,TRUE,0.000166700226498666,9,2.5388531259649,62.6375870011561,17.6697370623093,20,3503.58109404436,3490.65880029629,3548.21868104552,3503.25083110667,3575.18027150751,3510.85655535394
1106,-1769.43089336662,1951.28110718152,1.92623998734602,"gaussian","adaptive_sparse_group_lasso",1,0.0123603150106323,0.5,TRUE,"identity",NA,NA,"independent","gaussian",0.2,1000,50,1e-06,1,"PGD",0.9,TRUE,10,1,TRUE,0.000486090516465551,4,1.12837916709551,27.5915214764634,7.78342450562743,20,3546.86178673324,3541.11854506743,3566.45330820971,3546.64521123887,3578.43623730392,3550.02553312654
1107,-1835.35539461565,2222.5231329852,2.19400111844541,"gaussian","adaptive_sparse_group_lasso",1,0.0531715873311209,0.5,TRUE,"identity",NA,NA,"independent","gaussian",0.2,1000,50,1e-06,1,"PGD",0.9,TRUE,10,1,TRUE,0.00827192270529843,4,1.12837916709551,25.4524605701067,7.1800065646571,20,3678.7107892313,3672.9675475655,3696.16324980141,3677.89079579596,3708.14617889563,3681.27111768364
1108,-1738.94987264917,1837.31713656209,1.8137385355993,"gaussian","adaptive_sparse_group_lasso",1,0.0118427920117436,0.5,TRUE,"identity",NA,NA,"independent","gaussian",0.2,1000,50,1e-06,1,"PGD",0.9,TRUE,10,1,TRUE,0.000764303575889631,7,1.97466354241715,46.1357465007985,13.0146538024752,20,3491.89974529835,3481.84907238318,3524.03549179914,3490.91439910082,3545.00561771402,3496.82996240425
1109,-1790.44530357072,2033.94161433244,2.00783969825512,"gaussian","adaptive_sparse_group_lasso",1,0.0147202301478116,0.5,TRUE,"identity",NA,NA,"independent","gaussian",0.2,1000,50,1e-06,1,"PGD",0.9,TRUE,10,1,TRUE,0.00109780146381194,7,1.97466354241715,45.6801466943306,12.8861314699374,20,3594.89060714144,3584.83993422628,3626.57075383577,3593.77673861138,3647.54087975065,3599.69230191481
1110,-1833.64651317098,2215.03719289927,2.18661124669227,"gaussian","adaptive_sparse_group_lasso",1,0.0240923340664965,0.5,TRUE,"identity",NA,NA,"independent","gaussian",0.2,1000,50,1e-06,1,"PGD",0.9,TRUE,10,1,TRUE,0.00156238693631963,4,1.12837916709551,26.7719112442238,7.55221672782805,20,3675.29302634195,3669.54978467614,3694.06493758617,3674.84524306978,3706.04786668039,3678.22556495745
1111,-1742.89310046191,1851.67692978184,1.82791404716865,"gaussian","adaptive_sparse_group_lasso",1,0.0352807848784437,0.5,TRUE,"identity",NA,NA,"independent","gaussian",0.2,1000,50,1e-06,1,"PGD",0.9,TRUE,10,1,TRUE,0.00475243790750812,4,1.12837916709551,26.5386444727568,7.4864133865033,20,3493.78620092382,3488.04295925801,3512.32484539657,3493.27261431032,3524.30777449079,3496.652936198
1112,-1790.53134356869,2034.28715272732,2.00818080229745,"gaussian","adaptive_sparse_group_lasso",1,0.074618052568476,0.5,TRUE,"identity",NA,NA,"independent","gaussian",0.2,1000,50,1e-06,1,"PGD",0.9,TRUE,10,1,TRUE,0.0156568196519921,3,0.846284375321634,20.4507114885572,5.76903919899221,20,3587.06268713738,3582.75525588802,3601.51339862594,3586.83172633637,3610.5005954466,3589.36696775213
1113,-1741.69677733866,1847.30853906942,1.82360171675165,"gaussian","adaptive_sparse_group_lasso",1,0.0137518537848736,0.5,TRUE,"identity",NA,NA,"independent","gaussian",0.2,1000,50,1e-06,1,"PGD",0.9,TRUE,10,1,TRUE,0.000647328061969712,6,1.69256875064327,41.0664400803629,11.5846288633644,20,3495.39355467733,3486.77869217861,3524.45999475769,3494.97818354069,3542.43438839902,3500.0486663722
1114,-1832.60138100334,2210.47130972736,2.18210395826986,"gaussian","adaptive_sparse_group_lasso",1,0.0585152967746609,0.5,TRUE,"identity",NA,NA,"independent","gaussian",0.2,1000,50,1e-06,1,"PGD",0.9,TRUE,10,1,TRUE,0.00527375098478296,2,0.564189583547756,14.2658586938118,4.02432443770641,20,3669.20276200668,3666.33114117377,3679.46862070049,3669.22708644438,3685.4600852476,3670.91724738822
1115,-1780.69389891231,1995.15764224739,1.96955344743079,"gaussian","adaptive_sparse_group_lasso",1,0.0104205815678519,0.5,TRUE,"identity",NA,NA,"independent","gaussian",0.2,1000,50,1e-06,1,"PGD",0.9,TRUE,10,1,TRUE,0.000370452140903236,4,1.12837916709551,27.0326574127637,7.62577186394817,20,3569.38779782462,3563.64455615881,3588.42045523738,3569.01356968857,3600.4033843316,3572.39389157624
1116,-1795.35227971508,2053.74221666385,2.02738619611436,"gaussian","adaptive_sparse_group_lasso",1,0.00927539770187228,0.5,TRUE,"identity",NA,NA,"independent","gaussian",0.2,1000,50,1e-06,1,"PGD",0.9,TRUE,10,1,TRUE,0.00052789195981447,9,2.5388531259649,62.1193876413792,17.5235557218157,20,3608.70455943016,3595.78226568208,3652.82394707153,3608.22811515197,3679.78553753352,3615.83383939924
1117,-1893.62756687387,2493.51112642058,2.46151147721676,"gaussian","adaptive_sparse_group_lasso",1,0.0824246827055004,0.5,TRUE,"identity",NA,NA,"independent","gaussian",0.2,1000,50,1e-06,1,"PGD",0.9,TRUE,10,1,TRUE,0.0122859331608287,2,0.564189583547756,13.7206661391159,3.87052845751279,20,3791.25513374775,3788.38351291484,3800.97579988686,3791.12566220526,3806.96726443397,3792.8158231491
1118,-1705.46162217677,1719.76808844155,1.69769801425622,"gaussian","adaptive_sparse_group_lasso",1,0.0203434652429653,0.5,TRUE,"identity",NA,NA,"independent","gaussian",0.2,1000,50,1e-06,1,"PGD",0.9,TRUE,10,1,TRUE,0.00182146965909547,7,1.97466354241715,46.9586926884147,13.2468026359119,20,3424.92324435353,3414.87257143837,3457.88193704195,3424.17004698944,3478.85206295682,3430.08561029287
1119,-1787.71202389024,2022.99520164299,1.99703376272753,"gaussian","adaptive_sparse_group_lasso",1,0.0383150872588954,0.5,TRUE,"identity",NA,NA,"independent","gaussian",0.2,1000,50,1e-06,1,"PGD",0.9,TRUE,10,1,TRUE,0.00351713263153428,3,0.846284375321634,19.7694073010314,5.57684683607744,20,3581.42404778047,3577.11661653111,3595.1934550815,3581.00089461655,3604.18065190216,3583.5361360323
1120,-1689.81119705849,1667.44128749804,1.64604273198227,"gaussian","adaptive_sparse_group_lasso",1,0.0486295067778408,0.5,TRUE,"identity",NA,NA,"independent","gaussian",0.2,1000,50,1e-06,1,"PGD",0.9,TRUE,10,1,TRUE,0.00582308115875306,3,0.846284375321634,20.6059642358723,5.81283519041839,20,3385.62239411697,3381.31496286762,3400.22835835285,3385.43522930739,3409.21555517351,3387.97047072315
1121,-1802.3295380629,2082.22917081477,2.05550757237391,"gaussian","adaptive_sparse_group_lasso",1,0.0438591202629608,0.5,TRUE,"identity",NA,NA,"independent","gaussian",0.2,1000,50,1e-06,1,"PGD",0.9,TRUE,10,1,TRUE,0.0065387390411981,5,1.41047395886939,34.639869094185,9.7717266591985,20,3614.6590761258,3607.48002404354,3639.29894521998,3614.430802785,3654.27760658775,3618.65620514459
1122,-1771.7480568278,1960.22838364976,1.93507244190499,"gaussian","adaptive_sparse_group_lasso",1,0.0128967165967202,0.5,TRUE,"identity",NA,NA,"independent","gaussian",0.2,1000,50,1e-06,1,"PGD",0.9,TRUE,10,1,TRUE,0.000748062214189246,8,2.25675833419103,54.4661090132557,15.3646056808277,20,3559.49611365559,3548.00963032397,3597.96222266885,3558.86071933642,3621.92808085728,3565.62136311177
1123,-1757.24001208678,1904.87667246003,1.88043106856863,"gaussian","adaptive_sparse_group_lasso",1,0.0685791372237127,0.5,TRUE,"identity",NA,NA,"independent","gaussian",0.2,1000,50,1e-06,1,"PGD",0.9,TRUE,10,1,TRUE,0.00958073320375979,2,0.564189583547756,13.383092092854,3.77530057722427,20,3518.48002417356,3515.60840334066,3527.86311626641,3518.25532475078,3533.85458081352,3519.94548569462
1124,-1813.08767552642,2126.92907273773,2.0996338329099,"gaussian","adaptive_sparse_group_lasso",1,0.0152795801055975,0.5,TRUE,"identity",NA,NA,"independent","gaussian",0.2,1000,50,1e-06,1,"PGD",0.9,TRUE,10,1,TRUE,0.000989736464752132,5,1.41047395886939,32.5814320093988,9.19105227838611,20,3636.17535105284,3628.99629897058,3658.75678306224,3635.36640333122,3673.73544443,3639.59180569081
1125,-1783.11618118686,2004.72212338296,1.97899518596541,"gaussian","adaptive_sparse_group_lasso",1,0.0402571700129226,0.5,TRUE,"identity",NA,NA,"independent","gaussian",0.2,1000,50,1e-06,1,"PGD",0.9,TRUE,10,1,TRUE,0.00312480198602616,2,0.564189583547756,12.8400355237769,3.62210714744904,20,3570.23236237373,3567.36074154082,3579.0723978975,3569.85446952118,3585.06386244461,3571.54463046501
1126,-1720.10242915547,1770.20487326674,1.74748753530774,"gaussian","adaptive_sparse_group_lasso",1,0.0301792277875177,0.5,TRUE,"identity",NA,NA,"independent","gaussian",0.2,1000,50,1e-06,1,"PGD",0.9,TRUE,10,1,TRUE,0.00338106407944142,7,1.97466354241715,47.8787729486249,13.5063524853311,20,3454.20485831093,3444.15418539577,3488.08363125956,3453.71121079626,3509.05375717443,3459.62677409969
1127,-1810.89439784348,2117.73882513207,2.09056152530313,"gaussian","adaptive_sparse_group_lasso",1,0.0500483803210738,0.5,TRUE,"identity",NA,NA,"independent","gaussian",0.2,1000,50,1e-06,1,"PGD",0.9,TRUE,10,1,TRUE,0.00754464642231262,5,1.41047395886939,32.7926684513665,9.25064097849805,20,3631.78879568696,3624.6097436047,3654.58146413833,3631.03943666546,3669.5601255061,3635.26483902505
1128,-1774.30308285856,1970.14168724963,1.94485852640634,"gaussian","adaptive_sparse_group_lasso",1,0.0577248413184075,0.5,TRUE,"identity",NA,NA,"independent","gaussian",0.2,1000,50,1e-06,1,"PGD",0.9,TRUE,10,1,TRUE,0.00546975707269485,3,0.846284375321634,20.7652980876395,5.85778244015518,20,3554.60616571712,3550.29873446777,3569.37146380476,3554.46394815728,3578.35866062543,3556.99918957304
1129,-1869.37103061926,2376.90996980044,2.34640668292245,"gaussian","adaptive_sparse_group_lasso",1,0.00856533924588553,0.5,TRUE,"identity",NA,NA,"independent","gaussian",0.2,1000,50,1e-06,1,"PGD",0.9,TRUE,10,1,TRUE,0.000260288488165563,5,1.41047395886939,34.3856637133368,9.70001664522036,20,3748.74206123852,3741.56300915626,3773.12772495186,3748.44207788374,3788.10638631963,3752.66748024333
1130,-1810.99894084709,2118.17597740739,2.0909930675295,"gaussian","adaptive_sparse_group_lasso",1,0.0347284985935966,0.5,TRUE,"identity",NA,NA,"independent","gaussian",0.2,1000,50,1e-06,1,"PGD",0.9,TRUE,10,1,TRUE,0.00442060167687296,4,1.12837916709551,27.816726558512,7.84695368635435,20,3629.99788169417,3624.25464002836,3649.81460825268,3629.84483538053,3661.7975373469,3633.2251572682
1131,-1845.16334191708,2265.97982091654,2.2369001193648,"gaussian","adaptive_sparse_group_lasso",1,0.0329832417916765,0.5,TRUE,"identity",NA,NA,"independent","gaussian",0.2,1000,50,1e-06,1,"PGD",0.9,TRUE,10,1,TRUE,0.00402977969517818,6,1.69256875064327,40.5766970775027,11.4464749129499,20,3702.32668383417,3693.71182133545,3730.90338091167,3701.77315874712,3748.87777455299,3706.84364157863
1132,-1791.23988666386,2037.13490940965,2.01099201323757,"gaussian","adaptive_sparse_group_lasso",1,0.00617232298600149,0.5,TRUE,"identity",NA,NA,"independent","gaussian",0.2,1000,50,1e-06,1,"PGD",0.9,TRUE,10,1,TRUE,0.000267480004624268,12,3.38513750128654,82.2647134767846,23.2064472185713,20,3606.47977332772,3589.25004833029,3664.7444868045,3605.68622054629,3700.69327408715,3615.82718620931
1133,-1770.19227166201,1954.21650753354,1.92913771720981,"gaussian","adaptive_sparse_group_lasso",1,0.0551329814777242,0.5,TRUE,"identity",NA,NA,"independent","gaussian",0.2,1000,50,1e-06,1,"PGD",0.9,TRUE,10,1,TRUE,0.0146267595337707,6,1.69256875064327,41.1877582359631,11.6188520832069,20,3552.38454332401,3543.7696808253,3581.57230155998,3552.00339540722,3599.5466952013,3557.07387823873
1134,-1754.72643991742,1895.44689166934,1.87112230174664,"gaussian","adaptive_sparse_group_lasso",1,0.0261435008547961,0.5,TRUE,"identity",NA,NA,"independent","gaussian",0.2,1000,50,1e-06,1,"PGD",0.9,TRUE,10,1,TRUE,0.000973369800817403,2,0.564189583547756,13.7078773551458,3.86692080816171,20,3513.45287983484,3510.58125900194,3523.16075718999,3513.319800643,3529.1522217371,3515.00996158684
1135,-1789.18715919649,2028.89557965258,2.00285842019011,"gaussian","adaptive_sparse_group_lasso",1,0.0074618784527618,0.5,TRUE,"identity",NA,NA,"independent","gaussian",0.2,1000,50,1e-06,1,"PGD",0.9,TRUE,10,1,TRUE,0.000514544259174935,15,4.23142187660817,102.881523127283,29.0223418439705,20,3608.37431839298,3586.8371621462,3681.25584152027,3607.39666023695,3726.19182562357,3620.07286731573
1136,-1814.7762322199,2134.03160680725,2.10664521896076,"gaussian","adaptive_sparse_group_lasso",1,0.031117670386185,0.5,TRUE,"identity",NA,NA,"independent","gaussian",0.2,1000,50,1e-06,1,"PGD",0.9,TRUE,10,1,TRUE,0.00416690484456915,6,1.69256875064327,41.3793353142803,11.6728949792234,20,3641.5524644398,3632.93760194108,3670.93179975408,3641.22535941902,3688.9061933954,3646.29584225053
1137,-1828.77956569953,2193.85488190989,2.16570077187551,"gaussian","adaptive_sparse_group_lasso",1,0.0330317844846526,0.5,TRUE,"identity",NA,NA,"independent","gaussian",0.2,1000,50,1e-06,1,"PGD",0.9,TRUE,10,1,TRUE,0.00547159798948356,6,1.69256875064327,39.720450647904,11.2049322546851,20,3669.55913139906,3660.94426890035,3697.27958204697,3668.76406365375,3715.25397568829,3673.83454648526
1138,-1706.6452438766,1723.79165229048,1.70166994303108,"gaussian","adaptive_sparse_group_lasso",1,0.0186156559855653,0.5,TRUE,"identity",NA,NA,"independent","gaussian",0.2,1000,50,1e-06,1,"PGD",0.9,TRUE,10,1,TRUE,0.00171069460381791,8,2.25675833419103,54.3302165733546,15.3262711312902,20,3429.2904877532,3417.80400442158,3467.62070432656,3428.61675888449,3491.58656251499,3435.37740265984
1139,-1770.04246356018,1953.63859208394,1.92856721824673,"gaussian","adaptive_sparse_group_lasso",1,0.0916349832553139,0.5,TRUE,"identity",NA,NA,"independent","gaussian",0.2,1000,50,1e-06,1,"PGD",0.9,TRUE,10,1,TRUE,0.0172373544116574,3,0.846284375321634,20.0901499095675,5.66732665544543,20,3546.08492712035,3541.77749587099,3560.17507702992,3545.7522537758,3569.16227385058,3548.28749519155
1140,-1722.78013291232,1779.58816251594,1.75675040722205,"gaussian","adaptive_sparse_group_lasso",1,0.00836761792022504,0.5,TRUE,"identity",NA,NA,"independent","gaussian",0.2,1000,50,1e-06,1,"PGD",0.9,TRUE,10,1,TRUE,0.000384953719137029,9,2.5388531259649,62.4154585279659,17.6070757769177,20,3463.56026582465,3450.63797207658,3507.97572435262,3463.16734160157,3534.9373148146,3470.77306584883
1141,-1738.60524954308,1836.06744933897,1.81250488582327,"gaussian","adaptive_sparse_group_lasso",1,0.0760015481248278,0.5,TRUE,"identity",NA,NA,"independent","gaussian",0.2,1000,50,1e-06,1,"PGD",0.9,TRUE,10,1,TRUE,0.0108882461172051,2,0.564189583547756,13.3572975231791,3.76802406346296,20,3481.21049908616,3478.33887825326,3490.56779660934,3480.97852314963,3496.55926115645,3482.66868409346
1142,-1848.71769866117,2281.93722792291,2.25265274227336,"gaussian","adaptive_sparse_group_lasso",1,0.0720360218805685,0.5,TRUE,"identity",NA,NA,"independent","gaussian",0.2,1000,50,1e-06,1,"PGD",0.9,TRUE,10,1,TRUE,0.00567143412186143,2,0.564189583547756,13.9707756742446,3.94108305474558,20,3701.43539732233,3698.56377648943,3711.40617299658,3701.37648037708,3717.39763754368,3703.06664132091
1143,-1820.71389250683,2159.19590549343,2.13148657995403,"gaussian","adaptive_sparse_group_lasso",1,0.0390481440285971,0.5,TRUE,"identity",NA,NA,"independent","gaussian",0.2,1000,50,1e-06,1,"PGD",0.9,TRUE,10,1,TRUE,0.00448755980668157,4,1.12837916709551,26.5992921230437,7.50352177278258,20,3649.42778501365,3643.68454334784,3668.02707713669,3648.93130678643,3680.01000623091,3652.31162867411
1144,-1747.85186474704,1869.8943506588,1.84589768080829,"gaussian","adaptive_sparse_group_lasso",1,0.00319339717981119,0.5,TRUE,"identity",NA,NA,"independent","gaussian",0.2,1000,50,1e-06,1,"PGD",0.9,TRUE,10,1,TRUE,5.38221305226791e-05,9,2.5388531259649,62.0277237357387,17.4976978114408,20,3513.70372949409,3500.78143574602,3557.73145322983,3513.20142730553,3584.69304369181,3520.8071515528
1145,-1768.85470254169,1949.06260568196,1.9240499562507,"gaussian","adaptive_sparse_group_lasso",1,0.0276957663753276,0.5,TRUE,"identity",NA,NA,"independent","gaussian",0.2,1000,50,1e-06,1,"PGD",0.9,TRUE,10,1,TRUE,0.0019632052628501,4,1.12837916709551,25.6662939498966,7.24032784740323,20,3545.70940508339,3539.96616341758,3563.37569903328,3544.94973293079,3575.3586281275,3548.33005481847
1146,-1758.20928096864,1908.52544924444,1.88403301998464,"gaussian","adaptive_sparse_group_lasso",1,0.0920547671651325,0.5,TRUE,"identity",NA,NA,"independent","gaussian",0.2,1000,50,1e-06,1,"PGD",0.9,TRUE,10,1,TRUE,0.0191188733108926,3,0.846284375321634,20.0629255827785,5.65964681464871,20,3522.41856193729,3518.11113068793,3536.48148752007,3522.07820875194,3545.46868434073,3524.61345016769
1147,-1827.41992215695,2187.97361710651,2.15989498233614,"gaussian","adaptive_sparse_group_lasso",1,1.94231431849297,0.5,TRUE,"identity",NA,NA,"independent","gaussian",0.2,1000,50,1e-06,1,"PGD",0.9,TRUE,10,1,TRUE,0,0,0,0,0,20,3654.83984431389,3654.83984431389,3654.83984431389,3654.83984431389,3654.83984431389,3654.83984431389
1148,-1815.12359458969,2135.49564732726,2.10809047120164,"gaussian","adaptive_sparse_group_lasso",1,0.123948352069574,0.5,TRUE,"identity",NA,NA,"independent","gaussian",0.2,1000,50,1e-06,1,"PGD",0.9,TRUE,10,1,TRUE,0.0116367061516761,1,0.282094791773878,6.51361709832621,1.83745745904711,20,3632.24718917939,3630.81137876293,3636.76080627771,3632.08464663843,3639.75653855127,3632.92972711035
1149,-1849.70938569496,2286.409457663,2.25706757913425,"gaussian","adaptive_sparse_group_lasso",1,0.0705654217359176,0.5,TRUE,"identity",NA,NA,"independent","gaussian",0.2,1000,50,1e-06,1,"PGD",0.9,TRUE,10,1,TRUE,0.0111337169163032,4,1.12837916709551,26.5699151034189,7.49523466854858,20,3707.41877138991,3701.6755297241,3725.98868649333,3706.91400605846,3737.97161558755,3710.29432794613
1150,-1773.22530283972,1965.95388511791,1.9407244670463,"gaussian","adaptive_sparse_group_lasso",1,0.0186730151722494,0.5,TRUE,"identity",NA,NA,"independent","gaussian",0.2,1000,50,1e-06,1,"PGD",0.9,TRUE,10,1,TRUE,0.00108051865343536,5,1.41047395886939,34.1394573132355,9.63056310205036,20,3556.45060567944,3549.27155359718,3580.59006299268,3556.08116878149,3595.56872436044,3560.30657114108
1151,-1771.9097352225,1960.85420233941,1.93569022935776,"gaussian","adaptive_sparse_group_lasso",1,0.0222427314909962,0.5,TRUE,"identity",NA,NA,"independent","gaussian",0.2,1000,50,1e-06,1,"PGD",0.9,TRUE,10,1,TRUE,0.00142277050478298,4,1.12837916709551,27.8453411521423,7.85502571418619,20,3551.819470445,3546.07622877919,3571.66481159714,3551.67449615918,3583.64774069136,3555.05481804686
1152,-1815.57748831987,2137.41020314697,2.10998045720333,"gaussian","adaptive_sparse_group_lasso",1,0.0507597279077988,0.5,TRUE,"identity",NA,NA,"independent","gaussian",0.2,1000,50,1e-06,1,"PGD",0.9,TRUE,10,1,TRUE,0.00356860368742757,2,0.564189583547756,13.9750136899614,3.94227857690677,20,3635.15497663974,3632.28335580683,3645.1299903297,3635.09725521664,3651.12145487681,3636.78741616048
1153,-1839.07051319407,2238.88501451001,2.21015302518264,"gaussian","adaptive_sparse_group_lasso",1,0.0201128174623934,0.5,TRUE,"identity",NA,NA,"independent","gaussian",0.2,1000,50,1e-06,1,"PGD",0.9,TRUE,10,1,TRUE,0.00159715101135186,6,1.69256875064327,41.7490631081295,11.7771932642423,20,3690.14102638815,3681.52616388943,3719.89008949628,3689.91821965239,3737.8644831376,3694.9887024839
1154,-1751.49428581097,1883.38989129546,1.85922003089384,"gaussian","adaptive_sparse_group_lasso",1,0.0115812955734201,0.5,TRUE,"identity",NA,NA,"independent","gaussian",0.2,1000,50,1e-06,1,"PGD",0.9,TRUE,10,1,TRUE,0.000553215237810805,7,1.97466354241715,46.9805480168359,13.252967910232,20,3516.98857162194,3506.93789870677,3549.96911963877,3516.24153953217,3570.93924555365,3522.1571028356
1155,-1787.26833824302,2021.2238671511,1.99528516007019,"gaussian","adaptive_sparse_group_lasso",1,0.0163001025105284,0.5,TRUE,"identity",NA,NA,"independent","gaussian",0.2,1000,50,1e-06,1,"PGD",0.9,TRUE,10,1,TRUE,0.00129214172397418,7,1.97466354241715,47.1706310498944,13.3065893438624,20,3588.53667648603,3578.48600357087,3621.70730753593,3587.8432658299,3642.67743345081,3593.75882913333
1156,-1805.17181599411,2093.94666466031,2.06707469364295,"gaussian","adaptive_sparse_group_lasso",1,0.01780328798674,0.5,TRUE,"identity",NA,NA,"independent","gaussian",0.2,1000,50,1e-06,1,"PGD",0.9,TRUE,10,1,TRUE,0.000793861292612099,3,0.846284375321634,20.2108102572153,5.70136431109052,20,3616.34363198822,3612.03620073886,3630.55444224543,3616.04499629931,3639.54163906609,3618.58023771506
1157,-1809.93847252262,2113.74575301716,2.08661969695673,"gaussian","adaptive_sparse_group_lasso",1,0.0097892356405361,0.5,TRUE,"identity",NA,NA,"independent","gaussian",0.2,1000,50,1e-06,1,"PGD",0.9,TRUE,10,1,TRUE,0.000543511885244717,10,2.82094791773878,68.8608956018002,19.4253000061526,20,3639.87694504525,3625.51884088073,3688.73784064705,3639.3022450514,3718.69516338259,3647.75304977059
1158,-1742.50312522427,1850.25179605702,1.82650720242549,"gaussian","adaptive_sparse_group_lasso",1,0.0961473668401521,0.5,TRUE,"identity",NA,NA,"independent","gaussian",0.2,1000,50,1e-06,1,"PGD",0.9,TRUE,10,1,TRUE,0.0167928273644937,2,0.564189583547756,13.9707756742446,3.94108305474558,20,3489.00625044855,3486.13462961564,3498.97702612279,3488.94733350329,3504.9684906699,3490.63749444713
1159,-1795.6646727926,2055.00929019524,2.02863700907724,"gaussian","adaptive_sparse_group_lasso",1,0.0403508505767993,0.5,TRUE,"identity",NA,NA,"independent","gaussian",0.2,1000,50,1e-06,1,"PGD",0.9,TRUE,10,1,TRUE,0.00556770678998417,5,1.41047395886939,34.2618814455667,9.66509831216844,20,3601.32934558519,3594.15029350293,3625.59122703076,3600.99444389736,3640.56988839853,3605.21984625695
1160,-1800.6551327276,2075.35703046188,2.04872362335823,"gaussian","adaptive_sparse_group_lasso",1,0.0137409378877888,0.5,TRUE,"identity",NA,NA,"independent","gaussian",0.2,1000,50,1e-06,1,"PGD",0.9,TRUE,10,1,TRUE,0.000989185914074797,8,2.25675833419103,55.0305262169581,15.5238248343797,20,3617.31026545521,3605.82378212359,3656.34079167217,3616.83409028959,3680.3066498606,3623.59473406494
1161,-1761.39446613123,1920.56525447839,1.89591831636564,"gaussian","adaptive_sparse_group_lasso",1,0.0342274811169821,0.5,TRUE,"identity",NA,NA,"independent","gaussian",0.2,1000,50,1e-06,1,"PGD",0.9,TRUE,10,1,TRUE,0.00164052426043341,2,0.564189583547756,13.845271638841,3.90567902001162,20,3526.78893226245,3523.91731142955,3536.63420390129,3526.69461128246,3542.6256684484,3528.3847722263
1162,-1761.83657290339,1922.24238298062,1.89757392199469,"gaussian","adaptive_sparse_group_lasso",1,0.0149737483060545,0.5,TRUE,"identity",NA,NA,"independent","gaussian",0.2,1000,50,1e-06,1,"PGD",0.9,TRUE,10,1,TRUE,0.00119565940106214,9,2.5388531259649,61.6697149501172,17.3967053976077,20,3541.67314580677,3528.7508520587,3585.34286075689,3541.06985120438,3612.30445121887,3548.67557545164
1163,-1735.87179544406,1826.18534114017,1.80274959638714,"gaussian","adaptive_sparse_group_lasso",1,0.0767850073864929,0.5,TRUE,"identity",NA,NA,"independent","gaussian",0.2,1000,50,1e-06,1,"PGD",0.9,TRUE,10,1,TRUE,0.0051032094172938,2,0.564189583547756,12.6112834252837,3.55757737185676,20,3475.74359088811,3472.87197005521,3484.3548743134,3475.30116825997,3490.3463388605,3476.99132920381
1164,-1792.23302407471,2041.13321083514,2.01493900378592,"gaussian","adaptive_sparse_group_lasso",1,0.00769094115142786,0.5,TRUE,"identity",NA,NA,"independent","gaussian",0.2,1000,50,1e-06,1,"PGD",0.9,TRUE,10,1,TRUE,0.000423034349514144,11,3.10304270951266,73.4908597306093,20.7313887729895,20,3606.46604814942,3590.67213356844,3657.95690788002,3605.1974369224,3690.90996288912,3614.49332211351
1165,-1779.28902011674,1989.63134218819,1.96409806731312,"gaussian","adaptive_sparse_group_lasso",1,0.1235250348876,0.5,TRUE,"identity",NA,NA,"independent","gaussian",0.2,1000,50,1e-06,1,"PGD",0.9,TRUE,10,1,TRUE,0.0175521882831989,2,0.564189583547756,13.4857416788474,3.80425749081077,20,3562.57804023349,3559.70641940058,3572.06378191233,3562.3822977243,3578.05524645944,3564.07245866814
1166,-1774.18967231708,1969.7006017161,1.94442310139793,"gaussian","adaptive_sparse_group_lasso",1,0.0228152964570837,0.5,TRUE,"identity",NA,NA,"independent","gaussian",0.2,1000,50,1e-06,1,"PGD",0.9,TRUE,10,1,TRUE,0.00209523274760192,5,1.41047395886939,34.310556119169,9.67882918408295,20,3558.37934463417,3551.20029255191,3582.68990075334,3558.05817381825,3597.66856212111,3562.28357617784
1167,-1786.2238439964,2017.06003417343,1.991174762264,"gaussian","adaptive_sparse_group_lasso",1,0.0766825420286012,0.5,TRUE,"identity",NA,NA,"independent","gaussian",0.2,1000,50,1e-06,1,"PGD",0.9,TRUE,10,1,TRUE,0.0129798215987247,2,0.564189583547756,13.6974323909439,3.86397433816009,20,3576.4476879928,3573.57606715989,3586.14512038374,3576.31166233096,3592.13658493085,3578.00182327479
1168,-1724.78393094519,1786.64245330805,1.76371416910962,"gaussian","adaptive_sparse_group_lasso",1,0.0405697055388929,0.5,TRUE,"identity",NA,NA,"independent","gaussian",0.2,1000,50,1e-06,1,"PGD",0.9,TRUE,10,1,TRUE,0.00526942060523798,5,1.41047395886939,34.1058763158321,9.62109007758029,20,3459.56786189037,3452.38880980811,3483.67373820621,3459.18895196795,3498.65239957397,3463.41435432755
1169,-1737.7966105529,1833.13846381661,1.80961348846655,"gaussian","adaptive_sparse_group_lasso",1,0.0730630407243354,0.5,TRUE,"identity",NA,NA,"independent","gaussian",0.2,1000,50,1e-06,1,"PGD",0.9,TRUE,10,1,TRUE,0.00742221288659118,3,0.846284375321634,21.3643575493773,6.02677399427428,20,3481.5932211058,3477.28578985645,3496.95757865518,3481.61999510008,3505.94477547584,3484.15523651583
1170,-1786.48376578074,2018.09539920533,1.99219684028167,"gaussian","adaptive_sparse_group_lasso",1,0.0803481805582141,0.5,TRUE,"identity",NA,NA,"independent","gaussian",0.2,1000,50,1e-06,1,"PGD",0.9,TRUE,10,1,TRUE,0.011104343330674,2,0.564189583547756,13.2225389029686,3.73000935855494,20,3576.96753156148,3574.09591072857,3586.19007046444,3576.69754092003,3592.18153501155,3578.38770186387
1171,-1766.0609425073,1938.34153284414,1.91346646875039,"gaussian","adaptive_sparse_group_lasso",1,0.022756303135475,0.5,TRUE,"identity",NA,NA,"independent","gaussian",0.2,1000,50,1e-06,1,"PGD",0.9,TRUE,10,1,TRUE,0.00316240407617747,10,2.82094791773878,67.9270085628256,19.1618553363527,20,3552.12188501461,3537.76378085008,3600.04889357743,3551.28374035096,3630.00621631297,3559.73454507014
1172,-1786.7564293865,2019.1820908256,1.99326958620493,"gaussian","adaptive_sparse_group_lasso",1,0.0661308374539262,0.5,TRUE,"identity",NA,NA,"independent","gaussian",0.2,1000,50,1e-06,1,"PGD",0.9,TRUE,10,1,TRUE,0.00754442670653624,2,0.564189583547756,12.8451489306097,3.62354961288479,20,3577.51285877301,3574.6412379401,3586.35800770362,3577.13640838589,3592.34947225073,3578.82656932973
1173,-1783.19233151,2005.02354828724,1.97929274263301,"gaussian","adaptive_sparse_group_lasso",1,0.0769711601174054,0.5,TRUE,"identity",NA,NA,"independent","gaussian",0.2,1000,50,1e-06,1,"PGD",0.9,TRUE,10,1,TRUE,0.00757098607937679,2,0.564189583547756,13.5390372298328,3.81929188816846,20,3570.38466302001,3567.5130421871,3579.92370024984,3570.20395490818,3585.91516479695,3571.89411585201
1174,-1785.50706251212,2014.20757859519,1.9883589127297,"gaussian","adaptive_sparse_group_lasso",1,0.0445540410360184,0.5,TRUE,"identity",NA,NA,"independent","gaussian",0.2,1000,50,1e-06,1,"PGD",0.9,TRUE,10,1,TRUE,0.00559877083674913,4,1.12837916709551,26.623901559204,7.51046396655188,20,3579.01412502424,3573.27088335843,3597.63802658344,3578.52458899079,3609.62095567766,3581.90491087847
1175,-1803.52019697039,2087.12974539129,2.06034525704965,"gaussian","adaptive_sparse_group_lasso",1,0.0139306871679522,0.5,TRUE,"identity",NA,NA,"independent","gaussian",0.2,1000,50,1e-06,1,"PGD",0.9,TRUE,10,1,TRUE,0.000716352614950021,4,1.12837916709551,26.5174968186464,7.48044774342052,20,3615.04039394078,3609.29715227497,3633.55789075942,3614.5208416842,3645.54081985364,3617.90116357187
1176,-1780.24294749685,1993.38208694858,1.96780067813285,"gaussian","adaptive_sparse_group_lasso",1,0.0183588877042492,0.5,TRUE,"identity",NA,NA,"independent","gaussian",0.2,1000,50,1e-06,1,"PGD",0.9,TRUE,10,1,TRUE,0.000775506273829264,3,0.846284375321634,20.3655779316021,5.74502346596998,20,3566.48589499369,3562.17846374434,3580.8514729253,3566.23091845966,3589.83866974596,3568.76615987542
1177,-1737.07220596395,1830.51855315222,1.80702719955796,"gaussian","adaptive_sparse_group_lasso",1,0.0345724921825216,0.5,TRUE,"identity",NA,NA,"independent","gaussian",0.2,1000,50,1e-06,1,"PGD",0.9,TRUE,10,1,TRUE,0.00537477322281115,6,1.69256875064327,41.8896785623433,11.8168601515189,20,3486.14441192791,3477.52954942919,3516.03409049025,3485.96127207943,3534.00848413157,3491.03175491094
1178,-1773.28538598551,1966.1871086128,1.94095469754472,"gaussian","adaptive_sparse_group_lasso",1,0.00761810719976597,0.5,TRUE,"identity",NA,NA,"independent","gaussian",0.2,1000,50,1e-06,1,"PGD",0.9,TRUE,10,1,TRUE,0.000246400773777044,7,1.97466354241715,47.9453673941916,13.5251384315866,20,3560.57077197102,3550.52009905586,3594.51613936521,3560.09591040261,3615.48626528009,3566.01147370604
1179,-1753.71677443369,1891.67223993809,1.86739609075824,"gaussian","adaptive_sparse_group_lasso",1,0.019165072705993,0.5,TRUE,"identity",NA,NA,"independent","gaussian",0.2,1000,50,1e-06,1,"PGD",0.9,TRUE,10,1,TRUE,0.00128889112347151,6,1.69256875064327,41.5058911077134,11.7085957094197,20,3519.43354886738,3510.81868636867,3548.9394399751,3519.1421445768,3566.91383361642,3524.21262740832
1180,-1730.24394216965,1806.00643484815,1.78282964940588,"gaussian","adaptive_sparse_group_lasso",1,0.0255417812239542,0.5,TRUE,"identity",NA,NA,"independent","gaussian",0.2,1000,50,1e-06,1,"PGD",0.9,TRUE,10,1,TRUE,0.00374829132041083,7,1.97466354241715,48.2993804505869,13.6250036710156,20,3474.4878843393,3464.43721142414,3508.78726478989,3474.11288801032,3529.75739070477,3480.02845131375
1181,-1774.70450682373,1971.70373180576,1.94640052498101,"gaussian","adaptive_sparse_group_lasso",1,0.0040850833303116,0.5,TRUE,"identity",NA,NA,"independent","gaussian",0.2,1000,50,1e-06,1,"PGD",0.9,TRUE,10,1,TRUE,0.000133838699412577,11,3.10304270951266,75.3872519713721,21.2663511472691,20,3571.40901364746,3555.61509906649,3624.79626561883,3570.67536479473,3657.74932062793,3579.97124998583
1182,-1792.76596191932,2043.28201561941,2.01706023259567,"gaussian","adaptive_sparse_group_lasso",1,0.148213127882732,0.5,TRUE,"identity",NA,NA,"independent","gaussian",0.2,1000,50,1e-06,1,"PGD",0.9,TRUE,10,1,TRUE,0.0126879079724978,1,0.282094791773878,6.74287083942371,1.90212874540539,20,3587.53192383864,3586.09611342219,3592.27479467807,3587.43405258405,3595.27052695162,3588.27913305597
1183,-1798.08502697627,2064.85283071416,2.03835422577903,"gaussian","adaptive_sparse_group_lasso",1,0.0566537200786726,0.5,TRUE,"identity",NA,NA,"independent","gaussian",0.2,1000,50,1e-06,1,"PGD",0.9,TRUE,10,1,TRUE,0.00906204371057661,3,0.846284375321634,19.3584599523097,5.46092072930978,20,3602.17005395255,3597.86262270319,3615.52851390486,3601.63097468186,3624.51571072552,3604.16621609761
1184,-1789.67556169667,2030.85292532515,2.00479064691525,"gaussian","adaptive_sparse_group_lasso",1,0.0364984136480546,0.5,TRUE,"identity",NA,NA,"independent","gaussian",0.2,1000,50,1e-06,1,"PGD",0.9,TRUE,10,1,TRUE,0.00627627690963633,6,1.69256875064327,41.0790041781422,11.5881731299113,20,3591.35112339335,3582.73626089463,3620.43012757149,3590.93929652326,3638.40452121281,3596.00977935477
1185,-1853.16463402591,2302.06023828925,2.27251751065079,"gaussian","adaptive_sparse_group_lasso",1,0.0566396522233108,0.5,TRUE,"identity",NA,NA,"independent","gaussian",0.2,1000,50,1e-06,1,"PGD",0.9,TRUE,10,1,TRUE,0.00565656630681204,4,1.12837916709551,27.5197686277169,7.7631834007011,20,3714.32926805183,3708.58602638602,3733.84903667954,3714.09245145253,3745.83196577376,3717.4727733402
1186,-1749.33128214564,1875.36404117,1.85129717785785,"gaussian","adaptive_sparse_group_lasso",1,0.0213715738248865,0.5,TRUE,"identity",NA,NA,"independent","gaussian",0.2,1000,50,1e-06,1,"PGD",0.9,TRUE,10,1,TRUE,0.00152571010281506,4,1.12837916709551,28.2809396368298,7.97790577802111,20,3506.66256429127,3500.91932262546,3526.9435039281,3506.64047006929,3538.92643302232,3510.02079195697
1187,-1853.53440394823,2303.74146915196,2.27417716599404,"gaussian","adaptive_sparse_group_lasso",1,0.0323551719140503,0.5,TRUE,"identity",NA,NA,"independent","gaussian",0.2,1000,50,1e-06,1,"PGD",0.9,TRUE,10,1,TRUE,0.00317517665535413,5,1.41047395886939,33.59870898862,9.47802081601589,20,3717.06880789646,3709.8897558142,3740.66751688508,3716.54682871248,3755.64617825285,3720.77223107207
1188,-1816.87505437394,2142.89290104588,2.11539279471459,"gaussian","adaptive_sparse_group_lasso",1,0.070216201050999,0.5,TRUE,"identity",NA,NA,"independent","gaussian",0.2,1000,50,1e-06,1,"PGD",0.9,TRUE,10,1,TRUE,0.0090557923554796,2,0.564189583547756,13.9802612994046,3.94375890019996,20,3637.75010874788,3634.87848791497,3647.73037004728,3637.69386764808,3653.72183459439,3639.38402859191
1189,-1818.97052783117,2151.77676427896,2.12416264983115,"gaussian","adaptive_sparse_group_lasso",1,0.0282985874768318,0.5,TRUE,"identity",NA,NA,"independent","gaussian",0.2,1000,50,1e-06,1,"PGD",0.9,TRUE,10,1,TRUE,0.00235190294362422,4,1.12837916709551,27.5597984141368,7.77447559496597,20,3645.94105566235,3640.19781399654,3665.50085407648,3645.71553125731,3677.4837831707,3649.09585314499
1190,-1741.35815045987,1846.07391071349,1.82238293258982,"gaussian","adaptive_sparse_group_lasso",1,0.0316934018347948,0.5,TRUE,"identity",NA,NA,"independent","gaussian",0.2,1000,50,1e-06,1,"PGD",0.9,TRUE,10,1,TRUE,0.00355776934965487,4,1.12837916709551,26.3925066849947,7.44518867769428,20,3490.71630091975,3484.97305925394,3509.10880760474,3490.16148959744,3521.09173669896,3493.54181148512
1191,-1776.59795767925,1979.08835366406,1.95369037874043,"gaussian","adaptive_sparse_group_lasso",1,0.0572865046439464,0.5,TRUE,"identity",NA,NA,"independent","gaussian",0.2,1000,50,1e-06,1,"PGD",0.9,TRUE,10,1,TRUE,0.00626490184338269,3,0.846284375321634,20.6796513926498,5.83362195356595,20,3559.19591535849,3554.88848410914,3573.87556675114,3559.02953731206,3582.86276357181,3561.56477872782
1192,-1799.24634461808,2069.59261584027,2.04303318444252,"gaussian","adaptive_sparse_group_lasso",1,0.0451482986998972,0.5,TRUE,"identity",NA,NA,"independent","gaussian",0.2,1000,50,1e-06,1,"PGD",0.9,TRUE,10,1,TRUE,0.00335576625296538,2,0.564189583547756,13.0232611503351,3.67379414242061,20,3602.49268923617,3599.62106840326,3611.5159503865,3602.16648337859,3617.50741493361,3603.85664432242
1193,-1738.95774521773,1837.34569434596,1.81376672689631,"gaussian","adaptive_sparse_group_lasso",1,0.0165149462516968,0.5,TRUE,"identity",NA,NA,"independent","gaussian",0.2,1000,50,1e-06,1,"PGD",0.9,TRUE,10,1,TRUE,0.000922964389894882,5,1.41047395886939,33.4261475677589,9.42934213792988,20,3487.91549043546,3480.7364383532,3511.34163800322,3487.34483257339,3526.32029937099,3491.57023493298
1194,-1779.47627833368,1990.3670651859,1.96482434865341,"gaussian","adaptive_sparse_group_lasso",1,0.0116538297239945,0.5,TRUE,"identity",NA,NA,"independent","gaussian",0.2,1000,50,1e-06,1,"PGD",0.9,TRUE,10,1,TRUE,0.000826349761807732,10,2.82094791773878,66.8048928980575,18.8453123515538,20,3578.95255666736,3564.59445250284,3625.75744956542,3577.79786901891,3655.71477230096,3586.2486737381
1195,-1783.80584452745,2007.45366349023,1.98169167175738,"gaussian","adaptive_sparse_group_lasso",1,0.020869977904022,0.5,TRUE,"identity",NA,NA,"independent","gaussian",0.2,1000,50,1e-06,1,"PGD",0.9,TRUE,10,1,TRUE,0.00132738592176435,4,1.12837916709551,26.8344027580537,7.56984525840954,20,3575.61168905489,3569.86844738908,3594.44609181295,3575.1815343133,3606.42902090716,3578.56185620098
1196,-1762.42984271771,1924.49524878479,1.89979787639169,"gaussian","adaptive_sparse_group_lasso",1,0.0169325182514048,0.5,TRUE,"identity",NA,NA,"independent","gaussian",0.2,1000,50,1e-06,1,"PGD",0.9,TRUE,10,1,TRUE,0.000856745091324828,4,1.12837916709551,26.8057171456097,7.56175319654025,20,3532.85968543541,3527.1164437696,3551.66540258102,3532.42143863195,3563.64833167524,3535.80176051963
1197,-1805.23341854147,2094.20135428161,2.06732611478935,"gaussian","adaptive_sparse_group_lasso",1,0.0305295660846867,0.5,TRUE,"identity",NA,NA,"independent","gaussian",0.2,1000,50,1e-06,1,"PGD",0.9,TRUE,10,1,TRUE,0.00323406360270573,6,1.69256875064327,40.7921253442929,11.5072461050122,20,3622.46683708294,3613.85197458423,3651.25896242723,3621.97408318795,3669.23335606856,3627.04456601947
1198,-1760.66112751754,1917.78656631315,1.89317528757468,"gaussian","adaptive_sparse_group_lasso",1,0.007925510362791,0.5,TRUE,"identity",NA,NA,"independent","gaussian",0.2,1000,50,1e-06,1,"PGD",0.9,TRUE,10,1,TRUE,0.000349738038018953,8,2.25675833419103,54.9670178859418,15.5059094649658,20,3537.32225503507,3525.83577170345,3576.28927292101,3536.82816450004,3600.25513110945,3543.58880827539
1199,-1815.18173834804,2135.74080600438,2.10833248371607,"gaussian","adaptive_sparse_group_lasso",1,0.0446896310592591,0.5,TRUE,"identity",NA,NA,"independent","gaussian",0.2,1000,50,1e-06,1,"PGD",0.9,TRUE,10,1,TRUE,0.00457722831660153,3,0.846284375321634,19.1650480107523,5.40636022792956,20,3636.36347669608,3632.05604544673,3649.52852470684,3635.76983692401,3658.5157215275,3638.30507833977
1200,-1787.30878936349,2021.38529663798,1.99544451790521,"gaussian","adaptive_sparse_group_lasso",1,0.018317836122038,0.5,TRUE,"identity",NA,NA,"independent","gaussian",0.2,1000,50,1e-06,1,"PGD",0.9,TRUE,10,1,TRUE,0.0016976414738301,7,1.97466354241715,46.9583642271691,13.2467099787052,20,3588.61757872697,3578.56690581181,3621.57594295414,3587.86428870568,3642.54606886902,3593.77985200911
1201,-177.659523922218,194.535725291124,1.90721299305023,"gaussian","adaptive_sparse_group_lasso",1,8.37297159546052,0.5,TRUE,"identity",NA,NA,"independent","epa",0.0555555555555555,1000,50,1e-06,1,"PGD",0.9,TRUE,10,1,TRUE,0,0,0,0,0,20,355.319047844436,355.319047844436,355.319047844436,355.319047844436,355.319047844436,355.319047844436
1202,-178.372666874208,197.275064017943,1.93406925507787,"gaussian","adaptive_sparse_group_lasso",1,12.8105252883172,0.5,TRUE,"identity",NA,NA,"independent","epa",0.0555555555555555,1000,50,1e-06,1,"PGD",0.9,TRUE,10,1,TRUE,0,0,0,0,0,20,356.745333748417,356.745333748417,356.745333748417,356.745333748417,356.745333748417,356.745333748417
1203,-179.130127854043,200.226894294373,1.96300876759189,"gaussian","adaptive_sparse_group_lasso",1,7.66008820798569,0.5,TRUE,"identity",NA,NA,"independent","epa",0.0555555555555555,1000,50,1e-06,1,"PGD",0.9,TRUE,10,1,TRUE,0,0,0,0,0,20,358.260255708087,358.260255708087,358.260255708087,358.260255708087,358.260255708087,358.260255708087
1204,-178.606142088439,198.180248847757,1.94294361615448,"gaussian","adaptive_sparse_group_lasso",1,9.15177305606913,0.5,TRUE,"identity",NA,NA,"independent","epa",0.0555555555555555,1000,50,1e-06,1,"PGD",0.9,TRUE,10,1,TRUE,0,0,0,0,0,20,357.212284176878,357.212284176878,357.212284176878,357.212284176878,357.212284176878,357.212284176878
1205,-164.944603843655,151.608822189613,1.48636100185895,"gaussian","adaptive_sparse_group_lasso",1,6.32822805203322,0.5,TRUE,"identity",NA,NA,"independent","epa",0.0555555555555555,1000,50,1e-06,1,"PGD",0.9,TRUE,10,1,TRUE,0,0,0,0,0,20,329.889207687309,329.889207687309,329.889207687309,329.889207687309,329.889207687309,329.889207687309
1206,-177.897760975854,195.44658870789,1.91614302654794,"gaussian","adaptive_sparse_group_lasso",1,9.70468752776302,0.5,TRUE,"identity",NA,NA,"independent","epa",0.0555555555555555,1000,50,1e-06,1,"PGD",0.9,TRUE,10,1,TRUE,0,0,0,0,0,20,355.795521951707,355.795521951707,355.795521951707,355.795521951707,355.795521951707,355.795521951707
1207,-187.662758057498,236.691515179256,2.32050505077702,"gaussian","adaptive_sparse_group_lasso",1,9.29080115264928,0.5,TRUE,"identity",NA,NA,"independent","epa",0.0555555555555555,1000,50,1e-06,1,"PGD",0.9,TRUE,10,1,TRUE,0,0,0,0,0,20,375.325516114996,375.325516114996,375.325516114996,375.325516114996,375.325516114996,375.325516114996
1208,-173.984227037897,181.009801003526,1.77460589219143,"gaussian","adaptive_sparse_group_lasso",1,5.14167402664896,0.5,TRUE,"identity",NA,NA,"independent","epa",0.0555555555555555,1000,50,1e-06,1,"PGD",0.9,TRUE,10,1,TRUE,0,0,0,0,0,20,347.968454075795,347.968454075795,347.968454075795,347.968454075795,347.968454075795,347.968454075795
1209,-187.531234566522,236.081899733102,2.3145284287559,"gaussian","adaptive_sparse_group_lasso",1,19.0620256747751,0.5,TRUE,"identity",NA,NA,"independent","epa",0.0555555555555555,1000,50,1e-06,1,"PGD",0.9,TRUE,10,1,TRUE,0,0,0,0,0,20,375.062469133045,375.062469133045,375.062469133045,375.062469133045,375.062469133045,375.062469133045
1210,-210.81287836877,372.665635199814,3.65358465882171,"gaussian","adaptive_sparse_group_lasso",1,15.4824923932543,0.5,TRUE,"identity",NA,NA,"independent","epa",0.0555555555555555,1000,50,1e-06,1,"PGD",0.9,TRUE,10,1,TRUE,0,0,0,0,0,20,421.62575673754,421.62575673754,421.62575673754,421.62575673754,421.62575673754,421.62575673754
1211,-192.241170464906,258.922933113061,2.53846012855942,"gaussian","adaptive_sparse_group_lasso",1,8.5949917644993,0.5,TRUE,"identity",NA,NA,"independent","epa",0.0555555555555555,1000,50,1e-06,1,"PGD",0.9,TRUE,10,1,TRUE,0,0,0,0,0,20,384.482340929811,384.482340929811,384.482340929811,384.482340929811,384.482340929811,384.482340929811
1212,-179.875180918628,203.173456276821,1.99189663016491,"gaussian","adaptive_sparse_group_lasso",1,8.84421140272312,0.5,TRUE,"identity",NA,NA,"independent","epa",0.0555555555555555,1000,50,1e-06,1,"PGD",0.9,TRUE,10,1,TRUE,0,0,0,0,0,20,359.750361837255,359.750361837255,359.750361837255,359.750361837255,359.750361837255,359.750361837255
1213,-189.118740332616,243.546123050848,2.3877070887338,"gaussian","adaptive_sparse_group_lasso",1,11.5408205316605,0.5,TRUE,"identity",NA,NA,"independent","epa",0.0555555555555555,1000,50,1e-06,1,"PGD",0.9,TRUE,10,1,TRUE,0,0,0,0,0,20,378.237480665232,378.237480665232,378.237480665232,378.237480665232,378.237480665232,378.237480665232
1214,-180.202473374549,204.481514498845,2.00472073038084,"gaussian","adaptive_sparse_group_lasso",1,4.81482941010349,0.5,TRUE,"identity",NA,NA,"independent","epa",0.0555555555555555,1000,50,1e-06,1,"PGD",0.9,TRUE,10,1,TRUE,0,0,0,0,0,20,360.404946749097,360.404946749097,360.404946749097,360.404946749097,360.404946749097,360.404946749097
1215,-191.442615828184,254.900310070141,2.49902264774648,"gaussian","adaptive_sparse_group_lasso",1,13.2763663973326,0.5,TRUE,"identity",NA,NA,"independent","epa",0.0555555555555555,1000,50,1e-06,1,"PGD",0.9,TRUE,10,1,TRUE,0,0,0,0,0,20,382.885231656367,382.885231656367,382.885231656367,382.885231656367,382.885231656367,382.885231656367
1216,-190.339772736498,249.447420492266,2.44556294600261,"gaussian","adaptive_sparse_group_lasso",1,9.62035097628078,0.5,TRUE,"identity",NA,NA,"independent","epa",0.0555555555555555,1000,50,1e-06,1,"PGD",0.9,TRUE,10,1,TRUE,0,0,0,0,0,20,380.679545472996,380.679545472996,380.679545472996,380.679545472996,380.679545472996,380.679545472996
1217,-197.491155134293,286.99687802633,2.81369488261108,"gaussian","adaptive_sparse_group_lasso",1,7.70273326937263,0.5,TRUE,"identity",NA,NA,"independent","epa",0.0555555555555555,1000,50,1e-06,1,"PGD",0.9,TRUE,10,1,TRUE,0,0,0,0,0,20,394.982310268586,394.982310268586,394.982310268586,394.982310268586,394.982310268586,394.982310268586
1218,-178.478332223112,197.684215931567,1.9380805483487,"gaussian","adaptive_sparse_group_lasso",1,8.68536680236643,0.5,TRUE,"identity",NA,NA,"independent","epa",0.0555555555555555,1000,50,1e-06,1,"PGD",0.9,TRUE,10,1,TRUE,0,0,0,0,0,20,356.956664446224,356.956664446224,356.956664446224,356.956664446224,356.956664446224,356.956664446224
1219,-186.206441892775,230.028324342195,2.25517965041368,"gaussian","adaptive_sparse_group_lasso",1,7.31520643471863,0.5,TRUE,"identity",NA,NA,"independent","epa",0.0555555555555555,1000,50,1e-06,1,"PGD",0.9,TRUE,10,1,TRUE,0,0,0,0,0,20,372.412883785551,372.412883785551,372.412883785551,372.412883785551,372.412883785551,372.412883785551
1220,-175.949084294519,188.119573868924,1.84430954773455,"gaussian","adaptive_sparse_group_lasso",1,3.83835902750048,0.5,TRUE,"identity",NA,NA,"independent","epa",0.0555555555555555,1000,50,1e-06,1,"PGD",0.9,TRUE,10,1,TRUE,0,0,0,0,0,20,351.898168589039,351.898168589039,351.898168589039,351.898168589039,351.898168589039,351.898168589039
1221,-175.745911082244,187.371636080591,1.83697682431952,"gaussian","adaptive_sparse_group_lasso",1,5.42434891783826,0.5,TRUE,"identity",NA,NA,"independent","epa",0.0555555555555555,1000,50,1e-06,1,"PGD",0.9,TRUE,10,1,TRUE,0,0,0,0,0,20,351.491822164488,351.491822164488,351.491822164488,351.491822164488,351.491822164488,351.491822164488
1222,-181.338961231332,209.089345985964,2.049895548882,"gaussian","adaptive_sparse_group_lasso",1,12.7660332200013,0.5,TRUE,"identity",NA,NA,"independent","epa",0.0555555555555555,1000,50,1e-06,1,"PGD",0.9,TRUE,10,1,TRUE,0,0,0,0,0,20,362.677922462664,362.677922462664,362.677922462664,362.677922462664,362.677922462664,362.677922462664
1223,-189.133723704027,243.617685366797,2.38840868006663,"gaussian","adaptive_sparse_group_lasso",1,14.7958365538781,0.5,TRUE,"identity",NA,NA,"independent","epa",0.0555555555555555,1000,50,1e-06,1,"PGD",0.9,TRUE,10,1,TRUE,0,0,0,0,0,20,378.267447408053,378.267447408053,378.267447408053,378.267447408053,378.267447408053,378.267447408053
1224,-179.680517914544,202.399437237848,1.9843082082142,"gaussian","adaptive_sparse_group_lasso",1,13.4813633949134,0.5,TRUE,"identity",NA,NA,"independent","epa",0.0555555555555555,1000,50,1e-06,1,"PGD",0.9,TRUE,10,1,TRUE,0,0,0,0,0,20,359.361035829089,359.361035829089,359.361035829089,359.361035829089,359.361035829089,359.361035829089
1225,-166.649128825055,156.761528496672,1.53687773035953,"gaussian","adaptive_sparse_group_lasso",1,14.0565608634421,0.5,TRUE,"identity",NA,NA,"independent","epa",0.0555555555555555,1000,50,1e-06,1,"PGD",0.9,TRUE,10,1,TRUE,0,0,0,0,0,20,333.29825765011,333.29825765011,333.29825765011,333.29825765011,333.29825765011,333.29825765011
1226,-157.455065948052,130.902134765316,1.28335426240506,"gaussian","adaptive_sparse_group_lasso",1,13.3596646691273,0.5,TRUE,"identity",NA,NA,"independent","epa",0.0555555555555555,1000,50,1e-06,1,"PGD",0.9,TRUE,10,1,TRUE,0,0,0,0,0,20,314.910131896104,314.910131896104,314.910131896104,314.910131896104,314.910131896104,314.910131896104
1227,-188.181815422569,239.112766009397,2.34424280401369,"gaussian","adaptive_sparse_group_lasso",1,6.10174752487751,0.5,TRUE,"identity",NA,NA,"independent","epa",0.0555555555555555,1000,50,1e-06,1,"PGD",0.9,TRUE,10,1,TRUE,0,0,0,0,0,20,376.363630845139,376.363630845139,376.363630845139,376.363630845139,376.363630845139,376.363630845139
1228,-182.721852234001,214.836476264173,2.10623996337424,"gaussian","adaptive_sparse_group_lasso",1,11.75270271981,0.5,TRUE,"identity",NA,NA,"independent","epa",0.0555555555555555,1000,50,1e-06,1,"PGD",0.9,TRUE,10,1,TRUE,0,0,0,0,0,20,365.443704468002,365.443704468002,365.443704468002,365.443704468002,365.443704468002,365.443704468002
1229,-172.672011692148,176.411876133942,1.72952819739159,"gaussian","adaptive_sparse_group_lasso",1,6.76626971155153,0.5,TRUE,"identity",NA,NA,"independent","epa",0.0555555555555555,1000,50,1e-06,1,"PGD",0.9,TRUE,10,1,TRUE,0,0,0,0,0,20,345.344023384296,345.344023384296,345.344023384296,345.344023384296,345.344023384296,345.344023384296
1230,-183.3939967196,217.686611562714,2.13418246630112,"gaussian","adaptive_sparse_group_lasso",1,10.9497243258838,0.5,TRUE,"identity",NA,NA,"independent","epa",0.0555555555555555,1000,50,1e-06,1,"PGD",0.9,TRUE,10,1,TRUE,0,0,0,0,0,20,366.7879934392,366.7879934392,366.7879934392,366.7879934392,366.7879934392,366.7879934392
1231,-187.901456842116,237.801915163336,2.33139132513075,"gaussian","adaptive_sparse_group_lasso",1,11.5916412892339,0.5,TRUE,"identity",NA,NA,"independent","epa",0.0555555555555555,1000,50,1e-06,1,"PGD",0.9,TRUE,10,1,TRUE,0,0,0,0,0,20,375.802913684233,375.802913684233,375.802913684233,375.802913684233,375.802913684233,375.802913684233
1232,-189.084190825092,243.381190715088,2.38609010504989,"gaussian","adaptive_sparse_group_lasso",1,6.64381400246655,0.5,TRUE,"identity",NA,NA,"independent","epa",0.0555555555555555,1000,50,1e-06,1,"PGD",0.9,TRUE,10,1,TRUE,0,0,0,0,0,20,378.168381650183,378.168381650183,378.168381650183,378.168381650183,378.168381650183,378.168381650183
1233,-191.646011018978,255.918918273079,2.50900900267725,"gaussian","adaptive_sparse_group_lasso",1,10.5615414340704,0.5,TRUE,"identity",NA,NA,"independent","epa",0.0555555555555555,1000,50,1e-06,1,"PGD",0.9,TRUE,10,1,TRUE,0,0,0,0,0,20,383.292022037955,383.292022037955,383.292022037955,383.292022037955,383.292022037955,383.292022037955
1234,-163.99253321559,148.80483480605,1.45887092947108,"gaussian","adaptive_sparse_group_lasso",1,11.2434746171278,0.5,TRUE,"identity",NA,NA,"independent","epa",0.0555555555555555,1000,50,1e-06,1,"PGD",0.9,TRUE,10,1,TRUE,0,0,0,0,0,20,327.98506643118,327.98506643118,327.98506643118,327.98506643118,327.98506643118,327.98506643118
1235,-209.195331169408,361.031418171096,3.53952370755976,"gaussian","adaptive_sparse_group_lasso",1,17.8080157222448,0.5,TRUE,"identity",NA,NA,"independent","epa",0.0555555555555555,1000,50,1e-06,1,"PGD",0.9,TRUE,10,1,TRUE,0,0,0,0,0,20,418.390662338816,418.390662338816,418.390662338816,418.390662338816,418.390662338816,418.390662338816
1236,-178.919328104217,199.400998804621,1.95491175298648,"gaussian","adaptive_sparse_group_lasso",1,10.1970978794621,0.5,TRUE,"identity",NA,NA,"independent","epa",0.0555555555555555,1000,50,1e-06,1,"PGD",0.9,TRUE,10,1,TRUE,0,0,0,0,0,20,357.838656208433,357.838656208433,357.838656208433,357.838656208433,357.838656208433,357.838656208433
1237,-197.550912838476,287.333355009099,2.81699367655979,"gaussian","adaptive_sparse_group_lasso",1,14.9143941967085,0.5,TRUE,"identity",NA,NA,"independent","epa",0.0555555555555555,1000,50,1e-06,1,"PGD",0.9,TRUE,10,1,TRUE,0,0,0,0,0,20,395.101825676952,395.101825676952,395.101825676952,395.101825676952,395.101825676952,395.101825676952
1238,-173.73383906908,180.123299025485,1.76591469632828,"gaussian","adaptive_sparse_group_lasso",1,13.5471148563498,0.5,TRUE,"identity",NA,NA,"independent","epa",0.0555555555555555,1000,50,1e-06,1,"PGD",0.9,TRUE,10,1,TRUE,0,0,0,0,0,20,347.467678138159,347.467678138159,347.467678138159,347.467678138159,347.467678138159,347.467678138159
1239,-184.005353516304,220.311808667326,2.15991969281692,"gaussian","adaptive_sparse_group_lasso",1,16.7017678415765,0.5,TRUE,"identity",NA,NA,"independent","epa",0.0555555555555555,1000,50,1e-06,1,"PGD",0.9,TRUE,10,1,TRUE,0,0,0,0,0,20,368.010707032608,368.010707032608,368.010707032608,368.010707032608,368.010707032608,368.010707032608
1240,-174.480254518451,182.778896775597,1.7919499683882,"gaussian","adaptive_sparse_group_lasso",1,8.20264824323656,0.5,TRUE,"identity",NA,NA,"independent","epa",0.0555555555555555,1000,50,1e-06,1,"PGD",0.9,TRUE,10,1,TRUE,0,0,0,0,0,20,348.960509036903,348.960509036903,348.960509036903,348.960509036903,348.960509036903,348.960509036903
1241,-192.584219388042,260.670435795536,2.55559250779938,"gaussian","adaptive_sparse_group_lasso",1,12.3149376525084,0.5,TRUE,"identity",NA,NA,"independent","epa",0.0555555555555555,1000,50,1e-06,1,"PGD",0.9,TRUE,10,1,TRUE,0,0,0,0,0,20,385.168438776083,385.168438776083,385.168438776083,385.168438776083,385.168438776083,385.168438776083
1242,-183.042362457532,216.190870544487,2.11951833867144,"gaussian","adaptive_sparse_group_lasso",1,13.4721801655626,0.5,TRUE,"identity",NA,NA,"independent","epa",0.0555555555555555,1000,50,1e-06,1,"PGD",0.9,TRUE,10,1,TRUE,0,0,0,0,0,20,366.084724915063,366.084724915063,366.084724915063,366.084724915063,366.084724915063,366.084724915063
1243,-187.953264474974,238.043605633126,2.33376083954045,"gaussian","adaptive_sparse_group_lasso",1,11.4290913913575,0.5,TRUE,"identity",NA,NA,"independent","epa",0.0555555555555555,1000,50,1e-06,1,"PGD",0.9,TRUE,10,1,TRUE,0,0,0,0,0,20,375.906528949949,375.906528949949,375.906528949949,375.906528949949,375.906528949949,375.906528949949
1244,-185.762391966716,228.034193536139,2.23562934839352,"gaussian","adaptive_sparse_group_lasso",1,10.4673556032175,0.5,TRUE,"identity",NA,NA,"independent","epa",0.0555555555555555,1000,50,1e-06,1,"PGD",0.9,TRUE,10,1,TRUE,0,0,0,0,0,20,371.524783933432,371.524783933432,371.524783933432,371.524783933432,371.524783933432,371.524783933432
1245,-174.470412628608,182.743627830387,1.79160419441556,"gaussian","adaptive_sparse_group_lasso",1,13.4295986140012,0.5,TRUE,"identity",NA,NA,"independent","epa",0.0555555555555555,1000,50,1e-06,1,"PGD",0.9,TRUE,10,1,TRUE,0,0,0,0,0,20,348.940825257215,348.940825257215,348.940825257215,348.940825257215,348.940825257215,348.940825257215
1246,-177.026875965792,192.137442423971,1.88370041592129,"gaussian","adaptive_sparse_group_lasso",1,6.70548261920647,0.5,TRUE,"identity",NA,NA,"independent","epa",0.0555555555555555,1000,50,1e-06,1,"PGD",0.9,TRUE,10,1,TRUE,0,0,0,0,0,20,354.053751931584,354.053751931584,354.053751931584,354.053751931584,354.053751931584,354.053751931584
1247,-196.219137304925,279.927267830287,2.7443849787283,"gaussian","adaptive_sparse_group_lasso",1,0.922468359208377,0.5,TRUE,"identity",NA,NA,"independent","epa",0.0555555555555555,1000,50,1e-06,1,"PGD",0.9,TRUE,10,1,TRUE,1.75300499165967,3,3,14.3873202683433,14.3873202683433,20,398.438274609851,398.438274609851,406.825594878194,406.825594878194,415.812791698856,415.812791698856
1248,-183.039705924199,216.179609695542,2.11940793819159,"gaussian","adaptive_sparse_group_lasso",1,7.13769406395628,0.5,TRUE,"identity",NA,NA,"independent","epa",0.0555555555555555,1000,50,1e-06,1,"PGD",0.9,TRUE,10,1,TRUE,0,0,0,0,0,20,366.079411848399,366.079411848399,366.079411848399,366.079411848399,366.079411848399,366.079411848399
1249,-192.490277710478,260.190724449104,2.55088945538337,"gaussian","adaptive_sparse_group_lasso",1,11.3393272757299,0.5,TRUE,"identity",NA,NA,"independent","epa",0.0555555555555555,1000,50,1e-06,1,"PGD",0.9,TRUE,10,1,TRUE,0,0,0,0,0,20,384.980555420957,384.980555420957,384.980555420957,384.980555420957,384.980555420957,384.980555420957
1250,-196.853456118135,283.430639522657,2.77873176002605,"gaussian","adaptive_sparse_group_lasso",1,7.14719132592913,0.5,TRUE,"identity",NA,NA,"independent","epa",0.0555555555555555,1000,50,1e-06,1,"PGD",0.9,TRUE,10,1,TRUE,0,0,0,0,0,20,393.70691223627,393.70691223627,393.70691223627,393.70691223627,393.70691223627,393.70691223627
1251,-174.915061398218,184.343862802029,1.80729277256891,"gaussian","adaptive_sparse_group_lasso",1,5.14385459257256,0.5,TRUE,"identity",NA,NA,"independent","epa",0.0555555555555555,1000,50,1e-06,1,"PGD",0.9,TRUE,10,1,TRUE,0,0,0,0,0,20,349.830122796436,349.830122796436,349.830122796436,349.830122796436,349.830122796436,349.830122796436
1252,-184.293949486626,221.562030914445,2.17217677367103,"gaussian","adaptive_sparse_group_lasso",1,6.51946146182643,0.5,TRUE,"identity",NA,NA,"independent","epa",0.0555555555555555,1000,50,1e-06,1,"PGD",0.9,TRUE,10,1,TRUE,0,0,0,0,0,20,368.587898973251,368.587898973251,368.587898973251,368.587898973251,368.587898973251,368.587898973251
1253,-185.950032007842,228.874726004182,2.2438698627861,"gaussian","adaptive_sparse_group_lasso",1,10.1389877201252,0.5,TRUE,"identity",NA,NA,"independent","epa",0.0555555555555555,1000,50,1e-06,1,"PGD",0.9,TRUE,10,1,TRUE,0,0,0,0,0,20,371.900064015683,371.900064015683,371.900064015683,371.900064015683,371.900064015683,371.900064015683
1254,-176.192432866324,189.019338983514,1.85313077434818,"gaussian","adaptive_sparse_group_lasso",1,7.55353374492549,0.5,TRUE,"identity",NA,NA,"independent","epa",0.0555555555555555,1000,50,1e-06,1,"PGD",0.9,TRUE,10,1,TRUE,0,0,0,0,0,20,352.384865732649,352.384865732649,352.384865732649,352.384865732649,352.384865732649,352.384865732649
1255,-163.332865303764,146.892488567738,1.44012243693861,"gaussian","adaptive_sparse_group_lasso",1,7.71378040233947,0.5,TRUE,"identity",NA,NA,"independent","epa",0.0555555555555555,1000,50,1e-06,1,"PGD",0.9,TRUE,10,1,TRUE,0,0,0,0,0,20,326.665730607528,326.665730607528,326.665730607528,326.665730607528,326.665730607528,326.665730607528
1256,-199.796558983958,300.267977657324,2.94380370252278,"gaussian","adaptive_sparse_group_lasso",1,12.7547649496878,0.5,TRUE,"identity",NA,NA,"independent","epa",0.0555555555555555,1000,50,1e-06,1,"PGD",0.9,TRUE,10,1,TRUE,0,0,0,0,0,20,399.593117967916,399.593117967916,399.593117967916,399.593117967916,399.593117967916,399.593117967916
1257,-192.209193863707,258.760641341834,2.53686903276308,"gaussian","adaptive_sparse_group_lasso",1,9.82363780036825,0.5,TRUE,"identity",NA,NA,"independent","epa",0.0555555555555555,1000,50,1e-06,1,"PGD",0.9,TRUE,10,1,TRUE,0,0,0,0,0,20,384.418387727414,384.418387727414,384.418387727414,384.418387727414,384.418387727414,384.418387727414
1258,-177.567333056823,194.18438770431,1.903768506905,"gaussian","adaptive_sparse_group_lasso",1,8.22790920667833,0.5,TRUE,"identity",NA,NA,"independent","epa",0.0555555555555555,1000,50,1e-06,1,"PGD",0.9,TRUE,10,1,TRUE,0,0,0,0,0,20,355.134666113646,355.134666113646,355.134666113646,355.134666113646,355.134666113646,355.134666113646
1259,-162.650785746357,144.941011142596,1.42099030531957,"gaussian","adaptive_sparse_group_lasso",1,9.81496355282865,0.5,TRUE,"identity",NA,NA,"independent","epa",0.0555555555555555,1000,50,1e-06,1,"PGD",0.9,TRUE,10,1,TRUE,0,0,0,0,0,20,325.301571492714,325.301571492714,325.301571492714,325.301571492714,325.301571492714,325.301571492714
1260,-189.942228389491,247.510539830737,2.42657391990918,"gaussian","adaptive_sparse_group_lasso",1,14.0166179370976,0.5,TRUE,"identity",NA,NA,"independent","epa",0.0555555555555555,1000,50,1e-06,1,"PGD",0.9,TRUE,10,1,TRUE,0,0,0,0,0,20,379.884456778983,379.884456778983,379.884456778983,379.884456778983,379.884456778983,379.884456778983
1261,-157.365926799788,130.67354038342,1.28111314101393,"gaussian","adaptive_sparse_group_lasso",1,8.48837736910436,0.5,TRUE,"identity",NA,NA,"independent","epa",0.0555555555555555,1000,50,1e-06,1,"PGD",0.9,TRUE,10,1,TRUE,0,0,0,0,0,20,314.731853599577,314.731853599577,314.731853599577,314.731853599577,314.731853599577,314.731853599577
1262,-169.660637517073,166.296928081136,1.63036204001114,"gaussian","adaptive_sparse_group_lasso",1,5.92986799952312,0.5,TRUE,"identity",NA,NA,"independent","epa",0.0555555555555555,1000,50,1e-06,1,"PGD",0.9,TRUE,10,1,TRUE,0,0,0,0,0,20,339.321275034146,339.321275034146,339.321275034146,339.321275034146,339.321275034146,339.321275034146
1263,-177.18953078261,192.751206537957,1.88971771115644,"gaussian","adaptive_sparse_group_lasso",1,1.17815146692742,0.5,TRUE,"identity",NA,NA,"independent","epa",0.0555555555555555,1000,50,1e-06,1,"PGD",0.9,TRUE,10,1,TRUE,1.59144887053773,1,1,4.39444915467244,4.39444915467244,20,356.37906156522,356.37906156522,358.773510719892,358.773510719892,361.769242993446,361.769242993446
1264,-192.530835476685,260.397723502529,2.55291885786793,"gaussian","adaptive_sparse_group_lasso",1,10.2112012434384,0.5,TRUE,"identity",NA,NA,"independent","epa",0.0555555555555555,1000,50,1e-06,1,"PGD",0.9,TRUE,10,1,TRUE,0,0,0,0,0,20,385.061670953371,385.061670953371,385.061670953371,385.061670953371,385.061670953371,385.061670953371
1265,-172.664017673366,176.384226539185,1.72925712293319,"gaussian","adaptive_sparse_group_lasso",1,8.01215180789515,0.5,TRUE,"identity",NA,NA,"independent","epa",0.0555555555555555,1000,50,1e-06,1,"PGD",0.9,TRUE,10,1,TRUE,0,0,0,0,0,20,345.328035346732,345.328035346732,345.328035346732,345.328035346732,345.328035346732,345.328035346732
1266,-189.912582614141,247.366706308658,2.42516378733979,"gaussian","adaptive_sparse_group_lasso",1,5.39367347809399,0.5,TRUE,"identity",NA,NA,"independent","epa",0.0555555555555555,1000,50,1e-06,1,"PGD",0.9,TRUE,10,1,TRUE,0,0,0,0,0,20,379.825165228282,379.825165228282,379.825165228282,379.825165228282,379.825165228282,379.825165228282
1267,-172.501910740938,175.824467491216,1.72376928912957,"gaussian","adaptive_sparse_group_lasso",1,14.0515920975041,0.5,TRUE,"identity",NA,NA,"independent","epa",0.0555555555555555,1000,50,1e-06,1,"PGD",0.9,TRUE,10,1,TRUE,0,0,0,0,0,20,345.003821481876,345.003821481876,345.003821481876,345.003821481876,345.003821481876,345.003821481876
1268,-169.683857693814,166.37265990953,1.63110450891696,"gaussian","adaptive_sparse_group_lasso",1,6.0483113473278,0.5,TRUE,"identity",NA,NA,"independent","epa",0.0555555555555555,1000,50,1e-06,1,"PGD",0.9,TRUE,10,1,TRUE,0,0,0,0,0,20,339.367715387628,339.367715387628,339.367715387628,339.367715387628,339.367715387628,339.367715387628
1269,-205.918947040497,338.56705234725,3.31928482693382,"gaussian","adaptive_sparse_group_lasso",1,14.1926529993499,0.5,TRUE,"identity",NA,NA,"independent","epa",0.0555555555555555,1000,50,1e-06,1,"PGD",0.9,TRUE,10,1,TRUE,0,0,0,0,0,20,411.837894080993,411.837894080993,411.837894080993,411.837894080993,411.837894080993,411.837894080993
1270,-162.359900348847,144.116673578088,1.41290856449106,"gaussian","adaptive_sparse_group_lasso",1,5.67387117745485,0.5,TRUE,"identity",NA,NA,"independent","epa",0.0555555555555555,1000,50,1e-06,1,"PGD",0.9,TRUE,10,1,TRUE,0,0,0,0,0,20,324.719800697694,324.719800697694,324.719800697694,324.719800697694,324.719800697694,324.719800697694
1271,-186.61893430979,231.896357575649,2.27349370172205,"gaussian","adaptive_sparse_group_lasso",1,13.8539565786063,0.5,TRUE,"identity",NA,NA,"independent","epa",0.0555555555555555,1000,50,1e-06,1,"PGD",0.9,TRUE,10,1,TRUE,0,0,0,0,0,20,373.23786861958,373.23786861958,373.23786861958,373.23786861958,373.23786861958,373.23786861958
1272,-188.200851591942,239.202033474403,2.34511797523925,"gaussian","adaptive_sparse_group_lasso",1,5.95203314900775,0.5,TRUE,"identity",NA,NA,"independent","epa",0.0555555555555555,1000,50,1e-06,1,"PGD",0.9,TRUE,10,1,TRUE,0,0,0,0,0,20,376.401703183884,376.401703183884,376.401703183884,376.401703183884,376.401703183884,376.401703183884
1273,-199.341104739225,297.598380003876,2.91763117650859,"gaussian","adaptive_sparse_group_lasso",1,9.23171188402773,0.5,TRUE,"identity",NA,NA,"independent","epa",0.0555555555555555,1000,50,1e-06,1,"PGD",0.9,TRUE,10,1,TRUE,0,0,0,0,0,20,398.682209478451,398.682209478451,398.682209478451,398.682209478451,398.682209478451,398.682209478451
1274,-159.21811546105,135.506495907111,1.32849505791285,"gaussian","adaptive_sparse_group_lasso",1,8.65008492243639,0.5,TRUE,"identity",NA,NA,"independent","epa",0.0555555555555555,1000,50,1e-06,1,"PGD",0.9,TRUE,10,1,TRUE,0,0,0,0,0,20,318.436230922101,318.436230922101,318.436230922101,318.436230922101,318.436230922101,318.436230922101
1275,-166.771287142679,157.137463343866,1.54056336611634,"gaussian","adaptive_sparse_group_lasso",1,9.44330264656623,0.5,TRUE,"identity",NA,NA,"independent","epa",0.0555555555555555,1000,50,1e-06,1,"PGD",0.9,TRUE,10,1,TRUE,0,0,0,0,0,20,333.542574285357,333.542574285357,333.542574285357,333.542574285357,333.542574285357,333.542574285357
1276,-169.575244651662,166.018718486514,1.62763449496582,"gaussian","adaptive_sparse_group_lasso",1,10.6935255723245,0.5,TRUE,"identity",NA,NA,"independent","epa",0.0555555555555555,1000,50,1e-06,1,"PGD",0.9,TRUE,10,1,TRUE,0,0,0,0,0,20,339.150489303324,339.150489303324,339.150489303324,339.150489303324,339.150489303324,339.150489303324
1277,-182.204954221263,212.670050943219,2.08500049944333,"gaussian","adaptive_sparse_group_lasso",1,5.76777297971308,0.5,TRUE,"identity",NA,NA,"independent","epa",0.0555555555555555,1000,50,1e-06,1,"PGD",0.9,TRUE,10,1,TRUE,0,0,0,0,0,20,364.409908442527,364.409908442527,364.409908442527,364.409908442527,364.409908442527,364.409908442527
1278,-169.817669018581,166.809753581707,1.63538974099713,"gaussian","adaptive_sparse_group_lasso",1,5.00615392400079,0.5,TRUE,"identity",NA,NA,"independent","epa",0.0555555555555555,1000,50,1e-06,1,"PGD",0.9,TRUE,10,1,TRUE,0,0,0,0,0,20,339.635338037163,339.635338037163,339.635338037163,339.635338037163,339.635338037163,339.635338037163
1279,-195.271144330146,274.772014085133,2.69384327534444,"gaussian","adaptive_sparse_group_lasso",1,7.74863993112991,0.5,TRUE,"identity",NA,NA,"independent","epa",0.0555555555555555,1000,50,1e-06,1,"PGD",0.9,TRUE,10,1,TRUE,0,0,0,0,0,20,390.542288660292,390.542288660292,390.542288660292,390.542288660292,390.542288660292,390.542288660292
1280,-178.364006912409,197.241568930076,1.93374087186349,"gaussian","adaptive_sparse_group_lasso",1,10.1660314005147,0.5,TRUE,"identity",NA,NA,"independent","epa",0.0555555555555555,1000,50,1e-06,1,"PGD",0.9,TRUE,10,1,TRUE,0,0,0,0,0,20,356.728013824817,356.728013824817,356.728013824817,356.728013824817,356.728013824817,356.728013824817
1281,-162.599353640724,144.794915774596,1.41955799779015,"gaussian","adaptive_sparse_group_lasso",1,8.54210938998872,0.5,TRUE,"identity",NA,NA,"independent","epa",0.0555555555555555,1000,50,1e-06,1,"PGD",0.9,TRUE,10,1,TRUE,0,0,0,0,0,20,325.198707281448,325.198707281448,325.198707281448,325.198707281448,325.198707281448,325.198707281448
1282,-169.063436874512,164.360978493931,1.61138214209736,"gaussian","adaptive_sparse_group_lasso",1,10.9956700086287,0.5,TRUE,"identity",NA,NA,"independent","epa",0.0555555555555555,1000,50,1e-06,1,"PGD",0.9,TRUE,10,1,TRUE,0,0,0,0,0,20,338.126873749024,338.126873749024,338.126873749024,338.126873749024,338.126873749024,338.126873749024
1283,-195.9416175796,278.408162800831,2.72949179216501,"gaussian","adaptive_sparse_group_lasso",1,10.4247654952777,0.5,TRUE,"identity",NA,NA,"independent","epa",0.0555555555555555,1000,50,1e-06,1,"PGD",0.9,TRUE,10,1,TRUE,0,0,0,0,0,20,391.883235159201,391.883235159201,391.883235159201,391.883235159201,391.883235159201,391.883235159201
1284,-180.805327146977,206.912963767291,2.02855846830677,"gaussian","adaptive_sparse_group_lasso",1,0.837435952592768,0.5,TRUE,"identity",NA,NA,"independent","epa",0.0555555555555555,1000,50,1e-06,1,"PGD",0.9,TRUE,10,1,TRUE,1.18100400686895,2,2,8.78889830934488,8.78889830934488,20,365.610654293954,365.610654293954,370.399552603299,370.399552603299,376.391017150407,376.391017150407
1285,-195.691844029492,277.047986555304,2.71615673093435,"gaussian","adaptive_sparse_group_lasso",1,12.7607119566627,0.5,TRUE,"identity",NA,NA,"independent","epa",0.0555555555555555,1000,50,1e-06,1,"PGD",0.9,TRUE,10,1,TRUE,0,0,0,0,0,20,391.383688058983,391.383688058983,391.383688058983,391.383688058983,391.383688058983,391.383688058983
1286,-169.178688740705,164.73282809413,1.61502772641304,"gaussian","adaptive_sparse_group_lasso",1,9.20097507191572,0.5,TRUE,"identity",NA,NA,"independent","epa",0.0555555555555555,1000,50,1e-06,1,"PGD",0.9,TRUE,10,1,TRUE,0,0,0,0,0,20,338.357377481409,338.357377481409,338.357377481409,338.357377481409,338.357377481409,338.357377481409
1287,-183.16572556265,216.714444248564,2.12465141420161,"gaussian","adaptive_sparse_group_lasso",1,13.5345807625504,0.5,TRUE,"identity",NA,NA,"independent","epa",0.0555555555555555,1000,50,1e-06,1,"PGD",0.9,TRUE,10,1,TRUE,0,0,0,0,0,20,366.3314511253,366.3314511253,366.3314511253,366.3314511253,366.3314511253,366.3314511253
1288,-185.277741566741,225.877460114704,2.21448490308534,"gaussian","adaptive_sparse_group_lasso",1,8.68401578442779,0.5,TRUE,"identity",NA,NA,"independent","epa",0.0555555555555555,1000,50,1e-06,1,"PGD",0.9,TRUE,10,1,TRUE,0,0,0,0,0,20,370.555483133481,370.555483133481,370.555483133481,370.555483133481,370.555483133481,370.555483133481
1289,-167.264320779553,158.663928994782,1.55552871563512,"gaussian","adaptive_sparse_group_lasso",1,14.2878588448816,0.5,TRUE,"identity",NA,NA,"independent","epa",0.0555555555555555,1000,50,1e-06,1,"PGD",0.9,TRUE,10,1,TRUE,0,0,0,0,0,20,334.528641559106,334.528641559106,334.528641559106,334.528641559106,334.528641559106,334.528641559106
1290,-183.673644650748,218.883529512343,2.14591695600337,"gaussian","adaptive_sparse_group_lasso",1,17.4493724312373,0.5,TRUE,"identity",NA,NA,"independent","epa",0.0555555555555555,1000,50,1e-06,1,"PGD",0.9,TRUE,10,1,TRUE,0,0,0,0,0,20,367.347289301496,367.347289301496,367.347289301496,367.347289301496,367.347289301496,367.347289301496
1291,-182.451671574961,213.701355059243,2.09511132411023,"gaussian","adaptive_sparse_group_lasso",1,8.08849493407029,0.5,TRUE,"identity",NA,NA,"independent","epa",0.0555555555555555,1000,50,1e-06,1,"PGD",0.9,TRUE,10,1,TRUE,0,0,0,0,0,20,364.903343149922,364.903343149922,364.903343149922,364.903343149922,364.903343149922,364.903343149922
1292,-192.553510214547,260.513522774722,2.55405414485022,"gaussian","adaptive_sparse_group_lasso",1,10.8132535771337,0.5,TRUE,"identity",NA,NA,"independent","epa",0.0555555555555555,1000,50,1e-06,1,"PGD",0.9,TRUE,10,1,TRUE,0,0,0,0,0,20,385.107020429093,385.107020429093,385.107020429093,385.107020429093,385.107020429093,385.107020429093
1293,-185.09110860234,225.052378951148,2.20639587207008,"gaussian","adaptive_sparse_group_lasso",1,13.2932908787168,0.5,TRUE,"identity",NA,NA,"independent","epa",0.0555555555555555,1000,50,1e-06,1,"PGD",0.9,TRUE,10,1,TRUE,0,0,0,0,0,20,370.182217204681,370.182217204681,370.182217204681,370.182217204681,370.182217204681,370.182217204681
1294,-174.369643714478,182.38290829514,1.78806772838373,"gaussian","adaptive_sparse_group_lasso",1,7.11629919970765,0.5,TRUE,"identity",NA,NA,"independent","epa",0.0555555555555555,1000,50,1e-06,1,"PGD",0.9,TRUE,10,1,TRUE,0,0,0,0,0,20,348.739287428955,348.739287428955,348.739287428955,348.739287428955,348.739287428955,348.739287428955
1295,-179.977703459174,203.582295679065,1.99590485959868,"gaussian","adaptive_sparse_group_lasso",1,13.5071521579425,0.5,TRUE,"identity",NA,NA,"independent","epa",0.0555555555555555,1000,50,1e-06,1,"PGD",0.9,TRUE,10,1,TRUE,0,0,0,0,0,20,359.955406918347,359.955406918347,359.955406918347,359.955406918347,359.955406918347,359.955406918347
1296,-181.04937585817,207.905470739242,2.03828892881609,"gaussian","adaptive_sparse_group_lasso",1,4.38548261076814,0.5,TRUE,"identity",NA,NA,"independent","epa",0.0555555555555555,1000,50,1e-06,1,"PGD",0.9,TRUE,10,1,TRUE,0,0,0,0,0,20,362.098751716339,362.098751716339,362.098751716339,362.098751716339,362.098751716339,362.098751716339
1297,-172.918289526747,177.265825243536,1.73790024748565,"gaussian","adaptive_sparse_group_lasso",1,9.01810612185434,0.5,TRUE,"identity",NA,NA,"independent","epa",0.0555555555555555,1000,50,1e-06,1,"PGD",0.9,TRUE,10,1,TRUE,0,0,0,0,0,20,345.836579053494,345.836579053494,345.836579053494,345.836579053494,345.836579053494,345.836579053494
1298,-175.124332457046,185.101845017456,1.81472397075937,"gaussian","adaptive_sparse_group_lasso",1,5.62942409345757,0.5,TRUE,"identity",NA,NA,"independent","epa",0.0555555555555555,1000,50,1e-06,1,"PGD",0.9,TRUE,10,1,TRUE,0,0,0,0,0,20,350.248664914093,350.248664914093,350.248664914093,350.248664914093,350.248664914093,350.248664914093
1299,-194.137092383587,268.729527945816,2.63460321515506,"gaussian","adaptive_sparse_group_lasso",1,8.1156685048006,0.5,TRUE,"identity",NA,NA,"independent","epa",0.0555555555555555,1000,50,1e-06,1,"PGD",0.9,TRUE,10,1,TRUE,0,0,0,0,0,20,388.274184767174,388.274184767174,388.274184767174,388.274184767174,388.274184767174,388.274184767174
1300,-171.217277139138,171.450956779071,1.68089173312815,"gaussian","adaptive_sparse_group_lasso",1,12.1605607341667,0.5,TRUE,"identity",NA,NA,"independent","epa",0.0555555555555555,1000,50,1e-06,1,"PGD",0.9,TRUE,10,1,TRUE,0,0,0,0,0,20,342.434554278276,342.434554278276,342.434554278276,342.434554278276,342.434554278276,342.434554278276
1301,-289.167377915997,392.496091564412,2.56533393179354,"gaussian","adaptive_sparse_group_lasso",1,7.41088842497314,0.5,TRUE,"identity",NA,NA,"independent","epa",0.0555555555555555,1000,50,1e-06,1,"PGD",0.9,TRUE,10,1,TRUE,0,0,0,0,0,20,578.334755831994,578.334755831994,578.334755831994,578.334755831994,578.334755831994,578.334755831994
1302,-279.065820078861,343.944419019097,2.24800273868691,"gaussian","adaptive_sparse_group_lasso",1,12.131742433348,0.5,TRUE,"identity",NA,NA,"independent","epa",0.0555555555555555,1000,50,1e-06,1,"PGD",0.9,TRUE,10,1,TRUE,0,0,0,0,0,20,558.131640157723,558.131640157723,558.131640157723,558.131640157723,558.131640157723,558.131640157723
1303,-289.041101061485,391.848741395327,2.56110288493678,"gaussian","adaptive_sparse_group_lasso",1,9.07259997377294,0.5,TRUE,"identity",NA,NA,"independent","epa",0.0555555555555555,1000,50,1e-06,1,"PGD",0.9,TRUE,10,1,TRUE,0,0,0,0,0,20,578.082202122969,578.082202122969,578.082202122969,578.082202122969,578.082202122969,578.082202122969
1304,-259.68863854895,266.982624929714,1.7449844766648,"gaussian","adaptive_sparse_group_lasso",1,7.30573325852346,0.5,TRUE,"identity",NA,NA,"independent","epa",0.0555555555555555,1000,50,1e-06,1,"PGD",0.9,TRUE,10,1,TRUE,0,0,0,0,0,20,519.377277097901,519.377277097901,519.377277097901,519.377277097901,519.377277097901,519.377277097901
1305,-280.325662073203,349.655573588572,2.28533054633054,"gaussian","adaptive_sparse_group_lasso",1,13.4375038613761,0.5,TRUE,"identity",NA,NA,"independent","epa",0.0555555555555555,1000,50,1e-06,1,"PGD",0.9,TRUE,10,1,TRUE,0,0,0,0,0,20,560.651324146406,560.651324146406,560.651324146406,560.651324146406,560.651324146406,560.651324146406
1306,-257.419305752107,259.179040802876,1.69398065884233,"gaussian","adaptive_sparse_group_lasso",1,7.54223567223958,0.5,TRUE,"identity",NA,NA,"independent","epa",0.0555555555555555,1000,50,1e-06,1,"PGD",0.9,TRUE,10,1,TRUE,0,0,0,0,0,20,514.838611504214,514.838611504214,514.838611504214,514.838611504214,514.838611504214,514.838611504214
1307,-264.26743278382,283.450385422225,1.85261689818448,"gaussian","adaptive_sparse_group_lasso",1,12.117573831524,0.5,TRUE,"identity",NA,NA,"independent","epa",0.0555555555555555,1000,50,1e-06,1,"PGD",0.9,TRUE,10,1,TRUE,0,0,0,0,0,20,528.534865567641,528.534865567641,528.534865567641,528.534865567641,528.534865567641,528.534865567641
1308,-262.172588381403,275.793807864263,1.80257390760956,"gaussian","adaptive_sparse_group_lasso",1,8.95914344591631,0.5,TRUE,"identity",NA,NA,"independent","epa",0.0555555555555555,1000,50,1e-06,1,"PGD",0.9,TRUE,10,1,TRUE,0,0,0,0,0,20,524.345176762806,524.345176762806,524.345176762806,524.345176762806,524.345176762806,524.345176762806
1309,-274.660502670492,324.697579083495,2.12220639923853,"gaussian","adaptive_sparse_group_lasso",1,13.8650730939831,0.5,TRUE,"identity",NA,NA,"independent","epa",0.0555555555555555,1000,50,1e-06,1,"PGD",0.9,TRUE,10,1,TRUE,0,0,0,0,0,20,549.321005340984,549.321005340984,549.321005340984,549.321005340984,549.321005340984,549.321005340984
1310,-305.783021594023,487.71174065788,3.18765843567242,"gaussian","adaptive_sparse_group_lasso",1,14.979747787132,0.5,TRUE,"identity",NA,NA,"independent","epa",0.0555555555555555,1000,50,1e-06,1,"PGD",0.9,TRUE,10,1,TRUE,0,0,0,0,0,20,611.566043188045,611.566043188045,611.566043188045,611.566043188045,611.566043188045,611.566043188045
1311,-278.995023967491,343.626266552714,2.24592331080205,"gaussian","adaptive_sparse_group_lasso",1,9.90089663282839,0.5,TRUE,"identity",NA,NA,"independent","epa",0.0555555555555555,1000,50,1e-06,1,"PGD",0.9,TRUE,10,1,TRUE,0,0,0,0,0,20,557.990047934982,557.990047934982,557.990047934982,557.990047934982,557.990047934982,557.990047934982
1312,-265.81589029412,289.246242404811,1.89049831637132,"gaussian","adaptive_sparse_group_lasso",1,4.74476358696145,0.5,TRUE,"identity",NA,NA,"independent","epa",0.0555555555555555,1000,50,1e-06,1,"PGD",0.9,TRUE,10,1,TRUE,0,0,0,0,0,20,531.63178058824,531.63178058824,531.63178058824,531.63178058824,531.63178058824,531.63178058824
1313,-274.713472271231,324.922481788604,2.1236763515595,"gaussian","adaptive_sparse_group_lasso",1,9.35042950029429,0.5,TRUE,"identity",NA,NA,"independent","epa",0.0555555555555555,1000,50,1e-06,1,"PGD",0.9,TRUE,10,1,TRUE,0,0,0,0,0,20,549.426944542462,549.426944542462,549.426944542462,549.426944542462,549.426944542462,549.426944542462
1314,-274.558386617249,324.264445548724,2.11937546110277,"gaussian","adaptive_sparse_group_lasso",1,9.09079476974074,0.5,TRUE,"identity",NA,NA,"independent","epa",0.0555555555555555,1000,50,1e-06,1,"PGD",0.9,TRUE,10,1,TRUE,0,0,0,0,0,20,549.116773234498,549.116773234498,549.116773234498,549.116773234498,549.116773234498,549.116773234498
1315,-294.459657431228,420.610279795175,2.74908679604689,"gaussian","adaptive_sparse_group_lasso",1,7.86494651677378,0.5,TRUE,"identity",NA,NA,"independent","epa",0.0555555555555555,1000,50,1e-06,1,"PGD",0.9,TRUE,10,1,TRUE,0,0,0,0,0,20,588.919314862457,588.919314862457,588.919314862457,588.919314862457,588.919314862457,588.919314862457
1316,-259.184808529972,265.230051377007,1.73352974756214,"gaussian","adaptive_sparse_group_lasso",1,10.0359671156669,0.5,TRUE,"identity",NA,NA,"independent","epa",0.0555555555555555,1000,50,1e-06,1,"PGD",0.9,TRUE,10,1,TRUE,0,0,0,0,0,20,518.369617059943,518.369617059943,518.369617059943,518.369617059943,518.369617059943,518.369617059943
1317,-292.209228811292,408.417255217933,2.66939382495381,"gaussian","adaptive_sparse_group_lasso",1,12.8236818224506,0.5,TRUE,"identity",NA,NA,"independent","epa",0.0555555555555555,1000,50,1e-06,1,"PGD",0.9,TRUE,10,1,TRUE,0,0,0,0,0,20,584.418457622585,584.418457622585,584.418457622585,584.418457622585,584.418457622585,584.418457622585
1318,-272.167432066322,314.286523481098,2.05416028419018,"gaussian","adaptive_sparse_group_lasso",1,8.5769693583325,0.5,TRUE,"identity",NA,NA,"independent","epa",0.0555555555555555,1000,50,1e-06,1,"PGD",0.9,TRUE,10,1,TRUE,0,0,0,0,0,20,544.334864132643,544.334864132643,544.334864132643,544.334864132643,544.334864132643,544.334864132643
1319,-278.334487175883,340.672009171389,2.22661443902869,"gaussian","adaptive_sparse_group_lasso",1,9.54040143828904,0.5,TRUE,"identity",NA,NA,"independent","epa",0.0555555555555555,1000,50,1e-06,1,"PGD",0.9,TRUE,10,1,TRUE,0,0,0,0,0,20,556.668974351766,556.668974351766,556.668974351766,556.668974351766,556.668974351766,556.668974351766
1320,-276.415144583206,332.231069340501,2.17144489765034,"gaussian","adaptive_sparse_group_lasso",1,12.6891299927635,0.5,TRUE,"identity",NA,NA,"independent","epa",0.0555555555555555,1000,50,1e-06,1,"PGD",0.9,TRUE,10,1,TRUE,0,0,0,0,0,20,552.830289166412,552.830289166412,552.830289166412,552.830289166412,552.830289166412,552.830289166412
1321,-286.465072390967,378.873480247557,2.47629725651998,"gaussian","adaptive_sparse_group_lasso",1,11.3814423471253,0.5,TRUE,"identity",NA,NA,"independent","epa",0.0555555555555555,1000,50,1e-06,1,"PGD",0.9,TRUE,10,1,TRUE,0,0,0,0,0,20,572.930144781934,572.930144781934,572.930144781934,572.930144781934,572.930144781934,572.930144781934
1322,-270.957471094748,309.354720634987,2.02192627866005,"gaussian","adaptive_sparse_group_lasso",1,8.13590205916391,0.5,TRUE,"identity",NA,NA,"independent","epa",0.0555555555555555,1000,50,1e-06,1,"PGD",0.9,TRUE,10,1,TRUE,0,0,0,0,0,20,541.914942189497,541.914942189497,541.914942189497,541.914942189497,541.914942189497,541.914942189497
1323,-271.825674646041,312.885606013339,2.0450039608715,"gaussian","adaptive_sparse_group_lasso",1,5.28161120271711,0.5,TRUE,"identity",NA,NA,"independent","epa",0.0555555555555555,1000,50,1e-06,1,"PGD",0.9,TRUE,10,1,TRUE,0,0,0,0,0,20,543.651349292083,543.651349292083,543.651349292083,543.651349292083,543.651349292083,543.651349292083
1324,-262.92100878584,278.505215645556,1.82029552709514,"gaussian","adaptive_sparse_group_lasso",1,7.19748312526006,0.5,TRUE,"identity",NA,NA,"independent","epa",0.0555555555555555,1000,50,1e-06,1,"PGD",0.9,TRUE,10,1,TRUE,0,0,0,0,0,20,525.84201757168,525.84201757168,525.84201757168,525.84201757168,525.84201757168,525.84201757168
1325,-254.085483491025,248.126754921222,1.62174349621714,"gaussian","adaptive_sparse_group_lasso",1,11.4999619566002,0.5,TRUE,"identity",NA,NA,"independent","epa",0.0555555555555555,1000,50,1e-06,1,"PGD",0.9,TRUE,10,1,TRUE,0,0,0,0,0,20,508.170966982049,508.170966982049,508.170966982049,508.170966982049,508.170966982049,508.170966982049
1326,-253.177846660812,245.200241854728,1.60261595983482,"gaussian","adaptive_sparse_group_lasso",1,5.12734272459916,0.5,TRUE,"identity",NA,NA,"independent","epa",0.0555555555555555,1000,50,1e-06,1,"PGD",0.9,TRUE,10,1,TRUE,0,0,0,0,0,20,506.355693321623,506.355693321623,506.355693321623,506.355693321623,506.355693321623,506.355693321623
1327,-313.596175945475,540.155614244572,3.53042885127171,"gaussian","adaptive_sparse_group_lasso",1,8.45861062488374,0.5,TRUE,"identity",NA,NA,"independent","epa",0.0555555555555555,1000,50,1e-06,1,"PGD",0.9,TRUE,10,1,TRUE,0,0,0,0,0,20,627.19235189095,627.19235189095,627.19235189095,627.19235189095,627.19235189095,627.19235189095
1328,-266.865634833535,293.242680124475,1.91661882434298,"gaussian","adaptive_sparse_group_lasso",1,12.3202943472565,0.5,TRUE,"identity",NA,NA,"independent","epa",0.0555555555555555,1000,50,1e-06,1,"PGD",0.9,TRUE,10,1,TRUE,0,0,0,0,0,20,533.73126966707,533.73126966707,533.73126966707,533.73126966707,533.73126966707,533.73126966707
1329,-267.261702865945,294.764840002378,1.92656758171489,"gaussian","adaptive_sparse_group_lasso",1,13.577748026654,0.5,TRUE,"identity",NA,NA,"independent","epa",0.0555555555555555,1000,50,1e-06,1,"PGD",0.9,TRUE,10,1,TRUE,0,0,0,0,0,20,534.52340573189,534.52340573189,534.52340573189,534.52340573189,534.52340573189,534.52340573189
1330,-278.41751640783,341.041958070416,2.229032405689,"gaussian","adaptive_sparse_group_lasso",1,9.39848662449166,0.5,TRUE,"identity",NA,NA,"independent","epa",0.0555555555555555,1000,50,1e-06,1,"PGD",0.9,TRUE,10,1,TRUE,0,0,0,0,0,20,556.83503281566,556.83503281566,556.83503281566,556.83503281566,556.83503281566,556.83503281566
1331,-269.031298812326,301.662806574942,1.97165233055518,"gaussian","adaptive_sparse_group_lasso",1,4.39945784998076,0.5,TRUE,"identity",NA,NA,"independent","epa",0.0555555555555555,1000,50,1e-06,1,"PGD",0.9,TRUE,10,1,TRUE,0,0,0,0,0,20,538.062597624651,538.062597624651,538.062597624651,538.062597624651,538.062597624651,538.062597624651
1332,-291.827541712387,406.384583943362,2.65610839178668,"gaussian","adaptive_sparse_group_lasso",1,5.67493093651116,0.5,TRUE,"identity",NA,NA,"independent","epa",0.0555555555555555,1000,50,1e-06,1,"PGD",0.9,TRUE,10,1,TRUE,0,0,0,0,0,20,583.655083424775,583.655083424775,583.655083424775,583.655083424775,583.655083424775,583.655083424775
1333,-307.423318459521,498.282071366369,3.25674556448607,"gaussian","adaptive_sparse_group_lasso",1,8.77827525393944,0.5,TRUE,"identity",NA,NA,"independent","epa",0.0555555555555555,1000,50,1e-06,1,"PGD",0.9,TRUE,10,1,TRUE,0,0,0,0,0,20,614.846636919041,614.846636919041,614.846636919041,614.846636919041,614.846636919041,614.846636919041
1334,-279.620875119182,346.449024768509,2.26437271090529,"gaussian","adaptive_sparse_group_lasso",1,11.2446717390226,0.5,TRUE,"identity",NA,NA,"independent","epa",0.0555555555555555,1000,50,1e-06,1,"PGD",0.9,TRUE,10,1,TRUE,0,0,0,0,0,20,559.241750238365,559.241750238365,559.241750238365,559.241750238365,559.241750238365,559.241750238365
1335,-280.494484638086,350.428056373387,2.29037945342083,"gaussian","adaptive_sparse_group_lasso",1,14.6038995384081,0.5,TRUE,"identity",NA,NA,"independent","epa",0.0555555555555555,1000,50,1e-06,1,"PGD",0.9,TRUE,10,1,TRUE,0,0,0,0,0,20,560.988969276173,560.988969276173,560.988969276173,560.988969276173,560.988969276173,560.988969276173
1336,-274.080818944308,322.246460540598,2.10618601660521,"gaussian","adaptive_sparse_group_lasso",1,8.222851736654,0.5,TRUE,"identity",NA,NA,"independent","epa",0.0555555555555555,1000,50,1e-06,1,"PGD",0.9,TRUE,10,1,TRUE,0,0,0,0,0,20,548.161637888616,548.161637888616,548.161637888616,548.161637888616,548.161637888616,548.161637888616
1337,-268.682640402548,300.291068551629,1.96268672255966,"gaussian","adaptive_sparse_group_lasso",1,9.1549154483582,0.5,TRUE,"identity",NA,NA,"independent","epa",0.0555555555555555,1000,50,1e-06,1,"PGD",0.9,TRUE,10,1,TRUE,0,0,0,0,0,20,537.365280805095,537.365280805095,537.365280805095,537.365280805095,537.365280805095,537.365280805095
1338,-267.387786769462,295.251058896695,1.92974548298493,"gaussian","adaptive_sparse_group_lasso",1,6.93694016367909,0.5,TRUE,"identity",NA,NA,"independent","epa",0.0555555555555555,1000,50,1e-06,1,"PGD",0.9,TRUE,10,1,TRUE,0,0,0,0,0,20,534.775573538924,534.775573538924,534.775573538924,534.775573538924,534.775573538924,534.775573538924
1339,-256.287740409557,255.373555385175,1.66910820513187,"gaussian","adaptive_sparse_group_lasso",1,5.70031703423957,0.5,TRUE,"identity",NA,NA,"independent","epa",0.0555555555555555,1000,50,1e-06,1,"PGD",0.9,TRUE,10,1,TRUE,0,0,0,0,0,20,512.575480819114,512.575480819114,512.575480819114,512.575480819114,512.575480819114,512.575480819114
1340,-272.217450651091,314.492083055687,2.05550381082149,"gaussian","adaptive_sparse_group_lasso",1,9.21645474936601,0.5,TRUE,"identity",NA,NA,"independent","epa",0.0555555555555555,1000,50,1e-06,1,"PGD",0.9,TRUE,10,1,TRUE,0,0,0,0,0,20,544.434901302183,544.434901302183,544.434901302183,544.434901302183,544.434901302183,544.434901302183
1341,-263.645568494083,281.155572679088,1.83761812208554,"gaussian","adaptive_sparse_group_lasso",1,4.67565825470577,0.5,TRUE,"identity",NA,NA,"independent","epa",0.0555555555555555,1000,50,1e-06,1,"PGD",0.9,TRUE,10,1,TRUE,0,0,0,0,0,20,527.291136988166,527.291136988166,527.291136988166,527.291136988166,527.291136988166,527.291136988166
1342,-270.012188464388,305.555657212818,1.99709579877659,"gaussian","adaptive_sparse_group_lasso",1,8.05930703039401,0.5,TRUE,"identity",NA,NA,"independent","epa",0.0555555555555555,1000,50,1e-06,1,"PGD",0.9,TRUE,10,1,TRUE,0,0,0,0,0,20,540.024376928775,540.024376928775,540.024376928775,540.024376928775,540.024376928775,540.024376928775
1343,-262.28555950079,276.201386319495,1.80523781908167,"gaussian","adaptive_sparse_group_lasso",1,12.6129374812327,0.5,TRUE,"identity",NA,NA,"independent","epa",0.0555555555555555,1000,50,1e-06,1,"PGD",0.9,TRUE,10,1,TRUE,0,0,0,0,0,20,524.57111900158,524.57111900158,524.57111900158,524.57111900158,524.57111900158,524.57111900158
1344,-253.854051773263,247.377243456897,1.61684472847645,"gaussian","adaptive_sparse_group_lasso",1,4.61507465469392,0.5,TRUE,"identity",NA,NA,"independent","epa",0.0555555555555555,1000,50,1e-06,1,"PGD",0.9,TRUE,10,1,TRUE,0,0,0,0,0,20,507.708103546527,507.708103546527,507.708103546527,507.708103546527,507.708103546527,507.708103546527
1345,-249.931674216673,235.013172014238,1.53603380401463,"gaussian","adaptive_sparse_group_lasso",1,7.61330288206626,0.5,TRUE,"identity",NA,NA,"independent","epa",0.0555555555555555,1000,50,1e-06,1,"PGD",0.9,TRUE,10,1,TRUE,0,0,0,0,0,20,499.863348433346,499.863348433346,499.863348433346,499.863348433346,499.863348433346,499.863348433346
1346,-279.063212645429,343.932696183887,2.24792611884894,"gaussian","adaptive_sparse_group_lasso",1,9.30163388400353,0.5,TRUE,"identity",NA,NA,"independent","epa",0.0555555555555555,1000,50,1e-06,1,"PGD",0.9,TRUE,10,1,TRUE,0,0,0,0,0,20,558.126425290859,558.126425290859,558.126425290859,558.126425290859,558.126425290859,558.126425290859
1347,-283.225535895332,363.164333740018,2.37362309633999,"gaussian","adaptive_sparse_group_lasso",1,9.28667242045693,0.5,TRUE,"identity",NA,NA,"independent","epa",0.0555555555555555,1000,50,1e-06,1,"PGD",0.9,TRUE,10,1,TRUE,0,0,0,0,0,20,566.451071790665,566.451071790665,566.451071790665,566.451071790665,566.451071790665,566.451071790665
1348,-272.901699730636,317.317653963011,2.07397159452948,"gaussian","adaptive_sparse_group_lasso",1,5.62271767305574,0.5,TRUE,"identity",NA,NA,"independent","epa",0.0555555555555555,1000,50,1e-06,1,"PGD",0.9,TRUE,10,1,TRUE,0,0,0,0,0,20,545.803399461272,545.803399461272,545.803399461272,545.803399461272,545.803399461272,545.803399461272
1349,-269.70136564011,304.316689993024,1.98899797381062,"gaussian","adaptive_sparse_group_lasso",1,0.550342500873243,0.5,TRUE,"identity",NA,NA,"independent","epa",0.0555555555555555,1000,50,1e-06,1,"PGD",0.9,TRUE,10,1,TRUE,0.354169292552892,1,1,4.7999142627806,4.7999142627806,20,541.40273128022,541.40273128022,544.202645543,544.202645543,547.198377816554,547.198377816554
1350,-300.965558473823,457.945948983724,2.9931107776714,"gaussian","adaptive_sparse_group_lasso",1,6.75234334337403,0.5,TRUE,"identity",NA,NA,"independent","epa",0.0555555555555555,1000,50,1e-06,1,"PGD",0.9,TRUE,10,1,TRUE,0,0,0,0,0,20,601.931116947646,601.931116947646,601.931116947646,601.931116947646,601.931116947646,601.931116947646
1351,-268.442448563551,299.349704488274,1.95653401626323,"gaussian","adaptive_sparse_group_lasso",1,15.1213410610897,0.5,TRUE,"identity",NA,NA,"independent","epa",0.0555555555555555,1000,50,1e-06,1,"PGD",0.9,TRUE,10,1,TRUE,0,0,0,0,0,20,536.884897127101,536.884897127101,536.884897127101,536.884897127101,536.884897127101,536.884897127101
1352,-275.627399728618,328.827533968222,2.14919956841975,"gaussian","adaptive_sparse_group_lasso",1,8.16401094142979,0.5,TRUE,"identity",NA,NA,"independent","epa",0.0555555555555555,1000,50,1e-06,1,"PGD",0.9,TRUE,10,1,TRUE,0,0,0,0,0,20,551.254799457237,551.254799457237,551.254799457237,551.254799457237,551.254799457237,551.254799457237
1353,-256.966002628415,257.647808517207,1.68397260468762,"gaussian","adaptive_sparse_group_lasso",1,5.25177162667559,0.5,TRUE,"identity",NA,NA,"independent","epa",0.0555555555555555,1000,50,1e-06,1,"PGD",0.9,TRUE,10,1,TRUE,0,0,0,0,0,20,513.932005256831,513.932005256831,513.932005256831,513.932005256831,513.932005256831,513.932005256831
1354,-291.700437432961,405.709939071283,2.65169894817832,"gaussian","adaptive_sparse_group_lasso",1,7.90291683146084,0.5,TRUE,"identity",NA,NA,"independent","epa",0.0555555555555555,1000,50,1e-06,1,"PGD",0.9,TRUE,10,1,TRUE,0,0,0,0,0,20,583.400874865923,583.400874865923,583.400874865923,583.400874865923,583.400874865923,583.400874865923
1355,-268.164853809926,298.265425777063,1.94944722730107,"gaussian","adaptive_sparse_group_lasso",1,7.0442749205121,0.5,TRUE,"identity",NA,NA,"independent","epa",0.0555555555555555,1000,50,1e-06,1,"PGD",0.9,TRUE,10,1,TRUE,0,0,0,0,0,20,536.329707619851,536.329707619851,536.329707619851,536.329707619851,536.329707619851,536.329707619851
1356,-284.835501990369,370.888229966966,2.42410607821547,"gaussian","adaptive_sparse_group_lasso",1,8.31170839722875,0.5,TRUE,"identity",NA,NA,"independent","epa",0.0555555555555555,1000,50,1e-06,1,"PGD",0.9,TRUE,10,1,TRUE,0,0,0,0,0,20,569.671003980739,569.671003980739,569.671003980739,569.671003980739,569.671003980739,569.671003980739
1357,-286.006225791807,376.607800657875,2.46148889318873,"gaussian","adaptive_sparse_group_lasso",1,6.79321407528159,0.5,TRUE,"identity",NA,NA,"independent","epa",0.0555555555555555,1000,50,1e-06,1,"PGD",0.9,TRUE,10,1,TRUE,0,0,0,0,0,20,572.012451583613,572.012451583613,572.012451583613,572.012451583613,572.012451583613,572.012451583613
1358,-263.969295670206,282.347867484275,1.84541089859003,"gaussian","adaptive_sparse_group_lasso",1,10.8344017379902,0.5,TRUE,"identity",NA,NA,"independent","epa",0.0555555555555555,1000,50,1e-06,1,"PGD",0.9,TRUE,10,1,TRUE,0,0,0,0,0,20,527.938591340411,527.938591340411,527.938591340411,527.938591340411,527.938591340411,527.938591340411
1359,-248.698402064435,231.254852300472,1.5114696228789,"gaussian","adaptive_sparse_group_lasso",1,0.529234420607568,0.5,TRUE,"identity",NA,NA,"independent","epa",0.0555555555555555,1000,50,1e-06,1,"PGD",0.9,TRUE,10,1,TRUE,0.154992100914816,1,1,6.00388706710654,6.00388706710654,20,499.396804128871,499.396804128871,503.400691195977,503.400691195977,506.396423469531,506.396423469531
1360,-284.315115517338,368.373847602579,2.4076722065528,"gaussian","adaptive_sparse_group_lasso",1,1.40676281784347,0.5,TRUE,"identity",NA,NA,"independent","epa",0.0555555555555555,1000,50,1e-06,1,"PGD",0.9,TRUE,10,1,TRUE,2.39989742353869,2,2,9.59982852556121,9.59982852556121,20,572.630231034675,572.630231034675,578.230059560237,578.230059560237,584.221524107345,584.221524107345
1361,-275.022310146493,326.236876556939,2.13226716703882,"gaussian","adaptive_sparse_group_lasso",1,4.74582872523421,0.5,TRUE,"identity",NA,NA,"independent","epa",0.0555555555555555,1000,50,1e-06,1,"PGD",0.9,TRUE,10,1,TRUE,0,0,0,0,0,20,550.044620292985,550.044620292985,550.044620292985,550.044620292985,550.044620292985,550.044620292985
1362,-273.471912107164,319.691699292999,2.08948823067319,"gaussian","adaptive_sparse_group_lasso",1,10.5085682513053,0.5,TRUE,"identity",NA,NA,"independent","epa",0.0555555555555555,1000,50,1e-06,1,"PGD",0.9,TRUE,10,1,TRUE,0,0,0,0,0,20,546.943824214329,546.943824214329,546.943824214329,546.943824214329,546.943824214329,546.943824214329
1363,-273.440670239639,319.5611669199,2.08863507790785,"gaussian","adaptive_sparse_group_lasso",1,9.96978415834661,0.5,TRUE,"identity",NA,NA,"independent","epa",0.0555555555555555,1000,50,1e-06,1,"PGD",0.9,TRUE,10,1,TRUE,0,0,0,0,0,20,546.881340479277,546.881340479277,546.881340479277,546.881340479277,546.881340479277,546.881340479277
1364,-287.630573406523,384.689929370852,2.51431326386178,"gaussian","adaptive_sparse_group_lasso",1,11.2050705492206,0.5,TRUE,"identity",NA,NA,"independent","epa",0.0555555555555555,1000,50,1e-06,1,"PGD",0.9,TRUE,10,1,TRUE,0,0,0,0,0,20,575.261146813047,575.261146813047,575.261146813047,575.261146813047,575.261146813047,575.261146813047
1365,-262.381078224572,276.546469737302,1.80749326625687,"gaussian","adaptive_sparse_group_lasso",1,8.56710395742188,0.5,TRUE,"identity",NA,NA,"independent","epa",0.0555555555555555,1000,50,1e-06,1,"PGD",0.9,TRUE,10,1,TRUE,0,0,0,0,0,20,524.762156449144,524.762156449144,524.762156449144,524.762156449144,524.762156449144,524.762156449144
1366,-277.448507454892,336.749297850031,2.20097580294138,"gaussian","adaptive_sparse_group_lasso",1,12.792326203639,0.5,TRUE,"identity",NA,NA,"independent","epa",0.0555555555555555,1000,50,1e-06,1,"PGD",0.9,TRUE,10,1,TRUE,0,0,0,0,0,20,554.897014909785,554.897014909785,554.897014909785,554.897014909785,554.897014909785,554.897014909785
1367,-267.430196679217,295.414784939121,1.93081558783739,"gaussian","adaptive_sparse_group_lasso",1,6.86768882172955,0.5,TRUE,"identity",NA,NA,"independent","epa",0.0555555555555555,1000,50,1e-06,1,"PGD",0.9,TRUE,10,1,TRUE,0,0,0,0,0,20,534.860393358435,534.860393358435,534.860393358435,534.860393358435,534.860393358435,534.860393358435
1368,-227.557417215351,175.417284071198,1.14651819654377,"gaussian","adaptive_sparse_group_lasso",1,5.83138531217629,0.5,TRUE,"identity",NA,NA,"independent","epa",0.0555555555555555,1000,50,1e-06,1,"PGD",0.9,TRUE,10,1,TRUE,0,0,0,0,0,20,455.114834430702,455.114834430702,455.114834430702,455.114834430702,455.114834430702,455.114834430702
1369,-284.973715958512,371.558926304816,2.42848971441056,"gaussian","adaptive_sparse_group_lasso",1,9.00937364478306,0.5,TRUE,"identity",NA,NA,"independent","epa",0.0555555555555555,1000,50,1e-06,1,"PGD",0.9,TRUE,10,1,TRUE,0,0,0,0,0,20,569.947431917024,569.947431917024,569.947431917024,569.947431917024,569.947431917024,569.947431917024
1370,-265.672351995425,288.704033417991,1.88695446678426,"gaussian","adaptive_sparse_group_lasso",1,6.20288939322016,0.5,TRUE,"identity",NA,NA,"independent","epa",0.0555555555555555,1000,50,1e-06,1,"PGD",0.9,TRUE,10,1,TRUE,0,0,0,0,0,20,531.34470399085,531.34470399085,531.34470399085,531.34470399085,531.34470399085,531.34470399085
1371,-292.654677533045,410.802348644766,2.68498267088083,"gaussian","adaptive_sparse_group_lasso",1,9.39881253014742,0.5,TRUE,"identity",NA,NA,"independent","epa",0.0555555555555555,1000,50,1e-06,1,"PGD",0.9,TRUE,10,1,TRUE,0,0,0,0,0,20,585.309355066089,585.309355066089,585.309355066089,585.309355066089,585.309355066089,585.309355066089
1372,-290.947370314902,401.735717741297,2.62572364536796,"gaussian","adaptive_sparse_group_lasso",1,7.96233475326267,0.5,TRUE,"identity",NA,NA,"independent","epa",0.0555555555555555,1000,50,1e-06,1,"PGD",0.9,TRUE,10,1,TRUE,0,0,0,0,0,20,581.894740629804,581.894740629804,581.894740629804,581.894740629804,581.894740629804,581.894740629804
1373,-281.790935920718,356.417394672203,2.32952545537388,"gaussian","adaptive_sparse_group_lasso",1,6.78762445850478,0.5,TRUE,"identity",NA,NA,"independent","epa",0.0555555555555555,1000,50,1e-06,1,"PGD",0.9,TRUE,10,1,TRUE,0,0,0,0,0,20,563.581871841436,563.581871841436,563.581871841436,563.581871841436,563.581871841436,563.581871841436
1374,-262.607961357584,277.367866651956,1.81286187354219,"gaussian","adaptive_sparse_group_lasso",1,7.4490020013185,0.5,TRUE,"identity",NA,NA,"independent","epa",0.0555555555555555,1000,50,1e-06,1,"PGD",0.9,TRUE,10,1,TRUE,0,0,0,0,0,20,525.215922715167,525.215922715167,525.215922715167,525.215922715167,525.215922715167,525.215922715167
1375,-274.567665054698,324.303776919156,2.11963252888337,"gaussian","adaptive_sparse_group_lasso",1,0.418029417478956,0.5,TRUE,"identity",NA,NA,"independent","epa",0.0555555555555555,1000,50,1e-06,1,"PGD",0.9,TRUE,10,1,TRUE,0.230835180272223,2,2,10.8038013298871,10.8038013298871,20,553.135330109395,553.135330109395,559.939131439283,559.939131439283,565.930595986391,565.930595986391
1376,-250.624094076927,237.149988469175,1.54999992463513,"gaussian","adaptive_sparse_group_lasso",1,10.4593391989943,0.5,TRUE,"identity",NA,NA,"independent","epa",0.0555555555555555,1000,50,1e-06,1,"PGD",0.9,TRUE,10,1,TRUE,0,0,0,0,0,20,501.248188153854,501.248188153854,501.248188153854,501.248188153854,501.248188153854,501.248188153854
1377,-284.426867658491,368.912365892442,2.41119193393753,"gaussian","adaptive_sparse_group_lasso",1,9.27664679788011,0.5,TRUE,"identity",NA,NA,"independent","epa",0.0555555555555555,1000,50,1e-06,1,"PGD",0.9,TRUE,10,1,TRUE,0,0,0,0,0,20,568.853735316983,568.853735316983,568.853735316983,568.853735316983,568.853735316983,568.853735316983
1378,-275.293283110687,327.394499080874,2.13983332732598,"gaussian","adaptive_sparse_group_lasso",1,6.24048102318093,0.5,TRUE,"identity",NA,NA,"independent","epa",0.0555555555555555,1000,50,1e-06,1,"PGD",0.9,TRUE,10,1,TRUE,0,0,0,0,0,20,550.586566221375,550.586566221375,550.586566221375,550.586566221375,550.586566221375,550.586566221375
1379,-282.291960342242,358.759353730031,2.34483237732046,"gaussian","adaptive_sparse_group_lasso",1,5.08343234481698,0.5,TRUE,"identity",NA,NA,"independent","epa",0.0555555555555555,1000,50,1e-06,1,"PGD",0.9,TRUE,10,1,TRUE,0,0,0,0,0,20,564.583920684484,564.583920684484,564.583920684484,564.583920684484,564.583920684484,564.583920684484
1380,-263.606507266529,281.012050084583,1.83668006591231,"gaussian","adaptive_sparse_group_lasso",1,5.60045257814812,0.5,TRUE,"identity",NA,NA,"independent","epa",0.0555555555555555,1000,50,1e-06,1,"PGD",0.9,TRUE,10,1,TRUE,0,0,0,0,0,20,527.213014533058,527.213014533058,527.213014533058,527.213014533058,527.213014533058,527.213014533058
1381,-253.492545883143,246.211003414502,1.60922224453923,"gaussian","adaptive_sparse_group_lasso",1,8.9761359867463,0.5,TRUE,"identity",NA,NA,"independent","epa",0.0555555555555555,1000,50,1e-06,1,"PGD",0.9,TRUE,10,1,TRUE,0,0,0,0,0,20,506.985091766286,506.985091766286,506.985091766286,506.985091766286,506.985091766286,506.985091766286
1382,-272.609919936538,316.109673106724,2.06607629481519,"gaussian","adaptive_sparse_group_lasso",1,7.26562001297987,0.5,TRUE,"identity",NA,NA,"independent","epa",0.0555555555555555,1000,50,1e-06,1,"PGD",0.9,TRUE,10,1,TRUE,0,0,0,0,0,20,545.219839873076,545.219839873076,545.219839873076,545.219839873076,545.219839873076,545.219839873076
1383,-287.451223552074,383.789102316272,2.50842550533511,"gaussian","adaptive_sparse_group_lasso",1,11.0443843285255,0.5,TRUE,"identity",NA,NA,"independent","epa",0.0555555555555555,1000,50,1e-06,1,"PGD",0.9,TRUE,10,1,TRUE,0,0,0,0,0,20,574.902447104149,574.902447104149,574.902447104149,574.902447104149,574.902447104149,574.902447104149
1384,-272.902645203452,317.321575754774,2.07399722715539,"gaussian","adaptive_sparse_group_lasso",1,0.584968383834702,0.5,TRUE,"identity",NA,NA,"independent","epa",0.0555555555555555,1000,50,1e-06,1,"PGD",0.9,TRUE,10,1,TRUE,0.309176420333926,2,2,12.0077741342131,12.0077741342131,20,549.805290406905,549.805290406905,557.813064541118,557.813064541118,563.804529088226,563.804529088226
1385,-289.33326375059,393.34812013851,2.57090274600334,"gaussian","adaptive_sparse_group_lasso",1,6.34370563593269,0.5,TRUE,"identity",NA,NA,"independent","epa",0.0555555555555555,1000,50,1e-06,1,"PGD",0.9,TRUE,10,1,TRUE,0,0,0,0,0,20,578.666527501179,578.666527501179,578.666527501179,578.666527501179,578.666527501179,578.666527501179
1386,-276.344165217352,331.922956737768,2.16943108978933,"gaussian","adaptive_sparse_group_lasso",1,11.4742245907898,0.5,TRUE,"identity",NA,NA,"independent","epa",0.0555555555555555,1000,50,1e-06,1,"PGD",0.9,TRUE,10,1,TRUE,0,0,0,0,0,20,552.688330434705,552.688330434705,552.688330434705,552.688330434705,552.688330434705,552.688330434705
1387,-285.605000936266,374.637750352387,2.44861274740122,"gaussian","adaptive_sparse_group_lasso",1,7.25252919022742,0.5,TRUE,"identity",NA,NA,"independent","epa",0.0555555555555555,1000,50,1e-06,1,"PGD",0.9,TRUE,10,1,TRUE,0,0,0,0,0,20,571.210001872533,571.210001872533,571.210001872533,571.210001872533,571.210001872533,571.210001872533
1388,-275.181794421192,326.917712165571,2.13671707297759,"gaussian","adaptive_sparse_group_lasso",1,7.47673296697598,0.5,TRUE,"identity",NA,NA,"independent","epa",0.0555555555555555,1000,50,1e-06,1,"PGD",0.9,TRUE,10,1,TRUE,0,0,0,0,0,20,550.363588842384,550.363588842384,550.363588842384,550.363588842384,550.363588842384,550.363588842384
1389,-266.596329453906,292.212183513486,1.90988355237572,"gaussian","adaptive_sparse_group_lasso",1,7.0269885030923,0.5,TRUE,"identity",NA,NA,"independent","epa",0.0555555555555555,1000,50,1e-06,1,"PGD",0.9,TRUE,10,1,TRUE,0,0,0,0,0,20,533.192658907812,533.192658907812,533.192658907812,533.192658907812,533.192658907812,533.192658907812
1390,-258.082005808171,261.433995907952,1.70871892750295,"gaussian","adaptive_sparse_group_lasso",1,7.23602749070389,0.5,TRUE,"identity",NA,NA,"independent","epa",0.0555555555555555,1000,50,1e-06,1,"PGD",0.9,TRUE,10,1,TRUE,0,0,0,0,0,20,516.164011616341,516.164011616341,516.164011616341,516.164011616341,516.164011616341,516.164011616341
1391,-252.886876133846,244.269385229711,1.59653192960596,"gaussian","adaptive_sparse_group_lasso",1,6.96019087686659,0.5,TRUE,"identity",NA,NA,"independent","epa",0.0555555555555555,1000,50,1e-06,1,"PGD",0.9,TRUE,10,1,TRUE,0,0,0,0,0,20,505.773752267691,505.773752267691,505.773752267691,505.773752267691,505.773752267691,505.773752267691
1392,-284.38012324581,368.687015246738,2.40971905390025,"gaussian","adaptive_sparse_group_lasso",1,8.01328432094633,0.5,TRUE,"identity",NA,NA,"independent","epa",0.0555555555555555,1000,50,1e-06,1,"PGD",0.9,TRUE,10,1,TRUE,0,0,0,0,0,20,568.76024649162,568.76024649162,568.76024649162,568.76024649162,568.76024649162,568.76024649162
1393,-274.781275573948,325.210593990287,2.12555943784501,"gaussian","adaptive_sparse_group_lasso",1,8.06592900207552,0.5,TRUE,"identity",NA,NA,"independent","epa",0.0555555555555555,1000,50,1e-06,1,"PGD",0.9,TRUE,10,1,TRUE,0,0,0,0,0,20,549.562551147895,549.562551147895,549.562551147895,549.562551147895,549.562551147895,549.562551147895
1394,-253.382274554232,245.856356928597,1.60690429365096,"gaussian","adaptive_sparse_group_lasso",1,3.44640583638633,0.5,TRUE,"identity",NA,NA,"independent","epa",0.0555555555555555,1000,50,1e-06,1,"PGD",0.9,TRUE,10,1,TRUE,0,0,0,0,0,20,506.764549108464,506.764549108464,506.764549108464,506.764549108464,506.764549108464,506.764549108464
1395,-280.09759333549,348.614701025444,2.27852745768264,"gaussian","adaptive_sparse_group_lasso",1,8.08058946679568,0.5,TRUE,"identity",NA,NA,"independent","epa",0.0555555555555555,1000,50,1e-06,1,"PGD",0.9,TRUE,10,1,TRUE,0,0,0,0,0,20,560.195186670981,560.195186670981,560.195186670981,560.195186670981,560.195186670981,560.195186670981
1396,-263.807088321384,281.749823323357,1.84150211322455,"gaussian","adaptive_sparse_group_lasso",1,7.60196743967431,0.5,TRUE,"identity",NA,NA,"independent","epa",0.0555555555555555,1000,50,1e-06,1,"PGD",0.9,TRUE,10,1,TRUE,0,0,0,0,0,20,527.614176642768,527.614176642768,527.614176642768,527.614176642768,527.614176642768,527.614176642768
1397,-281.554756439041,355.318719293324,2.3223445705446,"gaussian","adaptive_sparse_group_lasso",1,9.53095985178032,0.5,TRUE,"identity",NA,NA,"independent","epa",0.0555555555555555,1000,50,1e-06,1,"PGD",0.9,TRUE,10,1,TRUE,0,0,0,0,0,20,563.109512878083,563.109512878083,563.109512878083,563.109512878083,563.109512878083,563.109512878083
1398,-268.617221383558,300.034384239193,1.96100904731499,"gaussian","adaptive_sparse_group_lasso",1,5.53458721634681,0.5,TRUE,"identity",NA,NA,"independent","epa",0.0555555555555555,1000,50,1e-06,1,"PGD",0.9,TRUE,10,1,TRUE,0,0,0,0,0,20,537.234442767117,537.234442767117,537.234442767117,537.234442767117,537.234442767117,537.234442767117
1399,-291.394001531128,404.08803814553,2.64109828853288,"gaussian","adaptive_sparse_group_lasso",1,9.59114460580559,0.5,TRUE,"identity",NA,NA,"independent","epa",0.0555555555555555,1000,50,1e-06,1,"PGD",0.9,TRUE,10,1,TRUE,0,0,0,0,0,20,582.788003062256,582.788003062256,582.788003062256,582.788003062256,582.788003062256,582.788003062256
1400,-260.398217178595,269.470552914453,1.76124544388531,"gaussian","adaptive_sparse_group_lasso",1,6.68036573859574,0.5,TRUE,"identity",NA,NA,"independent","epa",0.0555555555555555,1000,50,1e-06,1,"PGD",0.9,TRUE,10,1,TRUE,0,0,0,0,0,20,520.79643435719,520.79643435719,520.79643435719,520.79643435719,520.79643435719,520.79643435719
1401,-446.401951663031,495.010144599129,1.94121625332992,"gaussian","adaptive_sparse_group_lasso",1,8.51366072346845,0.5,TRUE,"identity",NA,NA,"independent","epa",0.0555555555555555,1000,50,1e-06,1,"PGD",0.9,TRUE,10,1,TRUE,0,0,0,0,0,20,892.803903326062,892.803903326062,892.803903326062,892.803903326062,892.803903326062,892.803903326062
1402,-460.621749929685,553.413845515082,2.17025037456895,"gaussian","adaptive_sparse_group_lasso",1,6.6308557646523,0.5,TRUE,"identity",NA,NA,"independent","epa",0.0555555555555555,1000,50,1e-06,1,"PGD",0.9,TRUE,10,1,TRUE,0,0,0,0,0,20,921.24349985937,921.24349985937,921.24349985937,921.24349985937,921.24349985937,921.24349985937
1403,-425.479641708536,420.095349376035,1.64743274265112,"gaussian","adaptive_sparse_group_lasso",1,7.66140772927767,0.5,TRUE,"identity",NA,NA,"independent","epa",0.0555555555555555,1000,50,1e-06,1,"PGD",0.9,TRUE,10,1,TRUE,0,0,0,0,0,20,850.959283417072,850.959283417072,850.959283417072,850.959283417072,850.959283417072,850.959283417072
1404,-410.814029299993,374.449630827256,1.46842992481277,"gaussian","adaptive_sparse_group_lasso",1,6.22926018163565,0.5,TRUE,"identity",NA,NA,"independent","epa",0.0555555555555555,1000,50,1e-06,1,"PGD",0.9,TRUE,10,1,TRUE,0,0,0,0,0,20,821.628058599986,821.628058599986,821.628058599986,821.628058599986,821.628058599986,821.628058599986
1405,-439.76646932152,469.907213787543,1.84277338740213,"gaussian","adaptive_sparse_group_lasso",1,5.69761993578623,0.5,TRUE,"identity",NA,NA,"independent","epa",0.0555555555555555,1000,50,1e-06,1,"PGD",0.9,TRUE,10,1,TRUE,0,0,0,0,0,20,879.53293864304,879.53293864304,879.53293864304,879.53293864304,879.53293864304,879.53293864304
1406,-473.771753855931,613.538717725572,2.40603418715911,"gaussian","adaptive_sparse_group_lasso",1,7.85462345680944,0.5,TRUE,"identity",NA,NA,"independent","epa",0.0555555555555555,1000,50,1e-06,1,"PGD",0.9,TRUE,10,1,TRUE,0,0,0,0,0,20,947.543507711862,947.543507711862,947.543507711862,947.543507711862,947.543507711862,947.543507711862
1407,-428.312188750976,429.532652538156,1.68444177465943,"gaussian","adaptive_sparse_group_lasso",1,0.421864375074238,0.5,TRUE,"identity",NA,NA,"independent","epa",0.0555555555555555,1000,50,1e-06,1,"PGD",0.9,TRUE,10,1,TRUE,0.25933579129381,2,2,11.8254525774191,11.8254525774191,20,860.624377501952,860.624377501952,868.449830079371,868.449830079371,874.441294626479,874.441294626479
1408,-433.190458584211,446.285420199016,1.75013890274124,"gaussian","adaptive_sparse_group_lasso",1,0.421783182524276,0.5,TRUE,"identity",NA,NA,"independent","epa",0.0555555555555555,1000,50,1e-06,1,"PGD",0.9,TRUE,10,1,TRUE,0.113486739409242,1,1,5.31073988654659,5.31073988654659,20,868.380917168422,868.380917168422,871.691657054969,871.691657054969,874.687389328523,874.687389328523
1409,-456.174682407485,534.444091347116,2.0958591817534,"gaussian","adaptive_sparse_group_lasso",1,8.5461922255235,0.5,TRUE,"identity",NA,NA,"independent","epa",0.0555555555555555,1000,50,1e-06,1,"PGD",0.9,TRUE,10,1,TRUE,0,0,0,0,0,20,912.34936481497,912.34936481497,912.34936481497,912.34936481497,912.34936481497,912.34936481497
1410,-491.447112881663,704.771501271616,2.7638098089083,"gaussian","adaptive_sparse_group_lasso",1,10.0998363747449,0.5,TRUE,"identity",NA,NA,"independent","epa",0.0555555555555555,1000,50,1e-06,1,"PGD",0.9,TRUE,10,1,TRUE,0,0,0,0,0,20,982.894225763326,982.894225763326,982.894225763326,982.894225763326,982.894225763326,982.894225763326
1411,-449.090729506563,505.55999211032,1.9825882043542,"gaussian","adaptive_sparse_group_lasso",1,7.20806303286379,0.5,TRUE,"identity",NA,NA,"independent","epa",0.0555555555555555,1000,50,1e-06,1,"PGD",0.9,TRUE,10,1,TRUE,0,0,0,0,0,20,898.181459013126,898.181459013126,898.181459013126,898.181459013126,898.181459013126,898.181459013126
1412,-439.469009255939,468.812188656721,1.83847917120283,"gaussian","adaptive_sparse_group_lasso",1,6.09181691537923,0.5,TRUE,"identity",NA,NA,"independent","epa",0.0555555555555555,1000,50,1e-06,1,"PGD",0.9,TRUE,10,1,TRUE,0,0,0,0,0,20,878.938018511877,878.938018511877,878.938018511877,878.938018511877,878.938018511877,878.938018511877
1413,-460.791208706978,554.149870477663,2.17313674697123,"gaussian","adaptive_sparse_group_lasso",1,8.65990670120697,0.5,TRUE,"identity",NA,NA,"independent","epa",0.0555555555555555,1000,50,1e-06,1,"PGD",0.9,TRUE,10,1,TRUE,0,0,0,0,0,20,921.582417413957,921.582417413957,921.582417413957,921.582417413957,921.582417413957,921.582417413957
1414,-444.523342650279,487.770041405556,1.9128236917865,"gaussian","adaptive_sparse_group_lasso",1,7.67249456772631,0.5,TRUE,"identity",NA,NA,"independent","epa",0.0555555555555555,1000,50,1e-06,1,"PGD",0.9,TRUE,10,1,TRUE,0,0,0,0,0,20,889.046685300557,889.046685300557,889.046685300557,889.046685300557,889.046685300557,889.046685300557
1415,-489.217630137891,692.554890678851,2.71590153207392,"gaussian","adaptive_sparse_group_lasso",1,11.3408552274066,0.5,TRUE,"identity",NA,NA,"independent","epa",0.0555555555555555,1000,50,1e-06,1,"PGD",0.9,TRUE,10,1,TRUE,0,0,0,0,0,20,978.435260275782,978.435260275782,978.435260275782,978.435260275782,978.435260275782,978.435260275782
1416,-493.693873052712,717.300806154738,2.81294433786172,"gaussian","adaptive_sparse_group_lasso",1,9.37962596881265,0.5,TRUE,"identity",NA,NA,"independent","epa",0.0555555555555555,1000,50,1e-06,1,"PGD",0.9,TRUE,10,1,TRUE,0,0,0,0,0,20,987.387746105423,987.387746105423,987.387746105423,987.387746105423,987.387746105423,987.387746105423
1417,-485.579721759688,673.073734596114,2.63950484155339,"gaussian","adaptive_sparse_group_lasso",1,7.84828289440442,0.5,TRUE,"identity",NA,NA,"independent","epa",0.0555555555555555,1000,50,1e-06,1,"PGD",0.9,TRUE,10,1,TRUE,0,0,0,0,0,20,971.159443519375,971.159443519375,971.159443519375,971.159443519375,971.159443519375,971.159443519375
1418,-434.329793624136,450.291280803439,1.76584816001348,"gaussian","adaptive_sparse_group_lasso",1,6.67658025269981,0.5,TRUE,"identity",NA,NA,"independent","epa",0.0555555555555555,1000,50,1e-06,1,"PGD",0.9,TRUE,10,1,TRUE,0,0,0,0,0,20,868.659587248272,868.659587248272,868.659587248272,868.659587248272,868.659587248272,868.659587248272
1419,-468.497487090149,588.676368607856,2.30853477885434,"gaussian","adaptive_sparse_group_lasso",1,5.74832052206403,0.5,TRUE,"identity",NA,NA,"independent","epa",0.0555555555555555,1000,50,1e-06,1,"PGD",0.9,TRUE,10,1,TRUE,0,0,0,0,0,20,936.994974180299,936.994974180299,936.994974180299,936.994974180299,936.994974180299,936.994974180299
1420,-469.306038965705,592.421370929832,2.32322106246993,"gaussian","adaptive_sparse_group_lasso",1,8.24738166738905,0.5,TRUE,"identity",NA,NA,"independent","epa",0.0555555555555555,1000,50,1e-06,1,"PGD",0.9,TRUE,10,1,TRUE,0,0,0,0,0,20,938.61207793141,938.61207793141,938.61207793141,938.61207793141,938.61207793141,938.61207793141
1421,-475.474543344405,621.787617465297,2.4383828135894,"gaussian","adaptive_sparse_group_lasso",1,13.5355261485171,0.5,TRUE,"identity",NA,NA,"independent","epa",0.0555555555555555,1000,50,1e-06,1,"PGD",0.9,TRUE,10,1,TRUE,0,0,0,0,0,20,950.949086688811,950.949086688811,950.949086688811,950.949086688811,950.949086688811,950.949086688811
1422,-426.407521190907,423.163738996204,1.65946564312237,"gaussian","adaptive_sparse_group_lasso",1,8.26693377145033,0.5,TRUE,"identity",NA,NA,"independent","epa",0.0555555555555555,1000,50,1e-06,1,"PGD",0.9,TRUE,10,1,TRUE,0,0,0,0,0,20,852.815042381814,852.815042381814,852.815042381814,852.815042381814,852.815042381814,852.815042381814
1423,-442.699837115764,480.843601281353,1.8856611814955,"gaussian","adaptive_sparse_group_lasso",1,6.0135886292905,0.5,TRUE,"identity",NA,NA,"independent","epa",0.0555555555555555,1000,50,1e-06,1,"PGD",0.9,TRUE,10,1,TRUE,0,0,0,0,0,20,885.399674231527,885.399674231527,885.399674231527,885.399674231527,885.399674231527,885.399674231527
1424,-479.110056828839,639.772353013448,2.50891118828803,"gaussian","adaptive_sparse_group_lasso",1,11.4469167928013,0.5,TRUE,"identity",NA,NA,"independent","epa",0.0555555555555555,1000,50,1e-06,1,"PGD",0.9,TRUE,10,1,TRUE,0,0,0,0,0,20,958.220113657678,958.220113657678,958.220113657678,958.220113657678,958.220113657678,958.220113657678
1425,-436.14084662593,456.733011978023,1.79110985089421,"gaussian","adaptive_sparse_group_lasso",1,9.08809990452449,0.5,TRUE,"identity",NA,NA,"independent","epa",0.0555555555555555,1000,50,1e-06,1,"PGD",0.9,TRUE,10,1,TRUE,0,0,0,0,0,20,872.28169325186,872.28169325186,872.28169325186,872.28169325186,872.28169325186,872.28169325186
1426,-451.410924267237,514.844192543503,2.01899683350393,"gaussian","adaptive_sparse_group_lasso",1,5.75424790697102,0.5,TRUE,"identity",NA,NA,"independent","epa",0.0555555555555555,1000,50,1e-06,1,"PGD",0.9,TRUE,10,1,TRUE,0,0,0,0,0,20,902.821848534474,902.821848534474,902.821848534474,902.821848534474,902.821848534474,902.821848534474
1427,-492.585188609565,711.090511042652,2.78859023938295,"gaussian","adaptive_sparse_group_lasso",1,9.85079231195133,0.5,TRUE,"identity",NA,NA,"independent","epa",0.0555555555555555,1000,50,1e-06,1,"PGD",0.9,TRUE,10,1,TRUE,0,0,0,0,0,20,985.17037721913,985.17037721913,985.17037721913,985.17037721913,985.17037721913,985.17037721913
1428,-444.797079257851,488.818386113234,1.91693484750288,"gaussian","adaptive_sparse_group_lasso",1,10.9566888833237,0.5,TRUE,"identity",NA,NA,"independent","epa",0.0555555555555555,1000,50,1e-06,1,"PGD",0.9,TRUE,10,1,TRUE,0,0,0,0,0,20,889.594158515701,889.594158515701,889.594158515701,889.594158515701,889.594158515701,889.594158515701
1429,-475.653413533612,622.660537623925,2.44180602989774,"gaussian","adaptive_sparse_group_lasso",1,6.58059593376315,0.5,TRUE,"identity",NA,NA,"independent","epa",0.0555555555555555,1000,50,1e-06,1,"PGD",0.9,TRUE,10,1,TRUE,0,0,0,0,0,20,951.306827067223,951.306827067223,951.306827067223,951.306827067223,951.306827067223,951.306827067223
1430,-475.873003535375,623.733854012173,2.44601511377323,"gaussian","adaptive_sparse_group_lasso",1,7.49876269143491,0.5,TRUE,"identity",NA,NA,"independent","epa",0.0555555555555555,1000,50,1e-06,1,"PGD",0.9,TRUE,10,1,TRUE,0,0,0,0,0,20,951.74600707075,951.74600707075,951.74600707075,951.74600707075,951.74600707075,951.74600707075
1431,-442.174205025894,478.865353794078,1.87790334821207,"gaussian","adaptive_sparse_group_lasso",1,3.95130877833624,0.5,TRUE,"identity",NA,NA,"independent","epa",0.0555555555555555,1000,50,1e-06,1,"PGD",0.9,TRUE,10,1,TRUE,0,0,0,0,0,20,884.348410051788,884.348410051788,884.348410051788,884.348410051788,884.348410051788,884.348410051788
1432,-439.400260369037,468.559470003448,1.83748811766058,"gaussian","adaptive_sparse_group_lasso",1,4.910815081181,0.5,TRUE,"identity",NA,NA,"independent","epa",0.0555555555555555,1000,50,1e-06,1,"PGD",0.9,TRUE,10,1,TRUE,0,0,0,0,0,20,878.800520738074,878.800520738074,878.800520738074,878.800520738074,878.800520738074,878.800520738074
1433,-489.851958690628,696.009023703938,2.72944715178015,"gaussian","adaptive_sparse_group_lasso",1,4.44486623517814,0.5,TRUE,"identity",NA,NA,"independent","epa",0.0555555555555555,1000,50,1e-06,1,"PGD",0.9,TRUE,10,1,TRUE,0,0,0,0,0,20,979.703917381255,979.703917381255,979.703917381255,979.703917381255,979.703917381255,979.703917381255
1434,-443.626553952213,484.351281322043,1.89941678949821,"gaussian","adaptive_sparse_group_lasso",1,5.50856736182989,0.5,TRUE,"identity",NA,NA,"independent","epa",0.0555555555555555,1000,50,1e-06,1,"PGD",0.9,TRUE,10,1,TRUE,0,0,0,0,0,20,887.253107904426,887.253107904426,887.253107904426,887.253107904426,887.253107904426,887.253107904426
1435,-483.623262479158,662.824405066221,2.59931139241655,"gaussian","adaptive_sparse_group_lasso",1,8.05111350612087,0.5,TRUE,"identity",NA,NA,"independent","epa",0.0555555555555555,1000,50,1e-06,1,"PGD",0.9,TRUE,10,1,TRUE,0,0,0,0,0,20,967.246524958317,967.246524958317,967.246524958317,967.246524958317,967.246524958317,967.246524958317
1436,-423.323248099166,413.050068472644,1.6198041900888,"gaussian","adaptive_sparse_group_lasso",1,7.16556593480919,0.5,TRUE,"identity",NA,NA,"independent","epa",0.0555555555555555,1000,50,1e-06,1,"PGD",0.9,TRUE,10,1,TRUE,0,0,0,0,0,20,846.646496198333,846.646496198333,846.646496198333,846.646496198333,846.646496198333,846.646496198333
1437,-490.545797152767,699.806939041223,2.74434093741656,"gaussian","adaptive_sparse_group_lasso",1,6.54604758482118,0.5,TRUE,"identity",NA,NA,"independent","epa",0.0555555555555555,1000,50,1e-06,1,"PGD",0.9,TRUE,10,1,TRUE,0,0,0,0,0,20,981.091594305535,981.091594305535,981.091594305535,981.091594305535,981.091594305535,981.091594305535
1438,-435.968771447661,456.117016654229,1.78869418295776,"gaussian","adaptive_sparse_group_lasso",1,4.76241340587446,0.5,TRUE,"identity",NA,NA,"independent","epa",0.0555555555555555,1000,50,1e-06,1,"PGD",0.9,TRUE,10,1,TRUE,0,0,0,0,0,20,871.937542895322,871.937542895322,871.937542895322,871.937542895322,871.937542895322,871.937542895322
1439,-460.735313234423,553.906986710376,2.17218426160932,"gaussian","adaptive_sparse_group_lasso",1,4.25665072975663,0.5,TRUE,"identity",NA,NA,"independent","epa",0.0555555555555555,1000,50,1e-06,1,"PGD",0.9,TRUE,10,1,TRUE,0,0,0,0,0,20,921.470626468847,921.470626468847,921.470626468847,921.470626468847,921.470626468847,921.470626468847
1440,-446.937290084943,497.092929358839,1.94938403670133,"gaussian","adaptive_sparse_group_lasso",1,0.596705069899998,0.5,TRUE,"identity",NA,NA,"independent","epa",0.0555555555555555,1000,50,1e-06,1,"PGD",0.9,TRUE,10,1,TRUE,0.170589906046276,1,1,6.51471269087253,6.51471269087253,20,895.874580169886,895.874580169886,900.389292860758,900.389292860758,903.385025134312,903.385025134312
1441,-464.295921021885,569.593594381106,2.23370037012199,"gaussian","adaptive_sparse_group_lasso",1,6.6775723794325,0.5,TRUE,"identity",NA,NA,"independent","epa",0.0555555555555555,1000,50,1e-06,1,"PGD",0.9,TRUE,10,1,TRUE,0,0,0,0,0,20,928.59184204377,928.59184204377,928.59184204377,928.59184204377,928.59184204377,928.59184204377
1442,-465.358367251857,574.359798052931,2.25239136491345,"gaussian","adaptive_sparse_group_lasso",1,11.336428976073,0.5,TRUE,"identity",NA,NA,"independent","epa",0.0555555555555555,1000,50,1e-06,1,"PGD",0.9,TRUE,10,1,TRUE,0,0,0,0,0,20,930.716734503714,930.716734503714,930.716734503714,930.716734503714,930.716734503714,930.716734503714
1443,-432.836591020891,445.048502705161,1.74528824590259,"gaussian","adaptive_sparse_group_lasso",1,6.6177431326544,0.5,TRUE,"identity",NA,NA,"independent","epa",0.0555555555555555,1000,50,1e-06,1,"PGD",0.9,TRUE,10,1,TRUE,0,0,0,0,0,20,865.673182041782,865.673182041782,865.673182041782,865.673182041782,865.673182041782,865.673182041782
1444,-428.805368011714,431.197333514408,1.69096993535062,"gaussian","adaptive_sparse_group_lasso",1,0.350760430691541,0.5,TRUE,"identity",NA,NA,"independent","epa",0.0555555555555555,1000,50,1e-06,1,"PGD",0.9,TRUE,10,1,TRUE,0.194678117526132,2,2,10.6214797730932,10.6214797730932,20,861.610736023428,861.610736023428,868.232215796521,868.232215796521,874.223680343629,874.223680343629
1445,-454.879496648862,529.04251931586,2.07467654633671,"gaussian","adaptive_sparse_group_lasso",1,5.78046929105166,0.5,TRUE,"identity",NA,NA,"independent","epa",0.0555555555555555,1000,50,1e-06,1,"PGD",0.9,TRUE,10,1,TRUE,0,0,0,0,0,20,909.758993297724,909.758993297724,909.758993297724,909.758993297724,909.758993297724,909.758993297724
1446,-434.364484150392,450.413813876156,1.76632868186728,"gaussian","adaptive_sparse_group_lasso",1,0.621870124330743,0.5,TRUE,"identity",NA,NA,"independent","epa",0.0555555555555555,1000,50,1e-06,1,"PGD",0.9,TRUE,10,1,TRUE,0.29965986603239,1,1,5.31073988654659,5.31073988654659,20,870.728968300784,870.728968300784,874.03970818733,874.03970818733,877.035440460885,877.035440460885
1447,-509.203729462227,810.086651924452,3.17681039970373,"gaussian","adaptive_sparse_group_lasso",1,6.95911099816026,0.5,TRUE,"identity",NA,NA,"independent","epa",0.0555555555555555,1000,50,1e-06,1,"PGD",0.9,TRUE,10,1,TRUE,0,0,0,0,0,20,1018.40745892445,1018.40745892445,1018.40745892445,1018.40745892445,1018.40745892445,1018.40745892445
1448,-431.627421551948,440.847754945085,1.72881472527484,"gaussian","adaptive_sparse_group_lasso",1,0.410451072175316,0.5,TRUE,"identity",NA,NA,"independent","epa",0.0555555555555555,1000,50,1e-06,1,"PGD",0.9,TRUE,10,1,TRUE,0.0588446454226519,1,1,6.51471269087253,6.51471269087253,20,865.254843103895,865.254843103895,869.769555794768,869.769555794768,872.765288068322,872.765288068322
1449,-477.750561035954,632.986884639398,2.4823015083898,"gaussian","adaptive_sparse_group_lasso",1,6.74792216874142,0.5,TRUE,"identity",NA,NA,"independent","epa",0.0555555555555555,1000,50,1e-06,1,"PGD",0.9,TRUE,10,1,TRUE,0,0,0,0,0,20,955.501122071909,955.501122071909,955.501122071909,955.501122071909,955.501122071909,955.501122071909
1450,-470.616647087883,598.542441919681,2.34722526243012,"gaussian","adaptive_sparse_group_lasso",1,8.05467158996261,0.5,TRUE,"identity",NA,NA,"independent","epa",0.0555555555555555,1000,50,1e-06,1,"PGD",0.9,TRUE,10,1,TRUE,0,0,0,0,0,20,941.233294175767,941.233294175767,941.233294175767,941.233294175767,941.233294175767,941.233294175767
1451,-442.111437935568,478.629670752984,1.8769791009921,"gaussian","adaptive_sparse_group_lasso",1,0.743851301030886,0.5,TRUE,"identity",NA,NA,"independent","epa",0.0555555555555555,1000,50,1e-06,1,"PGD",0.9,TRUE,10,1,TRUE,0.677120287275757,2,2,10.6214797730932,10.6214797730932,20,888.222875871135,888.222875871135,894.844355644228,894.844355644228,900.835820191336,900.835820191336
1452,-463.451832058932,565.835165424463,2.21896143303711,"gaussian","adaptive_sparse_group_lasso",1,9.60076496566933,0.5,TRUE,"identity",NA,NA,"independent","epa",0.0555555555555555,1000,50,1e-06,1,"PGD",0.9,TRUE,10,1,TRUE,0,0,0,0,0,20,926.903664117864,926.903664117864,926.903664117864,926.903664117864,926.903664117864,926.903664117864
1453,-462.326702492295,560.863894059312,2.19946625121299,"gaussian","adaptive_sparse_group_lasso",1,6.37979399231201,0.5,TRUE,"identity",NA,NA,"independent","epa",0.0555555555555555,1000,50,1e-06,1,"PGD",0.9,TRUE,10,1,TRUE,0,0,0,0,0,20,924.65340498459,924.65340498459,924.65340498459,924.65340498459,924.65340498459,924.65340498459
1454,-487.841755721012,685.121590946413,2.68675133704476,"gaussian","adaptive_sparse_group_lasso",1,10.7711701102128,0.5,TRUE,"identity",NA,NA,"independent","epa",0.0555555555555555,1000,50,1e-06,1,"PGD",0.9,TRUE,10,1,TRUE,0,0,0,0,0,20,975.683511442024,975.683511442024,975.683511442024,975.683511442024,975.683511442024,975.683511442024
1455,-420.190049721569,403.023435096203,1.5804840592008,"gaussian","adaptive_sparse_group_lasso",1,7.46061801961461,0.5,TRUE,"identity",NA,NA,"independent","epa",0.0555555555555555,1000,50,1e-06,1,"PGD",0.9,TRUE,10,1,TRUE,0,0,0,0,0,20,840.380099443138,840.380099443138,840.380099443138,840.380099443138,840.380099443138,840.380099443138
1456,-452.626563783995,519.77641279826,2.03833887371867,"gaussian","adaptive_sparse_group_lasso",1,0.464209316312377,0.5,TRUE,"identity",NA,NA,"independent","epa",0.0555555555555555,1000,50,1e-06,1,"PGD",0.9,TRUE,10,1,TRUE,0.0861622019250833,1,1,6.51471269087253,6.51471269087253,20,907.253127567989,907.253127567989,911.767840258862,911.767840258862,914.763572532416,914.763572532416
1457,-472.411481100079,607.027785908602,2.3805011212102,"gaussian","adaptive_sparse_group_lasso",1,7.60884298344014,0.5,TRUE,"identity",NA,NA,"independent","epa",0.0555555555555555,1000,50,1e-06,1,"PGD",0.9,TRUE,10,1,TRUE,0,0,0,0,0,20,944.822962200159,944.822962200159,944.822962200159,944.822962200159,944.822962200159,944.822962200159
1458,-443.754209208042,484.836465241254,1.90131947153433,"gaussian","adaptive_sparse_group_lasso",1,8.25088865715652,0.5,TRUE,"identity",NA,NA,"independent","epa",0.0555555555555555,1000,50,1e-06,1,"PGD",0.9,TRUE,10,1,TRUE,0,0,0,0,0,20,887.508418416085,887.508418416085,887.508418416085,887.508418416085,887.508418416085,887.508418416085
1459,-432.355006639738,443.370666285412,1.73870849523691,"gaussian","adaptive_sparse_group_lasso",1,5.36307023541696,0.5,TRUE,"identity",NA,NA,"independent","epa",0.0555555555555555,1000,50,1e-06,1,"PGD",0.9,TRUE,10,1,TRUE,0,0,0,0,0,20,864.710013279477,864.710013279477,864.710013279477,864.710013279477,864.710013279477,864.710013279477
1460,-434.123429859284,449.563056143626,1.76299237703383,"gaussian","adaptive_sparse_group_lasso",1,7.21962460427167,0.5,TRUE,"identity",NA,NA,"independent","epa",0.0555555555555555,1000,50,1e-06,1,"PGD",0.9,TRUE,10,1,TRUE,0,0,0,0,0,20,868.246859718568,868.246859718568,868.246859718568,868.246859718568,868.246859718568,868.246859718568
1461,-465.520982763435,575.092812951108,2.2552659331416,"gaussian","adaptive_sparse_group_lasso",1,5.01725816347091,0.5,TRUE,"identity",NA,NA,"independent","epa",0.0555555555555555,1000,50,1e-06,1,"PGD",0.9,TRUE,10,1,TRUE,0,0,0,0,0,20,931.041965526871,931.041965526871,931.041965526871,931.041965526871,931.041965526871,931.041965526871
1462,-440.083959481213,471.07879670663,1.84736783022208,"gaussian","adaptive_sparse_group_lasso",1,0.415581388014468,0.5,TRUE,"identity",NA,NA,"independent","epa",0.0555555555555555,1000,50,1e-06,1,"PGD",0.9,TRUE,10,1,TRUE,0.152472517989529,2,2,11.8254525774191,11.8254525774191,20,884.167918962426,884.167918962426,891.993371539846,891.993371539846,897.984836086954,897.984836086954
1463,-458.911372166864,546.039522408732,2.1413314604264,"gaussian","adaptive_sparse_group_lasso",1,9.41902643672121,0.5,TRUE,"identity",NA,NA,"independent","epa",0.0555555555555555,1000,50,1e-06,1,"PGD",0.9,TRUE,10,1,TRUE,0,0,0,0,0,20,917.822744333727,917.822744333727,917.822744333727,917.822744333727,917.822744333727,917.822744333727
1464,-489.541854078774,694.31825237939,2.72281667599761,"gaussian","adaptive_sparse_group_lasso",1,6.75441865255391,0.5,TRUE,"identity",NA,NA,"independent","epa",0.0555555555555555,1000,50,1e-06,1,"PGD",0.9,TRUE,10,1,TRUE,0,0,0,0,0,20,979.083708157548,979.083708157548,979.083708157548,979.083708157548,979.083708157548,979.083708157548
1465,-491.290590646831,703.906836746379,2.76041896763286,"gaussian","adaptive_sparse_group_lasso",1,8.46494534919074,0.5,TRUE,"identity",NA,NA,"independent","epa",0.0555555555555555,1000,50,1e-06,1,"PGD",0.9,TRUE,10,1,TRUE,0,0,0,0,0,20,982.581181293662,982.581181293662,982.581181293662,982.581181293662,982.581181293662,982.581181293662
1466,-483.727901342425,663.368606326595,2.60144551500625,"gaussian","adaptive_sparse_group_lasso",1,7.80476076617772,0.5,TRUE,"identity",NA,NA,"independent","epa",0.0555555555555555,1000,50,1e-06,1,"PGD",0.9,TRUE,10,1,TRUE,0,0,0,0,0,20,967.45580268485,967.45580268485,967.45580268485,967.45580268485,967.45580268485,967.45580268485
1467,-436.644317033237,458.540119183351,1.79819654581706,"gaussian","adaptive_sparse_group_lasso",1,0.265544343628488,0.5,TRUE,"identity",NA,NA,"independent","epa",0.0555555555555555,1000,50,1e-06,1,"PGD",0.9,TRUE,10,1,TRUE,0.265805418828231,4,4,21.2429595461864,21.2429595461864,20,881.288634066474,881.288634066474,894.531593612661,894.531593612661,906.514522706877,906.514522706877
1468,-438.417055058327,464.960109767552,1.82337297948059,"gaussian","adaptive_sparse_group_lasso",1,11.5896469338777,0.5,TRUE,"identity",NA,NA,"independent","epa",0.0555555555555555,1000,50,1e-06,1,"PGD",0.9,TRUE,10,1,TRUE,0,0,0,0,0,20,876.834110116654,876.834110116654,876.834110116654,876.834110116654,876.834110116654,876.834110116654
1469,-445.853358223088,492.884843134347,1.93288173778175,"gaussian","adaptive_sparse_group_lasso",1,4.80957252223097,0.5,TRUE,"identity",NA,NA,"independent","epa",0.0555555555555555,1000,50,1e-06,1,"PGD",0.9,TRUE,10,1,TRUE,0,0,0,0,0,20,891.706716446176,891.706716446176,891.706716446176,891.706716446176,891.706716446176,891.706716446176
1470,-422.162291741521,409.306095841746,1.60512194447744,"gaussian","adaptive_sparse_group_lasso",1,0.201966199893811,0.5,TRUE,"identity",NA,NA,"independent","epa",0.0555555555555555,1000,50,1e-06,1,"PGD",0.9,TRUE,10,1,TRUE,0.0226161269532209,1,1,6.51471269087253,6.51471269087253,20,846.324583483042,846.324583483042,850.839296173915,850.839296173915,853.835028447469,853.835028447469
1471,-488.542590476711,688.897897565923,2.70156038261146,"gaussian","adaptive_sparse_group_lasso",1,6.40110468408457,0.5,TRUE,"identity",NA,NA,"independent","epa",0.0555555555555555,1000,50,1e-06,1,"PGD",0.9,TRUE,10,1,TRUE,0,0,0,0,0,20,977.085180953422,977.085180953422,977.085180953422,977.085180953422,977.085180953422,977.085180953422
1472,-487.358280137822,682.528553069295,2.67658256105606,"gaussian","adaptive_sparse_group_lasso",1,8.21066184877958,0.5,TRUE,"identity",NA,NA,"independent","epa",0.0555555555555555,1000,50,1e-06,1,"PGD",0.9,TRUE,10,1,TRUE,0,0,0,0,0,20,974.716560275644,974.716560275644,974.716560275644,974.716560275644,974.716560275644,974.716560275644
1473,-478.13463821774,634.896550240417,2.48979039309967,"gaussian","adaptive_sparse_group_lasso",1,4.59605918400473,0.5,TRUE,"identity",NA,NA,"independent","epa",0.0555555555555555,1000,50,1e-06,1,"PGD",0.9,TRUE,10,1,TRUE,0,0,0,0,0,20,956.26927643548,956.26927643548,956.26927643548,956.26927643548,956.26927643548,956.26927643548
1474,-444.54250199819,487.843343822183,1.91311115224386,"gaussian","adaptive_sparse_group_lasso",1,0.440570211379506,0.5,TRUE,"identity",NA,NA,"independent","epa",0.0555555555555555,1000,50,1e-06,1,"PGD",0.9,TRUE,10,1,TRUE,0.065468162530655,1,1,6.51471269087253,6.51471269087253,20,891.085003996381,891.085003996381,895.599716687253,895.599716687253,898.595448960807,898.595448960807
1475,-463.964811123706,568.116312813203,2.22790710907138,"gaussian","adaptive_sparse_group_lasso",1,5.42318868965683,0.5,TRUE,"identity",NA,NA,"independent","epa",0.0555555555555555,1000,50,1e-06,1,"PGD",0.9,TRUE,10,1,TRUE,0,0,0,0,0,20,927.929622247413,927.929622247413,927.929622247413,927.929622247413,927.929622247413,927.929622247413
1476,-466.912743612895,581.404781943435,2.28001875271935,"gaussian","adaptive_sparse_group_lasso",1,8.51787001417572,0.5,TRUE,"identity",NA,NA,"independent","epa",0.0555555555555555,1000,50,1e-06,1,"PGD",0.9,TRUE,10,1,TRUE,0,0,0,0,0,20,933.825487225789,933.825487225789,933.825487225789,933.825487225789,933.825487225789,933.825487225789
1477,-435.316343763117,453.78899087273,1.77956467008914,"gaussian","adaptive_sparse_group_lasso",1,0.415382468723328,0.5,TRUE,"identity",NA,NA,"independent","epa",0.0555555555555555,1000,50,1e-06,1,"PGD",0.9,TRUE,10,1,TRUE,0.087891239888108,1,1,6.51471269087253,6.51471269087253,20,872.632687526234,872.632687526234,877.147400217107,877.147400217107,880.143132490661,880.143132490661
1478,-460.281501330613,551.938965036363,2.16446652955436,"gaussian","adaptive_sparse_group_lasso",1,6.00738706832058,0.5,TRUE,"identity",NA,NA,"independent","epa",0.0555555555555555,1000,50,1e-06,1,"PGD",0.9,TRUE,10,1,TRUE,0,0,0,0,0,20,920.563002661226,920.563002661226,920.563002661226,920.563002661226,920.563002661226,920.563002661226
1479,-459.881156996649,550.208619240161,2.15768085976534,"gaussian","adaptive_sparse_group_lasso",1,8.00749667618215,0.5,TRUE,"identity",NA,NA,"independent","epa",0.0555555555555555,1000,50,1e-06,1,"PGD",0.9,TRUE,10,1,TRUE,0,0,0,0,0,20,919.762313993298,919.762313993298,919.762313993298,919.762313993298,919.762313993298,919.762313993298
1480,-430.105077621122,435.61535321167,1.70829550279086,"gaussian","adaptive_sparse_group_lasso",1,0.532698827159489,0.5,TRUE,"identity",NA,NA,"independent","epa",0.0555555555555555,1000,50,1e-06,1,"PGD",0.9,TRUE,10,1,TRUE,0.298808308503519,2,2,11.8254525774191,11.8254525774191,20,864.210155242244,864.210155242244,872.035607819663,872.035607819663,878.027072366771,878.027072366771
1481,-421.217215293537,406.283386501159,1.59326818235749,"gaussian","adaptive_sparse_group_lasso",1,0.343573986268881,0.5,TRUE,"identity",NA,NA,"independent","epa",0.0555555555555555,1000,50,1e-06,1,"PGD",0.9,TRUE,10,1,TRUE,0.272032861436701,3,3,15.9322196596398,15.9322196596398,20,848.434430587073,848.434430587073,858.366650246713,858.366650246713,867.353847067375,867.353847067375
1482,-428.409854054899,429.861801622277,1.68573255538148,"gaussian","adaptive_sparse_group_lasso",1,5.0455208492193,0.5,TRUE,"identity",NA,NA,"independent","epa",0.0555555555555555,1000,50,1e-06,1,"PGD",0.9,TRUE,10,1,TRUE,0,0,0,0,0,20,856.819708109797,856.819708109797,856.819708109797,856.819708109797,856.819708109797,856.819708109797
1483,-477.752679700796,632.997403056654,2.48234275708492,"gaussian","adaptive_sparse_group_lasso",1,3.88212118106907,0.5,TRUE,"identity",NA,NA,"independent","epa",0.0555555555555555,1000,50,1e-06,1,"PGD",0.9,TRUE,10,1,TRUE,0,0,0,0,0,20,955.505359401592,955.505359401592,955.505359401592,955.505359401592,955.505359401592,955.505359401592
1484,-487.577542059892,683.703308167573,2.6811894437944,"gaussian","adaptive_sparse_group_lasso",1,11.7658550749244,0.5,TRUE,"identity",NA,NA,"independent","epa",0.0555555555555555,1000,50,1e-06,1,"PGD",0.9,TRUE,10,1,TRUE,0,0,0,0,0,20,975.155084119784,975.155084119784,975.155084119784,975.155084119784,975.155084119784,975.155084119784
1485,-482.942002877098,659.29223833897,2.58545975819204,"gaussian","adaptive_sparse_group_lasso",1,11.0710527453693,0.5,TRUE,"identity",NA,NA,"independent","epa",0.0555555555555555,1000,50,1e-06,1,"PGD",0.9,TRUE,10,1,TRUE,0,0,0,0,0,20,965.884005754196,965.884005754196,965.884005754196,965.884005754196,965.884005754196,965.884005754196
1486,-441.454034941211,476.168158747049,1.86732611273353,"gaussian","adaptive_sparse_group_lasso",1,4.61763189402306,0.5,TRUE,"identity",NA,NA,"independent","epa",0.0555555555555555,1000,50,1e-06,1,"PGD",0.9,TRUE,10,1,TRUE,0,0,0,0,0,20,882.908069882423,882.908069882423,882.908069882423,882.908069882423,882.908069882423,882.908069882423
1487,-448.570545124886,503.501571179811,1.97451596541102,"gaussian","adaptive_sparse_group_lasso",1,5.05000330798056,0.5,TRUE,"identity",NA,NA,"independent","epa",0.0555555555555555,1000,50,1e-06,1,"PGD",0.9,TRUE,10,1,TRUE,0,0,0,0,0,20,897.141090249773,897.141090249773,897.141090249773,897.141090249773,897.141090249773,897.141090249773
1488,-440.841345432652,473.885465539035,1.85837437466288,"gaussian","adaptive_sparse_group_lasso",1,11.8318387081325,0.5,TRUE,"identity",NA,NA,"independent","epa",0.0555555555555555,1000,50,1e-06,1,"PGD",0.9,TRUE,10,1,TRUE,0,0,0,0,0,20,881.682690865303,881.682690865303,881.682690865303,881.682690865303,881.682690865303,881.682690865303
1489,-453.676731121543,524.075286375963,2.05519720147436,"gaussian","adaptive_sparse_group_lasso",1,8.30050422191607,0.5,TRUE,"identity",NA,NA,"independent","epa",0.0555555555555555,1000,50,1e-06,1,"PGD",0.9,TRUE,10,1,TRUE,0,0,0,0,0,20,907.353462243087,907.353462243087,907.353462243087,907.353462243087,907.353462243087,907.353462243087
1490,-412.891089844515,380.599624296081,1.49254754625914,"gaussian","adaptive_sparse_group_lasso",1,0.54360398117279,0.5,TRUE,"identity",NA,NA,"independent","epa",0.0555555555555555,1000,50,1e-06,1,"PGD",0.9,TRUE,10,1,TRUE,0.481989288785621,2,2,10.6214797730932,10.6214797730932,20,829.782179689031,829.782179689031,836.403659462124,836.403659462124,842.395124009232,842.395124009232
1491,-457.85990838043,541.554974382653,2.12374499757903,"gaussian","adaptive_sparse_group_lasso",1,4.43415342255364,0.5,TRUE,"identity",NA,NA,"independent","epa",0.0555555555555555,1000,50,1e-06,1,"PGD",0.9,TRUE,10,1,TRUE,0,0,0,0,0,20,915.719816760861,915.719816760861,915.719816760861,915.719816760861,915.719816760861,915.719816760861
1492,-483.326209154345,661.281934428444,2.59326248795468,"gaussian","adaptive_sparse_group_lasso",1,6.51681491525717,0.5,TRUE,"identity",NA,NA,"independent","epa",0.0555555555555555,1000,50,1e-06,1,"PGD",0.9,TRUE,10,1,TRUE,0,0,0,0,0,20,966.652418308691,966.652418308691,966.652418308691,966.652418308691,966.652418308691,966.652418308691
1493,-443.672391024158,484.525440033824,1.90009976483853,"gaussian","adaptive_sparse_group_lasso",1,6.12830769582177,0.5,TRUE,"identity",NA,NA,"independent","epa",0.0555555555555555,1000,50,1e-06,1,"PGD",0.9,TRUE,10,1,TRUE,0,0,0,0,0,20,887.344782048316,887.344782048316,887.344782048316,887.344782048316,887.344782048316,887.344782048316
1494,-443.895305131184,485.373299077989,1.90342470226662,"gaussian","adaptive_sparse_group_lasso",1,4.54254817452121,0.5,TRUE,"identity",NA,NA,"independent","epa",0.0555555555555555,1000,50,1e-06,1,"PGD",0.9,TRUE,10,1,TRUE,0,0,0,0,0,20,887.790610262368,887.790610262368,887.790610262368,887.790610262368,887.790610262368,887.790610262368
1495,-445.473847483727,491.419925664699,1.92713696339098,"gaussian","adaptive_sparse_group_lasso",1,4.40633184587459,0.5,TRUE,"identity",NA,NA,"independent","epa",0.0555555555555555,1000,50,1e-06,1,"PGD",0.9,TRUE,10,1,TRUE,0,0,0,0,0,20,890.947694967453,890.947694967453,890.947694967453,890.947694967453,890.947694967453,890.947694967453
1496,-451.916673881876,516.890462032829,2.02702141973659,"gaussian","adaptive_sparse_group_lasso",1,7.37195872852603,0.5,TRUE,"identity",NA,NA,"independent","epa",0.0555555555555555,1000,50,1e-06,1,"PGD",0.9,TRUE,10,1,TRUE,0,0,0,0,0,20,903.833347763752,903.833347763752,903.833347763752,903.833347763752,903.833347763752,903.833347763752
1497,-447.143683838726,497.89826238708,1.95254220543953,"gaussian","adaptive_sparse_group_lasso",1,6.6233131889497,0.5,TRUE,"identity",NA,NA,"independent","epa",0.0555555555555555,1000,50,1e-06,1,"PGD",0.9,TRUE,10,1,TRUE,0,0,0,0,0,20,894.287367677452,894.287367677452,894.287367677452,894.287367677452,894.287367677452,894.287367677452
1498,-438.082532810964,463.741791066453,1.81859525908413,"gaussian","adaptive_sparse_group_lasso",1,4.78643683878628,0.5,TRUE,"identity",NA,NA,"independent","epa",0.0555555555555555,1000,50,1e-06,1,"PGD",0.9,TRUE,10,1,TRUE,0,0,0,0,0,20,876.165065621928,876.165065621928,876.165065621928,876.165065621928,876.165065621928,876.165065621928
1499,-478.009045045208,634.271456814561,2.48733904633161,"gaussian","adaptive_sparse_group_lasso",1,7.59936240950167,0.5,TRUE,"identity",NA,NA,"independent","epa",0.0555555555555555,1000,50,1e-06,1,"PGD",0.9,TRUE,10,1,TRUE,0,0,0,0,0,20,956.018090090416,956.018090090416,956.018090090416,956.018090090416,956.018090090416,956.018090090416
1500,-436.51449561825,458.073467957476,1.79636654100971,"gaussian","adaptive_sparse_group_lasso",1,4.034043834616,0.5,TRUE,"identity",NA,NA,"independent","epa",0.0555555555555555,1000,50,1e-06,1,"PGD",0.9,TRUE,10,1,TRUE,0,0,0,0,0,20,873.0289912365,873.0289912365,873.0289912365,873.0289912365,873.0289912365,873.0289912365
1501,-858.020133336831,892.765520909995,1.77488175131212,"gaussian","adaptive_sparse_group_lasso",1,5.4714400570832,0.5,TRUE,"identity",NA,NA,"independent","epa",0.0555555555555555,1000,50,1e-06,1,"PGD",0.9,TRUE,10,1,TRUE,0,0,0,0,0,20,1716.04026667366,1716.04026667366,1716.04026667366,1716.04026667366,1716.04026667366,1716.04026667366
1502,-918.391015229362,1134.97651695189,2.25641454662404,"gaussian","adaptive_sparse_group_lasso",1,0.680534833719311,0.5,TRUE,"identity",NA,NA,"independent","epa",0.0555555555555555,1000,50,1e-06,1,"PGD",0.9,TRUE,10,1,TRUE,0.296280198679806,1,1,5.96998551543086,5.96998551543086,20,1838.78203045872,1838.78203045872,1842.75201597416,1842.75201597416,1845.74774824771,1845.74774824771
1503,-878.939994170474,970.202034691346,1.92883108288538,"gaussian","adaptive_sparse_group_lasso",1,0.201947861954816,0.5,TRUE,"identity",NA,NA,"independent","epa",0.0555555555555555,1000,50,1e-06,1,"PGD",0.9,TRUE,10,1,TRUE,0.0515709222385347,2,2,14.415719742865,14.415719742865,20,1761.87998834095,1761.87998834095,1772.29570808381,1772.29570808381,1778.28717263092,1778.28717263092
1504,-860.616675674958,902.030376060265,1.79330094644188,"gaussian","adaptive_sparse_group_lasso",1,3.66457767702553,0.5,TRUE,"identity",NA,NA,"independent","epa",0.0555555555555555,1000,50,1e-06,1,"PGD",0.9,TRUE,10,1,TRUE,0,0,0,0,0,20,1721.23335134992,1721.23335134992,1721.23335134992,1721.23335134992,1721.23335134992,1721.23335134992
1505,-899.679615961273,1053.59988147104,2.09463197111538,"gaussian","adaptive_sparse_group_lasso",1,0.175468879026506,0.5,TRUE,"identity",NA,NA,"independent","epa",0.0555555555555555,1000,50,1e-06,1,"PGD",0.9,TRUE,10,1,TRUE,0.0730477409667679,3,3,19.1478309022942,19.1478309022942,20,1805.35923192255,1805.35923192255,1818.50706282484,1818.50706282484,1827.4942596455,1827.4942596455
1506,-890.269803699063,1014.90803092467,2.01770980303115,"gaussian","adaptive_sparse_group_lasso",1,7.87942183242906,0.5,TRUE,"identity",NA,NA,"independent","epa",0.0555555555555555,1000,50,1e-06,1,"PGD",0.9,TRUE,10,1,TRUE,0,0,0,0,0,20,1780.53960739813,1780.53960739813,1780.53960739813,1780.53960739813,1780.53960739813,1780.53960739813
1507,-886.259277679313,998.852232126133,1.98578972589689,"gaussian","adaptive_sparse_group_lasso",1,0.331825437845346,0.5,TRUE,"identity",NA,NA,"independent","epa",0.0555555555555555,1000,50,1e-06,1,"PGD",0.9,TRUE,10,1,TRUE,0.0379432983469554,1,1,7.20785987143248,7.20785987143248,20,1774.51855535863,1774.51855535863,1779.72641523006,1779.72641523006,1782.72214750361,1782.72214750361
1508,-848.683864542239,860.231578820699,1.7102019459656,"gaussian","adaptive_sparse_group_lasso",1,3.05365406334046,0.5,TRUE,"identity",NA,NA,"independent","epa",0.0555555555555555,1000,50,1e-06,1,"PGD",0.9,TRUE,10,1,TRUE,0,0,0,0,0,20,1697.36772908448,1697.36772908448,1697.36772908448,1697.36772908448,1697.36772908448,1697.36772908448
1509,-881.271476183443,979.237922656279,1.94679507486338,"gaussian","adaptive_sparse_group_lasso",1,3.08097619011849,0.5,TRUE,"identity",NA,NA,"independent","epa",0.0555555555555555,1000,50,1e-06,1,"PGD",0.9,TRUE,10,1,TRUE,0,0,0,0,0,20,1762.54295236689,1762.54295236689,1762.54295236689,1762.54295236689,1762.54295236689,1762.54295236689
1510,-943.895457768503,1256.11204903245,2.49724065414006,"gaussian","adaptive_sparse_group_lasso",1,0.363449753627389,0.5,TRUE,"identity",NA,NA,"independent","epa",0.0555555555555555,1000,50,1e-06,1,"PGD",0.9,TRUE,10,1,TRUE,0.299416092289024,3,3,17.9099565462926,17.9099565462926,20,1893.79091553701,1893.79091553701,1905.7008720833,1905.7008720833,1914.68806890396,1914.68806890396
1511,-904.112063833843,1072.33316880114,2.13187508707979,"gaussian","adaptive_sparse_group_lasso",1,4.85201844009023,0.5,TRUE,"identity",NA,NA,"independent","epa",0.0555555555555555,1000,50,1e-06,1,"PGD",0.9,TRUE,10,1,TRUE,0,0,0,0,0,20,1808.22412766769,1808.22412766769,1808.22412766769,1808.22412766769,1808.22412766769,1808.22412766769
1512,-878.572940218422,968.787097320452,1.92601808612416,"gaussian","adaptive_sparse_group_lasso",1,0.356158257197676,0.5,TRUE,"identity",NA,NA,"independent","epa",0.0555555555555555,1000,50,1e-06,1,"PGD",0.9,TRUE,10,1,TRUE,0.0433057408951281,1,1,7.20785987143248,7.20785987143248,20,1759.14588043684,1759.14588043684,1764.35374030828,1764.35374030828,1767.34947258183,1767.34947258183
1513,-873.013555527087,947.607099775993,1.88391073514114,"gaussian","adaptive_sparse_group_lasso",1,2.7900986479487,0.5,TRUE,"identity",NA,NA,"independent","epa",0.0555555555555555,1000,50,1e-06,1,"PGD",0.9,TRUE,10,1,TRUE,0,0,0,0,0,20,1746.02711105417,1746.02711105417,1746.02711105417,1746.02711105417,1746.02711105417,1746.02711105417
1514,-902.114541284245,1063.8499649275,2.11500987063121,"gaussian","adaptive_sparse_group_lasso",1,6.20581175849918,0.5,TRUE,"identity",NA,NA,"independent","epa",0.0555555555555555,1000,50,1e-06,1,"PGD",0.9,TRUE,10,1,TRUE,0,0,0,0,0,20,1804.22908256849,1804.22908256849,1804.22908256849,1804.22908256849,1804.22908256849,1804.22908256849
1515,-905.394832973964,1077.81654797399,2.14277643732403,"gaussian","adaptive_sparse_group_lasso",1,0.165567576922013,0.5,TRUE,"identity",NA,NA,"independent","epa",0.0555555555555555,1000,50,1e-06,1,"PGD",0.9,TRUE,10,1,TRUE,0.131029329078887,7,7,44.2656473200192,44.2656473200192,20,1824.78966594793,1824.78966594793,1855.05531326795,1855.05531326795,1876.02543918283,1876.02543918283
1516,-904.028514425492,1071.9769941614,2.13116698640436,"gaussian","adaptive_sparse_group_lasso",1,0.397207452088234,0.5,TRUE,"identity",NA,NA,"independent","epa",0.0555555555555555,1000,50,1e-06,1,"PGD",0.9,TRUE,10,1,TRUE,0.309729148360996,4,4,25.1178164177251,25.1178164177251,20,1816.05702885098,1816.05702885098,1833.17484526871,1833.17484526871,1845.15777436293,1845.15777436293
1517,-936.316320100845,1218.82287794084,2.42310711320246,"gaussian","adaptive_sparse_group_lasso",1,4.64123903328918,0.5,TRUE,"identity",NA,NA,"independent","epa",0.0555555555555555,1000,50,1e-06,1,"PGD",0.9,TRUE,10,1,TRUE,0,0,0,0,0,20,1872.63264020169,1872.63264020169,1872.63264020169,1872.63264020169,1872.63264020169,1872.63264020169
1518,-850.402743877457,866.130977174331,1.72193037211597,"gaussian","adaptive_sparse_group_lasso",1,3.36124676443248,0.5,TRUE,"identity",NA,NA,"independent","epa",0.0555555555555555,1000,50,1e-06,1,"PGD",0.9,TRUE,10,1,TRUE,0,0,0,0,0,20,1700.80548775491,1700.80548775491,1700.80548775491,1700.80548775491,1700.80548775491,1700.80548775491
1519,-881.013455646753,978.23381159638,1.94479883021149,"gaussian","adaptive_sparse_group_lasso",1,5.15358841267106,0.5,TRUE,"identity",NA,NA,"independent","epa",0.0555555555555555,1000,50,1e-06,1,"PGD",0.9,TRUE,10,1,TRUE,0,0,0,0,0,20,1762.02691129351,1762.02691129351,1762.02691129351,1762.02691129351,1762.02691129351,1762.02691129351
1520,-883.301557765406,987.174215677724,1.96257299339508,"gaussian","adaptive_sparse_group_lasso",1,5.40399380894895,0.5,TRUE,"identity",NA,NA,"independent","epa",0.0555555555555555,1000,50,1e-06,1,"PGD",0.9,TRUE,10,1,TRUE,0,0,0,0,0,20,1766.60311553081,1766.60311553081,1766.60311553081,1766.60311553081,1766.60311553081,1766.60311553081
1521,-936.450897817709,1219.47524491217,2.42440406543174,"gaussian","adaptive_sparse_group_lasso",1,0.531352351125297,0.5,TRUE,"identity",NA,NA,"independent","epa",0.0555555555555555,1000,50,1e-06,1,"PGD",0.9,TRUE,10,1,TRUE,0.332373177349565,2,2,11.9399710308617,11.9399710308617,20,1876.90179563542,1876.90179563542,1884.84176666628,1884.84176666628,1890.83323121339,1890.83323121339
1522,-859.527651390295,898.132923800285,1.78555253240613,"gaussian","adaptive_sparse_group_lasso",1,0.256097114655619,0.5,TRUE,"identity",NA,NA,"independent","epa",0.0555555555555555,1000,50,1e-06,1,"PGD",0.9,TRUE,10,1,TRUE,0.0907795781937693,2,2,11.9399710308617,11.9399710308617,20,1723.05530278059,1723.05530278059,1730.99527381145,1730.99527381145,1736.98673835856,1736.98673835856
1523,-908.821477870229,1092.60211253878,2.17217119789022,"gaussian","adaptive_sparse_group_lasso",1,0.405056846808754,0.5,TRUE,"identity",NA,NA,"independent","epa",0.0555555555555555,1000,50,1e-06,1,"PGD",0.9,TRUE,10,1,TRUE,0.131072861367822,1,1,5.96998551543086,5.96998551543086,20,1819.64295574046,1819.64295574046,1823.61294125589,1823.61294125589,1826.60867352944,1826.60867352944
1524,-918.726348577607,1136.49082835843,2.25942510608038,"gaussian","adaptive_sparse_group_lasso",1,4.91471919457825,0.5,TRUE,"identity",NA,NA,"independent","epa",0.0555555555555555,1000,50,1e-06,1,"PGD",0.9,TRUE,10,1,TRUE,0,0,0,0,0,20,1837.45269715521,1837.45269715521,1837.45269715521,1837.45269715521,1837.45269715521,1837.45269715521
1525,-879.760589672959,973.372784871785,1.93513476117651,"gaussian","adaptive_sparse_group_lasso",1,4.52172796353638,0.5,TRUE,"identity",NA,NA,"independent","epa",0.0555555555555555,1000,50,1e-06,1,"PGD",0.9,TRUE,10,1,TRUE,0,0,0,0,0,20,1759.52117934592,1759.52117934592,1759.52117934592,1759.52117934592,1759.52117934592,1759.52117934592
1526,-865.795422439186,920.797032133813,1.83061040185649,"gaussian","adaptive_sparse_group_lasso",1,4.54573405277306,0.5,TRUE,"identity",NA,NA,"independent","epa",0.0555555555555555,1000,50,1e-06,1,"PGD",0.9,TRUE,10,1,TRUE,0,0,0,0,0,20,1731.59084487837,1731.59084487837,1731.59084487837,1731.59084487837,1731.59084487837,1731.59084487837
1527,-914.857729677346,1119.14288568927,2.22493615445183,"gaussian","adaptive_sparse_group_lasso",1,2.51857393801565,0.5,TRUE,"identity",NA,NA,"independent","epa",0.0555555555555555,1000,50,1e-06,1,"PGD",0.9,TRUE,10,1,TRUE,0,0,0,0,0,20,1829.71545935469,1829.71545935469,1829.71545935469,1829.71545935469,1829.71545935469,1829.71545935469
1528,-880.985196359701,978.123900514664,1.94458031911464,"gaussian","adaptive_sparse_group_lasso",1,7.16864715673813,0.5,TRUE,"identity",NA,NA,"independent","epa",0.0555555555555555,1000,50,1e-06,1,"PGD",0.9,TRUE,10,1,TRUE,0,0,0,0,0,20,1761.9703927194,1761.9703927194,1761.9703927194,1761.9703927194,1761.9703927194,1761.9703927194
1529,-973.504390719698,1413.05020061113,2.80924493163247,"gaussian","adaptive_sparse_group_lasso",1,7.42140110542699,0.5,TRUE,"identity",NA,NA,"independent","epa",0.0555555555555555,1000,50,1e-06,1,"PGD",0.9,TRUE,10,1,TRUE,0,0,0,0,0,20,1947.0087814394,1947.0087814394,1947.0087814394,1947.0087814394,1947.0087814394,1947.0087814394
1530,-909.511411149281,1095.60353391077,2.17813823839119,"gaussian","adaptive_sparse_group_lasso",1,0.246210687322284,0.5,TRUE,"identity",NA,NA,"independent","epa",0.0555555555555555,1000,50,1e-06,1,"PGD",0.9,TRUE,10,1,TRUE,0.155254199155706,3,3,17.9099565462926,17.9099565462926,20,1825.02282229856,1825.02282229856,1836.93277884485,1836.93277884485,1845.91997566552,1845.91997566552
1531,-910.333616405975,1099.19114845944,2.18527067288159,"gaussian","adaptive_sparse_group_lasso",1,4.08887748636948,0.5,TRUE,"identity",NA,NA,"independent","epa",0.0555555555555555,1000,50,1e-06,1,"PGD",0.9,TRUE,10,1,TRUE,0,0,0,0,0,20,1820.66723281195,1820.66723281195,1820.66723281195,1820.66723281195,1820.66723281195,1820.66723281195
1532,-907.987749640012,1088.98610852101,2.16498232310341,"gaussian","adaptive_sparse_group_lasso",1,4.38357427994634,0.5,TRUE,"identity",NA,NA,"independent","epa",0.0555555555555555,1000,50,1e-06,1,"PGD",0.9,TRUE,10,1,TRUE,0,0,0,0,0,20,1815.97549928002,1815.97549928002,1815.97549928002,1815.97549928002,1815.97549928002,1815.97549928002
1533,-915.053876376201,1120.01605390388,2.22667207535563,"gaussian","adaptive_sparse_group_lasso",1,0.403144534132362,0.5,TRUE,"identity",NA,NA,"independent","epa",0.0555555555555555,1000,50,1e-06,1,"PGD",0.9,TRUE,10,1,TRUE,0.070125511355488,1,1,7.20785987143248,7.20785987143248,20,1832.1077527524,1832.1077527524,1837.31561262383,1837.31561262383,1840.31134489739,1840.31134489739
1534,-829.267863839853,796.319775091908,1.58314070594813,"gaussian","adaptive_sparse_group_lasso",1,4.48611131180931,0.5,TRUE,"identity",NA,NA,"independent","epa",0.0555555555555555,1000,50,1e-06,1,"PGD",0.9,TRUE,10,1,TRUE,0,0,0,0,0,20,1658.53572767971,1658.53572767971,1658.53572767971,1658.53572767971,1658.53572767971,1658.53572767971
1535,-918.486898069227,1135.40930231433,2.25727495489926,"gaussian","adaptive_sparse_group_lasso",1,5.19196598529245,0.5,TRUE,"identity",NA,NA,"independent","epa",0.0555555555555555,1000,50,1e-06,1,"PGD",0.9,TRUE,10,1,TRUE,0,0,0,0,0,20,1836.97379613845,1836.97379613845,1836.97379613845,1836.97379613845,1836.97379613845,1836.97379613845
1536,-905.551639838383,1078.48876161886,2.14411284616076,"gaussian","adaptive_sparse_group_lasso",1,3.40993254736458,0.5,TRUE,"identity",NA,NA,"independent","epa",0.0555555555555555,1000,50,1e-06,1,"PGD",0.9,TRUE,10,1,TRUE,0,0,0,0,0,20,1811.10327967677,1811.10327967677,1811.10327967677,1811.10327967677,1811.10327967677,1811.10327967677
1537,-952.421712352535,1299.42633169791,2.58335254810718,"gaussian","adaptive_sparse_group_lasso",1,5.73915875697493,0.5,TRUE,"identity",NA,NA,"independent","epa",0.0555555555555555,1000,50,1e-06,1,"PGD",0.9,TRUE,10,1,TRUE,0,0,0,0,0,20,1904.84342470507,1904.84342470507,1904.84342470507,1904.84342470507,1904.84342470507,1904.84342470507
1538,-880.273673228684,975.360583478162,1.93908664707388,"gaussian","adaptive_sparse_group_lasso",1,0.237124608735547,0.5,TRUE,"identity",NA,NA,"independent","epa",0.0555555555555555,1000,50,1e-06,1,"PGD",0.9,TRUE,10,1,TRUE,0.0795572944505044,2,2,13.1778453868633,13.1778453868633,20,1764.54734645737,1764.54734645737,1773.72519184423,1773.72519184423,1779.71665639134,1779.71665639134
1539,-889.639908067591,1012.36931824373,2.01266266052432,"gaussian","adaptive_sparse_group_lasso",1,7.36855305357071,0.5,TRUE,"identity",NA,NA,"independent","epa",0.0555555555555555,1000,50,1e-06,1,"PGD",0.9,TRUE,10,1,TRUE,0,0,0,0,0,20,1779.27981613518,1779.27981613518,1779.27981613518,1779.27981613518,1779.27981613518,1779.27981613518
1540,-882.421155186265,983.724548514156,1.95571480817924,"gaussian","adaptive_sparse_group_lasso",1,3.87330913701534,0.5,TRUE,"identity",NA,NA,"independent","epa",0.0555555555555555,1000,50,1e-06,1,"PGD",0.9,TRUE,10,1,TRUE,0,0,0,0,0,20,1764.84231037253,1764.84231037253,1764.84231037253,1764.84231037253,1764.84231037253,1764.84231037253
1541,-905.32499197568,1077.51728223766,2.1421814756216,"gaussian","adaptive_sparse_group_lasso",1,0.225520697343338,0.5,TRUE,"identity",NA,NA,"independent","epa",0.0555555555555555,1000,50,1e-06,1,"PGD",0.9,TRUE,10,1,TRUE,0.0911897241766224,2,2,11.9399710308617,11.9399710308617,20,1814.64998395136,1814.64998395136,1822.58995498222,1822.58995498222,1828.58141952933,1828.58141952933
1542,-885.691015277746,996.597880653231,1.98130791382352,"gaussian","adaptive_sparse_group_lasso",1,0.471197444408304,0.5,TRUE,"identity",NA,NA,"independent","epa",0.0555555555555555,1000,50,1e-06,1,"PGD",0.9,TRUE,10,1,TRUE,0.119653770217775,1,1,5.96998551543086,5.96998551543086,20,1773.38203055549,1773.38203055549,1777.35201607092,1777.35201607092,1780.34774834448,1780.34774834448
1543,-920.333285033603,1143.77558135501,2.27390771641154,"gaussian","adaptive_sparse_group_lasso",1,0.237280478967434,0.5,TRUE,"identity",NA,NA,"independent","epa",0.0555555555555555,1000,50,1e-06,1,"PGD",0.9,TRUE,10,1,TRUE,0.0650931122297071,2,2,13.1778453868633,13.1778453868633,20,1844.66657006721,1844.66657006721,1853.84441545407,1853.84441545407,1859.83588000118,1859.83588000118
1544,-879.107374188437,970.847945165511,1.9301151991362,"gaussian","adaptive_sparse_group_lasso",1,4.82711622393918,0.5,TRUE,"identity",NA,NA,"independent","epa",0.0555555555555555,1000,50,1e-06,1,"PGD",0.9,TRUE,10,1,TRUE,0,0,0,0,0,20,1758.21474837687,1758.21474837687,1758.21474837687,1758.21474837687,1758.21474837687,1758.21474837687
1545,-919.58084949386,1140.35875715641,2.26711482536066,"gaussian","adaptive_sparse_group_lasso",1,7.18461902162332,0.5,TRUE,"identity",NA,NA,"independent","epa",0.0555555555555555,1000,50,1e-06,1,"PGD",0.9,TRUE,10,1,TRUE,0,0,0,0,0,20,1839.16169898772,1839.16169898772,1839.16169898772,1839.16169898772,1839.16169898772,1839.16169898772
1546,-829.605604648163,797.38987589677,1.58526814293592,"gaussian","adaptive_sparse_group_lasso",1,0.157993661226233,0.5,TRUE,"identity",NA,NA,"independent","epa",0.0555555555555555,1000,50,1e-06,1,"PGD",0.9,TRUE,10,1,TRUE,0.0488969032463466,4,4,26.3556907737267,26.3556907737267,20,1667.21120929633,1667.21120929633,1685.56690007005,1685.56690007005,1697.54982916427,1697.54982916427
1547,-916.517188671653,1126.55168196823,2.23966537170621,"gaussian","adaptive_sparse_group_lasso",1,0.17748672273833,0.5,TRUE,"identity",NA,NA,"independent","epa",0.0555555555555555,1000,50,1e-06,1,"PGD",0.9,TRUE,10,1,TRUE,0.0698451676965032,3,3,19.1478309022942,19.1478309022942,20,1839.03437734331,1839.03437734331,1852.1822082456,1852.1822082456,1861.16940506626,1861.16940506626
1548,-854.811739780895,881.448819797046,1.75238333955675,"gaussian","adaptive_sparse_group_lasso",1,2.5147597467966,0.5,TRUE,"identity",NA,NA,"independent","epa",0.0555555555555555,1000,50,1e-06,1,"PGD",0.9,TRUE,10,1,TRUE,0,0,0,0,0,20,1709.62347956179,1709.62347956179,1709.62347956179,1709.62347956179,1709.62347956179,1709.62347956179
1549,-877.62886953212,965.15731980699,1.91880182864213,"gaussian","adaptive_sparse_group_lasso",1,0.249185818441828,0.5,TRUE,"identity",NA,NA,"independent","epa",0.0555555555555555,1000,50,1e-06,1,"PGD",0.9,TRUE,10,1,TRUE,0.0192251626102863,1,1,7.20785987143248,7.20785987143248,20,1757.25773906424,1757.25773906424,1762.46559893567,1762.46559893567,1765.46133120923,1765.46133120923
1550,-945.870137985747,1266.01337227135,2.51692519338241,"gaussian","adaptive_sparse_group_lasso",1,0.354360036540658,0.5,TRUE,"identity",NA,NA,"independent","epa",0.0555555555555555,1000,50,1e-06,1,"PGD",0.9,TRUE,10,1,TRUE,0.202409705928536,3,3,19.1478309022942,19.1478309022942,20,1897.74027597149,1897.74027597149,1910.88810687379,1910.88810687379,1919.87530369445,1919.87530369445
1551,-874.037669930408,951.473647009515,1.8915977077724,"gaussian","adaptive_sparse_group_lasso",1,0.4083775106766,0.5,TRUE,"identity",NA,NA,"independent","epa",0.0555555555555555,1000,50,1e-06,1,"PGD",0.9,TRUE,10,1,TRUE,0.0618020191886002,1,1,7.20785987143248,7.20785987143248,20,1750.07533986082,1750.07533986082,1755.28319973225,1755.28319973225,1758.2789320058,1758.2789320058
1552,-903.056328896312,1067.84121343356,2.12294475831722,"gaussian","adaptive_sparse_group_lasso",1,3.10034243909789,0.5,TRUE,"identity",NA,NA,"independent","epa",0.0555555555555555,1000,50,1e-06,1,"PGD",0.9,TRUE,10,1,TRUE,0,0,0,0,0,20,1806.11265779262,1806.11265779262,1806.11265779262,1806.11265779262,1806.11265779262,1806.11265779262
1553,-938.324313007152,1228.59299245555,2.44253080011044,"gaussian","adaptive_sparse_group_lasso",1,6.62947637234512,0.5,TRUE,"identity",NA,NA,"independent","epa",0.0555555555555555,1000,50,1e-06,1,"PGD",0.9,TRUE,10,1,TRUE,0,0,0,0,0,20,1876.6486260143,1876.6486260143,1876.6486260143,1876.6486260143,1876.6486260143,1876.6486260143
1554,-887.72272587598,1004.68137600815,1.99737848112952,"gaussian","adaptive_sparse_group_lasso",1,0.35862505916496,0.5,TRUE,"identity",NA,NA,"independent","epa",0.0555555555555555,1000,50,1e-06,1,"PGD",0.9,TRUE,10,1,TRUE,0.0708256009026554,1,1,5.96998551543086,5.96998551543086,20,1777.44545175196,1777.44545175196,1781.41543726739,1781.41543726739,1784.41116954094,1784.41116954094
1555,-905.817078832067,1079.62762481706,2.14637698770787,"gaussian","adaptive_sparse_group_lasso",1,6.92510307159635,0.5,TRUE,"identity",NA,NA,"independent","epa",0.0555555555555555,1000,50,1e-06,1,"PGD",0.9,TRUE,10,1,TRUE,0,0,0,0,0,20,1811.63415766413,1811.63415766413,1811.63415766413,1811.63415766413,1811.63415766413,1811.63415766413
1556,-886.422817461928,999.501954586902,1.98708142064991,"gaussian","adaptive_sparse_group_lasso",1,0.191336184508319,0.5,TRUE,"identity",NA,NA,"independent","epa",0.0555555555555555,1000,50,1e-06,1,"PGD",0.9,TRUE,10,1,TRUE,0.0645171896024749,4,4,26.3556907737267,26.3556907737267,20,1780.84563492386,1780.84563492386,1799.20132569758,1799.20132569758,1811.1842547918,1811.1842547918
1557,-888.750740624371,1008.79644960325,2.00555954195476,"gaussian","adaptive_sparse_group_lasso",1,3.82000177318233,0.5,TRUE,"identity",NA,NA,"independent","epa",0.0555555555555555,1000,50,1e-06,1,"PGD",0.9,TRUE,10,1,TRUE,0,0,0,0,0,20,1777.50148124874,1777.50148124874,1777.50148124874,1777.50148124874,1777.50148124874,1777.50148124874
1558,-881.600143253281,980.518454056403,1.9493408629352,"gaussian","adaptive_sparse_group_lasso",1,0.428205831704255,0.5,TRUE,"identity",NA,NA,"independent","epa",0.0555555555555555,1000,50,1e-06,1,"PGD",0.9,TRUE,10,1,TRUE,0.0963574414085757,1,1,5.96998551543086,5.96998551543086,20,1765.20028650656,1765.20028650656,1769.17027202199,1769.17027202199,1772.16600429555,1772.16600429555
1559,-887.635475027408,1004.33289052546,1.99668566704863,"gaussian","adaptive_sparse_group_lasso",1,0.331997098333167,0.5,TRUE,"identity",NA,NA,"independent","epa",0.0555555555555555,1000,50,1e-06,1,"PGD",0.9,TRUE,10,1,TRUE,0.152752169861304,2,2,11.9399710308617,11.9399710308617,20,1779.27095005482,1779.27095005482,1787.21092108568,1787.21092108568,1793.20238563279,1793.20238563279
1560,-914.39144664056,1117.0699079683,2.22081492637833,"gaussian","adaptive_sparse_group_lasso",1,0.303571128545106,0.5,TRUE,"identity",NA,NA,"independent","epa",0.0555555555555555,1000,50,1e-06,1,"PGD",0.9,TRUE,10,1,TRUE,0.148730672698152,3,3,19.1478309022942,19.1478309022942,20,1834.78289328112,1834.78289328112,1847.93072418341,1847.93072418341,1856.91792100408,1856.91792100408
1561,-895.414927194027,1035.88459822376,2.05941272012676,"gaussian","adaptive_sparse_group_lasso",1,4.57671874720331,0.5,TRUE,"identity",NA,NA,"independent","epa",0.0555555555555555,1000,50,1e-06,1,"PGD",0.9,TRUE,10,1,TRUE,0,0,0,0,0,20,1790.82985438805,1790.82985438805,1790.82985438805,1790.82985438805,1790.82985438805,1790.82985438805
1562,-895.186343648081,1034.94353022364,2.05754180958975,"gaussian","adaptive_sparse_group_lasso",1,0.382092144415536,0.5,TRUE,"identity",NA,NA,"independent","epa",0.0555555555555555,1000,50,1e-06,1,"PGD",0.9,TRUE,10,1,TRUE,0.18566760944573,2,2,11.9399710308617,11.9399710308617,20,1794.37268729616,1794.37268729616,1802.31265832702,1802.31265832702,1808.30412287413,1808.30412287413
1563,-874.52534909219,953.320422524685,1.89526922967134,"gaussian","adaptive_sparse_group_lasso",1,6.5790661315933,0.5,TRUE,"identity",NA,NA,"independent","epa",0.0555555555555555,1000,50,1e-06,1,"PGD",0.9,TRUE,10,1,TRUE,0,0,0,0,0,20,1749.05069818438,1749.05069818438,1749.05069818438,1749.05069818438,1749.05069818438,1749.05069818438
1564,-892.787611103722,1025.1194691891,2.03801087313936,"gaussian","adaptive_sparse_group_lasso",1,0.326274733179761,0.5,TRUE,"identity",NA,NA,"independent","epa",0.0555555555555555,1000,50,1e-06,1,"PGD",0.9,TRUE,10,1,TRUE,0.0523496317191982,1,1,7.20785987143248,7.20785987143248,20,1787.57522220744,1787.57522220744,1792.78308207888,1792.78308207888,1795.77881435243,1795.77881435243
1565,-892.535995268137,1024.09439043249,2.03597294320574,"gaussian","adaptive_sparse_group_lasso",1,0.389773582280513,0.5,TRUE,"identity",NA,NA,"independent","epa",0.0555555555555555,1000,50,1e-06,1,"PGD",0.9,TRUE,10,1,TRUE,0.099315667204529,2,2,13.1778453868633,13.1778453868633,20,1789.07199053627,1789.07199053627,1798.24983592314,1798.24983592314,1804.24130047024,1804.24130047024
1566,-856.710784161821,888.129718830199,1.76566544499046,"gaussian","adaptive_sparse_group_lasso",1,4.1923020850372,0.5,TRUE,"identity",NA,NA,"independent","epa",0.0555555555555555,1000,50,1e-06,1,"PGD",0.9,TRUE,10,1,TRUE,0,0,0,0,0,20,1713.42156832364,1713.42156832364,1713.42156832364,1713.42156832364,1713.42156832364,1713.42156832364
1567,-911.355919406568,1103.66825915832,2.19417148938036,"gaussian","adaptive_sparse_group_lasso",1,4.90896532021604,0.5,TRUE,"identity",NA,NA,"independent","epa",0.0555555555555555,1000,50,1e-06,1,"PGD",0.9,TRUE,10,1,TRUE,0,0,0,0,0,20,1822.71183881314,1822.71183881314,1822.71183881314,1822.71183881314,1822.71183881314,1822.71183881314
1568,-816.635978696499,757.311490663336,1.50558944465872,"gaussian","adaptive_sparse_group_lasso",1,0.121796481106931,0.5,TRUE,"identity",NA,NA,"independent","epa",0.0555555555555555,1000,50,1e-06,1,"PGD",0.9,TRUE,10,1,TRUE,0.0341401410345607,3,3,19.1478309022942,19.1478309022942,20,1639.271957393,1639.271957393,1652.41978829529,1652.41978829529,1661.40698511595,1661.40698511595
1569,-882.300077162366,983.251074325546,1.95477350760546,"gaussian","adaptive_sparse_group_lasso",1,0.0877707361752445,0.5,TRUE,"identity",NA,NA,"independent","epa",0.0555555555555555,1000,50,1e-06,1,"PGD",0.9,TRUE,10,1,TRUE,0.0282278117664678,5,5,31.0878019331559,31.0878019331559,20,1774.60015432473,1774.60015432473,1795.68795625789,1795.68795625789,1810.66661762566,1810.66661762566
1570,-877.379656068112,964.201410993327,1.91690141350562,"gaussian","adaptive_sparse_group_lasso",1,0.367674434135035,0.5,TRUE,"identity",NA,NA,"independent","epa",0.0555555555555555,1000,50,1e-06,1,"PGD",0.9,TRUE,10,1,TRUE,0.0353309231399684,1,1,7.20785987143248,7.20785987143248,20,1756.75931213622,1756.75931213622,1761.96717200766,1761.96717200766,1764.96290428121,1764.96290428121
1571,-923.273660757736,1157.22634305243,2.30064879334479,"gaussian","adaptive_sparse_group_lasso",1,0.144512000395403,0.5,TRUE,"identity",NA,NA,"independent","epa",0.0555555555555555,1000,50,1e-06,1,"PGD",0.9,TRUE,10,1,TRUE,0.0806340474187087,5,5,32.3256762891575,32.3256762891575,20,1856.54732151547,1856.54732151547,1878.87299780463,1878.87299780463,1893.8516591724,1893.8516591724
1572,-940.723089556244,1240.3672250058,2.46593881710894,"gaussian","adaptive_sparse_group_lasso",1,4.28648815047401,0.5,TRUE,"identity",NA,NA,"independent","epa",0.0555555555555555,1000,50,1e-06,1,"PGD",0.9,TRUE,10,1,TRUE,0,0,0,0,0,20,1881.44617911249,1881.44617911249,1881.44617911249,1881.44617911249,1881.44617911249,1881.44617911249
1573,-898.619158154861,1049.16669672131,2.08581848254734,"gaussian","adaptive_sparse_group_lasso",1,3.61860228945962,0.5,TRUE,"identity",NA,NA,"independent","epa",0.0555555555555555,1000,50,1e-06,1,"PGD",0.9,TRUE,10,1,TRUE,0,0,0,0,0,20,1797.23831630972,1797.23831630972,1797.23831630972,1797.23831630972,1797.23831630972,1797.23831630972
1574,-845.592709283408,849.723289667596,1.68931071504492,"gaussian","adaptive_sparse_group_lasso",1,0.251568182584128,0.5,TRUE,"identity",NA,NA,"independent","epa",0.0555555555555555,1000,50,1e-06,1,"PGD",0.9,TRUE,10,1,TRUE,0.0904199948530692,2,2,11.9399710308617,11.9399710308617,20,1695.18541856682,1695.18541856682,1703.12538959768,1703.12538959768,1709.11685414479,1709.11685414479
1575,-866.955841051082,925.055397370425,1.83907633672053,"gaussian","adaptive_sparse_group_lasso",1,3.65799163355278,0.5,TRUE,"identity",NA,NA,"independent","epa",0.0555555555555555,1000,50,1e-06,1,"PGD",0.9,TRUE,10,1,TRUE,0,0,0,0,0,20,1733.91168210216,1733.91168210216,1733.91168210216,1733.91168210216,1733.91168210216,1733.91168210216
1576,-883.980033104733,989.84092582781,1.96787460403143,"gaussian","adaptive_sparse_group_lasso",1,3.24769401078492,0.5,TRUE,"identity",NA,NA,"independent","epa",0.0555555555555555,1000,50,1e-06,1,"PGD",0.9,TRUE,10,1,TRUE,0,0,0,0,0,20,1767.96006620947,1767.96006620947,1767.96006620947,1767.96006620947,1767.96006620947,1767.96006620947
1577,-880.636619186831,976.769166936867,1.94188701180292,"gaussian","adaptive_sparse_group_lasso",1,6.10408920753025,0.5,TRUE,"identity",NA,NA,"independent","epa",0.0555555555555555,1000,50,1e-06,1,"PGD",0.9,TRUE,10,1,TRUE,0,0,0,0,0,20,1761.27323837366,1761.27323837366,1761.27323837366,1761.27323837366,1761.27323837366,1761.27323837366
1578,-913.659136744237,1113.8219893604,2.21435783173041,"gaussian","adaptive_sparse_group_lasso",1,6.60990434055516,0.5,TRUE,"identity",NA,NA,"independent","epa",0.0555555555555555,1000,50,1e-06,1,"PGD",0.9,TRUE,10,1,TRUE,0,0,0,0,0,20,1827.31827348847,1827.31827348847,1827.31827348847,1827.31827348847,1827.31827348847,1827.31827348847
1579,-881.454290820061,979.949986691951,1.94821070912913,"gaussian","adaptive_sparse_group_lasso",1,5.23324983800769,0.5,TRUE,"identity",NA,NA,"independent","epa",0.0555555555555555,1000,50,1e-06,1,"PGD",0.9,TRUE,10,1,TRUE,0,0,0,0,0,20,1762.90858164012,1762.90858164012,1762.90858164012,1762.90858164012,1762.90858164012,1762.90858164012
1580,-912.901446882025,1110.47144599687,2.20769671172341,"gaussian","adaptive_sparse_group_lasso",1,2.37960402634496,0.5,TRUE,"identity",NA,NA,"independent","epa",0.0555555555555555,1000,50,1e-06,1,"PGD",0.9,TRUE,10,1,TRUE,0,0,0,0,0,20,1825.80289376405,1825.80289376405,1825.80289376405,1825.80289376405,1825.80289376405,1825.80289376405
1581,-885.341167039137,995.212530252568,1.97855373807668,"gaussian","adaptive_sparse_group_lasso",1,3.93058687441221,0.5,TRUE,"identity",NA,NA,"independent","epa",0.0555555555555555,1000,50,1e-06,1,"PGD",0.9,TRUE,10,1,TRUE,0,0,0,0,0,20,1770.68233407827,1770.68233407827,1770.68233407827,1770.68233407827,1770.68233407827,1770.68233407827
1582,-908.817768864982,1092.58599946886,2.17213916395399,"gaussian","adaptive_sparse_group_lasso",1,6.11796655518611,0.5,TRUE,"identity",NA,NA,"independent","epa",0.0555555555555555,1000,50,1e-06,1,"PGD",0.9,TRUE,10,1,TRUE,0,0,0,0,0,20,1817.63553772996,1817.63553772996,1817.63553772996,1817.63553772996,1817.63553772996,1817.63553772996
1583,-866.012160858249,921.590901365011,1.83218867070579,"gaussian","adaptive_sparse_group_lasso",1,0.195677637972696,0.5,TRUE,"identity",NA,NA,"independent","epa",0.0555555555555555,1000,50,1e-06,1,"PGD",0.9,TRUE,10,1,TRUE,0.0857837477325168,4,4,26.3556907737267,26.3556907737267,20,1740.0243217165,1740.0243217165,1758.38001249022,1758.38001249022,1770.36294158444,1770.36294158444
1584,-911.163463436882,1102.82401941606,2.19249308035002,"gaussian","adaptive_sparse_group_lasso",1,5.32460065829994,0.5,TRUE,"identity",NA,NA,"independent","epa",0.0555555555555555,1000,50,1e-06,1,"PGD",0.9,TRUE,10,1,TRUE,0,0,0,0,0,20,1822.32692687376,1822.32692687376,1822.32692687376,1822.32692687376,1822.32692687376,1822.32692687376
1585,-935.613260298839,1215.42045741821,2.41634285769027,"gaussian","adaptive_sparse_group_lasso",1,5.33793828255425,0.5,TRUE,"identity",NA,NA,"independent","epa",0.0555555555555555,1000,50,1e-06,1,"PGD",0.9,TRUE,10,1,TRUE,0,0,0,0,0,20,1871.22652059768,1871.22652059768,1871.22652059768,1871.22652059768,1871.22652059768,1871.22652059768
1586,-872.871143320694,947.070667899078,1.88284427017709,"gaussian","adaptive_sparse_group_lasso",1,5.09618604275231,0.5,TRUE,"identity",NA,NA,"independent","epa",0.0555555555555555,1000,50,1e-06,1,"PGD",0.9,TRUE,10,1,TRUE,0,0,0,0,0,20,1745.74228664139,1745.74228664139,1745.74228664139,1745.74228664139,1745.74228664139,1745.74228664139
1587,-879.044023533657,970.603427839359,1.92962908119157,"gaussian","adaptive_sparse_group_lasso",1,3.31796591472287,0.5,TRUE,"identity",NA,NA,"independent","epa",0.0555555555555555,1000,50,1e-06,1,"PGD",0.9,TRUE,10,1,TRUE,0,0,0,0,0,20,1758.08804706731,1758.08804706731,1758.08804706731,1758.08804706731,1758.08804706731,1758.08804706731
1588,-879.379637437573,971.899513124929,1.93220579150085,"gaussian","adaptive_sparse_group_lasso",1,3.85035423086086,0.5,TRUE,"identity",NA,NA,"independent","epa",0.0555555555555555,1000,50,1e-06,1,"PGD",0.9,TRUE,10,1,TRUE,0,0,0,0,0,20,1758.75927487515,1758.75927487515,1758.75927487515,1758.75927487515,1758.75927487515,1758.75927487515
1589,-893.861806896629,1029.50727843968,2.04673415196756,"gaussian","adaptive_sparse_group_lasso",1,0.364109412117112,0.5,TRUE,"identity",NA,NA,"independent","epa",0.0555555555555555,1000,50,1e-06,1,"PGD",0.9,TRUE,10,1,TRUE,0.0550245922435012,1,1,7.20785987143248,7.20785987143248,20,1789.72361379326,1789.72361379326,1794.93147366469,1794.93147366469,1797.92720593824,1797.92720593824
1590,-864.429551972215,915.809833502688,1.82069549404113,"gaussian","adaptive_sparse_group_lasso",1,4.77309930573415,0.5,TRUE,"identity",NA,NA,"independent","epa",0.0555555555555555,1000,50,1e-06,1,"PGD",0.9,TRUE,10,1,TRUE,0,0,0,0,0,20,1728.85910394443,1728.85910394443,1728.85910394443,1728.85910394443,1728.85910394443,1728.85910394443
1591,-898.11341245546,1047.05902914959,2.08162828856777,"gaussian","adaptive_sparse_group_lasso",1,8.38130890627405,0.5,TRUE,"identity",NA,NA,"independent","epa",0.0555555555555555,1000,50,1e-06,1,"PGD",0.9,TRUE,10,1,TRUE,0,0,0,0,0,20,1796.22682491092,1796.22682491092,1796.22682491092,1796.22682491092,1796.22682491092,1796.22682491092
1592,-927.194597754002,1175.40910925084,2.3367974338983,"gaussian","adaptive_sparse_group_lasso",1,2.72184972455983,0.5,TRUE,"identity",NA,NA,"independent","epa",0.0555555555555555,1000,50,1e-06,1,"PGD",0.9,TRUE,10,1,TRUE,0,0,0,0,0,20,1854.389195508,1854.389195508,1854.389195508,1854.389195508,1854.389195508,1854.389195508
1593,-909.086087348391,1093.75227166266,2.17445779654605,"gaussian","adaptive_sparse_group_lasso",1,0.70335508782155,0.5,TRUE,"identity",NA,NA,"independent","epa",0.0555555555555555,1000,50,1e-06,1,"PGD",0.9,TRUE,10,1,TRUE,0.493087831806454,2,2,11.9399710308617,11.9399710308617,20,1822.17217469678,1822.17217469678,1830.11214572764,1830.11214572764,1836.10361027475,1836.10361027475
1594,-889.562683685504,1012.05851270279,2.01204475686439,"gaussian","adaptive_sparse_group_lasso",1,0.125076983633152,0.5,TRUE,"identity",NA,NA,"independent","epa",0.0555555555555555,1000,50,1e-06,1,"PGD",0.9,TRUE,10,1,TRUE,0.0449621756582303,4,4,26.3556907737267,26.3556907737267,20,1787.12536737101,1787.12536737101,1805.48105814473,1805.48105814473,1817.46398723895,1817.46398723895
1595,-894.811939653874,1033.40397272167,2.05448105908881,"gaussian","adaptive_sparse_group_lasso",1,4.10841573554245,0.5,TRUE,"identity",NA,NA,"independent","epa",0.0555555555555555,1000,50,1e-06,1,"PGD",0.9,TRUE,10,1,TRUE,0,0,0,0,0,20,1789.62387930775,1789.62387930775,1789.62387930775,1789.62387930775,1789.62387930775,1789.62387930775
1596,-894.714038692218,1033.00177966446,2.05368147050588,"gaussian","adaptive_sparse_group_lasso",1,0.204358586837291,0.5,TRUE,"identity",NA,NA,"independent","epa",0.0555555555555555,1000,50,1e-06,1,"PGD",0.9,TRUE,10,1,TRUE,0.0686662177781805,2,2,11.9399710308617,11.9399710308617,20,1793.42807738444,1793.42807738444,1801.3680484153,1801.3680484153,1807.35951296241,1807.35951296241
1597,-903.950748451096,1071.64558084737,2.13050811301664,"gaussian","adaptive_sparse_group_lasso",1,6.89047740414378,0.5,TRUE,"identity",NA,NA,"independent","epa",0.0555555555555555,1000,50,1e-06,1,"PGD",0.9,TRUE,10,1,TRUE,0,0,0,0,0,20,1807.90149690219,1807.90149690219,1807.90149690219,1807.90149690219,1807.90149690219,1807.90149690219
1598,-868.572773584289,931.021881264135,1.85093813372591,"gaussian","adaptive_sparse_group_lasso",1,0.247683592092913,0.5,TRUE,"identity",NA,NA,"independent","epa",0.0555555555555555,1000,50,1e-06,1,"PGD",0.9,TRUE,10,1,TRUE,0.0691436570332062,2,2,13.1778453868633,13.1778453868633,20,1741.14554716858,1741.14554716858,1750.32339255544,1750.32339255544,1756.31485710255,1756.31485710255
1599,-929.610320049767,1186.75361279288,2.35935111887253,"gaussian","adaptive_sparse_group_lasso",1,4.07905549469343,0.5,TRUE,"identity",NA,NA,"independent","epa",0.0555555555555555,1000,50,1e-06,1,"PGD",0.9,TRUE,10,1,TRUE,0,0,0,0,0,20,1859.22064009953,1859.22064009953,1859.22064009953,1859.22064009953,1859.22064009953,1859.22064009953
1600,-873.411837779493,949.108945065531,1.88689651106467,"gaussian","adaptive_sparse_group_lasso",1,3.45357365454387,0.5,TRUE,"identity",NA,NA,"independent","epa",0.0555555555555555,1000,50,1e-06,1,"PGD",0.9,TRUE,10,1,TRUE,0,0,0,0,0,20,1746.82367555899,1746.82367555899,1746.82367555899,1746.82367555899,1746.82367555899,1746.82367555899
1601,-1379.0188547896,1688.13305391506,2.22708846162937,"gaussian","adaptive_sparse_group_lasso",1,0.132440868443513,0.5,TRUE,"identity",NA,NA,"independent","epa",0.0555555555555555,1000,50,1e-06,1,"PGD",0.9,TRUE,10,1,TRUE,0.0270393793930816,3,3,21.6135292784439,21.6135292784439,20,2764.03770957921,2764.03770957921,2779.65123885765,2779.65123885765,2788.63843567832,2788.63843567832
1602,-1385.77569382728,1718.49909006912,2.26714919534185,"gaussian","adaptive_sparse_group_lasso",1,6.40828074549146,0.5,TRUE,"identity",NA,NA,"independent","epa",0.0555555555555555,1000,50,1e-06,1,"PGD",0.9,TRUE,10,1,TRUE,0,0,0,0,0,20,2771.55138765455,2771.55138765455,2771.55138765455,2771.55138765455,2771.55138765455,2771.55138765455
1603,-1369.90260658328,1648.01212873627,2.17415848118241,"gaussian","adaptive_sparse_group_lasso",1,0.274310859891692,0.5,TRUE,"identity",NA,NA,"independent","epa",0.0555555555555555,1000,50,1e-06,1,"PGD",0.9,TRUE,10,1,TRUE,0.215067912946657,5,5,31.9343965968132,31.9343965968132,20,2749.80521316657,2749.80521316657,2771.73960976338,2771.73960976338,2786.71827113115,2786.71827113115
1604,-1276.81686843047,1289.12150607005,1.70068800273094,"gaussian","adaptive_sparse_group_lasso",1,0.223309573292737,0.5,TRUE,"identity",NA,NA,"independent","epa",0.0555555555555555,1000,50,1e-06,1,"PGD",0.9,TRUE,10,1,TRUE,0.0444871737229523,2,2,15.2266499590813,15.2266499590813,20,2557.63373686095,2557.63373686095,2568.86038682003,2568.86038682003,2574.85185136714,2574.85185136714
1605,-1360.98391701003,1609.68358506783,2.12359312014225,"gaussian","adaptive_sparse_group_lasso",1,6.41899288245324,0.5,TRUE,"identity",NA,NA,"independent","epa",0.0555555555555555,1000,50,1e-06,1,"PGD",0.9,TRUE,10,1,TRUE,0,0,0,0,0,20,2721.96783402006,2721.96783402006,2721.96783402006,2721.96783402006,2721.96783402006,2721.96783402006
1606,-1348.87150064475,1559.05325067767,2.05679848374363,"gaussian","adaptive_sparse_group_lasso",1,0.173238957230307,0.5,TRUE,"identity",NA,NA,"independent","epa",0.0555555555555555,1000,50,1e-06,1,"PGD",0.9,TRUE,10,1,TRUE,0.0119195019215842,1,1,7.61332497954064,7.61332497954064,20,2699.74300128951,2699.74300128951,2705.35632626905,2705.35632626905,2708.3520585426,2708.3520585426
1607,-1310.31050204313,1408.23153516115,1.85782524427593,"gaussian","adaptive_sparse_group_lasso",1,3.48776683017211,0.5,TRUE,"identity",NA,NA,"independent","epa",0.0555555555555555,1000,50,1e-06,1,"PGD",0.9,TRUE,10,1,TRUE,0,0,0,0,0,20,2620.62100408627,2620.62100408627,2620.62100408627,2620.62100408627,2620.62100408627,2620.62100408627
1608,-1274.44459560762,1281.07771470586,1.6900761407729,"gaussian","adaptive_sparse_group_lasso",1,0.139656181831777,0.5,TRUE,"identity",NA,NA,"independent","epa",0.0555555555555555,1000,50,1e-06,1,"PGD",0.9,TRUE,10,1,TRUE,0.0276396227978591,3,3,20.3870836182659,20.3870836182659,20,2554.88919121524,2554.88919121524,2569.27627483351,2569.27627483351,2578.26347165417,2578.26347165417
1609,-1361.92307396373,1613.67730570874,2.12886188088225,"gaussian","adaptive_sparse_group_lasso",1,0.238948495974785,0.5,TRUE,"identity",NA,NA,"independent","epa",0.0555555555555555,1000,50,1e-06,1,"PGD",0.9,TRUE,10,1,TRUE,0.0937738045309874,2,2,12.7737586387253,12.7737586387253,20,2727.84614792746,2727.84614792746,2736.61990656618,2736.61990656618,2742.61137111329,2742.61137111329
1610,-1365.710172001,1629.88255236576,2.15024083425562,"gaussian","adaptive_sparse_group_lasso",1,0.371183267357855,0.5,TRUE,"identity",NA,NA,"independent","epa",0.0555555555555555,1000,50,1e-06,1,"PGD",0.9,TRUE,10,1,TRUE,0.0265363984996136,1,1,7.61332497954064,7.61332497954064,20,2733.420344002,2733.420344002,2739.03366898154,2739.03366898154,2742.0294012551,2742.0294012551
1611,-1299.183234537,1367.48753750638,1.80407326847808,"gaussian","adaptive_sparse_group_lasso",1,4.5756259080089,0.5,TRUE,"identity",NA,NA,"independent","epa",0.0555555555555555,1000,50,1e-06,1,"PGD",0.9,TRUE,10,1,TRUE,0,0,0,0,0,20,2598.36646907399,2598.36646907399,2598.36646907399,2598.36646907399,2598.36646907399,2598.36646907399
1612,-1352.44635114263,1573.82831690198,2.07629065554351,"gaussian","adaptive_sparse_group_lasso",1,0.256755812541795,0.5,TRUE,"identity",NA,NA,"independent","epa",0.0555555555555555,1000,50,1e-06,1,"PGD",0.9,TRUE,10,1,TRUE,0.0381949039927769,1,1,6.38687931936265,6.38687931936265,20,2706.89270228527,2706.89270228527,2711.27958160463,2711.27958160463,2714.27531387819,2714.27531387819
1613,-1300.18199956333,1371.09598058903,1.80883374747893,"gaussian","adaptive_sparse_group_lasso",1,0.146668257656325,0.5,TRUE,"identity",NA,NA,"independent","epa",0.0555555555555555,1000,50,1e-06,1,"PGD",0.9,TRUE,10,1,TRUE,0.0324791834694909,3,3,21.6135292784439,21.6135292784439,20,2606.36399912665,2606.36399912665,2621.97752840509,2621.97752840509,2630.96472522576,2630.96472522576
1614,-1373.10808187886,1662.00966149167,2.19262488323439,"gaussian","adaptive_sparse_group_lasso",1,0.11915411362271,0.5,TRUE,"identity",NA,NA,"independent","epa",0.0555555555555555,1000,50,1e-06,1,"PGD",0.9,TRUE,10,1,TRUE,0.0229023100686257,3,3,21.6135292784439,21.6135292784439,20,2752.21616375771,2752.21616375771,2767.82969303616,2767.82969303616,2776.81688985682,2776.81688985682
1615,-1364.7836822333,1625.90306613987,2.14499085242727,"gaussian","adaptive_sparse_group_lasso",1,0.264594375250304,0.5,TRUE,"identity",NA,NA,"independent","epa",0.0555555555555555,1000,50,1e-06,1,"PGD",0.9,TRUE,10,1,TRUE,0.0308908702467443,1,1,7.61332497954064,7.61332497954064,20,2731.56736446659,2731.56736446659,2737.18068944613,2737.18068944613,2740.17642171969,2740.17642171969
1616,-1370.35759559861,1649.99175321987,2.17677012298136,"gaussian","adaptive_sparse_group_lasso",1,0.286630442300379,0.5,TRUE,"identity",NA,NA,"independent","epa",0.0555555555555555,1000,50,1e-06,1,"PGD",0.9,TRUE,10,1,TRUE,0.150717782290646,3,3,20.3870836182659,20.3870836182659,20,2746.71519119721,2746.71519119721,2761.10227481548,2761.10227481548,2770.08947163614,2770.08947163614
1617,-1395.19084157289,1761.72486542546,2.32417528420245,"gaussian","adaptive_sparse_group_lasso",1,5.28492662049664,0.5,TRUE,"identity",NA,NA,"independent","epa",0.0555555555555555,1000,50,1e-06,1,"PGD",0.9,TRUE,10,1,TRUE,0,0,0,0,0,20,2790.38168314577,2790.38168314577,2790.38168314577,2790.38168314577,2790.38168314577,2790.38168314577
1618,-1368.21245408928,1640.67917280805,2.16448439684439,"gaussian","adaptive_sparse_group_lasso",1,0.307348220713468,0.5,TRUE,"identity",NA,NA,"independent","epa",0.0555555555555555,1000,50,1e-06,1,"PGD",0.9,TRUE,10,1,TRUE,0.0832725144363646,1,1,6.38687931936265,6.38687931936265,20,2738.42490817857,2738.42490817857,2742.81178749793,2742.81178749793,2745.80751977148,2745.80751977148
1619,-1338.04479345056,1515.14665565734,1.99887421590679,"gaussian","adaptive_sparse_group_lasso",1,0.279798631944095,0.5,TRUE,"identity",NA,NA,"independent","epa",0.0555555555555555,1000,50,1e-06,1,"PGD",0.9,TRUE,10,1,TRUE,0.046066784140049,1,1,6.38687931936265,6.38687931936265,20,2678.08958690113,2678.08958690113,2682.47646622049,2682.47646622049,2685.47219849404,2685.47219849404
1620,-1312.29419249246,1415.62155841181,1.86757461531901,"gaussian","adaptive_sparse_group_lasso",1,0.184691270463403,0.5,TRUE,"identity",NA,NA,"independent","epa",0.0555555555555555,1000,50,1e-06,1,"PGD",0.9,TRUE,10,1,TRUE,0.0306114046350076,2,2,14.0002042989033,14.0002042989033,20,2628.58838498491,2628.58838498491,2638.58858928382,2638.58858928382,2644.58005383093,2644.58005383093
1621,-1380.39049867266,1694.25366736158,2.23516314955353,"gaussian","adaptive_sparse_group_lasso",1,0.233515696503391,0.5,TRUE,"identity",NA,NA,"independent","epa",0.0555555555555555,1000,50,1e-06,1,"PGD",0.9,TRUE,10,1,TRUE,0.0997054795199039,4,4,29.2268542579846,29.2268542579846,20,2768.78099734533,2768.78099734533,2790.00785160331,2790.00785160331,2801.99078069753,2801.99078069753
1622,-1287.06354428114,1324.44971981905,1.74729514488002,"gaussian","adaptive_sparse_group_lasso",1,0.190823973933902,0.5,TRUE,"identity",NA,NA,"independent","epa",0.0555555555555555,1000,50,1e-06,1,"PGD",0.9,TRUE,10,1,TRUE,0.0500062960446456,2,2,14.0002042989033,14.0002042989033,20,2578.12708856228,2578.12708856228,2588.12729286118,2588.12729286118,2594.11875740829,2594.11875740829
1623,-1359.14042780724,1601.87295428735,2.11328885789887,"gaussian","adaptive_sparse_group_lasso",1,6.20020415084218,0.5,TRUE,"identity",NA,NA,"independent","epa",0.0555555555555555,1000,50,1e-06,1,"PGD",0.9,TRUE,10,1,TRUE,0,0,0,0,0,20,2718.28085561448,2718.28085561448,2718.28085561448,2718.28085561448,2718.28085561448,2718.28085561448
1624,-1374.57949431347,1668.47471422043,2.20115397654411,"gaussian","adaptive_sparse_group_lasso",1,4.78130315409126,0.5,TRUE,"identity",NA,NA,"independent","epa",0.0555555555555555,1000,50,1e-06,1,"PGD",0.9,TRUE,10,1,TRUE,0,0,0,0,0,20,2749.15898862695,2749.15898862695,2749.15898862695,2749.15898862695,2749.15898862695,2749.15898862695
1625,-1370.38392982685,1650.10640432552,2.17692137773816,"gaussian","adaptive_sparse_group_lasso",1,5.4266238477062,0.5,TRUE,"identity",NA,NA,"independent","epa",0.0555555555555555,1000,50,1e-06,1,"PGD",0.9,TRUE,10,1,TRUE,0,0,0,0,0,20,2740.76785965371,2740.76785965371,2740.76785965371,2740.76785965371,2740.76785965371,2740.76785965371
1626,-1352.38073188557,1573.55585118921,2.07593120209658,"gaussian","adaptive_sparse_group_lasso",1,4.37791652767309,0.5,TRUE,"identity",NA,NA,"independent","epa",0.0555555555555555,1000,50,1e-06,1,"PGD",0.9,TRUE,10,1,TRUE,0,0,0,0,0,20,2704.76146377115,2704.76146377115,2704.76146377115,2704.76146377115,2704.76146377115,2704.76146377115
1627,-1364.30008088097,1623.82974823685,2.1422556045341,"gaussian","adaptive_sparse_group_lasso",1,5.44394516849572,0.5,TRUE,"identity",NA,NA,"independent","epa",0.0555555555555555,1000,50,1e-06,1,"PGD",0.9,TRUE,10,1,TRUE,0,0,0,0,0,20,2728.60016176194,2728.60016176194,2728.60016176194,2728.60016176194,2728.60016176194,2728.60016176194
1628,-1307.17124074746,1396.61531246033,1.84250041221679,"gaussian","adaptive_sparse_group_lasso",1,3.19840017144345,0.5,TRUE,"identity",NA,NA,"independent","epa",0.0555555555555555,1000,50,1e-06,1,"PGD",0.9,TRUE,10,1,TRUE,0,0,0,0,0,20,2614.34248149491,2614.34248149491,2614.34248149491,2614.34248149491,2614.34248149491,2614.34248149491
1629,-1424.17510318853,1901.73949423169,2.50889115333997,"gaussian","adaptive_sparse_group_lasso",1,5.94531625419284,0.5,TRUE,"identity",NA,NA,"independent","epa",0.0555555555555555,1000,50,1e-06,1,"PGD",0.9,TRUE,10,1,TRUE,0,0,0,0,0,20,2848.35020637707,2848.35020637707,2848.35020637707,2848.35020637707,2848.35020637707,2848.35020637707
1630,-1337.93304038389,1514.69996087042,1.99828490880002,"gaussian","adaptive_sparse_group_lasso",1,5.31619822968061,0.5,TRUE,"identity",NA,NA,"independent","epa",0.0555555555555555,1000,50,1e-06,1,"PGD",0.9,TRUE,10,1,TRUE,0,0,0,0,0,20,2675.86608076778,2675.86608076778,2675.86608076778,2675.86608076778,2675.86608076778,2675.86608076778
1631,-1369.58651777071,1646.63824738421,2.17234597280239,"gaussian","adaptive_sparse_group_lasso",1,0.13226998055358,0.5,TRUE,"identity",NA,NA,"independent","epa",0.0555555555555555,1000,50,1e-06,1,"PGD",0.9,TRUE,10,1,TRUE,0.0365630145909158,4,4,28.0004085978066,28.0004085978066,20,2747.17303554143,2747.17303554143,2767.17344413923,2767.17344413923,2779.15637323345,2779.15637323345
1632,-1325.49264996621,1465.78820927657,1.93375753202714,"gaussian","adaptive_sparse_group_lasso",1,0.293613097808431,0.5,TRUE,"identity",NA,NA,"independent","epa",0.0555555555555555,1000,50,1e-06,1,"PGD",0.9,TRUE,10,1,TRUE,0.056341135664896,1,1,6.38687931936265,6.38687931936265,20,2652.98529993242,2652.98529993242,2657.37217925178,2657.37217925178,2660.36791152533,2660.36791152533
1633,-1350.3600035213,1565.18839143444,2.06489233698475,"gaussian","adaptive_sparse_group_lasso",1,5.44184814977709,0.5,TRUE,"identity",NA,NA,"independent","epa",0.0555555555555555,1000,50,1e-06,1,"PGD",0.9,TRUE,10,1,TRUE,0,0,0,0,0,20,2700.7200070426,2700.7200070426,2700.7200070426,2700.7200070426,2700.7200070426,2700.7200070426
1634,-1278.71161111843,1295.5823749078,1.70921157639551,"gaussian","adaptive_sparse_group_lasso",1,0.407686383003399,0.5,TRUE,"identity",NA,NA,"independent","epa",0.0555555555555555,1000,50,1e-06,1,"PGD",0.9,TRUE,10,1,TRUE,0.108652118482791,1,1,6.38687931936265,6.38687931936265,20,2559.42322223686,2559.42322223686,2563.81010155623,2563.81010155623,2566.80583382978,2566.80583382978
1635,-1345.148262156,1543.81233292507,2.03669173209112,"gaussian","adaptive_sparse_group_lasso",1,0.217338295474124,0.5,TRUE,"identity",NA,NA,"independent","epa",0.0555555555555555,1000,50,1e-06,1,"PGD",0.9,TRUE,10,1,TRUE,0.106524964315469,4,4,26.7739629376286,26.7739629376286,20,2698.296524312,2698.296524312,2717.07048724962,2717.07048724962,2729.05341634384,2729.05341634384
1636,-1326.64289492344,1470.24355642769,1.93963529871726,"gaussian","adaptive_sparse_group_lasso",1,0.15551391097749,0.5,TRUE,"identity",NA,NA,"independent","epa",0.0555555555555555,1000,50,1e-06,1,"PGD",0.9,TRUE,10,1,TRUE,0.0611750755520785,4,4,26.7739629376286,26.7739629376286,20,2661.28578984687,2661.28578984687,2680.0597527845,2680.0597527845,2692.04268187872,2692.04268187872
1637,-1366.1189362562,1631.64138386098,2.15256119242873,"gaussian","adaptive_sparse_group_lasso",1,0.374624996148962,0.5,TRUE,"identity",NA,NA,"independent","epa",0.0555555555555555,1000,50,1e-06,1,"PGD",0.9,TRUE,10,1,TRUE,0.29158602588676,3,3,19.1606379580879,19.1606379580879,20,2738.2378725124,2738.2378725124,2751.39851047049,2751.39851047049,2760.38570729115,2760.38570729115
1638,-1292.60206326241,1343.94668702865,1.77301673750481,"gaussian","adaptive_sparse_group_lasso",1,0.194121128822836,0.5,TRUE,"identity",NA,NA,"independent","epa",0.0555555555555555,1000,50,1e-06,1,"PGD",0.9,TRUE,10,1,TRUE,0.0734786359155635,3,3,19.1606379580879,19.1606379580879,20,2591.20412652481,2591.20412652481,2604.3647644829,2604.3647644829,2613.35196130356,2613.35196130356
1639,-1329.55608225553,1481.5881426729,1.95460177133628,"gaussian","adaptive_sparse_group_lasso",1,0.27188524281728,0.5,TRUE,"identity",NA,NA,"independent","epa",0.0555555555555555,1000,50,1e-06,1,"PGD",0.9,TRUE,10,1,TRUE,0.150961001349818,3,3,19.1606379580879,19.1606379580879,20,2665.11216451106,2665.11216451106,2678.27280246915,2678.27280246915,2687.25999928981,2687.25999928981
1640,-1343.94485081154,1538.91815123684,2.03023502801693,"gaussian","adaptive_sparse_group_lasso",1,4.53768058885668,0.5,TRUE,"identity",NA,NA,"independent","epa",0.0555555555555555,1000,50,1e-06,1,"PGD",0.9,TRUE,10,1,TRUE,0,0,0,0,0,20,2687.88970162308,2687.88970162308,2687.88970162308,2687.88970162308,2687.88970162308,2687.88970162308
1641,-1342.99299246486,1535.05800832527,2.02514249119429,"gaussian","adaptive_sparse_group_lasso",1,0.363531163834442,0.5,TRUE,"identity",NA,NA,"independent","epa",0.0555555555555555,1000,50,1e-06,1,"PGD",0.9,TRUE,10,1,TRUE,0.179402942309091,2,2,12.7737586387253,12.7737586387253,20,2689.98598492972,2689.98598492972,2698.75974356845,2698.75974356845,2704.75120811556,2704.75120811556
1642,-1348.95388162782,1559.39216967286,2.05724560642858,"gaussian","adaptive_sparse_group_lasso",1,0.447074662686406,0.5,TRUE,"identity",NA,NA,"independent","epa",0.0555555555555555,1000,50,1e-06,1,"PGD",0.9,TRUE,10,1,TRUE,0.241311231777081,2,2,12.7737586387253,12.7737586387253,20,2701.90776325564,2701.90776325564,2710.68152189436,2710.68152189436,2716.67298644147,2716.67298644147
1643,-1373.83081457996,1665.18204872532,2.19681009066664,"gaussian","adaptive_sparse_group_lasso",1,4.36471567350304,0.5,TRUE,"identity",NA,NA,"independent","epa",0.0555555555555555,1000,50,1e-06,1,"PGD",0.9,TRUE,10,1,TRUE,0,0,0,0,0,20,2747.66162915992,2747.66162915992,2747.66162915992,2747.66162915992,2747.66162915992,2747.66162915992
1644,-1357.45603202252,1594.76952124205,2.10391757419795,"gaussian","adaptive_sparse_group_lasso",1,3.92377561073261,0.5,TRUE,"identity",NA,NA,"independent","epa",0.0555555555555555,1000,50,1e-06,1,"PGD",0.9,TRUE,10,1,TRUE,0,0,0,0,0,20,2714.91206404504,2714.91206404504,2714.91206404504,2714.91206404504,2714.91206404504,2714.91206404504
1645,-1335.6769877173,1505.71027163806,1.98642516047237,"gaussian","adaptive_sparse_group_lasso",1,5.31920446526085,0.5,TRUE,"identity",NA,NA,"independent","epa",0.0555555555555555,1000,50,1e-06,1,"PGD",0.9,TRUE,10,1,TRUE,0,0,0,0,0,20,2671.35397543459,2671.35397543459,2671.35397543459,2671.35397543459,2671.35397543459,2671.35397543459
1646,-1322.52947423338,1454.3727659254,1.91869758037651,"gaussian","adaptive_sparse_group_lasso",1,3.77622991686794,0.5,TRUE,"identity",NA,NA,"independent","epa",0.0555555555555555,1000,50,1e-06,1,"PGD",0.9,TRUE,10,1,TRUE,0,0,0,0,0,20,2645.05894846676,2645.05894846676,2645.05894846676,2645.05894846676,2645.05894846676,2645.05894846676
1647,-1359.53955513306,1603.5607855254,2.11551554818654,"gaussian","adaptive_sparse_group_lasso",1,5.61463875137202,0.5,TRUE,"identity",NA,NA,"independent","epa",0.0555555555555555,1000,50,1e-06,1,"PGD",0.9,TRUE,10,1,TRUE,0,0,0,0,0,20,2719.07911026613,2719.07911026613,2719.07911026613,2719.07911026613,2719.07911026613,2719.07911026613
1648,-1353.09918753829,1576.54160930182,2.0798701969681,"gaussian","adaptive_sparse_group_lasso",1,3.02799023989397,0.5,TRUE,"identity",NA,NA,"independent","epa",0.0555555555555555,1000,50,1e-06,1,"PGD",0.9,TRUE,10,1,TRUE,0,0,0,0,0,20,2706.19837507658,2706.19837507658,2706.19837507658,2706.19837507658,2706.19837507658,2706.19837507658
1649,-1386.71393536922,1722.75862740176,2.27276863773319,"gaussian","adaptive_sparse_group_lasso",1,5.9139847279334,0.5,TRUE,"identity",NA,NA,"independent","epa",0.0555555555555555,1000,50,1e-06,1,"PGD",0.9,TRUE,10,1,TRUE,0,0,0,0,0,20,2773.42787073844,2773.42787073844,2773.42787073844,2773.42787073844,2773.42787073844,2773.42787073844
1650,-1395.67796201033,1763.9906277433,2.32716441654788,"gaussian","adaptive_sparse_group_lasso",1,5.18874874515736,0.5,TRUE,"identity",NA,NA,"independent","epa",0.0555555555555555,1000,50,1e-06,1,"PGD",0.9,TRUE,10,1,TRUE,0,0,0,0,0,20,2791.35592402067,2791.35592402067,2791.35592402067,2791.35592402067,2791.35592402067,2791.35592402067
1651,-1348.24854963727,1556.49278615848,2.05342056221435,"gaussian","adaptive_sparse_group_lasso",1,0.166172786180031,0.5,TRUE,"identity",NA,NA,"independent","epa",0.0555555555555555,1000,50,1e-06,1,"PGD",0.9,TRUE,10,1,TRUE,0.0576935201637996,3,3,20.3870836182659,20.3870836182659,20,2702.49709927454,2702.49709927454,2716.88418289281,2716.88418289281,2725.87137971347,2725.87137971347
1652,-1343.08498400784,1535.43064551205,2.02563409698159,"gaussian","adaptive_sparse_group_lasso",1,2.70997288191726,0.5,TRUE,"identity",NA,NA,"independent","epa",0.0555555555555555,1000,50,1e-06,1,"PGD",0.9,TRUE,10,1,TRUE,0,0,0,0,0,20,2686.16996801568,2686.16996801568,2686.16996801568,2686.16996801568,2686.16996801568,2686.16996801568
1653,-1339.81094265581,1522.22375278815,2.00821075565718,"gaussian","adaptive_sparse_group_lasso",1,0.136592958525294,0.5,TRUE,"identity",NA,NA,"independent","epa",0.0555555555555555,1000,50,1e-06,1,"PGD",0.9,TRUE,10,1,TRUE,0.041579972734755,4,4,28.0004085978066,28.0004085978066,20,2687.62188531162,2687.62188531162,2707.62229390943,2707.62229390943,2719.60522300364,2719.60522300364
1654,-1333.74762446109,1498.06467730969,1.97633862441912,"gaussian","adaptive_sparse_group_lasso",1,4.14711728074889,0.5,TRUE,"identity",NA,NA,"independent","epa",0.0555555555555555,1000,50,1e-06,1,"PGD",0.9,TRUE,10,1,TRUE,0,0,0,0,0,20,2667.49524892218,2667.49524892218,2667.49524892218,2667.49524892218,2667.49524892218,2667.49524892218
1655,-1342.56641582455,1533.33122332339,2.02286441071687,"gaussian","adaptive_sparse_group_lasso",1,0.0694627788346141,0.5,TRUE,"identity",NA,NA,"independent","epa",0.0555555555555555,1000,50,1e-06,1,"PGD",0.9,TRUE,10,1,TRUE,0.0155906899541146,4,4,26.7739629376286,26.7739629376286,20,2693.1328316491,2693.1328316491,2711.90679458673,2711.90679458673,2723.88972368094,2723.88972368094
1656,-1394.41055479339,1758.10155005871,2.31939518477403,"gaussian","adaptive_sparse_group_lasso",1,6.05171862961568,0.5,TRUE,"identity",NA,NA,"independent","epa",0.0555555555555555,1000,50,1e-06,1,"PGD",0.9,TRUE,10,1,TRUE,0,0,0,0,0,20,2788.82110958679,2788.82110958679,2788.82110958679,2788.82110958679,2788.82110958679,2788.82110958679
1657,-1352.58889500319,1574.42035320031,2.07707170606901,"gaussian","adaptive_sparse_group_lasso",1,0.203438658750984,0.5,TRUE,"identity",NA,NA,"independent","epa",0.0555555555555555,1000,50,1e-06,1,"PGD",0.9,TRUE,10,1,TRUE,0.0714798155040283,3,3,21.6135292784439,21.6135292784439,20,2711.17779000638,2711.17779000638,2726.79131928482,2726.79131928482,2735.77851610549,2735.77851610549
1658,-1346.7959761619,1550.53871489069,2.04556558692703,"gaussian","adaptive_sparse_group_lasso",1,5.0740476858217,0.5,TRUE,"identity",NA,NA,"independent","epa",0.0555555555555555,1000,50,1e-06,1,"PGD",0.9,TRUE,10,1,TRUE,0,0,0,0,0,20,2693.5919523238,2693.5919523238,2693.5919523238,2693.5919523238,2693.5919523238,2693.5919523238
1659,-1281.53795379451,1305.28012505501,1.72200544202508,"gaussian","adaptive_sparse_group_lasso",1,2.35738319547338,0.5,TRUE,"identity",NA,NA,"independent","epa",0.0555555555555555,1000,50,1e-06,1,"PGD",0.9,TRUE,10,1,TRUE,0,0,0,0,0,20,2563.07590758902,2563.07590758902,2563.07590758902,2563.07590758902,2563.07590758902,2563.07590758902
1660,-1343.39483166107,1536.68643471355,2.02729081096774,"gaussian","adaptive_sparse_group_lasso",1,0.180526323015787,0.5,TRUE,"identity",NA,NA,"independent","epa",0.0555555555555555,1000,50,1e-06,1,"PGD",0.9,TRUE,10,1,TRUE,0.0667839085649128,4,4,28.0004085978066,28.0004085978066,20,2694.78966332214,2694.78966332214,2714.79007191995,2714.79007191995,2726.77300101416,2726.77300101416
1661,-1334.46073193405,1500.88601440518,1.98006070502002,"gaussian","adaptive_sparse_group_lasso",1,4.55393102516866,0.5,TRUE,"identity",NA,NA,"independent","epa",0.0555555555555555,1000,50,1e-06,1,"PGD",0.9,TRUE,10,1,TRUE,0,0,0,0,0,20,2668.9214638681,2668.9214638681,2668.9214638681,2668.9214638681,2668.9214638681,2668.9214638681
1662,-1359.05133665873,1601.49644787862,2.11279214759712,"gaussian","adaptive_sparse_group_lasso",1,0.171629473234548,0.5,TRUE,"identity",NA,NA,"independent","epa",0.0555555555555555,1000,50,1e-06,1,"PGD",0.9,TRUE,10,1,TRUE,0.0846950746684254,4,4,25.5475172774506,25.5475172774506,20,2726.10267331746,2726.10267331746,2743.65019059491,2743.65019059491,2755.63311968913,2755.63311968913
1663,-1316.06890175516,1429.79110558278,1.88626794931765,"gaussian","adaptive_sparse_group_lasso",1,6.19679968062502,0.5,TRUE,"identity",NA,NA,"independent","epa",0.0555555555555555,1000,50,1e-06,1,"PGD",0.9,TRUE,10,1,TRUE,0,0,0,0,0,20,2632.13780351033,2632.13780351033,2632.13780351033,2632.13780351033,2632.13780351033,2632.13780351033
1664,-1326.51304297634,1469.73991187087,1.93897085998795,"gaussian","adaptive_sparse_group_lasso",1,0.299686043671923,0.5,TRUE,"identity",NA,NA,"independent","epa",0.0555555555555555,1000,50,1e-06,1,"PGD",0.9,TRUE,10,1,TRUE,0.0282600540523249,1,1,7.61332497954064,7.61332497954064,20,2655.02608595267,2655.02608595267,2660.63941093221,2660.63941093221,2663.63514320577,2663.63514320577
1665,-1304.32293022059,1386.15862776125,1.82870531366919,"gaussian","adaptive_sparse_group_lasso",1,0.205532018635882,0.5,TRUE,"identity",NA,NA,"independent","epa",0.0555555555555555,1000,50,1e-06,1,"PGD",0.9,TRUE,10,1,TRUE,0.0635147827050857,3,3,20.3870836182659,20.3870836182659,20,2614.64586044118,2614.64586044118,2629.03294405944,2629.03294405944,2638.0201408801,2638.0201408801
1666,-1330.35033690849,1484.69630145852,1.95870224466823,"gaussian","adaptive_sparse_group_lasso",1,4.43165473699179,0.5,TRUE,"identity",NA,NA,"independent","epa",0.0555555555555555,1000,50,1e-06,1,"PGD",0.9,TRUE,10,1,TRUE,0,0,0,0,0,20,2660.70067381697,2660.70067381697,2660.70067381697,2660.70067381697,2660.70067381697,2660.70067381697
1667,-1364.34957473315,1624.0418190482,2.14253538133008,"gaussian","adaptive_sparse_group_lasso",1,4.56116423432837,0.5,TRUE,"identity",NA,NA,"independent","epa",0.0555555555555555,1000,50,1e-06,1,"PGD",0.9,TRUE,10,1,TRUE,0,0,0,0,0,20,2728.69914946629,2728.69914946629,2728.69914946629,2728.69914946629,2728.69914946629,2728.69914946629
1668,-1293.54678639097,1347.30088559078,1.77744180157095,"gaussian","adaptive_sparse_group_lasso",1,0.256038150221191,0.5,TRUE,"identity",NA,NA,"independent","epa",0.0555555555555555,1000,50,1e-06,1,"PGD",0.9,TRUE,10,1,TRUE,0.101102788377888,3,3,19.1606379580879,19.1606379580879,20,2593.09357278195,2593.09357278195,2606.25421074004,2606.25421074004,2615.2414075607,2615.2414075607
1669,-1335.66225613088,1505.65174638769,1.98634795037953,"gaussian","adaptive_sparse_group_lasso",1,2.03620566722452,0.5,TRUE,"identity",NA,NA,"independent","epa",0.0555555555555555,1000,50,1e-06,1,"PGD",0.9,TRUE,10,1,TRUE,0,0,0,0,0,20,2671.32451226177,2671.32451226177,2671.32451226177,2671.32451226177,2671.32451226177,2671.32451226177
1670,-1336.5291619878,1509.09964150093,1.99089662467141,"gaussian","adaptive_sparse_group_lasso",1,0.191688905622951,0.5,TRUE,"identity",NA,NA,"independent","epa",0.0555555555555555,1000,50,1e-06,1,"PGD",0.9,TRUE,10,1,TRUE,0.0460168488144362,3,3,20.3870836182659,20.3870836182659,20,2679.05832397561,2679.05832397561,2693.44540759387,2693.44540759387,2702.43260441454,2702.43260441454
1671,-1318.24372934452,1438.01930622946,1.89712309528952,"gaussian","adaptive_sparse_group_lasso",1,0.129645235176213,0.5,TRUE,"identity",NA,NA,"independent","epa",0.0555555555555555,1000,50,1e-06,1,"PGD",0.9,TRUE,10,1,TRUE,0.0458572364021288,7,7,48.3874922160725,48.3874922160725,20,2650.48745868905,2650.48745868905,2684.87495090512,2684.87495090512,2705.84507682,2705.84507682
1672,-1395.14043678048,1761.49058185954,2.32386620298093,"gaussian","adaptive_sparse_group_lasso",1,0.168342925068952,0.5,TRUE,"identity",NA,NA,"independent","epa",0.0555555555555555,1000,50,1e-06,1,"PGD",0.9,TRUE,10,1,TRUE,0.0986961660625577,5,5,33.1608422569912,33.1608422569912,20,2800.28087356096,2800.28087356096,2823.44171581795,2823.44171581795,2838.42037718572,2838.42037718572
1673,-1339.1190655895,1519.44741777268,2.00454804455498,"gaussian","adaptive_sparse_group_lasso",1,0.174373498975827,0.5,TRUE,"identity",NA,NA,"independent","epa",0.0555555555555555,1000,50,1e-06,1,"PGD",0.9,TRUE,10,1,TRUE,0.0423670476829421,3,3,20.3870836182659,20.3870836182659,20,2684.238131179,2684.238131179,2698.62521479727,2698.62521479727,2707.61241161793,2707.61241161793
1674,-1321.29435204994,1449.64082867307,1.91245491909376,"gaussian","adaptive_sparse_group_lasso",1,0.235219136817392,0.5,TRUE,"identity",NA,NA,"independent","epa",0.0555555555555555,1000,50,1e-06,1,"PGD",0.9,TRUE,10,1,TRUE,0.126990389324033,5,5,33.1608422569912,33.1608422569912,20,2652.58870409988,2652.58870409988,2675.74954635687,2675.74954635687,2690.72820772464,2690.72820772464
1675,-1399.30819896462,1780.96812361435,2.34956216835667,"gaussian","adaptive_sparse_group_lasso",1,4.29644138965624,0.5,TRUE,"identity",NA,NA,"independent","epa",0.0555555555555555,1000,50,1e-06,1,"PGD",0.9,TRUE,10,1,TRUE,0,0,0,0,0,20,2798.61639792924,2798.61639792924,2798.61639792924,2798.61639792924,2798.61639792924,2798.61639792924
1676,-1345.04421721503,1543.38857615155,2.03613268621576,"gaussian","adaptive_sparse_group_lasso",1,5.44050711509498,0.5,TRUE,"identity",NA,NA,"independent","epa",0.0555555555555555,1000,50,1e-06,1,"PGD",0.9,TRUE,10,1,TRUE,0,0,0,0,0,20,2690.08843443006,2690.08843443006,2690.08843443006,2690.08843443006,2690.08843443006,2690.08843443006
1677,-1336.84885544617,1510.37313178603,1.9925766910106,"gaussian","adaptive_sparse_group_lasso",1,3.55149162094381,0.5,TRUE,"identity",NA,NA,"independent","epa",0.0555555555555555,1000,50,1e-06,1,"PGD",0.9,TRUE,10,1,TRUE,0,0,0,0,0,20,2673.69771089235,2673.69771089235,2673.69771089235,2673.69771089235,2673.69771089235,2673.69771089235
1678,-1351.15176800152,1568.46162609795,2.06921058851973,"gaussian","adaptive_sparse_group_lasso",1,0.294321099767754,0.5,TRUE,"identity",NA,NA,"independent","epa",0.0555555555555555,1000,50,1e-06,1,"PGD",0.9,TRUE,10,1,TRUE,0.0548030201306198,2,2,14.0002042989033,14.0002042989033,20,2706.30353600303,2706.30353600303,2716.30374030193,2716.30374030193,2722.29520484904,2722.29520484904
1679,-1338.56867130212,1517.24243564321,2.00163909715463,"gaussian","adaptive_sparse_group_lasso",1,0.173683424330791,0.5,TRUE,"identity",NA,NA,"independent","epa",0.0555555555555555,1000,50,1e-06,1,"PGD",0.9,TRUE,10,1,TRUE,0.0838145890909116,6,6,39.5477215763539,39.5477215763539,20,2689.13734260423,2689.13734260423,2716.68506418059,2716.68506418059,2734.65945782191,2734.65945782191
1680,-1277.87900636052,1292.73930356508,1.70546082264523,"gaussian","adaptive_sparse_group_lasso",1,0.126336028220223,0.5,TRUE,"identity",NA,NA,"independent","epa",0.0555555555555555,1000,50,1e-06,1,"PGD",0.9,TRUE,10,1,TRUE,0.0228822365940503,2,2,14.0002042989033,14.0002042989033,20,2559.75801272105,2559.75801272105,2569.75821701995,2569.75821701995,2575.74968156706,2575.74968156706
1681,-1323.69831662641,1458.86499956971,1.92462400998643,"gaussian","adaptive_sparse_group_lasso",1,0.291725611351987,0.5,TRUE,"identity",NA,NA,"independent","epa",0.0555555555555555,1000,50,1e-06,1,"PGD",0.9,TRUE,10,1,TRUE,0.117821624446723,2,2,14.0002042989033,14.0002042989033,20,2651.39663325282,2651.39663325282,2661.39683755172,2661.39683755172,2667.38830209883,2667.38830209883
1682,-1352.91762591103,1575.78654094077,2.07887406456566,"gaussian","adaptive_sparse_group_lasso",1,0.0820251094599385,0.5,TRUE,"identity",NA,NA,"independent","epa",0.0555555555555555,1000,50,1e-06,1,"PGD",0.9,TRUE,10,1,TRUE,0.0114573828094631,2,2,14.0002042989033,14.0002042989033,20,2709.83525182206,2709.83525182206,2719.83545612096,2719.83545612096,2725.82692066807,2725.82692066807
1683,-1302.24204233323,1378.56882115441,1.81869237619315,"gaussian","adaptive_sparse_group_lasso",1,0.194457294836644,0.5,TRUE,"identity",NA,NA,"independent","epa",0.0555555555555555,1000,50,1e-06,1,"PGD",0.9,TRUE,10,1,TRUE,0.0613542665735296,2,2,12.7737586387253,12.7737586387253,20,2608.48408466646,2608.48408466646,2617.25784330518,2617.25784330518,2623.24930785229,2623.24930785229
1684,-1322.73822743574,1455.17405510872,1.91975469011704,"gaussian","adaptive_sparse_group_lasso",1,0.124405824861612,0.5,TRUE,"identity",NA,NA,"independent","epa",0.0555555555555555,1000,50,1e-06,1,"PGD",0.9,TRUE,10,1,TRUE,0.0348745663557539,5,5,34.3872879171692,34.3872879171692,20,2655.47645487149,2655.47645487149,2679.86374278866,2679.86374278866,2694.84240415643,2694.84240415643
1685,-1396.728860367,1768.88864178009,2.33362617649088,"gaussian","adaptive_sparse_group_lasso",1,0.193256600657037,0.5,TRUE,"identity",NA,NA,"independent","epa",0.0555555555555555,1000,50,1e-06,1,"PGD",0.9,TRUE,10,1,TRUE,0.0679429756579699,3,3,20.3870836182659,20.3870836182659,20,2799.457720734,2799.457720734,2813.84480435227,2813.84480435227,2822.83200117293,2822.83200117293
1686,-1349.33093873165,1560.94433979185,2.05929332426365,"gaussian","adaptive_sparse_group_lasso",1,0.207582682185756,0.5,TRUE,"identity",NA,NA,"independent","epa",0.0555555555555555,1000,50,1e-06,1,"PGD",0.9,TRUE,10,1,TRUE,0.0636058655123274,3,3,20.3870836182659,20.3870836182659,20,2704.6618774633,2704.6618774633,2719.04896108156,2719.04896108156,2728.03615790223,2728.03615790223
1687,-1349.39087703353,1561.19122040312,2.05961902427852,"gaussian","adaptive_sparse_group_lasso",1,0.509578452471335,0.5,TRUE,"identity",NA,NA,"independent","epa",0.0555555555555555,1000,50,1e-06,1,"PGD",0.9,TRUE,10,1,TRUE,0.0911843752881075,1,1,6.38687931936265,6.38687931936265,20,2700.78175406707,2700.78175406707,2705.16863338643,2705.16863338643,2708.16436565998,2708.16436565998
1688,-1362.21550383426,1614.92287178405,2.13050510789452,"gaussian","adaptive_sparse_group_lasso",1,4.1141098628823,0.5,TRUE,"identity",NA,NA,"independent","epa",0.0555555555555555,1000,50,1e-06,1,"PGD",0.9,TRUE,10,1,TRUE,0,0,0,0,0,20,2724.43100766853,2724.43100766853,2724.43100766853,2724.43100766853,2724.43100766853,2724.43100766853
1689,-1400.93484961622,1788.62838426357,2.35966805311817,"gaussian","adaptive_sparse_group_lasso",1,6.18085940243203,0.5,TRUE,"identity",NA,NA,"independent","epa",0.0555555555555555,1000,50,1e-06,1,"PGD",0.9,TRUE,10,1,TRUE,0,0,0,0,0,20,2801.86969923243,2801.86969923243,2801.86969923243,2801.86969923243,2801.86969923243,2801.86969923243
1690,-1337.95925438855,1514.80473059344,1.99842312743199,"gaussian","adaptive_sparse_group_lasso",1,3.44934720784001,0.5,TRUE,"identity",NA,NA,"independent","epa",0.0555555555555555,1000,50,1e-06,1,"PGD",0.9,TRUE,10,1,TRUE,0,0,0,0,0,20,2675.91850877709,2675.91850877709,2675.91850877709,2675.91850877709,2675.91850877709,2675.91850877709
1691,-1307.58568795608,1398.14338610939,1.84451634051371,"gaussian","adaptive_sparse_group_lasso",1,2.62149701364447,0.5,TRUE,"identity",NA,NA,"independent","epa",0.0555555555555555,1000,50,1e-06,1,"PGD",0.9,TRUE,10,1,TRUE,0,0,0,0,0,20,2615.17137591217,2615.17137591217,2615.17137591217,2615.17137591217,2615.17137591217,2615.17137591217
1692,-1354.14106459408,1580.88150987122,2.08559565946071,"gaussian","adaptive_sparse_group_lasso",1,0.382855844577373,0.5,TRUE,"identity",NA,NA,"independent","epa",0.0555555555555555,1000,50,1e-06,1,"PGD",0.9,TRUE,10,1,TRUE,0.194013424723854,2,2,12.7737586387253,12.7737586387253,20,2712.28212918816,2712.28212918816,2721.05588782688,2721.05588782688,2727.04735237399,2727.04735237399
1693,-1321.58983379067,1450.77146037307,1.91394651764258,"gaussian","adaptive_sparse_group_lasso",1,0.16835032740722,0.5,TRUE,"identity",NA,NA,"independent","epa",0.0555555555555555,1000,50,1e-06,1,"PGD",0.9,TRUE,10,1,TRUE,0.0498126172026977,4,4,28.0004085978066,28.0004085978066,20,2651.17966758134,2651.17966758134,2671.18007617915,2671.18007617915,2683.16300527337,2683.16300527337
1694,-1361.47657313557,1611.77734791525,2.12635534025759,"gaussian","adaptive_sparse_group_lasso",1,0.20121154310989,0.5,TRUE,"identity",NA,NA,"independent","epa",0.0555555555555555,1000,50,1e-06,1,"PGD",0.9,TRUE,10,1,TRUE,0.054064507993517,2,2,14.0002042989033,14.0002042989033,20,2726.95314627113,2726.95314627113,2736.95335057004,2736.95335057004,2742.94481511715,2742.94481511715
1695,-1368.21942746745,1640.70936062225,2.16452422245679,"gaussian","adaptive_sparse_group_lasso",1,0.14069188242028,0.5,TRUE,"identity",NA,NA,"independent","epa",0.0555555555555555,1000,50,1e-06,1,"PGD",0.9,TRUE,10,1,TRUE,0.03876489039172,3,3,20.3870836182659,20.3870836182659,20,2742.4388549349,2742.4388549349,2756.82593855317,2756.82593855317,2765.81313537383,2765.81313537383
1696,-1332.56087392259,1493.38117193789,1.97015985743785,"gaussian","adaptive_sparse_group_lasso",1,3.07812259051061,0.5,TRUE,"identity",NA,NA,"independent","epa",0.0555555555555555,1000,50,1e-06,1,"PGD",0.9,TRUE,10,1,TRUE,0,0,0,0,0,20,2665.12174784517,2665.12174784517,2665.12174784517,2665.12174784517,2665.12174784517,2665.12174784517
1697,-1396.44415544109,1767.56035101343,2.33187381400189,"gaussian","adaptive_sparse_group_lasso",1,3.84038295006172,0.5,TRUE,"identity",NA,NA,"independent","epa",0.0555555555555555,1000,50,1e-06,1,"PGD",0.9,TRUE,10,1,TRUE,0,0,0,0,0,20,2792.88831088219,2792.88831088219,2792.88831088219,2792.88831088219,2792.88831088219,2792.88831088219
1698,-1355.27471815948,1585.61727499104,2.09184337070058,"gaussian","adaptive_sparse_group_lasso",1,0.230793891981799,0.5,TRUE,"identity",NA,NA,"independent","epa",0.0555555555555555,1000,50,1e-06,1,"PGD",0.9,TRUE,10,1,TRUE,0.0553569316950583,2,2,14.0002042989033,14.0002042989033,20,2714.54943631895,2714.54943631895,2724.54964061785,2724.54964061785,2730.54110516496,2730.54110516496
1699,-1340.77227299048,1526.08976160056,2.01331103113531,"gaussian","adaptive_sparse_group_lasso",1,5.25087208066541,0.5,TRUE,"identity",NA,NA,"independent","epa",0.0555555555555555,1000,50,1e-06,1,"PGD",0.9,TRUE,10,1,TRUE,0,0,0,0,0,20,2681.54454598096,2681.54454598096,2681.54454598096,2681.54454598096,2681.54454598096,2681.54454598096
1700,-1356.57045450602,1591.04750719396,2.09900726542739,"gaussian","adaptive_sparse_group_lasso",1,0.160248779303189,0.5,TRUE,"identity",NA,NA,"independent","epa",0.0555555555555555,1000,50,1e-06,1,"PGD",0.9,TRUE,10,1,TRUE,0.0455936626163571,3,3,21.6135292784439,21.6135292784439,20,2719.14090901203,2719.14090901203,2734.75443829047,2734.75443829047,2743.74163511114,2743.74163511114
1701,-1810.98779559339,2118.12936862374,2.09094705688425,"gaussian","adaptive_sparse_group_lasso",1,0.137412693394927,0.5,TRUE,"identity",NA,NA,"independent","epa",0.0555555555555555,1000,50,1e-06,1,"PGD",0.9,TRUE,10,1,TRUE,0.0328950818824686,3,3,20.0406813880503,20.0406813880503,20,3627.97559118677,3627.97559118677,3642.01627257482,3642.01627257482,3651.00346939548,3651.00346939548
1702,-1862.24376154732,2343.69725243098,2.31362018996148,"gaussian","adaptive_sparse_group_lasso",1,0.306945146121113,0.5,TRUE,"identity",NA,NA,"independent","epa",0.0555555555555555,1000,50,1e-06,1,"PGD",0.9,TRUE,10,1,TRUE,0.0612580114361461,1,1,6.6802271293501,6.6802271293501,20,3726.48752309463,3726.48752309463,3731.16775022398,3731.16775022398,3734.16348249754,3734.16348249754
1703,-1793.56085072125,2046.4912103603,2.02022824319872,"gaussian","adaptive_sparse_group_lasso",1,2.5206117379506,0.5,TRUE,"identity",NA,NA,"independent","epa",0.0555555555555555,1000,50,1e-06,1,"PGD",0.9,TRUE,10,1,TRUE,0,0,0,0,0,20,3587.1217014425,3587.1217014425,3587.1217014425,3587.1217014425,3587.1217014425,3587.1217014425
1704,-1748.26681159065,1871.42687716182,1.84741054014,"gaussian","adaptive_sparse_group_lasso",1,0.205981629112906,0.5,TRUE,"identity",NA,NA,"independent","epa",0.0555555555555555,1000,50,1e-06,1,"PGD",0.9,TRUE,10,1,TRUE,0.0258487447043296,1,1,6.6802271293501,6.6802271293501,20,3498.53362318129,3498.53362318129,3503.21385031064,3503.21385031064,3506.2095825842,3506.2095825842
1705,-1743.76994044776,1854.88528234447,1.83108122640125,"gaussian","adaptive_sparse_group_lasso",1,0.10316613341771,0.5,TRUE,"identity",NA,NA,"independent","epa",0.0555555555555555,1000,50,1e-06,1,"PGD",0.9,TRUE,10,1,TRUE,0.0256087763589277,4,4,27.9416884400427,27.9416884400427,20,3495.53988089552,3495.53988089552,3515.48156933556,3515.48156933556,3527.46449842978,3527.46449842978
1706,-1763.9514973054,1930.28561460276,1.90551393346768,"gaussian","adaptive_sparse_group_lasso",1,0.0530934072483287,0.5,TRUE,"identity",NA,NA,"independent","epa",0.0555555555555555,1000,50,1e-06,1,"PGD",0.9,TRUE,10,1,TRUE,0.00885123355027119,5,5,35.8426954920351,35.8426954920351,20,3537.9029946108,3537.9029946108,3563.74569010283,3563.74569010283,3578.7243514706,3578.7243514706
1707,-1851.75687545833,2295.67080975258,2.2662100787291,"gaussian","adaptive_sparse_group_lasso",1,5.84287084971018,0.5,TRUE,"identity",NA,NA,"independent","epa",0.0555555555555555,1000,50,1e-06,1,"PGD",0.9,TRUE,10,1,TRUE,0,0,0,0,0,20,3703.51375091667,3703.51375091667,3703.51375091667,3703.51375091667,3703.51375091667,3703.51375091667
1708,-1759.56165096686,1913.62807776139,1.88907016560848,"gaussian","adaptive_sparse_group_lasso",1,0.34708559340709,0.5,TRUE,"identity",NA,NA,"independent","epa",0.0555555555555555,1000,50,1e-06,1,"PGD",0.9,TRUE,10,1,TRUE,0.0586972693145139,1,1,6.6802271293501,6.6802271293501,20,3521.12330193371,3521.12330193371,3525.80352906306,3525.80352906306,3528.79926133662,3528.79926133662
1709,-1813.0578464647,2126.80381621172,2.09951018382204,"gaussian","adaptive_sparse_group_lasso",1,0.34333380478408,0.5,TRUE,"identity",NA,NA,"independent","epa",0.0555555555555555,1000,50,1e-06,1,"PGD",0.9,TRUE,10,1,TRUE,0.111013455471525,2,2,13.3604542587002,13.3604542587002,20,3630.1156929294,3630.1156929294,3639.4761471881,3639.4761471881,3645.46761173521,3645.46761173521
1710,-1846.879709315,2273.67153080981,2.24449312024661,"gaussian","adaptive_sparse_group_lasso",1,0.364088384965296,0.5,TRUE,"identity",NA,NA,"independent","epa",0.0555555555555555,1000,50,1e-06,1,"PGD",0.9,TRUE,10,1,TRUE,0.0587955101025331,1,1,6.6802271293501,6.6802271293501,20,3695.75941863,3695.75941863,3700.43964575935,3700.43964575935,3703.4353780329,3703.4353780329
1711,-1744.41988630531,1857.26701746667,1.83343239631458,"gaussian","adaptive_sparse_group_lasso",1,0.131425313900868,0.5,TRUE,"identity",NA,NA,"independent","epa",0.0555555555555555,1000,50,1e-06,1,"PGD",0.9,TRUE,10,1,TRUE,0.04179165099827,4,4,27.9416884400427,27.9416884400427,20,3496.83977261062,3496.83977261062,3516.78146105066,3516.78146105066,3528.76439014488,3528.76439014488
1712,-1796.674089065,2059.10885231283,2.03268396082214,"gaussian","adaptive_sparse_group_lasso",1,0.176908094579357,0.5,TRUE,"identity",NA,NA,"independent","epa",0.0555555555555555,1000,50,1e-06,1,"PGD",0.9,TRUE,10,1,TRUE,0.0490300966716874,3,3,21.2614613106926,21.2614613106926,20,3599.34817812999,3599.34817812999,3614.60963944069,3614.60963944069,3623.59683626135,3623.59683626135
1713,-1747.11869459124,1867.18959454828,1.84322763528952,"gaussian","adaptive_sparse_group_lasso",1,0.133904580806529,0.5,TRUE,"identity",NA,NA,"independent","epa",0.0555555555555555,1000,50,1e-06,1,"PGD",0.9,TRUE,10,1,TRUE,0.0262865647502776,3,3,21.2614613106926,21.2614613106926,20,3500.23738918247,3500.23738918247,3515.49885049317,3515.49885049317,3524.48604731383,3524.48604731383
1714,-1845.59938646961,2267.93143708987,2.23882669011833,"gaussian","adaptive_sparse_group_lasso",1,3.11123359110123,0.5,TRUE,"identity",NA,NA,"independent","epa",0.0555555555555555,1000,50,1e-06,1,"PGD",0.9,TRUE,10,1,TRUE,0,0,0,0,0,20,3691.19877293922,3691.19877293922,3691.19877293922,3691.19877293922,3691.19877293922,3691.19877293922
1715,-1799.86057148163,2072.1039099716,2.04551225071234,"gaussian","adaptive_sparse_group_lasso",1,3.44746033073534,0.5,TRUE,"identity",NA,NA,"independent","epa",0.0555555555555555,1000,50,1e-06,1,"PGD",0.9,TRUE,10,1,TRUE,0,0,0,0,0,20,3599.72114296326,3599.72114296326,3599.72114296326,3599.72114296326,3599.72114296326,3599.72114296326
1716,-1812.97010978541,2126.43544001464,2.09914653505887,"gaussian","adaptive_sparse_group_lasso",1,0.20299410187322,0.5,TRUE,"identity",NA,NA,"independent","epa",0.0555555555555555,1000,50,1e-06,1,"PGD",0.9,TRUE,10,1,TRUE,0.0490113117951482,2,2,14.5812341813425,14.5812341813425,20,3629.94021957081,3629.94021957081,3640.52145375215,3640.52145375215,3646.51291829926,3646.51291829926
1717,-1897.12032176867,2510.76546234059,2.47854438533128,"gaussian","adaptive_sparse_group_lasso",1,0.206383198089515,0.5,TRUE,"identity",NA,NA,"independent","epa",0.0555555555555555,1000,50,1e-06,1,"PGD",0.9,TRUE,10,1,TRUE,0.039805023082933,2,2,14.5812341813425,14.5812341813425,20,3798.24064353734,3798.24064353734,3808.82187771868,3808.82187771868,3814.81334226579,3814.81334226579
1718,-1708.13625942129,1728.87356126031,1.70668663500524,"gaussian","adaptive_sparse_group_lasso",1,0.0891719143311835,0.5,TRUE,"identity",NA,NA,"independent","epa",0.0555555555555555,1000,50,1e-06,1,"PGD",0.9,TRUE,10,1,TRUE,0.0157482980954599,4,4,27.9416884400427,27.9416884400427,20,3424.27251884258,3424.27251884258,3444.21420728262,3444.21420728262,3456.19713637684,3456.19713637684
1719,-1794.50069094917,2050.29211921862,2.02398037435204,"gaussian","adaptive_sparse_group_lasso",1,0.327384573006198,0.5,TRUE,"identity",NA,NA,"independent","epa",0.0555555555555555,1000,50,1e-06,1,"PGD",0.9,TRUE,10,1,TRUE,0.0973413560346458,2,2,13.3604542587002,13.3604542587002,20,3593.00138189835,3593.00138189835,3602.36183615705,3602.36183615705,3608.35330070415,3608.35330070415
1720,-1692.4881434136,1676.27735323561,1.65476540299665,"gaussian","adaptive_sparse_group_lasso",1,0.119907564347169,0.5,TRUE,"identity",NA,NA,"independent","epa",0.0555555555555555,1000,50,1e-06,1,"PGD",0.9,TRUE,10,1,TRUE,0.0265276438123483,3,3,22.4822412333349,22.4822412333349,20,3390.9762868272,3390.9762868272,3407.45852806053,3407.45852806053,3416.44572488119,3416.44572488119
1721,-1810.92869151721,2117.88221605604,2.09070307606717,"gaussian","adaptive_sparse_group_lasso",1,0.191697162587162,0.5,TRUE,"identity",NA,NA,"independent","epa",0.0555555555555555,1000,50,1e-06,1,"PGD",0.9,TRUE,10,1,TRUE,0.0588009218170728,3,3,21.2614613106926,21.2614613106926,20,3627.85738303443,3627.85738303443,3643.11884434512,3643.11884434512,3652.10604116578,3652.10604116578
1722,-1784.72662682729,2011.1063959231,1.98529752805834,"gaussian","adaptive_sparse_group_lasso",1,0.208169131031297,0.5,TRUE,"identity",NA,NA,"independent","epa",0.0555555555555555,1000,50,1e-06,1,"PGD",0.9,TRUE,10,1,TRUE,0.0632669689901139,3,3,21.2614613106926,21.2614613106926,20,3575.45325365458,3575.45325365458,3590.71471496527,3590.71471496527,3599.70191178593,3599.70191178593
1723,-1760.68413045724,1917.87366548492,1.89326126898808,"gaussian","adaptive_sparse_group_lasso",1,0.214580538070036,0.5,TRUE,"identity",NA,NA,"independent","epa",0.0555555555555555,1000,50,1e-06,1,"PGD",0.9,TRUE,10,1,TRUE,0.0469108079998703,2,2,13.3604542587002,13.3604542587002,20,3525.36826091447,3525.36826091447,3534.72871517317,3534.72871517317,3540.72017972028,3540.72017972028
1724,-1832.96688388581,2212.06701598181,2.18367918655657,"gaussian","adaptive_sparse_group_lasso",1,0.396642310064578,0.5,TRUE,"identity",NA,NA,"independent","epa",0.0555555555555555,1000,50,1e-06,1,"PGD",0.9,TRUE,10,1,TRUE,0.0626080193498431,1,1,6.6802271293501,6.6802271293501,20,3667.93376777163,3667.93376777163,3672.61399490098,3672.61399490098,3675.60972717453,3675.60972717453
1725,-1787.46964375728,2022.02735062096,1.99607833230104,"gaussian","adaptive_sparse_group_lasso",1,0.292453838886762,0.5,TRUE,"identity",NA,NA,"independent","epa",0.0555555555555555,1000,50,1e-06,1,"PGD",0.9,TRUE,10,1,TRUE,0.0759600762021195,2,2,13.3604542587002,13.3604542587002,20,3578.93928751456,3578.93928751456,3588.29974177326,3588.29974177326,3594.29120632036,3594.29120632036
1726,-1721.63222005665,1775.55953665129,1.75277348139318,"gaussian","adaptive_sparse_group_lasso",1,0.100375155448995,0.5,TRUE,"identity",NA,NA,"independent","epa",0.0555555555555555,1000,50,1e-06,1,"PGD",0.9,TRUE,10,1,TRUE,0.0286030976391538,5,5,35.8426954920351,35.8426954920351,20,3453.2644401133,3453.2644401133,3479.10713560534,3479.10713560534,3494.08579697311,3494.08579697311
1727,-1822.15265840252,2165.33804545357,2.13754989679523,"gaussian","adaptive_sparse_group_lasso",1,4.49611689388242,0.5,TRUE,"identity",NA,NA,"independent","epa",0.0555555555555555,1000,50,1e-06,1,"PGD",0.9,TRUE,10,1,TRUE,0,0,0,0,0,20,3644.30531680504,3644.30531680504,3644.30531680504,3644.30531680504,3644.30531680504,3644.30531680504
1728,-1793.87299417161,2047.7528010927,2.02147364372428,"gaussian","adaptive_sparse_group_lasso",1,3.46947443923551,0.5,TRUE,"identity",NA,NA,"independent","epa",0.0555555555555555,1000,50,1e-06,1,"PGD",0.9,TRUE,10,1,TRUE,0,0,0,0,0,20,3587.74598834323,3587.74598834323,3587.74598834323,3587.74598834323,3587.74598834323,3587.74598834323
1729,-1880.06315171469,2427.61944934152,2.39646539915254,"gaussian","adaptive_sparse_group_lasso",1,0.234531402925601,0.5,TRUE,"identity",NA,NA,"independent","epa",0.0555555555555555,1000,50,1e-06,1,"PGD",0.9,TRUE,10,1,TRUE,0.0589665047126066,2,2,14.5812341813425,14.5812341813425,20,3764.12630342938,3764.12630342938,3774.70753761072,3774.70753761072,3780.69900215783,3780.69900215783
1730,-1810.1316354165,2114.55202174812,2.08741561870495,"gaussian","adaptive_sparse_group_lasso",1,0.111926179539261,0.5,TRUE,"identity",NA,NA,"independent","epa",0.0555555555555555,1000,50,1e-06,1,"PGD",0.9,TRUE,10,1,TRUE,0.031555699890303,4,4,29.162468362685,29.162468362685,20,3628.26327083301,3628.26327083301,3649.42573919569,3649.42573919569,3661.40866828991,3661.40866828991
1731,-1856.70794989388,2318.22119559733,2.28847107166568,"gaussian","adaptive_sparse_group_lasso",1,4.40141559239793,0.5,TRUE,"identity",NA,NA,"independent","epa",0.0555555555555555,1000,50,1e-06,1,"PGD",0.9,TRUE,10,1,TRUE,0,0,0,0,0,20,3713.41589978775,3713.41589978775,3713.41589978775,3713.41589978775,3713.41589978775,3713.41589978775
1732,-1814.49410790536,2132.84326611857,2.10547212844874,"gaussian","adaptive_sparse_group_lasso",1,2.89547275198877,0.5,TRUE,"identity",NA,NA,"independent","epa",0.0555555555555555,1000,50,1e-06,1,"PGD",0.9,TRUE,10,1,TRUE,0,0,0,0,0,20,3628.98821581071,3628.98821581071,3628.98821581071,3628.98821581071,3628.98821581071,3628.98821581071
1733,-1781.5035198569,1998.3493759452,1.97270422107127,"gaussian","adaptive_sparse_group_lasso",1,0.200883374999434,0.5,TRUE,"identity",NA,NA,"independent","epa",0.0555555555555555,1000,50,1e-06,1,"PGD",0.9,TRUE,10,1,TRUE,0.0872383144168758,4,4,29.162468362685,29.162468362685,20,3571.0070397138,3571.0070397138,3592.16950807649,3592.16950807649,3604.1524371707,3604.1524371707
1734,-1755.56683047252,1898.5944491985,1.8742294661387,"gaussian","adaptive_sparse_group_lasso",1,0.0871835193057915,0.5,TRUE,"identity",NA,NA,"independent","epa",0.0555555555555555,1000,50,1e-06,1,"PGD",0.9,TRUE,10,1,TRUE,0.00930400102037571,2,2,14.5812341813425,14.5812341813425,20,3515.13366094504,3515.13366094504,3525.71489512638,3525.71489512638,3531.70635967349,3531.70635967349
1735,-1836.74263492442,2228.61869023814,2.20001845038316,"gaussian","adaptive_sparse_group_lasso",1,0.477601211407435,0.5,TRUE,"identity",NA,NA,"independent","epa",0.0555555555555555,1000,50,1e-06,1,"PGD",0.9,TRUE,10,1,TRUE,0.109545796663292,1,1,6.6802271293501,6.6802271293501,20,3675.48526984884,3675.48526984884,3680.16549697819,3680.16549697819,3683.16122925174,3683.16122925174
1736,-1821.53534293787,2162.70056782586,2.13494626636314,"gaussian","adaptive_sparse_group_lasso",1,0.171379081795961,0.5,TRUE,"identity",NA,NA,"independent","epa",0.0555555555555555,1000,50,1e-06,1,"PGD",0.9,TRUE,10,1,TRUE,0.0626470179633254,4,4,27.9416884400427,27.9416884400427,20,3651.07068587573,3651.07068587573,3671.01237431578,3671.01237431578,3682.99530340999,3682.99530340999
1737,-1840.87230270001,2246.86365850018,2.21802927788764,"gaussian","adaptive_sparse_group_lasso",1,0.2998112933128,0.5,TRUE,"identity",NA,NA,"independent","epa",0.0555555555555555,1000,50,1e-06,1,"PGD",0.9,TRUE,10,1,TRUE,0.13800156432051,2,2,13.3604542587002,13.3604542587002,20,3685.74460540003,3685.74460540003,3695.10505965873,3695.10505965873,3701.09652420584,3701.09652420584
1738,-1731.50961447466,1810.52503439302,1.78729026100002,"gaussian","adaptive_sparse_group_lasso",1,4.26524550404178,0.5,TRUE,"identity",NA,NA,"independent","epa",0.0555555555555555,1000,50,1e-06,1,"PGD",0.9,TRUE,10,1,TRUE,0,0,0,0,0,20,3463.01922894932,3463.01922894932,3463.01922894932,3463.01922894932,3463.01922894932,3463.01922894932
1739,-1792.04128927325,2040.36068920313,2.01417639605443,"gaussian","adaptive_sparse_group_lasso",1,4.54090277234715,0.5,TRUE,"identity",NA,NA,"independent","epa",0.0555555555555555,1000,50,1e-06,1,"PGD",0.9,TRUE,10,1,TRUE,0,0,0,0,0,20,3584.0825785465,3584.0825785465,3584.0825785465,3584.0825785465,3584.0825785465,3584.0825785465
1740,-1740.22296033886,1841.94104162409,1.8183031013071,"gaussian","adaptive_sparse_group_lasso",1,0.170214757209727,0.5,TRUE,"identity",NA,NA,"independent","epa",0.0555555555555555,1000,50,1e-06,1,"PGD",0.9,TRUE,10,1,TRUE,0.029992382406264,2,2,14.5812341813425,14.5812341813425,20,3484.44592067771,3484.44592067771,3495.02715485906,3495.02715485906,3501.01861940616,3501.01861940616
1741,-1721.6293103925,1775.54933671626,1.75276341235564,"gaussian","adaptive_sparse_group_lasso",1,0.0387695689152914,0.5,TRUE,"identity",NA,NA,"independent","epa",0.0555555555555555,1000,50,1e-06,1,"PGD",0.9,TRUE,10,1,TRUE,0.00504826773124658,5,5,34.6219155693928,34.6219155693928,20,3453.258620785,3453.258620785,3477.88053635439,3477.88053635439,3492.85919772216,3492.85919772216
1742,-1851.19539564932,2293.12735737881,2.263699266909,"gaussian","adaptive_sparse_group_lasso",1,0.128068114858488,0.5,TRUE,"identity",NA,NA,"independent","epa",0.0555555555555555,1000,50,1e-06,1,"PGD",0.9,TRUE,10,1,TRUE,0.00759760918995212,1,1,7.90100705199242,7.90100705199242,20,3704.39079129865,3704.39079129865,3710.29179835064,3710.29179835064,3713.28753062419,3713.28753062419
1743,-1818.91763369834,2151.5520645292,2.12394083369122,"gaussian","adaptive_sparse_group_lasso",1,0.0656786969750509,0.5,TRUE,"identity",NA,NA,"independent","epa",0.0555555555555555,1000,50,1e-06,1,"PGD",0.9,TRUE,10,1,TRUE,0.0112239565104224,4,4,27.9416884400427,27.9416884400427,20,3645.83526739667,3645.83526739667,3665.77695583672,3665.77695583672,3677.75988493093,3677.75988493093
1744,-1758.64406244827,1910.16443792897,1.88565097525071,"gaussian","adaptive_sparse_group_lasso",1,0.17768053603981,0.5,TRUE,"identity",NA,NA,"independent","epa",0.0555555555555555,1000,50,1e-06,1,"PGD",0.9,TRUE,10,1,TRUE,0.0614479577542455,3,3,20.0406813880503,20.0406813880503,20,3523.28812489654,3523.28812489654,3537.32880628459,3537.32880628459,3546.31600310525,3546.31600310525
1745,-1786.95524298518,2019.97482459822,1.99405214669124,"gaussian","adaptive_sparse_group_lasso",1,6.65337645305979,0.5,TRUE,"identity",NA,NA,"independent","epa",0.0555555555555555,1000,50,1e-06,1,"PGD",0.9,TRUE,10,1,TRUE,0,0,0,0,0,20,3573.91048597037,3573.91048597037,3573.91048597037,3573.91048597037,3573.91048597037,3573.91048597037
1746,-1751.25256634026,1882.49128637172,1.85833295791878,"gaussian","adaptive_sparse_group_lasso",1,0.145049621035698,0.5,TRUE,"identity",NA,NA,"independent","epa",0.0555555555555555,1000,50,1e-06,1,"PGD",0.9,TRUE,10,1,TRUE,0.063984365666449,6,6,41.3021426987429,41.3021426987429,20,3514.50513268052,3514.50513268052,3543.80727537926,3543.80727537926,3561.78166902058,3561.78166902058
1747,-1827.41992215695,2187.97361710651,2.15989498233614,"gaussian","adaptive_sparse_group_lasso",1,3.21004275161024,0.5,TRUE,"identity",NA,NA,"independent","epa",0.0555555555555555,1000,50,1e-06,1,"PGD",0.9,TRUE,10,1,TRUE,0,0,0,0,0,20,3654.83984431389,3654.83984431389,3654.83984431389,3654.83984431389,3654.83984431389,3654.83984431389
1748,-1820.02016876513,2156.24060411682,2.12856920445885,"gaussian","adaptive_sparse_group_lasso",1,3.65947655570019,0.5,TRUE,"identity",NA,NA,"independent","epa",0.0555555555555555,1000,50,1e-06,1,"PGD",0.9,TRUE,10,1,TRUE,0,0,0,0,0,20,3640.04033753026,3640.04033753026,3640.04033753026,3640.04033753026,3640.04033753026,3640.04033753026
1749,-1847.62981708367,2277.0412488603,2.24781959413652,"gaussian","adaptive_sparse_group_lasso",1,0.14005574833053,0.5,TRUE,"identity",NA,NA,"independent","epa",0.0555555555555555,1000,50,1e-06,1,"PGD",0.9,TRUE,10,1,TRUE,0.042301553018118,4,4,27.9416884400427,27.9416884400427,20,3703.25963416734,3703.25963416734,3723.20132260739,3723.20132260739,3735.1842517016,3735.1842517016
1750,-1795.6185018394,2054.82197052431,2.02845209331126,"gaussian","adaptive_sparse_group_lasso",1,3.49223810043524,0.5,TRUE,"identity",NA,NA,"independent","epa",0.0555555555555555,1000,50,1e-06,1,"PGD",0.9,TRUE,10,1,TRUE,0,0,0,0,0,20,3591.2370036788,3591.2370036788,3591.2370036788,3591.2370036788,3591.2370036788,3591.2370036788
1751,-1780.44338672452,1994.17109195259,1.96857955770246,"gaussian","adaptive_sparse_group_lasso",1,0.18870517039937,0.5,TRUE,"identity",NA,NA,"independent","epa",0.0555555555555555,1000,50,1e-06,1,"PGD",0.9,TRUE,10,1,TRUE,0.0345295219737358,2,2,14.5812341813425,14.5812341813425,20,3564.88677344904,3564.88677344904,3575.46800763039,3575.46800763039,3581.45947217749,3581.45947217749
1752,-1818.9334617724,2151.61930136542,2.12400720766577,"gaussian","adaptive_sparse_group_lasso",1,0.163832023174923,0.5,TRUE,"identity",NA,NA,"independent","epa",0.0555555555555555,1000,50,1e-06,1,"PGD",0.9,TRUE,10,1,TRUE,0.0233425293084202,2,2,14.5812341813425,14.5812341813425,20,3641.86692354481,3641.86692354481,3652.44815772615,3652.44815772615,3658.43962227326,3658.43962227326
1753,-1840.3689059472,2244.63167036818,2.21582593323611,"gaussian","adaptive_sparse_group_lasso",1,0.0900961950465968,0.5,TRUE,"identity",NA,NA,"independent","epa",0.0555555555555555,1000,50,1e-06,1,"PGD",0.9,TRUE,10,1,TRUE,0.0234030979590776,5,5,35.8426954920351,35.8426954920351,20,3690.7378118944,3690.7378118944,3716.58050738643,3716.58050738643,3731.5591687542,3731.5591687542
1754,-1762.83608750683,1926.03943394405,1.90132224476215,"gaussian","adaptive_sparse_group_lasso",1,0.26148292829303,0.5,TRUE,"identity",NA,NA,"independent","epa",0.0555555555555555,1000,50,1e-06,1,"PGD",0.9,TRUE,10,1,TRUE,0.090340887851418,2,2,13.3604542587002,13.3604542587002,20,3529.67217501366,3529.67217501366,3539.03262927236,3539.03262927236,3545.02409381947,3545.02409381947
1755,-1793.17423685421,2044.92970987971,2.01868678171738,"gaussian","adaptive_sparse_group_lasso",1,0.145897133528952,0.5,TRUE,"identity",NA,NA,"independent","epa",0.0555555555555555,1000,50,1e-06,1,"PGD",0.9,TRUE,10,1,TRUE,0.0470933658531323,4,4,27.9416884400427,27.9416884400427,20,3594.34847370843,3594.34847370843,3614.29016214847,3614.29016214847,3626.27309124269,3626.27309124269
1756,-1800.80630813003,2075.97655614886,2.04933519856749,"gaussian","adaptive_sparse_group_lasso",1,0.0625063835879801,0.5,TRUE,"identity",NA,NA,"independent","epa",0.0555555555555555,1000,50,1e-06,1,"PGD",0.9,TRUE,10,1,TRUE,0.0131780844205003,5,5,34.6219155693928,34.6219155693928,20,3611.61261626006,3611.61261626006,3636.23453182946,3636.23453182946,3651.21319319723,3651.21319319723
1757,-1825.83647480859,2181.14413804487,2.15315314713215,"gaussian","adaptive_sparse_group_lasso",1,2.50922447387164,0.5,TRUE,"identity",NA,NA,"independent","epa",0.0555555555555555,1000,50,1e-06,1,"PGD",0.9,TRUE,10,1,TRUE,0,0,0,0,0,20,3651.67294961717,3651.67294961717,3651.67294961717,3651.67294961717,3651.67294961717,3651.67294961717
1758,-1744.90054131498,1859.03035094497,1.83517310063669,"gaussian","adaptive_sparse_group_lasso",1,0.14411442514796,0.5,TRUE,"identity",NA,NA,"independent","epa",0.0555555555555555,1000,50,1e-06,1,"PGD",0.9,TRUE,10,1,TRUE,0.0297759084548237,3,3,21.2614613106926,21.2614613106926,20,3495.80108262997,3495.80108262997,3511.06254394066,3511.06254394066,3520.04974076132,3520.04974076132
1759,-1817.11347606646,2143.90184955632,2.11638879521848,"gaussian","adaptive_sparse_group_lasso",1,0.375662133610645,0.5,TRUE,"identity",NA,NA,"independent","epa",0.0555555555555555,1000,50,1e-06,1,"PGD",0.9,TRUE,10,1,TRUE,0.0720402425670168,1,1,6.6802271293501,6.6802271293501,20,3636.22695213293,3636.22695213293,3640.90717926228,3640.90717926228,3643.90291153583,3643.90291153583
1760,-1814.49661895526,2132.85384003597,2.10548256666927,"gaussian","adaptive_sparse_group_lasso",1,0.200825627798461,0.5,TRUE,"identity",NA,NA,"independent","epa",0.0555555555555555,1000,50,1e-06,1,"PGD",0.9,TRUE,10,1,TRUE,0.0659692470824246,3,3,21.2614613106926,21.2614613106926,20,3634.99323791053,3634.99323791053,3650.25469922122,3650.25469922122,3659.24189604188,3659.24189604188
1761,-1762.58710136958,1925.09286085935,1.90038781920962,"gaussian","adaptive_sparse_group_lasso",1,0.102444656209787,0.5,TRUE,"identity",NA,NA,"independent","epa",0.0555555555555555,1000,50,1e-06,1,"PGD",0.9,TRUE,10,1,TRUE,0.0112796207475701,2,2,14.5812341813425,14.5812341813425,20,3529.17420273916,3529.17420273916,3539.75543692051,3539.75543692051,3545.74690146761,3545.74690146761
1762,-1767.76185437952,1944.86175037569,1.9199030112297,"gaussian","adaptive_sparse_group_lasso",1,0.102223283867991,0.5,TRUE,"identity",NA,NA,"independent","epa",0.0555555555555555,1000,50,1e-06,1,"PGD",0.9,TRUE,10,1,TRUE,0.0363558189817442,8,8,55.8833768800855,55.8833768800855,20,3551.52370875903,3551.52370875903,3591.40708563912,3591.40708563912,3615.37294382755,3615.37294382755
1763,-1739.52285746102,1839.39680193187,1.81579151227232,"gaussian","adaptive_sparse_group_lasso",1,2.29390829416197,0.5,TRUE,"identity",NA,NA,"independent","epa",0.0555555555555555,1000,50,1e-06,1,"PGD",0.9,TRUE,10,1,TRUE,0,0,0,0,0,20,3479.04571492203,3479.04571492203,3479.04571492203,3479.04571492203,3479.04571492203,3479.04571492203
1764,-1813.90389710348,2130.35936882241,2.10302010742587,"gaussian","adaptive_sparse_group_lasso",1,0.395879931470136,0.5,TRUE,"identity",NA,NA,"independent","epa",0.0555555555555555,1000,50,1e-06,1,"PGD",0.9,TRUE,10,1,TRUE,0.13897619262051,2,2,13.3604542587002,13.3604542587002,20,3631.80779420696,3631.80779420696,3641.16824846566,3641.16824846566,3647.15971301277,3647.15971301277
1765,-1784.42424385623,2009.90611391591,1.98411264947277,"gaussian","adaptive_sparse_group_lasso",1,4.01951668419286,0.5,TRUE,"identity",NA,NA,"independent","epa",0.0555555555555555,1000,50,1e-06,1,"PGD",0.9,TRUE,10,1,TRUE,0,0,0,0,0,20,3568.84848771246,3568.84848771246,3568.84848771246,3568.84848771246,3568.84848771246,3568.84848771246
1766,-1774.51122637986,1970.95147303106,1.94565792007015,"gaussian","adaptive_sparse_group_lasso",1,0.0878505917022376,0.5,TRUE,"identity",NA,NA,"independent","epa",0.0555555555555555,1000,50,1e-06,1,"PGD",0.9,TRUE,10,1,TRUE,0.0237217841192241,5,5,35.8426954920351,35.8426954920351,20,3559.02245275972,3559.02245275972,3584.86514825175,3584.86514825175,3599.84380961952,3599.84380961952
1767,-1787.78355450662,2023.28091992982,1.99731581434336,"gaussian","adaptive_sparse_group_lasso",1,0.190921382007541,0.5,TRUE,"identity",NA,NA,"independent","epa",0.0555555555555555,1000,50,1e-06,1,"PGD",0.9,TRUE,10,1,TRUE,0.0596882561213443,3,3,21.2614613106926,21.2614613106926,20,3581.56710901324,3581.56710901324,3596.82857032393,3596.82857032393,3605.8157671446,3605.8157671446
1768,-1726.03518587194,1791.0616216927,1.76807662556041,"gaussian","adaptive_sparse_group_lasso",1,0.102502934561205,0.5,TRUE,"identity",NA,NA,"independent","epa",0.0555555555555555,1000,50,1e-06,1,"PGD",0.9,TRUE,10,1,TRUE,0.025314782423981,4,4,29.162468362685,29.162468362685,20,3460.07037174389,3460.07037174389,3481.23284010657,3481.23284010657,3493.21576920079,3493.21576920079
1769,-1752.34505868181,1886.55609763092,1.86234560476892,"gaussian","adaptive_sparse_group_lasso",1,0.187701624399337,0.5,TRUE,"identity",NA,NA,"independent","epa",0.0555555555555555,1000,50,1e-06,1,"PGD",0.9,TRUE,10,1,TRUE,0.0126855033516656,1,1,7.90100705199242,7.90100705199242,20,3506.69011736362,3506.69011736362,3512.59112441562,3512.59112441562,3515.58685668917,3515.58685668917
1770,-1787.81265163389,2023.39715557342,1.99743055831532,"gaussian","adaptive_sparse_group_lasso",1,0.170845658071863,0.5,TRUE,"identity",NA,NA,"independent","epa",0.0555555555555555,1000,50,1e-06,1,"PGD",0.9,TRUE,10,1,TRUE,0.0326093137885993,2,2,13.3604542587002,13.3604542587002,20,3579.62530326779,3579.62530326779,3588.98575752649,3588.98575752649,3594.9772220736,3594.9772220736
1771,-1789.58730127868,2030.49906883581,2.00444133152597,"gaussian","adaptive_sparse_group_lasso",1,0.428165184273852,0.5,TRUE,"identity",NA,NA,"independent","epa",0.0555555555555555,1000,50,1e-06,1,"PGD",0.9,TRUE,10,1,TRUE,0.172918147506291,2,2,13.3604542587002,13.3604542587002,20,3583.17460255737,3583.17460255737,3592.53505681607,3592.53505681607,3598.52652136317,3598.52652136317
1772,-1787.95803896925,2023.9780411519,1.99800398929111,"gaussian","adaptive_sparse_group_lasso",1,0.229591725732634,0.5,TRUE,"identity",NA,NA,"independent","epa",0.0555555555555555,1000,50,1e-06,1,"PGD",0.9,TRUE,10,1,TRUE,0.0602006151953291,2,2,13.3604542587002,13.3604542587002,20,3579.9160779385,3579.9160779385,3589.2765321972,3589.2765321972,3595.26799674431,3595.26799674431
1773,-1791.87994742864,2039.71085083901,2.01353489717573,"gaussian","adaptive_sparse_group_lasso",1,4.80093564673299,0.5,TRUE,"identity",NA,NA,"independent","epa",0.0555555555555555,1000,50,1e-06,1,"PGD",0.9,TRUE,10,1,TRUE,0,0,0,0,0,20,3583.75989485728,3583.75989485728,3583.75989485728,3583.75989485728,3583.75989485728,3583.75989485728
1774,-1800.52181304728,2074.81083199246,2.04818443434596,"gaussian","adaptive_sparse_group_lasso",1,4.45770629901569,0.5,TRUE,"identity",NA,NA,"independent","epa",0.0555555555555555,1000,50,1e-06,1,"PGD",0.9,TRUE,10,1,TRUE,0,0,0,0,0,20,3601.04362609456,3601.04362609456,3601.04362609456,3601.04362609456,3601.04362609456,3601.04362609456
1775,-1800.00238323123,2072.6841465384,2.04608504100533,"gaussian","adaptive_sparse_group_lasso",1,0.0520376154405376,0.5,TRUE,"identity",NA,NA,"independent","epa",0.0555555555555555,1000,50,1e-06,1,"PGD",0.9,TRUE,10,1,TRUE,0.0083344269877332,4,4,27.9416884400427,27.9416884400427,20,3608.00476646245,3608.00476646245,3627.94645490249,3627.94645490249,3639.92938399671,3639.92938399671
1776,-1790.72164533826,2035.05161705089,2.00893545612131,"gaussian","adaptive_sparse_group_lasso",1,0.219824082120008,0.5,TRUE,"identity",NA,NA,"independent","epa",0.0555555555555555,1000,50,1e-06,1,"PGD",0.9,TRUE,10,1,TRUE,0.0399024572310546,2,2,14.5812341813425,14.5812341813425,20,3585.44329067653,3585.44329067653,3596.02452485787,3596.02452485787,3602.01598940498,3602.01598940498
1777,-1742.01697750329,1848.47674342922,1.8247549293477,"gaussian","adaptive_sparse_group_lasso",1,0.109102569435833,0.5,TRUE,"identity",NA,NA,"independent","epa",0.0555555555555555,1000,50,1e-06,1,"PGD",0.9,TRUE,10,1,TRUE,0.0365649651225189,5,5,34.6219155693928,34.6219155693928,20,3494.03395500658,3494.03395500658,3518.65587057598,3518.65587057598,3533.63453194375,3533.63453194375
1778,-1785.0119133711,2012.2394723367,1.98641606351106,"gaussian","adaptive_sparse_group_lasso",1,0.186530294581135,0.5,TRUE,"identity",NA,NA,"independent","epa",0.0555555555555555,1000,50,1e-06,1,"PGD",0.9,TRUE,10,1,TRUE,0.0481743692868743,2,2,13.3604542587002,13.3604542587002,20,3574.02382674221,3574.02382674221,3583.38428100091,3583.38428100091,3589.37574554801,3589.37574554801
1779,-1751.39380122539,1883.01628244821,1.858851216632,"gaussian","adaptive_sparse_group_lasso",1,0.0367945267319893,0.5,TRUE,"identity",NA,NA,"independent","epa",0.0555555555555555,1000,50,1e-06,1,"PGD",0.9,TRUE,10,1,TRUE,0.00511453842232532,6,6,42.5229226213853,42.5229226213853,20,3514.78760245077,3514.78760245077,3545.31052507216,3545.31052507216,3563.28491871348,3563.28491871348
1780,-1732.20371525381,1813.00785434143,1.78974121850092,"gaussian","adaptive_sparse_group_lasso",1,0.0811719188102246,0.5,TRUE,"identity",NA,NA,"independent","epa",0.0555555555555555,1000,50,1e-06,1,"PGD",0.9,TRUE,10,1,TRUE,0.0224466978849032,6,6,42.5229226213853,42.5229226213853,20,3476.40743050761,3476.40743050761,3506.930353129,3506.930353129,3524.90474677032,3524.90474677032
1781,-1787.07503784594,2020.45263549923,1.9945238257643,"gaussian","adaptive_sparse_group_lasso",1,0.200025165489841,0.5,TRUE,"identity",NA,NA,"independent","epa",0.0555555555555555,1000,50,1e-06,1,"PGD",0.9,TRUE,10,1,TRUE,0.0881022887404117,5,5,35.8426954920352,35.8426954920352,20,3584.15007569188,3584.15007569188,3609.99277118391,3609.99277118391,3624.97143255168,3624.97143255168
1782,-1794.87080589695,2051.79087752716,2.02545989884221,"gaussian","adaptive_sparse_group_lasso",1,2.78343037385947,0.5,TRUE,"identity",NA,NA,"independent","epa",0.0555555555555555,1000,50,1e-06,1,"PGD",0.9,TRUE,10,1,TRUE,0,0,0,0,0,20,3589.7416117939,3589.7416117939,3589.7416117939,3589.7416117939,3589.7416117939,3589.7416117939
1783,-1794.27255734486,2049.36885128391,2.02306895487059,"gaussian","adaptive_sparse_group_lasso",1,0.0839584373159982,0.5,TRUE,"identity",NA,NA,"independent","epa",0.0555555555555555,1000,50,1e-06,1,"PGD",0.9,TRUE,10,1,TRUE,0.0219851044210316,4,4,26.7209085174004,26.7209085174004,20,3596.54511468972,3596.54511468972,3615.26602320712,3615.26602320712,3627.24895230133,3627.24895230133
1784,-1793.96971622449,2048.14388059341,2.02185970443575,"gaussian","adaptive_sparse_group_lasso",1,0.131463105580688,0.5,TRUE,"identity",NA,NA,"independent","epa",0.0555555555555555,1000,50,1e-06,1,"PGD",0.9,TRUE,10,1,TRUE,0.0490654631879641,4,4,27.9416884400427,27.9416884400427,20,3595.93943244898,3595.93943244898,3615.88112088902,3615.88112088902,3627.86404998324,3627.86404998324
1785,-1854.48417687244,2308.06542575311,2.27844563253021,"gaussian","adaptive_sparse_group_lasso",1,0.130894694678059,0.5,TRUE,"identity",NA,NA,"independent","epa",0.0555555555555555,1000,50,1e-06,1,"PGD",0.9,TRUE,10,1,TRUE,0.0222088003135883,3,3,21.2614613106926,21.2614613106926,20,3714.96835374487,3714.96835374487,3730.22981505556,3730.22981505556,3739.21701187623,3739.21701187623
1786,-1760.63177782669,1917.67544131399,1.89306558866139,"gaussian","adaptive_sparse_group_lasso",1,0.203687694130888,0.5,TRUE,"identity",NA,NA,"independent","epa",0.0555555555555555,1000,50,1e-06,1,"PGD",0.9,TRUE,10,1,TRUE,0.0360277235490403,2,2,15.8020141039848,15.8020141039848,20,3525.26355565338,3525.26355565338,3537.06556975736,3537.06556975736,3543.05703430447,3543.05703430447
1787,-1856.06156382818,2315.26461094338,2.28555242936168,"gaussian","adaptive_sparse_group_lasso",1,0.150988015865752,0.5,TRUE,"identity",NA,NA,"independent","epa",0.0555555555555555,1000,50,1e-06,1,"PGD",0.9,TRUE,10,1,TRUE,0.052410916853004,4,4,27.9416884400427,27.9416884400427,20,3720.12312765637,3720.12312765637,3740.06481609641,3740.06481609641,3752.04774519063,3752.04774519063
1788,-1819.60485106323,2154.47326386323,2.12682454478108,"gaussian","adaptive_sparse_group_lasso",1,0.147523993598136,0.5,TRUE,"identity",NA,NA,"independent","epa",0.0555555555555555,1000,50,1e-06,1,"PGD",0.9,TRUE,10,1,TRUE,0.0290938168021692,2,2,14.5812341813425,14.5812341813425,20,3643.20970212646,3643.20970212646,3653.7909363078,3653.7909363078,3659.78240085491,3659.78240085491
1789,-1829.6253912159,2197.5215525684,2.1693203875305,"gaussian","adaptive_sparse_group_lasso",1,0.327615353990326,0.5,TRUE,"identity",NA,NA,"independent","epa",0.0555555555555555,1000,50,1e-06,1,"PGD",0.9,TRUE,10,1,TRUE,0.0543021944396982,1,1,6.6802271293501,6.6802271293501,20,3661.2507824318,3661.2507824318,3665.93100956115,3665.93100956115,3668.9267418347,3668.9267418347
1790,-1759.09640091017,1911.87110482319,1.88733574020058,"gaussian","adaptive_sparse_group_lasso",1,4.4082156913613,0.5,TRUE,"identity",NA,NA,"independent","epa",0.0555555555555555,1000,50,1e-06,1,"PGD",0.9,TRUE,10,1,TRUE,0,0,0,0,0,20,3518.19280182035,3518.19280182035,3518.19280182035,3518.19280182035,3518.19280182035,3518.19280182035
1791,-1781.89842746362,1999.90805530675,1.97424289763746,"gaussian","adaptive_sparse_group_lasso",1,0.203179605960136,0.5,TRUE,"identity",NA,NA,"independent","epa",0.0555555555555555,1000,50,1e-06,1,"PGD",0.9,TRUE,10,1,TRUE,0.0432440800398585,2,2,14.5812341813425,14.5812341813425,20,3567.79685492725,3567.79685492725,3578.37808910859,3578.37808910859,3584.3695536557,3584.3695536557
1792,-1799.73879408957,2071.60577556239,2.04502050894609,"gaussian","adaptive_sparse_group_lasso",1,0.100012228803533,0.5,TRUE,"identity",NA,NA,"independent","epa",0.0555555555555555,1000,50,1e-06,1,"PGD",0.9,TRUE,10,1,TRUE,0.0139030490140812,2,2,13.3604542587002,13.3604542587002,20,3603.47758817913,3603.47758817913,3612.83804243783,3612.83804243783,3618.82950698494,3618.82950698494
1793,-1750.40141991059,1879.33051594465,1.85521275019215,"gaussian","adaptive_sparse_group_lasso",1,0.208394703629108,0.5,TRUE,"identity",NA,NA,"independent","epa",0.0555555555555555,1000,50,1e-06,1,"PGD",0.9,TRUE,10,1,TRUE,0.0358870315768265,2,2,14.5812341813425,14.5812341813425,20,3504.80283982117,3504.80283982117,3515.38407400251,3515.38407400251,3521.37553854962,3521.37553854962
1794,-1787.56869151557,2022.42280345413,1.99646871022125,"gaussian","adaptive_sparse_group_lasso",1,0.150269315969901,0.5,TRUE,"identity",NA,NA,"independent","epa",0.0555555555555555,1000,50,1e-06,1,"PGD",0.9,TRUE,10,1,TRUE,0.0469974711995959,5,5,34.6219155693928,34.6219155693928,20,3585.13738303114,3585.13738303114,3609.75929860053,3609.75929860053,3624.7379599683,3624.7379599683
1795,-1796.81935301384,2059.69948840363,2.03326701718029,"gaussian","adaptive_sparse_group_lasso",1,0.26367569199203,0.5,TRUE,"identity",NA,NA,"independent","epa",0.0555555555555555,1000,50,1e-06,1,"PGD",0.9,TRUE,10,1,TRUE,0.0351955845712589,1,1,6.6802271293501,6.6802271293501,20,3595.63870602767,3595.63870602767,3600.31893315702,3600.31893315702,3603.31466543058,3603.31466543058
1796,-1768.92940058877,1949.35007242749,1.92433373388696,"gaussian","adaptive_sparse_group_lasso",1,0.167192730241098,0.5,TRUE,"identity",NA,NA,"independent","epa",0.0555555555555555,1000,50,1e-06,1,"PGD",0.9,TRUE,10,1,TRUE,0.0367359822957333,2,2,14.5812341813425,14.5812341813425,20,3541.85880117754,3541.85880117754,3552.44003535888,3552.44003535888,3558.43149990599,3558.43149990599
1797,-1808.86895249616,2109.2870989901,2.08221826158943,"gaussian","adaptive_sparse_group_lasso",1,0.129247706151374,0.5,TRUE,"identity",NA,NA,"independent","epa",0.0555555555555555,1000,50,1e-06,1,"PGD",0.9,TRUE,10,1,TRUE,0.0431321129700284,4,4,27.9416884400427,27.9416884400427,20,3625.73790499232,3625.73790499232,3645.67959343236,3645.67959343236,3657.66252252657,3657.66252252657
1798,-1766.46278753289,1939.87997701011,1.91498516980268,"gaussian","adaptive_sparse_group_lasso",1,0.131616299863649,0.5,TRUE,"identity",NA,NA,"independent","epa",0.0555555555555555,1000,50,1e-06,1,"PGD",0.9,TRUE,10,1,TRUE,0.0459707142842882,4,4,27.9416884400427,27.9416884400427,20,3540.92557506579,3540.92557506579,3560.86726350583,3560.86726350583,3572.85019260005,3572.85019260005
1799,-1811.24550012975,2119.20733591624,2.09201119044051,"gaussian","adaptive_sparse_group_lasso",1,0.142729251780849,0.5,TRUE,"identity",NA,NA,"independent","epa",0.0555555555555555,1000,50,1e-06,1,"PGD",0.9,TRUE,10,1,TRUE,0.0462520917686454,4,4,26.7209085174004,26.7209085174004,20,3630.4910002595,3630.4910002595,3649.2119087769,3649.2119087769,3661.19483787111,3661.19483787111
1800,-1797.73909418879,2063.443045083,2.03696253216486,"gaussian","adaptive_sparse_group_lasso",1,0.215897004265439,0.5,TRUE,"identity",NA,NA,"independent","epa",0.0555555555555555,1000,50,1e-06,1,"PGD",0.9,TRUE,10,1,TRUE,0.0649254629425731,2,2,13.3604542587002,13.3604542587002,20,3599.47818837757,3599.47818837757,3608.83864263627,3608.83864263627,3614.83010718338,3614.83010718338
